Orthogroup	Odontarrhena_muralis	Cardamine_hirsuta
OG0000005	Om004G139040	CARHR034640, CARHR017910
OG0000005	Om001G028590, Om007G295980	CARHR217600
OG0000007	Om006G253570, Om001G035080, Om001G019950, Om007G300730	CARHR034550
OG0000008	Om007G308850	CARHR111800, CARHR114980
OG0000008	Om001G020680	CARHR103540
OG0000008	Om001G012780, Om004G176570, Om001G012870, Om001G012790, Om002G085300, Om002G081720, Om001G023520, Om006G274880	CARHR115010
OG0000008	Om008G328770, Om004G146610, Om004G145690, Om006G232740, Om007G292230, Om004G145980, Om007G313990, Om006G260180, Om002G073680	CARHR215020, CARHR181140, CARHR034850
OG0000011	Om005G184900	CARHR060340, CARHR032700
OG0000015	Om008G350280	CARHR258200
OG0000015	Om005G217510	CARHR110600
OG0000017	Om003G101880, Om004G153720	CARHR213120
OG0000018	Om008G335480, Om007G284460, Om008G361630	CARHR146600
OG0000019	Om005G222770	CARHR218510
OG0000020	Om007G308530, Om007G308500	CARHR159320, CARHR180190
OG0000020	Om010G364780, Om008G361310	CARHR159330, CARHR114460, CARHR266440, CARHR182600, CARHR106310, CARHR116050
OG0000020	Om002G078780	CARHR101900, CARHR057520, CARHR158150
OG0000023	Om001G010400	CARHR057450
OG0000023	Om001G010360, Om001G009290	CARHR230510, CARHR230500
OG0000023	Om008G351580	CARHR255040
OG0000023	Om008G351620, Om008G351630	CARHR254870
OG0000023	Om008G351640, Om008G351650	CARHR254920, CARHR254910, CARHR254880
OG0000023	Om001G010200	CARHR230390, CARHR230400
OG0000023	Om001G010250	CARHR230300, CARHR230640
OG0000023	Om001G011570	CARHR055330
OG0000025	Om002G073490, Om002G073430	CARHR100780
OG0000027	Om007G316890	CARHR030460, CARHR030420, CARHR030890, CARHR031230
OG0000027	Om002G070390	CARHR213730
OG0000027	Om005G224020	CARHR112760
OG0000028	Om007G314890	CARHR153130
OG0000028	Om007G308810, Om003G104130	CARHR116610, CARHR153140
OG0000029	Om008G343780	CARHR154270
OG0000029	Om004G147450	CARHR287660
OG0000029	Om007G298330	CARHR213600
OG0000030	Om005G219530, Om004G150510, Om004G153710, Om020G374410, Om004G155320	CARHR181500
OG0000030	Om001G005680	CARHR103350
OG0000030	Om004G148440, Om006G271430, Om006G263330	CARHR285900
OG0000030	Om005G226380	CARHR258550, CARHR116060, CARHR260310, CARHR154720
OG0000031	Om005G191840, Om005G192090, Om005G192080, Om005G192190, Om005G191850	CARHR013000
OG0000031	Om006G252510	CARHR196550
OG0000031	Om007G317990	CARHR213210
OG0000031	Om002G063040	CARHR091960
OG0000031	Om001G018890	CARHR234420
OG0000032	Om007G313850, Om008G348910, Om008G348890	CARHR257880
OG0000033	Om001G010240	CARHR230270, CARHR230290
OG0000033	Om001G011550	CARHR230320, CARHR230240, CARHR055320
OG0000033	Om001G007120	CARHR289950
OG0000033	Om001G010220	CARHR230650, CARHR230570, CARHR230590, CARHR230540, CARHR230620
OG0000033	Om001G010110	CARHR230200, CARHR230230
OG0000035	Om006G273920, Om002G042810	CARHR207670, CARHR110070, CARHR126120
OG0000037	Om006G267090	CARHR220930
OG0000038	Om005G196570, Om004G131590	CARHR141500
OG0000038	Om003G091800	CARHR024990
OG0000038	Om006G262290	CARHR158480, CARHR158470, CARHR158440, CARHR222700
OG0000040	Om002G084710, Om002G084780, Om002G084740, Om002G084670	CARHR025790, CARHR162370, CARHR260760, CARHR260790
OG0000040	Om007G309130	CARHR095910, CARHR149840
OG0000040	Om008G328570	CARHR158510, CARHR158520
OG0000040	Om008G332860	CARHR134370
OG0000041	Om003G112520, Om001G018430, Om007G297590	CARHR104160
OG0000043	Om007G304750	CARHR288230
OG0000044	Om006G259440, Om005G221670, Om006G265780	CARHR117470
OG0000044	Om007G314900	CARHR286710, CARHR217190, CARHR273180
OG0000044	Om007G312940, Om006G264420, Om002G069520, Om005G221680, Om005G221660	CARHR057390, CARHR183570, CARHR116100, CARHR107370
OG0000046	Om006G241220	CARHR257300, CARHR257310, CARHR263410
OG0000046	Om001G001860	CARHR225000, CARHR225010
OG0000046	Om005G206750	CARHR059270, CARHR059250
OG0000048	Om002G045400	CARHR077950
OG0000048	Om002G045440	CARHR077910
OG0000052	Om005G179650, Om008G361390, Om005G180640	CARHR002800
OG0000052	Om008G354070, Om008G326640	CARHR137510
OG0000052	Om008G326600	CARHR260850
OG0000052	Om008G326650	CARHR127280
OG0000052	Om008G326590	CARHR137550
OG0000053	Om002G081910, Om001G013510, Om007G303670, Om001G005250, Om003G102410, Om005G223530, Om003G110840, Om001G030740, Om005G223990, Om005G212830	CARHR044830
OG0000054	Om002G043200, Om007G279110, Om006G263890, Om006G251510, Om008G354720, Om007G277220, Om003G128320, Om005G214240, Om002G057290	CARHR056490
OG0000055	Om001G019570, Om001G031910	CARHR050060
OG0000055	Om008G361740, Om008G332920, Om003G120530, Om005G198120	CARHR049980, CARHR050290, CARHR050280, CARHR050160
OG0000056	Om008G361080, Om003G090740, Om007G293830, Om008G321670	CARHR153090
OG0000056	Om005G209160, Om002G073230, Om001G006930, Om005G212260	CARHR219260, CARHR049910
OG0000057	Om004G172320, Om008G335030, Om004G172300	CARHR111010
OG0000058	Om006G269070, Om006G268950, Om004G151670	CARHR154060
OG0000058	Om008G335110, Om007G318000, Om007G289630, Om007G296230	CARHR153550
OG0000061	Om003G100910	CARHR117010
OG0000061	Om006G238480	CARHR217030
OG0000061	Om003G106600, Om008G345470, Om008G347220	CARHR264280
OG0000061	Om001G020570, Om005G225030, Om004G146510, Om001G027660	CARHR258030
OG0000062	Om002G089260, Om019G374190, Om019G374330, Om019G374380, Om002G089220, Om005G205060, Om005G204090, Om003G124440, Om002G089320, Om003G109490	CARHR100910
OG0000063	Om005G185480	CARHR154290
OG0000063	Om005G185680, Om006G245820	CARHR121870
OG0000064	Om001G041080	CARHR247830
OG0000064	Om001G033560	CARHR020490
OG0000065	Om005G217710	CARHR184170
OG0000065	Om006G268440	CARHR117850
OG0000066	Om004G164550	CARHR069000, CARHR096450, CARHR058350, CARHR068990
OG0000066	Om008G337830, Om006G231860	CARHR202910
OG0000066	Om004G165570	CARHR279310
OG0000068	Om006G264170, Om007G304230, Om004G149200, Om004G147110	CARHR153260, CARHR182390
OG0000071	Om001G039370	CARHR055550, CARHR082570
OG0000071	Om007G316830, Om001G007220	CARHR183910
OG0000073	Om002G052330	CARHR116330
OG0000074	Om004G144060	CARHR024090
OG0000074	Om004G144350	CARHR024100
OG0000074	Om004G144100	CARHR024030, CARHR024020, CARHR024000
OG0000074	Om004G143840	CARHR023940
OG0000075	Om005G191180	CARHR099040
OG0000076	Om006G255670	CARHR292090
OG0000076	Om006G242520	CARHR065210, CARHR065340, CARHR121130, CARHR148040, CARHR278910, CARHR150860
OG0000076	Om003G090370	CARHR148060, CARHR148030, CARHR148020
OG0000077	Om001G035000	CARHR247160
OG0000077	Om001G034120, Om001G040110	CARHR286150, CARHR286180
OG0000077	Om005G191300	CARHR286090
OG0000077	Om005G195310	CARHR247180
OG0000078	Om004G148580	CARHR151660
OG0000079	Om003G123020	CARHR111250
OG0000079	Om003G122810	CARHR169400
OG0000079	Om003G122730	CARHR169290
OG0000079	Om003G122880, Om003G122870	CARHR186450, CARHR286030, CARHR217340
OG0000080	Om004G135430	CARHR215660
OG0000080	Om001G013570	CARHR270010
OG0000080	Om003G125630, Om008G347380, Om008G343390, Om008G346000	CARHR123150, CARHR123070, CARHR123140
OG0000081	Om001G032270	CARHR037410
OG0000081	Om006G269790, Om006G269770, Om006G266480, Om003G092590, Om003G096470	CARHR037720, CARHR037850, CARHR037710
OG0000081	Om003G096460	CARHR040900, CARHR040920
OG0000084	Om001G014490, Om008G359620, Om008G359610, Om001G014520, Om008G359580	CARHR117030, CARHR118620
OG0000086	Om004G163220	CARHR054410, CARHR289710, CARHR289730, CARHR289690, CARHR054420, CARHR250760, CARHR201430, CARHR201440, CARHR250740, CARHR250750
OG0000087	Om006G238380	CARHR189700
OG0000087	Om007G282390	CARHR122890
OG0000087	Om004G162490	CARHR200860
OG0000087	Om008G339690	CARHR128920
OG0000087	Om008G355890	CARHR178800
OG0000087	Om001G006430	CARHR227450
OG0000087	Om004G137360	CARHR069200
OG0000088	Om003G119630	CARHR155740, CARHR155710, CARHR155700, CARHR156270
OG0000088	Om006G242180	CARHR192340, CARHR192330
OG0000089	Om004G166350	CARHR203590
OG0000089	Om002G065930	CARHR094190
OG0000089	Om002G055730	CARHR086670
OG0000089	Om006G254270	CARHR131960
OG0000089	Om006G246310, Om006G246300	CARHR285740
OG0000090	Om005G202290, Om005G179690	CARHR020650
OG0000090	Om004G136810	CARHR069500
OG0000090	Om002G055690, Om003G124430	CARHR288810
OG0000090	Om006G274160	CARHR145500, CARHR145480
OG0000091	Om006G264850, Om002G080860	CARHR149850, CARHR055460, CARHR118410, CARHR263280, CARHR179050
OG0000093	Om003G122050	CARHR168740
OG0000093	Om001G033140	CARHR168730
OG0000093	Om003G122020	CARHR168710
OG0000093	Om003G122010	CARHR168690
OG0000093	Om003G121950	CARHR168640
OG0000093	Om003G121760	CARHR168600
OG0000096	Om007G301150, Om003G093070, Om006G274060	CARHR145650, CARHR145640
OG0000096	Om005G199550	CARHR145630
OG0000096	Om004G143550, Om008G360980	CARHR225020, CARHR254980, CARHR254940, CARHR177080, CARHR176920, CARHR112190, CARHR177280, CARHR176910
OG0000097	Om008G355570	CARHR252090, CARHR252110
OG0000097	Om008G355700	CARHR252050
OG0000097	Om008G355610, Om008G355650, Om008G354170, Om008G354150	CARHR252100
OG0000098	Om001G001780	CARHR049580, CARHR049700, CARHR049380, CARHR049340, CARHR049330, CARHR049720, CARHR049640, CARHR049620, CARHR049710, CARHR049690, CARHR049260, CARHR048830, CARHR048210, CARHR049300
OG0000098	Om005G191670, Om008G342380	CARHR220990, CARHR220970
OG0000098	Om005G191560	CARHR255820
OG0000098	Om005G191920, Om005G192380	CARHR013070
OG0000099	Om005G227480	CARHR051500
OG0000100	Om007G304610	CARHR054110, CARHR100990
OG0000101	Om005G227120	CARHR149280, CARHR047170, CARHR047230
OG0000101	Om005G226700, Om005G227060	CARHR047460
OG0000101	Om005G227690	CARHR149290
OG0000104	Om005G185360	CARHR007350
OG0000104	Om007G283030	CARHR122230
OG0000104	Om007G283020	CARHR122240
OG0000104	Om003G095420	CARHR039100
OG0000104	Om002G069400	CARHR097260
OG0000104	Om003G095400	CARHR258870
OG0000104	Om003G095360	CARHR041960
OG0000104	Om003G095350	CARHR041980
OG0000106	Om005G222030	CARHR248580
OG0000107	Om002G067730	CARHR119260, CARHR119250
OG0000107	Om002G067740	CARHR095660
OG0000107	Om002G067770	CARHR095690, CARHR095670, CARHR096820, CARHR096830, CARHR097220, CARHR095680
OG0000108	Om003G100270, Om003G100260	CARHR174970
OG0000108	Om006G273840, Om006G273820	CARHR046250
OG0000110	Om003G123410	CARHR169600
OG0000110	Om003G123400	CARHR169580
OG0000111	Om006G259270	CARHR221770
OG0000112	Om008G359070, Om008G359090, Om008G359060	CARHR274650, CARHR274680
OG0000113	Om005G227040	CARHR047200, CARHR047160
OG0000113	Om005G227030	CARHR262020
OG0000113	Om008G360430	CARHR175790, CARHR175830, CARHR174830
OG0000113	Om008G360410, Om008G360750	CARHR178690, CARHR116320
OG0000113	Om001G037540	CARHR047550, CARHR175180, CARHR175270
OG0000113	Om002G045450	CARHR106060
OG0000113	Om001G034170	CARHR228760
OG0000113	Om002G081270	CARHR181190
OG0000114	Om002G045910, Om002G045900	CARHR078370, CARHR078360
OG0000114	Om004G135370	CARHR071840, CARHR251920, CARHR071800
OG0000119	Om008G350770, Om005G228020, Om003G109440, Om006G251230, Om001G019890, Om002G078050, Om003G114030, Om001G022840, Om005G223060, Om007G309980, Om007G284090	CARHR115250
OG0000119	Om004G167610, Om008G327080, Om056G377050, Om007G284890, Om002G047880, Om002G045610, Om008G336570, Om004G165930, Om006G268600, Om006G246170, Om005G185730	CARHR292260, CARHR102990
OG0000120	Om005G221860	CARHR285170
OG0000120	Om004G161410, Om004G161280, Om002G075940, Om007G301890, Om001G024520	CARHR293630, CARHR283580, CARHR059500, CARHR058390, CARHR116680, CARHR186430
OG0000120	Om007G296760, Om007G296900, Om004G172660	CARHR208650
OG0000122	Om004G163000	CARHR033430, CARHR033520
OG0000122	Om003G118900, Om003G118890	CARHR129080, CARHR269910, CARHR269890, CARHR031770, CARHR036540
OG0000122	Om006G231000	CARHR269760
OG0000123	Om005G193630	CARHR014050
OG0000124	Om006G259690, Om005G203070, Om006G231520, Om003G107740, Om004G176730	CARHR182430
OG0000124	Om005G206120	CARHR287060, CARHR146840, CARHR038370, CARHR217450
OG0000124	Om003G103030	CARHR036720
OG0000124	Om004G142190	CARHR117340, CARHR057000, CARHR158410, CARHR153220
OG0000125	Om002G052080	CARHR210790
OG0000125	Om006G244360	CARHR190650
OG0000125	Om005G185630	CARHR007600
OG0000125	Om006G245540	CARHR273520
OG0000125	Om007G283300	CARHR121850
OG0000127	Om004G176360	CARHR211450
OG0000128	Om004G154610	CARHR155450
OG0000131	Om003G106820	CARHR283860
OG0000131	Om007G307190	CARHR287300
OG0000136	Om002G045120	CARHR058600
OG0000136	Om003G099850	CARHR276580
OG0000137	Om010G364760, Om004G159790, Om004G151600, Om004G146850	CARHR259840
OG0000138	Om002G065910	CARHR274850
OG0000138	Om001G026370	CARHR153070, CARHR153150, CARHR254660, CARHR113960, CARHR113980
OG0000140	Om006G246590	CARHR285530
OG0000140	Om006G247230, Om006G247200	CARHR272760, CARHR272770, CARHR053670
OG0000140	Om006G246640	CARHR285460, CARHR285480
OG0000142	Om007G282790, Om006G267630	CARHR122550
OG0000142	Om007G282780	CARHR122540
OG0000142	Om007G282660	CARHR122600, CARHR122570, CARHR122580, CARHR119640
OG0000146	Om003G117410	CARHR268710
OG0000146	Om003G117350	CARHR268680
OG0000146	Om003G117400, Om003G117360	CARHR268700
OG0000147	Om001G025660	CARHR238090
OG0000147	Om007G285990, Om006G249440	CARHR271150
OG0000147	Om004G130850	CARHR073860
OG0000147	Om006G268290	CARHR153650
OG0000147	Om002G078960	CARHR104060
OG0000149	Om006G245860	CARHR273170, CARHR273200, CARHR273210, CARHR273220
OG0000149	Om006G245840	CARHR273240, CARHR273230, CARHR273250
OG0000149	Om007G317470	CARHR219850
OG0000149	Om006G256850	CARHR273160, CARHR122210
OG0000150	Om008G323560	CARHR118700, CARHR273840
OG0000150	Om007G296930	CARHR263010, CARHR256190
OG0000150	Om001G010460	CARHR150140
OG0000150	Om005G201710	CARHR059580, CARHR150110
OG0000151	Om003G114720	CARHR266340
OG0000151	Om001G021860	CARHR235660
OG0000151	Om002G051120	CARHR082990
OG0000151	Om002G082850	CARHR107000
OG0000151	Om003G118410	CARHR269520
OG0000151	Om005G227900	CARHR046700
OG0000154	Om005G196960	CARHR016540
OG0000154	Om002G056330	CARHR087080
OG0000154	Om004G147280	CARHR000060, CARHR229590, CARHR069350
OG0000154	Om004G175620	CARHR210880
OG0000154	Om004G175630	CARHR210890
OG0000155	Om001G020030	CARHR234950
OG0000155	Om001G007100	CARHR227980
OG0000155	Om002G055620	CARHR086560
OG0000156	Om006G244600	CARHR171330
OG0000156	Om008G322060	CARHR140730
OG0000156	Om008G321950, Om008G321940	CARHR140780, CARHR140790, CARHR140740
OG0000156	Om004G146270, Om008G321930, Om001G022080, Om008G321920, Om008G322040, Om008G322020	CARHR140750
OG0000157	Om001G032790, Om001G032520, Om008G334520, Om008G334530, Om002G083660	CARHR102680
OG0000157	Om008G326040, Om008G355750	CARHR133050, CARHR115930, CARHR115970, CARHR115940, CARHR133070, CARHR133060, CARHR101240
OG0000158	Om001G012390, Om001G033100, Om001G033130	CARHR245230
OG0000161	Om006G236100, Om006G236170	CARHR275720, CARHR275710, CARHR275730, CARHR120610, CARHR120240, CARHR120250
OG0000161	Om007G278440	CARHR056690
OG0000161	Om004G167210, Om006G249300	CARHR038540, CARHR038530, CARHR056610, CARHR056630, CARHR038520, CARHR038560
OG0000162	Om003G125430	CARHR170850
OG0000162	Om003G125390	CARHR069160, CARHR059610
OG0000162	Om003G125140	CARHR170820
OG0000162	Om003G125170	CARHR170840
OG0000162	Om008G322780, Om008G322790	CARHR140170
OG0000164	Om001G039840	CARHR041160, CARHR041170
OG0000164	Om001G039830	CARHR246950
OG0000167	Om001G004410	CARHR226380
OG0000169	Om003G127060	CARHR067340
OG0000171	Om003G127920	CARHR142560
OG0000171	Om005G207720	CARHR023910
OG0000171	Om005G220880	CARHR010800, CARHR052550
OG0000171	Om007G301020	CARHR198650
OG0000172	Om003G122950	CARHR169320
OG0000172	Om003G123000	CARHR169390
OG0000172	Om003G122820	CARHR169360
OG0000174	Om003G109150	CARHR286250
OG0000175	Om002G084540, Om006G257450	CARHR160880
OG0000175	Om004G137100	CARHR069390
OG0000175	Om002G082840	CARHR243300
OG0000176	Om007G291450	CARHR253630, CARHR047620
OG0000176	Om008G352670, Om008G352700, Om008G352660, Om008G352690, Om007G291500	CARHR144020, CARHR029840
OG0000178	Om005G226210	CARHR181910
OG0000178	Om004G134680, Om004G134670, Om003G110440, Om002G077640, Om005G199540, Om007G276140, Om004G164470, Om002G068680	CARHR124520, CARHR098760
OG0000181	Om005G212500	CARHR110940
OG0000184	Om006G270790	CARHR157490, CARHR154180, CARHR181110
OG0000185	Om001G041450, Om008G356330, Om008G319330	CARHR146770, CARHR116590
OG0000186	Om007G285030	CARHR103200
OG0000187	Om001G030100, Om008G336940	CARHR239530
OG0000187	Om001G028140	CARHR239540
OG0000187	Om001G028260, Om001G028280	CARHR239600
OG0000187	Om002G054360, Om002G054350	CARHR085640
OG0000189	Om007G298410, Om006G250870, Om001G039670	CARHR246590
OG0000189	Om001G037310	CARHR132630
OG0000190	Om008G353940	CARHR253020
OG0000190	Om008G355670	CARHR250360
OG0000190	Om008G353960	CARHR259510
OG0000191	Om005G197150	CARHR091820
OG0000191	Om005G197140	CARHR293570, CARHR148120, CARHR091830
OG0000191	Om002G064270	CARHR107420, CARHR107440, CARHR293580, CARHR148110
OG0000192	Om005G203480	CARHR059110
OG0000192	Om005G203440	CARHR181970
OG0000192	Om005G203410	CARHR181980, CARHR256500
OG0000193	Om002G071740, Om002G071690	CARHR099220
OG0000193	Om005G206290	CARHR097030, CARHR150060, CARHR108190, CARHR108200
OG0000195	Om003G119760	CARHR136200
OG0000195	Om007G285150	CARHR058380, CARHR215030, CARHR114540, CARHR191680
OG0000196	Om005G182070	CARHR203250
OG0000196	Om005G182080	CARHR028740
OG0000196	Om007G289440	CARHR028490
OG0000196	Om005G183260, Om008G337540	CARHR110490
OG0000200	Om005G182720	CARHR291830, CARHR263700
OG0000202	Om020G374490, Om011G365230	CARHR099690, CARHR024770
OG0000203	Om003G095370, Om002G055150	CARHR078880, CARHR078860, CARHR078870
OG0000203	Om002G046450, Om002G046460	CARHR201470
OG0000204	Om002G070990	CARHR098530
OG0000207	Om004G136280	CARHR180390
OG0000207	Om005G197960, Om005G197970	CARHR017450
OG0000208	Om001G040250	CARHR264830
OG0000210	Om001G032060, Om001G032100	CARHR145910, CARHR145930, CARHR145900
OG0000210	Om007G278540	CARHR127190
OG0000213	Om004G141230, Om005G208800	CARHR066320, CARHR066310, CARHR066300, CARHR066340, CARHR066330, CARHR066290, CARHR066360
OG0000213	Om002G053370	CARHR084950
OG0000213	Om001G036460, Om001G036440, Om001G036450	CARHR292800, CARHR292790, CARHR292750, CARHR257100, CARHR292760, CARHR285920
OG0000214	Om004G136700, Om004G136680, Om004G145470	CARHR250390, CARHR248840, CARHR250400, CARHR250050
OG0000216	Om001G007580	CARHR229000, CARHR229580
OG0000216	Om001G008700	CARHR283650, CARHR229570
OG0000216	Om003G116290, Om001G008720, Om006G250260	CARHR229010, CARHR229070, CARHR229050, CARHR229110
OG0000217	Om001G001730	CARHR283900
OG0000218	Om005G195550	CARHR015470, CARHR015480
OG0000218	Om001G010890, Om001G010900, Om001G010920	CARHR147290
OG0000218	Om006G241660	CARHR144080
OG0000219	Om005G213260	CARHR058980
OG0000219	Om007G282230	CARHR123080, CARHR123060
OG0000219	Om008G350180, Om006G237850, Om006G237870	CARHR266750
OG0000220	Om004G175360, Om004G175350, Om004G175400	CARHR211050
OG0000224	Om004G134640, Om004G134630	CARHR071060, CARHR071050, CARHR071040
OG0000224	Om005G225780	CARHR048360, CARHR048350, CARHR048370
OG0000225	Om007G289790	CARHR028850, CARHR028820, CARHR028900, CARHR028880, CARHR028810
OG0000225	Om007G289780, Om007G289840, Om007G289820, Om007G289860, Om007G289850	CARHR028760
OG0000226	Om003G089750	CARHR087530, CARHR087540, CARHR160050, CARHR160040, CARHR028040
OG0000228	Om005G207000	CARHR064120
OG0000228	Om005G207070	CARHR064130
OG0000229	Om001G026580	CARHR063260, CARHR063690, CARHR263650, CARHR063700, CARHR063280, CARHR163030
OG0000230	Om004G137280, Om004G137390, Om004G137300, Om004G137400	CARHR069290, CARHR069250
OG0000231	Om006G259610	CARHR056350, CARHR213950, CARHR041780, CARHR214130, CARHR214120, CARHR262590
OG0000234	Om006G252380	CARHR165130
OG0000234	Om006G252400	CARHR165120
OG0000234	Om006G252410	CARHR165110
OG0000234	Om008G332130	CARHR134140
OG0000234	Om004G161230	CARHR199860
OG0000235	Om002G062850, Om002G062830	CARHR091790
OG0000236	Om002G071210	CARHR097950
OG0000236	Om002G070320	CARHR097940
OG0000236	Om006G242740	CARHR062600
OG0000236	Om006G242750	CARHR062590, CARHR062610, CARHR102640
OG0000240	Om008G346090	CARHR004570
OG0000242	Om005G193910	CARHR014460
OG0000242	Om005G194120	CARHR014490
OG0000244	Om001G008070	CARHR228610
OG0000244	Om008G354340	CARHR252730
OG0000244	Om008G354350, Om003G110630	CARHR107520
OG0000247	Om002G054440, Om002G054450, Om002G054460	CARHR057950
OG0000248	Om008G353070	CARHR253870
OG0000248	Om011G365210, Om020G374470	CARHR054340
OG0000248	Om003G119420	CARHR166590
OG0000249	Om008G336610	CARHR131110
OG0000249	Om008G336590, Om008G336600	CARHR131180, CARHR131170
OG0000249	Om008G336640	CARHR131140, CARHR131130, CARHR131160, CARHR131150
OG0000250	Om001G040920, Om001G040910	CARHR215600
OG0000250	Om005G208360	CARHR263080
OG0000252	Om008G334420, Om008G334430, Om003G122070, Om004G175220	CARHR210300, CARHR210320, CARHR100570, CARHR100650, CARHR095200, CARHR095190, CARHR049800, CARHR100580
OG0000253	Om004G150660	CARHR115150
OG0000254	Om002G064970	CARHR093470, CARHR093450
OG0000254	Om004G175010	CARHR117790
OG0000256	Om008G329780	CARHR253260, CARHR253390
OG0000256	Om008G329670	CARHR135560
OG0000257	Om001G002940	CARHR041320
OG0000257	Om006G235420	CARHR216070, CARHR112870, CARHR219950, CARHR216060, CARHR057800, CARHR216110
OG0000258	Om008G334140	CARHR147300
OG0000258	Om008G327620, Om006G251330	CARHR147340
OG0000258	Om006G272550	CARHR147330
OG0000264	Om008G355250	CARHR252330, CARHR252290, CARHR251320
OG0000264	Om004G160560, Om004G160570, Om004G160550	CARHR251330
OG0000266	Om003G128150	CARHR119130
OG0000268	Om006G274870	CARHR144670
OG0000268	Om008G334210	CARHR049930
OG0000268	Om004G176390	CARHR211500
OG0000268	Om006G253920	CARHR164050
OG0000270	Om001G041100	CARHR243020, CARHR106740
OG0000270	Om001G033200	CARHR247840
OG0000273	Om007G280490	CARHR038710, CARHR038690, CARHR038330
OG0000273	Om003G099210	CARHR038630, CARHR038320
OG0000274	Om006G245790	CARHR273300
OG0000274	Om007G282440	CARHR122830
OG0000276	Om008G337850	CARHR218850
OG0000278	Om005G206870	CARHR259720
OG0000281	Om003G097620	CARHR040090
OG0000281	Om003G121390, Om003G121360, Om003G121670	CARHR229890, CARHR025250
OG0000281	Om003G121350, Om003G121370	CARHR147000
OG0000282	Om004G168720	CARHR205620
OG0000282	Om004G168690	CARHR205610
OG0000282	Om004G168680	CARHR205590, CARHR205580, CARHR205600
OG0000283	Om007G278090	CARHR180240
OG0000283	Om007G278120, Om007G278110, Om007G278160, Om007G278100, Om007G278130	CARHR180280
OG0000284	Om008G355920, Om008G362090, Om006G261130, Om008G355220, Om008G362100	CARHR119540, CARHR119080, CARHR102130, CARHR101660, CARHR102230, CARHR102520, CARHR264270, CARHR180810
OG0000286	Om001G007790	CARHR253160, CARHR266730, CARHR257990, CARHR224090, CARHR266780, CARHR036480
OG0000288	Om004G133570, Om004G133540, Om004G133530, Om004G133860, Om004G133800, Om004G133790, Om004G133550, Om004G133520, Om004G133810, Om004G133560, Om004G134190, Om002G050850, Om002G050600	CARHR112590
OG0000290	Om002G065710	CARHR157630, CARHR283740, CARHR094030, CARHR112470
OG0000290	Om005G197460, Om006G231890, Om006G251270, Om006G250320	CARHR279290, CARHR058360
OG0000294	Om002G064000	CARHR092710
OG0000294	Om008G336510	CARHR131330
OG0000294	Om008G319990	CARHR142440
OG0000294	Om004G159000	CARHR249810
OG0000294	Om005G179320	CARHR001810
OG0000297	Om005G212040, Om001G036360, Om001G036390	CARHR118860, CARHR244920, CARHR244890
OG0000297	Om006G242900, Om006G244950	CARHR274100
OG0000297	Om002G067110	CARHR095150
OG0000299	Om001G011700	CARHR071990
OG0000300	Om001G025280	CARHR103210
OG0000300	Om001G025290	CARHR103220
OG0000300	Om008G353600	CARHR103190, CARHR103130
OG0000301	Om006G257000, Om018G373790, Om003G123180, Om008G342680, Om001G016630, Om008G353760, Om001G019630, Om003G108890	CARHR263710, CARHR257150, CARHR113850, CARHR159730
OG0000304	Om008G357260	CARHR094510
OG0000308	Om007G306690, Om008G350290	CARHR018220
OG0000308	Om005G198900	CARHR018200
OG0000310	Om006G245320, Om003G096540	CARHR036840, CARHR183820, CARHR273750, CARHR273860, CARHR118680, CARHR285940
OG0000311	Om007G298120	CARHR196640
OG0000311	Om003G099520	CARHR038100
OG0000311	Om002G064550	CARHR093170
OG0000311	Om005G213850	CARHR292180
OG0000313	Om001G005460	CARHR227020, CARHR227030, CARHR227040, CARHR227060
OG0000313	Om003G099080	CARHR038820
OG0000314	Om005G181880	CARHR004130
OG0000314	Om005G181890	CARHR004140
OG0000316	Om008G335620	CARHR135700
OG0000319	Om006G273210	CARHR274060
OG0000319	Om005G185820, Om006G245010	CARHR204750, CARHR007730
OG0000321	Om003G119980	CARHR215670, CARHR215220
OG0000321	Om008G337250, Om004G152510, Om004G166140, Om008G337290, Om008G337300, Om008G337280, Om008G337270	CARHR215200, CARHR215650, CARHR215620, CARHR215640, CARHR215560, CARHR215610, CARHR215570
OG0000322	Om004G133260	CARHR071920
OG0000322	Om005G198270	CARHR017730
OG0000322	Om008G329570	CARHR036870
OG0000322	Om008G333060, Om008G330110, Om008G330430	CARHR260510, CARHR135390
OG0000323	Om003G115780	CARHR267340
OG0000323	Om001G021170	CARHR235370, CARHR235380
OG0000324	Om001G037650, Om006G272040, Om002G069780, Om002G069760, Om001G037660, Om002G069770, Om006G272050, Om007G292940, Om007G305950, Om006G251240, Om008G362470, Om008G360900, Om007G309040, Om002G085120, Om004G135510, Om004G156750, Om004G138360, Om005G207620, Om005G223670, Om006G262380, Om002G083090, Om008G349590, Om003G111220, Om004G152350, Om004G152340	CARHR116560
OG0000327	Om006G253100, Om006G251140, Om006G251150, Om006G253090	CARHR164480, CARHR164490
OG0000328	Om003G102580	CARHR220880
OG0000328	Om001G030480, Om005G213750, Om001G030460, Om001G030490	CARHR263560, CARHR263570
OG0000330	Om003G124190	CARHR169770, CARHR152730
OG0000330	Om003G124480, Om003G124500	CARHR170350
OG0000332	Om006G241400	CARHR193130, CARHR193110
OG0000334	Om006G254200	CARHR163740
OG0000334	Om008G335090	CARHR131810
OG0000335	Om002G054740	CARHR100860
OG0000336	Om004G142050	CARHR065900, CARHR065920, CARHR065910, CARHR065890
OG0000336	Om004G142080, Om004G142060	CARHR065880
OG0000338	Om011G365530, Om005G217920, Om005G187760, Om005G187950	CARHR183900
OG0000339	Om001G010480	CARHR230740
OG0000339	Om008G321390	CARHR141230
OG0000340	Om008G325090	CARHR138610
OG0000344	Om006G240680	CARHR187250, CARHR187260, CARHR222620, CARHR184910, CARHR185590, CARHR184960, CARHR184950, CARHR185620
OG0000345	Om005G192140	CARHR012960, CARHR035980
OG0000346	Om003G115250	CARHR266760, CARHR284830
OG0000347	Om006G248330, Om006G248350, Om002G055420	CARHR086360
OG0000349	Om001G035120	CARHR244070
OG0000349	Om008G361710	CARHR291770
OG0000349	Om001G035100	CARHR112570, CARHR037360, CARHR122800, CARHR122780
OG0000350	Om007G290140	CARHR029080
OG0000350	Om007G290180	CARHR029110
OG0000351	Om002G059530	CARHR033160
OG0000351	Om002G059500	CARHR203560
OG0000351	Om002G059520	CARHR033150
OG0000352	Om005G197930, Om008G334130	CARHR017440
OG0000352	Om008G360290, Om008G360530, Om008G360690, Om008G360810, Om008G360300, Om008G360820, Om008G360270, Om008G360790, Om008G360500, Om008G360670	CARHR073990
OG0000352	Om008G336420, Om004G132540	CARHR251910
OG0000355	Om004G131070	CARHR073530, CARHR073430
OG0000356	Om008G361350, Om008G361230, Om007G313440, Om008G361260, Om008G351920, Om008G351970, Om008G354030	CARHR186490, CARHR186690
OG0000358	Om005G181310, Om007G277860	CARHR003600
OG0000358	Om007G277850	CARHR203890
OG0000359	Om007G290360, Om007G290370	CARHR029510, CARHR128500
OG0000360	Om008G362290	CARHR289280
OG0000360	Om006G230130	CARHR289020
OG0000360	Om006G230170	CARHR289650, CARHR289030
OG0000361	Om002G054940	CARHR086030
OG0000362	Om005G182040	CARHR004290
OG0000362	Om004G145620, Om004G145610	CARHR057010, CARHR016600
OG0000362	Om004G136210	CARHR062750
OG0000363	Om004G151750	CARHR288410
OG0000368	Om001G038080, Om001G038070	CARHR245730
OG0000368	Om001G038000	CARHR245720
OG0000368	Om001G038090	CARHR058590, CARHR058530, CARHR058550
OG0000368	Om001G038110	CARHR245750
OG0000370	Om005G198190	CARHR017550
OG0000370	Om005G198070	CARHR017540
OG0000371	Om008G319770	CARHR025430, CARHR142610
OG0000371	Om008G319760	CARHR142620
OG0000372	Om004G135750	CARHR058020, CARHR234800, CARHR234790, CARHR289410, CARHR289420
OG0000373	Om012G367460, Om012G368390, Om012G366180, Om012G366420, Om012G366280, Om007G310230, Om012G366210, Om012G366240, Om007G310270, Om012G366500, Om007G310370, Om012G366450, Om012G366520, Om007G310340, Om012G366580, Om012G366620, Om012G366700, Om007G310250, Om012G366560, Om007G310210, Om012G366540, Om012G366150, Om007G310310, Om007G310430, Om012G366470, Om012G366670, Om015G372170, Om012G367700, Om015G372020, Om012G367420, Om012G367040, Om015G372320, Om012G367620, Om012G367320, Om012G368100, Om012G367070, Om012G368020, Om015G371830, Om012G366980, Om012G367260, Om015G373070, Om012G367530, Om012G367550, Om015G372100, Om012G367910, Om014G371050, Om012G367210, Om012G366940, Om012G367570, Om015G371760, Om015G371870, Om012G367960, Om012G368430, Om015G372260, Om012G366880, Om012G368310, Om015G372290, Om015G371780, Om012G367780, Om012G368410, Om012G368150, Om012G367820, Om015G372120, Om012G367300, Om015G371970, Om012G366910, Om015G372070, Om012G367180, Om015G371930, Om012G367150, Om012G367660, Om015G372210, Om015G372150, Om012G367390, Om012G368350, Om012G368230, Om012G366780, Om014G371030, Om015G372270, Om015G373050, Om012G367600, Om015G371800, Om012G368330, Om012G368270, Om012G367120, Om012G367490, Om012G367990, Om014G370990, Om015G371890, Om012G368370, Om015G373100, Om012G367350, Om012G368250, Om012G368180, Om015G372190, Om012G368210, Om012G367750, Om012G367870, Om012G368050, Om012G368290	CARHR143570
OG0000373	Om015G372240, Om015G372250, Om015G372050	CARHR111740
OG0000374	Om003G094990	CARHR041640
OG0000374	Om003G096590, Om003G096580	CARHR041650, CARHR259760
OG0000377	Om005G221490, Om005G221480, Om005G221450, Om005G221440	CARHR051700
OG0000377	Om005G221520	CARHR051720
OG0000380	Om005G225190	CARHR055290
OG0000382	Om005G187240	CARHR009120
OG0000383	Om007G289040, Om007G289010	CARHR028090
OG0000383	Om007G289000	CARHR028100
OG0000384	Om002G061100	CARHR090630
OG0000384	Om003G093990	CARHR043000
OG0000384	Om003G093980, Om003G093940, Om003G093930	CARHR043010
OG0000386	Om006G254890, Om006G254870, Om006G254900	CARHR163180
OG0000386	Om006G254880	CARHR163190, CARHR260720, CARHR163200
OG0000387	Om008G325420	CARHR224500
OG0000388	Om007G313410	CARHR101890
OG0000389	Om003G122000	CARHR168810
OG0000389	Om003G121980, Om003G122110, Om003G122100	CARHR168790
OG0000390	Om006G238000, Om001G007860	CARHR153480, CARHR190050, CARHR179180
OG0000390	Om002G066980	CARHR095050
OG0000390	Om002G064160, Om004G151070	CARHR092870, CARHR151230
OG0000391	Om005G204840	CARHR022750
OG0000391	Om005G199920	CARHR022710
OG0000391	Om005G204830	CARHR022740
OG0000391	Om005G204810, Om005G204820	CARHR022730, CARHR022720
OG0000392	Om006G259010	CARHR159640
OG0000392	Om006G258990	CARHR159760
OG0000392	Om004G166970	CARHR214610
OG0000393	Om002G064150, Om002G064120	CARHR101190, CARHR092590
OG0000396	Om006G270400	CARHR292620
OG0000398	Om002G057970	CARHR088340
OG0000398	Om003G090820, Om003G090840	CARHR044860, CARHR044870
OG0000403	Om005G220580	CARHR052690, CARHR052680
OG0000404	Om006G255780, Om008G337600, Om004G170670, Om002G054990	CARHR130390, CARHR206830, CARHR086060
OG0000406	Om007G297520	CARHR196180
OG0000407	Om007G300530	CARHR198380
OG0000410	Om005G222940	CARHR050970, CARHR050980
OG0000411	Om005G224040	CARHR050150
OG0000411	Om008G354000	CARHR252910
OG0000411	Om001G008360	CARHR228790
OG0000412	Om003G116310	CARHR267950
OG0000413	Om002G057770	CARHR088190
OG0000413	Om003G119170	CARHR270190
OG0000413	Om003G090580	CARHR044990
OG0000414	Om001G006250	CARHR227340
OG0000415	Om004G162740	CARHR196770, CARHR201040
OG0000415	Om008G326430	CARHR137680
OG0000416	Om005G227300, Om004G176330, Om007G280020, Om007G280180	CARHR125400, CARHR125380
OG0000416	Om005G182990	CARHR005050
OG0000417	Om002G073380	CARHR288610, CARHR033580, CARHR100270, CARHR033610, CARHR100280, CARHR288600, CARHR033590, CARHR288590, CARHR100310, CARHR288580
OG0000420	Om003G125710	CARHR111270, CARHR135320, CARHR135310
OG0000421	Om001G026550, Om001G026540, Om007G294470, Om001G013810	CARHR103170, CARHR263230, CARHR263240, CARHR263250, CARHR263220
OG0000422	Om005G187620, Om005G187610	CARHR009470
OG0000422	Om005G187660	CARHR009480
OG0000422	Om005G187600, Om005G187590	CARHR009460, CARHR009450, CARHR222090
OG0000423	Om004G142290	CARHR065650
OG0000423	Om003G091160	CARHR044630
OG0000423	Om002G058490	CARHR088730
OG0000424	Om002G075860	CARHR251880
OG0000424	Om007G293140	CARHR251850
OG0000424	Om007G293170, Om006G230630, Om007G292750, Om006G230620	CARHR251840
OG0000425	Om003G093760	CARHR043170, CARHR103140
OG0000427	Om007G317740	CARHR072160
OG0000427	Om002G047720	CARHR079970
OG0000427	Om001G021740, Om004G132930	CARHR072170
OG0000429	Om006G240130	CARHR188110
OG0000429	Om004G164170	CARHR202110
OG0000429	Om001G029270	CARHR240310
OG0000430	Om002G082610, Om002G066320	CARHR106810
OG0000430	Om001G041290	CARHR243160, CARHR111960, CARHR294440
OG0000431	Om005G219170	CARHR284150
OG0000431	Om005G188470	CARHR010120
OG0000431	Om005G188450	CARHR010110
OG0000432	Om003G113900	CARHR265630
OG0000435	Om004G163840	CARHR104640
OG0000436	Om006G250310	CARHR270460
OG0000436	Om001G024370	CARHR237210
OG0000436	Om002G087440	CARHR110190
OG0000437	Om001G012410	CARHR033050
OG0000439	Om005G183450	CARHR005540, CARHR005550
OG0000439	Om003G123740	CARHR169860
OG0000439	Om007G280530	CARHR125020
OG0000440	Om004G173680, Om007G297020	CARHR195730
OG0000440	Om006G261750, Om006G261700	CARHR077430
OG0000441	Om002G062560, Om002G062550	CARHR091670
OG0000441	Om002G062430	CARHR091630
OG0000441	Om002G062440	CARHR091640
OG0000441	Om002G062460	CARHR091660, CARHR091650
OG0000442	Om001G041180	CARHR147790, CARHR156510
OG0000442	Om008G323220	CARHR186290, CARHR049440
OG0000443	Om003G118670, Om004G142810, Om004G142760	CARHR065170, CARHR065180
OG0000446	Om006G235370	CARHR276320
OG0000446	Om006G274450	CARHR145200
OG0000446	Om005G194520	CARHR014840
OG0000447	Om002G060230	CARHR090020
OG0000447	Om007G288920	CARHR028030
OG0000448	Om008G361730	CARHR174490
OG0000448	Om008G361700	CARHR174500
OG0000448	Om008G361720	CARHR174510, CARHR174480
OG0000449	Om006G267260	CARHR154370
OG0000449	Om006G245560	CARHR273500
OG0000449	Om006G267270	CARHR154360
OG0000449	Om006G245570	CARHR273490
OG0000454	Om003G113950, Om003G113940, Om003G113960	CARHR265690
OG0000456	Om001G027150	CARHR031380, CARHR160320, CARHR160300
OG0000456	Om003G123130, Om004G170050, Om008G350270, Om004G170060, Om008G330680	CARHR180690, CARHR206570
OG0000459	Om001G013470, Om001G006630	CARHR227560, CARHR254740
OG0000460	Om001G008580	CARHR228900
OG0000460	Om005G220920	CARHR101390
OG0000461	Om005G177550	CARHR000130
OG0000461	Om005G177540	CARHR000120
OG0000461	Om008G335120, Om008G335130	CARHR131830
OG0000463	Om001G005850	CARHR155150, CARHR155070, CARHR155100
OG0000465	Om004G158510	CARHR104910
OG0000466	Om004G174390	CARHR140210, CARHR283630, CARHR140220
OG0000466	Om005G209820	CARHR140230
OG0000468	Om006G252980	CARHR164620
OG0000468	Om007G278880	CARHR126780
OG0000468	Om008G332830	CARHR133660
OG0000471	Om007G289290	CARHR286910, CARHR028390, CARHR028370
OG0000472	Om007G316650, Om007G316670	CARHR261860, CARHR261870
OG0000472	Om007G316690, Om003G102350, Om007G316680, Om007G316660	CARHR261880, CARHR261890
OG0000473	Om008G319530	CARHR142770
OG0000473	Om007G316920	CARHR261710
OG0000474	Om006G261160, Om006G238310	CARHR157730, CARHR118230, CARHR238640
OG0000475	Om005G227990	CARHR048290, CARHR048270
OG0000476	Om004G165260, Om004G165270	CARHR274050
OG0000476	Om006G240140	CARHR187930
OG0000478	Om002G083030, Om002G082030, Om002G082020, Om002G083000, Om002G083010	CARHR182090
OG0000481	Om005G223420, Om002G062340	CARHR050610
OG0000483	Om003G117450	CARHR268750
OG0000484	Om007G296400	CARHR177640, CARHR177140, CARHR177000
OG0000486	Om003G126660, Om003G126620	CARHR166240, CARHR166160
OG0000487	Om007G278330	CARHR127370
OG0000488	Om006G246280, Om008G324620, Om006G256140, Om004G176270	CARHR162100
OG0000488	Om006G256050	CARHR162140
OG0000489	Om002G047940, Om002G047950, Om002G047930, Om002G047960	CARHR284350
OG0000490	Om005G178960	CARHR001520, CARHR000930, CARHR001530
OG0000491	Om004G137480, Om005G213920	CARHR190880
OG0000491	Om003G104850	CARHR190870, CARHR190860
OG0000495	Om006G264600	CARHR267230
OG0000498	Om003G114860	CARHR266530
OG0000498	Om008G361860, Om001G021660	CARHR235590, CARHR027440
OG0000499	Om001G002040, Om002G075590	CARHR225130
OG0000499	Om004G133290	CARHR071890
OG0000499	Om002G059420	CARHR089360
OG0000499	Om003G092390	CARHR089350
OG0000500	Om008G357480	CARHR177540
OG0000500	Om008G357470	CARHR177570, CARHR177670
OG0000501	Om007G291470	CARHR287270
OG0000501	Om002G068600	CARHR155320
OG0000504	Om001G012750, Om002G052110, Om008G332030	CARHR083900
OG0000505	Om006G239820, Om006G239880	CARHR188350, CARHR188310, CARHR188370, CARHR188360, CARHR188300
OG0000506	Om005G205820	CARHR179040, CARHR206880
OG0000507	Om005G228660	CARHR292080
OG0000508	Om008G325940, Om008G340090, Om008G325910, Om008G325930	CARHR134960, CARHR061710
OG0000508	Om008G332530	CARHR130490, CARHR130510, CARHR134100, CARHR134120, CARHR138480
OG0000509	Om003G103700	CARHR223020, CARHR215530
OG0000511	Om003G101890	CARHR221890
OG0000511	Om005G224850	CARHR049420
OG0000512	Om001G010440	CARHR230700
OG0000513	Om008G335560, Om006G254410	CARHR163540
OG0000513	Om006G267240	CARHR154420
OG0000513	Om006G245660	CARHR273420
OG0000515	Om003G089490	CARHR045880
OG0000520	Om008G321740	CARHR184330
OG0000520	Om001G027250, Om008G321750	CARHR171400
OG0000521	Om008G344260	CARHR260010
OG0000521	Om005G204880	CARHR071770
OG0000522	Om008G348080, Om008G348070	CARHR256030
OG0000523	Om008G320780, Om008G320790	CARHR141800
OG0000523	Om007G288290	CARHR027490
OG0000523	Om008G320770	CARHR141810
OG0000523	Om003G127080	CARHR172050
OG0000523	Om003G127050	CARHR172040
OG0000524	Om002G050640	CARHR082540
OG0000524	Om002G050630	CARHR082530, CARHR184200
OG0000525	Om004G133010	CARHR072060
OG0000525	Om005G198050	CARHR017500
OG0000525	Om002G059840	CARHR089730
OG0000525	Om003G092800	CARHR043730
OG0000526	Om006G263940	CARHR156460
OG0000526	Om006G263950	CARHR156420
OG0000529	Om006G243980	CARHR035960
OG0000529	Om008G331390, Om008G331400	CARHR151360
OG0000532	Om002G052610	CARHR112600
OG0000532	Om001G040120	CARHR050090
OG0000532	Om001G040190	CARHR185080
OG0000534	Om005G224370	CARHR049900
OG0000535	Om005G222110	CARHR144790, CARHR052230
OG0000535	Om006G274720	CARHR144750
OG0000537	Om007G302270	CARHR251740
OG0000537	Om003G104980	CARHR218190
OG0000538	Om008G324960	CARHR138750, CARHR138760
OG0000538	Om008G324980	CARHR138740
OG0000539	Om006G228950	CARHR053020
OG0000540	Om007G282450	CARHR122810
OG0000540	Om007G282470, Om007G282460	CARHR122770
OG0000540	Om007G282480, Om007G282490	CARHR122730, CARHR122750
OG0000541	Om007G282620	CARHR122660
OG0000542	Om007G298840	CARHR197170
OG0000542	Om003G099070	CARHR038800, CARHR038830
OG0000542	Om002G043870	CARHR076570
OG0000543	Om001G016240, Om001G004280, Om001G013170	CARHR117600, CARHR117550
OG0000544	Om005G182550, Om005G182520	CARHR004720
OG0000544	Om005G182540	CARHR004710
OG0000545	Om004G138860, Om004G138840, Om004G138850	CARHR068380
OG0000545	Om004G138820, Om004G138830	CARHR068370, CARHR288980, CARHR288990
OG0000546	Om002G083470	CARHR293370, CARHR107390, CARHR293360, CARHR293380
OG0000550	Om008G337580	CARHR162410
OG0000550	Om006G255770	CARHR130400, CARHR044240
OG0000551	Om006G232640	CARHR278730
OG0000551	Om001G040480	CARHR247360
OG0000551	Om004G166290	CARHR203480
OG0000552	Om008G319960	CARHR023850, CARHR124610
OG0000552	Om003G127880	CARHR172580
OG0000553	Om001G012580	CARHR292740
OG0000553	Om001G012520	CARHR033290, CARHR033280, CARHR033250
OG0000554	Om001G002110, Om005G222990	CARHR050810
OG0000555	Om008G352870, Om008G352880, Om001G004330	CARHR255750, CARHR254040, CARHR254030, CARHR256630
OG0000556	Om002G074570	CARHR101180
OG0000557	Om003G124890, Om003G124880	CARHR170590
OG0000557	Om008G322980	CARHR140000
OG0000558	Om005G225770	CARHR137020
OG0000559	Om004G174990	CARHR210420
OG0000559	Om004G174960	CARHR210400
OG0000559	Om004G175040	CARHR210540, CARHR015050, CARHR210690, CARHR210580, CARHR210560
OG0000560	Om006G246000	CARHR273000, CARHR273010
OG0000561	Om006G232200	CARHR278970
OG0000562	Om002G048170	CARHR080300
OG0000562	Om007G301050	CARHR198680
OG0000562	Om007G294310	CARHR186820
OG0000563	Om002G081700, Om002G081710, Om002G081690, Om005G196730	CARHR150940
OG0000564	Om001G028220	CARHR239580
OG0000564	Om003G093660, Om003G093650, Om003G093640	CARHR117130
OG0000565	Om005G208350	CARHR198270, CARHR198280
OG0000565	Om005G208340	CARHR263620, CARHR063120, CARHR063110
OG0000566	Om006G242270, Om002G082780	CARHR192260
OG0000566	Om006G242260	CARHR192270
OG0000567	Om002G063590	CARHR092330
OG0000569	Om007G276590	CARHR129410
OG0000570	Om002G043360	CARHR076040
OG0000571	Om006G244500	CARHR274450
OG0000573	Om005G222710	CARHR051440
OG0000575	Om001G031670, Om001G031700	CARHR187460
OG0000578	Om005G188980	CARHR010580
OG0000578	Om005G219910	CARHR053260
OG0000579	Om007G286810	CARHR233190, CARHR283550
OG0000580	Om008G323850	CARHR139380
OG0000580	Om008G323800, Om008G323780, Om008G323790, Om008G323750	CARHR139410
OG0000580	Om008G323740	CARHR139400
OG0000582	Om006G243850	CARHR155630, CARHR191090
OG0000583	Om005G183560	CARHR005640
OG0000583	Om005G183570	CARHR005650
OG0000583	Om007G280600, Om007G280610	CARHR124950, CARHR214280
OG0000584	Om007G292850	CARHR179130
OG0000584	Om001G022800	CARHR236290
OG0000584	Om002G088330	CARHR111080
OG0000585	Om007G290440, Om008G340110, Om002G059620	CARHR128570, CARHR089580, CARHR029430
OG0000586	Om008G342910	CARHR180450
OG0000587	Om004G158710	CARHR250190
OG0000587	Om008G320250	CARHR142210
OG0000587	Om005G178890	CARHR001430
OG0000588	Om002G060100	CARHR089880
OG0000588	Om008G326370	CARHR137740
OG0000588	Om003G093150	CARHR043540
OG0000589	Om006G245680	CARHR273400
OG0000589	Om006G267230	CARHR154440, CARHR154430
OG0000590	Om007G293960	CARHR186280
OG0000590	Om005G179630	CARHR002150
OG0000591	Om001G027320	CARHR239000, CARHR239010
OG0000592	Om002G064890, Om002G064880	CARHR038260, CARHR093430
OG0000592	Om005G199600	CARHR018660
OG0000593	Om004G133070	CARHR071980
OG0000594	Om006G262800	CARHR157080
OG0000595	Om006G269050	CARHR151600
OG0000595	Om006G243810, Om006G243820	CARHR191110, CARHR117250
OG0000596	Om007G281510, Om006G241720	CARHR192820
OG0000596	Om007G281450, Om003G117040	CARHR268550
OG0000597	Om003G115830	CARHR124720
OG0000598	Om001G004930, Om002G071420	CARHR152800, CARHR226650, CARHR225340
OG0000600	Om006G250410	CARHR270290
OG0000600	Om002G087460	CARHR110200
OG0000600	Om001G024270	CARHR237140
OG0000601	Om007G299770	CARHR197820
OG0000601	Om007G315410	CARHR263090
OG0000602	Om004G174460	CARHR272090
OG0000602	Om006G254960	CARHR163070
OG0000603	Om001G014500, Om008G359600, Om005G223970, Om018G373750, Om008G341190, Om001G025330	CARHR286630
OG0000604	Om003G128580, Om008G319190	CARHR173130
OG0000604	Om007G285830	CARHR232350
OG0000605	Om004G140130	CARHR067160
OG0000605	Om004G140160	CARHR067140
OG0000606	Om002G061700	CARHR091110
OG0000606	Om004G129810	CARHR074490
OG0000606	Om003G094590	CARHR042500
OG0000607	Om002G066240	CARHR094440
OG0000608	Om003G120910	CARHR167980
OG0000608	Om004G153420, Om018G374080, Om003G120920	CARHR167820
OG0000609	Om001G034210	CARHR243420
OG0000609	Om001G033820	CARHR245210
OG0000612	Om008G327550, Om005G188550	CARHR283890
OG0000613	Om002G043790	CARHR076460
OG0000613	Om007G315050	CARHR288730
OG0000613	Om003G115420	CARHR266960
OG0000614	Om004G167200, Om004G167190	CARHR256110
OG0000615	Om002G084910	CARHR244530, CARHR108510
OG0000615	Om006G257560	CARHR160780
OG0000616	Om006G244670	CARHR274350
OG0000616	Om008G335980, Om006G254660	CARHR163330
OG0000617	Om004G159110	CARHR249940
OG0000617	Om004G158130	CARHR249080
OG0000618	Om004G133000	CARHR072070
OG0000618	Om005G198040	CARHR017490
OG0000618	Om001G020760	CARHR235230
OG0000619	Om006G254680	CARHR163320
OG0000620	Om007G289350, Om005G200260	CARHR019160
OG0000620	Om004G140080	CARHR067200, CARHR067220
OG0000622	Om004G145830, Om004G145910	CARHR113180
OG0000625	Om002G043480	CARHR076160
OG0000627	Om001G018740	CARHR059300, CARHR234300
OG0000627	Om003G117480	CARHR268790
OG0000628	Om004G134080	CARHR071420
OG0000628	Om002G065810	CARHR094130, CARHR034950
OG0000630	Om005G221290	CARHR214580, CARHR214570, CARHR214490, CARHR214500, CARHR154590, CARHR152310
OG0000632	Om008G322280	CARHR248140, CARHR171160
OG0000633	Om004G129890	CARHR074460
OG0000635	Om007G280320	CARHR283970, CARHR125180
OG0000636	Om004G171070	CARHR207350
OG0000636	Om004G171040, Om004G171060	CARHR194090, CARHR207340, CARHR207330
OG0000639	Om001G003060, Om001G003300, Om001G003110	CARHR225170
OG0000641	Om002G069900, Om008G350820	CARHR097740, CARHR097750
OG0000642	Om007G315380	CARHR263130, CARHR263120
OG0000645	Om005G206760	CARHR152270, CARHR220390, CARHR220380
OG0000645	Om008G329430, Om005G208230	CARHR220370
OG0000646	Om006G269470	CARHR152320
OG0000646	Om002G043170	CARHR075950
OG0000647	Om002G052310	CARHR084100
OG0000648	Om003G128400, Om003G128430, Om003G128440	CARHR289920, CARHR052460, CARHR173030, CARHR173020
OG0000649	Om006G253830	CARHR034830
OG0000649	Om005G204230	CARHR022200
OG0000649	Om004G136710	CARHR069710
OG0000650	Om008G359210	CARHR175890
OG0000650	Om008G359240, Om008G359230, Om008G359250, Om008G359270, Om008G359310	CARHR175880
OG0000651	Om005G203940	CARHR273530, CARHR273550, CARHR273540, CARHR273570
OG0000652	Om006G237830, Om006G237880, Om006G237860	CARHR190140, CARHR190190, CARHR190130
OG0000653	Om007G305010, Om007G281870, Om006G265690	CARHR263960, CARHR053150
OG0000654	Om006G246810, Om006G247060, Om006G245900	CARHR273100
OG0000658	Om003G106660, Om007G293840, Om006G254110	CARHR186220, CARHR148820, CARHR163790
OG0000659	Om001G024350	CARHR270360, CARHR237200
OG0000660	Om005G185150	CARHR007150
OG0000660	Om006G246670	CARHR155410, CARHR285390
OG0000661	Om007G280270, Om008G327370	CARHR217570, CARHR125260, CARHR125190
OG0000662	Om007G299230	CARHR197480
OG0000662	Om002G043690	CARHR076360
OG0000662	Om007G299200	CARHR197460, CARHR197470
OG0000663	Om005G211670	CARHR060630
OG0000663	Om004G147530, Om004G147600	CARHR026400, CARHR026390, CARHR026410
OG0000664	Om001G038790	CARHR195160, CARHR107780, CARHR107790, CARHR107800, CARHR085920
OG0000665	Om008G325860, Om008G332120	CARHR147930
OG0000665	Om006G271910	CARHR145180, CARHR147950, CARHR147940
OG0000669	Om008G323950, Om001G002100, Om001G002090	CARHR139290
OG0000670	Om001G010780	CARHR230960
OG0000671	Om006G248300	CARHR263360, CARHR263370, CARHR263380, CARHR263350, CARHR263330, CARHR263610
OG0000672	Om008G340360	CARHR128340
OG0000672	Om007G289610	CARHR028630
OG0000673	Om006G272930	CARHR146780
OG0000673	Om004G158090	CARHR117940
OG0000674	Om005G179570	CARHR002110
OG0000674	Om008G319260	CARHR142960
OG0000674	Om004G159710	CARHR250520
OG0000675	Om005G196790, Om007G279730	CARHR016440
OG0000676	Om005G184580	CARHR006760
OG0000676	Om006G251430	CARHR165860
OG0000676	Om004G139720	CARHR067530
OG0000677	Om004G136950, Om004G145150	CARHR024890
OG0000677	Om001G025590	CARHR024900
OG0000678	Om003G121880	CARHR030850
OG0000682	Om002G081140	CARHR151670, CARHR254760
OG0000685	Om001G024490	CARHR237310
OG0000685	Om002G087370	CARHR233760
OG0000686	Om001G031630, Om001G031650, Om001G031590	CARHR183040
OG0000687	Om007G275820	CARHR222930
OG0000687	Om008G322470, Om008G322490	CARHR140390
OG0000687	Om003G125660	CARHR171040
OG0000688	Om002G067310	CARHR144900, CARHR144920
OG0000689	Om005G205310, Om001G012690	CARHR033420, CARHR023140, CARHR260800
OG0000691	Om007G298400	CARHR091620
OG0000692	Om003G122540, Om003G122530	CARHR169120, CARHR169130
OG0000692	Om003G122550	CARHR169140
OG0000692	Om008G326170	CARHR137870
OG0000693	Om006G251440	CARHR165850
OG0000695	Om004G140010	CARHR067250
OG0000696	Om005G195930	CARHR015780
OG0000697	Om003G096400	CARHR121480
OG0000697	Om003G096510	CARHR040880, CARHR041470
OG0000698	Om002G052470, Om002G051930	CARHR083760, CARHR228310, CARHR254090
OG0000699	Om008G338280	CARHR133750
OG0000699	Om008G325440	CARHR215790
OG0000700	Om007G282890, Om072G377200	CARHR122390, CARHR122380, CARHR122400
OG0000702	Om007G301290	CARHR198830
OG0000702	Om002G042520	CARHR075300
OG0000703	Om004G173900	CARHR209610
OG0000703	Om008G337070	CARHR130760
OG0000704	Om001G004670, Om001G004680	CARHR226510
OG0000706	Om006G239960	CARHR188230, CARHR188240
OG0000706	Om006G232490	CARHR032980, CARHR278880
OG0000707	Om005G211110	CARHR060990
OG0000708	Om005G190620	CARHR011870
OG0000709	Om007G296380	CARHR177620, CARHR177050, CARHR177200, CARHR177020, CARHR177110, CARHR161160
OG0000710	Om005G193740, Om005G194960, Om005G193780	CARHR014170
OG0000711	Om005G226640	CARHR001950
OG0000712	Om001G029690	CARHR240650
OG0000713	Om003G095190, Om008G340040	CARHR247990
OG0000714	Om007G314590	CARHR214450
OG0000714	Om005G213140	CARHR059020
OG0000715	Om008G353360	CARHR253730, CARHR253720, CARHR253700, CARHR253710
OG0000716	Om005G211830, Om008G328670	CARHR215830, CARHR036130
OG0000718	Om004G177070	CARHR212110
OG0000719	Om006G245640	CARHR273430
OG0000720	Om003G128230	CARHR172930
OG0000720	Om004G159420	CARHR250310
OG0000720	Om008G319350	CARHR002020
OG0000721	Om004G159540	CARHR250450
OG0000722	Om005G208970	CARHR062810
OG0000722	Om005G194430	CARHR014750
OG0000723	Om007G294640	CARHR187090, CARHR178000, CARHR187100, CARHR147410
OG0000724	Om006G252130, Om006G252070, Om006G252080, Om006G252100, Om006G252120	CARHR060750
OG0000725	Om005G183330	CARHR221320, CARHR081900
OG0000725	Om005G195040	CARHR081890
OG0000728	Om007G295340	CARHR194270
OG0000730	Om006G274110	CARHR145570
OG0000730	Om005G193950	CARHR014420, CARHR014410
OG0000731	Om008G338660	CARHR147210
OG0000732	Om006G255490	CARHR162710
OG0000734	Om006G235570	CARHR155990
OG0000734	Om003G112660	CARHR276090, CARHR276080
OG0000735	Om003G118240	CARHR270000
OG0000736	Om004G165740	CARHR203040
OG0000736	Om001G039680	CARHR246810
OG0000738	Om007G278680	CARHR126970
OG0000739	Om005G180900	CARHR215740, CARHR057480
OG0000741	Om002G057710	CARHR088130
OG0000741	Om003G119120	CARHR270140
OG0000741	Om003G090420	CARHR045160
OG0000742	Om068G377170	CARHR292720, CARHR184360, CARHR182900, CARHR189910, CARHR102560, CARHR282560
OG0000744	Om007G295290	CARHR194210
OG0000744	Om007G295300	CARHR253510, CARHR253520
OG0000749	Om005G193040	CARHR013700
OG0000749	Om004G147040	CARHR025970
OG0000749	Om006G272950	CARHR146710
OG0000750	Om007G291180, Om001G009690	CARHR272950
OG0000750	Om005G228190	CARHR050300
OG0000750	Om005G228180	CARHR290110
OG0000751	Om004G173700	CARHR278050
OG0000751	Om004G173690	CARHR084590
OG0000752	Om006G239670, Om006G239690, Om006G239700, Om006G239680	CARHR188450
OG0000752	Om004G164920	CARHR202560
OG0000753	Om001G015620	CARHR035720
OG0000754	Om001G015760	CARHR035490, CARHR035510
OG0000755	Om008G355040	CARHR252450
OG0000755	Om008G355050	CARHR252440
OG0000757	Om004G175670	CARHR210930
OG0000757	Om008G335340, Om006G254280	CARHR163640
OG0000758	Om004G131100	CARHR073700
OG0000758	Om005G196770	CARHR016430
OG0000759	Om007G282010	CARHR123360
OG0000759	Om005G184700	CARHR221130, CARHR006850
OG0000760	Om006G250500	CARHR166490
OG0000761	Om002G067830	CARHR095740, CARHR284770
OG0000762	Om001G015640, Om002G087640, Om002G087650, Om001G015670	CARHR110370
OG0000763	Om003G091650	CARHR044340
OG0000763	Om003G091630	CARHR044350
OG0000764	Om003G096690, Om003G096670, Om003G096680	CARHR040740, CARHR040730
OG0000765	Om006G259450, Om006G259750, Om005G210270, Om005G210060, Om005G210240, Om005G210230, Om006G260090, Om007G313620	CARHR183480
OG0000768	Om008G351690	CARHR254820
OG0000772	Om006G270510	CARHR286780
OG0000773	Om005G209150	CARHR025100, CARHR062570, CARHR151920
OG0000774	Om001G017860	CARHR233870
OG0000775	Om004G172920	CARHR208910
OG0000776	Om008G330800	CARHR134970
OG0000776	Om002G051640	CARHR083540, CARHR085810, CARHR207500
OG0000777	Om003G116430	CARHR268100, CARHR234780
OG0000777	Om003G091110	CARHR044650
OG0000779	Om001G008900	CARHR229220
OG0000779	Om008G353570	CARHR253500
OG0000779	Om008G353560	CARHR253530
OG0000780	Om001G039760	CARHR246900
OG0000780	Om004G165850	CARHR203120
OG0000781	Om008G324460, Om008G324450, Om008G324440, Om008G324430	CARHR139010, CARHR139000
OG0000781	Om008G324410	CARHR139020
OG0000783	Om006G268650	CARHR152900
OG0000784	Om001G001310	CARHR151390
OG0000784	Om006G244140	CARHR190930
OG0000785	Om001G030640, Om001G030650	CARHR241370
OG0000785	Om004G172580	CARHR208570
OG0000786	Om006G236990	CARHR274910
OG0000786	Om006G236980	CARHR274920
OG0000787	Om002G056150, Om002G056160, Om002G056140	CARHR086970
OG0000787	Om002G056130	CARHR086950, CARHR086960, CARHR086940
OG0000788	Om006G267680	CARHR150910
OG0000788	Om006G244510	CARHR274460
OG0000789	Om004G131580	CARHR073210
OG0000789	Om003G089450	CARHR045960
OG0000790	Om003G091770, Om003G091720, Om003G091750	CARHR044250, CARHR044260
OG0000790	Om003G091710	CARHR044280, CARHR044270
OG0000792	Om003G120840	CARHR095890
OG0000793	Om004G131020	CARHR073720
OG0000793	Om004G131030	CARHR041350, CARHR180570
OG0000794	Om002G070500, Om007G283840	CARHR121140
OG0000798	Om007G276100, Om001G000190	CARHR223250
OG0000799	Om005G222980	CARHR122300, CARHR057650, CARHR025140
OG0000800	Om006G261660	CARHR145890, CARHR157450
OG0000801	Om004G172640	CARHR208640
OG0000801	Om002G053590, Om002G053560	CARHR085090
OG0000802	Om008G359660	CARHR175620
OG0000802	Om007G290710	CARHR029230
OG0000802	Om001G002180	CARHR225180
OG0000803	Om003G116420, Om001G004780	CARHR226580
OG0000804	Om005G228300	CARHR261780, CARHR110830, CARHR081310, CARHR217550
OG0000805	Om002G070490, Om003G102100	CARHR221690
OG0000806	Om008G323550	CARHR121190
OG0000806	Om008G323530	CARHR139550
OG0000807	Om008G323720	CARHR139430
OG0000807	Om002G042250	CARHR075060
OG0000808	Om007G283270	CARHR121890, CARHR121880
OG0000808	Om006G246460	CARHR285630
OG0000809	Om004G146010	CARHR025340
OG0000809	Om005G194080	CARHR014320
OG0000810	Om003G096380, Om003G096550	CARHR041490, CARHR040850
OG0000812	Om007G284710	CARHR120010
OG0000813	Om002G063840, Om006G261060	CARHR092530
OG0000814	Om002G070350, Om006G243840, Om006G245340	CARHR273720, CARHR273700, CARHR273710, CARHR259980
OG0000818	Om005G228870	CARHR046260
OG0000819	Om002G053630	CARHR085120
OG0000819	Om006G250650	CARHR166400
OG0000820	Om002G048210	CARHR133630
OG0000821	Om003G113100	CARHR264890
OG0000823	Om008G362180	CARHR174150
OG0000823	Om001G000380	CARHR224220
OG0000824	Om001G012010, Om001G012020	CARHR032480, CARHR032490
OG0000825	Om003G126780	CARHR171910
OG0000825	Om004G158190	CARHR249120
OG0000825	Om008G321070	CARHR141530
OG0000826	Om008G323390	CARHR139610
OG0000827	Om003G116690	CARHR268300
OG0000827	Om004G176620	CARHR211690
OG0000828	Om005G219460, Om007G278890, Om008G356770	CARHR120790
OG0000829	Om002G045010	CARHR077500
OG0000829	Om007G296880	CARHR195650, CARHR195640
OG0000830	Om005G202380	CARHR294240
OG0000830	Om004G136890	CARHR069560
OG0000831	Om005G202570	CARHR020950, CARHR020940
OG0000831	Om005G202590	CARHR020960
OG0000833	Om002G059910	CARHR089780, CARHR105580
OG0000834	Om002G065630	CARHR093990
OG0000835	Om002G066410	CARHR094540
OG0000835	Om003G098020	CARHR039650
OG0000836	Om003G120370	CARHR046600, CARHR167470
OG0000837	Om005G190690	CARHR011920
OG0000842	Om005G227440	CARHR147250, CARHR147260
OG0000843	Om006G236790	CARHR275080
OG0000844	Om002G052240	CARHR084040
OG0000844	Om004G175120	CARHR210450
OG0000845	Om007G285800	CARHR257830
OG0000847	Om006G232840	CARHR278540
OG0000848	Om005G178800	CARHR216960, CARHR001360
OG0000849	Om004G158520	CARHR249450
OG0000849	Om003G127390	CARHR172260
OG0000850	Om003G126290	CARHR171590
OG0000850	Om003G126300	CARHR171600
OG0000851	Om008G327440	CARHR136870
OG0000851	Om003G120650	CARHR167690
OG0000852	Om006G241870	CARHR253570, CARHR192670
OG0000853	Om004G160710	CARHR251490, CARHR251460, CARHR251480
OG0000853	Om004G160690	CARHR251450, CARHR251430
OG0000854	Om007G283720	CARHR121270
OG0000854	Om005G185890	CARHR007790
OG0000855	Om006G263670	CARHR156680
OG0000855	Om006G235120	CARHR276480
OG0000857	Om006G263880	CARHR153870
OG0000857	Om006G260880	CARHR157970
OG0000861	Om005G180100	CARHR289550
OG0000867	Om005G213710	CARHR058270, CARHR054880, CARHR058300, CARHR058280
OG0000868	Om004G170100	CARHR206600
OG0000868	Om002G055490	CARHR086440
OG0000869	Om001G000390, Om008G362170	CARHR174160
OG0000870	Om007G288540	CARHR027720
OG0000870	Om008G340790	CARHR127820, CARHR127770, CARHR127810, CARHR127790, CARHR127780, CARHR024060, CARHR024080, CARHR127800
OG0000871	Om002G043820	CARHR076520
OG0000871	Om007G298930	CARHR197260
OG0000871	Om007G314750	CARHR213900, CARHR216190
OG0000873	Om002G045920	CARHR078380, CARHR194690
OG0000875	Om005G184100, Om003G126450	CARHR006210
OG0000875	Om003G126460	CARHR171740
OG0000879	Om005G184110	CARHR058140
OG0000883	Om002G046650	CARHR079100, CARHR242980
OG0000884	Om005G211060	CARHR061050
OG0000885	Om005G204940	CARHR022790
OG0000885	Om001G021960	CARHR235760
OG0000886	Om007G287460	CARHR036180
OG0000886	Om008G341510	CARHR180990
OG0000887	Om008G319930	CARHR142500
OG0000887	Om008G319940	CARHR153940
OG0000887	Om008G319920	CARHR142510
OG0000888	Om003G122230	CARHR168900
OG0000888	Om008G326480	CARHR137570
OG0000889	Om006G252000	CARHR165390
OG0000889	Om006G246440, Om006G246450	CARHR285640
OG0000890	Om006G254370	CARHR163580
OG0000890	Om008G335550	CARHR132130
OG0000891	Om005G204900	CARHR022770
OG0000891	Om005G204930	CARHR022780
OG0000892	Om006G240260, Om006G240250	CARHR292350, CARHR187960, CARHR187920, CARHR000030
OG0000894	Om002G058710	CARHR175700, CARHR110090, CARHR110710, CARHR110110
OG0000894	Om002G087350	CARHR155390, CARHR175680
OG0000895	Om008G357430, Om008G357440	CARHR102000, CARHR102010, CARHR101980, CARHR101990
OG0000897	Om008G334790, Om008G334800	CARHR132450
OG0000898	Om003G095100	CARHR042180
OG0000900	Om005G193320	CARHR013820
OG0000900	Om005G193340	CARHR013840
OG0000901	Om002G082990, Om002G082970, Om007G275790	CARHR222900
OG0000902	Om004G171650, Om004G171970	CARHR207860
OG0000902	Om002G054040	CARHR085430
OG0000904	Om004G165610	CARHR202940
OG0000904	Om001G028210	CARHR239570
OG0000905	Om004G165730	CARHR203030
OG0000906	Om006G232410	CARHR278950
OG0000906	Om004G166090	CARHR203300
OG0000907	Om001G002610, Om008G358980, Om008G358950	CARHR225450
OG0000908	Om001G040680	CARHR247460
OG0000908	Om002G047730	CARHR079980
OG0000908	Om004G155910	CARHR112630
OG0000909	Om007G280210	CARHR218990
OG0000909	Om007G298720	CARHR197110
OG0000910	Om006G245280	CARHR273790
OG0000910	Om006G245290	CARHR273780
OG0000911	Om006G229870	CARHR184510, CARHR281010
OG0000911	Om008G354630, Om006G260290	CARHR160230
OG0000912	Om004G160050	CARHR250860
OG0000912	Om008G333690, Om005G189560, Om005G179820	CARHR041260, CARHR041250, CARHR002310
OG0000913	Om005G207400	CARHR063830, CARHR023730
OG0000914	Om002G045570	CARHR253220, CARHR253180, CARHR253240, CARHR253200, CARHR253370, CARHR253280, CARHR078050, CARHR253360, CARHR253290, CARHR253250, CARHR283600
OG0000915	Om006G255370	CARHR162790
OG0000915	Om008G337180	CARHR130700
OG0000916	Om005G194680	CARHR014950
OG0000917	Om005G192690	CARHR013440, CARHR013430
OG0000917	Om005G192650, Om005G192670	CARHR013400, CARHR013420, CARHR013410
OG0000918	Om008G337870	CARHR218840
OG0000919	Om002G063780	CARHR092500
OG0000920	Om003G091700	CARHR213390
OG0000921	Om003G097940	CARHR039710
OG0000923	Om005G226510, Om005G226520, Om005G226560	CARHR258610, CARHR257930
OG0000924	Om001G036070	CARHR244690
OG0000930	Om002G087470	CARHR110230
OG0000930	Om001G024260	CARHR237130
OG0000931	Om006G251030, Om002G050950	CARHR082840
OG0000931	Om002G054470	CARHR085720
OG0000932	Om008G335890	CARHR132320
OG0000932	Om002G055520	CARHR086480
OG0000933	Om003G113540	CARHR265320
OG0000935	Om008G355400	CARHR252220
OG0000935	Om001G006870	CARHR227740
OG0000936	Om001G007510	CARHR228290
OG0000937	Om001G011310	CARHR259700, CARHR231390, CARHR231400
OG0000937	Om001G011350, Om001G011370, Om001G011380, Om001G011360	CARHR231410
OG0000938	Om001G038920	CARHR247080
OG0000938	Om001G040050	CARHR247090
OG0000939	Om004G156100, Om004G156110	CARHR247680, CARHR112280
OG0000940	Om002G077500	CARHR103300
OG0000940	Om001G035380	CARHR103330
OG0000941	Om003G103370	CARHR220190
OG0000941	Om005G182890	CARHR005000
OG0000942	Om003G103160, Om008G324770, Om002G072360	CARHR099360
OG0000943	Om004G134220, Om002G047770	CARHR186330, CARHR080020
OG0000944	Om003G123810	CARHR138530
OG0000946	Om004G176870	CARHR211920
OG0000946	Om004G176860	CARHR211910
OG0000947	Om002G043520	CARHR076200
OG0000948	Om006G252140	CARHR165280, CARHR134330
OG0000950	Om007G294240	CARHR186670
OG0000951	Om008G361670	CARHR174530
OG0000952	Om008G324790	CARHR138860
OG0000953	Om006G259150	CARHR159180
OG0000954	Om002G066730, Om002G066720, Om002G066750	CARHR094790
OG0000954	Om002G066760	CARHR094800
OG0000961	Om004G130710, Om004G130670, Om004G130660, Om004G130650, Om004G130750, Om005G215760	CARHR058570
OG0000962	Om007G316390, Om004G164950, Om006G241490	CARHR262100
OG0000962	Om006G241480	CARHR286690
OG0000963	Om002G051940	CARHR083780
OG0000964	Om004G140590	CARHR259030, CARHR259020, CARHR259000
OG0000965	Om001G003760	CARHR226120
OG0000966	Om001G004110	CARHR226270
OG0000967	Om001G014390	CARHR034660
OG0000967	Om005G204690	CARHR022550
OG0000968	Om005G222930	CARHR214940
OG0000968	Om007G314370	CARHR214950
OG0000969	Om008G356400, Om008G356410	CARHR178390
OG0000969	Om008G356430, Om008G356390	CARHR178410, CARHR178400
OG0000970	Om006G230550	CARHR280390
OG0000970	Om006G259200	CARHR112890
OG0000971	Om001G007710	CARHR056100, CARHR040380, CARHR165920
OG0000971	Om002G045750	CARHR078170
OG0000972	Om007G294350	CARHR186860
OG0000972	Om002G048190	CARHR080310
OG0000973	Om002G048680	CARHR080710
OG0000974	Om007G317210, Om008G337260	CARHR174860
OG0000975	Om005G201730	CARHR020280
OG0000975	Om005G201740	CARHR020290
OG0000975	Om004G138120, Om004G138110	CARHR068880
OG0000976	Om005G195400, Om005G195420	CARHR015410
OG0000976	Om005G195460, Om005G195450	CARHR015420
OG0000977	Om006G266330	CARHR155650
OG0000978	Om003G089620	CARHR149960
OG0000979	Om003G111780, Om003G100970	CARHR180170
OG0000979	Om003G100980	CARHR054700
OG0000980	Om007G291280, Om007G290430, Om004G166790, Om008G320140, Om001G030210	CARHR131370
OG0000980	Om003G109190	CARHR123180
OG0000983	Om006G243470, Om003G120200, Om006G243520, Om006G243580	CARHR191380
OG0000986	Om001G027480	CARHR239090
OG0000987	Om007G292380, Om008G336690	CARHR031040
OG0000988	Om004G171150	CARHR207460
OG0000989	Om003G113210	CARHR265010
OG0000989	Om008G332220	CARHR181580, CARHR156760
OG0000990	Om008G360190	CARHR175330
OG0000991	Om001G011990	CARHR032430
OG0000992	Om004G155780	CARHR112820
OG0000992	Om001G040490	CARHR247370
OG0000993	Om002G075390	CARHR101860, CARHR262470
OG0000994	Om007G281890	CARHR123470
OG0000994	Om007G281910, Om007G281900, Om007G281920	CARHR123460
OG0000995	Om007G280340	CARHR125160
OG0000996	Om005G184170	CARHR006380
OG0000997	Om002G045840	CARHR078250, CARHR013790
OG0000998	Om008G331510	CARHR134530
OG0000998	Om006G251870	CARHR165550
OG0001000	Om007G300700, Om007G300710, Om007G300750	CARHR198490
OG0001001	Om006G240650	CARHR187220, CARHR187210, CARHR187200
OG0001002	Om002G057480	CARHR087960
OG0001003	Om002G061360	CARHR090810
OG0001003	Om003G094290	CARHR042730
OG0001008	Om001G024080, Om001G024040	CARHR237020
OG0001008	Om001G024050	CARHR237010
OG0001009	Om001G024750, Om001G024770	CARHR237560, CARHR237550
OG0001009	Om001G024740	CARHR237540
OG0001010	Om007G292680	CARHR031220
OG0001010	Om008G338500	CARHR129780
OG0001011	Om007G277180, Om007G277230, Om007G277190, Om007G277170	CARHR031450, CARHR219430
OG0001012	Om005G217930, Om011G365520	CARHR054590, CARHR054650
OG0001012	Om005G187750	CARHR009560
OG0001013	Om005G202510	CARHR056660, CARHR056650
OG0001014	Om003G097630	CARHR183780, CARHR183770
OG0001015	Om005G196870, Om007G286650	CARHR233050
OG0001016	Om004G164330	CARHR202210
OG0001016	Om006G240010	CARHR188200
OG0001017	Om006G231580	CARHR279560
OG0001018	Om006G238180, Om006G238170	CARHR149590, CARHR175030, CARHR189900
OG0001019	Om001G000610	CARHR224360
OG0001019	Om003G117510, Om008G323660	CARHR110930
OG0001020	Om001G001040	CARHR224630
OG0001020	Om008G361270	CARHR174790
OG0001021	Om003G128720	CARHR173250
OG0001022	Om008G319700	CARHR142650
OG0001022	Om007G300600	CARHR053450, CARHR198440
OG0001022	Om003G127940	CARHR172650
OG0001023	Om008G329680, Om008G329690, Om006G244550, Om004G175290	CARHR190540
OG0001024	Om007G280450, Om002G066900	CARHR125080
OG0001025	Om005G184240	CARHR006450
OG0001025	Om007G281330	CARHR124100
OG0001026	Om002G042950	CARHR075760
OG0001026	Om007G300350	CARHR198210
OG0001027	Om005G192420	CARHR102530
OG0001028	Om008G332050	CARHR134230
OG0001028	Om006G252270	CARHR165180
OG0001029	Om005G204290	CARHR022270
OG0001029	Om004G134460	CARHR071160
OG0001030	Om004G138390	CARHR068980
OG0001031	Om005G202080	CARHR020460
OG0001031	Om004G137500	CARHR069170
OG0001032	Om004G135840	CARHR070160
OG0001032	Om005G203240	CARHR021480
OG0001034	Om004G143630	CARHR063920
OG0001034	Om005G207300	CARHR063940
OG0001035	Om005G227970, Om005G228070	CARHR165730
OG0001035	Om002G046030, Om002G046020, Om002G046010, Om002G046000	CARHR078500
OG0001036	Om004G132900	CARHR072190
OG0001036	Om004G132850	CARHR072210
OG0001036	Om004G132860	CARHR072200
OG0001037	Om002G051910	CARHR150100, CARHR042450
OG0001038	Om002G057310, Om002G056940, Om002G056930, Om002G056960	CARHR087580
OG0001038	Om002G056970	CARHR087590, CARHR087560
OG0001039	Om003G099660	CARHR037950
OG0001039	Om002G064180	CARHR092890
OG0001040	Om003G095600	CARHR041820
OG0001040	Om002G069240	CARHR097120
OG0001041	Om005G224060	CARHR109980
OG0001041	Om006G264620	CARHR156250
OG0001042	Om004G167580	CARHR042210
OG0001042	Om003G094970	CARHR042230
OG0001043	Om003G095340	CARHR041990
OG0001043	Om003G095330	CARHR042010
OG0001044	Om006G251940	CARHR165450
OG0001045	Om004G138940, Om004G138480	CARHR154480, CARHR154490
OG0001047	Om001G000430	CARHR224270
OG0001048	Om004G171750	CARHR208130
OG0001051	Om002G082920	CARHR262040, CARHR107020
OG0001051	Om001G033650	CARHR243320
OG0001052	Om001G034140, Om001G033870	CARHR243410
OG0001052	Om001G033860, Om001G034150	CARHR243430
OG0001053	Om005G218880	CARHR053630
OG0001053	Om005G188400	CARHR010060
OG0001054	Om005G223780	CARHR050520
OG0001054	Om005G223880	CARHR050500
OG0001054	Om003G098880, Om005G223870	CARHR050510
OG0001056	Om002G053390	CARHR084980
OG0001057	Om001G021190	CARHR235390
OG0001058	Om001G000030	CARHR223740
OG0001058	Om001G035410	CARHR244230
OG0001059	Om008G357520	CARHR177510
OG0001059	Om001G004750	CARHR226520
OG0001060	Om003G103620	CARHR219830
OG0001060	Om002G072890	CARHR099810
OG0001061	Om002G071530	CARHR098940
OG0001061	Om003G102610	CARHR220810, CARHR220800
OG0001062	Om006G259280	CARHR159070
OG0001062	Om006G230770	CARHR280230
OG0001063	Om005G212620, Om003G093110, Om004G155630, Om003G093100, Om004G155640, Om008G354590, Om002G063850	CARHR080320
OG0001064	Om008G336220	CARHR131540
OG0001064	Om006G254930	CARHR289320
OG0001065	Om008G335950	CARHR132380
OG0001065	Om006G254630	CARHR163350
OG0001066	Om008G335940	CARHR132370
OG0001066	Om006G254620	CARHR163360
OG0001067	Om004G132270	CARHR072670
OG0001067	Om005G197660	CARHR017170
OG0001068	Om002G046590	CARHR079020
OG0001068	Om004G142650	CARHR065280
OG0001069	Om004G138890	CARHR068400
OG0001069	Om005G201270	CARHR019940
OG0001070	Om002G055400	CARHR025980
OG0001070	Om002G084080	CARHR107630
OG0001071	Om005G194160, Om001G020980	CARHR014510
OG0001071	Om005G194150	CARHR014520
OG0001072	Om006G261020, Om006G238440	CARHR189660
OG0001074	Om002G062590, Om002G062600	CARHR104920
OG0001075	Om002G061260	CARHR090730
OG0001076	Om002G053600, Om002G053620, Om002G053580	CARHR121410, CARHR242320
OG0001076	Om001G032530	CARHR089930, CARHR124620
OG0001076	Om002G053570	CARHR208060
OG0001077	Om001G028890	CARHR240020
OG0001077	Om008G358770	CARHR240010
OG0001084	Om001G022740	CARHR236250
OG0001085	Om002G087420	CARHR110180
OG0001085	Om001G024410	CARHR237230
OG0001086	Om001G030820	CARHR241480
OG0001087	Om001G033000	CARHR242950
OG0001089	Om006G270670	CARHR151820, CARHR151810
OG0001090	Om006G257890	CARHR035880
OG0001090	Om006G257910	CARHR062000
OG0001091	Om006G261270	CARHR041460, CARHR041450, CARHR157680
OG0001091	Om003G111530	CARHR257340
OG0001092	Om006G254090	CARHR206360
OG0001092	Om004G169810	CARHR206370
OG0001093	Om006G241070	CARHR193600
OG0001093	Om004G162590	CARHR200940
OG0001094	Om004G166070	CARHR203280
OG0001094	Om006G232040	CARHR279140
OG0001095	Om003G104930, Om003G098310	CARHR218200, CARHR218220, CARHR151350
OG0001096	Om003G121440	CARHR168360
OG0001096	Om008G327170	CARHR137100
OG0001097	Om003G127180, Om003G098920	CARHR059810
OG0001097	Om006G246790	CARHR285270
OG0001098	Om006G260010	CARHR158770
OG0001098	Om006G231290	CARHR279800
OG0001099	Om005G178490	CARHR001020, CARHR001040, CARHR001050
OG0001099	Om004G158290	CARHR249220
OG0001100	Om007G279170	CARHR125980
OG0001100	Om005G182670	CARHR004830
OG0001101	Om007G301060	CARHR198690
OG0001101	Om008G356620	CARHR075390
OG0001102	Om002G043570	CARHR076220
OG0001102	Om007G299380	CARHR197590
OG0001103	Om007G302690	CARHR185130
OG0001104	Om002G046780, Om007G293310	CARHR079200
OG0001105	Om004G130780	CARHR073910
OG0001105	Om005G196580	CARHR016310
OG0001106	Om005G197880	CARHR017360
OG0001106	Om006G270430	CARHR072450
OG0001107	Om005G199420	CARHR018490
OG0001108	Om004G139030, Om004G139050, Om004G139020	CARHR068010
OG0001108	Om005G200740	CARHR115670, CARHR019520
OG0001109	Om004G134660	CARHR071030
OG0001110	Om005G208460	CARHR063000
OG0001111	Om005G212400	CARHR059970
OG0001111	Om006G235930	CARHR026990
OG0001113	Om004G169750	CARHR206310
OG0001115	Om004G142580	CARHR065360
OG0001115	Om005G198490	CARHR017940
OG0001116	Om003G095740	CARHR041710, CARHR216830
OG0001116	Om002G069120	CARHR097000
OG0001117	Om003G101000, Om003G101110, Om003G101050	CARHR290190
OG0001117	Om003G100990, Om006G262870	CARHR290200
OG0001119	Om003G092090	CARHR043710, CARHR044030, CARHR043700, CARHR219450, CARHR041530, CARHR288800
OG0001120	Om001G035460	CARHR244290
OG0001122	Om001G029970, Om005G199250	CARHR018380
OG0001124	Om001G019470	CARHR255990, CARHR234740
OG0001125	Om007G292200	CARHR030970
OG0001125	Om008G338370	CARHR129830, CARHR129820
OG0001126	Om001G006460	CARHR058560
OG0001127	Om005G194820	CARHR015080
OG0001127	Om006G274830	CARHR288910
OG0001128	Om005G193420	CARHR013930
OG0001129	Om006G269590	CARHR152000
OG0001130	Om006G268210	CARHR153490
OG0001131	Om006G249570	CARHR271040
OG0001132	Om004G174860	CARHR210280
OG0001132	Om002G052350	CARHR084130
OG0001133	Om001G018910, Om001G014980, Om003G117020	CARHR234460, CARHR268520
OG0001134	Om004G161390	CARHR199990, CARHR200000
OG0001135	Om006G232510	CARHR278860
OG0001135	Om004G166180	CARHR203370
OG0001136	Om001G000980	CARHR224590
OG0001136	Om008G361480	CARHR174710
OG0001137	Om008G358120	CARHR176730
OG0001137	Om001G003870	CARHR226140
OG0001138	Om001G008770, Om005G215100	CARHR229120
OG0001138	Om002G043320	CARHR057210
OG0001139	Om007G288230	CARHR027400
OG0001140	Om001G035650	CARHR244440, CARHR108380
OG0001141	Om006G251500, Om006G266990	CARHR155110, CARHR155160, CARHR155130
OG0001141	Om007G314500	CARHR214710
OG0001142	Om002G070970	CARHR098490
OG0001142	Om003G102330	CARHR221350
OG0001143	Om008G322550	CARHR140350
OG0001143	Om003G125560	CARHR170970
OG0001145	Om005G211970	CARHR079840
OG0001145	Om002G047570	CARHR079790, CARHR079820
OG0001146	Om008G327790	CARHR136720
OG0001146	Om002G053170	CARHR084810
OG0001148	Om004G166470	CARHR203690
OG0001149	Om006G257580	CARHR160760
OG0001149	Om006G229310	CARHR281430
OG0001150	Om007G298860	CARHR197190
OG0001150	Om002G043860	CARHR076560
OG0001151	Om002G049430	CARHR081370
OG0001151	Om007G303840	CARHR182320
OG0001152	Om006G250520	CARHR166470
OG0001152	Om008G329540	CARHR135630
OG0001154	Om004G137780	CARHR068550
OG0001154	Om005G201420	CARHR020030
OG0001155	Om004G136870	CARHR069540
OG0001155	Om005G202350	CARHR020710
OG0001156	Om004G143890	CARHR023960
OG0001156	Om005G207750	CARHR063620
OG0001157	Om005G190350, Om005G190370, Om005G190400, Om005G190380	CARHR011670
OG0001157	Om005G190210	CARHR011660, CARHR011590
OG0001158	Om005G207150	CARHR133670
OG0001158	Om004G143390	CARHR023630
OG0001159	Om004G135760, Om004G135740	CARHR070200
OG0001160	Om003G090340	CARHR045200
OG0001160	Om002G057670	CARHR088100
OG0001161	Om002G069190	CARHR097060
OG0001161	Om003G095640	CARHR041790
OG0001162	Om003G098510, Om003G098520	CARHR039220, CARHR039230
OG0001164	Om006G235230, Om006G235270	CARHR264760, CARHR276410, CARHR276420, CARHR257640, CARHR276200, CARHR049150, CARHR276430
OG0001165	Om004G163820, Om004G163810	CARHR201840
OG0001169	Om003G115820	CARHR267360
OG0001170	Om002G047380, Om002G047370	CARHR079650
OG0001170	Om007G293670	CARHR186100
OG0001171	Om005G221900	CARHR051980
OG0001172	Om006G273870	CARHR145850
OG0001172	Om005G193820	CARHR014220
OG0001173	Om001G018260	CARHR233640
OG0001173	Om005G228160	CARHR046670, CARHR047720
OG0001174	Om002G053840	CARHR085320
OG0001175	Om003G118430	CARHR269570
OG0001176	Om006G231760	CARHR279410
OG0001176	Om004G165430	CARHR202840
OG0001177	Om004G168130, Om004G168100	CARHR205210, CARHR205250, CARHR205220
OG0001178	Om004G168330	CARHR205380
OG0001178	Om006G236820, Om006G236830, Om006G236840	CARHR275040, CARHR275050
OG0001179	Om001G002710	CARHR225530
OG0001179	Om002G074090	CARHR100560
OG0001179	Om003G104170	CARHR218880
OG0001180	Om001G004420	CARHR226390
OG0001180	Om008G357690	CARHR177350
OG0001181	Om001G007890	CARHR228490
OG0001181	Om008G354480	CARHR252660
OG0001182	Om008G340520	CARHR128160
OG0001182	Om007G289260	CARHR028270
OG0001183	Om002G084370	CARHR107970
OG0001184	Om003G127310	CARHR172180
OG0001184	Om008G320610	CARHR141940
OG0001185	Om003G126820	CARHR171960
OG0001185	Om008G321040	CARHR141590
OG0001186	Om003G123550, Om003G123540	CARHR169690, CARHR169700, CARHR169710
OG0001187	Om007G279310	CARHR126160
OG0001187	Om005G182570	CARHR004740
OG0001188	Om004G170230	CARHR206730
OG0001189	Om002G042490	CARHR075270
OG0001189	Om007G301350	CARHR198890
OG0001190	Om002G045600	CARHR078070
OG0001191	Om007G293620	CARHR186040
OG0001191	Om002G047290	CARHR079570
OG0001192	Om003G100360	CARHR222440
OG0001192	Om002G049400	CARHR287500, CARHR081320
OG0001193	Om006G251660	CARHR165670
OG0001193	Om008G331060	CARHR134680
OG0001194	Om006G251130	CARHR166020
OG0001194	Om002G050930	CARHR082830
OG0001195	Om005G198660	CARHR017990
OG0001196	Om004G138870	CARHR068390
OG0001196	Om005G201250	CARHR019920
OG0001197	Om006G253160	CARHR164450
OG0001197	Om005G188180	CARHR009840, CARHR179800, CARHR164440, CARHR179870
OG0001198	Om007G294050	CARHR186360, CARHR182960, CARHR183000, CARHR266170, CARHR292330, CARHR292220, CARHR182990, CARHR289360
OG0001200	Om006G241520	CARHR193010
OG0001200	Om003G090810	CARHR044880
OG0001200	Om003G090720	CARHR123330
OG0001201	Om006G238190	CARHR189890
OG0001201	Om006G261620	CARHR157480
OG0001202	Om006G259060	CARHR159540
OG0001202	Om006G260190	CARHR158650
OG0001203	Om003G119970	CARHR164570, CARHR059830, CARHR104570
OG0001204	Om008G327040, Om004G135940	CARHR222040
OG0001205	Om002G060410	CARHR090200
OG0001207	Om003G100370	CARHR222430
OG0001207	Om002G063290	CARHR092140
OG0001208	Om003G098430	CARHR039290
OG0001208	Om002G065980	CARHR094230
OG0001209	Om003G098060	CARHR039620, CARHR039630
OG0001209	Om002G066390	CARHR094530
OG0001211	Om003G090480	CARHR045110, CARHR045050, CARHR045070
OG0001217	Om008G355510	CARHR222050
OG0001218	Om002G046860	CARHR079270
OG0001219	Om003G118330	CARHR165740, CARHR165780, CARHR165770, CARHR165760, CARHR165750
OG0001220	Om006G244160, Om006G244150	CARHR190920, CARHR188550
OG0001222	Om001G027470	CARHR239080
OG0001222	Om004G153200, Om018G373910	CARHR117710
OG0001223	Om002G082000	CARHR106190
OG0001223	Om001G031810	CARHR242090
OG0001224	Om005G187250	CARHR009170
OG0001225	Om006G271930	CARHR147910
OG0001226	Om006G269860	CARHR149700, CARHR149710, CARHR149740
OG0001227	Om002G052210	CARHR084010
OG0001227	Om004G175150	CARHR210490
OG0001228	Om006G259380, Om001G007680, Om006G259320, Om006G259420	CARHR150380
OG0001230	Om006G236280	CARHR275540
OG0001230	Om004G169010	CARHR205800
OG0001231	Om006G236150	CARHR275650
OG0001231	Om004G169080	CARHR205840
OG0001232	Om001G003020	CARHR225780
OG0001233	Om001G009770	CARHR229950
OG0001233	Om008G352720	CARHR254350
OG0001234	Om004G138070	CARHR068840
OG0001234	Om007G287480	CARHR036200
OG0001235	Om002G083990	CARHR107550
OG0001235	Om001G034630	CARHR243760
OG0001237	Om008G321460	CARHR141180
OG0001237	Om005G208750, Om003G126420	CARHR171720
OG0001238	Om008G321570	CARHR141070
OG0001238	Om003G126200	CARHR171530
OG0001239	Om003G124340	CARHR170290
OG0001239	Om008G323910	CARHR139330
OG0001240	Om008G324700	CARHR138890
OG0001241	Om008G324870	CARHR138800, CARHR138790
OG0001241	Om008G324900, Om008G324890	CARHR138780
OG0001242	Om004G174520	CARHR210050
OG0001242	Om002G052480	CARHR084260
OG0001243	Om006G241260	CARHR193320
OG0001243	Om005G212570	CARHR059770
OG0001245	Om006G258010	CARHR160490
OG0001245	Om006G229530	CARHR281300
OG0001246	Om004G158830	CARHR250060
OG0001247	Om004G160440	CARHR251210
OG0001247	Om002G050370	CARHR082290
OG0001248	Om007G282850, Om007G282830, Om007G282860	CARHR007240, CARHR007260
OG0001249	Om008G333840	CARHR133090, CARHR133100
OG0001249	Om008G333770	CARHR133110
OG0001250	Om007G299800	CARHR197850
OG0001250	Om002G043300	CARHR076030
OG0001251	Om002G043620	CARHR076290
OG0001252	Om002G043920	CARHR076600
OG0001253	Om002G047790	CARHR080040
OG0001253	Om007G294040	CARHR186350
OG0001254	Om003G095910	CARHR041600
OG0001254	Om008G338050	CARHR130100
OG0001255	Om004G133240	CARHR071930
OG0001255	Om005G198260	CARHR017720
OG0001256	Om004G142260	CARHR065660
OG0001256	Om005G198820	CARHR018120
OG0001257	Om004G141760	CARHR066200
OG0001257	Om005G199300	CARHR018420
OG0001258	Om005G200690	CARHR019470
OG0001258	Om004G139120	CARHR067950
OG0001259	Om005G201530	CARHR020120
OG0001259	Om004G137860	CARHR068610
OG0001260	Om003G111460	CARHR117400
OG0001261	Om005G194440	CARHR014760
OG0001262	Om005G194320	CARHR014660
OG0001262	Om005G194340, Om005G194330	CARHR014670, CARHR014650
OG0001263	Om005G191580	CARHR012540
OG0001264	Om002G057540	CARHR088000
OG0001264	Om003G090210	CARHR045270
OG0001265	Om003G095680	CARHR041740
OG0001265	Om002G069140	CARHR097020
OG0001268	Om001G028270, Om001G028250	CARHR239590
OG0001269	Om007G289700, Om007G289710	CARHR028700
OG0001274	Om001G027260	CARHR238940
OG0001275	Om005G202690	CARHR021090
OG0001275	Om001G033720	CARHR243370
OG0001276	Om005G222670	CARHR051480
OG0001276	Om005G189920	CARHR011330
OG0001278	Om002G076590	CARHR103000
OG0001279	Om007G300380	CARHR198240
OG0001279	Om002G042920	CARHR075730
OG0001280	Om006G269500	CARHR152260
OG0001280	Om002G054490	CARHR262720
OG0001281	Om005G227890	CARHR046710
OG0001281	Om007G318310	CARHR272970
OG0001282	Om006G250090	CARHR233670, CARHR270600
OG0001283	Om003G119930	CARHR167110
OG0001283	Om008G328480	CARHR136290
OG0001284	Om003G108870	CARHR258720
OG0001284	Om006G234900	CARHR276700
OG0001285	Om003G116080	CARHR267720
OG0001285	Om001G020050	CARHR234970
OG0001286	Om006G249100, Om003G116840	CARHR268390
OG0001286	Om003G116830	CARHR268380, CARHR268370
OG0001287	Om001G018860	CARHR234380
OG0001287	Om003G117080, Om004G145930	CARHR268590
OG0001288	Om004G163800	CARHR201810
OG0001288	Om006G240240	CARHR187990
OG0001289	Om001G000320	CARHR224160
OG0001289	Om008G362210	CARHR174130
OG0001290	Om008G351210	CARHR255360
OG0001290	Om001G010830	CARHR231000
OG0001291	Om001G011760, Om003G100450	CARHR032250
OG0001291	Om001G011750	CARHR032240
OG0001292	Om007G282020	CARHR123350
OG0001292	Om002G042860	CARHR075640
OG0001293	Om003G123470	CARHR169640
OG0001294	Om004G153730	CARHR113560
OG0001294	Om001G039610	CARHR246750
OG0001296	Om004G154220	CARHR114020
OG0001296	Om006G229750	CARHR129320
OG0001297	Om008G354250	CARHR252780, CARHR252760, CARHR252790
OG0001298	Om002G070950	CARHR221370
OG0001299	Om008G320350	CARHR142100
OG0001300	Om003G121550	CARHR168470
OG0001300	Om008G326760	CARHR137430
OG0001301	Om003G121140	CARHR168200
OG0001301	Om008G326930	CARHR137270
OG0001302	Om006G231010	CARHR280030
OG0001302	Om006G259630	CARHR158950
OG0001303	Om004G157140	CARHR036500, CARHR248150
OG0001303	Om005G177770	CARHR000360
OG0001304	Om005G185790	CARHR007710
OG0001304	Om007G283550	CARHR121500
OG0001305	Om002G047540	CARHR079760
OG0001305	Om007G293740	CARHR186160
OG0001306	Om002G047760	CARHR080010
OG0001307	Om002G050190, Om002G050200	CARHR082120
OG0001308	Om006G255570	CARHR162650
OG0001308	Om008G337370	CARHR130590
OG0001309	Om008G334740	CARHR132490
OG0001309	Om006G253780	CARHR163920
OG0001310	Om005G197840	CARHR017330
OG0001310	Om004G132480	CARHR072460
OG0001311	Om007G293340	CARHR184970
OG0001312	Om002G049930	CARHR081850
OG0001312	Om007G306710, Om009G363690	CARHR183280
OG0001313	Om001G038820, Om001G038860, Om001G038840, Om001G038810	CARHR060960
OG0001314	Om002G057470	CARHR087950
OG0001314	Om003G090100	CARHR234030, CARHR045360
OG0001315	Om002G061400	CARHR090840
OG0001315	Om003G094330	CARHR042700
OG0001316	Om003G099760	CARHR037840
OG0001316	Om002G064010	CARHR092730
OG0001317	Om003G097220, Om002G067410	CARHR095470
OG0001318	Om003G100520, Om003G100530, Om003G100570, Om003G100550	CARHR290630
OG0001319	Om006G255230	CARHR162910
OG0001319	Om008G336870	CARHR130900
OG0001320	Om005G228140, Om004G165840, Om001G021540, Om001G034720, Om001G035350, Om001G036310	CARHR061650
OG0001321	Om008G361760, Om008G361770, Om008G361790, Om008G361780, Om008G361750	CARHR055710
OG0001323	Om006G233070	CARHR278370, CARHR121120, CARHR278360
OG0001328	Om001G027840	CARHR239320
OG0001328	Om004G154830	CARHR117510
OG0001330	Om002G083840	CARHR107400
OG0001330	Om001G035780, Om001G034460	CARHR243640
OG0001331	Om005G183170, Om011G365940, Om005G218380	CARHR055110, CARHR055080, CARHR055100, CARHR055070
OG0001332	Om011G364990, Om020G374420	CARHR053980
OG0001332	Om005G188110	CARHR009780
OG0001333	Om005G221890	CARHR051970
OG0001333	Om005G189740	CARHR011170
OG0001334	Om005G195510	CARHR015450
OG0001334	Om006G275200	CARHR144150
OG0001335	Om004G172750	CARHR208730
OG0001335	Om002G053520	CARHR085070
OG0001336	Om002G055270	CARHR086250
OG0001336	Om004G170320	CARHR207140
OG0001337	Om003G115730	CARHR267300
OG0001337	Om001G020770	CARHR235280
OG0001338	Om003G115720	CARHR267290
OG0001339	Om003G117680	CARHR268980
OG0001340	Om004G164210	CARHR288950
OG0001341	Om006G239760	CARHR188400
OG0001341	Om004G164720	CARHR202440
OG0001342	Om004G166010, Om004G166040	CARHR057930, CARHR203240
OG0001342	Om006G232060	CARHR279120
OG0001343	Om004G167750	CARHR204830
OG0001343	Om006G237720	CARHR190290
OG0001344	Om001G000650	CARHR224410
OG0001344	Om008G361820	CARHR174470
OG0001345	Om001G002870	CARHR225650
OG0001345	Om008G358760	CARHR176230
OG0001346	Om001G006330	CARHR227380
OG0001346	Om001G006320	CARHR227370
OG0001347	Om002G042790	CARHR075580
OG0001348	Om002G084400	CARHR108010
OG0001349	Om002G084970	CARHR108560
OG0001349	Om001G035900	CARHR244600
OG0001350	Om004G154140	CARHR113860
OG0001350	Om001G039050	CARHR246360
OG0001351	Om008G323820	CARHR055370, CARHR055380, CARHR055390
OG0001352	Om008G344590	CARHR259650
OG0001353	Om008G358330, Om008G358340	CARHR176600
OG0001353	Om008G358400, Om008G358390	CARHR176520, CARHR176530
OG0001354	Om003G128220	CARHR172920
OG0001354	Om008G319360	CARHR142880
OG0001355	Om003G126260	CARHR171560
OG0001355	Om008G321560	CARHR141090
OG0001356	Om008G326300	CARHR137790
OG0001356	Om003G122470	CARHR289480
OG0001357	Om003G121180	CARHR168230
OG0001358	Om008G327570	CARHR136950
OG0001358	Om003G120700	CARHR034410, CARHR167750
OG0001359	Om006G267220	CARHR154470
OG0001359	Om006G245720	CARHR273360
OG0001360	Om005G182650	CARHR004810
OG0001360	Om007G279210	CARHR126030
OG0001361	Om007G279070	CARHR126580
OG0001361	Om005G181940	CARHR004190
OG0001362	Om002G068640	CARHR096600
OG0001362	Om007G285120	CARHR119380
OG0001363	Om001G019430	CARHR234700
OG0001364	Om007G300390	CARHR198250
OG0001364	Om002G042910	CARHR075720
OG0001365	Om002G043000	CARHR075820
OG0001365	Om007G300260	CARHR198160
OG0001366	Om007G299050	CARHR197350
OG0001366	Om002G043770	CARHR076450
OG0001367	Om002G049120	CARHR185560, CARHR081020
OG0001368	Om008G338180	CARHR199060
OG0001370	Om005G203190	CARHR021470
OG0001370	Om004G135860	CARHR070140
OG0001371	Om004G144890, Om004G144920	CARHR024660
OG0001372	Om002G044560	CARHR077130
OG0001372	Om007G297490	CARHR196150
OG0001373	Om003G099110	CARHR038740
OG0001373	Om002G065230	CARHR093660
OG0001374	Om004G137820	CARHR068580
OG0001374	Om005G201480	CARHR020080
OG0001375	Om005G197110	CARHR016710
OG0001375	Om004G131490	CARHR073320
OG0001376	Om002G058580	CARHR088800
OG0001376	Om003G091280	CARHR044570
OG0001377	Om006G273910, Om006G273900	CARHR091910
OG0001377	Om002G062970	CARHR091920, CARHR150150, CARHR150160, CARHR091930
OG0001378	Om003G099550	CARHR038060
OG0001378	Om002G064510	CARHR093130
OG0001379	Om002G067520	CARHR095540
OG0001379	Om003G097120	CARHR040420
OG0001380	Om003G096990	CARHR040490
OG0001380	Om002G067680	CARHR095590
OG0001382	Om004G154100	CARHR113840
OG0001383	Om001G025430, Om001G025440	CARHR237970
OG0001383	Om008G337760	CARHR214260
OG0001384	Om005G226620	CARHR292830
OG0001391	Om002G055900, Om002G055910	CARHR086790
OG0001392	Om001G033620	CARHR243290
OG0001392	Om002G082830	CARHR106990
OG0001393	Om002G083710	CARHR293470
OG0001393	Om001G034290	CARHR243590
OG0001394	Om001G002780	CARHR214140
OG0001394	Om007G277290	CARHR031390
OG0001395	Om001G017560	CARHR234150
OG0001395	Om003G118160	CARHR269360
OG0001397	Om005G188800	CARHR010390
OG0001397	Om005G219700	CARHR283780
OG0001398	Om006G275330	CARHR144000
OG0001398	Om005G195600	CARHR015490
OG0001399	Om006G274430	CARHR218400, CARHR145230
OG0001399	Om005G194500	CARHR014820
OG0001400	Om005G192980	CARHR013640
OG0001401	Om007G316150	CARHR262380
OG0001401	Om007G300200	CARHR198110
OG0001402	Om007G315710	CARHR262620
OG0001403	Om005G225360	CARHR048870
OG0001403	Om005G191810	CARHR012680
OG0001404	Om005G224870	CARHR049410
OG0001404	Om005G191440	CARHR012450
OG0001405	Om004G172430	CARHR208410
OG0001405	Om002G053760	CARHR085240
OG0001406	Om001G039040	CARHR246350
OG0001406	Om005G206430	CARHR186780
OG0001407	Om003G114110	CARHR265830
OG0001407	Om001G021830	CARHR235690
OG0001409	Om006G233910	CARHR277590
OG0001409	Om004G167300	CARHR204390
OG0001410	Om008G361440	CARHR174750
OG0001410	Om001G001020	CARHR224610
OG0001411	Om001G001800	CARHR224960
OG0001411	Om001G001790	CARHR224950
OG0001412	Om001G004560	CARHR226440
OG0001412	Om008G357580	CARHR177440
OG0001414	Om001G012140, Om001G012130	CARHR032800
OG0001415	Om008G340660	CARHR128000
OG0001415	Om007G288810	CARHR027910
OG0001416	Om007G289920	CARHR028920
OG0001417	Om001G036800	CARHR245180
OG0001417	Om004G155350, Om004G152970	CARHR184820
OG0001418	Om001G040730	CARHR247540
OG0001418	Om004G155940	CARHR112500
OG0001419	Om006G250550	CARHR212900
OG0001419	Om003G120220	CARHR116360
OG0001420	Om008G354210	CARHR252820
OG0001420	Om001G008240	CARHR228740
OG0001421	Om003G102560	CARHR221000
OG0001422	Om002G047000	CARHR079350
OG0001422	Om007G293430	CARHR185790
OG0001423	Om008G322990	CARHR139990
OG0001423	Om003G124870	CARHR170580
OG0001424	Om004G173780	CARHR209500
OG0001425	Om006G268320	CARHR152390
OG0001425	Om006G242430	CARHR192120
OG0001427	Om004G158300	CARHR249240
OG0001427	Om005G178500	CARHR001060
OG0001428	Om005G179670	CARHR002220
OG0001428	Om004G159920	CARHR250720
OG0001429	Om004G159960	CARHR250800
OG0001429	Om003G128350	CARHR172990
OG0001430	Om005G181350	CARHR003630
OG0001431	Om005G181950	CARHR004200, CARHR004210
OG0001431	Om007G279030	CARHR126620
OG0001432	Om005G183280	CARHR005400
OG0001432	Om007G280280	CARHR125250
OG0001433	Om007G281110	CARHR124430
OG0001434	Om007G282800	CARHR122520
OG0001434	Om004G170770	CARHR207170
OG0001435	Om005G185610	CARHR007580
OG0001435	Om007G283330	CARHR121790
OG0001436	Om007G296660	CARHR195480
OG0001436	Om002G045150	CARHR077670
OG0001437	Om007G296370	CARHR195200
OG0001437	Om002G045350	CARHR077850
OG0001438	Om007G293250	CARHR185020
OG0001438	Om002G046680	CARHR079130
OG0001439	Om004G140270	CARHR067060
OG0001439	Om005G200110	CARHR019080
OG0001440	Om004G134810	CARHR070960, CARHR022080
OG0001441	Om004G142990	CARHR065000
OG0001441	Om005G205040	CARHR022890
OG0001442	Om005G207110	CARHR064070
OG0001442	Om004G143360	CARHR162090
OG0001443	Om005G208910	CARHR062830
OG0001444	Om007G286480, Om007G286460, Om007G286440, Om007G286470, Om007G286450	CARHR116920, CARHR232890
OG0001445	Om005G189450	CARHR136530
OG0001445	Om005G189440	CARHR010940, CARHR010960
OG0001446	Om004G168070	CARHR205190
OG0001446	Om006G237030	CARHR274820
OG0001447	Om004G143050	CARHR064970
OG0001448	Om003G090990	CARHR044700
OG0001448	Om002G058270	CARHR088580
OG0001449	Om003G091940	CARHR044170
OG0001450	Om003G091950	CARHR044160, CARHR044150
OG0001450	Om002G059150	CARHR089480
OG0001451	Om003G093630	CARHR043260
OG0001452	Om003G093850	CARHR043100
OG0001452	Om002G060900	CARHR090560
OG0001453	Om003G094190	CARHR042840
OG0001454	Om002G061580	CARHR091000
OG0001454	Om003G094410	CARHR042640
OG0001455	Om002G063020	CARHR000070
OG0001455	Om003G100700	CARHR290460, CARHR150170
OG0001456	Om002G067510	CARHR095530
OG0001456	Om003G097130	CARHR040410
OG0001457	Om002G068010	CARHR095960
OG0001457	Om003G096780	CARHR040690
OG0001464	Om001G025060	CARHR237750
OG0001464	Om002G086890	CARHR109800
OG0001465	Om002G086750	CARHR109650
OG0001465	Om001G025360	CARHR237940
OG0001466	Om001G027980	CARHR239430
OG0001468	Om001G032010	CARHR156230, CARHR121600
OG0001469	Om007G292300	CARHR286950
OG0001470	Om008G338210	CARHR129940
OG0001471	Om005G189730	CARHR011160
OG0001472	Om005G195390	CARHR015400
OG0001473	Om006G274420	CARHR145240
OG0001473	Om005G194490	CARHR014810
OG0001474	Om005G191010, Om005G190990, Om005G191000	CARHR233520, CARHR233530
OG0001475	Om005G191310	CARHR012350
OG0001475	Om005G224670	CARHR049540
OG0001477	Om004G169220	CARHR205940, CARHR052030
OG0001478	Om002G052340	CARHR084120
OG0001478	Om004G174870	CARHR210290
OG0001479	Om003G124840	CARHR170560
OG0001480	Om007G285890	CARHR232400
OG0001481	Om004G161670	CARHR148470
OG0001482	Om004G164380	CARHR202230
OG0001482	Om006G239940	CARHR188260
OG0001483	Om006G239530	CARHR188570
OG0001483	Om004G165050	CARHR202650
OG0001484	Om004G165080	CARHR202680
OG0001484	Om006G239500	CARHR188590
OG0001485	Om004G167070	CARHR204210
OG0001485	Om006G233730	CARHR277750
OG0001486	Om004G167310	CARHR204410
OG0001486	Om006G233960	CARHR277560, CARHR277580, CARHR262570, CARHR214160, CARHR277550
OG0001487	Om006G237600	CARHR190400
OG0001487	Om004G167840	CARHR204980, CARHR215540
OG0001488	Om001G000580	CARHR224330
OG0001488	Om008G362000	CARHR174290
OG0001489	Om008G353670	CARHR253420, CARHR287870
OG0001489	Om001G008780	CARHR229130
OG0001490	Om007G289490	CARHR028520
OG0001490	Om008G340460	CARHR128250
OG0001491	Om007G296320, Om007G292820, Om007G290420, Om001G003260	CARHR029440, CARHR029460
OG0001492	Om001G040700	CARHR247480
OG0001493	Om007G287820	CARHR036680
OG0001493	Om008G341470	CARHR180940
OG0001494	Om008G352950, Om008G352970	CARHR253940
OG0001495	Om008G362600	CARHR111790, CARHR173860
OG0001496	Om002G073340	CARHR100210
OG0001496	Om003G103910	CARHR219210
OG0001497	Om005G195880	CARHR113400
OG0001497	Om003G101790, Om003G101760	CARHR221940
OG0001498	Om005G181210	CARHR003510
OG0001499	Om008G319160	CARHR143040
OG0001500	Om008G319880	CARHR142550
OG0001501	Om008G320300, Om003G094850	CARHR142140
OG0001502	Om008G323120	CARHR139890
OG0001502	Om003G124860	CARHR170570
OG0001503	Om003G124290	CARHR170250
OG0001503	Om008G323980	CARHR181850, CARHR139260
OG0001504	Om003G123850	CARHR169970
OG0001504	Om008G325120	CARHR138590
OG0001505	Om003G123720	CARHR169840
OG0001505	Om008G325410	CARHR138380
OG0001506	Om002G051310	CARHR083220
OG0001506	Om004G176920	CARHR211960
OG0001507	Om006G246570	CARHR285550
OG0001508	Om006G261900	CARHR157310
OG0001508	Om006G234200	CARHR277300
OG0001509	Om006G259970	CARHR158790
OG0001509	Om006G231280	CARHR279820
OG0001510	Om007G280310	CARHR125210
OG0001510	Om005G183290	CARHR005410
OG0001511	Om005G185720	CARHR007680
OG0001511	Om007G283470	CARHR121610
OG0001512	Om005G186140	CARHR008030
OG0001512	Om007G284260	CARHR120550
OG0001513	Om002G042980	CARHR075800
OG0001514	Om002G045810	CARHR078210
OG0001514	Om007G295970	CARHR194780
OG0001516	Om002G049260	CARHR081160
OG0001517	Om006G251060	CARHR166060
OG0001517	Om008G330500	CARHR135150
OG0001518	Om008G330630	CARHR135060
OG0001518	Om006G251210	CARHR165980
OG0001519	Om004G140300	CARHR067030
OG0001519	Om005G200090	CARHR019070
OG0001520	Om006G263160	CARHR156900
OG0001520	Om005G200890	CARHR019640
OG0001521	Om004G135310	CARHR070480
OG0001522	Om005G205690	CARHR023460
OG0001522	Om005G206910	CARHR064200, CARHR149440
OG0001523	Om005G207890	CARHR063450
OG0001524	Om008G358820	CARHR027040
OG0001524	Om006G236220	CARHR275600
OG0001526	Om005G177980	CARHR000520
OG0001526	Om006G261330	CARHR171520
OG0001526	Om003G126190	CARHR118000, CARHR118010
OG0001527	Om007G301640	CARHR199140
OG0001527	Om004G130600	CARHR125330
OG0001528	Om007G300570	CARHR198420
OG0001528	Om004G137520	CARHR069150
OG0001529	Om008G327380	CARHR193860
OG0001529	Om005G191160	CARHR193840
OG0001530	Om001G041070	CARHR219910, CARHR101040
OG0001531	Om004G170570	CARHR206900
OG0001532	Om006G247300	CARHR272720
OG0001533	Om006G258630, Om006G258620	CARHR159990, CARHR159980
OG0001534	Om004G132350, Om004G132360	CARHR072600, CARHR072630
OG0001535	Om003G090220	CARHR045260
OG0001535	Om002G057550	CARHR088010
OG0001536	Om002G058050	CARHR088430
OG0001536	Om003G090860	CARHR044810
OG0001537	Om003G094070	CARHR042880
OG0001537	Om002G061210	CARHR090690
OG0001538	Om002G062610	CARHR091690
OG0001538	Om003G095130	CARHR042150
OG0001539	Om001G007730, Om001G007640	CARHR101510
OG0001539	Om003G092250	CARHR101500, CARHR101490
OG0001540	Om008G340100	CARHR128590, CARHR122010, CARHR128580
OG0001541	Om001G025840, Om003G128290	CARHR172950
OG0001544	Om003G101460	CARHR222260
OG0001544	Om003G101450, Om006G250200, Om006G250210, Om003G101440, Om005G215050	CARHR222280, CARHR222270
OG0001545	Om008G358070	CARHR177320
OG0001546	Om008G333560, Om008G333570, Om008G333580	CARHR105530, CARHR133220
OG0001547	Om002G068490	CARHR096420
OG0001549	Om002G088380	CARHR111150
OG0001549	Om001G022730	CARHR236240
OG0001550	Om001G026600	CARHR041210
OG0001551	Om001G027710	CARHR239220
OG0001551	Om004G153310, Om018G373980	CARHR117640
OG0001552	Om001G028840	CARHR239980
OG0001553	Om005G221080	CARHR052390
OG0001553	Om005G189290	CARHR010810
OG0001554	Om005G190820	CARHR011980
OG0001554	Om005G223930	CARHR050420
OG0001555	Om005G192930	CARHR013590
OG0001555	Om006G273340	CARHR146590
OG0001556	Om008G336560	CARHR131280
OG0001556	Om006G272340	CARHR147510
OG0001558	Om004G172910	CARHR208900
OG0001558	Om002G053430	CARHR085010
OG0001559	Om003G107570	CARHR259060
OG0001560	Om005G199190, Om005G199900	CARHR216310, CARHR258770
OG0001561	Om003G113700	CARHR233070, CARHR233080
OG0001562	Om003G118300	CARHR269460
OG0001562	Om004G172250, Om003G118290	CARHR208310
OG0001563	Om006G241030	CARHR193530
OG0001563	Om004G162330	CARHR200760
OG0001564	Om008G335730	CARHR132180
OG0001564	Om008G325320, Om008G325290, Om005G202470	CARHR020820
OG0001565	Om004G168220	CARHR205320
OG0001565	Om006G236930	CARHR274960
OG0001566	Om008G358250	CARHR176640
OG0001566	Om001G003510	CARHR225990
OG0001567	Om001G013140	CARHR033700
OG0001567	Om001G013120	CARHR033690
OG0001568	Om007G289080, Om007G289090	CARHR028110
OG0001569	Om008G340300	CARHR128370
OG0001569	Om007G289800	CARHR028840
OG0001570	Om003G123760	CARHR169880
OG0001570	Om007G291650	CARHR030380
OG0001571	Om002G084010	CARHR107590
OG0001572	Om001G039360	CARHR246580
OG0001573	Om001G039820	CARHR246940
OG0001574	Om001G040780	CARHR247600
OG0001574	Om004G156020	CARHR112430
OG0001575	Om004G156180	CARHR112210
OG0001575	Om001G041040	CARHR247800
OG0001576	Om001G029490, Om002G058950	CARHR263480
OG0001576	Om008G352860	CARHR263400
OG0001577	Om007G315560	CARHR262900
OG0001578	Om008G362670, Om006G237840	CARHR173800
OG0001579	Om001G000100	CARHR223900
OG0001579	Om008G362650	CARHR173810
OG0001581	Om003G128570	CARHR173120
OG0001581	Om008G319170	CARHR143030
OG0001582	Om003G124270	CARHR170230
OG0001582	Om008G324000	CARHR139250
OG0001583	Om008G326860	CARHR137340
OG0001583	Om003G121060	CARHR168130
OG0001584	Om008G327650	CARHR136970
OG0001584	Om008G340330	CARHR184420
OG0001585	Om003G120340	CARHR167400
OG0001585	Om008G327920	CARHR136610
OG0001586	Om006G240880, Om006G240890, Om006G240900	CARHR193380
OG0001587	Om006G244320	CARHR190700, CARHR190710
OG0001588	Om006G246680	CARHR285380, CARHR155400
OG0001589	Om006G234140	CARHR277360
OG0001589	Om006G261670	CARHR157440
OG0001590	Om006G251960	CARHR165430
OG0001590	Om006G231330	CARHR279750
OG0001591	Om005G179700	CARHR002240
OG0001591	Om004G159940	CARHR250770
OG0001592	Om005G180140	CARHR002540
OG0001592	Om004G160470, Om004G160460	CARHR251260, CARHR251250
OG0001593	Om007G278260	CARHR127430
OG0001593	Om005G181680	CARHR003810
OG0001594	Om005G182480, Om005G182470	CARHR004690
OG0001594	Om007G279340	CARHR126200
OG0001595	Om002G044690	CARHR077260
OG0001596	Om007G296130	CARHR194940
OG0001596	Om002G045490	CARHR077990
OG0001597	Om002G048240	CARHR080370
OG0001598	Om002G048810	CARHR080800
OG0001599	Om001G034380	CARHR184000
OG0001600	Om008G336990	CARHR130820
OG0001601	Om005G199270	CARHR018400
OG0001601	Om004G141820	CARHR066120
OG0001602	Om004G135040	CARHR070710
OG0001603	Om005G207310	CARHR063910
OG0001604	Om004G143680	CARHR023760
OG0001604	Om005G207450	CARHR063790
OG0001605	Om004G143720	CARHR023790
OG0001605	Om005G207530	CARHR063760
OG0001606	Om004G152170	CARHR263840, CARHR114730
OG0001607	Om005G192070	CARHR012880
OG0001607	Om005G225600	CARHR048600
OG0001608	Om005G190190, Om005G190200	CARHR011580
OG0001609	Om007G294970	CARHR193920
OG0001609	Om005G180160	CARHR002560
OG0001610	Om002G053700, Om004G172500	CARHR085190, CARHR208480
OG0001611	Om004G137870	CARHR068620, CARHR068630
OG0001612	Om002G057420	CARHR087930
OG0001612	Om003G090050	CARHR045380
OG0001613	Om003G093520	CARHR043320
OG0001613	Om002G060570	CARHR090310
OG0001614	Om003G095940	CARHR041550
OG0001614	Om002G069020	CARHR096900
OG0001615	Om002G072780	CARHR125300
OG0001615	Om005G181000, Om005G184980	CARHR041440
OG0001616	Om002G084190	CARHR107720
OG0001617	Om002G087190	CARHR028680
OG0001617	Om001G024810	CARHR237580
OG0001618	Om003G089510	CARHR045860
OG0001618	Om002G056680	CARHR087380
OG0001619	Om006G255320	CARHR162830
OG0001619	Om008G337000	CARHR130810
OG0001621	Om001G015920	CARHR270560
OG0001624	Om005G226870	CARHR052810, CARHR047490
OG0001624	Om001G033040, Om005G227770	CARHR054050, CARHR048100, CARHR048530
OG0001627	Om004G148280	CARHR026950
OG0001628	Om002G083850, Om002G083860	CARHR039790
OG0001628	Om005G194240, Om005G194230	CARHR014590
OG0001629	Om006G273430	CARHR146560
OG0001630	Om002G044480, Om002G044470, Om007G280110, Om007G280100	CARHR125480, CARHR125450
OG0001631	Om005G211770	CARHR060560
OG0001633	Om001G009140, Om001G009130	CARHR229410
OG0001641	Om004G155700	CARHR287200, CARHR283420, CARHR287210
OG0001642	Om001G031720	CARHR241990
OG0001643	Om001G033530	CARHR243230
OG0001644	Om005G189420	CARHR010920
OG0001645	Om006G273540, Om006G273530, Om003G100820, Om003G100810	CARHR146310
OG0001646	Om006G272500	CARHR147420
OG0001646	Om005G192600	CARHR013350
OG0001647	Om007G317750	CARHR213540
OG0001647	Om006G271590	CARHR148370
OG0001648	Om007G317430	CARHR213750
OG0001648	Om006G271360	CARHR148550
OG0001649	Om007G316180	CARHR262370
OG0001650	Om006G269250	CARHR153250
OG0001650	Om007G315230	CARHR263500
OG0001651	Om006G250370	CARHR270320
OG0001652	Om004G176210	CARHR211380
OG0001653	Om002G052460	CARHR084250
OG0001654	Om004G174290	CARHR209860
OG0001654	Om002G052600	CARHR084390
OG0001655	Om004G171470	CARHR207750
OG0001655	Om002G054370	CARHR085650
OG0001656	Om002G056110	CARHR086920
OG0001657	Om001G019400	CARHR234620
OG0001657	Om003G116630	CARHR268240
OG0001658	Om003G117030	CARHR268540
OG0001658	Om001G018900	CARHR234450
OG0001659	Om004G168860, Om004G168870	CARHR205720
OG0001659	Om004G168880	CARHR205730
OG0001660	Om001G005920	CARHR227180
OG0001660	Om008G356450	CARHR034930, CARHR034920
OG0001661	Om008G352120	CARHR254140, CARHR184900, CARHR254150
OG0001661	Om001G009550	CARHR229740
OG0001662	Om001G009750	CARHR229930
OG0001662	Om008G352460, Om008G352390	CARHR254330
OG0001663	Om008G346530	CARHR261040
OG0001663	Om005G205360	CARHR023200
OG0001664	Om008G339790	CARHR128780
OG0001664	Om008G354750, Om007G290960	CARHR029780
OG0001666	Om001G035390	CARHR244210
OG0001666	Om002G084410	CARHR108050
OG0001667	Om001G037950	CARHR245680
OG0001668	Om001G038350	CARHR245970
OG0001669	Om004G153630	CARHR113320
OG0001669	Om001G039870	CARHR246990
OG0001670	Om001G041140	CARHR247850
OG0001670	Om004G156260	CARHR112110
OG0001671	Om001G014220	CARHR034540
OG0001671	Om008G344380	CARHR259810
OG0001672	Om007G287990	CARHR027240
OG0001672	Om004G173040	CARHR208950
OG0001673	Om002G076100	CARHR102410
OG0001674	Om003G103270	CARHR220350
OG0001674	Om003G103240	CARHR220360
OG0001675	Om003G127710	CARHR172440
OG0001676	Om008G323260	CARHR139770
OG0001677	Om003G123570	CARHR169740
OG0001677	Om008G325460	CARHR138320
OG0001678	Om003G122620	CARHR169170
OG0001678	Om008G326120	CARHR137910
OG0001679	Om003G122260	CARHR168910
OG0001679	Om008G326460	CARHR137600
OG0001681	Om006G229710	CARHR281170
OG0001682	Om004G160610	CARHR251400
OG0001682	Om005G180340	CARHR002790
OG0001683	Om007G277500	CARHR179430
OG0001684	Om007G278180	CARHR180350
OG0001684	Om005G181740	CARHR003000
OG0001685	Om005G181710	CARHR003780
OG0001685	Om007G278190	CARHR180360
OG0001686	Om007G278380	CARHR127340
OG0001686	Om005G181630	CARHR003850
OG0001687	Om005G181860	CARHR004100
OG0001687	Om007G278640	CARHR127130
OG0001688	Om005G183630	CARHR005710
OG0001689	Om005G184150	CARHR006360
OG0001689	Om007G281210	CARHR124260
OG0001690	Om007G281480, Om007G281580	CARHR123880
OG0001690	Om005G184350	CARHR006550
OG0001691	Om005G184600	CARHR006790
OG0001691	Om007G281950	CARHR123430
OG0001692	Om005G184740	CARHR006880
OG0001693	Om007G283110	CARHR122100
OG0001693	Om005G185370	CARHR007360
OG0001694	Om007G297610	CARHR196250
OG0001694	Om002G044500	CARHR077060
OG0001695	Om005G186660	CARHR008540
OG0001695	Om002G046260	CARHR078710
OG0001696	Om002G047030	CARHR079390
OG0001697	Om002G049380	CARHR081270
OG0001698	Om008G331230	CARHR134820
OG0001698	Om006G251420	CARHR165880
OG0001699	Om006G254450	CARHR163460
OG0001699	Om008G335740	CARHR132190
OG0001700	Om004G132030	CARHR072860
OG0001700	Om005G197410	CARHR016930
OG0001701	Om005G202490	CARHR020850
OG0001701	Om004G136730	CARHR069690
OG0001702	Om004G135300	CARHR070490
OG0001702	Om005G203630	CARHR021780
OG0001703	Om005G204270	CARHR022260
OG0001703	Om004G134510, Om004G134520	CARHR071150
OG0001704	Om005G205400	CARHR023220
OG0001704	Om005G206360	CARHR291300, CARHR291270
OG0001705	Om004G143510	CARHR023660
OG0001705	Om005G207240	CARHR063980
OG0001706	Om004G170840	CARHR026930
OG0001707	Om007G290330	CARHR029560
OG0001708	Om007G294410	CARHR186920
OG0001708	Om002G048250	CARHR080380
OG0001709	Om006G234880	CARHR276720
OG0001709	Om006G263370	CARHR156800
OG0001710	Om005G203520	CARHR021700
OG0001710	Om004G135420	CARHR070430
OG0001711	Om002G062790	CARHR091780
OG0001711	Om003G100880	CARHR290300
OG0001712	Om003G098000	CARHR039660
OG0001712	Om002G066430	CARHR094550
OG0001713	Om003G097760	CARHR039890
OG0001713	Om002G066890	CARHR094960
OG0001714	Om002G068390	CARHR096350
OG0001714	Om003G096360	CARHR040990
OG0001715	Om002G074240	CARHR100720
OG0001715	Om002G073870	CARHR100680, CARHR100690, CARHR100490, CARHR100480
OG0001717	Om002G072020, Om002G071990	CARHR288900
OG0001719	Om001G033670	CARHR106540, CARHR035150
OG0001721	Om005G192720	CARHR013450
OG0001722	Om003G118820	CARHR269850, CARHR269840
OG0001723	Om008G354820	CARHR084240, CARHR210100, CARHR210110, CARHR252230
OG0001724	Om007G281190	CARHR124300
OG0001725	Om007G295930	CARHR194740
OG0001727	Om006G249120, Om006G249140	CARHR214820
OG0001729	Om003G101660	CARHR222060
OG0001730	Om001G022330	CARHR236000
OG0001731	Om001G025490	CARHR238020
OG0001732	Om001G025650	CARHR238080
OG0001732	Om002G086510	CARHR109510
OG0001733	Om001G026390	CARHR238440
OG0001733	Om004G155150, Om004G152530, Om004G152500	CARHR184680
OG0001734	Om001G027010	CARHR238810
OG0001734	Om004G154900, Om004G152250	CARHR117960
OG0001735	Om002G080750	CARHR284860
OG0001735	Om001G031710	CARHR241980
OG0001736	Om001G034500	CARHR284160, CARHR119570, CARHR243690
OG0001736	Om002G083880	CARHR107450
OG0001737	Om005G224300, Om008G339290, Om005G224160	CARHR125140
OG0001737	Om007G291760	CARHR030580
OG0001738	Om007G276800	CARHR031920, CARHR129530
OG0001739	Om011G365610, Om020G374570	CARHR054460
OG0001739	Om005G187890	CARHR009610
OG0001740	Om005G219000	CARHR284170
OG0001740	Om005G188440	CARHR010100
OG0001741	Om005G188920	CARHR010530
OG0001741	Om006G242680	CARHR053550
OG0001742	Om001G004530	CARHR101680
OG0001743	Om005G189990	CARHR011400
OG0001743	Om005G222730	CARHR051380
OG0001744	Om007G317860	CARHR213320
OG0001744	Om006G271810	CARHR148170
OG0001745	Om006G271170	CARHR148800
OG0001745	Om007G317150	CARHR261400
OG0001746	Om001G030190	CARHR286820
OG0001746	Om007G316400	CARHR262060
OG0001748	Om007G314610	CARHR214290
OG0001748	Om005G213090	CARHR059450
OG0001749	Om005G228290	CARHR046630
OG0001749	Om007G318200	CARHR212780
OG0001750	Om004G171530	CARHR213080
OG0001750	Om005G226430	CARHR047890
OG0001751	Om002G055350	CARHR086320
OG0001751	Om004G170240	CARHR206740
OG0001752	Om001G015020	CARHR280650
OG0001753	Om002G055940	CARHR086800
OG0001753	Om004G169640	CARHR206200
OG0001754	Om003G112010	CARHR257030
OG0001754	Om007G285960	CARHR232480
OG0001755	Om007G286780	CARHR233160, CARHR265570
OG0001756	Om003G114260	CARHR265980
OG0001757	Om003G118050	CARHR269280
OG0001758	Om006G241000	CARHR193480
OG0001758	Om004G162180	CARHR177530, CARHR200620
OG0001759	Om006G237060	CARHR274790, CARHR274800
OG0001760	Om008G362010	CARHR174280
OG0001761	Om008G358970, Om008G358940	CARHR176100
OG0001761	Om001G002630	CARHR225470
OG0001762	Om008G358630	CARHR176310
OG0001763	Om001G005220	CARHR226720
OG0001764	Om008G353770	CARHR253230, CARHR253190, CARHR253170
OG0001764	Om001G008640	CARHR228970
OG0001766	Om008G347910	CARHR256220
OG0001767	Om005G205800	CARHR064720
OG0001767	Om001G013410	CARHR033870
OG0001768	Om007G288330	CARHR027520
OG0001769	Om002G084600	CARHR108370
OG0001769	Om001G035630	CARHR244420
OG0001770	Om006G230950	CARHR280080
OG0001770	Om006G259560	CARHR159000
OG0001771	Om004G154310	CARHR114080
OG0001771	Om001G038770	CARHR246210
OG0001772	Om001G041500	CARHR294300
OG0001772	Om005G211660	CARHR060640
OG0001773	Om003G113680	CARHR265440
OG0001773	Om008G340200	CARHR128450
OG0001775	Om001G008380	CARHR228800
OG0001775	Om008G353980	CARHR252940
OG0001776	Om008G357950	CARHR177210
OG0001776	Om008G357920	CARHR177230
OG0001777	Om004G159160	CARHR249700, CARHR249710
OG0001777	Om007G316940	CARHR261630
OG0001778	Om008G319150	CARHR143050
OG0001778	Om003G128550	CARHR173100
OG0001779	Om003G128300	CARHR172960
OG0001779	Om008G319250	CARHR142970
OG0001780	Om008G322630	CARHR140330
OG0001780	Om003G125530	CARHR170950
OG0001781	Om003G124590	CARHR170410
OG0001781	Om008G323600	CARHR139510
OG0001782	Om003G123090	CARHR169460
OG0001782	Om008G325780	CARHR138080
OG0001783	Om008G359220	CARHR192540
OG0001784	Om006G230840	CARHR280170
OG0001784	Om006G259520	CARHR159020
OG0001785	Om004G157560	CARHR248510, CARHR248500
OG0001785	Om005G178240	CARHR000740
OG0001786	Om005G178470	CARHR001000
OG0001786	Om004G158260	CARHR249200
OG0001787	Om004G159150	CARHR249720
OG0001787	Om005G179160	CARHR001700
OG0001788	Om004G159460	CARHR250350
OG0001788	Om005G179440, Om003G116020	CARHR001970
OG0001789	Om004G159990, Om004G160000	CARHR250820
OG0001790	Om007G280560	CARHR125000
OG0001790	Om005G183490	CARHR005590
OG0001791	Om007G281060	CARHR124470
OG0001792	Om007G281860	CARHR123480
OG0001792	Om005G203340, Om005G184540	CARHR006720
OG0001793	Om005G184770	CARHR006910
OG0001793	Om007G282090	CARHR123230
OG0001794	Om005G185160	CARHR007160
OG0001794	Om007G282570	CARHR122670
OG0001795	Om002G043830	CARHR076530
OG0001795	Om007G298910	CARHR197240
OG0001796	Om002G044610	CARHR077180
OG0001796	Om007G297370	CARHR196020
OG0001797	Om007G296780	CARHR195580
OG0001797	Om002G045080	CARHR077560
OG0001798	Om007G294650, Om005G212940	CARHR187120
OG0001798	Om002G048320	CARHR080460
OG0001799	Om007G293700	CARHR186130
OG0001799	Om002G048330	CARHR080470
OG0001800	Om002G048990	CARHR080930
OG0001800	Om007G295460	CARHR194400
OG0001801	Om007G305650	CARHR182810
OG0001801	Om002G049720	CARHR081600
OG0001803	Om008G337160	CARHR130710
OG0001803	Om006G255350	CARHR162800
OG0001804	Om007G278010	CARHR073400
OG0001804	Om005G197040	CARHR016650
OG0001805	Om004G132470	CARHR072470
OG0001805	Om005G197810	CARHR017310
OG0001806	Om004G142690	CARHR065240
OG0001806	Om005G198420	CARHR017890
OG0001807	Om008G338460, Om008G338470	CARHR130010
OG0001807	Om005G201470	CARHR020070
OG0001808	Om004G136980	CARHR069630
OG0001808	Om005G202440	CARHR020800
OG0001809	Om005G208300	CARHR063180
OG0001809	Om004G144770	CARHR024550
OG0001810	Om004G146130	CARHR025370, CARHR062200
OG0001811	Om005G211370	CARHR060850
OG0001812	Om005G211590	CARHR060720, CARHR026370
OG0001814	Om004G155870	CARHR112640
OG0001814	Om001G040560	CARHR247440
OG0001815	Om007G295450	CARHR194370
OG0001816	Om002G047120	CARHR079450, CARHR162300
OG0001816	Om007G293510	CARHR185930
OG0001817	Om004G171380	CARHR207680
OG0001817	Om002G054530	CARHR085750
OG0001818	Om006G260370	CARHR158310
OG0001818	Om006G239080	CARHR188980
OG0001819	Om006G229570	CARHR281270
OG0001819	Om006G258020	CARHR160480
OG0001820	Om006G261480, Om006G261450, Om006G261340	CARHR157580
OG0001820	Om006G238200	CARHR189870
OG0001821	Om003G094580	CARHR042530
OG0001821	Om002G061690	CARHR091100
OG0001822	Om002G069440	CARHR097280, CARHR097300
OG0001822	Om003G095310	CARHR042050, CARHR042060
OG0001823	Om002G088090, Om003G118780	CARHR110870
OG0001824	Om008G335410	CARHR132060
OG0001824	Om006G254330	CARHR163600
OG0001825	Om008G331140	CARHR134770
OG0001826	Om008G328620	CARHR136230
OG0001827	Om003G119940	CARHR167130
OG0001828	Om008G323210	CARHR139810
OG0001828	Om003G124760	CARHR170510
OG0001829	Om003G093270, Om003G093280, Om003G092600, Om003G092620, Om007G304510	CARHR148860
OG0001830	Om003G122150, Om003G122160	CARHR168830
OG0001830	Om003G122140	CARHR168680
OG0001831	Om008G362720	CARHR173730, CARHR173760, CARHR173740, CARHR183270, CARHR174690
OG0001832	Om008G338530, Om008G335500, Om008G335450	CARHR129740, CARHR129750, CARHR129760
OG0001833	Om001G028080	CARHR239500
OG0001834	Om008G335300	CARHR016300
OG0001834	Om005G196550, Om008G335310	CARHR016290
OG0001835	Om005G202280	CARHR020630
OG0001836	Om005G224440	CARHR049840
OG0001837	Om004G172100, Om006G261930	CARHR208050
OG0001837	Om004G172140, Om004G172120, Om004G172110	CARHR208210
OG0001838	Om001G000280, Om001G000290	CARHR224100
OG0001839	Om004G176150	CARHR119510
OG0001844	Om001G024060	CARHR237000
OG0001844	Om002G087490	CARHR110240
OG0001845	Om001G026200	CARHR238320
OG0001846	Om002G083690	CARHR293450
OG0001846	Om001G034280	CARHR243580
OG0001847	Om007G276170	CARHR223370
OG0001847	Om007G276160	CARHR223350, CARHR223390
OG0001848	Om005G189000	CARHR010610
OG0001849	Om005G222900	CARHR051240
OG0001851	Om007G317310	CARHR261300
OG0001851	Om006G271240	CARHR148700
OG0001852	Om007G315660	CARHR262680
OG0001853	Om006G255380, Om007G288500	CARHR151180
OG0001854	Om005G214490	CARHR057750
OG0001855	Om005G215030	CARHR057150
OG0001856	Om005G191370	CARHR012400
OG0001857	Om006G249860	CARHR270760
OG0001858	Om004G173240	CARHR209090
OG0001858	Om002G053140	CARHR084770
OG0001859	Om002G053510	CARHR085060
OG0001859	Om004G172790	CARHR208760
OG0001860	Om004G171350	CARHR207660
OG0001861	Om002G054630	CARHR085860
OG0001862	Om004G170140	CARHR206640
OG0001862	Om002G055460	CARHR086410
OG0001863	Om007G286190	CARHR232650
OG0001863	Om003G112570	CARHR264220
OG0001864	Om003G116120	CARHR267780, CARHR234910, CARHR234920
OG0001865	Om003G116350	CARHR267980
OG0001865	Om001G020020	CARHR234820
OG0001866	Om003G116580	CARHR268210
OG0001866	Om001G019420	CARHR234680
OG0001867	Om006G249280	CARHR271260, CARHR233290
OG0001868	Om006G240910	CARHR193390
OG0001869	Om006G231560	CARHR217670, CARHR279570
OG0001869	Om004G165280	CARHR202760
OG0001870	Om006G231800	CARHR279360
OG0001871	Om006G232050	CARHR279130
OG0001871	Om004G166020, Om004G166050	CARHR203270, CARHR203260
OG0001872	Om006G232620	CARHR278750
OG0001873	Om004G166720	CARHR203860
OG0001874	Om005G225550	CARHR035670, CARHR204280
OG0001875	Om004G167850	CARHR204990
OG0001875	Om006G237550	CARHR190440
OG0001876	Om006G237180	CARHR274710
OG0001876	Om004G168040	CARHR205160
OG0001877	Om004G168890	CARHR205740
OG0001878	Om001G000310	CARHR224140
OG0001878	Om008G362390	CARHR174080
OG0001879	Om001G001080	CARHR224650
OG0001879	Om006G254640	CARHR174820
OG0001880	Om001G001830	CARHR224970
OG0001881	Om001G006590	CARHR227550, CARHR227540
OG0001882	Om008G354800	CARHR215970, CARHR252530
OG0001882	Om001G007480	CARHR228240
OG0001883	Om008G354400	CARHR252710
OG0001883	Om001G008000	CARHR228540
OG0001884	Om005G195870	CARHR015730
OG0001884	Om004G129530	CARHR053210
OG0001885	Om001G012040	CARHR032510
OG0001885	Om008G347930	CARHR256210
OG0001886	Om001G014110	CARHR034370
OG0001886	Om008G343340	CARHR260390
OG0001887	Om008G344790	CARHR259540
OG0001887	Om001G014790	CARHR034770
OG0001888	Om007G289400	CARHR128230
OG0001889	Om002G085610	CARHR108920
OG0001889	Om001G036380	CARHR244880
OG0001890	Om001G039100	CARHR246400
OG0001890	Om001G039090	CARHR246390
OG0001891	Om001G017880	CARHR233470
OG0001891	Om005G214820, Om005G189340	CARHR010860
OG0001892	Om008G341440	CARHR180850
OG0001892	Om007G287980	CARHR027230
OG0001893	Om008G347990	CARHR256130
OG0001895	Om008G362400, Om008G362420, Om008G362410	CARHR174050, CARHR174060
OG0001896	Om003G104810	CARHR078570
OG0001896	Om002G050160	CARHR082080
OG0001897	Om002G072930	CARHR099830
OG0001897	Om003G103660	CARHR219760
OG0001898	Om002G071120	CARHR098630
OG0001898	Om003G102430	CARHR221290
OG0001900	Om007G318210	CARHR212800
OG0001901	Om008G318990	CARHR143180
OG0001901	Om003G128330	CARHR172970
OG0001902	Om003G127700	CARHR172430
OG0001902	Om008G320130	CARHR142340
OG0001903	Om003G125620	CARHR171030
OG0001903	Om008G322500	CARHR140380
OG0001904	Om008G322650	CARHR140320
OG0001905	Om003G124360	CARHR170310
OG0001905	Om008G323900	CARHR139340
OG0001906	Om003G123560	CARHR169730
OG0001906	Om008G325480	CARHR138300
OG0001907	Om006G262480	CARHR157210
OG0001908	Om001G033950	CARHR277370, CARHR243480, CARHR042990
OG0001909	Om005G179340	CARHR001850
OG0001910	Om007G293120	CARHR251960
OG0001910	Om005G180580	CARHR003010
OG0001911	Om007G278040	CARHR180200, CARHR180210
OG0001911	Om005G181450	CARHR003700
OG0001912	Om007G279800	CARHR125780
OG0001912	Om005G182830	CARHR004960
OG0001913	Om005G183110	CARHR005230
OG0001913	Om007G280140	CARHR125420
OG0001915	Om007G280730	CARHR124820
OG0001915	Om005G183620	CARHR005700
OG0001916	Om007G282370	CARHR122910
OG0001917	Om005G185570	CARHR007540
OG0001919	Om007G301400	CARHR198940
OG0001919	Om002G042440	CARHR075220
OG0001920	Om007G298360	CARHR196860
OG0001920	Om002G044080	CARHR076740
OG0001921	Om007G298300	CARHR196820
OG0001921	Om002G044130	CARHR076790
OG0001922	Om002G047840	CARHR080090
OG0001922	Om007G294100	CARHR186500
OG0001923	Om006G263060	CARHR134050
OG0001923	Om006G252450	CARHR165080
OG0001924	Om006G254590, Om006G254600	CARHR163380
OG0001924	Om008G335870, Om008G335880	CARHR132310
OG0001925	Om008G334680	CARHR150630, CARHR132530
OG0001926	Om008G334240	CARHR132770
OG0001926	Om006G256730	CARHR161490
OG0001927	Om004G130460	CARHR073960
OG0001927	Om005G196440	CARHR016180
OG0001928	Om004G133220	CARHR071950
OG0001928	Om005G198220	CARHR017680
OG0001929	Om005G199150	CARHR018340
OG0001930	Om004G139600	CARHR067640
OG0001931	Om004G138990	CARHR068040
OG0001931	Om005G200760	CARHR019540
OG0001932	Om005G201280	CARHR019950
OG0001932	Om004G138920	CARHR068430
OG0001933	Om004G135540	CARHR021640, CARHR070370
OG0001934	Om005G204640	CARHR022500
OG0001934	Om004G134040	CARHR071460
OG0001935	Om004G143370	CARHR023590
OG0001935	Om005G207130	CARHR064040
OG0001936	Om001G023770	CARHR236790
OG0001937	Om004G145490	CARHR025170
OG0001937	Om005G209270	CARHR062490
OG0001938	Om005G200410	CARHR026840
OG0001939	Om004G156080	CARHR112320
OG0001939	Om001G040860	CARHR247670
OG0001940	Om007G275580	CARHR272170, CARHR001320
OG0001940	Om003G128050	CARHR209510, CARHR209520
OG0001941	Om008G361130	CARHR193870, CARHR193850
OG0001942	Om002G058530	CARHR088760, CARHR256100
OG0001943	Om006G260840, Om002G055280	CARHR086260
OG0001944	Om002G055050	CARHR086120
OG0001944	Om004G170530	CARHR206930
OG0001945	Om006G239300	CARHR158560
OG0001946	Om006G238210	CARHR189880
OG0001947	Om008G357080, Om008G357160	CARHR151100, CARHR151060
OG0001949	Om006G242170, Om008G349600	CARHR192380, CARHR034960, CARHR216540
OG0001950	Om002G058500	CARHR088740
OG0001950	Om003G091220	CARHR044610
OG0001951	Om002G060120	CARHR089900
OG0001951	Om003G093170	CARHR043520
OG0001952	Om002G063070	CARHR091970
OG0001953	Om002G066670	CARHR094720
OG0001953	Om003G097860	CARHR039800
OG0001954	Om002G068670	CARHR096640
OG0001955	Om003G095570	CARHR041850
OG0001955	Om002G069310	CARHR097170
OG0001956	Om001G031980, Om002G081680	CARHR105810
OG0001957	Om008G339760	CARHR128870
OG0001957	Om007G291060	CARHR029860
OG0001958	Om002G080310	CARHR105210
OG0001959	Om003G123980	CARHR170070
OG0001960	Om003G093690	CARHR043240
OG0001961	Om003G097180	CARHR040370
OG0001962	Om001G016520, Om001G004390, Om001G004380, Om005G185120	CARHR182190, CARHR185730, CARHR006900
OG0001963	Om004G160330	CARHR251080
OG0001971	Om001G023940	CARHR236890
OG0001971	Om002G087550	CARHR110280
OG0001972	Om001G026000	CARHR238240
OG0001972	Om002G086100	CARHR109320
OG0001974	Om001G027730	CARHR239240
OG0001975	Om002G080030	CARHR105190
OG0001975	Om001G031270	CARHR241750
OG0001976	Om001G033290	CARHR243060
OG0001977	Om008G338230	CARHR129950
OG0001977	Om007G275940, Om007G275980	CARHR223100
OG0001978	Om005G190090	CARHR011480
OG0001979	Om006G274640	CARHR145010
OG0001979	Om005G194690	CARHR014960
OG0001980	Om006G274410	CARHR145250
OG0001980	Om005G194480	CARHR014800
OG0001981	Om005G192640	CARHR013390
OG0001982	Om006G272160	CARHR147710
OG0001982	Om005G192430	CARHR013210
OG0001983	Om006G271570	CARHR148390
OG0001983	Om007G317710	CARHR213630
OG0001984	Om006G271340	CARHR148580
OG0001984	Om007G317420	CARHR213760
OG0001985	Om005G191720	CARHR229630
OG0001986	Om008G328610	CARHR136240
OG0001987	Om004G173310	CARHR209140
OG0001987	Om002G053110	CARHR084750
OG0001988	Om002G054590	CARHR085830
OG0001988	Om004G171170	CARHR207480
OG0001989	Om002G054880	CARHR086000
OG0001989	Om004G170700	CARHR206810
OG0001990	Om003G115910	CARHR267500
OG0001991	Om003G116940	CARHR268450, CARHR234490
OG0001992	Om003G118060	CARHR269290
OG0001993	Om003G118380	CARHR269510
OG0001994	Om006G249190	CARHR271330
OG0001995	Om004G162520	CARHR200890
OG0001995	Om006G240960	CARHR193440
OG0001996	Om004G163300	CARHR201490
OG0001996	Om006G240660	CARHR187230
OG0001997	Om004G166500	CARHR203730
OG0001997	Om004G154290	CARHR114060
OG0001998	Om004G166800	CARHR203960
OG0001998	Om006G233220	CARHR278170
OG0001999	Om004G168530	CARHR205540
OG0001999	Om006G236530	CARHR275340
OG0002000	Om006G236270	CARHR275550
OG0002000	Om004G169020	CARHR205810
OG0002001	Om008G361450	CARHR174740
OG0002001	Om001G001010	CARHR224600
OG0002002	Om001G005240	CARHR226740
OG0002002	Om008G356940	CARHR178050
OG0002003	Om008G353820	CARHR253100
OG0002004	Om008G352250	CARHR254200
OG0002004	Om001G009710	CARHR229870
OG0002005	Om001G011050	CARHR231150
OG0002006	Om001G011140	CARHR231230
OG0002006	Om008G350700	CARHR255580
OG0002007	Om001G011150	CARHR231250
OG0002008	Om008G348100	CARHR256010
OG0002008	Om001G011710	CARHR032190
OG0002009	Om007G287260	CARHR036980, CARHR036960
OG0002010	Om008G340550	CARHR128110
OG0002011	Om007G289690	CARHR028670
OG0002012	Om002G084180	CARHR107700
OG0002012	Om001G034750	CARHR243830
OG0002013	Om002G084270	CARHR107810
OG0002013	Om001G034940	CARHR243960
OG0002014	Om001G035480	CARHR244320
OG0002014	Om002G084500	CARHR108170
OG0002015	Om002G085980	CARHR109200
OG0002015	Om001G036770	CARHR245160
OG0002016	Om001G038580, Om001G038560, Om001G038570	CARHR246080
OG0002017	Om001G039480	CARHR089330
OG0002018	Om004G156050	CARHR112400
OG0002018	Om001G040820	CARHR247640
OG0002019	Om008G338320	CARHR129860
OG0002021	Om001G011260	CARHR231340
OG0002021	Om008G350590	CARHR255640
OG0002022	Om005G198860	CARHR018170
OG0002022	Om008G359650	CARHR175640
OG0002023	Om002G071280	CARHR098830
OG0002023	Om003G102530	CARHR221060
OG0002024	Om003G102110	CARHR221680
OG0002024	Om002G070550	CARHR098170
OG0002025	Om006G262130	CARHR141750
OG0002026	Om008G322960	CARHR140010
OG0002026	Om003G124910	CARHR170610
OG0002027	Om003G120430	CARHR051780, CARHR167520
OG0002027	Om008G327840	CARHR136690
OG0002028	Om006G244960	CARHR274090
OG0002029	Om005G178520, Om004G163610	CARHR001080
OG0002029	Om004G158350	CARHR249310
OG0002030	Om004G160070	CARHR250880
OG0002030	Om005G179880	CARHR002380
OG0002031	Om005G181490	CARHR127230
OG0002032	Om007G279240	CARHR126070
OG0002032	Om005G182620	CARHR004790
OG0002033	Om005G184230	CARHR006430
OG0002033	Om007G281320	CARHR124110
OG0002034	Om005G185280	CARHR007280
OG0002034	Om007G282940	CARHR122360
OG0002035	Om003G117120	CARHR268660
OG0002036	Om007G299260	CARHR197510
OG0002036	Om002G043630, Om005G194130	CARHR076300
OG0002037	Om007G299250	CARHR197500
OG0002037	Om002G043650	CARHR076320
OG0002038	Om002G062950	CARHR091890
OG0002038	Om002G047680, Om002G047660	CARHR079930
OG0002039	Om006G251670	CARHR165660
OG0002039	Om008G331050	CARHR134670
OG0002040	Om008G336950	CARHR130870
OG0002040	Om006G255270	CARHR162880
OG0002041	Om008G336080	CARHR131630
OG0002041	Om006G254750	CARHR163250
OG0002042	Om008G333890, Om008G333900, Om008G333910	CARHR133010, CARHR133460, CARHR133000, CARHR133470
OG0002043	Om005G196000	CARHR038890
OG0002044	Om005G196230	CARHR016060, CARHR016050
OG0002045	Om005G196530	CARHR016260
OG0002045	Om004G130530	CARHR074040
OG0002046	Om005G196930	CARHR016500
OG0002046	Om004G131250	CARHR073570
OG0002047	Om005G197450	CARHR016970
OG0002047	Om004G132100	CARHR072810
OG0002048	Om005G198740	CARHR018050
OG0002049	Om004G141840	CARHR066100
OG0002049	Om005G199260	CARHR018390
OG0002050	Om005G203040	CARHR021310
OG0002050	Om004G136030	CARHR070020
OG0002051	Om005G203120	CARHR021420
OG0002051	Om008G326890	CARHR137320
OG0002052	Om005G203290	CARHR021530
OG0002052	Om004G135680	CARHR070240
OG0002053	Om005G203670	CARHR021800
OG0002053	Om004G135260	CARHR070540
OG0002054	Om005G205610	CARHR023360
OG0002054	Om005G206670	CARHR064420
OG0002055	Om004G143590	CARHR023670
OG0002055	Om005G207260	CARHR063970
OG0002057	Om001G028770	CARHR239930
OG0002057	Om001G016810	CARHR116290
OG0002058	Om002G054980	CARHR086050, CARHR184600
OG0002059	Om005G182430	CARHR004640
OG0002059	Om007G279370	CARHR126230
OG0002060	Om005G207980	CARHR063440
OG0002060	Om007G300680	CARHR198470
OG0002061	Om006G238560	CARHR189590
OG0002063	Om004G169430	CARHR206080
OG0002063	Om006G247810	CARHR272220
OG0002064	Om006G257280	CARHR161020, CARHR161030
OG0002066	Om004G135550	CARHR070350
OG0002066	Om005G203360	CARHR021620, CARHR021610
OG0002067	Om004G137060	CARHR069430
OG0002068	Om004G132010	CARHR072870
OG0002069	Om004G131890	CARHR073000
OG0002069	Om004G131900	CARHR072980
OG0002070	Om005G197200	CARHR016770
OG0002070	Om004G131620	CARHR073200
OG0002071	Om002G057590	CARHR088030, CARHR152870
OG0002071	Om003G090250	CARHR045220
OG0002072	Om003G090630	CARHR088250
OG0002072	Om002G057860	CARHR088240
OG0002073	Om003G092900	CARHR043590
OG0002073	Om002G059990	CARHR089810
OG0002074	Om003G100200	CARHR222610
OG0002076	Om003G089420	CARHR045990
OG0002076	Om002G056580	CARHR087260
OG0002077	Om003G095670	CARHR041750
OG0002077	Om002G069170	CARHR097040
OG0002078	Om006G251490, Om006G251520	CARHR165810
OG0002078	Om006G251550	CARHR165800
OG0002079	Om004G166410, Om008G327820	CARHR285620, CARHR185540
OG0002081	Om002G065870	CARHR116090
OG0002082	Om008G333070	CARHR133520
OG0002083	Om008G328370, Om008G328350, Om008G328400	CARHR136360
OG0002084	Om004G143450, Om004G143460, Om004G143470, Om004G143480, Om004G148160, Om004G130160	CARHR118380
OG0002085	Om006G274630, Om006G274600, Om002G087630	CARHR178850, CARHR178820
OG0002086	Om001G005150	CARHR210940, CARHR226260, CARHR226700
OG0002093	Om001G032460	CARHR242520
OG0002094	Om002G082280	CARHR242900, CARHR242890
OG0002095	Om002G083810	CARHR293600
OG0002095	Om001G034330	CARHR243610
OG0002096	Om005G218150, Om011G365770	CARHR054910
OG0002096	Om005G187440	CARHR009320
OG0002097	Om005G219500	CARHR283880
OG0002097	Om005G188630	CARHR010250
OG0002098	Om005G221650	CARHR051870
OG0002098	Om006G246890, Om008G322200	CARHR052350
OG0002099	Om005G189760	CARHR011180
OG0002099	Om005G221910	CARHR051990
OG0002100	Om005G193850	CARHR014250
OG0002101	Om007G317520	CARHR213700
OG0002101	Om006G271470	CARHR148500
OG0002103	Om005G228710	CARHR046400
OG0002104	Om005G226920	CARHR047340, CARHR047370
OG0002104	Om007G318160	CARHR212940
OG0002105	Om005G192200	CARHR013010
OG0002105	Om005G225670	CARHR048420
OG0002106	Om005G224520	CARHR049750
OG0002106	Om005G191260	CARHR012310
OG0002107	Om003G119610	CARHR166770
OG0002107	Om008G328900	CARHR136060
OG0002108	Om004G176520	CARHR211620
OG0002108	Om002G051460	CARHR083340
OG0002109	Om004G174680	CARHR211310
OG0002110	Om002G052490	CARHR084270
OG0002110	Om004G174510	CARHR210040
OG0002112	Om004G172230	CARHR208290
OG0002112	Om002G053820	CARHR085300
OG0002114	Om001G021230	CARHR235420
OG0002114	Om003G115110	CARHR266670
OG0002115	Om001G019090	CARHR234470
OG0002115	Om003G116960	CARHR268460
OG0002116	Om003G117540	CARHR268820
OG0002117	Om004G161820	CARHR200360, CARHR026800
OG0002118	Om006G240600	CARHR187550
OG0002118	Om004G163430	CARHR201550
OG0002119	Om004G164940	CARHR202580, CARHR188500
OG0002120	Om006G238120	CARHR189960
OG0002120	Om004G167400	CARHR204490
OG0002121	Om006G236250	CARHR275570
OG0002121	Om004G169060	CARHR205830
OG0002122	Om008G362550	CARHR173930
OG0002122	Om001G000150	CARHR223960
OG0002123	Om001G003360	CARHR225940
OG0002124	Om008G358210	CARHR176670
OG0002125	Om001G005590	CARHR227000
OG0002125	Om008G356610	CARHR178220
OG0002126	Om008G355180	CARHR252370
OG0002126	Om001G007020	CARHR227860
OG0002127	Om008G350880	CARHR255520
OG0002127	Om001G011090	CARHR231190
OG0002128	Om008G349780	CARHR255980
OG0002128	Om001G011680	CARHR032170
OG0002129	Om001G012640	CARHR033370
OG0002131	Om004G159440	CARHR250330
OG0002131	Om005G179470	CARHR001990
OG0002133	Om006G235890, Om001G034910	CARHR243950
OG0002134	Om001G035620	CARHR244410
OG0002135	Om002G085990	CARHR109210
OG0002136	Om004G156300	CARHR112090
OG0002136	Om001G041190	CARHR247880
OG0002137	Om007G315590	CARHR262810
OG0002137	Om007G315600	CARHR262760
OG0002138	Om008G340220	CARHR128430
OG0002138	Om008G340230	CARHR128410, CARHR128420
OG0002139	Om007G287540	CARHR036230
OG0002139	Om008G341530	CARHR181040
OG0002140	Om008G347460	CARHR256510, CARHR256440
OG0002141	Om002G073010	CARHR099870
OG0002142	Om003G128810	CARHR173320
OG0002142	Om008G327150	CARHR143430
OG0002143	Om003G128750	CARHR173280
OG0002143	Om008G318810	CARHR143340
OG0002145	Om008G327060	CARHR137160
OG0002145	Om003G121400, Om003G121340	CARHR168340
OG0002146	Om006G244120	CARHR190950
OG0002149	Om006G234620	CARHR276930
OG0002150	Om006G259210	CARHR159150
OG0002151	Om006G229950	CARHR280940
OG0002152	Om005G178170	CARHR000530
OG0002153	Om005G178080	CARHR000630
OG0002153	Om004G157660	CARHR248670
OG0002154	Om007G292790	CARHR179160
OG0002154	Om005G180930	CARHR003230
OG0002155	Om007G277730	CARHR179720
OG0002155	Om005G181260	CARHR003550
OG0002156	Om007G278520	CARHR127210, CARHR127220
OG0002157	Om005G182510	CARHR126190
OG0002158	Om001G021010	CARHR235310
OG0002158	Om001G021020	CARHR235320
OG0002159	Om002G043950	CARHR076630
OG0002159	Om007G298660	CARHR197070
OG0002160	Om007G297010	CARHR195720
OG0002162	Om002G072610	CARHR099540
OG0002163	Om002G049390	CARHR081290, CARHR081280
OG0002164	Om002G049440	CARHR182410
OG0002165	Om004G161340	CARHR199950
OG0002165	Om002G050970	CARHR082880
OG0002166	Om006G250840	CARHR166260
OG0002166	Om008G330000	CARHR135460
OG0002167	Om008G331780	CARHR134410
OG0002168	Om008G338030	CARHR130120
OG0002168	Om006G256110	CARHR162130
OG0002169	Om008G333390, Om008G333380	CARHR158710, CARHR133300
OG0002170	Om004G131130	CARHR073640
OG0002171	Om005G197080	CARHR016670
OG0002171	Om004G131420	CARHR073380
OG0002172	Om005G197100	CARHR016690
OG0002172	Om004G131400	CARHR073360
OG0002174	Om004G138720	CARHR019860, CARHR068280
OG0002175	Om004G135900	CARHR070100
OG0002175	Om005G203110	CARHR021410
OG0002176	Om005G205080	CARHR022920
OG0002177	Om005G205620	CARHR023370
OG0002177	Om005G206770	CARHR064340
OG0002178	Om005G207570, Om005G207580	CARHR063720
OG0002179	Om005G212170	CARHR060250
OG0002179	Om004G148110	CARHR026730
OG0002181	Om004G160280	CARHR242370
OG0002182	Om006G236900	CARHR274990
OG0002183	Om005G193300	CARHR013800
OG0002183	Om006G272790	CARHR146980
OG0002184	Om005G191190	CARHR029740
OG0002184	Om005G191200	CARHR012260
OG0002185	Om005G191140	CARHR012240
OG0002185	Om005G224450	CARHR049830
OG0002186	Om005G221870	CARHR051950
OG0002186	Om005G189720	CARHR011150
OG0002187	Om005G188060	CARHR009750
OG0002187	Om002G050980	CARHR082890
OG0002188	Om005G182900, Om005G182910	CARHR005010, CARHR005030
OG0002189	Om002G054780	CARHR085930
OG0002189	Om004G170890	CARHR207210
OG0002190	Om002G053730	CARHR085220
OG0002190	Om004G172450	CARHR208430
OG0002191	Om006G240730	CARHR187320
OG0002192	Om006G243460	CARHR152960, CARHR191390
OG0002193	Om006G241710	CARHR192860, CARHR192840, CARHR193470
OG0002194	Om003G089680	CARHR045750
OG0002194	Om002G056880	CARHR087500
OG0002195	Om003G090280, Om003G090260	CARHR045210
OG0002196	Om003G100670	CARHR290520
OG0002196	Om002G063030	CARHR091950
OG0002197	Om002G064030	CARHR092750
OG0002197	Om003G099750	CARHR037860
OG0002198	Om002G064750	CARHR093310
OG0002198	Om003G099350	CARHR038200
OG0002199	Om002G065030	CARHR093480
OG0002199	Om003G099270	CARHR038280
OG0002201	Om002G083390	CARHR107320
OG0002201	Om002G083400	CARHR107330
OG0002202	Om002G083740, Om001G034310, Om007G306500	CARHR293500
OG0002203	Om004G171270	CARHR207610
OG0002204	Om002G086780	CARHR109690
OG0002206	Om003G097900	CARHR039740
OG0002206	Om002G066630	CARHR094680
OG0002207	Om003G100650	CARHR290560
OG0002207	Om003G100640	CARHR290570, CARHR290590
OG0002208	Om003G120020	CARHR167200, CARHR167180, CARHR167170
OG0002209	Om008G322160	CARHR140630
OG0002209	Om003G125950	CARHR171280
OG0002210	Om001G031760	CARHR242030
OG0002213	Om005G215000	CARHR057200
OG0002219	Om002G087540	CARHR110270, CARHR236920
OG0002220	Om001G024510	CARHR237340
OG0002221	Om002G087230	CARHR110010
OG0002222	Om001G029370	CARHR240390, CARHR115730
OG0002222	Om006G240230	CARHR187770
OG0002223	Om001G027170	CARHR238880
OG0002223	Om008G342050	CARHR024920
OG0002224	Om004G154800	CARHR117320
OG0002224	Om001G028010	CARHR239460
OG0002225	Om001G028760	CARHR239920, CARHR116380
OG0002226	Om001G031930	CARHR242180
OG0002226	Om002G081740	CARHR105820
OG0002227	Om002G083870	CARHR243650, CARHR107410
OG0002228	Om007G276870	CARHR031800
OG0002229	Om005G195670	CARHR015570
OG0002230	Om005G195100	CARHR015170
OG0002230	Om006G274890	CARHR144570
OG0002231	Om006G273470	CARHR146450
OG0002231	Om005G193400	CARHR013900, CARHR013910
OG0002232	Om006G272750	CARHR147010
OG0002232	Om005G193310	CARHR013810
OG0002233	Om006G270620, Om006G270630	CARHR151640
OG0002234	Om007G316300	CARHR262460
OG0002235	Om005G213350	CARHR058920
OG0002236	Om005G214180	CARHR058010, CARHR215550
OG0002237	Om007G313680	CARHR216120
OG0002237	Om005G214670	CARHR057490
OG0002238	Om005G228220	CARHR046660
OG0002239	Om005G224740	CARHR049500
OG0002239	Om005G191340	CARHR012370
OG0002240	Om006G249610	CARHR270990
OG0002240	Om006G256100	CARHR233450
OG0002241	Om004G176460	CARHR211560
OG0002241	Om002G051500	CARHR083380
OG0002242	Om002G053050	CARHR084690
OG0002242	Om004G173380	CARHR209210
OG0002243	Om003G095690, Om005G224750	CARHR222110, CARHR151090
OG0002243	Om004G129970	CARHR074430
OG0002244	Om006G234810	CARHR276790
OG0002245	Om007G286030	CARHR232540
OG0002246	Om003G113060	CARHR264770
OG0002247	Om003G113170	CARHR264920
OG0002247	Om007G286410	CARHR232870
OG0002248	Om003G116130	CARHR267790
OG0002249	Om003G116870	CARHR268420
OG0002250	Om003G118090	CARHR269300
OG0002250	Om004G157570	CARHR234170
OG0002251	Om003G118560, Om003G118570	CARHR269680
OG0002252	Om006G249090	CARHR271350
OG0002253	Om004G161870	CARHR200380, CARHR026820
OG0002254	Om006G241020	CARHR193510
OG0002254	Om004G162410	CARHR200800
OG0002255	Om006G240790	CARHR187430
OG0002255	Om004G162850	CARHR201130
OG0002256	Om008G358550	CARHR176400
OG0002256	Om001G003240	CARHR225910
OG0002257	Om001G008880	CARHR229210
OG0002257	Om001G008870	CARHR229200
OG0002258	Om007G291530	CARHR030280
OG0002259	Om001G036060	CARHR244680
OG0002259	Om001G036050	CARHR244670
OG0002260	Om001G009370, Om001G009400	CARHR215910
OG0002261	Om001G037080, Om001G037120, Om001G037110, Om001G037070	CARHR245360
OG0002261	Om001G037090, Om001G037130	CARHR245370
OG0002262	Om001G037920	CARHR245660
OG0002263	Om001G039810	CARHR246930
OG0002264	Om001G041380	CARHR294400
OG0002265	Om007G315430	CARHR263060
OG0002266	Om008G341990	CARHR181760
OG0002266	Om007G287350	CARHR036800
OG0002267	Om002G073200	CARHR100080
OG0002268	Om003G102770	CARHR220590
OG0002269	Om003G102640	CARHR220770
OG0002269	Om002G071560	CARHR098960
OG0002270	Om002G071290	CARHR098840, CARHR098850
OG0002270	Om003G102540	CARHR221020
OG0002271	Om006G267950	CARHR098070
OG0002271	Om003G101990	CARHR221780
OG0002272	Om003G101380	CARHR289970
OG0002273	Om008G322130	CARHR140660
OG0002274	Om008G323700	CARHR139460
OG0002275	Om008G323920	CARHR139320
OG0002276	Om008G323930	CARHR139300
OG0002276	Om003G124310	CARHR170260
OG0002277	Om003G121090	CARHR168170
OG0002277	Om008G326900	CARHR137300
OG0002278	Om003G120520	CARHR167610
OG0002278	Om008G327390	CARHR136830
OG0002279	Om004G176750	CARHR211810, CARHR258990
OG0002279	Om002G044630	CARHR077200
OG0002280	Om006G269150	CARHR151110
OG0002280	Om006G244380	CARHR190630
OG0002281	Om006G244410	CARHR151020, CARHR190600
OG0002282	Om006G245100	CARHR273970
OG0002283	Om006G231820	CARHR279350
OG0002284	Om004G158010	CARHR248990
OG0002286	Om005G180870	CARHR003200
OG0002286	Om007G292840	CARHR179140
OG0002287	Om005G182950	CARHR005080
OG0002288	Om007G280840	CARHR124740
OG0002288	Om005G183650	CARHR005730
OG0002289	Om005G185250, Om005G185230	CARHR007250, CARHR007220
OG0002290	Om007G284920	CARHR119710
OG0002290	Om005G186400, Om004G159190	CARHR008300
OG0002291	Om001G030300	CARHR241060
OG0002292	Om007G301070, Om004G156820	CARHR198700
OG0002292	Om002G042600	CARHR075380
OG0002293	Om002G043250	CARHR076020
OG0002294	Om007G298650	CARHR197060
OG0002294	Om002G043960	CARHR076640
OG0002295	Om007G298290	CARHR196810
OG0002295	Om002G044120	CARHR076780
OG0002296	Om002G044320	CARHR076960
OG0002297	Om007G297760	CARHR196360
OG0002298	Om002G045020	CARHR077510
OG0002299	Om007G294180	CARHR186550
OG0002299	Om002G047980	CARHR080150
OG0002301	Om002G049640	CARHR081540, CARHR286220
OG0002302	Om008G336130	CARHR131570
OG0002302	Om006G254810	CARHR163240
OG0002303	Om004G130500	CARHR074010
OG0002303	Om005G196500	CARHR016240
OG0002304	Om005G197220	CARHR016780
OG0002304	Om004G131630	CARHR073180
OG0002305	Om004G132000	CARHR072920
OG0002305	Om005G197380	CARHR016910
OG0002306	Om005G197630	CARHR017140
OG0002306	Om004G132230	CARHR072700
OG0002307	Om004G139520	CARHR067710
OG0002308	Om005G203280	CARHR021520
OG0002308	Om004G135690	CARHR070230
OG0002309	Om004G134540	CARHR071120
OG0002310	Om005G204370	CARHR022340
OG0002310	Om004G134340	CARHR071250
OG0002311	Om004G144480	CARHR024280
OG0002311	Om005G208010	CARHR063400
OG0002312	Om004G144700	CARHR024410
OG0002313	Om005G209770	CARHR062020
OG0002314	Om005G212210	CARHR060180
OG0002315	Om001G026210	CARHR238330
OG0002316	Om005G186980	CARHR008870
OG0002318	Om003G089650, Om003G089640, Om002G080660, Om002G080690	CARHR213440
OG0002320	Om004G158360	CARHR249320
OG0002320	Om005G178530	CARHR001090
OG0002321	Om002G056240	CARHR087010
OG0002322	Om004G136390, Om004G171860, Om004G136360	CARHR065770, CARHR065760
OG0002324	Om005G206660, Om005G206650	CARHR064440, CARHR064430, CARHR063030
OG0002326	Om002G057530	CARHR087990
OG0002327	Om003G092230	CARHR044000
OG0002327	Om002G059370	CARHR089410
OG0002328	Om002G061320	CARHR090780
OG0002328	Om003G094220	CARHR042790, CARHR054610
OG0002329	Om002G065240	CARHR093670
OG0002329	Om003G099100	CARHR038750
OG0002330	Om002G065460	CARHR039120
OG0002331	Om002G069070	CARHR096920
OG0002331	Om003G095830	CARHR041660
OG0002333	Om001G032720, Om001G032730	CARHR242330
OG0002334	Om001G022320	CARHR235990
OG0002335	Om003G094750	CARHR042380
OG0002335	Om002G061920	CARHR091280
OG0002336	Om002G061950	CARHR091300
OG0002336	Om003G094770	CARHR042360
OG0002337	Om006G255900	CARHR162240
OG0002337	Om008G337880	CARHR130220
OG0002338	Om006G250880	CARHR166170
OG0002338	Om008G330120	CARHR135380
OG0002339	Om008G328120	CARHR136480
OG0002339	Om003G120170	CARHR167290
OG0002343	Om006G266780, Om006G266770, Om006G266730	CARHR150870
OG0002345	Om003G114180, Om004G144450	CARHR024240
OG0002348	Om001G022630	CARHR236170
OG0002349	Om001G022910	CARHR236330
OG0002349	Om002G088200	CARHR110990
OG0002350	Om001G023870	CARHR236860
OG0002351	Om001G026660	CARHR238570
OG0002352	Om001G027510	CARHR239120
OG0002353	Om001G033940	CARHR243470, CARHR042980
OG0002354	Om007G292170	CARHR030910, CARHR129840
OG0002355	Om005G216430	CARHR056040
OG0002355	Om002G047320	CARHR079600
OG0002356	Om005G187980, Om007G308420	CARHR009680
OG0002356	Om005G218770	CARHR053790
OG0002357	Om005G189060	CARHR010630
OG0002358	Om005G195120	CARHR015190
OG0002359	Om005G194760	CARHR015020
OG0002360	Om005G203380	CARHR144970
OG0002361	Om007G317390	CARHR213790
OG0002361	Om006G271300	CARHR148650
OG0002362	Om006G271070	CARHR149050
OG0002363	Om006G269760	CARHR149630
OG0002363	Om007G316790	CARHR261790
OG0002364	Om008G336250	CARHR057660
OG0002365	Om005G215350	CARHR056580, CARHR216660
OG0002366	Om005G192120	CARHR012930
OG0002366	Om005G225630	CARHR048570
OG0002367	Om003G119150	CARHR270170, CARHR233900
OG0002368	Om008G328710	CARHR136170
OG0002368	Om003G119820	CARHR167010
OG0002369	Om008G329410	CARHR135690
OG0002369	Om008G329400	CARHR135710
OG0002370	Om002G051810	CARHR180840
OG0002371	Om002G052630	CARHR084410
OG0002371	Om004G174240	CARHR209830
OG0002372	Om002G054270	CARHR085560
OG0002372	Om004G171700	CARHR207900
OG0002373	Om004G169920	CARHR206410
OG0002373	Om002G055760	CARHR086690
OG0002374	Om007G299120	CARHR232020
OG0002375	Om001G010430	CARHR230690
OG0002375	Om003G112400	CARHR264070
OG0002376	Om007G286550	CARHR232950
OG0002376	Om003G113340	CARHR265120
OG0002377	Om001G020490	CARHR235120
OG0002377	Om003G115880	CARHR267410
OG0002378	Om001G019530	CARHR234750
OG0002378	Om003G116450	CARHR268110
OG0002379	Om006G249920	CARHR233630
OG0002380	Om006G232520	CARHR278850
OG0002380	Om004G166210	CARHR203400
OG0002381	Om006G233970	CARHR277530
OG0002382	Om004G168290	CARHR205350
OG0002382	Om006G236890	CARHR275000
OG0002383	Om008G359100	CARHR176000
OG0002383	Om001G002370	CARHR225320
OG0002384	Om001G005940, Om008G356250	CARHR178550
OG0002385	Om008G355540	CARHR252120
OG0002385	Om001G006760	CARHR227670
OG0002386	Om008G353450	CARHR253640
OG0002386	Om001G009080	CARHR229350
OG0002387	Om001G037680	CARHR245610, CARHR292970
OG0002388	Om001G038210	CARHR245850
OG0002389	Om001G041870	CARHR294000
OG0002389	Om008G338820	CARHR129590
OG0002390	Om008G338930	CARHR230030, CARHR129480
OG0002390	Om007G276750	CARHR031980
OG0002392	Om001G006770	CARHR227680
OG0002392	Om008G355490	CARHR252160
OG0002393	Om003G104420	CARHR218580
OG0002393	Om002G074760	CARHR101290
OG0002394	Om002G074030	CARHR100550
OG0002395	Om002G073690	CARHR100390
OG0002396	Om003G103140	CARHR220560
OG0002397	Om007G317220	CARHR261360
OG0002397	Om006G271180	CARHR148770
OG0002398	Om003G128860	CARHR173380
OG0002399	Om008G319120	CARHR173060
OG0002400	Om006G262180	CARHR141700
OG0002400	Om003G127010	CARHR172010
OG0002401	Om003G126210	CARHR171540
OG0002402	Om008G322070	CARHR140720
OG0002402	Om003G125990	CARHR171310
OG0002403	Om004G140740	CARHR066760
OG0002403	Om005G199570	CARHR018630
OG0002404	Om008G325140	CARHR138570
OG0002404	Om006G238670	CARHR189520
OG0002406	Om006G242220	CARHR192300
OG0002406	Om006G268310	CARHR153750
OG0002407	Om006G242550, Om006G242540	CARHR152530
OG0002408	Om006G244830	CARHR150700, CARHR274210
OG0002409	Om006G232440, Om006G232450	CARHR278900
OG0002410	Om006G231030	CARHR280010
OG0002411	Om005G198890	CARHR018190
OG0002411	Om004G142100	CARHR065750
OG0002412	Om005G178120	CARHR000580
OG0002412	Om004G157830	CARHR248880
OG0002413	Om005G178250	CARHR000750
OG0002414	Om005G180280	CARHR002740
OG0002414	Om004G160600	CARHR251390
OG0002416	Om007G277950	CARHR180130
OG0002416	Om005G181380	CARHR003660
OG0002417	Om007G278870	CARHR126790
OG0002417	Om005G182110	CARHR004330
OG0002418	Om007G279890	CARHR125700
OG0002418	Om005G182920	CARHR005040
OG0002419	Om005G184250	CARHR006460
OG0002419	Om007G281360	CARHR124050
OG0002420	Om007G284180	CARHR120680
OG0002421	Om007G284530	CARHR120220
OG0002421	Om005G186210	CARHR008120
OG0002422	Om003G116490	CARHR268150
OG0002423	Om002G043450	CARHR076130
OG0002423	Om007G299650	CARHR197740
OG0002424	Om007G299190	CARHR197450
OG0002424	Om002G043710	CARHR076380
OG0002425	Om002G043760	CARHR076430
OG0002426	Om002G043810	CARHR076510
OG0002426	Om007G298940	CARHR197270
OG0002427	Om002G044570	CARHR077140
OG0002427	Om007G297420	CARHR196120
OG0002428	Om002G045550	CARHR078030
OG0002428	Om007G296080	CARHR194890
OG0002429	Om005G184690	CARHR006830, CARHR006840
OG0002430	Om002G051040	CARHR082940
OG0002430	Om002G051020	CARHR082930
OG0002431	Om006G252060	CARHR165300
OG0002431	Om008G331860	CARHR134350
OG0002432	Om008G332010	CARHR134260
OG0002433	Om005G196700	CARHR016380
OG0002434	Om005G197650	CARHR017160
OG0002434	Om004G132260	CARHR072680
OG0002435	Om004G140870	CARHR066670
OG0002435	Om005G199790	CARHR018800
OG0002436	Om005G204160	CARHR022130
OG0002436	Om004G134750	CARHR071020
OG0002437	Om005G204660	CARHR022520
OG0002437	Om004G133980	CARHR071500
OG0002438	Om005G204760	CARHR022650
OG0002438	Om004G133620	CARHR071660
OG0002439	Om004G142960	CARHR065020
OG0002439	Om005G205030	CARHR022880
OG0002440	Om003G129420	CARHR291400
OG0002441	Om005G205650	CARHR023410
OG0002442	Om005G207770	CARHR063610
OG0002442	Om004G143940	CARHR023980
OG0002443	Om004G145670	CARHR025270
OG0002443	Om005G209380	CARHR062390
OG0002444	Om005G210480	CARHR061520
OG0002444	Om004G146750	CARHR025770
OG0002446	Om001G021220	CARHR235410
OG0002448	Om006G258430	CARHR160090
OG0002449	Om005G192490	CARHR013260
OG0002449	Om006G272210	CARHR147640
OG0002450	Om006G263110	CARHR260700
OG0002450	Om005G186060	CARHR007940
OG0002451	Om007G283780	CARHR121230
OG0002452	Om005G185090	CARHR007070
OG0002453	Om004G160200	CARHR250990
OG0002453	Om005G179940	CARHR002420
OG0002454	Om005G179920	CARHR002410
OG0002454	Om004G160150	CARHR250960
OG0002455	Om007G297470, Om007G297430	CARHR196130
OG0002455	Om007G297480	CARHR196160, CARHR196140
OG0002456	Om007G296270	CARHR195070
OG0002456	Om007G296180	CARHR194980
OG0002457	Om007G294720	CARHR193650
OG0002458	Om006G252900, Om006G252890	CARHR164700, CARHR164710
OG0002459	Om006G234910	CARHR276680, CARHR276690
OG0002460	Om004G169360	CARHR206020
OG0002461	Om006G257400	CARHR160940, CARHR160920
OG0002461	Om006G257410	CARHR160930
OG0002462	Om004G135990	CARHR070060
OG0002463	Om004G136380	CARHR069850
OG0002463	Om005G202660	CARHR021050
OG0002464	Om004G139620	CARHR067620
OG0002464	Om004G139820	CARHR067440
OG0002464	Om004G139830	CARHR289450
OG0002465	Om005G196090	CARHR015910
OG0002465	Om004G130090	CARHR074320
OG0002466	Om002G058600	CARHR088810
OG0002466	Om003G091330	CARHR044530
OG0002467	Om002G059120	CARHR089220
OG0002467	Om003G091930	CARHR044180
OG0002468	Om003G093430	CARHR043390
OG0002468	Om002G060440	CARHR090210
OG0002469	Om003G100420	CARHR290750
OG0002469	Om002G063280	CARHR092130
OG0002470	Om002G064040	CARHR092760
OG0002470	Om003G099740	CARHR037870
OG0002471	Om002G064290	CARHR092980
OG0002471	Om003G099610	CARHR037510
OG0002472	Om002G064500	CARHR093110
OG0002472	Om003G099560	CARHR038050
OG0002473	Om002G064740	CARHR093300
OG0002473	Om003G099360	CARHR038190
OG0002474	Om003G102290	CARHR221410
OG0002474	Om002G070890	CARHR098420
OG0002475	Om003G102650	CARHR220720
OG0002475	Om002G071660	CARHR098990
OG0002476	Om007G307380	CARHR293290
OG0002477	Om001G022930, Om002G088190	CARHR110980, CARHR236340
OG0002478	Om002G060170	CARHR089980
OG0002478	Om003G093240	CARHR043460
OG0002479	Om008G339820	CARHR128820, CARHR059410
OG0002480	Om008G329150	CARHR135890
OG0002482	Om008G362070, Om002G082070, Om002G082080	CARHR174230
OG0002483	Om003G090170, Om001G009430	CARHR075980
OG0002485	Om007G294530	CARHR187010
OG0002486	Om005G202770	CARHR020740
OG0002494	Om001G022180	CARHR235900
OG0002497	Om006G249730	CARHR270860
OG0002497	Om001G027880	CARHR239370
OG0002498	Om001G028020	CARHR239470
OG0002499	Om006G243670	CARHR191280
OG0002500	Om001G032310	CARHR060470, CARHR242600, CARHR105680
OG0002502	Om008G339020	CARHR129390
OG0002504	Om005G188200	CARHR009860
OG0002505	Om005G188870	CARHR010480
OG0002505	Om005G219760	CARHR053430
OG0002506	Om005G220560	CARHR052740
OG0002506	Om005G189200	CARHR010730
OG0002508	Om005G194000	CARHR014380
OG0002510	Om005G192470	CARHR013250, CARHR013230
OG0002511	Om006G258800	CARHR152080
OG0002512	Om003G124540	CARHR170360
OG0002512	Om003G090130	CARHR045330
OG0002513	Om002G053810	CARHR085290
OG0002513	Om004G172240	CARHR208300
OG0002514	Om002G054400	CARHR085680, CARHR207710
OG0002515	Om002G055180	CARHR086180
OG0002516	Om007G286760	CARHR233130
OG0002517	Om001G021280	CARHR235450
OG0002517	Om003G115090	CARHR266650
OG0002518	Om001G018700	CARHR234250
OG0002520	Om003G118140	CARHR269340
OG0002522	Om006G233080	CARHR278350
OG0002523	Om001G000210	CARHR224020
OG0002523	Om008G362500	CARHR173960
OG0002524	Om008G352230	CARHR254180
OG0002524	Om001G009650	CARHR229840
OG0002525	Om001G013860	CARHR034220
OG0002526	Om007G291200	CARHR030010
OG0002526	Om007G286110	CARHR232620
OG0002527	Om008G339380	CARHR129110
OG0002527	Om007G291660	CARHR030390
OG0002528	Om002G084630	CARHR108410
OG0002528	Om001G035710	CARHR244480
OG0002529	Om001G037570, Om009G363220	CARHR245570
OG0002529	Om004G152030	CARHR293030
OG0002530	Om001G038400	CARHR246020
OG0002531	Om001G039580	CARHR246720
OG0002533	Om001G041720	CARHR154330
OG0002534	Om008G343760	CARHR260150, CARHR260160
OG0002535	Om008G352840	CARHR254510, CARHR230060
OG0002536	Om001G009040	CARHR229320
OG0002536	Om008G353500	CARHR253580
OG0002537	Om008G353650	CARHR253440
OG0002537	Om005G182210	CARHR004420
OG0002538	Om003G103530	CARHR220040
OG0002539	Om003G102700	CARHR220650
OG0002539	Om003G102710	CARHR220640
OG0002542	Om008G321170	CARHR141450
OG0002542	Om003G126750	CARHR171880
OG0002543	Om008G321630	CARHR141030
OG0002543	Om003G126150	CARHR171490
OG0002544	Om008G324390	CARHR139030
OG0002544	Om003G124160	CARHR170170
OG0002545	Om008G327780	CARHR136730
OG0002545	Om003G120490	CARHR167570
OG0002546	Om001G032320, Om008G327360, Om005G223600, Om005G223580, Om005G223690	CARHR025870
OG0002547	Om008G327970	CARHR136570
OG0002548	Om007G278310, Om008G333730	CARHR133140
OG0002548	Om004G174130	CARHR209750
OG0002552	Om006G261690	CARHR157410
OG0002552	Om006G234150	CARHR277350
OG0002553	Om006G230380	CARHR280570
OG0002553	Om006G258940	CARHR159780
OG0002555	Om004G158540	CARHR249480
OG0002555	Om005G178760	CARHR001310
OG0002556	Om004G158740	CARHR250170
OG0002556	Om005G178920	CARHR001490
OG0002557	Om005G183350	CARHR005460
OG0002557	Om007G280420	CARHR125100
OG0002558	Om002G081980, Om004G142620	CARHR229800, CARHR234640
OG0002558	Om001G019410	CARHR234630, CARHR233850, CARHR229820
OG0002559	Om002G042630	CARHR075420
OG0002559	Om007G301000	CARHR198620
OG0002560	Om007G300020	CARHR197990
OG0002560	Om002G043100	CARHR075920
OG0002561	Om007G297980	CARHR196540
OG0002562	Om007G293330	CARHR184980
OG0002562	Om002G046800	CARHR079210
OG0002563	Om002G046910, Om002G046950, Om002G046940, Om008G358000	CARHR079300
OG0002564	Om002G048840, Om002G048850	CARHR080840
OG0002565	Om006G255810	CARHR130300
OG0002566	Om008G335590	CARHR132140
OG0002567	Om005G197230	CARHR016790
OG0002568	Om004G137960	CARHR068730
OG0002568	Om005G201600	CARHR020170
OG0002569	Om004G136990	CARHR069640
OG0002569	Om005G202460	CARHR020810
OG0002571	Om004G135920	CARHR070090
OG0002571	Om005G203100	CARHR021400
OG0002572	Om005G203930	CARHR021970
OG0002573	Om005G208210	CARHR063230
OG0002573	Om004G144750	CARHR024530
OG0002574	Om004G146730	CARHR025760
OG0002574	Om005G210500	CARHR061500
OG0002577	Om005G185180	CARHR007180
OG0002578	Om005G183810	CARHR005980
OG0002580	Om007G279840	CARHR125760
OG0002581	Om007G305570	CARHR001390
OG0002582	Om008G330130	CARHR103760, CARHR135360
OG0002583	Om006G260240	CARHR158570
OG0002583	Om006G239330	CARHR188810
OG0002584	Om006G247270	CARHR272730
OG0002585	Om006G245810	CARHR273270
OG0002586	Om006G267290	CARHR154320
OG0002587	Om005G201720	CARHR020270
OG0002587	Om004G138100	CARHR068870
OG0002588	Om004G139700	CARHR067570
OG0002589	Om004G142230	CARHR065670
OG0002590	Om002G058800	CARHR088960
OG0002590	Om003G091560	CARHR044410
OG0002591	Om002G057760	CARHR088180
OG0002591	Om003G090550	CARHR045020
OG0002592	Om003G091390	CARHR044480
OG0002592	Om005G219360, Om002G058660	CARHR088880
OG0002593	Om003G093810	CARHR043140
OG0002594	Om003G094080	CARHR042870
OG0002594	Om002G061220	CARHR090700
OG0002595	Om002G061900	CARHR091260
OG0002595	Om003G094740	CARHR042390
OG0002596	Om002G062960	CARHR091900
OG0002596	Om003G100750	CARHR290440
OG0002597	Om002G063790	CARHR092510
OG0002597	Om003G099940	CARHR037670
OG0002598	Om002G064590	CARHR093200
OG0002599	Om002G069870	CARHR097710, CARHR097700
OG0002600	Om002G043700	CARHR076370
OG0002601	Om001G038450	CARHR115720
OG0002601	Om001G029380	CARHR240420
OG0002602	Om002G057020	CARHR087630
OG0002603	Om002G068940, Om001G032110	CARHR096860
OG0002603	Om003G095950	CARHR041540
OG0002604	Om007G278920, Om001G026100, Om001G006080, Om007G278910	CARHR039270, CARHR039280
OG0002605	Om003G119300	CARHR166570
OG0002605	Om008G329110	CARHR135920
OG0002607	Om003G117210, Om003G124640	CARHR170440
OG0002608	Om001G031230	CARHR156370
OG0002608	Om003G092420, Om002G073240	CARHR100120, CARHR252650, CARHR100110
OG0002610	Om001G000970	CARHR224580
OG0002610	Om008G359690	CARHR175590
OG0002611	Om008G332990, Om008G332980	CARHR181290, CARHR133600
OG0002612	Om001G029260	CARHR240300
OG0002612	Om001G029250	CARHR240290
OG0002614	Om005G192350	CARHR013140, CARHR147890
OG0002616	Om007G290040	CARHR292130, CARHR038380
OG0002617	Om003G091590	CARHR036080
OG0002618	Om006G233830	CARHR277660, CARHR277670
OG0002622	Om002G088000	CARHR110760
OG0002622	Om001G023370	CARHR236540
OG0002623	Om001G027230	CARHR117810, CARHR238920
OG0002624	Om001G029870	CARHR240790
OG0002625	Om006G269700	CARHR282190
OG0002626	Om001G032770	CARHR242290
OG0002627	Om001G032930	CARHR242830
OG0002627	Om002G082410	CARHR106610
OG0002628	Om001G033610	CARHR243280
OG0002629	Om008G339210	CARHR129230
OG0002629	Om007G291820	CARHR030600
OG0002630	Om007G277280	CARHR129730, CARHR031400
OG0002631	Om007G276150	CARHR223330
OG0002632	Om005G218520, Om011G366000	CARHR055140
OG0002632	Om005G187310	CARHR009220
OG0002633	Om005G187900	CARHR009620
OG0002634	Om005G219420	CARHR283920
OG0002635	Om005G190430	CARHR011740, CARHR255430
OG0002636	Om005G195180	CARHR015250
OG0002636	Om006G275000	CARHR144410
OG0002637	Om005G193990	CARHR014390
OG0002637	Om006G274080	CARHR145600
OG0002638	Om005G192960	CARHR013620
OG0002639	Om006G271850	CARHR148100
OG0002639	Om004G175210	CARHR210530
OG0002640	Om006G270780	CARHR151830
OG0002641	Om007G315580	CARHR262820
OG0002642	Om005G212770	CARHR059720
OG0002642	Om007G314960	CARHR214090
OG0002643	Om007G314320	CARHR215040
OG0002643	Om005G213670, Om008G349440	CARHR058370
OG0002645	Om006G249620	CARHR270980
OG0002645	Om001G018010	CARHR233480
OG0002646	Om004G173350	CARHR209170
OG0002646	Om002G053090	CARHR084730
OG0002647	Om003G107520	CARHR259070
OG0002648	Om003G114570	CARHR266230
OG0002649	Om003G115280	CARHR266830, CARHR201820, CARHR266850
OG0002650	Om003G116030	CARHR267630
OG0002651	Om003G116250	CARHR267940
OG0002652	Om006G249410	CARHR271160
OG0002653	Om004G164630	CARHR202360
OG0002653	Om006G239790	CARHR188380
OG0002654	Om006G231550	CARHR279590
OG0002654	Om004G165250	CARHR202750
OG0002655	Om004G166030, Om004G166000	CARHR203230
OG0002655	Om006G232090	CARHR279100
OG0002656	Om006G232810	CARHR278580
OG0002656	Om004G166430	CARHR203660
OG0002657	Om001G001370	CARHR224820
OG0002657	Om003G101600	CARHR222130
OG0002658	Om001G006450	CARHR227470
OG0002658	Om001G006470, Om007G317650	CARHR227480
OG0002659	Om001G008860	CARHR229190
OG0002659	Om008G353580	CARHR253490
OG0002660	Om008G353270	CARHR253770
OG0002660	Om001G009240	CARHR229480
OG0002661	Om001G010660	CARHR230790
OG0002661	Om008G351450	CARHR255190
OG0002662	Om001G014200	CARHR034460
OG0002663	Om007G288370	CARHR027580
OG0002664	Om001G035050, Om001G035020, Om001G035030	CARHR244040
OG0002665	Om001G035740	CARHR244500
OG0002665	Om002G084860	CARHR108480
OG0002666	Om001G036230, Om002G068270, Om001G036220	CARHR244820
OG0002667	Om001G036470	CARHR244950
OG0002667	Om002G085650	CARHR108950
OG0002668	Om001G037280, Om001G037270	CARHR245450
OG0002669	Om004G154330	CARHR114130
OG0002669	Om001G038670, Om001G038640, Om001G038650	CARHR246150
OG0002670	Om004G155920	CARHR112540
OG0002670	Om001G040720	CARHR247510
OG0002672	Om007G315760	CARHR262480
OG0002673	Om008G343790	CARHR260110
OG0002673	Om005G195110	CARHR015180
OG0002674	Om002G074280	CARHR253680, CARHR253690
OG0002675	Om001G006840	CARHR227720
OG0002675	Om008G355470	CARHR252180
OG0002676	Om003G104840	CARHR218250
OG0002678	Om003G104450	CARHR100100
OG0002678	Om003G103880	CARHR219300
OG0002679	Om002G071590	CARHR220760, CARHR098970
OG0002680	Om002G071470	CARHR098910
OG0002681	Om008G320940	CARHR141690
OG0002681	Om003G126960	CARHR054060
OG0002682	Om008G325580	CARHR138220, CARHR169650
OG0002684	Om008G327800	CARHR136710
OG0002685	Om002G051330	CARHR083240
OG0002686	Om004G173370	CARHR209200
OG0002686	Om007G299070	CARHR197370
OG0002687	Om001G029770	CARHR150540
OG0002687	Om006G245030	CARHR274030
OG0002688	Om006G267570	CARHR154130
OG0002688	Om006G245440	CARHR273640
OG0002689	Om006G245930, Om006G245950	CARHR273060
OG0002690	Om006G267000, Om006G245960	CARHR273030
OG0002691	Om006G261800	CARHR157380
OG0002691	Om006G234180	CARHR277320
OG0002692	Om004G157620	CARHR248560
OG0002692	Om005G178060	CARHR000650
OG0002693	Om005G180250	CARHR002710, CARHR035450
OG0002693	Om004G160520	CARHR251300
OG0002694	Om007G293050	CARHR178920
OG0002695	Om007G280230	CARHR125310
OG0002695	Om005G183210	CARHR005340
OG0002696	Om005G185640	CARHR007610
OG0002696	Om007G283290	CARHR121860
OG0002697	Om002G051150	CARHR083030
OG0002697	Om002G051140	CARHR083020
OG0002698	Om002G044740	CARHR077320
OG0002698	Om007G297130	CARHR195820
OG0002699	Om004G156870, Om002G044820	CARHR077380, CARHR195770
OG0002700	Om002G045560	CARHR078040
OG0002701	Om002G049880	CARHR081810, CARHR183220
OG0002702	Om006G250810	CARHR166290
OG0002702	Om008G329930	CARHR135480
OG0002703	Om002G085030	CARHR029200
OG0002704	Om006G254790	CARHR131560
OG0002705	Om006G253600	CARHR164170
OG0002705	Om008G333280	CARHR133390
OG0002706	Om004G131710	CARHR073130
OG0002706	Om005G197250	CARHR016820
OG0002707	Om005G199470	CARHR018560
OG0002708	Om004G137980	CARHR068740
OG0002708	Om005G201610	CARHR020180
OG0002709	Om004G135410	CARHR070440
OG0002710	Om005G205410	CARHR023230
OG0002710	Om005G206380	CARHR064650
OG0002711	Om004G144560	CARHR024350
OG0002712	Om005G210530	CARHR061480, CARHR025900
OG0002713	Om005G210560	CARHR061460
OG0002713	Om004G146990	CARHR025940
OG0002714	Om005G195780	CARHR015640
OG0002715	Om008G335830, Om006G275190	CARHR144160
OG0002715	Om005G195500	CARHR015440
OG0002716	Om005G188890	CARHR010500
OG0002717	Om007G298470	CARHR196890
OG0002718	Om007G297190	CARHR195870
OG0002719	Om006G239420	CARHR188750, CARHR188720, CARHR188710
OG0002720	Om006G257880	CARHR184140, CARHR153680
OG0002721	Om006G260380	CARHR158300
OG0002721	Om006G239060	CARHR189010
OG0002722	Om005G209590	CARHR062160
OG0002723	Om004G133920	CARHR071550
OG0002723	Om005G204700	CARHR022560
OG0002724	Om005G202940	CARHR021240
OG0002724	Om004G136150	CARHR069960
OG0002725	Om002G057080	CARHR087690
OG0002725	Om002G057070	CARHR087680
OG0002726	Om002G060810	CARHR090500
OG0002726	Om003G093780	CARHR043160
OG0002728	Om003G097960	CARHR039670
OG0002728	Om002G066520	CARHR094570
OG0002729	Om002G068340	CARHR096300
OG0002730	Om002G069810	CARHR097630
OG0002731	Om002G070720	CARHR098330
OG0002731	Om003G102190	CARHR221520, CARHR221500
OG0002732	Om003G095040, Om003G095020	CARHR042200
OG0002732	Om003G095090	CARHR042190
OG0002733	Om003G098420	CARHR039300
OG0002734	Om008G339900	CARHR128690
OG0002735	Om006G254820	CARHR289330
OG0002736	Om008G334650	CARHR132540
OG0002737	Om008G329140	CARHR135900
OG0002737	Om003G119290	CARHR166560
OG0002738	Om008G362730, Om004G135450, Om008G362740	CARHR173750, CARHR173720
OG0002739	Om006G259500	CARHR159030
OG0002739	Om006G230820	CARHR280180
OG0002741	Om005G201440	CARHR061320
OG0002741	Om004G147080	CARHR026000
OG0002743	Om001G031070	CARHR217610
OG0002743	Om001G031110	CARHR241690
OG0002745	Om005G190950, Om005G190960	CARHR012110
OG0002746	Om005G193830	CARHR014230
OG0002746	Om006G273940	CARHR145830
OG0002748	Om004G166360	CARHR203600
OG0002748	Om006G232730	CARHR278640
OG0002749	Om003G119030	CARHR270040, CARHR270050, CARHR270060
OG0002750	Om005G213150	CARHR059340, CARHR059190, CARHR124310, CARHR059100, CARHR059010, CARHR214460, CARHR214370
OG0002753	Om001G022380	CARHR236020
OG0002754	Om001G023760	CARHR236780
OG0002754	Om002G087900	CARHR110650
OG0002755	Om001G028310	CARHR239620
OG0002757	Om001G032800	CARHR106460, CARHR242760
OG0002761	Om005G225420	CARHR053340, CARHR053280
OG0002762	Om005G223750	CARHR050530
OG0002762	Om005G190640	CARHR011900
OG0002763	Om005G195540	CARHR015460
OG0002763	Om006G275280	CARHR059470
OG0002764	Om005G193700	CARHR014120
OG0002764	Om006G273760	CARHR145980
OG0002765	Om004G167630	CARHR204660
OG0002766	Om007G314260	CARHR215120
OG0002767	Om005G225810	CARHR048320
OG0002768	Om006G250360	CARHR270330
OG0002769	Om002G051970, Om002G051980	CARHR083830
OG0002770	Om003G111920	CARHR257600
OG0002771	Om006G232170	CARHR279010
OG0002772	Om006G233690	CARHR277780
OG0002772	Om004G167030	CARHR204160
OG0002773	Om004G168820, Om004G168770	CARHR205670
OG0002773	Om006G236440	CARHR275440
OG0002774	Om001G005210	CARHR226710
OG0002774	Om008G356980	CARHR177950
OG0002775	Om001G005390	CARHR226800
OG0002775	Om008G356880	CARHR178090
OG0002776	Om001G007460	CARHR228210
OG0002776	Om001G007450	CARHR228200
OG0002777	Om001G008140	CARHR228660, CARHR228670
OG0002778	Om001G009340, Om001G009310, Om001G006980	CARHR230190
OG0002779	Om001G012920	CARHR033530, CARHR033490, CARHR033450
OG0002779	Om001G012910	CARHR033440, CARHR033510
OG0002780	Om001G014540	CARHR034860, CARHR034880
OG0002781	Om001G038440	CARHR246040
OG0002782	Om001G039650	CARHR246790
OG0002784	Om008G362160	CARHR174170
OG0002785	Om003G106070	CARHR217410
OG0002785	Om002G077980	CARHR103940
OG0002786	Om001G029450	CARHR217560
OG0002787	Om003G106580	CARHR216910
OG0002788	Om002G071780	CARHR099110
OG0002789	Om002G071170	CARHR098670
OG0002789	Om003G102480	CARHR221220
OG0002790	Om002G070590	CARHR098210
OG0002790	Om002G070610	CARHR098230
OG0002791	Om003G101580	CARHR222150
OG0002792	Om007G316750	CARHR261840, CARHR261830
OG0002792	Om002G054810	CARHR081050
OG0002793	Om008G320090	CARHR142370
OG0002793	Om003G127760	CARHR172490
OG0002794	Om003G125810	CARHR171140
OG0002795	Om003G124940	CARHR170640
OG0002796	Om008G324990	CARHR138700
OG0002797	Om008G326850	CARHR137350
OG0002798	Om008G327430	CARHR136860, CARHR167370
OG0002798	Om003G120540	CARHR167620
OG0002799	Om004G176720	CARHR211790
OG0002800	Om004G174080, Om004G174110	CARHR209690
OG0002801	Om006G242580	CARHR152600, CARHR152610
OG0002802	Om006G242930	CARHR191780
OG0002803	Om006G266300	CARHR155660
OG0002803	Om006G247160	CARHR272800
OG0002804	Om006G258890	CARHR159800, CARHR280640
OG0002805	Om007G282270	CARHR123010
OG0002806	Om005G179090	CARHR001630
OG0002806	Om004G158840	CARHR250030
OG0002807	Om005G180360	CARHR251500
OG0002808	Om007G279420, Om007G279410	CARHR126270
OG0002808	Om005G182400	CARHR004620
OG0002809	Om007G280580	CARHR124980
OG0002810	Om005G184140	CARHR006350
OG0002810	Om007G281200	CARHR124270
OG0002812	Om007G284670	CARHR120030
OG0002813	Om002G042450	CARHR075230
OG0002813	Om007G301390	CARHR198930
OG0002814	Om007G299550	CARHR197710
OG0002814	Om002G043490	CARHR076170
OG0002815	Om002G044830	CARHR077390
OG0002815	Om007G297030	CARHR195740
OG0002816	Om002G045890	CARHR078340, CARHR078310, CARHR078330, CARHR078320
OG0002817	Om002G046040	CARHR078510
OG0002817	Om007G295770	CARHR194530
OG0002818	Om002G046980	CARHR079330
OG0002819	Om007G295120	CARHR193980
OG0002819	Om002G048670	CARHR080700
OG0002821	Om002G049510	CARHR081440
OG0002821	Om007G304040	CARHR182480
OG0002822	Om002G072690, Om002G072720, Om002G072700	CARHR060040, CARHR078780
OG0002822	Om002G046350	CARHR078790
OG0002823	Om006G255600	CARHR162630
OG0002823	Om008G337460	CARHR130520
OG0002824	Om006G254050	CARHR163820
OG0002825	Om004G130210	CARHR074220
OG0002826	Om004G131270	CARHR073550
OG0002826	Om005G196940	CARHR016520
OG0002827	Om005G198760	CARHR018070
OG0002827	Om004G142370	CARHR065580
OG0002828	Om005G198790	CARHR018100
OG0002828	Om004G142330	CARHR065620
OG0002829	Om005G199440, Om005G199430	CARHR018500
OG0002829	Om004G141650	CARHR066260
OG0002830	Om004G139310	CARHR067840
OG0002831	Om004G138970	CARHR068070, CARHR177860, CARHR177870
OG0002831	Om005G200810	CARHR019560
OG0002832	Om004G136520	CARHR069820
OG0002833	Om005G202630	CARHR021020
OG0002833	Om004G136510	CARHR069830
OG0002834	Om004G144470	CARHR024270
OG0002834	Om005G208000	CARHR063420, CARHR063410
OG0002835	Om005G209680	CARHR062120
OG0002835	Om004G146400	CARHR025570
OG0002836	Om005G210220	CARHR061680, CARHR025890
OG0002837	Om005G210950	CARHR061220
OG0002838	Om001G006670, Om002G051050	CARHR216290
OG0002840	Om001G040750	CARHR247550
OG0002840	Om004G155980	CARHR112480
OG0002841	Om007G279460	CARHR126300
OG0002841	Om005G182370	CARHR004610
OG0002842	Om005G180110, Om005G180130	CARHR002340
OG0002843	Om006G238090	CARHR190000
OG0002844	Om007G300560, Om007G300550	CARHR198400, CARHR198390, CARHR198410
OG0002845	Om007G295280	CARHR194200
OG0002846	Om007G303550	CARHR287960, CARHR050700, CARHR050710
OG0002847	Om004G132130, Om002G056780, Om003G089590	CARHR045790
OG0002848	Om006G239100	CARHR188960
OG0002849	Om006G238920	CARHR189190
OG0002850	Om006G236350	CARHR275500
OG0002851	Om006G238240	CARHR189850
OG0002851	Om006G261280	CARHR157670
OG0002852	Om006G238130	CARHR189970
OG0002853	Om004G152780, Om004G152760, Om004G152770, Om006G236240	CARHR275580
OG0002854	Om006G247310	CARHR272690
OG0002855	Om002G042780	CARHR075570
OG0002855	Om006G247440	CARHR272590
OG0002856	Om006G247470	CARHR155910, CARHR272510
OG0002857	Om006G259130	CARHR159200
OG0002859	Om006G245760	CARHR273320, CARHR154570
OG0002860	Om001G032850	CARHR242910
OG0002860	Om002G082200	CARHR106510
OG0002861	Om005G179190	CARHR001730
OG0002861	Om005G206880	CARHR064270
OG0002862	Om004G139540	CARHR067700
OG0002863	Om004G130930	CARHR073770
OG0002863	Om005G196710	CARHR016390
OG0002864	Om003G090410	CARHR045170
OG0002864	Om002G057700	CARHR088120
OG0002865	Om002G058150	CARHR088500
OG0002866	Om003G091270	CARHR044580
OG0002867	Om002G058730	CARHR088920
OG0002867	Om003G091480	CARHR044460
OG0002868	Om002G060820	CARHR090510
OG0002869	Om003G096560	CARHR040840
OG0002869	Om002G068310	CARHR096270
OG0002871	Om007G280550	CARHR105560
OG0002872	Om001G008150	CARHR228680, CARHR106880, CARHR106870
OG0002873	Om001G025790	CARHR238170
OG0002873	Om002G086160	CARHR109400
OG0002874	Om007G275560	CARHR111630
OG0002874	Om001G022110	CARHR235840
OG0002875	Om002G068360	CARHR096310, CARHR040950, CARHR096330
OG0002876	Om003G098370	CARHR039330
OG0002877	Om006G252490	CARHR165040
OG0002877	Om008G332170	CARHR134030
OG0002878	Om008G329300	CARHR135780
OG0002879	Om003G120150	CARHR167280
OG0002879	Om008G328200	CARHR136440
OG0002880	Om003G120450	CARHR167530
OG0002880	Om004G171200	CARHR207530
OG0002881	Om003G120940	CARHR168010
OG0002882	Om008G357970	CARHR176780
OG0002885	Om002G063510	CARHR092260
OG0002886	Om007G298510	CARHR196980, CARHR196970, CARHR196960
OG0002887	Om007G296100	CARHR194910, CARHR198710
OG0002890	Om002G088470	CARHR111300
OG0002890	Om001G022550	CARHR236110
OG0002891	Om001G026250	CARHR238360
OG0002892	Om004G148590	CARHR116470
OG0002893	Om001G028920	CARHR240030
OG0002894	Om006G268780	CARHR104530
OG0002894	Om001G029590	CARHR240610
OG0002895	Om001G030150	CARHR240950
OG0002896	Om001G031370	CARHR241790
OG0002897	Om001G033250, Om001G033240	CARHR243040
OG0002898	Om002G062900	CARHR091860
OG0002899	Om008G338580	CARHR129690
OG0002900	Om008G338290	CARHR129910
OG0002900	Om007G276280	CARHR223470
OG0002901	Om005G189330	CARHR010850, CARHR113010
OG0002901	Om005G221640	CARHR051820
OG0002902	Om005G223730	CARHR050550
OG0002903	Om005G195830, Om005G195820, Om007G305780	CARHR015690
OG0002904	Om005G195160	CARHR015230
OG0002904	Om002G087120	CARHR144450
OG0002905	Om006G269920	CARHR149810
OG0002906	Om005G226660	CARHR047700, CARHR213020
OG0002907	Om006G249330	CARHR271230, CARHR233300
OG0002909	Om002G053690	CARHR085160
OG0002909	Om004G172520	CARHR208510
OG0002910	Om004G170400	CARHR207070
OG0002910	Om002G055210	CARHR086210
OG0002911	Om002G056120	CARHR086930
OG0002911	Om007G302130	CARHR199570
OG0002912	Om003G115360	CARHR266910
OG0002912	Om004G145600	CARHR025260
OG0002913	Om003G116110	CARHR267770
OG0002914	Om003G118210	CARHR269410, CARHR234120
OG0002915	Om006G248150, Om006G248030	CARHR271980, CARHR271860
OG0002916	Om004G149230, Om004G148230	CARHR027020, CARHR026790
OG0002917	Om004G162910	CARHR201180, CARHR187410
OG0002918	Om006G237660	CARHR190340
OG0002918	Om004G167780	CARHR204870
OG0002919	Om004G168370	CARHR205410
OG0002920	Om006G235920	CARHR275890
OG0002921	Om001G000160	CARHR223970
OG0002921	Om008G362540	CARHR173940
OG0002922	Om001G000680	CARHR224440, CARHR174580
OG0002924	Om008G352030	CARHR254070, CARHR229700
OG0002925	Om001G009780	CARHR229960
OG0002926	Om001G011850	CARHR032370, CARHR032360, CARHR256160
OG0002927	Om001G012490	CARHR033200
OG0002928	Om001G013220	CARHR033720
OG0002928	Om005G205910	CARHR290920
OG0002929	Om001G013520	CARHR034010
OG0002929	Om005G204780	CARHR022680
OG0002930	Om008G340690	CARHR127960
OG0002931	Om001G034890, Om001G034900	CARHR243940
OG0002932	Om001G037170	CARHR245430
OG0002932	Om004G152100	CARHR293130
OG0002933	Om001G038130	CARHR245770
OG0002934	Om001G038930	CARHR246270
OG0002935	Om007G298540, Om001G040770, Om004G151950	CARHR106830
OG0002935	Om004G151940	CARHR112440
OG0002936	Om001G040850	CARHR247660
OG0002937	Om001G040980, Om001G040970	CARHR247770
OG0002938	Om001G041510	CARHR294280
OG0002939	Om003G092340	CARHR254210
OG0002942	Om002G072800	CARHR099720
OG0002943	Om007G317950	CARHR213250, CARHR110430, CARHR213240
OG0002944	Om003G128120	CARHR172820
OG0002944	Om008G319440	CARHR142830
OG0002945	Om005G196470, Om002G043780	CARHR016220
OG0002946	Om008G321020	CARHR141610
OG0002947	Om008G322850	CARHR140140
OG0002948	Om008G323360	CARHR202860
OG0002949	Om008G323380	CARHR139620
OG0002949	Om008G323370	CARHR139630, CARHR150030
OG0002950	Om006G229040	CARHR281740
OG0002950	Om006G257270	CARHR161040
OG0002951	Om008G324340	CARHR139060
OG0002952	Om008G324830	CARHR138810
OG0002952	Om003G123910	CARHR169980
OG0002953	Om008G325130	CARHR138580
OG0002953	Om003G123840	CARHR169960
OG0002954	Om003G123800	CARHR169920
OG0002954	Om008G325210	CARHR138490
OG0002955	Om004G176770	CARHR211830
OG0002955	Om002G051350	CARHR083260
OG0002956	Om006G242850	CARHR118920
OG0002956	Om006G243020	CARHR191720
OG0002957	Om006G245190	CARHR273900
OG0002958	Om006G244470, Om006G244440, Om008G341360, Om008G341350, Om006G244450, Om008G358580	CARHR190570
OG0002959	Om004G165630	CARHR202950
OG0002960	Om006G230750	CARHR280250
OG0002961	Om006G229690	CARHR281180
OG0002962	Om004G156990, Om004G156970	CARHR028140
OG0002963	Om008G354200, Om008G354130, Om004G158530	CARHR249470
OG0002963	Om005G178750	CARHR001300
OG0002964	Om004G159700	CARHR250510
OG0002965	Om007G292980	CARHR179030
OG0002966	Om007G292770	CARHR179170
OG0002967	Om005G181180	CARHR003490
OG0002968	Om005G181200	CARHR003500
OG0002968	Om007G277570	CARHR179530
OG0002969	Om005G181620	CARHR003860
OG0002969	Om007G278390	CARHR127330
OG0002970	Om007G278500	CARHR127240
OG0002970	Om005G181510	CARHR003960
OG0002971	Om005G181520	CARHR003950
OG0002972	Om005G182410	CARHR004630
OG0002972	Om007G279400	CARHR126250
OG0002973	Om005G183640	CARHR005720
OG0002973	Om007G280830	CARHR124750
OG0002974	Om007G283160	CARHR122060
OG0002974	Om005G185420	CARHR007420
OG0002975	Om001G029910	CARHR240820
OG0002976	Om007G301250	CARHR198810
OG0002976	Om002G042550	CARHR075330
OG0002977	Om002G042620	CARHR075410
OG0002977	Om007G301010	CARHR198630
OG0002978	Om006G247190	CARHR272780
OG0002978	Om004G164390	CARHR202240
OG0002979	Om003G117430	CARHR268740
OG0002980	Om002G047350	CARHR079630
OG0002981	Om002G048640	CARHR080670, CARHR193930
OG0002982	Om008G337390	CARHR130570
OG0002982	Om006G255590	CARHR162640
OG0002983	Om008G336790	CARHR130970
OG0002983	Om006G255080	CARHR162970
OG0002984	Om008G336730	CARHR131010
OG0002984	Om008G336740	CARHR131040
OG0002985	Om006G254710	CARHR131670
OG0002986	Om008G343030, Om004G162030	CARHR201210
OG0002988	Om004G138030	CARHR068810
OG0002988	Om005G201660	CARHR034620, CARHR218780, CARHR020230
OG0002989	Om001G031510, Om001G031520	CARHR004020, CARHR004010, CARHR181900
OG0002990	Om005G210760	CARHR026010
OG0002991	Om007G286510, Om007G286520	CARHR232920, CARHR232930
OG0002992	Om005G190470	CARHR011790
OG0002993	Om005G187860, Om003G105910	CARHR040170, CARHR189180
OG0002994	Om001G019280	CARHR055250
OG0002995	Om005G180200	CARHR002580
OG0002996	Om007G294450	CARHR186960
OG0002997	Om007G303310	CARHR185380
OG0002998	Om004G169680	CARHR206240
OG0002998	Om002G055840	CARHR086750
OG0002999	Om004G171560	CARHR207810
OG0002999	Om008G333130	CARHR211680
OG0003000	Om006G236920, Om001G028230, Om002G074790	CARHR274970, CARHR099960
OG0003001	Om006G235720	CARHR276010
OG0003001	Om004G169280	CARHR205970
OG0003003	Om005G198510	CARHR017950
OG0003003	Om004G142600	CARHR065320
OG0003004	Om003G092840	CARHR043670
OG0003004	Om002G059900	CARHR089770
OG0003005	Om003G100780	CARHR290410
OG0003005	Om002G062940	CARHR091880
OG0003006	Om003G100310	CARHR222520
OG0003006	Om002G063460	CARHR092220
OG0003007	Om003G100140	CARHR222650
OG0003007	Om002G063480	CARHR092230
OG0003008	Om003G099120	CARHR038730
OG0003008	Om002G065210	CARHR093630
OG0003009	Om002G066940	CARHR095020
OG0003009	Om003G097710	CARHR039950
OG0003010	Om003G096150	CARHR041150
OG0003010	Om002G068630	CARHR096580
OG0003011	Om002G072470, Om006G253400	CARHR099470, CARHR099460, CARHR099450, CARHR099480
OG0003012	Om002G073660	CARHR100380
OG0003013	Om002G082930	CARHR107030
OG0003013	Om001G033660	CARHR243330
OG0003014	Om002G084850	CARHR108470
OG0003014	Om001G028320	CARHR239630, CARHR286350
OG0003015	Om002G087410	CARHR110170
OG0003015	Om001G024430	CARHR237250
OG0003016	Om003G095590	CARHR103680, CARHR041840
OG0003016	Om002G069270	CARHR097140
OG0003017	Om003G121110	CARHR043630, CARHR168190
OG0003017	Om003G095720	CARHR041720
OG0003018	Om006G252250	CARHR165200
OG0003018	Om008G332020	CARHR134250
OG0003019	Om002G060150	CARHR089960
OG0003020	Om008G324040	CARHR139200
OG0003020	Om003G124250	CARHR170220
OG0003022	Om003G125580, Om003G125590	CARHR263470, CARHR134660
OG0003025	Om007G286770, Om007G286750	CARHR233150
OG0003028	Om001G039220, Om002G082330, Om002G082340	CARHR114330
OG0003030	Om008G354270	CARHR289560, CARHR289640, CARHR175250
OG0003030	Om008G359440	CARHR102310, CARHR223510
OG0003030	Om008G360250, Om008G360640, Om008G360770	CARHR175160
OG0003030	Om008G361240, Om008G361340, Om008G361210	CARHR036550
OG0003033	Om001G023390	CARHR236560
OG0003033	Om002G087960	CARHR110720
OG0003036	Om001G032340	CARHR242570
OG0003036	Om002G081370	CARHR105670
OG0003037	Om001G033430	CARHR004760
OG0003039	Om005G188970	CARHR010570
OG0003039	Om005G219900	CARHR053270
OG0003040	Om005G220050	CARHR053090, CARHR053080
OG0003041	Om005G189370	CARHR010870
OG0003042	Om006G270890	CARHR149390
OG0003042	Om007G316840	CARHR261760
OG0003043	Om005G215230	CARHR056940, CARHR056960
OG0003044	Om005G191640, Om008G342460	CARHR012580
OG0003044	Om005G225100	CARHR049100
OG0003045	Om002G055510	CARHR086470, CARHR086460
OG0003046	Om003G114970	CARHR266550
OG0003046	Om001G021680, Om002G075500	CARHR235610
OG0003047	Om006G233180	CARHR278240
OG0003047	Om004G166780	CARHR203950
OG0003048	Om006G233930	CARHR278210
OG0003049	Om008G362020	CARHR174270
OG0003050	Om008G352040	CARHR254110
OG0003050	Om001G009500, Om001G009530	CARHR229710
OG0003051	Om001G009890	CARHR230050
OG0003051	Om008G352820	CARHR254500
OG0003052	Om008G345750	CARHR260490
OG0003052	Om001G013420	CARHR033880
OG0003053	Om008G343180	CARHR259310
OG0003053	Om001G014860	CARHR124550
OG0003054	Om007G287190	CARHR037070
OG0003055	Om007G288550	CARHR027730
OG0003056	Om008G340750	CARHR127890
OG0003056	Om007G288630	CARHR027780
OG0003057	Om001G034980	CARHR244000
OG0003057	Om002G084320	CARHR107890
OG0003058	Om001G037060	CARHR245350
OG0003059	Om008G339200	CARHR129250
OG0003060	Om008G354520	CARHR252620
OG0003060	Om001G007850	CARHR228460
OG0003061	Om008G362560	CARHR173920
OG0003061	Om001G000140	CARHR223950
OG0003062	Om003G106080	CARHR217400
OG0003062	Om002G078030	CARHR103930
OG0003063	Om002G074430	CARHR101010
OG0003064	Om002G072100, Om003G099860	CARHR099290
OG0003065	Om002G070040	CARHR097840
OG0003066	Om005G227050, Om003G128830	CARHR047070
OG0003067	Om003G125870	CARHR171190
OG0003068	Om003G124120, Om008G324510	CARHR138970
OG0003070	Om006G242640	CARHR191970
OG0003071	Om006G244650	CARHR150750
OG0003072	Om006G245150	CARHR289230, CARHR273950, CARHR273930, CARHR273940
OG0003073	Om002G048140	CARHR080260
OG0003074	Om006G259940	CARHR158830
OG0003075	Om006G231150	CARHR279930
OG0003075	Om006G259700	CARHR158880
OG0003076	Om006G230120	CARHR280790
OG0003077	Om001G035610	CARHR244400
OG0003078	Om006G229160	CARHR281600
OG0003078	Om006G257500	CARHR160840
OG0003080	Om007G280260	CARHR125270
OG0003080	Om005G183230	CARHR005360
OG0003083	Om005G184950	CARHR007020
OG0003083	Om007G282310	CARHR122980
OG0003084	Om007G284410	CARHR120390
OG0003085	Om007G284840	CARHR119810
OG0003086	Om007G302030	CARHR199500
OG0003087	Om002G044700	CARHR077270
OG0003088	Om002G070930	CARHR098460
OG0003089	Om002G047990	CARHR080160, CARHR186560
OG0003090	Om002G048750, Om002G048740	CARHR080750
OG0003091	Om006G256870	CARHR161400
OG0003092	Om013G369570	CARHR111700
OG0003093	Om004G130220	CARHR074210
OG0003094	Om005G198160	CARHR017580
OG0003095	Om005G198400	CARHR257920, CARHR257910
OG0003096	Om005G205520	CARHR023280
OG0003096	Om005G205510	CARHR023260
OG0003097	Om004G144880	CARHR024650
OG0003097	Om005G208380	CARHR063090
OG0003098	Om005G195350, Om005G195360, Om005G195320, Om005G195330	CARHR015360
OG0003099	Om006G258750	CARHR285970, CARHR288020, CARHR159870, CARHR159860, CARHR036770
OG0003100	Om007G281570	CARHR123900
OG0003100	Om005G184360	CARHR006560
OG0003101	Om007G300660	CARHR198450
OG0003101	Om002G042750	CARHR075540
OG0003102	Om004G160860, Om001G030780	CARHR107240, CARHR107230, CARHR260670, CARHR199610
OG0003103	Om006G236630	CARHR275220
OG0003103	Om004G168490	CARHR205510
OG0003104	Om006G236360	CARHR275490
OG0003105	Om006G263790	CARHR156620, CARHR156630
OG0003106	Om006G229300	CARHR281440
OG0003106	Om006G257570	CARHR160770
OG0003107	Om006G235560	CARHR276190
OG0003108	Om006G242590	CARHR192010
OG0003109	Om004G141640, Om004G141630, Om004G141620	CARHR066270, CARHR066280
OG0003110	Om004G131470	CARHR073340
OG0003110	Om003G089370	CARHR046050
OG0003111	Om002G057580	CARHR088020, CARHR045240
OG0003112	Om002G050800	CARHR082720
OG0003113	Om002G061480	CARHR090920, CARHR090910
OG0003114	Om002G066610	CARHR094660
OG0003115	Om002G069220	CARHR097100
OG0003116	Om002G072400	CARHR099420
OG0003116	Om002G072450	CARHR099430
OG0003117	Om003G104350	CARHR218660
OG0003118	Om004G159270	CARHR249630
OG0003119	Om002G082520	CARHR106670
OG0003120	Om001G033180	CARHR243010
OG0003121	Om002G058470	CARHR088710
OG0003121	Om003G091120	CARHR044640
OG0003122	Om008G339600	CARHR128980
OG0003122	Om007G291330	CARHR030140
OG0003123	Om008G335750	CARHR132200
OG0003123	Om006G254500	CARHR163450
OG0003124	Om008G334710	CARHR132510
OG0003125	Om001G021210	CARHR268400, CARHR092390
OG0003125	Om002G063680	CARHR088530, CARHR088540
OG0003127	Om005G226490	CARHR047840, CARHR047830
OG0003128	Om001G001610	CARHR183390, CARHR283720, CARHR053610, CARHR283770, CARHR283990, CARHR284030
OG0003128	Om001G001680	CARHR053510, CARHR284080, CARHR284040, CARHR035560
OG0003139	Om001G023960	CARHR236910
OG0003139	Om001G024460	CARHR237270
OG0003141	Om001G032590	CARHR242400
OG0003142	Om001G034300	CARHR243600
OG0003142	Om002G083730	CARHR293490
OG0003143	Om007G275760	CARHR222880
OG0003144	Om005G189600	CARHR011070
OG0003144	Om003G110360, Om005G221180	CARHR052310
OG0003145	Om005G189620	CARHR011090
OG0003146	Om006G274680	CARHR144880
OG0003146	Om005G194740	CARHR014970
OG0003147	Om006G271760	CARHR148210
OG0003148	Om007G317450	CARHR148540
OG0003149	Om006G232950, Om006G232940	CARHR032520
OG0003150	Om006G269440	CARHR152340
OG0003151	Om005G215290, Om005G215260	CARHR056830
OG0003152	Om005G227850	CARHR046750
OG0003153	Om005G227840	CARHR046740
OG0003154	Om007G318090	CARHR213070
OG0003154	Om005G226450	CARHR047870
OG0003155	Om004G172280	CARHR208320
OG0003157	Om003G117100	CARHR268620
OG0003157	Om001G018820	CARHR234340
OG0003158	Om004G165890	CARHR203150
OG0003159	Om001G005960	CARHR227210
OG0003160	Om008G341950	CARHR181430
OG0003160	Om007G287400	CARHR134160
OG0003161	Om001G039160	CARHR056820, CARHR246440
OG0003162	Om007G302920, Om005G214190	CARHR057920
OG0003163	Om008G354220	CARHR252810
OG0003163	Om001G008160	CARHR228690
OG0003164	Om003G104110	CARHR218930
OG0003164	Om002G073860	CARHR100460
OG0003165	Om004G132510, Om007G303950	CARHR072440, CARHR072430
OG0003166	Om003G126500	CARHR171760
OG0003167	Om008G322090	CARHR140700
OG0003168	Om002G051380, Om002G051370	CARHR083280
OG0003169	Om002G052200	CARHR084000
OG0003169	Om004G175320	CARHR210650
OG0003170	Om006G230930	CARHR280090
OG0003171	Om004G158680	CARHR250220
OG0003172	Om004G158760	CARHR250150, CARHR250120
OG0003173	Om004G160450	CARHR251240, CARHR251230, CARHR251220
OG0003174	Om007G302310	CARHR251770
OG0003174	Om005G180450	CARHR002880
OG0003175	Om005G182000	CARHR004250
OG0003175	Om007G278970	CARHR126680
OG0003176	Om007G278840	CARHR126810
OG0003177	Om007G282500	CARHR122720
OG0003177	Om007G282510	CARHR122710
OG0003178	Om007G301720	CARHR199220
OG0003179	Om002G042070	CARHR074940
OG0003179	Om007G301830	CARHR199300
OG0003180	Om007G303250	CARHR185290
OG0003180	Om002G046490	CARHR078920
OG0003182	Om004G176840	CARHR211890
OG0003183	Om008G332320	CARHR222400, CARHR222410, CARHR133970, CARHR133960
OG0003184	Om008G337660	CARHR130330
OG0003186	Om005G200160	CARHR019120
OG0003187	Om004G136860	CARHR069530
OG0003187	Om005G202340	CARHR020700
OG0003188	Om005G202780	CARHR021130
OG0003189	Om005G202800	CARHR021150, CARHR021160
OG0003190	Om004G134590	CARHR071070
OG0003191	Om007G297700	CARHR070250
OG0003192	Om007G294260	CARHR186700
OG0003192	Om005G199490	CARHR018670
OG0003193	Om005G212300	CARHR060100
OG0003194	Om001G027240	CARHR238930
OG0003195	Om004G153620	CARHR113310
OG0003195	Om004G155760	CARHR112840
OG0003196	Om005G195610	CARHR015510
OG0003197	Om005G225370	CARHR048860
OG0003197	Om005G191820	CARHR012690
OG0003198	Om005G186950	CARHR008840
OG0003200	Om005G186430	CARHR008320, CARHR008310
OG0003201	Om005G181850	CARHR004090
OG0003202	Om005G180940	CARHR003250, CARHR131200, CARHR131270
OG0003203	Om002G047360	CARHR079640
OG0003204	Om004G172870	CARHR208810
OG0003204	Om002G053440	CARHR085020
OG0003206	Om001G029130	CARHR240250
OG0003206	Om006G240090	CARHR188080
OG0003207	Om006G237420	CARHR274520
OG0003208	Om004G135610	CARHR070310
OG0003209	Om002G059040	CARHR089170, CARHR089180
OG0003210	Om002G059210	CARHR089470
OG0003211	Om006G273370, Om002G060610	CARHR090340, CARHR215320, CARHR090350
OG0003212	Om002G061520, Om002G061560, Om002G061570	CARHR090980
OG0003213	Om002G062000	CARHR091340
OG0003214	Om002G064780	CARHR093340
OG0003215	Om002G065610	CARHR093960
OG0003216	Om003G093560, Om002G085160	CARHR108720, CARHR105920
OG0003216	Om003G093580, Om003G093540, Om002G085190	CARHR108710, CARHR219930
OG0003217	Om002G088430	CARHR111240
OG0003217	Om001G022680	CARHR236190
OG0003218	Om003G093590	CARHR043290
OG0003218	Om003G093570	CARHR043300
OG0003219	Om002G069110	CARHR096950
OG0003222	Om006G252540	CARHR165000
OG0003222	Om006G252530	CARHR165010
OG0003223	Om001G029420	CARHR240460
OG0003224	Om006G251110	CARHR166040
OG0003225	Om008G326500	CARHR098750, CARHR050030
OG0003225	Om006G250800	CARHR166300
OG0003226	Om008G324500	CARHR138980
OG0003227	Om005G213510	CARHR058700
OG0003230	Om008G359900, Om008G362080, Om008G362050, Om008G362140	CARHR174200
OG0003231	Om001G005230	CARHR226730
OG0003231	Om008G356950, Om008G356960	CARHR177960
OG0003233	Om001G040670	CARHR247450
OG0003234	Om007G284290	CARHR120520
OG0003235	Om005G192830	CARHR013510
OG0003235	Om005G192840	CARHR013520
OG0003236	Om005G201240	CARHR019910
OG0003248	Om004G155000, Om004G152810	CARHR118300
OG0003249	Om001G028930	CARHR240040
OG0003250	Om001G029300	CARHR240330
OG0003251	Om003G101680	CARHR221990
OG0003252	Om001G031430, Om001G031440	CARHR241820, CARHR156580
OG0003253	Om007G292810, Om007G292830	CARHR179150
OG0003254	Om008G327260	CARHR137030
OG0003254	Om001G006950, Om005G225650	CARHR137670
OG0003255	Om007G291900	CARHR030680
OG0003255	Om005G188640	CARHR010260
OG0003256	Om005G192950	CARHR013610
OG0003257	Om007G297790, Om006G269890	CARHR149790
OG0003258	Om007G315080	CARHR264020
OG0003259	Om005G224900	CARHR057740
OG0003260	Om006G250960	CARHR166130
OG0003261	Om003G114360	CARHR266110
OG0003262	Om003G115380	CARHR266930
OG0003263	Om003G116700	CARHR268310
OG0003264	Om004G164040	CARHR201970
OG0003265	Om004G165000	CARHR202600
OG0003265	Om006G239590	CARHR155340
OG0003266	Om006G237810	CARHR190220
OG0003266	Om004G167700	CARHR204740
OG0003267	Om004G140210	CARHR067100
OG0003267	Om004G167860	CARHR205000
OG0003268	Om001G002730, Om001G002720	CARHR225540, CARHR225550
OG0003269	Om008G353480	CARHR253600
OG0003270	Om001G014260	CARHR117560, CARHR120200, CARHR120210
OG0003271	Om007G288320, Om001G000550, Om003G118910	CARHR027510
OG0003272	Om007G291170	CARHR029990
OG0003274	Om002G083980	CARHR107540
OG0003275	Om001G034950	CARHR243980
OG0003276	Om001G036180	CARHR244780
OG0003276	Om002G085150, Om006G260160	CARHR108690
OG0003277	Om001G036400	CARHR118850, CARHR244930
OG0003277	Om005G221150, Om002G085620	CARHR108930
OG0003278	Om004G156330	CARHR112050
OG0003278	Om001G041260	CARHR247940
OG0003279	Om001G041270	CARHR294460
OG0003280	Om008G338490	CARHR129790
OG0003281	Om008G358380	CARHR176540
OG0003282	Om002G077400, Om002G077340	CARHR103060
OG0003283	Om003G094490	CARHR218570
OG0003284	Om003G103760	CARHR219500, CARHR099910
OG0003285	Om005G189580, Om004G141300	CARHR219670
OG0003286	Om003G102500	CARHR221200
OG0003287	Om003G102230	CARHR221460
OG0003287	Om002G070800	CARHR098370
OG0003288	Om008G319300	CARHR142910
OG0003289	Om008G324380, Om008G324370	CARHR199330, CARHR058880, CARHR139040, CARHR199340
OG0003292	Om006G244220	CARHR190820
OG0003293	Om006G234310	CARHR277200
OG0003294	Om006G232700	CARHR278670
OG0003294	Om004G166330	CARHR203570
OG0003295	Om006G231440	CARHR279690
OG0003296	Om006G229680	CARHR281190
OG0003296	Om006G258150	CARHR160400
OG0003297	Om006G257850	CARHR160540
OG0003297	Om006G229480	CARHR034760
OG0003298	Om007G292760	CARHR179190
OG0003299	Om007G279530	CARHR126430
OG0003299	Om005G182300	CARHR004540
OG0003300	Om007G282080	CARHR123240
OG0003301	Om007G285080, Om007G285060	CARHR119470
OG0003302	Om001G030590	CARHR241270
OG0003303	Om007G301850	CARHR199320
OG0003304	Om002G051180	CARHR083060, CARHR083080, CARHR083070, CARHR083090
OG0003305	Om002G044450	CARHR077040
OG0003305	Om007G297630	CARHR196280
OG0003306	Om002G046640	CARHR079090
OG0003307	Om002G047110	CARHR079440
OG0003308	Om002G050360	CARHR259910, CARHR082280
OG0003309	Om007G286100, Om008G347750, Om008G347760	CARHR232610
OG0003310	Om005G198170	CARHR017570
OG0003310	Om004G133040	CARHR072030
OG0003311	Om005G198300, Om005G198290	CARHR017750
OG0003312	Om004G141070	CARHR066520
OG0003313	Om004G140830	CARHR066700, CARHR018780
OG0003314	Om005G200800	CARHR019550
OG0003315	Om004G135530	CARHR070380
OG0003315	Om005G203390	CARHR021650
OG0003316	Om004G133650	CARHR022600, CARHR022660, CARHR022640, CARHR022630
OG0003317	Om005G205100	CARHR022960, CARHR258050, CARHR022900, CARHR182360, CARHR182150
OG0003318	Om007G317980	CARHR023720
OG0003319	Om004G145280	CARHR025050
OG0003320	Om004G147500	CARHR026340
OG0003321	Om001G028740	CARHR239900
OG0003322	Om006G244400	CARHR100170, CARHR011990
OG0003323	Om005G185340, Om004G146230	CARHR007330
OG0003323	Om004G146240	CARHR196840
OG0003324	Om007G300270	CARHR198170
OG0003325	Om007G293440	CARHR185830
OG0003326	Om004G169960	CARHR206470
OG0003326	Om004G169970	CARHR206480
OG0003327	Om004G171220	CARHR207540
OG0003327	Om006G251220	CARHR165970
OG0003328	Om006G238600	CARHR189580
OG0003329	Om005G211810	CARHR060520
OG0003330	Om005G208570	CARHR062930
OG0003331	Om004G134380	CARHR071210
OG0003332	Om005G201430, Om004G137790, Om004G173530	CARHR068560
OG0003333	Om004G140320	CARHR067010
OG0003333	Om005G200050	CARHR019030
OG0003334	Om004G132600	CARHR072390
OG0003335	Om004G132460	CARHR072480
OG0003335	Om005G197770	CARHR017290
OG0003336	Om002G057380, Om002G057390	CARHR087910
OG0003337	Om002G063700	CARHR092430
OG0003338	Om002G070480	CARHR098110
OG0003339	Om003G093230	CARHR043480
OG0003340	Om003G120470	CARHR167560
OG0003340	Om002G043680	CARHR076350
OG0003341	Om003G121490, Om003G121510	CARHR168400, CARHR168420, CARHR168410
OG0003342	Om003G122450, Om008G355340	CARHR169060
OG0003343	Om003G127730	CARHR172460
OG0003344	Om003G095290	CARHR042080
OG0003350	Om001G028090	CARHR239560, CARHR239510
OG0003351	Om001G009260, Om001G009300	CARHR229530
OG0003352	Om007G298520	CARHR289010, CARHR196920, CARHR196900, CARHR196930, CARHR062790, CARHR196950
OG0003359	Om001G028860	CARHR239990
OG0003360	Om001G029150	CARHR240230
OG0003361	Om003G089580	CARHR287180
OG0003362	Om001G031580	CARHR241900, CARHR146060
OG0003364	Om001G033440	CARHR243170
OG0003364	Om004G159490	CARHR250380
OG0003365	Om001G031400, Om001G031420	CARHR241800, CARHR241810
OG0003366	Om007G276460	CARHR223660, CARHR129330
OG0003367	Om004G140190	CARHR144710
OG0003367	Om005G194830	CARHR015090
OG0003368	Om006G274340	CARHR145370
OG0003369	Om007G316340	CARHR262200
OG0003369	Om001G004520, Om007G316350	CARHR262190
OG0003370	Om005G193070	CARHR013730
OG0003370	Om006G272920	CARHR146790
OG0003371	Om006G271110	CARHR148940
OG0003372	Om003G119350, Om007G315730	CARHR262560
OG0003373	Om005G213610	CARHR214960, CARHR058510
OG0003374	Om005G215590	CARHR056390
OG0003374	Om001G021030	CARHR235330
OG0003375	Om007G318140	CARHR212980
OG0003376	Om001G016920, Om005G202760	CARHR233370
OG0003377	Om006G249850	CARHR270770
OG0003378	Om003G109000	CARHR258730
OG0003379	Om003G117130	CARHR268650, CARHR204420, CARHR234320
OG0003380	Om006G248500	CARHR271540
OG0003381	Om001G021990	CARHR235800
OG0003382	Om004G165770	CARHR203060
OG0003383	Om006G236710	CARHR275170
OG0003385	Om001G006070	CARHR227270
OG0003387	Om001G012080	CARHR032620, CARHR256240
OG0003389	Om008G340540	CARHR128120
OG0003389	Om007G289230	CARHR028240
OG0003390	Om007G290970	CARHR029790, CARHR029800, CARHR219130
OG0003391	Om001G036650	CARHR245030
OG0003394	Om006G243900	CARHR191050
OG0003395	Om008G350910, Om004G150600	CARHR255490
OG0003396	Om008G351370, Om008G351360	CARHR255260, CARHR255270
OG0003397	Om008G358480	CARHR176470
OG0003398	Om003G104770	CARHR218290
OG0003400	Om003G103640	CARHR219820, CARHR179980
OG0003401	Om008G358230	CARHR221180
OG0003402	Om002G085790, Om002G085800, Om002G085780, Om002G085810, Om002G085820, Om001G032240, Om005G197950, Om003G101570, Om005G197940	CARHR222160, CARHR058620, CARHR187980
OG0003403	Om003G128710	CARHR173240
OG0003404	Om008G319750	CARHR142630
OG0003405	Om003G124140, Om008G324470	CARHR170150
OG0003406	Om006G273650	CARHR016340, CARHR146250
OG0003407	Om004G177090	CARHR212130
OG0003407	Om002G051230	CARHR083160
OG0003408	Om006G259790	CARHR158850
OG0003408	Om006G231220	CARHR279860
OG0003409	Om006G259490	CARHR159040
OG0003409	Om006G230800	CARHR280200
OG0003410	Om004G158050	CARHR249030
OG0003410	Om005G178370	CARHR000850
OG0003411	Om004G159970	CARHR250810
OG0003412	Om007G279430	CARHR126280
OG0003412	Om005G182390	CARHR004600
OG0003413	Om007G281380	CARHR124030
OG0003414	Om007G282250	CARHR123040
OG0003414	Om004G171230	CARHR207560
OG0003415	Om002G042540	CARHR075320
OG0003415	Om007G301260	CARHR198820
OG0003416	Om007G298670	CARHR197080
OG0003417	Om002G047230	CARHR079530, CARHR186010
OG0003418	Om002G047340	CARHR079620
OG0003419	Om007G295060	CARHR194020
OG0003420	Om008G330230, Om008G330210, Om003G117770, Om008G332600, Om008G330220, Om008G334330	CARHR135290
OG0003421	Om008G337200	CARHR130680
OG0003422	Om008G335790	CARHR132240
OG0003422	Om006G254550	CARHR163410
OG0003424	Om008G333400	CARHR133290
OG0003424	Om006G253960	CARHR164080
OG0003425	Om005G196190	CARHR016010
OG0003426	Om005G198410	CARHR017870
OG0003427	Om005G203080	CARHR021350
OG0003427	Om002G052220	CARHR084030
OG0003429	Om005G203370	CARHR021630
OG0003430	Om005G208330	CARHR063160
OG0003431	Om004G145330	CARHR025090
OG0003432	Om004G147260	CARHR026100
OG0003434	Om007G283260	CARHR114260, CARHR114300, CARHR114280, CARHR114270
OG0003435	Om004G154540, Om005G178210	CARHR000710
OG0003436	Om005G187670	CARHR009490
OG0003437	Om002G067280	CARHR257250
OG0003437	Om001G002880	CARHR257230
OG0003438	Om002G042870	CARHR075650
OG0003439	Om007G296980	CARHR195680
OG0003439	Om002G044990	CARHR077490
OG0003440	Om007G296410, Om005G202040	CARHR195220
OG0003443	Om006G260860	CARHR157980
OG0003443	Om006G238660	CARHR189530
OG0003444	Om008G334660, Om006G263360	CARHR156820, CARHR156810
OG0003446	Om005G206890	CARHR064260
OG0003447	Om005G205020	CARHR022860
OG0003447	Om004G142950	CARHR065030
OG0003448	Om004G131730, Om005G197260	CARHR016830
OG0003449	Om002G056670	CARHR087360
OG0003450	Om003G090530	CARHR045030
OG0003450	Om002G057740	CARHR088170
OG0003451	Om002G064430, Om004G145120	CARHR093050
OG0003452	Om002G064840	CARHR093400
OG0003453	Om002G065060	CARHR093500, CARHR093510
OG0003455	Om001G032960	CARHR242800
OG0003456	Om003G093800	CARHR043130
OG0003457	Om006G252560	CARHR164980
OG0003458	Om003G125470	CARHR170880
OG0003459	Om003G090850	CARHR044840
OG0003459	Om002G058020	CARHR088390
OG0003460	Om001G040150	CARHR050900, CARHR247130, CARHR117970, CARHR103850
OG0003462	Om002G075060, Om005G189230, Om005G189220	CARHR010750
OG0003463	Om001G020840	CARHR016140
OG0003463	Om005G196400	CARHR016150
OG0003464	Om002G048040, Om002G048030, Om002G048020	CARHR080200, CARHR080190
OG0003465	Om007G292330	CARHR286920
OG0003466	Om004G168240, Om004G168230	CARHR205330
OG0003467	Om006G250190	CARHR139730
OG0003467	Om006G250180	CARHR270550
OG0003481	Om001G025000	CARHR237740
OG0003483	Om007G287140	CARHR037210
OG0003483	Om001G027280	CARHR238960
OG0003484	Om001G029290	CARHR240320
OG0003485	Om006G233130, Om001G031050	CARHR241680
OG0003487	Om005G186770	CARHR214520
OG0003488	Om006G259530	CARHR054250, CARHR054240
OG0003489	Om005G220310	CARHR052940
OG0003489	Om005G189160	CARHR010700
OG0003490	Om005G189910	CARHR011320
OG0003491	Om007G317200, Om007G317130	CARHR261430
OG0003492	Om008G355190	CARHR215890
OG0003493	Om002G052780, Om005G223250	CARHR084480
OG0003494	Om001G008370	CARHR259140, CARHR014940
OG0003495	Om003G112280	CARHR256760
OG0003497	Om006G249510	CARHR271090
OG0003498	Om004G164200, Om004G164190	CARHR288960
OG0003499	Om004G166510	CARHR203740
OG0003499	Om006G232910	CARHR278470
OG0003500	Om006G233470	CARHR277980
OG0003501	Om004G166950	CARHR204070
OG0003501	Om002G067190	CARHR095280
OG0003502	Om001G007600	CARHR228380
OG0003503	Om001G010540	CARHR050230, CARHR230940
OG0003505	Om001G013700	CARHR260090
OG0003506	Om007G291290	CARHR030100
OG0003507	Om007G291380	CARHR030180
OG0003508	Om002G084300	CARHR107840
OG0003509	Om001G035990	CARHR108600, CARHR244650
OG0003510	Om003G116770	CARHR292870
OG0003510	Om001G037930	CARHR245650
OG0003511	Om001G027950	CARHR214750
OG0003512	Om008G341560	CARHR181060
OG0003513	Om002G074850, Om008G355200	CARHR252360
OG0003513	Om001G007010	CARHR227850
OG0003515	Om005G212720, Om005G212670, Om007G302820	CARHR173550, CARHR223760
OG0003517	Om003G105180	CARHR218090
OG0003519	Om003G103990, Om007G303340	CARHR219150
OG0003521	Om008G321730	CARHR140940
OG0003522	Om008G322600	CARHR058340, CARHR058290
OG0003523	Om003G121530	CARHR168450
OG0003524	Om006G234080	CARHR277440
OG0003525	Om006G231980	CARHR279220
OG0003526	Om006G260080	CARHR158750
OG0003527	Om002G062740	CARHR280550, CARHR066690
OG0003528	Om007G281820	CARHR123520
OG0003528	Om005G184510	CARHR006690
OG0003529	Om003G116650	CARHR268260
OG0003530	Om007G299010	CARHR197330
OG0003531	Om007G294730	CARHR193660
OG0003533	Om008G331950	CARHR051330
OG0003534	Om006G252550	CARHR164990, CARHR133990
OG0003535	Om008G336980	CARHR130830
OG0003536	Om005G198140	CARHR017590
OG0003536	Om004G133110, Om004G133080	CARHR115800
OG0003537	Om004G140970	CARHR066590
OG0003537	Om005G199800	CARHR018810
OG0003538	Om004G138490	CARHR068100
OG0003538	Om005G200830	CARHR019580
OG0003539	Om005G205170	CARHR023020
OG0003540	Om004G143430	CARHR023640
OG0003540	Om005G207220	CARHR063990
OG0003541	Om005G207830	CARHR063540
OG0003544	Om008G332550	CARHR215860
OG0003545	Om004G154630	CARHR294550
OG0003546	Om005G182930	CARHR005060
OG0003547	Om007G297200	CARHR144610, CARHR195890
OG0003548	Om007G295160	CARHR194130, CARHR194140
OG0003549	Om002G049290	CARHR081180, CARHR182040
OG0003550	Om002G049910, Om002G049900	CARHR081830
OG0003551	Om006G239340	CARHR188800
OG0003552	Om006G234980	CARHR276610
OG0003552	Om006G263550	CARHR156710
OG0003553	Om006G234740	CARHR276830
OG0003554	Om006G258300	CARHR160250
OG0003555	Om006G261680	CARHR157420
OG0003556	Om005G205540	CARHR023300
OG0003558	Om005G197730	CARHR017240
OG0003559	Om004G131680	CARHR073160
OG0003560	Om003G092350, Om003G092380	CARHR043950
OG0003561	Om002G059950, Om002G059930, Om002G059940	CARHR089790
OG0003562	Om002G063240, Om002G063230	CARHR092090
OG0003564	Om003G095480	CARHR041930
OG0003565	Om002G072730	CARHR099650
OG0003567	Om002G086060	CARHR109270
OG0003569	Om003G089520	CARHR045840, CARHR045850, CARHR044320, CARHR043880, CARHR045830
OG0003570	Om006G258050, Om006G258060	CARHR126950
OG0003573	Om004G172130	CARHR213970
OG0003573	Om005G228000	CARHR048300
OG0003574	Om007G296550	CARHR195420
OG0003574	Om007G296560	CARHR195430
OG0003575	Om007G294800	CARHR193730
OG0003583	Om001G030410	CARHR241170
OG0003584	Om001G024470	CARHR237300
OG0003585	Om006G251650	CARHR165680
OG0003586	Om001G026260	CARHR238370
OG0003587	Om003G116620, Om001G014890, Om005G206400	CARHR115540
OG0003588	Om004G173020	CARHR208940
OG0003589	Om001G032230	CARHR242630
OG0003590	Om002G083820	CARHR293610
OG0003591	Om005G188730	CARHR010310
OG0003592	Om005G222170	CARHR051570, CARHR051600, CARHR051610
OG0003594	Om005G194540	CARHR014850
OG0003595	Om006G270500	CARHR292470
OG0003596	Om007G315110	CARHR263860
OG0003597	Om005G192210	CARHR013030
OG0003598	Om002G051510	CARHR083530, CARHR083390
OG0003599	Om002G054110	CARHR085460
OG0003600	Om002G054900	CARHR145210, CARHR086010
OG0003601	Om007G312910, Om007G307700	CARHR086870
OG0003603	Om001G021650	CARHR235580
OG0003604	Om001G020730	CARHR235210
OG0003605	Om003G127860	CARHR117950
OG0003606	Om003G118180	CARHR269400
OG0003607	Om004G163030	CARHR201230
OG0003607	Om004G163040	CARHR201240
OG0003608	Om005G185670	CARHR007640
OG0003609	Om004G165790	CARHR203070
OG0003610	Om006G232760	CARHR278620
OG0003611	Om001G002140	CARHR225150
OG0003612	Om001G002320	CARHR225270
OG0003613	Om007G294430	CARHR186940
OG0003614	Om007G317030	CARHR027460
OG0003615	Om007G289150	CARHR028170, CARHR128050
OG0003616	Om001G035230	CARHR244150
OG0003617	Om001G012940	CARHR033540
OG0003618	Om003G100680, Om006G254910	CARHR163170, CARHR163160
OG0003619	Om002G053910, Om002G053930, Om002G053920	CARHR085350
OG0003620	Om008G356460	CARHR178350, CARHR178360
OG0003621	Om008G356730	CARHR178180
OG0003622	Om005G203660, Om008G360880	CARHR149580, CARHR175040
OG0003624	Om008G362570	CARHR173910
OG0003625	Om001G033190, Om008G319540	CARHR142750
OG0003626	Om003G127890	CARHR172590
OG0003627	Om008G321620, Om008G321610	CARHR141040
OG0003628	Om003G124690	CARHR170460, CARHR139740
OG0003629	Om008G323580	CARHR139530, CARHR139540
OG0003630	Om008G324260	CARHR139120
OG0003631	Om006G242710	CARHR191930
OG0003632	Om005G195050	CARHR015140
OG0003633	Om006G229960	CARHR160160
OG0003635	Om006G257360	CARHR160970
OG0003635	Om006G229110	CARHR281670
OG0003636	Om004G157990	CARHR000800, CARHR248970
OG0003637	Om004G159900	CARHR250700, CARHR002180
OG0003638	Om004G160360	CARHR002480, CARHR251140
OG0003639	Om001G030260	CARHR241020, CARHR114810
OG0003640	Om002G042580	CARHR075340
OG0003640	Om007G301210	CARHR198770
OG0003642	Om007G293950	CARHR186270
OG0003642	Om002G047700	CARHR079950
OG0003643	Om008G331030	CARHR134630
OG0003644	Om004G129730	CARHR074560, CARHR074550
OG0003645	Om005G197560	CARHR017080
OG0003646	Om005G200080	CARHR019060, CARHR067020
OG0003647	Om005G201190	CARHR019850
OG0003648	Om005G204870	CARHR022760
OG0003648	Om004G133460	CARHR071730
OG0003649	Om005G211930	CARHR060430
OG0003650	Om003G121960	CARHR168660
OG0003651	Om005G192850	CARHR013530
OG0003652	Om005G183760	CARHR005870
OG0003653	Om005G219580, Om005G183070	CARHR005200
OG0003654	Om005G183050	CARHR005170
OG0003655	Om007G297620	CARHR196270
OG0003656	Om006G255510, Om006G255500	CARHR195900
OG0003657	Om002G056410	CARHR087140
OG0003658	Om004G172620	CARHR208610
OG0003659	Om006G236430	CARHR275450
OG0003660	Om006G247730	CARHR272290
OG0003661	Om006G257750	CARHR160600
OG0003662	Om006G266960	CARHR154930, CARHR285600
OG0003663	Om005G209120	CARHR062580
OG0003664	Om006G237330, Om006G237340	CARHR113110
OG0003665	Om002G069060, Om004G142710	CARHR065230
OG0003666	Om004G130480, Om008G331540	CARHR073980
OG0003667	Om002G057060	CARHR087670
OG0003668	Om002G057900	CARHR088310
OG0003669	Om003G091010	CARHR044670
OG0003670	Om002G058860, Om002G058850	CARHR088990, CARHR089010
OG0003671	Om002G060590	CARHR090330
OG0003673	Om002G073850	CARHR100450
OG0003674	Om002G075460	CARHR102050, CARHR183990
OG0003675	Om003G118740	CARHR269770
OG0003676	Om001G031360	CARHR105270
OG0003677	Om003G093880	CARHR043080, CARHR090600
OG0003678	Om001G004200, Om002G068540	CARHR096460
OG0003679	Om006G256160	CARHR162070
OG0003680	Om006G256000, Om006G255990	CARHR162200
OG0003681	Om006G254350	CARHR163590
OG0003681	Om008G335440	CARHR132090
OG0003682	Om006G250850	CARHR166190
OG0003683	Om003G129290	CARHR161600, CARHR161620, CARHR161630
OG0003685	Om006G253190	CARHR164420
OG0003686	Om004G135320	CARHR106790
OG0003687	Om005G219730	CARHR053520
OG0003689	Om001G002020, Om001G002010	CARHR148980, CARHR148970
OG0003695	Om001G022540	CARHR240410, CARHR236100
OG0003696	Om001G025640	CARHR238070
OG0003697	Om001G032180	CARHR242660, CARHR242670
OG0003698	Om001G033480	CARHR243190
OG0003699	Om008G331900	CARHR033890
OG0003700	Om007G275810	CARHR222920
OG0003701	Om001G008520	CARHR144620
OG0003702	Om006G272200	CARHR224180, CARHR147650
OG0003703	Om005G213820	CARHR058840
OG0003704	Om005G224950	CARHR049390
OG0003705	Om008G328960	CARHR136000
OG0003707	Om003G110270	CARHR258420
OG0003708	Om003G117660	CARHR268950, CARHR268940
OG0003709	Om006G250330, Om001G006650	CARHR000660, CARHR270370
OG0003710	Om004G161520	CARHR200120
OG0003711	Om008G344920	CARHR213500
OG0003712	Om008G356470	CARHR178340
OG0003712	Om001G005800	CARHR227120
OG0003713	Om008G355870	CARHR178810
OG0003714	Om001G009000, Om008G335490	CARHR229260
OG0003715	Om008G351530	CARHR255150
OG0003716	Om003G119580, Om007G306940	CARHR166740
OG0003718	Om003G127810, Om003G095320	CARHR042020
OG0003718	Om005G188660	CARHR284810
OG0003719	Om004G175030, Om004G175100	CARHR210430
OG0003720	Om004G176050	CARHR012640
OG0003721	Om008G351440	CARHR255210
OG0003722	Om002G074490	CARHR101130
OG0003723	Om002G072390	CARHR099410
OG0003724	Om003G101320	CARHR290040
OG0003726	Om008G319450	CARHR142820
OG0003727	Om008G321160	CARHR141460
OG0003728	Om008G324270	CARHR139110
OG0003729	Om008G324290	CARHR139100
OG0003730	Om008G326990	CARHR137210
OG0003730	Om003G121310	CARHR168310
OG0003731	Om004G174640	CARHR040500, CARHR210130
OG0003732	Om006G246120, Om006G246070	CARHR285860
OG0003733	Om005G181270	CARHR003560
OG0003734	Om007G277900	CARHR180030, CARHR180010
OG0003735	Om007G278170	CARHR180290
OG0003736	Om007G278990	CARHR126660
OG0003738	Om007G280190	CARHR125350
OG0003738	Om005G183150	CARHR005290
OG0003740	Om005G183860	CARHR006000
OG0003741	Om007G284440	CARHR120330
OG0003742	Om007G285320	CARHR126420
OG0003743	Om002G043370, Om007G299730	CARHR076050
OG0003744	Om001G039780	CARHR183180
OG0003745	Om002G048310	CARHR080450
OG0003746	Om002G048700	CARHR080720, CARHR194010
OG0003747	Om002G049950	CARHR081870
OG0003748	Om002G050620	CARHR082520
OG0003749	Om002G050870	CARHR082780
OG0003750	Om006G250920, Om006G251680	CARHR165650, CARHR058330
OG0003751	Om005G214130, Om005G178930	CARHR001500
OG0003752	Om005G198470, Om005G198460	CARHR017930
OG0003753	Om005G204490	CARHR022400
OG0003754	Om004G144780	CARHR024560
OG0003755	Om004G145570	CARHR025230
OG0003756	Om002G070660	CARHR231770
OG0003758	Om001G039530	CARHR053880, CARHR246670
OG0003759	Om005G195080	CARHR015280
OG0003760	Om005G187720	CARHR009530
OG0003761	Om005G182580	CARHR004750
OG0003762	Om005G203500	CARHR127120, CARHR127570
OG0003763	Om005G181160	CARHR003470
OG0003764	Om005G178540	CARHR001110
OG0003764	Om004G158370	CARHR249330
OG0003765	Om007G299180	CARHR197440, CARHR018880
OG0003766	Om007G298970	CARHR197300
OG0003767	Om006G237940, Om005G192900	CARHR190090
OG0003768	Om006G234830	CARHR276760
OG0003769	Om006G247910	CARHR272100
OG0003771	Om006G247480	CARHR272500
OG0003772	Om001G031540	CARHR241880
OG0003773	Om005G209670	CARHR062130
OG0003774	Om005G209300	CARHR062460
OG0003775	Om004G133130, Om004G133160, Om004G133190, Om004G133250	CARHR122790, CARHR071970
OG0003775	Om004G133170, Om004G133180	CARHR036490
OG0003776	Om005G197900	CARHR017410
OG0003776	Om004G132640	CARHR072380
OG0003777	Om004G132320, Om004G132300, Om004G132330	CARHR072650
OG0003778	Om002G067240, Om003G097300	CARHR095330
OG0003779	Om002G068230	CARHR096200
OG0003780	Om003G091430	CARHR041870
OG0003781	Om002G073190	CARHR100070
OG0003782	Om002G076450	CARHR103030
OG0003783	Om002G077600	CARHR103470
OG0003784	Om003G090110	CARHR087970
OG0003785	Om003G090450	CARHR045130
OG0003786	Om003G095490	CARHR041920
OG0003787	Om003G097840	CARHR039830, CARHR039820, CARHR039840
OG0003788	Om006G253810	CARHR163940
OG0003789	Om006G252500	CARHR165020
OG0003790	Om006G250570, Om006G250580, Om006G250600	CARHR166440
OG0003791	Om008G328890	CARHR136070
OG0003792	Om003G120000	CARHR167160, CARHR163700
OG0003794	Om003G093740, Om003G093720	CARHR221280, CARHR221270
OG0003796	Om008G352060, Om004G148810, Om004G148650, Om003G103920	CARHR254120
OG0003798	Om005G202530	CARHR020900
OG0003799	Om005G210420	CARHR061570
OG0003800	Om001G010140	CARHR230370
OG0003801	Om007G288040	CARHR281080, CARHR281090
OG0003802	Om006G235750	CARHR205950
OG0003803	Om003G103280, Om001G004370	CARHR226400, CARHR207550
OG0003804	Om007G283870, Om007G283880	CARHR121100
OG0003805	Om007G297940	CARHR196500
OG0003807	Om007G280460, Om006G268090, Om006G237350	CARHR274570
OG0003823	Om001G022270	CARHR235950
OG0003824	Om001G028040	CARHR239490
OG0003827	Om001G032990	CARHR242940
OG0003828	Om007G291980, Om007G291990	CARHR030740
OG0003829	Om007G292290	CARHR286960
OG0003830	Om005G216040, Om005G216010	CARHR055610
OG0003831	Om005G188410	CARHR010070
OG0003832	Om006G275360	CARHR143990
OG0003833	Om007G281620	CARHR123850
OG0003834	Om005G228640	CARHR046430
OG0003835	Om005G191910	CARHR012750
OG0003835	Om005G225410	CARHR048710
OG0003836	Om004G175790	CARHR211240
OG0003839	Om003G115980	CARHR267590, CARHR267600
OG0003840	Om003G117580	CARHR268870
OG0003841	Om003G118760	CARHR269790
OG0003842	Om004G162040, Om004G162050	CARHR200510
OG0003844	Om008G359700, Om001G002000	CARHR175580
OG0003845	Om007G281020	CARHR225570
OG0003846	Om001G010930	CARHR231080
OG0003847	Om001G010940	CARHR231090
OG0003848	Om001G012440	CARHR033130
OG0003849	Om001G012630	CARHR033360
OG0003850	Om002G087150, Om007G287870, Om007G287880	CARHR036760, CARHR036750
OG0003851	Om007G290300	CARHR029600
OG0003852	Om001G035450	CARHR244280
OG0003853	Om001G038330	CARHR245950
OG0003854	Om007G314290	CARHR215080
OG0003855	Om001G015170	CARHR217500, CARHR036040
OG0003856	Om001G015410	CARHR035840
OG0003857	Om004G137470	CARHR150790
OG0003857	Om003G098400	CARHR284900
OG0003858	Om008G342960	CARHR284880, CARHR040310
OG0003859	Om008G351760	CARHR187180
OG0003860	Om008G322930	CARHR140030
OG0003862	Om008G359680	CARHR175600, CARHR225160
OG0003863	Om008G362810	CARHR173660
OG0003864	Om003G128480	CARHR173040
OG0003865	Om003G127330	CARHR172200
OG0003865	Om008G320580	CARHR141950
OG0003866	Om008G322290, Om003G095280	CARHR140540
OG0003867	Om004G176580, Om001G028170	CARHR211640
OG0003868	Om006G244640	CARHR274370
OG0003869	Om006G244870	CARHR274170
OG0003870	Om006G244990, Om006G245000	CARHR274070
OG0003871	Om006G245420	CARHR068680
OG0003872	Om004G157760	CARHR248770
OG0003873	Om004G158810, Om002G046340	CARHR250080
OG0003874	Om004G160250	CARHR251050
OG0003875	Om005G181120	CARHR003420
OG0003876	Om007G280290	CARHR125230, CARHR008820
OG0003878	Om002G048880	CARHR080870
OG0003879	Om002G049990	CARHR081920
OG0003880	Om007G313060, Om001G030540	CARHR174360
OG0003881	Om004G131240	CARHR073580
OG0003881	Om005G196920	CARHR016510
OG0003882	Om005G199830	CARHR018840
OG0003883	Om006G262990, Om005G187490	CARHR009360, CARHR018610
OG0003884	Om004G145530	CARHR025220
OG0003885	Om007G285810	CARHR232340
OG0003886	Om001G027040	CARHR238840
OG0003887	Om005G195380	CARHR227050
OG0003889	Om005G186930	CARHR008830
OG0003890	Om007G280510, Om005G183430	CARHR125030
OG0003891	Om007G299240	CARHR197490
OG0003892	Om002G048820	CARHR080820, CARHR080810
OG0003893	Om007G296020	CARHR194810
OG0003894	Om007G293660	CARHR289470
OG0003896	Om007G303660	CARHR182030
OG0003897	Om004G170910	CARHR207240
OG0003898	Om004G172190	CARHR277810, CARHR208250
OG0003899	Om006G240470, Om006G240460	CARHR289290
OG0003900	Om006G260110	CARHR158730
OG0003901	Om006G263830	CARHR156530
OG0003901	Om006G235320	CARHR276360
OG0003902	Om006G247170	CARHR272810
OG0003903	Om005G210670, Om001G039980	CARHR247060
OG0003904	Om004G135930	CARHR070080, CARHR070070
OG0003905	Om004G136070	CARHR069990
OG0003906	Om004G143830	CARHR023930, CARHR023920
OG0003907	Om004G136780	CARHR069470
OG0003908	Om004G132450	CARHR072490
OG0003909	Om004G131800, Om004G131790	CARHR073070
OG0003910	Om002G058980	CARHR089110
OG0003911	Om002G059510	CARHR089250
OG0003912	Om003G093470, Om003G093480	CARHR043350
OG0003913	Om002G061380	CARHR090830
OG0003914	Om002G061910	CARHR091270
OG0003915	Om002G066270, Om002G066260, Om002G066290	CARHR094450
OG0003916	Om002G067180	CARHR095270
OG0003917	Om002G067890	CARHR095810, CARHR095820, CARHR095800
OG0003918	Om005G220450, Om002G068440, Om002G068420	CARHR096380
OG0003919	Om002G069860	CARHR097690
OG0003920	Om002G071180	CARHR098700
OG0003921	Om002G087040	CARHR109910
OG0003922	Om003G092850	CARHR043660
OG0003923	Om003G100070	CARHR037610, CARHR037600
OG0003924	Om006G256830	CARHR159310, CARHR161430
OG0003925	Om006G252230, Om006G252210	CARHR289060
OG0003926	Om003G126100	CARHR171450
OG0003926	Om008G321650	CARHR141020
OG0003928	Om003G096620, Om003G106800, Om006G251040	CARHR078230, CARHR121590
OG0003929	Om003G102010	CARHR021370
OG0003930	Om005G178280	CARHR023400
OG0003931	Om002G085250	CARHR262030
OG0003931	Om005G198910	CARHR018210
OG0003935	Om004G169180	CARHR205930
OG0003937	Om006G230690	CARHR053680, CARHR181410, CARHR280300, CARHR181420, CARHR280320
OG0003948	Om004G154260, Om001G025260	CARHR237870
OG0003949	Om001G026530	CARHR238520
OG0003950	Om007G277270	CARHR031410
OG0003951	Om007G275620	CARHR222750
OG0003952	Om006G231350	CARHR289760, CARHR002160
OG0003953	Om005G221940	CARHR052060
OG0003954	Om006G274850	CARHR144690
OG0003955	Om006G274350	CARHR145350
OG0003956	Om003G100100	CARHR141560
OG0003958	Om007G314060	CARHR215360
OG0003958	Om005G213960	CARHR292270
OG0003959	Om008G329220	CARHR135840
OG0003960	Om004G172710	CARHR208700
OG0003961	Om002G054220	CARHR085510
OG0003961	Om004G171820	CARHR207940
OG0003962	Om002G054840	CARHR085970
OG0003963	Om008G350090	CARHR047990
OG0003965	Om003G111660	CARHR257420
OG0003967	Om004G162540	CARHR200910
OG0003968	Om006G240570	CARHR187590
OG0003968	Om004G163460	CARHR201590
OG0003969	Om004G163730	CARHR201750
OG0003970	Om004G164930, Om006G239660	CARHR202570
OG0003972	Om004G168510	CARHR205520
OG0003973	Om008G362150	CARHR174180
OG0003974	Om006G255710	CARHR162450
OG0003975	Om001G006420, Om008G357460	CARHR227440
OG0003976	Om008G346030	CARHR284400
OG0003977	Om005G221960, Om011G366040, Om005G218550, Om006G255100	CARHR162960
OG0003980	Om001G036340	CARHR244860, CARHR244550
OG0003981	Om001G036540	CARHR244980
OG0003982	Om001G038230	CARHR245870
OG0003983	Om004G153920	CARHR113680
OG0003984	Om008G347510, Om008G347470	CARHR256400
OG0003985	Om008G354310	CARHR107510, CARHR252770
OG0003986	Om008G358610	CARHR176340
OG0003987	Om004G132750	CARHR101610
OG0003988	Om003G102760	CARHR220600
OG0003988	Om002G071960	CARHR099230
OG0003989	Om003G101330	CARHR290030
OG0003990	Om007G317920, Om008G324650	CARHR213280
OG0003991	Om003G127840	CARHR172560
OG0003991	Om008G320040	CARHR142420
OG0003992	Om008G320240	CARHR034190, CARHR142220
OG0003993	Om005G208760, Om003G126410	CARHR171710
OG0003994	Om005G208950	CARHR062820
OG0003995	Om008G324010	CARHR114110
OG0003996	Om008G324570, Om008G324520	CARHR138960
OG0003997	Om004G176880	CARHR083200
OG0003998	Om004G176010	CARHR211070
OG0003999	Om002G053210	CARHR084850
OG0004000	Om006G245080	CARHR273990
OG0004002	Om006G234120	CARHR277390
OG0004003	Om007G284600	CARHR120170
OG0004004	Om004G158200	CARHR249130
OG0004005	Om007G280650	CARHR124390, CARHR124910
OG0004006	Om007G284560	CARHR121450
OG0004007	Om002G046530, Om008G340610	CARHR078960
OG0004008	Om002G047020	CARHR079380, CARHR079370
OG0004009	Om003G099810	CARHR037780
OG0004010	Om002G050680	CARHR082620
OG0004011	Om008G330240	CARHR135280
OG0004012	Om008G331270	CARHR134860
OG0004013	Om006G251410	CARHR165890
OG0004014	Om001G005190, Om002G082800	CARHR292410
OG0004015	Om008G332330	CARHR133950
OG0004016	Om008G331980	CARHR134290
OG0004017	Om008G335840	CARHR132290
OG0004018	Om004G166200	CARHR203390
OG0004019	Om008G333370, Om008G333360	CARHR133310
OG0004021	Om008G333660	CARHR133180
OG0004022	Om008G344800, Om003G095430	CARHR116820
OG0004024	Om005G197300	CARHR016870, CARHR218830
OG0004025	Om004G143610	CARHR023680
OG0004027	Om007G286130	CARHR232640
OG0004028	Om007G286590	CARHR232990
OG0004029	Om003G115180	CARHR266770
OG0004030	Om004G153400, Om018G374060	CARHR117610
OG0004031	Om008G338060	CARHR130080, CARHR130090
OG0004032	Om004G156620	CARHR174210
OG0004032	Om001G041530	CARHR111830
OG0004033	Om005G191550	CARHR012510
OG0004034	Om008G346800, Om003G095140, Om003G095160, Om003G095150, Om001G033170	CARHR042140
OG0004035	Om005G185650, Om005G185490	CARHR007620
OG0004036	Om003G116930	CARHR184450, CARHR037090
OG0004037	Om005G179730	CARHR002270
OG0004038	Om007G298990	CARHR197310
OG0004039	Om007G294420	CARHR186930
OG0004040	Om007G293540	CARHR185940
OG0004041	Om006G236970	CARHR274930
OG0004042	Om001G009180, Om008G337020, Om003G097250	CARHR185200
OG0004043	Om003G091190, Om007G304020	CARHR150300, CARHR182460
OG0004044	Om002G054050	CARHR085440
OG0004044	Om004G171950	CARHR208090
OG0004045	Om006G239570	CARHR188530
OG0004046	Om006G238230	CARHR189860
OG0004047	Om006G238150	CARHR189930
OG0004049	Om006G236550	CARHR275320
OG0004050	Om006G244300	CARHR151190, CARHR190730
OG0004051	Om006G243600	CARHR191350
OG0004052	Om005G206550, Om005G206530	CARHR064570, CARHR064550
OG0004053	Om004G133490	CARHR071700
OG0004054	Om002G056740, Om001G010740	CARHR087420
OG0004055	Om002G058070	CARHR088450
OG0004056	Om003G100870	CARHR290310
OG0004057	Om002G063660	CARHR092370
OG0004058	Om002G063670	CARHR092380
OG0004059	Om002G064730	CARHR292250, CARHR093290
OG0004060	Om002G064900	CARHR093440, CARHR113170
OG0004061	Om002G065100	CARHR093530
OG0004061	Om003G099240	CARHR038310
OG0004062	Om006G252810, Om002G065520	CARHR093850
OG0004063	Om002G065750, Om005G219130, Om005G219140	CARHR094070
OG0004064	Om003G096650	CARHR050370, CARHR287710
OG0004065	Om002G069040	CARHR096910
OG0004066	Om002G070600	CARHR098220
OG0004067	Om002G073830, Om002G059230	CARHR100440
OG0004068	Om002G081650, Om003G098470, Om003G098810	CARHR105780
OG0004069	Om003G098410	CARHR039310
OG0004070	Om002G060140	CARHR089950
OG0004071	Om003G119870	CARHR167060
OG0004072	Om003G120890	CARHR167870, CARHR137000
OG0004073	Om003G123500	CARHR169660
OG0004074	Om007G299680, Om007G318100	CARHR213040
OG0004075	Om008G357310	CARHR177730
OG0004076	Om001G031880, Om001G005620	CARHR178310, CARHR178300
OG0004078	Om001G020660	CARHR235180
OG0004079	Om001G038990	CARHR282350
OG0004082	Om004G158950	CARHR249930
OG0004084	Om006G273030	CARHR146670
OG0004092	Om001G026340, Om001G026350	CARHR238420
OG0004093	Om001G026970	CARHR238770
OG0004094	Om001G031500	CARHR241860
OG0004095	Om003G117830, Om001G031690	CARHR241970
OG0004096	Om001G032550	CARHR242460
OG0004097	Om011G365160, Om020G374450	CARHR054040
OG0004098	Om005G188590	CARHR010220
OG0004099	Om006G275390	CARHR143830
OG0004101	Om003G117490	CARHR268800
OG0004102	Om005G228840	CARHR046270
OG0004102	Om007G318500	CARHR212570
OG0004103	Om002G055450	CARHR086390, CARHR086400
OG0004105	Om003G115990	CARHR267620
OG0004106	Om003G116440	CARHR268120
OG0004107	Om008G322560	CARHR135440
OG0004108	Om003G118500	CARHR269640
OG0004109	Om004G164070, Om006G240150	CARHR202000, CARHR202040
OG0004110	Om004G166390	CARHR203640
OG0004111	Om004G167790	CARHR204910
OG0004112	Om006G236580	CARHR275270
OG0004113	Om001G002520	CARHR225380
OG0004114	Om001G002570	CARHR225410
OG0004115	Om001G002840	CARHR225620
OG0004116	Om001G006380	CARHR227410, CARHR227430
OG0004117	Om001G006940	CARHR227790
OG0004118	Om001G007820	CARHR228440
OG0004119	Om008G346690	CARHR261080
OG0004120	Om001G006790	CARHR227700
OG0004121	Om001G015500	CARHR035780
OG0004122	Om001G015840	CARHR035550
OG0004123	Om007G289380	CARHR128220, CARHR028450
OG0004125	Om001G036610	CARHR245020
OG0004126	Om008G336460	CARHR257860
OG0004127	Om001G038370	CARHR245990
OG0004129	Om003G125050	CARHR165320
OG0004129	Om005G185450	CARHR007440
OG0004132	Om001G016770	CARHR035200
OG0004134	Om007G286920	CARHR037430
OG0004135	Om008G350640	CARHR231310, CARHR255610
OG0004136	Om008G352240	CARHR254190
OG0004137	Om008G362030	CARHR174260
OG0004138	Om003G102630	CARHR220780
OG0004139	Om007G318020	CARHR213190
OG0004140	Om008G319490	CARHR142790
OG0004141	Om008G320060	CARHR142400
OG0004142	Om008G323870	CARHR139360
OG0004143	Om008G324820	CARHR119270, CARHR138820
OG0004144	Om008G325970	CARHR138000
OG0004145	Om008G326060	CARHR137940
OG0004147	Om006G242830	CARHR191840
OG0004148	Om006G243400	CARHR191440
OG0004149	Om006G244560	CARHR190550
OG0004150	Om006G245300	CARHR273760
OG0004151	Om006G247070	CARHR272890
OG0004152	Om004G145680, Om006G233310	CARHR148630, CARHR217800, CARHR278030
OG0004153	Om005G178310	CARHR000780
OG0004153	Om004G157370	CARHR248370
OG0004154	Om004G158400, Om004G158390	CARHR249370
OG0004155	Om004G158450, Om004G158460	CARHR249410
OG0004156	Om004G159770	CARHR250570
OG0004157	Om004G159820	CARHR250590
OG0004158	Om007G277740	CARHR210350, CARHR179740
OG0004159	Om005G181290	CARHR003580
OG0004160	Om007G279870	CARHR125730
OG0004161	Om005G222790, Om007G279980, Om007G279990	CARHR125570, CARHR125590
OG0004163	Om007G281630	CARHR123770, CARHR289390
OG0004164	Om005G184430	CARHR006630
OG0004164	Om007G281760	CARHR123580
OG0004166	Om004G149480	CARHR115110
OG0004167	Om001G020040	CARHR234960
OG0004168	Om007G301540	CARHR199070
OG0004168	Om002G042360	CARHR075160
OG0004169	Om002G044540	CARHR077110
OG0004170	Om002G045640	CARHR078090
OG0004171	Om007G303360	CARHR185410
OG0004171	Om002G046150	CARHR078610
OG0004172	Om002G046990	CARHR079340
OG0004173	Om002G046880	CARHR079280
OG0004174	Om002G050310	CARHR082220, CARHR082240
OG0004175	Om008G329630	CARHR135590
OG0004176	Om008G335010	CARHR131760
OG0004178	Om005G197120	CARHR016720
OG0004179	Om005G200850	CARHR019600
OG0004181	Om005G202810	CARHR021190
OG0004181	Om005G202830	CARHR021170
OG0004182	Om004G143170	CARHR064840
OG0004183	Om004G148420	CARHR231980
OG0004184	Om007G285600	CARHR232070
OG0004185	Om007G285740	CARHR232220
OG0004186	Om007G290980	CARHR262430
OG0004187	Om007G286020	CARHR232530
OG0004188	Om005G186330	CARHR264900
OG0004190	Om005G192010, Om005G192000, Om005G192020	CARHR012830
OG0004191	Om005G186260	CARHR008190
OG0004192	Om005G180040	CARHR002470, CARHR182160
OG0004193	Om007G298870	CARHR197200, CARHR197210
OG0004194	Om007G298560	CARHR197010
OG0004195	Om007G297270	CARHR195930, CARHR154530, CARHR154520
OG0004196	Om001G019690, Om007G294000	CARHR186300
OG0004197	Om004G169580	CARHR206140
OG0004198	Om006G240630	CARHR187510
OG0004199	Om004G162820	CARHR239870
OG0004200	Om006G238870	CARHR189250
OG0004203	Om006G235460, Om004G151720	CARHR236070, CARHR060900
OG0004204	Om006G235200	CARHR276400
OG0004205	Om006G247600	CARHR272390
OG0004206	Om006G260230	CARHR158580
OG0004207	Om006G268050	CARHR149980
OG0004208	Om004G140530, Om004G140510, Om006G239730	CARHR066880, CARHR260420
OG0004209	Om005G206310	CARHR291230
OG0004210	Om005G206060	CARHR291080
OG0004212	Om004G134270	CARHR071270
OG0004213	Om004G139780	CARHR067480
OG0004214	Om004G141700	CARHR066230
OG0004215	Om004G133330, Om001G023500	CARHR071850
OG0004216	Om004G130940	CARHR073760
OG0004217	Om002G056500	CARHR087220
OG0004219	Om002G061030	CARHR090620
OG0004220	Om002G061720	CARHR091120
OG0004223	Om002G066190	CARHR094420
OG0004224	Om002G066640	CARHR094690
OG0004225	Om002G066950	CARHR095030
OG0004226	Om002G069180	CARHR097050
OG0004227	Om002G069820	CARHR097640
OG0004228	Om002G069830	CARHR097660
OG0004229	Om002G070510	CARHR098150
OG0004230	Om002G070640	CARHR098270
OG0004231	Om002G071230	CARHR098730
OG0004232	Om002G072570, Om002G072560	CARHR099520
OG0004233	Om002G072860	CARHR099760
OG0004234	Om002G084810	CARHR108430
OG0004235	Om002G086680	CARHR109620
OG0004236	Om001G023600	CARHR236660
OG0004237	Om008G349870	CARHR216580, CARHR111180
OG0004238	Om003G089760	CARHR045640
OG0004239	Om003G089930	CARHR045500
OG0004240	Om003G091580	CARHR044390
OG0004241	Om003G092180	CARHR044050
OG0004242	Om003G092880	CARHR043600
OG0004243	Om003G093340	CARHR043440
OG0004244	Om003G095970	CARHR041430
OG0004245	Om003G099280	CARHR038270
OG0004246	Om003G099770	CARHR037830
OG0004248	Om002G049320	CARHR176040, CARHR176030, CARHR213130, CARHR213100, CARHR213140, CARHR213110, CARHR081210
OG0004249	Om004G163150	CARHR187330, CARHR187310
OG0004251	Om003G120500	CARHR167590
OG0004252	Om008G326980	CARHR137220
OG0004253	Om003G125790	CARHR171130, CARHR186390, CARHR186410
OG0004254	Om003G126840	CARHR078640, CARHR004860
OG0004255	Om003G127930	CARHR172640
OG0004257	Om008G326190	CARHR158020
OG0004259	Om008G324320	CARHR040260, CARHR041480, CARHR112950
OG0004260	Om005G178070	CARHR000640
OG0004262	Om005G226550, Om005G226610	CARHR047760
OG0004265	Om003G115540, Om007G288150	CARHR189100, CARHR256700, CARHR027320, CARHR152810
OG0004275	Om001G023720	CARHR236750
OG0004276	Om002G086110	CARHR146540
OG0004277	Om001G025740	CARHR238120
OG0004278	Om001G027430	CARHR239040
OG0004279	Om001G027750	CARHR239260
OG0004280	Om001G030530	CARHR241240
OG0004281	Om001G031850	CARHR242110
OG0004282	Om001G032950	CARHR242810
OG0004283	Om001G033990	CARHR243500
OG0004284	Om007G292020	CARHR030750
OG0004285	Om007G277060	CARHR031570
OG0004286	Om003G090610, Om005G217140	CARHR289790, CARHR289800
OG0004287	Om002G066020, Om001G007780	CARHR143860
OG0004288	Om006G274500	CARHR145150
OG0004290	Om006G271460	CARHR148490
OG0004291	Om007G293290	CARHR174070
OG0004293	Om003G107010	CARHR049490
OG0004294	Om008G326470	CARHR055450, CARHR137590, CARHR137580
OG0004295	Om008G328500	CARHR136280
OG0004296	Om002G052880	CARHR084550
OG0004297	Om002G054570	CARHR085790
OG0004298	Om002G055440	CARHR086380
OG0004299	Om003G111630	CARHR257400
OG0004300	Om003G112270	CARHR256790, CARHR256780
OG0004301	Om001G004310	CARHR264060, CARHR009940
OG0004302	Om003G112790	CARHR264390
OG0004304	Om006G248240	CARHR271780
OG0004305	Om006G240840	CARHR187160
OG0004306	Om004G161380	CARHR199980
OG0004307	Om004G163090	CARHR201280
OG0004308	Om004G164800, Om004G164830, Om004G164860	CARHR202530
OG0004309	Om004G167500	CARHR204600
OG0004310	Om004G167890	CARHR205020
OG0004311	Om001G001510	CARHR224880
OG0004311	Om008G360040, Om003G110710	CARHR175360
OG0004312	Om001G001990	CARHR225110
OG0004313	Om009G363820	CARHR225870
OG0004314	Om001G005420	CARHR226840
OG0004315	Om001G006050	CARHR227250
OG0004316	Om001G006550	CARHR227520
OG0004317	Om005G210010, Om001G006780	CARHR227690
OG0004318	Om001G009390, Om001G009380	CARHR229620
OG0004319	Om001G009610, Om001G009580, Om001G009620, Om001G009590	CARHR229780, CARHR229790
OG0004320	Om001G010510, Om001G010710	CARHR230760
OG0004321	Om001G011480	CARHR231460
OG0004322	Om008G349910	CARHR255890
OG0004323	Om001G013840	CARHR034200, CARHR260240
OG0004324	Om002G071000	CARHR098540
OG0004326	Om007G290080	CARHR028960
OG0004327	Om007G291020	CARHR029870
OG0004328	Om007G291240	CARHR030030
OG0004330	Om001G035240	CARHR244160
OG0004331	Om001G036900	CARHR245260
OG0004332	Om001G037040	CARHR245330
OG0004333	Om008G348280, Om008G346930	CARHR261100, CARHR261120
OG0004334	Om008G352260	CARHR254230
OG0004335	Om001G005010	CARHR158190
OG0004336	Om002G078840	CARHR103910, CARHR217350
OG0004337	Om002G075930	CARHR102120, CARHR217960
OG0004338	Om003G105140	CARHR218080, CARHR085170
OG0004339	Om003G102720	CARHR220630
OG0004340	Om003G102510	CARHR221190
OG0004341	Om003G102320	CARHR221360
OG0004342	Om003G089540	CARHR044020, CARHR248660
OG0004343	Om003G128680	CARHR173220
OG0004344	Om008G320050	CARHR142410
OG0004345	Om008G320990	CARHR141640
OG0004346	Om008G321210	CARHR141420
OG0004347	Om008G323710	CARHR139440, CARHR069720
OG0004348	Om008G325620	CARHR138210
OG0004349	Om003G121540	CARHR168460
OG0004350	Om006G241430	CARHR193070
OG0004351	Om006G251880	CARHR165540
OG0004351	Om008G330710	CARHR135030, CARHR159370
OG0004352	Om008G330730	CARHR135020
OG0004353	Om006G243770	CARHR191150
OG0004354	Om006G246550	CARHR285570
OG0004355	Om006G233870	CARHR277600
OG0004356	Om006G233510	CARHR277950
OG0004357	Om006G231750	CARHR279420
OG0004358	Om006G230320	CARHR280590
OG0004359	Om006G230200	CARHR280770
OG0004360	Om004G157000	CARHR248010
OG0004362	Om005G180390	CARHR002850
OG0004363	Om007G278270	CARHR127420
OG0004364	Om007G278320	CARHR127380
OG0004366	Om007G280720	CARHR124830
OG0004367	Om007G280910	CARHR124630
OG0004368	Om007G281560	CARHR123910
OG0004369	Om007G281680	CARHR123680
OG0004370	Om007G281730	CARHR123620
OG0004371	Om007G282100	CARHR123220
OG0004372	Om002G042760	CARHR075550
OG0004373	Om002G044100	CARHR076760
OG0004374	Om002G047280	CARHR079560
OG0004375	Om002G047430	CARHR186110
OG0004376	Om002G047690	CARHR079940
OG0004377	Om002G048350, Om002G048340	CARHR080480
OG0004377	Om006G253660	CARHR164130
OG0004378	Om002G048590	CARHR080630
OG0004379	Om002G049000	CARHR080940
OG0004380	Om002G050000	CARHR081930
OG0004381	Om008G337750	CARHR130270
OG0004382	Om008G337570	CARHR130430
OG0004383	Om008G336400, Om008G336380	CARHR131410
OG0004385	Om005G196970	CARHR016550
OG0004386	Om005G199140	CARHR018330
OG0004387	Om004G141120	CARHR066490
OG0004388	Om004G140100	CARHR067190
OG0004389	Om005G200530	CARHR019330
OG0004390	Om004G135140	CARHR070620, CARHR070610
OG0004391	Om004G143200	CARHR064830
OG0004392	Om008G356340	CARHR178460
OG0004393	Om004G146090	CARHR025360
OG0004394	Om004G147490	CARHR026300
OG0004395	Om007G285750	CARHR232260
OG0004396	Om002G063050	CARHR117820
OG0004397	Om005G193110	CARHR013760
OG0004398	Om005G192370	CARHR013160
OG0004399	Om005G192230	CARHR013050
OG0004400	Om005G191110	CARHR012210
OG0004401	Om005G189870	CARHR011270
OG0004402	Om005G189270	CARHR010790
OG0004403	Om005G188560	CARHR010180
OG0004404	Om005G187050	CARHR008940
OG0004405	Om005G185940, Om005G185950	CARHR007840, CARHR007850
OG0004406	Om005G185780	CARHR007700
OG0004407	Om007G300160	CARHR198090
OG0004408	Om007G298630, Om006G264630, Om006G264640	CARHR197040
OG0004409	Om007G297670	CARHR196320
OG0004410	Om007G295680	CARHR194460
OG0004411	Om007G295430	CARHR194350
OG0004412	Om007G294380	CARHR186890
OG0004413	Om007G293780	CARHR186190
OG0004414	Om007G307890	CARHR184020
OG0004415	Om004G170620	CARHR206870
OG0004416	Om006G240410	CARHR187720, CARHR187730
OG0004418	Om004G164600	CARHR189990
OG0004419	Om006G237610	CARHR190390
OG0004419	Om004G167820	CARHR204940
OG0004420	Om006G236770	CARHR275100
OG0004421	Om006G260130	CARHR158680
OG0004422	Om005G211000, Om005G211010	CARHR061120, CARHR061090
OG0004423	Om008G362530, Om005G209050	CARHR062670
OG0004424	Om005G208040	CARHR063380
OG0004425	Om005G207270	CARHR063960
OG0004426	Om005G205790	CARHR064730
OG0004427	Om004G143090, Om004G143110	CARHR064940
OG0004428	Om004G138250	CARHR068920
OG0004429	Om004G139290	CARHR067880, CARHR067870, CARHR067860
OG0004430	Om004G139320	CARHR067830
OG0004430	Om004G139330	CARHR067820
OG0004431	Om004G142070	CARHR065840, CARHR065870
OG0004432	Om004G132980	CARHR072090
OG0004433	Om004G132370	CARHR072570
OG0004434	Om004G131970	CARHR072940
OG0004435	Om004G131500	CARHR073310
OG0004436	Om002G056790	CARHR087440
OG0004437	Om002G058780	CARHR088940
OG0004438	Om002G058940	CARHR089080
OG0004440	Om002G060360	CARHR090150
OG0004441	Om002G060660	CARHR090390
OG0004442	Om002G060870	CARHR090530
OG0004443	Om002G062080	CARHR091410
OG0004445	Om003G097290	CARHR040320
OG0004446	Om002G067670	CARHR095580
OG0004447	Om002G068890	CARHR096780
OG0004448	Om002G068910	CARHR096800
OG0004449	Om008G321370	CARHR099560, CARHR097240
OG0004450	Om002G070020	CARHR097820
OG0004451	Om002G071930	CARHR099200
OG0004453	Om002G085860	CARHR109120
OG0004454	Om002G085110	CARHR108640
OG0004455	Om002G086590	CARHR109570
OG0004456	Om007G314570, Om005G215320, Om002G088290	CARHR130310
OG0004457	Om003G094570	CARHR042540
OG0004458	Om003G095810	CARHR041670
OG0004459	Om003G103930, Om003G096910, Om003G096900, Om003G096940	CARHR040560
OG0004460	Om003G099330	CARHR038220
OG0004461	Om007G290340	CARHR128490, CARHR029550
OG0004462	Om006G256660	CARHR161540
OG0004463	Om006G253720	CARHR163890
OG0004464	Om006G252330, Om006G252340	CARHR165140, CARHR165150
OG0004465	Om006G250730	CARHR166340
OG0004466	Om003G119660	CARHR166850
OG0004467	Om004G133600	CARHR266310
OG0004468	Om003G121460	CARHR168380
OG0004469	Om003G121560	CARHR168490
OG0004470	Om003G122350	CARHR169000
OG0004471	Om003G125820	CARHR171150
OG0004472	Om003G126550	CARHR171780
OG0004473	Om001G030340	CARHR241110
OG0004474	Om003G128790	CARHR173300
OG0004475	Om003G098530, Om003G098560	CARHR286730, CARHR039190, CARHR039200
OG0004477	Om001G005280	CARHR259150
OG0004478	Om003G125100	CARHR170740
OG0004482	Om005G190480, Om005G190490, Om005G190530, Om005G190500, Om005G190520, Om005G190510	CARHR043030, CARHR043020, CARHR024470, CARHR024440
OG0004483	Om005G208020	CARHR063390
OG0004488	Om004G161160	CARHR199820, CARHR184010
OG0004493	Om002G067710	CARHR101350
OG0004498	Om001G022310	CARHR235980
OG0004499	Om001G022820	CARHR236310
OG0004500	Om001G023610	CARHR236670
OG0004501	Om002G086800, Om001G025270	CARHR237880
OG0004502	Om006G249470	CARHR271120
OG0004503	Om001G025770	CARHR238150
OG0004504	Om001G026280	CARHR184610
OG0004505	Om001G026420	CARHR238460
OG0004506	Om001G026760	CARHR238610
OG0004507	Om003G121850	CARHR168250, CARHR168610
OG0004508	Om001G028430	CARHR239710
OG0004509	Om001G028950	CARHR240080
OG0004510	Om001G028970	CARHR240100, CARHR059710
OG0004511	Om001G030240	CARHR241010
OG0004512	Om001G032610	CARHR242390
OG0004513	Om001G032780	CARHR242280
OG0004514	Om007G276000	CARHR223120
OG0004515	Om005G220010	CARHR053200
OG0004516	Om005G222880	CARHR051290
OG0004517	Om004G130890, Om006G230940	CARHR073750
OG0004518	Om001G010870, Om001G010860	CARHR231050, CARHR231040
OG0004519	Om006G275300	CARHR144090
OG0004520	Om004G147380	CARHR026140, CARHR061020
OG0004521	Om006G272890	CARHR146850
OG0004525	Om005G215240	CARHR056920
OG0004526	Om005G191890	CARHR012730, CARHR048720
OG0004527	Om002G056380	CARHR087110
OG0004528	Om003G118530	CARHR269660
OG0004529	Om002G055980	CARHR086830
OG0004530	Om006G245690	CARHR273390
OG0004531	Om003G118010	CARHR269220
OG0004532	Om003G118460	CARHR269600
OG0004533	Om006G250350	CARHR270340, CARHR270350
OG0004534	Om006G250240	CARHR270530, CARHR270520
OG0004535	Om006G249210, Om006G249220	CARHR271310
OG0004536	Om006G248390	CARHR271690
OG0004537	Om007G313320	CARHR184460
OG0004538	Om004G162130	CARHR200580
OG0004539	Om004G162280	CARHR200700
OG0004540	Om004G162790	CARHR201080
OG0004541	Om004G163080	CARHR201270
OG0004542	Om004G164300	CARHR202190, CARHR149000
OG0004543	Om004G165060	CARHR202660
OG0004544	Om004G165700	CARHR203020
OG0004545	Om004G167080	CARHR204220
OG0004546	Om004G167980	CARHR205100
OG0004547	Om004G168850	CARHR205710
OG0004548	Om001G002310	CARHR225260
OG0004549	Om001G002460	CARHR225360
OG0004550	Om001G003530	CARHR226000
OG0004551	Om001G009200	CARHR253760
OG0004552	Om001G010570	CARHR230920
OG0004553	Om001G010550	CARHR230930
OG0004554	Om056G377040, Om001G003810, Om001G003710, Om001G011450	CARHR231440
OG0004557	Om007G287620, Om007G287580	CARHR036280, CARHR036330
OG0004558	Om007G288390	CARHR027600
OG0004559	Om007G288840	CARHR027940
OG0004560	Om007G288870	CARHR027980
OG0004561	Om007G290210	CARHR029140
OG0004562	Om007G290590	CARHR029300
OG0004563	Om007G291580	CARHR030310, CARHR030320
OG0004564	Om001G034710	CARHR243810
OG0004565	Om001G034810	CARHR243890
OG0004566	Om001G036210	CARHR244810
OG0004567	Om001G040060	CARHR247100, CARHR215520
OG0004568	Om007G313550	CARHR216480
OG0004569	Om007G313760	CARHR215950
OG0004570	Om007G315680	CARHR017530, CARHR262660
OG0004571	Om008G339260, Om005G224140, Om005G224250, Om005G224260	CARHR156310, CARHR106840
OG0004572	Om008G339160	CARHR129280
OG0004573	Om008G361850	CARHR174440
OG0004574	Om008G338260	CARHR129920
OG0004575	Om008G340820	CARHR127740
OG0004576	Om008G350400, Om004G164310	CARHR255760
OG0004577	Om008G350950	CARHR255420
OG0004580	Om008G356070	CARHR114890, CARHR178630
OG0004581	Om008G359740	CARHR175560
OG0004582	Om008G361880	CARHR174420
OG0004583	Om001G005030	CARHR102380
OG0004584	Om003G104080	CARHR219060
OG0004585	Om003G103490	CARHR220100
OG0004586	Om002G070460	CARHR098090
OG0004589	Om008G323180	CARHR139840
OG0004590	Om008G323190	CARHR139830
OG0004591	Om008G323250	CARHR139780
OG0004592	Om008G325190	CARHR138520
OG0004593	Om004G176000	CARHR211080
OG0004594	Om004G174410	CARHR209950
OG0004595	Om006G242420	CARHR192130
OG0004596	Om006G242800	CARHR191870
OG0004597	Om006G243660	CARHR191290
OG0004598	Om006G244180	CARHR190850
OG0004599	Om006G234550	CARHR276980
OG0004600	Om006G233860	CARHR277610
OG0004601	Om006G233430	CARHR278010, CARHR059700
OG0004602	Om006G232880	CARHR278500
OG0004603	Om006G231780	CARHR279390
OG0004604	Om006G231700	CARHR279460
OG0004605	Om006G230460	CARHR280480
OG0004606	Om006G229800	CARHR281070
OG0004607	Om006G257480	CARHR281610, CARHR160860
OG0004608	Om006G237800	CARHR248040
OG0004609	Om004G159550	CARHR250460
OG0004610	Om007G278070, Om006G238420	CARHR180220
OG0004611	Om007G278690	CARHR126980, CARHR126960
OG0004612	Om007G280350	CARHR125150
OG0004614	Om007G284850	CARHR119770
OG0004615	Om007G284570	CARHR120140
OG0004616	Om002G042530	CARHR017030, CARHR075310
OG0004617	Om002G042400	CARHR266370, CARHR105740, CARHR075180, CARHR199040
OG0004618	Om007G299060, Om007G301870	CARHR074930, CARHR199350
OG0004619	Om002G042020	CARHR074890
OG0004620	Om002G051130	CARHR083010
OG0004621	Om002G044110, Om003G124370	CARHR076770
OG0004622	Om007G297800	CARHR196370
OG0004622	Om002G044370	CARHR076980
OG0004624	Om002G048120	CARHR080250
OG0004625	Om002G048260	CARHR080390
OG0004626	Om002G048410	CARHR080530
OG0004627	Om002G048470	CARHR080570
OG0004628	Om002G048860	CARHR080850
OG0004629	Om002G050100	CARHR082030
OG0004630	Om002G050460	CARHR082390
OG0004631	Om002G050520, Om008G349950	CARHR082440
OG0004632	Om002G050670	CARHR181550, CARHR082610
OG0004633	Om002G050710	CARHR082640
OG0004634	Om008G329530	CARHR135640
OG0004635	Om008G330200	CARHR135300
OG0004636	Om008G330250	CARHR135260
OG0004637	Om008G330580	CARHR135100
OG0004638	Om008G331450	CARHR134560
OG0004639	Om008G337220	CARHR130660
OG0004640	Om008G337140	CARHR130720
OG0004641	Om008G336520	CARHR131320
OG0004642	Om008G335350	CARHR131980
OG0004643	Om008G333350	CARHR133320
OG0004644	Om005G196720, Om004G148760	CARHR016400
OG0004645	Om005G196820	CARHR016450
OG0004646	Om005G199400	CARHR018480
OG0004647	Om005G200290	CARHR019190
OG0004648	Om005G201950, Om005G201940	CARHR058030, CARHR020390
OG0004649	Om005G203710	CARHR021840
OG0004650	Om005G204350, Om005G204410	CARHR022320, CARHR038350
OG0004651	Om004G143730	CARHR023800
OG0004652	Om004G143950	CARHR023990
OG0004653	Om004G143880	CARHR023970
OG0004654	Om004G145290	CARHR025060
OG0004656	Om007G285710	CARHR232160
OG0004658	Om004G171680, Om007G286800	CARHR233180
OG0004659	Om004G151630	CARHR116490
OG0004660	Om008G353740, Om004G151500, Om006G244740	CARHR116810
OG0004661	Om005G192030	CARHR012840
OG0004662	Om005G188740	CARHR010340
OG0004663	Om005G188430	CARHR010090
OG0004664	Om001G022250, Om005G188050	CARHR009740
OG0004665	Om005G187700	CARHR009510
OG0004666	Om005G187170	CARHR165900, CARHR009110
OG0004667	Om005G187030	CARHR008910
OG0004668	Om005G186540	CARHR008410
OG0004669	Om005G185880	CARHR007780
OG0004670	Om005G184610	CARHR006800
OG0004671	Om005G182020	CARHR004270
OG0004672	Om007G301560	CARHR199090
OG0004673	Om007G298260	CARHR196760
OG0004674	Om007G296500	CARHR195370
OG0004675	Om007G296430	CARHR195300
OG0004676	Om007G295710	CARHR194500
OG0004677	Om007G295590	CARHR194420
OG0004678	Om007G294880	CARHR193810
OG0004679	Om007G294220	CARHR186650
OG0004680	Om007G293360	CARHR185680
OG0004681	Om007G303370	CARHR185420
OG0004682	Om007G303790, Om007G303800	CARHR182230
OG0004683	Om010G364750, Om007G309410	CARHR183520
OG0004685	Om004G160970	CARHR199690
OG0004686	Om008G357620, Om002G049970	CARHR184280, CARHR258390
OG0004687	Om003G123830	CARHR169950
OG0004688	Om004G170470	CARHR206990
OG0004689	Om004G171710	CARHR207910
OG0004690	Om004G172890	CARHR208830
OG0004691	Om006G240490	CARHR187640
OG0004692	Om006G240420	CARHR187700, CARHR187710
OG0004693	Om006G239910	CARHR188290
OG0004694	Om006G237730	CARHR190280
OG0004695	Om006G236070, Om001G025030	CARHR275760
OG0004696	Om006G235790	CARHR275940, CARHR275950
OG0004697	Om006G235670	CARHR276060
OG0004698	Om006G235600	CARHR276160
OG0004699	Om006G235470	CARHR276260
OG0004700	Om008G330560, Om006G234960	CARHR276630
OG0004701	Om006G257770	CARHR160570
OG0004702	Om006G261240, Om006G238270	CARHR157690
OG0004703	Om006G262510	CARHR157180
OG0004704	Om006G266620	CARHR155490
OG0004705	Om002G074510	CARHR101150
OG0004706	Om006G268410	CARHR267130
OG0004707	Om005G209580	CARHR062170
OG0004708	Om005G209430	CARHR062300
OG0004709	Om005G208530	CARHR062950
OG0004710	Om004G143260	CARHR064780
OG0004711	Om004G142890	CARHR065070
OG0004712	Om004G136250	CARHR069910
OG0004713	Om004G137560, Om004G137570	CARHR069120
OG0004714	Om004G138230	CARHR068900
OG0004715	Om004G138200, Om004G138190	CARHR025820
OG0004717	Om005G199590	CARHR180060, CARHR018650
OG0004718	Om004G132220	CARHR072720
OG0004719	Om004G131280	CARHR073560
OG0004720	Om004G130860	CARHR073850
OG0004721	Om004G130520	CARHR074030
OG0004722	Om004G130440	CARHR074790
OG0004723	Om004G130340	CARHR074130
OG0004724	Om004G130330	CARHR074140
OG0004725	Om005G196170	CARHR015990
OG0004726	Om002G056440	CARHR087170
OG0004727	Om002G056710	CARHR087410
OG0004728	Om002G057110	CARHR087710
OG0004729	Om002G057720	CARHR088140
OG0004730	Om002G058540	CARHR088770
OG0004731	Om002G060080, Om002G060060	CARHR089860
OG0004732	Om002G060200	CARHR090000
OG0004733	Om002G060740, Om007G306580, Om007G306610, Om007G306590	CARHR090440
OG0004734	Om002G063120	CARHR092020
OG0004735	Om002G063920	CARHR092640
OG0004736	Om002G065200	CARHR093640
OG0004737	Om002G065620	CARHR093970, CARHR093980
OG0004738	Om002G065960	CARHR094220
OG0004739	Om002G066180	CARHR094410
OG0004740	Om002G067400	CARHR095460
OG0004741	Om002G069530	CARHR097410
OG0004742	Om002G070880	CARHR098410
OG0004743	Om002G070920	CARHR098440
OG0004744	Om002G071800	CARHR099130
OG0004745	Om002G072370	CARHR099350
OG0004746	Om002G073160	CARHR100040
OG0004749	Om002G057850	CARHR106750
OG0004750	Om002G087050	CARHR109920
OG0004751	Om002G088140	CARHR110880
OG0004752	Om003G089860, Om003G089850	CARHR045550
OG0004753	Om003G092240	CARHR043990, CARHR213360
OG0004754	Om003G096290	CARHR040530, CARHR041020
OG0004755	Om003G097480	CARHR040150
OG0004756	Om003G099320	CARHR038230
OG0004757	Om002G072680	CARHR099600
OG0004758	Om006G274180	CARHR145460
OG0004759	Om006G253670	CARHR164120
OG0004760	Om006G257140	CARHR161130, CARHR161120, CARHR161140
OG0004761	Om006G257040	CARHR161190
OG0004762	Om003G098050	CARHR050650
OG0004763	Om006G251740	CARHR165620
OG0004764	Om006G250740	CARHR166330
OG0004765	Om003G119530	CARHR166730
OG0004766	Om003G119770	CARHR166960
OG0004767	Om006G244030, Om003G120510	CARHR167600
OG0004768	Om003G120870	CARHR167890
OG0004769	Om003G121100	CARHR168180
OG0004770	Om003G129090, Om002G072160, Om002G085450	CARHR187390
OG0004771	Om003G126440	CARHR171730
OG0004772	Om007G276060	CARHR223210
OG0004776	Om005G188040	CARHR009720
OG0004778	Om006G249970, Om005G220260	CARHR270660
OG0004779	Om002G083480	CARHR293390
OG0004780	Om002G072980, Om002G072950, Om002G072960	CARHR099840
OG0004781	Om002G067420	CARHR095480
OG0004782	Om002G054850	CARHR085980
OG0004783	Om006G235950	CARHR275870
OG0004783	Om004G169160	CARHR205910
OG0004786	Om006G245170	CARHR273920
OG0004801	Om001G022350	CARHR236010
OG0004802	Om001G022370	CARHR236030
OG0004803	Om001G022520	CARHR240400, CARHR236080
OG0004804	Om001G022700	CARHR236210
OG0004805	Om001G023820	CARHR236830
OG0004806	Om001G025630	CARHR238060
OG0004807	Om001G026770	CARHR238620
OG0004808	Om001G028370	CARHR239680
OG0004809	Om001G028490	CARHR239760
OG0004810	Om008G334670	CARHR287980
OG0004811	Om001G029940	CARHR240860
OG0004812	Om001G029760	CARHR240730
OG0004813	Om001G030290	CARHR241050
OG0004815	Om001G033160	CARHR243000
OG0004817	Om007G276030	CARHR223150
OG0004818	Om007G275990	CARHR223110
OG0004819	Om007G275720	CARHR222830
OG0004821	Om005G187010	CARHR284470
OG0004822	Om005G190140	CARHR011520
OG0004822	Om005G222890	CARHR051230
OG0004823	Om005G222960	CARHR050850
OG0004824	Om005G225660	CARHR143760, CARHR148990
OG0004826	Om006G274690	CARHR144890
OG0004827	Om006G272780	CARHR146990
OG0004828	Om006G272330	CARHR147560
OG0004828	Om008G336390	CARHR262130
OG0004829	Om006G272150	CARHR147720
OG0004831	Om006G271210	CARHR148740
OG0004833	Om006G269510	CARHR152250
OG0004834	Om006G269490	CARHR152290
OG0004835	Om006G269380	CARHR153900
OG0004838	Om006G268220	CARHR153560
OG0004839	Om003G122720	CARHR260400, CARHR060050
OG0004840	Om005G213540	CARHR289580
OG0004842	Om005G225430	CARHR048700
OG0004844	Om008G328320	CARHR136400
OG0004845	Om002G051900	CARHR083740
OG0004846	Om002G053180	CARHR084820
OG0004847	Om002G053460	CARHR085040
OG0004848	Om002G055060	CARHR086130
OG0004849	Om002G055960	CARHR086810
OG0004850	Om003G112100	CARHR256950
OG0004852	Om003G113070	CARHR264810
OG0004853	Om003G113500	CARHR265280, CARHR259130
OG0004854	Om003G114070	CARHR265810
OG0004855	Om003G114130	CARHR265860
OG0004857	Om003G115460	CARHR267000
OG0004858	Om003G116360	CARHR267990
OG0004860	Om006G249880	CARHR270740
OG0004861	Om005G206970, Om006G248640	CARHR271470
OG0004862	Om006G248130	CARHR271880
OG0004863	Om004G161510	CARHR200110
OG0004864	Om004G161650	CARHR200230
OG0004865	Om004G161700	CARHR200290
OG0004866	Om004G161730	CARHR200300
OG0004867	Om004G163770	CARHR201790
OG0004868	Om007G299690	CARHR197750
OG0004869	Om004G164370	CARHR202220
OG0004870	Om004G165320	CARHR202780
OG0004872	Om004G166810	CARHR203970
OG0004873	Om001G000410	CARHR224250
OG0004874	Om008G360920	CARHR175010
OG0004875	Om001G001760	CARHR224920
OG0004876	Om008G359830	CARHR175510
OG0004877	Om001G002950	CARHR225700
OG0004878	Om001G002980	CARHR225760
OG0004879	Om001G004130	CARHR226240
OG0004880	Om001G005400	CARHR226810
OG0004881	Om001G005770	CARHR227100
OG0004882	Om001G006230	CARHR227320
OG0004883	Om001G006830, Om001G006800	CARHR227710
OG0004884	Om001G007260	CARHR228110
OG0004885	Om006G241010	CARHR193490, CARHR193500
OG0004886	Om001G007900	CARHR228500
OG0004887	Om001G007960	CARHR228560
OG0004888	Om001G009010	CARHR229270
OG0004889	Om001G009820	CARHR229990
OG0004890	Om001G010670	CARHR230780
OG0004891	Om001G011200	CARHR231260
OG0004892	Om001G011540	CARHR231480
OG0004893	Om001G028980	CARHR036070
OG0004894	Om007G287270	CARHR036930
OG0004895	Om007G288210	CARHR027380
OG0004896	Om007G288450	CARHR027630
OG0004897	Om007G288610	CARHR027760
OG0004898	Om007G290830	CARHR029660
OG0004899	Om004G173490	CARHR209270
OG0004900	Om001G036710	CARHR245090
OG0004901	Om001G038290	CARHR245920
OG0004902	Om001G038630	CARHR246140
OG0004903	Om004G153940, Om001G039290	CARHR113690
OG0004905	Om008G338980	CARHR129430
OG0004906	Om008G354880	CARHR252500
OG0004907	Om008G355480	CARHR252170
OG0004908	Om008G356710	CARHR178190
OG0004910	Om008G359160	CARHR175920
OG0004911	Om008G359200, Om002G060020	CARHR175900
OG0004912	Om008G361500	CARHR174680
OG0004913	Om008G362760	CARHR173700
OG0004914	Om008G362190	CARHR174140
OG0004915	Om008G362630	CARHR173830
OG0004916	Om003G104640	CARHR218390, CARHR101440
OG0004917	Om003G093910	CARHR043050
OG0004919	Om007G318030	CARHR213180
OG0004920	Om006G231090	CARHR279960
OG0004920	Om003G123990	CARHR158900
OG0004921	Om003G128760	CARHR173290
OG0004922	Om003G128190	CARHR172900
OG0004923	Om008G321130	CARHR025440
OG0004924	Om008G321230	CARHR141400, CARHR015120
OG0004925	Om003G126570	CARHR171800
OG0004926	Om008G321340	CARHR141270
OG0004927	Om008G321580	CARHR141060
OG0004928	Om008G321710	CARHR140990
OG0004929	Om008G323020	CARHR139960
OG0004932	Om008G325820	CARHR138060
OG0004933	Om008G326690	CARHR137480
OG0004934	Om008G326950	CARHR137250
OG0004936	Om004G175700	CARHR210990
OG0004937	Om004G174260	CARHR209840
OG0004938	Om008G323310	CARHR139690
OG0004939	Om004G173340	CARHR209160
OG0004940	Om006G241910	CARHR192630
OG0004941	Om006G241530	CARHR192990
OG0004942	Om006G242370	CARHR192170
OG0004943	Om006G242650	CARHR191960
OG0004944	Om006G243280	CARHR191550
OG0004945	Om006G243730	CARHR191210
OG0004946	Om006G244370	CARHR190640
OG0004948	Om006G245430	CARHR273650
OG0004949	Om006G246350	CARHR285710
OG0004950	Om006G246490	CARHR285590
OG0004951	Om006G246880	CARHR285220
OG0004952	Om006G234490	CARHR043640, CARHR277040
OG0004953	Om008G320800	CARHR141790
OG0004954	Om006G234160	CARHR277340
OG0004955	Om006G232860	CARHR278520
OG0004956	Om006G231940	CARHR279260
OG0004958	Om006G231530	CARHR279620
OG0004959	Om006G231300	CARHR279790
OG0004960	Om006G230880	CARHR280140
OG0004961	Om006G230790	CARHR280210
OG0004962	Om006G230330	CARHR280580
OG0004963	Om006G229860	CARHR281020
OG0004964	Om006G257700	CARHR160650
OG0004965	Om004G158250	CARHR249190
OG0004966	Om007G277430	CARHR179270
OG0004967	Om005G181300	CARHR003590
OG0004967	Om007G277830	CARHR179960
OG0004968	Om007G278230	CARHR127460
OG0004969	Om007G279590	CARHR126500
OG0004970	Om007G281350	CARHR124060
OG0004971	Om007G281420	CARHR124010, CARHR123990
OG0004972	Om007G281770	CARHR123570
OG0004973	Om007G282240	CARHR123050
OG0004974	Om007G282350	CARHR122930
OG0004975	Om007G283530	CARHR121530
OG0004976	Om007G284140	CARHR120720
OG0004977	Om007G285160	CARHR119280
OG0004978	Om007G301920	CARHR199400
OG0004979	Om002G051090	CARHR082970
OG0004980	Om002G051160	CARHR083040
OG0004981	Om002G042940	CARHR075750
OG0004982	Om002G044190	CARHR076840
OG0004983	Om007G297710	CARHR196330
OG0004985	Om007G293880	CARHR186240
OG0004986	Om007G294510	CARHR187000
OG0004987	Om007G294700	CARHR193630
OG0004988	Om002G048760	CARHR080770
OG0004989	Om003G120260	CARHR167330
OG0004990	Om002G049760	CARHR081630
OG0004991	Om002G050320	CARHR082250
OG0004992	Om002G050730	CARHR082680
OG0004993	Om002G051060	CARHR082950
OG0004994	Om008G330080	CARHR135420
OG0004995	Om008G330820	CARHR134940
OG0004996	Om008G331430	CARHR134580
OG0004997	Om006G252480	CARHR165050
OG0004998	Om008G337940	CARHR130190
OG0004999	Om008G337740	CARHR130280
OG0005000	Om007G289280	CARHR028290
OG0005001	Om008G334690	CARHR132520
OG0005002	Om008G334400	CARHR132670
OG0005003	Om008G334220, Om008G334230	CARHR132780
OG0005006	Om005G197710	CARHR017220
OG0005007	Om005G188500	CARHR018040, CARHR117350
OG0005008	Om005G198850	CARHR018160, CARHR018150
OG0005009	Om005G199520	CARHR018590
OG0005010	Om005G200240	CARHR019140
OG0005011	Om005G201050	CARHR019780
OG0005012	Om005G201900	CARHR020350
OG0005013	Om004G134180	CARHR071320
OG0005014	Om005G204570	CARHR022460
OG0005015	Om005G205150	CARHR023010
OG0005016	Om008G352730	CARHR024510, CARHR024480
OG0005016	Om004G144710, Om004G144730	CARHR024490, CARHR024500
OG0005018	Om004G144950	CARHR024720
OG0005019	Om004G145200	CARHR024960
OG0005020	Om004G146200	CARHR025480
OG0005021	Om004G147440	CARHR026240
OG0005022	Om004G147650	CARHR026450
OG0005023	Om003G116910, Om004G161910	CARHR026740
OG0005024	Om005G212460	CARHR059880
OG0005025	Om007G285680	CARHR232150
OG0005026	Om007G286350	CARHR232820
OG0005027	Om001G030430	CARHR241180
OG0005028	Om004G136880	CARHR069550
OG0005029	Om005G193720	CARHR014130
OG0005030	Om004G130920	CARHR073800, CARHR073790
OG0005031	Om005G191800	CARHR012670
OG0005032	Om005G191490	CARHR012480
OG0005033	Om005G190630	CARHR011890
OG0005034	Om005G189240	CARHR010770
OG0005035	Om005G188780	CARHR010370
OG0005036	Om005G188580	CARHR222860, CARHR010210
OG0005037	Om005G187080	CARHR008960
OG0005038	Om008G339360, Om002G072530	CARHR129130
OG0005039	Om005G186090	CARHR007990
OG0005040	Om005G186460	CARHR008350
OG0005041	Om005G183780	CARHR005880
OG0005042	Om005G183690	CARHR005770
OG0005043	Om005G183460	CARHR005560
OG0005044	Om005G182440	CARHR004660
OG0005045	Om005G182330	CARHR004580
OG0005047	Om005G178510	CARHR001070
OG0005049	Om004G144170, Om005G178010	CARHR000680
OG0005050	Om007G300330	CARHR198200
OG0005051	Om004G142440	CARHR065490
OG0005052	Om007G298950	CARHR197280
OG0005053	Om007G298750, Om007G298780	CARHR197130
OG0005054	Om007G298150	CARHR196670
OG0005055	Om007G297330	CARHR195980
OG0005056	Om007G297250	CARHR195910
OG0005057	Om007G296540, Om003G097450	CARHR195410
OG0005058	Om007G295990	CARHR194790
OG0005059	Om007G295820	CARHR194570
OG0005060	Om007G295020	CARHR194080
OG0005061	Om007G294830	CARHR193760
OG0005062	Om007G294540	CARHR187020
OG0005063	Om002G047010	CARHR079360
OG0005063	Om007G293420	CARHR185780
OG0005064	Om007G293370	CARHR185690
OG0005065	Om007G303590	CARHR287940
OG0005066	Om002G067330	CARHR056790, CARHR182700, CARHR287810
OG0005067	Om007G305830, Om009G362970	CARHR182870
OG0005068	Om007G307830, Om007G307840, Om007G307820	CARHR184160
OG0005069	Om007G307880	CARHR184060
OG0005070	Om006G253530	CARHR164230, CARHR260340
OG0005071	Om004G170360, Om002G050780, Om004G144270	CARHR207090
OG0005072	Om004G172080	CARHR208200
OG0005073	Om006G260280	CARHR158490
OG0005074	Om006G239070, Om006G239150	CARHR189000
OG0005075	Om006G237390	CARHR274530
OG0005076	Om006G237310	CARHR274590
OG0005077	Om006G236780	CARHR275090
OG0005078	Om006G236690	CARHR275180
OG0005079	Om006G235690	CARHR276040
OG0005080	Om006G247450	CARHR272580
OG0005081	Om006G247700	CARHR272300
OG0005082	Om006G247870	CARHR272140
OG0005083	Om006G247880	CARHR272130
OG0005084	Om006G259230	CARHR159140
OG0005085	Om006G260310, Om002G079950	CARHR158390
OG0005086	Om006G260350	CARHR158360
OG0005087	Om006G260580	CARHR218460, CARHR181380, CARHR158090
OG0005088	Om006G261030	CARHR157820
OG0005089	Om006G266100, Om008G358200	CARHR155920
OG0005090	Om006G242060	CARHR192490
OG0005091	Om005G211990	CARHR060370
OG0005092	Om005G210830	CARHR061270
OG0005093	Om005G210740	CARHR061340
OG0005094	Om005G210680	CARHR061360
OG0005095	Om001G039270	CARHR143660
OG0005096	Om005G210430	CARHR061560
OG0005097	Om005G209850	CARHR061920
OG0005098	Om005G209010	CARHR062680
OG0005099	Om004G143250	CARHR064790
OG0005100	Om004G133890	CARHR071570
OG0005101	Om004G134130, Om004G134140, Om004G134120	CARHR071370
OG0005102	Om001G011440, Om004G164760	CARHR286520, CARHR218550
OG0005104	Om004G136300	CARHR069890
OG0005105	Om004G136670	CARHR069730
OG0005106	Om004G137990	CARHR068760
OG0005107	Om004G131750	CARHR073090
OG0005108	Om004G130420	CARHR074800
OG0005109	Om078G377250, Om004G130310	CARHR074150
OG0005110	Om005G195950	CARHR015790
OG0005112	Om002G057890	CARHR088300
OG0005113	Om002G058000	CARHR088370
OG0005114	Om002G058400, Om003G091030	CARHR088660
OG0005115	Om003G091310	CARHR044540, CARHR044560
OG0005116	Om002G059440	CARHR089320
OG0005117	Om002G060380	CARHR090180
OG0005118	Om002G060710	CARHR090430
OG0005119	Om002G060880	CARHR090550
OG0005120	Om002G061300	CARHR090760
OG0005121	Om002G061730	CARHR091130
OG0005122	Om002G062300	CARHR091540
OG0005123	Om002G062660	CARHR091710
OG0005124	Om002G065580	CARHR093920
OG0005125	Om002G066150	CARHR094370
OG0005126	Om002G067460, Om002G067690	CARHR095600
OG0005127	Om002G068400	CARHR096360
OG0005128	Om002G068510	CARHR096440
OG0005129	Om002G068610	CARHR096560
OG0005130	Om002G069100	CARHR096940
OG0005131	Om002G069250	CARHR097130
OG0005132	Om002G069600	CARHR097460, CARHR097450
OG0005133	Om002G069320	CARHR097180
OG0005134	Om002G069280	CARHR097150
OG0005135	Om003G101740	CARHR221960, CARHR097860
OG0005136	Om002G071200	CARHR098690
OG0005137	Om002G073180	CARHR100060
OG0005138	Om002G073270	CARHR100130
OG0005139	Om002G080400	CARHR105390
OG0005140	Om002G085960	CARHR106980, CARHR109170
OG0005141	Om002G086600	CARHR109590
OG0005142	Om002G086610	CARHR109600
OG0005143	Om002G086740	CARHR109640
OG0005144	Om002G088050	CARHR110790
OG0005145	Om003G089940	CARHR045460, CARHR045490
OG0005146	Om002G057690	CARHR088110
OG0005147	Om003G094670	CARHR042430
OG0005148	Om003G096000	CARHR041410
OG0005149	Om003G098800, Om003G098780, Om003G098790	CARHR039070
OG0005150	Om006G256620	CARHR161580
OG0005151	Om006G255940	CARHR162220
OG0005152	Om006G255480	CARHR162720
OG0005153	Om006G253840	CARHR163960
OG0005154	Om006G253890	CARHR163990
OG0005155	Om006G256770	CARHR161480
OG0005156	Om006G252840	CARHR164740
OG0005157	Om006G252830	CARHR164750
OG0005158	Om006G252690	CARHR164890
OG0005159	Om006G250830	CARHR166270
OG0005160	Om006G250700	CARHR166370
OG0005161	Om003G119260	CARHR166530
OG0005162	Om003G120810	CARHR167940
OG0005164	Om003G123920	CARHR099320
OG0005165	Om003G126080	CARHR257760, CARHR171420
OG0005166	Om003G126710	CARHR107270
OG0005167	Om003G126760	CARHR171890
OG0005168	Om003G126800	CARHR171930
OG0005170	Om007G275700	CARHR222810
OG0005171	Om008G326810	CARHR137390, CARHR052420
OG0005173	Om001G021780	CARHR235670
OG0005175	Om005G198090	CARHR017620
OG0005176	Om002G048720	CARHR080680, CARHR080730
OG0005177	Om001G001880	CARHR225030
OG0005179	Om006G271000	CARHR149180
OG0005180	Om006G249310, Om006G249030, Om006G249010, Om006G274120	CARHR145560
OG0005184	Om008G320150	CARHR256930, CARHR256920
OG0005188	Om007G303870	CARHR182340
OG0005192	Om001G022120	CARHR235850
OG0005193	Om001G022900	CARHR236320
OG0005194	Om001G023630	CARHR236690
OG0005195	Om001G023680	CARHR236740
OG0005196	Om001G024730	CARHR237530
OG0005197	Om007G314580, Om002G085680, Om006G261260	CARHR108990
OG0005198	Om001G024830	CARHR237610
OG0005199	Om001G025080	CARHR109790, CARHR237780
OG0005200	Om001G025340, Om005G209730	CARHR237920
OG0005201	Om001G025730	CARHR238110
OG0005202	Om001G025750, Om002G047520	CARHR238670, CARHR238130
OG0005204	Om001G026610	CARHR238540
OG0005205	Om001G026990	CARHR238790
OG0005206	Om001G027070	CARHR238860
OG0005207	Om001G027590	CARHR239170
OG0005208	Om005G192760	CARHR013490
OG0005209	Om004G145840, Om004G145920, Om001G030040	CARHR240920
OG0005210	Om001G029810	CARHR240750
OG0005211	Om001G032150	CARHR242690
OG0005212	Om001G032690	CARHR242360
OG0005213	Om001G032620	CARHR242380
OG0005214	Om001G033690	CARHR243350
OG0005215	Om007G292500	CARHR031130
OG0005216	Om007G277250	CARHR291910, CARHR031430
OG0005217	Om007G276290	CARHR223490
OG0005218	Om022G374970, Om005G218660	CARHR053920
OG0005219	Om005G222200	CARHR051560
OG0005220	Om005G223330	CARHR050660, CARHR247490
OG0005221	Om006G275110	CARHR144260
OG0005222	Om002G087140	CARHR144440
OG0005223	Om006G274930	CARHR144550
OG0005224	Om006G274840	CARHR144720
OG0005225	Om006G274650	CARHR145000
OG0005226	Om006G274040	CARHR145690
OG0005227	Om006G273960	CARHR145780
OG0005228	Om006G273730	CARHR146020
OG0005229	Om008G338670	CARHR146010
OG0005230	Om006G272630	CARHR147110
OG0005231	Om005G192340	CARHR013130
OG0005232	Om006G271860	CARHR148090
OG0005233	Om007G313360	CARHR184380
OG0005234	Om006G270880	CARHR149400
OG0005235	Om006G269560	CARHR152120
OG0005236	Om005G212660, Om007G303020	CARHR059730
OG0005237	Om005G225710	CARHR048400, CARHR013020
OG0005238	Om005G225260	CARHR049020
OG0005240	Om008G328950	CARHR136010
OG0005241	Om002G053260	CARHR084900
OG0005242	Om002G055250	CARHR086230
OG0005243	Om002G055650	CARHR086590
OG0005244	Om005G201110	CARHR259040
OG0005245	Om003G114630	CARHR266280
OG0005246	Om003G114610	CARHR266270
OG0005247	Om005G185140	CARHR231790
OG0005248	Om003G117690	CARHR268990
OG0005249	Om003G124990	CARHR170680
OG0005250	Om003G117930	CARHR269180, CARHR269130
OG0005251	Om006G248690	CARHR271440
OG0005252	Om006G248070	CARHR271950
OG0005253	Om007G287800	CARHR036620
OG0005254	Om004G161400	CARHR200010
OG0005255	Om004G162020	CARHR200500
OG0005256	Om004G162170	CARHR200610
OG0005257	Om004G162750	CARHR201050
OG0005258	Om004G162880	CARHR201160
OG0005259	Om004G163170	CARHR201350
OG0005260	Om006G239720	CARHR188430
OG0005260	Om004G164770	CARHR202490
OG0005261	Om004G164790	CARHR202520
OG0005262	Om004G166220	CARHR203410
OG0005263	Om004G167710	CARHR204770
OG0005264	Om004G167770	CARHR204850
OG0005265	Om004G168210	CARHR205310
OG0005266	Om004G169140	CARHR205890
OG0005267	Om001G001350	CARHR224800
OG0005268	Om001G001750	CARHR224910
OG0005269	Om001G005570	CARHR226980
OG0005270	Om001G008930	CARHR229240
OG0005271	Om001G011610	CARHR231520
OG0005272	Om001G012600	CARHR033350
OG0005273	Om004G133960	CARHR071530
OG0005274	Om001G015420	CARHR035830
OG0005275	Om002G071020	CARHR098560
OG0005276	Om007G288050	CARHR027250
OG0005277	Om007G288490	CARHR027680
OG0005278	Om007G288580	CARHR027750
OG0005279	Om007G288710	CARHR027850
OG0005280	Om007G288720	CARHR027860
OG0005281	Om007G289910	CARHR028910
OG0005282	Om007G290090	CARHR028980, CARHR029000, CARHR028990, CARHR028970
OG0005283	Om007G290510	CARHR029360
OG0005284	Om007G290840	CARHR029670
OG0005285	Om001G037960	CARHR245690
OG0005286	Om001G038270	CARHR245900
OG0005286	Om004G154460	CARHR114470
OG0005288	Om004G153970, Om004G153960	CARHR113700
OG0005289	Om001G039660	CARHR246800
OG0005290	Om001G040790	CARHR247610
OG0005291	Om003G128510	CARHR173070
OG0005292	Om003G114270	CARHR265990
OG0005293	Om008G339400, Om008G339390	CARHR129100
OG0005294	Om008G339060	CARHR129350
OG0005295	Om004G137640	CARHR069050
OG0005296	Om002G059350, Om007G299280, Om004G152750, Om008G350220	CARHR255790
OG0005297	Om001G010410	CARHR230670
OG0005298	Om008G353030	CARHR253930, CARHR253910
OG0005299	Om008G355530	CARHR252140
OG0005300	Om008G355760	CARHR178870
OG0005301	Om008G359510	CARHR175760
OG0005302	Om008G361930	CARHR174330
OG0005303	Om003G105450	CARHR220750
OG0005305	Om003G104070	CARHR219070
OG0005306	Om001G002260	CARHR219140
OG0005307	Om006G267910, Om003G103410, Om005G198360	CARHR220160
OG0005308	Om007G290310	CARHR140120
OG0005309	Om004G145970, Om001G013640	CARHR212640
OG0005310	Om008G322350	CARHR140450
OG0005311	Om008G322380	CARHR140410
OG0005312	Om008G322620	CARHR140340
OG0005313	Om008G323860	CARHR139370
OG0005314	Om007G312800, Om008G325110	CARHR138600
OG0005315	Om008G325380	CARHR138410
OG0005316	Om008G325570	CARHR138230
OG0005317	Om008G326350	CARHR137750
OG0005318	Om008G327240	CARHR137040
OG0005319	Om008G327180	CARHR137090
OG0005320	Om008G327140	CARHR137130
OG0005321	Om008G327280	CARHR136740
OG0005322	Om004G176940	CARHR211980
OG0005323	Om004G176130	CARHR211330
OG0005324	Om004G175570	CARHR210810
OG0005325	Om004G175280	CARHR210620
OG0005326	Om004G174650	CARHR210140
OG0005327	Om004G174340	CARHR209910
OG0005328	Om004G173930	CARHR209620
OG0005329	Om008G328250	CARHR136420
OG0005330	Om006G240810	CARHR187470
OG0005331	Om006G241950	CARHR192590
OG0005332	Om006G241980	CARHR192560
OG0005333	Om006G242360	CARHR192180
OG0005334	Om006G242400	CARHR192140
OG0005335	Om006G242570	CARHR192040
OG0005336	Om001G017130	CARHR231600
OG0005337	Om006G243000	CARHR191740
OG0005338	Om006G243310	CARHR191530
OG0005339	Om006G243710	CARHR191240
OG0005340	Om006G241600	CARHR192960
OG0005341	Om006G243760	CARHR191170
OG0005342	Om006G244530	CARHR274480
OG0005343	Om006G245210	CARHR273880
OG0005344	Om006G245770	CARHR273310
OG0005345	Om006G246150	CARHR285830
OG0005346	Om006G234540	CARHR276990
OG0005347	Om006G233840	CARHR098770, CARHR277640
OG0005349	Om006G233530	CARHR171950, CARHR277930
OG0005350	Om006G233210, Om006G257940	CARHR278180
OG0005351	Om006G232630	CARHR278740
OG0005352	Om006G232570	CARHR278800
OG0005353	Om006G231770	CARHR279400
OG0005354	Om006G231590	CARHR279550
OG0005355	Om006G231080	CARHR279970
OG0005356	Om006G231060	CARHR279990
OG0005357	Om006G230280	CARHR280690
OG0005358	Om006G229660	CARHR115920
OG0005359	Om006G229450	CARHR281340
OG0005360	Om008G357320	CARHR260320
OG0005361	Om004G157090	CARHR248100
OG0005362	Om004G157920	CARHR248940
OG0005363	Om004G158560	CARHR249500
OG0005364	Om005G178810	CARHR259870, CARHR259890, CARHR088890
OG0005365	Om004G158850	CARHR250020
OG0005366	Om004G160770	CARHR251560
OG0005367	Om005G181750	CARHR003740
OG0005368	Om007G279200	CARHR126020
OG0005369	Om007G279050	CARHR126600
OG0005370	Om007G280250	CARHR125290
OG0005371	Om007G280570	CARHR124990
OG0005372	Om007G280690	CARHR124860
OG0005373	Om007G283920	CARHR121030, CARHR121040, CARHR121010
OG0005374	Om007G284690	CARHR120020
OG0005375	Om007G285390	CARHR264560
OG0005376	Om001G029960	CARHR240870
OG0005378	Om002G044420	CARHR077010
OG0005379	Om002G044620	CARHR077190
OG0005381	Om002G047600	CARHR079880
OG0005382	Om002G083110, Om002G048230	CARHR080360
OG0005383	Om004G161020	CARHR199730
OG0005384	Om002G049170	CARHR081080
OG0005385	Om002G049540	CARHR081470
OG0005386	Om002G050070	CARHR082010
OG0005387	Om002G050430	CARHR082350
OG0005388	Om008G330660, Om008G347370	CARHR135050
OG0005389	Om008G330750	CARHR135000
OG0005390	Om008G331650	CARHR134500
OG0005391	Om006G263070, Om008G332140	CARHR134090, CARHR134080, CARHR134130
OG0005392	Om008G332540	CARHR133840
OG0005393	Om006G253060	CARHR164520
OG0005394	Om008G333080	CARHR133510
OG0005395	Om008G337910	CARHR130200
OG0005396	Om008G336240	CARHR131520
OG0005397	Om008G335680	CARHR132150
OG0005398	Om008G335380	CARHR132020
OG0005399	Om008G334730	CARHR132500
OG0005401	Om002G050240, Om002G050250	CARHR082160
OG0005402	Om008G333990	CARHR132900
OG0005403	Om005G196750, Om005G196760	CARHR038490, CARHR216550, CARHR016420
OG0005404	Om005G197920	CARHR017430
OG0005405	Om005G200390	CARHR019270
OG0005406	Om005G200580	CARHR019390
OG0005407	Om005G200730	CARHR019510
OG0005408	Om005G200750	CARHR019530
OG0005409	Om005G200950	CARHR019700
OG0005410	Om005G201680	CARHR020240
OG0005411	Om005G202180	CARHR020550
OG0005412	Om005G202700	CARHR021100
OG0005413	Om005G203950	CARHR021980
OG0005415	Om005G204710	CARHR022570
OG0005416	Om005G204770	CARHR022670
OG0005417	Om005G205900	CARHR124080, CARHR290910
OG0005418	Om005G206200	CARHR291160
OG0005419	Om004G144980	CARHR024750
OG0005420	Om004G145160	CARHR024910
OG0005421	Om004G145300	CARHR025080
OG0005422	Om004G146390, Om004G173790	CARHR025560
OG0005423	Om004G147690	CARHR060500, CARHR026510
OG0005424	Om002G047750	CARHR026560
OG0005425	Om004G147910, Om004G147920	CARHR026600
OG0005426	Om007G285910	CARHR232440
OG0005427	Om007G286570	CARHR232970
OG0005429	Om004G152620, Om004G155040	CARHR118260
OG0005430	Om007G295570	CARHR231470
OG0005430	Om004G153650	CARHR113480
OG0005431	Om005G195270	CARHR015310
OG0005432	Om005G191520	CARHR012490
OG0005433	Om005G191400	CARHR012430
OG0005434	Om005G189590	CARHR011060
OG0005435	Om005G189520	CARHR011040
OG0005436	Om005G188490	CARHR010140, CARHR010030
OG0005437	Om005G188530	CARHR010170
OG0005438	Om005G187960	CARHR009670
OG0005439	Om005G187470	CARHR009340
OG0005440	Om005G187420	CARHR009300
OG0005441	Om005G186860	CARHR008740
OG0005442	Om005G186150	CARHR008040, CARHR035120
OG0005443	Om005G185960	CARHR007860
OG0005444	Om005G184190	CARHR006400
OG0005445	Om005G183140	CARHR005260
OG0005446	Om005G183020	CARHR005130
OG0005447	Om005G178710	CARHR001260
OG0005448	Om007G302080	CARHR199520
OG0005449	Om007G301110, Om004G156790	CARHR198740
OG0005450	Om007G301820	CARHR199290
OG0005451	Om007G300800	CARHR198530
OG0005452	Om007G298620	CARHR197030
OG0005453	Om007G298140	CARHR196660
OG0005454	Om007G297180	CARHR195860
OG0005455	Om007G296810	CARHR195590
OG0005456	Om007G296530	CARHR195400
OG0005457	Om007G295860	CARHR194600
OG0005459	Om007G293720	CARHR186150
OG0005461	Om007G305900, Om009G363030	CARHR182930
OG0005462	Om004G169890	CARHR206380
OG0005464	Om004G171580	CARHR207820
OG0005465	Om004G172010	CARHR208120
OG0005466	Om004G172410	CARHR208380
OG0005467	Om004G172550	CARHR208530, CARHR208520
OG0005468	Om004G172570	CARHR208550
OG0005469	Om004G172840	CARHR208800
OG0005470	Om006G240450	CARHR187680
OG0005471	Om006G236030	CARHR275800
OG0005472	Om006G236020	CARHR275810
OG0005473	Om006G235880	CARHR275900
OG0005474	Om002G069210, Om008G335520	CARHR276240
OG0005475	Om006G247850	CARHR272180
OG0005476	Om006G258030	CARHR160470
OG0005477	Om006G235160	CARHR276450
OG0005478	Om006G266150	CARHR155770
OG0005479	Om006G268110	CARHR149910
OG0005480	Om006G241690	CARHR192870
OG0005481	Om005G212010	CARHR060320
OG0005482	Om002G049810	CARHR081700
OG0005484	Om005G210600	CARHR061420
OG0005485	Om005G209570	CARHR062180
OG0005486	Om005G209200	CARHR062530
OG0005487	Om005G207210	CARHR064000
OG0005488	Om005G206730	CARHR064360
OG0005489	Om005G206130	CARHR291120
OG0005490	Om004G133670	CARHR071630
OG0005491	Om004G133950	CARHR071540
OG0005492	Om004G135560	CARHR070340, CARHR070330
OG0005493	Om005G203060	CARHR021330
OG0005494	Om004G136760	CARHR069450
OG0005495	Om004G138280	CARHR068940
OG0005496	Om004G138210	CARHR068890
OG0005497	Om004G138010	CARHR068790
OG0005498	Om004G139770	CARHR067490
OG0005499	Om004G139790	CARHR067470
OG0005500	Om004G140330	CARHR067000
OG0005501	Om001G037390, Om006G240160	CARHR188030
OG0005502	Om004G142110	CARHR065740
OG0005503	Om004G142670	CARHR065260
OG0005504	Om004G133210	CARHR071960
OG0005505	Om004G131160	CARHR073630
OG0005507	Om004G130390	CARHR074830
OG0005508	Om002G056600	CARHR087290
OG0005509	Om002G057400	CARHR087920
OG0005510	Om002G060180	CARHR089990
OG0005511	Om002G060700	CARHR090420
OG0005512	Om002G060780	CARHR090470
OG0005513	Om002G062420	CARHR091600
OG0005514	Om002G062630	CARHR091700
OG0005515	Om002G062710	CARHR091730
OG0005516	Om003G100790	CARHR290400, CARHR290390
OG0005517	Om002G063520	CARHR092270
OG0005520	Om002G065780	CARHR094080
OG0005521	Om002G065890	CARHR094170
OG0005522	Om002G066080	CARHR094310, CARHR099950, CARHR219250
OG0005523	Om002G066460, Om002G066420, Om002G066480	CARHR094560
OG0005524	Om002G066920	CARHR094970
OG0005525	Om002G068000	CARHR095950
OG0005526	Om002G068500	CARHR096430
OG0005527	Om002G070820	CARHR098390
OG0005528	Om001G034480	CARHR243660
OG0005530	Om001G031350	CARHR241780
OG0005531	Om002G083320	CARHR107250
OG0005532	Om002G083450	CARHR107380
OG0005534	Om001G036190	CARHR244790, CARHR108700
OG0005535	Om002G087600	CARHR110320
OG0005536	Om003G090680	CARHR044930
OG0005537	Om003G091360	CARHR044510
OG0005538	Om003G091370	CARHR044500
OG0005539	Om003G091620	CARHR044360
OG0005540	Om003G092400, Om007G303580	CARHR043940
OG0005541	Om003G093210, Om003G093220	CARHR043490
OG0005542	Om003G097010	CARHR040470
OG0005543	Om003G098380	CARHR039320
OG0005544	Om003G099680	CARHR037940
OG0005545	Om003G099800	CARHR037790
OG0005546	Om006G254320, Om006G254300	CARHR163620
OG0005547	Om006G253760	CARHR163900
OG0005548	Om006G256980	CARHR161270, CARHR159570, CARHR054620, CARHR159560
OG0005549	Om006G257090	CARHR161180
OG0005550	Om003G120570	CARHR167650
OG0005551	Om003G120850	CARHR167910
OG0005552	Om003G121420	CARHR168350
OG0005553	Om003G121610	CARHR168550
OG0005554	Om003G125890	CARHR171210
OG0005555	Om003G127640, Om003G127660	CARHR172400
OG0005556	Om003G128160	CARHR172870
OG0005557	Om003G128620, Om003G128660	CARHR173180
OG0005558	Om003G102120	CARHR221630, CARHR221650, CARHR221640, CARHR221670, CARHR221660
OG0005561	Om002G076370, Om008G333310	CARHR133360
OG0005562	Om008G326790, Om008G326800	CARHR137400
OG0005563	Om008G321420	CARHR141550
OG0005564	Om004G136000	CARHR070050
OG0005565	Om002G061820, Om002G061800	CARHR102460, CARHR102450
OG0005566	Om005G196050	CARHR015880
OG0005568	Om002G055390	CARHR086340
OG0005569	Om007G277450	CARHR179290
OG0005570	Om007G281600	CARHR123870
OG0005572	Om007G300250	CARHR198150
OG0005575	Om006G237950	CARHR145710
OG0005576	Om006G237760	CARHR190260
OG0005579	Om002G081820	CARHR105940
OG0005583	Om001G022720	CARHR236230
OG0005584	Om006G234410, Om006G234400	CARHR277090, CARHR277100
OG0005592	Om001G023910	CARHR236870
OG0005593	Om001G025560	CARHR238040, CARHR114660
OG0005594	Om005G186500, Om004G148690	CARHR008370
OG0005595	Om001G026510	CARHR238510
OG0005596	Om001G026780	CARHR238630
OG0005597	Om001G026790	CARHR238650
OG0005598	Om001G027020	CARHR238820
OG0005599	Om001G027050	CARHR238850
OG0005600	Om001G027640	CARHR239190
OG0005601	Om001G028000	CARHR239450
OG0005602	Om001G029170	CARHR240210
OG0005603	Om001G029500	CARHR240520
OG0005604	Om001G030220	CARHR240990
OG0005605	Om001G029990	CARHR240890
OG0005606	Om001G031330, Om001G031340	CARHR241760
OG0005607	Om001G031990	CARHR242730, CARHR242240
OG0005608	Om006G243420	CARHR072400, CARHR191430
OG0005609	Om008G338480	CARHR129800
OG0005610	Om007G275750	CARHR222870
OG0005611	Om005G217900, Om011G365550	CARHR054490
OG0005613	Om005G221800	CARHR051940
OG0005615	Om006G275480	CARHR143630
OG0005617	Om006G274540	CARHR145090
OG0005618	Om006G273690	CARHR146030
OG0005619	Om005G193460	CARHR146350
OG0005621	Om001G021930	CARHR146260
OG0005622	Om006G272690	CARHR147060
OG0005623	Om006G272650	CARHR147100
OG0005624	Om006G271670	CARHR148310
OG0005625	Om006G269910	CARHR149800
OG0005626	Om006G269370	CARHR153960
OG0005627	Om006G269310	CARHR154040
OG0005628	Om005G212890	CARHR059570
OG0005629	Om007G312880	CARHR216670
OG0005631	Om005G226950	CARHR047330
OG0005632	Om007G299370, Om008G358110	CARHR197580
OG0005633	Om005G192300, Om005G226080	CARHR048170
OG0005634	Om005G225530	CARHR048640
OG0005635	Om001G017000	CARHR233340
OG0005637	Om008G329390	CARHR135720
OG0005638	Om004G175440	CARHR210700
OG0005639	Om002G052400	CARHR084190
OG0005640	Om002G052800	CARHR084490
OG0005641	Om002G055810	CARHR086740
OG0005642	Om003G113040	CARHR264710
OG0005643	Om003G114700	CARHR266330
OG0005644	Om003G114320	CARHR266070
OG0005645	Om003G116480	CARHR268140
OG0005646	Om003G117000	CARHR268500
OG0005647	Om003G118100	CARHR269310
OG0005648	Om003G118520	CARHR218680, CARHR269650
OG0005649	Om003G119140	CARHR270150
OG0005650	Om006G249740	CARHR270850
OG0005651	Om006G249390	CARHR271180
OG0005652	Om006G248460	CARHR271580
OG0005653	Om006G248140	CARHR271870
OG0005654	Om007G307740	CARHR184340
OG0005655	Om004G161550	CARHR200150
OG0005656	Om004G161600	CARHR200200
OG0005657	Om004G161970	CARHR200440
OG0005658	Om004G162690	CARHR200980
OG0005659	Om004G163210	CARHR201420
OG0005660	Om004G163280	CARHR201460
OG0005661	Om004G163360	CARHR201520
OG0005662	Om004G163940	CARHR201910
OG0005665	Om004G167900	CARHR205030
OG0005666	Om001G000050	CARHR223810
OG0005667	Om001G000250	CARHR224050
OG0005668	Om008G361680	CARHR174520
OG0005669	Om001G004040	CARHR226170
OG0005670	Om001G004120	CARHR226250
OG0005671	Om001G004800	CARHR226610
OG0005672	Om001G004920	CARHR226640
OG0005673	Om001G006970	CARHR227810
OG0005674	Om001G008810	CARHR229160
OG0005675	Om007G304590	CARHR113970
OG0005676	Om001G009560	CARHR229770
OG0005677	Om008G332510	CARHR231030
OG0005678	Om001G013350	CARHR033800
OG0005680	Om007G288660	CARHR027800
OG0005681	Om007G289730	CARHR028720
OG0005682	Om007G289950	CARHR028940
OG0005683	Om007G291640	CARHR030370
OG0005684	Om001G035170	CARHR244080
OG0005685	Om001G035750	CARHR244510
OG0005686	Om001G036140	CARHR244760
OG0005687	Om001G036940	CARHR245290
OG0005688	Om004G154420	CARHR114490
OG0005689	Om001G038720	CARHR246180
OG0005690	Om001G038970	CARHR246310, CARHR246300
OG0005691	Om001G039630	CARHR246760
OG0005692	Om001G039750	CARHR246890
OG0005693	Om001G040380	CARHR247300
OG0005694	Om001G040390	CARHR247310
OG0005695	Om007G314650	CARHR214230
OG0005696	Om007G277150	CARHR031460
OG0005697	Om008G339030	CARHR129400
OG0005698	Om008G340210	CARHR128440
OG0005699	Om001G029280	CARHR180610
OG0005700	Om001G023900	CARHR200450
OG0005701	Om003G110590	CARHR180660
OG0005702	Om007G287780	CARHR036580
OG0005703	Om008G348200, Om008G352940	CARHR253960
OG0005704	Om008G353520	CARHR253560
OG0005705	Om008G358370	CARHR176570, CARHR176550
OG0005706	Om008G358360	CARHR176580, CARHR176560
OG0005707	Om008G359490	CARHR175860
OG0005708	Om008G359940, Om008G359980	CARHR175410
OG0005709	Om008G361060	CARHR174880
OG0005710	Om008G362700	CARHR173790
OG0005711	Om008G362710	CARHR173780
OG0005712	Om008G362830	CARHR173640
OG0005713	Om008G362800, Om003G091100	CARHR173670
OG0005714	Om003G105690	CARHR216810
OG0005715	Om003G104060	CARHR219090
OG0005716	Om003G102470	CARHR221230, CARHR221240
OG0005717	Om002G069690	CARHR097580
OG0005718	Om008G319100	CARHR143100
OG0005719	Om008G319380, Om008G319390	CARHR142850
OG0005720	Om008G319660	CARHR142670
OG0005721	Om008G320310	CARHR142130
OG0005722	Om008G320590, Om003G127320	CARHR172190
OG0005724	Om003G126990, Om003G127000	CARHR172000
OG0005725	Om008G321770	CARHR140920
OG0005726	Om003G126000	CARHR171360
OG0005727	Om008G322110	CARHR140680
OG0005728	Om008G322770	CARHR140180
OG0005730	Om008G323130	CARHR139880
OG0005731	Om008G323610	CARHR139500
OG0005732	Om008G323650, Om008G323640	CARHR139470
OG0005733	Om008G325150, Om008G325160	CARHR138560
OG0005734	Om008G325370	CARHR138420
OG0005735	Om008G326530	CARHR137560
OG0005736	Om008G327910	CARHR136620
OG0005737	Om004G176100	CARHR211300
OG0005738	Om004G175970	CARHR211110
OG0005739	Om006G240820	CARHR187480
OG0005740	Om006G240830	CARHR187170
OG0005741	Om006G240860	CARHR193370
OG0005742	Om006G241380	CARHR193140
OG0005743	Om003G096060	CARHR041240
OG0005744	Om006G242480	CARHR192090
OG0005745	Om006G242560	CARHR192050
OG0005746	Om006G243620	CARHR191330
OG0005747	Om006G243880	CARHR191070
OG0005748	Om006G244080, Om003G094950	CARHR190980
OG0005749	Om006G244710	CARHR274320
OG0005750	Om006G245070	CARHR274000, CARHR181070
OG0005751	Om006G247110	CARHR272860
OG0005752	Om006G233720	CARHR277760
OG0005753	Om006G233650	CARHR277800
OG0005754	Om006G232800	CARHR287460, CARHR278590
OG0005755	Om006G232690	CARHR278680
OG0005756	Om006G232100	CARHR279090
OG0005757	Om003G091260, Om006G229850, Om002G087080	CARHR281030
OG0005758	Om006G229720	CARHR281160
OG0005759	Om004G157870	CARHR248900
OG0005760	Om004G157600	CARHR148180, CARHR248540
OG0005761	Om004G158060	CARHR249040
OG0005762	Om004G158140	CARHR249090
OG0005763	Om004G158790	CARHR250100
OG0005764	Om004G160290	CARHR251070
OG0005765	Om007G302210	CARHR152490, CARHR251690
OG0005766	Om007G302780	CARHR251780
OG0005767	Om007G293060	CARHR178900
OG0005768	Om007G293030	CARHR178950
OG0005769	Om005G180920	CARHR003220
OG0005770	Om007G277370	CARHR179220
OG0005771	Om007G278210	CARHR127480
OG0005772	Om007G278220	CARHR127470
OG0005773	Om007G279040	CARHR126610
OG0005774	Om007G279850	CARHR125750, CARHR125740
OG0005775	Om007G281830	CARHR123500
OG0005776	Om007G282040	CARHR123270
OG0005777	Om001G016480, Om007G283190	CARHR122000
OG0005779	Om007G284040	CARHR120820
OG0005780	Om007G284970	CARHR119550, CARHR119560
OG0005781	Om007G284960	CARHR119660
OG0005782	Om001G030610	CARHR241300
OG0005784	Om007G301900	CARHR199370
OG0005785	Om002G043090	CARHR075910
OG0005786	Om002G043590	CARHR076240
OG0005787	Om002G043660	CARHR076330
OG0005788	Om002G043720	CARHR076390
OG0005789	Om002G044810	CARHR077370
OG0005790	Om002G048200	CARHR080330
OG0005791	Om002G049230	CARHR081130
OG0005792	Om002G049410	CARHR081330
OG0005793	Om002G049480	CARHR081420
OG0005794	Om002G049550	CARHR081490
OG0005795	Om002G050340	CARHR082270
OG0005796	Om001G034370	CARHR050920
OG0005797	Om002G050610	CARHR082510, CARHR103500
OG0005798	Om002G050990	CARHR082900
OG0005799	Om008G329840	CARHR135540
OG0005800	Om008G330420	CARHR135200
OG0005801	Om008G335540	CARHR132110
OG0005802	Om008G331940	CARHR134320
OG0005803	Om008G336480	CARHR131350
OG0005804	Om006G254520	CARHR163420
OG0005805	Om008G335760	CARHR132210
OG0005806	Om008G335270	CARHR131950
OG0005807	Om006G238450	CARHR131850
OG0005808	Om008G334060	CARHR132870
OG0005809	Om008G333330	CARHR133340
OG0005810	Om008G333450	CARHR133240
OG0005811	Om008G333710	CARHR133160
OG0005812	Om005G196070	CARHR015890
OG0005813	Om005G197270	CARHR016850
OG0005814	Om005G197340	CARHR016900
OG0005815	Om005G197620	CARHR017130
OG0005816	Om005G197740	CARHR017250
OG0005817	Om005G198230	CARHR017670
OG0005818	Om004G141870	CARHR066070
OG0005819	Om005G199280, Om005G199290	CARHR018410
OG0005820	Om005G201590	CARHR020160
OG0005821	Om005G202550	CARHR020920
OG0005822	Om005G202680	CARHR021080
OG0005823	Om005G204220	CARHR022190
OG0005824	Om005G205000	CARHR022830
OG0005825	Om004G143810	CARHR023890
OG0005826	Om004G144430	CARHR024200
OG0005827	Om004G144590	CARHR024370
OG0005828	Om007G301780	CARHR199260
OG0005829	Om003G107210	CARHR134200
OG0005830	Om001G030130, Om003G099200	CARHR027050
OG0005831	Om004G151280	CARHR231830
OG0005832	Om004G164430, Om006G239110	CARHR115570
OG0005833	Om007G285850	CARHR232370, CARHR152750, CARHR152770, CARHR152760
OG0005834	Om007G285900	CARHR232430
OG0005835	Om007G286250, Om002G075680, Om001G002070	CARHR232720
OG0005836	Om004G154960, Om004G152820, Om004G154950	CARHR118200
OG0005837	Om006G238360	CARHR189740
OG0005838	Om005G195700	CARHR015600
OG0005839	Om005G195170	CARHR015240
OG0005840	Om005G194060	CARHR014330
OG0005841	Om005G193080	CARHR013740
OG0005842	Om005G192360	CARHR013150
OG0005843	Om005G192170	CARHR012990
OG0005844	Om005G191980	CARHR012820
OG0005845	Om005G191630	CARHR012570
OG0005846	Om005G191480	CARHR012470
OG0005847	Om005G191100	CARHR012200
OG0005849	Om005G190170	CARHR011560
OG0005850	Om005G190160	CARHR011550
OG0005851	Om003G121680	CARHR005840
OG0005852	Om005G189080	CARHR053060
OG0005853	Om005G188420	CARHR010080
OG0005855	Om005G187400	CARHR009290
OG0005856	Om005G186690	CARHR008580
OG0005857	Om005G186360	CARHR008270
OG0005858	Om005G185860	CARHR007770
OG0005859	Om005G185550	CARHR007510, CARHR007500
OG0005860	Om005G185290	CARHR007290
OG0005861	Om005G184590	CARHR006780, CARHR006770
OG0005862	Om005G181820	CARHR004070
OG0005863	Om005G181810	CARHR004060
OG0005864	Om005G198080, Om005G181470	CARHR004000
OG0005865	Om005G179900	CARHR002390
OG0005866	Om005G179200, Om007G286680	CARHR001740
OG0005867	Om005G178880	CARHR001420
OG0005868	Om005G178040	CARHR000670
OG0005870	Om007G301410	CARHR198950
OG0005871	Om007G301710	CARHR199210
OG0005872	Om007G300320	CARHR198180
OG0005873	Om007G299540	CARHR197700
OG0005875	Om007G296920	CARHR195670
OG0005876	Om007G295790	CARHR194550
OG0005877	Om007G294920	CARHR193830
OG0005878	Om007G293450	CARHR185860, CARHR185850, CARHR185840
OG0005879	Om007G303460	CARHR185530
OG0005880	Om007G303650	CARHR287830
OG0005881	Om007G303760	CARHR182170
OG0005882	Om007G304440	CARHR182680
OG0005883	Om007G306130, Om009G363280	CARHR183170
OG0005884	Om004G160990, Om004G160980	CARHR199480
OG0005885	Om004G171590	CARHR207830
OG0005886	Om008G352090, Om006G240560	CARHR187600
OG0005887	Om006G239540	CARHR188560
OG0005888	Om006G238500	CARHR189650
OG0005889	Om006G237200	CARHR274690
OG0005890	Om006G236680	CARHR275190
OG0005891	Om006G258360, Om006G235760	CARHR275980
OG0005892	Om006G235540	CARHR276220
OG0005893	Om006G235010	CARHR276570
OG0005894	Om006G247420	CARHR272610
OG0005895	Om006G247460	CARHR099100, CARHR272520
OG0005896	Om006G247570	CARHR272430
OG0005897	Om006G247630	CARHR272360
OG0005898	Om006G247770	CARHR272260
OG0005899	Om002G054280	CARHR085570
OG0005900	Om006G247970	CARHR272030
OG0005901	Om005G185870, Om004G139890, Om006G257260	CARHR161050
OG0005902	Om006G258670	CARHR159920
OG0005903	Om006G260600	CARHR158080
OG0005904	Om006G263240	CARHR156860
OG0005906	Om008G339300	CARHR152950
OG0005909	Om005G206160	CARHR291150
OG0005910	Om007G283090, Om004G143280, Om004G143270	CARHR064760
OG0005911	Om004G134020	CARHR071480
OG0005912	Om004G134890	CARHR070830
OG0005913	Om004G136130	CARHR069970
OG0005914	Om007G313020, Om004G136640	CARHR069760
OG0005915	Om004G137800	CARHR068570
OG0005916	Om004G138800	CARHR068330
OG0005917	Om004G139130	CARHR067940
OG0005918	Om005G198320	CARHR017780
OG0005919	Om004G132950	CARHR072150
OG0005920	Om004G132830	CARHR072230
OG0005921	Om004G130980	CARHR073740
OG0005922	Om004G130190	CARHR074240
OG0005924	Om002G056750	CARHR087430
OG0005925	Om002G057210	CARHR087790
OG0005926	Om002G058420	CARHR088680
OG0005927	Om002G059630	CARHR089590
OG0005928	Om002G059830	CARHR089700
OG0005929	Om003G093600	CARHR043280
OG0005930	Om003G094270	CARHR042750
OG0005931	Om002G064210	CARHR092920
OG0005932	Om002G065450	CARHR093760
OG0005933	Om007G317760	CARHR051130
OG0005934	Om002G067050	CARHR095100
OG0005935	Om002G067380	CARHR095450
OG0005936	Om002G067990	CARHR095940
OG0005937	Om002G069090	CARHR096930
OG0005938	Om002G070680	CARHR098290
OG0005939	Om002G070690	CARHR098300
OG0005940	Om002G070960	CARHR098500
OG0005941	Om002G072640	CARHR099550
OG0005942	Om002G072880	CARHR099800
OG0005943	Om002G072920	CARHR099820
OG0005944	Om002G074350	CARHR100930
OG0005946	Om003G116590	CARHR217130
OG0005947	Om002G080790	CARHR284820
OG0005948	Om002G082650	CARHR106940
OG0005949	Om002G084940	CARHR108530
OG0005950	Om002G085580	CARHR108890
OG0005951	Om002G086980	CARHR109860
OG0005952	Om002G087240	CARHR110020
OG0005953	Om002G087830	CARHR110510
OG0005954	Om002G088030	CARHR110770
OG0005955	Om003G089790, Om003G090510	CARHR045610
OG0005956	Om003G090140	CARHR045320
OG0005957	Om003G092770	CARHR043770
OG0005958	Om003G093750	CARHR224670, CARHR043180
OG0005959	Om003G094210	CARHR042810
OG0005960	Om003G099130	CARHR038680
OG0005961	Om003G099050	CARHR038850
OG0005962	Om003G099900	CARHR037730
OG0005963	Om003G100920	CARHR290260
OG0005964	Om006G256020	CARHR162170
OG0005965	Om006G256780	CARHR161470
OG0005966	Om006G252920	CARHR164680
OG0005967	Om006G251010	CARHR166090
OG0005968	Om006G250640	CARHR166410
OG0005969	Om003G119920	CARHR167100
OG0005970	Om003G120100	CARHR167230
OG0005971	Om003G120670	CARHR167710
OG0005972	Om003G120680	CARHR167730, CARHR167720
OG0005973	Om003G123210	CARHR169530
OG0005974	Om003G126320	CARHR171620
OG0005975	Om003G127030	CARHR096630, CARHR172030
OG0005976	Om003G126770	CARHR171900
OG0005977	Om007G298490, Om003G129240	CARHR291550
OG0005978	Om003G129360	CARHR291450
OG0005979	Om003G096050	CARHR041270
OG0005981	Om006G257330	CARHR161000
OG0005982	Om003G124580	CARHR170400
OG0005983	Om008G359930	CARHR175450
OG0005984	Om008G356260	CARHR179640
OG0005985	Om008G351780	CARHR290550
OG0005988	Om001G030750	CARHR241450
OG0005989	Om005G188390	CARHR010050
OG0005990	Om005G199750, Om005G201960	CARHR011770, CARHR018730
OG0005991	Om005G200230, Om005G200170	CARHR230170
OG0005992	Om005G211080	CARHR061040
OG0005993	Om004G139960	CARHR067290
OG0005995	Om002G062910	CARHR111390
OG0005996	Om002G060110	CARHR089890
OG0005997	Om002G055160	CARHR086160
OG0005999	Om007G283570	CARHR121430
OG0006000	Om007G300460	CARHR198310
OG0006001	Om007G317380	CARHR213810
OG0006002	Om006G232400	CARHR278960
OG0006007	Om007G275850	CARHR223030
OG0006008	Om007G309710, Om001G017370, Om004G150170, Om007G309650, Om007G309680	CARHR288360
OG0006009	Om003G112580	CARHR264260
OG0006016	Om001G023620	CARHR236680
OG0006017	Om002G086760	CARHR109660
OG0006018	Om001G026110	CARHR238300
OG0006019	Om004G155260, Om004G155280, Om004G152320	CARHR184850
OG0006020	Om001G026680	CARHR238590
OG0006021	Om005G186200	CARHR008100
OG0006022	Om001G027420	CARHR239030
OG0006023	Om001G027500	CARHR239110
OG0006024	Om003G100030	CARHR117290
OG0006025	Om007G290780	CARHR029630
OG0006026	Om001G031000	CARHR241650
OG0006027	Om001G031210	CARHR241720
OG0006028	Om001G031240	CARHR241730
OG0006030	Om001G033070	CARHR242990
OG0006031	Om001G033330	CARHR243090
OG0006032	Om001G033380	CARHR243140
OG0006033	Om006G244720	CARHR274300
OG0006034	Om007G292100	CARHR030830
OG0006035	Om007G277020	CARHR031610
OG0006036	Om007G276740	CARHR031990
OG0006037	Om007G276520	CARHR032130
OG0006038	Om007G276390	CARHR223590
OG0006039	Om007G275730	CARHR222840
OG0006040	Om006G262900	CARHR154190
OG0006041	Om022G375020, Om005G218620	CARHR053940
OG0006042	Om005G220520	CARHR292010
OG0006043	Om005G220690, Om005G220680	CARHR052630
OG0006044	Om005G189480	CARHR010990
OG0006045	Om001G010800	CARHR143670
OG0006046	Om003G116070, Om001G021750	CARHR218240, CARHR103610
OG0006047	Om006G275380	CARHR143970
OG0006049	Om006G274860	CARHR144680
OG0006050	Om005G206340	CARHR291250
OG0006051	Om002G067430	CARHR145160
OG0006052	Om006G274020, Om002G044200	CARHR145700
OG0006053	Om006G273620	CARHR146210
OG0006054	Om005G192570	CARHR013330
OG0006055	Om006G272840	CARHR146900
OG0006056	Om006G272290	CARHR147590
OG0006057	Om006G271680	CARHR148280
OG0006058	Om006G271440	CARHR148510
OG0006059	Om006G271270	CARHR148670
OG0006060	Om006G271230	CARHR148730
OG0006061	Om006G269810	CARHR149640
OG0006063	Om002G084490	CARHR292610
OG0006064	Om006G270600	CARHR286610, CARHR286640
OG0006065	Om005G204020	CARHR262500
OG0006065	Om007G299450	CARHR152050
OG0006066	Om006G269530	CARHR152140
OG0006067	Om006G269220	CARHR153310
OG0006068	Om005G213410	CARHR058910, CARHR058900, CARHR058870, CARHR058860
OG0006069	Om005G214220	CARHR057840
OG0006070	Om005G214870	CARHR057300
OG0006071	Om005G228630	CARHR046440
OG0006073	Om005G226740	CARHR047670
OG0006074	Om005G226280	CARHR047910
OG0006075	Om005G225520	CARHR048650
OG0006076	Om008G328340	CARHR136370
OG0006077	Om008G328630	CARHR136220
OG0006078	Om002G051860	CARHR083710
OG0006079	Om002G053220	CARHR084860
OG0006080	Om002G054210	CARHR085500
OG0006081	Om004G170350	CARHR207110
OG0006082	Om007G288010, Om007G300180, Om002G056190	CARHR086990
OG0006084	Om004G160300	CARHR258110
OG0006085	Om006G243860, Om003G112110	CARHR256940
OG0006086	Om003G112900	CARHR264600
OG0006087	Om007G286630	CARHR233030
OG0006088	Om003G114250	CARHR265970
OG0006089	Om001G021640	CARHR235570
OG0006091	Om006G275470	CARHR143650
OG0006092	Om003G115330	CARHR266860
OG0006093	Om003G115920	CARHR267530
OG0006094	Om003G116160	CARHR267820
OG0006095	Om003G116320	CARHR267960
OG0006096	Om003G116400	CARHR268040
OG0006097	Om003G116890	CARHR268430
OG0006098	Om003G117730	CARHR269030
OG0006099	Om006G250230	CARHR270540
OG0006100	Om006G249230	CARHR271300
OG0006101	Om006G249060	CARHR271380
OG0006102	Om005G196160	CARHR015980
OG0006103	Om006G248220, Om006G248730, Om006G248840, Om006G248790	CARHR271790
OG0006104	Om005G193800	CARHR038500, CARHR014180
OG0006105	Om006G248190	CARHR271820
OG0006106	Om004G162230	CARHR200660
OG0006107	Om004G162310	CARHR200740
OG0006108	Om004G163690	CARHR201720
OG0006109	Om004G165660	CARHR202990
OG0006110	Om004G165900	CARHR203160
OG0006111	Om004G166690	CARHR203840
OG0006112	Om004G167220, Om005G223500	CARHR204320
OG0006113	Om004G167650	CARHR204700, CARHR204680, CARHR204690
OG0006114	Om004G167920	CARHR205060
OG0006116	Om004G168430	CARHR205480
OG0006117	Om006G236060	CARHR275780
OG0006118	Om001G000130	CARHR223940
OG0006119	Om001G000440	CARHR224280
OG0006120	Om001G001030	CARHR224620
OG0006121	Om001G001090	CARHR224660
OG0006122	Om001G002190	CARHR225190
OG0006123	Om001G002300	CARHR225250
OG0006124	Om001G002550	CARHR225400
OG0006125	Om001G004270	CARHR226340
OG0006126	Om007G285230	CARHR119140
OG0006127	Om001G005830	CARHR227140
OG0006128	Om001G006850	CARHR227730
OG0006129	Om003G109080, Om001G007060	CARHR227920
OG0006130	Om001G007550	CARHR228340
OG0006131	Om001G008350	CARHR228780
OG0006132	Om001G009470	CARHR229690
OG0006133	Om001G009700	CARHR229860
OG0006134	Om001G010680	CARHR230770
OG0006135	Om001G010850	CARHR231020
OG0006136	Om001G011100	CARHR231200
OG0006137	Om005G208120, Om001G011460	CARHR231450
OG0006138	Om008G350100	CARHR255810
OG0006139	Om001G012660	CARHR033390
OG0006140	Om007G315140, Om001G014990	CARHR036100
OG0006141	Om001G015690	CARHR035660
OG0006142	Om007G286850	CARHR269150, CARHR269140, CARHR231560
OG0006143	Om008G324250	CARHR257120, CARHR139130
OG0006144	Om007G288130	CARHR027310
OG0006146	Om007G287770	CARHR036570
OG0006147	Om007G288750	CARHR027880
OG0006148	Om007G288800, Om007G292780, Om004G163270	CARHR027900
OG0006150	Om007G289580	CARHR028610
OG0006151	Om007G289670	CARHR028640
OG0006152	Om007G289720	CARHR028710
OG0006153	Om007G290530	CARHR029350
OG0006154	Om007G290700	CARHR029240
OG0006156	Om007G290990	CARHR029810
OG0006157	Om001G035180	CARHR244090
OG0006158	Om001G036680	CARHR245070
OG0006159	Om001G037290	CARHR245460
OG0006160	Om001G038150	CARHR067690, CARHR245780
OG0006161	Om001G039550	CARHR246690
OG0006162	Om001G040530	CARHR247400
OG0006163	Om001G041430	CARHR294350
OG0006164	Om007G314010	CARHR215400
OG0006165	Om007G314860	CARHR213930
OG0006166	Om002G046730	CARHR291790
OG0006167	Om002G047390, Om002G067700	CARHR079660
OG0006168	Om007G292070	CARHR030790
OG0006169	Om007G292360	CARHR031030
OG0006170	Om008G337650	CARHR130360
OG0006171	Om008G345770	CARHR260610
OG0006172	Om005G181830	CARHR259520
OG0006173	Om008G340570	CARHR128070
OG0006174	Om008G340740	CARHR127930
OG0006175	Om002G063100	CARHR284980, CARHR284990
OG0006176	Om008G346390, Om008G346560	CARHR260930
OG0006178	Om008G349930, Om008G352010	CARHR255880
OG0006179	Om008G351660	CARHR254850, CARHR101260
OG0006180	Om008G351880	CARHR254530
OG0006181	Om008G352790	CARHR254450
OG0006182	Om008G352020	CARHR254060
OG0006183	Om001G008820, Om008G353590	CARHR264340, CARHR253480
OG0006184	Om008G353910	CARHR253050
OG0006185	Om008G354040	CARHR252890
OG0006186	Om008G354960	CARHR252470
OG0006187	Om008G357590, Om007G314150	CARHR177390
OG0006188	Om008G358090	CARHR176770
OG0006189	Om008G359790	CARHR175540
OG0006190	Om008G359800	CARHR175530
OG0006191	Om008G360200	CARHR175220, CARHR175320
OG0006192	Om008G362890	CARHR173520
OG0006193	Om002G078040	CARHR103920
OG0006194	Om005G183670, Om005G214760	CARHR005750
OG0006195	Om004G171620	CARHR218300
OG0006196	Om003G104140	CARHR218900
OG0006197	Om003G103750	CARHR219510
OG0006198	Om003G102780	CARHR220580, CARHR099250
OG0006199	Om003G102730	CARHR220620
OG0006200	Om003G101910	CARHR221870
OG0006201	Om003G101310	CARHR290050
OG0006202	Om008G328300, Om008G328240, Om005G227590	CARHR213060
OG0006203	Om002G050570	CARHR213570, CARHR289170
OG0006204	Om008G320170	CARHR142290
OG0006205	Om008G320290	CARHR142150
OG0006206	Om008G320320	CARHR142120
OG0006207	Om008G320600	CARHR141960
OG0006208	Om008G320690	CARHR141870
OG0006209	Om003G127020	CARHR172020
OG0006210	Om003G096120, Om008G321150	CARHR141470
OG0006211	Om008G322190	CARHR140600
OG0006212	Om008G322270	CARHR140550
OG0006213	Om008G322660	CARHR140310
OG0006214	Om008G322760	CARHR140190
OG0006215	Om008G323010	CARHR139970
OG0006216	Om003G124070, Om008G324530	CARHR138940
OG0006217	Om008G324670	CARHR138900
OG0006218	Om008G325340	CARHR138440
OG0006219	Om008G326390	CARHR137720
OG0006220	Om003G120750	CARHR167790
OG0006221	Om003G120400	CARHR167490
OG0006223	Om004G176690	CARHR211760
OG0006224	Om004G175760	CARHR211030
OG0006225	Om004G175200	CARHR210520
OG0006226	Om004G160920	CARHR199660
OG0006227	Om004G174140	CARHR209760
OG0006228	Om004G173450	CARHR209240
OG0006229	Om006G241410	CARHR193100
OG0006230	Om006G242240	CARHR192280
OG0006231	Om006G242390	CARHR192160
OG0006232	Om006G243260	CARHR191570
OG0006233	Om006G243380	CARHR191460
OG0006234	Om006G243430	CARHR191420
OG0006235	Om006G244790	CARHR274240
OG0006236	Om006G245260	CARHR117410, CARHR273820, CARHR273830
OG0006237	Om004G170650	CARHR155240
OG0006238	Om006G246700	CARHR285370
OG0006239	Om006G247150	CARHR272820
OG0006240	Om003G112670, Om003G112680, Om006G234570	CARHR276970
OG0006241	Om006G234130	CARHR277380
OG0006242	Om006G234100	CARHR277410
OG0006243	Om006G233580	CARHR096010, CARHR277890
OG0006244	Om005G200610, Om002G082170	CARHR106440
OG0006245	Om006G232710	CARHR278660
OG0006246	Om006G232680	CARHR278690
OG0006247	Om006G231910	CARHR279270
OG0006248	Om006G231720	CARHR279450
OG0006249	Om006G231630	CARHR279510
OG0006250	Om006G231540	CARHR279610
OG0006251	Om006G229740, Om001G019870	CARHR281140
OG0006252	Om006G229370	CARHR281380
OG0006253	Om004G157280	CARHR248270
OG0006254	Om004G158040	CARHR249020
OG0006255	Om004G158730, Om004G158720	CARHR250180
OG0006256	Om004G159140	CARHR249730
OG0006257	Om004G159760	CARHR250560
OG0006258	Om004G160060	CARHR250870
OG0006259	Om004G160080	CARHR250890
OG0006260	Om004G160100	CARHR250910
OG0006261	Om007G277510	CARHR144050, CARHR179440
OG0006262	Om007G278240	CARHR127450
OG0006263	Om007G278610	CARHR127140
OG0006264	Om007G278740	CARHR126900
OG0006265	Om007G279360	CARHR126220
OG0006266	Om007G280010	CARHR125550
OG0006267	Om007G280120	CARHR125440
OG0006268	Om007G280810	CARHR124760
OG0006269	Om007G280980	CARHR124560
OG0006270	Om007G281640	CARHR123750, CARHR123780
OG0006271	Om007G307640, Om007G282280	CARHR123000
OG0006272	Om007G282290	CARHR122990
OG0006274	Om007G282410	CARHR122870
OG0006275	Om007G283610	CARHR121400
OG0006276	Om007G284340	CARHR120480
OG0006277	Om005G188310, Om001G020280	CARHR235090
OG0006278	Om002G042740	CARHR125830, CARHR075530
OG0006279	Om004G177470	CARHR212340
OG0006280	Om002G051000	CARHR082910
OG0006281	Om004G177270	CARHR212210
OG0006282	Om007G289890	CARHR234110
OG0006283	Om002G043030	CARHR075850
OG0006284	Om002G043230	CARHR076000
OG0006285	Om007G299340	CARHR197560
OG0006286	Om004G156840, Om002G044850	CARHR077410
OG0006287	Om002G045060	CARHR077550, CARHR077540
OG0006288	Om002G045280	CARHR077780
OG0006289	Om002G045480	CARHR077980
OG0006290	Om002G045980	CARHR078480
OG0006291	Om002G047480	CARHR079720
OG0006293	Om002G049780	CARHR081660
OG0006294	Om002G049980	CARHR081910
OG0006295	Om008G329640	CARHR135580
OG0006296	Om008G329650	CARHR135570
OG0006297	Om008G331410	CARHR134600
OG0006298	Om008G331750	CARHR134430
OG0006299	Om008G332500	CARHR133880
OG0006300	Om008G333180	CARHR133450
OG0006301	Om008G337980	CARHR130160
OG0006302	Om008G337350	CARHR130600
OG0006303	Om008G337030	CARHR130800
OG0006304	Om006G254390	CARHR163560
OG0006305	Om008G335420	CARHR132070
OG0006306	Om008G335060	CARHR131780
OG0006307	Om008G333880	CARHR133020
OG0006308	Om005G196600	CARHR016330
OG0006309	Om005G197070	CARHR016660
OG0006310	Om005G197520	CARHR017040
OG0006311	Om005G197530	CARHR017050
OG0006312	Om005G197760	CARHR017280
OG0006314	Om005G198200	CARHR017640
OG0006316	Om005G199850	CARHR018850
OG0006317	Om005G199650	CARHR018710
OG0006318	Om005G200990	CARHR019740
OG0006319	Om005G202390	CARHR020760
OG0006320	Om005G202500	CARHR020860
OG0006321	Om004G136330	CARHR069870
OG0006322	Om005G202840	CARHR021200
OG0006323	Om005G202950	CARHR021250
OG0006324	Om005G203900	CARHR021940
OG0006325	Om005G205340	CARHR023170
OG0006327	Om004G146160	CARHR025410
OG0006328	Om005G212240	CARHR060150
OG0006330	Om004G148510	CARHR134210
OG0006331	Om004G151790	CARHR027130
OG0006332	Om004G149180, Om007G289130	CARHR027070
OG0006333	Om004G168500, Om008G325360	CARHR231640
OG0006334	Om004G163790	CARHR231650
OG0006335	Om004G151240	CARHR232010
OG0006336	Om007G285770	CARHR232280
OG0006337	Om007G286210	CARHR232670
OG0006339	Om004G153770	CARHR113590
OG0006340	Om004G156170	CARHR112220
OG0006342	Om005G195370	CARHR015370
OG0006343	Om005G195300	CARHR015340
OG0006344	Om005G194580	CARHR014860
OG0006346	Om005G192050	CARHR012860
OG0006348	Om004G174620	CARHR184130
OG0006349	Om005G190130	CARHR011500
OG0006350	Om005G185990	CARHR107500, CARHR007900
OG0006351	Om005G188230	CARHR009900
OG0006352	Om005G188620	CARHR010240
OG0006354	Om005G186350	CARHR008250
OG0006355	Om005G185690	CARHR007650
OG0006356	Om005G184790	CARHR102160, CARHR006930
OG0006357	Om005G184450	CARHR006650
OG0006358	Om005G184340	CARHR006540
OG0006359	Om006G257490	CARHR160850
OG0006360	Om005G183720	CARHR005820
OG0006361	Om005G183610	CARHR005690
OG0006362	Om005G182310	CARHR004550
OG0006363	Om005G181090	CARHR003390
OG0006364	Om005G180240	CARHR002640, CARHR002690
OG0006365	Om005G180260	CARHR002720
OG0006367	Om006G273270, Om005G179050	CARHR001580
OG0006368	Om007G301660	CARHR199160
OG0006370	Om007G300030	CARHR198000
OG0006371	Om007G300210	CARHR198120
OG0006372	Om007G298550	CARHR197000
OG0006373	Om007G297720	CARHR034610, CARHR196340
OG0006374	Om007G296850	CARHR195620
OG0006375	Om005G212120	CARHR060270
OG0006376	Om007G296670	CARHR195490
OG0006377	Om007G296490	CARHR195350
OG0006378	Om007G295610, Om007G295650	CARHR194440
OG0006379	Om007G308230	CARHR183810
OG0006380	Om006G256330	CARHR161940
OG0006381	Om004G169990	CARHR206500
OG0006383	Om004G170690	CARHR206820
OG0006384	Om004G170900	CARHR207230
OG0006385	Om004G157310	CARHR248310
OG0006386	Om006G240300	CARHR187890
OG0006387	Om006G240080	CARHR188070
OG0006388	Om006G252910	CARHR164690
OG0006389	Om006G239140	CARHR188940
OG0006390	Om006G238830	CARHR189320
OG0006391	Om006G238550	CARHR189610
OG0006392	Om006G238400	CARHR189690
OG0006393	Om006G238340, Om006G238350	CARHR189750
OG0006394	Om006G237160	CARHR274740
OG0006395	Om006G236460	CARHR275420
OG0006396	Om006G236090	CARHR275750
OG0006397	Om006G235820, Om006G235830	CARHR275920
OG0006398	Om006G235710	CARHR276020
OG0006399	Om006G235630	CARHR276130
OG0006400	Om006G235300	CARHR276380
OG0006401	Om006G235000	CARHR276590
OG0006402	Om007G293970, Om006G234990	CARHR276600
OG0006403	Om006G247390	CARHR272630
OG0006404	Om006G247800	CARHR272230
OG0006405	Om006G257620	CARHR160730
OG0006406	Om006G257710	CARHR160640
OG0006407	Om006G257760	CARHR160580, CARHR160590
OG0006409	Om006G261570	CARHR157500
OG0006410	Om006G263700	CARHR156660
OG0006411	Om006G267860	CARHR150230
OG0006412	Om005G210960	CARHR061210
OG0006413	Om001G031790, Om005G182060	CARHR150950
OG0006414	Om005G211950	CARHR060410
OG0006415	Om004G148080	CARHR026670
OG0006416	Om005G211890	CARHR060440
OG0006417	Om005G210130	CARHR061690
OG0006418	Om005G209760	CARHR062030
OG0006419	Om005G209190	CARHR062540
OG0006420	Om005G208840	CARHR062850
OG0006421	Om005G208440	CARHR063020
OG0006422	Om005G195290	CARHR015330
OG0006423	Om005G206240	CARHR291200
OG0006424	Om008G333200, Om005G205780	CARHR064740
OG0006425	Om004G143210	CARHR064820
OG0006426	Om004G165120	CARHR202710
OG0006427	Om004G142910	CARHR065060
OG0006428	Om004G133730	CARHR071620
OG0006429	Om004G134280	CARHR071260
OG0006430	Om005G204360	CARHR071220
OG0006431	Om005G200040	CARHR070650, CARHR019020
OG0006432	Om004G138380	CARHR068970
OG0006433	Om004G137940, Om008G351040	CARHR068700
OG0006434	Om004G138530	CARHR068140
OG0006435	Om004G140690	CARHR066800
OG0006436	Om004G141750	CARHR066210
OG0006437	Om004G142450	CARHR065480
OG0006438	Om004G132240	CARHR072690
OG0006439	Om004G132080	CARHR072820
OG0006440	Om004G131820	CARHR073040
OG0006441	Om004G130770	CARHR073920
OG0006442	Om002G056690	CARHR087390
OG0006443	Om002G058820	CARHR088980
OG0006444	Om003G093160	CARHR043530
OG0006445	Om002G060800	CARHR090480
OG0006446	Om002G061140	CARHR090650
OG0006447	Om002G061500	CARHR090940
OG0006448	Om002G062010	CARHR091360
OG0006449	Om002G063610	CARHR092350
OG0006450	Om006G260740	CARHR158060
OG0006451	Om002G064020	CARHR092740
OG0006452	Om002G064070, Om003G112080	CARHR092790
OG0006453	Om002G064110	CARHR092850
OG0006454	Om002G064220	CARHR092930
OG0006455	Om002G064490	CARHR093100
OG0006456	Om002G064580	CARHR093190
OG0006457	Om002G064600	CARHR093210
OG0006458	Om002G064630	CARHR093230
OG0006459	Om002G064760	CARHR093320
OG0006460	Om003G101970	CARHR221830
OG0006461	Om002G065120	CARHR093550
OG0006462	Om002G065480	CARHR093790
OG0006463	Om002G065950	CARHR094210
OG0006464	Om002G065990	CARHR094250
OG0006465	Om002G066930	CARHR094980
OG0006466	Om002G067610	CARHR095560
OG0006467	Om002G068040	CARHR095990
OG0006469	Om002G068710	CARHR096680
OG0006470	Om002G068900	CARHR096790
OG0006471	Om002G069640	CARHR097510
OG0006472	Om002G070540	CARHR098160
OG0006473	Om002G070630	CARHR098260
OG0006473	Om004G170860	CARHR252850
OG0006474	Om002G071140	CARHR098650, CARHR098640
OG0006475	Om002G071260	CARHR098810, CARHR265640
OG0006477	Om002G071870	CARHR099180
OG0006478	Om002G072460	CARHR099440
OG0006479	Om002G073360	CARHR100260
OG0006480	Om002G076130	CARHR102480
OG0006481	Om002G081660	CARHR105790
OG0006483	Om002G084250	CARHR107760
OG0006484	Om002G084560	CARHR108340
OG0006485	Om002G086040	CARHR109250
OG0006486	Om002G085690, Om006G261250	CARHR109000
OG0006487	Om002G085550	CARHR108860
OG0006488	Om002G087020	CARHR109890
OG0006490	Om002G088240	CARHR111040
OG0006491	Om002G088400	CARHR111160
OG0006493	Om005G209640	CARHR045410
OG0006494	Om003G090570	CARHR045000
OG0006495	Om003G091240	CARHR044600
OG0006496	Om003G091380	CARHR044490
OG0006497	Om003G091470	CARHR044470
OG0006498	Om003G092870	CARHR043610
OG0006499	Om003G093120	CARHR043550
OG0006500	Om003G094890	CARHR042270
OG0006501	Om003G095240	CARHR042100
OG0006502	Om003G096030	CARHR041370
OG0006503	Om003G095920	CARHR041570
OG0006504	Om003G097110	CARHR040430
OG0006505	Om003G097750	CARHR039900
OG0006506	Om003G097930, Om003G097920	CARHR039720
OG0006507	Om003G099950	CARHR037660
OG0006508	Om003G100340	CARHR222500
OG0006509	Om008G339850	CARHR128730
OG0006510	Om008G339870	CARHR128710
OG0006511	Om008G339940	CARHR128650
OG0006512	Om008G339960	CARHR128640
OG0006513	Om006G256470	CARHR161820, CARHR117420
OG0006514	Om006G256430	CARHR161880
OG0006515	Om006G252780, Om005G213580	CARHR164770
OG0006516	Om006G251930	CARHR165460
OG0006517	Om006G251920	CARHR165470
OG0006518	Om006G251200	CARHR165990
OG0006519	Om006G250480	CARHR166510
OG0006520	Om003G119500	CARHR166700
OG0006521	Om003G120390	CARHR167480
OG0006522	Om003G122520	CARHR169110
OG0006523	Om003G124680	CARHR000090
OG0006525	Om003G126020	CARHR171380
OG0006526	Om003G127090	CARHR172060
OG0006527	Om003G127500	CARHR172330
OG0006528	Om003G128740	CARHR173270
OG0006529	Om003G129060	CARHR291730
OG0006530	Om002G066600	CARHR291720
OG0006531	Om003G129300	CARHR291510
OG0006532	Om006G256480	CARHR161830
OG0006533	Om006G257120	CARHR161150
OG0006533	Om001G016280	CARHR226310
OG0006535	Om008G347130, Om008G347280	CARHR283570
OG0006536	Om002G062860	CARHR091840, CARHR091850
OG0006537	Om008G324630	CARHR138920
OG0006538	Om004G134260	CARHR071280
OG0006540	Om005G185430	CARHR007430
OG0006541	Om005G203250	CARHR021490
OG0006542	Om005G211090	CARHR061000
OG0006543	Om004G159260	CARHR249650
OG0006544	Om002G071100	CARHR098610
OG0006548	Om005G220480	CARHR281930
OG0006549	Om001G009360	CARHR229610
OG0006556	Om001G002450	CARHR225350
OG0006558	Om002G048530	CARHR080600
OG0006558	Om008G351470	CARHR255170
OG0006570	Om001G022810	CARHR236300
OG0006571	Om001G023050	CARHR236400
OG0006572	Om001G023250	CARHR236470
OG0006573	Om001G023350	CARHR236520
OG0006574	Om001G024010, Om001G024000	CARHR236960
OG0006575	Om001G024070	CARHR236990
OG0006576	Om001G024720	CARHR237520
OG0006577	Om001G025200	CARHR237850
OG0006578	Om004G176550	CARHR184150, CARHR053730
OG0006580	Om001G027460	CARHR239070
OG0006581	Om001G027670	CARHR239200
OG0006582	Om001G027830	CARHR239310
OG0006583	Om001G028730	CARHR111660, CARHR239890
OG0006584	Om001G029020	CARHR240130
OG0006585	Om001G029520	CARHR240550, CARHR240540
OG0006586	Om005G200570	CARHR019380
OG0006587	Om001G029700	CARHR240660
OG0006589	Om001G031480	CARHR241840
OG0006590	Om001G031740	CARHR242010
OG0006591	Om001G031950	CARHR133860
OG0006592	Om001G033050	CARHR242970
OG0006593	Om001G033390	CARHR243150
OG0006594	Om001G033590	CARHR106920, CARHR243260
OG0006595	Om001G033600	CARHR243270
OG0006596	Om001G033740	CARHR243390
OG0006597	Om001G034250	CARHR243560
OG0006598	Om007G291740	CARHR030560
OG0006599	Om007G276820	CARHR031900
OG0006600	Om007G276490	CARHR223690
OG0006601	Om007G276260	CARHR223450
OG0006602	Om007G276250	CARHR223440
OG0006603	Om007G276020	CARHR223140
OG0006604	Om008G338150	CARHR130000
OG0006605	Om003G098950	CARHR185500
OG0006606	Om005G187910	CARHR009630
OG0006607	Om005G219630	CARHR283800
OG0006608	Om005G189090	CARHR010650
OG0006609	Om005G222120	CARHR052240
OG0006610	Om005G190310	CARHR011630
OG0006611	Om005G190410	CARHR011710
OG0006612	Om005G190930	CARHR012070
OG0006613	Om005G195750	CARHR015620
OG0006615	Om003G096600	CARHR143950
OG0006616	Om006G275090, Om008G351110	CARHR144280
OG0006617	Om006G274260	CARHR145410
OG0006618	Om005G193840	CARHR014240
OG0006619	Om005G193710	CARHR014140
OG0006620	Om006G273510	CARHR146340
OG0006621	Om006G273310	CARHR146620
OG0006622	Om006G272900	CARHR146820
OG0006623	Om006G272530	CARHR147370
OG0006624	Om006G272490	CARHR147430
OG0006625	Om006G272140	CARHR147730
OG0006626	Om006G272100	CARHR147760
OG0006627	Om006G271820	CARHR148150
OG0006629	Om006G271140	CARHR148900
OG0006630	Om006G271120	CARHR148930, CARHR148920
OG0006631	Om006G269840	CARHR149660
OG0006632	Om008G334190	CARHR286700
OG0006633	Om004G167380	CARHR151710
OG0006634	Om006G269520	CARHR152240
OG0006635	Om003G116210	CARHR267880
OG0006636	Om005G215510	CARHR056500
OG0006637	Om005G215570	CARHR056470
OG0006638	Om005G215600	CARHR056380
OG0006639	Om002G087180	CARHR109880
OG0006640	Om003G106420	CARHR274730
OG0006641	Om005G215810	CARHR054140
OG0006642	Om006G232080	CARHR212440
OG0006643	Om007G318450	CARHR212620
OG0006644	Om005G227190	CARHR047010
OG0006645	Om005G225980	CARHR048260
OG0006646	Om005G225620	CARHR048580
OG0006647	Om008G329330	CARHR135760
OG0006648	Om002G051570	CARHR083410
OG0006649	Om002G051620	CARHR083470
OG0006650	Om001G034740	CARHR243820
OG0006651	Om002G051800	CARHR083650
OG0006652	Om004G174710	CARHR210200
OG0006653	Om002G052870	CARHR084540
OG0006654	Om002G053610	CARHR085110
OG0006655	Om002G053880	CARHR085330
OG0006656	Om002G054200	CARHR085490
OG0006657	Om002G054310	CARHR085600
OG0006658	Om002G054300	CARHR085590
OG0006659	Om002G054870	CARHR085990
OG0006660	Om002G055200	CARHR086200
OG0006661	Om002G055290	CARHR086270
OG0006662	Om002G055430	CARHR086370
OG0006663	Om002G055680	CARHR086630
OG0006664	Om002G055780	CARHR086710
OG0006665	Om002G056180	CARHR086980
OG0006666	Om003G109350	CARHR258780
OG0006667	Om006G241740	CARHR192800
OG0006668	Om007G285870	CARHR232380
OG0006669	Om003G112030	CARHR257010, CARHR257000
OG0006670	Om003G112450	CARHR264080
OG0006671	Om003G113640	CARHR265410
OG0006672	Om003G113730	CARHR265520
OG0006674	Om003G114380	CARHR266140, CARHR266130
OG0006675	Om003G114850	CARHR266520
OG0006676	Om003G115850	CARHR267380
OG0006677	Om003G115440	CARHR266980
OG0006678	Om002G043340	CARHR267710
OG0006679	Om003G116100	CARHR267750, CARHR267760
OG0006680	Om003G116180	CARHR267860
OG0006681	Om003G116340	CARHR267970
OG0006682	Om003G116780	CARHR268350
OG0006684	Om003G117780	CARHR269050
OG0006685	Om003G118550	CARHR269670
OG0006686	Om003G119160	CARHR270180
OG0006687	Om006G249660	CARHR270930
OG0006688	Om006G249540	CARHR271070
OG0006689	Om006G249250	CARHR271280
OG0006691	Om007G313250	CARHR184440
OG0006692	Om004G161990	CARHR200470
OG0006693	Om004G162060	CARHR200520
OG0006694	Om004G162190	CARHR200630
OG0006695	Om004G162270	CARHR200690
OG0006696	Om004G165180, Om004G165200	CARHR202700
OG0006697	Om004G165370	CARHR202800
OG0006698	Om004G165860	CARHR203130
OG0006699	Om004G165960	CARHR203190
OG0006700	Om004G166310	CARHR203540
OG0006701	Om006G233320	CARHR278040
OG0006702	Om004G167010	CARHR204130
OG0006703	Om004G167350	CARHR204460
OG0006704	Om004G167640	CARHR204670
OG0006705	Om004G167760	CARHR204840
OG0006706	Om004G168000	CARHR205120
OG0006707	Om004G168480	CARHR129310, CARHR036390, CARHR205500
OG0006708	Om001G000070	CARHR223840
OG0006709	Om001G000120	CARHR223920
OG0006710	Om001G000600	CARHR224350
OG0006711	Om001G000640	CARHR224390
OG0006712	Om001G001320	CARHR224780
OG0006713	Om001G001360	CARHR224810
OG0006714	Om001G001840	CARHR224980
OG0006716	Om001G003210	CARHR225860
OG0006717	Om001G003750	CARHR226090
OG0006718	Om001G004570	CARHR226450
OG0006719	Om001G004660	CARHR226500
OG0006720	Om008G356910	CARHR178080
OG0006721	Om001G005750	CARHR227090
OG0006722	Om001G005840	CARHR227150
OG0006723	Om003G120900, Om001G000090, Om008G353620	CARHR223890
OG0006724	Om001G007270	CARHR228120
OG0006725	Om001G007870	CARHR228470
OG0006726	Om001G008090	CARHR228630
OG0006727	Om001G009350	CARHR229600
OG0006728	Om001G010650	CARHR230800
OG0006729	Om001G010620	CARHR230840
OG0006730	Om001G010840	CARHR231010
OG0006731	Om001G011060	CARHR231160, CARHR255470
OG0006732	Om001G011120	CARHR231210
OG0006733	Om001G011300	CARHR231380
OG0006734	Om001G011390	CARHR231420
OG0006735	Om001G011410	CARHR231430
OG0006736	Om001G011640, Om001G011620	CARHR231530
OG0006737	Om001G011660	CARHR231550
OG0006739	Om001G014250	CARHR034560
OG0006740	Om005G199910	CARHR138110, CARHR018930
OG0006741	Om001G015480	CARHR035790
OG0006742	Om001G015820	CARHR035520
OG0006743	Om005G195900	CARHR015750
OG0006744	Om007G287110	CARHR037240, CARHR037230
OG0006745	Om007G287330	CARHR036820
OG0006746	Om007G288170	CARHR027340
OG0006747	Om005G185400	CARHR007400
OG0006748	Om001G017120, Om007G302580	CARHR231610
OG0006749	Om007G287970	CARHR027210
OG0006750	Om007G287760	CARHR036510
OG0006751	Om007G288090	CARHR027280
OG0006752	Om002G087850	CARHR110570
OG0006753	Om007G288880	CARHR027990
OG0006754	Om007G289370	CARHR028440
OG0006755	Om007G289390	CARHR028460
OG0006756	Om007G289460	CARHR028500
OG0006758	Om007G290200	CARHR029130
OG0006759	Om007G290550	CARHR029330
OG0006760	Om007G290880	CARHR029700
OG0006761	Om007G291000	CARHR029820
OG0006763	Om007G291630	CARHR030360
OG0006764	Om001G035070	CARHR244050
OG0006765	Om001G035920	CARHR244620
OG0006766	Om001G036490	CARHR244960
OG0006767	Om001G036690	CARHR245080
OG0006768	Om001G037370	CARHR245500
OG0006769	Om001G037600	CARHR245580, CARHR153410
OG0006770	Om001G038380	CARHR246000
OG0006771	Om001G038430	CARHR246050
OG0006772	Om001G038880, Om001G038890	CARHR246240
OG0006773	Om004G154090	CARHR113830
OG0006775	Om004G156240	CARHR112140
OG0006776	Om001G041160	CARHR247860
OG0006777	Om001G041440	CARHR294340
OG0006778	Om001G041660	CARHR294190
OG0006779	Om003G098480	CARHR039250, CARHR040050
OG0006780	Om007G314740	CARHR291840
OG0006781	Om008G338730	CARHR129620
OG0006782	Om006G245500	CARHR259850
OG0006783	Om001G015740	CARHR035410
OG0006784	Om008G340370	CARHR128290
OG0006785	Om001G030510, Om001G030010	CARHR127900
OG0006786	Om007G287720, Om008G341850	CARHR181250
OG0006787	Om008G341870	CARHR181320, CARHR181400
OG0006788	Om003G124830	CARHR181860
OG0006789	Om002G044250	CARHR076880
OG0006790	Om008G346280, Om008G346310	CARHR260920
OG0006791	Om008G351250	CARHR255330
OG0006792	Om008G351750	CARHR254810
OG0006793	Om008G351850	CARHR254670
OG0006794	Om004G144520	CARHR254650
OG0006795	Om008G352810	CARHR254460
OG0006796	Om008G352130	CARHR254160
OG0006797	Om008G353930	CARHR253030
OG0006798	Om008G354320	CARHR252750
OG0006799	Om008G355720	CARHR252020
OG0006800	Om008G355900	CARHR178780
OG0006801	Om008G356220	CARHR178570
OG0006802	Om001G021000	CARHR235300
OG0006803	Om008G358880	CARHR176140
OG0006804	Om008G359550	CARHR175740
OG0006805	Om008G360970	CARHR174890
OG0006806	Om008G361200	CARHR174800
OG0006807	Om008G361430	CARHR174760
OG0006808	Om008G361490	CARHR174700
OG0006809	Om008G361580	CARHR174590
OG0006810	Om008G361910	CARHR174340
OG0006811	Om008G334640	CARHR132550
OG0006812	Om008G362750	CARHR173710
OG0006813	Om007G302850, Om005G212700	CARHR173580
OG0006815	Om002G075900	CARHR102100
OG0006816	Om002G074880, Om002G074960	CARHR101460
OG0006817	Om002G074420	CARHR101030
OG0006818	Om003G104240	CARHR218740
OG0006819	Om003G103420	CARHR220130
OG0006820	Om002G071410	CARHR098890
OG0006821	Om003G102420	CARHR216030
OG0006822	Om003G102300	CARHR221390
OG0006823	Om003G101540	CARHR222180
OG0006825	Om001G021070	CARHR290000
OG0006826	Om007G317410	CARHR213770
OG0006827	Om007G317670	CARHR213690
OG0006828	Om007G318530	CARHR212520
OG0006829	Om007G318540	CARHR212480
OG0006830	Om008G318670	CARHR143490
OG0006831	Om008G318720	CARHR143440
OG0006832	Om003G103940	CARHR032810
OG0006833	Om007G317160, Om008G319460	CARHR142810
OG0006834	Om008G340070	CARHR128610
OG0006835	Om008G320280	CARHR142160
OG0006836	Om008G320520	CARHR142030
OG0006837	Om008G320950	CARHR141680
OG0006838	Om008G321050	CARHR141580
OG0006839	Om008G321310	CARHR141300
OG0006840	Om008G321360	CARHR141250
OG0006841	Om008G321540	CARHR141100
OG0006842	Om008G321780	CARHR140910
OG0006843	Om008G321800	CARHR140890
OG0006844	Om008G322170	CARHR140620
OG0006845	Om008G322920	CARHR140050
OG0006846	Om008G325330, Om008G325300	CARHR138450
OG0006847	Om008G325630	CARHR138200
OG0006848	Om008G326110	CARHR137920
OG0006849	Om008G326140	CARHR137890
OG0006850	Om008G326720	CARHR137460
OG0006851	Om008G326880	CARHR137310
OG0006852	Om008G327450	CARHR136880
OG0006853	Om008G327990	CARHR136550
OG0006854	Om004G175780	CARHR211250
OG0006855	Om004G175990	CARHR211090
OG0006856	Om004G175660	CARHR210920
OG0006857	Om004G175650	CARHR210910
OG0006858	Om004G174850	CARHR210270
OG0006859	Om004G174720	CARHR210210
OG0006860	Om008G334550, Om008G334490, Om004G174630	CARHR210120
OG0006861	Om004G174470	CARHR210010
OG0006862	Om004G173640	CARHR209380
OG0006863	Om004G173610	CARHR209350
OG0006864	Om007G289140	CARHR028150
OG0006865	Om006G241300	CARHR193230
OG0006866	Om006G241570, Om006G241560	CARHR192980
OG0006867	Om006G241670	CARHR217080, CARHR225200, CARHR056430, CARHR192890, CARHR056440
OG0006868	Om006G241900	CARHR192640
OG0006869	Om006G242030	CARHR192520
OG0006870	Om006G242600	CARHR192000
OG0006871	Om006G242690	CARHR191950
OG0006872	Om006G242790	CARHR191880
OG0006873	Om006G243230	CARHR191590
OG0006874	Om006G243390	CARHR191450
OG0006875	Om006G244420	CARHR190590
OG0006876	Om006G244680	CARHR274340
OG0006877	Om006G245060	CARHR274010
OG0006878	Om006G245460	CARHR273620
OG0006879	Om006G245700	CARHR273380
OG0006880	Om006G234530	CARHR277000
OG0006881	Om006G233790	CARHR277700
OG0006882	Om006G233780	CARHR277710
OG0006883	Om006G233550	CARHR277920
OG0006884	Om006G233450	CARHR277990
OG0006885	Om006G233240	CARHR258190
OG0006886	Om003G099990	CARHR278230
OG0006887	Om006G233020	CARHR278400
OG0006888	Om006G232990	CARHR278410
OG0006889	Om006G232590	CARHR278780
OG0006890	Om006G232430	CARHR278940
OG0006891	Om006G232310	CARHR293770
OG0006892	Om006G232180	CARHR279000
OG0006893	Om006G231880	CARHR279300
OG0006894	Om006G231670	CARHR279480
OG0006895	Om006G230900	CARHR280120
OG0006896	Om006G230870	CARHR280150
OG0006897	Om006G230740	CARHR280260
OG0006898	Om005G211570	CARHR060730
OG0006899	Om006G229470	CARHR281320
OG0006900	Om004G152550, Om003G105280, Om004G137250, Om007G293280, Om006G275140	CARHR195940
OG0006901	Om006G229360	CARHR281390
OG0006902	Om004G157050	CARHR248050
OG0006903	Om001G027560	CARHR248290
OG0006904	Om004G157820	CARHR248860, CARHR248820
OG0006905	Om004G157610	CARHR248550
OG0006906	Om004G158240	CARHR249180
OG0006907	Om004G158550	CARHR249490
OG0006908	Om005G178780	CARHR001340
OG0006909	Om004G159380	CARHR250290
OG0006910	Om004G160480	CARHR251270
OG0006911	Om004G160580	CARHR251350
OG0006912	Om004G160740	CARHR251530
OG0006913	Om007G302230	CARHR251710
OG0006914	Om005G180750	CARHR003060
OG0006915	Om007G277470	CARHR179330
OG0006916	Om007G277530	CARHR179470
OG0006917	Om007G277610	CARHR179570
OG0006918	Om007G278340	CARHR127360
OG0006919	Om007G278670	CARHR127100
OG0006920	Om007G279180	CARHR125990
OG0006921	Om007G279060	CARHR126590
OG0006922	Om007G279010	CARHR126640
OG0006923	Om007G279000	CARHR126650
OG0006925	Om007G279500	CARHR126350
OG0006926	Om007G279440	CARHR126290
OG0006927	Om007G279610	CARHR125970
OG0006928	Om007G279780	CARHR125810
OG0006929	Om007G280070	CARHR125500
OG0006930	Om007G280090	CARHR125460, CARHR125470
OG0006931	Om007G280300	CARHR125200
OG0006932	Om007G280990	CARHR124540
OG0006933	Om007G281270	CARHR124200
OG0006934	Om007G281520	CARHR123960
OG0006935	Om007G281690	CARHR123670
OG0006936	Om005G184420	CARHR006620
OG0006937	Om007G281930	CARHR123450
OG0006938	Om007G281980	CARHR123390
OG0006939	Om007G282320	CARHR122960
OG0006940	Om007G283010	CARHR122250
OG0006941	Om007G283180	CARHR122020
OG0006942	Om007G283310	CARHR121840
OG0006943	Om007G283510	CARHR121560
OG0006944	Om007G283670	CARHR121340
OG0006945	Om007G285200	CARHR119240, CARHR063930
OG0006946	Om007G285100	CARHR119400
OG0006947	Om007G285020	CARHR119520
OG0006948	Om007G284810	CARHR119880
OG0006949	Om007G284650	CARHR120110
OG0006950	Om004G150400	CARHR114870
OG0006951	Om001G030120	CARHR286490, CARHR286480
OG0006952	Om001G006710	CARHR115390
OG0006953	Om002G042850	CARHR075630
OG0006954	Om001G017800	CARHR233960
OG0006956	Om002G042930	CARHR075740
OG0006957	Om002G043160	CARHR075940
OG0006958	Om002G043210	CARHR075970
OG0006959	Om002G043440	CARHR076120
OG0006960	Om002G043880	CARHR076580
OG0006961	Om002G044000	CARHR076660
OG0006962	Om002G044230	CARHR076860
OG0006963	Om002G044390	CARHR077000
OG0006964	Om002G044510	CARHR077070
OG0006965	Om002G045130	CARHR077640
OG0006966	Om002G045270	CARHR077770
OG0006967	Om002G045380	CARHR077880
OG0006968	Om002G045730	CARHR078160
OG0006969	Om002G045960	CARHR078430
OG0006970	Om002G046200	CARHR078560
OG0006971	Om002G046310	CARHR078750
OG0006972	Om002G046610	CARHR079040
OG0006973	Om002G046810, Om002G046820	CARHR079220
OG0006974	Om002G047420	CARHR079680
OG0006975	Om002G047610	CARHR079890
OG0006976	Om002G048360	CARHR080490
OG0006977	Om002G048370	CARHR080500
OG0006978	Om002G048480	CARHR080580
OG0006979	Om002G048730	CARHR080760
OG0006980	Om002G048790	CARHR080790
OG0006981	Om007G295720	CARHR194510
OG0006982	Om002G049460	CARHR081400
OG0006983	Om003G096720, Om002G049490	CARHR081410
OG0006984	Om002G049730	CARHR081610
OG0006985	Om002G049870	CARHR081760
OG0006986	Om002G050130	CARHR082060
OG0006987	Om002G050590	CARHR082500
OG0006988	Om002G051440	CARHR083320
OG0006989	Om008G330280	CARHR135240
OG0006990	Om008G330530	CARHR135130
OG0006991	Om008G330740	CARHR135010
OG0006992	Om008G331110	CARHR134720, CARHR033570
OG0006993	Om008G331380	CARHR134620
OG0006994	Om008G331700	CARHR134470
OG0006995	Om008G332150	CARHR134040
OG0006996	Om008G332060	CARHR134220
OG0006997	Om008G333020	CARHR133570
OG0006998	Om008G333090, Om008G333150	CARHR133500
OG0006999	Om008G333190	CARHR133440
OG0007000	Om008G333210	CARHR133430
OG0007001	Om008G338020	CARHR130130
OG0007002	Om008G337990	CARHR130150
OG0007003	Om008G337730	CARHR130290
OG0007004	Om008G337700	CARHR130320
OG0007005	Om008G337560	CARHR130440
OG0007006	Om008G337440	CARHR130540
OG0007007	Om008G337120	CARHR130730
OG0007008	Om008G336090	CARHR131620
OG0007010	Om008G335810	CARHR132260
OG0007011	Om008G335770	CARHR132220
OG0007012	Om008G335690	CARHR132160
OG0007013	Om008G334810	CARHR132440
OG0007014	Om008G334070	CARHR132860
OG0007015	Om008G333650, Om008G333620	CARHR133190
OG0007016	Om005G196610	CARHR016350
OG0007017	Om005G196690, Om004G130870	CARHR073840, CARHR072120
OG0007018	Om005G197240	CARHR016800
OG0007020	Om005G197830	CARHR017320
OG0007021	Om005G197890	CARHR017370
OG0007022	Om005G198250	CARHR017650
OG0007023	Om004G142720	CARHR065200
OG0007024	Om005G198960	CARHR018230
OG0007025	Om005G199020	CARHR018280
OG0007026	Om005G199350	CARHR018450
OG0007027	Om005G199480	CARHR018570
OG0007028	Om005G200340	CARHR019230
OG0007029	Om005G200860	CARHR019610
OG0007030	Om005G200870	CARHR019620
OG0007031	Om005G201150	CARHR019810
OG0007032	Om005G201160	CARHR019820, CARHR035530
OG0007033	Om005G201520	CARHR020110
OG0007034	Om005G201650	CARHR020220
OG0007035	Om005G202720	CARHR021120
OG0007036	Om006G270700, Om007G286670	CARHR021320
OG0007037	Om005G203650	CARHR021790
OG0007038	Om005G204240	CARHR022230
OG0007039	Om005G204310	CARHR022310
OG0007040	Om005G204520	CARHR022420
OG0007041	Om005G204550	CARHR022450
OG0007042	Om005G205880	CARHR290890
OG0007043	Om004G143780	CARHR023860
OG0007044	Om004G144410	CARHR024190
OG0007045	Om004G144510	CARHR024310
OG0007046	Om004G144830	CARHR024630
OG0007047	Om004G146890	CARHR025920
OG0007048	Om004G147680	CARHR026500
OG0007050	Om006G272670	CARHR231730
OG0007051	Om004G148330	CARHR231950
OG0007052	Om007G285590	CARHR232060
OG0007053	Om003G112800	CARHR264400
OG0007054	Om001G021060	CARHR235350
OG0007054	Om003G094930	CARHR168750
OG0007055	Om004G153320, Om018G373990	CARHR117630
OG0007056	Om004G152160	CARHR293150
OG0007057	Om008G334620	CARHR132570, CARHR132580
OG0007058	Om004G154300, Om003G110600	CARHR114070
OG0007059	Om004G153640	CARHR113340
OG0007060	Om004G156540	CARHR111890
OG0007062	Om005G194780, Om005G194770	CARHR015030
OG0007063	Om005G194310, Om005G194300	CARHR014640
OG0007064	Om005G193870	CARHR014270
OG0007065	Om005G192890	CARHR013570
OG0007066	Om005G192610	CARHR013360
OG0007067	Om005G192530	CARHR013300
OG0007068	Om005G191900	CARHR012740
OG0007069	Om005G191830	CARHR012700
OG0007070	Om005G208960, Om005G191090	CARHR012190
OG0007071	Om005G190790	CARHR138290, CARHR002860
OG0007072	Om005G190010	CARHR011420
OG0007073	Om005G189980	CARHR011380
OG0007074	Om005G189850	CARHR011250, CARHR034020
OG0007075	Om005G189810	CARHR011230
OG0007076	Om005G188860	CARHR010470, CARHR009040
OG0007077	Om005G188480	CARHR010130
OG0007078	Om005G188020	CARHR009710
OG0007079	Om005G188010	CARHR009700
OG0007080	Om005G187350	CARHR009240
OG0007081	Om005G187020	CARHR008900
OG0007082	Om005G186840	CARHR008720
OG0007083	Om005G186230	CARHR008140
OG0007084	Om006G262020, Om006G262060, Om008G320750	CARHR288620, CARHR141830
OG0007085	Om005G185240	CARHR007230
OG0007086	Om005G184960	CARHR007040
OG0007087	Om005G184930	CARHR007010
OG0007088	Om005G184370	CARHR006570
OG0007089	Om003G111600	CARHR257370
OG0007090	Om001G030370	CARHR241130
OG0007091	Om005G183660	CARHR005740
OG0007092	Om005G183500	CARHR005600
OG0007093	Om005G183120	CARHR005240
OG0007094	Om005G182130	CARHR004350
OG0007095	Om005G181900	CARHR004150
OG0007096	Om005G181790	CARHR004040
OG0007097	Om005G181530	CARHR171650, CARHR003940
OG0007098	Om005G181570	CARHR003900
OG0007099	Om005G181320	CARHR003610
OG0007100	Om005G180430	CARHR003280
OG0007101	Om005G180850	CARHR003180
OG0007102	Om005G179830	CARHR002320
OG0007103	Om005G179800	CARHR002300
OG0007104	Om005G179710	CARHR002250
OG0007105	Om005G179680	CARHR002230
OG0007107	Om006G257210	CARHR161100
OG0007108	Om005G177680	CARHR000250
OG0007109	Om007G301420	CARHR198960
OG0007110	Om007G301470	CARHR198990
OG0007111	Om007G301490	CARHR199010
OG0007112	Om007G301630	CARHR199130
OG0007113	Om007G300780	CARHR198510
OG0007114	Om007G299960	CARHR197940
OG0007115	Om007G300220	CARHR198130
OG0007116	Om007G299500	CARHR197650
OG0007117	Om007G298370	CARHR196870
OG0007118	Om007G298100	CARHR196630
OG0007119	Om007G298090	CARHR196620
OG0007120	Om002G083960, Om007G297540	CARHR196210
OG0007121	Om007G297280	CARHR195950
OG0007122	Om007G297090	CARHR195780
OG0007123	Om007G295400	CARHR194330
OG0007124	Om007G294840	CARHR193770
OG0007125	Om007G294610	CARHR187040
OG0007126	Om007G294440	CARHR186950
OG0007127	Om007G294070	CARHR186520
OG0007128	Om007G293640	CARHR186060
OG0007129	Om007G303300	CARHR185350
OG0007130	Om007G303680	CARHR182100
OG0007131	Om007G304570	CARHR284560
OG0007132	Om002G065080	CARHR182830
OG0007133	Om007G308140, Om002G074690	CARHR183830
OG0007134	Om007G306390, Om009G363540	CARHR183260
OG0007135	Om004G161330	CARHR199940
OG0007136	Om004G169590	CARHR206150
OG0007137	Om004G169930	CARHR206420
OG0007138	Om004G170130	CARHR206630
OG0007139	Om004G161350	CARHR199960
OG0007141	Om004G170410	CARHR207060
OG0007142	Om004G171430	CARHR207700
OG0007143	Om004G172070	CARHR208190
OG0007144	Om004G172420	CARHR208390
OG0007145	Om008G335020, Om004G172290	CARHR208330
OG0007146	Om004G172820	CARHR208780
OG0007147	Om006G240990, Om006G240980	CARHR193460
OG0007148	Om006G240580	CARHR187580
OG0007149	Om006G240550	CARHR187610
OG0007150	Om006G240520	CARHR187620
OG0007151	Om006G239750	CARHR188410
OG0007152	Om006G239710	CARHR188440
OG0007153	Om006G239450	CARHR188650
OG0007154	Om006G239440	CARHR188660
OG0007155	Om006G238860	CARHR189260
OG0007156	Om006G238730	CARHR189460
OG0007157	Om006G238720	CARHR189470
OG0007158	Om006G261230	CARHR157700
OG0007159	Om006G238160	CARHR190170, CARHR189920
OG0007160	Om006G238070	CARHR190010
OG0007161	Om006G237780	CARHR190240
OG0007162	Om006G237770	CARHR190250
OG0007163	Om006G237360	CARHR274560
OG0007164	Om006G237300	CARHR274600
OG0007165	Om006G237230	CARHR274660
OG0007167	Om006G236560	CARHR275300
OG0007168	Om006G235550	CARHR276210
OG0007169	Om006G235440	CARHR276290
OG0007170	Om006G235310	CARHR276370
OG0007171	Om006G235020	CARHR276560
OG0007173	Om006G234820	CARHR276770
OG0007174	Om006G247400	CARHR272620
OG0007175	Om006G258130	CARHR160420
OG0007176	Om006G259740	CARHR158860
OG0007177	Om006G260200	CARHR158630, CARHR261000
OG0007178	Om007G306780, Om006G263200	CARHR156870
OG0007179	Om006G235130	CARHR156670
OG0007181	Om006G266570	CARHR155580
OG0007182	Om006G245610	CARHR154380
OG0007183	Om004G176350	CARHR150840
OG0007184	Om006G267660	CARHR150930
OG0007185	Om006G268790	CARHR104550
OG0007186	Om006G268620	CARHR154110
OG0007187	Om005G212360	CARHR060030
OG0007188	Om005G212410, Om005G212680	CARHR059950
OG0007190	Om002G051320	CARHR062070
OG0007191	Om005G209450	CARHR062270
OG0007192	Om005G209220	CARHR062520
OG0007193	Om005G211360	CARHR060860
OG0007194	Om005G208510	CARHR062970
OG0007195	Om005G208500	CARHR062980
OG0007196	Om005G208410	CARHR063070
OG0007197	Om005G207120	CARHR064060
OG0007198	Om005G206940	CARHR064190
OG0007199	Om005G206840	CARHR064290
OG0007200	Om005G206620	CARHR064480, CARHR064490
OG0007201	Om005G205970	CARHR291000
OG0007202	Om004G143290	CARHR064770
OG0007203	Om006G241500	CARHR193020
OG0007204	Om004G133410, Om004G138880	CARHR071780
OG0007205	Om004G134400	CARHR071200
OG0007206	Om008G357930	CARHR177220
OG0007207	Om004G134900	CARHR070820
OG0007208	Om004G135030	CARHR070720
OG0007209	Om004G135640	CARHR070290
OG0007210	Om004G136090	CARHR069980
OG0007211	Om004G136550, Om004G136540	CARHR069810
OG0007212	Om004G136960	CARHR069610
OG0007213	Om004G137540	CARHR069140
OG0007214	Om004G137580	CARHR069110
OG0007215	Om004G138760	CARHR068290
OG0007216	Om004G138650	CARHR068230
OG0007217	Om004G138540	CARHR068150
OG0007218	Om004G138500	CARHR068120
OG0007219	Om004G139470	CARHR067750
OG0007220	Om004G140560	CARHR066830
OG0007221	Om004G141740	CARHR066220
OG0007222	Om005G225240, Om008G318630	CARHR124900
OG0007223	Om004G142170	CARHR065700
OG0007224	Om004G142640	CARHR065290
OG0007225	Om004G133300	CARHR071880
OG0007226	Om004G132840	CARHR072220
OG0007227	Om002G053480	CARHR085050
OG0007228	Om004G131960	CARHR072950
OG0007229	Om004G131830	CARHR073030
OG0007230	Om004G131480	CARHR073330
OG0007231	Om005G196910	CARHR016490
OG0007233	Om004G131120	CARHR073650
OG0007234	Om004G131040, Om004G131050, Om004G146080	CARHR073710
OG0007235	Om004G130910	CARHR073810
OG0007237	Om005G196540	CARHR016270
OG0007238	Om004G130200, Om001G006300	CARHR074230
OG0007239	Om002G056200, Om004G130150	CARHR074270
OG0007240	Om002G056910	CARHR087550
OG0007241	Om002G056980	CARHR087600
OG0007242	Om002G067980	CARHR088270, CARHR088280, CARHR088290
OG0007243	Om002G058080	CARHR088460
OG0007244	Om002G058330	CARHR088630
OG0007245	Om002G058890	CARHR089040
OG0007246	Om002G058960	CARHR089090
OG0007247	Om002G059610	CARHR089560
OG0007248	Om002G060690	CARHR090410
OG0007249	Om002G060930	CARHR090570
OG0007250	Om002G061120	CARHR090640
OG0007251	Om002G061410	CARHR090850
OG0007252	Om002G061470	CARHR090900
OG0007253	Om002G061850	CARHR091210
OG0007254	Om002G061860	CARHR091220
OG0007255	Om002G061960	CARHR091310
OG0007256	Om002G062050	CARHR091390
OG0007257	Om006G275130, Om002G065260	CARHR093680
OG0007258	Om002G063570	CARHR092310
OG0007259	Om002G063750	CARHR092470
OG0007261	Om002G064520	CARHR093140
OG0007262	Om002G064540	CARHR093160
OG0007263	Om002G064680	CARHR093270
OG0007264	Om002G064850	CARHR094240
OG0007265	Om002G065040	CARHR093490
OG0007266	Om002G065510	CARHR093830
OG0007267	Om002G065850	CARHR094160
OG0007268	Om002G066070	CARHR094300
OG0007269	Om002G066620	CARHR094670
OG0007270	Om002G066680	CARHR094760
OG0007271	Om002G066770	CARHR094820
OG0007272	Om002G066830	CARHR094910
OG0007273	Om002G067120	CARHR095160
OG0007274	Om002G067500	CARHR095520
OG0007275	Om002G067920	CARHR095850
OG0007276	Om002G068880	CARHR096770
OG0007277	Om002G069200	CARHR097080
OG0007278	Om002G069620	CARHR097500
OG0007279	Om002G069500	CARHR097390
OG0007280	Om002G069490	CARHR097370
OG0007281	Om002G069390	CARHR097250
OG0007282	Om002G070430	CARHR098040
OG0007283	Om002G070440	CARHR098060
OG0007284	Om002G070570	CARHR098190
OG0007285	Om002G070580, Om002G045070	CARHR098200
OG0007286	Om002G070810	CARHR098380
OG0007287	Om002G070980	CARHR098520, CARHR098510
OG0007288	Om002G071080	CARHR098600
OG0007289	Om002G072650	CARHR099580
OG0007290	Om002G072740	CARHR099670
OG0007291	Om002G072840	CARHR099740
OG0007292	Om002G073150	CARHR100030
OG0007293	Om003G095730	CARHR100150
OG0007294	Om002G073880	CARHR100510
OG0007295	Om002G074200	CARHR100660
OG0007296	Om004G163750	CARHR105020
OG0007297	Om007G283830	CARHR121150
OG0007298	Om002G077860	CARHR104950
OG0007299	Om002G081180	CARHR105630
OG0007300	Om002G082590	CARHR106710
OG0007301	Om002G083680	CARHR293440
OG0007302	Om002G083890	CARHR107480
OG0007303	Om002G084390	CARHR108000
OG0007304	Om002G085070, Om002G085060, Om002G085050	CARHR108630
OG0007305	Om002G086390	CARHR109470
OG0007306	Om002G086810	CARHR109720
OG0007307	Om002G087250	CARHR110030
OG0007308	Om002G088180	CARHR110970
OG0007309	Om002G056450	CARHR087180
OG0007310	Om003G090230	CARHR045250, CARHR051640
OG0007311	Om003G090640, Om004G130800	CARHR044950
OG0007312	Om003G090870	CARHR044820
OG0007313	Om003G092150, Om003G092040	CARHR044090
OG0007314	Om003G094320	CARHR042710
OG0007315	Om003G094760	CARHR042370
OG0007316	Om003G094880	CARHR042280
OG0007317	Om003G095500	CARHR041900
OG0007318	Om003G095660, Om004G131340	CARHR041760
OG0007319	Om003G097530	CARHR113150, CARHR040130
OG0007320	Om003G098320	CARHR039370, CARHR039360, CARHR039340
OG0007321	Om003G099140	CARHR038670
OG0007322	Om003G098970	CARHR038920
OG0007323	Om003G099580	CARHR038030
OG0007324	Om003G099730	CARHR037880
OG0007325	Om003G100090	CARHR037570, CARHR037580
OG0007326	Om003G100210	CARHR222600
OG0007327	Om003G100230	CARHR222560
OG0007328	Om003G100690	CARHR290480
OG0007329	Om008G339610	CARHR128960
OG0007330	Om008G339670	CARHR128940
OG0007331	Om006G256520	CARHR161760
OG0007332	Om006G256500	CARHR161800
OG0007333	Om006G256120	CARHR162120
OG0007334	Om006G255860	CARHR162260
OG0007335	Om006G255850	CARHR162270
OG0007336	Om006G255000	CARHR060240, CARHR163130
OG0007337	Om006G256800	CARHR161450
OG0007338	Om006G256910	CARHR161360
OG0007339	Om006G253330, Om006G253310	CARHR164310
OG0007340	Om006G253070	CARHR164510
OG0007341	Om006G252700	CARHR164870
OG0007342	Om006G251900	CARHR165510, CARHR165500, CARHR165490
OG0007343	Om002G065760, Om001G029410	CARHR240440, CARHR053370
OG0007344	Om006G251320	CARHR292640, CARHR165910
OG0007345	Om003G119400	CARHR166610
OG0007346	Om003G119810	CARHR167000
OG0007347	Om003G122460	CARHR169050
OG0007348	Om003G122480	CARHR169070
OG0007349	Om003G123890	CARHR220950, CARHR220920
OG0007350	Om003G125600	CARHR171020
OG0007351	Om003G125770	CARHR171100
OG0007352	Om003G126340	CARHR171630
OG0007353	Om003G127610	CARHR172380
OG0007354	Om003G127720	CARHR172450
OG0007355	Om003G129010	CARHR291760
OG0007356	Om003G094610	CARHR042480
OG0007357	Om008G332810	CARHR133690
OG0007360	Om003G127770	CARHR172510
OG0007361	Om008G362880	CARHR173590
OG0007363	Om008G340180	CARHR128470
OG0007364	Om008G339920	CARHR128670
OG0007365	Om008G339430	CARHR129070
OG0007367	Om002G072590	CARHR099530
OG0007368	Om004G137950	CARHR068710
OG0007369	Om004G139420	CARHR067780
OG0007370	Om001G028790	CARHR239940
OG0007371	Om001G035860	CARHR244560
OG0007372	Om005G181700	CARHR003790, CARHR115370
OG0007373	Om005G191750	CARHR012620
OG0007374	Om002G064360	CARHR093040
OG0007375	Om001G001450	CARHR201190
OG0007376	Om002G061650	CARHR091090
OG0007379	Om004G161800	CARHR200340
OG0007380	Om001G008100	CARHR228640, CARHR228590
OG0007381	Om001G003140	CARHR225900
OG0007382	Om001G002160	CARHR224940
OG0007384	Om007G284750, Om007G284720	CARHR120000
OG0007385	Om007G297390	CARHR196070
OG0007386	Om007G293180	CARHR185120
OG0007387	Om003G119110	CARHR270110
OG0007389	Om006G246040	CARHR155200, CARHR285880
OG0007390	Om006G236960	CARHR274940
OG0007393	Om002G085970	CARHR109180
OG0007396	Om005G206270	CARHR146140
OG0007397	Om008G341570, Om008G341720	CARHR153110
OG0007400	Om003G113180	CARHR264950
OG0007404	Om006G271550	CARHR152820
OG0007413	Om001G022280	CARHR235960
OG0007414	Om001G022750	CARHR236260
OG0007415	Om001G022790	CARHR236280
OG0007416	Om001G023150, Om001G023160	CARHR236440
OG0007417	Om001G023330	CARHR236510
OG0007418	Om001G023420	CARHR236610
OG0007419	Om001G024540	CARHR109770
OG0007420	Om001G024800	CARHR237570
OG0007421	Om001G024990	CARHR237730
OG0007422	Om001G025350	CARHR237930
OG0007423	Om001G025450	CARHR237990
OG0007424	Om001G025810	CARHR238180
OG0007425	Om001G026460	CARHR238470
OG0007426	Om001G027440	CARHR239050
OG0007427	Om001G027550	CARHR239160
OG0007428	Om001G027740	CARHR239250
OG0007429	Om001G027790	CARHR239290
OG0007430	Om001G027890	CARHR239380
OG0007431	Om001G027960	CARHR239420
OG0007433	Om007G285310	CARHR235710
OG0007434	Om001G028990	CARHR240110
OG0007435	Om001G029010	CARHR240120
OG0007436	Om001G029050	CARHR115030, CARHR240150
OG0007437	Om001G029080	CARHR240170
OG0007438	Om001G029240, Om005G213890	CARHR240280, CARHR240270
OG0007439	Om001G029470	CARHR240510
OG0007440	Om001G029750	CARHR240720
OG0007442	Om001G030380	CARHR241140
OG0007443	Om001G030840	CARHR241510
OG0007444	Om001G030830	CARHR241500
OG0007445	Om001G031530	CARHR241870
OG0007446	Om001G032350	CARHR242560
OG0007448	Om001G031940	CARHR242190
OG0007449	Om001G031920	CARHR242170
OG0007450	Om001G031860	CARHR242120
OG0007451	Om001G032760	CARHR242300
OG0007452	Om001G032830	CARHR242770
OG0007453	Om001G032920	CARHR242840
OG0007454	Om001G032940	CARHR242820, CARHR153010
OG0007455	Om001G033310	CARHR243070
OG0007456	Om001G033580	CARHR243250
OG0007457	Om007G291830	CARHR030610
OG0007458	Om007G292250	CARHR287040
OG0007459	Om007G292270	CARHR287020
OG0007460	Om007G292720, Om010G364640	CARHR031270
OG0007461	Om007G277140	CARHR031470, CARHR031480
OG0007462	Om007G277090	CARHR031530
OG0007463	Om007G277030	CARHR031600, CARHR129670
OG0007464	Om007G276200	CARHR223410
OG0007465	Om007G276010	CARHR223130
OG0007466	Om007G275710	CARHR222820
OG0007467	Om007G275920, Om007G275960	CARHR222730
OG0007468	Om005G215950	CARHR055580
OG0007469	Om005G216190	CARHR055840
OG0007470	Om005G218330, Om011G365900	CARHR222300
OG0007471	Om011G365860, Om005G218230	CARHR054960
OG0007472	Om004G168830	CARHR205680
OG0007473	Om005G218800	CARHR053740
OG0007475	Om005G221980	CARHR052070
OG0007476	Om005G222220	CARHR051540, CARHR048850
OG0007477	Om005G189930	CARHR011340
OG0007478	Om005G223030	CARHR050770
OG0007479	Om005G223410	CARHR050620
OG0007480	Om005G223540	CARHR050590, CARHR050580
OG0007481	Om006G275500	CARHR143610
OG0007482	Om003G089960	CARHR143710
OG0007483	Om006G275420, Om003G107160	CARHR143810
OG0007484	Om006G275050	CARHR144380
OG0007485	Om005G195200	CARHR015270
OG0007486	Om006G274380	CARHR145290
OG0007487	Om006G274230	CARHR145430
OG0007488	Om006G274150	CARHR145530
OG0007489	Om006G274030	CARHR145680
OG0007490	Om006G273860	CARHR145860
OG0007491	Om005G201100, Om005G201070, Om005G201060, Om005G201080	CARHR019790
OG0007492	Om006G273410	CARHR146570
OG0007494	Om006G272860	CARHR146890
OG0007495	Om006G272520	CARHR147380
OG0007496	Om006G272480	CARHR147440
OG0007497	Om006G272010	CARHR147880
OG0007498	Om006G271870	CARHR148080
OG0007499	Om006G271800	CARHR148190
OG0007500	Om007G317800	CARHR213410
OG0007500	Om006G271730	CARHR148250
OG0007501	Om006G271560	CARHR148410, CARHR148400
OG0007502	Om006G271520	CARHR148420
OG0007503	Om006G271280	CARHR148660
OG0007504	Om006G271020	CARHR149170
OG0007505	Om006G269450	CARHR152330
OG0007506	Om006G269420	CARHR153860
OG0007508	Om006G269290	CARHR153060
OG0007509	Om006G269160	CARHR153430
OG0007510	Om005G212780	CARHR059690
OG0007511	Om005G213080	CARHR059440
OG0007512	Om005G213310	CARHR058950
OG0007513	Om005G214010	CARHR292300
OG0007514	Om005G214150	CARHR058110
OG0007515	Om005G214630	CARHR057580, CARHR119180
OG0007516	Om003G127400	CARHR056980
OG0007517	Om007G296510	CARHR195380
OG0007518	Om005G228780	CARHR046330
OG0007519	Om003G091000	CARHR044680
OG0007520	Om005G227790	CARHR046800
OG0007521	Om005G227210	CARHR047000
OG0007522	Om005G226680	CARHR047690
OG0007523	Om005G226110	CARHR048160
OG0007524	Om005G226070	CARHR048180
OG0007525	Om005G225690	CARHR048410
OG0007526	Om005G225560	CARHR048630
OG0007527	Om005G224810	CARHR049430
OG0007528	Om005G224700	CARHR049530
OG0007529	Om005G224510	CARHR049790
OG0007530	Om002G056420	CARHR087150
OG0007531	Om002G056400	CARHR087130
OG0007532	Om002G056390	CARHR087120
OG0007533	Om002G056210	CARHR087000, CARHR151150
OG0007534	Om001G021870	CARHR235720
OG0007535	Om001G017010	CARHR233270
OG0007536	Om005G189400	CARHR233460
OG0007538	Om008G329080	CARHR135940
OG0007539	Om008G329190	CARHR135850
OG0007540	Om008G329240	CARHR135820
OG0007541	Om002G051550	CARHR083510
OG0007542	Om002G051520	CARHR083520
OG0007543	Om002G051670	CARHR083570
OG0007544	Om002G052120	CARHR083910
OG0007545	Om002G052160	CARHR083970
OG0007546	Om002G052390	CARHR084170
OG0007547	Om002G052510	CARHR084280
OG0007548	Om004G173830	CARHR209570
OG0007549	Om002G052850	CARHR084520
OG0007550	Om002G052950	CARHR084600
OG0007551	Om008G337710, Om002G053190	CARHR084830
OG0007552	Om002G053450	CARHR085030
OG0007553	Om004G172700	CARHR208690
OG0007554	Om002G053900	CARHR085340
OG0007555	Om002G054550	CARHR085770
OG0007556	Om002G054600	CARHR085840
OG0007557	Om002G054820	CARHR085960
OG0007559	Om002G055170	CARHR086170
OG0007560	Om002G055260	CARHR086240
OG0007561	Om002G055300	CARHR086280
OG0007562	Om002G055410	CARHR086350
OG0007563	Om001G021980	CARHR235780
OG0007564	Om002G055530	CARHR086490
OG0007565	Om002G055540	CARHR086500
OG0007566	Om002G055600	CARHR086540
OG0007567	Om002G055990	CARHR086840
OG0007568	Om002G056010	CARHR086860
OG0007570	Om003G106850	CARHR258840
OG0007571	Om007G299090, Om007G299100, Om008G361570	CARHR174600
OG0007572	Om007G287220	CARHR037030
OG0007573	Om003G111890	CARHR257660
OG0007574	Om003G111870	CARHR257570
OG0007575	Om003G121640	CARHR257460
OG0007576	Om003G111640	CARHR257410
OG0007577	Om001G030710	CARHR241420
OG0007578	Om003G113670	CARHR265430
OG0007579	Om003G114760	CARHR266390
OG0007580	Om003G114650	CARHR266300
OG0007581	Om003G114410	CARHR266160
OG0007582	Om003G114330	CARHR266080
OG0007583	Om003G114300	CARHR287010
OG0007584	Om003G114800	CARHR266480
OG0007585	Om003G114950	CARHR266540
OG0007586	Om003G115750	CARHR267320
OG0007587	Om003G115600	CARHR267090
OG0007588	Om003G116050	CARHR267670
OG0007589	Om003G116200	CARHR267870
OG0007590	Om003G116660	CARHR268270
OG0007591	Om003G117620	CARHR268900
OG0007592	Om003G118030	CARHR269240
OG0007593	Om003G118310	CARHR269470
OG0007594	Om003G118450	CARHR269590
OG0007595	Om005G189070	CARHR011860
OG0007596	Om006G250050	CARHR270640
OG0007597	Om006G249870	CARHR270750
OG0007598	Om006G249840	CARHR270780
OG0007599	Om006G249760	CARHR270830
OG0007600	Om006G249400	CARHR271170
OG0007601	Om006G249340	CARHR271220
OG0007602	Om006G248980	CARHR271420
OG0007603	Om006G248490	CARHR271550
OG0007604	Om006G248040	CARHR271970
OG0007605	Om007G293650	CARHR186070
OG0007606	Om004G161450	CARHR200040
OG0007607	Om004G161780	CARHR200320
OG0007608	Om004G161890	CARHR200390
OG0007609	Om004G161960	CARHR200430
OG0007610	Om004G162080	CARHR200540
OG0007611	Om004G162290	CARHR200720
OG0007612	Om004G162450	CARHR200830
OG0007613	Om004G162710	CARHR201000
OG0007614	Om004G162800	CARHR201090
OG0007615	Om004G163010	CARHR201220
OG0007616	Om004G163190	CARHR201400
OG0007617	Om004G163710	CARHR201740
OG0007618	Om004G163740	CARHR201770
OG0007619	Om004G164160	CARHR202090, CARHR202030, CARHR202020, CARHR202100
OG0007620	Om004G164490	CARHR202280
OG0007621	Om004G165110	CARHR202690
OG0007622	Om004G167020	CARHR204140
OG0007623	Om004G167250	CARHR204350
OG0007624	Om004G167330	CARHR204440
OG0007626	Om004G167880	CARHR205010
OG0007627	Om004G167910	CARHR205050
OG0007628	Om004G168200	CARHR205290
OG0007629	Om004G169090	CARHR205850
OG0007630	Om004G169150	CARHR205900
OG0007631	Om001G000220	CARHR224030
OG0007632	Om001G000960	CARHR224560
OG0007633	Om001G001110	CARHR224690
OG0007634	Om001G001340	CARHR224790
OG0007635	Om001G001390	CARHR224840
OG0007636	Om001G002230	CARHR225240
OG0007637	Om008G353730	CARHR253330
OG0007638	Om001G003000	CARHR225770
OG0007639	Om007G306840, Om009G363830, Om007G306850, Om009G363870, Om009G363850, Om009G363900, Om001G003170	CARHR225880
OG0007640	Om001G003600	CARHR226030
OG0007641	Om001G004160	CARHR226220
OG0007642	Om001G005260	CARHR226750
OG0007643	Om001G005510	CARHR226890
OG0007644	Om006G235810	CARHR275930
OG0007645	Om001G006140	CARHR227280
OG0007646	Om007G317630	CARHR227500
OG0007647	Om008G355160	CARHR252390
OG0007648	Om001G007240	CARHR228100
OG0007649	Om001G007620	CARHR228400
OG0007650	Om001G008570	CARHR228890
OG0007651	Om001G008630	CARHR228960
OG0007652	Om001G008790	CARHR229140
OG0007653	Om001G008910	CARHR229230
OG0007654	Om001G009160	CARHR229430
OG0007655	Om001G009250	CARHR229500
OG0007656	Om001G009440	CARHR229660
OG0007657	Om001G009740	CARHR229920, CARHR229910
OG0007658	Om001G009960	CARHR230090
OG0007659	Om001G009990	CARHR230120
OG0007660	Om001G010820	CARHR230980
OG0007661	Om001G011020	CARHR231120
OG0007662	Om001G011270	CARHR231360
OG0007663	Om001G012060	CARHR032600
OG0007664	Om001G012100	CARHR032640, CARHR054090, CARHR054100
OG0007665	Om001G012270	CARHR032840
OG0007666	Om001G012650	CARHR033380
OG0007667	Om001G013450	CARHR033930
OG0007668	Om001G014610	CARHR034970
OG0007669	Om001G015150	CARHR036060
OG0007670	Om007G287030	CARHR037300
OG0007671	Om007G287340	CARHR036810
OG0007672	Om007G286960	CARHR037350
OG0007673	Om002G050410	CARHR082330
OG0007674	Om007G288360	CARHR027570
OG0007675	Om007G288650	CARHR027790
OG0007676	Om007G301530	CARHR116740
OG0007677	Om007G288830	CARHR027930
OG0007678	Om007G288890	CARHR028000
OG0007679	Om007G289500	CARHR028530
OG0007680	Om007G290690, Om007G290680	CARHR029250
OG0007681	Om007G290900	CARHR029750
OG0007682	Om007G291350	CARHR030160
OG0007684	Om007G291440	CARHR030240
OG0007686	Om004G174560	CARHR040510
OG0007687	Om001G035250	CARHR244170
OG0007688	Om001G035500	CARHR244340
OG0007689	Om001G035580, Om001G035590	CARHR244370
OG0007690	Om001G036040	CARHR244660
OG0007691	Om001G036330	CARHR289500
OG0007692	Om001G036370	CARHR244870
OG0007693	Om001G036730	CARHR245120
OG0007694	Om001G037150	CARHR245380
OG0007695	Om004G152050	CARHR293090
OG0007696	Om001G037380	CARHR245510
OG0007697	Om001G038320	CARHR245930
OG0007698	Om001G038470	CARHR246060
OG0007699	Om001G038600	CARHR246120
OG0007700	Om001G038610	CARHR246130
OG0007701	Om001G038910	CARHR246260
OG0007702	Om001G039200	CARHR246470
OG0007703	Om001G039340	CARHR246540, CARHR246530
OG0007704	Om001G039690	CARHR246820
OG0007705	Om001G039880	CARHR247000
OG0007706	Om001G040230	CARHR247210
OG0007707	Om001G041590	CARHR294250
OG0007708	Om003G106100	CARHR217470
OG0007710	Om007G315170	CARHR263720
OG0007711	Om008G339350	CARHR129140
OG0007712	Om008G339220	CARHR129220
OG0007713	Om008G339070	CARHR129300
OG0007714	Om005G188650	CARHR010270
OG0007715	Om007G291920	CARHR030700
OG0007716	Om007G296200, Om006G239380, Om007G303710	CARHR195050
OG0007717	Om008G339010	CARHR129420
OG0007718	Om008G339040	CARHR129380
OG0007719	Om007G288100	CARHR260570
OG0007720	Om008G344310, Om043G376290	CARHR259970
OG0007721	Om008G344810	CARHR259500
OG0007722	Om007G290410	CARHR029470
OG0007723	Om008G340440	CARHR128270
OG0007724	Om008G337490, Om008G340530	CARHR128130
OG0007725	Om008G340640	CARHR128010
OG0007726	Om008G327500	CARHR127950
OG0007727	Om008G340710	CARHR127940
OG0007728	Om008G341060	CARHR127560
OG0007729	Om008G341120	CARHR127500
OG0007730	Om008G341890	CARHR181270
OG0007731	Om008G347630	CARHR256290
OG0007732	Om008G350710	CARHR255570
OG0007733	Om008G351240	CARHR255340
OG0007734	Om008G351800	CARHR254710
OG0007735	Om008G353180	CARHR253790
OG0007736	Om008G353540	CARHR253540
OG0007737	Om008G353900	CARHR253060
OG0007738	Om008G354610	CARHR252590
OG0007739	Om006G241640	CARHR192910
OG0007740	Om008G354840	CARHR252520
OG0007741	Om008G356590	CARHR178240
OG0007742	Om008G357550	CARHR177470
OG0007743	Om008G358140	CARHR176710
OG0007744	Om008G358510	CARHR176440
OG0007745	Om008G358960	CARHR055660, CARHR176070
OG0007746	Om008G359140	CARHR175960
OG0007747	Om008G359500	CARHR175850
OG0007748	Om008G359720	CARHR175570
OG0007749	Om008G359810	CARHR175520
OG0007750	Om008G360840	CARHR175050
OG0007751	Om004G172810	CARHR208770
OG0007752	Om008G360940	CARHR174990
OG0007753	Om008G361160	CARHR174850
OG0007754	Om008G361660	CARHR174540
OG0007755	Om005G189710	CARHR290530
OG0007756	Om003G106170	CARHR217790
OG0007757	Om003G106750	CARHR216980
OG0007758	Om003G105410	CARHR220550
OG0007759	Om005G185830	CARHR101410
OG0007760	Om002G074340	CARHR100920
OG0007761	Om003G104100	CARHR218940, CARHR258880
OG0007762	Om006G236180	CARHR219740
OG0007763	Om003G103150	CARHR220530
OG0007764	Om004G143330	CARHR222140
OG0007765	Om007G317850	CARHR213330
OG0007766	Om007G318370	CARHR212770
OG0007767	Om002G067620	CARHR212530
OG0007768	Om004G137710	CARHR050820
OG0007769	Om008G318920	CARHR143250
OG0007770	Om008G319080	CARHR143110
OG0007771	Om008G319140	CARHR143060
OG0007772	Om008G319570	CARHR142740
OG0007773	Om008G319690	CARHR142660
OG0007774	Om008G319830	CARHR142600
OG0007775	Om008G319850	CARHR142580
OG0007776	Om008G320670	CARHR141890
OG0007777	Om008G320760, Om006G262030	CARHR141820
OG0007778	Om003G096140	CARHR141490
OG0007779	Om008G321260	CARHR141350
OG0007780	Om008G321280	CARHR141330
OG0007781	Om008G321290	CARHR141310
OG0007782	Om008G321320	CARHR141290
OG0007783	Om008G321330	CARHR141280
OG0007784	Om008G321450	CARHR141190
OG0007785	Om008G321790	CARHR140900
OG0007786	Om008G322210	CARHR140590
OG0007787	Om008G322900	CARHR140090
OG0007788	Om008G323420	CARHR139600
OG0007789	Om008G323940	CARHR139310
OG0007790	Om008G324030	CARHR139210
OG0007791	Om008G324330	CARHR139080
OG0007792	Om008G326030	CARHR137960
OG0007793	Om008G326410	CARHR137710
OG0007794	Om008G327230	CARHR137050
OG0007795	Om008G326960	CARHR137240
OG0007796	Om004G176910	CARHR211950, CARHR083210
OG0007797	Om004G176670	CARHR211740
OG0007798	Om004G176470	CARHR211570
OG0007799	Om004G176240	CARHR211410
OG0007800	Om004G176160	CARHR211340
OG0007801	Om004G175740	CARHR211020
OG0007802	Om004G175640	CARHR210900
OG0007803	Om004G175590	CARHR210830
OG0007804	Om004G175580	CARHR210820
OG0007805	Om004G175270	CARHR210610
OG0007806	Om004G173710	CARHR209420
OG0007807	Om004G174810	CARHR210250
OG0007808	Om004G173750	CARHR209470
OG0007809	Om004G173570	CARHR209320
OG0007810	Om004G173330	CARHR209150
OG0007811	Om005G223510, Om004G173230	CARHR209080
OG0007812	Om004G173130	CARHR209030
OG0007813	Om004G173070	CARHR208980
OG0007814	Om006G241050	CARHR193550
OG0007815	Om006G241310	CARHR193220
OG0007816	Om006G241340	CARHR193210, CARHR193200
OG0007817	Om006G242330	CARHR192190
OG0007818	Om006G242530	CARHR192070
OG0007819	Om006G242810	CARHR191860
OG0007820	Om006G242880	CARHR191820
OG0007821	Om006G242970	CARHR191760
OG0007822	Om006G243010	CARHR191730
OG0007823	Om006G243300	CARHR191540
OG0007824	Om006G243870	CARHR191080
OG0007825	Om006G244240	CARHR190810
OG0007826	Om006G244520	CARHR274470
OG0007827	Om006G244620	CARHR274390
OG0007828	Om006G244850	CARHR274190
OG0007829	Om006G245220	CARHR273870
OG0007830	Om006G245450	CARHR273630
OG0007831	Om006G245800	CARHR273280
OG0007832	Om006G267830, Om008G354490	CARHR285520, CARHR285440
OG0007833	Om006G246870	CARHR285230
OG0007834	Om006G247180	CARHR272790
OG0007835	Om006G234580	CARHR276960
OG0007836	Om006G234510	CARHR277020
OG0007837	Om006G234500	CARHR277030
OG0007838	Om006G234170	CARHR277330
OG0007839	Om006G249930	CARHR270680
OG0007840	Om006G233570	CARHR277900
OG0007841	Om006G233520	CARHR277940
OG0007842	Om006G257180, Om006G232870, Om006G257190	CARHR278510
OG0007843	Om006G232720	CARHR278650
OG0007844	Om006G232560	CARHR278810
OG0007845	Om006G232540	CARHR278830
OG0007846	Om006G232030	CARHR279150
OG0007847	Om006G232000	CARHR279200
OG0007849	Om006G231490	CARHR279640
OG0007850	Om006G231470	CARHR279650
OG0007851	Om006G231310	CARHR279770
OG0007852	Om006G231040	CARHR280000
OG0007853	Om006G230760	CARHR280240
OG0007854	Om006G230660	CARHR280310
OG0007855	Om006G230530	CARHR280410
OG0007856	Om006G230070	CARHR280830
OG0007857	Om006G229560	CARHR281280
OG0007858	Om006G257600	CARHR160740
OG0007859	Om006G229320	CARHR281420
OG0007860	Om004G157840	CARHR248890
OG0007861	Om004G157730	CARHR248740
OG0007862	Om004G158020	CARHR249000
OG0007863	Om004G158310	CARHR249260
OG0007864	Om004G158380	CARHR249360
OG0007865	Om004G158660	CARHR250230
OG0007866	Om004G158880	CARHR250000
OG0007867	Om004G159360	CARHR249540
OG0007868	Om004G159580	CARHR250470
OG0007869	Om004G159670	CARHR250500
OG0007870	Om004G159730	CARHR250530
OG0007871	Om004G160240	CARHR251020
OG0007872	Om004G160350	CARHR251130, CARHR251120
OG0007873	Om004G160620	CARHR251410
OG0007874	Om007G302170	CARHR251660
OG0007875	Om007G292950	CARHR179070
OG0007876	Om007G277550, Om007G277560	CARHR179520, CARHR179510
OG0007877	Om007G278200, Om005G190260	CARHR180420
OG0007878	Om007G278250	CARHR127440
OG0007879	Om007G278290	CARHR127400
OG0007880	Om007G279290	CARHR126130
OG0007881	Om007G279260	CARHR126090
OG0007882	Om007G279230	CARHR126050
OG0007883	Om007G278730	CARHR126920
OG0007884	Om007G279330	CARHR126180
OG0007885	Om007G280060	CARHR125510
OG0007886	Om002G056920, Om007G280710	CARHR124840, CARHR163730
OG0007887	Om007G280850	CARHR124710
OG0007888	Om007G281010	CARHR124530
OG0007889	Om007G281040	CARHR124490
OG0007890	Om005G184030	CARHR006150
OG0007891	Om007G281180	CARHR124340
OG0007892	Om007G281440	CARHR123970
OG0007893	Om007G281660	CARHR123720
OG0007894	Om007G281700	CARHR123660
OG0007895	Om007G281800	CARHR123530
OG0007896	Om005G184630	CARHR006820
OG0007897	Om007G282000	CARHR123370
OG0007898	Om007G283240	CARHR121930
OG0007899	Om007G283250	CARHR121900
OG0007900	Om007G283580	CARHR121420
OG0007901	Om007G283640	CARHR121360
OG0007902	Om007G283770	CARHR121240
OG0007903	Om007G284240	CARHR120590
OG0007904	Om007G285130	CARHR119340
OG0007905	Om007G285410	CARHR118880
OG0007906	Om004G170260	CARHR206180, CARHR285910
OG0007907	Om004G151140	CARHR118390
OG0007908	Om004G149470	CARHR115080
OG0007909	Om001G020210	CARHR235080
OG0007910	Om001G019980	CARHR234770
OG0007911	Om007G300830	CARHR198560
OG0007912	Om002G042610	CARHR075400
OG0007914	Om001G008540	CARHR215800
OG0007915	Om001G017730	CARHR234050
OG0007916	Om002G043020	CARHR075840
OG0007917	Om002G071320, Om002G043070	CARHR075890
OG0007918	Om007G300080	CARHR198040
OG0007919	Om002G043430	CARHR076110
OG0007920	Om002G043670	CARHR076340
OG0007921	Om002G043990	CARHR076670
OG0007922	Om002G044150	CARHR104140, CARHR076810
OG0007923	Om002G044270	CARHR076900
OG0007924	Om002G044550	CARHR077120
OG0007925	Om002G044970	CARHR077460
OG0007926	Om002G045330	CARHR077830
OG0007927	Om002G045820	CARHR078220
OG0007928	Om002G046500	CARHR078930
OG0007929	Om002G046550	CARHR078980
OG0007930	Om002G046760	CARHR079190
OG0007931	Om002G047060	CARHR079410
OG0007932	Om002G046890	CARHR079290
OG0007933	Om002G047170	CARHR079500, CARHR079490
OG0007934	Om002G047250	CARHR079540
OG0007935	Om002G047410	CARHR079670
OG0007936	Om002G047630	CARHR079910
OG0007937	Om002G047580	CARHR079850
OG0007938	Om002G047970, Om007G284010	CARHR080140
OG0007939	Om002G048280	CARHR080420
OG0007940	Om002G048390	CARHR080520
OG0007941	Om002G048610	CARHR080640
OG0007942	Om002G049110	CARHR081010
OG0007943	Om002G049180	CARHR081090
OG0007944	Om002G049190	CARHR081100
OG0007945	Om002G049210	CARHR081120
OG0007946	Om002G049240	CARHR081140
OG0007947	Om002G049250	CARHR081150
OG0007948	Om007G305720	CARHR182860, CARHR182850
OG0007949	Om002G049830	CARHR081720
OG0007950	Om002G050030	CARHR081970
OG0007951	Om002G070410, Om002G050280	CARHR082210
OG0007952	Om002G050440	CARHR082360
OG0007953	Om002G050540	CARHR082460
OG0007954	Om002G050550	CARHR082470
OG0007955	Om002G050750	CARHR082690
OG0007956	Om002G050900	CARHR082800
OG0007957	Om002G051220	CARHR083150
OG0007958	Om008G330410	CARHR135210
OG0007959	Om008G330480, Om008G330470	CARHR135170
OG0007960	Om008G330510	CARHR135140
OG0007961	Om008G330830	CARHR134930
OG0007962	Om008G331150	CARHR134790
OG0007963	Om008G331830, Om003G113720	CARHR134360
OG0007964	Om008G333040	CARHR133530
OG0007966	Om008G337680, Om008G337670	CARHR130340
OG0007967	Om008G337500	CARHR130460
OG0007968	Om008G337080	CARHR130750
OG0007969	Om008G337040	CARHR130780
OG0007970	Om008G336770	CARHR130980
OG0007971	Om008G336410	CARHR131400
OG0007972	Om008G336350	CARHR131430, CARHR131440
OG0007973	Om008G336120	CARHR131590
OG0007974	Om008G335960	CARHR132390
OG0007976	Om008G335150	CARHR131870
OG0007977	Om008G335070	CARHR131790
OG0007978	Om008G334820	CARHR132430
OG0007979	Om008G334380	CARHR132690
OG0007980	Om008G334100	CARHR132840
OG0007981	Om008G333940	CARHR132980
OG0007982	Om008G338090	CARHR130040
OG0007983	Om005G196120	CARHR015940
OG0007984	Om005G197170	CARHR016740
OG0007985	Om005G197690	CARHR017200
OG0007986	Om005G199310	CARHR018430
OG0007987	Om005G199870	CARHR018890
OG0007988	Om005G199740	CARHR018790
OG0007989	Om005G199980	CARHR162310, CARHR018970
OG0007990	Om005G199990	CARHR018990
OG0007991	Om005G200130	CARHR019100
OG0007993	Om005G200440	CARHR019290
OG0007994	Om005G200710	CARHR019490
OG0007995	Om005G201200	CARHR019870
OG0007996	Om005G201220	CARHR019890
OG0007997	Om005G201410	CARHR020020
OG0007998	Om005G201450	CARHR020050
OG0007999	Om005G201910	CARHR020360
OG0008000	Om005G201920	CARHR020370
OG0008001	Om005G202070	CARHR020440
OG0008002	Om005G202320	CARHR020680
OG0008003	Om005G202430	CARHR020790
OG0008004	Om005G202970	CARHR021270
OG0008005	Om004G136060	CARHR070000
OG0008006	Om005G203170	CARHR021450
OG0008007	Om005G203570	CARHR021730
OG0008008	Om005G203700	CARHR021830
OG0008009	Om005G203730	CARHR021850
OG0008011	Om005G200370	CARHR021860
OG0008012	Om005G203910	CARHR021950
OG0008013	Om005G204010	CARHR022010
OG0008014	Om005G204750	CARHR022610
OG0008015	Om005G204800	CARHR022700
OG0008016	Om005G205010	CARHR022870
OG0008017	Om007G301140, Om005G205130	CARHR022990
OG0008018	Om005G205660	CARHR023420
OG0008019	Om004G143790	CARHR023870
OG0008020	Om004G144420	CARHR024210
OG0008021	Om004G144870	CARHR024640
OG0008022	Om004G146810	CARHR025850
OG0008023	Om004G146880	CARHR025860
OG0008024	Om004G147010, Om003G122120, Om003G122130	CARHR025950
OG0008025	Om005G211400	CARHR060840
OG0008026	Om004G147990	CARHR026620
OG0008027	Om004G139200, Om008G333220	CARHR026870
OG0008028	Om002G056770	CARHR026860
OG0008029	Om004G148430	CARHR027030
OG0008031	Om005G181390	CARHR231670
OG0008032	Om004G151290	CARHR033650, CARHR231720
OG0008033	Om004G159560	CARHR231880
OG0008034	Om004G148320	CARHR231960
OG0008035	Om007G285920	CARHR232450
OG0008036	Om007G286010	CARHR232520
OG0008037	Om007G286200	CARHR232660
OG0008038	Om007G286260	CARHR232740
OG0008039	Om007G286290	CARHR232750
OG0008040	Om001G021510	CARHR235540
OG0008041	Om001G021760	CARHR235630
OG0008042	Om004G154530	CARHR294570
OG0008043	Om004G154790	CARHR117310
OG0008044	Om018G373770, Om004G153080	CARHR117780
OG0008045	Om004G152000	CARHR292990
OG0008046	Om004G139740	CARHR067520
OG0008047	Om004G154280	CARHR114050
OG0008048	Om004G154230	CARHR114040
OG0008049	Om004G154210	CARHR114000
OG0008050	Om004G154080	CARHR113820
OG0008051	Om004G154030	CARHR113740
OG0008052	Om004G153520	CARHR113080
OG0008053	Om004G155740	CARHR112910
OG0008054	Om004G155770	CARHR112830
OG0008055	Om004G156060	CARHR112390
OG0008056	Om004G156200	CARHR112170
OG0008057	Om004G156250	CARHR112120, CARHR112130
OG0008058	Om004G156410	CARHR112000
OG0008059	Om005G195760	CARHR015630
OG0008060	Om005G195660	CARHR015560
OG0008062	Om005G195490	CARHR015430
OG0008063	Om005G195280	CARHR015320
OG0008064	Om005G194840	CARHR015100
OG0008065	Om005G194590	CARHR014870
OG0008066	Om005G193890, Om005G193940	CARHR014450
OG0008067	Om005G194010	CARHR014370
OG0008068	Om005G193690	CARHR014110
OG0008069	Om005G192820, Om005G192780	CARHR013500
OG0008070	Om005G192630	CARHR013380
OG0008071	Om005G192620	CARHR013370
OG0008072	Om005G192110	CARHR012920
OG0008073	Om005G191960	CARHR012790
OG0008074	Om005G191860	CARHR012710
OG0008075	Om005G191350	CARHR012380
OG0008076	Om005G191070	CARHR012170
OG0008077	Om005G191050	CARHR012160
OG0008078	Om005G190650	CARHR011910
OG0008079	Om005G190460	CARHR011780
OG0008080	Om005G190420	CARHR011720
OG0008081	Om005G189260	CARHR010780
OG0008082	Om005G188930	CARHR010550
OG0008083	Om005G188710	CARHR010300
OG0008084	Om005G188610	CARHR010230
OG0008085	Om005G188090	CARHR009760
OG0008086	Om006G253250	CARHR164370
OG0008087	Om005G186830	CARHR008710
OG0008088	Om005G186570	CARHR008440
OG0008089	Om005G186590	CARHR008460
OG0008090	Om005G185320	CARHR007310
OG0008091	Om005G184800	CARHR006940
OG0008092	Om005G184560	CARHR006740
OG0008093	Om005G207140	CARHR006180
OG0008094	Om005G184270	CARHR006470
OG0008095	Om005G184130	CARHR006330
OG0008096	Om005G184060	CARHR006170
OG0008098	Om005G183960	CARHR006100
OG0008099	Om008G349320	CARHR005960, CARHR005900
OG0008100	Om005G183550	CARHR005620
OG0008101	Om005G183270	CARHR005390
OG0008102	Om005G183010	CARHR005120
OG0008103	Om005G182240	CARHR004450
OG0008104	Om004G161000	CARHR199720
OG0008105	Om005G181560	CARHR003910
OG0008106	Om005G181690	CARHR003800
OG0008107	Om005G181720	CARHR003770
OG0008108	Om005G181250	CARHR003540
OG0008109	Om005G180480	CARHR002910
OG0008110	Om005G180500	CARHR002930
OG0008111	Om005G180510	CARHR002940
OG0008112	Om005G180540	CARHR002970
OG0008113	Om005G180820	CARHR003150
OG0008114	Om005G180190	CARHR002570
OG0008115	Om005G180070	CARHR002510
OG0008116	Om005G179980	CARHR002460
OG0008117	Om005G179640	CARHR002200
OG0008118	Om005G179180	CARHR001720
OG0008119	Om005G179260, Om005G179270	CARHR001760
OG0008120	Om005G179280	CARHR001770
OG0008121	Om005G179120	CARHR001660
OG0008122	Om005G178770	CARHR001330
OG0008123	Om005G178200	CARHR000700
OG0008124	Om004G157020, Om004G157010	CARHR248020
OG0008125	Om005G177610	CARHR000190
OG0008126	Om007G301320	CARHR198870
OG0008127	Om007G301570	CARHR103230, CARHR199100
OG0008128	Om007G300950	CARHR198600
OG0008129	Om007G300940	CARHR198590
OG0008130	Om007G300790	CARHR198520
OG0008131	Om007G299640	CARHR197730
OG0008132	Om007G299710	CARHR197770
OG0008133	Om007G299720	CARHR197780
OG0008134	Om007G298850	CARHR197180
OG0008135	Om007G298280	CARHR196790
OG0008136	Om007G298240	CARHR196740
OG0008137	Om007G298180	CARHR196700
OG0008138	Om007G298060	CARHR196580
OG0008139	Om007G297560	CARHR196220
OG0008140	Om007G297070	CARHR195760
OG0008141	Om007G296650	CARHR195470
OG0008142	Om007G296450	CARHR195320
OG0008143	Om007G296440	CARHR195310
OG0008145	Om007G296040	CARHR194830
OG0008146	Om007G295830	CARHR194580
OG0008147	Om007G295810	CARHR194560
OG0008149	Om007G295360	CARHR194300
OG0008150	Om007G295200	CARHR194170
OG0008151	Om007G295150	CARHR193950
OG0008152	Om007G294990	CARHR193940
OG0008153	Om007G294940	CARHR193900
OG0008154	Om007G294870	CARHR193800
OG0008155	Om007G294690	CARHR193620
OG0008156	Om007G294680	CARHR187140
OG0008157	Om007G294630	CARHR187070
OG0008158	Om007G294620	CARHR187060
OG0008159	Om007G294490	CARHR186990
OG0008160	Om007G294250	CARHR186680
OG0008161	Om007G294010	CARHR186320
OG0008162	Om007G293900	CARHR186260
OG0008163	Om007G293710	CARHR186140
OG0008164	Om007G293550	CARHR185970
OG0008165	Om007G303470	CARHR185550
OG0008166	Om007G304140	CARHR182620
OG0008167	Om007G303970	CARHR182420
OG0008168	Om007G305850, Om009G362980	CARHR182910
OG0008170	Om004G160950	CARHR199680
OG0008171	Om009G364200, Om007G307200	CARHR183470
OG0008172	Om004G161130	CARHR199790
OG0008173	Om004G161240	CARHR199870
OG0008174	Om004G161320	CARHR199930
OG0008175	Om004G169550	CARHR206120
OG0008176	Om004G169950	CARHR206440, CARHR206450
OG0008177	Om004G170180	CARHR206670
OG0008178	Om004G170220	CARHR206720
OG0008179	Om004G170430	CARHR207040
OG0008180	Om004G171940, Om001G002990	CARHR208080
OG0008181	Om004G172740	CARHR208720
OG0008182	Om004G172770	CARHR208740
OG0008183	Om006G241100	CARHR193610
OG0008184	Om006G240100	CARHR188090
OG0008185	Om006G239740	CARHR188420
OG0008186	Om006G239360	CARHR188780
OG0008187	Om006G239320	CARHR188820
OG0008188	Om006G239290	CARHR188850
OG0008189	Om006G238980	CARHR189120
OG0008190	Om006G238790	CARHR189350
OG0008191	Om006G238320	CARHR189780
OG0008192	Om006G238250	CARHR189840
OG0008193	Om006G237990	CARHR190060
OG0008194	Om005G211650	CARHR060650
OG0008195	Om006G237650	CARHR190350
OG0008196	Om006G237570	CARHR190430
OG0008197	Om006G237540	CARHR190450
OG0008198	Om004G167960	CARHR274630
OG0008199	Om006G236740	CARHR275140
OG0008200	Om006G236420	CARHR275460
OG0008201	Om006G236210	CARHR275620
OG0008202	Om006G235680	CARHR276050
OG0008203	Om006G235660	CARHR276070
OG0008204	Om006G235590	CARHR276170
OG0008205	Om006G235410	CARHR276300
OG0008206	Om006G235350	CARHR276340
OG0008207	Om006G235050	CARHR276530
OG0008208	Om006G234840	CARHR276750
OG0008209	Om006G234640	CARHR276920
OG0008210	Om006G247660	CARHR272340
OG0008211	Om006G247670	CARHR272330
OG0008212	Om006G247740	CARHR272280
OG0008213	Om006G257590	CARHR160750
OG0008214	Om006G257660	CARHR160720
OG0008215	Om006G257680	CARHR160670
OG0008216	Om006G258160	CARHR160370
OG0008217	Om006G258450, Om006G258570	CARHR160070
OG0008218	Om006G259250	CARHR159110
OG0008219	Om006G260260	CARHR158550
OG0008220	Om006G260270	CARHR158540
OG0008221	Om006G260590	CARHR158100
OG0008223	Om006G266930	CARHR154920
OG0008224	Om006G236190	CARHR151530
OG0008225	Om005G220200, Om003G117960, Om005G220170, Om004G155380, Om005G220190	CARHR149720
OG0008227	Om005G212070	CARHR060300
OG0008228	Om005G212090	CARHR060280
OG0008229	Om005G212140, Om005G212130	CARHR060260
OG0008230	Om005G212220	CARHR060170
OG0008231	Om005G212270	CARHR060130
OG0008232	Om008G339550	CARHR129020
OG0008233	Om001G036820	CARHR059930
OG0008234	Om005G211850	CARHR060490
OG0008235	Om005G212490	CARHR059860
OG0008236	Om005G209990	CARHR061780
OG0008237	Om005G209960	CARHR061790
OG0008238	Om005G209900	CARHR061880
OG0008239	Om005G208620	CARHR062920
OG0008240	Om004G145030	CARHR024810
OG0008241	Om002G069850, Om006G260960	CARHR097680
OG0008242	Om005G208180	CARHR063240
OG0008243	Om005G208160	CARHR063250
OG0008244	Om005G208050, Om005G208060	CARHR063350
OG0008245	Om005G207840	CARHR063530
OG0008246	Om005G207780	CARHR063600
OG0008247	Om005G206830	CARHR064300
OG0008248	Om005G206510	CARHR064590
OG0008249	Om005G205920	CARHR290940
OG0008250	Om004G142930	CARHR065040
OG0008251	Om004G133760	CARHR071600
OG0008252	Om004G133870	CARHR071580
OG0008253	Om004G133910	CARHR071560
OG0008254	Om004G134170	CARHR071330
OG0008255	Om004G134240	CARHR071300
OG0008256	Om004G134780	CARHR070990
OG0008257	Om004G135090	CARHR070670
OG0008258	Om004G135210, Om004G135800	CARHR070580
OG0008259	Om004G135470	CARHR070410
OG0008260	Om004G136010	CARHR070040
OG0008261	Om004G136930	CARHR069600
OG0008262	Om004G136850	CARHR069510
OG0008263	Om004G137330	CARHR069230
OG0008264	Om004G137340	CARHR069220
OG0008265	Om004G137620	CARHR069070
OG0008266	Om004G138410	CARHR069010
OG0008267	Om004G138240	CARHR068910
OG0008268	Om006G235220, Om004G137750	CARHR068530
OG0008269	Om004G138680	CARHR068260
OG0008270	Om004G139000	CARHR068050, CARHR103880
OG0008271	Om004G139610	CARHR067630
OG0008272	Om004G140000, Om004G139990	CARHR067260
OG0008273	Om004G140280, Om006G260530	CARHR067050
OG0008274	Om004G140430	CARHR066930
OG0008275	Om004G140500	CARHR066870
OG0008276	Om004G140770	CARHR066750
OG0008277	Om004G141130	CARHR066480
OG0008278	Om004G141220	CARHR066410
OG0008279	Om004G141850	CARHR066090
OG0008280	Om004G141970	CARHR065990
OG0008281	Om004G142470	CARHR065450
OG0008282	Om004G142830	CARHR065110
OG0008283	Om004G132210	CARHR072710
OG0008284	Om004G131700	CARHR073140
OG0008285	Om004G131410	CARHR073370
OG0008286	Om004G131310	CARHR073500, CARHR153930
OG0008287	Om004G130970	CARHR073730
OG0008288	Om004G130830	CARHR073880
OG0008289	Om004G130560	CARHR074050
OG0008290	Om078G377240, Om004G130300	CARHR074160
OG0008292	Om004G130050	CARHR074370
OG0008293	Om004G129660	CARHR074620
OG0008294	Om002G056480	CARHR087210
OG0008295	Om002G057000	CARHR087610
OG0008296	Om002G057040	CARHR087650
OG0008297	Om002G057360	CARHR087890
OG0008298	Om002G057660, Om005G182710	CARHR088090
OG0008299	Om002G058430	CARHR088690
OG0008300	Om006G240480	CARHR187650
OG0008301	Om002G058480	CARHR088720
OG0008302	Om002G058510, Om002G058340	CARHR088750
OG0008304	Om002G058810	CARHR088970
OG0008305	Om002G058870	CARHR089000, CARHR089020
OG0008306	Om002G058930	CARHR089070
OG0008307	Om002G059020	CARHR089150
OG0008308	Om002G060030	CARHR089830
OG0008309	Om002G060260	CARHR090050
OG0008310	Om002G060490	CARHR090250
OG0008311	Om002G060520	CARHR090280
OG0008312	Om003G094050	CARHR042920
OG0008313	Om002G061550	CARHR090990
OG0008314	Om002G062190	CARHR091450
OG0008315	Om002G062270	CARHR091510
OG0008316	Om002G063080	CARHR091990
OG0008317	Om002G063770	CARHR092490
OG0008318	Om002G063980	CARHR092690
OG0008319	Om002G064530	CARHR093150
OG0008320	Om002G064690	CARHR093280
OG0008321	Om002G065220, Om001G024660	CARHR093650
OG0008322	Om002G065720	CARHR094040, CARHR283750
OG0008323	Om002G065740	CARHR094060
OG0008324	Om002G065830	CARHR094150
OG0008325	Om002G066380	CARHR094520
OG0008326	Om002G066810	CARHR094890
OG0008327	Om002G066860	CARHR094920
OG0008328	Om002G067820	CARHR095710
OG0008329	Om006G253050	CARHR164540
OG0008330	Om002G068410	CARHR096370
OG0008331	Om003G101840	CARHR221910
OG0008332	Om002G070710	CARHR098320
OG0008333	Om002G071670	CARHR099000
OG0008334	Om002G072080	CARHR099260
OG0008335	Om002G073210	CARHR100090
OG0008336	Om002G073390	CARHR100330
OG0008337	Om007G288570	CARHR101480
OG0008338	Om003G113870	CARHR265590
OG0008339	Om002G085220	CARHR108760
OG0008340	Om002G081330	CARHR105660
OG0008341	Om002G081850	CARHR105960
OG0008342	Om002G082010	CARHR106200
OG0008343	Om002G082390	CARHR106580, CARHR106560
OG0008344	Om002G082620	CARHR106850
OG0008345	Om002G083180	CARHR107200, CARHR107170
OG0008346	Om002G083420	CARHR107350
OG0008347	Om002G084000	CARHR107580
OG0008348	Om002G084070	CARHR107620
OG0008349	Om002G084090	CARHR107650
OG0008350	Om002G084430	CARHR108130
OG0008351	Om002G086010	CARHR109220
OG0008352	Om002G085910, Om002G085920, Om002G085930	CARHR109160
OG0008353	Om002G086140	CARHR109340
OG0008354	Om002G086840	CARHR292530
OG0008355	Om002G087280	CARHR110050
OG0008357	Om003G089770	CARHR045630
OG0008358	Om003G089870	CARHR045540
OG0008359	Om003G090590	CARHR044980
OG0008360	Om008G362860	CARHR173610
OG0008361	Om003G090700	CARHR044910
OG0008362	Om003G091890	CARHR044210
OG0008363	Om003G091920	CARHR044190
OG0008364	Om003G092680	CARHR043840
OG0008365	Om003G092810	CARHR043720
OG0008366	Om003G092930, Om003G092980	CARHR043570
OG0008367	Om003G093390	CARHR043420
OG0008369	Om003G093460	CARHR043360
OG0008370	Om003G093620	CARHR043270, CARHR258470
OG0008371	Om003G094960	CARHR042240
OG0008372	Om003G095260	CARHR042090
OG0008373	Om003G095550	CARHR041860
OG0008374	Om003G095930	CARHR041560
OG0008375	Om003G096820	CARHR040660
OG0008376	Om003G097270	CARHR040350
OG0008377	Om003G097350	CARHR040290
OG0008378	Om003G098500	CARHR039240
OG0008379	Om003G098850	CARHR039030
OG0008380	Om003G100240	CARHR222550
OG0008381	Om003G100430	CARHR290740
OG0008382	Om008G339440	CARHR129060
OG0008383	Om008G339580	CARHR128990
OG0008384	Om008G339660	CARHR128950
OG0008385	Om006G256640	CARHR161560
OG0008386	Om006G256440	CARHR161870
OG0008387	Om006G256240	CARHR162030
OG0008388	Om006G256040	CARHR162150
OG0008389	Om006G255620	CARHR162610
OG0008390	Om006G255410	CARHR162760
OG0008391	Om006G254510	CARHR163440
OG0008392	Om006G254400	CARHR163550
OG0008393	Om006G254240	CARHR163680
OG0008394	Om006G254100	CARHR163810
OG0008395	Om006G253900	CARHR164000
OG0008396	Om006G256890	CARHR161380
OG0008397	Om006G253490	CARHR164240
OG0008398	Om006G253390	CARHR164250
OG0008399	Om006G252960	CARHR164640
OG0008400	Om006G253540	CARHR164220
OG0008401	Om006G252990	CARHR164610
OG0008402	Om008G340600, Om006G252650	CARHR164930
OG0008403	Om006G251950	CARHR165440
OG0008404	Om006G251860	CARHR165560, CARHR163150
OG0008405	Om006G250980	CARHR166120
OG0008406	Om003G119410	CARHR166600
OG0008407	Om003G119960	CARHR167140
OG0008408	Om003G120800	CARHR167950
OG0008409	Om003G121590	CARHR168530
OG0008410	Om003G122170	CARHR168840
OG0008411	Om003G122390	CARHR169020
OG0008412	Om003G122420	CARHR169030
OG0008413	Om003G122500	CARHR169090
OG0008414	Om003G122560	CARHR169150
OG0008415	Om003G122660	CARHR169250
OG0008416	Om003G122670	CARHR169260
OG0008417	Om008G326050	CARHR137950
OG0008418	Om007G316510	CARHR261990
OG0008419	Om003G123660	CARHR169790
OG0008420	Om003G123770	CARHR169890
OG0008421	Om003G123790	CARHR169910
OG0008422	Om003G123940	CARHR170040
OG0008423	Om003G124000	CARHR170080
OG0008424	Om003G124150	CARHR170160
OG0008425	Om003G124610	CARHR170420
OG0008426	Om003G124780	CARHR170520
OG0008427	Om003G125010	CARHR170700
OG0008428	Om003G125550	CARHR170960
OG0008430	Om003G127140	CARHR172100
OG0008431	Om003G127450	CARHR172290
OG0008432	Om003G127480	CARHR172320
OG0008433	Om003G127690	CARHR172420
OG0008434	Om003G127780	CARHR172520
OG0008435	Om003G127750	CARHR172480
OG0008437	Om003G128650	CARHR173190
OG0008438	Om003G128700	CARHR173230
OG0008439	Om003G128890	CARHR173410
OG0008440	Om003G129100	CARHR291700
OG0008441	Om003G091340	CARHR044520
OG0008445	Om008G358930	CARHR176110
OG0008446	Om008G353060, Om008G353050	CARHR253880
OG0008447	Om008G334120	CARHR132830
OG0008448	Om005G224090	CARHR050120, CARHR050340
OG0008450	Om004G142660	CARHR065270
OG0008451	Om005G205750	CARHR286270
OG0008452	Om001G022600	CARHR236150, CARHR236140
OG0008453	Om001G028660	CARHR239860
OG0008454	Om001G031200	CARHR241710
OG0008455	Om001G029180	CARHR240200
OG0008456	Om005G184320	CARHR006520
OG0008457	Om005G186080, Om001G005470	CARHR007970, CARHR007960
OG0008458	Om005G187460	CARHR009330
OG0008459	Om005G189860	CARHR011260
OG0008460	Om005G192310	CARHR259690
OG0008461	Om005G195590	CARHR144030
OG0008462	Om004G143040, Om005G200210	CARHR064990
OG0008464	Om005G210980	CARHR061180
OG0008465	Om005G211030	CARHR061080
OG0008466	Om005G213280	CARHR058970
OG0008468	Om002G054520	CARHR085740
OG0008469	Om004G174690	CARHR210170
OG0008470	Om007G277990, Om007G277980	CARHR180140, CARHR180160
OG0008471	Om007G283520	CARHR154080, CARHR121550
OG0008472	Om007G303480	CARHR180480
OG0008473	Om007G313160	CARHR038470
OG0008474	Om006G273580	CARHR146230
OG0008475	Om003G114120	CARHR265850
OG0008476	Om006G248440	CARHR271600
OG0008477	Om006G244210	CARHR190830
OG0008478	Om006G239840	CARHR188330
OG0008479	Om006G235530	CARHR276230
OG0008480	Om006G231210	CARHR279870
OG0008483	Om002G081200	CARHR104960
OG0008487	Om008G338380	CARHR129810
OG0008492	Om004G159600	CARHR184710
OG0008504	Om001G022300	CARHR235970
OG0008505	Om001G023130	CARHR236420
OG0008506	Om001G023430	CARHR236620
OG0008507	Om001G023670	CARHR236730
OG0008508	Om001G023800	CARHR236810
OG0008509	Om001G025130	CARHR237800
OG0008510	Om001G025150, Om003G120180	CARHR237820
OG0008511	Om001G025170	CARHR237840
OG0008512	Om001G025210	CARHR237860
OG0008513	Om001G025410	CARHR237950
OG0008514	Om001G025760	CARHR238140
OG0008515	Om001G025980	CARHR238230
OG0008516	Om001G026120	CARHR238310
OG0008517	Om001G026220	CARHR238340
OG0008518	Om006G241510	CARHR193000
OG0008519	Om001G026840	CARHR238680
OG0008520	Om001G026870	CARHR238710
OG0008521	Om001G027770	CARHR239280
OG0008522	Om001G027990	CARHR239440
OG0008523	Om001G028330	CARHR239650
OG0008524	Om001G028480	CARHR239750
OG0008525	Om001G028570	CARHR239810
OG0008526	Om007G278350, Om001G028960	CARHR240090
OG0008527	Om001G029060	CARHR240160
OG0008528	Om001G029190	CARHR240190
OG0008529	Om001G029600	CARHR240620
OG0008530	Om001G030160	CARHR240960
OG0008531	Om001G030050	CARHR240930
OG0008532	Om001G030140	CARHR240940
OG0008533	Om001G030500	CARHR241210
OG0008534	Om001G025900, Om001G029720	CARHR240680
OG0008535	Om001G030670	CARHR241380
OG0008536	Om001G030680	CARHR241390
OG0008537	Om001G030690	CARHR241400
OG0008538	Om001G030790	CARHR241470
OG0008540	Om001G032430	CARHR242540
OG0008541	Om001G031970	CARHR242210
OG0008542	Om001G031800	CARHR242080
OG0008543	Om001G032710	CARHR242340
OG0008544	Om001G032750	CARHR242310
OG0008545	Om001G032860	CARHR242880
OG0008546	Om001G033220	CARHR243030
OG0008547	Om001G033510	CARHR243210
OG0008548	Om007G292030	CARHR030760
OG0008549	Om007G292420	CARHR031070
OG0008550	Om004G135010, Om007G292520	CARHR031150
OG0008551	Om007G292740	CARHR031300
OG0008552	Om007G277070	CARHR031560
OG0008553	Om007G276860	CARHR031810, CARHR031820
OG0008554	Om007G276450	CARHR223650
OG0008555	Om007G276400	CARHR223600
OG0008556	Om007G276040	CARHR223160
OG0008557	Om005G191530	CARHR012500
OG0008558	Om005G216140	CARHR055770
OG0008559	Om005G216160	CARHR055820
OG0008560	Om005G218530, Om011G366010	CARHR055170
OG0008561	Om001G030280	CARHR241040
OG0008562	Om005G218760	CARHR053800
OG0008563	Om005G188240	CARHR009920
OG0008564	Om005G219190	CARHR283980, CARHR284110
OG0008565	Om005G220290	CARHR052970
OG0008566	Om005G220380	CARHR052890
OG0008567	Om005G221550, Om005G221540	CARHR051740
OG0008568	Om005G221430	CARHR051680
OG0008569	Om002G073170	CARHR100050
OG0008570	Om005G222230	CARHR051520
OG0008571	Om005G222760	CARHR051340
OG0008572	Om005G222860	CARHR051300
OG0008574	Om005G223260	CARHR050730
OG0008575	Om005G223290	CARHR050690
OG0008576	Om005G190660, Om005G223900	CARHR050470
OG0008577	Om005G191040	CARHR012150
OG0008578	Om005G195850	CARHR015700
OG0008579	Om006G275180	CARHR144180
OG0008580	Om002G086990	CARHR144360
OG0008581	Om006G274940	CARHR144510
OG0008582	Om006G274700	CARHR283560
OG0008583	Om006G274390	CARHR145280
OG0008584	Om006G273880	CARHR145840
OG0008585	Om006G273660	CARHR146120
OG0008586	Om006G273360	CARHR146580
OG0008588	Om006G272830	CARHR146910
OG0008589	Om006G272660	CARHR147090
OG0008590	Om006G272360	CARHR147500
OG0008591	Om006G272180	CARHR147680
OG0008592	Om006G271900	CARHR147980
OG0008593	Om006G271880	CARHR148000
OG0008594	Om006G271610	CARHR148360
OG0008595	Om006G271390	CARHR148520
OG0008596	Om006G271320, Om001G021260	CARHR040910
OG0008597	Om006G270940	CARHR149240
OG0008598	Om006G270930	CARHR149260
OG0008599	Om006G270460	CARHR292560
OG0008600	Om006G270470	CARHR292520
OG0008601	Om006G270820	CARHR151750
OG0008602	Om006G270730	CARHR151840, CARHR255770
OG0008603	Om006G269640	CARHR151870
OG0008605	Om001G002970	CARHR154090
OG0008606	Om005G213770	CARHR058210
OG0008607	Om003G091960, Om005G185440	CARHR057990
OG0008608	Om005G214640	CARHR057510
OG0008609	Om005G215170	CARHR057060
OG0008610	Om005G228900, Om001G018280	CARHR046210
OG0008611	Om005G228850	CARHR046280
OG0008612	Om005G228450	CARHR046540
OG0008613	Om005G228380	CARHR046570
OG0008614	Om005G227760	CARHR046850
OG0008615	Om005G227230	CARHR046980
OG0008616	Om005G226980	CARHR047280, CARHR047310
OG0008617	Om005G226120	CARHR048150
OG0008618	Om005G226130	CARHR048140
OG0008619	Om005G225580	CARHR048620
OG0008620	Om004G165100, Om005G224970	CARHR049250
OG0008621	Om002G056430	CARHR087160
OG0008622	Om006G249290	CARHR271250
OG0008623	Om008G328440	CARHR136320
OG0008624	Om008G328850	CARHR136100
OG0008625	Om008G328700	CARHR136180
OG0008626	Om002G051840	CARHR083680
OG0008627	Om004G174060	CARHR209670
OG0008628	Om002G053100	CARHR084740
OG0008629	Om002G053780	CARHR085260
OG0008630	Om002G054060	CARHR085450
OG0008631	Om002G054250	CARHR085540
OG0008632	Om002G054960	CARHR086040
OG0008633	Om002G055020	CARHR086090
OG0008634	Om002G055470	CARHR086420
OG0008635	Om002G055550	CARHR086510
OG0008636	Om002G055590	CARHR086520
OG0008637	Om002G055800	CARHR086730
OG0008638	Om002G056080	CARHR086890
OG0008639	Om003G109510	CARHR258800
OG0008640	Om003G111230	CARHR258180
OG0008641	Om002G055580	CARHR258040, CARHR229310
OG0008643	Om003G111620	CARHR257390
OG0008644	Om003G111590	CARHR257360
OG0008645	Om003G112000	CARHR257090
OG0008646	Om003G112880	CARHR264540
OG0008647	Om003G112950	CARHR264680
OG0008649	Om003G114150	CARHR265910
OG0008650	Om003G114580	CARHR266240
OG0008651	Om003G114340	CARHR266090
OG0008652	Om003G114290	CARHR266040
OG0008653	Om003G115050	CARHR266620
OG0008654	Om003G115070	CARHR266640
OG0008655	Om003G115140	CARHR266700
OG0008656	Om003G115160	CARHR266720
OG0008657	Om003G115740	CARHR267310
OG0008658	Om003G115370	CARHR266920
OG0008659	Om003G115890	CARHR267420
OG0008660	Om003G115960	CARHR267570
OG0008661	Om003G116040	CARHR267640
OG0008662	Om003G116760	CARHR268320
OG0008663	Om003G116980	CARHR268470
OG0008664	Om003G117060	CARHR268570
OG0008665	Om003G117560	CARHR268850
OG0008666	Om003G117640	CARHR268920
OG0008667	Om003G117650	CARHR268930
OG0008668	Om003G118350	CARHR269480
OG0008669	Om003G118750	CARHR269780
OG0008670	Om003G118790	CARHR269800
OG0008671	Om006G250450	CARHR270230
OG0008672	Om006G250280	CARHR270490
OG0008673	Om006G250250	CARHR270510
OG0008674	Om006G249900	CARHR270710
OG0008675	Om006G249710	CARHR270880
OG0008676	Om006G249630	CARHR270970
OG0008677	Om006G249500	CARHR271100
OG0008678	Om006G249050	CARHR271390
OG0008679	Om006G248420	CARHR271660
OG0008680	Om006G248170	CARHR271840
OG0008681	Om006G248160	CARHR271850
OG0008682	Om007G312900	CARHR184350
OG0008683	Om007G313190	CARHR284360
OG0008684	Om007G313110	CARHR291780
OG0008685	Om004G161540	CARHR200140
OG0008686	Om004G161560	CARHR200160
OG0008687	Om004G161830	CARHR200370
OG0008688	Om004G161900	CARHR200400
OG0008689	Om004G161920	CARHR200410
OG0008690	Om004G161980	CARHR200460
OG0008691	Om004G162370	CARHR200770
OG0008692	Om004G162380	CARHR200780
OG0008693	Om004G162580	CARHR200930
OG0008694	Om004G162890	CARHR201170
OG0008695	Om004G163120	CARHR201310
OG0008696	Om004G163160	CARHR201340
OG0008697	Om005G196780, Om004G163260	CARHR201450
OG0008698	Om004G164010	CARHR201950
OG0008699	Om004G164990	CARHR202590
OG0008700	Om004G165380	CARHR202810
OG0008701	Om004G165590	CARHR202930
OG0008702	Om004G165870	CARHR203140
OG0008703	Om004G166270	CARHR203460
OG0008704	Om004G166480	CARHR203710
OG0008705	Om004G166640	CARHR203780, CARHR069360
OG0008706	Om004G166940	CARHR204060
OG0008707	Om004G167260	CARHR204360
OG0008708	Om004G167290	CARHR204380
OG0008709	Om004G167550	CARHR204620
OG0008710	Om004G167810	CARHR204930
OG0008711	Om004G168110	CARHR205240
OG0008712	Om004G168190	CARHR205280
OG0008713	Om004G168310	CARHR205360
OG0008714	Om004G168560	CARHR205570
OG0008715	Om001G000060	CARHR223830
OG0008716	Om001G000620	CARHR224370
OG0008717	Om001G000660	CARHR224420
OG0008718	Om001G000890	CARHR224510
OG0008719	Om001G000930	CARHR224530
OG0008720	Om001G000940	CARHR224540
OG0008721	Om001G001100	CARHR224680
OG0008723	Om001G002820	CARHR225610
OG0008724	Om008G358220	CARHR176660
OG0008725	Om001G003570	CARHR226010
OG0008726	Om001G003640	CARHR226040
OG0008727	Om001G004100	CARHR226210
OG0008728	Om001G004190	CARHR226290
OG0008729	Om003G120630, Om001G004320	CARHR226350
OG0008730	Om001G005360	CARHR226780
OG0008731	Om001G005410	CARHR226820
OG0008732	Om001G005600	CARHR227010
OG0008734	Om001G006620	CARHR227600, CARHR036340
OG0008735	Om001G006910	CARHR227780
OG0008737	Om004G165300	CARHR228600
OG0008738	Om001G009230	CARHR229490
OG0008739	Om008G352910	CARHR254010
OG0008740	Om001G009450	CARHR229680
OG0008741	Om001G009730	CARHR229900
OG0008742	Om006G273000, Om001G009880	CARHR230040
OG0008743	Om001G009920	CARHR230070
OG0008744	Om001G010100	CARHR230180
OG0008745	Om001G010640	CARHR230810
OG0008746	Om005G207650	CARHR063710
OG0008747	Om001G011210	CARHR231280
OG0008748	Om008G347670	CARHR256280
OG0008749	Om001G012370	CARHR032960
OG0008750	Om001G012950, Om001G012880, Om001G012800	CARHR033550
OG0008751	Om001G013230	CARHR033730
OG0008752	Om001G013340	CARHR033790
OG0008753	Om001G013500	CARHR033980
OG0008754	Om001G014030	CARHR034240
OG0008755	Om001G015240	CARHR036010
OG0008756	Om008G321100	CARHR035950
OG0008757	Om007G287410	CARHR134170
OG0008758	Om007G287570	CARHR036270
OG0008759	Om007G288190	CARHR027360
OG0008760	Om007G288620	CARHR027770
OG0008761	Om004G141210	CARHR066420
OG0008762	Om007G289540	CARHR028560
OG0008763	Om007G289570	CARHR028600
OG0008764	Om007G290190	CARHR029120
OG0008765	Om007G291320	CARHR030130
OG0008766	Om007G291550	CARHR030290
OG0008767	Om007G291620	CARHR030350
OG0008768	Om007G291700	CARHR030510
OG0008769	Om001G035090	CARHR244060
OG0008770	Om001G035190	CARHR244100
OG0008771	Om001G035600	CARHR244380
OG0008772	Om001G036250	CARHR244830
OG0008774	Om001G037230	CARHR245440
OG0008775	Om001G037410	CARHR245530
OG0008776	Om001G037630	CARHR245590
OG0008777	Om001G037720	CARHR245630
OG0008778	Om001G038760	CARHR246200
OG0008779	Om001G038780	CARHR246220
OG0008780	Om001G039170	CARHR246450
OG0008782	Om001G039350	CARHR246550
OG0008783	Om001G039730	CARHR246860
OG0008784	Om001G040550	CARHR247430
OG0008785	Om001G021050	CARHR235340
OG0008786	Om007G313540	CARHR216490, CARHR257530
OG0008787	Om007G313740	CARHR216220
OG0008788	Om007G314550	CARHR214480
OG0008790	Om007G315290	CARHR263190
OG0008791	Om007G291690	CARHR030500
OG0008792	Om004G171330, Om004G171300, Om004G171320	CARHR207650
OG0008793	Om007G277130	CARHR031490
OG0008794	Om008G338300	CARHR129900
OG0008795	Om008G343190	CARHR260460
OG0008796	Om008G340590	CARHR128040
OG0008798	Om008G341550	CARHR181050
OG0008799	Om008G341830	CARHR181240
OG0008800	Om008G321700	CARHR140980
OG0008801	Om002G059240	CARHR284700
OG0008802	Om008G347710	CARHR256270
OG0008803	Om004G150640, Om008G350960	CARHR255410
OG0008804	Om008G352270	CARHR254250
OG0008805	Om008G351990	CARHR254050
OG0008806	Om008G353160	CARHR253810
OG0008807	Om008G353240	CARHR253780
OG0008808	Om008G353490	CARHR253590
OG0008809	Om008G354390	CARHR287730, CARHR284670, CARHR287720, CARHR252720
OG0008810	Om008G355150	CARHR252400
OG0008811	Om008G355230	CARHR227820
OG0008812	Om008G356190	CARHR178600
OG0008813	Om008G356230	CARHR178560
OG0008814	Om008G356790	CARHR178170
OG0008815	Om008G357350, Om008G357370	CARHR177680
OG0008816	Om008G358100	CARHR176750
OG0008817	Om008G358910	CARHR176130
OG0008818	Om008G358990	CARHR176060
OG0008819	Om008G361420	CARHR174770
OG0008820	Om008G361470	CARHR174720
OG0008821	Om008G361840	CARHR174450
OG0008822	Om008G362840	CARHR173630
OG0008823	Om008G362850	CARHR173620
OG0008824	Om003G106180	CARHR217810
OG0008825	Om008G340160	CARHR218150
OG0008826	Om003G104390, Om003G104370	CARHR218630
OG0008827	Om003G104320	CARHR218700, CARHR126310
OG0008829	Om002G073410	CARHR100350
OG0008830	Om003G103330	CARHR220270
OG0008831	Om003G103200	CARHR220470
OG0008833	Om003G102450	CARHR221250
OG0008834	Om003G101900	CARHR221880
OG0008835	Om003G101830	CARHR221920
OG0008836	Om003G101490	CARHR222230
OG0008837	Om003G101410	CARHR222330
OG0008838	Om007G316730	CARHR261850
OG0008839	Om008G333270	CARHR213350
OG0008840	Om007G317230	CARHR261350
OG0008841	Om007G317930	CARHR213270
OG0008842	Om007G317910	CARHR213290
OG0008843	Om007G318250, Om002G077370	CARHR287630
OG0008844	Om007G318390	CARHR212680
OG0008845	Om007G318480	CARHR212590
OG0008846	Om008G318740	CARHR143410
OG0008847	Om008G318820	CARHR143330
OG0008848	Om008G318860	CARHR143290
OG0008849	Om008G320400	CARHR142060
OG0008850	Om008G320570	CARHR141970
OG0008851	Om008G320740	CARHR141840
OG0008852	Om008G321180	CARHR141440
OG0008853	Om008G321270	CARHR141340
OG0008854	Om008G321660	CARHR141000
OG0008855	Om008G322180	CARHR140610
OG0008856	Om008G322370	CARHR140420
OG0008857	Om008G322540	CARHR140360
OG0008858	Om008G322670	CARHR140300
OG0008859	Om003G124800	CARHR170530
OG0008860	Om008G323890	CARHR139350
OG0008861	Om008G324020	CARHR139220
OG0008862	Om008G324070	CARHR139190
OG0008863	Om008G324090, Om008G324100	CARHR139170
OG0008864	Om008G324480	CARHR138990
OG0008865	Om008G325390	CARHR138390
OG0008866	Om008G325740	CARHR138120
OG0008867	Om003G123190	CARHR169510
OG0008868	Om008G326290	CARHR057620
OG0008869	Om008G326710	CARHR137470
OG0008870	Om008G326750	CARHR137440, CARHR269810
OG0008871	Om008G326780	CARHR137410
OG0008872	Om004G163340, Om004G163310, Om004G163320	CARHR201500
OG0008873	Om008G327560	CARHR136940
OG0008874	Om008G327340	CARHR136810
OG0008875	Om008G327940	CARHR136590
OG0008876	Om008G327960	CARHR136580
OG0008877	Om004G176650	CARHR211700
OG0008878	Om004G176500	CARHR211600
OG0008879	Om004G176440	CARHR211550
OG0008880	Om004G176250	CARHR211420
OG0008881	Om004G175690	CARHR210980
OG0008882	Om004G175300	CARHR210630
OG0008883	Om004G174700	CARHR210180
OG0008884	Om004G173940	CARHR209630
OG0008885	Om004G173810	CARHR209540
OG0008886	Om004G173620	CARHR209360
OG0008887	Om004G173210	CARHR209060
OG0008888	Om006G241060	CARHR193570
OG0008889	Om006G241240	CARHR193300
OG0008890	Om006G241180	CARHR193260
OG0008891	Om006G241350	CARHR193170
OG0008892	Om006G241850	CARHR192700
OG0008893	Om006G241860	CARHR192680
OG0008894	Om006G241370	CARHR233770, CARHR193150
OG0008895	Om006G242230	CARHR192290
OG0008896	Om006G237370	CARHR274550
OG0008897	Om006G242730	CARHR191910
OG0008898	Om006G242780	CARHR191890
OG0008899	Om006G243030	CARHR191710
OG0008900	Om006G243090, Om001G001950	CARHR191650
OG0008901	Om006G243210	CARHR191620
OG0008902	Om006G243340	CARHR191500
OG0008903	Om006G243750	CARHR191190
OG0008904	Om006G243780	CARHR191140
OG0008905	Om006G244310	CARHR190720
OG0008906	Om006G244540	CARHR190530
OG0008907	Om006G244630	CARHR274380
OG0008908	Om006G245200	CARHR273890, CARHR118670
OG0008909	Om006G233680	CARHR277790
OG0008911	Om006G245490	CARHR273580
OG0008912	Om006G245600	CARHR273470
OG0008913	Om006G245710	CARHR273370
OG0008914	Om006G245740	CARHR273340
OG0008915	Om006G246650	CARHR285400
OG0008916	Om006G246750	CARHR285320
OG0008917	Om006G245980	CARHR266600
OG0008917	Om006G245970	CARHR273020
OG0008918	Om006G246500	CARHR285580
OG0008919	Om006G246860	CARHR285240
OG0008920	Om006G247030	CARHR285200
OG0008921	Om006G247100	CARHR272870
OG0008922	Om006G233800	CARHR277690
OG0008923	Om006G233740	CARHR277740
OG0008924	Om005G186160	CARHR008050
OG0008925	Om006G233610	CARHR277850
OG0008927	Om006G233160	CARHR278260
OG0008928	Om006G232770	CARHR278610
OG0008929	Om006G232610	CARHR278760
OG0008930	Om006G232300	CARHR293750
OG0008932	Om006G232140	CARHR279050
OG0008933	Om006G231140	CARHR279940
OG0008934	Om006G230990	CARHR280040
OG0008935	Om006G230780	CARHR280220
OG0008936	Om006G230600	CARHR280350
OG0008937	Om006G230210	CARHR280750
OG0008938	Om006G229990	CARHR280900
OG0008939	Om006G229970	CARHR280920
OG0008940	Om006G229840	CARHR281040
OG0008941	Om006G229650	CARHR281210
OG0008942	Om006G229550	CARHR281290
OG0008943	Om006G229510	CARHR281310
OG0008944	Om006G229350	CARHR281400
OG0008945	Om006G229190	CARHR281570
OG0008946	Om006G228990	CARHR281780
OG0008947	Om004G157770	CARHR248790
OG0008948	Om005G178150	CARHR000540
OG0008949	Om004G157550	CARHR248490
OG0008950	Om004G157410	CARHR248390
OG0008951	Om004G157360	CARHR248360
OG0008952	Om004G158030	CARHR249010
OG0008954	Om004G158620	CARHR250270
OG0008955	Om004G159280	CARHR249620
OG0008956	Om004G159390	CARHR290840, CARHR290820, CARHR290830
OG0008957	Om004G159590	CARHR250480
OG0008958	Om004G160270	CARHR251060
OG0008959	Om004G160370	CARHR251150
OG0008960	Om004G160730	CARHR251520
OG0008961	Om004G160750	CARHR251540
OG0008962	Om007G278370	CARHR127350
OG0008963	Om007G277600	CARHR216610, CARHR179560
OG0008964	Om007G277620	CARHR179590
OG0008965	Om007G277890	CARHR006240
OG0008966	Om007G277920	CARHR180090
OG0008967	Om007G278410	CARHR127310
OG0008968	Om007G278590	CARHR127160
OG0008969	Om007G278460	CARHR127260
OG0008970	Om007G278860	CARHR126800
OG0008971	Om007G278810	CARHR126840
OG0008972	Om007G279550	CARHR126450
OG0008973	Om007G279520	CARHR156740, CARHR126410
OG0008974	Om007G279490	CARHR126340
OG0008975	Om003G089350	CARHR046060
OG0008977	Om007G280500	CARHR125040
OG0008978	Om007G280670	CARHR124870
OG0008979	Om007G280860	CARHR124700
OG0008980	Om007G281120	CARHR124420, CARHR124890
OG0008981	Om007G281290	CARHR124180
OG0008982	Om003G113810, Om007G281740	CARHR123600
OG0008983	Om007G281780	CARHR123540
OG0008984	Om007G282560	CARHR122680
OG0008985	Om007G282970	CARHR122290
OG0008986	Om007G283000	CARHR122260
OG0008987	Om007G283130	CARHR122080
OG0008988	Om007G283170	CARHR122030
OG0008989	Om007G283410	CARHR121740
OG0008990	Om007G283440	CARHR121640
OG0008991	Om007G283680	CARHR121330
OG0008992	Om007G283790	CARHR121210, CARHR121220
OG0008993	Om007G283960	CARHR120960
OG0008994	Om007G284380	CARHR120440
OG0008995	Om007G284400	CARHR120400
OG0008996	Om007G284870	CARHR119730
OG0008997	Om007G284820	CARHR119850
OG0008998	Om007G284780	CARHR119950
OG0008999	Om007G284610	CARHR120160
OG0009000	Om007G296300	CARHR119680
OG0009001	Om004G149420	CARHR287840
OG0009002	Om004G150930	CARHR115490
OG0009003	Om003G093680	CARHR115500
OG0009004	Om001G020650	CARHR235160
OG0009005	Om001G020500	CARHR235130
OG0009006	Om001G019460	CARHR234730
OG0009007	Om002G042730	CARHR075520
OG0009008	Om002G042710	CARHR075500
OG0009009	Om002G042700	CARHR075490
OG0009010	Om002G042460, Om001G001650	CARHR075240
OG0009011	Om002G042470	CARHR075250
OG0009012	Om002G042340	CARHR075140
OG0009013	Om001G017830	CARHR233930
OG0009014	Om001G019370	CARHR234570
OG0009015	Om002G060600	CARHR234430
OG0009016	Om002G043110	CARHR075930
OG0009017	Om002G043460	CARHR076140
OG0009018	Om002G043850	CARHR076550
OG0009019	Om002G043930	CARHR076620
OG0009020	Om002G044220	CARHR076850
OG0009021	Om002G044300	CARHR076940
OG0009022	Om002G044520	CARHR077080
OG0009023	Om002G044590	CARHR077160
OG0009024	Om002G044600	CARHR077170
OG0009025	Om002G044920	CARHR077440
OG0009026	Om002G045200, Om002G045190	CARHR077700
OG0009027	Om002G045680	CARHR078130
OG0009028	Om002G045760	CARHR078180
OG0009029	Om002G045780	CARHR078200
OG0009030	Om002G045970	CARHR078440
OG0009031	Om002G046100	CARHR078630
OG0009032	Om002G046400	CARHR078840
OG0009033	Om002G046470	CARHR078900
OG0009034	Om002G046510	CARHR078940
OG0009035	Om001G018240, Om007G313330, Om008G351830, Om008G349230, Om002G046750	CARHR079160
OG0009036	Om002G047130	CARHR079460
OG0009037	Om002G047200, Om002G047190, Om002G047210	CARHR079520
OG0009038	Om002G047900	CARHR080110
OG0009039	Om002G047920	CARHR080130
OG0009040	Om002G048510, Om002G048520	CARHR080590
OG0009041	Om002G048800	CARHR080780
OG0009042	Om002G049140	CARHR081060
OG0009043	Om002G049310	CARHR081200
OG0009044	Om002G049580	CARHR081510
OG0009045	Om002G049800	CARHR081680
OG0009047	Om002G050010	CARHR081950
OG0009048	Om002G050040	CARHR081980
OG0009049	Om002G050060	CARHR082000
OG0009050	Om007G307670, Om007G318270, Om007G313180	CARHR082660
OG0009051	Om004G132500, Om006G270770, Om006G270450	CARHR118440
OG0009052	Om004G169230	CARHR061100
OG0009053	Om002G050860	CARHR082770
OG0009054	Om002G050920	CARHR082810
OG0009055	Om007G287850	CARHR036740
OG0009056	Om008G329520	CARHR135650
OG0009057	Om008G329620	CARHR135600
OG0009058	Om008G329820	CARHR135550
OG0009059	Om008G330010	CARHR135450
OG0009060	Om008G330090	CARHR135410
OG0009061	Om008G330260	CARHR135250
OG0009062	Om008G331470	CARHR134550
OG0009063	Om008G331480	CARHR134540
OG0009064	Om008G331800	CARHR134400
OG0009065	Om008G332270	CARHR133980
OG0009066	Om008G331960, Om006G267510	CARHR134300, CARHR087370
OG0009067	Om008G332480	CARHR133890
OG0009068	Om008G333240	CARHR133420
OG0009069	Om005G211490	CARHR060780
OG0009070	Om008G333260	CARHR133400
OG0009071	Om008G337620	CARHR130370
OG0009072	Om008G337550	CARHR130450
OG0009073	Om008G337480	CARHR130470
OG0009074	Om006G255640	CARHR162600
OG0009075	Om008G337060	CARHR130770
OG0009076	Om008G336850	CARHR130920
OG0009077	Om008G336440	CARHR131390
OG0009078	Om008G336180	CARHR131550
OG0009079	Om008G335780	CARHR132230
OG0009080	Om008G334850	CARHR132410
OG0009081	Om008G334840	CARHR132420
OG0009082	Om008G333410	CARHR133280
OG0009083	Om008G333420	CARHR133270
OG0009084	Om008G334590	CARHR132610
OG0009085	Om008G333700, Om008G333670	CARHR133170
OG0009086	Om002G054090	CARHR132950
OG0009087	Om008G333980	CARHR132890
OG0009088	Om008G338070	CARHR130060
OG0009089	Om005G195920	CARHR015770
OG0009090	Om005G195940	CARHR015800
OG0009091	Om005G196110	CARHR015930
OG0009092	Om005G196180	CARHR016000
OG0009093	Om005G196280	CARHR016110
OG0009094	Om005G196420	CARHR016170
OG0009095	Om005G196850	CARHR016470
OG0009096	Om005G197030	CARHR016620
OG0009097	Om005G197330, Om005G197320	CARHR016890
OG0009098	Om005G197470	CARHR016980
OG0009099	Om005G197500	CARHR017010
OG0009100	Om005G197870	CARHR017350
OG0009101	Om005G198340	CARHR017800
OG0009102	Om005G198520	CARHR017960
OG0009103	Om005G198640	CARHR017980
OG0009104	Om005G198990	CARHR018250
OG0009105	Om005G199710	CARHR018760, CARHR018770
OG0009106	Om005G200310	CARHR019200
OG0009107	Om008G346320	CARHR233730
OG0009108	Om005G200380	CARHR019260
OG0009109	Om005G200400	CARHR019280
OG0009110	Om005G200920	CARHR019660
OG0009111	Om005G202030	CARHR020410
OG0009112	Om005G202050	CARHR020420
OG0009113	Om005G202330	CARHR020690
OG0009115	Om005G203300	CARHR021560
OG0009116	Om006G253650	CARHR164110
OG0009117	Om005G204260	CARHR022250
OG0009118	Om005G204460	CARHR022380
OG0009119	Om005G204480	CARHR022390
OG0009120	Om005G205210	CARHR023070
OG0009121	Om005G205220	CARHR023080
OG0009122	Om005G205700	CARHR023470
OG0009123	Om004G143700	CARHR023780
OG0009124	Om004G143800	CARHR023880
OG0009125	Om004G144380	CARHR024120
OG0009126	Om004G145080	CARHR024850
OG0009127	Om004G145240	CARHR024970, CARHR024980
OG0009128	Om004G145520	CARHR025210
OG0009129	Om004G146000, Om001G013680	CARHR025310
OG0009131	Om004G146210	CARHR025490
OG0009132	Om004G146570	CARHR025640
OG0009134	Om004G146670	CARHR025720
OG0009135	Om004G147100	CARHR026020
OG0009136	Om004G147220	CARHR026040
OG0009137	Om004G170610	CARHR026320
OG0009138	Om004G147510	CARHR026360
OG0009139	Om004G148070	CARHR026660
OG0009141	Om007G298170	CARHR231710
OG0009142	Om003G107490	CARHR259180
OG0009143	Om007G292870	CARHR231890
OG0009144	Om007G285700	CARHR232170
OG0009145	Om007G285790	CARHR232310
OG0009146	Om004G151700	CARHR116260
OG0009148	Om004G151340	CARHR116640
OG0009149	Om004G151590	CARHR116580
OG0009150	Om004G153430, Om018G374090	CARHR117530
OG0009151	Om018G373810, Om004G153110	CARHR117830
OG0009153	Om004G155310, Om004G152940	CARHR184830
OG0009155	Om004G151530	CARHR114370
OG0009156	Om006G257240	CARHR161070
OG0009157	Om004G154040	CARHR113750
OG0009158	Om004G153850	CARHR113660
OG0009159	Om004G155750	CARHR112850, CARHR112860, CARHR293120, CARHR034070
OG0009160	Om004G156120	CARHR112270
OG0009161	Om004G156450	CARHR111950
OG0009162	Om005G195640	CARHR015550
OG0009163	Om005G195260	CARHR015300
OG0009164	Om005G195030	CARHR015130
OG0009165	Om005G194260	CARHR014610
OG0009166	Om005G194210	CARHR014580
OG0009167	Om005G194050	CARHR014340
OG0009168	Om005G192990	CARHR013650
OG0009169	Om005G193020	CARHR013680
OG0009170	Om005G192550	CARHR013320
OG0009171	Om005G191770	CARHR012650
OG0009172	Om005G191020	CARHR012130
OG0009173	Om005G190870	CARHR012030
OG0009174	Om005G190320	CARHR011640
OG0009175	Om005G189470	CARHR010980
OG0009176	Om005G189430	CARHR010930
OG0009177	Om005G189320	CARHR010840
OG0009178	Om005G188790	CARHR010380
OG0009179	Om005G188190	CARHR009850
OG0009180	Om005G188280	CARHR009970
OG0009181	Om005G187690	CARHR009500
OG0009182	Om005G187410	CARHR009280
OG0009183	Om005G184200, Om005G187340	CARHR006410
OG0009184	Om005G187110	CARHR009000
OG0009185	Om005G186990	CARHR008880
OG0009186	Om006G241580	CARHR192970
OG0009187	Om005G186870	CARHR008750
OG0009188	Om005G186820	CARHR008700
OG0009189	Om005G186600	CARHR008470
OG0009190	Om005G186610	CARHR008480
OG0009191	Om005G186630	CARHR008510
OG0009192	Om005G186650	CARHR008530
OG0009193	Om005G186530	CARHR008390
OG0009194	Om005G186440	CARHR008330
OG0009195	Om005G185900	CARHR007800
OG0009196	Om005G186300	CARHR008210
OG0009197	Om005G185460	CARHR007450
OG0009198	Om005G185170	CARHR007170
OG0009199	Om005G184780	CARHR006920
OG0009200	Om005G183940	CARHR006080
OG0009201	Om005G183880	CARHR006020
OG0009202	Om005G183750	CARHR005860
OG0009203	Om005G183710	CARHR005810
OG0009205	Om005G183180	CARHR005310
OG0009206	Om005G182740	CARHR004880
OG0009207	Om005G182700	CARHR004850
OG0009208	Om005G182560	CARHR004730
OG0009209	Om004G130130	CARHR074290
OG0009210	Om005G182140	CARHR004360
OG0009211	Om005G181970, Om005G181960	CARHR004220
OG0009212	Om005G181920	CARHR004170
OG0009213	Om005G181590	CARHR003880
OG0009214	Om005G181360	CARHR003640
OG0009215	Om005G181060	CARHR003360
OG0009216	Om005G180380	CARHR002840
OG0009217	Om005G179950	CARHR002430
OG0009218	Om005G179860	CARHR002360
OG0009219	Om005G179600	CARHR002130
OG0009220	Om005G179360	CARHR001880
OG0009221	Om005G179290	CARHR001780
OG0009222	Om005G179000	CARHR001560
OG0009223	Om005G178910	CARHR001480
OG0009224	Om005G178820	CARHR001380, CARHR259900
OG0009225	Om005G178730	CARHR001280
OG0009226	Om005G178640	CARHR001210
OG0009227	Om005G178570	CARHR001130
OG0009228	Om005G178290	CARHR000770
OG0009229	Om005G178100	CARHR248690, CARHR000600
OG0009230	Om005G177710	CARHR000270
OG0009231	Om005G177600	CARHR000180
OG0009232	Om007G301950	CARHR199430
OG0009233	Om007G301880	CARHR199360
OG0009234	Om007G301580	CARHR199110
OG0009235	Om007G301760	CARHR199240
OG0009236	Om007G300580	CARHR198430
OG0009237	Om007G300510	CARHR198360
OG0009238	Om007G300440	CARHR198290
OG0009239	Om007G299530	CARHR197680
OG0009240	Om007G299870	CARHR197910
OG0009241	Om007G300130	CARHR198080
OG0009242	Om007G299320	CARHR197550
OG0009243	Om007G298820	CARHR197150
OG0009244	Om007G298690	CARHR197090
OG0009245	Om007G297920	CARHR196480
OG0009246	Om007G297840	CARHR196400
OG0009247	Om007G297410	CARHR196110
OG0009249	Om007G296820	CARHR195600
OG0009250	Om007G296150	CARHR194950
OG0009251	Om007G295000	CARHR194110
OG0009252	Om007G295050	CARHR194030
OG0009253	Om007G294760	CARHR193690
OG0009254	Om007G294750	CARHR193680
OG0009255	Om007G293610	CARHR186030
OG0009256	Om007G303270	CARHR185320
OG0009257	Om001G005500	CARHR286000, CARHR186440
OG0009258	Om008G339630	CARHR287970
OG0009260	Om007G304580	CARHR284570
OG0009262	Om004G161140	CARHR199800
OG0009263	Om004G161250	CARHR199880
OG0009264	Om004G169800	CARHR206350
OG0009265	Om004G169770	CARHR206330
OG0009267	Om004G160870	CARHR199620
OG0009268	Om004G169980	CARHR206490
OG0009269	Om004G170020	CARHR206520
OG0009270	Om004G144900, Om004G156440	CARHR200100
OG0009271	Om004G170500	CARHR206970
OG0009272	Om004G170510	CARHR206950
OG0009273	Om004G170740	CARHR206770
OG0009274	Om004G170880	CARHR207220
OG0009275	Om004G171120	CARHR207420
OG0009276	Om004G171690	CARHR207880
OG0009277	Om004G171880	CARHR207990
OG0009278	Om004G171910	CARHR208030
OG0009279	Om004G172210	CARHR208260
OG0009280	Om004G172480	CARHR208460
OG0009281	Om006G240280	CARHR187900
OG0009282	Om006G240510	CARHR187630
OG0009283	Om006G240320	CARHR187850
OG0009284	Om006G240070	CARHR188060
OG0009285	Om006G239970	CARHR188220
OG0009286	Om006G239830	CARHR188340
OG0009287	Om006G239650	CARHR188460, CARHR188480, CARHR150640
OG0009288	Om006G239630	CARHR188510
OG0009289	Om006G239370	CARHR188770
OG0009290	Om006G239310	CARHR188830
OG0009291	Om006G252880	CARHR164720
OG0009292	Om006G239270	CARHR188870
OG0009293	Om006G239050	CARHR189020
OG0009294	Om006G238530	CARHR189620
OG0009295	Om006G238030	CARHR190030
OG0009296	Om006G237930	CARHR190100
OG0009297	Om006G237820	CARHR190200
OG0009298	Om006G237790	CARHR190230
OG0009299	Om006G237620	CARHR190380
OG0009300	Om006G237010	CARHR274840
OG0009301	Om006G236320	CARHR275530
OG0009302	Om006G236140	CARHR275660
OG0009303	Om006G234930	CARHR276660
OG0009304	Om006G263180	CARHR156880
OG0009305	Om006G234770	CARHR276820
OG0009306	Om006G247320	CARHR272680
OG0009307	Om006G247790	CARHR272240
OG0009308	Om006G257470	CARHR160870
OG0009309	Om006G257520	CARHR160820
OG0009310	Om006G257540	CARHR160800
OG0009311	Om006G257740	CARHR160610
OG0009313	Om006G258370	CARHR160170
OG0009314	Om006G258590	CARHR160030
OG0009315	Om006G259540	CARHR159010
OG0009316	Om006G259590	CARHR158980
OG0009317	Om006G259620	CARHR158960
OG0009318	Om006G260210	CARHR158620
OG0009319	Om006G260480	CARHR158130
OG0009320	Om005G221820, Om002G074190	CARHR157930
OG0009321	Om006G261540	CARHR157520
OG0009322	Om006G261870	CARHR157350
OG0009323	Om006G262440	CARHR157220
OG0009324	Om006G262570	CARHR157160
OG0009325	Om006G263490	CARHR156720
OG0009326	Om006G263780	CARHR156610
OG0009327	Om006G265870	CARHR156000
OG0009328	Om006G268820	CARHR104500
OG0009329	Om006G268550	CARHR152450
OG0009330	Om001G030360	CARHR241120
OG0009331	Om002G082360	CARHR153570
OG0009332	Om005G212540	CARHR059790
OG0009333	Om005G212520	CARHR059820
OG0009334	Om005G210640	CARHR061380
OG0009335	Om005G210290	CARHR061640
OG0009336	Om005G210450	CARHR061550
OG0009337	Om005G209860	CARHR061910
OG0009338	Om005G209620	CARHR062150
OG0009340	Om005G209340	CARHR062420
OG0009341	Om007G285500	CARHR118570
OG0009342	Om005G208650	CARHR062870
OG0009343	Om005G208640	CARHR062880
OG0009344	Om005G208370	CARHR063100
OG0009345	Om005G207820	CARHR063580
OG0009346	Om005G207280	CARHR063950
OG0009347	Om005G206630	CARHR064470
OG0009348	Om005G206490	CARHR064610
OG0009349	Om005G206140	CARHR291130
OG0009350	Om005G205850	CARHR064680
OG0009351	Om005G205760	CARHR064750
OG0009352	Om004G142970	CARHR065010
OG0009353	Om004G142870	CARHR065080
OG0009354	Om004G142860	CARHR065090
OG0009355	Om004G142850	CARHR065100
OG0009356	Om004G133500	CARHR071690
OG0009357	Om004G134980	CARHR070770
OG0009358	Om004G135060	CARHR070690, CARHR256330
OG0009359	Om004G135270	CARHR070530
OG0009360	Om002G069300	CARHR097160
OG0009361	Om004G135400	CARHR070450
OG0009362	Om004G135490	CARHR070400
OG0009363	Om004G137600	CARHR069090
OG0009364	Om004G137770	CARHR068540
OG0009365	Om004G138700	CARHR068270
OG0009366	Om004G138670	CARHR068250
OG0009367	Om004G139400	CARHR067800
OG0009368	Om004G139460	CARHR067760
OG0009369	Om004G139480	CARHR067740
OG0009370	Om004G140440	CARHR066920
OG0009371	Om004G140930	CARHR066610
OG0009372	Om005G199860	CARHR018870
OG0009373	Om004G141030	CARHR066530
OG0009377	Om004G141980	CARHR065980
OG0009378	Om004G142380	CARHR065570
OG0009379	Om004G142420	CARHR065520
OG0009381	Om004G142550	CARHR065390
OG0009382	Om004G142750	CARHR065190
OG0009384	Om004G133270	CARHR071900
OG0009385	Om004G133230	CARHR071940
OG0009386	Om004G132990	CARHR072080
OG0009387	Om004G132960	CARHR072140
OG0009388	Om004G132910, Om008G349180, Om001G021710, Om001G021700, Om004G132630	CARHR072180
OG0009389	Om004G132680	CARHR072340
OG0009390	Om004G132380	CARHR072550
OG0009391	Om004G132150	CARHR072770
OG0009392	Om004G131320	CARHR073490
OG0009393	Om004G131300	CARHR073510
OG0009394	Om004G131170	CARHR073620
OG0009395	Om004G130590	CARHR074060
OG0009396	Om004G130180	CARHR074250
OG0009397	Om004G130080	CARHR074340
OG0009398	Om004G129800	CARHR074500
OG0009399	Om004G129780	CARHR074530
OG0009400	Om004G129640	CARHR074660
OG0009401	Om002G056640	CARHR087330
OG0009402	Om002G056900	CARHR087520
OG0009403	Om002G057010	CARHR087620
OG0009404	Om002G057030	CARHR087640
OG0009405	Om002G057320	CARHR087850
OG0009406	Om002G057510	CARHR087980
OG0009407	Om002G057810	CARHR088210
OG0009408	Om002G058120	CARHR088480
OG0009410	Om002G059100	CARHR089200
OG0009411	Om002G059280	CARHR089440
OG0009412	Om002G059400	CARHR089380
OG0009413	Om002G059560	CARHR089520
OG0009414	Om002G059780	CARHR089660
OG0009415	Om002G059800	CARHR089680
OG0009416	Om002G060240	CARHR090030
OG0009417	Om002G060270	CARHR090060
OG0009418	Om002G060290	CARHR090090
OG0009419	Om002G061310	CARHR090770
OG0009420	Om002G061440	CARHR090870
OG0009421	Om002G061460	CARHR090890
OG0009422	Om002G061490	CARHR090930
OG0009423	Om002G061510	CARHR090960, CARHR090950
OG0009424	Om002G061940	CARHR091290
OG0009425	Om002G061990	CARHR091330
OG0009426	Om002G062070	CARHR091400
OG0009427	Om002G063160	CARHR092050
OG0009428	Om002G063260	CARHR092110
OG0009429	Om002G063270	CARHR092120
OG0009430	Om002G063760	CARHR092480, CARHR115180
OG0009431	Om002G063880	CARHR092600
OG0009432	Om002G063890	CARHR092610
OG0009433	Om004G157890	CARHR248910
OG0009434	Om002G064280	CARHR092970
OG0009435	Om002G064800	CARHR093370
OG0009436	Om002G065160	CARHR093590
OG0009437	Om002G065350	CARHR093730
OG0009438	Om002G065600	CARHR093940
OG0009439	Om002G065660	CARHR094000
OG0009440	Om002G066140	CARHR094360
OG0009442	Om002G066870	CARHR094930
OG0009443	Om002G066880	CARHR094940
OG0009444	Om002G067370	CARHR095440
OG0009445	Om002G067470	CARHR095500
OG0009446	Om002G068020	CARHR095970
OG0009447	Om002G068210	CARHR096190
OG0009449	Om002G068370	CARHR096320
OG0009450	Om002G068860	CARHR096760
OG0009451	Om002G069130	CARHR097010
OG0009452	Om002G069740	CARHR097610
OG0009453	Om002G070560	CARHR098180
OG0009454	Om002G070770	CARHR098340
OG0009455	Om002G071310	CARHR098860
OG0009456	Om002G072320	CARHR099380
OG0009457	Om002G072310	CARHR099390
OG0009458	Om002G075070	CARHR101520
OG0009459	Om003G112500	CARHR264160, CARHR150020
OG0009460	Om002G079300	CARHR104050
OG0009461	Om002G077890	CARHR103980
OG0009462	Om002G078880	CARHR105010
OG0009463	Om002G079170	CARHR105170
OG0009464	Om002G079190	CARHR105160
OG0009465	Om002G079470	CARHR104810
OG0009466	Om004G163050	CARHR201250
OG0009467	Om005G181460	CARHR106040
OG0009468	Om002G081890	CARHR106070
OG0009469	Om002G081920	CARHR106090
OG0009470	Om002G081930	CARHR106150
OG0009471	Om002G083760	CARHR293520
OG0009472	Om002G084030	CARHR107610
OG0009473	Om002G084120	CARHR107660
OG0009474	Om002G084610	CARHR108390
OG0009475	Om002G085850	CARHR109110
OG0009476	Om002G086620	CARHR109610
OG0009477	Om002G087210	CARHR109970
OG0009478	Om002G088060	CARHR110800
OG0009479	Om002G088070	CARHR110850
OG0009480	Om002G088150	CARHR110890
OG0009481	Om002G088220	CARHR111020
OG0009482	Om002G088580	CARHR111520
OG0009483	Om003G089700	CARHR045730
OG0009484	Om003G090670	CARHR044940
OG0009485	Om003G090940	CARHR044760
OG0009486	Om003G091570	CARHR044400
OG0009487	Om003G092170	CARHR044070
OG0009488	Om003G092190	CARHR044040
OG0009490	Om003G093450	CARHR043370
OG0009491	Om003G093710	CARHR043220
OG0009492	Om003G093830, Om003G093820	CARHR043120
OG0009493	Om003G094560	CARHR042550
OG0009494	Om001G014150, Om003G096420	CARHR040960
OG0009495	Om003G096100	CARHR041190
OG0009496	Om003G097140	CARHR040400
OG0009497	Om003G097420	CARHR040180
OG0009498	Om003G097520	CARHR040140
OG0009499	Om004G161010	CARHR199710
OG0009500	Om003G097870	CARHR039780
OG0009501	Om003G098030	CARHR039640
OG0009502	Om003G098110	CARHR039600
OG0009503	Om003G128240	CARHR172940
OG0009504	Om003G098820	CARHR039050
OG0009505	Om003G098870	CARHR039000
OG0009506	Om003G098910	CARHR038970
OG0009507	Om008G339830	CARHR128750
OG0009509	Om008G340170	CARHR128480
OG0009510	Om006G256690	CARHR161530
OG0009511	Om006G256490	CARHR161810
OG0009512	Om006G256420	CARHR161890
OG0009513	Om006G255460	CARHR162740
OG0009514	Om006G254990	CARHR163110
OG0009515	Om006G255040	CARHR163000
OG0009516	Om006G254570	CARHR163390
OG0009517	Om006G254140	CARHR163770
OG0009518	Om006G253820	CARHR163950
OG0009519	Om006G253910	CARHR164010
OG0009520	Om006G253930	CARHR164060, CARHR164070
OG0009521	Om006G256970	CARHR161280
OG0009522	Om006G253950	CARHR082370
OG0009523	Om008G359850	CARHR285010, CARHR184470
OG0009524	Om006G253000	CARHR164600
OG0009525	Om006G253010	CARHR164590
OG0009526	Om008G332910	CARHR133610
OG0009527	Om006G252850	CARHR164730
OG0009528	Om006G252680	CARHR164900
OG0009529	Om006G252010	CARHR165380
OG0009530	Om006G251080	CARHR166050
OG0009531	Om006G251050	CARHR166200, CARHR166070
OG0009532	Om006G250720	CARHR166350
OG0009533	Om006G250560	CARHR166450
OG0009534	Om003G119910	CARHR167090
OG0009535	Om005G225390, Om008G354860	CARHR167150
OG0009536	Om003G120120	CARHR167250
OG0009537	Om003G121320	CARHR168320
OG0009538	Om003G121570	CARHR168500
OG0009539	Om003G121630	CARHR168570
OG0009540	Om003G122630	CARHR169180
OG0009541	Om003G123060	CARHR169430
OG0009542	Om003G123520	CARHR169680
OG0009543	Om003G123730	CARHR169850
OG0009544	Om006G238140	CARHR189980
OG0009545	Om003G125490	CARHR170920
OG0009546	Om003G125500	CARHR170930
OG0009547	Om003G125740	CARHR171090
OG0009548	Om003G126070	CARHR171410
OG0009549	Om003G126250	CARHR171550
OG0009550	Om003G126270	CARHR171570
OG0009551	Om003G126790	CARHR171920
OG0009552	Om003G128030	CARHR172760
OG0009553	Om003G128040	CARHR172750
OG0009554	Om003G128900	CARHR173420
OG0009555	Om003G129030	CARHR291740
OG0009556	Om003G129110	CARHR291690
OG0009557	Om003G125900	CARHR171220
OG0009559	Om003G094380	CARHR042690
OG0009561	Om003G098180	CARHR039490
OG0009562	Om001G035370, Om001G034730, Om001G035320, Om001G035360, Om001G021530	CARHR244200
OG0009563	Om003G120240	CARHR167310
OG0009564	Om006G229810	CARHR281060
OG0009565	Om008G356670	CARHR178200
OG0009568	Om008G334760	CARHR132480
OG0009569	Om008G334000	CARHR132910
OG0009570	Om008G328510	CARHR136270
OG0009572	Om004G142300	CARHR065640
OG0009573	Om001G021950	CARHR235750
OG0009574	Om001G031770	CARHR242040
OG0009575	Om001G030440	CARHR241190
OG0009576	Om005G182590	CARHR004770
OG0009577	Om005G186920	CARHR008800
OG0009578	Om005G187140	CARHR009080, CARHR009070
OG0009579	Om005G188380	CARHR010000
OG0009580	Om005G189300	CARHR010820
OG0009581	Om005G191210	CARHR012270
OG0009582	Om005G191410	CARHR012440
OG0009583	Om005G196590	CARHR016320
OG0009584	Om004G158570, Om005G199220, Om008G346770	CARHR103510, CARHR103480
OG0009585	Om005G206390	CARHR064640
OG0009586	Om005G210780	CARHR061300
OG0009587	Om002G086570	CARHR109520
OG0009588	Om002G080810	CARHR037440
OG0009591	Om004G161220	CARHR199850
OG0009593	Om004G174980	CARHR210410
OG0009594	Om004G174100	CARHR209730
OG0009595	Om001G000300	CARHR224110, CARHR224130
OG0009597	Om007G287890	CARHR036790
OG0009598	Om007G286970	CARHR037340
OG0009599	Om007G286880	CARHR037490
OG0009601	Om007G280540	CARHR125010
OG0009602	Om007G285760	CARHR232270
OG0009603	Om007G301910	CARHR199380
OG0009604	Om007G300520	CARHR198370
OG0009605	Om007G300100	CARHR198060
OG0009606	Om007G299840	CARHR197890
OG0009607	Om007G297820	CARHR196410, CARHR196390
OG0009608	Om007G295920	CARHR195110, CARHR195100, CARHR194680, CARHR194660
OG0009609	Om003G115870, Om007G317300	CARHR261310
OG0009610	Om007G318420	CARHR212660
OG0009611	Om006G247900	CARHR272110
OG0009612	Om006G240330	CARHR187840
OG0009613	Om006G236510, Om006G236500	CARHR275380
OG0009614	Om006G236450	CARHR275430
OG0009615	Om006G230110	CARHR280800
OG0009616	Om006G230040	CARHR280870
OG0009622	Om006G257010	CARHR161260
OG0009628	Om004G148370	CARHR026960
OG0009635	Om006G237910	CARHR111430
OG0009636	Om001G001070	CARHR224640
OG0009637	Om001G024380	CARHR237220
OG0009638	Om001G024710	CARHR237500
OG0009639	Om001G024940	CARHR237680
OG0009640	Om001G025120	CARHR237790
OG0009641	Om006G271530, Om001G025620	CARHR238050
OG0009642	Om001G026040	CARHR238250
OG0009644	Om006G241610	CARHR192950
OG0009645	Om001G026800	CARHR238660
OG0009646	Om001G027290	CARHR238970
OG0009647	Om007G286940, Om007G286930	CARHR037420
OG0009648	Om001G028290	CARHR239610
OG0009649	Om001G029400	CARHR240430
OG0009650	Om001G029980	CARHR240880
OG0009651	Om001G029900	CARHR240810
OG0009652	Om001G030400	CARHR241160
OG0009653	Om001G030860	CARHR241540
OG0009654	Om006G243150, Om006G243190	CARHR191640
OG0009655	Om001G031490	CARHR241850
OG0009656	Om001G031560	CARHR241890
OG0009657	Om001G031890	CARHR242140
OG0009658	Om002G081940	CARHR106170
OG0009659	Om001G032570	CARHR242430
OG0009660	Om001G033550	CARHR243240
OG0009661	Om001G033680	CARHR243340
OG0009663	Om001G034240	CARHR243550
OG0009664	Om007G291710, Om003G097170	CARHR030540
OG0009665	Om007G292340	CARHR031020
OG0009666	Om007G292650	CARHR031190
OG0009667	Om007G292660	CARHR031200
OG0009668	Om007G292730	CARHR031290
OG0009669	Om007G276950	CARHR031710
OG0009670	Om007G276910	CARHR031730
OG0009671	Om007G276810	CARHR031930
OG0009672	Om007G276670	CARHR032000
OG0009673	Om001G009800	CARHR229970
OG0009674	Om007G276600	CARHR032070
OG0009675	Om007G276580	CARHR032080
OG0009676	Om007G276570	CARHR032090
OG0009677	Om007G276550	CARHR032110
OG0009678	Om006G266820, Om006G266830, Om007G276320	CARHR223560
OG0009679	Om007G276300	CARHR223550, CARHR290510
OG0009680	Om007G275680	CARHR222800
OG0009681	Om007G301860, Om007G275590	CARHR222690
OG0009682	Om002G086170, Om005G217090	CARHR289840
OG0009683	Om002G082240, Om005G185810	CARHR288700
OG0009684	Om005G217980	CARHR054730
OG0009685	Om005G205560	CARHR054670
OG0009686	Om011G365200, Om020G374460	CARHR054180
OG0009687	Om005G218840	CARHR053640
OG0009688	Om005G219860	CARHR053360
OG0009689	Om005G219820	CARHR053410
OG0009690	Om005G220140	CARHR053050
OG0009691	Om005G221970	CARHR052050
OG0009692	Om005G222010	CARHR052150
OG0009693	Om005G223740	CARHR050540
OG0009694	Om002G066840	CARHR143720
OG0009695	Om008G334830	CARHR143900
OG0009696	Om002G066050	CARHR143920
OG0009697	Om008G353640	CARHR143960
OG0009698	Om005G195620	CARHR015530
OG0009699	Om006G275320	CARHR144010
OG0009700	Om006G275170	CARHR144190
OG0009701	Om005G194810	CARHR015070
OG0009702	Om006G274670	CARHR144830
OG0009703	Om006G274210	CARHR145440
OG0009704	Om006G273680	CARHR146040
OG0009705	Om006G273630	CARHR146190
OG0009706	Om006G273600	CARHR146220
OG0009707	Om006G273100, Om006G267900	CARHR288560
OG0009708	Om006G273070	CARHR146640
OG0009709	Om006G272820	CARHR146920
OG0009710	Om006G272460	CARHR147460
OG0009711	Om006G272320	CARHR147580
OG0009712	Om006G272070	CARHR147830
OG0009713	Om006G272060, Om008G356560	CARHR147840
OG0009714	Om006G271200	CARHR148750
OG0009716	Om006G269600	CARHR151950
OG0009717	Om003G098720	CARHR037400
OG0009718	Om006G269580	CARHR152070
OG0009719	Om006G269360	CARHR292480
OG0009720	Om006G269280	CARHR153160
OG0009721	Om006G269260	CARHR153180
OG0009722	Om007G315180	CARHR263670
OG0009723	Om005G212870	CARHR217530
OG0009724	Om005G212880	CARHR059590, CARHR059600
OG0009725	Om005G213520	CARHR058440
OG0009726	Om006G233340, Om005G208770	CARHR058040
OG0009727	Om007G302930, Om005G214200	CARHR057910
OG0009728	Om005G214990	CARHR057230
OG0009730	Om005G215160	CARHR057080
OG0009731	Om005G215370, Om002G044940, Om004G156760, Om006G256820	CARHR056570
OG0009733	Om005G215770	CARHR056370
OG0009734	Om005G228830	CARHR046290
OG0009735	Om005G228800	CARHR046310
OG0009736	Om005G228560	CARHR046470
OG0009737	Om005G228390	CARHR046560
OG0009738	Om005G227660	CARHR046870
OG0009739	Om005G227140	CARHR047050
OG0009740	Om005G226800	CARHR047610
OG0009741	Om005G225720	CARHR048380
OG0009742	Om005G225480	CARHR048670
OG0009743	Om005G191970	CARHR012800
OG0009744	Om005G224470	CARHR049820
OG0009745	Om004G156070	CARHR112350
OG0009747	Om001G018200	CARHR233510
OG0009749	Om008G328460, Om008G328470	CARHR136310
OG0009750	Om008G328970	CARHR135990
OG0009751	Om008G328990	CARHR135970
OG0009752	Om008G329010	CARHR135950
OG0009753	Om008G329090	CARHR135930
OG0009754	Om008G329160	CARHR135880
OG0009755	Om008G329170	CARHR135870
OG0009756	Om002G051760	CARHR083640
OG0009757	Om002G052300	CARHR084090
OG0009758	Om002G052960	CARHR084610
OG0009760	Om002G054320	CARHR085610
OG0009761	Om002G054410	CARHR085690
OG0009762	Om002G054720	CARHR085880
OG0009763	Om002G055480	CARHR149420, CARHR086430
OG0009764	Om002G055970	CARHR086820
OG0009765	Om004G131660	CARHR293670, CARHR293680
OG0009767	Om003G110260	CARHR258410
OG0009768	Om003G110210	CARHR258380
OG0009769	Om003G110870	CARHR258210
OG0009770	Om003G111290	CARHR258130
OG0009771	Om003G111500	CARHR257290
OG0009772	Om003G112120	CARHR256910
OG0009773	Om003G112150	CARHR256900
OG0009774	Om008G325920	CARHR264120
OG0009776	Om004G160880	CARHR199630
OG0009777	Om003G112960	CARHR264690
OG0009778	Om003G113200	CARHR265000
OG0009779	Om003G113350	CARHR265130
OG0009780	Om003G113480	CARHR265260
OG0009781	Om003G113550	CARHR265330
OG0009783	Om003G114090	CARHR265820
OG0009784	Om003G114140	CARHR265900
OG0009785	Om003G114220	CARHR265920
OG0009786	Om003G114770	CARHR266400
OG0009787	Om003G114660	CARHR266320
OG0009788	Om003G114600	CARHR266260
OG0009789	Om003G114820	CARHR266490
OG0009790	Om003G115120	CARHR266690
OG0009791	Om003G115670	CARHR267210
OG0009792	Om003G115510	CARHR267010
OG0009793	Om003G115430	CARHR266970
OG0009794	Om003G115350	CARHR266900
OG0009795	Om003G115950	CARHR267560
OG0009796	Om003G116230	CARHR267890
OG0009797	Om008G341840	CARHR268090
OG0009798	Om003G116860	CARHR268410
OG0009799	Om003G116990	CARHR268490
OG0009800	Om003G117630	CARHR268910
OG0009801	Om003G117720	CARHR269020
OG0009802	Om003G117940	CARHR269190
OG0009803	Om003G118580	CARHR269690
OG0009804	Om003G119070	CARHR270100
OG0009805	Om006G250430	CARHR270270
OG0009806	Om006G250270	CARHR270500
OG0009807	Om006G250110	CARHR270590
OG0009808	Om006G249890	CARHR270720
OG0009809	Om006G249200	CARHR271320
OG0009810	Om006G248650	CARHR271460
OG0009811	Om006G248580	CARHR271500
OG0009812	Om006G248550	CARHR271530
OG0009813	Om006G248180	CARHR271830
OG0009814	Om006G248110	CARHR271910
OG0009815	Om006G248090	CARHR271940
OG0009816	Om002G064810, Om003G122860	CARHR169330
OG0009817	Om003G092210	CARHR036120
OG0009819	Om004G161740	CARHR200310
OG0009820	Om004G162440	CARHR200820
OG0009821	Om004G162460	CARHR200840
OG0009822	Om004G162500	CARHR200870
OG0009823	Om004G162510	CARHR200880
OG0009824	Om004G162700	CARHR200990
OG0009825	Om004G162840	CARHR201120
OG0009826	Om004G162870	CARHR201150
OG0009827	Om004G163070	CARHR201260
OG0009828	Om004G163590	CARHR201660
OG0009829	Om004G163680	CARHR201710
OG0009830	Om004G164400	CARHR202250
OG0009831	Om004G164570	CARHR202330
OG0009832	Om004G164680	CARHR202400
OG0009833	Om004G164750	CARHR202480
OG0009834	Om004G165540, Om004G165550	CARHR202890
OG0009835	Om004G165830	CARHR203110
OG0009836	Om004G166740	CARHR203900
OG0009837	Om006G233140	CARHR278290
OG0009838	Om004G166980	CARHR204090
OG0009839	Om004G167430	CARHR204520
OG0009840	Om004G167590	CARHR204640
OG0009841	Om004G168020	CARHR205140
OG0009842	Om004G168120	CARHR205230
OG0009843	Om004G168470	CARHR205490
OG0009844	Om004G168760	CARHR205660
OG0009845	Om006G264110	CARHR156330
OG0009846	Om001G000330	CARHR224170
OG0009847	Om001G000910	CARHR224520
OG0009848	Om002G075640, Om001G002030	CARHR225120
OG0009849	Om001G002130	CARHR225140
OG0009850	Om001G002330	CARHR225280
OG0009851	Om001G002740	CARHR225560
OG0009852	Om001G003130	CARHR225830
OG0009853	Om001G003720	CARHR226060
OG0009854	Om001G004090	CARHR226200
OG0009855	Om001G005020	CARHR226680
OG0009856	Om001G006730	CARHR227660
OG0009857	Om001G006900	CARHR227770
OG0009858	Om001G007910, Om001G007920	CARHR228510
OG0009859	Om001G008200	CARHR228720
OG0009860	Om001G009970, Om001G009980	CARHR230110
OG0009861	Om001G010000	CARHR230130
OG0009862	Om001G010500	CARHR230750
OG0009863	Om001G010630	CARHR230820
OG0009865	Om001G011590	CARHR231500
OG0009867	Om001G012590	CARHR033220
OG0009868	Om001G013030	CARHR033630
OG0009869	Om001G013270	CARHR033760
OG0009870	Om001G013310	CARHR033770
OG0009871	Om001G013360	CARHR033810
OG0009872	Om001G014190	CARHR034440
OG0009873	Om001G015850	CARHR035540
OG0009874	Om007G287150	CARHR037180, CARHR037120
OG0009875	Om001G016820	CARHR292420
OG0009876	Om007G287900	CARHR036780
OG0009877	Om007G288420	CARHR027620
OG0009878	Om007G288930	CARHR028060
OG0009879	Om007G289600	CARHR028620
OG0009880	Om007G290100	CARHR029020
OG0009881	Om007G290120	CARHR029030
OG0009882	Om007G290320	CARHR029580, CARHR029570
OG0009883	Om007G290470	CARHR029400
OG0009884	Om007G290480	CARHR029390
OG0009885	Om007G290820	CARHR029650
OG0009886	Om007G290860	CARHR029690
OG0009887	Om007G290890	CARHR029710
OG0009888	Om007G291040	CARHR029880
OG0009889	Om007G291410, Om007G291400	CARHR030200
OG0009890	Om007G291610	CARHR030340
OG0009891	Om001G034610	CARHR243740
OG0009892	Om001G034670	CARHR243800
OG0009893	Om001G035870	CARHR244580
OG0009894	Om001G036090	CARHR244710
OG0009895	Om001G036640	CARHR245040
OG0009896	Om001G036660	CARHR245050
OG0009897	Om001G036750	CARHR245140
OG0009898	Om001G036880	CARHR245240
OG0009899	Om001G037160	CARHR245410
OG0009900	Om001G037220	CARHR245420
OG0009902	Om001G037970	CARHR245700
OG0009903	Om004G151550	CARHR114360
OG0009904	Om001G038260	CARHR245890
OG0009905	Om001G038360	CARHR245980
OG0009906	Om001G038700	CARHR246160
OG0009907	Om001G038830	CARHR246230
OG0009908	Om001G038980	CARHR246320
OG0009909	Om001G039150	CARHR246430
OG0009910	Om001G039210	CARHR246480
OG0009911	Om001G039560	CARHR246700, CARHR217900
OG0009912	Om001G039860	CARHR246980
OG0009913	Om001G039930	CARHR247040
OG0009914	Om001G040410	CARHR247320
OG0009915	Om001G040880	CARHR247700
OG0009916	Om001G041050	CARHR247810
OG0009917	Om001G041980	CARHR143600
OG0009918	Om003G106500	CARHR216730
OG0009919	Om003G108670	CARHR217060
OG0009920	Om007G314760	CARHR213910
OG0009921	Om007G315470	CARHR262960
OG0009922	Om007G315570	CARHR262830
OG0009923	Om007G315720	CARHR262610
OG0009924	Om005G224270, Om005G224240, Om008G339270	CARHR129200
OG0009925	Om008G338340	CARHR129850
OG0009926	Om005G223010	CARHR050790
OG0009927	Om003G126400, Om005G208780	CARHR171700
OG0009928	Om008G338570	CARHR129700
OG0009929	Om008G338610	CARHR129680
OG0009930	Om008G338850	CARHR129580
OG0009931	Om008G338920	CARHR129510
OG0009932	Om008G338960	CARHR129440
OG0009933	Om008G346220	CARHR260830
OG0009934	Om008G345970	CARHR260740
OG0009935	Om008G343350	CARHR260430
OG0009936	Om003G113850	CARHR265560
OG0009937	Om008G340480	CARHR128210
OG0009938	Om008G340900	CARHR127700
OG0009939	Om008G340990	CARHR127610
OG0009940	Om008G341010	CARHR127590
OG0009941	Om002G086900	CARHR181650, CARHR204890, CARHR213980
OG0009942	Om008G342360	CARHR181560
OG0009943	Om008G342880	CARHR284720
OG0009944	Om008G346450	CARHR261030
OG0009945	Om008G346970, Om008G348220	CARHR261140
OG0009946	Om008G347060	CARHR261240, CARHR256690
OG0009947	Om006G242090	CARHR256000
OG0009948	Om008G349860, Om008G349880	CARHR255940
OG0009949	Om008G351910	CARHR254520
OG0009951	Om008G353440	CARHR253650
OG0009952	Om008G353750	CARHR253300
OG0009953	Om008G353860	CARHR253070
OG0009954	Om008G354010	CARHR252900
OG0009955	Om008G354050	CARHR252870, CARHR252880
OG0009956	Om008G354090, Om008G354100	CARHR252830, CARHR252840
OG0009957	Om008G354910	CARHR252480
OG0009958	Om008G356120, Om008G356090	CARHR178620
OG0009959	Om008G357670	CARHR177370
OG0009960	Om008G357990	CARHR176880
OG0009961	Om008G358160	CARHR176700
OG0009962	Om008G358180	CARHR176690
OG0009963	Om008G359540	CARHR175750
OG0009964	Om008G360010	CARHR044550
OG0009965	Om008G360890	CARHR175020
OG0009967	Om008G361830	CARHR174460
OG0009968	Om008G318780	CARHR143360
OG0009969	Om008G362780	CARHR173680
OG0009970	Om008G362820, Om006G263120	CARHR173650
OG0009971	Om008G362590	CARHR173890
OG0009972	Om003G105210	CARHR218120
OG0009973	Om002G072070, Om002G072000	CARHR099240
OG0009974	Om001G037300	CARHR245470
OG0009975	Om003G104180	CARHR218870
OG0009976	Om006G253630	CARHR164140
OG0009977	Om003G103950	CARHR219200
OG0009978	Om003G103770	CARHR219490
OG0009979	Om003G103320	CARHR220290
OG0009980	Om003G102600	CARHR220820
OG0009981	Om003G102360	CARHR221330
OG0009982	Om002G069560	CARHR097430
OG0009983	Om007G316280	CARHR262240
OG0009984	Om007G316320	CARHR262230
OG0009985	Om007G316330	CARHR262220
OG0009986	Om007G316610	CARHR261960
OG0009987	Om007G316620, Om001G005820	CARHR261910
OG0009988	Om008G332840	CARHR133650
OG0009989	Om007G318150	CARHR212970
OG0009991	Om007G318470	CARHR212600
OG0009992	Om008G346130	CARHR260810
OG0009993	Om008G318730	CARHR143420
OG0009994	Om008G319180	CARHR143020
OG0009995	Om008G319550	CARHR142760
OG0009996	Om008G319590	CARHR142720
OG0009997	Om008G320340	CARHR142110
OG0009998	Om008G320380	CARHR142080
OG0009999	Om008G320540	CARHR142000
OG0010000	Om008G321110	CARHR141520
OG0010001	Om008G321140	CARHR141510
OG0010002	Om008G321590	CARHR141050
OG0010003	Om008G322100	CARHR140690
OG0010004	Om008G322250	CARHR140570
OG0010005	Om008G350040, Om008G322320	CARHR140480
OG0010006	Om008G322330	CARHR140470
OG0010007	Om008G322820, Om008G322810	CARHR224150
OG0010008	Om008G322840	CARHR140150
OG0010009	Om002G071340	CARHR111600
OG0010010	Om008G324130	CARHR139140
OG0010011	Om008G324540	CARHR138950
OG0010012	Om008G324550	CARHR138930
OG0010013	Om008G324780	CARHR138870
OG0010014	Om008G325040	CARHR138680
OG0010015	Om008G325640	CARHR138190
OG0010017	Om008G325700	CARHR138130
OG0010018	Om008G325760	CARHR138090
OG0010019	Om008G327090	CARHR137150
OG0010020	Om008G327020	CARHR228030, CARHR137180
OG0010021	Om003G120860	CARHR167900
OG0010022	Om008G327520	CARHR136900
OG0010023	Om008G327350	CARHR136820
OG0010024	Om008G327870	CARHR136660
OG0010025	Om008G327930	CARHR136600
OG0010026	Om004G175800	CARHR211230
OG0010027	Om004G175810	CARHR211220
OG0010028	Om004G175710	CARHR211000
OG0010029	Om004G175530	CARHR210780
OG0010030	Om004G175340	CARHR210660
OG0010031	Om004G175110	CARHR210440
OG0010032	Om004G174550	CARHR210090
OG0010033	Om004G174480	CARHR210020
OG0010034	Om004G174440	CARHR118050, CARHR118060, CARHR209960
OG0010035	Om004G174360	CARHR209930
OG0010036	Om004G174230	CARHR209820
OG0010037	Om004G174220	CARHR209800, CARHR209810
OG0010038	Om004G173650	CARHR209390
OG0010039	Om004G173590	CARHR209330
OG0010040	Om006G241080	CARHR193590
OG0010041	Om006G241250	CARHR193310
OG0010042	Om006G241120	CARHR193340
OG0010043	Om006G241810	CARHR192730
OG0010044	Om006G241820	CARHR192720
OG0010045	Om006G241960	CARHR192580
OG0010046	Om006G241920	CARHR192620
OG0010047	Om006G242200	CARHR192320
OG0010048	Om006G242210	CARHR192310
OG0010049	Om007G299000	CARHR197320
OG0010050	Om006G242450	CARHR192110
OG0010051	Om006G242620	CARHR191980
OG0010052	Om006G242910	CARHR191800
OG0010054	Om001G029100	CARHR253380, CARHR213470
OG0010055	Om006G244100	CARHR190970
OG0010056	Om006G244490	CARHR274440
OG0010057	Om005G180910, Om006G244780	CARHR274250
OG0010058	Om006G244920	CARHR274120
OG0010059	Om006G245390	CARHR273680, CARHR055210
OG0010060	Om006G245910	CARHR273090
OG0010061	Om007G288240	CARHR035110, CARHR105350, CARHR229380, CARHR027410
OG0010062	Om006G247140	CARHR272830
OG0010063	Om006G234460	CARHR277070
OG0010064	Om006G234340	CARHR277180
OG0010065	Om006G234320	CARHR277190
OG0010066	Om006G234270	CARHR277230
OG0010067	Om003G117710	CARHR269010
OG0010068	Om006G233590	CARHR277870
OG0010069	Om006G233300	CARHR278090
OG0010070	Om006G233190	CARHR278200
OG0010071	Om006G233110	CARHR278310
OG0010072	Om006G232390	CARHR293840
OG0010073	Om006G232160	CARHR279020
OG0010074	Om006G232150	CARHR279040
OG0010075	Om006G231510	CARHR279630
OG0010076	Om006G231460	CARHR279660
OG0010077	Om006G230500	CARHR280440
OG0010078	Om006G230290	CARHR036590, CARHR280630
OG0010079	Om006G230260	CARHR280710
OG0010080	Om006G230240	CARHR280730
OG0010081	Om006G230220	CARHR280760
OG0010082	Om006G229940	CARHR280950
OG0010083	Om006G229540	CARHR156560
OG0010084	Om006G229460	CARHR281330
OG0010085	Om006G257340	CARHR160990
OG0010086	Om006G228980	CARHR281810, CARHR257450
OG0010086	Om002G045320	CARHR281800
OG0010087	Om004G157110	CARHR248120
OG0010088	Om004G157780	CARHR248800
OG0010089	Om004G157750	CARHR288840, CARHR248760
OG0010090	Om005G199880	CARHR018900
OG0010091	Om004G158080	CARHR249050
OG0010092	Om004G158700	CARHR250200
OG0010093	Om004G159050	CARHR249840
OG0010094	Om004G159450	CARHR250340
OG0010095	Om004G159500	CARHR250410
OG0010096	Om004G159740	CARHR250540, CARHR034320
OG0010097	Om004G160040	CARHR250850
OG0010098	Om002G077450, Om004G160230	CARHR251010
OG0010099	Om004G160760	CARHR251550
OG0010100	Om004G160840	CARHR251620
OG0010101	Om007G302180	CARHR251670, CARHR116120, CARHR116160, CARHR116130
OG0010102	Om007G302220	CARHR251700
OG0010103	Om007G302250	CARHR251730
OG0010104	Om007G293090	CARHR251990
OG0010105	Om007G277840	CARHR006300
OG0010106	Om007G278300	CARHR127390
OG0010107	Om007G278400	CARHR127320
OG0010108	Om007G279350	CARHR126210
OG0010109	Om007G279540	CARHR126440
OG0010110	Om007G279900	CARHR125690
OG0010111	Om007G280080	CARHR125490
OG0010112	Om007G280740	CARHR124810
OG0010113	Om007G280960	CARHR124590
OG0010114	Om007G281260	CARHR124210
OG0010115	Om007G281650	CARHR123730
OG0010116	Om007G282060	CARHR123260
OG0010117	Om007G282210	CARHR123100
OG0010119	Om007G283450	CARHR121630
OG0010120	Om007G283620	CARHR121380
OG0010121	Om007G283890	CARHR121090
OG0010122	Om007G283910	CARHR121060
OG0010123	Om007G283970	CARHR120880
OG0010124	Om007G284310	CARHR120510
OG0010125	Om007G284320, Om003G111540, Om003G111570	CARHR120500
OG0010126	Om002G085390, Om007G284330, Om002G085460, Om003G111550	CARHR120490
OG0010127	Om007G284790	CARHR119940
OG0010128	Om007G285340	CARHR118980
OG0010129	Om007G300970	CARHR004260
OG0010130	Om007G285470	CARHR118720
OG0010131	Om004G149490	CARHR115120
OG0010132	Om001G020380	CARHR235110
OG0010133	Om002G042220	CARHR075040
OG0010134	Om002G051010, Om002G051030	CARHR082920
OG0010135	Om004G177340	CARHR212250
OG0010136	Om008G328050	CARHR136520
OG0010137	Om008G328130	CARHR136470
OG0010139	Om001G017760	CARHR234010
OG0010140	Om002G042970	CARHR075790
OG0010141	Om002G044160	CARHR076820
OG0010142	Om002G044660	CARHR077220
OG0010143	Om002G044680	CARHR077240
OG0010144	Om002G045140	CARHR077650
OG0010145	Om002G045210	CARHR077710
OG0010146	Om002G045290	CARHR077790
OG0010147	Om002G045370	CARHR077870
OG0010148	Om002G046050	CARHR078520
OG0010150	Om002G046600	CARHR079030
OG0010151	Om002G048010	CARHR080180
OG0010152	Om002G049350	CARHR081260
OG0010153	Om002G049360	CARHR081250
OG0010154	Om002G049630	CARHR081530
OG0010155	Om002G049710	CARHR081590
OG0010156	Om002G049790	CARHR081670
OG0010157	Om002G050560	CARHR082480
OG0010158	Om002G050760	CARHR082700
OG0010159	Om006G235990	CARHR275840
OG0010160	Om002G051170	CARHR083050
OG0010161	Om008G330840	CARHR134900
OG0010162	Om008G331120	CARHR134740
OG0010163	Om008G331080	CARHR134690
OG0010164	Om008G331870	CARHR134340
OG0010165	Om006G252670	CARHR164910
OG0010166	Om008G332620	CARHR133810
OG0010167	Om008G333170	CARHR133480, CARHR288720
OG0010168	Om008G337190	CARHR130690
OG0010169	Om008G336820	CARHR130930
OG0010170	Om008G336530	CARHR131310, CARHR131250
OG0010171	Om008G336060	CARHR131640
OG0010172	Om008G336020	CARHR131660
OG0010173	Om008G335900	CARHR132330
OG0010175	Om008G334260, Om008G334350	CARHR132750
OG0010176	Om008G334410	CARHR132660
OG0010178	Om005G184080	CARHR006200
OG0010179	Om008G333290	CARHR133370
OG0010180	Om005G196150	CARHR015970
OG0010181	Om005G196200	CARHR016020
OG0010182	Om005G197750	CARHR017260
OG0010183	Om005G198840	CARHR018140
OG0010184	Om005G199030	CARHR018290
OG0010185	Om006G241770	CARHR192770
OG0010186	Om005G199620	CARHR018690
OG0010187	Om005G200450	CARHR019300
OG0010188	Om005G200560	CARHR019370
OG0010189	Om005G201170	CARHR019830
OG0010190	Om005G201380	CARHR019990
OG0010191	Om005G201490	CARHR020090
OG0010192	Om005G202060	CARHR020430
OG0010193	Om005G202090	CARHR020470
OG0010195	Om005G202130	CARHR020500
OG0010196	Om005G202190	CARHR020560
OG0010197	Om005G202560	CARHR020930
OG0010198	Om005G202850	CARHR021210
OG0010199	Om005G202860	CARHR021220
OG0010200	Om005G202990	CARHR021280
OG0010201	Om005G203270	CARHR021510
OG0010202	Om005G204080	CARHR022040
OG0010203	Om005G204110	CARHR022060
OG0010204	Om004G134360	CARHR071230
OG0010205	Om005G205190	CARHR023030
OG0010206	Om005G205370	CARHR023190
OG0010207	Om005G205530	CARHR023290
OG0010208	Om005G205730	CARHR023540
OG0010209	Om004G143620	CARHR023690
OG0010210	Om005G207560	CARHR063730
OG0010211	Om004G144500	CARHR024300
OG0010212	Om004G145250	CARHR025010
OG0010214	Om005G209690	CARHR062110
OG0010215	Om004G146410	CARHR025580
OG0010216	Om004G146760	CARHR025800
OG0010217	Om004G146920	CARHR025930
OG0010218	Om005G211320	CARHR060890
OG0010220	Om004G147710	CARHR026520
OG0010221	Om004G147720	CARHR026530
OG0010222	Om004G148380	CARHR026970
OG0010223	Om006G240760	CARHR232040
OG0010224	Om007G285940	CARHR232470
OG0010225	Om007G285970	CARHR232490
OG0010226	Om007G286080	CARHR232590
OG0010227	Om007G286090	CARHR232600
OG0010228	Om007G286790	CARHR233170
OG0010229	Om004G149240	CARHR116200
OG0010231	Om004G153410, Om018G374070	CARHR117540
OG0010235	Om004G155400, Om004G153000	CARHR263820, CARHR184800
OG0010236	Om004G154880, Om004G152230	CARHR114600
OG0010237	Om004G152220, Om004G154870	CARHR114610
OG0010239	Om004G154380	CARHR114200
OG0010240	Om004G155860	CARHR112650
OG0010241	Om004G156380	CARHR112020
OG0010242	Om005G195800	CARHR015650
OG0010243	Om005G195680	CARHR015580
OG0010244	Om005G195190	CARHR015260
OG0010245	Om005G194610	CARHR014890
OG0010246	Om005G194380	CARHR014690
OG0010247	Om005G194090	CARHR014310
OG0010248	Om005G193050	CARHR013710
OG0010249	Om005G193060	CARHR013720
OG0010250	Om005G192870	CARHR013550
OG0010251	Om005G191760	CARHR012630
OG0010252	Om005G190180	CARHR011570
OG0010253	Om004G131880	CARHR011370
OG0010254	Om005G189800	CARHR011220
OG0010255	Om005G189670	CARHR011120
OG0010256	Om005G189310	CARHR010830
OG0010257	Om005G189020	CARHR010620
OG0010258	Om005G187730	CARHR009540
OG0010259	Om005G187560	CARHR009440
OG0010260	Om005G187130	CARHR009020
OG0010261	Om005G187000	CARHR008890
OG0010262	Om005G186850	CARHR008730
OG0010263	Om005G185410	CARHR007410
OG0010264	Om003G100720, Om005G184290	CARHR006490
OG0010265	Om005G183930	CARHR006070
OG0010267	Om005G183130	CARHR005270
OG0010268	Om005G182810	CARHR004940
OG0010269	Om005G182780	CARHR054160, CARHR054150, CARHR004920
OG0010270	Om005G182460	CARHR004680
OG0010271	Om005G182450	CARHR004670
OG0010272	Om005G181990	CARHR004240
OG0010273	Om005G181930	CARHR004180
OG0010274	Om005G181650	CARHR003840
OG0010275	Om005G181440	CARHR003690
OG0010276	Om005G181050	CARHR003350
OG0010277	Om005G181010	CARHR003320
OG0010279	Om005G180810	CARHR003120
OG0010280	Om005G180840	CARHR003170
OG0010281	Om005G180220	CARHR005920, CARHR002620
OG0010282	Om005G179840	CARHR002330
OG0010283	Om005G179430	CARHR001960
OG0010284	Om005G179210, Om005G179250	CARHR001750
OG0010285	Om005G179300	CARHR001790
OG0010286	Om005G178440	CARHR000910
OG0010287	Om007G302010	CARHR199450
OG0010288	Om007G301550	CARHR199080
OG0010289	Om007G300920	CARHR198580
OG0010290	Om007G299560	CARHR197720
OG0010291	Om007G299820	CARHR197870
OG0010292	Om007G298230	CARHR196730
OG0010293	Om007G297960	CARHR196520
OG0010294	Om007G297970	CARHR196530
OG0010295	Om007G297850	CARHR196430
OG0010296	Om007G297340	CARHR195990
OG0010297	Om007G297260	CARHR195920
OG0010298	Om007G296710	CARHR195530
OG0010299	Om002G045630	CARHR078080
OG0010300	Om007G295940	CARHR194750
OG0010301	Om007G295100	CARHR193990
OG0010302	Om007G294790	CARHR193700
OG0010303	Om001G030760	CARHR241460
OG0010304	Om007G293380	CARHR185700
OG0010305	Om007G293220	CARHR185100
OG0010307	Om001G032820	CARHR185310
OG0010309	Om007G303720, Om007G303740	CARHR182110
OG0010310	Om007G303730	CARHR182130
OG0010311	Om007G304270	CARHR182640
OG0010312	Om007G303820	CARHR182240
OG0010314	Om002G050080	CARHR082020
OG0010315	Om004G161080	CARHR199770
OG0010316	Om004G169560	CARHR206130
OG0010317	Om003G099840, Om005G178300	CARHR034820
OG0010318	Om004G170250	CARHR206750, CARHR206760
OG0010319	Om004G170330	CARHR207130
OG0010320	Om004G170450	CARHR207010
OG0010321	Om004G171180	CARHR207490
OG0010322	Om004G171250	CARHR207590
OG0010323	Om004G171410	CARHR207690
OG0010324	Om004G171630	CARHR207840
OG0010325	Om004G171780, Om004G171730	CARHR207920
OG0010326	Om004G171830	CARHR207950
OG0010327	Om004G171920	CARHR208040
OG0010328	Om004G171930	CARHR208070
OG0010329	Om004G172220	CARHR208280
OG0010330	Om004G172200	CARHR208270
OG0010331	Om006G240610	CARHR187540
OG0010332	Om006G239850	CARHR188320
OG0010333	Om006G239260	CARHR188880
OG0010334	Om006G239130	CARHR188950
OG0010335	Om006G239220	CARHR188900
OG0010336	Om006G238710	CARHR189480
OG0010337	Om006G238650	CARHR189540
OG0010338	Om006G238430	CARHR189670
OG0010339	Om006G238100	CARHR189940
OG0010340	Om006G237480	CARHR190490
OG0010341	Om006G237290	CARHR274610
OG0010342	Om006G236660	CARHR275200
OG0010343	Om006G236540	CARHR275330
OG0010344	Om006G235700	CARHR276030
OG0010346	Om006G235450	CARHR276280
OG0010347	Om006G235100	CARHR276500
OG0010348	Om006G247930	CARHR272070
OG0010349	Om006G257350	CARHR160980
OG0010350	Om006G257860	CARHR160530
OG0010351	Om006G258180	CARHR160350
OG0010352	Om006G258190	CARHR160340
OG0010353	Om006G258720	CARHR159900
OG0010354	Om006G260120	CARHR158690
OG0010355	Om006G260850	CARHR158000
OG0010356	Om006G260950	CARHR157890
OG0010357	Om006G261780	CARHR157400
OG0010358	Om006G261890	CARHR157330
OG0010359	Om006G262330, Om005G214270	CARHR157240
OG0010360	Om006G262940	CARHR156970
OG0010361	Om006G263560	CARHR156700
OG0010362	Om006G263870	CARHR156490
OG0010363	Om005G184940	CARHR149900
OG0010364	Om006G267650	CARHR150990
OG0010365	Om006G268900	CARHR151500
OG0010366	Om006G269030	CARHR151580
OG0010367	Om006G268690	CARHR152720
OG0010368	Om004G134210	CARHR049880
OG0010369	Om006G231160	CARHR148440, CARHR108980
OG0010370	Om005G212000	CARHR060360
OG0010371	Om005G212290	CARHR060110
OG0010372	Om005G211270	CARHR060920
OG0010373	Om005G211680	CARHR060620
OG0010374	Om005G210650	CARHR061370
OG0010375	Om005G210590	CARHR061430
OG0010376	Om005G210340	CARHR061620
OG0010377	Om005G210460	CARHR061540
OG0010379	Om005G209750	CARHR062040
OG0010380	Om005G209700	CARHR062100
OG0010381	Om005G209470	CARHR062250
OG0010382	Om005G208080	CARHR063330
OG0010383	Om005G206800	CARHR064320
OG0010384	Om005G206600	CARHR064500
OG0010385	Om005G205990	CARHR291020
OG0010386	Om004G142920	CARHR065050
OG0010387	Om004G133430	CARHR071760
OG0010388	Om004G133990	CARHR071490
OG0010390	Om004G134500	CARHR071130
OG0010391	Om004G134850	CARHR070880
OG0010392	Om006G257230	CARHR161080
OG0010393	Om004G135120	CARHR070640
OG0010394	Om004G144610	CARHR070570
OG0010395	Om005G202240	CARHR020600
OG0010396	Om004G137730	CARHR068510
OG0010397	Om004G139980	CARHR067270
OG0010398	Om004G140020, Om004G140030	CARHR067240
OG0010399	Om004G140400	CARHR066960
OG0010400	Om004G140470	CARHR066900
OG0010401	Om004G140820	CARHR066710
OG0010402	Om004G140980	CARHR066580
OG0010403	Om004G141140	CARHR066470
OG0010404	Om004G141940	CARHR066020
OG0010405	Om004G142030	CARHR065940
OG0010407	Om004G142040	CARHR065930
OG0010408	Om004G142680	CARHR065250
OG0010409	Om004G132160	CARHR072760
OG0010410	Om004G131810	CARHR073060
OG0010411	Om004G131450	CARHR073460
OG0010412	Om004G130900	CARHR073820
OG0010413	Om004G130810	CARHR073890
OG0010414	Om004G130490	CARHR074000
OG0010415	Om004G130140	CARHR074280
OG0010416	Om004G130000, Om004G132560	CARHR074390
OG0010417	Om003G117110	CARHR268640
OG0010418	Om002G057130	CARHR087730
OG0010419	Om002G057370	CARHR087900
OG0010421	Om002G059110	CARHR089210
OG0010422	Om002G059390	CARHR089390
OG0010423	Om002G059430	CARHR089340
OG0010424	Om002G059470	CARHR043920, CARHR089290
OG0010425	Om002G059870	CARHR089750
OG0010426	Om006G241780	CARHR192760
OG0010427	Om002G060480	CARHR090240
OG0010428	Om002G060650	CARHR090380
OG0010429	Om002G060950	CARHR090590
OG0010430	Om002G061290	CARHR090750
OG0010431	Om002G062400	CARHR091570
OG0010432	Om003G100460	CARHR290730
OG0010433	Om002G063960	CARHR092670
OG0010434	Om002G064200	CARHR092910
OG0010435	Om002G064640	CARHR093240
OG0010436	Om002G065180	CARHR093610
OG0010437	Om002G065300	CARHR093700
OG0010438	Om002G065360	CARHR093740
OG0010439	Om002G065540	CARHR093880
OG0010440	Om002G065670	CARHR094010
OG0010441	Om002G065940	CARHR094200
OG0010442	Om002G066130	CARHR094350
OG0010443	Om002G066160	CARHR094380
OG0010444	Om002G066310	CARHR094490
OG0010445	Om003G098150	CARHR039540, CARHR039530
OG0010446	Om002G067060	CARHR095110
OG0010447	Om002G067100	CARHR095130
OG0010448	Om002G067260	CARHR095360
OG0010449	Om002G067270	CARHR095370
OG0010450	Om003G097090	CARHR040440
OG0010451	Om002G067840	CARHR095760
OG0010452	Om002G067870	CARHR095780
OG0010453	Om002G067880	CARHR095790
OG0010454	Om002G067930	CARHR095860
OG0010455	Om002G067940	CARHR095870
OG0010456	Om002G068200	CARHR096170, CARHR096150
OG0010457	Om002G068330	CARHR096290
OG0010458	Om002G068380	CARHR096340
OG0010459	Om002G068550	CARHR096470
OG0010460	Om002G069030	CARHR096890
OG0010461	Om002G069550	CARHR097420
OG0010462	Om002G069840	CARHR097670
OG0010463	Om002G069970	CARHR097810
OG0010464	Om002G070050	CARHR097850
OG0010466	Om002G071110	CARHR098620
OG0010467	Om002G073800	CARHR100410
OG0010468	Om002G071400	CARHR098880
OG0010469	Om002G071430	CARHR098900
OG0010470	Om002G071540	CARHR098950
OG0010471	Om002G071750	CARHR099060
OG0010472	Om002G071830	CARHR099160
OG0010474	Om002G073050	CARHR099890
OG0010475	Om002G073120	CARHR099990
OG0010476	Om002G073810	CARHR100420
OG0010477	Om002G075340	CARHR101770
OG0010478	Om001G007390	CARHR104010
OG0010479	Om002G081010	CARHR286460
OG0010480	Om002G081750	CARHR105830
OG0010481	Om005G184970, Om008G320470, Om003G097340	CARHR106260
OG0010482	Om002G082090	CARHR106290
OG0010483	Om002G082510	CARHR106660
OG0010484	Om002G083100	CARHR107190
OG0010485	Om002G083190	CARHR107210
OG0010486	Om002G083430	CARHR107360
OG0010487	Om002G083800	CARHR293590
OG0010488	Om002G085670	CARHR108970
OG0010489	Om002G087200	CARHR109960
OG0010490	Om002G087220, Om002G088680	CARHR109990
OG0010491	Om002G087380	CARHR110140, CARHR110150
OG0010492	Om002G087500	CARHR110250
OG0010494	Om002G087860	CARHR110580
OG0010495	Om001G023660	CARHR236720
OG0010496	Om002G087930	CARHR110690
OG0010497	Om002G088160	CARHR110900
OG0010498	Om002G088360	CARHR111130
OG0010499	Om002G088370	CARHR111140
OG0010500	Om003G089410	CARHR046000
OG0010501	Om003G089480	CARHR115860, CARHR045890
OG0010502	Om003G090060	CARHR045370
OG0010503	Om003G104550, Om003G104580	CARHR218470
OG0010504	Om003G095630	CARHR041800
OG0010505	Om006G257220	CARHR161090
OG0010506	Om003G096410	CARHR040970
OG0010507	Om003G096020	CARHR041380
OG0010508	Om003G096640	CARHR040810
OG0010509	Om003G096950	CARHR040540
OG0010510	Om003G097000	CARHR040480
OG0010511	Om003G097210	CARHR039580, CARHR039560
OG0010512	Om003G098130	CARHR039570
OG0010513	Om003G099090	CARHR038760
OG0010514	Om003G098760, Om003G097510, Om004G145440	CARHR039090
OG0010515	Om003G099390	CARHR284500
OG0010516	Om003G099590	CARHR038020
OG0010517	Om003G099820	CARHR037770
OG0010520	Om008G339930	CARHR128660
OG0010521	Om008G340060	CARHR128620
OG0010522	Om006G256560	CARHR161670
OG0010523	Om006G256530	CARHR161770
OG0010524	Om006G256510	CARHR161790
OG0010525	Om006G256270	CARHR161990
OG0010526	Om006G256250	CARHR162020
OG0010527	Om006G255910	CARHR162230
OG0010528	Om006G255400	CARHR162780
OG0010529	Om006G255390	CARHR162770
OG0010531	Om006G255330	CARHR162820
OG0010532	Om006G254970	CARHR163080
OG0010533	Om006G255060	CARHR162980
OG0010534	Om006G254980	CARHR163100
OG0010535	Om006G254560	CARHR163400
OG0010536	Om006G254440	CARHR163480
OG0010537	Om006G254010	CARHR163870
OG0010538	Om006G256710	CARHR161510
OG0010539	Om006G253370	CARHR164270
OG0010540	Om006G253030	CARHR164560
OG0010541	Om006G252790	CARHR164760
OG0010542	Om006G252460	CARHR165070
OG0010543	Om006G252440	CARHR165090
OG0010544	Om006G252170	CARHR165250
OG0010545	Om006G251560	CARHR165790
OG0010546	Om003G119830	CARHR167020
OG0010547	Om003G119840	CARHR167030
OG0010548	Om003G119890	CARHR167080
OG0010549	Om003G122290	CARHR168940
OG0010550	Om003G122310	CARHR168960
OG0010551	Om003G122510	CARHR169100
OG0010552	Om003G123040	CARHR169420
OG0010553	Om006G253380	CARHR164260
OG0010554	Om003G123930	CARHR170030
OG0010555	Om003G124100	CARHR170110
OG0010556	Om003G125130	CARHR170810
OG0010557	Om003G125570	CARHR171000
OG0010558	Om003G126160	CARHR171500
OG0010559	Om003G126170	CARHR171510
OG0010560	Om003G126310	CARHR171610
OG0010561	Om003G126390	CARHR171680
OG0010562	Om003G126700	CARHR171850
OG0010563	Om003G127270	CARHR172150
OG0010564	Om003G127360	CARHR172230
OG0010565	Om003G127370	CARHR172240
OG0010566	Om003G127440	CARHR172280
OG0010567	Om003G128110	CARHR172810
OG0010568	Om003G128670	CARHR173210
OG0010570	Om003G128980	CARHR173490
OG0010572	Om005G195960	CARHR015810
OG0010575	Om006G256540	CARHR161750
OG0010576	Om006G253290	CARHR164330
OG0010578	Om008G330590	CARHR135090
OG0010579	Om008G329230	CARHR135830
OG0010580	Om001G026060	CARHR238270
OG0010581	Om001G040520	CARHR247390
OG0010582	Om005G179850	CARHR002350
OG0010583	Om005G182870	CARHR004980, CARHR221140
OG0010585	Om005G185850	CARHR007760
OG0010586	Om005G187710	CARHR009520
OG0010587	Om005G191240	CARHR012290
OG0010589	Om005G204530	CARHR022430
OG0010590	Om005G207810	CARHR063590
OG0010591	Om005G210810	CARHR061280
OG0010592	Om005G211450	CARHR060800
OG0010594	Om005G225730, Om005G225760, Om006G272470	CARHR147450
OG0010595	Om007G284170	CARHR120690
OG0010596	Om002G074140	CARHR100640
OG0010597	Om002G070310, Om002G078990	CARHR097930
OG0010598	Om002G064300	CARHR092990
OG0010599	Om002G059090	CARHR089190
OG0010601	Om002G056510	CARHR087230
OG0010602	Om002G056280	CARHR087060
OG0010603	Om002G051960	CARHR083790
OG0010604	Om002G051480	CARHR083360
OG0010605	Om002G049920	CARHR081840
OG0010606	Om002G046840	CARHR079250
OG0010608	Om004G172060	CARHR208180
OG0010609	Om004G170200	CARHR206690, CARHR206700
OG0010610	Om004G156900	CARHR292840
OG0010611	Om004G155720	CARHR112930
OG0010613	Om001G003220	CARHR225850, CARHR290430
OG0010614	Om001G002700	CARHR225520
OG0010615	Om001G000270	CARHR224070
OG0010616	Om007G290390	CARHR029490
OG0010617	Om007G278830	CARHR126830
OG0010618	Om004G167060, Om006G233710	CARHR204200
OG0010619	Om007G298020, Om002G046240, Om004G166630	CARHR196560
OG0010621	Om007G302120	CARHR199560
OG0010622	Om007G300000	CARHR197980
OG0010622	Om007G299990	CARHR032730, CARHR032660
OG0010623	Om007G293230	CARHR185090
OG0010624	Om001G024580	CARHR237380
OG0010625	Om006G268610	CARHR150370
OG0010626	Om006G243680	CARHR191270
OG0010628	Om006G240590	CARHR187560
OG0010629	Om006G239280	CARHR188860
OG0010630	Om006G235620	CARHR276140
OG0010633	Om001G029390	CARHR024610, CARHR253970
OG0010634	Om001G014060, Om007G278060	CARHR035900
OG0010638	Om004G141800	CARHR066140
OG0010639	Om002G073280	CARHR100140
OG0010644	Om007G303430	CARHR185460
OG0010660	Om001G022210	CARHR235920
OG0010661	Om001G022390	CARHR236040
OG0010662	Om001G023040	CARHR236390
OG0010663	Om001G024280	CARHR237150
OG0010664	Om003G099440, Om001G025780	CARHR238160
OG0010665	Om001G026670	CARHR238580
OG0010666	Om001G041900	CARHR149670
OG0010667	Om002G058370, Om001G027270	CARHR238950
OG0010668	Om001G027530	CARHR239140
OG0010669	Om001G027860	CARHR239350
OG0010670	Om001G028360	CARHR239670
OG0010671	Om001G028940	CARHR240070
OG0010672	Om001G029540	CARHR240570
OG0010673	Om001G029790	CARHR240740
OG0010674	Om001G030520	CARHR241230
OG0010675	Om004G151400	CARHR241070
OG0010676	Om006G243650	CARHR191300
OG0010677	Om001G031730	CARHR242000
OG0010678	Om008G335400	CARHR132030
OG0010679	Om001G032300	CARHR242610
OG0010680	Om001G031960	CARHR242200
OG0010681	Om001G032700	CARHR242350
OG0010682	Om005G212530	CARHR059800
OG0010683	Om001G033470	CARHR243180
OG0010684	Om001G034100	CARHR243510
OG0010685	Om004G160890	CARHR199640
OG0010687	Om007G277260	CARHR031420
OG0010688	Om007G276500	CARHR223700
OG0010689	Om007G276440	CARHR223640
OG0010690	Om007G276410	CARHR223610
OG0010691	Om007G275890	CARHR223080
OG0010692	Om007G275830	CARHR222950
OG0010693	Om008G338190	CARHR129980
OG0010694	Om007G275740	CARHR222850
OG0010695	Om007G275670	CARHR222770
OG0010696	Om007G275630	CARHR222760
OG0010697	Om005G217180	CARHR289820
OG0010698	Om003G119380	CARHR166630
OG0010699	Om001G024150, Om001G024170, Om005G216980	CARHR289850
OG0010700	Om005G187500	CARHR009370
OG0010701	Om011G365480, Om005G217970, Om003G100710	CARHR054720
OG0010702	Om020G374430, Om011G365000	CARHR053990
OG0010703	Om008G336160	CARHR053820, CARHR278220
OG0010704	Om005G219180	CARHR284140
OG0010705	Om005G219770	CARHR053420
OG0010706	Om005G219720	CARHR053590, CARHR053580
OG0010707	Om005G219980	CARHR053240
OG0010708	Om005G220040	CARHR053180
OG0010709	Om005G220070	CARHR053070
OG0010710	Om005G220150	CARHR052990
OG0010711	Om005G220430	CARHR052780
OG0010712	Om005G220440	CARHR052770
OG0010713	Om005G220540	CARHR052750
OG0010714	Om005G220660, Om005G220610	CARHR052670
OG0010716	Om005G221210	CARHR052270
OG0010717	Om005G222050	CARHR052180
OG0010718	Om005G222720	CARHR051390
OG0010719	Om005G223300	CARHR050670
OG0010720	Om005G223550	CARHR050570
OG0010721	Om005G223950	CARHR050410
OG0010722	Om006G275460	CARHR143680
OG0010723	Om002G071440	CARHR144350
OG0010724	Om004G172760, Om006G273710, Om008G324050, Om002G053350	CARHR144810
OG0010725	Om002G086770	CARHR144980, CARHR215280
OG0010726	Om006G274570	CARHR145020
OG0010727	Om006G274520	CARHR145110
OG0010729	Om006G274400	CARHR145260
OG0010730	Om006G274000	CARHR145730
OG0010731	Om006G273290	CARHR260190, CARHR288520
OG0010732	Om005G193100	CARHR013750
OG0010733	Om006G272740	CARHR147020
OG0010734	Om005G192880	CARHR013560
OG0010735	Om006G272610	CARHR147130
OG0010736	Om006G272570	CARHR147240
OG0010737	Om006G272540	CARHR147360
OG0010738	Om006G271090	CARHR148950
OG0010739	Om006G271050	CARHR149060
OG0010740	Om006G269830	CARHR149650
OG0010741	Om006G270390	CARHR292630
OG0010742	Om005G228730	CARHR153200
OG0010743	Om005G213480	CARHR058730
OG0010744	Om005G215070	CARHR057110
OG0010745	Om005G215670	CARHR056280
OG0010746	Om002G045930	CARHR078390
OG0010747	Om003G108660	CARHR217090
OG0010749	Om007G307620, Om005G228910, Om007G307610	CARHR046220
OG0010750	Om005G228790	CARHR046320
OG0010751	Om005G228480	CARHR046510
OG0010753	Om005G228350	CARHR046620
OG0010754	Om005G227830	CARHR046760
OG0010755	Om005G227170	CARHR047030
OG0010756	Om005G226770	CARHR047640
OG0010757	Om005G225310	CARHR048900
OG0010758	Om002G056220, Om002G056230	CARHR087020, CARHR151140, CARHR050180, CARHR050200, CARHR050190
OG0010759	Om001G018440	CARHR233740
OG0010760	Om008G328410	CARHR136340
OG0010761	Om008G328910	CARHR136050
OG0010762	Om008G328870	CARHR136090
OG0010763	Om008G329380	CARHR135730
OG0010764	Om002G051470	CARHR083350
OG0010765	Om002G051610	CARHR083460
OG0010766	Om002G051990	CARHR083840
OG0010767	Om002G053000	CARHR129010, CARHR084640
OG0010768	Om002G053060	CARHR084700
OG0010769	Om002G053070	CARHR084710
OG0010770	Om001G005790	CARHR227110
OG0010771	Om002G053960	CARHR085390
OG0010772	Om001G036500	CARHR047390
OG0010773	Om002G054330	CARHR085620
OG0010774	Om001G030450	CARHR241200
OG0010775	Om002G055000	CARHR086070
OG0010777	Om002G055710	CARHR086650
OG0010778	Om002G055850	CARHR086760
OG0010779	Om002G055870	CARHR086770, CARHR215410
OG0010780	Om002G056090	CARHR086910
OG0010781	Om005G216000, Om002G056100	CARHR086900
OG0010782	Om003G108730, Om006G252180	CARHR287080
OG0010783	Om003G106860	CARHR293020
OG0010784	Om003G106840	CARHR258890
OG0010785	Om003G109530	CARHR258820
OG0010786	Om004G165410	CARHR258010
OG0010787	Om004G132170	CARHR258160
OG0010788	Om004G167510	CARHR258140
OG0010789	Om003G111420	CARHR257950
OG0010790	Om003G111850	CARHR257520
OG0010791	Om007G285950	CARHR257170
OG0010792	Om005G201670	CARHR256840
OG0010793	Om003G112490	CARHR264130
OG0010794	Om001G025420	CARHR264290
OG0010795	Om003G112830	CARHR264420
OG0010796	Om003G113050	CARHR264720
OG0010797	Om003G113390	CARHR265200, CARHR265170
OG0010798	Om003G114730	CARHR266350
OG0010799	Om006G259070	CARHR266220
OG0010800	Om003G115010	CARHR266580, CARHR286540
OG0010801	Om003G115270	CARHR266820
OG0010802	Om003G115860	CARHR267390
OG0010805	Om003G116370	CARHR268000
OG0010806	Om001G019540	CARHR234760
OG0010807	Om003G116680	CARHR268280
OG0010808	Om003G117570	CARHR268860
OG0010810	Om003G118120	CARHR269330
OG0010811	Om003G118480	CARHR269620
OG0010812	Om006G249820	CARHR270800
OG0010813	Om006G249640	CARHR270960
OG0010815	Om006G249080	CARHR271360
OG0010816	Om006G248470	CARHR271570
OG0010817	Om006G248200	CARHR271810
OG0010818	Om004G161790	CARHR200330
OG0010819	Om004G162240	CARHR200670
OG0010820	Om004G162730	CARHR201020
OG0010821	Om004G163140	CARHR201330
OG0010822	Om004G163350	CARHR201510
OG0010823	Om004G163450	CARHR201580
OG0010824	Om004G163510	CARHR201630
OG0010825	Om004G163600	CARHR201670
OG0010826	Om004G164260	CARHR202140
OG0010827	Om004G164290	CARHR202170
OG0010828	Om004G164510	CARHR202290
OG0010829	Om004G164580	CARHR202340
OG0010830	Om004G165070	CARHR202670
OG0010831	Om006G231620	CARHR279520
OG0010833	Om004G165970	CARHR203200
OG0010834	Om004G165980	CARHR203210
OG0010835	Om004G166420	CARHR203650
OG0010836	Om004G166650	CARHR203790
OG0010837	Om006G233280	CARHR278110
OG0010838	Om004G167490	CARHR204580
OG0010839	Om008G318590	CARHR143530
OG0010840	Om004G168930	CARHR205760
OG0010841	Om001G000080	CARHR223850
OG0010842	Om001G000710, Om001G000450, Om001G000500	CARHR224470
OG0010844	Om001G002210	CARHR225220
OG0010845	Om001G002500	CARHR225370
OG0010846	Om001G002580	CARHR225420
OG0010847	Om001G002660	CARHR225490
OG0010848	Om001G003100, Om001G003050	CARHR225810
OG0010849	Om001G003500	CARHR225980
OG0010850	Om001G003890, Om008G329030	CARHR226150
OG0010852	Om001G004790	CARHR226600
OG0010853	Om001G006240	CARHR227330
OG0010854	Om001G006360	CARHR227400
OG0010855	Om001G007040	CARHR227880
OG0010856	Om001G007440	CARHR228190
OG0010857	Om001G007490	CARHR228250
OG0010858	Om001G007830	CARHR228450
OG0010859	Om001G022200	CARHR235910
OG0010861	Om001G011580	CARHR231490
OG0010862	Om001G012160	CARHR032740
OG0010863	Om001G012360	CARHR032940
OG0010864	Om001G012420	CARHR033110
OG0010865	Om001G012480	CARHR033180
OG0010866	Om001G013540	CARHR034050
OG0010868	Om001G014940	CARHR134910
OG0010869	Om001G015360	CARHR035930
OG0010870	Om004G175520	CARHR035480
OG0010871	Om001G016000	CARHR035610
OG0010872	Om007G287310	CARHR036850
OG0010873	Om007G288340	CARHR027530
OG0010874	Om007G288560	CARHR027740
OG0010875	Om007G288850	CARHR027950
OG0010876	Om007G288860	CARHR027970
OG0010877	Om007G288910	CARHR028020
OG0010878	Om007G289240	CARHR028250
OG0010879	Om007G290720	CARHR029220
OG0010880	Om007G291050	CARHR029890
OG0010881	Om007G291270	CARHR030050
OG0010882	Om007G291420	CARHR054980
OG0010883	Om007G291670	CARHR030480, CARHR258260
OG0010884	Om001G034990	CARHR244010
OG0010885	Om001G035670, Om001G035690	CARHR244460
OG0010886	Om001G036080	CARHR244700
OG0010887	Om002G085560, Om001G023780	CARHR108870
OG0010888	Om001G036600	CARHR245010
OG0010889	Om001G036670	CARHR245060
OG0010890	Om001G038190	CARHR245830
OG0010891	Om001G038280	CARHR245910
OG0010892	Om001G039030	CARHR246340
OG0010893	Om001G039590	CARHR246730
OG0010894	Om001G039770	CARHR246910
OG0010895	Om001G040470	CARHR247350
OG0010896	Om001G040870	CARHR247690
OG0010897	Om001G041420	CARHR294360
OG0010898	Om001G041490	CARHR294310
OG0010899	Om004G156610	CARHR174220
OG0010900	Om004G156630	CARHR111820
OG0010901	Om001G041830	CARHR294060
OG0010902	Om001G041760	CARHR294100
OG0010903	Om001G041690	CARHR294160
OG0010904	Om001G041680	CARHR294170
OG0010905	Om001G041930	CARHR293940
OG0010906	Om007G313530	CARHR216560
OG0010907	Om001G039380	CARHR216390
OG0010909	Om002G071030	CARHR098570
OG0010910	Om007G314360	CARHR214970
OG0010911	Om007G314970	CARHR214100, CARHR262580
OG0010912	Om007G315010	CARHR264050, CARHR288770, CARHR283670
OG0010913	Om007G315190	CARHR263640
OG0010914	Om003G102170, Om007G315280	CARHR263390
OG0010915	Om007G315700	CARHR262630
OG0010916	Om008G339320	CARHR129160
OG0010917	Om007G291770, Om008G339240	CARHR129210
OG0010918	Om008G338950	CARHR129450
OG0010919	Om007G276610	CARHR032060
OG0010920	Om007G296420	CARHR260470
OG0010921	Om008G343290, Om002G073970	CARHR056930
OG0010922	Om008G344690	CARHR259570
OG0010923	Om005G228760	CARHR259330
OG0010924	Om008G344890	CARHR259460
OG0010925	Om008G340310	CARHR128360
OG0010926	Om008G336840	CARHR128170
OG0010927	Om008G340680	CARHR127970
OG0010928	Om005G190040	CARHR127910
OG0010929	Om008G341260	CARHR180430
OG0010930	Om008G342010	CARHR181740
OG0010931	Om002G086910	CARHR181640
OG0010932	Om008G342240	CARHR181620
OG0010933	Om008G342340	CARHR181570
OG0010934	Om008G342650	CARHR181930
OG0010935	Om008G347050	CARHR261230
OG0010936	Om008G349980	CARHR255830
OG0010937	Om008G351270	CARHR255310
OG0010938	Om008G352370	CARHR254320
OG0010939	Om008G353870	CARHR253080
OG0010940	Om008G354420	CARHR252690
OG0010941	Om008G354530	CARHR252610
OG0010942	Om008G354620	CARHR252570
OG0010943	Om008G354770	CARHR252540
OG0010944	Om008G356200	CARHR178590
OG0010945	Om005G211500	CARHR060770
OG0010946	Om008G358460	CARHR176490
OG0010947	Om008G358710	CARHR176260
OG0010948	Om007G308920, Om003G110290, Om008G358830	CARHR176180
OG0010949	Om008G360050, Om003G110680	CARHR175340
OG0010950	Om008G361190	CARHR174810
OG0010951	Om008G361990	CARHR174300
OG0010952	Om007G302840, Om005G212690	CARHR173560
OG0010953	Om008G362480	CARHR173980
OG0010954	Om002G076080	CARHR102260
OG0010955	Om002G075980, Om005G196560	CARHR102200
OG0010956	Om003G105460	CARHR216740
OG0010957	Om002G075880	CARHR102090
OG0010959	Om003G105070	CARHR134640, CARHR134650
OG0010960	Om003G104090	CARHR218970
OG0010961	Om003G103690	CARHR219750
OG0010962	Om004G169700	CARHR219770
OG0010963	Om004G156830, Om007G301120	CARHR219920
OG0010964	Om003G103570	CARHR220020, CARHR220010
OG0010965	Om006G254580	CARHR056230
OG0010967	Om003G101500	CARHR222220
OG0010968	Om007G316360	CARHR262180
OG0010969	Om007G316380	CARHR262140
OG0010970	Om007G316480	CARHR102570
OG0010971	Om007G316530, Om007G316540	CARHR102620
OG0010972	Om007G316550	CARHR102650
OG0010973	Om008G351320, Om007G316580	CARHR261970
OG0010974	Om007G316960	CARHR261590
OG0010975	Om007G317040	CARHR149540, CARHR261510
OG0010976	Om007G317140	CARHR261410
OG0010977	Om007G317290	CARHR261320
OG0010978	Om008G362900	CARHR212820
OG0010979	Om006G234790	CARHR212500
OG0010980	Om008G318880	CARHR143280
OG0010981	Om008G318950	CARHR143230
OG0010982	Om008G318970	CARHR143190
OG0010983	Om008G319400	CARHR142860
OG0010984	Om008G319520	CARHR142780
OG0010985	Om008G319630	CARHR142690
OG0010986	Om008G319860	CARHR142570
OG0010987	Om008G320390, Om009G363490, Om007G306320	CARHR142090
OG0010988	Om008G321190	CARHR141430
OG0010989	Om008G321720	CARHR140960
OG0010990	Om008G321820	CARHR140870
OG0010991	Om008G321830	CARHR140860
OG0010992	Om008G322310	CARHR140490
OG0010993	Om008G322690	CARHR140280
OG0010994	Om008G323160	CARHR139860
OG0010995	Om008G323170	CARHR139850
OG0010996	Om008G323280	CARHR139750
OG0010997	Om008G323440	CARHR139580
OG0010998	Om003G123700	CARHR169830
OG0010999	Om005G210880	CARHR061250
OG0011000	Om008G326010	CARHR137980
OG0011001	Om008G326130	CARHR137900
OG0011002	Om008G326340	CARHR137760
OG0011003	Om008G326840	CARHR137360
OG0011004	Om008G327530	CARHR136910
OG0011005	Om008G327410	CARHR136850
OG0011006	Om008G327310	CARHR136770
OG0011007	Om008G327300	CARHR136760
OG0011008	Om008G327830	CARHR136700
OG0011009	Om008G327860	CARHR136670
OG0011010	Om004G177080	CARHR212120
OG0011011	Om004G177030	CARHR212070
OG0011012	Om004G177020	CARHR212060
OG0011013	Om004G176950	CARHR212000
OG0011014	Om004G176930	CARHR211970
OG0011015	Om004G176900	CARHR211940
OG0011016	Om007G302700	CARHR251830
OG0011017	Om004G175920	CARHR211160
OG0011018	Om004G175600	CARHR210840
OG0011019	Om004G175500	CARHR210750
OG0011020	Om004G175450	CARHR210710
OG0011021	Om003G106460, Om004G175130	CARHR210480
OG0011022	Om004G174500	CARHR210030
OG0011023	Om004G174370	CARHR209940
OG0011024	Om004G173560, Om004G173550	CARHR209310
OG0011026	Om006G240850	CARHR187150
OG0011027	Om006G241880	CARHR192660
OG0011028	Om006G229000	CARHR281770
OG0011029	Om006G242320	CARHR192210
OG0011031	Om006G242720	CARHR191920
OG0011032	Om005G219320, Om006G242980	CARHR191750
OG0011033	Om006G243270	CARHR191560
OG0011034	Om006G243320	CARHR191520
OG0011035	Om006G243930	CARHR191040
OG0011036	Om006G255090, Om006G243940	CARHR191030
OG0011037	Om006G244690	CARHR274330
OG0011038	Om006G244750	CARHR274290
OG0011039	Om006G244880	CARHR274160
OG0011042	Om006G246130	CARHR285850
OG0011043	Om006G247080	CARHR272880
OG0011044	Om006G234000, Om005G206250	CARHR277500
OG0011045	Om006G233700	CARHR277770
OG0011046	Om006G233360	CARHR278070
OG0011047	Om006G233370	CARHR278080
OG0011048	Om006G233250	CARHR278150
OG0011049	Om006G232790	CARHR278600
OG0011050	Om006G258420	CARHR160100
OG0011051	Om006G229910	CARHR280980
OG0011052	Om006G229900	CARHR280990
OG0011053	Om006G229610	CARHR281240
OG0011054	Om006G229240	CARHR281520
OG0011055	Om006G229100	CARHR281680
OG0011056	Om006G228940	CARHR053030
OG0011057	Om004G157720	CARHR248730
OG0011058	Om004G157710	CARHR248720
OG0011059	Om004G157480	CARHR248450
OG0011060	Om004G157340	CARHR248350
OG0011062	Om004G158690	CARHR250210
OG0011063	Om004G158770	CARHR250110
OG0011064	Om004G158780	CARHR250090
OG0011065	Om004G158820	CARHR250070
OG0011066	Om004G158870	CARHR057280
OG0011067	Om004G158900	CARHR249980
OG0011068	Om004G159030	CARHR249830
OG0011070	Om004G159250	CARHR249640
OG0011071	Om004G159520	CARHR250430
OG0011072	Om004G159890	CARHR250690
OG0011073	Om004G159930	CARHR250730
OG0011074	Om004G160020	CARHR250840
OG0011076	Om004G160380	CARHR251160
OG0011077	Om007G302750	CARHR251790
OG0011078	Om007G277590	CARHR179550
OG0011079	Om007G278710	CARHR126940
OG0011080	Om004G157290	CARHR171470
OG0011081	Om007G278900	CARHR126750
OG0011082	Om007G278780	CARHR126010, CARHR126000, CARHR126870
OG0011083	Om007G278770	CARHR126890, CARHR126880
OG0011084	Om007G279680	CARHR125900
OG0011085	Om007G280760	CARHR124790
OG0011086	Om007G281050	CARHR124480
OG0011087	Om007G281430	CARHR123980
OG0011088	Om007G282200	CARHR123110
OG0011089	Om007G282380	CARHR122900
OG0011090	Om007G282550	CARHR122690
OG0011091	Om007G283140	CARHR122070
OG0011092	Om007G283460	CARHR131580, CARHR121620
OG0011093	Om007G283740	CARHR121260
OG0011094	Om007G283800	CARHR121180
OG0011095	Om007G284000	CARHR120830
OG0011096	Om007G284540	CARHR121470
OG0011097	Om007G285220	CARHR119150
OG0011098	Om007G284830	CARHR119830
OG0011099	Om007G285270	CARHR119070
OG0011100	Om007G285280	CARHR119060
OG0011101	Om007G308090	CARHR183890
OG0011102	Om004G149290	CARHR203450
OG0011103	Om004G147390	CARHR026160
OG0011104	Om003G094040	CARHR115510
OG0011105	Om001G019380	CARHR234580
OG0011106	Om002G042800	CARHR075590, CARHR075600
OG0011107	Om002G042690	CARHR075480
OG0011108	Om002G042430, Om008G349300	CARHR075210
OG0011109	Om007G281940	CARHR123440
OG0011110	Om002G088660	CARHR074850
OG0011111	Om008G328060	CARHR136510
OG0011112	Om008G328110	CARHR136490
OG0011113	Om001G018880	CARHR234400
OG0011114	Om001G018840	CARHR234360
OG0011115	Om001G018830	CARHR234350
OG0011117	Om002G044010	CARHR076680
OG0011118	Om002G044090	CARHR076750
OG0011119	Om002G044360	CARHR076970
OG0011120	Om006G241280	CARHR193330
OG0011121	Om002G045310	CARHR077820
OG0011122	Om002G046170	CARHR078590
OG0011123	Om002G047050	CARHR079400
OG0011124	Om002G046960	CARHR079310
OG0011125	Om002G047160	CARHR079480
OG0011126	Om002G047560	CARHR079780, CARHR079800
OG0011128	Om002G048460	CARHR080550
OG0011129	Om002G048540	CARHR080610
OG0011130	Om008G334020	CARHR103080
OG0011131	Om002G049010	CARHR080950
OG0011132	Om002G050170	CARHR082090
OG0011133	Om002G050790	CARHR082710
OG0011134	Om002G050960	CARHR082850
OG0011135	Om002G051390	CARHR083290
OG0011136	Om002G051400	CARHR083300
OG0011137	Om008G329610	CARHR135610
OG0011138	Om008G330810	CARHR134950
OG0011139	Om008G331440	CARHR134570
OG0011140	Om008G332790	CARHR133730
OG0011141	Om008G333160	CARHR133490, CARHR125840
OG0011142	Om008G337790	CARHR130260
OG0011143	Om008G337470	CARHR130480, CARHR182760
OG0011144	Om008G336290, Om004G149220	CARHR131470
OG0011145	Om008G335820	CARHR132270
OG0011146	Om008G335700	CARHR132170
OG0011147	Om008G335230	CARHR131930
OG0011148	Om008G335040	CARHR131770
OG0011149	Om008G334770	CARHR132470
OG0011150	Om008G334080	CARHR132850
OG0011151	Om008G333590	CARHR133210
OG0011152	Om008G333600	CARHR133200
OG0011153	Om005G196830	CARHR016460
OG0011154	Om005G196950	CARHR016530
OG0011156	Om005G197280	CARHR016840
OG0011157	Om005G198310	CARHR017770
OG0011158	Om005G198330	CARHR017790
OG0011159	Om005G199010	CARHR018270
OG0011160	Om005G199040	CARHR018300
OG0011163	Om005G201770	CARHR020310
OG0011164	Om005G202210	CARHR020580
OG0011165	Om005G202480, Om008G325310	CARHR020830
OG0011166	Om005G203600	CARHR021750
OG0011167	Om005G186470	CARHR022120
OG0011168	Om005G205420, Om005G205460	CARHR023240
OG0011169	Om004G144400	CARHR024170
OG0011170	Om004G144760	CARHR024540
OG0011171	Om004G145000	CARHR024800
OG0011172	Om004G145390	CARHR025130
OG0011173	Om004G146170	CARHR025420
OG0011174	Om002G056620	CARHR087310
OG0011176	Om004G147250	CARHR026090
OG0011177	Om005G228230, Om005G228240	CARHR026260
OG0011178	Om005G211730	CARHR026440
OG0011181	Om004G148350	CARHR026980
OG0011183	Om005G178220	CARHR000720
OG0011185	Om008G355850	CARHR286860
OG0011186	Om007G286060	CARHR232560
OG0011187	Om007G286640	CARHR233040
OG0011190	Om007G316430, Om007G316460	CARHR262090
OG0011191	Om004G153120, Om018G373820	CARHR118160
OG0011193	Om004G154860	CARHR114630
OG0011194	Om004G154370	CARHR114190
OG0011195	Om004G153590	CARHR113240
OG0011196	Om004G155730	CARHR112920
OG0011197	Om004G155900	CARHR112620
OG0011198	Om004G156400	CARHR112010
OG0011199	Om005G194450	CARHR014770
OG0011200	Om005G194360	CARHR014680
OG0011201	Om005G194180	CARHR014540
OG0011202	Om005G193880	CARHR014290
OG0011203	Om005G193680	CARHR014100
OG0011204	Om005G192520	CARHR013290
OG0011205	Om005G192390	CARHR013170
OG0011207	Om005G191250, Om005G204040	CARHR012300
OG0011208	Om005G191030	CARHR012140
OG0011209	Om005G190540	CARHR011810, CARHR011800
OG0011210	Om005G189660	CARHR011110
OG0011211	Om005G189110	CARHR010660
OG0011212	Om005G188840	CARHR010450
OG0011213	Om005G188510	CARHR010150
OG0011214	Om005G187060	CARHR008950
OG0011215	Om007G276090	CARHR223240
OG0011216	Om005G186890	CARHR008770
OG0011217	Om005G186710	CARHR008590
OG0011218	Om007G286910	CARHR037450
OG0011219	Om002G076730, Om005G186040	CARHR007920
OG0011220	Om005G185010	CARHR007050
OG0011221	Om005G184860, Om005G184850	CARHR006980
OG0011222	Om007G297830, Om005G184380	CARHR006580
OG0011223	Om007G276700, Om005G183850	CARHR005990
OG0011224	Om005G183480	CARHR005580
OG0011225	Om005G183440	CARHR005530
OG0011226	Om001G027580, Om007G307260, Om005G183410	CARHR005500, CARHR038440
OG0011227	Om005G183360	CARHR005470
OG0011228	Om005G182940	CARHR005070
OG0011230	Om005G182770	CARHR004910
OG0011231	Om005G181840	CARHR004080
OG0011232	Om005G181540	CARHR003930
OG0011233	Om005G180970	CARHR003290
OG0011234	Om005G180460	CARHR002890
OG0011235	Om005G180520	CARHR002950
OG0011236	Om005G180800	CARHR003110
OG0011237	Om005G180270	CARHR002730
OG0011238	Om005G180210	CARHR002590, CARHR005950
OG0011239	Om005G180090	CARHR002530
OG0011240	Om005G180050	CARHR002490
OG0011241	Om005G219210, Om005G179720	CARHR002260
OG0011242	Om005G179530	CARHR002050
OG0011243	Om005G179420	CARHR001940
OG0011244	Om005G179350	CARHR001870
OG0011245	Om005G178680	CARHR001230
OG0011246	Om005G177750	CARHR000330
OG0011247	Om007G301930	CARHR199390
OG0011248	Om007G301500	CARHR199020
OG0011249	Om007G301650	CARHR199150
OG0011250	Om007G301840	CARHR199310
OG0011251	Om007G300960	CARHR198610
OG0011252	Om007G300050	CARHR198020
OG0011253	Om007G298380	CARHR196880
OG0011254	Om007G298250	CARHR196750
OG0011255	Om007G297950	CARHR196510
OG0011256	Om007G297120	CARHR195810
OG0011257	Om007G297160	CARHR195840
OG0011258	Om007G296460	CARHR195330
OG0011259	Om005G211160, Om005G211120	CARHR055340, CARHR060980
OG0011260	Om007G295880	CARHR194630
OG0011261	Om007G295780	CARHR194540
OG0011262	Om007G295470	CARHR194410
OG0011263	Om007G294960	CARHR193910
OG0011264	Om007G294480	CARHR186980
OG0011265	Om007G294290	CARHR186800
OG0011267	Om007G294200	CARHR186630
OG0011268	Om007G294030	CARHR186340
OG0011269	Om007G293480	CARHR259100, CARHR185870
OG0011270	Om007G303290	CARHR185340
OG0011272	Om020G374630, Om007G303520	CARHR288030
OG0011275	Om007G290150	CARHR182370, CARHR182330
OG0011276	Om007G309290, Om010G364910	CARHR183610
OG0011277	Om004G161310	CARHR199920
OG0011278	Om004G169670	CARHR206230
OG0011279	Om004G170520	CARHR206940
OG0011281	Om004G171390	CARHR034480
OG0011282	Om004G171490	CARHR207770
OG0011283	Om004G171540	CARHR207790
OG0011284	Om004G171640, Om004G137240	CARHR207850
OG0011285	Om002G055880	CARHR086780
OG0011286	Om004G172880	CARHR208820
OG0011287	Om006G240750	CARHR187360
OG0011288	Om006G240370	CARHR187790
OG0011289	Om006G240380	CARHR187780
OG0011290	Om006G240110	CARHR188100
OG0011291	Om006G239950	CARHR188250
OG0011292	Om006G239490	CARHR188600
OG0011293	Om006G239350	CARHR188790
OG0011294	Om006G238840	CARHR189300
OG0011295	Om006G238690	CARHR189500
OG0011297	Om006G238330	CARHR189770
OG0011298	Om006G237040	CARHR274810
OG0011299	Om006G236490	CARHR275390
OG0011300	Om006G235070	CARHR276510
OG0011301	Om006G247240	CARHR272740
OG0011302	Om006G247350	CARHR272660
OG0011303	Om006G247820	CARHR272210
OG0011304	Om006G247840	CARHR272190
OG0011305	Om006G247950	CARHR272060
OG0011306	Om006G257670	CARHR160690
OG0011307	Om006G258400	CARHR160120
OG0011308	Om006G258410	CARHR160110
OG0011309	Om006G258440, Om006G258560	CARHR160080
OG0011310	Om006G258640	CARHR159960, CARHR159950
OG0011311	Om006G258660	CARHR159930
OG0011312	Om006G259650	CARHR158920
OG0011313	Om006G260980	CARHR157850
OG0011314	Om006G261810	CARHR157390
OG0011315	Om006G261850, Om004G145800, Om004G145880	CARHR157360
OG0011316	Om006G263090	CARHR162400, CARHR156910
OG0011317	Om005G194110	CARHR014300
OG0011318	Om006G267190	CARHR154660
OG0011319	Om006G267210	CARHR154620
OG0011321	Om006G267670	CARHR150920
OG0011322	Om006G269080	CARHR104350
OG0011323	Om006G268300	CARHR153710
OG0011324	Om006G267580	CARHR153600
OG0011325	Om007G317690	CARHR213670
OG0011326	Om005G211330	CARHR060880
OG0011327	Om005G211410	CARHR060830
OG0011328	Om005G211760	CARHR060570
OG0011329	Om005G210630	CARHR061390
OG0011330	Om005G210540	CARHR061470
OG0011331	Om005G209180	CARHR062550
OG0011332	Om005G209000	CARHR062690
OG0011333	Om004G143190	CARHR064850
OG0011334	Om005G207740	CARHR063630
OG0011335	Om005G207550	CARHR063740
OG0011336	Om005G207460	CARHR063780
OG0011337	Om005G207160	CARHR064020
OG0011338	Om005G206860	CARHR064280
OG0011339	Om005G206210	CARHR291170
OG0011340	Om005G206090	CARHR291110
OG0011341	Om005G205940	CARHR290980
OG0011342	Om004G143130	CARHR064900
OG0011343	Om004G133480	CARHR071710
OG0011344	Om004G133510	CARHR071680
OG0011345	Om004G134100	CARHR071390
OG0011346	Om004G134840	CARHR070890
OG0011347	Om005G203550	CARHR021710
OG0011348	Om004G136240	CARHR069920
OG0011349	Om004G137550	CARHR069130
OG0011350	Om004G137590	CARHR069100
OG0011351	Om001G025070	CARHR292020
OG0011352	Om007G287750	CARHR036470
OG0011353	Om008G342810	CARHR194620
OG0011354	Om004G137930	CARHR068690
OG0011355	Om004G137690	CARHR068490
OG0011356	Om004G138550	CARHR068160
OG0011357	Om004G139490	CARHR067730
OG0011358	Om004G139590	CARHR067650
OG0011359	Om006G260540, Om006G260490, Om004G140220	CARHR067090
OG0011360	Om004G140290	CARHR067040
OG0011361	Om004G142310	CARHR065630
OG0011362	Om004G130640	CARHR073930
OG0011364	Om004G130400	CARHR074820
OG0011365	Om004G130010	CARHR074380
OG0011366	Om002G056820	CARHR087450
OG0011367	Om002G056890	CARHR087510
OG0011368	Om002G057120	CARHR087720
OG0011369	Om002G057180	CARHR087760
OG0011370	Om002G057200	CARHR087780
OG0011371	Om002G057730	CARHR088160
OG0011372	Om002G058100	CARHR088470
OG0011373	Om002G058260	CARHR088570
OG0011374	Om002G058650	CARHR088840
OG0011375	Om002G058760	CARHR088930
OG0011376	Om002G058990	CARHR089120
OG0011377	Om002G059460	CARHR089300
OG0011378	Om003G092690	CARHR043810
OG0011379	Om003G106550, Om002G060050	CARHR089850
OG0011380	Om002G060130	CARHR089920, CARHR089940
OG0011381	Om002G060280	CARHR090080
OG0011382	Om002G060500	CARHR090260
OG0011383	Om002G060580	CARHR090320
OG0011384	Om002G060680	CARHR090400
OG0011385	Om002G060830	CARHR090520
OG0011386	Om002G062110	CARHR091420
OG0011387	Om002G062290	CARHR091530
OG0011388	Om002G062380	CARHR091550
OG0011389	Om002G062410	CARHR091580, CARHR091590
OG0011390	Om002G063970	CARHR092680
OG0011391	Om002G064460	CARHR093060
OG0011392	Om002G064660, Om001G018250	CARHR093250
OG0011393	Om002G065170, Om002G065150	CARHR093580
OG0011394	Om002G065590	CARHR093930
OG0011395	Om001G035790	CARHR094140
OG0011396	Om002G066230	CARHR094430
OG0011397	Om002G066500	CARHR094590
OG0011398	Om002G066650	CARHR094700
OG0011399	Om002G066660	CARHR094710
OG0011400	Om002G066690	CARHR094770
OG0011401	Om002G067150	CARHR095210
OG0011402	Om002G067910	CARHR095840
OG0011403	Om002G068140, Om004G147820	CARHR096130
OG0011404	Om002G068250	CARHR096230
OG0011405	Om002G068590	CARHR096550
OG0011406	Om002G069230	CARHR097110
OG0011407	Om002G069880	CARHR097720
OG0011408	Om002G069940	CARHR097800
OG0011409	Om002G070360	CARHR097960
OG0011410	Om006G267960	CARHR098080
OG0011411	Om002G070830	CARHR098400
OG0011412	Om002G070910	CARHR098430
OG0011413	Om002G071680	CARHR099010
OG0011414	Om002G072010, Om002G072060, Om002G071980	CARHR099210
OG0011415	Om002G073140	CARHR100020
OG0011416	Om004G131850, Om002G073790	CARHR100400
OG0011417	Om002G074260	CARHR100800
OG0011418	Om002G074770	CARHR101330
OG0011419	Om002G075080	CARHR101540
OG0011420	Om002G075440	CARHR102020
OG0011421	Om002G077120	CARHR102760
OG0011422	Om002G078970	CARHR104070
OG0011423	Om003G103480	CARHR103900
OG0011424	Om002G077810	CARHR103860
OG0011425	Om006G271480	CARHR103770
OG0011426	Om005G206180	CARHR103410
OG0011427	Om002G077480	CARHR103280
OG0011428	Om002G079130	CARHR065130
OG0011429	Om002G081760	CARHR105840
OG0011430	Om002G082150	CARHR106370
OG0011431	Om002G082190	CARHR106470
OG0011432	Om002G084260	CARHR107770
OG0011433	Om002G084870	CARHR108490
OG0011434	Om002G085760	CARHR109070
OG0011435	Om002G085630	CARHR108940
OG0011436	Om002G086360	CARHR109450
OG0011437	Om002G086970	CARHR109850
OG0011438	Om002G087100	CARHR109940
OG0011439	Om002G087510	CARHR110260
OG0011440	Om002G087800	CARHR110500
OG0011441	Om002G087940	CARHR110700, CARHR174390
OG0011442	Om002G088230	CARHR111030
OG0011443	Om002G088630	CARHR053830, CARHR111540
OG0011444	Om008G326090	CARHR111470
OG0011445	Om003G091600	CARHR044380
OG0011447	Om003G092830	CARHR043680
OG0011449	Om003G095230	CARHR042120
OG0011451	Om003G095440, Om008G329900, Om008G329880	CARHR041950
OG0011452	Om002G068030	CARHR095980
OG0011453	Om003G098160	CARHR039520
OG0011454	Om003G099370	CARHR038180
OG0011455	Om003G099930	CARHR037680
OG0011456	Om003G100290	CARHR222540
OG0011458	Om008G339710	CARHR128890
OG0011459	Om008G339720	CARHR128880
OG0011460	Om001G004910	CARHR128720
OG0011461	Om008G340140	CARHR128540
OG0011462	Om006G256460	CARHR161840
OG0011463	Om006G256320	CARHR161950
OG0011464	Om007G290380	CARHR029500
OG0011465	Om006G255470	CARHR162730
OG0011466	Om006G255420, Om006G255430	CARHR162750
OG0011467	Om006G255300	CARHR162860
OG0011468	Om006G255050	CARHR162990
OG0011469	Om001G021920	CARHR235740
OG0011470	Om006G253980, Om006G254000	CARHR163880
OG0011471	Om006G253020	CARHR164580
OG0011472	Om006G252760	CARHR164820
OG0011473	Om006G252190	CARHR165240
OG0011474	Om006G251470	CARHR165820
OG0011475	Om006G251260	CARHR165960
OG0011476	Om003G119850	CARHR167040
OG0011478	Om003G120140	CARHR167270
OG0011479	Om003G120660	CARHR167700
OG0011480	Om003G121480	CARHR168390
OG0011481	Om003G121600	CARHR168540
OG0011482	Om005G186740	CARHR008620
OG0011483	Om003G123750	CARHR169870
OG0011485	Om003G125120	CARHR170800
OG0011486	Om003G125690	CARHR171060
OG0011487	Om003G126010	CARHR171370
OG0011488	Om008G321510	CARHR141130
OG0011489	Om003G126910	CARHR171980
OG0011490	Om003G127100	CARHR172070
OG0011491	Om003G127110	CARHR172080
OG0011492	Om003G127240	CARHR172120
OG0011493	Om003G127470	CARHR172310
OG0011494	Om003G127910	CARHR172620
OG0011495	Om003G128010	CARHR172730
OG0011496	Om003G128100	CARHR172800
OG0011497	Om003G128340	CARHR172980
OG0011498	Om003G128800	CARHR173310
OG0011499	Om003G128940	CARHR173450
OG0011500	Om003G129180	CARHR291630
OG0011501	Om003G129400	CARHR291410
OG0011502	Om004G152690, Om008G340240	CARHR119460
OG0011503	Om006G257690	CARHR160660
OG0011505	Om006G258100	CARHR160460
OG0011507	Om006G256920	CARHR161330
OG0011508	Om006G251760	CARHR165610
OG0011509	Om003G124710	CARHR170490
OG0011510	Om003G127280	CARHR172160
OG0011511	Om008G359150	CARHR175940
OG0011513	Om005G195210	CARHR100360
OG0011514	Om008G340880	CARHR127730
OG0011516	Om004G136790	CARHR069480
OG0011517	Om004G140990, Om004G141000	CARHR066570
OG0011518	Om004G141010	CARHR066540
OG0011519	Om001G020060	CARHR234980
OG0011520	Om001G022660	CARHR236180
OG0011521	Om001G025140	CARHR237810
OG0011523	Om005G183100	CARHR054170
OG0011523	Om005G183090	CARHR005220
OG0011524	Om005G186070	CARHR007950
OG0011525	Om005G186170	CARHR008060, CARHR008070
OG0011526	Om005G190050, Om005G190060	CARHR011440
OG0011527	Om005G224050	CARHR050140
OG0011528	Om005G193410	CARHR013920
OG0011529	Om005G195070	CARHR015160
OG0011530	Om005G197130	CARHR016730
OG0011531	Om005G198380	CARHR017820, CARHR261670
OG0011532	Om005G198700	CARHR018010
OG0011533	Om005G203010	CARHR021290
OG0011534	Om005G204100	CARHR022050
OG0011535	Om005G204620	CARHR022480
OG0011536	Om005G206190	CARHR216690
OG0011537	Om005G210930	CARHR061240
OG0011539	Om005G212810	CARHR059680
OG0011540	Om008G344520	CARHR121690
OG0011543	Om007G276620, Om007G276630	CARHR032040, CARHR032050
OG0011544	Om002G088040	CARHR110780
OG0011545	Om002G088490	CARHR111310
OG0011546	Om002G086960	CARHR109840
OG0011548	Om002G057950	CARHR088330
OG0011549	Om002G052690	CARHR084450
OG0011550	Om004G177110	CARHR212150
OG0011551	Om004G173630	CARHR209370
OG0011552	Om004G173060	CARHR208960
OG0011554	Om001G011250	CARHR231330, CARHR231320
OG0011555	Om001G009930, Om001G009950	CARHR230080
OG0011556	Om007G290910	CARHR029760
OG0011557	Om007G287940	CARHR027200
OG0011558	Om007G280870	CARHR124690
OG0011559	Om004G164540	CARHR202300
OG0011560	Om003G116970	CARHR268480
OG0011561	Om004G162150	CARHR200600
OG0011563	Om003G115100	CARHR266660
OG0011564	Om003G117010	CARHR268510
OG0011566	Om006G248010	CARHR271990
OG0011567	Om006G241760	CARHR192780
OG0011568	Om006G241360	CARHR193160
OG0011569	Om006G241230	CARHR064710
OG0011570	Om006G240970	CARHR193450
OG0011571	Om006G233480, Om006G233490	CARHR277970
OG0011575	Om004G146600	CARHR025700
OG0011578	Om005G211250	CARHR060940
OG0011582	Om007G282030	CARHR123340
OG0011586	Om001G032020, Om001G032050	CARHR242720
OG0011589	Om007G299330	CARHR284620
OG0011603	Om001G023290	CARHR236490
OG0011604	Om001G023310	CARHR236500
OG0011605	Om001G023790	CARHR236800
OG0011607	Om001G023490	CARHR236640
OG0011608	Om001G024340	CARHR237190
OG0011609	Om001G024950	CARHR237690
OG0011610	Om002G086050	CARHR109260
OG0011611	Om001G026080	CARHR238290
OG0011612	Om001G026270	CARHR238380
OG0011613	Om001G026310	CARHR238410
OG0011614	Om001G026380	CARHR238430
OG0011615	Om007G304090	CARHR238450
OG0011616	Om001G026710	CARHR238600
OG0011617	Om001G027030	CARHR238830
OG0011618	Om001G027940	CARHR239410
OG0011619	Om005G186800	CARHR008680
OG0011620	Om001G028460	CARHR239740
OG0011621	Om001G029510	CARHR240530
OG0011622	Om001G029550	CARHR240580
OG0011623	Om008G339840	CARHR128740
OG0011624	Om001G029930	CARHR240850
OG0011625	Om006G243220	CARHR191600
OG0011626	Om001G031680, Om003G117860	CARHR241960, CARHR235650
OG0011627	Om005G206410	CARHR064630
OG0011628	Om006G241800	CARHR192740
OG0011629	Om001G032450	CARHR242530
OG0011630	Om001G032840	CARHR242920
OG0011631	Om001G034230	CARHR243520
OG0011632	Om007G291890	CARHR030660
OG0011633	Om007G291930	CARHR030710
OG0011634	Om007G291940	CARHR158120, CARHR030720
OG0011635	Om007G292190	CARHR030960
OG0011636	Om007G292280	CARHR286980
OG0011637	Om007G277240	CARHR031440
OG0011638	Om007G277110, Om007G277100	CARHR031520
OG0011639	Om007G277080	CARHR031550
OG0011640	Om007G276830	CARHR031890
OG0011641	Om007G276660	CARHR032010
OG0011642	Om007G276480	CARHR223670
OG0011643	Om007G276240	CARHR223480
OG0011644	Om007G276070	CARHR223220
OG0011645	Om007G276050	CARHR223190
OG0011646	Om007G275800	CARHR222910
OG0011647	Om004G153660	CARHR113490
OG0011648	Om005G215990	CARHR055600
OG0011649	Om007G279670	CARHR118450
OG0011650	Om005G216150	CARHR055790
OG0011651	Om005G216420	CARHR056030
OG0011652	Om005G217400	CARHR284430
OG0011653	Om005G218370, Om011G365930	CARHR055040, CARHR049350
OG0011654	Om011G365880, Om005G218250	CARHR055010
OG0011655	Om005G217880, Om011G365560	CARHR054480
OG0011656	Om005G188150	CARHR009810
OG0011657	Om008G336170	CARHR053810
OG0011659	Om005G220400	CARHR052860
OG0011660	Om005G220530	CARHR052760
OG0011661	Om007G313670	CARHR216000
OG0011662	Om005G220930	CARHR052450
OG0011663	Om005G208870	CARHR179730
OG0011664	Om005G222060	CARHR052200
OG0011666	Om005G190880	CARHR012040
OG0011667	Om006G275310	CARHR144060
OG0011668	Om006G275100	CARHR144270
OG0011669	Om008G338110	CARHR144330
OG0011670	Om005G205590	CARHR023340
OG0011671	Om006G275040	CARHR144390
OG0011672	Om006G274920	CARHR144560
OG0011673	Om001G004010	CARHR144820
OG0011674	Om006G274560	CARHR145060
OG0011675	Om006G274510	CARHR145140
OG0011676	Om006G274170	CARHR145490
OG0011677	Om006G273990	CARHR145760
OG0011678	Om006G273330	CARHR146610
OG0011679	Om006G273110	CARHR288550
OG0011680	Om006G273040	CARHR146660
OG0011681	Om006G272880	CARHR146860
OG0011682	Om006G272370	CARHR147490
OG0011683	Om006G272190	CARHR147660
OG0011684	Om006G271660	CARHR148320
OG0011685	Om006G271450	CARHR148480
OG0011686	Om007G317050	CARHR261480
OG0011687	Om006G269620	CARHR151910
OG0011689	Om005G212980	CARHR059520
OG0011690	Om005G213180	CARHR059060
OG0011691	Om005G213290	CARHR058960
OG0011692	Om005G213490	CARHR058720
OG0011693	Om005G213530	CARHR058490
OG0011694	Om005G213650	CARHR058420
OG0011695	Om005G213720	CARHR058260
OG0011696	Om005G213840	CARHR292170
OG0011697	Om005G214210	CARHR057900
OG0011698	Om005G181340	CARHR003620
OG0011699	Om004G144090, Om004G144000	CARHR263660
OG0011700	Om005G209110	CARHR028160
OG0011701	Om005G228810	CARHR046300
OG0011702	Om005G228720	CARHR046390
OG0011703	Om005G228620	CARHR046450
OG0011704	Om005G228520	CARHR046490
OG0011705	Om005G227800	CARHR046790
OG0011706	Om005G226970	CARHR047320
OG0011707	Om005G226730	CARHR047680
OG0011708	Om005G225800	CARHR048330
OG0011709	Om005G225490	CARHR048660
OG0011710	Om005G225290	CARHR048960, CARHR050440, CARHR289620
OG0011711	Om005G225080	CARHR049130
OG0011712	Om002G056360	CARHR087100
OG0011713	Om001G018640	CARHR233580
OG0011714	Om003G119590	CARHR159510, CARHR166750
OG0011715	Om008G328880	CARHR136080
OG0011716	Om008G329280	CARHR135790
OG0011717	Om008G329350	CARHR135740
OG0011718	Om002G051590	CARHR083430
OG0011719	Om002G051850	CARHR083700
OG0011720	Om002G052070	CARHR083880, CARHR083890
OG0011721	Om002G052140	CARHR083950
OG0011722	Om002G052170	CARHR083980
OG0011723	Om002G052620	CARHR084400
OG0011724	Om003G114640	CARHR266290
OG0011725	Om002G053030, Om004G173440	CARHR084670
OG0011726	Om002G053150	CARHR084790
OG0011727	Om002G053330	CARHR084940
OG0011728	Om002G053770	CARHR085250
OG0011729	Om002G053830	CARHR085310
OG0011730	Om002G053940	CARHR085360
OG0011731	Om002G053950	CARHR085370
OG0011732	Om002G054030	CARHR085420
OG0011733	Om002G054130	CARHR085480
OG0011734	Om002G054260	CARHR085550
OG0011735	Om002G055230	CARHR086220
OG0011736	Om002G055670	CARHR086620
OG0011737	Om003G109320	CARHR258760
OG0011740	Om001G006520, Om007G317590	CARHR258370
OG0011741	Om008G350050, Om003G111830	CARHR257500
OG0011742	Om004G173860	CARHR257380
OG0011743	Om003G112040	CARHR256990
OG0011745	Om003G112170	CARHR256880
OG0011746	Om003G112470	CARHR264090
OG0011747	Om003G112600	CARHR264300
OG0011748	Om003G112620	CARHR264310
OG0011750	Om001G029630	CARHR265300
OG0011752	Om003G113650	CARHR265420
OG0011753	Om003G107200	CARHR293240
OG0011754	Om001G021410	CARHR235470
OG0011755	Om003G115260	CARHR266810
OG0011756	Om003G115760	CARHR267330
OG0011757	Om003G115630	CARHR267140
OG0011758	Om003G115580	CARHR267080
OG0011759	Om003G115940	CARHR267540
OG0011760	Om003G116150	CARHR267810
OG0011761	Om003G116170	CARHR267850
OG0011762	Om003G116640	CARHR268250
OG0011763	Om005G226090	CARHR234510
OG0011764	Om003G117420	CARHR268730
OG0011765	Om003G117600	CARHR268880
OG0011766	Om003G117760	CARHR269040
OG0011767	Om003G117890	CARHR269070
OG0011768	Om003G118230	CARHR269420
OG0011769	Om003G118370	CARHR269490, CARHR054630
OG0011770	Om003G118440	CARHR269580
OG0011771	Om006G250390	CARHR270310, CARHR152790
OG0011772	Om006G249700	CARHR270890
OG0011773	Om006G249680	CARHR270910
OG0011774	Om006G249600	CARHR271000
OG0011775	Om006G249070	CARHR271370
OG0011776	Om006G248630	CARHR271480
OG0011777	Om006G248400	CARHR271670
OG0011778	Om006G248380	CARHR271700
OG0011779	Om007G317770	CARHR294470
OG0011780	Om005G200140	CARHR264230
OG0011781	Om004G161680	CARHR200270
OG0011782	Om004G163110	CARHR201300
OG0011784	Om004G163700	CARHR201730
OG0011785	Om004G164640	CARHR202370
OG0011786	Om004G164780	CARHR202510
OG0011787	Om004G165240	CARHR202740
OG0011788	Om004G165640	CARHR202970, CARHR202960, CARHR202980
OG0011789	Om004G166320	CARHR203550
OG0011790	Om006G232920	CARHR278460
OG0011791	Om004G166660	CARHR203810
OG0011792	Om004G166820	CARHR203980
OG0011793	Om003G124420, Om004G166850	CARHR204020
OG0011794	Om004G167240	CARHR204340
OG0011795	Om004G167320	CARHR204430
OG0011796	Om004G167410	CARHR204500
OG0011797	Om004G167460	CARHR204550
OG0011798	Om004G167600	CARHR204650
OG0011799	Om004G168340	CARHR205390
OG0011800	Om004G168540	CARHR205550
OG0011801	Om004G168950	CARHR205780
OG0011802	Om004G169120	CARHR205870
OG0011803	Om004G169130	CARHR205880
OG0011804	Om001G000560	CARHR224310
OG0011805	Om001G000950	CARHR224550
OG0011806	Om001G001970	CARHR225090
OG0011807	Om005G197430	CARHR016950
OG0011808	Om001G002340	CARHR225290
OG0011809	Om001G002350	CARHR225300
OG0011810	Om001G003230	CARHR288450, CARHR225840
OG0011811	Om001G003650	CARHR226050
OG0011812	Om001G003840, Om001G003830	CARHR226130
OG0011813	Om001G004980	CARHR226660
OG0011814	Om001G005290	CARHR226760
OG0011815	Om001G005300	CARHR226770
OG0011816	Om001G005430	CARHR226860
OG0011817	Om001G005490	CARHR226880
OG0011818	Om001G005550	CARHR226960
OG0011819	Om001G005810	CARHR227130
OG0011820	Om001G005970	CARHR227220
OG0011821	Om001G005990	CARHR227230
OG0011822	Om001G006020	CARHR227240
OG0011823	Om001G006440	CARHR227460
OG0011824	Om007G317640, Om001G006480	CARHR227490
OG0011825	Om001G006510, Om007G317600	CARHR227510
OG0011826	Om001G007500	CARHR228270, CARHR228260
OG0011827	Om001G007720	CARHR228430
OG0011828	Om001G007880	CARHR228480
OG0011829	Om001G008390	CARHR228810
OG0011830	Om001G008550	CARHR228870
OG0011831	Om001G008650	CARHR228980
OG0011832	Om001G008740	CARHR229080
OG0011833	Om001G008800	CARHR229150
OG0011834	Om001G009110	CARHR229390
OG0011836	Om001G010560	CARHR112970
OG0011837	Om001G011030	CARHR231130
OG0011838	Om001G011130	CARHR231220
OG0011839	Om007G308790, Om003G117970	CARHR231240
OG0011840	Om001G011280	CARHR231350
OG0011841	Om004G137510, Om001G011670	CARHR032140, CARHR157540, CARHR147180, CARHR163470
OG0011842	Om001G003970	CARHR032160
OG0011843	Om001G011830	CARHR032330
OG0011844	Om001G012200	CARHR220280, CARHR032780
OG0011845	Om001G012320	CARHR032900
OG0011846	Om001G012340	CARHR032920
OG0011847	Om001G013370	CARHR033830
OG0011848	Om001G013590	CARHR034060
OG0011849	Om001G013790	CARHR034170
OG0011850	Om005G187190	CARHR034380
OG0011851	Om001G014930	CARHR106320
OG0011852	Om001G015220	CARHR036020
OG0011853	Om004G176760	CARHR211820
OG0011854	Om001G015730	CARHR035400
OG0011855	Om007G287420	CARHR134190
OG0011856	Om007G287510	CARHR293210, CARHR036210
OG0011857	Om007G286990	CARHR037330
OG0011858	Om007G287010, Om007G287000	CARHR037320
OG0011859	Om001G005330	CARHR292440
OG0011860	Om007G287660	CARHR036350
OG0011861	Om007G296910	CARHR195660
OG0011862	Om007G288350	CARHR027550
OG0011863	Om007G288790	CARHR027890
OG0011864	Om007G289410	CARHR028480
OG0011865	Om007G290060	CARHR028950
OG0011866	Om007G290240	CARHR029170
OG0011867	Om007G290570	CARHR029310
OG0011868	Om007G290650	CARHR029280
OG0011869	Om007G291570	CARHR030300
OG0011870	Om001G034800	CARHR243880
OG0011871	Om001G035760	CARHR244520
OG0011872	Om001G036100	CARHR244720
OG0011873	Om001G036930	CARHR245280
OG0011874	Om001G036950	CARHR245300
OG0011875	Om001G037340	CARHR245480
OG0011876	Om001G038220	CARHR245860
OG0011877	Om001G039260	CARHR246500
OG0011878	Om001G039310	CARHR246510
OG0011879	Om001G039570	CARHR246710
OG0011880	Om001G039640	CARHR246770
OG0011881	Om001G040040	CARHR247070
OG0011882	Om001G040430	CARHR247340
OG0011883	Om001G040840	CARHR247650
OG0011884	Om001G040890	CARHR247710
OG0011885	Om001G041030	CARHR247790, CARHR247780
OG0011886	Om001G041060	CARHR247820
OG0011887	Om001G041210	CARHR247900
OG0011888	Om001G041280	CARHR053140, CARHR053160, CARHR294450
OG0011889	Om001G041410	CARHR294370
OG0011890	Om001G041470	CARHR294330
OG0011891	Om001G041820	CARHR294050
OG0011892	Om001G041800	CARHR294070
OG0011893	Om001G041940	CARHR293910
OG0011894	Om001G041950	CARHR293900
OG0011895	Om007G307680	CARHR216570
OG0011896	Om007G313710	CARHR216130
OG0011897	Om007G313830	CARHR215880, CARHR215870
OG0011898	Om007G313960	CARHR034680
OG0011899	Om007G313920	CARHR215720
OG0011900	Om007G314520	CARHR214670
OG0011901	Om007G315130	CARHR263780
OG0011902	Om007G315490	CARHR262930
OG0011903	Om005G224150, Om005G224280, Om005G224290, Om008G339280	CARHR129190
OG0011904	Om008G339150	CARHR135180
OG0011905	Om007G292080	CARHR030800
OG0011907	Om008G338630	CARHR129640
OG0011908	Om008G338940	CARHR129460
OG0011909	Om007G317970	CARHR213220
OG0011910	Om008G338310	CARHR129890
OG0011911	Om008G345910	CARHR260710
OG0011912	Om008G345880	CARHR260630
OG0011913	Om006G231050	CARHR260360
OG0011914	Om001G011180	CARHR260020
OG0011915	Om043G376250, Om008G344300	CARHR259990
OG0011916	Om043G376300, Om008G344340	CARHR259960
OG0011917	Om008G344350, Om043G376310	CARHR259950
OG0011918	Om008G344370	CARHR259940
OG0011919	Om008G349830	CARHR255950
OG0011920	Om008G344460	CARHR259680
OG0011921	Om002G082470	CARHR259340
OG0011922	Om008G345320	CARHR259410
OG0011923	Om008G340490	CARHR128190
OG0011924	Om008G340580	CARHR128060
OG0011925	Om008G340650	CARHR128020
OG0011926	Om008G340760	CARHR127850
OG0011927	Om008G340770	CARHR127840
OG0011928	Om008G340910	CARHR127690
OG0011929	Om008G341050	CARHR127580
OG0011930	Om008G341080	CARHR127550
OG0011932	Om005G179520	CARHR002040
OG0011933	Om008G341480	CARHR186790
OG0011934	Om008G341970	CARHR181470
OG0011935	Om008G342020	CARHR181730
OG0011936	Om008G342560	CARHR181510
OG0011937	Om008G342590	CARHR181820
OG0011938	Om008G342890	CARHR184540
OG0011939	Om008G342820	CARHR284310
OG0011940	Om008G346950, Om008G348250	CARHR261150
OG0011941	Om003G120300	CARHR255860
OG0011942	Om008G349970	CARHR255850
OG0011943	Om008G350340	CARHR262530
OG0011944	Om008G351460	CARHR255180
OG0011945	Om008G351810	CARHR254700
OG0011946	Om008G352740	CARHR254370
OG0011947	Om008G352360	CARHR254310
OG0011948	Om008G352160	CARHR254170
OG0011949	Om008G352900	CARHR254000
OG0011950	Om008G353320	CARHR253750
OG0011951	Om008G353430	CARHR253660
OG0011952	Om008G353630	CARHR253450
OG0011953	Om008G354410	CARHR252700
OG0011954	Om008G354460	CARHR252670
OG0011955	Om008G355500	CARHR252150
OG0011956	Om008G355710	CARHR252040
OG0011957	Om008G357680	CARHR177360
OG0011958	Om008G358190	CARHR176680
OG0011959	Om008G358650	CARHR176280
OG0011960	Om008G358860	CARHR176150
OG0011961	Om008G359010	CARHR176020
OG0011962	Om008G359640	CARHR175650
OG0011963	Om008G359670	CARHR175610
OG0011964	Om008G360930	CARHR175000
OG0011965	Om008G361550	CARHR174610
OG0011967	Om001G022620	CARHR286840
OG0011968	Om008G362430	CARHR174040
OG0011969	Om006G248250	CARHR271770
OG0011970	Om003G100250	CARHR261980
OG0011971	Om003G106540	CARHR286850
OG0011972	Om003G104400	CARHR218600
OG0011973	Om003G104340	CARHR218670
OG0011974	Om002G074460	CARHR101070
OG0011975	Om002G074210	CARHR100670
OG0011976	Om003G103980	CARHR219160
OG0011978	Om003G103860	CARHR219330
OG0011979	Om003G099780	CARHR220180
OG0011980	Om003G103610	CARHR219860
OG0011981	Om003G103310	CARHR220300
OG0011982	Om003G103210	CARHR220450, CARHR220440
OG0011983	Om003G102670	CARHR220700
OG0011984	Om003G102590	CARHR220830
OG0011985	Om003G102340	CARHR221340
OG0011986	Om003G102160	CARHR221540
OG0011987	Om003G102090	CARHR221700
OG0011988	Om003G101530	CARHR222200
OG0011989	Om003G101340	CARHR290010
OG0011990	Om007G316500	CARHR102610
OG0011991	Om007G316760	CARHR261820
OG0011992	Om007G316900	CARHR261730
OG0011993	Om007G316950	CARHR261620
OG0011994	Om007G316980	CARHR261580
OG0011995	Om007G317070	CARHR261470
OG0011996	Om007G317100	CARHR261460, CARHR261450
OG0011997	Om007G317870	CARHR213310
OG0011998	Om007G317780	CARHR213430
OG0011999	Om007G318120	CARHR213000
OG0012001	Om007G318170	CARHR212910
OG0012002	Om007G318460	CARHR212610
OG0012003	Om007G318550	CARHR213490
OG0012004	Om005G217000	CARHR143320
OG0012005	Om008G318850	CARHR143300
OG0012006	Om008G318910	CARHR143260
OG0012007	Om008G319610	CARHR142700
OG0012008	Om008G320120	CARHR142350
OG0012009	Om008G320530	CARHR141990
OG0012010	Om008G320620	CARHR141930
OG0012011	Om003G096130	CARHR141480
OG0012012	Om003G126600	CARHR171820
OG0012013	Om001G029780	CARHR141210
OG0012014	Om008G321470	CARHR141170
OG0012015	Om008G322080	CARHR140710
OG0012016	Om008G322140	CARHR140650
OG0012017	Om008G322710	CARHR140260
OG0012018	Om008G322750	CARHR140200
OG0012019	Om008G323000	CARHR139980
OG0012020	Om008G323230	CARHR139800
OG0012021	Om008G323300	CARHR139710
OG0012023	Om008G325530	CARHR138270
OG0012024	Om008G325550	CARHR138250
OG0012025	Om008G325650	CARHR138180
OG0012026	Om008G325800	CARHR138070
OG0012027	Om008G326180	CARHR137860
OG0012028	Om008G326200	CARHR137850
OG0012029	Om008G326420	CARHR137700
OG0012030	Om008G327010	CARHR137190
OG0012031	Om008G327670	CARHR136990
OG0012032	Om008G327420	CARHR136840
OG0012033	Om008G327290	CARHR136750
OG0012034	Om004G176890	CARHR211930
OG0012035	Om004G176610	CARHR211670
OG0012036	Om004G176510	CARHR211610
OG0012037	Om004G175950	CARHR211130
OG0012038	Om004G175260	CARHR210600
OG0012039	Om004G174760	CARHR210230
OG0012040	Om004G173820	CARHR208840, CARHR209560
OG0012041	Om004G173800	CARHR209530
OG0012042	Om006G240920	CARHR193400
OG0012043	Om006G240950	CARHR193430
OG0012044	Om006G242080	CARHR192470
OG0012045	Om006G242100	CARHR192460
OG0012046	Om006G241990	CARHR192550
OG0012047	Om006G241890	CARHR192650
OG0012048	Om006G242040	CARHR192510
OG0012050	Om006G243050	CARHR191690
OG0012051	Om006G243070	CARHR191670
OG0012052	Om006G243200	CARHR191630
OG0012053	Om006G243720	CARHR191220
OG0012054	Om006G243830	CARHR191100
OG0012055	Om006G244110	CARHR190960
OG0012056	Om004G161170	CARHR199830
OG0012057	Om006G245020	CARHR274040
OG0012058	Om006G245410	CARHR273660
OG0012059	Om006G246850	CARHR285250
OG0012060	Om006G247040	CARHR285190
OG0012061	Om006G247130	CARHR272840
OG0012062	Om006G234370	CARHR277130
OG0012063	Om006G234190	CARHR277310
OG0012064	Om006G233760	CARHR277720
OG0012065	Om006G233750	CARHR277730
OG0012066	Om006G233620	CARHR277840
OG0012067	Om006G233350, Om003G102440	CARHR278060
OG0012068	Om006G233090	CARHR278330
OG0012069	Om006G232660	CARHR278710
OG0012070	Om006G232500	CARHR278870
OG0012071	Om006G232330	CARHR293800
OG0012072	Om006G232010	CARHR279190
OG0012073	Om006G231730	CARHR279440
OG0012074	Om006G231690	CARHR215690, CARHR279470
OG0012075	Om006G231240	CARHR279840
OG0012076	Om005G217480, Om006G259720, Om006G230580	CARHR280370
OG0012077	Om006G230520	CARHR280420
OG0012078	Om006G230510	CARHR280430
OG0012079	Om006G230430	CARHR280510
OG0012080	Om006G230400	CARHR280540
OG0012081	Om006G230080	CARHR280820
OG0012082	Om006G229200	CARHR281560
OG0012083	Om006G229140	CARHR281630
OG0012084	Om004G157180	CARHR248180
OG0012085	Om004G157950	CARHR248960
OG0012086	Om005G178110	CARHR000590, CARHR000610
OG0012087	Om004G157650	CARHR248620
OG0012088	Om005G178330	CARHR000810
OG0012089	Om005G178600	CARHR001180
OG0012090	Om004G158580	CARHR249530
OG0012091	Om004G158940	CARHR249950
OG0012092	Om004G159080	CARHR249870
OG0012093	Om004G159060	CARHR249850
OG0012094	Om004G158990	CARHR249800
OG0012095	Om004G159020	CARHR249820
OG0012096	Om004G158960	CARHR249760
OG0012098	Om004G159240	CARHR249660
OG0012099	Om004G159410	CARHR250300
OG0012100	Om004G159430	CARHR250320
OG0012101	Om004G159530	CARHR250440
OG0012102	Om004G159650	CARHR250490
OG0012103	Om004G159800	CARHR250580
OG0012104	Om004G159910	CARHR250710
OG0012105	Om004G160170	CARHR250980
OG0012106	Om004G160590	CARHR251380
OG0012107	Om004G160780	CARHR251570
OG0012108	Om004G160790	CARHR251590
OG0012109	Om004G160800	CARHR251580
OG0012110	Om007G302240	CARHR251720
OG0012111	Om007G302290	CARHR251750
OG0012112	Om007G302720	CARHR251820
OG0012113	Om007G293130	CARHR251950, CARHR251870
OG0012114	Om007G293110	CARHR251970
OG0012115	Om007G293100	CARHR251980
OG0012116	Om007G292910	CARHR179100
OG0012117	Om007G277410	CARHR179250
OG0012118	Om007G277440	CARHR179280
OG0012119	Om007G277460	CARHR179340
OG0012120	Om008G322640, Om007G277810	CARHR179930
OG0012121	Om007G277940	CARHR180120
OG0012122	Om007G278280	CARHR127410
OG0012123	Om007G278930	CARHR126740
OG0012124	Om007G279320	CARHR126170
OG0012125	Om007G279570	CARHR004520, CARHR126490
OG0012126	Om007G279700	CARHR125880
OG0012127	Om007G280150	CARHR125410
OG0012128	Om007G280200	CARHR125320
OG0012129	Om007G280330	CARHR125170
OG0012130	Om007G280630	CARHR124930
OG0012131	Om007G280700	CARHR124850
OG0012132	Om007G281140	CARHR124380
OG0012133	Om007G281550	CARHR123920, CARHR123930
OG0012134	Om007G281970	CARHR123410
OG0012135	Om007G281990	CARHR123380
OG0012136	Om007G282150	CARHR123160
OG0012137	Om007G282170	CARHR123130
OG0012138	Om007G282430	CARHR122840
OG0012139	Om007G282820	CARHR122470
OG0012140	Om007G282840	CARHR122460
OG0012141	Om007G282920	CARHR122370
OG0012142	Om007G282330	CARHR122950
OG0012143	Om007G283230	CARHR121940
OG0012144	Om007G283540	CARHR121520
OG0012145	Om007G283600	CARHR121390
OG0012146	Om007G283690	CARHR121320
OG0012147	Om007G283700	CARHR121290
OG0012148	Om007G284220	CARHR120640
OG0012149	Om007G284280	CARHR120530
OG0012150	Om007G284360	CARHR120460
OG0012151	Om007G284510	CARHR120270
OG0012152	Om007G284520	CARHR120230
OG0012154	Om007G284660	CARHR120040
OG0012155	Om007G284640	CARHR120120
OG0012156	Om007G285240	CARHR119210, CARHR119110
OG0012157	Om003G098040	CARHR115270
OG0012158	Om008G333830	CARHR294500
OG0012159	Om005G194530	CARHR118360
OG0012160	Om004G151160	CARHR118480
OG0012161	Om004G150310	CARHR287340
OG0012162	Om004G150920	CARHR115480
OG0012163	Om001G010320	CARHR115430
OG0012164	Om001G019440	CARHR234710
OG0012165	Om002G042840	CARHR075620
OG0012166	Om002G042660	CARHR075450
OG0012167	Om002G078900	CARHR075150
OG0012168	Om004G177490	CARHR212360
OG0012169	Om004G177440	CARHR212310
OG0012170	Om001G028750	CARHR239910
OG0012171	Om004G172370	CARHR234090
OG0012172	Om002G043040	CARHR075860
OG0012173	Om002G043080	CARHR075900
OG0012174	Om002G044070	CARHR076720
OG0012175	Om002G044580	CARHR077150
OG0012176	Om002G045100	CARHR077580
OG0012177	Om002G045160	CARHR077680
OG0012178	Om002G045240, Om002G073580	CARHR077740
OG0012179	Om002G045250	CARHR077750
OG0012180	Om002G045720	CARHR078150
OG0012181	Om002G045830	CARHR078240
OG0012182	Om002G045880	CARHR078300
OG0012183	Om002G046230	CARHR078690
OG0012184	Om002G046320	CARHR078760, CARHR104900
OG0012185	Om002G046480	CARHR078910
OG0012186	Om002G046540	CARHR078970
OG0012187	Om001G021820, Om001G021810	CARHR235680
OG0012188	Om002G047180	CARHR079510
OG0012189	Om002G047490	CARHR079730
OG0012190	Om002G047780	CARHR080030
OG0012191	Om003G127130	CARHR172090
OG0012193	Om002G048950	CARHR080890
OG0012194	Om002G049070	CARHR080970
OG0012195	Om004G170280	CARHR207150
OG0012196	Om002G049500	CARHR081430
OG0012197	Om002G049570	CARHR081500
OG0012198	Om002G049620	CARHR081520
OG0012199	Om003G106730	CARHR216920
OG0012200	Om002G049890	CARHR081820
OG0012201	Om002G049940	CARHR081860
OG0012202	Om002G051190	CARHR083100
OG0012203	Om008G329850	CARHR135530
OG0012204	Om008G329860	CARHR135520
OG0012205	Om008G330050	CARHR135430
OG0012206	Om008G330310	CARHR135230
OG0012207	Om008G330760	CARHR134990
OG0012208	Om008G331090	CARHR134700
OG0012209	Om008G332190	CARHR134000
OG0012210	Om008G332560	CARHR133830
OG0012211	Om008G332630	CARHR133790
OG0012212	Om008G337840	CARHR130230
OG0012213	Om006G273500, Om008G337310	CARHR130620
OG0012215	Om008G336860	CARHR130910
OG0012216	Om008G336700	CARHR131060
OG0012217	Om008G336550	CARHR131290
OG0012218	Om008G336500	CARHR131340
OG0012219	Om005G205390, Om008G336230	CARHR131530
OG0012220	Om008G334780	CARHR132460
OG0012221	Om008G334630	CARHR132560
OG0012222	Om008G333860	CARHR133080
OG0012224	Om006G256260	CARHR162010
OG0012225	Om005G195890	CARHR015740
OG0012226	Om005G196260	CARHR016090
OG0012227	Om005G196300	CARHR016120
OG0012228	Om005G196410	CARHR016160
OG0012229	Om005G196460	CARHR016200
OG0012230	Om005G197290	CARHR016860
OG0012231	Om005G197440	CARHR016960
OG0012232	Om005G197670	CARHR017180
OG0012233	Om005G197700	CARHR017210
OG0012234	Om005G197720	CARHR017230
OG0012235	Om005G197860	CARHR017340
OG0012236	Om005G198030	CARHR017480, CARHR154100
OG0012237	Om005G199360	CARHR018460
OG0012238	Om005G199680	CARHR018740
OG0012239	Om005G200060	CARHR019040
OG0012240	Om005G200070	CARHR019050
OG0012241	Om005G200880	CARHR019630
OG0012242	Om005G200940	CARHR019690
OG0012243	Om005G201140, Om011G366070, Om005G218590	CARHR019800
OG0012244	Om005G201510	CARHR020100
OG0012245	Om005G201640	CARHR020210
OG0012246	Om005G202520	CARHR020890
OG0012247	Om005G202650	CARHR021040
OG0012248	Om005G202960	CARHR021260
OG0012249	Om005G203610	CARHR021760
OG0012250	Om005G204250	CARHR022240
OG0012251	Om004G134230	CARHR071310
OG0012252	Om005G204450	CARHR022370
OG0012254	Om005G204670	CARHR022530
OG0012255	Om005G204730	CARHR022580
OG0012256	Om005G205580	CARHR023330
OG0012257	Om005G205600	CARHR023350
OG0012259	Om004G143770	CARHR023840
OG0012260	Om004G144390	CARHR024160
OG0012261	Om004G144490	CARHR024290
OG0012262	Om004G144530	CARHR024320
OG0012263	Om004G145420	CARHR025160
OG0012265	Om004G146300	CARHR025510
OG0012266	Om005G213440, Om004G146540	CARHR025590
OG0012267	Om004G146580	CARHR025680
OG0012268	Om004G146740	CARHR025780
OG0012269	Om004G146770, Om005G221260	CARHR025830
OG0012270	Om004G147430	CARHR026230, CARHR026200
OG0012271	Om004G170830	CARHR026460
OG0012272	Om005G189410	CARHR010910
OG0012273	Om005G187270	CARHR009180
OG0012274	Om006G269130	CARHR151160
OG0012275	Om005G184640	CARHR231810, CARHR257540
OG0012276	Om004G151230	CARHR232030
OG0012278	Om006G266890	CARHR153640
OG0012279	Om007G285660	CARHR232140
OG0012281	Om007G286620	CARHR233020, CARHR223180
OG0012282	Om007G286370	CARHR232830
OG0012284	Om003G114980	CARHR266560
OG0012286	Om004G150340	CARHR116030
OG0012288	Om004G153290, Om018G373970	CARHR117670
OG0012289	Om001G034770	CARHR118310
OG0012291	Om004G152400, Om004G155230	CARHR184620
OG0012292	Om004G152990, Om004G155390	CARHR184810
OG0012293	Om006G241160	CARHR193280
OG0012294	Om004G154360	CARHR114180, CARHR114170
OG0012295	Om004G153700	CARHR113550
OG0012296	Om004G153690	CARHR113530
OG0012298	Om004G153570	CARHR113230, CARHR109820
OG0012299	Om004G153560	CARHR113220
OG0012301	Om004G156160	CARHR112250
OG0012302	Om004G156220	CARHR112160
OG0012303	Om004G156230	CARHR112150
OG0012304	Om008G358520	CARHR176430
OG0012305	Om004G156480	CARHR111940
OG0012306	Om004G156500	CARHR111910
OG0012307	Om004G156560	CARHR114580, CARHR111870
OG0012308	Om004G156590	CARHR111850
OG0012309	Om003G125800, Om004G156700	CARHR142840
OG0012310	Om005G195710	CARHR015610
OG0012311	Om005G194400	CARHR014710
OG0012312	Om005G194290, Om005G194280	CARHR014630
OG0012313	Om005G194200	CARHR014570
OG0012315	Om005G193030	CARHR013690
OG0012316	Om005G192500	CARHR013280
OG0012317	Om005G192330	CARHR013120
OG0012318	Om005G192320	CARHR013110
OG0012319	Om005G191570	CARHR012530
OG0012320	Om005G225020	CARHR049180
OG0012321	Om005G191390	CARHR012420
OG0012322	Om005G191220	CARHR012280
OG0012323	Om005G191170	CARHR012250
OG0012324	Om005G190440	CARHR011750
OG0012325	Om005G190970	CARHR012120
OG0012326	Om005G189820	CARHR011240
OG0012327	Om005G189690	CARHR011130
OG0012329	Om005G189390, Om003G119100	CARHR010890
OG0012330	Om005G189120	CARHR010670
OG0012331	Om005G188900	CARHR010510
OG0012332	Om005G188120	CARHR009790
OG0012333	Om005G188360	CARHR009980
OG0012334	Om005G188030	CARHR009730
OG0012335	Om005G188000, Om005G187990	CARHR009690
OG0012336	Om005G187370	CARHR009260
OG0012337	Om005G187180	CARHR009140
OG0012338	Om001G021620	CARHR235560
OG0012339	Om006G251120	CARHR166030
OG0012340	Om005G186970	CARHR008860
OG0012341	Om005G186880	CARHR008760, CARHR086610
OG0012342	Om005G186580	CARHR008450
OG0012343	Om005G186730	CARHR008610
OG0012344	Om005G186520	CARHR008380
OG0012345	Om005G186750	CARHR008630
OG0012346	Om005G186370	CARHR008260
OG0012347	Om005G186290	CARHR008200
OG0012348	Om002G082260	CARHR007740
OG0012349	Om006G249520	CARHR271080
OG0012350	Om003G127870	CARHR172570
OG0012351	Om004G150530	CARHR115820
OG0012352	Om005G185220	CARHR007190, CARHR007210
OG0012353	Om005G184810	CARHR006950
OG0012354	Om005G184410	CARHR006610
OG0012355	Om007G280970	CARHR124570
OG0012356	Om005G227410	CARHR115660
OG0012357	Om005G182790	CARHR205340
OG0012358	Om005G182090	CARHR004310
OG0012359	Om005G181800	CARHR004050
OG0012360	Om005G181780	CARHR004030
OG0012361	Om005G181730	CARHR003760
OG0012362	Om005G181230	CARHR003520
OG0012363	Om005G180760	CARHR003070
OG0012364	Om005G180780	CARHR003090
OG0012365	Om005G180890	CARHR003210
OG0012366	Om005G179970	CARHR002450
OG0012367	Om005G179790	CARHR002290
OG0012368	Om005G179660	CARHR002210
OG0012369	Om005G179370	CARHR001900
OG0012370	Om005G178990, Om005G223760	CARHR001550
OG0012371	Om005G178620	CARHR001200
OG0012372	Om005G178560	CARHR001120
OG0012373	Om005G178390	CARHR000870
OG0012374	Om005G178410	CARHR000890
OG0012375	Om005G178430	CARHR000900
OG0012376	Om005G178460	CARHR000980
OG0012377	Om005G177850	CARHR000420, CARHR000430
OG0012378	Om005G177630	CARHR000200
OG0012379	Om007G302090	CARHR199530
OG0012380	Om004G156810, Om007G301080	CARHR198720
OG0012381	Om007G301450	CARHR198970
OG0012382	Om002G042770	CARHR075560
OG0012383	Om007G300430	CARHR198260
OG0012384	Om007G300360	CARHR198220
OG0012385	Om001G000540	CARHR223930, CARHR223870
OG0012387	Om007G299890, Om006G267970	CARHR197920
OG0012388	Om007G299420	CARHR197600
OG0012389	Om007G299270	CARHR197520
OG0012390	Om007G299160	CARHR197420
OG0012391	Om007G299150	CARHR197430
OG0012392	Om007G298920	CARHR197250
OG0012393	Om007G298810	CARHR197140
OG0012394	Om007G298570	CARHR197020
OG0012395	Om007G298200	CARHR196710
OG0012396	Om007G298080	CARHR196610
OG0012397	Om007G297890	CARHR196460, CARHR216530
OG0012398	Om007G296740	CARHR195560
OG0012399	Om007G295700	CARHR194490
OG0012400	Om007G295690	CARHR194480
OG0012401	Om007G295600, Om007G295640	CARHR194430
OG0012402	Om007G295390	CARHR194320
OG0012403	Om007G294820	CARHR193750
OG0012404	Om007G294810	CARHR193740
OG0012405	Om007G297530	CARHR196190
OG0012406	Om007G293890	CARHR186250
OG0012407	Om007G293820	CARHR186210
OG0012408	Om007G293750	CARHR186170
OG0012409	Om007G293490	CARHR185880
OG0012410	Om005G208980	CARHR062800
OG0012411	Om007G303780	CARHR182220
OG0012412	Om008G332470	CARHR182650
OG0012413	Om007G305710	CARHR182840
OG0012414	Om009G363100, Om009G363180, Om007G305990	CARHR183130
OG0012416	Om004G169610	CARHR206170
OG0012417	Om004G169660	CARHR206220
OG0012418	Om004G169940	CARHR206430
OG0012419	Om004G170110	CARHR206610
OG0012420	Om004G170120	CARHR206620
OG0012421	Om001G039790	CARHR184290
OG0012422	Om004G161370	CARHR199970
OG0012423	Om004G170300	CARHR207160
OG0012424	Om004G170340	CARHR207120
OG0012425	Om004G170490	CARHR206960
OG0012426	Om004G171500	CARHR207780, CARHR290790
OG0012427	Om006G249940	CARHR270670
OG0012428	Om004G172470	CARHR208450
OG0012429	Om004G172490	CARHR208470
OG0012430	Om004G172830	CARHR208790
OG0012431	Om006G240620	CARHR187520
OG0012432	Om006G239990	CARHR188210
OG0012433	Om006G238800	CARHR189340
OG0012434	Om006G238740	CARHR189450
OG0012435	Om006G238640	CARHR189560
OG0012436	Om006G238110	CARHR189950
OG0012437	Om006G237920	CARHR190110
OG0012438	Om006G237710	CARHR190300
OG0012439	Om006G237700	CARHR190310
OG0012440	Om006G237670	CARHR190330
OG0012441	Om006G237430	CARHR274500
OG0012442	Om006G237150	CARHR274750
OG0012443	Om006G236620	CARHR275240
OG0012444	Om006G236120	CARHR275680
OG0012445	Om006G235400	CARHR276310
OG0012446	Om006G235360	CARHR276330
OG0012447	Om006G235290	CARHR276390
OG0012449	Om006G247360	CARHR272650
OG0012450	Om006G247430	CARHR272600
OG0012451	Om006G247890	CARHR272120
OG0012452	Om006G247940	CARHR272050
OG0012453	Om006G258210	CARHR160290
OG0012454	Om006G258340, Om006G258320, Om004G146830	CARHR160200
OG0012455	Om006G258390	CARHR160140
OG0012456	Om006G258770	CARHR159830
OG0012457	Om006G258910	CARHR159790
OG0012459	Om002G061080	CARHR158500
OG0012460	Om006G260430	CARHR158270
OG0012461	Om006G261080	CARHR157770
OG0012462	Om006G261210	CARHR157710
OG0012463	Om006G261310	CARHR157640
OG0012464	Om006G261530	CARHR157530
OG0012465	Om006G262400, Om005G214250	CARHR157230
OG0012466	Om006G262760	CARHR157110
OG0012467	Om003G115690	CARHR156350
OG0012468	Om006G264080	CARHR156340
OG0012469	Om006G264650	CARHR156180
OG0012470	Om006G264670	CARHR156160
OG0012471	Om006G266580	CARHR155570
OG0012472	Om006G246730	CARHR285340
OG0012473	Om006G267010	CARHR155180
OG0012474	Om004G132280	CARHR155250
OG0012475	Om006G267130	CARHR155290
OG0012476	Om006G267390	CARHR154150
OG0012478	Om004G147030	CARHR151120
OG0012479	Om006G268960	CARHR151540
OG0012480	Om006G268680	CARHR152880
OG0012481	Om006G268580	CARHR114550
OG0012482	Om005G227010	CARHR098720
OG0012483	Om005G227560	CARHR054440
OG0012484	Om005G212080	CARHR060290
OG0012485	Om005G212190	CARHR060190
OG0012486	Om005G212390	CARHR059980
OG0012488	Om004G154890, Om004G152240	CARHR118020
OG0012489	Om005G211610	CARHR060700
OG0012490	Om005G212580, Om003G108680	CARHR059760
OG0012491	Om005G211710	CARHR060580
OG0012492	Om005G210320	CARHR061630
OG0012494	Om005G210370	CARHR061580
OG0012495	Om005G209840	CARHR061930, CARHR061940
OG0012496	Om006G244770	CARHR062320
OG0012497	Om005G209420	CARHR062360
OG0012498	Om005G209410	CARHR062380, CARHR062370
OG0012499	Om004G141890, Om004G141900	CARHR066050
OG0012500	Om005G208110	CARHR063310
OG0012501	Om005G207730	CARHR063640
OG0012502	Om005G207490	CARHR063770
OG0012503	Om005G206790	CARHR064330
OG0012504	Om005G206610	CARHR064460
OG0012505	Om005G206000	CARHR291030
OG0012506	Om004G133440	CARHR071750
OG0012508	Om004G134150	CARHR071350
OG0012509	Om004G134550	CARHR071110
OG0012510	Om004G134560	CARHR071100
OG0012511	Om004G134770	CARHR071000
OG0012512	Om004G134950	CARHR070780
OG0012513	Om002G073600, Om004G135020, Om004G134990	CARHR070750, CARHR070740
OG0012514	Om004G135250	CARHR070550
OG0012515	Om004G135620	CARHR070300
OG0012516	Om004G135700	CARHR070220
OG0012518	Om004G136500	CARHR069840
OG0012519	Om004G136910	CARHR069580
OG0012520	Om004G137740	CARHR068520
OG0012521	Om007G295740, Om004G137650	CARHR068480
OG0012522	Om004G138930	CARHR068440
OG0012523	Om004G138570	CARHR068190
OG0012524	Om004G138560	CARHR068180
OG0012526	Om006G260570, Om004G140180	CARHR067120
OG0012527	Om004G140340	CARHR066990
OG0012528	Om004G140480	CARHR066890
OG0012529	Om004G140800	CARHR066730
OG0012530	Om004G141810	CARHR066130
OG0012531	Om004G142570	CARHR065370
OG0012532	Om002G069050, Om004G142700	CARHR065220
OG0012533	Om004G133020	CARHR072050
OG0012534	Om004G132970	CARHR072100
OG0012535	Om004G132700	CARHR072310
OG0012536	Om004G132200	CARHR072730
OG0012537	Om004G132190	CARHR072740
OG0012538	Om004G132070	CARHR072830, CARHR072840
OG0012539	Om004G132020	CARHR072880
OG0012540	Om004G131550	CARHR073230
OG0012541	Om004G131260	CARHR073350
OG0012542	Om004G131090	CARHR073690
OG0012544	Om004G129760	CARHR074540
OG0012545	Om004G129710	CARHR074580
OG0012546	Om004G129620	CARHR143590
OG0012547	Om004G129500	CARHR074670
OG0012548	Om004G129540	CARHR074700, CARHR262770, CARHR262750
OG0012549	Om004G129560	CARHR049040, CARHR074750
OG0012550	Om002G056540	CARHR087240
OG0012551	Om002G057230	CARHR087830
OG0012552	Om002G057330	CARHR087840
OG0012553	Om003G091490	CARHR044440
OG0012554	Om002G058910	CARHR089050
OG0012555	Om002G059310	CARHR089430, CARHR153400
OG0012556	Om002G059450	CARHR089310
OG0012557	Om002G059810	CARHR089690
OG0012558	Om002G060370	CARHR090160
OG0012559	Om002G060390	CARHR090190
OG0012561	Om002G061450	CARHR090880
OG0012562	Om002G061740	CARHR091140
OG0012563	Om002G062680	CARHR091720
OG0012564	Om002G063250	CARHR092100
OG0012565	Om002G063350	CARHR092170
OG0012566	Om002G063540	CARHR092290
OG0012567	Om002G063580	CARHR092320
OG0012568	Om002G063600	CARHR092340
OG0012569	Om002G063930	CARHR092660
OG0012570	Om002G064320	CARHR093010
OG0012571	Om002G064330	CARHR093020
OG0012572	Om002G064350, Om002G064340	CARHR093030
OG0012573	Om002G064470	CARHR093080
OG0012574	Om002G065190	CARHR093620
OG0012575	Om002G065330	CARHR093710
OG0012576	Om002G065470	CARHR093780
OG0012577	Om002G065560	CARHR093900
OG0012578	Om002G065800	CARHR094120
OG0012579	Om002G066110	CARHR094330
OG0012580	Om002G066510	CARHR094580
OG0012581	Om002G066590	CARHR094650
OG0012582	Om002G066790	CARHR094870
OG0012583	Om002G067290	CARHR095380
OG0012584	Om002G067530, Om002G067590	CARHR095550
OG0012585	Om002G067810	CARHR095700
OG0012586	Om002G068190	CARHR096140
OG0012587	Om002G068690	CARHR096650
OG0012588	Om003G096110	CARHR041180
OG0012589	Om002G068920	CARHR096810
OG0012590	Om002G069680, Om002G069670	CARHR097570
OG0012591	Om003G102140	CARHR221570
OG0012592	Om002G071360	CARHR165870
OG0012593	Om002G071650	CARHR098980
OG0012594	Om002G071790	CARHR099120
OG0012595	Om002G072520	CARHR099500
OG0012596	Om002G072810	CARHR099730
OG0012597	Om002G072870	CARHR099770
OG0012598	Om002G072990	CARHR099860
OG0012600	Om005G186790	CARHR008670
OG0012601	Om002G073130	CARHR100010
OG0012602	Om002G073400	CARHR100340
OG0012603	Om002G079280	CARHR104040
OG0012604	Om002G074400	CARHR100970
OG0012605	Om002G075520	CARHR102070
OG0012606	Om002G075400	CARHR101870
OG0012607	Om002G076120	CARHR102430
OG0012608	Om004G137970	CARHR105000
OG0012609	Om002G072200, Om002G085340, Om002G085360	CARHR108770
OG0012610	Om002G077750	CARHR103800
OG0012611	Om005G222920	CARHR103570
OG0012612	Om002G077510	CARHR103360
OG0012613	Om002G077470	CARHR103270
OG0012614	Om002G077850	CARHR105130, CARHR106410
OG0012615	Om002G079520	CARHR104780
OG0012616	Om002G079530	CARHR043820
OG0012617	Om002G080820	CARHR284800
OG0012618	Om002G080380	CARHR105400
OG0012619	Om002G081310	CARHR105640
OG0012620	Om002G082050	CARHR106240
OG0012621	Om002G082060	CARHR106250
OG0012622	Om002G082140	CARHR106360, CARHR106350
OG0012623	Om002G082570	CARHR106700
OG0012624	Om002G082870	CARHR107010
OG0012625	Om002G082940	CARHR107040
OG0012626	Om008G333950	CARHR132970
OG0012627	Om002G083050	CARHR107150
OG0012628	Om002G083830	CARHR293660
OG0012629	Om002G084130	CARHR107670
OG0012630	Om002G084140	CARHR107680
OG0012631	Om002G084310	CARHR107880
OG0012632	Om002G084830	CARHR108460
OG0012633	Om002G084930	CARHR108520
OG0012634	Om002G085010	CARHR108570
OG0012635	Om002G085770	CARHR109080
OG0012636	Om002G085540, Om008G355370	CARHR108850, CARHR108820
OG0012637	Om002G086580	CARHR109530
OG0012638	Om002G086820	CARHR109730
OG0012639	Om002G087030	CARHR109900
OG0012640	Om002G087300	CARHR237330, CARHR110080
OG0012641	Om002G087670	CARHR110390, CARHR266410
OG0012642	Om002G087920	CARHR110680
OG0012643	Om002G088270, Om005G215300	CARHR111050
OG0012644	Om002G088570	CARHR046100, CARHR111500
OG0012645	Om007G295330	CARHR045920
OG0012646	Om003G089530	CARHR045820
OG0012648	Om003G089840	CARHR045560
OG0012649	Om003G090440	CARHR045140
OG0012650	Om006G264360, Om003G091880	CARHR044220
OG0012651	Om003G092410	CARHR043910
OG0012652	Om003G092780	CARHR043760
OG0012653	Om003G092820	CARHR043690
OG0012654	Om003G093500	CARHR043340
OG0012655	Om003G093870	CARHR043090
OG0012656	Om003G094000	CARHR042970
OG0012657	Om003G094600	CARHR042490
OG0012659	Om003G095510	CARHR041910
OG0012660	Om003G095530	CARHR041880
OG0012661	Om003G095710	CARHR041730
OG0012662	Om003G096300, Om003G096340	CARHR041010
OG0012663	Om003G096210	CARHR041090
OG0012664	Om003G096610	CARHR040830
OG0012665	Om003G096740	CARHR040720
OG0012666	Om003G096760	CARHR040710
OG0012667	Om003G097070	CARHR040460
OG0012668	Om003G097650, Om009G363170	CARHR040000
OG0012669	Om003G097720	CARHR039940
OG0012670	Om003G097820	CARHR039860
OG0012671	Om003G098240	CARHR039440
OG0012672	Om003G096190, Om005G192100	CARHR041110
OG0012673	Om003G099060	CARHR038840
OG0012674	Om003G098930	CARHR038960, CARHR038950
OG0012675	Om003G099010	CARHR038870
OG0012676	Om003G099410	CARHR038150
OG0012677	Om003G091020	CARHR038040
OG0012678	Om003G099700	CARHR037910
OG0012679	Om003G099710	CARHR037900
OG0012680	Om003G100220	CARHR222590
OG0012681	Om003G100300	CARHR222530
OG0012682	Om003G100490	CARHR290680
OG0012683	Om003G100760	CARHR290420
OG0012684	Om003G100660	CARHR290380
OG0012685	Om003G100850	CARHR290340
OG0012686	Om008G339450	CARHR129050
OG0012687	Om008G340050	CARHR128630
OG0012688	Om008G340120	CARHR128550
OG0012689	Om006G256610	CARHR161590
OG0012690	Om006G256600	CARHR161640
OG0012691	Om006G256450	CARHR161860
OG0012692	Om006G256150	CARHR162080
OG0012693	Om006G256030	CARHR162160
OG0012694	Om007G299520, Om006G255870	CARHR162250
OG0012695	Om006G255790	CARHR162390
OG0012696	Om006G255520	CARHR162700
OG0012697	Om006G255240	CARHR162900
OG0012699	Om006G254610	CARHR163370
OG0012700	Om006G239470	CARHR188620
OG0012701	Om006G254080	CARHR163800
OG0012702	Om006G253770	CARHR163910
OG0012703	Om006G256960	CARHR161320
OG0012704	Om006G253590	CARHR164180
OG0012705	Om006G253240	CARHR164380
OG0012706	Om006G252720	CARHR164850
OG0012707	Om006G252570	CARHR164970
OG0012708	Om006G251970, Om006G237140	CARHR284680, CARHR165410
OG0012709	Om006G251820, Om007G279820	CARHR165580
OG0012710	Om006G251700	CARHR165630
OG0012711	Om006G251580	CARHR237430
OG0012712	Om006G251460	CARHR165830
OG0012713	Om006G250530	CARHR166460
OG0012714	Om006G250510	CARHR166480
OG0012715	Om003G119480	CARHR166680
OG0012716	Om003G119490	CARHR166690
OG0012717	Om003G119510	CARHR166710
OG0012718	Om003G119790	CARHR166980
OG0012719	Om003G119800	CARHR166990
OG0012720	Om003G105850	CARHR217150, CARHR217140
OG0012721	Om003G120230	CARHR167300
OG0012722	Om003G120310	CARHR119890
OG0012723	Om003G120330	CARHR167390
OG0012724	Om003G120410	CARHR167500
OG0012725	Om003G121170	CARHR168220
OG0012726	Om003G122330	CARHR184080
OG0012727	Om003G122340	CARHR168990
OG0012728	Om008G326270	CARHR137810
OG0012729	Om003G123080	CARHR169450
OG0012730	Om003G123100	CARHR169480
OG0012731	Om003G123950, Om003G123960	CARHR170050
OG0012733	Om003G125420, Om003G125440	CARHR170860
OG0012734	Om003G125460	CARHR170870
OG0012735	Om003G125910	CARHR171230
OG0012736	Om003G127680	CARHR172410
OG0012737	Om003G127970	CARHR172660
OG0012738	Om003G128130	CARHR172840
OG0012739	Om003G128520	CARHR173080
OG0012740	Om003G128990	CARHR173500
OG0012741	Om003G129080	CARHR291710
OG0012742	Om003G101350	CARHR040580, CARHR040610
OG0012743	Om004G150730	CARHR115360
OG0012744	Om003G097890	CARHR039760
OG0012746	Om006G253580	CARHR164190
OG0012747	Om001G025940, Om001G025960, Om003G128090	CARHR171640, CARHR159500, CARHR166880
OG0012750	Om003G125110	CARHR170790
OG0012751	Om005G179580, Om005G190770	CARHR002120
OG0012752	Om008G358720	CARHR176250
OG0012753	Om008G354970	CARHR115470
OG0012754	Om004G145590	CARHR025240
OG0012755	Om008G328210	CARHR136430
OG0012756	Om004G132690	CARHR072320
OG0012757	Om004G134860	CARHR070870
OG0012758	Om004G138610	CARHR068210
OG0012759	Om001G023090	CARHR236410
OG0012760	Om001G023240	CARHR236460
OG0012762	Om001G027700	CARHR239210
OG0012763	Om006G231130, Om006G231110	CARHR052380
OG0012764	Om001G038590	CARHR246100
OG0012765	Om005G181770	CARHR003710, CARHR102190
OG0012766	Om005G183890	CARHR006030
OG0012767	Om005G186120	CARHR008010
OG0012768	Om005G204380	CARHR022360
OG0012771	Om004G158160	CARHR249110
OG0012772	Om005G227180	CARHR047020
OG0012774	Om002G086020	CARHR109240
OG0012775	Om002G068780	CARHR096710
OG0012776	Om002G066700	CARHR094780
OG0012777	Om001G002060, Om007G306620, Om002G060730	CARHR090450
OG0012779	Om002G054100	CARHR085470
OG0012780	Om004G170210	CARHR206710
OG0012781	Om006G254160, Om003G106200	CARHR217820, CARHR217830
OG0012782	Om004G155950	CARHR112490
OG0012783	Om006G239190	CARHR158420
OG0012785	Om007G287180	CARHR037080
OG0012786	Om007G283820	CARHR121160
OG0012787	Om007G284250	CARHR120570
OG0012788	Om004G168390	CARHR205430
OG0012789	Om004G160900	CARHR199650
OG0012790	Om007G302070	CARHR199510
OG0012791	Om007G300090	CARHR198050
OG0012792	Om007G298530	CARHR196990
OG0012793	Om007G297360	CARHR196010
OG0012794	Om006G272910	CARHR146800
OG0012795	Om006G250060	CARHR270630
OG0012796	Om006G248480	CARHR271560
OG0012798	Om002G054800	CARHR085950
OG0012800	Om006G241970	CARHR192570
OG0012801	Om006G236880	CARHR275010
OG0012804	Om004G143640	CARHR023710
OG0012812	Om005G211130	CARHR159270
OG0012815	Om007G299760	CARHR197810
OG0012827	Om004G158000, Om018G373730	CARHR248980
OG0012828	Om007G278020	CARHR073440
OG0012836	Om001G022050	CARHR235820
OG0012837	Om001G022260	CARHR235940
OG0012838	Om001G022430	CARHR236060
OG0012838	Om001G022400	CARHR236050
OG0012839	Om001G022980, Om001G023020	CARHR236360
OG0012840	Om001G023380	CARHR236550
OG0012841	Om001G023860	CARHR236850
OG0012842	Om001G024420	CARHR237240
OG0012843	Om001G024550	CARHR237360
OG0012844	Om008G328810	CARHR136150
OG0012845	Om001G025090	CARHR237770
OG0012846	Om001G026050	CARHR238260
OG0012847	Om001G026300	CARHR238400
OG0012848	Om001G026480	CARHR238480
OG0012849	Om001G026850	CARHR238700
OG0012850	Om001G026880	CARHR238730
OG0012851	Om001G027200	CARHR238890
OG0012852	Om001G027310	CARHR238990
OG0012853	Om001G027540	CARHR239150
OG0012854	Om001G027850	CARHR239340
OG0012855	Om008G350320, Om001G028640	CARHR239850
OG0012856	Om001G028810	CARHR239950
OG0012857	Om001G029090, Om001G029110	CARHR240180
OG0012858	Om001G029160	CARHR240220
OG0012859	Om001G029330	CARHR240350
OG0012860	Om001G029430	CARHR240470
OG0012861	Om001G029530	CARHR240560
OG0012862	Om001G029640	CARHR240630
OG0012863	Om001G030200	CARHR240980
OG0012864	Om001G030020	CARHR240910
OG0012865	Om001G029820	CARHR240760
OG0012866	Om001G029730	CARHR240690
OG0012867	Om001G030330	CARHR241100
OG0012868	Om001G030900	CARHR241580
OG0012869	Om001G030870	CARHR241550
OG0012870	Om001G030850	CARHR241520
OG0012871	Om001G030940	CARHR241600
OG0012872	Om001G031020	CARHR241660
OG0012873	Om001G031250	CARHR241740
OG0012875	Om001G031750	CARHR242020
OG0012876	Om001G032470	CARHR242510
OG0012877	Om001G031900	CARHR242150
OG0012878	Om001G032540	CARHR242470
OG0012879	Om001G033350	CARHR243110
OG0012880	Om001G033360	CARHR243120
OG0012881	Om001G033700	CARHR243360
OG0012882	Om001G035720	CARHR244490
OG0012883	Om001G033930	CARHR243450
OG0012884	Om001G039180	CARHR102870, CARHR102880
OG0012885	Om007G291720	CARHR005140, CARHR030550
OG0012886	Om007G291750	CARHR030570
OG0012887	Om007G292060	CARHR030780
OG0012888	Om007G292180	CARHR030950
OG0012889	Om007G276890	CARHR031750
OG0012890	Om007G276850	CARHR031860, CARHR031840
OG0012891	Om007G276640	CARHR032030
OG0012892	Om007G276120	CARHR223310
OG0012893	Om007G275970, Om007G275930	CARHR223090
OG0012894	Om007G275870	CARHR223050
OG0012895	Om007G275860	CARHR223040
OG0012896	Om007G275770	CARHR222890
OG0012897	Om007G275690	CARHR222790
OG0012898	Om007G275950, Om007G275910	CARHR222740
OG0012899	Om005G215980	CARHR249560, CARHR055590
OG0012900	Om005G216050	CARHR055640
OG0012901	Om005G216080	CARHR055670
OG0012902	Om003G121030, Om002G053340	CARHR056020
OG0012903	Om005G217550	CARHR284480
OG0012904	Om005G217380	CARHR287540
OG0012905	Om005G217300	CARHR287530, CARHR287510
OG0012906	Om005G216970, Om001G024160	CARHR289860
OG0012907	Om005G216960	CARHR055350
OG0012908	Om005G216920	CARHR055200
OG0012909	Om011G365620, Om020G374560	CARHR054430
OG0012910	Om011G365650, Om020G374520	CARHR104770
OG0012911	Om005G218790	CARHR053750, CARHR053760
OG0012912	Om005G218970	CARHR284180
OG0012913	Om005G219350	CARHR283940
OG0012914	Om005G219510	CARHR283850
OG0012915	Om005G219870	CARHR053350
OG0012916	Om005G219740	CARHR053470
OG0012917	Om005G219970	CARHR053250
OG0012918	Om005G220030	CARHR053170
OG0012919	Om005G220890	CARHR052540
OG0012920	Om005G220970	CARHR052430
OG0012921	Om005G221160	CARHR052370
OG0012922	Om005G221590	CARHR051800
OG0012923	Om005G221200	CARHR052290
OG0012924	Om005G221790	CARHR051930
OG0012925	Om005G222140	CARHR051670
OG0012926	Om005G222150	CARHR051660
OG0012927	Om005G222160	CARHR051650
OG0012928	Om005G189900	CARHR011310
OG0012929	Om005G222700	CARHR051450
OG0012930	Om005G222740	CARHR051350, CARHR051360
OG0012931	Om005G223910	CARHR050460
OG0012932	Om006G275450	CARHR143690
OG0012934	Om001G007590	CARHR143740
OG0012935	Om006G275410	CARHR143840
OG0012936	Om002G057050	CARHR144140
OG0012937	Om006G275160	CARHR144200
OG0012938	Om004G163250	CARHR144220
OG0012939	Om006G275070	CARHR144320
OG0012940	Om006G274960	CARHR144500
OG0012941	Om008G336010	CARHR144580
OG0012942	Om005G225950	CARHR144990
OG0012943	Om006G274530	CARHR145100
OG0012944	Om006G274290	CARHR145390
OG0012945	Om006G274240	CARHR145420
OG0012946	Om005G194030	CARHR014350
OG0012947	Om006G274050	CARHR145660
OG0012948	Om006G273740	CARHR146000
OG0012949	Om006G273550	CARHR146280
OG0012950	Om006G273450	CARHR146480
OG0012951	Om006G272870	CARHR146880
OG0012953	Om006G272620	CARHR147120
OG0012955	Om006G272510	CARHR147390
OG0012956	Om002G055560, Om002G055570	CARHR147520
OG0012957	Om006G272280	CARHR147610
OG0012958	Om006G272110	CARHR147750
OG0012959	Om006G272090	CARHR147810
OG0012960	Om006G271830	CARHR148140
OG0012961	Om006G271790	CARHR148200
OG0012962	Om006G271640	CARHR148340
OG0012963	Om006G271630	CARHR148350
OG0012964	Om006G271580	CARHR148380
OG0012965	Om006G271330	CARHR148590
OG0012966	Om007G317370	CARHR213820
OG0012967	Om006G271150	CARHR148850
OG0012968	Om006G270970	CARHR149200
OG0012969	Om006G270950	CARHR149220
OG0012970	Om006G269660	CARHR149490
OG0012971	Om004G135730	CARHR149860
OG0012972	Om006G270540	CARHR286660
OG0012973	Om006G270550	CARHR286650
OG0012974	Om006G270610	CARHR286600
OG0012975	Om006G252260	CARHR165190
OG0012976	Om007G287730	CARHR152280
OG0012977	Om006G269430	CARHR152350
OG0012980	Om007G314910	CARHR213940
OG0012981	Om005G212850	CARHR059640
OG0012982	Om005G212860	CARHR059630
OG0012983	Om005G213000	CARHR059480
OG0012984	Om005G213050	CARHR059460
OG0012985	Om005G213190	CARHR059040
OG0012986	Om005G213810	CARHR058850
OG0012987	Om005G213800	CARHR058190
OG0012988	Om005G214020	CARHR292310
OG0012989	Om005G214070	CARHR292320
OG0012990	Om005G214850, Om007G276710	CARHR057310
OG0012991	Om005G215060	CARHR057120
OG0012992	Om005G215210	CARHR057050
OG0012993	Om005G215220	CARHR056990
OG0012994	Om005G215280	CARHR056840
OG0012995	Om007G314140	CARHR055500
OG0012996	Om005G215860	CARHR055530
OG0012997	Om001G012970	CARHR103400
OG0012998	Om005G228890	CARHR046240
OG0012999	Om005G228740	CARHR046380
OG0013000	Om005G228280	CARHR046640
OG0013001	Om005G228260	CARHR046650
OG0013002	Om005G227880	CARHR046720
OG0013003	Om005G227870	CARHR046730
OG0013004	Om005G227780	CARHR046810
OG0013005	Om005G227720	CARHR046860
OG0013006	Om005G227620	CARHR046890
OG0013007	Om005G227600	CARHR046900
OG0013008	Om005G227580	CARHR046910
OG0013009	Om005G227220	CARHR046990
OG0013010	Om005G226900	CARHR047410
OG0013011	Om005G226760	CARHR047650
OG0013012	Om005G226470	CARHR047860
OG0013013	Om005G226270	CARHR047920
OG0013014	Om005G226220	CARHR048110
OG0013015	Om005G192290	CARHR013100
OG0013016	Om005G225640	CARHR048550
OG0013017	Om005G225470	CARHR048680
OG0013018	Om005G225120	CARHR049080
OG0013019	Om005G225090	CARHR049110
OG0013020	Om005G224780	CARHR049460
OG0013021	Om005G191320	CARHR012360
OG0013022	Om005G224580	CARHR049560
OG0013023	Om005G224540	CARHR049570
OG0013024	Om003G094480	CARHR233280
OG0013026	Om001G018630	CARHR233540
OG0013028	Om001G018230	CARHR233700
OG0013029	Om007G313650	CARHR216250
OG0013031	Om008G328590	CARHR136260
OG0013032	Om008G328840	CARHR136120
OG0013033	Om008G328820	CARHR136140
OG0013034	Om008G328980	CARHR135980
OG0013035	Om008G329340	CARHR135750
OG0013036	Om008G329470	CARHR135670
OG0013037	Om002G051490	CARHR083370
OG0013038	Om002G051660	CARHR083560
OG0013040	Om002G052280	CARHR084060
OG0013041	Om002G052290	CARHR084070
OG0013042	Om002G052650	CARHR084430
OG0013043	Om002G052840	CARHR286790, CARHR084510
OG0013044	Om003G114240	CARHR231740
OG0013045	Om002G052940	CARHR084580
OG0013046	Om002G052990	CARHR084630
OG0013047	Om002G053010	CARHR084650
OG0013048	Om002G053020	CARHR084660
OG0013049	Om002G053250	CARHR084890
OG0013050	Om002G053270	CARHR084910
OG0013051	Om006G241150	CARHR193250
OG0013052	Om002G053720	CARHR085210
OG0013053	Om002G053740	CARHR085230
OG0013054	Om002G053790	CARHR085270
OG0013055	Om002G054020	CARHR085410
OG0013056	Om005G190080	CARHR011470
OG0013057	Om002G054560	CARHR085780
OG0013058	Om002G055040	CARHR086110
OG0013059	Om002G055070, Om006G249590	CARHR086140
OG0013060	Om002G055630	CARHR086570
OG0013061	Om002G055640	CARHR086580
OG0013062	Om002G055700	CARHR086640
OG0013063	Om002G055750	CARHR086680
OG0013064	Om007G280790	CARHR191160
OG0013065	Om002G056000	CARHR086850
OG0013066	Om001G021880	CARHR235730
OG0013067	Om008G333720	CARHR133150
OG0013068	Om003G107780	CARHR258950
OG0013070	Om003G106960	CARHR258850
OG0013071	Om003G109500	CARHR258790
OG0013072	Om003G109110	CARHR258740
OG0013073	Om005G198370	CARHR258530
OG0013074	Om003G110150	CARHR258490
OG0013075	Om003G110320	CARHR258460
OG0013076	Om003G110340, Om003G110450	CARHR258300
OG0013077	Om003G110810	CARHR258240
OG0013078	Om003G111380	CARHR273810
OG0013079	Om003G111880	CARHR257580
OG0013080	Om002G075100	CARHR101560
OG0013081	Om003G112020	CARHR257020
OG0013082	Om003G112160	CARHR256890
OG0013083	Om003G112260	CARHR256800
OG0013084	Om003G112630	CARHR264320
OG0013085	Om003G112860	CARHR264530
OG0013087	Om003G113090	CARHR264850
OG0013088	Om003G113190	CARHR264970
OG0013089	Om003G113360	CARHR265140
OG0013090	Om003G113490	CARHR265270
OG0013091	Om003G113980	CARHR265720
OG0013092	Om003G114230	CARHR265930
OG0013093	Om003G115040	CARHR266610
OG0013094	Om001G021420	CARHR235480
OG0013095	Om003G115710	CARHR267280
OG0013096	Om003G115700	CARHR267270
OG0013098	Om003G115620	CARHR267100
OG0013099	Om003G115570	CARHR267070
OG0013100	Om003G115560	CARHR267060
OG0013101	Om003G115530	CARHR267020
OG0013102	Om003G115900	CARHR267490
OG0013103	Om003G115970	CARHR267580
OG0013104	Om003G116140	CARHR267800
OG0013105	Om001G033260	CARHR105110
OG0013106	Om003G116460	CARHR268130
OG0013107	Om003G116540	CARHR268180
OG0013108	Om003G116550	CARHR268190
OG0013109	Om003G116560	CARHR268200
OG0013110	Om003G116600	CARHR268220
OG0013111	Om003G116610	CARHR268230
OG0013113	Om003G117070	CARHR268580
OG0013114	Om001G018850	CARHR234370
OG0013115	Om003G117090	CARHR268610
OG0013116	Om003G117500	CARHR268810
OG0013117	Om003G117670	CARHR268960
OG0013118	Om003G117740	CARHR269060
OG0013119	Om003G118110	CARHR269320
OG0013121	Om003G118420	CARHR269530
OG0013122	Om003G118650	CARHR269720
OG0013123	Om003G119040	CARHR270070
OG0013124	Om006G249670	CARHR270920
OG0013125	Om006G249580, Om002G075850, Om002G075870	CARHR271020
OG0013126	Om006G249560	CARHR271050
OG0013127	Om006G249460	CARHR271130
OG0013128	Om006G249450	CARHR271140
OG0013129	Om006G249240	CARHR271290
OG0013130	Om006G248570	CARHR271510
OG0013131	Om006G248430	CARHR271610, CARHR271630
OG0013132	Om006G248120	CARHR271890, CARHR271900
OG0013133	Om006G248100	CARHR271920
OG0013134	Om003G107060	CARHR287310
OG0013135	Om006G237640	CARHR190360
OG0013136	Om007G313260	CARHR184430
OG0013137	Om004G161530	CARHR200130
OG0013138	Om004G161590	CARHR200190
OG0013139	Om004G161610	CARHR200210
OG0013140	Om004G162010	CARHR200490
OG0013141	Om004G162140	CARHR200590
OG0013142	Om004G162200	CARHR200640
OG0013143	Om004G162400	CARHR200790
OG0013144	Om004G162420	CARHR200810
OG0013145	Om004G162530	CARHR200900
OG0013146	Om004G162550	CARHR200920
OG0013147	Om004G162680	CARHR200970
OG0013148	Om004G163130	CARHR201320
OG0013149	Om004G163200	CARHR201410
OG0013150	Om004G163380	CARHR201540
OG0013151	Om004G163440	CARHR201570
OG0013152	Om004G163470	CARHR201600
OG0013153	Om004G163670	CARHR201700
OG0013154	Om004G163860	CARHR201870
OG0013155	Om004G163880	CARHR201880
OG0013156	Om004G164050	CARHR201980
OG0013157	Om004G164060	CARHR201990
OG0013158	Om004G164700	CARHR202420
OG0013159	Om004G164730	CARHR202450
OG0013160	Om004G165820	CARHR203100
OG0013161	Om004G166340	CARHR203580
OG0013162	Om004G166370	CARHR203620
OG0013163	Om004G166750	CARHR203910
OG0013164	Om004G166840	CARHR204010
OG0013165	Om004G166860	CARHR204030
OG0013166	Om004G166990	CARHR204110
OG0013167	Om004G167140	CARHR204260
OG0013168	Om004G167160	CARHR204290
OG0013169	Om004G167180	CARHR204300
OG0013170	Om004G167230	CARHR204330
OG0013171	Om004G167480	CARHR204570
OG0013172	Om006G237900	CARHR190120
OG0013173	Om004G167730	CARHR204810
OG0013174	Om004G167930	CARHR205070
OG0013175	Om004G167940	CARHR205080
OG0013176	Om004G168320	CARHR205370
OG0013177	Om004G168380	CARHR205420
OG0013178	Om004G168400	CARHR205440, CARHR205460
OG0013179	Om004G169110	CARHR205860
OG0013180	Om006G235940	CARHR275880
OG0013181	Om004G169290	CARHR036420, CARHR205980
OG0013182	Om001G000170	CARHR223980
OG0013183	Om001G000400	CARHR224240
OG0013184	Om001G000590	CARHR224340
OG0013185	Om001G000690, Om001G000780	CARHR224450
OG0013186	Om001G000700, Om001G000490	CARHR224460
OG0013187	Om001G001250, Om001G001140	CARHR224710
OG0013188	Om001G001850	CARHR224990
OG0013189	Om001G001930, Om005G179930	CARHR225060
OG0013190	Om001G001940	CARHR225070
OG0013191	Om008G359130	CARHR175980
OG0013192	Om001G002540	CARHR225390
OG0013193	Om001G002670	CARHR225500
OG0013194	Om001G002800	CARHR225590
OG0013195	Om001G002850	CARHR225630
OG0013196	Om001G002930	CARHR225680
OG0013198	Om001G003340	CARHR225930
OG0013199	Om001G003390	CARHR225950
OG0013200	Om001G003410	CARHR225960
OG0013201	Om001G004030	CARHR226160
OG0013202	Om001G005530	CARHR226930
OG0013203	Om003G120550	CARHR167630
OG0013204	Om001G005540	CARHR226950
OG0013205	Om001G038160	CARHR245800
OG0013206	Om001G006210	CARHR227300
OG0013207	Om001G007030	CARHR227870
OG0013208	Om001G007110	CARHR227990
OG0013209	Om001G007540	CARHR228320
OG0013210	Om001G008400	CARHR228820
OG0013211	Om001G008760	CARHR229090
OG0013212	Om005G208630	CARHR062910
OG0013213	Om001G009020	CARHR229280
OG0013214	Om001G009320	CARHR229560, CARHR229550
OG0013216	Om001G011010	CARHR231110
OG0013217	Om001G011080	CARHR231180
OG0013218	Om001G011220	CARHR231290
OG0013219	Om001G011240	CARHR231300
OG0013220	Om001G011600	CARHR231510
OG0013221	Om001G011720	CARHR032200
OG0013223	Om001G012190	CARHR032770
OG0013224	Om001G012280	CARHR032850
OG0013225	Om006G241790	CARHR192750
OG0013226	Om007G286730	CARHR233090
OG0013227	Om004G169420	CARHR206060, CARHR206070
OG0013228	Om001G012500	CARHR033210
OG0013229	Om001G013020	CARHR033620
OG0013230	Om001G013050	CARHR033660
OG0013231	Om001G013260	CARHR033750
OG0013232	Om001G013380	CARHR033840
OG0013233	Om001G013460	CARHR033940
OG0013234	Om001G013620	CARHR287280
OG0013235	Om001G013780	CARHR034130
OG0013236	Om001G014090	CARHR034280
OG0013237	Om001G014130	CARHR034420
OG0013238	Om001G014710	CARHR034810
OG0013240	Om002G051560	CARHR083400
OG0013241	Om007G291590	CARHR030330
OG0013242	Om001G016190	CARHR035650
OG0013243	Om007G287530	CARHR036220
OG0013245	Om007G287040	CARHR037290
OG0013246	Om007G287170	CARHR037100
OG0013247	Om001G016760	CARHR035220
OG0013248	Om001G016800	CARHR035190
OG0013249	Om001G016790	CARHR035140
OG0013250	Om007G287560	CARHR036250
OG0013251	Om007G287790	CARHR036610
OG0013252	Om007G288140	CARHR027560
OG0013253	Om007G288120	CARHR027300
OG0013254	Om007G288410	CARHR027610
OG0013255	Om007G288510	CARHR027690
OG0013256	Om007G288530	CARHR027710
OG0013257	Om007G288900	CARHR028010
OG0013258	Om007G289100	CARHR028130
OG0013259	Om007G289250, Om001G041370	CARHR028260
OG0013260	Om007G289360	CARHR028410
OG0013261	Om002G074320, Om002G074300	CARHR100880
OG0013262	Om007G289530	CARHR028550
OG0013263	Om007G289740	CARHR028730
OG0013264	Om007G290290	CARHR029610
OG0013265	Om007G290850	CARHR029680
OG0013266	Om001G034590	CARHR243720
OG0013267	Om001G034620	CARHR243750
OG0013268	Om001G034970	CARHR243990
OG0013269	Om001G035440	CARHR244270
OG0013270	Om001G035470, Om008G332260	CARHR244300
OG0013271	Om001G035520	CARHR244360
OG0013272	Om002G084550	CARHR108230
OG0013273	Om001G035910	CARHR244610, CARHR292040, CARHR292030
OG0013274	Om001G036110	CARHR244730
OG0013275	Om001G036120	CARHR244740
OG0013276	Om001G036150	CARHR244770
OG0013277	Om001G036200	CARHR244800
OG0013278	Om001G036320	CARHR244840
OG0013279	Om001G036510	CARHR244970
OG0013280	Om001G036590	CARHR244990
OG0013281	Om001G037030	CARHR245320
OG0013282	Om001G037350	CARHR245490
OG0013283	Om001G037360	CARHR246070
OG0013284	Om001G037430	CARHR245550, CARHR258580
OG0013285	Om001G038200	CARHR245840
OG0013286	Om001G038950	CARHR246280
OG0013287	Om006G254650	CARHR163340
OG0013288	Om001G039450	CARHR246600
OG0013289	Om001G039470	CARHR246610
OG0013290	Om001G039510	CARHR246650
OG0013291	Om001G039700	CARHR246830
OG0013292	Om001G039710	CARHR246840
OG0013293	Om001G039720	CARHR246850
OG0013294	Om007G287930	CARHR027190
OG0013295	Om001G039740	CARHR246880
OG0013296	Om001G040320	CARHR247260
OG0013297	Om001G040360	CARHR247280
OG0013298	Om001G040370	CARHR247290
OG0013299	Om001G040540	CARHR247420
OG0013300	Om001G040690	CARHR247470
OG0013301	Om001G040810	CARHR247630
OG0013302	Om001G041250	CARHR247930
OG0013303	Om001G041340	CARHR294420
OG0013304	Om001G041400	CARHR294380
OG0013305	Om001G041620	CARHR294230
OG0013306	Om001G041840	CARHR294030
OG0013307	Om001G041750	CARHR294110
OG0013308	Om001G041710	CARHR294140
OG0013309	Om001G041880	CARHR293980
OG0013310	Om004G155820	CARHR112770
OG0013311	Om001G034680	CARHR216680
OG0013312	Om007G313640	CARHR216450
OG0013313	Om007G288760	CARHR216380
OG0013314	Om007G313750	CARHR216140
OG0013315	Om007G313840	CARHR215820
OG0013316	Om005G185190	CARHR215430
OG0013317	Om007G314070	CARHR215300
OG0013318	Om007G314190	CARHR215230
OG0013319	Om007G314170	CARHR215150
OG0013320	Om007G314250	CARHR215130
OG0013321	Om007G314410	CARHR214890
OG0013322	Om007G314600	CARHR214440
OG0013323	Om007G314660	CARHR214220
OG0013324	Om007G314720	CARHR291850
OG0013325	Om007G314920	CARHR214050
OG0013326	Om007G314940	CARHR214070
OG0013327	Om007G314950	CARHR214080
OG0013328	Om007G315210	CARHR263630
OG0013329	Om007G315300	CARHR263200
OG0013331	Om007G316140	CARHR262400
OG0013332	Om002G061250	CARHR262390
OG0013333	Om007G295260	CARHR194180
OG0013334	Om007G292460	CARHR031090
OG0013335	Om006G267340	CARHR154220, CARHR154550
OG0013336	Om008G351340	CARHR255290
OG0013337	Om009G363050, Om007G305960	CARHR182950
OG0013339	Om008G338900	CARHR129540
OG0013340	Om008G339050	CARHR129370
OG0013341	Om008G345900	CARHR260650
OG0013342	Om002G073980	CARHR260450
OG0013343	Om008G343690	CARHR260220
OG0013344	Om008G343720	CARHR260210
OG0013345	Om008G343750	CARHR260140
OG0013346	Om008G343800	CARHR260100
OG0013347	Om008G344240	CARHR260080
OG0013348	Om006G241450	CARHR193040
OG0013349	Om008G344660	CARHR259640
OG0013350	Om002G084620	CARHR108400
OG0013351	Om001G014900	CARHR034690
OG0013352	Om001G004210	CARHR259350
OG0013353	Om003G099480	CARHR259360
OG0013354	Om008G345370	CARHR259380
OG0013355	Om008G340410	CARHR128280
OG0013357	Om008G340960	CARHR127630
OG0013358	Om008G341000	CARHR127600
OG0013359	Om008G338790	CARHR129600
OG0013360	Om001G023890	CARHR180640
OG0013361	Om003G110510	CARHR180670
OG0013363	Om008G341450	CARHR180880
OG0013364	Om008G341490	CARHR180950
OG0013365	Om008G341810	CARHR181170
OG0013366	Om007G287710	CARHR036450
OG0013367	Om008G342120	CARHR181710
OG0013368	Om008G342330	CARHR181590
OG0013369	Om003G099530	CARHR038090
OG0013370	Om008G342400	CARHR181540
OG0013371	Om008G342610	CARHR181880, CARHR181890
OG0013372	Om008G342730	CARHR285120
OG0013374	Om008G340500	CARHR285020
OG0013375	Om007G277680	CARHR179660
OG0013376	Om008G343150	CARHR284970
OG0013377	Om008G334600	CARHR132600
OG0013378	Om008G343100	CARHR284930
OG0013379	Om008G343070	CARHR047740
OG0013380	Om008G342930	CARHR184490
OG0013381	Om006G237530	CARHR190460
OG0013382	Om008G338200	CARHR129960
OG0013383	Om008G346240	CARHR260880
OG0013384	Om005G222870	CARHR260960
OG0013385	Om008G346430	CARHR260970
OG0013386	Om008G346940, Om008G348260	CARHR261110
OG0013387	Om008G347040	CARHR261220
OG0013388	Om001G012300	CARHR032880
OG0013389	Om008G347560	CARHR256370
OG0013390	Om008G350600	CARHR255630
OG0013391	Om008G350930	CARHR255480
OG0013392	Om008G351350	CARHR255280
OG0013393	Om008G351380	CARHR255250
OG0013394	Om008G351520	CARHR255160
OG0013395	Om008G351550	CARHR255100
OG0013396	Om008G351680	CARHR254840
OG0013397	Om008G351820	CARHR254690
OG0013398	Om008G351860	CARHR254610
OG0013399	Om008G352780	CARHR254440
OG0013400	Om008G352300	CARHR254280
OG0013401	Om008G352890	CARHR254020
OG0013402	Om008G353720	CARHR253340
OG0013403	Om008G353780	CARHR253140
OG0013404	Om008G354570	CARHR252600
OG0013405	Om008G354640	CARHR252560
OG0013406	Om008G355000	CARHR252460
OG0013407	Om008G354660	CARHR252300
OG0013408	Om008G355730	CARHR178890
OG0013409	Om008G355910	CARHR178760
OG0013410	Om008G356630	CARHR178210
OG0013412	Om008G356920	CARHR178070
OG0013414	Om008G358010	CARHR176860
OG0013415	Om008G358020	CARHR176850
OG0013416	Om008G358060	CARHR176830
OG0013417	Om008G358450	CARHR176500
OG0013418	Om008G358500	CARHR176450
OG0013419	Om008G358620	CARHR176320
OG0013420	Om008G358660	CARHR176270
OG0013421	Om008G358730	CARHR176240
OG0013422	Om008G358810	CARHR176190
OG0013423	Om008G359360	CARHR175870
OG0013424	Om008G360020	CARHR175380
OG0013425	Om006G241630	CARHR192920
OG0013426	Om008G362450	CARHR174000
OG0013427	Om008G362440	CARHR174030
OG0013428	Om003G105870	CARHR217160
OG0013429	Om002G076810	CARHR102900
OG0013430	Om003G105220	CARHR217970
OG0013431	Om003G105190	CARHR218100
OG0013432	Om002G075360	CARHR101810
OG0013433	Om003G105040	CARHR218160
OG0013434	Om002G074950	CARHR101450
OG0013435	Om003G104310	CARHR218710
OG0013436	Om002G074100	CARHR100590
OG0013437	Om003G103840	CARHR219340
OG0013439	Om003G103590	CARHR219960
OG0013440	Om003G103430	CARHR220120
OG0013441	Om003G103340	CARHR220230
OG0013442	Om008G350860	CARHR255550
OG0013443	Om003G102750	CARHR220610
OG0013445	Om003G102280	CARHR221400
OG0013446	Om003G102130	CARHR221600
OG0013447	Om003G102080	CARHR221730
OG0013448	Om003G101980	CARHR221820
OG0013449	Om003G101960	CARHR221850
OG0013450	Om003G101420	CARHR222310
OG0013451	Om003G101400	CARHR222350
OG0013452	Om007G316370	CARHR262150
OG0013453	Om007G316590	CARHR261930
OG0013454	Om007G316850	CARHR261750
OG0013455	Om007G317260	CARHR261330
OG0013456	Om007G317960	CARHR213230
OG0013457	Om007G318350	CARHR291900
OG0013459	Om007G318510	CARHR212550
OG0013460	Om007G281850	CARHR212430
OG0013461	Om008G318750	CARHR143400
OG0013462	Om008G318940	CARHR143220
OG0013463	Om008G319010	CARHR143170
OG0013464	Om008G319110	CARHR143090
OG0013465	Om008G319130	CARHR143070
OG0013466	Om008G319220	CARHR142980
OG0013468	Om008G319600	CARHR142710
OG0013469	Om008G320070	CARHR142390
OG0013470	Om008G320080	CARHR142380
OG0013471	Om008G320160	CARHR142300
OG0013472	Om008G320180	CARHR142280
OG0013473	Om008G320630	CARHR141920
OG0013474	Om008G320910	CARHR141710
OG0013475	Om008G320970	CARHR141660
OG0013476	Om008G321010	CARHR141620
OG0013477	Om008G321030	CARHR141600
OG0013478	Om008G321060	CARHR141540
OG0013479	Om008G321250	CARHR141360
OG0013480	Om008G321350	CARHR141260
OG0013481	Om008G321380	CARHR141240
OG0013482	Om008G321500	CARHR141140
OG0013483	Om008G321520	CARHR141120
OG0013484	Om008G321870	CARHR140820
OG0013485	Om008G322300	CARHR140520
OG0013486	Om008G323060	CARHR139940
OG0013487	Om003G124820	CARHR170550
OG0013488	Om008G323150	CARHR139870
OG0013489	Om008G323200	CARHR139820
OG0013490	Om008G323320	CARHR139680
OG0013491	Om008G323430	CARHR139590
OG0013492	Om008G323450	CARHR139570
OG0013493	Om008G323630	CARHR139480
OG0013494	Om008G324060	CARHR139180
OG0013496	Om008G324660	CARHR138910
OG0013497	Om008G325050	CARHR138660
OG0013498	Om005G222040, Om008G325220	CARHR138470
OG0013499	Om008G325400	CARHR138400
OG0013500	Om008G325450	CARHR138340
OG0013501	Om008G325770	CARHR283820, CARHR138100
OG0013502	Om008G325850	CARHR138030
OG0013503	Om008G325960	CARHR138010
OG0013504	Om008G326280	CARHR137800
OG0013505	Om003G122220	CARHR168890
OG0013506	Om008G327030	CARHR137170
OG0013507	Om008G326940	CARHR137260
OG0013508	Om008G327330	CARHR136800
OG0013509	Om008G327320	CARHR136790
OG0013510	Om004G176660, Om003G101720	CARHR211730
OG0013511	Om004G176590	CARHR211660
OG0013512	Om004G176370	CARHR211480
OG0013513	Om004G176220	CARHR211390
OG0013514	Om004G176170	CARHR211350
OG0013515	Om004G175770	CARHR211270
OG0013516	Om004G175830	CARHR211200
OG0013517	Om004G175940	CARHR211140
OG0013518	Om004G175980	CARHR211100
OG0013519	Om004G175510	CARHR210760
OG0013520	Om004G175160	CARHR210500
OG0013521	Om004G175170	CARHR210510
OG0013522	Om004G174320	CARHR209890
OG0013523	Om004G174300	CARHR209880
OG0013524	Om004G174160	CARHR209770
OG0013525	Om004G174050	CARHR209660
OG0013526	Om004G174040, Om002G087820	CARHR209650
OG0013527	Om004G173840	CARHR209580
OG0013529	Om004G173520	CARHR209290
OG0013530	Om004G173500	CARHR209280
OG0013531	Om004G173300	CARHR209130
OG0013532	Om004G173220	CARHR209070
OG0013533	Om004G173200	CARHR209050
OG0013534	Om004G173180	CARHR209040
OG0013535	Om004G173120	CARHR209020
OG0013536	Om004G173110	CARHR209010
OG0013537	Om006G241680	CARHR192880
OG0013539	Om006G241200	CARHR193290
OG0013540	Om006G242300	CARHR192220
OG0013541	Om006G242310	CARHR192200
OG0013542	Om006G242870	CARHR191830
OG0013543	Om006G243240	CARHR191580
OG0013544	Om006G243330	CARHR191510
OG0013545	Om006G243350	CARHR191490
OG0013546	Om001G027900, Om006G243450	CARHR191400
OG0013547	Om006G244280	CARHR190750
OG0013548	Om006G244290	CARHR190740
OG0013549	Om006G244340	CARHR190690
OG0013550	Om006G244480	CARHR274430
OG0013551	Om006G244580	CARHR274410
OG0013552	Om006G244610	CARHR274400
OG0013553	Om006G244730	CARHR274310
OG0013554	Om006G244840	CARHR274200
OG0013555	Om006G245370	CARHR273690
OG0013556	Om006G246060	CARHR285870
OG0013557	Om006G246190	CARHR285810
OG0013558	Om006G246230	CARHR285790, CARHR060400
OG0013559	Om007G288250	CARHR027420
OG0013560	Om006G266220	CARHR155680
OG0013561	Om006G234480	CARHR277060, CARHR043650
OG0013562	Om006G234360	CARHR277150, CARHR277160
OG0013563	Om006G234110	CARHR277400
OG0013564	Om006G233980	CARHR277520
OG0013565	Om006G233810	CARHR277680
OG0013566	Om006G233560	CARHR277910
OG0013567	Om006G233500	CARHR277960
OG0013568	Om004G163560	CARHR278020
OG0013570	Om006G233230	CARHR278160
OG0013571	Om006G233200	CARHR278190
OG0013572	Om006G233100	CARHR278320
OG0013573	Om006G233040	CARHR278380
OG0013574	Om006G232970	CARHR278430
OG0013575	Om006G232890	CARHR278490
OG0013576	Om006G232830	CARHR278550
OG0013577	Om002G085750	CARHR109060
OG0013578	Om006G232650	CARHR278720
OG0013579	Om006G232600	CARHR278770
OG0013580	Om006G232280	CARHR293730
OG0013581	Om006G232070	CARHR279110
OG0013582	Om006G231740	CARHR279430
OG0013583	Om006G231420	CARHR279720
OG0013584	Om006G231410, Om006G231360	CARHR279730
OG0013585	Om006G231320	CARHR279760
OG0013586	Om006G231230	CARHR279850
OG0013587	Om006G231100	CARHR279950
OG0013588	Om006G230960	CARHR280070
OG0013589	Om006G230920	CARHR280100
OG0013590	Om006G230890	CARHR280130
OG0013591	Om006G230730	CARHR280270
OG0013592	Om006G230640	CARHR280330
OG0013593	Om006G230540	CARHR280400
OG0013594	Om006G230470	CARHR280460
OG0013595	Om006G230440, Om006G230450	CARHR280500
OG0013596	Om006G230420	CARHR280520
OG0013597	Om006G230270	CARHR280700
OG0013599	Om006G230030	CARHR280890
OG0013600	Om006G229880	CARHR281000
OG0013601	Om006G229780	CARHR281110
OG0013602	Om006G229410	CARHR281360
OG0013603	Om006G229290	CARHR281450
OG0013604	Om006G229220	CARHR281540
OG0013605	Om006G229150	CARHR281620
OG0013606	Om006G229120	CARHR281660
OG0013607	Om006G229050	CARHR281730
OG0013608	Om006G229030	CARHR281750
OG0013609	Om004G157170	CARHR248170
OG0013610	Om004G157190	CARHR248190
OG0013611	Om004G157210	CARHR248200
OG0013612	Om004G157910	CARHR248930
OG0013613	Om004G157680	CARHR248680
OG0013614	Om004G157460	CARHR248430
OG0013615	Om004G157430	CARHR248410
OG0013616	Om004G157420	CARHR248400
OG0013617	Om004G158230	CARHR249170
OG0013618	Om004G158320	CARHR249250
OG0013619	Om004G158330	CARHR249270
OG0013620	Om004G158420	CARHR249390
OG0013621	Om004G158470	CARHR249420
OG0013622	Om004G158590	CARHR250280
OG0013623	Om004G158890	CARHR249990
OG0013624	Om004G158930	CARHR249960
OG0013625	Om004G159090	CARHR249910
OG0013626	Om004G159070	CARHR249880
OG0013627	Om004G159130	CARHR249740
OG0013628	Om004G159210	CARHR249680
OG0013629	Om004G159220	CARHR249670
OG0013630	Om004G159290	CARHR249610
OG0013631	Om005G179510	CARHR002030
OG0013632	Om004G159750	CARHR250550
OG0013633	Om004G160160	CARHR250970
OG0013634	Om004G160420	CARHR251190
OG0013635	Om004G160410	CARHR251180
OG0013636	Om004G160390	CARHR251170
OG0013637	Om004G160510	CARHR251290
OG0013638	Om004G160540	CARHR251310
OG0013639	Om004G160630	CARHR251420
OG0013640	Om004G160830	CARHR251610
OG0013641	Om007G302160	CARHR251630
OG0013642	Om007G302300	CARHR251760
OG0013643	Om007G302740	CARHR251800
OG0013644	Om007G302730	CARHR251810
OG0013645	Om007G292960	CARHR179060
OG0013646	Om007G277360	CARHR179200
OG0013647	Om007G277380	CARHR179230
OG0013648	Om007G277490	CARHR179380
OG0013649	Om007G277720	CARHR179710
OG0013650	Om007G277870	CARHR006260
OG0013651	Om007G278000	CARHR180150
OG0013652	Om007G278080	CARHR180230
OG0013653	Om007G278600	CARHR127150
OG0013654	Om007G278530	CARHR127200
OG0013655	Om007G278470	CARHR127250
OG0013656	Om007G278450	CARHR127270
OG0013657	Om007G279300, Om001G013670	CARHR126140
OG0013658	Om007G278800	CARHR126850
OG0013659	Om007G279480	CARHR126330
OG0013660	Om007G279380	CARHR126240
OG0013661	Om007G279650	CARHR125920
OG0013662	Om007G279660	CARHR125910
OG0013663	Om007G279830	CARHR125770
OG0013664	Om007G279880	CARHR125720
OG0013665	Om007G279930	CARHR125640
OG0013666	Om007G279970	CARHR125600
OG0013667	Om007G280130	CARHR125430
OG0013668	Om007G280750	CARHR124800
OG0013669	Om007G280800	CARHR124770
OG0013670	Om007G280940	CARHR124600
OG0013671	Om007G281100	CARHR124440
OG0013672	Om007G281160	CARHR124360
OG0013673	Om007G281220	CARHR124250
OG0013674	Om007G281250	CARHR124220
OG0013675	Om007G281340	CARHR124070
OG0013676	Om007G281710	CARHR123650
OG0013677	Om003G113800, Om007G281750	CARHR123590
OG0013678	Om005G177950, Om007G299360	CARHR264940
OG0013679	Om007G282140	CARHR123190
OG0013680	Om007G282300	CARHR122970
OG0013681	Om007G282340	CARHR122940
OG0013682	Om007G282990	CARHR122280
OG0013683	Om007G283200	CARHR121980
OG0013684	Om001G041630	CARHR294210
OG0013685	Om007G283710	CARHR121280
OG0013686	Om007G283810	CARHR121170
OG0013687	Om007G284060	CARHR120780
OG0013688	Om007G284110	CARHR120760
OG0013689	Om007G284200	CARHR120660
OG0013690	Om007G284230	CARHR120600
OG0013691	Om007G284480	CARHR120320
OG0013692	Om007G285210	CARHR119230
OG0013693	Om007G285140	CARHR119330
OG0013694	Om007G284860	CARHR119740
OG0013695	Om007G284800	CARHR119920
OG0013696	Om007G285360	CARHR118960
OG0013697	Om007G285370	CARHR118930
OG0013698	Om007G285440	CARHR118780
OG0013699	Om007G285480	CARHR118630
OG0013700	Om007G285550	CARHR118510
OG0013701	Om007G285580	CARHR118540
OG0013702	Om004G149280	CARHR123740
OG0013703	Om007G296310	CARHR037200
OG0013704	Om005G190580, Om007G294550	CARHR115260
OG0013705	Om008G327630	CARHR118500
OG0013706	Om006G243410	CARHR118350
OG0013707	Om004G151150	CARHR115240
OG0013708	Om007G282160	CARHR115050
OG0013709	Om002G045650	CARHR078110
OG0013710	Om007G301800	CARHR114930
OG0013711	Om005G190390	CARHR114790
OG0013712	Om004G150330	CARHR287330
OG0013713	Om004G150690	CARHR115280
OG0013714	Om004G150500	CARHR115530
OG0013715	Om001G020740	CARHR235220
OG0013716	Om001G019390	CARHR234590
OG0013717	Om002G042830	CARHR075610
OG0013719	Om002G042330	CARHR075130
OG0013720	Om002G042300	CARHR075100
OG0013721	Om002G042280, Om002G042290	CARHR075090
OG0013722	Om002G042210	CARHR075020
OG0013723	Om004G177370	CARHR212280
OG0013724	Om004G177290	CARHR212230
OG0013725	Om004G177210	CARHR212180
OG0013726	Om004G177120	CARHR229670
OG0013727	Om003G118490	CARHR269630
OG0013728	Om003G116900	CARHR268440
OG0013729	Om002G043220	CARHR075990
OG0013730	Om002G043240	CARHR076010
OG0013731	Om002G043510	CARHR076190
OG0013732	Om002G043580	CARHR076230
OG0013734	Om007G307870	CARHR184070
OG0013735	Om002G044030	CARHR076700
OG0013736	Om002G044380	CARHR076990
OG0013737	Om002G044670	CARHR077230
OG0013738	Om002G044730	CARHR077310
OG0013739	Om002G044800	CARHR077360
OG0013740	Om001G026140	CARHR234890
OG0013741	Om002G045090	CARHR077570
OG0013742	Om002G045260	CARHR077760
OG0013743	Om002G045340	CARHR077840
OG0013744	Om002G045360	CARHR077860
OG0013745	Om002G045520	CARHR078010
OG0013746	Om002G045540	CARHR078020
OG0013747	Om002G045850, Om003G100000	CARHR078260
OG0013748	Om002G046210	CARHR078540
OG0013749	Om002G045990	CARHR078490
OG0013750	Om002G046280	CARHR078740
OG0013751	Om002G046300	CARHR078730
OG0013752	Om002G046370	CARHR078820
OG0013753	Om002G046420	CARHR078850
OG0013754	Om002G046620	CARHR079060
OG0013755	Om002G046700	CARHR079140
OG0013756	Om002G046850	CARHR079260
OG0013757	Om002G046970	CARHR079320
OG0013758	Om002G047260	CARHR079550
OG0013759	Om002G047460	CARHR079710
OG0013760	Om002G047310	CARHR079590
OG0013761	Om002G047910	CARHR080120
OG0013762	Om002G048050	CARHR080210
OG0013763	Om002G048270	CARHR080410
OG0013764	Om002G048290	CARHR080430
OG0013765	Om002G048650	CARHR080690
OG0013766	Om002G048980	CARHR080920
OG0013768	Om002G049330	CARHR081220
OG0013769	Om002G069260, Om002G049370	CARHR103050
OG0013770	Om002G049450	CARHR081390
OG0013771	Om002G049850	CARHR081740
OG0013772	Om002G050110	CARHR082040
OG0013773	Om008G350940	CARHR255460
OG0013774	Om002G050510	CARHR082430
OG0013775	Om002G050530	CARHR082450
OG0013776	Om002G050820	CARHR082740
OG0013777	Om002G050890	CARHR082790
OG0013778	Om002G051100	CARHR082980
OG0013779	Om002G051340	CARHR083250
OG0013780	Om008G329950	CARHR135470
OG0013782	Om008G330620	CARHR135070
OG0013783	Om006G251300	CARHR165940
OG0013784	Om008G331260	CARHR134850
OG0013785	Om008G331420	CARHR134590
OG0013786	Om008G331530	CARHR134520
OG0013787	Om008G331720	CARHR134450
OG0013788	Om008G331760	CARHR134420
OG0013789	Om008G332180	CARHR134020
OG0013790	Om008G332450	CARHR133920
OG0013791	Om008G332460	CARHR133910
OG0013793	Om008G332590	CARHR121200
OG0013794	Om008G332800	CARHR133700
OG0013795	Om008G333010	CARHR133580
OG0013796	Om008G333250	CARHR133410
OG0013797	Om008G337800	CARHR130250
OG0013798	Om008G337410	CARHR130550
OG0013799	Om008G336970	CARHR130860
OG0013800	Om008G336800	CARHR130960
OG0013801	Om008G336660	CARHR131100
OG0013802	Om008G336540	CARHR131300
OG0013803	Om008G336470	CARHR131360
OG0013804	Om008G336370	CARHR131420
OG0013805	Om008G336260	CARHR131500
OG0013806	Om008G335860	CARHR132300
OG0013807	Om008G335390	CARHR132040
OG0013808	Om008G335360	CARHR132010, CARHR131990
OG0013809	Om008G335200	CARHR131880
OG0013810	Om008G334570	CARHR132640
OG0013811	Om008G334580	CARHR132620
OG0013812	Om008G334610	CARHR132590
OG0013813	Om003G105810, Om007G296240	CARHR286890
OG0013814	Om008G338130	CARHR130020
OG0013816	Om005G195910	CARHR015760
OG0013817	Om005G197190	CARHR016760
OG0013818	Om005G197490	CARHR017000
OG0013819	Om005G197510	CARHR017020
OG0013820	Om005G197580	CARHR017100
OG0013821	Om005G197680	CARHR017190
OG0013822	Om005G197780	CARHR017300
OG0013823	Om005G193490	CARHR013990, CARHR014000
OG0013824	Om005G198280	CARHR017740
OG0013825	Om005G198430	CARHR017900
OG0013826	Om005G198440, Om006G262520	CARHR017920
OG0013828	Om005G198670	CARHR018000
OG0013829	Om005G199170	CARHR018360
OG0013830	Om005G199410	CARHR018470
OG0013831	Om005G199820	CARHR018830
OG0013832	Om005G199610	CARHR018680
OG0013833	Om005G199530	CARHR018600
OG0013834	Om005G199500	CARHR018580
OG0013835	Om005G200000	CARHR019000
OG0013836	Om005G200330	CARHR019220
OG0013838	Om005G201000	CARHR019750
OG0013839	Om005G201040	CARHR019770
OG0013840	Om005G201180	CARHR019840
OG0013841	Om005G201210	CARHR019880
OG0013842	Om005G201350	CARHR019970
OG0013843	Om005G201550	CARHR020140
OG0013844	Om005G201580	CARHR020150
OG0013845	Om005G201850	CARHR020330
OG0013846	Om005G201930	CARHR020380
OG0013847	Om005G202160	CARHR020530
OG0013848	Om005G202600	CARHR020980
OG0013849	Om005G202930	CARHR021230
OG0013850	Om005G203140	CARHR021440
OG0013851	Om005G203580	CARHR021740
OG0013852	Om005G203680	CARHR021810
OG0013853	Om005G203690	CARHR021820
OG0013854	Om005G203870, Om005G203880	CARHR021920
OG0013855	Om005G203920	CARHR021960
OG0013856	Om005G204030	CARHR022020
OG0013857	Om005G204150	CARHR022110
OG0013858	Om005G204500	CARHR022410
OG0013859	Om005G205250	CARHR023100
OG0013860	Om005G205260	CARHR023110
OG0013861	Om005G205280	CARHR023130
OG0013862	Om005G205320	CARHR023150
OG0013863	Om004G143740	CARHR023810
OG0013864	Om004G144620	CARHR024390
OG0013865	Om004G144630	CARHR024400
OG0013866	Om004G145070	CARHR024830
OG0013867	Om004G145370	CARHR025110
OG0013868	Om004G145380	CARHR025120
OG0013869	Om004G145400	CARHR025150
OG0013870	Om002G084460	CARHR025330
OG0013871	Om004G146190	CARHR025450
OG0013872	Om004G146690	CARHR025730, CARHR153660
OG0013873	Om004G146710	CARHR025750
OG0013874	Om005G189130	CARHR025880
OG0013875	Om004G147760	CARHR026550
OG0013876	Om005G212230	CARHR060160
OG0013877	Om004G148180	CARHR026780
OG0013878	Om004G148270	CARHR026900
OG0013879	Om004G148520	CARHR036140
OG0013880	Om003G096840	CARHR231820
OG0013882	Om007G285630	CARHR232100
OG0013883	Om007G285650	CARHR232110
OG0013884	Om007G285780	CARHR232300
OG0013886	Om007G286040	CARHR232550
OG0013887	Om007G286070	CARHR232580
OG0013888	Om001G029570	CARHR240590
OG0013889	Om004G151730	CARHR116280
OG0013890	Om004G151570	CARHR116620
OG0013891	Om004G151580	CARHR116600
OG0013892	Om004G151380	CARHR116660
OG0013893	Om001G030390	CARHR241150
OG0013894	Om004G151450	CARHR116750
OG0013895	Om004G151460	CARHR116760
OG0013897	Om004G152370, Om004G154520	CARHR294580
OG0013898	Om001G001490	CARHR116530
OG0013899	Om004G151640	CARHR116480
OG0013900	Om005G203740	CARHR114700
OG0013901	Om004G154400	CARHR114520
OG0013902	Om004G137020	CARHR069670
OG0013903	Om004G137010	CARHR069660
OG0013904	Om004G154180	CARHR113920
OG0013905	Om004G153830	CARHR113650
OG0013906	Om004G153670	CARHR113500
OG0013907	Om004G153530	CARHR113090
OG0013908	Om004G153510	CARHR113070
OG0013909	Om004G153470	CARHR113020
OG0013912	Om004G156190	CARHR112180
OG0013913	Om004G156490	CARHR111930
OG0013915	Om005G195860	CARHR015720
OG0013916	Om005G195150	CARHR015220
OG0013917	Om005G195140	CARHR015210
OG0013918	Om005G194800	CARHR015060
OG0013919	Om005G194460	CARHR014780
OG0013920	Om005G194250	CARHR014600
OG0013922	Om005G194950, Om005G193730	CARHR014160
OG0013923	Om005G193670	CARHR014090
OG0013924	Om005G193500	CARHR014010
OG0013925	Om005G193350	CARHR013850
OG0013926	Om005G193010	CARHR013670
OG0013927	Om005G192580	CARHR013340
OG0013928	Om005G192240	CARHR013060
OG0013929	Om005G192220	CARHR013040
OG0013930	Om005G191290	CARHR012330
OG0013931	Om005G191130	CARHR012230
OG0013932	Om005G191120	CARHR012220
OG0013933	Om005G190920	CARHR012060
OG0013934	Om005G190860	CARHR012010
OG0013935	Om005G189880	CARHR011280
OG0013936	Om005G189790	CARHR011210
OG0013937	Om005G189490	CARHR011000
OG0013938	Om002G077060	CARHR102860
OG0013939	Om002G077070	CARHR102840
OG0013940	Om002G063450	CARHR185140
OG0013941	Om005G188220	CARHR009890
OG0013942	Om005G188270	CARHR009950
OG0013943	Om005G187850	CARHR009590
OG0013944	Om005G187740	CARHR009550
OG0013945	Om005G187570	CARHR009430
OG0013946	Om005G187530	CARHR009400
OG0013947	Om005G187480, Om006G262950	CARHR009350
OG0013948	Om005G187430	CARHR009310
OG0013949	Om005G187360	CARHR009250
OG0013950	Om005G186680, Om006G261420	CARHR008550
OG0013951	Om005G186550	CARHR008420
OG0013952	Om005G186480	CARHR008360
OG0013953	Om005G186390	CARHR008290
OG0013954	Om003G120970	CARHR168070
OG0013955	Om005G185700	CARHR007660
OG0013956	Om005G185200, Om005G185210	CARHR007200
OG0013957	Om005G185110	CARHR007090
OG0013958	Om005G184840, Om005G184830	CARHR006970
OG0013959	Om005G184620	CARHR006810
OG0013960	Om005G184530	CARHR006710
OG0013961	Om005G184520	CARHR006700
OG0013962	Om005G184210	CARHR006420
OG0013963	Om005G183910	CARHR006050
OG0013964	Om005G183730	CARHR005830
OG0013965	Om005G183590	CARHR239330
OG0013966	Om005G183200	CARHR005330
OG0013967	Om005G183060	CARHR005190
OG0013968	Om005G182970	CARHR004840, CARHR005100
OG0013969	Om005G182640	CARHR004800
OG0013970	Om005G182280	CARHR004510
OG0013971	Om005G182120	CARHR004340
OG0013972	Om005G182050	CARHR004300
OG0013973	Om005G181870	CARHR004120
OG0013974	Om005G181610	CARHR003870
OG0013975	Om005G181370	CARHR003650
OG0013976	Om005G181280	CARHR003570
OG0013977	Om005G181240	CARHR003530
OG0013978	Om005G180370	CARHR002830
OG0013979	Om005G180060	CARHR002500
OG0013980	Om005G179910	CARHR002400
OG0013981	Om005G179870	CARHR002370
OG0013982	Om005G179450	CARHR001980
OG0013983	Om005G179040	CARHR001570
OG0013984	Om005G178900	CARHR001460
OG0013985	Om005G178740	CARHR001290
OG0013986	Om005G178720	CARHR001270
OG0013987	Om005G178690	CARHR001240
OG0013988	Om005G178650, Om005G178660	CARHR001220
OG0013989	Om005G178590	CARHR001150
OG0013990	Om005G178320	CARHR000790
OG0013991	Om005G178380	CARHR000860
OG0013992	Om005G178190	CARHR000690
OG0013993	Om005G177940	CARHR000500
OG0013994	Om005G177910	CARHR000480
OG0013995	Om004G172260	CARHR137110, CARHR248320
OG0013996	Om005G177860	CARHR000440
OG0013997	Om005G177640	CARHR156840
OG0013998	Om005G177560	CARHR000140
OG0013999	Om007G301940	CARHR199420
OG0014000	Om004G156800, Om007G301090	CARHR198730
OG0014001	Om007G294910	CARHR193820
OG0014002	Om007G301300	CARHR198850
OG0014003	Om007G301330	CARHR198880
OG0014004	Om007G301770	CARHR199250
OG0014005	Om007G300820	CARHR198550, CARHR150190
OG0014006	Om007G299780	CARHR197830
OG0014007	Om007G299460	CARHR197640
OG0014008	Om007G299440	CARHR197630
OG0014009	Om007G299430	CARHR197620
OG0014010	Om007G299350	CARHR197570
OG0014011	Om007G299310	CARHR197540
OG0014012	Om007G299130	CARHR197400
OG0014013	Om007G299110, Om007G299080	CARHR197390
OG0014014	Om007G298900	CARHR197230
OG0014016	Om007G298700	CARHR197100
OG0014018	Om007G297910	CARHR196470
OG0014019	Om007G297810	CARHR196380, CARHR196420
OG0014020	Om007G297500	CARHR196170
OG0014021	Om007G297380	CARHR196050
OG0014022	Om007G297300	CARHR195960
OG0014023	Om007G297100	CARHR195790
OG0014024	Om007G297110	CARHR195800
OG0014025	Om007G296750	CARHR195570
OG0014026	Om007G296110	CARHR194930
OG0014027	Om004G135130	CARHR070630
OG0014028	Om007G296070	CARHR194860
OG0014029	Om007G295850	CARHR194590
OG0014030	Om007G295730	CARHR194520
OG0014031	Om007G295620, Om007G295660	CARHR194450
OG0014032	Om007G295370	CARHR194310
OG0014033	Om007G295030	CARHR194050
OG0014034	Om007G294850	CARHR193780
OG0014035	Om007G294710	CARHR193640
OG0014036	Om007G294400	CARHR186910
OG0014037	Om007G294340	CARHR186850
OG0014038	Om007G294320	CARHR186830
OG0014039	Om007G294300	CARHR186810
OG0014040	Om007G294270	CARHR186710
OG0014041	Om007G294190, Om007G286360	CARHR186580
OG0014042	Om007G277820	CARHR179940
OG0014043	Om007G293760	CARHR186180
OG0014044	Om007G293500	CARHR185910
OG0014045	Om008G332490	CARHR185150
OG0014046	Om001G001420	CARHR284600
OG0014047	Om007G305610	CARHR284650
OG0014048	Om005G196430	CARHR182880
OG0014049	Om009G363020, Om007G305890	CARHR182940
OG0014050	Om007G308120	CARHR183850
OG0014051	Om007G306230	CARHR183210
OG0014052	Om004G161300	CARHR199910
OG0014053	Om004G169730, Om004G169830	CARHR206260
OG0014054	Om002G079320, Om004G169540	CARHR206110
OG0014055	Om004G169650	CARHR206210
OG0014056	Om007G300770, Om004G129740	CARHR198500
OG0014057	Om004G170010	CARHR206510
OG0014058	Om004G170040	CARHR206560
OG0014059	Om004G170090	CARHR206590
OG0014060	Om004G170160	CARHR206650
OG0014061	Om007G313470, Om007G313510	CARHR184320
OG0014062	Om004G170560	CARHR206910
OG0014063	Om004G170640	CARHR206850
OG0014064	Om004G170810	CARHR207180
OG0014065	Om004G170970	CARHR207270
OG0014066	Om008G353130, Om008G353140, Om004G171030	CARHR207320
OG0014067	Om004G171110	CARHR207410
OG0014068	Om004G171190	CARHR207510
OG0014069	Om004G171280	CARHR207620
OG0014070	Om004G171480	CARHR207760
OG0014071	Om004G171510	CARHR207800
OG0014072	Om004G171850	CARHR207960
OG0014073	Om004G171900	CARHR208020
OG0014074	Om004G172460	CARHR151790, CARHR208440
OG0014075	Om004G172440	CARHR208420
OG0014076	Om004G172380	CARHR208350
OG0014077	Om004G172360	CARHR208340
OG0014078	Om006G230560, Om004G172560	CARHR208540
OG0014079	Om004G172600	CARHR208580
OG0014080	Om004G172630	CARHR208630
OG0014081	Om004G172670	CARHR208670
OG0014082	Om004G172730	CARHR208710
OG0014083	Om004G173000	CARHR208930
OG0014084	Om006G240700	CARHR187280
OG0014085	Om006G240350	CARHR187810
OG0014086	Om006G240360	CARHR187800
OG0014087	Om006G240040	CARHR188150
OG0014088	Om006G238940	CARHR189150
OG0014089	Om006G239020	CARHR189060
OG0014090	Om006G239040	CARHR189030
OG0014091	Om006G238910	CARHR189200
OG0014092	Om006G238850	CARHR189270
OG0014093	Om006G238510	CARHR189640
OG0014094	Om006G238260	CARHR189830
OG0014095	Om002G075990	CARHR102210
OG0014096	Om006G237490	CARHR190480
OG0014097	Om006G237470	CARHR190500
OG0014098	Om006G237170	CARHR274720
OG0014099	Om006G236650	CARHR275210
OG0014100	Om006G236590	CARHR275260, CARHR234670
OG0014101	Om006G236330	CARHR275520
OG0014102	Om001G022160	CARHR235890
OG0014103	Om006G236000	CARHR275830
OG0014104	Om006G235870	CARHR275910
OG0014105	Om006G235610	CARHR276150
OG0014106	Om006G235150	CARHR276460
OG0014107	Om006G235060	CARHR276520
OG0014108	Om006G235030	CARHR276550
OG0014109	Om006G234970	CARHR276620
OG0014111	Om006G234720	CARHR276850
OG0014112	Om006G234710	CARHR276860
OG0014113	Om006G247380	CARHR272640
OG0014114	Om006G247530	CARHR272440
OG0014115	Om006G247830	CARHR272200
OG0014116	Om006G257250	CARHR161060
OG0014117	Om006G257310	CARHR161010
OG0014118	Om006G257390	CARHR160950
OG0014119	Om006G257440	CARHR160890
OG0014120	Om006G257730	CARHR160620
OG0014121	Om006G258140	CARHR160410
OG0014123	Om004G146820	CARHR160190
OG0014124	Om006G258600	CARHR160020
OG0014125	Om006G258740	CARHR159890
OG0014126	Om006G259600	CARHR158970
OG0014127	Om006G259710	CARHR158870
OG0014128	Om006G259960	CARHR158800
OG0014129	Om006G260340	CARHR158370
OG0014130	Om006G260410	CARHR158290
OG0014131	Om006G260830	CARHR158030
OG0014132	Om006G260910	CARHR157920
OG0014133	Om006G261650	CARHR157460
OG0014134	Om006G261880	CARHR157340
OG0014135	Om006G262910, Om006G263040	CARHR157010
OG0014136	Om006G263080	CARHR156920
OG0014138	Om003G098700	CARHR255450
OG0014139	Om003G102000	CARHR156500
OG0014140	Om006G263960	CARHR156410
OG0014141	Om006G265710	CARHR156120
OG0014142	Om008G333460	CARHR156060
OG0014143	Om006G265790	CARHR156050
OG0014144	Om006G266340	CARHR155640
OG0014145	Om006G266440	CARHR155620
OG0014146	Om006G266880	CARHR155210
OG0014147	Om006G267150	CARHR155380
OG0014148	Om006G267200	CARHR154650
OG0014149	Om004G140570	CARHR066820
OG0014150	Om006G267560	CARHR154140
OG0014151	Om004G166230, Om006G268130	CARHR149890
OG0014152	Om006G268040	CARHR149990
OG0014153	Om006G267800	CARHR150590, CARHR150580
OG0014155	Om006G267780	CARHR150850
OG0014156	Om007G278550	CARHR150960
OG0014157	Om006G268850	CARHR151220
OG0014158	Om006G268740	CARHR152690
OG0014159	Om006G268730	CARHR152940
OG0014160	Om006G268720	CARHR152930
OG0014161	Om006G268700	CARHR152710
OG0014162	Om002G080520, Om008G321760	CARHR140930
OG0014163	Om003G107180	CARHR259270
OG0014165	Om005G212180	CARHR060210, CARHR058070
OG0014166	Om005G212280	CARHR060120
OG0014167	Om005G211870	CARHR060460
OG0014168	Om005G225400	CARHR048740
OG0014169	Om005G211720	CARHR060610
OG0014170	Om005G211700	CARHR060600
OG0014171	Om005G210620	CARHR061410
OG0014172	Om005G210510	CARHR061490
OG0014173	Om003G095700	CARHR074070
OG0014174	Om005G209610	CARHR062140
OG0014175	Om005G209520	CARHR062220
OG0014176	Om005G209460	CARHR062260
OG0014177	Om005G209440	CARHR062280
OG0014178	Om005G209240	CARHR062510
OG0014179	Om005G208490	CARHR062990
OG0014180	Om005G207860	CARHR063510
OG0014181	Om005G207410, Om003G110740	CARHR063810
OG0014182	Om005G207350	CARHR063870
OG0014183	Om005G206690	CARHR064400
OG0014184	Om005G206590	CARHR064510
OG0014185	Om005G206500	CARHR064600
OG0014186	Om005G206350	CARHR291260
OG0014187	Om005G206300	CARHR291210
OG0014188	Om005G206040	CARHR291070
OG0014189	Om005G205870	CARHR289070
OG0014190	Om005G205860	CARHR290930
OG0014191	Om004G143240	CARHR064800
OG0014192	Om004G143230	CARHR064810
OG0014193	Om004G133630	CARHR071650
OG0014194	Om004G134350	CARHR071240
OG0014195	Om004G134420	CARHR071190
OG0014197	Om004G134960	CARHR070800
OG0014198	Om004G135000	CARHR070730
OG0014199	Om004G135200	CARHR158720, CARHR070590
OG0014200	Om004G135240	CARHR070560
OG0014201	Om004G135390	CARHR070460
OG0014202	Om004G135650	CARHR070280
OG0014203	Om004G135880	CARHR070120
OG0014204	Om004G136260	CARHR069900
OG0014205	Om004G136970	CARHR069620
OG0014206	Om004G136940	CARHR069590
OG0014207	Om004G136900	CARHR069570
OG0014208	Om004G137070	CARHR069420
OG0014209	Om004G137370	CARHR069190
OG0014210	Om004G138320	CARHR068950
OG0014211	Om004G137920	CARHR068670
OG0014212	Om004G137910	CARHR068660
OG0014213	Om004G138460	CARHR068460
OG0014214	Om004G138910	CARHR068420
OG0014215	Om004G138640	CARHR068220
OG0014216	Om004G138950	CARHR068090
OG0014217	Om004G139080	CARHR067980
OG0014218	Om004G139500	CARHR067720
OG0014219	Om004G139570	CARHR067670
OG0014220	Om004G139660	CARHR067600
OG0014221	Om004G139760	CARHR067500
OG0014222	Om004G139940	CARHR067310
OG0014223	Om004G139970	CARHR067280
OG0014224	Om006G260560, Om004G140200	CARHR067110
OG0014225	Om004G140240, Om006G260510	CARHR067070
OG0014226	Om004G140350	CARHR066980
OG0014227	Om004G140410	CARHR066950
OG0014228	Om004G140450	CARHR066910
OG0014229	Om004G140550	CARHR066840
OG0014230	Om004G140710	CARHR066780
OG0014231	Om004G141110	CARHR066500
OG0014232	Om004G141680	CARHR066250
OG0014233	Om004G141770	CARHR066180
OG0014235	Om004G142180	CARHR065690
OG0014236	Om004G142360	CARHR065590
OG0014237	Om004G142400	CARHR065560
OG0014238	Om005G198720	CARHR018030
OG0014239	Om004G142530	CARHR065420
OG0014240	Om004G142540	CARHR065400
OG0014241	Om004G142610	CARHR065310
OG0014242	Om004G142820	CARHR065120
OG0014243	Om004G132410	CARHR072530
OG0014244	Om004G132290	CARHR072660
OG0014245	Om004G132180	CARHR072750
OG0014246	Om004G132110	CARHR072800
OG0014247	Om004G131920, Om004G131910	CARHR072990, CARHR072970
OG0014248	Om004G131870	CARHR073010
OG0014249	Om004G131860	CARHR073020
OG0014250	Om004G131740	CARHR073100
OG0014251	Om004G131720	CARHR073120
OG0014252	Om004G131180	CARHR073610
OG0014253	Om004G130840	CARHR073870
OG0014254	Om004G130380	CARHR074840
OG0014255	Om004G130350	CARHR074120
OG0014256	Om004G130290	CARHR074170
OG0014257	Om004G130280	CARHR074180
OG0014258	Om004G130230	CARHR074200
OG0014259	Om004G129880	CARHR074470
OG0014260	Om004G129770	CARHR074520
OG0014261	Om004G129720, Om004G129750, Om004G148750	CARHR074570
OG0014262	Om004G129680	CARHR074600
OG0014263	Om004G129550	CARHR104860, CARHR074710
OG0014264	Om004G129570	CARHR049030
OG0014265	Om002G056460	CARHR087190
OG0014266	Om002G056830	CARHR087460
OG0014267	Om002G057220	CARHR087810
OG0014268	Om002G058390	CARHR088650
OG0014269	Om002G058410	CARHR088670
OG0014270	Om003G114590	CARHR266250
OG0014271	Om002G058690	CARHR088900
OG0014272	Om002G058720	CARHR088910
OG0014273	Om002G058790	CARHR088950
OG0014274	Om002G059590	CARHR089550
OG0014275	Om002G060010	CARHR089820
OG0014276	Om002G060040	CARHR089840
OG0014277	Om002G060090	CARHR089870
OG0014278	Om002G060330	CARHR090130
OG0014279	Om002G060510	CARHR090270
OG0014280	Om002G061170	CARHR091030, CARHR090670
OG0014281	Om002G061230	CARHR090710, CARHR292070
OG0014282	Om002G061620	CARHR292930
OG0014283	Om002G043330	CARHR288440
OG0014284	Om002G061870	CARHR091230
OG0014285	Om002G061890	CARHR091250
OG0014286	Om002G062390	CARHR091560
OG0014287	Om002G062760	CARHR091760
OG0014288	Om002G063170	CARHR092060
OG0014289	Om002G063490	CARHR092240
OG0014290	Om002G063710	CARHR092440
OG0014291	Om002G063800	CARHR092520
OG0014292	Om002G064240	CARHR092960
OG0014293	Om002G064310	CARHR093000
OG0014294	Om002G064570	CARHR093180
OG0014295	Om002G064790	CARHR093360
OG0014296	Om002G065140	CARHR093570
OG0014297	Om007G283630	CARHR121370
OG0014298	Om002G065530	CARHR093870
OG0014300	Om002G065900	CARHR094180
OG0014301	Om002G066090	CARHR094320
OG0014303	Om002G066550	CARHR094610
OG0014304	Om002G066560	CARHR094620
OG0014305	Om002G066570	CARHR094630
OG0014306	Om003G097830	CARHR039850
OG0014307	Om002G066800	CARHR094880
OG0014308	Om002G066820	CARHR094900
OG0014309	Om003G097670	CARHR039980
OG0014310	Om002G067210	CARHR095300
OG0014311	Om002G067300	CARHR095390
OG0014312	Om002G067340	CARHR095420
OG0014313	Om002G067960	CARHR095880
OG0014314	Om002G067970	CARHR095900
OG0014315	Om002G068100	CARHR096100
OG0014316	Om002G068290	CARHR096250
OG0014317	Om002G068300	CARHR096260
OG0014318	Om002G068320	CARHR096280
OG0014319	Om002G068650	CARHR096610
OG0014320	Om002G068750	CARHR096700
OG0014321	Om002G068830	CARHR096730
OG0014322	Om002G068850	CARHR096750
OG0014323	Om002G069590	CARHR097440
OG0014324	Om002G069450	CARHR097310
OG0014325	Om002G069430	CARHR097270
OG0014326	Om002G069350	CARHR097200
OG0014327	Om002G069340	CARHR097190
OG0014328	Om002G069800	CARHR097620
OG0014329	Om002G070030	CARHR097830
OG0014330	Om002G070940	CARHR098480
OG0014331	Om006G241650	CARHR192900
OG0014332	Om002G071240	CARHR098740
OG0014333	Om002G071520	CARHR098930
OG0014334	Om002G072350	CARHR099370
OG0014336	Om002G072550	CARHR099510
OG0014337	Om002G072750	CARHR099680
OG0014338	Om003G103580	CARHR219970
OG0014339	Om002G073310	CARHR100180
OG0014340	Om002G073820	CARHR100430
OG0014341	Om002G073910	CARHR100520
OG0014342	Om002G073930	CARHR100530
OG0014343	Om002G073950	CARHR100540
OG0014344	Om002G074360	CARHR100960
OG0014345	Om002G074480	CARHR101120
OG0014346	Om002G075140	CARHR101570
OG0014347	Om002G075190	CARHR101590
OG0014348	Om002G075280	CARHR101700
OG0014349	Om002G077130	CARHR102750
OG0014350	Om002G076170	CARHR102690
OG0014351	Om002G076150	CARHR102500
OG0014352	Om002G079460	CARHR104840
OG0014353	Om002G085530	CARHR108780
OG0014354	Om002G078830	CARHR084080
OG0014355	Om002G077790	CARHR103830
OG0014356	Om004G141310	CARHR103720
OG0014357	Om002G077740	CARHR103710
OG0014358	Om002G077650	CARHR103580
OG0014359	Om002G077610	CARHR103520
OG0014360	Om003G123390	CARHR103380
OG0014361	Om004G138470	CARHR103100
OG0014362	Om002G079050	CARHR105080
OG0014363	Om002G081810	CARHR105850
OG0014364	Om002G079250	CARHR104890
OG0014365	Om002G079640	CARHR104680
OG0014366	Om002G080120	CARHR105360
OG0014367	Om002G080180	CARHR105290
OG0014368	Om005G228860	CARHR286340
OG0014369	Om002G080220	CARHR286390
OG0014370	Om001G030700	CARHR160310, CARHR241410
OG0014371	Om002G080980	CARHR284790
OG0014372	Om002G080740	CARHR210470
OG0014373	Om002G081060	CARHR105450
OG0014374	Om002G082250	CARHR007750
OG0014375	Om002G081960	CARHR106180
OG0014376	Om002G082040	CARHR106220
OG0014378	Om002G082460	CARHR106640
OG0014379	Om001G016870	CARHR292370
OG0014380	Om002G082660	CARHR106950
OG0014381	Om002G083210	CARHR033820
OG0014382	Om002G083410	CARHR107340
OG0014383	Om002G083950	CARHR107530
OG0014384	Om002G074050, Om002G084230	CARHR107730
OG0014385	Om002G084380	CARHR107990
OG0014386	Om002G085700	CARHR109010
OG0014387	Om002G086070	CARHR109290
OG0014388	Om002G086080	CARHR109300
OG0014389	Om002G086370	CARHR109460
OG0014390	Om002G086440	CARHR109480
OG0014391	Om002G086460	CARHR109490
OG0014394	Om002G087290	CARHR110060
OG0014395	Om002G087710	CARHR110420
OG0014396	Om002G087840	CARHR110520
OG0014397	Om002G087970	CARHR110730
OG0014398	Om002G088300	CARHR111060
OG0014399	Om002G088410	CARHR111170
OG0014400	Om008G329020, Om001G003880	CARHR111330
OG0014401	Om002G088250, Om005G187770	CARHR111450
OG0014402	Om002G088540	CARHR111420
OG0014403	Om003G089390	CARHR046020
OG0014404	Om003G089430	CARHR045980
OG0014405	Om003G089890	CARHR045520
OG0014406	Om003G089910	CARHR045510
OG0014407	Om003G090430	CARHR045150
OG0014408	Om003G090490	CARHR045040
OG0014409	Om003G090560	CARHR045010
OG0014410	Om008G362870	CARHR173600
OG0014411	Om003G090710	CARHR044900
OG0014412	Om003G092160	CARHR044080
OG0014413	Om003G092200	CARHR044010
OG0014414	Om003G092670	CARHR043850
OG0014415	Om003G093180	CARHR043510
OG0014416	Om003G093960, Om003G093970, Om003G093890	CARHR043060
OG0014418	Om003G094170	CARHR042860
OG0014419	Om003G094440	CARHR042630
OG0014420	Om003G094460	CARHR042610
OG0014421	Om003G094470	CARHR042600
OG0014422	Om003G094640	CARHR042460
OG0014423	Om003G094870	CARHR042290
OG0014424	Om003G095450	CARHR041940
OG0014425	Om003G095520	CARHR041890
OG0014426	Om003G095750	CARHR041700
OG0014427	Om003G096430	CARHR040930
OG0014428	Om003G096200	CARHR041100
OG0014429	Om003G095990	CARHR041420
OG0014430	Om005G211530	CARHR060740
OG0014431	Om003G096830	CARHR040640
OG0014432	Om003G096890	CARHR040550
OG0014434	Om003G097320	CARHR040300
OG0014435	Om003G097400	CARHR040200
OG0014436	Om003G097770	CARHR039880
OG0014437	Om003G097880	CARHR039770
OG0014438	Om003G098070	CARHR039610
OG0014439	Om002G066370	CARHR094500
OG0014440	Om003G098280	CARHR039410
OG0014441	Om003G098300	CARHR039390
OG0014442	Om003G098740	CARHR039110
OG0014443	Om003G098770	CARHR039080
OG0014444	Om003G098990	CARHR038900
OG0014445	Om003G098610	CARHR039170, CARHR057290
OG0014446	Om003G099400	CARHR038160
OG0014447	Om003G099640	CARHR037970
OG0014448	Om003G099720	CARHR037890
OG0014449	Om003G100150	CARHR222640
OG0014450	Om003G100350	CARHR222450
OG0014451	Om006G253620	CARHR164150
OG0014452	Om003G100400	CARHR222420
OG0014453	Om003G100580	CARHR290620
OG0014454	Om003G100740	CARHR290450
OG0014455	Om003G100860	CARHR290330
OG0014456	Om008G339810	CARHR128810, CARHR128800
OG0014457	Om008G339800	CARHR128790
OG0014458	Om008G339910	CARHR128680
OG0014459	Om006G256630	CARHR161570
OG0014460	Om006G256590	CARHR161650
OG0014461	Om006G269350	CARHR153970
OG0014462	Om006G256300	CARHR161970
OG0014463	Om006G256290	CARHR161980
OG0014464	Om006G256280	CARHR162000
OG0014465	Om006G256170	CARHR162050
OG0014467	Om006G255830	CARHR162320
OG0014468	Om006G255690	CARHR162480
OG0014469	Om006G255660	CARHR162580
OG0014470	Om005G211620	CARHR060680
OG0014471	Om006G254770	CARHR163210
OG0014472	Om006G254700	CARHR163310
OG0014473	Om006G254130	CARHR163780
OG0014474	Om006G253870	CARHR163980
OG0014475	Om006G256720	CARHR161500
OG0014476	Om007G300690	CARHR198480
OG0014477	Om006G256860	CARHR161410
OG0014478	Om006G256880	CARHR161390
OG0014479	Om006G257100	CARHR161170
OG0014480	Om006G253260	CARHR164360
OG0014481	Om006G253200	CARHR164410
OG0014482	Om007G303890	CARHR164830
OG0014483	Om006G252280	CARHR165170
OG0014484	Om006G252160	CARHR165260
OG0014485	Om006G252150	CARHR165270
OG0014486	Om006G252040	CARHR165350
OG0014487	Om006G251810	CARHR165590
OG0014488	Om006G250750	CARHR166320
OG0014489	Om006G250710	CARHR166360
OG0014490	Om008G329510	CARHR135660
OG0014491	Om003G119390	CARHR166640, CARHR166620
OG0014492	Om003G119680	CARHR166860
OG0014493	Om003G119740	CARHR159450, CARHR166930
OG0014494	Om003G119780	CARHR166970
OG0014495	Om003G120320	CARHR167360
OG0014496	Om003G121160	CARHR168210
OG0014497	Om003G121520	CARHR168440
OG0014498	Om003G121580	CARHR168520
OG0014499	Om003G122200	CARHR168870
OG0014500	Om003G122360	CARHR218790
OG0014501	Om003G123200	CARHR169520
OG0014502	Om003G123220	CARHR169540
OG0014503	Om003G123230	CARHR169550
OG0014504	Om003G123650	CARHR169780
OG0014505	Om003G123670	CARHR169800, CARHR169810
OG0014506	Om003G124240	CARHR170210
OG0014507	Om003G124280	CARHR170240, CARHR147080
OG0014508	Om003G124570	CARHR170390
OG0014509	Om003G124920	CARHR170620
OG0014510	Om003G125020	CARHR170710
OG0014511	Om003G119620	CARHR166810
OG0014512	Om003G125610	CARHR171010
OG0014513	Om003G125720	CARHR171080
OG0014514	Om003G125930	CARHR171250
OG0014515	Om003G126030	CARHR171390
OG0014516	Om003G126720	CARHR171860
OG0014517	Om003G126980	CARHR171990
OG0014518	Om003G127250	CARHR172130
OG0014520	Om003G126230, Om003G127520	CARHR172340
OG0014521	Om003G127580, Om008G344870	CARHR172350
OG0014522	Om003G127590	CARHR172360
OG0014523	Om003G127740	CARHR172470
OG0014524	Om003G128080	CARHR172790
OG0014525	Om003G128600	CARHR173140
OG0014526	Om003G128950	CARHR173460
OG0014527	Om003G128960	CARHR173470
OG0014528	Om003G129130	CARHR291670
OG0014529	Om003G129220	CARHR291580
OG0014530	Om003G129250	CARHR291560
OG0014531	Om003G129340	CARHR291470
OG0014532	Om003G129350	CARHR291460
OG0014533	Om003G129390	CARHR291420
OG0014534	Om003G094200	CARHR042820
OG0014536	Om002G067200	CARHR150490, CARHR150500, CARHR150470
OG0014537	Om006G252970	CARHR164630
OG0014538	Om003G112180, Om006G250940	CARHR166140
OG0014539	Om008G357050	CARHR177920
OG0014541	Om004G138270	CARHR068930
OG0014543	Om008G338510	CARHR129770
OG0014544	Om008G338000	CARHR130140
OG0014545	Om008G333320	CARHR133350
OG0014546	Om004G139730, Om008G323570	CARHR079170
OG0014547	Om004G130270	CARHR074190
OG0014548	Om004G132800, Om004G132820	CARHR072240
OG0014549	Om004G133740	CARHR071610
OG0014550	Om004G139950	CARHR067300
OG0014551	Om001G026570	CARHR238530
OG0014553	Om001G028630	CARHR239840
OG0014554	Om001G022140	CARHR235870
OG0014555	Om001G030600	CARHR241290
OG0014556	Om002G047500, Om002G047510	CARHR079740
OG0014557	Om005G177580	CARHR000160
OG0014558	Om005G185590	CARHR007550
OG0014559	Om005G192410	CARHR013190
OG0014560	Om005G194700	CARHR014980
OG0014561	Om005G197000	CARHR016590
OG0014562	Om005G208720	CARHR062860
OG0014563	Om005G209250	CARHR062500
OG0014564	Om005G210970	CARHR061190
OG0014565	Om005G215910	CARHR055540
OG0014566	Om005G224560	CARHR049770, CARHR049660, CARHR049730, CARHR049650
OG0014567	Om002G067860, Om002G067850	CARHR095770
OG0014568	Om002G087990	CARHR110740
OG0014569	Om002G084950	CARHR108540
OG0014570	Om002G074940	CARHR101420
OG0014571	Om002G073330, Om004G168810	CARHR100200
OG0014572	Om002G067010	CARHR095060
OG0014573	Om002G058640	CARHR088830
OG0014574	Om002G052980	CARHR067400, CARHR084620
OG0014575	Om004G170420	CARHR207050
OG0014576	Om004G169600	CARHR206160
OG0014578	Om001G011070	CARHR231170
OG0014579	Om001G007690	CARHR228410
OG0014581	Om001G000670	CARHR224430
OG0014582	Om001G000110	CARHR223910
OG0014583	Om007G277120	CARHR031500
OG0014584	Om007G289170	CARHR028190
OG0014585	Om007G286580	CARHR232980
OG0014586	Om007G286310	CARHR232770
OG0014589	Om004G161030	CARHR199740
OG0014590	Om007G301370	CARHR198910
OG0014591	Om007G297000	CARHR195710
OG0014592	Om009G363730, Om007G306760	CARHR183330
OG0014593	Om007G318220	CARHR212790
OG0014594	Om006G247990	CARHR272010
OG0014595	Om006G246200	CARHR285800
OG0014596	Om006G243790	CARHR191130
OG0014597	Om006G243610, Om004G169400	CARHR191340
OG0014598	Om006G243550, Om006G243570	CARHR191360
OG0014599	Om006G241730	CARHR192810
OG0014600	Om006G231340	CARHR279740
OG0014601	Om006G230810	CARHR280190
OG0014602	Om005G200540	CARHR019340
OG0014603	Om005G201560	CARHR247530
OG0014607	Om005G214170	CARHR058090
OG0014611	Om002G084800	CARHR108420
OG0014616	Om006G254190	CARHR163750
OG0014619	Om008G346300	CARHR260900
OG0014620	Om001G033340	CARHR243100
OG0014623	Om006G249910	CARHR270700
OG0014637	Om001G022560	CARHR236120
OG0014639	Om001G022940	CARHR236350
OG0014640	Om001G023030	CARHR236380
OG0014641	Om001G023140	CARHR236430
OG0014643	Om001G023360	CARHR236530
OG0014644	Om004G135110	CARHR070660
OG0014645	Om001G023640	CARHR236700
OG0014646	Om001G023650	CARHR236710
OG0014647	Om001G023810	CARHR236820
OG0014648	Om001G023930	CARHR236880
OG0014649	Om001G023950	CARHR236900
OG0014650	Om001G024210	CARHR237110
OG0014651	Om001G024250	CARHR237120
OG0014652	Om001G024440	CARHR237260
OG0014653	Om001G024500	CARHR237320
OG0014654	Om001G024560	CARHR237370
OG0014655	Om001G024690	CARHR237420
OG0014656	Om005G196520	CARHR071080
OG0014657	Om001G024840	CARHR237620
OG0014659	Om001G024970	CARHR237710
OG0014660	Om001G024980	CARHR237720
OG0014661	Om001G025970	CARHR238220
OG0014662	Om001G026830	CARHR238690
OG0014663	Om001G026860	CARHR238720
OG0014665	Om001G027000	CARHR238800
OG0014666	Om001G041910	CARHR293950
OG0014667	Om001G027410, Om001G027380	CARHR239020
OG0014668	Om001G027490	CARHR239100
OG0014669	Om001G027520	CARHR239130
OG0014670	Om001G027760	CARHR239270
OG0014671	Om001G027800	CARHR239300
OG0014672	Om005G186760	CARHR008640
OG0014673	Om001G028030	CARHR239480
OG0014674	Om001G028380	CARHR239690
OG0014675	Om001G028440	CARHR239720
OG0014676	Om001G028450	CARHR239730
OG0014677	Om001G028580	CARHR239820
OG0014678	Om001G028620	CARHR239830
OG0014679	Om001G028830	CARHR239960
OG0014680	Om001G029140	CARHR240240
OG0014681	Om001G029120	CARHR240260
OG0014682	Om001G029320	CARHR240340
OG0014684	Om001G029580	CARHR240600
OG0014685	Om001G030000	CARHR240900
OG0014686	Om001G029890	CARHR240800
OG0014687	Om001G029840	CARHR240780
OG0014689	Om001G032420	CARHR242550
OG0014690	Om001G030890	CARHR241570
OG0014691	Om001G030950	CARHR241610
OG0014692	Om001G030960	CARHR241620
OG0014693	Om001G030990	CARHR241640
OG0014695	Om001G031450	CARHR241830
OG0014696	Om001G032500	CARHR242490
OG0014697	Om001G032130	CARHR242710
OG0014698	Om001G031870	CARHR242130
OG0014699	Om001G031780	CARHR242070
OG0014700	Om001G032580	CARHR242410
OG0014701	Om001G032560	CARHR242440
OG0014702	Om001G032870	CARHR242870
OG0014703	Om001G032980	CARHR242930
OG0014704	Om002G083200	CARHR107220
OG0014705	Om005G220550	CARHR110960
OG0014706	Om001G034270	CARHR243570
OG0014707	Om001G034400	CARHR243630
OG0014708	Om001G034490	CARHR243670
OG0014709	Om007G291850	CARHR030630
OG0014710	Om007G292140	CARHR030840
OG0014711	Om007G292210	CARHR030980
OG0014712	Om007G292450	CARHR031080
OG0014713	Om007G292470	CARHR031100
OG0014714	Om007G292700	CARHR031250
OG0014715	Om007G292710	CARHR031260
OG0014716	Om007G277040	CARHR031590
OG0014717	Om007G277000	CARHR031630
OG0014718	Om007G276980	CARHR033090
OG0014719	Om007G276960	CARHR031680
OG0014720	Om007G276900	CARHR031740
OG0014721	Om007G276780	CARHR031950
OG0014722	Om007G276760	CARHR031970
OG0014723	Om007G276340	CARHR223580
OG0014724	Om007G276330	CARHR223570
OG0014725	Om007G276270	CARHR223460
OG0014727	Om007G276210	CARHR223420
OG0014728	Om007G276190	CARHR223400
OG0014729	Om007G276080	CARHR223230
OG0014730	Om007G275880	CARHR223060
OG0014731	Om007G275660	CARHR222780
OG0014732	Om007G275600	CARHR222710
OG0014733	Om005G215920	CARHR055560
OG0014734	Om006G259760	CARHR055680
OG0014735	Om005G183600	CARHR055910
OG0014736	Om005G212340	CARHR060080
OG0014737	Om005G217270	CARHR289670
OG0014738	Om005G217170	CARHR289770
OG0014739	Om011G365950, Om005G218410	CARHR055120
OG0014740	Om011G365830, Om005G218200	CARHR054920
OG0014741	Om011G365320, Om005G218080	CARHR054810
OG0014743	Om005G219670	CARHR283790
OG0014744	Om008G334950	CARHR131730
OG0014745	Om001G024850	CARHR237630
OG0014746	Om005G220570	CARHR052730
OG0014747	Om005G220870	CARHR052560
OG0014748	Om005G221690	CARHR051910
OG0014750	Om005G222690	CARHR051460
OG0014751	Om005G223960	CARHR050400
OG0014752	Om005G224120	CARHR049950
OG0014753	Om006G275490	CARHR143620
OG0014754	Om002G066030	CARHR143870
OG0014755	Om002G066040	CARHR143910
OG0014756	Om006G275370	CARHR143980
OG0014757	Om002G086930	CARHR144130
OG0014758	Om006G275150	CARHR144210
OG0014759	Om008G361380	CARHR144230
OG0014760	Om006G275120	CARHR144250
OG0014761	Om006G275080	CARHR144290
OG0014762	Om006G275060	CARHR144370
OG0014763	Om004G139250	CARHR144420
OG0014764	Om006G274820	CARHR144730
OG0014765	Om006G274440	CARHR145220
OG0014766	Om006G274370	CARHR145320
OG0014767	Om006G274360	CARHR145340
OG0014768	Om006G274220	CARHR213680
OG0014769	Om006G273980	CARHR145770
OG0014770	Om006G273950	CARHR145810
OG0014771	Om006G273790	CARHR145970
OG0014772	Om006G273750	CARHR145990
OG0014773	Om006G273570	CARHR146240
OG0014774	Om006G273020	CARHR146680
OG0014775	Om006G272810	CARHR146940
OG0014776	Om006G272800	CARHR146960
OG0014777	Om006G272720	CARHR147040
OG0014778	Om006G272680	CARHR147070
OG0014779	Om006G272590	CARHR147140
OG0014780	Om006G272310	CARHR147570
OG0014781	Om006G272120	CARHR147740
OG0014782	Om006G272080	CARHR147820
OG0014783	Om006G271890	CARHR147990
OG0014784	Om006G271840	CARHR148130
OG0014785	Om006G271690	CARHR148270
OG0014786	Om006G271650	CARHR148330
OG0014788	Om006G271160	CARHR148810
OG0014789	Om006G271080	CARHR148960
OG0014790	Om006G270990	CARHR149190
OG0014791	Om006G269720	CARHR149610
OG0014792	Om006G269730	CARHR149620
OG0014793	Om006G270490	CARHR292490
OG0014794	Om006G270660	CARHR151700
OG0014795	Om004G163870	CARHR151760
OG0014796	Om007G315450	CARHR263020
OG0014798	Om006G269190	CARHR153340
OG0014800	Om005G223020	CARHR050780
OG0014801	Om005G212820	CARHR059670
OG0014802	Om005G212910	CARHR059560
OG0014803	Om005G212970	CARHR059530
OG0014804	Om005G213300	CARHR058940
OG0014805	Om005G213640	CARHR058430
OG0014806	Om005G213730	CARHR058230
OG0014807	Om005G213950	CARHR292200
OG0014808	Om005G214160	CARHR058100
OG0014809	Om005G214440	CARHR057790
OG0014810	Om005G214500	CARHR057700
OG0014811	Om005G214550	CARHR057590
OG0014812	Om005G214750	CARHR057470
OG0014813	Om005G214970	CARHR057250
OG0014814	Om005G215250	CARHR056900
OG0014815	Om008G326000	CARHR056600
OG0014816	Om005G215380	CARHR053870
OG0014817	Om005G215680	CARHR056360
OG0014818	Om002G051950	CARHR034490
OG0014819	Om005G215650	CARHR056270
OG0014820	Om004G170550	CARHR056260
OG0014821	Om001G035680	CARHR056180
OG0014822	Om005G215740	CARHR056150
OG0014823	Om005G215820	CARHR028870
OG0014824	Om004G159870	CARHR055490
OG0014825	Om004G157150	CARHR287400
OG0014826	Om005G228570	CARHR046180
OG0014827	Om006G258200	CARHR160330
OG0014828	Om001G021940	CARHR146270
OG0014829	Om005G228680	CARHR046420
OG0014830	Om005G228580	CARHR046460
OG0014831	Om005G228530	CARHR046480
OG0014832	Om005G228400	CARHR046550
OG0014833	Om005G227160	CARHR047040
OG0014834	Om005G226910	CARHR047380
OG0014835	Om005G226750	CARHR047660
OG0014836	Om005G226440	CARHR047880
OG0014837	Om005G226420	CARHR047900
OG0014839	Om005G226260	CARHR047930
OG0014840	Om005G226230	CARHR047940
OG0014841	Om005G225790	CARHR048340
OG0014842	Om005G225440	CARHR048690
OG0014843	Om005G225320	CARHR048890
OG0014844	Om005G225170	CARHR049050
OG0014845	Om005G225130	CARHR049070
OG0014846	Om005G225110	CARHR049090
OG0014847	Om005G224890	CARHR049400
OG0014848	Om002G056270	CARHR087050
OG0014849	Om001G021850	CARHR235700
OG0014850	Om008G353550	CARHR233380
OG0014851	Om006G249750	CARHR233560
OG0014852	Om001G018220	CARHR233710
OG0014853	Om001G018480	CARHR233790
OG0014854	Om008G328490	CARHR136300
OG0014856	Om008G328650	CARHR136210
OG0014857	Om008G328930	CARHR136040
OG0014858	Om008G328720	CARHR136160
OG0014859	Om008G329000	CARHR135960
OG0014860	Om008G329260	CARHR135800
OG0014861	Om008G329320	CARHR135770
OG0014862	Om002G051580	CARHR083420
OG0014863	Om002G051600	CARHR083450
OG0014864	Om002G051650	CARHR083550
OG0014865	Om002G051690	CARHR083600
OG0014866	Om002G051820	CARHR083670
OG0014867	Om002G052060	CARHR083860
OG0014868	Om002G052180	CARHR083990
OG0014869	Om002G052320	CARHR084110
OG0014870	Om002G052360	CARHR084140
OG0014871	Om002G052370	CARHR084150
OG0014872	Om002G052530	CARHR084360
OG0014873	Om002G052540	CARHR084370
OG0014874	Om002G052640	CARHR084420
OG0014875	Om004G174070	CARHR209680
OG0014876	Om002G052910	CARHR084560
OG0014877	Om002G052920	CARHR084570
OG0014878	Om002G053080	CARHR084720
OG0014879	Om002G053160	CARHR084800
OG0014880	Om002G053200	CARHR084840
OG0014881	Om002G053240	CARHR084880
OG0014882	Om002G053800	CARHR085280
OG0014883	Om003G119000	CARHR269990
OG0014884	Om002G054340	CARHR085630
OG0014885	Om002G054230	CARHR085520
OG0014886	Om002G054390	CARHR085670
OG0014887	Om002G054500	CARHR085730
OG0014888	Om002G054730	CARHR288750, CARHR085900
OG0014889	Om002G055660	CARHR086600
OG0014890	Om002G055790	CARHR086720
OG0014891	Om002G055720	CARHR086660
OG0014892	Om002G056070	CARHR086880
OG0014893	Om005G207590	CARHR259260
OG0014894	Om003G107240	CARHR293250
OG0014895	Om003G107130	CARHR259230
OG0014896	Om003G107760	CARHR258960
OG0014897	Om002G069660	CARHR097540
OG0014898	Om003G110470	CARHR258250
OG0014899	Om005G186130	CARHR008020
OG0014900	Om003G111440	CARHR257740, CARHR257730
OG0014901	Om003G111470	CARHR257720
OG0014903	Om003G111720	CARHR257430
OG0014904	Om003G111940	CARHR257180
OG0014906	Om003G112750	CARHR264360
OG0014907	Om003G112770	CARHR264370
OG0014908	Om003G112850	CARHR264450
OG0014909	Om003G112870	CARHR264520
OG0014910	Om004G131610	CARHR264570
OG0014911	Om003G113160, Om003G113150	CARHR264910
OG0014912	Om003G113220	CARHR265020
OG0014913	Om003G113230	CARHR265040
OG0014914	Om003G113270	CARHR265080
OG0014915	Om003G113290	CARHR265100
OG0014916	Om003G113310	CARHR265110
OG0014917	Om003G113560	CARHR265340
OG0014918	Om005G186410	CARHR265490
OG0014919	Om003G113740	CARHR265530
OG0014920	Om003G114010	CARHR265760
OG0014921	Om003G114740	CARHR266360
OG0014922	Om003G114430	CARHR266180
OG0014923	Om003G114280	CARHR266030
OG0014924	Om003G114990	CARHR266570
OG0014925	Om003G115030	CARHR266590
OG0014926	Om003G115150	CARHR266710
OG0014927	Om003G115450	CARHR266990
OG0014928	Om003G116060	CARHR267680
OG0014929	Om003G116530	CARHR268170
OG0014930	Om005G200660, Om007G296860	CARHR019440, CARHR128300
OG0014931	Om003G117140	CARHR268670
OG0014932	Om003G117470	CARHR268780
OG0014933	Om003G117550	CARHR268830
OG0014934	Om003G117610	CARHR268890
OG0014935	Om003G118360	CARHR269500
OG0014936	Om003G118470	CARHR269610
OG0014937	Om003G118620	CARHR269700
OG0014938	Om003G118850	CARHR269880
OG0014939	Om006G250420	CARHR270280
OG0014940	Om006G250300	CARHR270470
OG0014941	Om006G250290	CARHR270480
OG0014942	Om006G249830	CARHR270790
OG0014943	Om006G249780	CARHR270810
OG0014944	Om006G249770	CARHR270820
OG0014945	Om006G249370	CARHR271190
OG0014946	Om006G249000	CARHR271410
OG0014947	Om006G248960	CARHR271430
OG0014949	Om006G248450	CARHR271590
OG0014950	Om006G248370	CARHR271710
OG0014951	Om006G248080	CARHR271930, CARHR256340
OG0014952	Om006G248060	CARHR271960
OG0014953	Om003G108690	CARHR260070
OG0014954	Om007G313460	CARHR260060
OG0014955	Om004G161440	CARHR200030
OG0014956	Om004G161430	CARHR200020
OG0014957	Om004G161810	CARHR200350
OG0014958	Om004G162070	CARHR200530
OG0014959	Om004G162670	CARHR200960
OG0014960	Om004G163100	CARHR201290
OG0014961	Om004G163530	CARHR201650
OG0014962	Om004G163620	CARHR201680
OG0014963	Om004G163780	CARHR201800
OG0014964	Om004G163890	CARHR201900
OG0014965	Om004G163990	CARHR201940
OG0014966	Om004G164320	CARHR202200
OG0014967	Om004G164440	CARHR202260
OG0014968	Om004G164480	CARHR202270
OG0014969	Om008G334320	CARHR132720
OG0014970	Om004G164620	CARHR202350
OG0014971	Om004G164650	CARHR202380
OG0014972	Om004G164690	CARHR202410
OG0014973	Om004G165020	CARHR202620
OG0014974	Om004G165040	CARHR202630
OG0014975	Om004G165340	CARHR202790
OG0014976	Om004G165400	CARHR202820
OG0014977	Om004G165440	CARHR202850
OG0014978	Om004G165580	CARHR202920
OG0014979	Om004G165800	CARHR203080
OG0014980	Om004G165810	CARHR203090
OG0014981	Om004G166100	CARHR203320
OG0014982	Om004G166490	CARHR203720
OG0014983	Om004G166610	CARHR203760
OG0014984	Om004G166760	CARHR203940
OG0014985	Om004G166770	CARHR203930
OG0014986	Om004G167130	CARHR204250
OG0014987	Om004G167690	CARHR204730
OG0014988	Om004G167720	CARHR204780
OG0014989	Om004G168010	CARHR205130
OG0014990	Om004G168550	CARHR205560
OG0014991	Om004G168740	CARHR205640
OG0014992	Om004G168900	CARHR205750
OG0014993	Om004G169030	CARHR205820
OG0014994	Om001G000040	CARHR223750
OG0014995	Om001G000180	CARHR223990
OG0014996	Om001G000200	CARHR224010
OG0014997	Om001G000720	CARHR224480
OG0014998	Om001G000810	CARHR224490
OG0014999	Om001G002200	CARHR225210
OG0015000	Om001G002360	CARHR225310
OG0015001	Om001G002600	CARHR225440
OG0015002	Om001G002620	CARHR225460
OG0015003	Om001G002680	CARHR225510
OG0015004	Om001G002860	CARHR225640
OG0015005	Om001G002920	CARHR225670
OG0015006	Om001G003430	CARHR225970
OG0015007	Om001G003580	CARHR226020
OG0015008	Om001G004050	CARHR226180
OG0015009	Om001G004640	CARHR226480
OG0015010	Om001G004650	CARHR226490
OG0015011	Om001G004770	CARHR226530
OG0015012	Om001G005440	CARHR226870
OG0015013	Om001G006220	CARHR227310
OG0015014	Om001G006290	CARHR227360
OG0015015	Om001G006390	CARHR227420
OG0015016	Om005G199580	CARHR018640
OG0015017	Om001G006880	CARHR227750
OG0015018	Om001G007000	CARHR227840
OG0015019	Om007G301520	CARHR199050
OG0015020	Om001G007080	CARHR227940
OG0015021	Om003G114810, Om001G007280	CARHR228140
OG0015022	Om001G007430	CARHR228180
OG0015023	Om001G007470	CARHR228220
OG0015024	Om001G007610	CARHR228390
OG0015025	Om001G007940	CARHR228520
OG0015026	Om001G008010	CARHR228530
OG0015027	Om001G008340	CARHR228770
OG0015028	Om001G009150	CARHR229420
OG0015029	Om001G009420	CARHR229650
OG0015030	Om001G009720	CARHR229880
OG0015031	Om001G009760	CARHR229940
OG0015033	Om001G011290	CARHR231370
OG0015034	Om001G011650	CARHR231540
OG0015035	Om001G011690	CARHR032180
OG0015036	Om001G011730	CARHR032230
OG0015037	Om001G011770	CARHR032260
OG0015038	Om001G011860	CARHR032380
OG0015039	Om001G011920	CARHR032390
OG0015040	Om001G012070	CARHR032610
OG0015041	Om001G012090	CARHR032630
OG0015042	Om001G012120	CARHR032670
OG0015043	Om001G012170	CARHR032750
OG0015044	Om001G013180	CARHR033710
OG0015046	Om001G013320	CARHR033780
OG0015047	Om001G013440	CARHR033900
OG0015048	Om001G013800	CARHR034180
OG0015049	Om001G014040	CARHR034250
OG0015050	Om001G014050	CARHR034260
OG0015051	Om001G014210	CARHR034470
OG0015052	Om001G014400	CARHR034670
OG0015053	Om001G014650	CARHR034990
OG0015054	Om001G014660	CARHR035030
OG0015056	Om001G014780	CARHR034780
OG0015057	Om001G015390	CARHR035910
OG0015058	Om001G015440	CARHR035810
OG0015059	Om001G015540	CARHR035760
OG0015060	Om001G015940	CARHR035580
OG0015061	Om001G016020	CARHR035640
OG0015062	Om001G016210	CARHR035390
OG0015063	Om001G016660	CARHR035370
OG0015064	Om001G016560	CARHR035260
OG0015065	Om007G287450	CARHR036170
OG0015066	Om007G286870	CARHR222680
OG0015067	Om007G287020	CARHR037310
OG0015068	Om007G287070	CARHR037260
OG0015069	Om007G287210	CARHR037040
OG0015070	Om007G287320	CARHR036830
OG0015071	Om001G016750	CARHR035230
OG0015072	Om007G287670	CARHR036360
OG0015073	Om007G287680	CARHR174670, CARHR036370
OG0015074	Om007G287700	CARHR036440
OG0015075	Om007G286950	CARHR181800
OG0015076	Om007G286900	CARHR037470
OG0015077	Om007G288160	CARHR027330
OG0015078	Om002G071010	CARHR098550
OG0015079	Om007G288060	CARHR027260
OG0015080	Om007G288070	CARHR027270
OG0015081	Om006G236610	CARHR275250
OG0015082	Om007G288520	CARHR027700
OG0015083	Om007G288690	CARHR027830
OG0015084	Om007G289510	CARHR028540
OG0015085	Om007G290110	CARHR029010
OG0015086	Om007G290250	CARHR029180
OG0015087	Om007G290460	CARHR029410
OG0015088	Om007G290490	CARHR029380
OG0015089	Om007G290540	CARHR029340
OG0015090	Om007G290560	CARHR029320
OG0015091	Om007G291140	CARHR029940
OG0015092	Om007G291310	CARHR030120
OG0015093	Om007G291340	CARHR030150
OG0015094	Om001G034580	CARHR243700
OG0015095	Om001G034880	CARHR243930
OG0015096	Om001G035420	CARHR244260
OG0015097	Om001G035490	CARHR244330
OG0015099	Om001G035640	CARHR244430
OG0015100	Om001G035660	CARHR244450
OG0015101	Om001G035880	CARHR244590
OG0015102	Om001G036130	CARHR244750
OG0015103	Om001G036760	CARHR245150
OG0015104	Om001G036810	CARHR245190
OG0015105	Om001G036860	CARHR245200
OG0015106	Om001G036870	CARHR245220
OG0015107	Om001G036890	CARHR244310
OG0015108	Om001G037420	CARHR245540
OG0015109	Om001G037670	CARHR245600
OG0015110	Om001G037910	CARHR245640
OG0015111	Om001G037940	CARHR245670
OG0015113	Om003G106120	CARHR217490
OG0015114	Om001G038390	CARHR246010
OG0015115	Om001G038750	CARHR246190
OG0015116	Om001G039020	CARHR246330
OG0015117	Om001G039080	CARHR246380
OG0015118	Om001G039190	CARHR246460
OG0015120	Om001G039250	CARHR246490
OG0015121	Om001G039540	CARHR246680
OG0015122	Om001G039890	CARHR247010
OG0015123	Om001G039920	CARHR247030
OG0015124	Om001G040080	CARHR247120
OG0015125	Om001G040420	CARHR247330
OG0015126	Om001G040500	CARHR247380
OG0015127	Om001G040800	CARHR247620
OG0015128	Om001G040900	CARHR247720
OG0015129	Om001G041170	CARHR247870
OG0015130	Om001G041220	CARHR247910
OG0015131	Om001G041330	CARHR294430
OG0015132	Om001G041360	CARHR294410
OG0015133	Om001G041390	CARHR294390
OG0015134	Om001G041810	CARHR294040
OG0015135	Om001G041780	CARHR294080
OG0015136	Om001G041740	CARHR294120
OG0015137	Om001G041730	CARHR294130
OG0015138	Om001G041670	CARHR294180
OG0015139	Om001G041650	CARHR294200
OG0015140	Om001G041970	CARHR293890
OG0015141	Om004G138160	CARHR217120
OG0015142	Om007G313910	CARHR215730
OG0015143	Om004G170310	CARHR216510
OG0015145	Om007G313580	CARHR216430
OG0015146	Om005G215150	CARHR057090
OG0015147	Om007G314000	CARHR215460
OG0015148	Om007G314020	CARHR215380
OG0015149	Om007G314390	CARHR214920
OG0015150	Om007G314420	CARHR214880
OG0015151	Om007G314510	CARHR214680
OG0015152	Om007G314850	CARHR213920
OG0015153	Om007G314930	CARHR214060
OG0015154	Om007G314980	CARHR288760
OG0015155	Om007G315330	CARHR263160
OG0015156	Om007G315650	CARHR262690
OG0015157	Om007G316090	CARHR262450
OG0015158	Om007G316100	CARHR262440
OG0015159	Om008G358640	CARHR176290
OG0015160	Om007G291680	CARHR030490
OG0015161	Om008G339190	CARHR129260
OG0015163	Om008G339140	CARHR129290
OG0015164	Om006G267360	CARHR154200
OG0015165	Om006G267330	CARHR154260
OG0015166	Om007G292670	CARHR031210
OG0015167	Om008G338560	CARHR129710
OG0015168	Om008G338620	CARHR129650
OG0015169	Om008G338640	CARHR129630
OG0015170	Om008G338860	CARHR129560
OG0015171	Om008G338910	CARHR129520
OG0015172	Om001G013400	CARHR033860
OG0015173	Om008G343500	CARHR260370
OG0015174	Om008G344400	CARHR259780
OG0015175	Om008G344440	CARHR259750
OG0015176	Om008G344450	CARHR259660
OG0015178	Om008G344750	CARHR259580
OG0015179	Om001G014620	CARHR034980
OG0015180	Om008G345380	CARHR259370
OG0015181	Om008G340290	CARHR128390
OG0015182	Om008G340450	CARHR128260
OG0015183	Om008G340470	CARHR128240
OG0015184	Om006G272560, Om008G340670	CARHR127980
OG0015185	Om008G340730	CARHR127920
OG0015186	Om008G340800	CARHR127760
OG0015187	Om008G340810	CARHR127750
OG0015188	Om008G340970	CARHR127620
OG0015190	Om008G352310	CARHR180720
OG0015192	Om008G341430	CARHR180800
OG0015194	Om008G341730	CARHR181120
OG0015195	Om008G341860	CARHR181260
OG0015196	Om008G342130	CARHR181720
OG0015197	Om008G342190	CARHR181660
OG0015198	Om008G342600	CARHR181870
OG0015199	Om008G342800	CARHR285100
OG0015200	Om006G241470	CARHR193030
OG0015201	Om007G277670	CARHR179670
OG0015202	Om008G343110	CARHR284960
OG0015203	Om008G343090	CARHR284920
OG0015205	Om008G347030	CARHR261210
OG0015206	Om001G028880	CARHR256650
OG0015207	Om008G347100	CARHR256640
OG0015208	Om008G347110	CARHR256620
OG0015209	Om008G347610	CARHR256310
OG0015210	Om008G347970	CARHR256180
OG0015211	Om008G349840	CARHR255960
OG0015212	Om008G349940	CARHR255870
OG0015213	Om008G350200	CARHR255800
OG0015214	Om008G350540	CARHR255690
OG0015215	Om008G350560	CARHR255670
OG0015216	Om008G350580	CARHR255650
OG0015217	Om008G350890	CARHR255510
OG0015218	Om008G350990	CARHR255400
OG0015219	Om008G351220	CARHR255350
OG0015220	Om008G351260	CARHR255320
OG0015221	Om008G351740	CARHR254800
OG0015222	Om008G351700	CARHR254790
OG0015223	Om008G352760	CARHR254430
OG0015225	Om008G352110	CARHR254130
OG0015226	Om007G312920	CARHR259290
OG0015227	Om001G009170	CARHR229440
OG0015230	Om008G353790	CARHR253150
OG0015231	Om008G353850	CARHR253090
OG0015232	Om008G353920	CARHR253040
OG0015233	Om008G353990	CARHR252930
OG0015234	Om008G354330	CARHR252740
OG0015236	Om008G355240	CARHR252340
OG0015237	Om008G356060	CARHR178650
OG0015238	Om008G356570	CARHR178260
OG0015239	Om008G356580	CARHR178230
OG0015240	Om008G356800	CARHR178160
OG0015241	Om008G358040	CARHR176840
OG0015242	Om008G358540	CARHR176410
OG0015243	Om008G358790	CARHR176220
OG0015244	Om008G358840	CARHR176170
OG0015245	Om008G358920	CARHR176120
OG0015246	Om004G140920	CARHR066620
OG0015247	Om008G359110	CARHR176010
OG0015248	Om008G359120	CARHR175990
OG0015249	Om003G090470	CARHR045120
OG0015250	Om008G359840	CARHR175490
OG0015251	Om008G359890	CARHR175480
OG0015252	Om008G360030	CARHR175370
OG0015253	Om005G189700	CARHR002750
OG0015254	Om002G086220	CARHR104130
OG0015255	Om008G361870	CARHR174430
OG0015256	Om003G106050	CARHR217310
OG0015257	Om003G106130	CARHR217620
OG0015258	Om008G362510	CARHR173950
OG0015259	Om008G362490	CARHR173970
OG0015260	Om003G106370	CARHR217050
OG0015261	Om002G076110	CARHR102420
OG0015262	Om004G173730	CARHR216840
OG0015263	Om002G076790	CARHR102920
OG0015264	Om003G105620	CARHR216780
OG0015265	Om003G105030	CARHR218170
OG0015266	Om002G075290	CARHR101710
OG0015267	Om004G170870	CARHR231580
OG0015268	Om005G190030	CARHR218370
OG0015269	Om002G074560	CARHR101170
OG0015270	Om003G104360	CARHR101160
OG0015271	Om003G104190	CARHR218820
OG0015272	Om003G103900	CARHR219230
OG0015273	Om003G103790	CARHR219440
OG0015274	Om003G103600	CARHR219940
OG0015275	Om003G103550	CARHR220030
OG0015276	Om003G103180	CARHR220500
OG0015277	Om003G102690	CARHR220670
OG0015278	Om003G102680	CARHR220680
OG0015279	Om002G071760	CARHR099080
OG0015280	Om003G102260	CARHR221440, CARHR221430
OG0015281	Om003G101560	CARHR222170
OG0015282	Om003G101430	CARHR097490
OG0015283	Om007G316230	CARHR262280
OG0015284	Om007G316410	CARHR262070
OG0015285	Om007G316770	CARHR261810
OG0015286	Om007G316780	CARHR261800
OG0015287	Om007G316990	CARHR261570
OG0015288	Om007G317510	CARHR213710
OG0015289	Om007G318130	CARHR212990
OG0015290	Om006G253710	CARHR103070
OG0015291	Om008G318710	CARHR143460
OG0015293	Om008G318800	CARHR143350
OG0015294	Om008G318840	CARHR143310
OG0015295	Om008G319000	CARHR143160
OG0015296	Om008G319020	CARHR143140
OG0015297	Om008G319030	CARHR143130
OG0015298	Om008G319200	CARHR143000
OG0015299	Om008G319210	CARHR142990
OG0015300	Om008G319270	CARHR142950
OG0015301	Om008G319290	CARHR142920
OG0015302	Om008G319340	CARHR142890
OG0015303	Om002G061160	CARHR090660
OG0015304	Om008G320010	CARHR142430
OG0015305	Om008G320200	CARHR142270
OG0015306	Om008G320220	CARHR142250
OG0015307	Om008G320490	CARHR142050
OG0015308	Om008G320550	CARHR141980
OG0015309	Om008G320700	CARHR141860
OG0015310	Om008G320830	CARHR141770
OG0015311	Om008G321000	CARHR141630
OG0015312	Om008G321300	CARHR141320
OG0015313	Om008G321490	CARHR141150
OG0015314	Om008G321850	CARHR140840
OG0015315	Om008G321860	CARHR140830
OG0015316	Om008G321880	CARHR140810
OG0015317	Om008G322240	CARHR140580
OG0015318	Om008G322340	CARHR140460
OG0015319	Om008G322360	CARHR140440
OG0015320	Om008G322480	CARHR140400
OG0015321	Om008G322510	CARHR140370
OG0015322	Om008G322680	CARHR140290
OG0015323	Om008G322700	CARHR140270
OG0015324	Om008G322830	CARHR140160
OG0015325	Om008G322890	CARHR140110
OG0015326	Om008G323070	CARHR139930
OG0015327	Om008G323590	CARHR139520
OG0015328	Om008G323960	CARHR139270
OG0015329	Om008G324110	CARHR139160
OG0015330	Om008G324810	CARHR138830
OG0015331	Om008G325030	CARHR138670
OG0015332	Om008G325170	CARHR138550
OG0015333	Om008G325200	CARHR138510
OG0015334	Om008G325470	CARHR138310
OG0015335	Om008G325690	CARHR138150
OG0015336	Om008G325870	CARHR138020
OG0015337	Om008G326020	CARHR137970
OG0015338	Om008G326100	CARHR137930
OG0015339	Om008G326210	CARHR137840
OG0015340	Om008G326220	CARHR137830
OG0015341	Om008G326310	CARHR137780
OG0015342	Om008G326380	CARHR137730
OG0015343	Om008G326660	CARHR137490
OG0015344	Om008G327220	CARHR137070
OG0015345	Om008G326910	CARHR137290
OG0015346	Om008G327880	CARHR136650
OG0015347	Om004G176820	CARHR211870
OG0015348	Om004G176810	CARHR211860
OG0015349	Om004G176480	CARHR211580, CARHR132710
OG0015350	Om004G176430	CARHR211540
OG0015351	Om004G176230	CARHR211400
OG0015352	Om004G176180	CARHR211360
OG0015353	Om004G176120	CARHR211320
OG0015354	Om004G175860	CARHR211180
OG0015355	Om004G175960	CARHR211120
OG0015356	Om004G175480	CARHR210730
OG0015357	Om004G175310	CARHR210640
OG0015358	Om004G174820	CARHR210260
OG0015359	Om004G174770	CARHR210240
OG0015360	Om004G174750	CARHR210220
OG0015361	Om004G174530	CARHR210060
OG0015362	Om005G198550	CARHR265950
OG0015363	Om004G174350	CARHR209920
OG0015364	Om004G174310	CARHR209870
OG0015365	Om004G173950	CARHR209640
OG0015366	Om004G166300	CARHR203490
OG0015367	Om004G173890	CARHR209600
OG0015368	Om004G173740	CARHR209460
OG0015369	Om004G173670	CARHR209400
OG0015370	Om004G173600	CARHR209340
OG0015371	Om004G173360	CARHR209180
OG0015372	Om004G173090	CARHR209000
OG0015373	Om004G173080	CARHR208990
OG0015374	Om006G241090	CARHR193580
OG0015375	Om006G241940	CARHR192600
OG0015376	Om006G241830	CARHR192710
OG0015377	Om006G242610	CARHR191990
OG0015378	Om006G242700	CARHR191940
OG0015379	Om001G021200	CARHR235400
OG0015380	Om006G242820	CARHR191850
OG0015381	Om006G242890	CARHR191810
OG0015382	Om006G243080	CARHR191660
OG0015383	Om006G243360	CARHR191480
OG0015384	Om006G243440	CARHR191410
OG0015385	Om006G243700	CARHR191250
OG0015386	Om006G243800	CARHR191120
OG0015387	Om006G243890	CARHR191060
OG0015388	Om006G244200	CARHR190840
OG0015389	Om006G244570	CARHR274420
OG0015390	Om006G244760	CARHR274260
OG0015391	Om006G244800	CARHR274230
OG0015392	Om002G068930	CARHR106120, CARHR122510
OG0015393	Om005G212550	CARHR059780
OG0015394	Om006G245400	CARHR273670
OG0015395	Om006G245670	CARHR273410
OG0015396	Om006G245730	CARHR273350
OG0015397	Om006G246250	CARHR285770
OG0015398	Om006G246770	CARHR285290
OG0015399	Om006G246160	CARHR285820
OG0015400	Om006G246560	CARHR285560
OG0015401	Om006G234590	CARHR276950
OG0015402	Om006G234390	CARHR277110
OG0015403	Om006G234350	CARHR277140
OG0015404	Om006G234290	CARHR277210
OG0015405	Om006G234280	CARHR277220
OG0015406	Om006G234260	CARHR277240
OG0015407	Om006G234220	CARHR277280
OG0015408	Om006G234210	CARHR277290
OG0015409	Om006G233990	CARHR277510
OG0015410	Om006G233630	CARHR277830
OG0015411	Om006G233600	CARHR277860
OG0015412	Om008G333870	CARHR133030
OG0015413	Om006G233260	CARHR278140
OG0015414	Om006G233170	CARHR278250
OG0015415	Om006G233150	CARHR278270
OG0015416	Om006G233120	CARHR278300
OG0015417	Om006G233030	CARHR278390
OG0015418	Om006G232980	CARHR278420
OG0015419	Om006G232900	CARHR278480
OG0015420	Om006G232820	CARHR278560
OG0015421	Om006G232750	CARHR278630
OG0015422	Om006G232530	CARHR278840
OG0015423	Om006G232460	CARHR278890
OG0015424	Om006G232110	CARHR279080
OG0015425	Om006G231970	CARHR279230
OG0015426	Om006G231790	CARHR279370, CARHR279380
OG0015427	Om006G231640	CARHR279500
OG0015429	Om006G231450	CARHR279670
OG0015430	Om006G231190	CARHR279890
OG0015431	Om006G231170	CARHR279910
OG0015432	Om006G231070	CARHR279980
OG0015433	Om006G230970	CARHR280050
OG0015434	Om006G230910	CARHR280110
OG0015435	Om006G230860	CARHR280160
OG0015436	Om006G230720	CARHR280280
OG0015437	Om006G230700	CARHR280290
OG0015438	Om006G230610	CARHR280340
OG0015439	Om006G230300	CARHR280600
OG0015440	Om006G270980	CARHR115980
OG0015441	Om006G230090	CARHR280810
OG0015442	Om006G230060	CARHR280840
OG0015443	Om006G229830	CARHR281050
OG0015444	Om006G229670	CARHR281200
OG0015445	Om006G229630	CARHR281220
OG0015446	Om006G229490	CARHR034750
OG0015447	Om006G229330	CARHR281410
OG0015448	Om006G229270	CARHR281480
OG0015449	Om006G229230	CARHR281530
OG0015450	Om006G229180	CARHR281580
OG0015451	Om006G229070	CARHR281710
OG0015452	Om006G228970	CARHR281820
OG0015453	Om004G157100	CARHR248110
OG0015454	Om004G157900	CARHR248920
OG0015455	Om004G157640	CARHR248610
OG0015456	Om004G157440	CARHR248420
OG0015458	Om004G158120	CARHR249070
OG0015459	Om004G158270	CARHR249210
OG0015460	Om004G158340	CARHR249300
OG0015461	Om004G158430	CARHR249400
OG0015462	Om004G158910	CARHR249970
OG0015463	Om004G136270	CARHR249790
OG0015464	Om004G159200	CARHR249690
OG0015465	Om004G159300	CARHR249600
OG0015466	Om004G159950	CARHR250790
OG0015467	Om004G160090	CARHR250900
OG0015468	Om004G160110	CARHR250920
OG0015469	Om004G160130	CARHR250940
OG0015470	Om006G232190	CARHR293790
OG0015471	Om004G160490	CARHR251280
OG0015472	Om007G293000	CARHR178990
OG0015473	Om007G292920	CARHR179080
OG0015474	Om007G292890	CARHR179110
OG0015475	Om007G292880	CARHR179120
OG0015476	Om007G277420	CARHR179260
OG0015477	Om007G277520	CARHR179450
OG0015478	Om007G277540	CARHR179500
OG0015479	Om007G277640	CARHR179610
OG0015480	Om007G277690	CARHR179680
OG0015481	Om007G277710	CARHR179700
OG0015482	Om007G278030	CARHR180180
OG0015483	Om007G279220	CARHR126040
OG0015484	Om007G278790	CARHR126860
OG0015485	Om007G279580	CARHR126480
OG0015486	Om007G279690	CARHR125890
OG0015487	Om007G279760	CARHR125850
OG0015488	Om007G279770	CARHR125820
OG0015489	Om007G279920	CARHR125650
OG0015490	Om007G280440	CARHR125090
OG0015491	Om007G280590	CARHR124960
OG0015492	Om007G280620	CARHR124940
OG0015493	Om007G281150	CARHR124370
OG0015494	Om007G281720	CARHR123640
OG0015495	Om007G281840	CARHR123490
OG0015496	Om007G282110	CARHR123210
OG0015497	Om007G282950	CARHR122350
OG0015498	Om007G283220	CARHR121950
OG0015499	Om007G283380	CARHR121770
OG0015500	Om007G283430	CARHR121650
OG0015501	Om007G283480	CARHR121580
OG0015502	Om007G283760	CARHR121250
OG0015503	Om007G283900	CARHR121080
OG0015504	Om007G283930	CARHR121000
OG0015505	Om007G283950	CARHR120970
OG0015506	Om007G283990	CARHR120860
OG0015507	Om007G284050	CARHR120810
OG0015508	Om007G284270	CARHR120540
OG0015509	Om007G285110	CARHR119390
OG0015510	Om007G285090	CARHR119420
OG0015511	Om007G285010	CARHR119530
OG0015512	Om007G284930	CARHR119700
OG0015514	Om007G284770	CARHR119970
OG0015515	Om007G285290	CARHR119040
OG0015516	Om007G285300	CARHR119030
OG0015517	Om007G285430	CARHR118790
OG0015518	Om007G285450	CARHR118750
OG0015519	Om007G285460	CARHR119010
OG0015520	Om007G285540	CARHR118490
OG0015521	Om006G234300	CARHR107570
OG0015522	Om001G028820	CARHR007470
OG0015523	Om004G157120	CARHR248130
OG0015524	Om005G199380	CARHR120050
OG0015525	Om004G149390	CARHR114530
OG0015526	Om004G151030	CARHR115230
OG0015528	Om002G062040	CARHR115100
OG0015529	Om004G150970	CARHR115020
OG0015530	Om002G059890	CARHR114940
OG0015531	Om004G150380	CARHR114820
OG0015532	Om003G125840	CARHR115320
OG0015533	Om004G150890	CARHR115440
OG0015534	Om001G020370	CARHR235100
OG0015535	Om002G042650	CARHR075440
OG0015536	Om002G042570	CARHR075360
OG0015537	Om002G042310	CARHR075110
OG0015538	Om002G042260	CARHR075070
OG0015539	Om007G288380	CARHR027590
OG0015540	Om002G042160	CARHR075000
OG0015541	Om002G042090	CARHR074970
OG0015542	Om002G042040	CARHR074920
OG0015543	Om002G042030	CARHR074900
OG0015544	Om002G042000	CARHR074870
OG0015545	Om004G177460	CARHR212330
OG0015546	Om004G177420	CARHR082860
OG0015547	Om004G177390	CARHR212300
OG0015548	Om004G177360	CARHR212270
OG0015549	Om004G177350	CARHR212260
OG0015550	Om004G177320	CARHR123610
OG0015551	Om004G177310	CARHR212240
OG0015552	Om004G177220	CARHR212190
OG0015553	Om004G177170	CARHR212170
OG0015554	Om004G177150	CARHR212160
OG0015555	Om002G065070	CARHR234140
OG0015556	Om006G233940	CARHR234410
OG0015557	Om002G043010	CARHR075830
OG0015558	Om002G043060	CARHR075880
OG0015559	Om002G043390	CARHR076070
OG0015560	Om002G043400	CARHR076080
OG0015561	Om002G043420	CARHR076100
OG0015562	Om002G043470	CARHR076150
OG0015563	Om002G043600	CARHR076250
OG0015564	Om002G043610	CARHR076260
OG0015565	Om002G043750	CARHR076420
OG0015566	Om002G043980, Om006G272850	CARHR076650
OG0015567	Om002G044020	CARHR076690
OG0015568	Om002G044040	CARHR076710
OG0015569	Om002G044180	CARHR076830
OG0015570	Om002G044310	CARHR076950
OG0015571	Om002G044430	CARHR077020
OG0015572	Om002G044440	CARHR077030
OG0015573	Om002G044710	CARHR077290
OG0015574	Om002G045050	CARHR077530
OG0015575	Om002G045230	CARHR077730
OG0015576	Om002G045300	CARHR077800
OG0015577	Om002G045510	CARHR078000
OG0015578	Om002G045860	CARHR078270
OG0015579	Om002G045940	CARHR078410
OG0015580	Om002G046220	CARHR078530
OG0015581	Om002G046560	CARHR078990
OG0015582	Om002G046630	CARHR079070
OG0015583	Om002G047140	CARHR079470
OG0015584	Om002G047330	CARHR079610
OG0015585	Om002G047620	CARHR079900
OG0015586	Om002G047530	CARHR079750
OG0015587	Om002G047820	CARHR080070
OG0015588	Om002G047830	CARHR080080
OG0015589	Om002G048000	CARHR080170
OG0015590	Om002G048080	CARHR080230
OG0015591	Om003G124750	CARHR170500
OG0015592	Om002G048960	CARHR080900
OG0015593	Om002G049020	CARHR080960
OG0015594	Om002G049520	CARHR081450
OG0015595	Om002G049670	CARHR081560
OG0015596	Om002G056470, Om001G039140	CARHR087200
OG0015597	Om002G049740	CARHR081620
OG0015598	Om002G049770	CARHR081650
OG0015599	Om002G049840	CARHR081730
OG0015600	Om002G049860	CARHR081750
OG0015601	Om002G050020	CARHR081960
OG0015602	Om002G050050	CARHR081990
OG0015603	Om002G050210	CARHR082130
OG0015604	Om002G050300	CARHR082230
OG0015605	Om002G050420	CARHR082340
OG0015606	Om002G050450	CARHR082380
OG0015607	Om002G050480	CARHR082410
OG0015608	Om002G050580	CARHR082490
OG0015609	Om002G050650	CARHR082580
OG0015610	Om002G050660	CARHR082600
OG0015611	Om002G050830	CARHR082760
OG0015612	Om002G051410	CARHR083310
OG0015613	Om002G051450	CARHR083330
OG0015614	Om008G330160	CARHR135350
OG0015615	Om008G330190	CARHR135330
OG0015616	Om008G330600	CARHR135080
OG0015617	Om008G331280	CARHR134870
OG0015618	Om008G331240	CARHR134830
OG0015619	Om008G331640	CARHR134510
OG0015620	Om008G331670	CARHR134490
OG0015621	Om008G332340	CARHR133940
OG0015622	Om008G331970	CARHR134280
OG0015623	Om008G332520	CARHR133850
OG0015624	Om008G332610	CARHR133800
OG0015625	Om008G332650	CARHR133780
OG0015626	Om008G337970	CARHR130170
OG0015627	Om008G337380	CARHR130580
OG0015628	Om008G332970	CARHR287100
OG0015629	Om008G337210	CARHR130670
OG0015630	Om008G336880	CARHR130890
OG0015631	Om008G336580	CARHR131190
OG0015632	Om008G336340	CARHR131450
OG0015633	Om008G336270	CARHR131490
OG0015634	Om008G336100	CARHR131610
OG0015635	Om008G336110	CARHR131600
OG0015636	Om002G075310	CARHR101740
OG0015637	Om008G335970	CARHR131710
OG0015638	Om008G335930	CARHR132360
OG0015639	Om008G335920	CARHR132350
OG0015640	Om008G335800	CARHR132250
OG0015641	Om008G335430	CARHR132080
OG0015642	Om008G335240	CARHR131940
OG0015643	Om008G335220	CARHR131920
OG0015644	Om008G333340	CARHR133330
OG0015645	Om008G333430	CARHR133260
OG0015646	Om008G333540	CARHR133230, CARHR035360
OG0015647	Om008G334250	CARHR132760
OG0015648	Om008G334300	CARHR132730
OG0015649	Om008G334560	CARHR132650
OG0015651	Om008G338120	CARHR130030
OG0015652	Om005G196450	CARHR016190
OG0015653	Om005G196490	CARHR016230
OG0015654	Om005G196990	CARHR016580
OG0015655	Om005G197180	CARHR016750
OG0015656	Om005G197390	CARHR016920
OG0015657	Om005G197610	CARHR017120
OG0015658	Om005G198020	CARHR017470
OG0015659	Om005G198100	CARHR017610
OG0015660	Om005G198390	CARHR017850
OG0015661	Om005G198780	CARHR018090
OG0015662	Om005G198770	CARHR018080
OG0015663	Om005G198750	CARHR018060
OG0015664	Om005G198710	CARHR018020
OG0015665	Om005G198630	CARHR017970
OG0015666	Om005G198870	CARHR018180
OG0015667	Om005G199160	CARHR018350
OG0015668	Om005G199810	CARHR018820
OG0015669	Om005G199700	CARHR018750
OG0015670	Om005G199670	CARHR018720
OG0015671	Om005G199560	CARHR018620
OG0015672	Om004G140700	CARHR066790
OG0015673	Om005G200470	CARHR019310
OG0015674	Om005G200680	CARHR019460
OG0015675	Om005G200720	CARHR019500
OG0015676	Om005G200840	CARHR019590
OG0015677	Om005G200930	CARHR019680
OG0015678	Om005G200970	CARHR019720
OG0015679	Om005G201230	CARHR019900
OG0015680	Om005G201260	CARHR019930
OG0015681	Om005G201290	CARHR019960
OG0015682	Om005G201390	CARHR020010
OG0015683	Om005G202260	CARHR020610
OG0015684	Om005G202610	CARHR021000
OG0015685	Om005G202640	CARHR021030
OG0015686	Om005G202710	CARHR021110
OG0015687	Om005G203030	CARHR021300
OG0015688	Om005G203260	CARHR021500
OG0015689	Om005G203890	CARHR021930
OG0015690	Om005G203960	CARHR021990
OG0015691	Om005G203970	CARHR022000
OG0015692	Om005G204140	CARHR022100
OG0015693	Om005G204180	CARHR022150
OG0015694	Om005G204200	CARHR022160
OG0015695	Om005G182660	CARHR004820
OG0015696	Om005G204630	CARHR022490
OG0015697	Om005G204680	CARHR022540
OG0015698	Om005G204980	CARHR022820
OG0015699	Om005G205120	CARHR022980
OG0015700	Om005G205200	CARHR023060
OG0015701	Om005G205330	CARHR023160
OG0015702	Om005G205550	CARHR023310
OG0015703	Om005G205570	CARHR023320
OG0015704	Om005G205630	CARHR023380
OG0015705	Om005G206950	CARHR023480
OG0015706	Om004G143400	CARHR023620
OG0015707	Om004G143760	CARHR023830
OG0015708	Om004G144460	CARHR024260
OG0015709	Om004G144550	CARHR024340
OG0015710	Om004G144690	CARHR024420
OG0015711	Om005G184550	CARHR006730
OG0015712	Om004G145510	CARHR025200
OG0015713	Om004G145990	CARHR025320
OG0015714	Om004G146220	CARHR025500
OG0015715	Om005G209830	CARHR061950
OG0015716	Om004G146590	CARHR025690
OG0015717	Om005G210360	CARHR061600
OG0015718	Om004G146780	CARHR025840
OG0015719	Om004G147020	CARHR025960
OG0015720	Om003G124950	CARHR026070
OG0015721	Om004G147610	CARHR026420
OG0015722	Om004G131990	CARHR026680
OG0015723	Om006G263420	CARHR026710
OG0015724	Om005G202140	CARHR020520
OG0015725	Om004G149350	CARHR036160
OG0015726	Om006G238540	CARHR036150
OG0015727	Om004G151810	CARHR027060
OG0015728	Om007G280240	CARHR231630
OG0015729	Om002G051420	CARHR231700
OG0015730	Om005G185130	CARHR231780
OG0015732	Om007G291210	CARHR231930
OG0015733	Om007G315270	CARHR232000
OG0015734	Om004G150560	CARHR115890
OG0015735	Om007G285620	CARHR232090
OG0015736	Om007G285670	CARHR232120
OG0015737	Om007G285690	CARHR232190
OG0015738	Om008G333230	CARHR232210
OG0015739	Om006G273970	CARHR232330
OG0015740	Om007G285930	CARHR232460
OG0015741	Om007G286000	CARHR232510
OG0015743	Om007G286320	CARHR232780
OG0015744	Om007G286560	CARHR232960
OG0015745	Om007G286430, Om011G365030	CARHR232880
OG0015746	Om007G286400	CARHR232860
OG0015747	Om003G127070	CARHR264790
OG0015748	Om005G186450	CARHR008340
OG0015749	Om001G021450	CARHR235510
OG0015750	Om001G021270	CARHR235430
OG0015751	Om004G151690	CARHR116270
OG0015752	Om004G154600	CARHR294560
OG0015753	Om001G007990	CARHR116800
OG0015754	Om003G095560	CARHR117360
OG0015755	Om004G152330, Om004G155250	CARHR184860
OG0015757	Om004G152090	CARHR293100
OG0015758	Om004G152020	CARHR293010
OG0015759	Om004G151310	CARHR292960
OG0015760	Om001G021460	CARHR235530
OG0015761	Om004G154470	CARHR114450
OG0015762	Om004G154340	CARHR114150
OG0015763	Om004G154050	CARHR113760
OG0015764	Om006G253350	CARHR164290
OG0015765	Om004G153820	CARHR113630
OG0015766	Om004G153550	CARHR113210
OG0015767	Om004G153500	CARHR113060, CARHR113050
OG0015768	Om004G153490	CARHR113040
OG0015769	Om004G155840	CARHR112700
OG0015770	Om004G155890	CARHR112610
OG0015771	Om004G156000	CARHR112450
OG0015772	Om004G156420	CARHR111970
OG0015773	Om001G033090	CARHR111880
OG0015774	Om004G156570	CARHR111860
OG0015776	Om005G194750	CARHR015000
OG0015777	Om005G194510	CARHR014830
OG0015778	Om005G194420	CARHR014730
OG0015779	Om005G194410	CARHR014720
OG0015780	Om005G194390	CARHR014700
OG0015781	Om005G194270	CARHR014620
OG0015782	Om005G193980	CARHR014400
OG0015783	Om005G194020	CARHR014360
OG0015784	Om005G193810	CARHR014210
OG0015785	Om005G193860	CARHR014260
OG0015786	Om005G193650	CARHR014070
OG0015787	Om005G193390	CARHR013890
OG0015788	Om005G192940	CARHR013600
OG0015790	Om005G192860	CARHR013540
OG0015791	Om005G192540	CARHR013310
OG0015792	Om005G192130	CARHR012940
OG0015793	Om005G192040	CARHR012850
OG0015794	Om005G191950	CARHR012780
OG0015795	Om005G191880	CARHR012720
OG0015796	Om005G191790	CARHR012660
OG0015797	Om005G191590	CARHR012550
OG0015798	Om005G191600	CARHR012560
OG0015799	Om005G191380	CARHR012410
OG0015800	Om005G190940	CARHR012080
OG0015801	Om005G190810	CARHR011970
OG0015802	Om005G190560	CARHR011830
OG0015803	Om005G223560	CARHR050560
OG0015804	Om005G190290	CARHR011620
OG0015805	Om005G190020	CARHR011430
OG0015806	Om005G189650	CARHR011100
OG0015807	Om005G189530	CARHR011050
OG0015808	Om005G189510	CARHR011020
OG0015809	Om005G189380	CARHR010880
OG0015810	Om005G189170	CARHR010710
OG0015811	Om005G189150	CARHR010680
OG0015812	Om005G188910, Om002G078120	CARHR010520
OG0015813	Om005G188770	CARHR010360
OG0015814	Om005G188130	CARHR009800
OG0015815	Om005G188160	CARHR009820
OG0015816	Om005G188210	CARHR009870
OG0015817	Om005G188260	CARHR009960
OG0015818	Om005G188520	CARHR010160
OG0015819	Om005G187940	CARHR009650
OG0015820	Om005G187550	CARHR009420
OG0015821	Om005G187540	CARHR009410
OG0015822	Om005G187390	CARHR009270
OG0015823	Om005G187320	CARHR009230
OG0015824	Om005G187300	CARHR009200
OG0015825	Om005G187150	CARHR009090
OG0015826	Om005G187040	CARHR008930
OG0015827	Om005G186810	CARHR008690
OG0015828	Om005G186620	CARHR008490
OG0015829	Om005G186720	CARHR008600
OG0015830	Om005G186050	CARHR007930
OG0015831	Om005G185530	CARHR007490
OG0015832	Om005G185560	CARHR007520
OG0015833	Om002G082350	CARHR153580
OG0015834	Om005G185300	CARHR007300
OG0015835	Om005G184990	CARHR007030
OG0015836	Om005G184570	CARHR006750
OG0015837	Om005G184470	CARHR006680
OG0015838	Om005G184440	CARHR006640
OG0015839	Om005G184050	CARHR006160
OG0015840	Om005G184330	CARHR006530
OG0015841	Om005G184310	CARHR006510
OG0015842	Om005G184180	CARHR006390
OG0015843	Om005G184160	CARHR006370
OG0015844	Om005G184020	CARHR006140
OG0015845	Om005G184010	CARHR006130
OG0015846	Om005G183970	CARHR006110
OG0015847	Om005G183920	CARHR006060
OG0015848	Om005G183390	CARHR005480
OG0015849	Om005G183250	CARHR005370
OG0015850	Om007G309140	CARHR183670
OG0015851	Om005G183240	CARHR005380
OG0015852	Om005G183220	CARHR005350
OG0015853	Om005G182800	CARHR004930
OG0015854	Om005G182750	CARHR004890
OG0015855	Om005G182340	CARHR004590
OG0015856	Om005G182320	CARHR004560
OG0015857	Om005G185840	CARHR004500
OG0015858	Om005G182200	CARHR004410
OG0015859	Om005G182160	CARHR004380
OG0015860	Om005G182150	CARHR004370
OG0015861	Om005G182030	CARHR004280
OG0015862	Om005G181550	CARHR003920
OG0015863	Om001G016900	CARHR290280
OG0015864	Om005G181070	CARHR003370
OG0015865	Om005G181040	CARHR003340
OG0015866	Om005G181030	CARHR003330
OG0015867	Om005G180490	CARHR002920
OG0015868	Om005G180830	CARHR003160
OG0015869	Om005G180330	CARHR002780
OG0015870	Om005G180300	CARHR002770
OG0015871	Om005G180290	CARHR002760
OG0015872	Om005G180150	CARHR002550
OG0015873	Om005G179960	CARHR002440
OG0015874	Om005G179620	CARHR002140
OG0015875	Om005G179480	CARHR002000
OG0015876	Om005G179410	CARHR001930
OG0015877	Om005G179170	CARHR001710
OG0015878	Om005G179310	CARHR001800
OG0015879	Om005G179100	CARHR001640
OG0015880	Om005G179080	CARHR001620
OG0015881	Om005G178610	CARHR001190
OG0015882	Om005G178480	CARHR001010, CARHR001030
OG0015883	Om005G178090	CARHR000620
OG0015884	Om005G178140	CARHR000550
OG0015885	Om005G177900	CARHR000470
OG0015886	Om005G177890	CARHR000460
OG0015887	Om005G177880	CARHR000450
OG0015888	Om005G177840	CARHR000410
OG0015889	Om005G177810	CARHR000380
OG0015891	Om005G177720	CARHR000280
OG0015892	Om005G177650	CARHR000210
OG0015893	Om005G177570	CARHR000150
OG0015894	Om007G302100	CARHR199540
OG0015895	Om007G301170	CARHR198760
OG0015896	Om007G301360	CARHR198900
OG0015897	Om007G301620	CARHR199120
OG0015898	Om007G301700	CARHR199200
OG0015899	Om007G301790	CARHR199280
OG0015900	Om007G301030	CARHR198660
OG0015901	Om007G300900	CARHR198570
OG0015902	Om007G300810	CARHR198540
OG0015903	Om007G299750	CARHR197800
OG0015904	Om007G299830	CARHR197880
OG0015905	Om007G299980	CARHR197960
OG0015906	Om007G300070	CARHR198030
OG0015908	Om007G299140	CARHR197410
OG0015909	Om007G298640	CARHR197050
OG0015910	Om002G043840	CARHR076540
OG0015911	Om007G298830	CARHR197160
OG0015912	Om007G298210	CARHR196720
OG0015913	Om007G298050	CARHR196570
OG0015914	Om007G297740	CARHR196350
OG0015915	Om007G297640	CARHR196290
OG0015917	Om007G297310	CARHR195970
OG0015918	Om007G297150	CARHR195830
OG0015919	Om007G297170	CARHR195850
OG0015920	Om007G297060	CARHR195750
OG0015921	Om007G296830	CARHR195610
OG0015922	Om007G296720	CARHR195540
OG0015923	Om007G296700	CARHR195520
OG0015924	Om007G296360	CARHR195170
OG0015925	Om007G296290	CARHR195090
OG0015926	Om007G296060	CARHR194850
OG0015927	Om007G296050	CARHR194840
OG0015928	Om007G295900	CARHR194640
OG0015929	Om007G295870	CARHR194610
OG0015930	Om005G186640	CARHR008520
OG0015931	Om007G295420	CARHR194360
OG0015932	Om007G295320	CARHR194240
OG0015933	Om007G295310	CARHR194230
OG0015934	Om007G295180	CARHR194150
OG0015935	Om007G294860	CARHR193790
OG0015936	Om007G294660	CARHR187130
OG0015937	Om007G294330	CARHR186840
OG0015939	Om007G294280	CARHR186720
OG0015940	Om007G293870	CARHR186230
OG0015941	Om004G131440	CARHR186120
OG0015942	Om007G293570	CARHR185990
OG0015943	Om007G293560	CARHR185980
OG0015944	Om007G293300	CARHR185010
OG0015946	Om006G261320	CARHR157620
OG0015947	Om007G303540	CARHR287990
OG0015948	Om002G061350	CARHR233880
OG0015950	Om007G305980, Om009G363090	CARHR183120
OG0015951	Om010G364920, Om007G309280	CARHR183620
OG0015952	Om007G308030	CARHR183980
OG0015953	Om007G308240	CARHR183800
OG0015954	Om007G297660	CARHR196310
OG0015955	Om004G169760	CARHR206320
OG0015956	Om004G169690	CARHR206250
OG0015957	Om007G302140	CARHR199590
OG0015958	Om007G302150	CARHR199600
OG0015959	Om004G169900	CARHR206390
OG0015960	Om004G170170	CARHR206660
OG0015961	Om002G084040	CARHR184310
OG0015962	Om001G015250	CARHR036000
OG0015963	Om008G358740	CARHR184240
OG0015964	Om004G170390	CARHR207080
OG0015965	Om004G170480	CARHR206980
OG0015966	Om004G170660	CARHR206840
OG0015967	Om004G170720	CARHR206790
OG0015968	Om004G170960	CARHR207260
OG0015969	Om004G170980	CARHR207280
OG0015970	Om004G170990	CARHR207290
OG0015971	Om004G171140	CARHR207450
OG0015972	Om004G171160	CARHR207470
OG0015973	Om004G171210	CARHR207520
OG0015974	Om004G171240	CARHR207580
OG0015975	Om004G171260	CARHR207600
OG0015976	Om004G171660	CARHR207870
OG0015977	Om002G060310	CARHR090110
OG0015978	Om004G171890	CARHR208000
OG0015979	Om004G171960	CARHR208100
OG0015980	Om004G172050	CARHR208170
OG0015981	Om004G172400	CARHR208370
OG0015982	Om005G198110	CARHR017600
OG0015983	Om004G172680	CARHR208680
OG0015984	Om004G172780	CARHR208750
OG0015985	Om004G172900	CARHR208890
OG0015986	Om006G240720	CARHR187340
OG0015987	Om006G240710	CARHR187290
OG0015988	Om006G240690	CARHR187270
OG0015989	Om006G240640	CARHR187500
OG0015990	Om006G240050	CARHR188140
OG0015991	Om006G239920	CARHR188280
OG0015992	Om006G239620	CARHR188520
OG0015993	Om006G239510	CARHR188580
OG0015994	Om006G239460	CARHR188640
OG0015995	Om006G239410	CARHR188730
OG0015996	Om006G238970	CARHR189130
OG0015997	Om006G239000	CARHR189090
OG0015998	Om006G239160	CARHR188930
OG0015999	Om006G239170	CARHR188920
OG0016000	Om006G238750	CARHR189440
OG0016001	Om006G238700	CARHR189490
OG0016002	Om006G238410	CARHR189680
OG0016003	Om006G238370	CARHR189710
OG0016004	Om006G238300	CARHR189800
OG0016005	Om002G076000	CARHR102220
OG0016006	Om006G238060	CARHR190020
OG0016007	Om006G237970	CARHR190080
OG0016008	Om006G237590	CARHR190410
OG0016009	Om006G237510	CARHR190470
OG0016010	Om006G237280	CARHR274620
OG0016011	Om006G237250	CARHR274640
OG0016012	Om006G237240	CARHR147920
OG0016013	Om006G237020	CARHR274830
OG0016014	Om006G236750	CARHR275130
OG0016015	Om006G236730	CARHR275150
OG0016016	Om006G236520	CARHR275370
OG0016017	Om006G236400	CARHR275470
OG0016018	Om006G236010	CARHR275820
OG0016019	Om006G235960	CARHR275860
OG0016020	Om006G235730	CARHR276000
OG0016021	Om006G235650	CARHR276100
OG0016022	Om006G235640	CARHR276110
OG0016023	Om006G235330	CARHR276350
OG0016024	Om006G235170	CARHR276440
OG0016025	Om006G235040	CARHR276540
OG0016026	Om006G234890	CARHR276710
OG0016027	Om006G234800	CARHR276800
OG0016028	Om006G234650	CARHR276890
OG0016029	Om006G247330	CARHR272670
OG0016030	Om006G247520	CARHR272460
OG0016031	Om006G247610	CARHR272380
OG0016032	Om006G247620	CARHR272370
OG0016033	Om006G247690	CARHR272310
OG0016034	Om006G247750	CARHR272270
OG0016035	Om006G247960	CARHR272040
OG0016036	Om006G247980	CARHR272020
OG0016037	Om006G257430	CARHR160900
OG0016038	Om006G257510	CARHR160830
OG0016039	Om006G257720	CARHR160630
OG0016040	Om006G258230	CARHR160280
OG0016042	Om006G258690	CARHR159910
OG0016043	Om006G258760	CARHR159850
OG0016044	Om006G259030	CARHR159600
OG0016045	Om006G259160	CARHR159170
OG0016046	Om006G259290	CARHR159060
OG0016047	Om006G259980	CARHR158780
OG0016048	Om006G260140	CARHR158670
OG0016049	Om006G260220	CARHR158600
OG0016050	Om006G239200	CARHR188910
OG0016051	Om006G260440	CARHR158260
OG0016052	Om006G260920	CARHR157910
OG0016053	Om006G261040	CARHR157810
OG0016054	Om006G261070	CARHR157790
OG0016055	Om007G290350	CARHR029540
OG0016056	Om006G262490	CARHR157200
OG0016057	Om006G262530	CARHR157170
OG0016058	Om006G262630	CARHR157150
OG0016059	Om006G262770	CARHR157070
OG0016060	Om006G262920	CARHR157000
OG0016061	Om006G263030	CARHR156950
OG0016062	Om006G234780	CARHR276810
OG0016063	Om006G263170	CARHR156890
OG0016064	Om006G263300	CARHR156850
OG0016065	Om007G295190	CARHR156730
OG0016066	Om006G263710	CARHR156640
OG0016067	Om006G263750	CARHR156550
OG0016068	Om004G134580, Om006G263910	CARHR156480
OG0016069	Om006G264060	CARHR156380
OG0016070	Om006G264300	CARHR156300
OG0016071	Om006G264410	CARHR156290
OG0016072	Om006G265640	CARHR156130
OG0016073	Om006G265750	CARHR156090
OG0016074	Om006G265760	CARHR156080
OG0016075	Om006G265770	CARHR156070
OG0016076	Om006G265860	CARHR156040
OG0016077	Om006G266450	CARHR155610
OG0016078	Om006G266660	CARHR155520
OG0016079	Om006G266860	CARHR154880
OG0016080	Om006G267110	CARHR155230
OG0016081	Om006G268100	CARHR149920
OG0016082	Om004G174430	CARHR150430
OG0016083	Om001G040130	CARHR150610
OG0016084	Om006G247340	CARHR104480
OG0016085	Om002G077560	CARHR098710
OG0016086	Om006G268380	CARHR153370
OG0016087	Om006G268570	CARHR184560
OG0016088	Om008G328940	CARHR152570
OG0016090	Om006G268540	CARHR152510
OG0016091	Om005G179400	CARHR001920
OG0016092	Om005G211340	CARHR060870
OG0016093	Om005G212350	CARHR060060
OG0016094	Om005G211520	CARHR060760
OG0016095	Om005G211280	CARHR060910
OG0016096	Om005G211790	CARHR060550
OG0016097	Om005G210580	CARHR061440
OG0016098	Om005G210280	CARHR061660
OG0016099	Om002G056250	CARHR087030
OG0016100	Om005G210470	CARHR061530
OG0016101	Om005G210040	CARHR061720
OG0016102	Om005G209950	CARHR061800
OG0016103	Om005G209940	CARHR061810
OG0016104	Om005G209890	CARHR061890
OG0016105	Om007G301960, Om005G209880	CARHR061900
OG0016106	Om005G209720	CARHR062080
OG0016107	Om005G209490	CARHR062230
OG0016108	Om004G150580, Om005G209480	CARHR062240
OG0016109	Om005G209320	CARHR062440
OG0016110	Om005G209310	CARHR062450
OG0016111	Om005G209170	CARHR062560
OG0016112	Om005G208540	CARHR062940
OG0016113	Om005G208390	CARHR292590
OG0016114	Om005G208320	CARHR063170
OG0016116	Om005G208090	CARHR063320
OG0016117	Om006G240770	CARHR187380
OG0016118	Om005G207360	CARHR063860
OG0016119	Om005G207330	CARHR063900
OG0016120	Om005G207100	CARHR064080
OG0016121	Om005G206960	CARHR064180
OG0016122	Om005G206700	CARHR064390
OG0016123	Om005G206680	CARHR064410
OG0016124	Om005G206560	CARHR064540
OG0016125	Om005G206520	CARHR064580
OG0016126	Om005G206460	CARHR064620
OG0016127	Om005G206330	CARHR291240
OG0016128	Om005G206220	CARHR291180
OG0016129	Om005G206150, Om006G266870	CARHR291140
OG0016130	Om005G206080	CARHR291100
OG0016131	Om005G206070	CARHR291090
OG0016132	Om005G206030	CARHR291060
OG0016133	Om005G206010	CARHR291040
OG0016134	Om005G205960	CARHR290990
OG0016135	Om005G205930	CARHR290970
OG0016136	Om004G143120	CARHR064910
OG0016137	Om004G133770	CARHR071590
OG0016138	Om004G134030	CARHR071470
OG0016139	Om004G134050	CARHR071450
OG0016140	Om004G134110	CARHR071380
OG0016141	Om004G134450	CARHR071170
OG0016142	Om004G134530	CARHR071140
OG0016143	Om004G134800	CARHR070970
OG0016144	Om004G134870	CARHR070860
OG0016145	Om004G135050	CARHR070700
OG0016146	Om004G135440	CARHR070420
OG0016148	Om004G135670	CARHR070260
OG0016149	Om004G135780	CARHR070180
OG0016150	Om004G135890	CARHR070110
OG0016151	Om002G076580	CARHR103010
OG0016152	Om004G136020	CARHR070030
OG0016153	Om004G136040	CARHR070010
OG0016154	Om004G136160	CARHR069950
OG0016155	Om004G136170	CARHR069940
OG0016156	Om004G136580	CARHR069800
OG0016157	Om004G136620	CARHR069780
OG0016158	Om004G136720	CARHR069700
OG0016159	Om004G137000	CARHR069650
OG0016160	Om004G137090	CARHR069400
OG0016161	Om004G137630	CARHR069060
OG0016162	Om004G138440	CARHR069040
OG0016163	Om004G138330	CARHR068960
OG0016164	Om007G287740	CARHR036460
OG0016165	Om004G138080	CARHR068850
OG0016166	Om004G138060	CARHR068830
OG0016167	Om004G138000	CARHR068780
OG0016168	Om004G137830	CARHR068590
OG0016169	Om004G138900	CARHR068410
OG0016170	Om004G138790	CARHR068320
OG0016171	Om004G138660	CARHR068240
OG0016172	Om004G138600	CARHR068200
OG0016173	Om004G138960	CARHR068080
OG0016174	Om004G139090	CARHR067970
OG0016175	Om004G139170	CARHR067910
OG0016176	Om004G139180	CARHR067930
OG0016177	Om004G139300	CARHR067850
OG0016178	Om004G139390	CARHR067810
OG0016179	Om004G139680	CARHR067590
OG0016180	Om004G139690	CARHR067580
OG0016181	Om004G139750	CARHR067510
OG0016182	Om004G140110	CARHR067170
OG0016183	Om006G260500, Om004G140230	CARHR067080
OG0016184	Om004G140540	CARHR066860
OG0016185	Om004G140810	CARHR066720
OG0016186	Om004G141170	CARHR066430
OG0016187	Om004G141330	CARHR066390
OG0016188	Om004G141360	CARHR066370
OG0016189	Om004G141790	CARHR066160
OG0016190	Om004G141830	CARHR066110
OG0016192	Om004G141880	CARHR066060
OG0016193	Om004G141930	CARHR066030
OG0016194	Om004G142010	CARHR065960
OG0016195	Om004G142350	CARHR065600
OG0016196	Om004G142460	CARHR065460
OG0016197	Om004G142500	CARHR065440
OG0016198	Om004G142520	CARHR065410
OG0016199	Om004G132660	CARHR072360
OG0016200	Om004G132440	CARHR072500
OG0016201	Om004G132430	CARHR072510
OG0016202	Om004G132390	CARHR072540
OG0016203	Om004G132340	CARHR072640
OG0016205	Om004G131570	CARHR073220
OG0016206	Om004G131330	CARHR073480
OG0016207	Om004G131220	CARHR073600
OG0016208	Om004G130120	CARHR074300
OG0016209	Om004G130110	CARHR074310
OG0016210	Om004G129990	CARHR074400
OG0016211	Om004G129980	CARHR074420
OG0016212	Om004G129900	CARHR074450
OG0016213	Om004G129690	CARHR074590
OG0016214	Om004G129520	CARHR074690
OG0016215	Om004G129580	CARHR122860
OG0016216	Om004G129590	CARHR063820
OG0016217	Om004G129600	CARHR074760
OG0016218	Om002G056650	CARHR087340
OG0016219	Om002G056840	CARHR087470
OG0016220	Om002G057090	CARHR087700
OG0016221	Om002G057150	CARHR087740
OG0016222	Om002G057830	CARHR088220
OG0016224	Om002G058040	CARHR088420
OG0016225	Om002G058170	CARHR088510
OG0016226	Om002G058630	CARHR088820
OG0016227	Om002G058920	CARHR089060
OG0016228	Om002G059820	CARHR089710
OG0016229	Om002G059960	CARHR089800
OG0016230	Om002G060250	CARHR090040
OG0016231	Om002G060770	CARHR090460
OG0016232	Om002G060940	CARHR090580
OG0016233	Om002G061340	CARHR090800
OG0016234	Om002G061610	CARHR091020
OG0016235	Om002G061640	CARHR091080
OG0016236	Om002G062030	CARHR091380
OG0016237	Om002G062200	CARHR091470
OG0016238	Om002G062210	CARHR091480
OG0016239	Om002G062220	CARHR091490
OG0016240	Om002G062280	CARHR091520
OG0016242	Om002G062770	CARHR091770
OG0016243	Om002G063110	CARHR092010
OG0016244	Om002G063380	CARHR092180
OG0016245	Om002G063390	CARHR092190
OG0016246	Om002G063440	CARHR092210
OG0016247	Om002G063500	CARHR092250
OG0016248	Om002G063530	CARHR092280
OG0016250	Om002G063990	CARHR092700
OG0016251	Om002G064050	CARHR092770
OG0016252	Om002G064080	CARHR092800
OG0016253	Om002G064190	CARHR092900
OG0016254	Om002G064610	CARHR093220
OG0016255	Om002G064670	CARHR093260
OG0016256	Om002G064770	CARHR093330
OG0016257	Om002G064820	CARHR093380
OG0016258	Om002G064870	CARHR093420
OG0016259	Om002G065340	CARHR093720
OG0016260	Om002G065570	CARHR093910
OG0016261	Om002G065730	CARHR094050
OG0016263	Om002G066120	CARHR094340
OG0016265	Om002G066540	CARHR094600
OG0016266	Om002G067020	CARHR095070
OG0016267	Om002G067040	CARHR095090
OG0016268	Om002G067140	CARHR095180
OG0016269	Om002G067220	CARHR095310
OG0016270	Om002G067230	CARHR095320
OG0016271	Om002G067360	CARHR095430
OG0016272	Om002G068260	CARHR096240
OG0016273	Om005G224420	CARHR049870
OG0016274	Om002G068570	CARHR096490
OG0016275	Om002G068580	CARHR096540
OG0016276	Om002G068660	CARHR096620
OG0016277	Om002G074450	CARHR101060
OG0016278	Om002G069650	CARHR097520
OG0016279	Om002G069510	CARHR097400
OG0016280	Om002G069480	CARHR097330
OG0016281	Om002G070300	CARHR097920
OG0016282	Om002G070470	CARHR098100
OG0016283	Om002G070780	CARHR098350
OG0016284	Om002G071770	CARHR099090
OG0016285	Om002G071910	CARHR099190
OG0016287	Om002G073100	CARHR099930
OG0016288	Om002G073290	CARHR100160
OG0016289	Om002G073320	CARHR100190
OG0016290	Om002G073350	CARHR100220
OG0016291	Om002G074110	CARHR100600
OG0016292	Om002G074250	CARHR100790
OG0016293	Om002G074290	CARHR100870
OG0016294	Om001G023100	CARHR115710
OG0016295	Om004G167570	CARHR101340
OG0016296	Om002G074750	CARHR101280
OG0016297	Om002G074970	CARHR101470
OG0016298	Om005G201860	CARHR101970
OG0016299	Om002G075300	CARHR101730
OG0016300	Om002G077080	CARHR102830
OG0016301	Om002G076140	CARHR102490
OG0016302	Om007G293690	CARHR104080
OG0016303	Om003G113860	CARHR265580
OG0016304	Om002G079490	CARHR104790
OG0016305	Om007G288440	CARHR103890
OG0016307	Om008G325430	CARHR104820
OG0016308	Om002G078890	CARHR104150
OG0016309	Om002G079570	CARHR104700
OG0016310	Om002G079710	CARHR104670
OG0016312	Om002G079740	CARHR104240
OG0016313	Om002G079980	CARHR104210
OG0016314	Om002G080020	CARHR104200
OG0016315	Om002G080170	CARHR105310
OG0016316	Om002G080190	CARHR105280
OG0016317	Om002G080350	CARHR105220
OG0016318	Om002G080280	CARHR105200
OG0016319	Om003G105740	CARHR286870
OG0016320	Om002G081110	CARHR105550
OG0016321	Om002G081170	CARHR105620
OG0016322	Om002G081320	CARHR105650
OG0016323	Om002G081510	CARHR105690
OG0016324	Om002G081630	CARHR105700
OG0016325	Om002G055380	CARHR106030
OG0016326	Om002G082560	CARHR106680
OG0016327	Om002G082640	CARHR106910
OG0016328	Om002G082960	CARHR107130
OG0016329	Om002G083040	CARHR107140
OG0016330	Om002G083670	CARHR293400, CARHR290210
OG0016331	Om002G083770	CARHR293540
OG0016332	Om002G084330	CARHR107900
OG0016333	Om008G322530	CARHR108440
OG0016334	Om002G084840	CARHR108450
OG0016335	Om002G085020	CARHR108580
OG0016336	Om002G085890	CARHR109140
OG0016337	Om002G085660	CARHR108960
OG0016338	Om002G085600	CARHR108910
OG0016339	Om002G085570	CARHR108880
OG0016340	Om002G085210	CARHR108750
OG0016341	Om002G086350	CARHR109440
OG0016342	Om002G086690	CARHR215810
OG0016343	Om002G086880	CARHR109780
OG0016344	Om002G086950	CARHR109830
OG0016345	Om002G087400	CARHR110160
OG0016346	Om002G087590	CARHR110310
OG0016347	Om002G087610	CARHR110330
OG0016348	Om002G087770	CARHR110480
OG0016349	Om004G143300, Om002G087880	CARHR110630
OG0016350	Om002G087890	CARHR110640
OG0016351	Om002G088010	CARHR110750
OG0016352	Om002G088600	CARHR111560
OG0016353	Om006G254670	CARHR111400
OG0016354	Om002G071330	CARHR111610
OG0016355	Om003G089780	CARHR045620
OG0016356	Om003G089800	CARHR045580
OG0016357	Om003G089880	CARHR045530
OG0016358	Om003G089950	CARHR045440
OG0016359	Om003G090180	CARHR045290
OG0016360	Om003G090240	CARHR045230
OG0016361	Om003G090620	CARHR044970
OG0016362	Om003G090910	CARHR044800
OG0016363	Om003G090980	CARHR044710
OG0016364	Om002G058310	CARHR088620
OG0016365	Om003G091540	CARHR044420
OG0016366	Om002G058880	CARHR089030
OG0016367	Om003G092140, Om003G092020	CARHR044110
OG0016368	Om003G092320	CARHR043960
OG0016369	Om003G093190	CARHR043500
OG0016370	Om003G093440	CARHR043380
OG0016371	Om003G093700	CARHR043230
OG0016372	Om003G094020	CARHR042960
OG0016373	Om003G094030	CARHR042930
OG0016374	Om003G094060	CARHR042910
OG0016375	Om003G094260	CARHR042760
OG0016376	Om003G094310	CARHR042720
OG0016377	Om003G094420	CARHR042650
OG0016378	Om003G094660	CARHR042440
OG0016379	Om003G094680	CARHR042420
OG0016380	Om003G094780	CARHR042350
OG0016381	Om003G094820	CARHR042330
OG0016382	Om003G094860	CARHR042320
OG0016383	Om003G096370	CARHR040980
OG0016384	Om003G096180	CARHR041120
OG0016385	Om003G096170	CARHR041130
OG0016386	Om003G096040	CARHR041310
OG0016387	Om003G095960	CARHR041520
OG0016388	Om003G095890	CARHR041620
OG0016389	Om003G095880	CARHR041630
OG0016390	Om003G096770	CARHR040700
OG0016391	Om003G096800	CARHR040670
OG0016392	Om003G096880	CARHR040570
OG0016393	Om003G097410	CARHR040190
OG0016394	Om003G097560	CARHR040100
OG0016395	Om003G097610	CARHR040030
OG0016396	Om003G097660	CARHR039990
OG0016397	Om003G097740	CARHR039920
OG0016398	Om003G098170	CARHR039510
OG0016399	Om003G098190	CARHR039480
OG0016400	Om003G098200	CARHR039470
OG0016401	Om003G098230	CARHR039460
OG0016403	Om003G098440	CARHR039260
OG0016404	Om003G099380	CARHR038170
OG0016405	Om003G099540	CARHR038080
OG0016406	Om003G099600	CARHR037990
OG0016407	Om003G099690	CARHR037930
OG0016408	Om003G099790	CARHR290870, CARHR037810
OG0016409	Om003G099830	CARHR037760
OG0016410	Om003G099880	CARHR037740
OG0016411	Om003G099920	CARHR037700
OG0016412	Om003G100050	CARHR037620
OG0016413	Om003G100130	CARHR222660
OG0016414	Om003G100320	CARHR222510
OG0016415	Om003G100480	CARHR290690
OG0016416	Om003G100900	CARHR290270
OG0016417	Om003G100940	CARHR290250
OG0016418	Om003G100950	CARHR290240
OG0016420	Om007G291160	CARHR029950
OG0016421	Om008G340130	CARHR128560, CARHR272540
OG0016422	Om006G256650	CARHR161550
OG0016423	Om006G256550	CARHR161690
OG0016424	Om006G256310	CARHR161960
OG0016425	Om006G256230	CARHR162040
OG0016426	Om006G255840	CARHR162280
OG0016427	Om006G255740	CARHR162430
OG0016428	Om006G255730	CARHR162440
OG0016429	Om006G255700	CARHR162460
OG0016430	Om006G255130	CARHR162940
OG0016431	Om002G050270	CARHR082190
OG0016432	Om005G199200	CARHR018370
OG0016433	Om006G254730	CARHR163260
OG0016434	Om006G254040	CARHR163840
OG0016435	Om006G254030	CARHR163850
OG0016436	Om006G256790	CARHR161460
OG0016437	Om006G256700	CARHR161520
OG0016438	Om006G256840	CARHR161420
OG0016439	Om006G256900	CARHR161370
OG0016440	Om006G257020	CARHR161230
OG0016441	Om004G143820	CARHR023900
OG0016442	Om006G257030	CARHR161200
OG0016444	Om006G253220	CARHR164400
OG0016445	Om006G253040	CARHR164550
OG0016446	Om006G252770	CARHR164780
OG0016447	Om006G252740	CARHR164840
OG0016448	Om006G252710	CARHR164860
OG0016449	Om006G252050	CARHR165310
OG0016450	Om006G252020	CARHR165370
OG0016451	Om006G251980	CARHR165400
OG0016452	Om006G251000	CARHR166110
OG0016453	Om006G250820	CARHR166280
OG0016454	Om006G250660	CARHR166390
OG0016455	Om006G250630	CARHR166420
OG0016456	Om003G119270	CARHR166540
OG0016457	Om003G119600	CARHR166760
OG0016458	Om003G119700	CARHR166870
OG0016459	Om003G119860	CARHR167050
OG0016460	Om003G120060	CARHR167220
OG0016461	Om003G120250	CARHR167320
OG0016462	Om003G120720	CARHR167760
OG0016463	Om003G120790	CARHR167800
OG0016464	Om003G120820	CARHR167930
OG0016465	Om003G120980	CARHR168080, CARHR168050
OG0016466	Om003G121070	CARHR168140
OG0016467	Om003G121080	CARHR168150
OG0016468	Om003G121330	CARHR168330
OG0016469	Om006G253080	CARHR164500
OG0016470	Om003G122180	CARHR168850
OG0016471	Om003G122190	CARHR168860
OG0016472	Om003G122280	CARHR168930
OG0016473	Om003G122650	CARHR169230
OG0016474	Om003G123640	CARHR169760
OG0016475	Om003G123780	CARHR169900
OG0016476	Om003G124060	CARHR170100
OG0016477	Om002G076770	CARHR102970
OG0016478	Om003G124300	CARHR170270
OG0016479	Om003G124350	CARHR170300
OG0016480	Om003G124700	CARHR170470
OG0016481	Om003G124980	CARHR170660
OG0016482	Om003G125480	CARHR170910
OG0016483	Om003G125920	CARHR171240
OG0016484	Om003G126110	CARHR171460
OG0016485	Om003G126490	CARHR171750
OG0016486	Om003G126680	CARHR171830
OG0016487	Om003G126730	CARHR171870
OG0016488	Om003G126890	CARHR171970
OG0016489	Om003G127160	CARHR172110
OG0016490	Om003G127340	CARHR172210
OG0016491	Om003G127600	CARHR172370
OG0016492	Om003G127830	CARHR172540
OG0016493	Om003G127980	CARHR172690
OG0016494	Om003G127990	CARHR172700
OG0016495	Om003G128530	CARHR173090
OG0016496	Om003G128490	CARHR173050
OG0016498	Om003G128880	CARHR173400
OG0016499	Om003G128930	CARHR173430
OG0016500	Om003G129120	CARHR291680
OG0016501	Om003G129140	CARHR291660
OG0016502	Om003G129150	CARHR291640
OG0016503	Om003G129160	CARHR291650
OG0016504	Om003G129230	CARHR291570
OG0016505	Om003G129260	CARHR291540
OG0016506	Om003G129310	CARHR291500
OG0016507	Om003G129330	CARHR291480
OG0016508	Om003G129370	CARHR291440
OG0016509	Om003G129380	CARHR291430
OG0016510	Om003G089550	CARHR045800
OG0016511	Om003G094550	CARHR260380, CARHR042560
OG0016512	Om003G094940	CARHR051420
OG0016513	Om003G100830	CARHR290370
OG0016515	Om003G104230	CARHR218750
OG0016516	Om006G257870	CARHR160520
OG0016517	Om006G255210	CARHR162930
OG0016518	Om006G254210	CARHR163710
OG0016519	Om003G121010	CARHR168100
OG0016520	Om003G121270, Om003G121240	CARHR168280
OG0016521	Om003G123820	CARHR186620
OG0016522	Om003G123970	CARHR170060
OG0016523	Om003G122780	CARHR114390
OG0016524	Om003G124930	CARHR170630
OG0016525	Om002G056290, Om003G126090	CARHR171430
OG0016526	Om003G127300	CARHR172170
OG0016527	Om007G275610	CARHR222720
OG0016528	Om008G359000	CARHR176050
OG0016529	Om008G361510	CARHR174620
OG0016530	Om002G051430	CARHR173570
OG0016531	Om008G356830	CARHR178100
OG0016533	Om005G224170, Om008G339310	CARHR129170
OG0016535	Om008G334050	CARHR132880
OG0016536	Om008G325540	CARHR138260
OG0016537	Om008G319980	CARHR142470
OG0016538	Om008G319430, Om005G221330	CARHR055000
OG0016539	Om004G134820	CARHR070910
OG0016540	Om003G105700, Om006G275520	CARHR216820
OG0016541	Om001G020710	CARHR235200
OG0016542	Om001G029920	CARHR240830
OG0016543	Om003G110460	CARHR258290
OG0016545	Om001G041850	CARHR294020
OG0016546	Om005G178790	CARHR001350
OG0016547	Om005G181580	CARHR003890
OG0016548	Om005G183300	CARHR005420
OG0016549	Om005G184920	CARHR007000
OG0016550	Om005G186900	CARHR008780
OG0016551	Om005G187100	CARHR008980
OG0016552	Om005G188990	CARHR010590
OG0016553	Om005G190070	CARHR011450
OG0016555	Om005G191280	CARHR012320
OG0016558	Om005G196100	CARHR015920
OG0016559	Om005G198800	CARHR018110
OG0016560	Om005G199320	CARHR018440
OG0016561	Om005G201760	CARHR020300
OG0016562	Om005G202670	CARHR021060
OG0016563	Om005G208290	CARHR063190
OG0016565	Om005G211940	CARHR058060, CARHR060420
OG0016566	Om005G223270	CARHR050720
OG0016568	Om005G227390	CARHR181830
OG0016569	Om002G072850	CARHR099750
OG0016570	Om002G060470	CARHR090230
OG0016571	Om002G055190	CARHR086190
OG0016572	Om002G054010	CARHR085400
OG0016573	Om002G052550	CARHR084380
OG0016574	Om002G050180	CARHR082100
OG0016576	Om002G043050	CARHR075870
OG0016577	Om004G176260	CARHR211430
OG0016578	Om004G173290	CARHR209120
OG0016579	Om004G170950	CARHR207250
OG0016580	Om004G170190	CARHR206680
OG0016581	Om004G170030	CARHR206540
OG0016582	Om004G169270	CARHR205960
OG0016584	Om001G013390	CARHR033850
OG0016585	Om001G012330	CARHR032910
OG0016586	Om005G207790, Om001G011840	CARHR032350, CARHR032320
OG0016587	Om001G010600	CARHR230900
OG0016588	Om001G008230	CARHR228730
OG0016589	Om007G315160	CARHR036110
OG0016590	Om001G004350	CARHR093600
OG0016591	Om001G000020	CARHR223720
OG0016592	Om007G288220	CARHR027390
OG0016594	Om007G279960	CARHR125610
OG0016595	Om008G349720	CARHR124450
OG0016596	Om007G281370	CARHR124040
OG0016597	Om007G284550	CARHR121460
OG0016598	Om004G168160, Om005G225830	CARHR205270
OG0016600	Om004G165940	CARHR203180
OG0016601	Om004G164250	CARHR202130
OG0016602	Om004G162100	CARHR200560
OG0016603	Om004G161210	CARHR199840
OG0016604	Om007G302110	CARHR199550
OG0016605	Om007G294110	CARHR186480
OG0016606	Om009G363710, Om007G306730	CARHR183310
OG0016607	Om009G364140, Om007G307080	CARHR291970
OG0016609	Om006G261090	CARHR157750
OG0016610	Om004G145050	CARHR024820
OG0016611	Om006G248000	CARHR272000, CARHR032820
OG0016612	Om006G246140	CARHR285840
OG0016613	Om006G239400	CARHR188740
OG0016617	Om004G151780	CARHR027120
OG0016627	Om004G154820	CARHR117500
OG0016630	Om006G264070	CARHR156360
OG0016631	Om006G259300	CARHR159050
OG0016632	Om006G259240	CARHR159130
OG0016633	Om008G347490, Om007G297050	CARHR167440, CARHR167430
OG0016635	Om008G354890	CARHR252490
OG0016641	Om005G182600	CARHR004780
OG0016642	Om001G022920	CARHR216080
OG0016645	Om003G103170	CARHR220510
OG0016657	Om001G022240	CARHR235930
OG0016659	Om001G022690	CARHR236200
OG0016660	Om001G022710	CARHR236220
OG0016661	Om001G022780	CARHR236270
OG0016662	Om001G023400	CARHR236570
OG0016663	Om001G023850	CARHR236840
OG0016664	Om001G024020	CARHR236970
OG0016665	Om001G024960	CARHR237700
OG0016667	Om001G025460	CARHR238000
OG0016668	Om001G025480	CARHR238010
OG0016669	Om001G027620	CARHR239180
OG0016670	Om001G027720	CARHR239230
OG0016671	Om001G028510	CARHR239770
OG0016672	Om001G029360	CARHR240370
OG0016673	Om001G029830	CARHR240770
OG0016675	Om001G030880	CARHR241560
OG0016676	Om001G030970	CARHR241630
OG0016677	Om001G031030	CARHR241670
OG0016679	Om001G032330	CARHR242580
OG0016680	Om002G059880	CARHR221260, CARHR089760
OG0016681	Om001G033270	CARHR243050
OG0016682	Om007G291860	CARHR030640
OG0016683	Om007G292160	CARHR030900
OG0016684	Om007G292240	CARHR287050
OG0016685	Om007G292260	CARHR287030
OG0016686	Om007G277010	CARHR031620
OG0016687	Om007G276940	CARHR031720
OG0016688	Om007G291080	CARHR217170
OG0016689	Om005G196890	CARHR055630
OG0016690	Om005G216400	CARHR055920
OG0016692	Om005G216950	CARHR055360
OG0016693	Om011G365870, Om005G218240	CARHR054950
OG0016694	Om005G218720	CARHR053900
OG0016695	Om005G218890	CARHR284190
OG0016696	Om005G219270	CARHR283960
OG0016697	Om005G219520	CARHR283840
OG0016699	Om005G220700	CARHR052620
OG0016700	Om005G220730	CARHR052610
OG0016701	Om005G220860	CARHR052570
OG0016702	Om005G221610	CARHR051810
OG0016703	Om005G222070	CARHR052190
OG0016704	Om005G224070	CARHR050130
OG0016706	Om006G274990	CARHR144470
OG0016708	Om006G274550	CARHR145080
OG0016709	Om006G274140	CARHR145540
OG0016710	Om006G274130	CARHR145550
OG0016712	Om006G273460	CARHR146460
OG0016713	Om006G272940	CARHR146720
OG0016715	Om006G272380	CARHR147470
OG0016716	Om006G272170	CARHR147690
OG0016717	Om006G271030	CARHR149120
OG0016718	Om006G269670	CARHR149500
OG0016719	Om006G269850	CARHR149690
OG0016720	Om006G270480	CARHR292500
OG0016721	Om006G269340	CARHR154000
OG0016722	Om002G073110	CARHR099940
OG0016725	Om005G212920	CARHR059550
OG0016726	Om005G213110	CARHR059420
OG0016727	Om005G213320	CARHR058930
OG0016728	Om005G213550	CARHR058500
OG0016729	Om005G213740	CARHR058220
OG0016730	Om005G214420	CARHR057820
OG0016731	Om005G214960	CARHR057260
OG0016733	Om005G215270	CARHR056850
OG0016734	Om005G215440	CARHR056540
OG0016735	Om005G215580	CARHR057330, CARHR056450
OG0016736	Om005G215750	CARHR056210
OG0016737	Om005G218140, Om011G365300	CARHR054840
OG0016738	Om005G215830	CARHR055510
OG0016739	Om005G228930	CARHR046200
OG0016740	Om005G228880	CARHR046230
OG0016741	Om005G228510	CARHR046500
OG0016742	Om005G225330	CARHR048880
OG0016743	Om005G225140	CARHR049060
OG0016744	Om005G224610	CARHR049550
OG0016745	Om005G224500	CARHR049810
OG0016746	Om005G224530	CARHR049740
OG0016747	Om002G056260	CARHR087040
OG0016748	Om001G017030	CARHR233230
OG0016749	Om002G065310	CARHR233600
OG0016752	Om008G329250	CARHR135810
OG0016753	Om002G051630	CARHR083480
OG0016754	Om002G052150	CARHR083960
OG0016755	Om002G052260	CARHR084050
OG0016756	Om002G052440	CARHR084230
OG0016758	Om004G174450	CARHR210000
OG0016759	Om002G052860	CARHR084530
OG0016760	Om002G053230	CARHR084870
OG0016761	Om002G053710	CARHR085200
OG0016762	Om002G054290	CARHR085580
OG0016763	Om004G166190	CARHR203380
OG0016764	Om002G054890	CARHR086020
OG0016765	Om002G079390	CARHR105140
OG0016766	Om006G233640	CARHR277820
OG0016767	Om003G107120	CARHR259210
OG0016769	Om003G101060	CARHR258520
OG0016770	Om003G111390	CARHR258120
OG0016772	Om003G111480	CARHR257220
OG0016774	Om003G112920	CARHR264610
OG0016775	Om003G112940	CARHR264640
OG0016776	Om003G113000	CARHR264700
OG0016778	Om003G113280	CARHR265090
OG0016779	Om003G113370	CARHR265150
OG0016780	Om006G252220	CARHR265730
OG0016781	Om001G030170	CARHR265740
OG0016782	Om004G152650, Om003G114350	CARHR266100
OG0016783	Om003G115060	CARHR266630
OG0016784	Om003G117050	CARHR268560
OG0016785	Om003G117990	CARHR269210
OG0016786	Om003G118630	CARHR269710
OG0016787	Om006G250400	CARHR270300
OG0016789	Om006G249720	CARHR270870
OG0016790	Om006G249350	CARHR271210
OG0016791	Om006G249260	CARHR271270
OG0016792	Om006G248340	CARHR271730
OG0016793	Om004G162320	CARHR200750
OG0016794	Om004G163520	CARHR201640
OG0016795	Om004G163760	CARHR201780
OG0016796	Om004G164030	CARHR201960
OG0016797	Om004G164270	CARHR202150
OG0016798	Om004G164560	CARHR202320
OG0016799	Om004G164660	CARHR202390
OG0016800	Om004G164740	CARHR202470
OG0016801	Om004G165010	CARHR202610
OG0016802	Om004G165420	CARHR202830
OG0016803	Om004G165670	CARHR203000
OG0016804	Om004G165680	CARHR203010, CARHR279180
OG0016805	Om004G165990	CARHR203220
OG0016806	Om004G166170	CARHR203360
OG0016807	Om004G166830	CARHR203990
OG0016808	Om004G166960	CARHR204080
OG0016809	Om004G167050	CARHR204190
OG0016810	Om004G167090	CARHR204230
OG0016811	Om004G167100	CARHR204240
OG0016812	Om004G167740	CARHR204820
OG0016813	Om004G167990	CARHR205110
OG0016814	Om004G168050	CARHR205170
OG0016815	Om004G168090	CARHR205200
OG0016816	Om004G168940	CARHR205770
OG0016817	Om001G001500	CARHR224870
OG0016818	Om001G001770	CARHR224930
OG0016819	Om001G001980	CARHR225100
OG0016820	Om001G002650	CARHR225480
OG0016821	Om001G003250	CARHR225920
OG0016822	Om001G003730	CARHR123800, CARHR226070
OG0016823	Om001G004080	CARHR226190
OG0016824	Om001G004590, Om001G004580	CARHR226460
OG0016825	Om001G005560	CARHR226970
OG0016826	Om001G005580	CARHR226990
OG0016827	Om001G005910	CARHR227170
OG0016828	Om001G006060	CARHR227260
OG0016829	Om001G006660	CARHR227640
OG0016830	Om001G006960	CARHR227800
OG0016831	Om001G007400	CARHR228160
OG0016832	Om001G007800	CARHR228420
OG0016833	Om001G008110	CARHR228650
OG0016834	Om001G008940	CARHR229250
OG0016835	Om001G012350	CARHR032930
OG0016836	Om001G012930	CARHR033460
OG0016837	Om001G013090	CARHR033680
OG0016838	Om001G013490	CARHR033950
OG0016839	Om001G013530	CARHR034040
OG0016840	Om001G014280	CARHR034580
OG0016841	Om003G092720	CARHR217390
OG0016842	Om001G015030	CARHR036090
OG0016843	Om001G016590	CARHR035330
OG0016844	Om001G016700	CARHR035240
OG0016845	Om006G248320	CARHR271740
OG0016846	Om007G287130	CARHR037220
OG0016847	Om007G287230	CARHR037020
OG0016848	Om007G287280	CARHR036920
OG0016849	Om007G287300	CARHR036860
OG0016850	Om007G287370	CARHR027160
OG0016851	Om007G287380	CARHR027150
OG0016852	Om007G287550	CARHR036240
OG0016853	Om007G288180	CARHR027350
OG0016854	Om007G287920	CARHR027180
OG0016855	Om007G288670	CARHR027810
OG0016856	Om007G288680	CARHR027820
OG0016858	Om007G289160	CARHR028180
OG0016859	Om007G289930	CARHR028930
OG0016860	Om007G290130	CARHR029050, CARHR029040
OG0016861	Om001G023110	CARHR115770
OG0016863	Om007G290220	CARHR029150
OG0016864	Om007G290260	CARHR029620
OG0016865	Om007G290810	CARHR029640
OG0016866	Om007G291120	CARHR029920
OG0016867	Om007G291260	CARHR030040
OG0016868	Om007G291390	CARHR030210
OG0016869	Om001G034820	CARHR243900
OG0016871	Om001G035400	CARHR244220
OG0016872	Om001G035970	CARHR244640
OG0016873	Om001G036740	CARHR245130
OG0016874	Om001G037050	CARHR245340
OG0016875	Om001G037450	CARHR245560
OG0016877	Om001G039110	CARHR246420
OG0016878	Om001G039520	CARHR246660
OG0016879	Om001G039800	CARHR246920
OG0016880	Om001G039900	CARHR247020
OG0016881	Om001G040070	CARHR247110
OG0016882	Om001G040200	CARHR247190
OG0016883	Om001G040760	CARHR247580
OG0016884	Om001G040960	CARHR247760
OG0016885	Om001G041240	CARHR247920
OG0016887	Om001G041580	CARHR294260
OG0016888	Om001G041610	CARHR294220
OG0016889	Om001G041770	CARHR294090
OG0016890	Om001G041860	CARHR294010
OG0016891	Om001G041890	CARHR293970
OG0016892	Om002G085090	CARHR217070
OG0016893	Om008G341500	CARHR216700
OG0016895	Om007G314180	CARHR215190
OG0016896	Om007G314160	CARHR215140
OG0016897	Om004G132060	CARHR263040
OG0016899	Om007G315480	CARHR262950
OG0016900	Om007G316120	CARHR262420
OG0016901	Om007G316190	CARHR262320
OG0016902	Om008G339420	CARHR129090
OG0016903	Om005G188670	CARHR010280
OG0016904	Om002G042510	CARHR075290
OG0016906	Om007G292540	CARHR031170
OG0016907	Om008G347920	CARHR259320
OG0016908	Om008G345310	CARHR259420
OG0016909	Om006G266110	CARHR155860
OG0016911	Om008G340780	CARHR127830
OG0016912	Om008G340940	CARHR127640
OG0016913	Om008G341140	CARHR180490
OG0016914	Om008G341270	CARHR180700
OG0016915	Om008G341960	CARHR181460
OG0016916	Om008G342920	CARHR185890
OG0016919	Om008G346440	CARHR261020
OG0016920	Om008G350550	CARHR255680
OG0016921	Om008G351540	CARHR255110
OG0016922	Om008G353170	CARHR253800
OG0016923	Om008G353610	CARHR253460
OG0016924	Om008G353680	CARHR253410
OG0016925	Om008G354680	CARHR252550
OG0016926	Om008G355170	CARHR252380
OG0016927	Om008G355460	CARHR252190
OG0016928	Om005G186320	CARHR008230
OG0016929	Om008G356210	CARHR178580
OG0016930	Om008G358590	CARHR176350
OG0016931	Om002G059260	CARHR089460
OG0016932	Om003G106020	CARHR217300
OG0016933	Om004G175230	CARHR173770
OG0016934	Om008G362770	CARHR173690
OG0016935	Om008G362230	CARHR174120
OG0016936	Om005G212740	CARHR216590
OG0016937	Om003G106160	CARHR217680
OG0016938	Om003G100280	CARHR173900
OG0016939	Om005G190830	CARHR217590
OG0016940	Om003G106060	CARHR217370
OG0016941	Om002G075920	CARHR102110
OG0016942	Om002G075960	CARHR102180
OG0016943	Om003G106110	CARHR217480
OG0016944	Om002G077330	CARHR103250
OG0016945	Om003G106760	CARHR217000
OG0016946	Om003G105900	CARHR217250
OG0016947	Om003G104740	CARHR218330
OG0016948	Om003G104410	CARHR218610
OG0016949	Om003G103960	CARHR219180
OG0016950	Om003G103780	CARHR219460
OG0016951	Om003G103470	CARHR220090
OG0016952	Om003G103350	CARHR220210
OG0016953	Om003G102270	CARHR221420
OG0016954	Om003G102240	CARHR221470
OG0016955	Om003G102220	CARHR221490
OG0016956	Om003G102150	CARHR221550
OG0016957	Om003G101920	CARHR221860
OG0016958	Om003G101520	CARHR222210
OG0016959	Om007G316220	CARHR262290
OG0016960	Om007G316250	CARHR262260
OG0016961	Om006G229080	CARHR281700
OG0016962	Om007G317010	CARHR261520
OG0016963	Om007G317320	CARHR261290
OG0016964	Om007G318340	CARHR213840
OG0016965	Om007G318300	CARHR287610
OG0016966	Om007G318260	CARHR212860
OG0016967	Om007G318230	CARHR212810
OG0016968	Om001G023340	CARHR212710
OG0016969	Om007G318380	CARHR212700
OG0016970	Om006G242150	CARHR250260
OG0016971	Om008G318650	CARHR143500
OG0016972	Om008G318690	CARHR143450
OG0016973	Om006G239980	CARHR143240
OG0016974	Om008G319280	CARHR142940
OG0016975	Om008G319480	CARHR142800
OG0016977	Om008G320260	CARHR142200
OG0016978	Om008G320650	CARHR141900
OG0016980	Om008G322120	CARHR140670
OG0016981	Om008G322730	CARHR140250
OG0016983	Om008G323990	CARHR139240
OG0016984	Om008G324120	CARHR139150
OG0016985	Om008G324300	CARHR139090
OG0016986	Om003G123690	CARHR169820
OG0016987	Om008G325350	CARHR138430
OG0016988	Om008G325560	CARHR138240
OG0016990	Om008G327660	CARHR136980
OG0016991	Om008G327850	CARHR136680
OG0016992	Om008G327980	CARHR136560
OG0016993	Om004G177050	CARHR212090
OG0016994	Om004G177040	CARHR212080
OG0016995	Om004G176960	CARHR212010
OG0016996	Om004G176780	CARHR211840
OG0016997	Om004G176740	CARHR211800
OG0016998	Om004G176710	CARHR211780
OG0016999	Om004G176680	CARHR211750
OG0017000	Om004G176410	CARHR211530
OG0017001	Om004G176380	CARHR211490
OG0017002	Om004G176080	CARHR211290
OG0017003	Om004G175870	CARHR211170
OG0017004	Om004G175910	CARHR211150
OG0017005	Om004G175730	CARHR211010
OG0017006	Om004G175240	CARHR210570
OG0017007	Om004G174330	CARHR209900
OG0017009	Om006G241170	CARHR193270
OG0017010	Om006G241930	CARHR192610
OG0017011	Om006G242070	CARHR192480
OG0017012	Om006G242010	CARHR192530
OG0017013	Om006G242760	CARHR191900
OG0017014	Om006G242920	CARHR191790
OG0017015	Om006G243740	CARHR191200
OG0017016	Om006G244130	CARHR190940
OG0017017	Om006G244270	CARHR190760
OG0017018	Om006G245550	CARHR273510
OG0017019	Om006G246030	CARHR285890
OG0017020	Om006G234630	CARHR276940
OG0017021	Om006G234010	CARHR277490
OG0017022	Om006G233850	CARHR277630
OG0017024	Om006G233440	CARHR278000
OG0017025	Om006G232550	CARHR278820
OG0017026	Om006G232370	CARHR293830
OG0017027	Om006G232290	CARHR293740
OG0017028	Om006G232130	CARHR279060
OG0017029	Om006G232120	CARHR279070
OG0017032	Om006G231430	CARHR279700
OG0017033	Om006G231270	CARHR279810
OG0017034	Om006G231180	CARHR279900
OG0017035	Om006G231020	CARHR280020
OG0017036	Om006G230980	CARHR280060
OG0017037	Om006G230480	CARHR280450
OG0017038	Om006G230250	CARHR280720
OG0017039	Om006G229920	CARHR280970
OG0017040	Om006G229730	CARHR281150
OG0017041	Om006G229390	CARHR070850
OG0017042	Om006G229130	CARHR281640
OG0017044	Om004G157030	CARHR248030
OG0017045	Om004G157470	CARHR248440
OG0017046	Om004G158210	CARHR249140
OG0017047	Om004G158480	CARHR249430
OG0017048	Om004G158500	CARHR212650
OG0017051	Om007G287360	CARHR027170
OG0017053	Om004G160010	CARHR250830
OG0017054	Om007G293010	CARHR178980
OG0017055	Om007G277700	CARHR179690
OG0017056	Om007G277780	CARHR179910
OG0017057	Om007G277790	CARHR179920
OG0017058	Om007G277930	CARHR180100
OG0017059	Om007G278980	CARHR126670
OG0017060	Om007G280000	CARHR125560
OG0017061	Om007G280040	CARHR125530
OG0017062	Om007G280370	CARHR125120
OG0017063	Om007G280880	CARHR124680
OG0017064	Om007G281170	CARHR124350
OG0017065	Om007G281410	CARHR124020
OG0017068	Om007G283100	CARHR122110
OG0017069	Om007G283320	CARHR121800
OG0017070	Om007G283400	CARHR121750
OG0017071	Om007G283660	CARHR121350
OG0017072	Om007G283940	CARHR120990
OG0017073	Om007G283980	CARHR120870
OG0017074	Om007G284350	CARHR120470
OG0017075	Om007G285070	CARHR119430
OG0017076	Om007G285250	CARHR119100
OG0017077	Om007G285490	CARHR118580
OG0017078	Om007G285520	CARHR118550
OG0017079	Om007G285530	CARHR118520
OG0017080	Om004G149450	CARHR287290
OG0017081	Om007G297680	CARHR293320
OG0017082	Om001G039460	CARHR118430
OG0017085	Om004G132250	CARHR114840
OG0017086	Om005G228250	CARHR261610
OG0017087	Om004G150840	CARHR115400
OG0017088	Om001G020670	CARHR235190
OG0017089	Om002G072620	CARHR235170
OG0017091	Om001G020200	CARHR235060
OG0017092	Om001G020190	CARHR235050
OG0017093	Om001G020070	CARHR234990
OG0017094	Om002G042480	CARHR075260
OG0017095	Om002G042500	CARHR075280
OG0017096	Om002G042390	CARHR075170
OG0017097	Om002G042320	CARHR075120
OG0017098	Om002G042110	CARHR074980
OG0017099	Om002G042010	CARHR074880
OG0017100	Om001G017790	CARHR233970
OG0017103	Om001G019080	CARHR234480
OG0017104	Om001G018730	CARHR234290
OG0017105	Om002G043410	CARHR076090
OG0017106	Om002G043500	CARHR076180
OG0017107	Om006G263580, Om002G044140	CARHR076800
OG0017108	Om002G044260	CARHR076890
OG0017109	Om002G044290	CARHR076920
OG0017110	Om002G044640	CARHR077210
OG0017111	Om002G044760	CARHR077340
OG0017112	Om002G044980	CARHR077470
OG0017113	Om002G045170	CARHR077690
OG0017114	Om002G045710	CARHR078140
OG0017116	Om002G046580	CARHR079010
OG0017117	Om002G046660	CARHR079120, CARHR079110
OG0017118	Om002G047300	CARHR079580
OG0017119	Om002G047590	CARHR079860
OG0017120	Om002G048150	CARHR080270
OG0017121	Om002G048160	CARHR080290
OG0017122	Om002G048300	CARHR080440
OG0017124	Om002G048420	CARHR080540
OG0017125	Om002G049080	CARHR080990
OG0017126	Om002G049130	CARHR081040
OG0017127	Om002G049200	CARHR081110
OG0017128	Om002G049530	CARHR081460
OG0017129	Om002G049660	CARHR081550
OG0017131	Om002G050120	CARHR082050
OG0017132	Om002G050330	CARHR082260
OG0017133	Om002G050470	CARHR082400
OG0017134	Om002G050810	CARHR082730
OG0017135	Om002G050840	CARHR082750
OG0017136	Om002G051290	CARHR083190
OG0017137	Om008G330100	CARHR135400
OG0017138	Om008G331250	CARHR134840
OG0017139	Om008G331710	CARHR134460
OG0017140	Om008G331740	CARHR134440
OG0017141	Om008G331820	CARHR134390
OG0017142	Om008G332370	CARHR133930
OG0017144	Om008G332850	CARHR133640
OG0017146	Om008G337610	CARHR130380
OG0017147	Om008G336670	CARHR131090
OG0017149	Om008G335530	CARHR132100
OG0017150	Om008G335140	CARHR131860
OG0017151	Om008G335080	CARHR131800
OG0017152	Om008G333760	CARHR133120
OG0017153	Om005G196030	CARHR015860
OG0017154	Om005G196250	CARHR016070
OG0017155	Om005G196860	CARHR016480
OG0017156	Om005G197480	CARHR016990
OG0017157	Om005G197540	CARHR017060
OG0017158	Om005G198180	CARHR017560
OG0017159	Om005G198240	CARHR017660
OG0017160	Om005G198350	CARHR017840
OG0017161	Om005G198980	CARHR018240, CARHR033600
OG0017162	Om005G199960	CARHR018950
OG0017163	Om005G199640	CARHR018700
OG0017164	Om005G200150	CARHR019110
OG0017165	Om005G200270	CARHR019170
OG0017166	Om005G200320	CARHR274870, CARHR019210
OG0017167	Om005G200490	CARHR019320
OG0017168	Om005G200980	CARHR019730
OG0017169	Om005G201460	CARHR020060
OG0017170	Om005G201540	CARHR020130
OG0017172	Om005G203090	CARHR021390
OG0017173	Om005G203770	CARHR021870
OG0017175	Om005G204070	CARHR022030
OG0017176	Om005G204120	CARHR022070
OG0017177	Om005G204210	CARHR022170
OG0017178	Om005G204790	CARHR022690
OG0017179	Om005G205070	CARHR035320, CARHR022910
OG0017180	Om005G205140	CARHR023000
OG0017181	Om005G205240	CARHR032220
OG0017182	Om005G205160	CARHR023090
OG0017183	Om005G205380	CARHR023210
OG0017184	Om005G205640	CARHR023390
OG0017185	Om005G205710	CARHR023490
OG0017186	Om004G144540	CARHR024330
OG0017187	Om004G144600	CARHR024380
OG0017189	Om004G145500	CARHR025180
OG0017190	Om004G146700	CARHR025740
OG0017191	Om004G147270	CARHR026110
OG0017192	Om002G048440	CARHR026430
OG0017195	Om001G008950	CARHR027100
OG0017196	Om004G151270	CARHR231840
OG0017197	Om005G211840, Om008G328680, Om008G328690	CARHR136190
OG0017198	Om007G286220	CARHR232680
OG0017199	Om007G286600	CARHR233000
OG0017200	Om001G021440	CARHR235500
OG0017202	Om004G154510	CARHR116770
OG0017204	Om006G239180	CARHR117660
OG0017206	Om004G152010	CARHR293000
OG0017209	Om004G154020	CARHR113720
OG0017210	Om004G153540	CARHR113200
OG0017211	Om004G153480	CARHR113030
OG0017212	Om004G155990	CARHR112460
OG0017213	Om004G156030	CARHR112410
OG0017214	Om004G156140	CARHR112260
OG0017215	Om004G156320	CARHR112060
OG0017216	Om004G156370	CARHR112030
OG0017217	Om005G195130	CARHR015200
OG0017218	Om005G194190	CARHR014560
OG0017219	Om005G193470	CARHR013950
OG0017220	Om005G193220	CARHR013780
OG0017221	Om005G192440	CARHR013220
OG0017222	Om005G192400	CARHR120940, CARHR013180
OG0017223	Om005G192060	CARHR012870
OG0017224	Om005G190450	CARHR011760
OG0017225	Om005G190230	CARHR011600
OG0017226	Om005G189610	CARHR011080
OG0017227	Om005G189500	CARHR011010
OG0017228	Om005G189460	CARHR010970
OG0017229	Om005G188830	CARHR010440
OG0017230	Om005G188170	CARHR009830
OG0017231	Om005G188250	CARHR009930
OG0017232	Om005G187520	CARHR009380
OG0017233	Om005G187280	CARHR009190
OG0017234	Om005G216940	CARHR055230
OG0017235	Om005G187200	CARHR009130
OG0017237	Om005G187120	CARHR009010
OG0017238	Om004G169370	CARHR206040
OG0017239	Om005G186560	CARHR008430
OG0017240	Om005G184820	CARHR006960
OG0017241	Om005G183870	CARHR006010
OG0017242	Om005G183700	CARHR005780
OG0017244	Om005G182980	CARHR005110
OG0017245	Om005G182760	CARHR004900
OG0017246	Om005G182220	CARHR004440
OG0017247	Om005G182190	CARHR004400
OG0017248	Om005G181500	CARHR003970
OG0017249	Om005G181760	CARHR003720
OG0017250	Om005G181140	CARHR003440
OG0017251	Om005G181080	CARHR003380
OG0017252	Om005G180550	CARHR002980
OG0017253	Om005G180650	CARHR003020
OG0017254	Om005G180700	CARHR003030
OG0017255	Om005G180770	CARHR003080
OG0017257	Om005G180230	CARHR002700, CARHR002630
OG0017258	Om005G180080	CARHR002520
OG0017259	Om005G179150	CARHR001690
OG0017260	Om005G179110	CARHR001650
OG0017261	Om005G178130	CARHR000560
OG0017262	Om005G177920	CARHR000490
OG0017263	Om005G177660	CARHR000230
OG0017264	Om005G177590	CARHR000170
OG0017265	Om007G301130	CARHR198750
OG0017266	Om007G301220	CARHR198780
OG0017267	Om007G301240	CARHR198800
OG0017268	Om007G301310	CARHR198860
OG0017269	Om007G300480	CARHR198330
OG0017270	Om007G300470	CARHR198320
OG0017271	Om007G300450	CARHR198300
OG0017272	Om007G299970	CARHR197950
OG0017273	Om007G300120	CARHR198070
OG0017275	Om007G298310	CARHR196830
OG0017276	Om007G297860	CARHR196440
OG0017277	Om007G296730	CARHR195550
OG0017278	Om007G296690	CARHR195510
OG0017279	Om007G296520	CARHR195390
OG0017280	Om005G211170	CARHR060970
OG0017281	Om007G295010	CARHR194100
OG0017282	Om007G295110	CARHR193970
OG0017283	Om007G295130	CARHR193960
OG0017284	Om007G294740	CARHR193670
OG0017285	Om007G293580, Om003G097240	CARHR186000
OG0017286	Om007G293390	CARHR185750
OG0017287	Om007G303260	CARHR185300
OG0017289	Om007G303530	CARHR182020
OG0017291	Om007G308130	CARHR183840
OG0017292	Om009G364010	CARHR183490
OG0017293	Om004G161050	CARHR199760
OG0017294	Om004G161150	CARHR199810
OG0017295	Om004G169790	CARHR206340
OG0017296	Om006G274090	CARHR145610
OG0017297	Om003G089610	CARHR045770
OG0017298	Om006G241550	CARHR184300
OG0017299	Om004G171810	CARHR207930
OG0017300	Om004G171840	CARHR207970
OG0017301	Om004G171870	CARHR207980
OG0017302	Om004G171980	CARHR208110
OG0017303	Om004G172390	CARHR208360
OG0017304	Om006G240270	CARHR187910
OG0017305	Om006G240340	CARHR187830
OG0017307	Om005G199460	CARHR018550
OG0017308	Om006G239480	CARHR188610
OG0017309	Om006G239390	CARHR188760
OG0017310	Om006G238960	CARHR189140
OG0017311	Om006G239030	CARHR189040
OG0017312	Om006G238900	CARHR189210
OG0017313	Om006G238680	CARHR189510
OG0017314	Om006G238630	CARHR189550
OG0017315	Om006G238620	CARHR189570
OG0017316	Om006G237630	CARHR190370
OG0017317	Om006G237580	CARHR190420
OG0017318	Om006G236850	CARHR275030
OG0017319	Om003G116520	CARHR268160
OG0017320	Om006G236570	CARHR275280
OG0017321	Om006G236200	CARHR275630
OG0017322	Om006G236110	CARHR275690
OG0017323	Om006G236040	CARHR275790
OG0017324	Om006G235970	CARHR275850
OG0017325	Om006G235780	CARHR275960
OG0017326	Om006G234730	CARHR276840
OG0017327	Om006G247580	CARHR272410
OG0017328	Om006G247640	CARHR272350
OG0017329	Om006G247680	CARHR272320
OG0017330	Om006G257420	CARHR160910
OG0017331	Om006G257840	CARHR160550
OG0017332	Om006G258120	CARHR160430
OG0017333	Om006G258250	CARHR160270
OG0017334	Om006G258380	CARHR160150
OG0017335	Om006G259040	CARHR159590
OG0017336	Om006G259260	CARHR159100
OG0017337	Om006G241110	CARHR193360
OG0017338	Om006G261170	CARHR157720
OG0017339	Om006G261290	CARHR157660
OG0017340	Om006G262300	CARHR157250
OG0017341	Om006G262820	CARHR157020
OG0017342	Om006G263050	CARHR156940
OG0017343	Om006G263770	CARHR156600
OG0017344	Om006G263930	CARHR156470
OG0017346	Om006G266500	CARHR155590
OG0017347	Om006G266720	CARHR154870
OG0017348	Om006G267140	CARHR155260
OG0017349	Om003G103360	CARHR220200
OG0017351	Om006G268840	CARHR104460
OG0017352	Om006G269090	CARHR104390
OG0017354	Om006G268400	CARHR153450
OG0017355	Om002G050490	CARHR192690
OG0017357	Om005G212050	CARHR060310
OG0017358	Om004G160930	CARHR199670
OG0017359	Om005G211800	CARHR060530
OG0017360	Om005G211860	CARHR060480
OG0017361	Om005G210250	CARHR061670
OG0017362	Om005G209740	CARHR062050
OG0017363	Om005G209710	CARHR062090
OG0017364	Om005G178340	CARHR259160
OG0017365	Om005G209360	CARHR062400
OG0017366	Om005G209330	CARHR062430
OG0017367	Om005G208990	CARHR062700
OG0017368	Om005G207380	CARHR063840
OG0017369	Om005G207370	CARHR063850
OG0017370	Om005G207180	CARHR064010
OG0017371	Om005G206900	CARHR064220
OG0017372	Om005G206740	CARHR064350
OG0017373	Om005G206720	CARHR064370
OG0017374	Om005G206230	CARHR291190
OG0017375	Om004G134060	CARHR071440
OG0017376	Om004G134090	CARHR071400
OG0017377	Om004G134760	CARHR071010
OG0017378	Om004G134790	CARHR070980
OG0017379	Om004G134880	CARHR070840
OG0017380	Om004G135290	CARHR070520
OG0017381	Om004G135660	CARHR070270
OG0017382	Om004G135770	CARHR070190
OG0017383	Om004G135790	CARHR070170
OG0017384	Om004G136630	CARHR069770
OG0017385	Om004G137080	CARHR069410
OG0017386	Om004G137350	CARHR069210
OG0017387	Om005G201700	CARHR020260
OG0017388	Om004G138780	CARHR068310
OG0017389	Om004G139100	CARHR067960
OG0017390	Om004G139650	CARHR067610
OG0017391	Om006G241040	CARHR193540
OG0017392	Om004G140070	CARHR067230
OG0017393	Om007G285170	CARHR217230
OG0017394	Om004G140680	CARHR066810
OG0017395	Om004G140780	CARHR066740
OG0017396	Om004G141150	CARHR066460
OG0017397	Om004G141350	CARHR066380
OG0017398	Om004G141780	CARHR066170
OG0017399	Om004G141990	CARHR065970
OG0017400	Om004G142430	CARHR065500
OG0017401	Om004G133030	CARHR072040
OG0017402	Om004G132670	CARHR072350
OG0017403	Om004G132140	CARHR072780
OG0017404	Om004G131690	CARHR073150
OG0017405	Om004G131600	CARHR036700
OG0017406	Om004G131360	CARHR073470
OG0017407	Om004G131230	CARHR073590
OG0017408	Om004G131110	CARHR073670
OG0017409	Om004G130060	CARHR074350
OG0017410	Om004G129830	CARHR074480
OG0017411	Om004G129650	CARHR074630
OG0017412	Om004G129630	CARHR074650
OG0017413	Om004G129610	CARHR074770
OG0017414	Om002G056860	CARHR087490
OG0017415	Om002G057170	CARHR087750
OG0017416	Om002G057430	CARHR087940
OG0017417	Om002G057840	CARHR088230
OG0017418	Om002G058060	CARHR088440
OG0017419	Om002G058180	CARHR088520
OG0017420	Om002G059570	CARHR089530
OG0017421	Om002G059580	CARHR089540
OG0017422	Om002G060210	CARHR090010
OG0017423	Om002G060320	CARHR090120
OG0017424	Om002G060340	CARHR090140
OG0017426	Om002G061240	CARHR090720
OG0017427	Om002G062240	CARHR091500
OG0017428	Om002G062570, Om002G062580	CARHR091680
OG0017429	Om002G063150	CARHR092040
OG0017431	Om002G065490	CARHR093800
OG0017433	Om002G066170	CARHR094400
OG0017434	Om002G066580	CARHR094640
OG0017435	Om002G067030	CARHR095080
OG0017436	Om002G067070	CARHR095120
OG0017437	Om002G067130	CARHR095170
OG0017438	Om002G067160	CARHR095250
OG0017439	Om002G067170	CARHR095260
OG0017440	Om002G069610	CARHR097480
OG0017441	Om002G069380	CARHR097230
OG0017442	Om002G069360	CARHR097210
OG0017443	Om002G069700	CARHR097590
OG0017444	Om002G069710	CARHR097600
OG0017445	Om002G070790	CARHR098360
OG0017446	Om003G112780	CARHR264380
OG0017447	Om002G071070	CARHR098590
OG0017448	Om002G071850	CARHR099170
OG0017449	Om002G072760	CARHR099700
OG0017450	Om002G074120	CARHR100610
OG0017451	Om002G074130	CARHR100620
OG0017452	Om002G074440	CARHR101050
OG0017453	Om002G074740	CARHR101200
OG0017454	Om004G150520	CARHR115590
OG0017455	Om002G076470	CARHR103040
OG0017456	Om002G078850	CARHR104000
OG0017457	Om008G327400	CARHR105120
OG0017458	Om002G079480	CARHR104800
OG0017459	Om002G077710	CARHR103620
OG0017460	Om002G079560	CARHR104740
OG0017461	Om002G080150	CARHR105340
OG0017462	Om002G082110	CARHR106340
OG0017464	Om002G083750	CARHR293510
OG0017465	Om002G084020	CARHR281790, CARHR107600
OG0017466	Om002G084360	CARHR107960
OG0017467	Om002G084530	CARHR108210
OG0017468	Om002G085730	CARHR109050
OG0017469	Om002G086180	CARHR109410
OG0017470	Om002G087000	CARHR109870
OG0017471	Om002G087870	CARHR110610
OG0017472	Om002G088080	CARHR110860
OG0017473	Om002G088170	CARHR110910
OG0017474	Om001G022570	CARHR236130
OG0017475	Om002G088560	CARHR283700
OG0017476	Om008G324690	CARHR111460
OG0017477	Om002G088530	CARHR111410
OG0017478	Om002G088640	CARHR111620
OG0017479	Om002G088650	CARHR111640
OG0017480	Om003G089440	CARHR045970
OG0017481	Om003G089820	CARHR045570
OG0017482	Om003G090040	CARHR045400
OG0017483	Om003G090190	CARHR045280
OG0017484	Om003G090690	CARHR044920
OG0017485	Om003G090920	CARHR044790
OG0017486	Om003G090950	CARHR044750
OG0017487	Om003G090960	CARHR044740
OG0017488	Om003G091250	CARHR044590
OG0017489	Om003G091870	CARHR044230
OG0017490	Om003G092260	CARHR043970
OG0017491	Om003G093510	CARHR043330
OG0017492	Om003G093530	CARHR043310
OG0017493	Om003G094280	CARHR042740
OG0017494	Om003G094390	CARHR042670
OG0017495	Om003G096790	CARHR040600
OG0017496	Om003G096860	CARHR040620
OG0017497	Om003G097280	CARHR040340
OG0017498	Om003G097640	CARHR040010
OG0017499	Om003G098900	CARHR038980
OG0017500	Om003G099000	CARHR038880
OG0017501	Om003G099030	CARHR038860
OG0017502	Om003G099250	CARHR038300
OG0017503	Om003G099340	CARHR251090
OG0017504	Om003G099650	CARHR037960
OG0017505	Om003G100120	CARHR222670
OG0017506	Om003G100180	CARHR222630
OG0017507	Om003G100890	CARHR290290
OG0017508	Om003G101130	CARHR290140
OG0017509	Om003G101140, Om003G101200, Om003G101170	CARHR290120
OG0017510	Om007G291010	CARHR029850
OG0017511	Om008G340080	CARHR128600
OG0017512	Om008G340150	CARHR128530
OG0017513	Om006G256360	CARHR161900
OG0017514	Om006G256340	CARHR161930
OG0017515	Om006G255650	CARHR162590
OG0017516	Om006G255550	CARHR162670
OG0017517	Om006G255280	CARHR162870
OG0017518	Om006G255250	CARHR162890
OG0017519	Om006G254340	CARHR163610
OG0017520	Om006G254260	CARHR163650
OG0017521	Om006G254250	CARHR163660
OG0017522	Om006G254180	CARHR163760
OG0017523	Om006G253790	CARHR163930
OG0017524	Om006G253280	CARHR164340
OG0017525	Om006G253610	CARHR164160
OG0017526	Om006G253550	CARHR164210
OG0017527	Om006G252660	CARHR164920
OG0017528	Om006G252470	CARHR165060
OG0017529	Om006G252420	CARHR165100
OG0017530	Om006G252030	CARHR165360
OG0017531	Om006G251910	CARHR165480
OG0017532	Om006G251890	CARHR165530
OG0017533	Om006G251640	CARHR165690
OG0017534	Om006G251170	CARHR166010
OG0017535	Om006G251310	CARHR165930
OG0017536	Om006G250890	CARHR166150
OG0017537	Om006G250490	CARHR166500
OG0017538	Om003G119520	CARHR166720
OG0017539	Om003G120420	CARHR167510
OG0017540	Om003G120690	CARHR167740
OG0017541	Om003G122440	CARHR169040
OG0017542	Om003G122640	CARHR169190
OG0017543	Om003G123070	CARHR169440
OG0017544	Om003G124170	CARHR170180
OG0017545	Om003G124220	CARHR170200
OG0017546	Om003G125080	CARHR170730
OG0017547	Om006G256570	CARHR161660
OG0017549	Om003G125880	CARHR171200
OG0017550	Om003G127260	CARHR172140
OG0017551	Om003G127790	CARHR172530
OG0017552	Om003G128200	CARHR172910
OG0017553	Om003G128360	CARHR173000
OG0017554	Om003G129190	CARHR291620
OG0017555	Om003G129270	CARHR291530
OG0017556	Om003G125980	CARHR171300
OG0017557	Om003G089690	CARHR045740
OG0017558	Om003G093840	CARHR043110
OG0017559	Om003G094250, Om003G094230	CARHR042780
OG0017560	Om003G095900	CARHR041610
OG0017562	Om003G100840	CARHR290360
OG0017563	Om006G267300	CARHR154300
OG0017564	Om006G263850	CARHR156520
OG0017565	Om006G259680	CARHR158890
OG0017566	Om006G256130	CARHR162110
OG0017567	Om006G256350	CARHR161920
OG0017568	Om006G257150	CARHR161110
OG0017569	Om006G255220	CARHR162920
OG0017571	Om004G151000	CARHR215170
OG0017572	Om006G253340	CARHR164300
OG0017573	Om006G253300	CARHR164320
OG0017574	Om006G253230	CARHR164390
OG0017575	Om006G252200	CARHR165230
OG0017576	Om006G251630	CARHR165700
OG0017577	Om006G251020	CARHR166080
OG0017578	Om006G250620	CARHR166430
OG0017579	Om003G122300	CARHR168950
OG0017580	Om008G343250, Om003G128820	CARHR173340
OG0017581	Om006G229090	CARHR281690
OG0017584	Om005G206450	CARHR066190
OG0017586	Om008G353330	CARHR253740
OG0017587	Om008G351790	CARHR254730
OG0017590	Om008G333960	CARHR132960
OG0017591	Om008G333030	CARHR292910, CARHR133560
OG0017592	Om008G331160	CARHR134800
OG0017593	Om008G328600	CARHR136250
OG0017595	Om008G327640	CARHR136960
OG0017596	Om008G327160	CARHR137120
OG0017597	Om008G326330	CARHR137770
OG0017598	Om008G319910	CARHR142520
OG0017599	Om004G132120	CARHR072790
OG0017600	Om004G134160, Om001G019790	CARHR071340
OG0017602	Om004G138770	CARHR068300
OG0017604	Om004G142020	CARHR065950
OG0017605	Om001G021970	CARHR235770
OG0017606	Om001G022070	CARHR235830
OG0017607	Om001G025520	CARHR238030
OG0017608	Om001G026650	CARHR238550
OG0017609	Om001G028160	CARHR239550
OG0017610	Om001G030730	CARHR241430
OG0017611	Om001G030630	CARHR241360
OG0017612	Om001G032970	CARHR242790
OG0017616	Om005G181020	CARHR003310
OG0017617	Om005G183080	CARHR005210
OG0017618	Om005G184300, Om003G100730	CARHR006500
OG0017619	Om005G184390	CARHR006590
OG0017620	Om005G186110	CARHR008000
OG0017621	Om005G186220	CARHR008130
OG0017622	Om005G190850	CARHR012000
OG0017623	Om005G194170	CARHR014530
OG0017624	Om005G194470	CARHR014790
OG0017625	Om005G196140	CARHR015960
OG0017627	Om005G201830	CARHR020320
OG0017628	Om005G204950	CARHR022800
OG0017629	Om005G205680	CARHR023440
OG0017630	Om005G206710	CARHR064380
OG0017632	Om005G208430	CARHR063040
OG0017633	Om005G200190, Om005G209290	CARHR062470
OG0017634	Om005G209810	CARHR061960
OG0017635	Om005G211040	CARHR061060
OG0017637	Om005G218070, Om011G365330	CARHR054800
OG0017638	Om005G221530	CARHR051730
OG0017641	Om005G227810	CARHR046780
OG0017642	Om002G087910	CARHR110670, CARHR110660
OG0017643	Om002G082450	CARHR106620
OG0017644	Om001G007420	CARHR228170
OG0017645	Om002G072130	CARHR099310
OG0017647	Om002G065680	CARHR094020
OG0017648	Om002G061200	CARHR090680
OG0017649	Om001G022060	CARHR131260
OG0017650	Om002G056590	CARHR087270
OG0017651	Om002G054580	CARHR085820
OG0017652	Om002G052710	CARHR084460
OG0017653	Om002G051080	CARHR082960
OG0017654	Om002G048620	CARHR080650
OG0017655	Om003G105800	CARHR286880
OG0017656	Om002G046330	CARHR078770
OG0017657	Om002G042880	CARHR075690
OG0017658	Om004G174950	CARHR210340
OG0017659	Om004G170730	CARHR206780
OG0017660	Om001G018000	CARHR233490
OG0017661	Om004G170080	CARHR206580
OG0017662	Om004G169510, Om004G169530	CARHR206100
OG0017663	Om004G169440, Om006G246710	CARHR285350
OG0017665	Om004G156890	CARHR115950
OG0017666	Om004G157250	CARHR248260
OG0017667	Om018G373900, Om004G153190	CARHR117720
OG0017668	Om001G009190	CARHR229450
OG0017669	Om001G008660	CARHR228990
OG0017670	Om001G006890	CARHR227760
OG0017671	Om001G007070	CARHR227930
OG0017672	Om007G291090	CARHR029910
OG0017673	Om007G288820	CARHR027920
OG0017674	Om007G288110	CARHR027290
OG0017675	Om007G287810	CARHR036670
OG0017676	Om007G287470	CARHR036190
OG0017677	Om007G287290	CARHR036900
OG0017678	Om007G286120	CARHR232630
OG0017680	Om007G280660	CARHR168040, CARHR168060
OG0017682	Om007G283390	CARHR121760
OG0017683	Om007G283560	CARHR121490
OG0017684	Om007G284760	CARHR119990
OG0017685	Om004G167270	CARHR204370
OG0017686	Om004G166110	CARHR203330
OG0017687	Om004G163370	CARHR201530
OG0017688	Om007G304220	CARHR182630
OG0017689	Om007G316640	CARHR222340
OG0017690	Om007G316810	CARHR261770
OG0017691	Om007G318010	CARHR213200
OG0017692	Om006G273120	CARHR288540
OG0017693	Om003G118040	CARHR269270
OG0017694	Om006G246760	CARHR285310
OG0017695	Om006G246330	CARHR285730
OG0017696	Om006G244350	CARHR190660
OG0017699	Om006G240800	CARHR187450
OG0017700	Om006G234330	CARHR277170
OG0017701	Om006G232020	CARHR279170
OG0017703	Om005G186380	CARHR008280
OG0017712	Om005G228100	CARHR047530
OG0017718	Om006G254220	CARHR163690
OG0017719	Om006G255800, Om005G209030	CARHR162350
OG0017721	Om006G239430	CARHR188670
OG0017752	Om001G023280	CARHR236480
OG0017753	Om001G024700	CARHR237510
OG0017754	Om001G027450	CARHR239060
OG0017755	Om001G028500	CARHR239780
OG0017756	Om006G261370, Om001G029030	CARHR240140
OG0017759	Om001G033370	CARHR243130
OG0017760	Om001G033900	CARHR243440
OG0017762	Om007G276990	CARHR031650
OG0017763	Om007G276840	CARHR031870
OG0017764	Om007G276770	CARHR031960
OG0017765	Om007G276510	CARHR223710
OG0017768	Om005G220160	CARHR052980
OG0017769	Om005G220390	CARHR052880
OG0017770	Om005G221170	CARHR052360
OG0017771	Om005G223920	CARHR050450
OG0017773	Om006G275430	CARHR143800
OG0017778	Om006G274280	CARHR145400
OG0017779	Om006G274190	CARHR145450
OG0017780	Om006G274100	CARHR145580
OG0017781	Om006G274010	CARHR145740
OG0017782	Om006G272250	CARHR147630
OG0017784	Om006G271350	CARHR148570
OG0017786	Om006G270900	CARHR149380
OG0017787	Om006G270530	CARHR286670
OG0017788	Om006G269390	CARHR153890
OG0017790	Om005G213780	CARHR144520
OG0017791	Om005G214430	CARHR057810
OG0017792	Om005G214800	CARHR057380
OG0017793	Om005G214810	CARHR057340
OG0017795	Om005G228360	CARHR046590
OG0017796	Om005G226190, Om005G226160	CARHR048120
OG0017798	Om001G021430	CARHR235490
OG0017799	Om002G055340	CARHR086310
OG0017802	Om003G111930	CARHR257210
OG0017803	Om003G112650	CARHR264350
OG0017806	Om001G002810	CARHR225600
OG0017807	Om003G115840	CARHR267370
OG0017809	Om006G249650	CARHR270950
OG0017811	Om004G161580	CARHR200180
OG0017812	Om004G161950	CARHR200420
OG0017813	Om004G163500	CARHR201620
OG0017814	Om004G165750	CARHR203050
OG0017815	Om004G166150	CARHR203340
OG0017817	Om004G167370	CARHR204480
OG0017818	Om004G167450	CARHR204540
OG0017821	Om004G168730	CARHR205630
OG0017822	Om004G168750	CARHR205650
OG0017823	Om001G000630	CARHR224380
OG0017825	Om002G072110	CARHR099300
OG0017827	Om001G004140	CARHR226230
OG0017828	Om001G007050	CARHR227890
OG0017829	Om001G009220	CARHR229470
OG0017831	Om001G010810	CARHR230990
OG0017832	Om001G012310	CARHR032890
OG0017833	Om001G013600	CARHR262000
OG0017834	Om001G013630	CARHR286320
OG0017835	Om001G014690	CARHR035070
OG0017836	Om001G014820	CARHR033330
OG0017837	Om001G015370	CARHR035920
OG0017838	Om001G015600	CARHR035750
OG0017840	Om007G289110	CARHR028120
OG0017841	Om007G290450	CARHR029420
OG0017842	Om007G290500	CARHR029370
OG0017843	Om007G291130	CARHR029930
OG0017844	Om007G291230	CARHR030020
OG0017845	Om001G034780	CARHR243850
OG0017847	Om001G037400	CARHR245520
OG0017848	Om001G037710	CARHR245620
OG0017849	Om001G038120	CARHR245760
OG0017850	Om001G038240	CARHR245880
OG0017851	Om001G038710	CARHR246170
OG0017852	Om001G039120	CARHR246410
OG0017853	Om002G044650	CARHR246740
OG0017854	Om001G040220	CARHR247200
OG0017857	Om007G314670	CARHR291860
OG0017858	Om007G315640	CARHR262700
OG0017859	Om008G339370	CARHR129120
OG0017861	Om008G343770	CARHR260170
OG0017862	Om008G329600	CARHR259790
OG0017863	Om008G340190	CARHR128460
OG0017864	Om005G218900, Om005G228170	CARHR127680
OG0017866	Om008G342660	CARHR181940
OG0017867	Om004G171360	CARHR285150
OG0017868	Om008G346420	CARHR260860, CARHR260600
OG0017869	Om008G347120	CARHR256610
OG0017870	Om008G347430	CARHR256600
OG0017873	Om008G350570	CARHR255660
OG0017874	Om008G351430	CARHR255220
OG0017875	Om008G352710	CARHR254340
OG0017876	Om008G353470	CARHR253610
OG0017877	Om008G357570	CARHR177450
OG0017878	Om008G358470	CARHR176480
OG0017879	Om008G358850	CARHR176160
OG0017880	Om008G359920	CARHR175460
OG0017881	Om008G360960	CARHR174910
OG0017885	Om005G212750	CARHR173530
OG0017887	Om003G106010	CARHR217280
OG0017889	Om003G105240	CARHR217980
OG0017890	Om003G104800	CARHR218280
OG0017892	Om003G104590	CARHR218420
OG0017893	Om003G104300	CARHR218720
OG0017894	Om003G103890	CARHR219270
OG0017896	Om003G103510	CARHR220070
OG0017897	Om003G103500	CARHR220060
OG0017899	Om003G103190	CARHR220490
OG0017901	Om003G101360	CARHR289990
OG0017902	Om003G121970	CARHR168670
OG0017905	Om008G319950	CARHR142490
OG0017906	Om008G320230	CARHR142240
OG0017907	Om008G320680	CARHR141880
OG0017908	Om008G322150	CARHR140640
OG0017909	Om008G322260	CARHR140560
OG0017910	Om008G323030	CARHR139950
OG0017911	Om008G323840	CARHR139390
OG0017912	Om008G325660	CARHR138170
OG0017913	Om008G325840	CARHR138040
OG0017914	Om008G325990	CARHR137990
OG0017915	Om008G326150	CARHR137880
OG0017917	Om008G326920	CARHR137280
OG0017918	Om004G177000	CARHR212050
OG0017919	Om004G176980	CARHR212030
OG0017920	Om004G176970	CARHR212020
OG0017921	Om004G176830	CARHR211880
OG0017922	Om004G176400	CARHR211520
OG0017923	Om003G125070	CARHR170720
OG0017925	Om006G241290	CARHR193240
OG0017926	Om006G242470	CARHR192100
OG0017927	Om006G245330	CARHR273730
OG0017928	Om006G245920	CARHR273080
OG0017929	Om006G247120	CARHR272850
OG0017930	Om006G232960	CARHR278450
OG0017931	Om006G232670	CARHR278700
OG0017932	Om006G229600	CARHR281250
OG0017933	Om006G229430	CARHR281350
OG0017934	Om006G229250	CARHR281500
OG0017936	Om004G157070	CARHR248070
OG0017937	Om004G157080	CARHR248080
OG0017938	Om004G157240	CARHR248250
OG0017940	Om004G158150	CARHR249100
OG0017941	Om004G158220	CARHR249160
OG0017943	Om004G159830	CARHR250600
OG0017945	Om007G280050	CARHR125520
OG0017946	Om007G282130	CARHR123200
OG0017947	Om007G282260	CARHR123030
OG0017948	Om005G185710	CARHR007670
OG0017949	Om007G285050	CARHR119480
OG0017950	Om003G094630	CARHR042470
OG0017951	Om004G149300	CARHR118370
OG0017953	Om002G042680	CARHR075470
OG0017954	Om002G042590	CARHR075370
OG0017955	Om002G048870	CARHR080860
OG0017956	Om002G042420	CARHR075200
OG0017957	Om002G042100	CARHR074960
OG0017958	Om002G042050	CARHR074910
OG0017959	Om004G175720	CARHR212380
OG0017960	Om004G177410	CARHR082870
OG0017961	Om004G177380	CARHR212290
OG0017962	Om004G177260	CARHR212200
OG0017965	Om001G018870	CARHR234390
OG0017966	Om002G044240	CARHR076870
OG0017967	Om002G044790	CARHR077350
OG0017968	Om002G045000	CARHR077480
OG0017969	Om002G045040	CARHR077520
OG0017970	Om002G045110	CARHR077590
OG0017974	Om002G046570	CARHR079000
OG0017975	Om002G053750	CARHR183970
OG0017976	Om002G047450	CARHR079700
OG0017977	Om002G047440	CARHR079690
OG0017978	Om002G047810	CARHR080060
OG0017979	Om002G048070	CARHR080220
OG0017982	Om002G050400	CARHR082320
OG0017983	Om002G050700	CARHR082630
OG0017984	Om002G051210	CARHR083120
OG0017986	Om008G332090	CARHR134150
OG0017987	Om008G337400	CARHR130560
OG0017989	Om008G337240	CARHR130640
OG0017991	Om008G334390	CARHR132680
OG0017993	Om005G196020	CARHR015850
OG0017994	Om005G196240	CARHR016080
OG0017995	Om005G196270	CARHR016100
OG0017996	Om005G197910	CARHR017420
OG0017997	Om005G199000	CARHR018260
OG0017998	Om005G199890	CARHR018920
OG0017999	Om005G200280	CARHR019180
OG0018000	Om005G200900	CARHR019650
OG0018001	Om005G202310	CARHR020670
OG0018002	Om005G202360	CARHR020720
OG0018003	Om005G202370	CARHR020730
OG0018004	Om005G202420	CARHR020780
OG0018005	Om005G203830	CARHR021900
OG0018008	Om005G205350	CARHR023180
OG0018009	Om004G143440	CARHR023650
OG0018010	Om004G144370	CARHR024110
OG0018011	Om004G145140	CARHR024870
OG0018013	Om004G147370	CARHR026130
OG0018014	Om004G148240	CARHR026810
OG0018015	Om007G286050	CARHR231850
OG0018017	Om007G286330	CARHR232800
OG0018028	Om004G153750	CARHR113580
OG0018029	Om004G156090	CARHR112300
OG0018030	Om005G192970	CARHR013630
OG0018031	Om005G190150	CARHR011540
OG0018033	Om005G187880	CARHR009600
OG0018034	Om005G186960	CARHR008850
OG0018035	Om005G185580	CARHR007530
OG0018036	Om005G185080	CARHR007060
OG0018037	Om005G183580	CARHR005670
OG0018038	Om005G183470	CARHR005570
OG0018039	Om005G182960	CARHR005090
OG0018040	Om005G182820	CARHR004950
OG0018041	Om005G182100	CARHR004320
OG0018042	Om005G181980	CARHR004230
OG0018043	Om005G181170	CARHR003480
OG0018044	Om005G181150	CARHR003450
OG0018045	Om005G180470	CARHR002900
OG0018046	Om005G179560	CARHR002100
OG0018047	Om005G178700	CARHR001250
OG0018048	Om005G178450	CARHR000970
OG0018049	Om005G177830	CARHR000400
OG0018050	Om005G177820	CARHR000390
OG0018051	Om005G177760	CARHR000350
OG0018052	Om007G301480	CARHR199000
OG0018053	Om007G301680	CARHR199180
OG0018054	Om007G301040	CARHR198670
OG0018055	Om007G300490	CARHR198340
OG0018056	Om007G300040	CARHR198010
OG0018057	Om007G296640	CARHR195460
OG0018058	Om007G296170	CARHR194970
OG0018060	Om007G295040	CARHR194060
OG0018061	Om007G294230	CARHR186660
OG0018063	Om007G293190	CARHR185110
OG0018064	Om007G302610	CARHR185260
OG0018065	Om007G304540	CARHR286230, CARHR286170
OG0018066	Om004G161120	CARHR199780
OG0018067	Om001G041460	CARHR184230
OG0018068	Om004G170580	CARHR206890, CARHR207190
OG0018069	Om004G171100	CARHR207400
OG0018070	Om004G172040	CARHR216350, CARHR208160
OG0018071	Om004G172510	CARHR208500
OG0018072	Om006G238990	CARHR189110
OG0018073	Om006G238930	CARHR189160
OG0018074	Om006G236760	CARHR275110
OG0018075	Om006G236720	CARHR275160
OG0018078	Om006G236230	CARHR275590
OG0018079	Om006G247500	CARHR272480
OG0018080	Om006G259950	CARHR158810
OG0018082	Om006G261120	CARHR157740
OG0018083	Om006G266650	CARHR155510
OG0018084	Om005G192730	CARHR222320
OG0018085	Om006G268390	CARHR153440
OG0018086	Om004G134910	CARHR023450
OG0018087	Om004G154410	CARHR152360
OG0018090	Om005G210350	CARHR061610
OG0018091	Om005G210000	CARHR061750
OG0018092	Om005G209800	CARHR061970
OG0018094	Om005G206580	CARHR064520
OG0018095	Om005G206020	CARHR291050
OG0018096	Om004G134920	CARHR070810
OG0018097	Om004G135070	CARHR070680
OG0018098	Om004G135150	CARHR070600
OG0018099	Om004G136180	CARHR069930
OG0018100	Om004G137320	CARHR069240
OG0018101	Om004G137850	CARHR068600
OG0018102	Om004G137720	CARHR068500
OG0018103	Om004G138450	CARHR068470
OG0018104	Om004G139010	CARHR068020
OG0018105	Om004G139070	CARHR067990
OG0018107	Om004G140090	CARHR067210
OG0018109	Om008G318640	CARHR143510
OG0018110	Om004G142410	CARHR065540
OG0018111	Om004G132050	CARHR072850
OG0018112	Om004G131930	CARHR072960
OG0018113	Om004G131760	CARHR073080
OG0018114	Om004G129670	CARHR074610
OG0018115	Om002G056610	CARHR087300
OG0018116	Om002G056850	CARHR087480
OG0018117	Om002G057190	CARHR087770
OG0018118	Om002G057340	CARHR087860
OG0018119	Om002G057350	CARHR087870
OG0018121	Om002G058140	CARHR088490
OG0018122	Om002G060300	CARHR090100
OG0018123	Om002G060640	CARHR090370
OG0018125	Om002G065500	CARHR093810
OG0018126	Om002G070420	CARHR098030, CARHR098020
OG0018128	Om002G071510	CARHR098920
OG0018129	Om002G073020	CARHR099880
OG0018131	Om008G329310	CARHR217420
OG0018133	Om002G076820	CARHR102890
OG0018134	Om002G079340	CARHR105150
OG0018135	Om002G078860	CARHR104980
OG0018136	Om002G077730	CARHR103670
OG0018137	Om002G077720	CARHR103630
OG0018138	Om001G006280	CARHR105070
OG0018139	Om002G079550	CARHR104750
OG0018141	Om002G081880	CARHR106000
OG0018142	Om002G082100, Om003G111560, Om008G360710	CARHR106300
OG0018144	Om002G084170	CARHR107690
OG0018145	Om002G085870	CARHR109130
OG0018146	Om002G086850	CARHR109750
OG0018147	Om002G088460	CARHR111290
OG0018149	Om003G092660	CARHR043860
OG0018150	Om003G094010	CARHR042950
OG0018151	Om003G094790	CARHR042340
OG0018152	Om003G095210	CARHR042130
OG0018153	Om003G098890	CARHR038990
OG0018154	Om003G098600	CARHR039180
OG0018155	Om003G099510	CARHR038110
OG0018156	Om003G089360	CARHR046070
OG0018157	Om005G181480	CARHR003990
OG0018158	Om006G255560	CARHR162660
OG0018159	Om006G255120	CARHR162950
OG0018160	Om006G254940	CARHR163050
OG0018161	Om006G252580	CARHR164940
OG0018162	Om006G250470	CARHR166520
OG0018164	Om003G119310	CARHR166580
OG0018165	Om003G119460	CARHR166670
OG0018166	Om003G120560	CARHR167640
OG0018167	Om008G327710	CARHR168000
OG0018168	Om003G122270	CARHR168920
OG0018169	Om003G123160	CARHR169500
OG0018170	Om003G125000	CARHR170690
OG0018172	Om003G128140	CARHR172860
OG0018173	Om003G091530	CARHR044430
OG0018175	Om003G105880	CARHR217180
OG0018176	Om006G258610	CARHR160010
OG0018177	Om006G257530	CARHR160810
OG0018178	Om006G255010	CARHR163140
OG0018180	Om006G254420	CARHR163510
OG0018181	Om006G251290	CARHR165950
OG0018183	Om003G120880	CARHR167880
OG0018185	Om003G127620	CARHR172390
OG0018186	Om003G128730	CARHR173260
OG0018188	Om006G229420	CARHR163090
OG0018190	Om008G360950	CARHR174980
OG0018191	Om008G362910	CARHR027000
OG0018192	Om008G341880	CARHR181310
OG0018193	Om008G341520	CARHR181020
OG0018194	Om008G338780	CARHR129610
OG0018195	Om008G333750	CARHR133130
OG0018197	Om008G331360, Om008G331350	CARHR100940
OG0018198	Om008G327460	CARHR136890
OG0018202	Om004G133310, Om004G133320, Om004G133340	CARHR071860, CARHR071870
OG0018203	Om004G136800	CARHR069490
OG0018204	Om004G140850	CARHR066680
OG0018206	Om001G021670	CARHR235600
OG0018207	Om001G025300	CARHR237890
OG0018208	Om001G022150	CARHR235880
OG0018209	Om001G035700	CARHR244470
OG0018210	Om005G179330	CARHR001820
OG0018211	Om005G182360	CARHR184180
OG0018212	Om005G182730	CARHR004870
OG0018213	Om005G183790	CARHR005890
OG0018214	Om005G184400	CARHR006600
OG0018215	Om005G185520	CARHR007480
OG0018216	Om005G185750	CARHR007690
OG0018217	Om005G186250	CARHR008150
OG0018218	Om005G190710	CARHR011940
OG0018219	Om005G195250	CARHR015290
OG0018220	Om005G195970	CARHR015820
OG0018221	Om005G201620	CARHR020190
OG0018222	Om005G205110	CARHR022970
OG0018223	Om005G207390	CARHR231690
OG0018224	Om005G207710	CARHR063660
OG0018225	Om005G208420	CARHR063050
OG0018226	Om005G211630	CARHR060670
OG0018231	Om007G316200	CARHR262300
OG0018232	Om005G227910, Om005G227940, Om005G227950, Om005G227920	CARHR046680
OG0018233	Om005G204340, Om005G208480, Om005G208600	CARHR211720, CARHR211990
OG0018234	Om002G075350	CARHR101780
OG0018235	Om002G063630	CARHR092360
OG0018237	Om002G060540, Om002G060550	CARHR090290
OG0018238	Om002G056320	CARHR087070
OG0018239	Om005G210790	CARHR061290
OG0018240	Om002G051200	CARHR083110
OG0018241	Om002G049300	CARHR081190
OG0018243	Om004G174930	CARHR210310
OG0018244	Om004G172020	CARHR208140
OG0018246	Om004G169910	CARHR206400
OG0018247	Om004G169380	CARHR206030
OG0018248	Om004G169350	CARHR206010
OG0018249	Om004G169330	CARHR205990
OG0018251	Om004G156910	CARHR245000
OG0018254	Om007G288740	CARHR027870
OG0018255	Om007G286390	CARHR232850
OG0018256	Om007G286300	CARHR232760
OG0018257	Om007G278960	CARHR126730
OG0018258	Om007G283490	CARHR121570
OG0018259	Om007G284630	CARHR120130
OG0018260	Om007G284910	CARHR119720
OG0018261	Om007G285570	CARHR118530
OG0018262	Om007G285880	CARHR232390
OG0018263	Om004G167830	CARHR204950
OG0018264	Om004G163480	CARHR201610
OG0018265	Om004G162300	CARHR200730
OG0018266	Om004G161040	CARHR199750
OG0018268	Om007G296120	CARHR216100
OG0018270	Om007G296030	CARHR194820
OG0018271	Om006G271260	CARHR148680
OG0018273	Om006G248360	CARHR271720
OG0018274	Om006G245750	CARHR273330
OG0018275	Om006G244390	CARHR190610
OG0018276	Om006G243560	CARHR191370
OG0018277	Om006G242380	CARHR192150
OG0018278	Om006G242160	CARHR192390
OG0018279	Om006G240440	CARHR187690
OG0018280	Om006G237980	CARHR190070
OG0018281	Om006G236870	CARHR275020
OG0018282	Om006G236470	CARHR275400
OG0018283	Om006G234680	CARHR276880
OG0018285	Om006G231660	CARHR279490
OG0018286	Om006G229980	CARHR280910
OG0018288	Om005G188950	CARHR010560
OG0018298	Om005G211480	CARHR060790
OG0018299	Om005G211260	CARHR060930
OG0018302	Om002G075210	CARHR101600
OG0018307	Om003G122700	CARHR052220
OG0018308	Om006G241420	CARHR193080, CARHR193090
OG0018310	Om008G343680	CARHR260350
OG0018311	Om001G022130	CARHR235860
OG0018312	Om001G020800	CARHR235290
OG0018319	Om007G317940	CARHR213260
OG0018322	Om003G112890	CARHR264580
OG0018323	Om006G248590	CARHR271490
OG0018324	Om006G231850	CARHR279340, CARHR279330
OG0018337	Om007G276110	CARHR223300
OG0018338	Om001G032000	CARHR242250
OG0018340	Om005G217560	CARHR284550
OG0018342	Om005G219750	CARHR053480
OG0018343	Om006G274980	CARHR144480
OG0018346	Om003G094300	CARHR153080
OG0018347	Om005G213430	CARHR058830
OG0018349	Om005G214780	CARHR057400
OG0018351	Om005G225380	CARHR048760
OG0018352	Om004G176490	CARHR211590
OG0018354	Om003G089460	CARHR045950
OG0018357	Om003G101070	CARHR258510
OG0018358	Om003G101100	CARHR258500
OG0018359	Om003G111250	CARHR258170
OG0018360	Om008G320820	CARHR288570
OG0018361	Om003G111950	CARHR257130
OG0018365	Om003G113890	CARHR265620
OG0018367	Om006G250040	CARHR270650
OG0018369	Om004G161620	CARHR200220
OG0018370	Om004G167680	CARHR204720
OG0018371	Om004G169000	CARHR205790
OG0018372	Om001G001380	CARHR224830
OG0018373	Om001G001920	CARHR225050
OG0018374	Om001G003740	CARHR226080
OG0018375	Om001G004990	CARHR226670
OG0018376	Om001G006720	CARHR227650
OG0018378	Om001G012180	CARHR032760
OG0018380	Om007G289560	CARHR028590
OG0018381	Om001G036920	CARHR245270
OG0018383	Om001G040940	CARHR247740
OG0018384	Om001G008080	CARHR228620
OG0018385	Om007G314630	CARHR214270
OG0018386	Om007G315320	CARHR263210
OG0018387	Om008G340560	CARHR128100
OG0018389	Om008G342000	CARHR181750
OG0018391	Om001G012290	CARHR032870
OG0018392	Om008G350410	CARHR255730
OG0018393	Om008G350870	CARHR255530
OG0018394	Om008G354510	CARHR252630
OG0018396	Om008G356320	CARHR178470
OG0018397	Om008G357340	CARHR177700
OG0018398	Om008G358240	CARHR176650
OG0018399	Om008G362640	CARHR173820
OG0018400	Om002G076090	CARHR102270
OG0018404	Om003G102180	CARHR221450
OG0018407	Om007G317240	CARHR261340
OG0018408	Om007G317400	CARHR213780
OG0018409	Om007G317500	CARHR213720
OG0018410	Om007G318110	CARHR213010
OG0018413	Om008G318930	CARHR205300
OG0018414	Om008G319040	CARHR143120
OG0018415	Om008G320270	CARHR142180
OG0018416	Om008G322950	CARHR140020
OG0018417	Om008G323110	CARHR139900
OG0018418	Om008G324710	CARHR219380
OG0018419	Om008G327540	CARHR136920
OG0018423	Om007G317720	CARHR213530
OG0018424	Om006G244860	CARHR274180
OG0018425	Om006G234090	CARHR277420
OG0018428	Om004G157200	CARHR248210
OG0018429	Om004G160140	CARHR250950
OG0018430	Om007G277630	CARHR179600
OG0018432	Om007G282870	CARHR122430
OG0018433	Om007G282960	CARHR122330
OG0018434	Om007G284130	CARHR120730
OG0018435	Om007G285330	CARHR119020
OG0018437	Om002G042560	CARHR075350
OG0018438	Om002G042180	CARHR075010
OG0018441	Om004G177400	CARHR215590
OG0018442	Om002G042900	CARHR075710
OG0018444	Om002G043640	CARHR076310
OG0018446	Om002G044750	CARHR077330
OG0018448	Om007G293630	CARHR186050
OG0018449	Om002G048630	CARHR080660
OG0018450	Om004G145260	CARHR025040
OG0018454	Om007G285730	CARHR232200
OG0018455	Om007G286340	CARHR232810
OG0018463	Om005G187160	CARHR009100
OG0018464	Om005G187090	CARHR008970
OG0018465	Om007G292990	CARHR179010
OG0018466	Om005G185380	CARHR007380
OG0018467	Om005G183160	CARHR005300
OG0018468	Om005G181130	CARHR003430
OG0018469	Om005G180440	CARHR002870
OG0018470	Om005G177730	CARHR000290
OG0018471	Om005G177700	CARHR000260
OG0018472	Om007G302020	CARHR199490
OG0018473	Om007G300670	CARHR198460
OG0018474	Om007G300170	CARHR198100
OG0018476	Om007G297550	CARHR196230
OG0018477	Om007G295170	CARHR194160
OG0018479	Om007G293800	CARHR186200
OG0018480	Om007G303770	CARHR182180
OG0018481	Om009G364240, Om007G307220	CARHR183440
OG0018482	Om004G170460	CARHR207000
OG0018483	Om006G240290	CARHR187880
OG0018485	Om006G236260	CARHR275560
OG0018488	Om006G260750	CARHR158050
OG0018492	Om006G262710	CARHR157120
OG0018493	Om006G263430	CARHR156750
OG0018494	Om008G352140, Om008G352150	CARHR155900, CARHR155890, CARHR155880, CARHR155870
OG0018495	Om006G268030	CARHR150000
OG0018497	Om005G185980	CARHR007890
OG0018498	Om005G212320	CARHR060090
OG0018499	Om005G210020	CARHR061740
OG0018500	Om005G206980	CARHR064170
OG0018502	Om004G136320	CARHR069880
OG0018503	Om004G140950	CARHR066600
OG0018504	Om004G142140	CARHR065720
OG0018505	Om004G142340	CARHR065610
OG0018506	Om004G133050	CARHR072020
OG0018510	Om002G058190	CARHR088550
OG0018511	Om002G059380	CARHR089400
OG0018512	Om002G074310	CARHR100890
OG0018513	Om002G078980	CARHR104090
OG0018514	Om002G079410	CARHR104850
OG0018516	Om002G086150	CARHR109390
OG0018518	Om002G088590	CARHR111570
OG0018519	Om003G094730	CARHR042400
OG0018520	Om003G096090	CARHR041220
OG0018521	Om006G271500	CARHR168780
OG0018521	Om006G271510	CARHR168820
OG0018522	Om003G125780	CARHR171120
OG0018525	Om003G129210	CARHR291600
OG0018526	Om003G129320	CARHR291490
OG0018528	Om003G102490	CARHR221210
OG0018529	Om003G103300	CARHR220310
OG0018530	Om006G259050	CARHR159580
OG0018531	Om006G255820	CARHR162330
OG0018532	Om006G255530	CARHR162690
OG0018533	Om006G250790	CARHR166310
OG0018534	Om003G126560	CARHR171790
OG0018536	Om008G357560	CARHR177460
OG0018538	Om008G362350, Om008G362300	CARHR174100
OG0018539	Om008G361460	CARHR174730
OG0018540	Om008G334990	CARHR131740
OG0018541	Om008G333440	CARHR133250
OG0018542	Om005G200100	CARHR222120
OG0018543	Om008G329920	CARHR135490
OG0018544	Om008G328830	CARHR136130
OG0018545	Om008G326240, Om007G303910	CARHR137820
OG0018549	Om001G021290	CARHR235460
OG0018552	Om001G033970	CARHR243490
OG0018553	Om001G041920	CARHR293920
OG0018554	Om005G183190	CARHR005320
OG0018555	Om005G184460	CARHR006660
OG0018556	Om005G184730	CARHR006870
OG0018557	Om005G185910	CARHR007810
OG0018558	Om005G187450	CARHR178520, CARHR178500
OG0018559	Om005G190700	CARHR011930
OG0018560	Om005G193000	CARHR013660
OG0018561	Om005G193510	CARHR014020
OG0018563	Om005G194630	CARHR014920
OG0018564	Om005G196480	CARHR016210
OG0018565	Om005G205270	CARHR023120
OG0018567	Om005G224770	CARHR049480
OG0018571	Om008G341820	CARHR181180
OG0018572	Om002G056700	CARHR087400
OG0018576	Om002G049160	CARHR081070
OG0018578	Om004G175680	CARHR210970
OG0018579	Om004G174540	CARHR210080
OG0018580	Om004G169490	CARHR206090
OG0018581	Om001G009540	CARHR229720
OG0018582	Om005G206540	CARHR152030
OG0018583	Om001G001120	CARHR224700
OG0018585	Om007G286840	CARHR231570
OG0018586	Om007G286830	CARHR233200
OG0018587	Om007G279020	CARHR126630
OG0018588	Om007G281280	CARHR124190
OG0018592	Om007G283210	CARHR121970
OG0018593	Om004G166590, Om004G166600	CARHR203750
OG0018594	Om007G301460	CARHR198980
OG0018595	Om008G354080	CARHR196030
OG0018597	Om007G294210	CARHR186640
OG0018599	Om007G317700	CARHR213660
OG0018600	Om006G274710	CARHR144800
OG0018601	Om003G113460	CARHR265230
OG0018602	Om006G249360	CARHR271200
OG0018603	Om006G249320	CARHR271240
OG0018605	Om006G246720	CARHR285360
OG0018606	Om006G240940	CARHR193420
OG0018607	Om006G240310	CARHR187870
OG0018608	Om006G239240	CARHR188890
OG0018609	Om006G237740	CARHR190270
OG0018610	Om006G231900	CARHR279280
OG0018611	Om005G183950	CARHR006090
OG0018613	Om004G147400	CARHR026170
OG0018618	Om004G143150	CARHR064890
OG0018626	Om008G339340	CARHR129150
OG0018633	Om006G272580	CARHR147150
OG0018634	Om004G172030	CARHR208150
OG0018658	Om007G306520	CARHR034840, CARHR266420, CARHR183010, CARHR117370, CARHR215700, CARHR118890, CARHR103560
OG0018673	Om001G029710	CARHR240670
OG0018675	Om001G031320	CARHR241770
OG0018676	Om007G291880	CARHR030670
OG0018677	Om007G276560	CARHR032100
OG0018680	Om004G139260	CARHR144430
OG0018681	Om006G272020	CARHR147870
OG0018684	Om005G225070	CARHR049140
OG0018686	Om008G329180	CARHR135860
OG0018689	Om003G108790	CARHR258630
OG0018691	Om003G113250	CARHR265050
OG0018692	Om003G113420	CARHR265220
OG0018699	Om001G007230	CARHR228090
OG0018700	Om001G009060	CARHR229340
OG0018702	Om001G015310	CARHR035970
OG0018703	Om001G016670	CARHR035380
OG0018705	Om007G290750	CARHR029210
OG0018717	Om008G329100	CARHR218010
OG0018724	Om008G320210	CARHR142260
OG0018725	Om008G322740	CARHR140240
OG0018726	Om008G323330	CARHR139650
OG0018728	Om008G325830	CARHR138050
OG0018729	Om004G177060	CARHR212100
OG0018732	Om004G173050	CARHR208970
OG0018733	Om006G230390	CARHR280560
OG0018734	Om006G229620	CARHR281230
OG0018735	Om006G229590	CARHR281260
OG0018736	Om004G135960, Om003G090750, Om004G156920	CARHR111670, CARHR247980
OG0018737	Om004G159510	CARHR250420
OG0018739	Om005G182290	CARHR004530
OG0018739	Om007G279560	CARHR126470
OG0018740	Om007G285350	CARHR118970
OG0018743	Om002G042230	CARHR075050
OG0018744	Om002G042120	CARHR074990
OG0018748	Om002G046740	CARHR079150
OG0018749	Om002G051260	CARHR083180
OG0018750	Om002G088340	CARHR111120
OG0018751	Om005G203820, Om005G203810	CARHR021890
OG0018755	Om005G190600	CARHR011850
OG0018756	Om005G189190	CARHR010720
OG0018757	Om005G188100	CARHR009770
OG0018758	Om005G179140	CARHR001680
OG0018759	Om005G179060	CARHR001590
OG0018760	Om005G177740	CARHR000300
OG0018761	Om007G297650	CARHR196300
OG0018763	Om006G235580	CARHR276180
OG0018765	Om006G247590	CARHR272400
OG0018766	Om004G167970	CARHR156170
OG0018767	Om006G236940	CARHR154910
OG0018772	Om005G210990	CARHR061140, CARHR061130
OG0018773	Om005G208730, Om005G208220	CARHR063220
OG0018774	Om005G207440	CARHR063800
OG0018775	Om004G133660	CARHR071640
OG0018776	Om005G201690	CARHR020250
OG0018777	Om004G139580	CARHR067660
OG0018780	Om002G058010	CARHR088380
OG0018781	Om002G059790	CARHR089670
OG0018782	Om002G059850	CARHR089740
OG0018783	Om002G062870	CARHR091870
OG0018784	Om002G068060	CARHR096000
OG0018785	Om002G068120	CARHR096110
OG0018786	Om002G069470	CARHR097320
OG0018787	Om001G026900	CARHR238750, CARHR238760
OG0018789	Om002G083700	CARHR293460
OG0018791	Om002G086870	CARHR109760
OG0018792	Om003G089400	CARHR046010
OG0018793	Om003G095110, Om003G095120	CARHR042160
OG0018794	Om003G097390	CARHR040210
OG0018795	Om003G097850	CARHR039810
OG0018796	Om003G099260	CARHR038290
OG0018797	Om003G119880	CARHR167070
OG0018798	Om003G121040	CARHR168110
OG0018799	Om007G315020, Om003G123510	CARHR169670
OG0018801	Om003G128970	CARHR173480
OG0018804	Om003G093670	CARHR043250
OG0018807	Om003G098250	CARHR039430
OG0018809	Om003G111860	CARHR257560
OG0018811	Om003G129200	CARHR291610
OG0018813	Om008G361100	CARHR174870
OG0018815	Om005G223080, Om001G016530	CARHR185720, CARHR182210
OG0018817	Om008G330690	CARHR135040
OG0018819	Om004G134830	CARHR070900
OG0018820	Om004G138510	CARHR068130
OG0018822	Om001G027870	CARHR239360
OG0018823	Om006G261940, Om001G029350	CARHR240380
OG0018824	Om001G033640	CARHR243310
OG0018826	Om001G039970	CARHR247050
OG0018830	Om005G180950	CARHR003260
OG0018831	Om005G181100	CARHR003400
OG0018832	Om005G181660	CARHR003830
OG0018834	Om005G187510	CARHR009390
OG0018835	Om005G195690	CARHR015590
OG0018837	Om005G202300	CARHR020660
OG0018839	Om007G281670	CARHR126820
OG0018842	Om005G224000	CARHR050350
OG0018845	Om002G084350	CARHR107930
OG0018846	Om002G064480	CARHR093090
OG0018847	Om002G044490	CARHR174190
OG0018848	Om004G176020	CARHR211060
OG0018849	Om004G171080	CARHR207360
OG0018850	Om004G169630	CARHR206190
OG0018851	Om004G169340	CARHR206000
OG0018854	Om001G009660	CARHR229850
OG0018855	Om007G318400	CARHR212670
OG0018856	Om001G001470	CARHR224860
OG0018860	Om006G260360	CARHR158350
OG0018861	Om006G241330	CARHR193180, CARHR193190
OG0018871	Om003G090120	CARHR045340
OG0018876	Om005G210940	CARHR061230
OG0018880	Om002G072380	CARHR099330
OG0018886	Om001G036780	CARHR184730
OG0018890	Om008G328170, Om008G328180, Om008G328190	CARHR136460
OG0018892	Om008G320810	CARHR141780
OG0018895	Om004G162110	CARHR200570
OG0018899	Om008G345920	CARHR260730
OG0018908	Om003G111430	CARHR257850
OG0018911	Om006G234060	CARHR277450
OG0018912	Om001G035220	CARHR244140
OG0018940	Om007G276880	CARHR062840
OG0018941	Om001G027300	CARHR238980
OG0018942	Om007G291840	CARHR030620
OG0018943	Om007G292510	CARHR031140
OG0018947	Om006G274330	CARHR145360
OG0018948	Om006G273640	CARHR146180
OG0018949	Om006G273520	CARHR146320
OG0018955	Om003G113630	CARHR265350
OG0018956	Om004G162220	CARHR200650
OG0018957	Om004G165030	CARHR202640
OG0018958	Om004G166280	CARHR203470
OG0018959	Om004G167560	CARHR204630
OG0018960	Om001G008410	CARHR228830
OG0018961	Om001G011820	CARHR032280, CARHR032300
OG0018963	Om001G015630	CARHR035740
OG0018966	Om001G041480	CARHR294320
OG0018967	Om008G338550	CARHR129720
OG0018968	Om007G276530	CARHR032120
OG0018971	Om008G350740	CARHR255560
OG0018973	Om003G104210	CARHR218800
OG0018974	Om008G323480	CARHR139560
OG0018975	Om008G318660	CARHR231270
OG0018976	Om006G229760	CARHR281130
OG0018978	Om004G175560	CARHR210800
OG0018979	Om007G283420	CARHR121730
OG0018980	Om007G285260	CARHR119090
OG0018981	Om002G042640	CARHR075430
OG0018984	Om005G196740	CARHR016410
OG0018985	Om005G194100	CARHR026770
OG0018990	Om005G182170	CARHR004390
OG0018993	Om007G295270	CARHR194190
OG0018994	Om006G239780	CARHR188390
OG0018995	Om006G236340	CARHR275510
OG0018996	Om006G261640	CARHR157470
OG0019001	Om005G205890	CARHR290900
OG0019003	Om002G061630	CARHR091070
OG0019004	Om002G063400	CARHR092200
OG0019010	Om002G087740	CARHR110460
OG0019013	Om003G100510	CARHR290640
OG0019018	Om003G095800	CARHR041680
OG0019022	Om003G099450	CARHR038140
OG0019023	Om006G267790	CARHR150800
OG0019024	Om006G259020	CARHR159610
OG0019025	Om006G256010	CARHR162190
OG0019029	Om008G335210	CARHR131910
OG0019030	Om004G133680, Om004G133690, Om004G133720, Om005G210520, Om006G244910	CARHR274150, CARHR102930
OG0019031	Om004G136650	CARHR069750
OG0019035	Om001G029460	CARHR240500
OG0019038	Om005G189770	CARHR011730
OG0019040	Om005G191450	CARHR012460
OG0019046	Om002G043740	CARHR076410
OG0019049	Om004G157690	CARHR248700
OG0019050	Om007G286240	CARHR232700
OG0019052	Om007G316270	CARHR262250
OG0019053	Om006G245120	CARHR273960
OG0019054	Om006G236160	CARHR275640
OG0019056	Om005G184720	CARHR006860
OG0019058	Om005G193480	CARHR013980
OG0019063	Om005G224710	CARHR049510, CARHR049520
OG0019071	Om005G210490	CARHR061510
OG0019075	Om005G201800	CARHR130180
OG0019084	Om008G319840	CARHR142590
OG0019086	Om006G260070	CARHR158760
OG0019089	Om006G238520	CARHR189630
OG0019095	Om002G087950	CARHR232050
OG0019098	Om001G040020, Om001G040010, Om001G040000	CARHR012090
OG0019099	Om007G317790	CARHR213420
OG0019104	Om006G230590	CARHR280360
OG0019132	Om005G222020	CARHR052160
OG0019133	Om005G226790	CARHR047630
OG0019135	Om003G116790	CARHR268360
OG0019137	Om004G164280	CARHR202160
OG0019140	Om001G012110	CARHR032650
OG0019141	Om008G361400, Om008G361410	CARHR112780, CARHR149560
OG0019142	Om001G014330	CARHR034600
OG0019143	Om001G014350	CARHR034650
OG0019144	Om001G014810	CARHR034720
OG0019145	Om007G287200	CARHR037050
OG0019146	Om001G037980	CARHR245710
OG0019155	Om008G322870	CARHR140130
OG0019157	Om004G176990	CARHR212040
OG0019158	Om004G173880	CARHR209590
OG0019160	Om006G246240	CARHR285780
OG0019161	Om007G280890	CARHR124650
OG0019163	Om004G177450	CARHR212320
OG0019164	Om002G044280	CARHR076910
OG0019167	Om008G331130	CARHR134750
OG0019168	Om005G200820	CARHR019570
OG0019169	Om005G203780	CARHR021880
OG0019175	Om006G236130	CARHR275670
OG0019181	Om003G097370, Om003G097380	CARHR150830
OG0019182	Om004G136480, Om004G136400	CARHR048310
OG0019183	Om004G137610	CARHR069080
OG0019185	Om004G129790	CARHR074510
OG0019186	Om002G059640, Om004G147750	CARHR089600
OG0019188	Om002G067900	CARHR095830
OG0019192	Om003G089470	CARHR045940
OG0019195	Om003G100500	CARHR290670
OG0019196	Om003G102210	CARHR221480
OG0019199	Om006G251790, Om006G251800	CARHR165600
OG0019201	Om003G129020	CARHR291750
OG0019203	Om008G361650	CARHR174570, CARHR174560
OG0019205	Om005G193440	CARHR112290
OG0019211	Om001G029440	CARHR240480
OG0019211	Om008G357390	CARHR176930
OG0019213	Om001G032880	CARHR242860
OG0019215	Om001G038900	CARHR246250, CARHR207720
OG0019216	Om001G040950	CARHR247750
OG0019217	Om004G154480, Om005G192460, Om005G192450	CARHR114440
OG0019218	Om005G193360	CARHR013860
OG0019219	Om005G197600	CARHR017110
OG0019220	Om005G197640	CARHR017150
OG0019222	Om008G351590	CARHR230380
OG0019224	Om002G087700	CARHR110410
OG0019226	Om002G076800	CARHR102910
OG0019227	Om002G055770	CARHR086700, CARHR010400
OG0019233	Om003G115310	CARHR266840
OG0019234	Om006G240740	CARHR187350
OG0019236	Om006G232320	CARHR293780
OG0019240	Om004G145190	CARHR024940
OG0019244	Om001G001590	CARHR284120
OG0019246	Om005G213830	CARHR288470
OG0019258	Om006G255070	CARHR210770
OG0019265	Om003G101370	CARHR289980
OG0019272	Om001G029740	CARHR240700, CARHR240710
OG0019278	Om002G043560	CARHR076210
OG0019305	Om001G028350	CARHR239660
OG0019312	Om003G118150	CARHR269350
OG0019314	Om004G167000	CARHR204120
OG0019316	Om001G014140	CARHR034430
OG0019319	Om001G040930	CARHR247730
OG0019326	Om008G320960	CARHR141670
OG0019327	Om008G327000	CARHR137200
OG0019328	Om007G282420	CARHR122850
OG0019332	Om002G050500	CARHR082420
OG0019338	Om007G294120	CARHR186470
OG0019339	Om007G293410	CARHR185760
OG0019340	Om006G264550	CARHR156280
OG0019341	Om007G280030	CARHR125540
OG0019344	Om002G059000	CARHR089130
OG0019345	Om002G071810	CARHR099140
OG0019349	Om003G093250	CARHR043450
OG0019350	Om003G128170	CARHR172880
OG0019352	Om008G335100	CARHR276120
OG0019354	Om006G251710	CARHR165640
OG0019359	Om008G356490	CARHR178330
OG0019364	Om004G133470	CARHR071720
OG0019365	Om004G134070	CARHR071430
OG0019366	Om004G140170	CARHR067130
OG0019369	Om005G197570	CARHR017090
OG0019371	Om005G206640	CARHR064450
OG0019372	Om005G207850	CARHR063520
OG0019376	Om002G059010	CARHR089140
OG0019377	Om002G053380	CARHR084970
OG0019378	Om002G044720	CARHR077300
OG0019380	Om007G292530	CARHR031160
OG0019381	Om007G301690	CARHR199190
OG0019383	Om006G260760	CARHR158040
OG0019396	Om006G261470	CARHR291010
OG0019396	Om006G243960	CARHR151630
OG0019397	Om006G267420	CARHR257890
OG0019409	Om003G122680	CARHR169280
OG0019411	Om006G240220	CARHR188000, CARHR187750
OG0019418	Om007G303570	CARHR287950
OG0019449	Om007G276420	CARHR223620
OG0019457	Om004G167800	CARHR204920
OG0019459	Om007G291460	CARHR030260
OG0019460	Om008G359630	CARHR225230, CARHR175660
OG0019461	Om003G105300	CARHR218050
OG0019463	Om008G319710	CARHR142640
OG0019464	Om006G243630	CARHR191320
OG0019468	Om005G211600	CARHR060710
OG0019470	Om008G337900	CARHR130210
OG0019473	Om005G190550	CARHR011820
OG0019476	Om006G257370	CARHR160960
OG0019480	Om004G130760	CARHR104560
OG0019482	Om004G141910	CARHR066040
OG0019484	Om002G059770	CARHR089650
OG0019485	Om002G064170	CARHR092880
OG0019486	Om006G233920	CARHR103390
OG0019491	Om003G089380	CARHR046040
OG0019492	Om003G089710	CARHR045710
OG0019494	Om003G098620	CARHR039160
OG0019495	Om008G318700	CARHR143470
OG0019498	Om006G261220	CARHR040780, CARHR040800
OG0019501	Om003G105290	CARHR217950
OG0019505	Om003G122990	CARHR169380
OG0019506	Om003G122570	CARHR169160
OG0019508	Om006G229010	CARHR281760
OG0019509	Om008G357730, Om008G357710	CARHR177340
OG0019514	Om001G036410	CARHR244940
OG0019515	Om001G039850	CARHR246970
OG0019518	Om005G190100	CARHR011490
OG0019519	Om005G204740	CARHR022590
OG0019526	Om002G047550	CARHR079770
OG0019529	Om004G170710	CARHR206800
OG0019530	Om001G003120	CARHR225820
OG0019531	Om007G289550	CARHR028580
OG0019534	Om004G164710	CARHR031640, CARHR202430
OG0019543	Om003G092630	CARHR043870
OG0019546	Om008G357450	CARHR177520
OG0019555	Om004G152540, Om004G155140	CARHR184650
OG0019581	Om001G020180	CARHR235020
OG0019583	Om004G137450	CARHR179390
OG0019584	Om007G293040	CARHR178940
OG0019591	Om006G268630	CARHR150400, CARHR033970
OG0019622	Om006G248260	CARHR271750
OG0019623	Om003G107070	CARHR287320
OG0019624	Om006G231610	CARHR279530
OG0019629	Om004G166620	CARHR203770
OG0019633	Om005G200250	CARHR019150
OG0019638	Om005G208280	CARHR158820
OG0019643	Om007G292010	CARHR051620, CARHR266950
OG0019645	Om002G061430	CARHR090860
OG0019646	Om002G076780	CARHR102950
OG0019650	Om003G100040	CARHR037630
OG0019653	Om003G129280	CARHR291520
OG0019654	Om003G094400	CARHR042660
OG0019657	Om068G377180, Om068G377150	CARHR287440
OG0019658	Om006G259660	CARHR158910
OG0019660	Om003G124380	CARHR170320
OG0019661	Om008G359560	CARHR175730
OG0019662	Om008G351610	CARHR254970
OG0019669	Om004G177100	CARHR212140
OG0019671	Om004G160940	CARHR292700
OG0019672	Om005G197550	CARHR017070
OG0019674	Om005G225060	CARHR049160
OG0019680	Om004G175820	CARHR211210
OG0019683	Om001G013040	CARHR033640
OG0019685	Om007G276970	CARHR031670
OG0019689	Om006G236810	CARHR275060
OG0019691	Om007G297690	CARHR290810
OG0019704	Om004G129510	CARHR074680
OG0019708	Om008G319640	CARHR142680
OG0019713	Om008G337090	CARHR130740
OG0019716	Om006G267850	CARHR150270
OG0019719	Om004G164890, Om004G164910	CARHR202550
OG0019730	Om006G257290	CARHR139720
OG0019736	Om006G232580	CARHR278790
OG0019778	Om006G271920	CARHR147960
OG0019782	Om001G006990	CARHR227830
OG0019786	Om008G357490	CARHR033320
OG0019788	Om003G104270	CARHR218730
OG0019791	Om004G156850, Om002G044840	CARHR077400
OG0019792	Om008G348120, Om008G348090	CARHR206460
OG0019798	Om004G140360	CARHR066970
OG0019799	Om004G142630	CARHR065300
OG0019800	Om002G060970	CARHR090610, CARHR043070
OG0019808	Om008G337820	CARHR130240
OG0019809	Om008G336810	CARHR130950
OG0019812	Om004G143660	CARHR023750, CARHR023740
OG0019820	Om002G045590	CARHR078060
OG0019821	Om002G045220	CARHR077720
OG0019828	Om007G284210	CARHR120650
OG0019829	Om007G316880	CARHR261740
OG0019832	Om005G177970	CARHR000510
OG0019836	Om006G263000	CARHR056730, CARHR153280
OG0019837	Om001G000570	CARHR045430
OG0019842	Om004G137490	CARHR069180
OG0019843	Om004G130100	CARHR074330
OG0019847	Om002G045620, Om008G327070, Om056G377060, Om007G284880, Om004G167620, Om002G047890, Om003G123580	CARHR217740
OG0019848	Om002G079970	CARHR104220
OG0019864	Om004G157930	CARHR248950
OG0019869	Om008G322860	CARHR148870
OG0019882	Om006G237440	CARHR274490
OG0019889	Om002G079140	CARHR118770
OG0019892	Om008G349900	CARHR255900
OG0019935	Om003G099220	CARHR038620
OG0019945	Om008G350510	CARHR255710
OG0019950	Om008G319580	CARHR142730
OG0019951	Om004G175610	CARHR210850
OG0019953	Om007G285000	CARHR119220
OG0019954	Om001G019190	CARHR234530
OG0019955	Om008G336280	CARHR131480
OG0019958	Om005G210730	CARHR061330
OG0019963	Om004G130170	CARHR074260
OG0019965	Om006G245140	CARHR273980
OG0019969	Om006G251830	CARHR165570
OG0019974	Om008G346040	CARHR254480
OG0019977	Om008G321440	CARHR141200
OG0019978	Om008G320980	CARHR141650
OG0019980	Om001G028550, Om001G028540	CARHR239800
OG0019983	Om006G270760, Om005G189890	CARHR011290
OG0019991	Om004G171010	CARHR207310
OG0019992	Om007G288470	CARHR027670
OG0019994	Om006G247920	CARHR272080
OG0020006	Om008G327120, Om008G359950	CARHR109280
OG0020019	Om002G068840	CARHR096740
OG0020024	Om008G337230	CARHR130650
OG0020036	Om004G163290	CARHR201480
OG0020040	Om004G157160	CARHR248160
OG0020056	Om005G189030	CARHR054230, CARHR153980
OG0020098	Om008G321980, Om003G117700	CARHR269000
OG0020099	Om001G006640	CARHR227630
OG0020101	Om007G287840	CARHR036690
OG0020112	Om006G260640	CARHR266500
OG0020113	Om004G158650, Om007G291490	CARHR155820
OG0020117	Om002G066060	CARHR094290
OG0020129	Om003G123870	CARHR123510
OG0020130	Om007G290620, Om006G259190	CARHR159210
OG0020131	Om008G355120	CARHR252420
OG0020136	Om005G178580	CARHR001140
OG0020137	Om005G191080	CARHR012180
OG0020142	Om004G174210	CARHR209790
OG0020154	Om006G260650	CARHR096410
OG0020159	Om003G113690	CARHR028340
OG0020165	Om003G094530	CARHR106900
OG0020171	Om005G225850, Om004G163060	CARHR249920
OG0020174	Om002G042410	CARHR075190
OG0020198	Om004G140420	CARHR215470
OG0020204	Om003G095300	CARHR042070
OG0020209	Om001G027180	CARHR078460, CARHR166180
OG0020213	Om068G377190	CARHR282240
OG0020215	Om007G314330	CARHR288480
OG0020221	Om006G246320	CARHR285720, CARHR155280, CARHR050240, CARHR137640
OG0020271	Om005G212840	CARHR059650
OG0020284	Om002G042720	CARHR075510
OG0020292	Om003G108770	CARHR001860
OG0020293	Om005G179130	CARHR001670
OG0020298	Om006G263820	CARHR156540
OG0020303	Om002G058970	CARHR089100
OG0020310	Om008G342280, Om008G328750, Om008G328800, Om007G314430, Om008G328730	CARHR273560, CARHR237640
OG0020311	Om008G326820	CARHR137380
OG0020314	Om008G336300	CARHR241700
OG0020316	Om005G210030, Om007G304100	CARHR061730
OG0020321	Om002G084160	CARHR221050
OG0020326	Om007G291910	CARHR030690
OG0020329	Om007G301510	CARHR199030
OG0020367	Om006G240180	CARHR188020
OG0020387	Om001G033320	CARHR243080
OG0020472	Om005G215870	CARHR055440
OG0020481	Om006G246580	CARHR285540
OG0020488	Om003G097600	CARHR040040
OG0020497	Om002G042670	CARHR075460
OG0020501	Om005G218450	CARHR008180
OG0020507	Om005G180180, Om008G360870	CARHR290540
OG0020509	Om005G223140, Om005G223120, Om005G223100	CARHR185740, CARHR007120
OG0020512	Om005G201630	CARHR020200
OG0020517	Om005G204650	CARHR110560
OG0020521	Om006G231200	CARHR279880
OG0020523	Om005G194790	CARHR015040
OG0020544	Om007G284370	CARHR120450
OG0020556	Om001G006030	CARHR256060
OG0020564	Om008G362250	CARHR280780, CARHR174090
OG0020564	Om008G362380	CARHR174110
OG0020581	Om004G160810	CARHR251600
OG0020590	Om007G306100	CARHR160700
OG0020610	Om002G081130	CARHR119610, CARHR180710
OG0020626	Om008G347260	CARHR180560, CARHR180500, CARHR180520, CARHR041360, CARHR041300, CARHR180510, CARHR041330, CARHR036730, CARHR180550
OG0020666	Om001G022530	CARHR236090
OG0020688	Om003G089810	CARHR045590
OG0020690	Om003G128920, Om003G128910	CARHR173440
OG0020705	Om002G051110, Om004G132530, Om004G132550	CARHR072420
OG0020711	Om002G075090	CARHR101550
OG0020717	Om001G000360	CARHR224200, CARHR224190
OG0020721	Om007G290230	CARHR029160
OG0020722	Om007G284160	CARHR120710
OG0020756	Om003G125150	CARHR170830
OG0020786	Om003G090830	CARHR044850
OG0020822	Om004G145720, Om004G145730	CARHR038250
OG0020829	Om005G200790	CARHR171440
OG0020884	Om005G228770	CARHR046350
OG0020891	Om002G075110	CARHR064980
OG0020896	Om004G140720	CARHR066770
OG0020901	Om005G226100	CARHR039380
OG0020907	Om003G125060	CARHR165340
OG0020909	Om006G229260	CARHR281490
OG0020912	Om007G278620	CARHR036710
OG0020925	Om005G182250	CARHR004460
OG0020927	Om005G208130	CARHR177170, CARHR144910
OG0020931	Om002G059270	CARHR089450
OG0020932	Om002G054660	CARHR085870
OG0020940	Om007G298890	CARHR197220
OG0020943	Om006G240780	CARHR187400
OG0020953	Om004G144580	CARHR219010
OG0020971	Om005G211820	CARHR060510
OG0021003	Om006G244050	CARHR191000
OG0021097	Om006G250680	CARHR166380
OG0021134	Om004G154980	CARHR059210, CARHR113880, CARHR054990
OG0021214	Om006G271250	CARHR148690
OG0021228	Om007G284100	CARHR120770
OG0021234	Om002G061600	CARHR216790
OG0021244	Om003G099470	CARHR038130
OG0021253	Om002G077630	CARHR120410
OG0021282	Om006G230050	CARHR280860
OG0021284	Om005G188690	CARHR010290
OG0021314	Om002G049680	CARHR081570
OG0021336	Om003G120270	CARHR167340
OG0021343	Om007G294060	CARHR186530, CARHR186380
OG0021359	Om008G360110, Om008G360100, Om008G360150, Om008G360080	CARHR175170
OG0021482	Om001G033520	CARHR243220
OG0021577	Om007G306720, Om009G363700	CARHR183290
OG0021589	Om003G101120	CARHR290180, CARHR290160
OG0021594	Om003G098690	CARHR039140
OG0021612	Om003G101610	CARHR226900, CARHR222070
OG0021624	Om006G254460	CARHR101850
OG0021626	Om005G180170	CARHR000310
OG0021638	Om004G135980	CARHR226920, CARHR045670, CARHR045690
OG0021662	Om007G292310	CARHR286940
OG0021691	Om002G064450	CARHR093120
OG0021696	Om006G251850	CARHR102290
OG0021725	Om006G259810	CARHR158840
OG0021757	Om015G371490	CARHR282500, CARHR282380, CARHR282370
OG0021791	Om005G228700	CARHR046410
OG0021792	Om005G213990	CARHR292280
OG0021794	Om002G061330	CARHR090790
OG0021823	Om003G124520	CARHR286680, CARHR052170, CARHR242270
OG0021868	Om005G180790	CARHR179020, CARHR215110
OG0021886	Om006G233950	CARHR277570
OG0021934	Om002G082790	CARHR192450
OG0021934	Om002G082770, Om006G242280	CARHR192250
OG0022071	Om002G042890	CARHR075700
OG0022089	Om004G137050	CARHR159220, CARHR159260
OG0022101	Om007G284390, Om003G120070	CARHR104710, CARHR241490
OG0022134	Om002G063740	CARHR092460
OG0022154	Om006G240670	CARHR187240
OG0022234	Om006G254530	CARHR163430
OG0022348	Om005G195560	CARHR231060
OG0022351	Om006G258350	CARHR120930
OG0022447	Om002G042960	CARHR075770
OG0022531	Om001G024220	CARHR059030, CARHR287800, CARHR185440
OG0022538	Om003G117530	CARHR110950
OG0022544	Om007G313520	CARHR084310, CARHR084300, CARHR084340, CARHR084320
OG0022687	Om001G011940	CARHR032460
OG0022699	Om013G369500	CARHR111770
OG0022700	Om005G202410	CARHR020770
OG0022766	Om006G248940	CARHR148840
OG0022832	Om007G287080	CARHR037250
OG0022957	Om001G008600	CARHR170990, CARHR170980
OG0023350	Om005G225010	CARHR049610, CARHR049370, CARHR049290
OG0023401	Om003G117840	CARHR038650, CARHR038660
OG0023408	Om006G236310	CARHR276780
OG0023564	Om008G348010	CARHR228570
OG0023581	Om005G219480	CARHR180260
OG0023653	Om004G130540, Om004G130550	CARHR265030
OG0023914	Om003G100160	CARHR282590
OG0023965	Om008G355810	CARHR035680, CARHR053330
OG0023985	Om007G296590	CARHR105910, CARHR108660
OG0024003	Om005G218440, Om011G365980	CARHR008160
OG0024546	Om002G064250, Om002G077570	CARHR129660
OG0024636	Om008G330920, Om008G330870	CARHR103460
OG0025075	Om002G085170	CARHR108650
OG0025152	Om001G011960	CARHR032470
OG0025274	Om006G275010	CARHR144850
OG0025279	Om001G040210	CARHR292660
OG0025506	Om007G291510	CARHR029980
OG0025525	Om005G206470	CARHR152420
OG0025684	Om036G375970	CARHR212410, CARHR143580
OG0026007	Om008G329560	CARHR036880
OG0026448	Om001G033810	CARHR243400
OG0026460	Om001G012210	CARHR033500
OG0026485	Om005G188850	CARHR009050
OG0026490	Om005G222190	CARHR051580, CARHR051590
OG0026500	Om006G271420	CARHR102240
OG0026503	Om004G153440, Om004G154850, Om018G374100	CARHR159470
OG0026504	Om003G127460	CARHR172300, CARHR258230
OG0027499	Om006G269870	CARHR149730
OG0027537	Om004G157530	CARHR201200
OG0028260	Om001G000830	CARHR060690
OG0029463	Om003G097550, Om006G237400	CARHR079080
OG0029467	Om008G352330, Om001G021480	CARHR107460
OG0029468	Om004G151330	CARHR114290
OG0029483	Om006G259110	CARHR158640
OG0029496	Om001G027570	CARHR248280
OG0029501	Om006G234670, Om006G234660	CARHR276900
OG0029502	Om001G026030, Om002G067540	CARHR284760
OG0035601	Om004G165760	CARHR028750
OG0035625	Om006G236410	CARHR055570
OG0035634	Om005G198610	CARHR059850
OG0035654	Om007G303220	CARHR109560
OG0035661	Om004G133120	CARHR115810
OG0035673	Om003G114930	CARHR131240
OG0035697	Om001G000240	CARHR173990
OG0035711	Om007G300230	CARHR193060
OG0035743	Om003G114440	CARHR266190
OG0035752	Om001G016450	CARHR290230
OG0035753	Om005G212730	CARHR290960
