Orthogroup	Eutrema_salsugineum	Cochlearia_excelsa
OG0000000	XP_024014993.1	g26033
OG0000000	XP_024007302.1	g42564
OG0000000	XP_024016564.1	g15021, g14313, g26667, g34561, g33258, g9320, g52602, g15980, g9399, g48666, g48519, g42149, g33583, g9343, g3511, g4436, g52504
OG0000000	XP_024009381.1	g4171, g14802
OG0000000	XP_024009341.1	g26362, g33443, g24882, g17665, g42071, g52754, g33447, g35195, g52439, g3554, g15622
OG0000000	XP_024010464.1, XP_024010442.1, XP_024015847.1, XP_024009247.1, XP_024014224.1	g26383, g33093, g4110, g4097, g30683, g26378, g35533, g25248, g49071
OG0000000	XP_024010601.1	g43020, g17839, g3760, g25775, g53118, g25015, g4429, g35899
OG0000002	XP_024014502.1, XP_024010212.1	g26238, g91, g25759, g5461, g22857, g4776, g34979, g16823, g16351, g32695, g11929, g28129, g37738, g26240, g26182, g34796
OG0000002	XP_024010711.1	g1903
OG0000002	XP_024010270.1	g35474
OG0000002	XP_024014438.1	g18734
OG0000002	XP_024006551.1, XP_024009464.1, XP_024006130.1, XP_024014521.1	g48969
OG0000002	XP_024007921.1	g43961, g37679, g4011, g51790, g16350
OG0000002	XP_024006401.1, XP_024014700.1	g16610, g46300, g35125, g18735, g50561, g37142, g2226, g28809, g44629, g11930, g19637, g46088, g54220, g22302
OG0000002	XP_024016328.1	g14412
OG0000002	XP_024013349.1, XP_024007240.1	g17598, g51597, g28460, g25506, g14097, g4778, g53950
OG0000002	XP_024013327.1, XP_024006099.1, XP_024009744.1, XP_024011203.1, XP_024007922.1, XP_024014218.1	g39438, g23770, g9964, g31362, g42923, g35831, g54196, g53818, g2533, g18045, g23774, g25411, g5655, g22726, g5204, g26709, g36393, g17831, g22441, g53912
OG0000002	XP_024015242.1	g22482
OG0000002	XP_024006422.1, XP_024016543.1, XP_024005004.1, XP_024009474.1, XP_024010365.1, XP_024014482.1, XP_024016829.1, XP_024013731.1, XP_024013994.1, XP_024004771.1, XP_024016221.1, XP_024016325.1, XP_024006657.1, XP_024009437.1, XP_024011378.1, XP_024004829.1, XP_024013154.1, XP_024004145.1, XP_024004820.1, XP_024014451.1, XP_024013995.1, XP_024004949.1, XP_024009949.1, XP_024010385.1, XP_024016831.1, XP_024010916.1, XP_024012926.1, XP_024007765.1, XP_024010917.1, XP_024004042.1, XP_024004013.1, XP_024004918.1, XP_024015916.1, XP_024013252.1, XP_024016214.1, XP_024016545.1, XP_024004973.1, XP_024004934.1, XP_024010481.1, XP_024011386.1, XP_024014573.1, XP_024016544.1, XP_024004936.1, XP_024015298.1, XP_024014816.1, XP_024013904.1, XP_024016251.1, XP_024011355.1, XP_024009618.1, XP_024016832.1, XP_024015942.1, XP_024011289.1, XP_024013913.1, XP_024004935.1, XP_024016563.1, XP_024013919.1, XP_024007222.1, XP_024015214.1, XP_024014701.1, XP_024014765.1, XP_024010367.1, XP_024007242.1	g43921, g32761, g36765, g14069, g17547, g14322, g41536, g45709, g24274, g47656, g12054, g47868, g1902, g19537, g26066, g35225, g28127, g22356, g22360, g22520, g44403, g12891, g44628, g35850, g4203, g35639, g26118, g50077, g31091, g4823, g32236, g44742, g2225, g49283, g24145, g22362, g11797, g37739, g31863, g39437, g26239
OG0000002	XP_024016294.1	g50948, g9965, g36751, g31361, g40655, g36749, g37143, g29002, g12407, g13031, g36480, g51473, g1614, g15078, g35122, g9947, g12827, g14099, g16024, g3989
OG0000002	XP_024009486.1	g47542, g49137, g35212, g4894, g16051
OG0000002	XP_024006459.1	g26461
OG0000003	XP_024010390.1	g3918, g36376, g25688, g7971
OG0000003	XP_006391417.2, XP_024011134.1	g35024, g42010
OG0000003	XP_024010447.1	g34343, g34347, g42612
OG0000003	XP_024013113.1, XP_024016241.1, XP_024013903.1, XP_006404995.2	g3007
OG0000003	XP_024013358.1	g19913, g14065
OG0000003	XP_006402217.2	g43208
OG0000003	XP_024016125.1	g25223
OG0000003	XP_024003648.1	g43589
OG0000003	XP_024013775.1	g41973
OG0000003	XP_024016242.1	g33680, g9355, g15407, g21631, g38950, g34586, g21782, g21660, g39023, g15482, g21883
OG0000003	XP_024009086.1, XP_024016190.1, XP_024013070.1, XP_024016232.1, XP_024007244.1, XP_024009447.1, XP_024011359.1, XP_024009254.1, XP_024016210.1, XP_024010672.1, XP_024011237.1	g21100, g15220, g22475, g21086, g11617, g8880, g21791, g21805
OG0000003	XP_024009771.1	g34585, g38685, g33681, g53237, g30184, g21769, g48097, g15439, g38758, g38943, g35769
OG0000003	XP_024015858.1	g15722, g16106, g21595
OG0000003	XP_024014001.1	g21798, g21724, g20472, g9367, g20087, g21565, g33957, g8861, g52750, g34641, g38687, g43070, g15232, g42420, g42441, g9347, g7984, g26551, g33767, g21045, g20998, g38763, g42487, g21234, g52986
OG0000003	XP_024015845.1	g8364, g30181, g15105, g19836, g34664, g34657, g34660, g9423, g9443, g48369, g39153
OG0000003	XP_024010571.1, XP_024010572.1	g45643
OG0000003	XP_024016386.1, XP_024014880.1	g21043, g21430, g20482, g33723, g20039, g8413, g21011, g34716, g35854, g20765, g15434, g39083, g9494, g38857, g21250, g34167, g20489, g38810, g24943, g34165, g24761, g19816, g43672, g20027, g48040, g20508, g20015, g35092, g20945, g20464, g20029, g9457, g38874, g9378, g39004, g21001, g20545, g9552, g21258, g22061, g25147, g6066
OG0000003	XP_024010454.1, XP_024010649.1, XP_024013240.1	g8357, g30183, g8315, g48435, g38569, g48098, g21770, g22560
OG0000003	XP_024016355.1	g34916, g35398
OG0000003	XP_024016373.1	g21658, g15405, g9357, g42284, g8878
OG0000003	XP_024013095.1, XP_024007283.1, XP_024009480.1, XP_024009250.1, XP_024016376.1, XP_024010624.1, XP_024013376.1, XP_024007271.1, XP_024009449.1	g15422, g52461, g39056
OG0000003	XP_024014528.1, XP_024014499.1, XP_024006399.1	g34632, g8186, g30075, g42471, g19890, g26435, g33523, g34553, g30141
OG0000003	XP_024009493.1	g8684
OG0000003	XP_024013060.1	g20618, g30193, g21406, g42425, g33817, g15177
OG0000004	XP_024013148.1	g10434, g43405, g12783, g14416, g3096
OG0000004	XP_024014264.1	g36856, g41934, g15642
OG0000004	XP_024004139.1	g43738
OG0000004	XP_024008027.1	g32052, g40877
OG0000004	XP_024004414.1	g44562, g51061, g1238, g44545, g28474, g44506, g5899, g23419, g2263, g52921, g13894, g34861, g19097, g29058
OG0000005	XP_024014484.1, XP_024013044.1, XP_024009292.1	g36085, g26760, g14872
OG0000005	XP_024013918.1, XP_024007904.1	g44061, g30358, g31394, g54192, g43888, g3832
OG0000005	XP_006404467.1	g47996, g36759, g22674, g50707, g1267, g22012, g54239, g2983, g43671, g6090, g9847, g53582
OG0000005	XP_024009307.1	g35969
OG0000005	XP_024004939.1	g10582
OG0000005	XP_024016213.1	g4402
OG0000005	XP_024014912.1	g43360
OG0000005	XP_024006395.1	g43361
OG0000006	XP_024012910.1	g16483
OG0000006	XP_024013935.1	g51769, g50470, g45886
OG0000006	XP_024004051.1	g4033, g47006
OG0000006	XP_024006790.1, XP_024014672.1	g41913, g42739
OG0000006	XP_024007990.1, XP_024006104.1, XP_024004744.1, XP_024013221.1, XP_024016233.1, XP_024015025.1, XP_024013606.1	g24749, g9677
OG0000006	XP_024004172.1	g9032, g4218
OG0000006	XP_024004241.1	g35394, g34804
OG0000006	XP_024009670.1	g23854
OG0000006	XP_024011309.1	g4635
OG0000006	XP_024006428.1	g14489
OG0000006	XP_024006841.1, XP_024006492.1	g25855
OG0000006	XP_024013856.1, XP_024014636.1	g40547
OG0000006	XP_024010848.1, XP_024004788.1	g43721
OG0000006	XP_024012279.1, XP_024004851.1, XP_024009378.1, XP_024009383.1	g5266
OG0000007	XP_024004899.1	g32529, g4407, g31989, g13935, g14625, g51108, g47070, g1710, g16965, g1635, g23387, g43826, g49581, g17148, g14904, g12767, g557, g47735, g14365, g14626, g1711, g39880, g3316
OG0000008	XP_024011354.1, XP_024004796.1, XP_024014490.1, XP_024015964.1	g27813
OG0000008	XP_024004048.1	g52586
OG0000008	XP_024015912.1	g35285
OG0000008	XP_024013171.1, XP_024010288.1, XP_024007970.1	g26783
OG0000008	XP_024007971.1	g27995
OG0000008	XP_024006483.1	g36794
OG0000008	XP_024010377.1, XP_024010217.1	g39484
OG0000008	XP_024009261.1	g49591
OG0000010	XP_024014048.1	g48055, g21528, g3243, g30443, g48036
OG0000010	XP_006408809.2	g47252, g39500, g24132, g5068, g50920
OG0000010	XP_024016379.1	g44720, g33041
OG0000010	XP_024010715.1	g28227
OG0000010	XP_024015164.1, XP_024011409.1	g52910
OG0000010	XP_024005930.1, XP_024013196.1	g43026
OG0000010	XP_024014412.1	g4530
OG0000010	XP_024011402.1, XP_024006535.1	g30462, g52428
OG0000010	XP_024006470.1	g25611, g42724, g21558, g24842, g4696, g16438, g14613, g21436, g43840, g44712, g16683, g42926, g35691, g30752, g14081
OG0000010	XP_024013115.1, XP_024005000.1	g41484, g8779
OG0000010	XP_024014009.1, XP_024005602.1	g11190
OG0000010	XP_024015893.1, XP_024010463.1, XP_024007899.1	g17572, g53675, g54116, g54113, g54241, g6234, g53260, g44812, g24010, g44192, g3068, g39175, g28023, g4887, g47228, g8005, g26725, g35833, g35518, g53673, g3069, g17573, g3504, g9319, g53408, g28022, g39176, g53409, g26698, g35837, g41542, g11588, g8003, g9317
OG0000010	XP_024013164.1	g30067, g3926, g53883
OG0000011	XP_024013517.1	g24724
OG0000011	XP_024009191.1, XP_024007975.1, XP_024004037.1, XP_024013982.1, XP_024016238.1, XP_024014463.1, XP_024004034.1, XP_024014215.1	g42924
OG0000011	XP_024009752.1	g1630
OG0000011	XP_024013555.1, XP_024014250.1, XP_024004056.1, XP_024015282.1, XP_024005228.1, XP_024013668.1, XP_024011270.1, XP_024011250.1, XP_024016577.1, XP_024006682.1, XP_024010432.1, XP_024013382.1, XP_024016101.1, XP_024008037.1, XP_024016298.1, XP_024004043.1, XP_024006510.1, XP_024013925.1	g3436
OG0000011	XP_024010196.1	g26075, g4219, g9033
OG0000012	XP_024016167.1	g6328
OG0000012	XP_024013199.1	g3443, g34444, g34449
OG0000012	XP_024005031.1	g22633, g29934, g15083, g22215, g22629, g22646, g15076, g22641, g29927, g22634, g29918, g22636, g22650, g22626, g22643, g29930, g22625, g34876
OG0000012	XP_024004033.1	g42217, g52731
OG0000012	XP_024010406.1	g42216, g42233
OG0000013	XP_024010488.1, XP_024009587.1, XP_024014718.1, XP_024014871.1, XP_024010269.1, XP_024010603.1, XP_024010602.1, XP_024015954.1, XP_024009244.1, XP_024009423.1, XP_024007245.1, XP_024009582.1, XP_024009448.1, XP_024007269.1, XP_024014984.1, XP_024006558.1, XP_024011363.1, XP_024013386.1, XP_024010675.1, XP_024010915.1, XP_024005024.1, XP_024013120.1, XP_024013068.1	g52620
OG0000013	XP_024011336.1, XP_024007272.1	g48035
OG0000013	XP_024004869.1, XP_024013112.1	g52356
OG0000013	XP_024009217.1, XP_024010471.1, XP_024016668.1, XP_024004795.1, XP_024015926.1, XP_024006469.1, XP_024007909.1, XP_024006481.1, XP_024010423.1, XP_024016274.1	g24947, g35918, g53893, g41958
OG0000014	XP_024016530.1	g37854, g44201, g25623
OG0000014	XP_024006432.1, XP_024013961.1	g51642, g51639, g52234
OG0000014	XP_024006397.1	g35462, g22865, g25239, g2403, g43444, g14684, g51667, g10636, g1971, g16696, g10635, g10250, g28380, g40837, g27277, g11042, g6703, g5857, g12182, g17733, g4522, g4817, g28381, g10251, g5946, g32004, g44051, g39722, g1567, g16864
OG0000014	XP_024004022.1, XP_024009402.1	g34969, g44092, g17909, g17916
OG0000014	XP_024004866.1	g43483
OG0000014	XP_024009964.1	g37855, g34322, g34333, g14397, g1371, g9158, g24560, g8931, g20629, g40584, g25627
OG0000014	XP_024013371.1, XP_024016228.1	g14333, g48940, g28379, g22864, g14683, g17906, g30722, g53391, g16697, g10634, g1970, g40835, g10249, g44050, g4521, g17734, g32003, g4816, g28378, g1568, g51668, g10565, g27276, g40834, g40838, g10566, g53860, g35555
OG0000014	XP_024013181.1, XP_024016301.1, XP_024004089.1	g51640, g52235
OG0000015	XP_024012449.1	g53814, g16594, g16764, g14880, g952, g32985, g12170, g24863
OG0000015	XP_024006904.1	g3313, g42908, g24843, g26998, g48095, g12672, g5446, g26670, g41116, g47966, g53567
OG0000015	XP_024014590.1	g35685, g3173
OG0000015	XP_024006143.1	g28764, g14677, g6769, g4758, g26125, g35711, g35700
OG0000017	XP_024010923.1, XP_024015878.1, XP_024016723.1, XP_024004986.1, XP_024014812.1, XP_024016106.1, XP_024006565.1, XP_024011333.1, XP_024013063.1, XP_024010757.1, XP_024015902.1, XP_024006617.1, XP_024007259.1, XP_024013145.1, XP_024005036.1, XP_024010660.1, XP_024006547.1, XP_024014443.1, XP_024010319.1, XP_024013043.1, XP_024013948.1, XP_024010782.1, XP_024013965.1, XP_006405034.2, XP_024013964.1, XP_024016366.1, XP_024009241.1, XP_024010575.1, XP_024013056.1, XP_024014425.1, XP_024009794.1, XP_024013930.1	g5712, g5713
OG0000017	XP_024005003.1	g4190, g3679, g33003
OG0000017	XP_024014745.1	g34543
OG0000017	XP_024016132.1	g3669, g48346, g48867
OG0000017	XP_024014258.1	g8266
OG0000017	XP_024010776.1, XP_024011342.1, XP_024013985.1, XP_024014689.1, XP_024014221.1	g41997, g33121, g3359, g6214
OG0000018	XP_024008232.1	g14567, g33125, g25750
OG0000019	XP_024003642.1	g16593, g27930, g4588, g36529, g42561, g14492, g51080, g41576, g52671, g24908, g42560, g4839, g33386, g45605, g16592, g1020, g46208, g40680, g40322, g46628, g9756, g2482, g2714, g46138, g11450, g50714, g6794, g51199
OG0000019	XP_024010115.1, XP_024013301.1, XP_024010379.1, XP_024013975.1, XP_024006589.1, XP_024014025.1, XP_024006532.1, XP_024010647.1, XP_024011223.1, XP_024013321.1, XP_024016207.1, XP_024004800.1, XP_024016569.1	g11917, g53760, g9705, g35966, g50936, g40612, g52670, g3241, g43706
OG0000019	XP_024016750.1	g18942, g2713
OG0000019	XP_024004844.1, XP_024004832.1, XP_024012731.1, XP_024006275.1	g2720, g19256
OG0000020	XP_024005014.1	g35282, g34309, g41784, g25262, g3253, g8229, g5355, g32774, g16031, g35327, g35065, g34339, g4385, g27854, g31992, g15955, g29531, g13754, g35344, g16096
OG0000020	XP_024009309.1	g35283, g34310
OG0000020	XP_024007954.1	g7451
OG0000020	XP_024004841.1	g34311, g35284, g3254, g4129, g26122
OG0000021	XP_024006573.1, XP_024005010.1, XP_024015179.1, XP_024016553.1	g14063
OG0000021	XP_024009427.1	g49844, g38320
OG0000021	XP_024004072.1	g45682, g1448
OG0000021	XP_024006452.1	g18622, g34726
OG0000021	XP_024010290.1	g41636, g35681, g14225
OG0000021	XP_024004813.1, XP_024004020.1	g40050, g47160, g49473, g26165
OG0000023	XP_006413557.1	g23897
OG0000023	XP_024010236.1	g25717, g25713
OG0000023	XP_006396897.2	g48946, g43193
OG0000023	XP_006396896.1	g25723
OG0000023	XP_006396908.2	g25720
OG0000023	XP_006396890.1	g40374
OG0000023	XP_024004623.1	g23907, g24643
OG0000024	XP_024015890.1, XP_024015948.1, XP_024009340.1, XP_024009360.1, XP_024016194.1, XP_024010576.1, XP_024016381.1	g50024
OG0000024	XP_024010607.1, XP_024010395.1, XP_024010031.1, XP_024014629.1, XP_024013325.1, XP_024009252.1, XP_024005030.1, XP_024010538.1, XP_024013236.1, XP_024009358.1, XP_024006512.1, XP_024010470.1, XP_024015875.1, XP_024007256.1, XP_024014509.1, XP_024014381.1, XP_024013956.1, XP_024015961.1, XP_024014533.1, XP_024010352.1, XP_024014232.1, XP_024016364.1, XP_024013986.1, XP_024016315.1, XP_024010240.1, XP_024015868.1, XP_024009903.1, XP_024009316.1, XP_024013380.1, XP_024010351.1, XP_024014578.1, XP_024004921.1, XP_024004997.1, XP_024016561.1, XP_024015840.1, XP_024015053.1, XP_024011325.1, XP_024010433.1, XP_024010388.1, XP_024007293.1, XP_024004023.1, XP_024010308.1, XP_024014886.1, XP_024013048.1, XP_024014471.1, XP_024014504.1, XP_024013395.1, XP_024005028.1, XP_024007270.1, XP_024014523.1, XP_024009257.1, XP_024015873.1, XP_024006660.1, XP_024016277.1, XP_024015857.1, XP_024013208.1, XP_024009483.1, XP_024004978.1, XP_024009413.1, XP_024010416.1, XP_024006477.1, XP_024004833.1, XP_024013110.1, XP_024014290.1, XP_024011257.1, XP_024015161.1, XP_024010460.1, XP_024010296.1, XP_024015036.1, XP_024013216.1, XP_024010356.1, XP_024010434.1, XP_024016114.1, XP_024010345.1, XP_024014548.1, XP_024004944.1	g36077
OG0000026	XP_024014744.1	g17281, g33392, g4347, g50791, g25246, g46637
OG0000026	XP_024009325.1, XP_024006530.1, XP_024013992.1, XP_024011284.1	g27047
OG0000027	XP_006393240.1, XP_006393242.1, XP_006393293.1, XP_006393290.1, XP_006393291.1, XP_006393292.2, XP_006393224.2	g43450
OG0000027	XP_006415341.2, XP_024007951.1, XP_006415394.1	g40788
OG0000027	XP_006402766.1	g2269
OG0000029	XP_024007307.1	g13421, g8998, g26310, g29945, g30548, g38806, g8608, g9084, g30701, g9122, g48831, g29967, g8634, g30668, g16178, g36823, g26225, g26222, g43704, g4265, g4261, g27334, g29817, g13419
OG0000029	XP_024010526.1	g27333
OG0000029	XP_024013940.1	g35531, g12208
OG0000029	XP_024005553.1	g1672
OG0000030	XP_024009659.1	g41465, g35926
OG0000030	XP_024009944.1	g6307, g53556
OG0000030	XP_024011303.1	g35927, g599, g13492, g26692, g27960, g54342, g16927
OG0000030	XP_024016200.1	g43602, g51339
OG0000030	XP_024009281.1	g8825, g44522, g52187, g7355, g48552, g20859, g38829, g47921, g53555, g6340, g37181, g16111
OG0000031	XP_006391833.2	g40889
OG0000031	XP_006391783.1, XP_006391806.1, XP_006391807.1, XP_006391822.1, XP_006391862.1, XP_006391821.1, XP_006391819.1, XP_024003783.1, XP_006391808.1, XP_006391749.1	g40881, g40949, g40859, g40857, g40951, g6403, g40794
OG0000031	XP_006400202.2	g5030
OG0000031	XP_024015415.1	g13269
OG0000031	XP_006413138.1	g17118
OG0000031	XP_006391605.2	g40752
OG0000032	XP_024014421.1	g3147, g20823
OG0000032	XP_024011365.1	g53822, g44165, g4624, g6966, g53873, g32714, g13890, g46293, g39938, g26771, g32568, g29256, g19401, g44942, g3737
OG0000033	XP_024010975.1	g23911
OG0000033	XP_024005104.1	g24014
OG0000033	XP_006413576.1	g23912
OG0000034	XP_024016360.1, XP_024014012.1, XP_024016375.1	g15118, g44910
OG0000034	XP_024004803.1	g42218, g42234
OG0000034	XP_024016361.1	g15664, g3441, g9297
OG0000035	XP_024005913.1	g51285
OG0000035	XP_006407903.2	g29294, g52064, g52069, g52073
OG0000036	XP_024013600.1	g3196
OG0000036	XP_024012609.1, XP_024009371.1	g23185, g33000, g49100, g41178, g43966
OG0000037	XP_024006537.1	g24879, g28165, g5623, g29089, g26707, g24763, g47054, g2374, g50425, g35466
OG0000037	XP_024009363.1	g10090
OG0000038	XP_024013595.1	g24239
OG0000038	XP_006412465.2	g49458
OG0000038	XP_024015270.1	g44982, g44984, g44985, g7414
OG0000040	XP_024008003.1	g38367, g38376, g38372, g38380
OG0000040	XP_024015244.1, XP_024010547.1, XP_024009293.1	g13193, g13194
OG0000040	XP_024016186.1	g13797, g13799
OG0000042	XP_024006511.1	g26735, g12385
OG0000042	XP_024009299.1	g41631, g25133, g41632, g52948, g49021
OG0000042	XP_024006069.1	g49152
OG0000042	XP_024009938.1	g22786, g41711, g1466, g28310, g17388, g32821
OG0000043	XP_024010437.1, XP_024007262.1, XP_024009578.1, XP_024013932.1, XP_024010157.1, XP_024006559.1	g48023, g20877, g16667, g2616
OG0000043	XP_024006543.1	g11527, g13738
OG0000043	XP_024006482.1	g32961
OG0000043	XP_024009399.1	g22195
OG0000043	XP_024007316.1, XP_024007298.1	g48032
OG0000043	XP_024009765.1, XP_024010410.1, XP_024016309.1	g34238
OG0000043	XP_024010349.1	g35754
OG0000043	XP_024009470.1, XP_024013312.1, XP_024013525.1, XP_024015866.1, XP_024016521.1	g3543, g19674, g47268
OG0000043	XP_024013069.1	g53889, g53885, g42037
OG0000043	XP_024009580.1	g14337, g24011, g3506, g47231
OG0000043	XP_024014519.1	g4564, g25886, g53199, g35810, g14843
OG0000043	XP_024013224.1, XP_024009176.1, XP_024010625.1, XP_024009457.1, XP_024016866.1, XP_024009118.1, XP_024015906.1	g33040
OG0000044	XP_024010419.1, XP_024009726.1	g11589, g26196
OG0000044	XP_024015030.1	g14749, g15027, g4490, g17910, g17917, g16165, g31981, g43446, g3382, g2931, g36166, g25959
OG0000045	XP_024010150.1, XP_024008086.1, XP_024015905.1, XP_024013201.1	g7244, g39351, g17718, g41293
OG0000045	XP_024011373.1, XP_024015844.1, XP_024006123.1, XP_024006531.1, XP_024010635.1, XP_024009411.1	g42618
OG0000046	XP_024014419.1	g46717
OG0000046	XP_024014362.1	g18113
OG0000046	XP_006391458.1	g18042
OG0000047	XP_024014292.1	g12885, g12881, g4320, g7910, g17624, g3384, g3851
OG0000047	XP_024013907.1	g17625, g1600, g9048, g38613, g25950, g51908, g51086, g3105, g35778, g4908, g50533, g4057, g45362, g11965, g14017, g40648, g36233, g53480, g48919, g51839, g3386, g1262, g46383, g37253, g10849, g36778, g1473, g49160, g47659, g43703, g25474, g28245, g53765, g45296, g42772
OG0000047	XP_024011136.1	g51126, g3852
OG0000048	XP_006400352.1, XP_006400344.1	g29028, g29029
OG0000048	XP_006400345.1	g4944
OG0000049	XP_024004893.1	g43788, g43772, g13437, g45167, g147, g24813, g7666, g51916, g39805, g10790, g44228, g1493, g2502, g53420, g10267, g16671
OG0000049	XP_024004768.1	g7668, g44227, g39804, g53419
OG0000049	XP_024011348.1	g45435
OG0000049	XP_024011200.1	g17752, g35246, g25631, g52028, g45305, g46623, g39982, g37529, g36193, g23611, g11002, g2399, g23029, g22934, g376, g47861, g44112, g6602, g36505, g12095, g19466, g919, g7174, g3137, g27324, g24163, g1087, g46399, g46729, g50524, g28511, g54100, g47181, g829, g46775, g28413, g14428, g45388, g13757, g29231, g6871, g32168, g24458, g6376, g43896, g4749, g12068, g44857, g3861, g36846, g23483, g47037, g18721, g11656, g27986, g5166, g50226, g12226, g46640, g41551, g45877, g11828, g49352, g32343
OG0000050	XP_024013032.1	g44326, g2819, g44187
OG0000052	XP_024004184.1	g37450
OG0000054	XP_006397270.2	g9679, g35281, g34308, g35248, g9678
OG0000055	XP_006405761.2	g44206
OG0000055	XP_006391863.1, XP_024016712.1, XP_006391858.2	g40901
OG0000057	XP_006417574.1, XP_006406803.2	g23114
OG0000057	XP_006398121.1, XP_006406735.1	g15973, g17828
OG0000057	XP_024012536.1	g27361, g5648
OG0000058	XP_024004962.1, XP_024006598.1	g10583
OG0000059	XP_024004071.1	g6571
OG0000059	XP_024013223.1	g43343
OG0000059	XP_024011850.1, XP_024004984.1	g42621
OG0000059	XP_024014297.1	g14202
OG0000059	XP_024013471.1, XP_024011406.1, XP_024015967.1, XP_024013050.1, XP_024006528.1, XP_024010162.1, XP_024013151.1	g24632
OG0000059	XP_024014004.1	g39389, g39352
OG0000059	XP_024009246.1	g42622
OG0000061	XP_024004223.1, XP_024014389.1	g51097, g11499, g25472, g32592, g17431, g28656, g13832, g11373, g15781, g584, g45295, g49162, g11094, g32135, g50796, g25177
OG0000062	XP_024014042.1	g32823, g13726, g11246, g41835
OG0000065	XP_024006661.1	g20963, g34002, g9410, g20566, g34601, g15147, g49183, g9097, g9330, g21102, g48353, g38605, g21237, g20503, g3890, g30656, g20961, g8443, g43174, g26242, g26207, g20336, g21055, g39103, g12628
OG0000066	XP_024005720.1, XP_006399597.1, XP_006390289.1, XP_024005718.1	g5393
OG0000066	XP_024012002.1, XP_006394044.1, XP_006394194.1, XP_006396911.1	g156
OG0000067	XP_006406656.1	g27232, g27237, g27241, g27135, g46783, g25385, g25390, g25381, g27956, g9895, g5011
OG0000070	XP_024010588.1	g30429, g30434, g34722, g20467, g25157, g21277
OG0000070	XP_024013310.1	g3658, g16018, g33103, g33082, g33075, g6383, g4182, g14664, g41983, g33049, g26414, g43980, g43401, g38750, g11415
OG0000070	XP_024016295.1	g6384, g33081, g33074, g4181, g43402, g6385, g42779, g53235
OG0000070	XP_024010546.1	g24990, g40193
OG0000071	XP_024010849.1, XP_024009972.1	g36375, g47125, g4591, g36881, g27012
OG0000072	XP_024009348.1, XP_024013914.1, XP_024006596.1, XP_024009952.1, XP_024014026.1, XP_024010244.1, XP_024006561.1, XP_024013107.1, XP_024015896.1, XP_024009380.1, XP_024009792.1, XP_024010384.1, XP_024009711.1	g33477, g30198
OG0000073	XP_024009991.1	g10944
OG0000073	XP_006398345.1	g18482
OG0000073	XP_024011128.1	g54289
OG0000075	XP_024006207.1	g5026
OG0000075	XP_006417013.1, XP_006417028.2	g49834, g49840, g49829
OG0000076	XP_024008507.1	g2410
OG0000076	XP_024007553.1	g10535
OG0000077	XP_024014654.1	g46525
OG0000078	XP_024013973.1, XP_024006349.1, XP_024011414.1, XP_024009421.1, XP_024004909.1	g32727, g44450, g24957
OG0000079	XP_024012921.1	g2000
OG0000079	XP_006402736.1	g18915
OG0000080	XP_006413201.2, XP_006413190.1	g23667
OG0000081	XP_024004911.1	g36469
OG0000081	XP_006415657.1, XP_024008000.1, XP_006415686.2	g6399
OG0000081	XP_006400346.2	g18040
OG0000081	XP_024010362.1	g13268
OG0000082	XP_024013185.1	g33413, g33414, g25297, g33412, g33411
OG0000082	XP_024009693.1	g52877, g26306
OG0000083	XP_006406083.1	g46885
OG0000083	XP_024009012.1	g7705
OG0000085	XP_024011196.1	g23926
OG0000085	XP_024013061.1	g45065
OG0000087	XP_006404194.1, XP_006394642.1	g9991
OG0000087	XP_006399740.1	g5316
OG0000087	XP_006403108.1	g40485, g11055
OG0000087	XP_006413842.1	g17371, g24042
OG0000087	XP_006390273.1	g46232
OG0000088	XP_006404361.1	g19510
OG0000088	XP_006398111.1, XP_006398110.2	g40516
OG0000088	XP_024011698.1	g46886
OG0000088	XP_024011446.1	g28933, g28934
OG0000089	XP_006399464.1	g29544
OG0000089	XP_006406564.1	g13323, g11989
OG0000089	XP_006410952.1	g2333
OG0000090	XP_006416426.1	g50123
OG0000090	XP_006390250.1	g46242
OG0000090	XP_006402629.2, XP_006395735.1	g10675
OG0000093	XP_024012757.1	g18958
OG0000096	XP_006395720.2, XP_006395727.1, XP_006395717.2	g1538, g1535
OG0000096	XP_024004738.1	g18473
OG0000096	XP_006392390.2	g44008, g44009, g44007
OG0000097	XP_006417793.2	g45186, g45201
OG0000097	XP_006403998.2	g25521, g25536, g25522
OG0000098	XP_024013484.1	g24753
OG0000099	XP_006405351.1	g43603
OG0000100	XP_024013152.1	g17260, g37826
OG0000101	XP_024014029.1	g13563
OG0000102	XP_024009242.1	g19357
OG0000104	XP_006406282.1	g6675
OG0000104	XP_024006009.1	g54236
OG0000104	XP_006392988.1, XP_024006272.1, XP_006392987.1	g54244, g54237, g54238
OG0000104	XP_024003673.1	g37858
OG0000105	XP_024011316.1	g43456
OG0000106	XP_024004907.1, XP_024007223.1	g49764
OG0000106	XP_024009294.1, XP_006418661.2, XP_006418628.2	g6393
OG0000107	XP_024015177.1	g6757
OG0000108	XP_006403292.2, XP_024009712.1	g11756
OG0000109	XP_024004593.1	g43843
OG0000110	XP_006402710.1	g2009
OG0000110	XP_006402714.1	g18900, g2008
OG0000110	XP_006402715.1	g50627
OG0000110	XP_024012970.1	g2010
OG0000111	XP_024014706.1, XP_024014454.1, XP_024014448.1, XP_006405758.2, XP_024014449.1	g51066
OG0000112	XP_024011276.1, XP_024011279.1, XP_024011277.1, XP_024012457.1	g28315
OG0000112	XP_024012107.1	g1342, g28314
OG0000113	XP_024014375.1	g53975
OG0000114	XP_024006571.1	g17433
OG0000114	XP_024011055.1	g4924
OG0000115	XP_024013331.1	g39955, g27065, g42081
OG0000119	XP_024008042.1, XP_024013572.1, XP_024015842.1, XP_024013153.1, XP_024016093.1	g52379
OG0000119	XP_024010311.1, XP_024010843.1, XP_024009910.1, XP_024004523.1	g50178
OG0000120	XP_006392103.1, XP_006392097.1	g40996
OG0000120	XP_006409474.2, XP_006398920.1	g32414, g29781
OG0000122	XP_024014445.1, XP_024014583.1	g18088
OG0000122	XP_024012240.1	g1065
OG0000122	XP_006401346.1	g1066
OG0000123	XP_024013225.1	g25911
OG0000123	XP_006391838.1, XP_006416395.1, XP_006416391.1, XP_006391843.2, XP_006391844.1, XP_006408668.1	g44233
OG0000123	XP_006413192.2	g17137
OG0000125	XP_006400797.1	g41348
OG0000125	XP_006400898.1, XP_006418973.1, XP_006418979.1	g2919, g1294, g28781
OG0000125	XP_006409905.1	g39998
OG0000126	XP_024006495.1, XP_024014536.1	g53241, g45978, g37471, g16077
OG0000126	XP_024010260.1, XP_024014515.1, XP_024006138.1	g16084, g27841, g1792, g4332, g27839, g27662, g37157, g53925, g35446
OG0000127	XP_024014032.1	g7513
OG0000129	XP_024010230.1, XP_024006563.1	g1920
OG0000129	XP_024014159.1, XP_024011248.1, XP_024014041.1	g47377
OG0000129	XP_024014274.1, XP_024013931.1, XP_024009757.1, XP_024010147.1	g5087, g26476, g1494, g35945, g4368, g51751, g3127, g11722, g51320, g1921, g2256, g3374, g42741, g26737, g14405, g53475, g1918, g3336, g43831, g14282, g41855, g12267, g27070, g40923, g4461, g2523, g42052, g3187, g38048, g53529, g11392, g4362, g2129, g3232, g26465, g18537, g4327, g18139, g10593, g35776
OG0000129	XP_024004902.1, XP_024006549.1	g28199, g35812, g50657, g17847
OG0000129	XP_024004086.1, XP_024007750.1, XP_024006458.1, XP_024014815.1, XP_024013979.1, XP_024009941.1, XP_024008002.1, XP_024013304.1, XP_024010557.1, XP_024013929.1, XP_024013647.1, XP_024011259.1, XP_024009747.1, XP_024009366.1, XP_024009279.1, XP_024004932.1, XP_024013309.1, XP_024011242.1, XP_024014409.1	g4526, g26706, g4684, g11032, g26785, g24533, g54350, g32853, g17644, g52103, g27870, g4667, g18265, g52232, g27388, g6863, g11123, g6327, g23862, g47169, g27185, g24485, g3423
OG0000130	XP_024009728.1	g26208, g43583
OG0000131	XP_024013367.1	g34673, g32668, g49077, g28772
OG0000132	XP_024006877.1	g32782, g32775, g18438, g27853
OG0000132	XP_024016184.1	g53769, g43756, g15634
OG0000133	XP_024007305.1	g43464, g33594, g43872, g14817, g4106, g26152, g26059, g19681, g53756, g14659, g35132
OG0000135	XP_024012099.1	g51256, g14066, g27772
OG0000136	XP_006405815.1, XP_024014475.1	g43995, g46769, g46768, g46770
OG0000136	XP_024014367.1	g14687
OG0000136	XP_006405821.2	g25040, g25067
OG0000138	XP_006395271.1	g41830
OG0000138	XP_006395269.1	g10345
OG0000138	XP_006395267.1	g10340
OG0000139	XP_024004032.1	g25175
OG0000140	XP_024011857.1	g1248
OG0000140	XP_024011989.1, XP_024011966.1, XP_024012425.1	g28714
OG0000140	XP_006400992.1	g1252
OG0000142	XP_024003713.1, XP_024003707.1, XP_024003718.1, XP_024003669.1	g40020
OG0000142	XP_006409977.2	g51131
OG0000142	XP_006409978.1, XP_006409980.1, XP_024003801.1	g37876, g37875
OG0000143	XP_024016119.1, XP_024006418.1, XP_024014441.1, XP_024015068.1, XP_024010579.1, XP_024014431.1	g3976
OG0000143	XP_024008405.1	g4369, g50433, g35440
OG0000143	XP_024014702.1	g53104
OG0000145	XP_024006787.1	g21338, g26301
OG0000146	XP_006401461.1	g1010
OG0000146	XP_006401460.1	g1011
OG0000146	XP_006401466.1	g1009
OG0000147	XP_006409094.1	g5985
OG0000147	XP_024005341.1	g23426
OG0000147	XP_024012572.1	g1105
OG0000147	XP_006389820.1	g46563
OG0000147	XP_006419170.1	g11547
OG0000147	XP_006396088.1	g6339
OG0000147	XP_006404985.2	g50994
OG0000149	XP_024009527.1	g2887
OG0000149	XP_006400931.1	g1282
OG0000149	XP_024011593.1	g1278
OG0000149	XP_024009365.1	g2888
OG0000150	XP_006419033.2	g11441, g11440
OG0000151	XP_006401722.1	g915, g28415
OG0000151	XP_024005195.1	g17072
OG0000151	XP_006407751.1	g7540
OG0000151	XP_006409398.1	g14078
OG0000151	XP_006401372.1	g28546
OG0000154	XP_006416851.1	g27332
OG0000154	XP_006407319.1	g12277
OG0000154	XP_006407676.1	g7492
OG0000154	XP_006398709.1	g54073, g45315, g5784
OG0000155	XP_006413094.1	g23645
OG0000155	XP_006391517.1, XP_024007950.1, XP_006391515.2	g42046
OG0000155	XP_024005112.1	g47372
OG0000155	XP_024009272.1, XP_006407382.2	g7340
OG0000156	XP_024010808.1	g2802
OG0000156	XP_024010825.1	g52257
OG0000156	XP_024010761.1	g52256
OG0000157	XP_006408206.1	g46122, g12809
OG0000157	XP_006410257.2, XP_024010220.1, XP_024009977.1	g1395
OG0000157	XP_006416096.1	g12640, g6146, g50762, g35294
OG0000158	XP_006390675.2	g51427
OG0000161	XP_024007354.1, XP_006394457.2, XP_024006771.1	g392, g9880
OG0000161	XP_024011911.1	g24222, g24219
OG0000161	XP_006408194.2	g45131
OG0000162	XP_006395656.2	g1914
OG0000162	XP_024012462.1	g26821
OG0000165	XP_024016201.1	g24260
OG0000166	XP_024014255.1	g32988, g18507, g12785, g438, g473, g49225, g30202, g30203, g20814
OG0000167	XP_006413956.2	g24121
OG0000167	XP_024005579.1	g24122
OG0000167	XP_024004741.1, XP_006413960.1	g17408
OG0000168	XP_024007996.1	g43389
OG0000171	XP_024015929.1, XP_006416080.1	g45857
OG0000171	XP_006417443.1	g5177
OG0000171	XP_024012404.1	g29297
OG0000173	XP_006397382.1	g52822, g25282, g31108, g41537, g37373, g50635, g15729, g49146, g17663, g37839, g27055, g49999, g53725, g17352, g17357, g17341, g1801, g25289, g14575, g15732, g18062, g46682, g32984, g45423, g24727, g33298, g51510, g2110
OG0000173	XP_024004806.1, XP_024010671.1, XP_024010073.1	g4808
OG0000174	XP_024014711.1, XP_024013094.1, XP_024015854.1, XP_024006545.1	g4698, g43877, g52305, g16685
OG0000174	XP_024016025.1	g26585, g53787, g43917
OG0000175	XP_006409243.1	g6044, g13998
OG0000175	XP_006409399.1	g23036
OG0000175	XP_006412039.1	g47947
OG0000176	XP_006415425.1	g27714
OG0000180	XP_006404944.1	g13531
OG0000181	XP_024004085.1	g16615
OG0000183	XP_024013677.1, XP_024014473.1	g45042
OG0000183	XP_024016526.1	g3712, g43268, g11496, g11193
OG0000184	XP_024014585.1	g10990, g27914
OG0000184	XP_024007751.1	g52236
OG0000184	XP_024005307.1	g35463, g48936
OG0000185	XP_024016314.1	g40049, g47161, g26166
OG0000185	XP_024009937.1	g35118, g49472, g24428, g49019
OG0000186	XP_024004101.1, XP_024010268.1	g16331
OG0000186	XP_024016126.1	g1666
OG0000186	XP_024011103.1	g16333
OG0000187	XP_024004605.1	g35037
OG0000188	XP_024014319.1	g35312, g35871
OG0000188	XP_024004132.1, XP_024006500.1	g22947, g53961, g41391, g174, g25074, g51854, g53385
OG0000188	XP_024006852.1, XP_024013198.1, XP_024013314.1, XP_024014220.1, XP_024009962.1, XP_024010234.1	g34418, g16603, g52966, g34813
OG0000188	XP_024009392.1	g53386, g35584, g43664, g43835, g35453, g52963, g16455, g32833, g16453, g16606, g14262, g4421, g4066, g33383, g41867, g34261, g35243, g35800, g52562, g30246, g22183
OG0000190	XP_006396688.1	g40442
OG0000190	XP_024010194.1, XP_006396684.1	g45173
OG0000192	XP_006416321.2	g50736, g31972, g36879, g31976
OG0000195	XP_006408585.1	g40143
OG0000195	XP_006405835.1, XP_006391396.1	g18117
OG0000196	XP_006418015.2	g40674
OG0000196	XP_006415505.2	g27686
OG0000196	XP_006415606.2	g32383
OG0000197	XP_024009776.1, XP_006391273.1, XP_024005932.1, XP_024005928.1	g18526, g7663
OG0000200	XP_024016187.1, XP_024010305.1, XP_006397124.1, XP_006396952.1, XP_024010284.1	g27759, g27721, g49523
OG0000201	XP_006406033.1, XP_024014915.1	g6534, g11758
OG0000201	XP_006406221.2, XP_006406220.1, XP_006406218.1, XP_006391352.1	g11846
OG0000202	XP_006406160.1, XP_024014950.1	g27177
OG0000202	XP_024012507.1, XP_006400938.2, XP_024009330.1	g10880
OG0000204	XP_006406140.1	g11805
OG0000204	XP_024014985.1	g36933
OG0000205	XP_024006540.1, XP_024006299.1, XP_024006462.1	g53988
OG0000206	XP_024005273.1	g13752, g51222, g23924, g6223
OG0000206	XP_024006442.1, XP_024006834.1, XP_024003977.1, XP_024006206.1	g37934
OG0000206	XP_024006280.1	g11812, g6224
OG0000207	XP_024009484.1	g4045
OG0000208	XP_006404465.1	g19610
OG0000208	XP_006411750.1	g6217, g6207
OG0000208	XP_006405739.1, XP_006405740.1	g1632
OG0000210	XP_024015969.1	g28290
OG0000213	XP_006390568.1	g46059, g46056
OG0000213	XP_024015047.1	g7432
OG0000213	XP_024014309.1	g28220
OG0000213	XP_024013862.1	g38464
OG0000214	XP_006398075.1	g36825, g36830
OG0000215	XP_024016358.1	g46380, g31873, g44183, g31839
OG0000216	XP_024009180.1	g53737
OG0000216	XP_024004517.1, XP_024004516.1	g47412
OG0000217	XP_024004887.1, XP_006392295.2	g31539, g1718
OG0000218	XP_006395885.1, XP_006395886.1	g25893, g10793
OG0000219	XP_006391444.1	g13335, g45479, g28368
OG0000219	XP_006410035.1	g46873
OG0000219	XP_006394298.1	g311
OG0000219	XP_006394299.1	g18634
OG0000220	XP_006392123.1	g14029
OG0000221	XP_024005026.1	g22946, g6183, g17356
OG0000222	XP_024010605.1	g2261, g45344, g10741, g44563, g51060, g5898, g28476, g32750, g41189, g41204
OG0000224	XP_006390080.1	g46370
OG0000224	XP_006412567.1, XP_024015991.1	g40852
OG0000225	XP_006415569.1	g27682
OG0000226	XP_024008728.1	g11864
OG0000228	XP_006390832.1	g44677
OG0000230	XP_006390972.1, XP_006405181.1	g46235
OG0000230	XP_006390266.1, XP_006390265.1	g44426
OG0000231	XP_006402171.2, XP_006405728.2	g13807, g46733
OG0000231	XP_006391509.1	g18039
OG0000233	XP_024016558.1, XP_024013534.1, XP_024004135.1, XP_024014514.1	g53346, g43307, g27732, g16269, g19533, g14957, g52369, g43031, g35549, g48287, g53347, g1483, g14787, g26102, g3184, g53946, g26599, g34930, g48282, g35561, g16294, g33166, g33170, g33200, g34779, g16144, g6202, g26600, g16293, g32898, g33199, g4655, g25229
OG0000233	XP_024010264.1, XP_024010263.1	g53753, g43144, g15838
OG0000234	XP_006403491.1	g19127
OG0000234	XP_006403492.1	g19128
OG0000234	XP_006403493.1	g2235
OG0000234	XP_006411161.1	g51765
OG0000234	XP_006399852.1	g29346
OG0000234	XP_006403489.1	g19126
OG0000235	XP_006415272.2, XP_006410830.1	g27763
OG0000235	XP_006406824.1, XP_006406823.1, XP_006406760.1	g6133, g39573, g39563, g2100, g6386, g39569, g6136, g6130
OG0000236	XP_024014966.1	g13483
OG0000236	XP_024011487.1	g11672
OG0000237	XP_024011339.1	g33179, g33208
OG0000237	XP_024015085.1, XP_024016305.1	g52606, g16443
OG0000238	XP_024003652.1	g32890, g4077, g7032, g2311
OG0000238	XP_024014198.1	g22405, g22409, g22252, g25326
OG0000238	XP_024008028.1, XP_024009606.1	g53046, g52809, g4078, g32889, g53047, g27354, g2143, g27482
OG0000239	XP_024003985.1	g51324
OG0000240	XP_024007588.1, XP_006407514.1	g26214, g10490, g22460
OG0000240	XP_024005057.1, XP_024010219.1, XP_006396981.1	g24726
OG0000242	XP_006409559.1	g14258
OG0000242	XP_006417058.1	g31494
OG0000242	XP_024008759.1	g31496, g31497, g31498, g31499
OG0000244	XP_006413726.1, XP_006396665.1, XP_006396664.1, XP_006413727.1, XP_024010083.1	g17320
OG0000246	XP_024006498.1, XP_024009339.1, XP_024014050.1, XP_024009186.1	g25834
OG0000248	XP_024016821.1	g41086, g41090, g41083
OG0000249	XP_006410850.1	g51603
OG0000249	XP_006410852.1	g37185
OG0000251	XP_024013204.1, XP_024007914.1	g26634
OG0000253	XP_024014692.1	g30425, g30424, g30421, g30418, g21279, g20461
OG0000254	XP_024004170.1	g6897
OG0000254	XP_006412559.1, XP_024015022.1, XP_006412107.2	g1607
OG0000256	XP_006393554.2	g51896, g51897
OG0000256	XP_006393540.1, XP_024006523.1	g50554
OG0000257	XP_006414877.1	g36491, g31669, g24015, g11568
OG0000258	XP_006401223.1	g39309
OG0000258	XP_006395567.1, XP_006395568.2	g16641
OG0000261	XP_024010569.1, XP_024008033.1	g53714, g14389
OG0000266	XP_006402522.1, XP_006405778.1	g27624
OG0000267	XP_024014209.1, XP_006404623.2, XP_006393105.1, XP_024014238.1, XP_024014208.1	g17092
OG0000268	XP_006395818.1	g1514
OG0000268	XP_006398647.1	g45297
OG0000268	XP_006403613.1	g19165
OG0000271	XP_006396612.1, XP_006396617.1	g6508, g45178
OG0000271	XP_006393349.1	g25541
OG0000272	XP_024006427.1	g6807
OG0000272	XP_024004038.1	g52239
OG0000272	XP_024007995.1	g1845, g24476, g54012, g11179
OG0000274	XP_006400925.1	g28758
OG0000274	XP_006418933.1, XP_006418941.1	g2936, g2910
OG0000274	XP_024003799.1	g39974
OG0000276	XP_006414647.1	g17712, g53651
OG0000277	XP_006414476.1	g47116, g47114
OG0000277	XP_006414472.1	g17643
OG0000277	XP_006414471.1, XP_024005335.1	g47117
OG0000278	XP_024012529.1	g3407, g30889
OG0000278	XP_024008930.1	g26081, g26058
OG0000278	XP_024012255.1	g27505, g27502
OG0000279	XP_024009984.1	g35399, g45089, g11046, g53522
OG0000281	XP_006393194.1	g36419
OG0000282	XP_006399236.1	g5538
OG0000282	XP_006399237.1	g45483
OG0000282	XP_024012088.1, XP_006399240.2	g29622
OG0000283	XP_024013277.1, XP_006403248.1, XP_006403249.1, XP_006403251.1, XP_006403252.1, XP_006403255.1	g11114, g11113, g39732
OG0000284	XP_006394900.1	g10112
OG0000284	XP_006391378.1, XP_006391379.1, XP_006391380.1, XP_006396188.1, XP_006391455.1, XP_006419174.1, XP_006391456.1, XP_024009775.1, XP_006391433.1, XP_024009395.1, XP_006418995.1, XP_006391312.1, XP_024015704.1, XP_006392079.1, XP_006392157.1	g12521
OG0000285	XP_006403387.1	g449
OG0000290	XP_006406581.1	g11997
OG0000290	XP_006394046.1, XP_024014365.1, XP_024014450.1, XP_024014589.1	g16860
OG0000291	XP_024006122.1, XP_024009591.1, XP_024011281.1, XP_024004953.1, XP_024006584.1, XP_006414722.2, XP_024009389.1	g52646, g35477, g52325, g16568, g3759, g25120, g34564, g54048, g7965, g35842, g42625, g43848, g39202, g11597, g52455, g53119, g43960, g15668, g42588, g45080, g15851, g48989, g21527, g25305, g52933, g22068, g42482, g3695, g21935, g49081, g35278, g6425, g43604, g16043, g43632, g43447, g15497, g42794, g22549, g43019, g33226, g42496, g49090, g34886, g25980, g20769, g22618, g34538, g8938, g48008, g43302, g26502, g30154, g48997, g8012, g33661, g9169, g26368, g25961, g48062, g33098, g43399, g42918, g16754
OG0000294	XP_006396376.1	g39522, g25429
OG0000294	XP_006418333.1	g26892
OG0000295	XP_006407057.2	g12173, g12193, g12167, g12172
OG0000295	XP_024015112.1	g7146, g7145
OG0000297	XP_024013316.1, XP_024013315.1, XP_006400849.1	g41326
OG0000299	XP_024013752.1	g53411, g29745
OG0000299	XP_006395553.1	g29744, g53412
OG0000300	XP_024009522.1	g13574, g6349
OG0000300	XP_006410187.1	g51227
OG0000303	XP_024014626.1	g20406, g21339, g26299
OG0000304	XP_006398139.1	g11024, g11016, g11018
OG0000310	XP_024012512.1, XP_024012532.1, XP_006400936.1	g19547, g28753
OG0000310	XP_024012521.1, XP_024012520.1, XP_006400881.1, XP_006393432.1	g41320, g28797, g28774, g28802, g859
OG0000311	XP_006400196.1	g45737
OG0000311	XP_006393403.1	g36325
OG0000311	XP_006406687.1	g6918, g13293
OG0000311	XP_006405853.1	g46788
OG0000311	XP_006391364.1	g45009
OG0000313	XP_024005371.1	g24067
OG0000313	XP_024010224.1	g17626
OG0000314	XP_006418097.1	g26947
OG0000314	XP_024003717.1	g51309
OG0000314	XP_024008616.1	g30904
OG0000314	XP_006410450.1	g51329
OG0000315	XP_024010215.1	g16098
OG0000316	XP_006396845.1, XP_006396574.1	g37360, g37362, g37913, g17870
OG0000316	XP_006411318.1, XP_006411325.1	g51921
OG0000318	XP_024009598.1, XP_024013878.1	g9286, g43021, g53177, g52401, g53058, g32906, g48020, g41482, g49030, g44673, g16620, g52432, g48959, g32790, g50749, g53105, g25238, g53176, g8235, g35671, g11746, g53228, g48028, g35941, g53098, g30452, g33476, g15996, g8771, g30465, g26349, g49793, g17803, g25815, g49031, g26610, g8782, g8784, g42302, g3275, g21530, g53166, g48031, g4608, g35487, g52329, g8733, g35070, g8778, g53229, g33527, g30450, g33528, g3786, g43560, g8776, g43022, g3274, g15997, g30451, g30466, g3542, g19675, g30441, g30449, g33529, g33455, g43559, g11747, g16082, g9284, g14382, g14372, g48022, g14692, g33048, g26350, g32564, g11748, g30405, g3541, g19676, g9285, g26650, g19856, g8236, g8734, g44672, g30541, g32563, g35071, g41483, g3785, g52348, g32905, g52402, g19857, g48021, g8777, g42955, g16666, g2617, g32572, g19855, g8822, g26714, g35741, g16259, g14585, g30056, g4609, g16083, g21532, g30408, g48038, g17507, g8773, g7991, g33264, g52358, g35845, g30406, g8783, g48030, g36342, g48052, g21531, g20876, g33238, g25237, g25039, g48015, g30460, g34251, g16011, g53106, g52429, g52672
OG0000319	XP_006417745.1, XP_006417749.1, XP_006400853.1, XP_006417751.1	g28817, g849, g41323, g31094, g49601, g27017
OG0000321	XP_006408609.2	g14307
OG0000321	XP_006405851.1, XP_006405893.1	g38273, g38276
OG0000321	XP_024004897.1	g46827, g46812
OG0000322	XP_006389987.1	g46450
OG0000322	XP_024008917.1	g32324
OG0000322	XP_006413912.1	g50458
OG0000322	XP_006411287.1	g51878, g53520
OG0000323	XP_024005472.1	g23616
OG0000325	XP_024006424.1	g11614
OG0000328	XP_006414672.1	g24521, g24516, g24520
OG0000328	XP_006405675.1	g53328, g37787, g37784, g53311, g53348, g53326, g53330
OG0000328	XP_006405676.1, XP_006405677.2, XP_006405680.1, XP_006405679.2, XP_006405678.2, XP_006405681.2	g46723
OG0000330	XP_006390902.2, XP_006402608.1, XP_006402607.1	g1956
OG0000332	XP_006400538.1, XP_006400540.1	g41419
OG0000332	XP_006406473.1, XP_006393188.1	g54159
OG0000334	XP_006403652.1	g2329
OG0000334	XP_006410963.1	g37230
OG0000335	XP_006412919.1	g37063
OG0000336	XP_024008627.1	g44586
OG0000336	XP_006390610.1	g44587
OG0000338	XP_006417548.1, XP_006417558.1, XP_006392360.1, XP_006392391.1	g31209, g27091, g31190, g27095
OG0000339	XP_006397781.1	g52289
OG0000340	XP_024010704.1, XP_006397521.2	g38215
OG0000340	XP_006397523.1	g37505
OG0000342	XP_006391246.2	g43821, g43806, g53971, g43797, g43782, g43783
OG0000344	XP_024011021.1, XP_024007503.1, XP_006394848.1, XP_006418706.1	g10089
OG0000345	XP_024009081.1, XP_024009045.1	g27193
OG0000345	XP_006409424.1	g51206
OG0000347	XP_006407408.1, XP_006413962.1	g12309
OG0000348	XP_024007235.1	g53724
OG0000349	XP_006412067.1	g18231
OG0000349	XP_006409265.1	g13748, g13750
OG0000350	XP_024008636.1	g32411
OG0000351	XP_006394502.2	g45239
OG0000352	XP_006398470.1, XP_024014168.1, XP_006392158.2	g31677
OG0000353	XP_006403065.1, XP_006396164.1, XP_006414856.2, XP_024010449.1, XP_024016108.1, XP_024011305.1	g31395, g44060
OG0000355	XP_006396035.1, XP_024004822.1, XP_024004849.1, XP_006414573.2, XP_024009770.1	g24488, g24484, g24489, g47089, g47088, g38275
OG0000355	XP_006417837.2	g38274
OG0000358	XP_006418147.1	g49447, g30863, g26927
OG0000358	XP_024013255.1	g29557
OG0000358	XP_006399428.2	g45514
OG0000359	XP_006415537.1, XP_006415536.1, XP_006415534.1	g32419, g32420, g50521
OG0000359	XP_006410587.1	g37083, g51445
OG0000360	XP_024006781.1	g9656
OG0000360	XP_024007630.1	g9658
OG0000361	XP_024015571.1	g7378
OG0000361	XP_024012118.1	g45398
OG0000362	XP_006416157.2	g49471
OG0000362	XP_024010631.1	g43847
OG0000364	XP_024013180.1, XP_024014045.1, XP_024015947.1, XP_024016118.1, XP_024014844.1, XP_024010586.1, XP_024007770.1, XP_024004968.1, XP_024011240.1, XP_024013615.1, XP_024013696.1, XP_024013190.1, XP_024009286.1, XP_024005933.1, XP_024010414.1, XP_024015848.1, XP_024014703.1, XP_024009488.1, XP_024013211.1, XP_024010534.1, XP_024004933.1, XP_024010256.1, XP_006397256.2, XP_024016206.1, XP_024010483.1, XP_024016244.1, XP_024004967.1, XP_024004068.1, XP_024006162.1, XP_024011266.1, XP_024013944.1, XP_024007944.1	g53150, g41815, g46567, g31147, g53151, g42117, g33131, g16505, g24639, g16374, g23229, g35057, g16424, g35445, g37807
OG0000368	XP_006411900.1, XP_006411901.1	g22842
OG0000368	XP_006393642.1	g16342
OG0000368	XP_024004487.1	g47982
OG0000368	XP_006411898.1	g47983
OG0000370	XP_006413319.1	g47536
OG0000371	XP_024015422.1	g7650, g11474
OG0000371	XP_006397916.1	g3821
OG0000372	XP_024004324.1, XP_006413103.1	g17100, g17096, g17097, g17099
OG0000374	XP_024006233.1, XP_006393112.2	g36851, g36855, g36853, g36852, g36854, g54187
OG0000377	XP_006392127.1	g41000
OG0000379	XP_024009713.1	g34488
OG0000379	XP_024010578.1	g34499
OG0000379	XP_024007943.1, XP_024013624.1, XP_024010341.1, XP_024010451.1, XP_024004070.1, XP_024010255.1, XP_024014459.1, XP_024011264.1, XP_024010338.1, XP_024010397.1, XP_024014767.1, XP_024006431.1, XP_024004964.1, XP_024013943.1, XP_024013614.1, XP_024015946.1, XP_024006517.1, XP_024009489.1, XP_024004956.1, XP_024014722.1, XP_024014046.1, XP_024011298.1, XP_024016205.1, XP_024013686.1, XP_024014011.1, XP_024013390.1, XP_024010656.1, XP_024013393.1, XP_024013942.1, XP_024007771.1, XP_024007315.1, XP_024011239.1, XP_024004969.1	g41816
OG0000380	XP_006391829.2	g41044
OG0000382	XP_024015516.1, XP_006392444.1	g41120
OG0000382	XP_006417597.1	g31165
OG0000383	XP_024008673.1	g32362, g32361
OG0000383	XP_024008361.1	g50490
OG0000384	XP_006406953.1	g12121
OG0000386	XP_006403709.1, XP_006403707.1	g2365
OG0000386	XP_006395576.1	g10579
OG0000387	XP_006397500.2	g25849, g37499
OG0000387	XP_006411150.2	g50869
OG0000388	XP_006418550.2	g16088, g53768, g43755
OG0000390	XP_006401605.1, XP_006397366.1, XP_006401607.2	g35026, g34348, g34350, g28458, g28439, g35303
OG0000390	XP_006406481.1, XP_006406482.1	g6787
OG0000390	XP_024016650.1	g13288
OG0000391	XP_006416205.1, XP_006416204.1	g50242
OG0000391	XP_024008916.1	g27516
OG0000392	XP_006404045.1	g2587
OG0000392	XP_006405800.2	g11310
OG0000396	XP_024005952.1, XP_006395369.1	g10425
OG0000398	XP_006407189.1, XP_006407188.1	g12228, g12223
OG0000398	XP_006407190.1, XP_006392671.1	g27985, g54333
OG0000400	XP_024014913.1, XP_024010856.1, XP_024007895.1, XP_024007894.1, XP_024013939.1, XP_006405817.2	g50668
OG0000402	XP_024014254.1	g14418
OG0000403	XP_006392175.1	g44123
OG0000404	XP_006403789.1, XP_006410788.1, XP_006407441.1, XP_006399080.1	g51571
OG0000405	XP_024006146.1	g52971, g24351, g49576, g16418, g14480, g53134, g51479, g43438, g32070, g14481, g53452
OG0000406	XP_006400239.1	g5012, g5008
OG0000406	XP_006408345.1	g12661
OG0000408	XP_024013952.1, XP_024014112.1	g50999
OG0000408	XP_024014118.1	g51010
OG0000408	XP_006405015.2	g51011
OG0000409	XP_006405084.2, XP_024014917.1	g23221
OG0000410	XP_006391998.1	g1733, g24568, g44176
OG0000412	XP_006413100.1	g47623
OG0000412	XP_006393086.1	g36484
OG0000412	XP_006406360.1	g11899
OG0000413	XP_006413205.2, XP_024012323.1, XP_024006235.1	g12238
OG0000414	XP_006415920.1	g27592
OG0000414	XP_006415921.1	g50367
OG0000414	XP_006413857.1	g47348
OG0000415	XP_006401986.1, XP_024010536.1, XP_024006594.1, XP_006404926.1, XP_006414753.1, XP_006393688.1, XP_006393690.1, XP_024006365.1	g4813, g4802
OG0000416	XP_024008095.1	g49506, g50636
OG0000420	XP_006412828.1	g13846
OG0000421	XP_006405658.1	g46706
OG0000421	XP_006405663.1, XP_006414433.1	g53730, g46707
OG0000422	XP_006417567.1	g49629, g49628
OG0000422	XP_006391084.1	g27082
OG0000422	XP_006417568.1	g27081
OG0000423	XP_006390626.1	g12212
OG0000423	XP_006392695.1, XP_024015180.1	g27989, g54339
OG0000425	XP_006392849.1	g36594, g54279
OG0000425	XP_006407383.1	g13131
OG0000427	XP_006405752.1, XP_006408057.1	g23603
OG0000427	XP_024013937.1	g43972, g18058, g26185
OG0000429	XP_006394790.1	g598
OG0000429	XP_006399622.1	g45564, g29450
OG0000429	XP_006412480.1	g23276
OG0000430	XP_006409418.1	g6127
OG0000431	XP_006392303.1	g44045
OG0000431	XP_006417504.1	g27100
OG0000431	XP_006417505.1	g31232
OG0000432	XP_006401798.1	g39358
OG0000432	XP_006413591.1	g47588, g17129
OG0000432	XP_006413166.1	g23688
OG0000433	XP_006392374.1, XP_006392376.1	g44024, g44018
OG0000435	XP_006404136.1, XP_006416568.1	g46992, g26157, g46989, g31807
OG0000436	XP_006401294.1	g39339, g1080, g28563
OG0000437	XP_006415074.1, XP_006415068.1, XP_006415075.2	g16330
OG0000437	XP_006415076.2	g32687
OG0000438	XP_006396746.1	g40411
OG0000439	XP_006417964.2	g49529
OG0000439	XP_006402684.1	g2023
OG0000439	XP_006410273.1	g51246
OG0000440	XP_006408308.2	g12773
OG0000440	XP_006408305.1	g17878, g12639
OG0000440	XP_006393265.2	g36390
OG0000441	XP_006406833.1	g12084, g12086, g12087, g12083
OG0000441	XP_006406836.1	g12089
OG0000442	XP_006404833.1	g38515
OG0000444	XP_024004904.1	g48307, g41286, g41287, g2687, g32783, g32770, g32776, g27439, g16876, g37557, g4229
OG0000444	XP_024014266.1, XP_024014270.1	g53717, g41585, g2934, g35902, g24421, g53535, g14667, g44305, g28029
OG0000446	XP_006394381.1	g353
OG0000446	XP_006417014.1	g27266
OG0000447	XP_024015143.1	g12153, g7121, g13231
OG0000447	XP_006415639.1	g50489, g32357
OG0000448	XP_006398391.1, XP_006398388.1	g10910
OG0000448	XP_006398389.1	g10911
OG0000449	XP_006418975.1	g19571
OG0000449	XP_006418977.1	g19572
OG0000449	XP_006400899.1	g41304
OG0000450	XP_024011135.1, XP_024013366.1, XP_024011343.1, XP_024015908.1	g32550, g6331, g6330, g40449, g21393, g34479, g6329
OG0000452	XP_006412725.1	g47740
OG0000452	XP_006412723.2	g23416
OG0000453	XP_006418911.2	g54240
OG0000454	XP_006401786.1	g890
OG0000457	XP_006401713.1	g28419
OG0000457	XP_006401714.1	g28417, g28418
OG0000459	XP_006413831.1, XP_006413832.1, XP_006414786.1, XP_006405058.1, XP_024014295.1, XP_024014294.1, XP_006405062.2, XP_006405063.2, XP_024014299.1, XP_024004521.1, XP_024004735.1, XP_006408692.1	g24037
OG0000460	XP_006395622.1	g50836
OG0000461	XP_006418508.2	g49273
OG0000461	XP_024008949.1	g30720, g1438
OG0000462	XP_006396361.1, XP_006419029.1, XP_006419002.1	g6231
OG0000463	XP_006418870.1	g11422
OG0000466	XP_024012555.1, XP_006407646.2	g12390
OG0000468	XP_024013791.1	g19139, g11288
OG0000468	XP_006411118.1	g37303
OG0000471	XP_006415613.1	g50497
OG0000472	XP_006405518.1	g46683, g46681
OG0000472	XP_006405529.2	g18100
OG0000473	XP_024010693.1	g37725
OG0000475	XP_006391769.2, XP_006391768.1	g45250
OG0000476	XP_024006825.1	g18559, g18561
OG0000477	XP_006399188.1	g5569, g29645, g45471, g1183, g39280, g28728
OG0000478	XP_006409386.2, XP_024010333.1	g40973, g23602
OG0000481	XP_006391972.1	g40945
OG0000481	XP_024005890.1	g24644
OG0000483	XP_006401457.2	g39375
OG0000487	XP_006418124.1	g12606, g30872, g12810, g7774, g7765
OG0000492	XP_024014146.1, XP_024012476.1, XP_006409792.2, XP_006401842.1	g1343, g1338, g43635
OG0000497	XP_024016255.1, XP_024014013.1	g36932, g52937, g16337
OG0000497	XP_024007919.1	g35861, g11660, g11659, g23500, g13548, g1698, g52938, g32582
OG0000498	XP_006401710.1	g28420, g918
OG0000498	XP_006413016.1	g23591
OG0000499	XP_006414116.1	g24192
OG0000499	XP_006407078.1	g12179
OG0000501	XP_006397433.1	g32899
OG0000504	XP_006411165.1, XP_006398719.1	g37317
OG0000504	XP_006407670.1	g12397, g7487
OG0000505	XP_006394763.1	g10041
OG0000506	XP_006392340.1, XP_006399085.1	g29695
OG0000506	XP_006390730.1	g44625, g16494, g45982
OG0000507	XP_006391705.2	g16066, g16061
OG0000509	XP_024005837.1, XP_006414334.2	g24336
OG0000509	XP_024005727.1, XP_006405089.1	g17576
OG0000509	XP_006414335.1	g24334, g24335
OG0000510	XP_006392156.1, XP_006392155.1	g44132, g41019, g41018
OG0000511	XP_006414560.1	g17679
OG0000511	XP_006391857.1	g40900
OG0000512	XP_024008934.1	g17267
OG0000512	XP_024004630.1	g23904
OG0000512	XP_024004631.1	g24586, g23899, g23901
OG0000512	XP_024004627.1	g23902
OG0000513	XP_006418971.1	g2921
OG0000514	XP_006406393.2	g6742
OG0000515	XP_006392562.2	g54384
OG0000516	XP_024004456.1	g43009
OG0000520	XP_006395228.1	g52272
OG0000520	XP_006418083.1, XP_006402520.1	g1879
OG0000521	XP_006397430.1	g32883, g27873
OG0000521	XP_006397240.1	g40242
OG0000521	XP_006389998.1	g46440
OG0000522	XP_006415136.1	g50671, g32646
OG0000522	XP_006397045.1	g40318
OG0000523	XP_006402450.1	g1822
OG0000524	XP_006407791.1	g37932, g37940, g12429
OG0000524	XP_006407793.1	g12430
OG0000525	XP_006389974.1	g46461
OG0000525	XP_006392784.1	g36635
OG0000526	XP_006404341.1	g2744
OG0000526	XP_024013574.1	g19502
OG0000526	XP_024013422.1	g2743
OG0000529	XP_006400760.1	g802, g14403
OG0000535	XP_006392063.1	g40981
OG0000535	XP_006395809.1, XP_006395808.1	g10730
OG0000537	XP_006396558.1	g45190
OG0000537	XP_006407833.1	g12972
OG0000538	XP_006397532.2	g37511
OG0000539	XP_024006693.1	g8
OG0000540	XP_006410005.1	g37885
OG0000540	XP_006410003.1	g51161, g51163
OG0000542	XP_006400145.1	g5064, g45719
OG0000544	XP_006418049.1, XP_006418048.1	g30920, g30919
OG0000545	XP_006390357.1	g44484
OG0000545	XP_006390358.1	g46179
OG0000546	XP_006409352.1	g6101
OG0000547	XP_006396856.1	g45202, g45181
OG0000547	XP_006415246.1	g32583
OG0000550	XP_006403788.1	g19237, g11324
OG0000551	XP_006394118.2	g206
OG0000551	XP_006399471.1	g5442
OG0000552	XP_006416085.1	g2664, g24348, g37712, g50813
OG0000553	XP_006415054.2	g50718
OG0000554	XP_006391991.1	g40964
OG0000556	XP_006418685.1	g11687
OG0000557	XP_006402599.1	g1926
OG0000557	XP_006397659.1	g52194
OG0000557	XP_024010854.1	g1927
OG0000558	XP_006410145.1, XP_006410091.1, XP_006410092.1, XP_006410262.1	g45137, g6394, g37094, g37077, g37420
OG0000559	XP_024012508.1	g5764
OG0000559	XP_006398731.1	g11485, g24218
OG0000560	XP_006400950.1	g28744
OG0000560	XP_024011556.1, XP_024011555.1	g39227
OG0000560	XP_006418138.1	g30866
OG0000561	XP_024007051.1	g9727
OG0000561	XP_024007049.1	g186, g185
OG0000562	XP_006408022.1	g12524, g12903
OG0000562	XP_006399977.1	g5178
OG0000562	XP_006394905.1	g4833
OG0000564	XP_006412568.1	g54035
OG0000565	XP_024006690.1	g18012
OG0000566	XP_006400602.1	g41560
OG0000566	XP_006400618.1	g41399
OG0000567	XP_006406784.2, XP_006399723.1, XP_006414379.2, XP_006406771.1	g13274
OG0000570	XP_006408450.1	g7906
OG0000570	XP_006394535.1	g9919
OG0000571	XP_006400814.1	g830
OG0000571	XP_006417730.1, XP_006417729.1	g31103, g31105
OG0000572	XP_024009377.1	g17535
OG0000572	XP_006390442.1	g53091
OG0000573	XP_024006208.1, XP_006392962.2	g1437
OG0000574	XP_024010425.1, XP_024007977.1, XP_024016141.1	g21420, g15759
OG0000578	XP_006417465.1	g31250
OG0000578	XP_006392226.1	g44098
OG0000579	XP_006405346.1	g23738
OG0000581	XP_006407697.1, XP_006407695.1, XP_006407698.1	g13025, g2527, g7507
OG0000582	XP_006400750.1	g797
OG0000582	XP_006409766.1	g40099
OG0000583	XP_006410266.1	g39847
OG0000584	XP_006418196.1	g26911, g11067
OG0000584	XP_006412945.1	g17039, g23547
OG0000585	XP_006410594.1	g32425
OG0000585	XP_006407062.1	g51449, g37082, g7149
OG0000587	XP_006396349.1	g45222
OG0000587	XP_006397877.1	g50800
OG0000588	XP_006407030.1	g12159
OG0000588	XP_024016817.1	g52074
OG0000588	XP_006392801.2	g54285
OG0000589	XP_006400912.1	g1289, g41302
OG0000589	XP_006418969.1	g2922
OG0000590	XP_006408058.1	g7700, g53288
OG0000590	XP_006418299.1	g12549
OG0000592	XP_006406649.1	g6901
OG0000592	XP_006416642.1	g50029, g27399, g31749
OG0000593	XP_024003880.1	g13347
OG0000594	XP_006404277.1	g19467
OG0000595	XP_006419124.1	g19605
OG0000595	XP_024012428.1, XP_006400747.1	g17977
OG0000596	XP_006400567.1	g28961
OG0000596	XP_006401481.1	g39380
OG0000597	XP_006410240.1, XP_024004247.1, XP_006410241.1	g39867
OG0000599	XP_024004889.1	g18538, g35187, g6495, g14111, g41347, g2636
OG0000599	XP_024004864.1	g44332, g188, g37985, g4867, g17314, g18218, g1440, g45076, g29210, g7891, g50678, g12698, g46332
OG0000599	XP_006392748.2	g6828
OG0000600	XP_024005040.1	g23476
OG0000601	XP_006400070.1	g5112, g45694
OG0000601	XP_024014612.1	g16898
OG0000602	XP_006398779.1	g5741
OG0000602	XP_006405119.1	g19206
OG0000602	XP_006407632.1	g12391, g7465, g13062
OG0000604	XP_006397956.1	g11148, g37743
OG0000605	XP_006390477.1	g44550
OG0000605	XP_006390479.1	g46113
OG0000605	XP_024008974.1	g46114, g44551
OG0000606	XP_006392926.1	g36563
OG0000607	XP_006406541.2	g6843
OG0000607	XP_006412291.2	g23142
OG0000609	XP_006412322.1	g27801
OG0000612	XP_006411454.1	g44058
OG0000613	XP_006405705.1	g18086
OG0000614	XP_006399381.2, XP_006399376.2	g5483, g5477, g5478, g5481
OG0000615	XP_006412022.1	g47953, g22949, g18248
OG0000616	XP_006410898.1	g37198, g19196
OG0000617	XP_006396388.1	g25435
OG0000617	XP_006396288.1	g39480
OG0000618	XP_006389973.1	g46462
OG0000618	XP_024008719.1	g49988
OG0000618	XP_024005525.1	g23624
OG0000619	XP_006410896.1, XP_006410897.1	g38064
OG0000619	XP_006403691.1	g19197, g2358
OG0000620	XP_006416595.1	g27410, g50047
OG0000620	XP_006390473.1, XP_006390471.1	g44549, g46124
OG0000621	XP_006396728.1	g25662
OG0000621	XP_006405929.1	g46832
OG0000621	XP_024016615.1	g46831
OG0000626	XP_024014552.1	g44259
OG0000627	XP_006391459.1, XP_006413151.1	g23678
OG0000628	XP_006390039.1	g46398
OG0000628	XP_006406571.1, XP_006406572.1	g11992, g13318
OG0000630	XP_006417774.1, XP_006417775.1	g31077
OG0000631	XP_024015829.1	g13616, g18068, g53847, g43154, g43139, g9322, g43155, g13701
OG0000631	XP_024016322.1	g24850, g36336, g22861, g18639, g51671, g39956, g22859, g13024, g27067, g22860, g3111, g12541
OG0000632	XP_006402543.1, XP_006397714.1	g18715, g1892, g37597
OG0000633	XP_006419173.1	g9749
OG0000635	XP_006410133.1	g51197, g37897
OG0000636	XP_006399051.1	g45438
OG0000636	XP_024012374.1	g29704
OG0000637	XP_006403241.1	g24626, g6994
OG0000638	XP_024004451.1	g23088, g23092
OG0000640	XP_024007858.1	g44684, g44686
OG0000640	XP_006404035.1	g2580
OG0000641	XP_006406235.1	g11857
OG0000642	XP_006405644.2, XP_006405649.1, XP_006405650.2, XP_006405646.2	g14582, g16900
OG0000642	XP_006405642.1	g37779
OG0000645	XP_024005706.1	g24549, g47041
OG0000646	XP_006395301.1	g10368
OG0000646	XP_006408461.1	g12697
OG0000648	XP_024012822.1	g18725, g18726, g18727, g18724
OG0000649	XP_024007003.1	g53982
OG0000649	XP_024008345.1	g50135
OG0000649	XP_006390229.1	g46253
OG0000650	XP_006398285.1	g43973
OG0000652	XP_006394602.2	g484, g485, g9960
OG0000653	XP_024011492.1	g740
OG0000655	XP_024006314.1	g15724, g26294, g10061
OG0000658	XP_006403643.1, XP_006395441.1, XP_006394947.1	g10133, g4789
OG0000660	XP_006417807.1	g27009
OG0000660	XP_006418853.1	g2820, g11418
OG0000660	XP_006400995.1	g39246
OG0000661	XP_006410295.1, XP_006410294.1	g51258, g51261, g39834
OG0000662	XP_006400110.1	g5081
OG0000663	XP_006391196.1	g44868
OG0000663	XP_006415831.1	g32229
OG0000663	XP_024009125.1	g44869
OG0000664	XP_006409277.1	g6058
OG0000664	XP_024009773.1, XP_024012919.1	g6063, g6054
OG0000665	XP_006395514.1, XP_024007572.1, XP_024004838.1	g1443
OG0000666	XP_006412854.1, XP_006412855.1	g17009
OG0000669	XP_006397587.1	g52160, g37530
OG0000669	XP_006407195.1	g13190
OG0000669	XP_006398510.1	g10812
OG0000671	XP_006405136.1	g28292, g22608, g22602, g46709
OG0000672	XP_006410566.1	g37974
OG0000672	XP_006415586.1	g32394
OG0000674	XP_006418303.1	g30793
OG0000674	XP_006397950.1	g50833, g37733
OG0000674	XP_006396440.1	g39558
OG0000675	XP_006410343.1	g31625, g49954, g51289
OG0000676	XP_006390443.1	g46133, g44537
OG0000677	XP_024008748.1, XP_006415989.1, XP_006392419.1	g50336
OG0000677	XP_006415988.1	g50338
OG0000685	XP_006412836.1	g47697
OG0000685	XP_006413214.1	g23710
OG0000686	XP_024005495.1	g47857
OG0000687	XP_006414337.1	g17578
OG0000687	XP_006402562.1	g18804
OG0000688	XP_006395798.1	g1520, g1518
OG0000689	XP_006415047.1, XP_006397143.1	g40273, g32732
OG0000692	XP_006402752.2	g18931
OG0000692	XP_006402751.1	g1998
OG0000693	XP_006403423.1	g19066
OG0000693	XP_006411229.2	g37337
OG0000694	XP_024014605.1	g50998
OG0000695	XP_006392096.1	g41726
OG0000695	XP_006392098.1	g6247, g40992
OG0000697	XP_006393107.1	g36466, g36467
OG0000698	XP_006418563.1	g47464
OG0000700	XP_006409957.1	g37868, g37867, g37860
OG0000702	XP_006399960.1	g45660, g29306
OG0000702	XP_024007567.1	g10477
OG0000702	XP_006408529.1	g7936
OG0000703	XP_006398826.1	g29827
OG0000703	XP_024013437.1	g2392
OG0000704	XP_006413939.1	g17405, g24115
OG0000704	XP_006398156.1, XP_006398157.1	g11011
OG0000704	XP_024011058.1	g11010
OG0000706	XP_006394772.1	g587
OG0000706	XP_006394101.1, XP_006392058.2	g9735
OG0000707	XP_024013755.1	g44848
OG0000708	XP_006417343.1	g27159
OG0000710	XP_006417089.1	g31477
OG0000711	XP_006405549.1	g36985
OG0000712	XP_024015286.1	g12937
OG0000713	XP_006400897.1	g28782
OG0000714	XP_024007679.1	g41820
OG0000715	XP_006396754.1, XP_006396753.1, XP_006396751.1	g25621, g25619, g25607, g25625, g25606, g25629, g25632, g25605
OG0000717	XP_006416330.1, XP_006416329.1, XP_006408842.1	g31967
OG0000719	XP_006400907.1	g28768
OG0000719	XP_006417449.1	g49733, g14247
OG0000720	XP_024012880.1	g1754
OG0000720	XP_006396418.1	g39542
OG0000721	XP_006414399.1, XP_006406807.1	g6993
OG0000722	XP_006390978.1	g45812
OG0000723	XP_024007171.1	g18529
OG0000723	XP_006394872.1	g4864
OG0000724	XP_024013819.1, XP_006403474.1	g19102, g2219
OG0000726	XP_024016614.1	g18445, g18444
OG0000728	XP_024012436.1	g29070
OG0000730	XP_006395730.1	g10673
OG0000730	XP_006417063.1	g31492
OG0000732	XP_024011565.1	g1090
OG0000732	XP_024004570.1	g23718
OG0000732	XP_006403764.1	g11321
OG0000734	XP_006401963.1	g41169, g1326, g28342
OG0000735	XP_024011182.1	g28538
OG0000736	XP_006399521.1	g45529, g29507
OG0000736	XP_006404685.1	g38503
OG0000736	XP_006411786.1	g22748
OG0000737	XP_006411749.1	g48007
OG0000737	XP_006396175.2, XP_006404787.1	g38444
OG0000738	XP_006410443.1	g51327
OG0000738	XP_006410444.1	g39758
OG0000739	XP_006414766.1, XP_006418191.1	g30842, g49434
OG0000740	XP_024005007.1	g26827
OG0000741	XP_006392634.1	g36715
OG0000749	XP_006417131.1	g10608
OG0000749	XP_006415878.1	g32196
OG0000750	XP_024014727.1, XP_024009955.1, XP_006405316.2, XP_024016340.1	g40831
OG0000752	XP_006394749.2	g18564
OG0000752	XP_006399573.1	g29481
OG0000753	XP_006393757.1, XP_024006241.1, XP_006393753.1	g53790
OG0000754	XP_006393769.1	g28181
OG0000755	XP_006396631.1	g25545
OG0000756	XP_024004396.1	g47929
OG0000756	XP_006391965.2, XP_006391964.2	g40941
OG0000756	XP_024011066.1	g18484, g18486
OG0000757	XP_006403658.1, XP_006410950.1	g37224
OG0000758	XP_006389834.1	g46550
OG0000758	XP_006410344.1	g39816
OG0000758	XP_006416864.1	g31624
OG0000759	XP_006401063.1	g1202, g28719
OG0000759	XP_006417838.1	g26999
OG0000760	XP_006411327.1	g51911
OG0000762	XP_006408908.1	g5941
OG0000762	XP_024016056.1	g5942
OG0000763	XP_006392728.1, XP_024005980.1	g27997, g54354, g36680
OG0000763	XP_006392727.1	g36679
OG0000764	XP_006393078.1, XP_006393121.2, XP_006393122.1, XP_024006151.1	g28045, g28051
OG0000768	XP_006408354.2	g19546
OG0000772	XP_006395357.2, XP_006395358.1	g10410
OG0000773	XP_006415975.1, XP_006390992.1, XP_006395329.1	g44749
OG0000774	XP_006413208.1	g47581
OG0000774	XP_024011174.1	g6414
OG0000775	XP_006407563.1, XP_006407561.1, XP_006399623.1	g7430, g12371, g12372
OG0000776	XP_006411245.1	g37342
OG0000776	XP_006407706.1	g13022, g7512
OG0000778	XP_006399829.1	g29359
OG0000778	XP_006399828.1	g5274
OG0000779	XP_006413670.1	g17303, g47419
OG0000779	XP_006396732.1	g25661
OG0000779	XP_006396733.1	g25660
OG0000780	XP_006411777.2	g22739
OG0000780	XP_006404680.1	g38506
OG0000780	XP_024011737.1	g29511
OG0000781	XP_006397555.1	g38223
OG0000781	XP_006397556.1	g37524
OG0000783	XP_006400711.1	g772
OG0000783	XP_006404506.1	g29397
OG0000784	XP_024009551.1	g3089
OG0000784	XP_006400774.1	g28866, g807
OG0000785	XP_006412370.1	g18150
OG0000785	XP_006398927.1	g29776
OG0000786	XP_024006812.1	g9918
OG0000788	XP_006419073.1	g3012
OG0000788	XP_006400813.1	g828
OG0000788	XP_006419072.1	g3011
OG0000789	XP_006389877.1	g44317
OG0000789	XP_006407295.1	g13146
OG0000790	XP_024005981.1	g36678
OG0000794	XP_006409874.1, XP_006409847.1	g28179
OG0000794	XP_006419015.1, XP_006409843.2	g51082, g51084
OG0000798	XP_006414312.1, XP_006391552.1	g24266, g17563, g47178
OG0000799	XP_006408266.1	g50344
OG0000800	XP_006395695.1	g41234
OG0000800	XP_006404226.1	g11389
OG0000801	XP_006407540.1	g29782
OG0000801	XP_006398921.1	g29780
OG0000801	XP_006407539.1	g13101
OG0000802	XP_006398302.1	g10953
OG0000803	XP_006413935.1	g47325
OG0000804	XP_024014382.1	g53817
OG0000805	XP_006406196.1, XP_006414610.1	g17702
OG0000807	XP_006397604.1	g37537
OG0000807	XP_006408555.1	g7952
OG0000808	XP_006409908.1	g39999
OG0000808	XP_006418896.1	g19564, g2880
OG0000808	XP_006400977.1	g1260
OG0000809	XP_006415941.1	g27587
OG0000810	XP_024006134.1	g36509, g54213
OG0000811	XP_024015960.1	g26677, g114, g49171, g31442, g43811, g43816, g43802, g53223, g1387, g46036, g33246, g33277, g1170, g52201, g49044, g49125, g43696, g13633, g17627, g731, g41238, g40624, g1830, g18417, g3402, g49124, g33008, g1169, g12786, g27153, g115, g40625, g41239, g6400, g18392, g36282, g6060, g11505, g5049, g454, g11504, g6059, g79, g26672, g13868, g18777, g35654, g43198, g23492, g40630, g39800
OG0000812	XP_006408714.1	g53541
OG0000813	XP_024015492.1, XP_024015558.1	g6955
OG0000814	XP_024012492.1	g862, g860
OG0000818	XP_006404158.1	g2629
OG0000818	XP_006413035.1	g47643
OG0000818	XP_006391594.1	g40738
OG0000819	XP_006407536.1	g12365
OG0000819	XP_006398924.1	g29778
OG0000819	XP_024013003.1	g2161
OG0000821	XP_006401883.1	g1309
OG0000821	XP_006401884.2	g1310
OG0000821	XP_006401885.2	g41199, g41184, g41183
OG0000823	XP_006398418.1	g40691, g10891
OG0000823	XP_006414219.1	g47213, g24255
OG0000824	XP_006415122.1, XP_006415123.2	g32658, g27798
OG0000824	XP_006397064.1, XP_024010136.1	g40312
OG0000825	XP_006402466.1	g1837
OG0000825	XP_006397813.1	g52299, g37652
OG0000826	XP_006404233.1	g19425
OG0000826	XP_006397623.1, XP_024004481.1	g52166, g37548
OG0000827	XP_006401505.1	g985
OG0000827	XP_006398630.1	g47835, g5823
OG0000828	XP_024004116.1, XP_024004124.1	g51317, g51340, g51316
OG0000829	XP_006400294.1	g45753
OG0000830	XP_006416417.1	g50129
OG0000831	XP_006416396.1, XP_006416394.1, XP_006416393.1, XP_006416392.2	g27461
OG0000832	XP_024014986.1	g44310
OG0000833	XP_024015689.1	g7141
OG0000833	XP_024005954.1	g54293
OG0000834	XP_024015462.1	g6862
OG0000834	XP_006393330.1	g54107
OG0000835	XP_006406535.1	g11975, g6829
OG0000835	XP_006393234.1	g36401
OG0000837	XP_024014234.1	g27166
OG0000838	XP_024015843.1, XP_024016488.1	g52396, g52380
OG0000843	XP_006419167.2	g45127
OG0000844	XP_006407657.1	g7481
OG0000844	XP_006398743.1	g29846, g5767
OG0000846	XP_006412373.1, XP_006396914.1, XP_006419087.2	g18149, g23193
OG0000847	XP_006399455.1	g29549
OG0000847	XP_006394136.1	g219
OG0000848	XP_024009996.1, XP_024008398.1, XP_006408740.1	g49348
OG0000849	XP_006402430.1	g1795
OG0000851	XP_006411447.1	g52005
OG0000851	XP_006402874.1	g2106
OG0000852	XP_006400583.1	g706
OG0000853	XP_006396533.1	g25495
OG0000854	XP_006409859.1	g37834, g40042
OG0000855	XP_006404313.1	g11395, g2757
OG0000855	XP_006394362.1	g340
OG0000857	XP_006409640.1	g6195
OG0000857	XP_006404177.1	g19417
OG0000861	XP_024013616.1	g41660, g41683, g41662, g41633, g36966, g36993, g36967
OG0000863	XP_024014477.1	g32338
OG0000867	XP_006391393.1	g44988
OG0000868	XP_006399134.1	g45455, g5591, g29666
OG0000868	XP_024015794.1	g12305, g7345, g13126
OG0000870	XP_006415682.1	g50492, g50452
OG0000871	XP_006408411.1	g7867
OG0000871	XP_006405765.1	g18093
OG0000872	XP_006410386.1	g39803
OG0000872	XP_024003855.1	g39806
OG0000875	XP_024008132.1	g31012
OG0000877	XP_006391639.1	g37254
OG0000878	XP_006396668.1, XP_006396819.1	g25974, g16954
OG0000879	XP_006417896.2	g31013
OG0000883	XP_006412198.1	g47886
OG0000883	XP_006408143.1	g7738, g12824, g12583
OG0000884	XP_024009132.1	g32204
OG0000885	XP_024008320.1	g50244
OG0000885	XP_024005464.1	g17066, g23580
OG0000886	XP_006403313.1	g37044
OG0000888	XP_006402781.1	g11209, g1980, g18951
OG0000888	XP_006411507.1	g52055
OG0000889	XP_006403465.2	g2212, g19095
OG0000890	XP_006403665.1	g2336, g19181
OG0000890	XP_006410935.1	g51643
OG0000891	XP_006416199.1	g32036
OG0000892	XP_006394800.1, XP_006406671.1	g602
OG0000897	XP_006403634.1	g2322
OG0000900	XP_006417119.1	g49875
OG0000900	XP_006417117.1, XP_006417118.1	g31459, g53611
OG0000901	XP_006414340.1	g2658, g2672, g24339, g17581
OG0000902	XP_006399001.1	g5640, g29730
OG0000903	XP_006399621.2	g29451
OG0000903	XP_006395944.1, XP_024007248.1	g46806
OG0000904	XP_006399530.1	g45532
OG0000904	XP_006412569.1	g23312
OG0000905	XP_006399520.1	g29506
OG0000905	XP_024016068.1	g9730
OG0000906	XP_006394097.1	g18661
OG0000906	XP_006399489.1	g29526
OG0000907	XP_006414083.1	g24176, g17469
OG0000907	XP_006398273.1	g40587, g10964
OG0000908	XP_024005520.1, XP_006408056.1, XP_024014298.1	g22696
OG0000909	XP_006416032.1	g50312
OG0000910	XP_024012486.1	g28799
OG0000910	XP_024012341.1	g28800
OG0000910	XP_006400878.1	g41318
OG0000911	XP_006393864.1	g19649
OG0000911	XP_006404009.1	g11359, g19349
OG0000912	XP_006396468.1	g39592
OG0000912	XP_006418281.1	g49396
OG0000913	XP_006416103.1, XP_024004264.1	g50285, g44694
OG0000915	XP_006403753.1	g2397
OG0000915	XP_006410817.1	g37165
OG0000917	XP_006417160.1	g31431
OG0000918	XP_024004975.1	g46686
OG0000918	XP_006398085.1, XP_006398086.2	g11041
OG0000919	XP_006406750.2	g13279
OG0000920	XP_006392730.1	g54357, g54355, g54356
OG0000921	XP_006393230.1, XP_024006180.1, XP_006393229.1	g36381, g36403
OG0000922	XP_024014047.1	g16101
OG0000923	XP_006402192.1	g26772, g26765, g26752, g26764
OG0000924	XP_006414050.1	g22936
OG0000924	XP_006412012.2	g18251
OG0000924	XP_024016468.1	g13980
OG0000928	XP_024011312.1, XP_024007908.1, XP_024011362.1	g3295, g43049, g14675, g24689, g11541, g43767, g43339, g43050, g25303, g41013, g25304, g4017, g34688, g35191, g53426, g26843, g17730, g34798, g46344, g34689, g53213, g38475, g52090, g4491, g19474, g28160, g28168, g17242, g33367, g17729, g16164, g46945, g41097, g17243, g27379, g11248, g14091, g44960, g24690, g25922, g11249, g19475, g16564, g5279, g13180, g29164, g46345, g32824, g47165, g2791, g45936, g14742, g43386, g25923, g14092, g43340, g15026, g14748, g11247, g45839, g44961, g5278, g2766, g27380, g5572, g19473, g16563, g43511, g29165, g17241, g33368
OG0000930	XP_024016000.1	g13896
OG0000930	XP_024005493.1	g23477
OG0000931	XP_006407764.1	g12990
OG0000931	XP_006407470.1	g7394, g12335
OG0000932	XP_006407392.1	g13128, g12299
OG0000933	XP_006401834.1	g41220, g28366
OG0000933	XP_024005825.1	g879
OG0000935	XP_006396608.1	g25539
OG0000935	XP_006413813.1	g17365, g24033
OG0000936	XP_006413755.1	g47385
OG0000937	XP_006413487.1	g17236
OG0000938	XP_006391477.1	g18138
OG0000938	XP_006411757.1	g22721, g2326
OG0000938	XP_006411756.2	g22720
OG0000939	XP_006404586.1	g14026, g38532
OG0000939	XP_006411687.1, XP_006411704.1	g18311
OG0000940	XP_006396145.1	g11622
OG0000940	XP_006412056.1	g22969
OG0000941	XP_006414783.1	g24567
OG0000941	XP_006418018.1	g49502, g30936
OG0000942	XP_006406030.1, XP_006414738.1	g24536, g6533, g17723
OG0000943	XP_006408052.1	g12546
OG0000943	XP_024007586.1	g4794, g10126
OG0000945	XP_024008100.1	g47995
OG0000946	XP_006398605.1	g5834
OG0000947	XP_006400087.1	g29237, g5091
OG0000947	XP_006408433.1	g12689, g7889
OG0000948	XP_006411174.1	g37318
OG0000948	XP_006403475.1	g2220
OG0000950	XP_006394916.2	g4810, g10118
OG0000950	XP_024015292.1	g32990
OG0000952	XP_006397539.1	g37515, g52125
OG0000953	XP_006404055.1	g2592
OG0000954	XP_006406504.1	g6806
OG0000954	XP_024008706.1	g6801
OG0000957	XP_006397357.2, XP_024010570.1	g42912, g8578, g19898, g42285, g32971, g35103, g42181, g21523, g30397, g26151, g53116, g42934, g30082, g53585, g35480, g48061, g17793, g44043, g35062, g9182, g19899, g25383, g26128, g42557, g42911, g53999, g3838, g26689, g26283, g30479, g42632, g43875, g8561, g48226, g15637, g53643, g47352, g3773, g8555, g26851, g38564, g45370, g35482, g33187, g8577, g15712, g16290, g37184, g34959, g35350, g37801, g41932, g43204
OG0000958	XP_006392015.1, XP_006392012.1, XP_024013461.1, XP_006392018.1, XP_024005349.1, XP_024005254.1, XP_006392258.2	g18479
OG0000959	XP_006407655.1, XP_024008932.1, XP_024008933.1	g50152
OG0000962	XP_006405564.1, XP_006409417.2	g45549
OG0000963	XP_006398698.1	g45314, g5792
OG0000964	XP_024011808.1	g26717
OG0000965	XP_006413992.1	g47303
OG0000967	XP_006403044.2	g27912
OG0000967	XP_006416221.1	g50234
OG0000968	XP_006405829.1	g46773
OG0000968	XP_006405831.1	g25184
OG0000968	XP_006405830.1	g16220
OG0000969	XP_006398072.1	g40496
OG0000970	XP_024007211.1	g18677, g76, g10717
OG0000971	XP_006408228.1	g12613, g2066
OG0000972	XP_006394901.1	g4838, g18527
OG0000972	XP_006408019.1	g12522
OG0000973	XP_024011652.1	g41449
OG0000973	XP_006407971.1	g7660, g12501
OG0000975	XP_006416465.1	g31877
OG0000976	XP_006416962.1	g31560, g49925, g49923, g49924
OG0000977	XP_006404423.1	g2808
OG0000978	XP_006419014.1	g19586
OG0000979	XP_006414452.1	g24424
OG0000979	XP_006414453.2	g24425
OG0000980	XP_024014392.1	g28734
OG0000986	XP_006401257.1, XP_024016582.1, XP_006412618.2	g47772, g23347
OG0000988	XP_024012037.1	g29708
OG0000988	XP_024014877.1	g13113
OG0000989	XP_024012034.1	g4496, g3840, g28360, g26454
OG0000990	XP_006398337.1, XP_006414148.1	g24213, g17494
OG0000992	XP_006404632.1	g36959, g50882, g54088
OG0000992	XP_006411736.1	g22703
OG0000993	XP_006418614.1	g13525, g11661, g6390
OG0000994	XP_024003736.1	g39943
OG0000995	XP_006410286.1	g51255
OG0000995	XP_006399686.1	g49522
OG0000995	XP_024008289.1	g30960
OG0000996	XP_006410175.1	g37900
OG0000996	XP_006417891.1	g31018
OG0000997	XP_006417122.1, XP_006408221.1, XP_006407128.1	g12610
OG0000998	XP_006411198.1	g37327, g51789
OG0000998	XP_006403453.2	g2194
OG0001000	XP_006399999.1	g29281
OG0001000	XP_006409382.1	g14070
OG0001001	XP_006394843.1	g18547, g18546
OG0001001	XP_006394842.2	g51023
OG0001002	XP_006407232.1	g13165, g7245
OG0001002	XP_006392614.1	g54314
OG0001003	XP_006406928.1	g7061, g12110, g13245
OG0001003	XP_006392900.1	g36579
OG0001004	XP_006411262.1	g51862
OG0001008	XP_006412858.1	g23485
OG0001008	XP_006412859.1	g17010
OG0001009	XP_006412818.1	g34447
OG0001010	XP_006415284.1	g27725, g50616
OG0001010	XP_006410718.1	g51531
OG0001011	XP_006415251.1, XP_006415253.1	g27768
OG0001012	XP_006392392.1	g41088, g41084, g41091, g44006
OG0001012	XP_006417559.1	g27090
OG0001013	XP_024009737.1	g11006
OG0001015	XP_006413288.1	g47552, g23748
OG0001016	XP_006399610.1	g45562, g29459
OG0001016	XP_024006755.1	g10052
OG0001017	XP_006394009.1	g144
OG0001018	XP_006394627.1	g45502, g29578, g5494, g9985
OG0001019	XP_006414205.1	g47225
OG0001019	XP_006398403.1	g40682
OG0001020	XP_006414175.1	g47245
OG0001020	XP_006398367.1	g40644, g10924
OG0001021	XP_006402322.1	g18748
OG0001021	XP_006397982.1	g37763
OG0001022	XP_006400007.2	g38328
OG0001022	XP_006402386.1	g1762
OG0001023	XP_006409144.2, XP_006400809.1	g13766
OG0001024	XP_024016877.1	g37905
OG0001025	XP_006417883.1	g31022
OG0001025	XP_006410167.1	g39900, g51220
OG0001026	XP_024015667.1	g12738, g7923
OG0001026	XP_024011793.1	g29274
OG0001027	XP_006409385.2	g31437
OG0001028	XP_006403488.1	g19114
OG0001029	XP_006416251.1	g32015, g27506
OG0001029	XP_006390069.1	g46377
OG0001030	XP_006390290.1	g44444, g46220
OG0001031	XP_006416446.1	g50115
OG0001031	XP_006390275.1	g46230
OG0001032	XP_006390172.1	g46291
OG0001032	XP_006416338.1	g31961, g50165
OG0001034	XP_006416108.1	g50282
OG0001034	XP_006390855.1	g44690
OG0001035	XP_006405253.1	g1629
OG0001036	XP_006389965.1	g46469
OG0001037	XP_006389848.1	g44303
OG0001037	XP_024016299.1	g2455, g45188, g13042
OG0001038	XP_024015260.1, XP_024015530.1	g7266
OG0001039	XP_006393431.1	g36304
OG0001039	XP_006406715.1	g6935
OG0001040	XP_024006239.1	g28032
OG0001040	XP_006406299.1	g6683
OG0001041	XP_006404428.2	g49717
OG0001041	XP_006404362.1	g19512, g19511
OG0001043	XP_006392986.1	g36524
OG0001043	XP_024006311.1	g36525
OG0001044	XP_006403459.1	g2210
OG0001045	XP_024009394.1, XP_024009387.1, XP_024009385.1, XP_024010555.1, XP_024009386.1, XP_024009574.1, XP_006418957.2, XP_006419000.2	g2937, g2912, g2933
OG0001046	XP_024011206.1, XP_024016343.1	g22654, g22655
OG0001046	XP_024016438.1, XP_024013991.1, XP_024011252.1, XP_024009370.1, XP_024014434.1, XP_024010252.1, XP_024014031.1, XP_024004982.1, XP_024016344.1, XP_006391416.1, XP_024006628.1, XP_006406095.2, XP_024012443.1, XP_024011262.1, XP_024009369.1, XP_006403916.2	g52861, g36961
OG0001048	XP_024012595.1	g45421, g45419
OG0001048	XP_006399676.1	g17845, g45573
OG0001051	XP_006409392.1	g6121
OG0001051	XP_024005704.1	g23035
OG0001052	XP_006412136.1, XP_006412135.1, XP_006412134.1	g47909, g47910
OG0001053	XP_006392309.1	g41060
OG0001053	XP_006417513.1	g49716
OG0001054	XP_006391959.1	g40938, g38261
OG0001055	XP_006418637.1, XP_006395675.1	g6371, g16676, g16674
OG0001056	XP_006407564.1	g13098
OG0001056	XP_006398898.1	g5691
OG0001057	XP_006413046.1, XP_024012470.1, XP_006401614.1	g47639
OG0001058	XP_024005097.1	g24289, g17556
OG0001058	XP_006412051.1	g47940
OG0001059	XP_006398155.1	g40535
OG0001059	XP_024005902.1	g24114, g17402
OG0001060	XP_006414844.2	g17809, g24580
OG0001060	XP_006418835.1	g6503
OG0001061	XP_006406103.1	g6557
OG0001061	XP_006414692.2	g47060
OG0001062	XP_006404079.1	g2597, g19373
OG0001063	XP_006408018.1	g47040, g44040, g7688
OG0001064	XP_006410883.1	g51622
OG0001064	XP_006403711.1	g19204, g2368
OG0001065	XP_006410901.1	g37200
OG0001065	XP_024013659.1	g2350
OG0001066	XP_006410902.1	g51631, g38065
OG0001066	XP_006403686.1	g2349, g19195
OG0001067	XP_006389932.1	g44345, g46495
OG0001067	XP_024009093.1	g49979, g31659
OG0001068	XP_006390664.2, XP_006390668.1	g44609, g45995
OG0001069	XP_006390354.1	g46181
OG0001069	XP_006416513.1	g50084
OG0001070	XP_006415877.1, XP_006409304.2	g32197
OG0001071	XP_006417054.1	g31500
OG0001072	XP_006394649.1, XP_006404190.1	g19445
OG0001073	XP_006405127.1	g6899, g13299
OG0001073	XP_006404711.1	g54336
OG0001074	XP_024004711.1	g26813, g53638, g42668, g42659, g4054, g3459, g44889
OG0001074	XP_006390380.1	g24702, g26730, g25999, g25125, g34268
OG0001075	XP_006406941.1, XP_006406942.1	g13240, g12117, g12118
OG0001079	XP_006409772.2	g36973
OG0001079	XP_006414815.1	g12736
OG0001084	XP_006408982.1	g13849
OG0001084	XP_006412949.1	g47674
OG0001085	XP_024016016.1	g13898
OG0001086	XP_006412360.1	g23182, g18153
OG0001087	XP_006412200.2	g18215
OG0001088	XP_006395399.1	g10456, g10455
OG0001089	XP_006395338.1	g16485
OG0001089	XP_006395339.1	g10400
OG0001091	XP_006404210.1	g2682, g19439
OG0001091	XP_006402040.1	g1352
OG0001092	XP_006401415.1	g1033
OG0001092	XP_024012164.1	g5587
OG0001093	XP_006400491.1	g41427, g650
OG0001093	XP_024011474.1	g5323, g45586
OG0001094	XP_006399493.1	g29524
OG0001094	XP_006394063.1	g164
OG0001095	XP_006414999.1	g24918
OG0001096	XP_006402813.1	g2044
OG0001096	XP_006411469.1	g52024
OG0001098	XP_006393985.1	g123
OG0001099	XP_006396305.2	g25399
OG0001101	XP_006399976.2	g45664
OG0001101	XP_024006212.1	g13606
OG0001102	XP_006408431.1	g7885
OG0001102	XP_024011974.1	g29235
OG0001103	XP_006395017.1	g10167
OG0001105	XP_006389815.1	g46568
OG0001105	XP_006416878.1	g49952, g27323
OG0001106	XP_006416763.1	g49982, g31674
OG0001106	XP_006389951.1	g46483
OG0001107	XP_006416658.1	g50019, g31737
OG0001107	XP_006390579.1	g46054
OG0001108	XP_006390397.1	g44509
OG0001109	XP_006390081.1	g46369
OG0001109	XP_006416267.1	g32009
OG0001110	XP_006416006.1	g32116
OG0001111	XP_006391280.1	g41690, g44903
OG0001111	XP_006415766.1	g50412
OG0001112	XP_006395090.1, XP_024006839.1, XP_024014263.1	g4581
OG0001113	XP_006399163.1	g5584
OG0001115	XP_006390657.1	g45996
OG0001115	XP_006416715.1	g31697
OG0001116	XP_006393034.1	g28033
OG0001116	XP_006406310.1	g6688
OG0001117	XP_006414458.1	g24426
OG0001117	XP_006414457.1	g24429
OG0001118	XP_006410381.1	g51302
OG0001120	XP_024005340.1	g22964, g47945
OG0001120	XP_006409247.2	g6045
OG0001121	XP_024011192.1, XP_006401532.1, XP_006401530.1, XP_024011191.1	g39398
OG0001122	XP_006397034.1, XP_024004031.1	g31729
OG0001124	XP_024016493.1	g5968
OG0001124	XP_006413108.1	g17104, g23657
OG0001125	XP_006415326.1	g45025, g32527
OG0001125	XP_006410723.1	g51533
OG0001126	XP_006392286.1, XP_006392463.1	g44067
OG0001127	XP_006416997.1	g31536
OG0001127	XP_006395812.1	g10732
OG0001128	XP_006395651.1	g10631
OG0001128	XP_006417112.1	g31465, g49877
OG0001129	XP_006395323.1, XP_006395321.1, XP_006395324.1	g10382
OG0001130	XP_006395251.1	g10319
OG0001130	XP_006405697.1	g46920
OG0001131	XP_024005214.1, XP_024005213.1	g23730
OG0001131	XP_006401225.1	g39310
OG0001132	XP_006398754.1	g29844, g5762
OG0001132	XP_006407647.1	g7476
OG0001133	XP_006413134.1	g17111
OG0001133	XP_006401487.1, XP_006401485.1	g1001
OG0001134	XP_006399834.1, XP_006399835.1	g5272, g5271, g45622, g29355
OG0001135	XP_006399480.1	g29536
OG0001136	XP_006414179.1	g47242, g24232, g17506
OG0001136	XP_006398374.1	g40650
OG0001137	XP_006398206.1	g10993
OG0001137	XP_024005917.1	g17436
OG0001138	XP_006413679.1	g23966
OG0001138	XP_006408452.2	g41700
OG0001138	XP_024010191.1	g40427
OG0001139	XP_024008456.1	g32270
OG0001140	XP_024004591.1	g22956
OG0001140	XP_006409224.1	g13993
OG0001141	XP_024009698.1, XP_024009519.1	g2867
OG0001142	XP_006406143.1	g6574
OG0001142	XP_006414639.1	g11806
OG0001143	XP_024010812.1	g52233
OG0001143	XP_006402568.1	g1906
OG0001144	XP_006402622.2	g1933, g18858
OG0001144	XP_024010762.1	g37547
OG0001146	XP_006411427.1	g37399
OG0001146	XP_006407583.2	g7437
OG0001148	XP_006394138.1	g9755
OG0001148	XP_006399454.1	g220
OG0001149	XP_024013530.1	g2491, g19321
OG0001149	XP_024007376.1	g19632
OG0001150	XP_006400143.2	g29202
OG0001150	XP_006408406.1	g7865
OG0001151	XP_006407906.1	g12476
OG0001151	XP_006395076.1	g10202
OG0001152	XP_006402998.1	g19032
OG0001152	XP_024016664.1	g51912
OG0001153	XP_006410805.1	g38034
OG0001154	XP_024012053.1	g44475, g46190
OG0001155	XP_006416421.1	g50128
OG0001156	XP_006416074.1	g50299, g32096
OG0001156	XP_006390888.1	g45854, g35995, g22228, g22334, g35994
OG0001157	XP_024007715.1	g31315
OG0001157	XP_024007712.1	g27152
OG0001158	XP_006390841.1	g35857, g44683
OG0001158	XP_006416118.1	g32060
OG0001159	XP_006390167.1	g44389
OG0001159	XP_006390168.1	g44390
OG0001160	XP_006392632.1	g36717
OG0001161	XP_006406304.1	g6686
OG0001161	XP_006393024.1	g54219
OG0001163	XP_006410142.1, XP_024006557.1	g50666, g36215, g36181, g36213
OG0001163	XP_006402906.1	g28291
OG0001166	XP_006410101.1	g36956
OG0001169	XP_006413044.1	g17077
OG0001169	XP_006401613.1	g39433, g28457
OG0001170	XP_006394958.1	g10143
OG0001171	XP_006392090.1	g40989
OG0001172	XP_006395698.1	g10660
OG0001172	XP_006417084.1	g31481
OG0001173	XP_006413224.1	g17141
OG0001173	XP_024015849.1, XP_024004354.1	g17145
OG0001174	XP_006407511.1	g12357
OG0001174	XP_006398960.2	g29755
OG0001175	XP_006401368.1	g1055
OG0001175	XP_024013734.1, XP_006413179.1	g23700
OG0001176	XP_024006938.1	g9715
OG0001176	XP_006399541.1	g29498, g45539
OG0001177	XP_006399283.1	g5524
OG0001177	XP_024012720.1	g5527
OG0001178	XP_006399261.1	g29609
OG0001179	XP_024005508.1	g24168
OG0001180	XP_006413953.1	g47317
OG0001180	XP_006398172.1	g40540
OG0001181	XP_006413738.1	g47399
OG0001181	XP_024009884.1	g40455
OG0001182	XP_006410551.1	g51414
OG0001182	XP_006415616.1	g32375
OG0001183	XP_006412062.1	g47934
OG0001183	XP_006409260.2	g14007
OG0001184	XP_006402435.1	g1810
OG0001184	XP_006397852.1	g50789
OG0001185	XP_006402462.2	g1835
OG0001185	XP_006397817.1	g37654
OG0001186	XP_024012897.1	g18898
OG0001187	XP_024009644.1, XP_024003881.1, XP_006410439.2	g39793
OG0001187	XP_006418046.1	g26954
OG0001188	XP_006399119.1	g5594
OG0001188	XP_006410077.1	g39949
OG0001189	XP_006408532.1	g7940
OG0001189	XP_006399953.1	g5188
OG0001190	XP_006400366.1	g4934, g29034, g41480
OG0001191	XP_006394968.1	g10149
OG0001191	XP_006408099.1	g12854, g12562
OG0001192	XP_006414387.1	g17606
OG0001192	XP_006407910.1	g12477
OG0001193	XP_006403442.1	g2189
OG0001193	XP_006411212.1	g51812, g37332
OG0001194	XP_006403400.2	g2180
OG0001194	XP_006407765.1	g7548
OG0001195	XP_006416708.1	g31703
OG0001195	XP_006390651.1	g46000
OG0001196	XP_006390356.1, XP_024009623.1	g44483, g46180
OG0001196	XP_006416517.1	g27431, g50082
OG0001197	XP_006403560.1	g19149
OG0001198	XP_006394933.2	g10125
OG0001200	XP_006400549.1	g672
OG0001201	XP_006394628.1	g499
OG0001201	XP_006404221.1	g2696
OG0001202	XP_006404050.1	g2591
OG0001203	XP_006404472.1, XP_006404473.1	g3287
OG0001205	XP_006392820.1	g36609
OG0001205	XP_006407000.1	g7109, g13232
OG0001206	XP_006406838.1	g12090, g7008
OG0001207	XP_006414388.1	g24396, g17607
OG0001207	XP_006406796.1	g12065
OG0001208	XP_024006306.1	g13325
OG0001209	XP_006406536.1	g11976, g6831
OG0001210	XP_024006176.1	g36442
OG0001213	XP_024010403.1, XP_024015272.1, XP_024007217.1	g47151
OG0001216	XP_024004177.1	g7095
OG0001216	XP_006411369.1	g51963
OG0001217	XP_006414521.2	g24465
OG0001217	XP_024004812.1, XP_024005573.1	g17661
OG0001218	XP_024015475.1	g7727
OG0001218	XP_006408111.1	g7717
OG0001219	XP_006403429.1	g11274, g37070, g37071, g37072, g11430, g26094
OG0001220	XP_006419103.1	g3079
OG0001221	XP_024010493.1, XP_024013116.1, XP_024011351.1, XP_024013087.1, XP_024015985.1	g16393
OG0001222	XP_006412620.2	g23348, g16960, g47771
OG0001224	XP_006417596.1	g31167
OG0001224	XP_006392436.1	g27062
OG0001225	XP_006395516.1, XP_006395515.1	g16608
OG0001228	XP_024015881.1	g36352
OG0001229	XP_024012474.1	g28587, g28582, g28581
OG0001230	XP_006394473.1	g9884
OG0001230	XP_006399219.1	g5551
OG0001231	XP_006394454.2	g391
OG0001231	XP_006399213.1	g29634
OG0001232	XP_006414042.1	g17457
OG0001233	XP_006413602.1	g23931, g47447
OG0001233	XP_006396831.2	g40387, g25674
OG0001234	XP_006393677.1	g36180
OG0001235	XP_024016425.1	g6092, g13735
OG0001235	XP_006412102.1	g23002
OG0001236	XP_006414555.1	g47093
OG0001236	XP_024004235.1	g51298
OG0001237	XP_024010690.1	g37633
OG0001237	XP_006402487.1	g1864
OG0001238	XP_024010816.1	g37629, g52280
OG0001239	XP_006402634.1	g18874
OG0001241	XP_006397535.1	g38216
OG0001242	XP_006398773.1	g5744, g45348
OG0001243	XP_006391296.1	g18038
OG0001244	XP_024011549.1	g28935
OG0001245	XP_006403983.1	g2517
OG0001245	XP_006393837.1	g25
OG0001246	XP_006418358.1	g26886
OG0001246	XP_006396358.1	g39512
OG0001247	XP_006396509.1	g25488
OG0001247	XP_006407819.2	g7578
OG0001248	XP_006409963.1, XP_006409965.1, XP_006409962.2	g51124, g51128, g37871
OG0001249	XP_024004162.1	g51720, g43710
OG0001250	XP_006400067.1	g29244
OG0001250	XP_006408454.1	g12693, g7908
OG0001251	XP_006408426.1	g12687
OG0001251	XP_006400104.1	g29218
OG0001252	XP_006408403.1	g7863
OG0001253	XP_006408050.1	g7694, g12874
OG0001253	XP_006394934.1	g4796
OG0001254	XP_006393055.1	g36501
OG0001254	XP_024003863.1	g38012
OG0001255	XP_006389986.1	g46451
OG0001256	XP_024008795.1	g46014
OG0001256	XP_024008305.1	g27373, g50005
OG0001257	XP_006390582.1	g44576, g46050
OG0001257	XP_006416665.1	g31732
OG0001258	XP_006416562.1	g27419
OG0001258	XP_006390403.1	g46154
OG0001259	XP_006390325.1	g46192
OG0001261	XP_006395752.1	g10688
OG0001262	XP_024008898.1	g27261
OG0001262	XP_006417038.2	g31511
OG0001263	XP_006417255.1	g49813, g31371
OG0001263	XP_006391837.1	g44235
OG0001264	XP_006407228.1	g13174, g12242, g7243
OG0001265	XP_006393032.1	g36511
OG0001265	XP_006406308.1	g11879
OG0001267	XP_006398051.2, XP_006398049.2, XP_006398048.2	g11054
OG0001268	XP_024009099.1	g26757, g50357
OG0001269	XP_006410567.1, XP_024008168.1	g32401
OG0001270	XP_024009583.1, XP_024005444.1, XP_024009690.1, XP_024015280.1, XP_024005002.1, XP_024011261.1, XP_024014960.1, XP_024009331.1, XP_024014057.1, XP_024011361.1, XP_024011313.1, XP_024007907.1, XP_024016124.1, XP_024004983.1, XP_024009439.1, XP_024013821.1, XP_024016532.1, XP_024010111.1, XP_024015932.1, XP_024004411.1, XP_024013670.1, XP_024013379.1, XP_024016100.1, XP_024013894.1, XP_024004320.1	g3550, g30027, g30017, g3652, g52610, g44459, g26649, g16401, g24027, g23480, g3586, g26718
OG0001274	XP_006404955.1	g50980
OG0001274	XP_006412638.1	g23357
OG0001275	XP_006416378.1	g50146
OG0001275	XP_006412154.1	g23030
OG0001276	XP_006392044.1, XP_006392035.1	g44155
OG0001276	XP_006417387.1	g46965
OG0001277	XP_006391994.1	g40965
OG0001279	XP_006400026.1	g5139
OG0001279	XP_024015666.1	g29275
OG0001280	XP_024006937.1	g10372
OG0001280	XP_006405620.1	g16891
OG0001281	XP_006391654.1	g40826
OG0001282	XP_006413221.1	g23716
OG0001283	XP_024012992.1	g2067
OG0001283	XP_006411387.1	g37382
OG0001284	XP_006402200.1	g26736
OG0001284	XP_006394340.1	g329
OG0001285	XP_006401570.1	g959
OG0001286	XP_024012617.1	g28499, g991
OG0001287	XP_006401477.1	g39378, g1006
OG0001288	XP_006399646.1	g45567
OG0001288	XP_006394799.1	g601
OG0001289	XP_006398420.2	g10889
OG0001290	XP_006413535.1	g23883
OG0001291	XP_006415138.1, XP_006415180.1	g50669
OG0001291	XP_006415139.1	g27794
OG0001292	XP_024003929.1	g37889
OG0001292	XP_006408491.1	g7926
OG0001293	XP_006402705.1	g18901
OG0001294	XP_006404690.1	g50894
OG0001294	XP_006411796.1	g22760
OG0001295	XP_024014760.1	g28333
OG0001296	XP_024014094.1	g36926
OG0001296	XP_006410675.2	g22456, g22457, g22454, g3733, g22455, g37997
OG0001297	XP_024010114.1	g40451
OG0001298	XP_024005914.1	g47079
OG0001299	XP_006397866.1, XP_006418589.2	g37691
OG0001299	XP_006418590.1	g37690
OG0001299	XP_006397865.1	g37689
OG0001300	XP_006402806.1	g2037
OG0001300	XP_006411496.1	g38182
OG0001301	XP_006402830.1	g2132, g18972
OG0001301	XP_006411483.1	g11224
OG0001302	XP_006393963.1	g9683
OG0001302	XP_006404094.1	g2601
OG0001303	XP_006396209.1	g25341
OG0001303	XP_006397710.1	g37594
OG0001304	XP_006417754.1	g31093
OG0001304	XP_006409877.1	g40030
OG0001305	XP_006408080.1	g12863, g12556
OG0001306	XP_006394936.1	g4793
OG0001306	XP_006408054.1	g12547, g7697, g12871
OG0001307	XP_006407835.1	g12971
OG0001307	XP_006395180.1	g10264
OG0001309	XP_006410993.1	g51683
OG0001309	XP_006403627.1	g2317
OG0001310	XP_006416769.1	g31671
OG0001310	XP_006389948.1	g46484
OG0001311	XP_006395002.2, XP_006395003.1	g10158
OG0001312	XP_006407858.1	g12956
OG0001312	XP_006395150.1	g10242
OG0001313	XP_006391159.1	g44850
OG0001314	XP_006407233.1	g7246
OG0001314	XP_006392612.1	g27980, g54312
OG0001315	XP_006406923.1	g7060
OG0001315	XP_006392903.1	g36576
OG0001316	XP_006393466.1	g54062
OG0001316	XP_006406734.1	g6946, g13282
OG0001317	XP_024006363.1, XP_006406437.1	g36438
OG0001319	XP_006403736.1	g2386, g11318, g19210
OG0001321	XP_006398393.1	g18477
OG0001323	XP_024005577.1	g23707, g23706
OG0001328	XP_006412590.1	g16953, g23326
OG0001328	XP_006404986.1	g50995
OG0001330	XP_024016164.1	g6114
OG0001330	XP_024004417.1	g13727
OG0001331	XP_024010405.1	g43986
OG0001331	XP_006392385.2	g41089, g41082, g41085
OG0001332	XP_006392338.1	g41073
OG0001332	XP_006417535.1	g31218
OG0001333	XP_006392092.1	g44147, g40990
OG0001333	XP_006417401.1	g31289, g49760, g27134
OG0001334	XP_006416959.2	g31562
OG0001334	XP_006395874.1	g10777
OG0001335	XP_006398914.1	g5680
OG0001335	XP_006407545.1	g12368
OG0001336	XP_006407421.1	g7363
OG0001336	XP_006399111.1	g5596, g29680
OG0001337	XP_006401627.2, XP_006401628.2	g28452
OG0001337	XP_024005723.1	g17081
OG0001338	XP_024012430.1	g945
OG0001339	XP_024011439.1	g26842
OG0001339	XP_006413159.1	g23683
OG0001340	XP_006399618.1, XP_006409182.1	g5384
OG0001341	XP_006399581.1	g45552, g29474
OG0001342	XP_006399496.1	g45527
OG0001342	XP_024007437.1	g166
OG0001343	XP_006399319.1	g5508, g29591
OG0001343	XP_024006868.1	g472
OG0001344	XP_006414199.1	g47233
OG0001344	XP_006398394.1	g10909, g40671
OG0001345	XP_006414055.1	g47287
OG0001345	XP_006398258.1	g10970
OG0001346	XP_006413852.1	g24045, g47350
OG0001347	XP_006413525.1	g17261
OG0001348	XP_006409254.1	g6048
OG0001349	XP_006412019.1	g22944, g47955, g47958
OG0001350	XP_024014244.1	g50917
OG0001350	XP_006411833.1	g18290, g22800
OG0001351	XP_006403054.1, XP_024006337.1	g17896, g17900, g17918, g17911
OG0001352	XP_006396030.1	g25932
OG0001352	XP_006397274.1	g40227
OG0001353	XP_006398222.1	g16731, g18396
OG0001354	XP_006402360.1	g18789
OG0001354	XP_006397943.1	g50827
OG0001355	XP_006402501.1	g11168, g18690
OG0001355	XP_006397772.1	g52282
OG0001356	XP_006402760.1	g1994, g18939
OG0001357	XP_006402824.1	g2054
OG0001358	XP_006411456.1	g37416
OG0001358	XP_006402868.1	g2112
OG0001359	XP_024009717.1	g2928
OG0001360	XP_024008805.1	g49490
OG0001360	XP_006410355.1	g51296
OG0001361	XP_024003938.1	g37930
OG0001361	XP_024008194.1	g30901
OG0001362	XP_006406351.1	g6706, g11898
OG0001362	XP_006408669.1	g40140
OG0001363	XP_006413113.1	g23660
OG0001364	XP_024012291.1	g5140
OG0001364	XP_006408483.1	g12713
OG0001365	XP_006400032.1	g45686, g29273
OG0001366	XP_006400122.1	g5076
OG0001366	XP_006408415.1	g12752, g7871
OG0001367	XP_024007346.1	g10183
OG0001367	XP_006407939.1	g7644
OG0001368	XP_006405926.1	g24719, g25066, g25041, g25068
OG0001368	XP_006405985.1	g25048, g36889
OG0001370	XP_006416340.1	g31960
OG0001370	XP_006390173.1	g46290
OG0001372	XP_006408341.1	g12761
OG0001372	XP_006400241.1	g45745, g29153, g5005
OG0001373	XP_024006229.1, XP_006406620.1	g12013, g6885
OG0001374	XP_006390328.1	g44472
OG0001374	XP_006416498.1	g3704, g50089, g26819
OG0001375	XP_006416838.1	g49963
OG0001375	XP_006389871.1	g44314
OG0001376	XP_006407142.1	g7193
OG0001376	XP_006392704.1	g54341
OG0001377	XP_006406816.1	g12075
OG0001377	XP_006406765.2	g6974
OG0001378	XP_006393407.1	g28105
OG0001378	XP_006406692.1	g6921
OG0001379	XP_006406428.2	g3849, g4807, g43217, g11942
OG0001379	XP_006393155.1	g54171
OG0001380	XP_024006357.1	g54175
OG0001380	XP_006406423.1	g13365
OG0001382	XP_006404724.2	g38481
OG0001382	XP_006411832.1	g22799, g18905
OG0001383	XP_006412767.1	g47728, g2927
OG0001383	XP_006405157.2, XP_024005817.1	g3256, g50765, g47727
OG0001384	XP_006404806.1, XP_006404792.2, XP_006404801.1	g50944
OG0001384	XP_006404807.1	g38442
OG0001391	XP_006407354.1	g7315
OG0001391	XP_006415429.1	g50558
OG0001392	XP_006412163.1	g18225
OG0001392	XP_006409401.1	g6122
OG0001393	XP_006409346.1	g13722
OG0001393	XP_006412126.1	g47915
OG0001394	XP_006415265.1	g50619
OG0001395	XP_006413165.1	g23687
OG0001396	XP_006395103.1	g10235, g10220
OG0001397	XP_006417482.1	g31244
OG0001397	XP_006392273.1	g44080, g41049
OG0001398	XP_006398540.1	g10797
OG0001398	XP_006416955.1	g31566
OG0001399	XP_024006797.1	g10696
OG0001399	XP_024008579.1	g31524
OG0001400	XP_006417140.1	g31446, g27219
OG0001401	XP_006400037.1	g5130, g45688
OG0001402	XP_006405605.1	g46691
OG0001402	XP_006395316.1	g10380
OG0001403	XP_006391810.1	g40871
OG0001403	XP_006417240.2	g31381
OG0001404	XP_006391856.1	g40899
OG0001404	XP_006417266.1	g49805
OG0001405	XP_006398940.1	g45412
OG0001405	XP_006407522.1	g7420
OG0001406	XP_006411834.1	g22801
OG0001406	XP_006390781.1	g45919
OG0001407	XP_006401767.1	g895
OG0001407	XP_006413006.1	g17071, g47651
OG0001408	XP_006399537.1	g5415
OG0001409	XP_006394248.1	g276
OG0001409	XP_006399365.1	g29575
OG0001410	XP_006398370.1	g10921
OG0001410	XP_006414177.1	g24231, g47243
OG0001411	XP_006414135.1	g17488
OG0001411	XP_006414136.1	g47259
OG0001412	XP_006413950.1	g24120
OG0001412	XP_006398162.1	g11008, g40537
OG0001413	XP_006413716.1, XP_006413715.1	g23977
OG0001414	XP_006415105.1	g50697, g50696
OG0001415	XP_006410537.1	g51404
OG0001415	XP_006415658.1	g50469
OG0001416	XP_006410574.1	g51437
OG0001416	XP_006415565.1	g50512
OG0001417	XP_006411958.2	g18258
OG0001417	XP_006404862.1	g38412
OG0001418	XP_006411721.1	g18306
OG0001418	XP_006404611.1	g50875
OG0001419	XP_006405696.1	g46728
OG0001419	XP_006399282.1	g27600
OG0001420	XP_006396672.1	g25581
OG0001422	XP_006408118.1	g12838
OG0001422	XP_006394990.1	g10154
OG0001423	XP_006397658.1	g37565
OG0001423	XP_006402600.1	g11186
OG0001424	XP_006398837.1	g29819
OG0001424	XP_024012411.1	g45372
OG0001425	XP_006419171.1	g11531
OG0001425	XP_024012629.1	g28922
OG0001427	XP_006396306.1	g39470
OG0001427	XP_006418418.1	g30744
OG0001428	XP_006418294.1	g49392
OG0001428	XP_006396454.1	g39587
OG0001429	XP_006396461.1	g39588
OG0001429	XP_006402349.1	g1749
OG0001430	XP_006418142.1	g49450
OG0001430	XP_024013128.1	g39721
OG0001431	XP_006418092.1	g39772
OG0001431	XP_006410401.1	g51312
OG0001432	XP_006417978.1	g26963
OG0001432	XP_006410293.1	g51260
OG0001433	XP_006417904.1	g26980
OG0001433	XP_006410192.1	g51229
OG0001434	XP_006409970.1	g51129
OG0001434	XP_006399065.1	g29697
OG0001435	XP_006417776.1	g31076, g49588
OG0001435	XP_006409901.1	g39988
OG0001436	XP_006400312.1	g28996, g4981
OG0001436	XP_006408285.1	g12623
OG0001437	XP_006400336.1	g29026
OG0001437	XP_024015641.1	g12792
OG0001438	XP_006395009.1	g10162
OG0001439	XP_006390489.1	g44554
OG0001439	XP_006416601.1	g50044
OG0001440	XP_006416271.1	g27493, g32006
OG0001440	XP_006390090.1	g46355
OG0001441	XP_006390694.1	g45964
OG0001441	XP_006416189.1	g50247
OG0001442	XP_006390837.1	g45881
OG0001442	XP_006416121.1	g27544
OG0001443	XP_006415979.1	g32129
OG0001443	XP_006390975.1	g45813, g44727
OG0001445	XP_006402104.1	g6096
OG0001446	XP_006399286.1	g5523
OG0001446	XP_006394538.1	g18591
OG0001448	XP_024006293.1	g54338
OG0001448	XP_006407162.2	g7208
OG0001449	XP_006407095.1	g12188, g7168
OG0001449	XP_006392744.1	g11243, g36667
OG0001450	XP_006392745.1	g12185
OG0001450	XP_006407094.1	g7167
OG0001451	XP_006392839.1	g12141
OG0001452	XP_006406961.1	g7075
OG0001453	XP_006392878.1	g54269
OG0001453	XP_006406938.1	g12116, g13242
OG0001454	XP_006406905.1	g7051
OG0001455	XP_006406815.1	g12074, g6999
OG0001455	XP_024005411.1, XP_006414582.2	g24406
OG0001456	XP_006406429.1	g13368
OG0001457	XP_024015685.1	g11920
OG0001457	XP_024006312.1	g54201
OG0001458	XP_024010828.1	g14937
OG0001459	XP_006416320.2, XP_024008540.1	g50174
OG0001461	XP_024004123.1	g37952
OG0001461	XP_024004121.1	g51323
OG0001462	XP_024014283.1	g28224, g22663, g49937
OG0001464	XP_006412800.1	g16998
OG0001464	XP_006409063.1	g13914
OG0001465	XP_024016398.1	g5973
OG0001465	XP_006412776.1	g23443
OG0001466	XP_006412582.1	g23319
OG0001466	XP_006404990.1	g16950
OG0001467	XP_006396957.2	g36049, g3813, g25749
OG0001468	XP_006412271.1	g47866
OG0001469	XP_024009921.1	g4558
OG0001469	XP_006415318.1	g50603, g32530
OG0001470	XP_006410739.1	g51539
OG0001470	XP_006414307.1	g47179
OG0001471	XP_006417402.1	g27133, g49758, g31288
OG0001472	XP_006416963.1	g31559
OG0001472	XP_006395863.1	g10770
OG0001473	XP_006395757.1	g10695
OG0001473	XP_006417017.1	g31523
OG0001475	XP_006417277.1	g49799
OG0001475	XP_006391897.1	g40913, g44224
OG0001477	XP_006392085.1	g41009
OG0001477	XP_006399201.1	g5566
OG0001478	XP_006398753.1	g5763
OG0001479	XP_006402603.1, XP_006407486.1	g1928, g18840, g42086
OG0001480	XP_024005550.1	g23805, g17185
OG0001481	XP_024012024.1	g29369
OG0001482	XP_006399606.1	g29463
OG0001482	XP_006394770.1	g585
OG0001483	XP_024007438.1	g568, g10027
OG0001484	XP_006399559.1	g29490
OG0001485	XP_006399392.1	g29567
OG0001485	XP_006394236.1	g9798
OG0001486	XP_006399358.1	g5490
OG0001486	XP_024007457.1	g279
OG0001487	XP_006394581.1	g463
OG0001487	XP_006399307.1	g29595, g45494
OG0001488	XP_006414209.1	g24248
OG0001488	XP_006398405.1	g40683, g10899
OG0001489	XP_006396722.1	g40424
OG0001489	XP_006413678.1	g23965
OG0001490	XP_006415602.1	g50501, g32388
OG0001490	XP_006410558.1	g51425
OG0001491	XP_006415528.1	g32424
OG0001492	XP_006404615.1	g50876
OG0001493	XP_006393620.1	g53956
OG0001493	XP_006403303.1	g37042
OG0001494	XP_006396781.1, XP_006396778.1, XP_006396780.1, XP_006396779.1	g40403
OG0001495	XP_006404527.1, XP_024010987.1	g10864
OG0001496	XP_006418792.2	g11730
OG0001496	XP_006414882.1	g24650
OG0001498	XP_006418158.1, XP_006404607.1	g26925, g30860
OG0001499	XP_024012883.1, XP_006397962.1	g18738
OG0001500	XP_006397908.1	g37716
OG0001500	XP_006402392.1	g1765
OG0001501	XP_006397871.1	g50799
OG0001502	XP_006397649.1	g38236
OG0001502	XP_006402602.1	g18839
OG0001503	XP_006402639.1	g18877, g1951
OG0001504	XP_006402676.1	g18882
OG0001504	XP_006397520.1	g38213
OG0001505	XP_006402687.1, XP_024010781.1	g37494
OG0001506	XP_006407736.1	g7528
OG0001506	XP_006398601.1	g5844
OG0001507	XP_006400987.1	g1254, g39243
OG0001508	XP_006394276.1	g298
OG0001509	XP_006404109.1	g2610, g11370
OG0001510	XP_006410289.1	g51259
OG0001510	XP_024008319.1	g49518
OG0001511	XP_006417758.1	g31085
OG0001511	XP_006409888.1	g40022
OG0001512	XP_006417716.1	g27025
OG0001512	XP_006409801.1, XP_006412464.2	g40081
OG0001513	XP_006408478.1	g12739
OG0001514	XP_006408225.1	g7791, g12800
OG0001514	XP_006400376.1	g29039
OG0001515	XP_006408030.2	g5386, g28104
OG0001516	XP_006407926.1	g7634
OG0001517	XP_006403038.1	g2175
OG0001517	XP_006411267.1	g51865
OG0001518	XP_024003793.1	g51849
OG0001518	XP_006403403.1	g19057
OG0001519	XP_006390492.1	g46106
OG0001519	XP_006416602.1	g31778
OG0001520	XP_006404290.1	g19484
OG0001520	XP_006416541.1	g27427
OG0001521	XP_006390135.1	g44370
OG0001521	XP_006416309.1	g31988
OG0001522	XP_006390822.1	g45885
OG0001523	XP_006416052.2	g32089
OG0001524	XP_006415761.1	g50413
OG0001524	XP_006394463.1	g9882
OG0001526	XP_006418460.1, XP_006402505.1	g30730, g6246
OG0001527	XP_006389810.1	g44294
OG0001528	XP_006390276.1	g17976
OG0001529	XP_006400467.1	g4879
OG0001530	XP_006411685.1	g4756, g22671
OG0001530	XP_006392501.1	g4443
OG0001531	XP_024012106.1	g29693
OG0001531	XP_006407435.1	g12318
OG0001532	XP_006408592.1	g46848
OG0001532	XP_006401042.1	g1222
OG0001533	XP_006404028.1	g11362, g2567
OG0001534	XP_024010827.1	g44348
OG0001534	XP_006409184.1	g13976
OG0001535	XP_006407227.1	g7242, g13175, g12241
OG0001536	XP_006407180.1	g12222
OG0001536	XP_006392674.1	g7220
OG0001537	XP_006392875.1	g54272
OG0001537	XP_006406947.1	g36582
OG0001538	XP_006392973.1	g36534
OG0001540	XP_006410596.1, XP_006410595.1	g51453
OG0001545	XP_006398177.2	g11001
OG0001546	XP_006411069.1	g45032, g11626, g45094, g37283
OG0001549	XP_006412951.1	g17041, g47673
OG0001550	XP_006407451.1, XP_024004661.1	g39747, g12324
OG0001551	XP_006412603.1	g23335
OG0001551	XP_024014214.1	g38382
OG0001552	XP_006412518.1	g16937, g23288
OG0001552	XP_006405148.1	g38335
OG0001553	XP_006392146.1	g44136
OG0001553	XP_024008472.1	g31267
OG0001554	XP_006417328.1	g27168
OG0001554	XP_006391952.1	g44204
OG0001555	XP_006417144.1	g31439
OG0001555	XP_024007058.1	g10625
OG0001556	XP_006410854.1	g37186
OG0001556	XP_006395549.1	g10564
OG0001557	XP_024015086.1, XP_006392930.1	g13040
OG0001558	XP_006398899.1	g29791, g5690
OG0001559	XP_006402246.1	g1495
OG0001559	XP_024005275.1	g47498
OG0001560	XP_006402205.1	g1456
OG0001560	XP_024004391.1	g17218
OG0001561	XP_006413286.2	g23742
OG0001562	XP_024012281.1	g1044
OG0001562	XP_006398952.1	g5656
OG0001563	XP_006400502.1	g29114
OG0001563	XP_006399751.1	g5312
OG0001564	XP_006410924.1	g37211
OG0001564	XP_006416410.1	g50132
OG0001565	XP_006394530.1	g9917
OG0001566	XP_006398217.1	g40559
OG0001566	XP_006414009.1	g17445
OG0001567	XP_006396080.1	g32746
OG0001568	XP_024008558.1, XP_006415633.1	g27669, g27668
OG0001569	XP_006410572.1	g51434
OG0001569	XP_006415572.1	g50510
OG0001570	XP_006402683.1	g18886
OG0001570	XP_006415396.1	g32505
OG0001571	XP_006409309.2	g14031
OG0001571	XP_006412100.1	g23001
OG0001572	XP_006411810.1	g22776
OG0001572	XP_006404700.1	g38492
OG0001573	XP_006411773.1	g22737
OG0001574	XP_006411716.1	g22691
OG0001574	XP_024014328.1	g50871
OG0001575	XP_006411692.1	g18320
OG0001576	XP_006405671.1	g46720
OG0001578	XP_006410408.1	g40709
OG0001579	XP_006414247.1	g47200
OG0001580	XP_024010354.1	g14956, g3329
OG0001581	XP_006402334.1	g1743
OG0001581	XP_006397959.1	g37744
OG0001582	XP_006397584.1	g52159
OG0001583	XP_006402839.1	g2127
OG0001584	XP_006402865.1	g2115
OG0001585	XP_006402897.1, XP_006396061.1	g2084
OG0001585	XP_006411415.1	g51997
OG0001586	XP_006400512.1	g29122
OG0001586	XP_006404982.1	g643
OG0001587	XP_006408697.2, XP_006408695.1	g28856
OG0001588	XP_006418854.1	g28704
OG0001589	XP_006404227.1	g2698
OG0001590	XP_024013413.1	g19093
OG0001590	XP_006393990.1	g131
OG0001591	XP_006418291.1, XP_006396457.1	g45235, g25470
OG0001592	XP_006418254.1	g49410
OG0001592	XP_006396512.1	g45212
OG0001593	XP_006410484.2	g37956
OG0001593	XP_006418125.1	g26938
OG0001594	XP_006410370.1	g30917, g36607
OG0001595	XP_006408327.2	g12652
OG0001596	XP_006400358.1	g41489
OG0001596	XP_006408247.1	g7805
OG0001597	XP_006394896.1, XP_006408013.1	g10110
OG0001598	XP_024012590.1	g7655, g12496
OG0001598	XP_006400443.1	g29074
OG0001599	XP_006407818.1	g12977
OG0001600	XP_006403746.1, XP_024013436.1	g38040, g51591
OG0001601	XP_024009142.1	g50016, g31730
OG0001601	XP_006390589.1	g46035
OG0001602	XP_024008890.1, XP_006416291.1, XP_006390110.1	g27489
OG0001603	XP_024012577.1	g44691
OG0001603	XP_006416107.1	g32067, g50283
OG0001605	XP_006416094.2	g50292
OG0001605	XP_006390872.2	g45863
OG0001606	XP_006404849.2	g38428
OG0001607	XP_006417217.1	g31396
OG0001607	XP_006391789.1	g40862
OG0001608	XP_024016385.1, XP_006417366.1, XP_024007716.1	g31310
OG0001609	XP_006400462.1	g29088
OG0001609	XP_006418251.2	g30813
OG0001610	XP_006396112.2	g12364
OG0001611	XP_006390323.1	g44470
OG0001612	XP_006407236.1	g7249
OG0001612	XP_024006221.1	g54311
OG0001613	XP_024006211.1, XP_006392832.2, XP_006392829.2	g36603
OG0001613	XP_006406986.1	g7100
OG0001614	XP_006393058.1	g13377
OG0001615	XP_006418845.1, XP_006395416.2	g6511
OG0001615	XP_006393061.1	g36494, g54189
OG0001616	XP_024016621.1	g6085
OG0001616	XP_006412095.1	g22996
OG0001617	XP_006409039.1, XP_006412815.1	g13804
OG0001618	XP_006392564.1	g54383, g27975
OG0001618	XP_006407288.1	g7278
OG0001619	XP_006403747.1	g2390
OG0001619	XP_006410827.1	g51590
OG0001620	XP_006416618.2, XP_006416692.2	g22660, g9620
OG0001626	XP_024012626.1, XP_024010443.1	g37057, g44964
OG0001627	XP_006415773.1	g50409
OG0001627	XP_006415770.1	g27628
OG0001629	XP_006417116.1	g10627
OG0001630	XP_024004113.1, XP_006410403.2	g39828, g51265
OG0001631	XP_006391204.1	g44873
OG0001633	XP_006413732.1, XP_006413655.1, XP_006413652.2	g23954, g23953
OG0001642	XP_006412301.1	g23148
OG0001643	XP_006409413.1	g6125
OG0001643	XP_006412169.1	g18224
OG0001644	XP_006392117.1	g41003
OG0001644	XP_006417426.1	g31272
OG0001645	XP_006395663.1	g16672
OG0001646	XP_006417166.1	g31422
OG0001647	XP_006405416.1	g16811
OG0001647	XP_006395477.1	g10515
OG0001648	XP_006405430.1	g46660
OG0001648	XP_006395460.1	g16826, g10503
OG0001649	XP_006405588.1	g16877
OG0001649	XP_006395335.1	g10398
OG0001650	XP_006395260.1	g10329
OG0001651	XP_006413209.1	g17138
OG0001651	XP_006401301.1	g39342, g1077
OG0001652	XP_006407700.2	g7509
OG0001653	XP_006407636.1	g12392
OG0001653	XP_006397289.1	g40223
OG0001654	XP_024011507.1	g45356, g5729
OG0001654	XP_006407628.1	g7461, g13063
OG0001655	XP_006399013.1	g29722, g5634
OG0001655	XP_006407474.1	g12338, g7396
OG0001656	XP_006407336.1	g12282, g7311
OG0001657	XP_006413118.1	g23662
OG0001657	XP_006401514.1	g982
OG0001658	XP_006401482.1	g39381, g1002
OG0001658	XP_006413135.1	g23672, g46994
OG0001659	XP_006399226.1	g45478, g5543
OG0001660	XP_006413875.1	g24062
OG0001661	XP_006396798.1	g25669
OG0001661	XP_006413622.1	g47439, g23945
OG0001662	XP_006413606.1	g23932
OG0001662	XP_024009981.1	g40389
OG0001663	XP_006397109.1	g40283
OG0001663	XP_006416151.1	g50257
OG0001664	XP_006410614.2	g37099
OG0001664	XP_024008208.1	g50534
OG0001665	XP_006410626.1	g37103
OG0001666	XP_006412053.1	g47936, g22968
OG0001666	XP_006409253.1	g6047
OG0001667	XP_006411906.1	g22846
OG0001668	XP_006411873.1	g47992
OG0001668	XP_006404772.1	g38452
OG0001669	XP_024005879.1	g18141
OG0001670	XP_006411681.1	g18324
OG0001671	XP_006397251.1	g40234
OG0001672	XP_006415734.1	g50434
OG0001672	XP_006398890.1	g45395
OG0001673	XP_006395950.1	g25186
OG0001674	XP_006414763.1	g24557
OG0001674	XP_006414761.1	g24550
OG0001675	XP_006402413.1	g1777
OG0001676	XP_006397635.1, XP_006413937.2	g52171
OG0001677	XP_006402694.1	g2018
OG0001677	XP_006397489.1	g38208
OG0001678	XP_024012819.1	g18928
OG0001678	XP_006411553.1	g37465, g52084
OG0001679	XP_006402779.1	g1981, g18950
OG0001679	XP_006411510.1	g52057, g37451
OG0001681	XP_006403995.1	g19342
OG0001682	XP_006396528.1	g39630
OG0001682	XP_006418235.1	g49416
OG0001683	XP_006418171.1	g30849
OG0001683	XP_006403156.1	g39695
OG0001684	XP_006403261.1, XP_006403260.1	g39735
OG0001685	XP_006403263.1	g11120
OG0001686	XP_006410473.1	g51344
OG0001686	XP_006418122.1	g30874, g49454
OG0001687	XP_006410451.1	g51330, g39755
OG0001688	XP_006417949.1	g49536
OG0001689	XP_006417894.1	g49548, g31017
OG0001690	XP_006410093.1	g51209
OG0001690	XP_006417872.1	g31029
OG0001691	XP_006417846.1	g31044
OG0001691	XP_006410079.1	g39948
OG0001693	XP_024016663.1	g37853
OG0001693	XP_006417790.1	g49571
OG0001694	XP_006400233.1	g45742
OG0001694	XP_006408348.1	g12663
OG0001695	XP_006417664.1	g31130
OG0001695	XP_006408182.1	g7754
OG0001696	XP_006408115.1	g12575, g7720, g12840
OG0001697	XP_006407915.1	g12479
OG0001697	XP_006395068.2	g4650
OG0001698	XP_006411234.1	g51832
OG0001698	XP_006403418.1	g19062
OG0001699	XP_006403675.1	g2342
OG0001699	XP_006410923.1	g51635
OG0001700	XP_006389908.1	g44330
OG0001700	XP_006416816.1	g49971
OG0001701	XP_006416406.1	g50133
OG0001701	XP_006390232.1	g44411
OG0001702	XP_006390134.1	g44369
OG0001702	XP_006416308.1	g31990
OG0001703	XP_006416252.1	g32014
OG0001703	XP_006390070.1	g13615
OG0001704	XP_006416147.1	g50262, g42087
OG0001704	XP_006390775.1	g44653
OG0001705	XP_024008682.1, XP_006390848.1	g32064
OG0001706	XP_006415774.1	g32280, g32278, g50406
OG0001707	XP_006415539.1	g27692
OG0001708	XP_006394893.1	g4853
OG0001708	XP_006408012.1	g12517
OG0001709	XP_006394338.1	g9836
OG0001710	XP_006390141.2	g44377
OG0001711	XP_024015426.1	g7002
OG0001711	XP_006414444.1	g24419
OG0001712	XP_006393233.1	g28075
OG0001712	XP_006406532.1	g6825, g11974
OG0001713	XP_006406492.1	g6796, g13343
OG0001714	XP_006406369.1	g11904
OG0001714	XP_006393093.1	g28047
OG0001715	XP_006418729.1	g11711
OG0001715	XP_006418751.1	g13512
OG0001718	XP_024009342.1	g19543
OG0001721	XP_024008364.1	g25244
OG0001721	XP_006417155.1	g31433
OG0001725	XP_006400381.2	g41474
OG0001726	XP_024014665.1	g39336
OG0001726	XP_024016110.1	g26019
OG0001726	XP_024003644.1	g25832
OG0001727	XP_006401192.1	g1115
OG0001729	XP_006414522.1	g17662
OG0001730	XP_006412974.1	g23563
OG0001731	XP_006412749.1	g23431, g23435
OG0001732	XP_006412737.1	g23427
OG0001732	XP_006409093.1	g5984, g13931
OG0001733	XP_006412691.1	g16983
OG0001733	XP_024014108.1	g38402
OG0001734	XP_024005155.1	g23368
OG0001734	XP_024014293.1	g38394
OG0001735	XP_006409626.1	g6189
OG0001735	XP_006412302.1	g23149
OG0001736	XP_006412112.1	g23007
OG0001736	XP_006409325.1	g13732
OG0001737	XP_006410658.1	g37120
OG0001737	XP_006415376.1	g27758
OG0001738	XP_006410695.1	g27779
OG0001738	XP_006415191.1	g32619
OG0001739	XP_006392370.1	g41079
OG0001739	XP_006417552.1	g27093, g49695
OG0001740	XP_024004449.1	g44044
OG0001740	XP_006417506.1	g49720
OG0001741	XP_006417471.1	g31248
OG0001741	XP_024004723.1	g38257, g28145
OG0001742	XP_006392164.1	g41024
OG0001742	XP_006418636.2	g6402
OG0001743	XP_006417383.1	g31302
OG0001743	XP_006392026.1	g44158, g40971
OG0001744	XP_006405402.1	g46653
OG0001744	XP_006395496.1	g1606
OG0001745	XP_024014571.1	g16835
OG0001746	XP_006395359.1	g10411
OG0001747	XP_006395264.1	g1403, g1404, g10336
OG0001748	XP_006405777.1	g46749
OG0001748	XP_006391463.1	g44939
OG0001749	XP_024015728.1	g40779
OG0001749	XP_006405307.1	g46630
OG0001750	XP_006405380.1	g16793
OG0001750	XP_006391740.2	g40839
OG0001751	XP_006407412.1	g7353
OG0001752	XP_024016285.1, XP_024015950.1	g16537, g16527, g16543
OG0001753	XP_024014893.1	g7316
OG0001753	XP_006399172.1	g29651
OG0001754	XP_006402027.1	g28309
OG0001754	XP_006413344.1, XP_006413343.1	g23797
OG0001755	XP_006413280.1, XP_024011971.1	g23739, g47556
OG0001756	XP_006401758.1	g41252
OG0001756	XP_006413023.1	g47647
OG0001757	XP_006413161.1	g47591
OG0001758	XP_006400505.1	g29116
OG0001758	XP_024012406.1	g29393
OG0001759	XP_024012326.1, XP_024007597.1	g9922
OG0001760	XP_006398406.1	g40685
OG0001761	XP_006398272.1	g40586
OG0001761	XP_006414079.1	g17468
OG0001762	XP_006414032.1	g17454
OG0001762	XP_006398248.1	g10974
OG0001763	XP_006413919.1	g17397
OG0001763	XP_006414762.1	g24555
OG0001764	XP_006396706.1	g40431
OG0001764	XP_024005440.1	g17308
OG0001765	XP_006396936.1	g25735, g25734
OG0001766	XP_006397067.2	g40310
OG0001766	XP_006415120.1	g50682
OG0001767	XP_006390729.1	g45981
OG0001768	XP_006410494.1, XP_006415702.1	g37066, g51363
OG0001769	XP_006409225.1	g13994
OG0001769	XP_006412031.1	g47950
OG0001770	XP_024013654.1	g19380, g2598
OG0001771	XP_006404744.1	g50913
OG0001771	XP_006411848.1	g22804
OG0001772	XP_006411649.1	g18347
OG0001772	XP_006391195.1	g41582
OG0001773	XP_006401822.1	g41224
OG0001774	XP_024008001.1	g18427
OG0001774	XP_024013175.1	g37041
OG0001775	XP_006413699.1	g47406, g23975
OG0001776	XP_024011112.1	g40549
OG0001777	XP_006396395.1	g25441
OG0001778	XP_006397963.1	g37747
OG0001778	XP_006402337.1	g18737
OG0001779	XP_006402353.1	g18717
OG0001779	XP_006397951.1	g37734
OG0001780	XP_006397689.1	g37582
OG0001781	XP_024012778.1	g18860
OG0001781	XP_024010714.1	g37540, g52163
OG0001782	XP_006402729.2	g18912
OG0001782	XP_024016857.1	g37479
OG0001783	XP_006400597.1, XP_006409551.1	g714, g28941
OG0001784	XP_006393945.1	g96
OG0001784	XP_006404087.1	g19378
OG0001785	XP_006396240.1	g45274
OG0001785	XP_006418438.1	g30736
OG0001786	XP_006418421.1	g30743
OG0001786	XP_006396302.1	g25397
OG0001787	XP_006396393.1	g25440
OG0001787	XP_006418349.1	g49363
OG0001788	XP_006396423.1	g39548
OG0001788	XP_006418317.1	g30781
OG0001789	XP_006396463.1	g45243
OG0001790	XP_006410269.1	g51244
OG0001790	XP_006417960.2	g49532, g30974
OG0001791	XP_024008264.1	g49546, g30998
OG0001791	XP_006410196.1	g39881
OG0001792	XP_006410089.1	g39937
OG0001792	XP_006417853.2	g49559
OG0001793	XP_024008415.1	g31048, g27000
OG0001793	XP_006410049.1	g37884
OG0001794	XP_006417806.1	g31061
OG0001794	XP_006409985.1	g40021
OG0001795	XP_006408410.1	g12683
OG0001795	XP_006400139.1	g5070, g29203
OG0001796	XP_006400249.1	g5002
OG0001797	XP_024011427.1	g41499
OG0001797	XP_006408292.1	g12626
OG0001798	XP_006394871.1	g10099
OG0001798	XP_006408005.1	g7678
OG0001799	XP_006408004.1	g7677
OG0001800	XP_006407951.1	g12492, g7649
OG0001800	XP_006400411.1	g29064
OG0001801	XP_006395133.2	g10228
OG0001801	XP_024015131.1	g7614
OG0001802	XP_006391419.1	g41876
OG0001803	XP_006410819.1	g51583
OG0001803	XP_006403751.1	g2393
OG0001804	XP_006389861.1	g46537, g44308
OG0001804	XP_024007868.1	g31638
OG0001805	XP_006389947.2	g46486
OG0001805	XP_006416772.1	g27352
OG0001806	XP_024006656.1	g18004
OG0001807	XP_006410745.1	g38011, g51543
OG0001807	XP_006416499.1	g50088, g31856
OG0001808	XP_006390239.1	g44414
OG0001808	XP_006416412.1	g31916
OG0001809	XP_006390926.2	g45827
OG0001809	XP_006416019.1	g32076, g50322
OG0001810	XP_006415936.1	g32154, g50363
OG0001811	XP_006391177.2	g44855
OG0001811	XP_024008745.1	g32219
OG0001812	XP_006391189.1	g44864
OG0001812	XP_006415832.1	g50394
OG0001814	XP_006404620.1	g38524
OG0001814	XP_006411728.1	g22697
OG0001815	XP_006400415.1	g29065
OG0001816	XP_006394978.1	g10153
OG0001817	XP_006399020.1, XP_006407467.1	g5631
OG0001818	XP_006404152.1	g19405
OG0001818	XP_006394699.1	g543
OG0001819	XP_024007343.1	g9630
OG0001819	XP_006403982.1	g19338, g2518
OG0001820	XP_006404217.1	g19435, g2686
OG0001821	XP_006392924.1	g36567, g36570, g36564
OG0001822	XP_006392982.1	g54248
OG0001823	XP_006404072.2, XP_006408952.1	g5913
OG0001824	XP_006410942.1	g38074
OG0001824	XP_006403662.1	g19180
OG0001825	XP_006411225.2	g51822
OG0001825	XP_006403432.1	g19071
OG0001826	XP_006402951.1	g19012
OG0001826	XP_006411380.1	g38154
OG0001827	XP_006402925.1, XP_006402926.1, XP_006402927.1	g2068, g2069
OG0001828	XP_006397639.1	g52178
OG0001828	XP_006402610.1	g18842
OG0001830	XP_006402788.1	g18955
OG0001833	XP_024004602.1	g47787
OG0001835	XP_006416430.2, XP_006416428.1, XP_006416429.1	g50122
OG0001836	XP_006391912.1	g40927
OG0001836	XP_006391911.1	g40925
OG0001838	XP_006414226.1, XP_006414227.1	g47207, g47209, g47208
OG0001839	XP_006398665.1	g6174
OG0001840	XP_006398193.1, XP_006398194.1, XP_006404075.1, XP_006404077.1, XP_006404076.1, XP_006404073.1, XP_006404078.1, XP_006404063.1	g24581, g35924, g40550, g45129, g2969, g46849
OG0001841	XP_024014890.1, XP_024011226.1	g36230
OG0001844	XP_006412860.1	g17011
OG0001844	XP_006408895.1	g5950
OG0001846	XP_006409349.1	g6106
OG0001846	XP_024005546.1	g47914, g23015
OG0001847	XP_024004379.1	g24309, g47180
OG0001848	XP_006417463.1	g49729
OG0001849	XP_006392004.2, XP_024015694.1	g44174
OG0001849	XP_006392006.1	g40968
OG0001851	XP_006395448.1	g10491
OG0001852	XP_006414110.2, XP_006405609.1	g46697
OG0001852	XP_006395312.1	g10375
OG0001853	XP_006391422.1	g44973
OG0001854	XP_006391322.1	g42006
OG0001854	XP_006391320.1	g45045
OG0001855	XP_006391553.1	g45079
OG0001855	XP_006390144.1, XP_006413873.1	g17383
OG0001856	XP_024004439.1	g44231
OG0001856	XP_006417273.1	g31351
OG0001857	XP_006413231.1	g47578, g17146
OG0001857	XP_024011461.1	g28595
OG0001858	XP_006398873.1	g29802
OG0001859	XP_006407548.1	g12369
OG0001860	XP_006407466.1	g13112, g7392
OG0001861	XP_006407457.1	g12325
OG0001861	XP_006399041.1	g5622
OG0001862	XP_024012039.1	g29671
OG0001862	XP_006407403.1	g7348, g12306
OG0001863	XP_006413326.1	g17176
OG0001863	XP_006401971.1	g41165, g1333
OG0001864	XP_006413096.2	g17095
OG0001865	XP_006401547.1	g969
OG0001865	XP_006413102.1	g23654
OG0001866	XP_006401517.1	g979
OG0001866	XP_006413116.1	g23661
OG0001867	XP_006413265.1	g1109, g23732
OG0001868	XP_006400511.1	g644
OG0001869	XP_006394007.1	g143
OG0001869	XP_006399552.1	g45544
OG0001870	XP_024007549.1	g9717
OG0001870	XP_024012423.1	g5412, g45537
OG0001871	XP_006394066.1, XP_006399494.1	g165
OG0001872	XP_006394115.1	g45522
OG0001872	XP_024012204.1	g5438
OG0001873	XP_024011944.1	g29556
OG0001873	XP_006399432.1	g45515
OG0001874	XP_006399384.1	g5476
OG0001874	XP_006399385.1	g29571
OG0001875	XP_006399306.1	g5511
OG0001875	XP_006394577.1	g461
OG0001876	XP_006394544.1	g9928, g440
OG0001877	XP_006399225.1	g5545
OG0001878	XP_024004766.1	g24262
OG0001878	XP_006398424.1	g40692, g10884
OG0001879	XP_006414172.1	g17515
OG0001879	XP_006398363.2	g10926
OG0001880	XP_006414134.1	g17487
OG0001881	XP_006413835.1, XP_006391784.1	g24038
OG0001882	XP_006396641.1	g40459
OG0001882	XP_006413761.1	g24003
OG0001883	XP_006396661.1	g25579
OG0001883	XP_006413729.1	g23985
OG0001884	XP_006416935.1	g49932
OG0001884	XP_024011799.1	g19265, g19275
OG0001885	XP_006415121.1	g50681
OG0001885	XP_024010099.1	g40311
OG0001886	XP_006397461.1	g27908
OG0001886	XP_006397189.1	g40261
OG0001887	XP_006397292.1, XP_024010174.1	g40222
OG0001887	XP_006396016.1	g27954, g35903
OG0001888	XP_006415608.1, XP_024003706.1	g50500
OG0001889	XP_006409165.1	g6013
OG0001889	XP_006411986.1	g47970
OG0001890	XP_024005099.1	g22794
OG0001890	XP_006411830.1	g22795
OG0001891	XP_006413247.1	g47567
OG0001891	XP_006417431.1	g49736
OG0001892	XP_006403295.1	g11134
OG0001892	XP_024008666.1	g50432
OG0001893	XP_006397055.1	g40316
OG0001894	XP_024004254.1	g51840
OG0001894	XP_024010103.1	g40429
OG0001895	XP_006398427.1	g40693, g10883
OG0001896	XP_006414996.1	g12970
OG0001896	XP_006407837.1	g7592
OG0001897	XP_006418832.1	g11743
OG0001898	XP_006406128.1	g11803
OG0001898	XP_024005685.1	g24500
OG0001899	XP_006406209.1	g11843
OG0001900	XP_006405310.1	g16772
OG0001901	XP_006393442.1	g37758
OG0001901	XP_006402352.1	g1751
OG0001902	XP_006402414.2	g1779
OG0001903	XP_006402563.1	g1900
OG0001903	XP_006397697.1	g37588
OG0001904	XP_024012873.1	g18808
OG0001905	XP_006402633.1	g1946
OG0001906	XP_024012762.1	g2015
OG0001907	XP_006404257.1	g2709
OG0001907	XP_006394294.1	g9820
OG0001908	XP_006395293.1	g18637
OG0001909	XP_024010131.1	g39520
OG0001909	XP_006418332.1	g30775
OG0001910	XP_006396580.1	g39651, g25519
OG0001911	XP_006403243.1	g39729
OG0001911	XP_006418136.1	g30869
OG0001912	XP_006410337.1	g39819
OG0001912	XP_006418023.1	g49500
OG0001913	XP_006417995.1	g49508, g30949
OG0001913	XP_024003772.1	g39829
OG0001915	XP_024003913.1	g37904
OG0001915	XP_006417951.2	g49535
OG0001916	XP_006417809.1	g27007
OG0001916	XP_006410014.1	g51175
OG0001917	XP_006409900.1	g39987
OG0001918	XP_006408594.1	g38265
OG0001919	XP_006408539.1	g5191
OG0001920	XP_006400178.1	g29194
OG0001920	XP_006408388.1	g7859
OG0001921	XP_006400180.2	g7857
OG0001921	XP_024014833.1	g12673
OG0001922	XP_006408045.1	g12542
OG0001922	XP_006394930.1	g4799
OG0001923	XP_024016873.1	g37316
OG0001923	XP_006403496.1	g2237
OG0001924	XP_024013778.1	g2348
OG0001925	XP_006410996.2	g37239
OG0001926	XP_006411021.1	g51704
OG0001927	XP_006416887.1	g31615, g49947
OG0001928	XP_006389983.2	g46453
OG0001928	XP_006416740.1	g27363
OG0001929	XP_006416670.1	g27389
OG0001929	XP_006390601.1	g44581, g46027
OG0001930	XP_006416577.1	g31800
OG0001930	XP_006390433.1	g44533
OG0001931	XP_006390395.1	g44507
OG0001931	XP_006416554.1	g27422, g50058
OG0001932	XP_006416512.1	g50085
OG0001933	XP_024010980.1	g44384
OG0001934	XP_024008720.1	g50228
OG0001935	XP_006390840.1	g45880, g44680
OG0001937	XP_006415956.1	g50346
OG0001937	XP_006391003.1	g44755, g45804
OG0001938	XP_006415785.1	g32261
OG0001938	XP_006415784.1	g27631
OG0001939	XP_006404587.1	g38531
OG0001943	XP_006407420.2	g7362
OG0001944	XP_006407433.2	g7373
OG0001944	XP_024011509.1	g29692
OG0001945	XP_006394717.1, XP_006404130.1	g10022
OG0001946	XP_006404216.1	g2685
OG0001946	XP_006394631.1	g500, g35964, g25597
OG0001947	XP_006419089.1	g3074
OG0001948	XP_006404478.1	g3302
OG0001950	XP_006407148.1	g13205
OG0001950	XP_006392699.1	g27990
OG0001951	XP_006407028.1	g7132
OG0001951	XP_006392804.1	g36619
OG0001952	XP_006406812.1	g6997
OG0001953	XP_006406513.1	g6813
OG0001954	XP_006399783.1	g45604, g5296
OG0001954	XP_006406348.1	g11895, g6705
OG0001955	XP_024006157.1	g54225, g36517
OG0001955	XP_024015460.1	g6680
OG0001956	XP_006409548.1	g13696
OG0001957	XP_006410621.1	g51462
OG0001957	XP_006415465.2	g50540, g27704
OG0001958	XP_006409651.2	g6198, g6199
OG0001959	XP_006402663.1	g11200
OG0001961	XP_024015049.1	g11943
OG0001961	XP_024006005.1	g36441
OG0001963	XP_006396496.1	g45219
OG0001965	XP_024015300.1	g39324
OG0001967	XP_006408689.1	g51081
OG0001971	XP_006412871.1	g23497
OG0001971	XP_006408902.1	g13812
OG0001972	XP_006412718.1	g47744
OG0001972	XP_006409120.1	g5992
OG0001973	XP_006412645.1	g23361
OG0001973	XP_006404930.1	g50979
OG0001974	XP_006404977.1	g50991
OG0001974	XP_024005191.1	g47780
OG0001975	XP_006409667.1	g13676
OG0001975	XP_006412330.1	g23162
OG0001976	XP_006412187.1	g47894, g23048
OG0001976	XP_006409422.1	g14109
OG0001977	XP_006410740.1	g51540
OG0001977	XP_006414324.1	g17570
OG0001978	XP_006417375.1	g27146, g49770
OG0001979	XP_006395784.1	g10715
OG0001979	XP_006417003.1	g49908
OG0001980	XP_006395756.1	g10694
OG0001980	XP_006417022.1	g31522
OG0001981	XP_006417162.1, XP_006395566.1	g31424, g49863, g27208
OG0001982	XP_006417180.2	g27205
OG0001983	XP_006405419.1	g16813
OG0001984	XP_006395458.1	g10501
OG0001984	XP_006405432.1	g16827
OG0001985	XP_006417247.1	g31375, g49818
OG0001986	XP_006402954.1	g19013
OG0001986	XP_024003946.1	g51975
OG0001987	XP_006398869.1	g5703
OG0001987	XP_006407588.1	g13074
OG0001988	XP_006399036.1	g29709, g45430, g5627
OG0001989	XP_006407446.1	g7380
OG0001989	XP_006399072.1	g45445
OG0001990	XP_006401599.1	g28469
OG0001990	XP_006413087.1	g23640
OG0001991	XP_006401494.1	g996
OG0001991	XP_006413129.1	g28505
OG0001992	XP_006413162.1	g17128
OG0001992	XP_006401400.1	g28533
OG0001993	XP_006413178.1	g23695
OG0001994	XP_006401194.1, XP_024005051.1	g17882
OG0001995	XP_024011882.1	g5318
OG0001995	XP_024012221.1	g645
OG0001996	XP_006399687.1	g5360, g29428
OG0001996	XP_006394845.1	g18545
OG0001997	XP_006399447.1	g29551
OG0001997	XP_006404741.1	g50914
OG0001998	XP_006394173.1	g9776
OG0001999	XP_006399244.1	g29618
OG0001999	XP_006394491.1	g9891
OG0002001	XP_024010949.1	g40646
OG0002001	XP_006414178.1	g17511
OG0002002	XP_006413917.1	g11025
OG0002003	XP_006413690.1	g23971, g47411
OG0002003	XP_006396701.1	g45153
OG0002004	XP_024009851.1, XP_006413612.1	g23936
OG0002005	XP_006396951.1	g40350
OG0002005	XP_006413521.1	g23876
OG0002006	XP_006413507.1	g23870
OG0002006	XP_006396970.1	g25752
OG0002007	XP_006396971.1	g40342
OG0002008	XP_006397041.1	g40320
OG0002008	XP_006415146.1	g50667
OG0002010	XP_006415620.1	g32372
OG0002011	XP_006415583.2	g32400
OG0002012	XP_006412096.1	g22997
OG0002013	XP_024005481.1	g47926
OG0002014	XP_006412042.1	g22963
OG0002015	XP_006409130.1	g5998
OG0002015	XP_006411960.1	g47975
OG0002016	XP_006404757.1	g38456
OG0002016	XP_006411860.2	g18284
OG0002017	XP_024005595.1	g22772
OG0002018	XP_006411710.1	g18309, g22686
OG0002019	XP_006410729.1	g51534
OG0002021	XP_006413493.1	g47482, g23861
OG0002022	XP_024008339.1	g31717
OG0002022	XP_024011012.1	g10955
OG0002023	XP_006406118.1	g11784
OG0002023	XP_006414665.1	g24513
OG0002024	XP_006414611.1	g17705
OG0002024	XP_006406189.1	g11827
OG0002025	XP_006391308.2, XP_006397835.1	g37664, g37665
OG0002026	XP_006402598.1	g18836
OG0002027	XP_006402888.1	g2089
OG0002027	XP_006411424.1	g52000
OG0002028	XP_006419045.1	g2990
OG0002028	XP_024011477.1	g41325
OG0002029	XP_006396310.1	g39467
OG0002030	XP_006396471.1	g39593
OG0002030	XP_006418274.1	g30806
OG0002031	XP_006410462.1	g30882
OG0002032	XP_006410360.1	g37923
OG0002032	XP_006418042.1	g30925
OG0002033	XP_006417884.2	g31021
OG0002033	XP_024016747.1	g39899
OG0002034	XP_006417796.1	g49567
OG0002034	XP_006409951.1	g51123
OG0002035	XP_006401471.1	g28513
OG0002036	XP_006400107.1	g5083
OG0002037	XP_006400108.1	g5082
OG0002037	XP_006408425.1	g12751
OG0002038	XP_006406818.1	g13267, g12076
OG0002039	XP_006403439.1	g19073
OG0002039	XP_006411216.1	g38133
OG0002040	XP_006410831.1	g51592
OG0002040	XP_006403741.2	g19213, g2387
OG0002041	XP_006410892.1	g51628
OG0002042	XP_006411051.1	g51717
OG0002043	XP_006393335.1	g36367
OG0002044	XP_006389778.1	g46590, g44281
OG0002045	XP_006416882.1	g31617
OG0002045	XP_006389806.1	g13599
OG0002046	XP_006416855.1	g31630
OG0002047	XP_006416811.1	g27341
OG0002047	XP_006389916.1	g46505
OG0002048	XP_024008360.1	g31709
OG0002049	XP_006390591.1	g46033
OG0002050	XP_006416353.1	g31952
OG0002050	XP_006390192.1	g46276
OG0002051	XP_024008125.1	g39849
OG0002051	XP_024003676.1	g52046
OG0002052	XP_006416333.1	g31966
OG0002053	XP_006416304.1	g31994
OG0002054	XP_006416134.1	g27541, g50275
OG0002054	XP_006390800.1	g45907
OG0002055	XP_006416111.1	g32066
OG0002055	XP_006390849.1	g44687, g45875
OG0002056	XP_024015766.1	g51050
OG0002056	XP_006412474.1	g23271
OG0002057	XP_024005743.1, XP_006405132.2	g23291, g47802
OG0002058	XP_006404885.1	g7376, g38407
OG0002059	XP_006418055.1	g30913
OG0002060	XP_006390898.1	g45844
OG0002060	XP_024011554.1	g5156
OG0002061	XP_006393558.2, XP_024006326.1	g36906
OG0002062	XP_006394541.1	g9924
OG0002063	XP_006399186.1, XP_006399191.1	g29646
OG0002063	XP_006401088.1	g1167
OG0002064	XP_024013489.1	g2473
OG0002065	XP_006390705.1, XP_006390701.1	g45965
OG0002066	XP_006390153.1	g46314
OG0002067	XP_006390257.1	g46240
OG0002068	XP_006414676.2, XP_006414675.1	g44329
OG0002069	XP_006389898.1	g46520
OG0002069	XP_006389899.1	g14331
OG0002070	XP_024008148.1	g27338
OG0002071	XP_024015692.1	g7240
OG0002071	XP_006392628.1	g54317, g36719
OG0002072	XP_006392653.1	g27983
OG0002072	XP_006407196.1	g7228
OG0002073	XP_006407036.1	g7138
OG0002075	XP_006408912.1	g1441, g13813, g13872
OG0002075	XP_006408911.1	g13873
OG0002076	XP_006392556.1	g27974
OG0002076	XP_006407299.1	g7287
OG0002077	XP_024006358.1	g54217
OG0002077	XP_024015203.1	g13379
OG0002078	XP_006403426.1	g2187
OG0002078	XP_006403427.1	g19068
OG0002083	XP_006411392.1	g37383
OG0002084	XP_024011131.1	g14732, g28302
OG0002087	XP_024014739.1	g48267, g3457, g35423, g25167, g24770
OG0002089	XP_024015977.1	g11719, g19631, g53016, g9616, g9619, g41153
OG0002091	XP_024013064.1	g16302
OG0002092	XP_024016388.1	g33114
OG0002093	XP_024016504.1	g14309
OG0002093	XP_006412248.1	g23109
OG0002094	XP_006412218.1	g23080
OG0002095	XP_024016597.1	g6112
OG0002095	XP_006412122.1	g23012
OG0002096	XP_006392406.1	g41103
OG0002097	XP_006392280.1	g44068
OG0002097	XP_006417492.1	g27105
OG0002098	XP_006392109.1	g44142
OG0002098	XP_024004459.1	g41008
OG0002099	XP_006392089.1	g40988
OG0002100	XP_006417082.2	g31483, g27249, g49897
OG0002100	XP_024007584.1	g1549
OG0002101	XP_006395467.1	g1611
OG0002102	XP_024015236.1	g36013
OG0002103	XP_006401475.1, XP_006405286.1, XP_006405378.2	g7662
OG0002104	XP_006391707.1	g40798
OG0002104	XP_006405356.1	g46645
OG0002105	XP_006417204.1	g31400
OG0002105	XP_006391782.1	g40856
OG0002106	XP_024003815.1	g40922
OG0002107	XP_006402962.1	g2134
OG0002107	XP_006411360.1	g37375
OG0002108	XP_006407721.1	g7519
OG0002109	XP_006407640.1	g12393
OG0002110	XP_006398774.1	g29838, g5743
OG0002111	XP_006398872.1	g5700
OG0002111	XP_006407587.1	g12374
OG0002112	XP_006398954.1	g45411
OG0002112	XP_006407513.1	g7415
OG0002113	XP_006401823.2	g28373, g28340
OG0002114	XP_006413038.1	g23613
OG0002114	XP_006401693.1	g924
OG0002115	XP_006413133.1	g23671, g47607
OG0002116	XP_006413154.1	g23680
OG0002117	XP_006415787.1	g32260
OG0002118	XP_006394837.1	g619
OG0002118	XP_006399678.1	g5365, g29430
OG0002119	XP_024012317.1	g29482
OG0002119	XP_006394746.1	g10034
OG0002120	XP_024007398.1	g496
OG0002120	XP_006399348.1	g5495
OG0002121	XP_006399214.1	g29632
OG0002122	XP_006414240.1	g24269
OG0002123	XP_006398234.1	g10981
OG0002123	XP_024005063.1	g17446
OG0002124	XP_006398214.1	g10983
OG0002124	XP_006414005.1	g47299
OG0002125	XP_006398091.1	g40506
OG0002126	XP_006396623.1	g40466
OG0002126	XP_006413799.1	g24023
OG0002127	XP_006396959.1	g40347
OG0002127	XP_006413516.1	g23872
OG0002128	XP_006397030.1	g40324
OG0002128	XP_006415148.1	g50665
OG0002129	XP_006397131.1	g40276
OG0002129	XP_006415051.1	g32729
OG0002131	XP_006396421.1	g39546
OG0002132	XP_006412087.1	g18229, g22987
OG0002133	XP_006409266.2, XP_006412072.2, XP_024016557.1	g47931
OG0002134	XP_006412032.1	g18238
OG0002135	XP_006411959.1	g47976
OG0002136	XP_006404561.1	g38546
OG0002136	XP_006411676.1	g18328
OG0002137	XP_024014778.1	g46699
OG0002137	XP_006405621.1	g16892
OG0002138	XP_006410579.1	g37085
OG0002139	XP_006393674.1	g37045
OG0002139	XP_006403316.1	g11140
OG0002140	XP_006415102.1, XP_006415104.1	g50698, g50700
OG0002141	XP_006414854.1	g47017
OG0002141	XP_006418829.1	g6494
OG0002142	XP_006402316.1	g18755
OG0002142	XP_006397996.1	g37772
OG0002143	XP_006397990.1	g37767
OG0002144	XP_006411514.1, XP_006411515.1, XP_006411512.1	g37452, g38191
OG0002145	XP_006411474.1	g37430
OG0002145	XP_006402815.1	g2046
OG0002146	XP_006419110.1	g3103
OG0002146	XP_006400768.1	g805
OG0002147	XP_006400901.1, XP_006400900.1	g28776
OG0002149	XP_024007071.1	g319
OG0002150	XP_006404064.1	g2593
OG0002150	XP_006394452.1	g9668
OG0002151	XP_006393871.1	g18262
OG0002151	XP_024016490.1	g13956
OG0002152	XP_006418458.1, XP_006418459.1	g49301
OG0002153	XP_006418448.1	g49304
OG0002154	XP_006403140.1	g39682
OG0002154	XP_006418189.1	g30843
OG0002155	XP_006403195.1	g39712
OG0002156	XP_006410460.1, XP_006410461.1	g51334
OG0002157	XP_024003849.1	g39795, g37925
OG0002157	XP_006418050.1	g30918
OG0002158	XP_006413057.1	g23621, g47637
OG0002159	XP_006400157.1	g5059
OG0002160	XP_024015638.1	g7825, g12774
OG0002161	XP_006395024.1	g7750, g12813
OG0002162	XP_006406005.2	g6516
OG0002162	XP_006407982.1	g12504
OG0002163	XP_006407911.1	g7629
OG0002164	XP_006395081.1	g12943
OG0002164	XP_006407905.1	g12475
OG0002165	XP_006399842.1	g29351
OG0002166	XP_024012839.1	g11267
OG0002166	XP_006411294.1	g51881
OG0002167	XP_006411181.1	g41209
OG0002167	XP_006411180.1	g37321
OG0002168	XP_006410756.1	g51549
OG0002168	XP_006403811.1	g19259
OG0002169	XP_024003704.1	g51729
OG0002170	XP_006389836.1	g46547
OG0002171	XP_006416841.1	g31640
OG0002171	XP_024008897.1	g44309
OG0002172	XP_024011761.1	g46536
OG0002174	XP_024008473.1, XP_006390366.1	g46175, g44490
OG0002175	XP_006390180.1, XP_024008594.1	g46287
OG0002175	XP_006416345.1	g50161, g31957
OG0002176	XP_006416185.1	g32040
OG0002176	XP_006416184.1	g27522
OG0002177	XP_006390811.1	g45900
OG0002178	XP_024008598.1	g32109
OG0002179	XP_024008049.1, XP_006391242.2	g41650
OG0002179	XP_006415799.1	g32254
OG0002181	XP_006412226.2, XP_024005760.1	g23098
OG0002181	XP_006396490.1	g25483
OG0002182	XP_006394525.1	g429, g9911
OG0002183	XP_024009039.1	g31458
OG0002183	XP_024006721.1	g10595
OG0002184	XP_024005319.1	g45501
OG0002184	XP_024008383.1	g49790
OG0002185	XP_006417290.1	g31345
OG0002185	XP_006391910.1	g27170
OG0002186	XP_006392095.1	g53350
OG0002186	XP_024008658.1	g27131
OG0002187	XP_006417539.1	g31215, g49701
OG0002187	XP_006407761.1	g12988
OG0002188	XP_006418014.2	g26959, g45340, g4568
OG0002188	XP_006415092.1	g30937
OG0002189	XP_006407452.1	g7385
OG0002189	XP_006399062.1	g29700
OG0002190	XP_006407525.1	g12363
OG0002190	XP_006398937.1	g29764
OG0002191	XP_024007660.1	g630
OG0002194	XP_006407276.1	g12255, g13152
OG0002195	XP_024014918.1	g7239
OG0002195	XP_024006035.1	g54318
OG0002196	XP_006414417.1	g24403
OG0002196	XP_006406814.1	g6998
OG0002197	XP_006406731.1	g12048
OG0002197	XP_006393465.1	g36285, g42129
OG0002198	XP_006406666.1	g12024
OG0002198	XP_006393387.2	g36338
OG0002199	XP_006406642.1	g12020
OG0002200	XP_006409469.1	g14214, g6142
OG0002201	XP_024016606.1	g13719
OG0002201	XP_024016576.1	g14053
OG0002202	XP_024016397.1	g14044
OG0002202	XP_006412123.1	g23013
OG0002203	XP_006399024.1, XP_006409112.1	g45429
OG0002204	XP_006409078.1	g5970
OG0002205	XP_006393182.1	g28061
OG0002205	XP_006393181.1	g54161
OG0002206	XP_006393222.1	g28069
OG0002207	XP_006414584.2, XP_006414415.1	g17613
OG0002207	XP_006414587.1, XP_006414412.1	g24402
OG0002209	XP_006397726.1	g52248
OG0002210	XP_024004415.1, XP_006412298.1	g23145
OG0002211	XP_024009723.1	g17941, g17936, g17938, g17942, g17937, g17939, g51028, g5896
OG0002213	XP_006391550.1	g44110
OG0002219	XP_006408900.1	g13893
OG0002219	XP_024004490.1	g23494
OG0002220	XP_024004609.1	g23465
OG0002220	XP_024016079.1	g13810
OG0002221	XP_006412823.1	g17005
OG0002221	XP_006408874.2	g13806
OG0002222	XP_006412471.1	g23270
OG0002222	XP_006392333.1	g16919
OG0002223	XP_024005882.1	g23360
OG0002224	XP_024014059.1	g38364
OG0002224	XP_006412579.1	g23318
OG0002225	XP_006412524.1	g47801, g23292
OG0002226	XP_006412283.1	g18193
OG0002226	XP_006409547.1	g6158
OG0002228	XP_006410697.1	g37134
OG0002228	XP_006415206.1	g32613
OG0002229	XP_006416949.1	g49929
OG0002230	XP_006395825.1	g1511, g1509
OG0002231	XP_006395650.1	g10630
OG0002231	XP_024008372.1	g49876
OG0002232	XP_006395602.1	g10592
OG0002232	XP_006417120.1	g49874
OG0002234	XP_006405598.1	g16885
OG0002234	XP_006395326.1	g10384
OG0002235	XP_006391434.1	g41854
OG0002236	XP_024014619.1	g16744
OG0002237	XP_006391539.1	g18056
OG0002238	XP_024015262.1	g40832
OG0002239	XP_006391870.1	g44230
OG0002239	XP_006417275.1	g31349
OG0002240	XP_006401230.1	g28624
OG0002240	XP_006413250.1	g47565
OG0002241	XP_006398642.1	g5815
OG0002242	XP_006407596.1	g12375
OG0002243	XP_006389749.1	g54325, g46597
OG0002245	XP_024011838.1	g1337
OG0002246	XP_006401901.1	g1314
OG0002247	XP_006401881.1	g28356
OG0002247	XP_006413303.1	g47545
OG0002248	XP_006401565.1	g28479
OG0002248	XP_006413097.1	g23650
OG0002249	XP_006401497.1	g39385
OG0002250	XP_006401399.1	g28534
OG0002251	XP_006413183.1	g23702
OG0002252	XP_006401191.1	g39303
OG0002253	XP_006399795.1, XP_006415786.1	g29376
OG0002254	XP_006400503.1	g647
OG0002254	XP_006399746.1	g29398, g45590
OG0002255	XP_006399719.2	g29416
OG0002256	XP_006398242.1	g40571, g10975
OG0002256	XP_006414023.1	g17449
OG0002257	XP_006413672.1	g47418
OG0002258	XP_006415421.1	g32495
OG0002258	XP_024004138.1	g27717
OG0002259	XP_006412013.1	g22937, g18249
OG0002260	XP_006405173.1, XP_006405176.1, XP_006405179.2, XP_006405171.1, XP_006405168.2, XP_006405175.2, XP_024014014.1, XP_006405166.1, XP_006405169.1, XP_006413629.1, XP_006413632.1, XP_006413633.2	g17283
OG0002261	XP_006411942.1	g22883
OG0002262	XP_006411909.1	g22849
OG0002262	XP_006404809.1	g50946
OG0002264	XP_006411658.2	g18338
OG0002265	XP_006405640.1	g16897
OG0002265	XP_006395281.1	g10355
OG0002266	XP_006403347.1	g37031
OG0002267	XP_024009232.1	g6478
OG0002268	XP_024014927.1	g6539
OG0002268	XP_024005665.1	g24531
OG0002269	XP_006406101.1	g6555, g13451, g11771
OG0002271	XP_006406202.1	g11837
OG0002271	XP_006414567.2, XP_006396034.2	g24481
OG0002272	XP_024015554.1	g47110
OG0002272	XP_006414485.1	g24441
OG0002273	XP_006402530.1	g1884
OG0002273	XP_006397729.1	g52250
OG0002274	XP_006397605.1	g37539
OG0002274	XP_006402627.1	g1939
OG0002275	XP_006397594.1	g38225
OG0002276	XP_006402637.1	g1950
OG0002277	XP_006402834.1	g18975
OG0002277	XP_006411487.1	g52045
OG0002278	XP_006402881.1	g2099
OG0002278	XP_006411441.1	g37403
OG0002279	XP_024012489.1, XP_006395895.2	g44736
OG0002279	XP_006408332.1	g12765
OG0002280	XP_006419090.1	g3075
OG0002280	XP_006400799.2	g41343
OG0002281	XP_006419086.1	g3071
OG0002281	XP_006400802.1	g41340
OG0002282	XP_006400863.1	g28813
OG0002282	XP_006400862.1	g851
OG0002283	XP_006394041.2	g9718
OG0002284	XP_006418432.1	g30740
OG0002284	XP_024009988.1	g39488
OG0002285	XP_006418558.1	g45264
OG0002286	XP_006418194.1	g49433
OG0002286	XP_006403136.1	g39681
OG0002287	XP_006418010.1	g49504
OG0002287	XP_006410325.1	g39824
OG0002288	XP_006410242.1	g39863
OG0002288	XP_006417946.1	g26969
OG0002289	XP_006417799.1, XP_024008212.1	g49564, g31068
OG0002290	XP_006417691.1	g31120, g31121
OG0002291	XP_006412396.1	g47833
OG0002291	XP_024016002.1	g38293
OG0002292	XP_006408522.1	g29301
OG0002293	XP_006408455.1	g12743, g12694
OG0002294	XP_006400158.1	g5058
OG0002294	XP_006408398.1	g12680
OG0002295	XP_006400181.1	g29193
OG0002296	XP_006400214.1	g29171
OG0002296	XP_006408361.1	g7840
OG0002297	XP_024011859.1	g29168, g5019
OG0002299	XP_024007328.1	g10122, g4804
OG0002300	XP_006395075.1	g10201
OG0002301	XP_006395101.1	g10219
OG0002302	XP_006410887.1	g51626
OG0002302	XP_006403704.1	g2364
OG0002303	XP_006416884.1	g31616
OG0002304	XP_006416829.2	g31644
OG0002305	XP_024012471.1	g44328
OG0002305	XP_024008757.1	g31650
OG0002306	XP_006416793.1	g31658
OG0002306	XP_006389929.1	g44343
OG0002307	XP_006416573.1	g31801, g27417
OG0002308	XP_006416334.1	g31965
OG0002308	XP_006390165.1	g46303
OG0002309	XP_006390072.1	g46375
OG0002310	XP_006416241.1	g50222
OG0002310	XP_006390060.1	g46385
OG0002311	XP_006416046.1	g50305
OG0002311	XP_006390901.1	g44706
OG0002312	XP_006416025.1	g50315
OG0002312	XP_006390919.1	g45832
OG0002313	XP_006391056.1	g45777
OG0002314	XP_006415796.1	g32256
OG0002314	XP_006391250.1	g44890
OG0002315	XP_006404868.2	g50965
OG0002316	XP_006417626.1	g49649
OG0002318	XP_006392576.2	g54372
OG0002319	XP_006418305.1	g49389
OG0002320	XP_024009907.1	g39466
OG0002320	XP_006418415.2	g30746, g49328
OG0002321	XP_006407327.1	g7306
OG0002321	XP_006399849.1	g29347
OG0002323	XP_024014859.1	g43889
OG0002323	XP_024016180.1	g30766, g49314, g180
OG0002324	XP_006390799.1	g45908
OG0002325	XP_006407256.1	g13155
OG0002325	XP_006392589.1	g36738
OG0002326	XP_006407229.1	g13173
OG0002326	XP_006392617.1	g36724
OG0002327	XP_006392761.1	g28000
OG0002327	XP_006407088.1	g7164
OG0002328	XP_006406932.1	g12113
OG0002329	XP_006406619.1	g6884
OG0002329	XP_006393359.1	g54097
OG0002330	XP_006393306.1	g6877
OG0002331	XP_006406322.1	g6690
OG0002331	XP_006393048.1	g36507
OG0002333	XP_006412228.1	g14234
OG0002333	XP_006409530.1	g6154
OG0002334	XP_006412975.1	g23564
OG0002335	XP_024006290.1	g54255
OG0002336	XP_006406874.1	g12099
OG0002337	XP_006403801.1	g19243
OG0002337	XP_024004143.1	g51559
OG0002338	XP_006403023.1	g2169
OG0002338	XP_006411286.1	g51877
OG0002339	XP_006411402.1	g38158
OG0002339	XP_006402910.1	g18999
OG0002340	XP_006409716.2	g19568
OG0002341	XP_024010193.1	g25590
OG0002348	XP_006412958.1	g17045, g47668
OG0002349	XP_006412940.1	g17032
OG0002349	XP_024016038.1	g13851
OG0002350	XP_006408903.1	g5945, g13877
OG0002351	XP_006404903.1	g38398
OG0002351	XP_024004422.1	g47753
OG0002352	XP_006404968.1	g38383
OG0002352	XP_024005430.1	g47774
OG0002353	XP_006412140.1	g23023
OG0002354	XP_006415332.1	g50595
OG0002354	XP_006410725.1	g37140
OG0002355	XP_006392477.1	g43909
OG0002356	XP_006392319.2	g41055, g44032
OG0002357	XP_006402823.1	g2053
OG0002357	XP_006417461.1	g31253
OG0002358	XP_024007639.1	g49916, g31542
OG0002358	XP_006416987.1	g27282
OG0002359	XP_006417001.1	g27279
OG0002361	XP_024006691.1	g10496
OG0002362	XP_006395413.1	g10468
OG0002362	XP_006405491.1	g16842
OG0002363	XP_006395385.1	g10444
OG0002364	XP_024009613.1	g42039
OG0002364	XP_006391518.1	g11052
OG0002365	XP_024010596.1	g18061
OG0002365	XP_024006715.1	g46853
OG0002366	XP_006417213.1, XP_006391786.1	g31397, g49842
OG0002367	XP_024012117.1	g28557
OG0002368	XP_006402940.1	g19008, g2060
OG0002369	XP_024003777.1	g51922
OG0002370	XP_006407690.1	g13037, g12404
OG0002371	XP_024015502.1	g45358
OG0002371	XP_006398802.1	g5726
OG0002372	XP_024015337.1	g7400
OG0002372	XP_006398998.1	g45426
OG0002373	XP_006407365.1	g13134
OG0002374	XP_006413408.2	g47513
OG0002374	XP_006402194.1	g41151
OG0002375	XP_006401990.1	g28329
OG0002376	XP_006413299.1	g47550, g23760
OG0002376	XP_006401853.1	g41207
OG0002377	XP_006413074.1	g17087
OG0002378	XP_006413107.1	g17102
OG0002378	XP_006401538.1	g28491
OG0002379	XP_024004358.1	g28590
OG0002379	XP_006401263.1	g1091
OG0002380	XP_006394104.1	g9741, g202
OG0002381	XP_006399366.1	g29573
OG0002381	XP_006394252.1	g280
OG0002382	XP_024006999.1	g9910
OG0002383	XP_024010988.1	g43975
OG0002383	XP_006414096.1	g24183
OG0002384	XP_006398069.1	g11049
OG0002384	XP_006413874.1	g24061
OG0002385	XP_006396597.2	g40475
OG0002385	XP_006413825.1	g17392
OG0002386	XP_006396747.1	g25638, g25648
OG0002387	XP_006404817.2	g50951
OG0002388	XP_006411887.2	g22832
OG0002389	XP_006411610.1	g18380
OG0002390	XP_006403595.1, XP_006410691.1	g38001
OG0002391	XP_024010154.1, XP_006397079.1	g40302, g25783, g42642
OG0002392	XP_006413823.1, XP_006396601.1	g25537, g40473
OG0002393	XP_006418678.1	g11684, g11678
OG0002394	XP_006414928.1	g24698
OG0002394	XP_006418746.1	g11723
OG0002395	XP_024004947.1	g6459
OG0002396	XP_024004714.1	g47045
OG0002397	XP_024014646.1	g16834
OG0002397	XP_006395444.1	g1619
OG0002398	XP_006402312.1	g18758
OG0002400	XP_006397833.2	g37663
OG0002400	XP_024013022.1	g1824
OG0002401	XP_024010708.1	g52281
OG0002401	XP_006402503.1	g11169
OG0002402	XP_006397735.1	g38244
OG0002403	XP_006390525.1	g44561
OG0002403	XP_006416645.1	g31746
OG0002404	XP_006397516.1	g52120
OG0002405	XP_006411457.2	g52015, g52012
OG0002406	XP_006400613.1	g28930
OG0002407	XP_006419135.1	g11520
OG0002408	XP_006400837.1	g28825
OG0002408	XP_006419056.1	g2995
OG0002410	XP_024013637.1	g2602
OG0002410	XP_006393965.1	g109
OG0002411	XP_006390615.1	g44592
OG0002412	XP_024009079.1	g26867
OG0002412	XP_006396266.1	g25370
OG0002413	XP_006418437.1	g49311
OG0002414	XP_006418240.1	g30820
OG0002414	XP_006396527.1	g39629
OG0002415	XP_006418157.1	g30861
OG0002416	XP_006403234.1	g39724
OG0002417	XP_006418080.2	g30895
OG0002418	XP_006410331.1	g39822
OG0002418	XP_006418013.1	g49503
OG0002419	XP_006417882.1	g31023
OG0002419	XP_024003947.1	g39903
OG0002420	XP_006409812.1	g40076
OG0002420	XP_006409813.2	g53433
OG0002421	XP_006409753.1	g37802
OG0002421	XP_006417711.1	g40095
OG0002422	XP_006401534.1	g23659
OG0002422	XP_006413110.1	g47614
OG0002423	XP_006408441.1, XP_006400080.1	g29241
OG0002424	XP_006408420.1	g7877
OG0002425	XP_006408416.1	g7873
OG0002425	XP_006400119.1	g29213
OG0002426	XP_006408413.1	g7868
OG0002426	XP_006400133.1	g29204
OG0002427	XP_006408340.1	g12658, g7835
OG0002427	XP_006400243.1	g45746
OG0002428	XP_024015519.1	g12617
OG0002428	XP_006400364.1	g29033
OG0002430	XP_006407756.1	g7544, g12417
OG0002430	XP_006407757.1	g7545
OG0002431	XP_006411177.1	g37319, g51779
OG0002432	XP_024004193.1	g51771
OG0002433	XP_024008159.1	g27327
OG0002433	XP_006416869.1	g49953
OG0002434	XP_006389931.1	g44344, g46496
OG0002435	XP_006390535.1	g46078
OG0002435	XP_006416627.1	g31757
OG0002436	XP_006416268.2	g32008
OG0002436	XP_006390082.1	g46364
OG0002437	XP_006416223.1	g50229
OG0002437	XP_006390029.1	g46407
OG0002438	XP_006416213.1	g32025
OG0002439	XP_024008892.1	g45962
OG0002439	XP_006416190.1	g27521
OG0002440	XP_024016495.1	g18712
OG0002441	XP_006416130.1	g50277
OG0002441	XP_006390814.1	g44665
OG0002442	XP_006416073.1	g50300
OG0002443	XP_006391013.1	g45798, g44759
OG0002444	XP_006391106.1	g44816
OG0002444	XP_006415897.1	g32187
OG0002446	XP_006413042.1	g23614
OG0002446	XP_006401692.1	g28429
OG0002447	XP_024005798.1	g16917
OG0002447	XP_006405237.1	g38322
OG0002448	XP_024013581.1	g2555
OG0002448	XP_024006625.1	g53842
OG0002449	XP_006417174.1	g49856, g31416
OG0002450	XP_024014436.1	g27366, g19011
OG0002450	XP_006417724.1	g27021
OG0002451	XP_006417735.1	g31098, g49604
OG0002451	XP_006409854.1	g40047
OG0002453	XP_006396483.1	g39602
OG0002453	XP_006418268.1	g49398
OG0002454	XP_006418270.1	g30809
OG0002455	XP_006400242.1	g29152
OG0002456	XP_006400343.1	g29027
OG0002456	XP_024011790.1	g4937
OG0002458	XP_024013676.1	g2270
OG0002459	XP_024006916.1, XP_006404302.1	g18625, g18624, g18616
OG0002460	XP_006401079.1	g28726, g1184
OG0002461	XP_024013604.1	g2484
OG0002462	XP_006390185.1	g44396
OG0002462	XP_006416350.1	g50160
OG0002463	XP_006390213.1	g13625
OG0002463	XP_006416382.1	g31942, g27463
OG0002464	XP_006390435.1	g46140
OG0002464	XP_006390449.2	g46130, g46129
OG0002465	XP_006416913.1	g49938, g27299
OG0002466	XP_006407141.1	g12206
OG0002467	XP_006392742.1	g36668
OG0002468	XP_006392821.2	g36608
OG0002468	XP_024015597.1	g7108
OG0002469	XP_006414392.1	g47133
OG0002469	XP_006406797.2	g12070
OG0002470	XP_006406729.1	g12047
OG0002470	XP_006393464.1	g13285
OG0002471	XP_006406708.1	g12038
OG0002471	XP_006393421.1	g54074
OG0002472	XP_006393408.1	g12032
OG0002473	XP_006406667.1	g12025
OG0002475	XP_006414699.1	g24527
OG0002477	XP_006408962.1	g5906, g13852
OG0002478	XP_024005964.1	g54283
OG0002479	XP_024003728.1	g37101
OG0002480	XP_006402988.2	g19025
OG0002482	XP_006418523.1, XP_006398412.1, XP_006398410.1	g40688
OG0002483	XP_006392618.1	g36723
OG0002484	XP_024011244.1, XP_024005129.1, XP_006401832.1	g28560
OG0002489	XP_024012588.1	g41181, g41197, g11665
OG0002494	XP_006409019.1	g13840
OG0002494	XP_024005582.1	g17056
OG0002495	XP_006412909.2	g17023
OG0002497	XP_006412586.1	g47784
OG0002498	XP_006412576.1	g23316
OG0002499	XP_006404476.1	g28878
OG0002500	XP_006412257.1	g23119
OG0002502	XP_006409615.1, XP_006410684.1	g27782
OG0002503	XP_006392493.1, XP_024008309.1	g31144
OG0002504	XP_006417527.1	g31222
OG0002505	XP_006392245.1	g44090
OG0002506	XP_024016296.1	g41026
OG0002506	XP_024007869.1	g31259
OG0002507	XP_006395778.1	g49906
OG0002508	XP_006395722.1	g1534
OG0002508	XP_006417066.1	g49901
OG0002510	XP_006417177.1	g31414
OG0002510	XP_006395535.1	g10556
OG0002511	XP_006395289.1	g10360
OG0002512	XP_006402628.1	g1940
OG0002512	XP_006392615.1	g54315
OG0002513	XP_006407517.1	g12360
OG0002513	XP_006398953.1	g5653
OG0002514	XP_006407472.1	g7395
OG0002515	XP_006407428.1	g12317, g7368
OG0002516	XP_006413282.1, XP_006413284.1	g23740
OG0002517	XP_006413036.1	g23612
OG0002518	XP_006401444.2	g39368
OG0002518	XP_006413156.1	g23682, g17125
OG0002519	XP_006413158.1	g17126
OG0002519	XP_006401438.1	g1021
OG0002520	XP_006401395.1	g28536
OG0002520	XP_006413164.1	g23686
OG0002521	XP_006399720.1	g5332
OG0002522	XP_006399436.1	g5452
OG0002522	XP_006394157.1	g234
OG0002523	XP_006414233.1	g17553
OG0002524	XP_006396802.1	g40392
OG0002525	XP_006397195.1	g40251
OG0002526	XP_006415455.1	g50545
OG0002526	XP_006413328.1	g23785
OG0002527	XP_006410651.1	g51486
OG0002527	XP_006415395.1	g32506
OG0002528	XP_006409220.2	g13990
OG0002528	XP_006412026.1	g47952
OG0002529	XP_024005744.1	g22866
OG0002529	XP_006404828.1	g38429
OG0002530	XP_006411866.1	g22822
OG0002531	XP_006411799.1	g22763
OG0002532	XP_024014226.1	g50884, g36958
OG0002533	XP_006411626.1	g18367
OG0002534	XP_006397203.1	g25869
OG0002535	XP_006396852.1	g25681, g40383
OG0002536	XP_006413660.1	g47424
OG0002536	XP_024009997.1	g25652
OG0002537	XP_006396724.1	g40422
OG0002538	XP_006414822.1	g47035
OG0002539	XP_006414708.1	g47047
OG0002539	XP_024005476.1	g47046
OG0002540	XP_006414486.1	g24438
OG0002541	XP_006398008.1	g18757
OG0002542	XP_006397801.1	g37647, g52297
OG0002542	XP_006402470.1	g1841
OG0002543	XP_024012958.1	g18688
OG0002544	XP_024010859.1	g52133
OG0002544	XP_024012793.1	g1959
OG0002545	XP_006411428.1	g52001
OG0002545	XP_006396050.2, XP_024012934.1	g2090
OG0002547	XP_006402898.1, XP_006396062.1	g18994
OG0002547	XP_006411411.1	g51994
OG0002548	XP_006411059.2	g51723
OG0002549	XP_006411248.1	g51846
OG0002550	XP_006400619.1	g28928
OG0002551	XP_006418878.1	g2870
OG0002551	XP_006400946.1	g28745
OG0002552	XP_006404231.1	g19427
OG0002553	XP_006393906.1	g9662
OG0002553	XP_006404041.1	g2586
OG0002554	XP_024006718.1	g9636
OG0002555	XP_024009065.1	g26876, g30764
OG0002556	XP_024010012.1	g39507
OG0002556	XP_006418367.1	g49357
OG0002557	XP_006417973.1	g30962
OG0002557	XP_006410282.1	g51253
OG0002558	XP_006413117.2	g17106
OG0002559	XP_006399983.1	g29293
OG0002561	XP_006400203.1, XP_006408365.1	g29180, g5029
OG0002562	XP_006395005.1	g10159
OG0002562	XP_006408134.1	g7734
OG0002563	XP_024010982.1	g7724
OG0002565	XP_006403794.1	g19239
OG0002566	XP_006410931.2	g38071
OG0002567	XP_006416828.1	g31645, g27339
OG0002568	XP_006390315.1	g46196
OG0002568	XP_024008265.1	g31867
OG0002569	XP_006390238.1	g44413
OG0002569	XP_024009109.1	g31917
OG0002570	XP_006416400.1	g31920
OG0002570	XP_006390224.1	g46256
OG0002571	XP_006390181.1	g44395
OG0002571	XP_006416346.1	g27479, g31956
OG0002573	XP_006390923.1	g45829
OG0002573	XP_006416021.1	g50321
OG0002574	XP_006415899.1	g32184
OG0002574	XP_024006821.1	g44818
OG0002575	XP_006416009.1	g15801
OG0002576	XP_006417153.1	g49865, g31434
OG0002577	XP_006417804.1	g49563
OG0002578	XP_006417932.1, XP_006417931.1	g30994
OG0002580	XP_006410335.1	g51282
OG0002580	XP_006418019.1	g30935
OG0002581	XP_006418376.1	g49354
OG0002581	XP_006418377.1	g49351
OG0002582	XP_006411285.1	g51466
OG0002583	XP_006404129.1	g19395
OG0002583	XP_006394720.1	g553
OG0002584	XP_006404409.1	g2803
OG0002584	XP_006401041.1	g1223
OG0002585	XP_006418923.1	g2897
OG0002585	XP_006400927.1	g28757
OG0002586	XP_006391125.1	g19573, g41516, g18017
OG0002587	XP_006390300.1	g46205
OG0002588	XP_006390440.1	g46134
OG0002589	XP_006416693.1	g31714
OG0002589	XP_006390622.1	g46015
OG0002590	XP_006407127.1	g12201
OG0002590	XP_006392722.1	g36682
OG0002591	XP_006392644.1	g36711, g54321
OG0002592	XP_006392713.2	g36685
OG0002592	XP_006407134.1	g7192
OG0002593	XP_006392853.1	g54278
OG0002593	XP_006406964.1	g13237
OG0002594	XP_006392876.1, XP_006406945.1	g54271
OG0002595	XP_006406878.1	g7043, g13253
OG0002596	XP_024015241.1	g7000
OG0002596	XP_006414428.1	g17615
OG0002597	XP_006406748.1	g6956
OG0002597	XP_006393492.1	g36277
OG0002598	XP_006406684.1	g13295
OG0002598	XP_024006033.1	g36327
OG0002599	XP_006406237.1	g6611, g6623
OG0002601	XP_006392335.1, XP_006392345.1	g38326
OG0002601	XP_006412470.1	g23269
OG0002602	XP_006407266.1	g12252
OG0002603	XP_006406330.1	g13374
OG0002604	XP_006393272.1	g28081
OG0002605	XP_006402985.1	g11261
OG0002607	XP_006402621.1	g18857, g1932
OG0002610	XP_006414180.1	g17505
OG0002610	XP_024011126.1, XP_024011124.1	g40605
OG0002611	XP_006411111.1	g38110
OG0002611	XP_024003973.1	g50972
OG0002612	XP_006412481.2, XP_024005641.1	g47814
OG0002614	XP_006395519.1	g10544
OG0002614	XP_006417190.1	g31408
OG0002615	XP_024008047.1	g50221
OG0002622	XP_024004412.1	g17024, g23530
OG0002624	XP_006412430.1	g23241
OG0002626	XP_006412224.1	g23085
OG0002627	XP_024005171.1	g23076
OG0002628	XP_006409405.1	g14084
OG0002629	XP_006410666.1	g51497
OG0002629	XP_006415367.1	g32519
OG0002630	XP_006415261.1, XP_006410715.1	g32552
OG0002631	XP_006414306.1	g17561, g24313
OG0002632	XP_006392425.1	g41111
OG0002632	XP_006417592.1	g31172
OG0002633	XP_006417551.1	g31205
OG0002634	XP_006392284.1	g44057
OG0002634	XP_006417497.1	g31236
OG0002635	XP_006417353.1	g31317, g27156
OG0002636	XP_006416979.1	g31548
OG0002636	XP_006395846.1	g10747
OG0002637	XP_006417065.1	g31490
OG0002639	XP_006395500.1	g10531
OG0002640	XP_024006859.1	g16489
OG0002641	XP_006395307.1	g10370
OG0002642	XP_006391504.1	g44918
OG0002643	XP_006405836.1	g46778
OG0002644	XP_024004569.1	g23623
OG0002645	XP_006401234.1	g28623
OG0002645	XP_006413246.1	g23725
OG0002646	XP_006398867.1	g13072
OG0002646	XP_006407591.1	g7441
OG0002647	XP_024005893.1	g47515, g23827
OG0002648	XP_006401738.1, XP_006413012.2	g28408
OG0002649	XP_024011217.1	g19663, g39221
OG0002650	XP_006401581.1	g28477
OG0002651	XP_006401551.1	g964
OG0002651	XP_024004325.1	g23651
OG0002652	XP_006409098.1	g13933
OG0002653	XP_006399588.1	g29472
OG0002653	XP_006394759.1	g10040
OG0002654	XP_024011632.1	g29493
OG0002655	XP_006399495.1	g5430, g29523
OG0002656	XP_006394133.1	g216
OG0002657	XP_024004730.1	g17502
OG0002657	XP_024005487.1	g24464
OG0002658	XP_006413840.1	g24040
OG0002658	XP_024005714.1	g24039
OG0002659	XP_006413673.1	g47415
OG0002659	XP_024010188.1	g40417
OG0002660	XP_006396759.1	g40405
OG0002660	XP_006413641.1	g47428
OG0002661	XP_006413553.1	g23892
OG0002661	XP_006396917.1	g40368
OG0002662	XP_024010623.1	g50771
OG0002662	XP_006397184.1	g25851
OG0002663	XP_006415698.1	g32316
OG0002664	XP_006412073.1, XP_006412071.1	g22979
OG0002665	XP_006412025.1	g22952
OG0002665	XP_006409212.1	g6031
OG0002666	XP_006411995.1	g47968, g22923
OG0002667	XP_006411983.1	g22917
OG0002667	XP_006409162.1	g6010
OG0002668	XP_024005510.1	g22874
OG0002672	XP_006405599.1	g53265
OG0002673	XP_024010059.1, XP_006416989.1	g40246
OG0002674	XP_006396750.1	g25634, g25644, g25647, g25637, g25646
OG0002675	XP_006413818.1, XP_006396603.1	g47365
OG0002676	XP_024009669.1	g13523
OG0002678	XP_024009742.1	g46973
OG0002678	XP_006414878.1	g24655
OG0002679	XP_024005251.1	g11770
OG0002680	XP_024005903.1	g47052
OG0002680	XP_024015150.1	g13450
OG0002681	XP_006397829.1	g37662
OG0002682	XP_024004260.1	g52111
OG0002683	XP_024016768.1, XP_006411466.1	g38175
OG0002684	XP_006411426.1	g37398
OG0002685	XP_006398619.1	g5828
OG0002685	XP_006407734.1	g7527
OG0002686	XP_006417752.1	g5704
OG0002686	XP_024012530.1, XP_006400120.1	g29212
OG0002687	XP_006419043.1	g2988
OG0002687	XP_006400855.1	g28816
OG0002688	XP_006418993.1	g2913
OG0002688	XP_006400890.1	g1300
OG0002689	XP_006400944.1, XP_006417027.2	g28748
OG0002691	XP_006404234.1	g19424
OG0002691	XP_006394274.1	g296
OG0002692	XP_006396244.2	g25364
OG0002692	XP_006418447.1	g49307, g49305
OG0002693	XP_006396519.1	g39624, g25489
OG0002694	XP_024013289.1	g11058
OG0002694	XP_006418205.1	g49428
OG0002695	XP_006417985.1	g30954
OG0002696	XP_006417779.1	g49584
OG0002697	XP_006407748.1	g12985
OG0002698	XP_006408319.1	g12649
OG0002698	XP_006400276.1	g29137
OG0002699	XP_006400283.1	g4991
OG0002700	XP_006400365.1, XP_006408243.1	g7802
OG0002701	XP_006407862.1, XP_024007333.1	g7608
OG0002702	XP_006403019.1	g2167
OG0002702	XP_024016791.1	g51882
OG0002703	XP_006413951.1, XP_006415499.1	g27696, g32449
OG0002704	XP_006410886.1	g38055
OG0002704	XP_006403703.1	g2363
OG0002705	XP_006403599.1, XP_006391873.1	g2302
OG0002706	XP_024007278.1	g44321
OG0002706	XP_006416825.1	g49968
OG0002707	XP_006390561.1	g46062
OG0002707	XP_006416654.1	g31741
OG0002708	XP_006390311.1	g46197
OG0002708	XP_006416480.2	g31869
OG0002709	XP_024007309.1	g44376
OG0002709	XP_006416317.1	g31984
OG0002710	XP_006390777.1	g44654
OG0002711	XP_024010809.1	g44707
OG0002711	XP_024008271.1	g50311, g32082
OG0002712	XP_006415885.1	g32191
OG0002714	XP_024008348.1	g27293
OG0002715	XP_006395873.1	g10776
OG0002716	XP_006417475.1	g27111
OG0002717	XP_006400173.1, XP_006400174.1	g29197, g29196
OG0002718	XP_006400271.1	g29141
OG0002722	XP_006391035.1	g46930
OG0002722	XP_006391068.1	g50680
OG0002723	XP_006390024.1	g46417
OG0002724	XP_006416361.1	g44400
OG0002724	XP_006390201.1	g46270
OG0002725	XP_006407262.1	g7259, g7260
OG0002726	XP_006406967.1	g7080
OG0002727	XP_006406857.1	g7028
OG0002728	XP_006406530.1	g6824, g11972
OG0002729	XP_006406372.1	g11906
OG0002729	XP_006393104.1	g36468
OG0002730	XP_024015191.1	g6631, g6632
OG0002731	XP_006406166.1, XP_006414622.1	g13423
OG0002732	XP_006392966.1	g28024, g28021
OG0002733	XP_006393269.1	g36385
OG0002734	XP_006410606.1	g51456
OG0002735	XP_024012059.1, XP_006398097.1, XP_006403705.1	g19203
OG0002736	XP_024004214.1	g51687
OG0002736	XP_006403617.1	g2310
OG0002737	XP_006402987.1	g2145
OG0002741	XP_006391128.1, XP_024007788.1	g44835
OG0002743	XP_006412338.1	g23166
OG0002744	XP_006417477.1	g27110
OG0002745	XP_006417310.1	g27169
OG0002746	XP_024007445.1	g10662
OG0002748	XP_006399462.1	g29545
OG0002753	XP_024005659.1	g23558
OG0002754	XP_006408928.2	g47690
OG0002755	XP_006412563.1	g51026
OG0002757	XP_006409465.2	g6141
OG0002758	XP_006412152.1	g23026, g47904
OG0002759	XP_024004839.1, XP_024004781.1	g17611
OG0002759	XP_006415369.2	g32514
OG0002760	XP_006410692.1	g51515
OG0002761	XP_006392236.1	g41048, g44083, g44097, g44081
OG0002762	XP_006417337.1	g31325
OG0002763	XP_006416958.1	g31563
OG0002764	XP_006417095.2	g27247, g49890
OG0002766	XP_006405840.1	g18119
OG0002767	XP_006391772.1	g40850
OG0002768	XP_006401300.1	g1078
OG0002768	XP_024005443.1	g17139
OG0002769	XP_024015565.1	g13044
OG0002770	XP_006413363.1, XP_006402071.2, XP_006402073.1	g17187
OG0002771	XP_006394078.1	g183
OG0002772	XP_024007064.1	g267
OG0002772	XP_006399400.1	g5471
OG0002773	XP_006399229.1	g29627
OG0002773	XP_006394484.1	g407
OG0002774	XP_006398126.1	g11021, g40519
OG0002775	XP_006413910.1	g24077
OG0002776	XP_006413767.1	g24004, g47380
OG0002777	XP_006413719.1	g23980
OG0002778	XP_006413930.1, XP_024004509.1	g23913
OG0002779	XP_006415044.1	g32733
OG0002780	XP_024006702.1	g53697
OG0002781	XP_006411862.2	g22819
OG0002782	XP_024014332.1	g22750
OG0002782	XP_006411790.1	g18302
OG0002783	XP_006404564.1	g38544
OG0002784	XP_006414215.1, XP_006398416.1	g24251
OG0002785	XP_006403084.2	g46883
OG0002785	XP_006396093.1	g6326
OG0002786	XP_006396108.1, XP_006408978.1	g11580
OG0002786	XP_024013033.1	g25245
OG0002787	XP_024007360.1	g46863
OG0002787	XP_024009637.1	g11650
OG0002788	XP_006414707.2	g47048
OG0002789	XP_006414651.1	g17714
OG0002790	XP_006406184.1	g11822
OG0002790	XP_006406182.1	g6593
OG0002791	XP_006406248.1	g6636
OG0002793	XP_006397891.1	g50808
OG0002793	XP_006402405.1	g1772
OG0002794	XP_024010889.1	g11184
OG0002797	XP_006402841.1	g2126
OG0002797	XP_006411491.1	g37440
OG0002798	XP_006411445.1	g37407
OG0002799	XP_006411025.1	g5830, g45288, g51706
OG0002800	XP_006398814.1	g5721
OG0002801	XP_006400648.1	g738
OG0002802	XP_006400679.1	g41374, g750, g28905
OG0002803	XP_006404418.1	g2806
OG0002806	XP_006418355.1	g39513
OG0002806	XP_006396359.1	g25421
OG0002807	XP_006396534.1	g39633
OG0002807	XP_024008103.1	g45204, g49417
OG0002808	XP_006410376.1	g51300
OG0002808	XP_006418058.1	g30911
OG0002809	XP_006410267.1	g39846
OG0002810	XP_006417895.1	g31016
OG0002810	XP_006410180.1	g51225
OG0002811	XP_006409969.1	g40019
OG0002812	XP_006417703.1	g49693
OG0002813	XP_006408538.2, XP_006399950.1	g5190
OG0002814	XP_006408436.1	g7894
OG0002815	XP_006400286.1	g29130
OG0002817	XP_006408197.1	g7770
OG0002817	XP_006400396.1	g41472
OG0002818	XP_006408120.1	g12836, g7722
OG0002819	XP_024015534.1	g12924, g12500
OG0002820	XP_006407942.1	g7646
OG0002820	XP_006407943.1	g12486
OG0002822	XP_006408175.1, XP_006395920.1, XP_024009595.1	g7751
OG0002823	XP_006403772.1	g19219
OG0002823	XP_006410796.1	g37161
OG0002824	XP_006403638.1	g2324
OG0002824	XP_006410976.2	g51674
OG0002825	XP_006389776.2	g46592
OG0002825	XP_006416900.1	g27306
OG0002826	XP_006389846.1	g46542
OG0002826	XP_024007872.1	g31631
OG0002827	XP_006416699.1	g50002
OG0002828	XP_006416696.1	g50004
OG0002828	XP_006390632.1	g44599, g46011
OG0002829	XP_006416657.1	g50020
OG0002829	XP_006390574.1	g31738
OG0002830	XP_006390407.2, XP_006390411.1	g44514
OG0002830	XP_006416566.1	g31809
OG0002831	XP_006390392.1	g44504
OG0002832	XP_006416387.1	g31924
OG0002832	XP_006390217.1	g46264
OG0002833	XP_006416385.1	g31939
OG0002833	XP_024011168.1	g46265
OG0002834	XP_006416048.1	g50304
OG0002834	XP_006390900.1	g32086
OG0002835	XP_006391040.2	g45780
OG0002835	XP_006415915.1	g32164
OG0002836	XP_006415886.1	g50375
OG0002837	XP_006391140.1	g41550
OG0002837	XP_006415868.1	g50381
OG0002838	XP_006413448.1	g23841
OG0002838	XP_006413449.1	g17220
OG0002840	XP_024004342.1	g22693
OG0002840	XP_006404606.1	g50872
OG0002841	XP_006410380.1	g39799
OG0002842	XP_006418255.1	g26904
OG0002843	XP_006394618.1	g495
OG0002844	XP_006400011.1	g45675
OG0002845	XP_006400435.1	g41455
OG0002845	XP_006407962.1	g7654
OG0002846	XP_024004316.1	g46810
OG0002847	XP_006392573.1	g27977, g54373
OG0002848	XP_006394701.1	g10014
OG0002848	XP_024013639.1	g11380
OG0002849	XP_006404160.1	g19410
OG0002849	XP_006394685.1	g534
OG0002850	XP_024007096.1	g403
OG0002851	XP_024006748.1	g18583
OG0002851	XP_006404211.1	g2683
OG0002852	XP_006394622.1	g9974
OG0002853	XP_006394469.1, XP_024006837.1	g396
OG0002855	XP_006408499.1	g12732
OG0002856	XP_006404398.1	g1208
OG0002856	XP_006401057.1	g39273
OG0002857	XP_006404054.1, XP_006404053.1, XP_006404051.1	g11366
OG0002858	XP_006404165.1	g2635
OG0002859	XP_006400923.1	g28760
OG0002859	XP_006418948.1	g19567
OG0002860	XP_006412219.1	g23081
OG0002860	XP_006409460.1	g14206
OG0002861	XP_006418346.1	g49366
OG0002861	XP_006390819.1	g44667
OG0002862	XP_006390428.1	g46141, g44527
OG0002863	XP_006389828.1	g46557
OG0002863	XP_006416868.1	g31622
OG0002864	XP_024014851.1	g13177, g7235
OG0002865	XP_006407171.2	g12217, g13195
OG0002866	XP_024006384.1	g54340
OG0002867	XP_024015541.1	g12202
OG0002867	XP_006392715.1	g36684
OG0002868	XP_006406966.1	g7079, g12140
OG0002869	XP_006393108.1	g28048
OG0002872	XP_006409414.1	g14096
OG0002873	XP_006412728.1	g47738
OG0002874	XP_006409028.1	g13833
OG0002874	XP_006412991.2	g23576
OG0002876	XP_024006391.1	g36389
OG0002877	XP_024013503.1	g2240
OG0002877	XP_024004296.1	g37314
OG0002878	XP_006411334.1	g51945
OG0002878	XP_024012981.1	g2148
OG0002880	XP_006402887.1	g18990
OG0002880	XP_006399033.1	g29712
OG0002882	XP_006404971.2	g32645
OG0002884	XP_024014971.1	g17753, g17748, g17751, g53751, g17741
OG0002885	XP_006406779.1, XP_024012244.1	g12061
OG0002886	XP_006400171.1	g5051
OG0002887	XP_006400360.1	g29032
OG0002887	XP_006399973.1	g4935
OG0002890	XP_006408999.2	g13827
OG0002890	XP_006412964.1	g47665
OG0002891	XP_006404875.1	g38409
OG0002891	XP_006412703.1	g23397
OG0002892	XP_006405117.1	g38337, g51036
OG0002892	XP_006412534.1	g16940
OG0002893	XP_006412512.1	g16934
OG0002893	XP_006405153.1	g38334
OG0002894	XP_006404468.1	g11464
OG0002894	XP_006412446.1	g23250
OG0002895	XP_006408834.1	g53184
OG0002895	XP_006412409.1	g23220
OG0002896	XP_006412321.1	g23160
OG0002897	XP_006412189.1	g23058
OG0002898	XP_024016148.1, XP_006406820.2	g14102
OG0002899	XP_006415238.1	g32594
OG0002900	XP_024016687.1	g38008
OG0002901	XP_006392112.1	g41007
OG0002902	XP_006391963.1	g40940
OG0002902	XP_006417346.1	g31324
OG0002903	XP_006416938.1	g27296, g27295
OG0002904	XP_006395841.1	g1508
OG0002905	XP_006395374.1	g10433
OG0002906	XP_006405988.1	g40782
OG0002906	XP_024014736.1	g44966, g16790
OG0002907	XP_006401205.1	g28642
OG0002907	XP_006413264.1	g17149
OG0002909	XP_006407531.1	g13104
OG0002909	XP_006398930.1	g5667
OG0002910	XP_006407425.1	g7367
OG0002911	XP_006407335.1	g7310
OG0002911	XP_006399888.1	g29332
OG0002912	XP_006401666.1	g39444
OG0002913	XP_006413095.1	g23646
OG0002914	XP_006401388.1	g1042
OG0002914	XP_006413169.1	g23690
OG0002915	XP_024012245.1	g28682
OG0002916	XP_024007741.1, XP_006415790.1	g27623
OG0002917	XP_006399714.1	g5336
OG0002918	XP_006394588.1	g469
OG0002918	XP_006399316.1	g45497
OG0002919	XP_024012093.1	g5533
OG0002920	XP_006399204.1	g5564
OG0002921	XP_006414239.2	g24268
OG0002921	XP_006398437.1	g40703
OG0002922	XP_024011071.1	g24242
OG0002923	XP_006413751.1	g23996
OG0002924	XP_006396795.1	g40397
OG0002924	XP_006413625.1	g47436
OG0002925	XP_006396832.1	g23930
OG0002925	XP_006413601.1	g47448
OG0002926	XP_024009846.1	g40315
OG0002927	XP_006397117.1	g40280
OG0002927	XP_006415059.1	g50717
OG0002928	XP_006396077.1	g32748
OG0002928	XP_006390738.2	g44634
OG0002929	XP_006397422.1	g50241
OG0002930	XP_006410532.1	g51401
OG0002931	XP_006412084.1	g47925, g22984
OG0002932	XP_006411939.1	g22880
OG0002933	XP_006411897.1	g47985
OG0002933	XP_006404785.1	g38445
OG0002934	XP_006411841.1	g47998
OG0002935	XP_024005819.1	g18307, g17604
OG0002936	XP_006411706.1, XP_006404590.1	g22683
OG0002937	XP_024004383.1	g18318
OG0002938	XP_006411648.1	g18349
OG0002938	XP_024014082.1	g50844
OG0002939	XP_006397295.1	g40218, g25941
OG0002940	XP_006397306.1	g40213, g25942
OG0002942	XP_024009579.1	g6510
OG0002943	XP_024014747.1	g14376
OG0002944	XP_006402368.1	g1757
OG0002944	XP_006397939.1	g37730
OG0002945	XP_006408414.1, XP_006401097.2	g44298, g1161
OG0002946	XP_006397819.2	g37656
OG0002947	XP_006402590.1	g11185, g18831
OG0002948	XP_006391344.1	g37552
OG0002949	XP_024010772.1	g37550
OG0002949	XP_006397625.1	g37551
OG0002950	XP_006403913.1	g2472
OG0002951	XP_006397560.1	g52138
OG0002951	XP_006397561.1	g52140
OG0002952	XP_024010820.1	g38217
OG0002953	XP_024010699.1	g37504
OG0002954	XP_024010759.1	g37500
OG0002955	XP_006407732.1	g7526
OG0002956	XP_006400685.1	g41372
OG0002957	XP_006400868.1	g28806
OG0002958	XP_006400805.1	g819, g821, g1256, g820
OG0002959	XP_006399528.1	g9720
OG0002960	XP_006393933.1	g19372, g9672, g86
OG0002961	XP_006393851.1, XP_006403992.2	g9633
OG0002962	XP_006393526.1	g54015
OG0002964	XP_006396438.1	g25462, g1474
OG0002964	XP_006396439.1	g45229
OG0002965	XP_006403128.1	g39675, g11063
OG0002966	XP_006403141.1	g11076, g39683
OG0002967	XP_006418162.1	g30857
OG0002968	XP_006418159.1	g30859
OG0002968	XP_024013264.1	g11089
OG0002969	XP_006418121.1	g30875
OG0002970	XP_006418109.1	g30880
OG0002971	XP_006418110.1	g49459
OG0002971	XP_024016781.1	g51336
OG0002972	XP_006418057.1	g30912
OG0002972	XP_006410375.1	g39798
OG0002973	XP_006417948.1	g49537
OG0002973	XP_006410243.1	g39862
OG0002974	XP_006409924.1	g51113
OG0002975	XP_006408826.1	g16915
OG0002976	XP_024012023.1	g5184
OG0002976	XP_006408527.1	g7934
OG0002977	XP_006399982.1	g29296, g5176
OG0002978	XP_006414488.1, XP_006401032.1, XP_006399605.1	g39265
OG0002979	XP_006401458.1	g1013
OG0002979	XP_024005289.1	g17123
OG0002980	XP_006394962.1	g10144
OG0002981	XP_006407975.1, XP_006400461.1	g12923
OG0002982	XP_006410801.1	g37163, g51576
OG0002984	XP_006401814.1, XP_024004148.1	g37177
OG0002985	XP_006410895.1	g38063
OG0002985	XP_006403695.1	g19199
OG0002986	XP_006399712.1	g5337
OG0002987	XP_024007867.1	g49961, g31637
OG0002988	XP_006416471.1	g50095, g27436
OG0002990	XP_006391129.1	g41526
OG0002990	XP_006415873.1	g27606
OG0002991	XP_006399357.1, XP_006399362.1	g23761
OG0002992	XP_024016700.1, XP_006405880.1	g25025
OG0002993	XP_006414685.2, XP_024007739.1, XP_006417554.1, XP_024014388.1	g49620, g31203
OG0002995	XP_006392521.1, XP_024005658.1	g47342
OG0002997	XP_006395034.1	g10179
OG0002998	XP_006399167.1	g5581
OG0002999	XP_006399006.1	g45427
OG0003000	XP_006394531.1	g431
OG0003001	XP_006394418.2	g370
OG0003001	XP_024012640.1	g45475
OG0003002	XP_006400867.2	g854
OG0003003	XP_006416712.1	g31698
OG0003003	XP_006390658.1	g44606
OG0003005	XP_006414431.1	g24408
OG0003005	XP_006406819.1	g7001
OG0003006	XP_024005820.1	g47138
OG0003006	XP_024015542.1	g6985
OG0003007	XP_006414371.1	g47148
OG0003008	XP_006406623.1	g6887
OG0003009	XP_006393204.1	g36414
OG0003010	XP_006393077.1	g36487
OG0003011	XP_006406018.1	g11754
OG0003012	XP_006418768.1	g6460
OG0003013	XP_006412159.1	g23034
OG0003014	XP_006409213.1	g6032
OG0003015	XP_024015988.1	g13899
OG0003015	XP_006412840.1	g23470
OG0003016	XP_006393012.2	g36516
OG0003017	XP_006402831.1	g18973
OG0003017	XP_006393033.1	g36510, g54215
OG0003019	XP_006407023.1	g12156
OG0003020	XP_006397577.2	g52153
OG0003020	XP_006402642.1	g1955
OG0003021	XP_024010541.1, XP_006391530.2	g45058
OG0003022	XP_024013543.1	g50741
OG0003023	XP_006406759.1	g13276
OG0003023	XP_006406761.1	g12049
OG0003025	XP_006413281.1, XP_006413283.1	g17157
OG0003033	XP_006412912.1	g23528
OG0003033	XP_006408938.1	g5922
OG0003034	XP_006412765.1, XP_006412766.1, XP_006412768.1	g23441
OG0003036	XP_006412256.2	g23117
OG0003036	XP_024016150.1	g14285
OG0003037	XP_006412176.2	g47896
OG0003038	XP_024008957.1, XP_006410730.2	g32524
OG0003039	XP_006392227.1	g41045
OG0003040	XP_006392213.1, XP_024015920.1	g44102
OG0003041	XP_006392116.1	g44139
OG0003042	XP_006395393.1, XP_006405508.1	g10453
OG0003043	XP_006391566.1, XP_006415535.2	g45098
OG0003044	XP_006417250.1	g31374
OG0003044	XP_006391826.1	g40886
OG0003045	XP_006407395.2	g12300, g13127
OG0003045	XP_006407394.1, XP_024015563.1	g7344
OG0003046	XP_024011791.1	g921
OG0003046	XP_006413014.1	g23590
OG0003047	XP_006394168.1	g9772
OG0003048	XP_006399363.2	g5488
OG0003049	XP_006398407.1	g40686
OG0003052	XP_006396046.1	g32769
OG0003053	XP_006397334.1	g40202
OG0003054	XP_024006090.1	g36243
OG0003055	XP_006410522.1	g51393
OG0003055	XP_006415681.1	g27652
OG0003056	XP_006415676.1	g32325, g50461
OG0003057	XP_006412077.1	g22980
OG0003058	XP_006411943.1	g18263
OG0003059	XP_006410667.1	g51498
OG0003060	XP_006396654.1	g40456, g25564
OG0003061	XP_006398438.1	g10867
OG0003062	XP_024013078.1	g25247
OG0003063	XP_024009523.1	g6442
OG0003063	XP_024005387.1	g24730
OG0003064	XP_006414731.1	g6537, g47044
OG0003065	XP_006406230.2	g6603, g11854
OG0003066	XP_024004392.1, XP_006415229.1	g40802
OG0003067	XP_006397719.1	g37607
OG0003068	XP_006397553.2, XP_006402656.1	g37522, g52132
OG0003069	XP_006411407.1	g37390
OG0003071	XP_006419060.1	g834
OG0003072	XP_006400865.2	g28811
OG0003073	XP_006408026.1, XP_024005497.1	g10117
OG0003074	XP_024013655.1	g19388
OG0003075	XP_006404100.1	g2604
OG0003076	XP_006404027.1	g2566
OG0003077	XP_006413465.2	g47489
OG0003079	XP_024009080.1	g26866
OG0003080	XP_024004262.1	g39830
OG0003080	XP_006417983.1	g30956
OG0003081	XP_006394509.1	g39905
OG0003081	XP_024004245.1	g39906
OG0003082	XP_006410151.1	g11581
OG0003083	XP_006417817.2	g27003
OG0003083	XP_024016746.1	g51176
OG0003085	XP_006408694.1	g40121
OG0003087	XP_006408324.1	g12768
OG0003087	XP_024012070.1	g4993
OG0003088	XP_006406147.1	g11813, g41802, g11810
OG0003089	XP_006408038.1	g12535
OG0003090	XP_006400450.1	g4897
OG0003090	XP_024014852.1	g12925
OG0003091	XP_006411032.1	g37263
OG0003091	XP_006403883.1	g2459
OG0003093	XP_006389777.1	g44280
OG0003094	XP_006416748.1	g31681
OG0003094	XP_006389980.1	g46457
OG0003095	XP_006416723.1, XP_006402105.1	g31691
OG0003097	XP_006416011.1	g50327
OG0003099	XP_006404036.1, XP_006392239.1	g19364, g19363
OG0003100	XP_006410146.1	g26992
OG0003100	XP_006417871.1	g49556
OG0003101	XP_024012286.1	g5155
OG0003102	XP_006399883.1	g45628, g5240
OG0003103	XP_006394503.1, XP_006399247.1	g18597
OG0003104	XP_024007520.1	g404
OG0003105	XP_006404317.1, XP_024013420.1	g2753, g19492
OG0003106	XP_006403943.1	g2490
OG0003107	XP_006394401.1	g360
OG0003108	XP_024011489.1	g41388
OG0003109	XP_006390572.1	g32816
OG0003110	XP_006389867.1	g44312
OG0003111	XP_006407226.1	g13176, g7241
OG0003112	XP_006407775.1	g7555
OG0003112	XP_006407202.2	g12237
OG0003113	XP_006406915.1	g7056
OG0003114	XP_006406519.1	g11967, g6816
OG0003116	XP_024014898.1	g6528
OG0003116	XP_006406021.1	g6525
OG0003117	XP_006414962.1	g17884
OG0003118	XP_006396402.1	g39535
OG0003119	XP_006409436.1	g14198
OG0003120	XP_006409427.1	g47892
OG0003120	XP_006412194.1	g23061
OG0003121	XP_006407151.1	g7203
OG0003121	XP_006392694.1	g27988
OG0003122	XP_006410635.2	g51476
OG0003122	XP_006415438.2	g50553
OG0003123	XP_006403676.2	g2343
OG0003124	XP_006410995.1	g51685
OG0003124	XP_006403621.1	g2314
OG0003125	XP_006406762.2	g39393, g17760, g6237, g12050
OG0003126	XP_024004427.1, XP_006414739.2, XP_006404252.1	g4037, g10063
OG0003127	XP_006391736.1	g44258, g44256
OG0003129	XP_024012408.1	g779
OG0003130	XP_006407789.1	g7564
OG0003136	XP_024014037.1, XP_024004835.1, XP_024014408.1, XP_006391123.2, XP_024015915.1, XP_024013970.1, XP_006395900.2, XP_024014506.1, XP_024004784.1, XP_024013399.1, XP_024006516.1, XP_006419107.2, XP_006415492.2, XP_024004793.1, XP_024013217.1, XP_024014260.1, XP_024011344.1, XP_024013045.1, XP_024014487.1, XP_024006595.1, XP_024009298.1, XP_024014350.1, XP_024004931.1, XP_006408802.2, XP_024009375.1, XP_024013998.1, XP_024016523.1, XP_024010689.1, XP_024011411.1, XP_024009968.1, XP_024009925.1, XP_024013170.1, XP_024013988.1, XP_024009321.1, XP_024010289.1, XP_024005006.1, XP_024005931.1, XP_024016522.1, XP_024014483.1, XP_024009408.1, XP_024013921.1	g33451, g33470
OG0003139	XP_024005535.1	g23495
OG0003141	XP_006412235.1	g47877
OG0003142	XP_006412124.1, XP_006409340.1	g23014
OG0003143	XP_006414343.1	g47162
OG0003144	XP_006417410.1	g31281
OG0003145	XP_006417408.1	g31282
OG0003145	XP_006392108.1	g40997
OG0003146	XP_006395801.1	g10724
OG0003147	XP_006395492.1	g10526
OG0003148	XP_006405428.1	g16821
OG0003150	XP_006395298.1	g10367
OG0003151	XP_006395906.1	g18127
OG0003152	XP_006391656.1, XP_006391659.2	g40823
OG0003153	XP_006391660.1	g40822
OG0003154	XP_006405374.1	g16792
OG0003154	XP_006391738.1	g40781
OG0003155	XP_006398950.1	g5657
OG0003156	XP_024011018.1, XP_024006186.1	g36284, g42124
OG0003157	XP_006401473.1	g17122
OG0003157	XP_006413146.1	g23677
OG0003158	XP_006399505.1	g29517, g29515, g5427
OG0003159	XP_024011037.1	g47343
OG0003159	XP_024005729.1	g17382
OG0003160	XP_006403342.1	g37039
OG0003161	XP_006411824.1	g22790, g18291
OG0003162	XP_006391334.1	g18055
OG0003164	XP_006414921.1	g24694
OG0003165	XP_006389952.1	g46482
OG0003166	XP_024012840.1	g1861
OG0003167	XP_006397734.1	g52255
OG0003168	XP_006407731.1, XP_006407729.1	g13010
OG0003169	XP_006407663.1	g13057
OG0003169	XP_006398726.1	g29848, g5781
OG0003170	XP_024007527.1	g104
OG0003171	XP_006396346.1	g39504
OG0003173	XP_024010056.1	g38072
OG0003174	XP_006396561.1	g39645
OG0003175	XP_006418088.1	g49468
OG0003176	XP_006397288.2	g18630
OG0003177	XP_006410002.1	g51160
OG0003178	XP_006399921.1	g5213, g45638
OG0003179	XP_006399912.1	g29325
OG0003180	XP_006395027.1	g10174
OG0003180	XP_006408164.1	g12814
OG0003181	XP_006408061.1	g7702, g12869
OG0003182	XP_006407730.1, XP_006398606.2	g13009, g7525
OG0003183	XP_006411146.1	g51761
OG0003184	XP_006410783.1, XP_006410782.1	g38026, g51569
OG0003185	XP_024003933.1	g51705
OG0003186	XP_006416598.1	g31785
OG0003186	XP_006390475.1	g27408
OG0003187	XP_006416422.1	g27452, g50127
OG0003188	XP_024007860.1, XP_006416373.2	g27466
OG0003190	XP_006390079.1	g46371
OG0003191	XP_024011921.1, XP_006390164.1	g17970
OG0003192	XP_006394912.1	g4815
OG0003193	XP_006391261.1	g41686
OG0003193	XP_006415794.1	g32258
OG0003194	XP_006404953.2	g38388
OG0003195	XP_024014204.1	g36937
OG0003195	XP_024014173.1	g38519
OG0003196	XP_006416954.1	g49927
OG0003196	XP_006398539.1	g27287
OG0003197	XP_006417239.1	g49819
OG0003198	XP_024008595.1	g31150
OG0003198	XP_006392490.2	g49651
OG0003199	XP_006409638.1, XP_024016387.1	g13683
OG0003200	XP_006417690.1	g49687
OG0003201	XP_024007816.1	g49461
OG0003202	XP_024008573.1	g50865
OG0003203	XP_006395006.1	g4723, g7710
OG0003206	XP_006412484.2	g10060
OG0003206	XP_006394786.1	g18563, g593
OG0003207	XP_006394561.2	g451
OG0003208	XP_024004302.1	g46317
OG0003208	XP_024012894.1	g17964
OG0003209	XP_024015256.1, XP_024015257.1, XP_006407102.2	g7169
OG0003210	XP_006407093.2	g7166
OG0003213	XP_006406867.1	g12097
OG0003213	XP_024006374.1	g28015
OG0003214	XP_006406663.1	g12022
OG0003215	XP_006406589.1	g13311
OG0003216	XP_024016603.1	g6023
OG0003217	XP_006408994.1	g5895
OG0003217	XP_006412956.1	g17044
OG0003218	XP_006392836.1	g36601
OG0003219	XP_006393036.1	g11880
OG0003220	XP_024015009.1	g6788
OG0003220	XP_006393203.1	g54153
OG0003221	XP_006418520.1	g51354, g51355
OG0003222	XP_006403507.1	g11285
OG0003222	XP_006403506.1	g36096
OG0003223	XP_006405224.1	g47816
OG0003224	XP_006403042.1	g2178
OG0003225	XP_006403017.1, XP_006402783.1	g18953
OG0003226	XP_006402655.1	g1962, g11195
OG0003227	XP_006391410.1	g44975
OG0003230	XP_006398411.1, XP_006398413.1	g10896
OG0003231	XP_006413918.1	g24081
OG0003231	XP_006398124.1	g18409
OG0003233	XP_006411729.1	g22698
OG0003234	XP_006409793.1	g40083
OG0003235	XP_006417150.1	g49868
OG0003236	XP_006416518.1	g31837
OG0003237	XP_024009372.1	g2901, g2900
OG0003239	XP_024006570.1	g39531
OG0003243	XP_024016383.1	g35587, g53383, g53959, g51853, g25072, g173, g41392
OG0003247	XP_006404897.1	g36887
OG0003249	XP_006412511.1	g47803
OG0003250	XP_006412477.1	g16922, g23274
OG0003250	XP_006405185.1	g51040
OG0003251	XP_006414549.1	g47094
OG0003252	XP_024015005.1, XP_006412319.1	g18174, g18180, g18169, g18177, g18172, g18175, g18178, g18176, g18171
OG0003253	XP_006403138.1	g11073, g11068, g11074
OG0003254	XP_006411462.2	g52018
OG0003254	XP_006411516.1	g38192
OG0003255	XP_006417490.1	g31237
OG0003256	XP_006417142.1	g31440
OG0003256	XP_006395636.1	g1571
OG0003257	XP_006395376.2	g10438
OG0003257	XP_024014383.1	g16854
OG0003258	XP_006395248.1	g10315
OG0003260	XP_024012853.1	g19045
OG0003262	XP_006401664.1, XP_006413071.1	g47629
OG0003263	XP_006401504.1	g986
OG0003264	XP_006399631.1	g5379
OG0003265	XP_006399569.1	g29484
OG0003266	XP_006399324.1	g5505
OG0003267	XP_006399304.1	g29596
OG0003268	XP_006414069.1, XP_006414070.1	g24165
OG0003269	XP_006396744.1	g40412
OG0003270	XP_024008980.1, XP_024010644.1	g50744
OG0003271	XP_006415703.1	g50449
OG0003272	XP_006415456.1	g25929
OG0003273	XP_024004502.1	g50549
OG0003273	XP_006410637.1	g32478
OG0003274	XP_006409318.1	g13734
OG0003275	XP_006412081.2	g22983
OG0003276	XP_006411999.1	g22926
OG0003277	XP_006409163.1	g13960
OG0003278	XP_024004343.1	g18331
OG0003279	XP_006411668.1	g22666, g18013, g18332, g53656
OG0003280	XP_006410720.1	g37138
OG0003281	XP_006398221.1	g18395, g16730
OG0003282	XP_006395934.1, XP_006396165.1	g6356, g13572
OG0003283	XP_024005398.1	g24796
OG0003283	XP_024009557.1	g11679
OG0003284	XP_024004731.1, XP_024009521.1	g47011
OG0003285	XP_006414857.1	g24608
OG0003286	XP_006414653.1	g24504, g24502
OG0003286	XP_024015643.1	g11801
OG0003287	XP_006414628.1	g17708, g24495
OG0003289	XP_006397558.1	g37525
OG0003290	XP_024012429.1, XP_006398659.2, XP_006398660.1	g5802
OG0003292	XP_006400781.1	g810
OG0003293	XP_006404246.1	g19420
OG0003293	XP_024007626.1	g9818
OG0003294	XP_006394125.1, XP_006399466.1	g29542
OG0003295	XP_024013776.1	g11375
OG0003295	XP_024006915.1	g9697
OG0003296	XP_006414440.1	g33
OG0003296	XP_006403990.1	g2526
OG0003297	XP_024013579.1	g2512
OG0003298	XP_006403143.1	g11077, g39684
OG0003299	XP_006410389.1	g39808
OG0003299	XP_006418063.2	g26953
OG0003300	XP_006410050.1	g51183
OG0003301	XP_006408663.1, XP_006408653.1	g40132, g40134
OG0003302	XP_006408782.1	g38278
OG0003302	XP_006412376.1	g23196
OG0003303	XP_006399909.1	g29326, g45635
OG0003304	XP_006407743.1	g7537
OG0003305	XP_006400231.1	g29155, g5015
OG0003306	XP_006408144.1	g7739
OG0003306	XP_024007144.1	g10163
OG0003307	XP_006394979.1	g4679
OG0003308	XP_006407820.1	g7579
OG0003309	XP_024005322.1	g17178
OG0003310	XP_024008335.1	g31680
OG0003311	XP_006416732.1	g27367
OG0003312	XP_006390549.1	g46063
OG0003313	XP_006416630.1	g31755
OG0003313	XP_006390533.1	g46080
OG0003316	XP_006390012.1	g46427
OG0003317	XP_006416183.1	g50249, g27523
OG0003318	XP_006416104.1	g50284
OG0003319	XP_006415970.1	g32139
OG0003320	XP_006415834.1	g32224
OG0003321	XP_006405129.1	g38336
OG0003321	XP_006412528.2	g47799
OG0003323	XP_006392249.1	g49570
OG0003324	XP_006400031.1	g5133
OG0003325	XP_024007573.1	g18508, g18511
OG0003326	XP_006399147.1	g5588
OG0003327	XP_006399030.1	g29713
OG0003328	XP_024007537.1	g18579, g18577, g18575
OG0003329	XP_006391210.1	g41604
OG0003330	XP_006390956.1	g44723
OG0003330	XP_006415991.1	g27574
OG0003331	XP_006390065.2	g13613
OG0003332	XP_006416502.1	g31854
OG0003333	XP_024007783.1	g46105
OG0003333	XP_006416606.1	g50041
OG0003334	XP_006389953.1	g46480
OG0003336	XP_006407239.1, XP_006407240.1	g13163, g13164
OG0003337	XP_006406757.1	g6967
OG0003338	XP_024014922.1	g11833, g13411
OG0003340	XP_024009010.1, XP_006402885.1, XP_024008988.1, XP_024007733.1	g18989
OG0003341	XP_024012737.1	g2040
OG0003342	XP_006402762.1	g1991
OG0003350	XP_024004429.1, XP_024004601.1	g23313
OG0003351	XP_006413638.1	g17288
OG0003352	XP_024011575.1	g5050
OG0003354	XP_006400991.1, XP_006393054.1	g14388, g34461
OG0003356	XP_024015273.1	g7422
OG0003359	XP_006412515.1	g23287
OG0003360	XP_006412488.1	g23277
OG0003363	XP_006412243.1	g18203
OG0003364	XP_006412175.1	g47897
OG0003365	XP_006412320.1	g24361, g23159
OG0003366	XP_006410676.2	g51503
OG0003367	XP_006414755.1, XP_006395815.1	g10734
OG0003368	XP_006405942.2	g25065, g25042
OG0003370	XP_024006763.1	g10607
OG0003371	XP_006405481.1	g16837
OG0003371	XP_006395419.1	g1625
OG0003372	XP_006405603.1	g16888
OG0003372	XP_006395315.1	g10379
OG0003373	XP_006405832.1	g46774
OG0003374	XP_006413053.1	g23620
OG0003376	XP_006413254.1	g47564
OG0003376	XP_006413255.2	g23728
OG0003377	XP_006397901.2	g39328
OG0003378	XP_006413438.1, XP_006413440.1	g47505, g47506
OG0003379	XP_006401470.1	g1008
OG0003380	XP_006401167.1	g1138, g39290, g28659
OG0003381	XP_006401156.1	g39288
OG0003382	XP_006394086.1, XP_006399518.1	g29508
OG0003383	XP_006394511.1	g423
OG0003383	XP_006399251.1	g5535
OG0003384	XP_006414041.1	g17456
OG0003385	XP_006398060.1, XP_006413865.1	g24054, g17378
OG0003386	XP_024005442.1, XP_006413692.1	g23972
OG0003387	XP_006397068.1	g40309
OG0003389	XP_024003705.1	g51412
OG0003390	XP_024007758.1, XP_024007754.1	g32462
OG0003391	XP_006409139.1, XP_006411972.1	g18256, g22910
OG0003392	XP_006411818.1	g22784, g18297
OG0003393	XP_006411814.1	g18300
OG0003393	XP_006404704.1	g50899
OG0003394	XP_006400754.1	g46818
OG0003395	XP_006413879.1	g47341
OG0003396	XP_006396923.1, XP_024010516.1	g43177, g40360
OG0003397	XP_006398232.1	g40567
OG0003398	XP_006414982.1	g24890
OG0003400	XP_006414845.1	g17813, g47020
OG0003401	XP_006414660.1, XP_024005667.1	g17719, g24507
OG0003402	XP_006414513.1	g47104
OG0003403	XP_006402323.1	g18747
OG0003404	XP_006397918.1	g37720
OG0003405	XP_006402651.1	g1961
OG0003406	XP_006395677.1	g10651
OG0003406	XP_006395678.1	g10652
OG0003407	XP_006407739.1	g13005
OG0003408	XP_006404104.2	g19387
OG0003409	XP_006404085.1, XP_006393941.1	g9680, g94
OG0003411	XP_024010045.1	g45241
OG0003413	XP_006417879.1	g26991
OG0003413	XP_006410160.1	g39904, g51218
OG0003414	XP_024012276.1	g29714
OG0003415	XP_006408528.2, XP_024012253.1	g7935
OG0003416	XP_006400156.1	g29198
OG0003417	XP_024015345.1	g12572
OG0003417	XP_024006949.1	g4691
OG0003418	XP_006408092.1, XP_006394963.1	g12855, g7711
OG0003419	XP_006400452.1	g29079
OG0003422	XP_006410918.1	g51633
OG0003422	XP_006403679.1	g2346
OG0003424	XP_006411079.1	g38098
OG0003424	XP_006403608.1	g2307
OG0003425	XP_006416903.1, XP_006390387.1	g31602
OG0003426	XP_006416722.1	g31692, g49995
OG0003427	XP_006416348.1	g27478
OG0003427	XP_024015276.1	g7428
OG0003428	XP_024008590.1	g50167, g31968
OG0003429	XP_006416325.2	g31971
OG0003430	XP_006390928.1	g32074
OG0003431	XP_024007889.1	g32130
OG0003432	XP_006415866.1	g50384
OG0003433	XP_006405104.1	g38343
OG0003433	XP_006412543.1	g23298
OG0003434	XP_006404798.2, XP_006404791.1, XP_024014077.1, XP_006396169.1	g36913
OG0003435	XP_006410769.2, XP_024004205.1	g25165
OG0003436	XP_006417566.1	g31185, g27083
OG0003437	XP_006406449.1	g27395, g13348
OG0003438	XP_006408490.1	g7925
OG0003438	XP_006400017.1	g45676
OG0003439	XP_006400291.1	g28985
OG0003440	XP_006400334.1	g5969
OG0003441	XP_006394424.1	g373
OG0003442	XP_006394342.1, XP_024013487.1	g330
OG0003443	XP_006394663.2	g520
OG0003444	XP_006404298.1	g19489, g2762, g50663
OG0003446	XP_006390820.1	g45889
OG0003447	XP_006416192.1	g27520
OG0003448	XP_006389888.1	g44322
OG0003449	XP_006407289.1	g12268, g7280
OG0003450	XP_006407209.2	g13189
OG0003451	XP_006406700.1	g13291
OG0003452	XP_006406658.1, XP_006406654.1	g6906
OG0003453	XP_006406640.1	g6893, g13301
OG0003454	XP_006409549.1	g6160
OG0003455	XP_006412206.1	g18213
OG0003456	XP_006409014.1	g5886
OG0003457	XP_006403509.1	g2258
OG0003457	XP_006411149.1	g38121
OG0003458	XP_006402576.1	g1908
OG0003459	XP_006392672.1	g36701
OG0003459	XP_006407185.1	g54334
OG0003460	XP_024005690.1, XP_024007903.1	g46971
OG0003463	XP_006416892.1	g31612
OG0003464	XP_024015630.1	g12532
OG0003466	XP_006399268.1, XP_024012461.1	g45490
OG0003470	XP_024016297.1, XP_024010253.1, XP_024014464.1, XP_024011120.1	g4032
OG0003470	XP_024007931.1, XP_024010444.1	g15595
OG0003476	XP_024009416.1, XP_024014910.1	g35743, g14830, g52705, g3344, g15648, g26021, g42679, g30447, g8786, g53600, g8242, g25037, g43028, g43245, g32904, g8772, g14509, g42979, g32561, g25233, g16668, g20878, g30259, g43557, g15995, g14518, g25792, g53097, g14385, g25895, g35670, g43108, g44671, g48024, g9282, g22196, g30258, g19809, g24981, g26715, g18553, g4512, g35357, g42951
OG0003481	XP_006412802.1	g47714, g16999
OG0003483	XP_006412636.1	g47765
OG0003484	XP_006412478.1	g23275
OG0003485	XP_024007034.1	g9767
OG0003486	XP_006391088.2	g13394
OG0003487	XP_024008846.1	g31135
OG0003488	XP_006392356.2	g41077
OG0003489	XP_006392193.1, XP_006417454.1	g44107
OG0003490	XP_006417388.1	g24766, g31300, g49765
OG0003491	XP_024007079.1	g10485
OG0003492	XP_006405930.1, XP_024009848.1	g46829
OG0003493	XP_006407619.1	g7456
OG0003494	XP_006417005.1	g27273
OG0003495	XP_006401994.1	g1336
OG0003496	XP_006401779.1	g891
OG0003497	XP_024005325.1	g47563
OG0003497	XP_006401220.1	g39308
OG0003499	XP_006399446.1	g5449
OG0003499	XP_006394147.1	g229
OG0003500	XP_006394205.1	g256
OG0003501	XP_024015528.1	g6776
OG0003502	XP_006413750.1	g47388, g23995, g23992
OG0003503	XP_006413541.1	g23896
OG0003504	XP_006415048.1	g32731, g50730
OG0003505	XP_006397216.1	g40245, g25875
OG0003506	XP_006415442.1	g50548
OG0003507	XP_006415432.1	g32490
OG0003507	XP_006415431.1	g27712
OG0003508	XP_006409273.1	g6053
OG0003508	XP_024004644.1	g22982
OG0003509	XP_006412015.1	g22939
OG0003510	XP_006411908.1	g22848
OG0003511	XP_006405814.1	g46767
OG0003513	XP_006396621.1	g40467
OG0003515	XP_006414262.1	g40726
OG0003517	XP_024004575.1, XP_006415005.1, XP_024005027.1	g25845, g18080
OG0003518	XP_006414975.1	g11682
OG0003521	XP_006405417.1, XP_006405507.1	g16812
OG0003522	XP_006403199.1, XP_006397690.1	g37583
OG0003523	XP_006402809.1	g2039, g11216
OG0003524	XP_006404223.1	g2697
OG0003524	XP_006394261.1	g287
OG0003526	XP_024013777.1	g11372
OG0003527	XP_006393908.1	g65
OG0003528	XP_006410143.1	g51191
OG0003529	XP_006413119.1	g17107
OG0003530	XP_006400128.1	g29211
OG0003531	XP_024012127.1	g12908
OG0003532	XP_006407888.1	g12465
OG0003533	XP_006392022.2, XP_006411172.1	g51775
OG0003535	XP_006414712.1	g37173
OG0003536	XP_024008519.1	g31682
OG0003536	XP_024008059.1	g27360
OG0003537	XP_006416626.1	g31758
OG0003538	XP_006416549.1	g50059
OG0003539	XP_006390718.2	g45973
OG0003540	XP_006416116.1	g32062
OG0003541	XP_006390895.1	g45851
OG0003542	XP_006415840.1	g27614, g50390
OG0003543	XP_006415811.1	g27618
OG0003544	XP_024015879.1	g46828
OG0003545	XP_024004426.1	g51027, g38358
OG0003546	XP_006410328.2	g51277
OG0003547	XP_006400266.1, XP_006400267.1	g45750
OG0003548	XP_024012396.1	g41451
OG0003549	XP_006407923.1, XP_006395061.1	g12933
OG0003550	XP_006395148.1	g10240
OG0003551	XP_006394721.1	g554, g18567
OG0003553	XP_006394326.2	g18617
OG0003554	XP_006404007.1	g19347
OG0003554	XP_006404008.1	g19348
OG0003555	XP_006404228.1	g26281, g19428
OG0003556	XP_006416142.1	g50270
OG0003557	XP_006396140.1	g46089
OG0003558	XP_006389940.1	g46489
OG0003559	XP_006416826.1	g49967
OG0003560	XP_006407080.1, XP_024006286.1	g13214
OG0003561	XP_006407039.1	g7140
OG0003562	XP_006406802.1	g6990
OG0003564	XP_006406285.1	g6677, g28030
OG0003565	XP_006414787.1	g17770
OG0003565	XP_006418852.1	g11751
OG0003567	XP_006409123.1	g5994
OG0003569	XP_024005975.1	g27991
OG0003570	XP_024016417.1	g39777
OG0003572	XP_006414662.1, XP_006414664.1	g24508
OG0003574	XP_006400317.1	g4965, g4918
OG0003576	XP_006397095.1	g34398
OG0003577	XP_024016280.1, XP_024013591.1	g4109, g35532, g26379, g26384, g42799, g52440, g33582, g46155, g42147, g9071, g52502, g25250, g43991, g20073, g20743, g48517, g48668, g9342, g52366, g30686
OG0003584	XP_006412837.1	g47696, g23468
OG0003585	XP_006403436.1	g2188, g4871
OG0003586	XP_006412702.1	g47749, g23394
OG0003587	XP_024007040.1, XP_006405254.2	g18613, g32838
OG0003588	XP_006398893.1	g29793
OG0003589	XP_006412261.1	g23120, g47871
OG0003590	XP_006409330.1	g6113
OG0003593	XP_024007566.1, XP_024007435.1	g16705
OG0003594	XP_006395762.1	g10700
OG0003595	XP_006395360.1	g10412
OG0003597	XP_024008488.1	g49846
OG0003598	XP_006407707.2	g12411
OG0003599	XP_006407494.1	g7407
OG0003600	XP_024011007.1	g7379
OG0003601	XP_006405892.1	g25052, g25046, g25092, g5960
OG0003603	XP_006413017.1	g23592
OG0003604	XP_006413065.2	g23628
OG0003605	XP_024013287.1, XP_006402396.1	g11152
OG0003606	XP_006413168.1	g47586, g23689
OG0003608	XP_024012576.1, XP_006417761.1	g31081
OG0003609	XP_006399516.1	g5422
OG0003610	XP_006399460.1	g214, g9752
OG0003611	XP_024004616.1	g24190
OG0003612	XP_006414102.2	g47272
OG0003613	XP_006394891.1	g10107
OG0003614	XP_006415715.1	g50440
OG0003615	XP_024009046.1, XP_024016736.1	g27670
OG0003616	XP_006412060.1, XP_024004395.1	g47935
OG0003617	XP_006397146.1	g40272
OG0003618	XP_006403710.1, XP_024011049.1	g2367
OG0003619	XP_006407505.1	g7412
OG0003620	XP_024011079.1	g11044
OG0003621	XP_006398096.1, XP_006398101.1	g40511, g40510
OG0003622	XP_024011145.1	g10940, g4628
OG0003625	XP_006397930.1	g37723
OG0003626	XP_006402393.1	g1766
OG0003627	XP_006397758.1	g52277, g38246, g37628
OG0003628	XP_006402617.2, XP_006397633.1	g18855, g18844
OG0003629	XP_006397613.1	g38231
OG0003631	XP_006400657.1	g41382, g28910
OG0003632	XP_006416992.1	g49911
OG0003633	XP_006404015.1	g2547
OG0003633	XP_006393872.1	g46
OG0003634	XP_006404013.1	g2546
OG0003634	XP_006393869.1	g19651
OG0003636	XP_006396275.1	g39489, g45248
OG0003637	XP_024010002.1	g25468
OG0003638	XP_024010518.1	g39607
OG0003639	XP_024005802.1	g23211
OG0003641	XP_006408112.1	g7718
OG0003642	XP_006394941.1	g10129
OG0003643	XP_006411211.1	g37331, g51811
OG0003644	XP_006392781.1	g36636
OG0003645	XP_006416799.1	g27347
OG0003646	XP_006416603.1, XP_006390493.1	g50043
OG0003647	XP_006416524.1	g31831
OG0003648	XP_006416202.1	g50243
OG0003650	XP_006402793.1	g18957
OG0003651	XP_006394895.2	g31435
OG0003652	XP_006417937.1	g30992
OG0003653	XP_006417998.2	g30946
OG0003655	XP_006400232.1, XP_006408351.1	g45741
OG0003656	XP_006400265.1	g45748
OG0003657	XP_006407313.1	g13143, g7294, g12274
OG0003658	XP_006398925.1	g29777
OG0003659	XP_006394483.1	g406
OG0003660	XP_006401077.1	g28725
OG0003662	XP_006418866.1	g2823
OG0003663	XP_006390989.1	g44748
OG0003665	XP_006390674.2	g45952
OG0003666	XP_006389799.1	g44289
OG0003667	XP_006407263.1	g7261
OG0003668	XP_006407193.1	g12236, g7223
OG0003670	XP_006407122.1	g13211
OG0003671	XP_006406985.1	g7098
OG0003672	XP_006406774.2	g6979
OG0003672	XP_006414374.1	g24373, g24364
OG0003673	XP_006418755.1	g11725
OG0003674	XP_024009710.1	g13528
OG0003674	XP_006395200.1	g10280
OG0003675	XP_006401345.1	g1067
OG0003676	XP_006407879.1	g12460
OG0003676	XP_024005373.1	g47855
OG0003678	XP_006406362.1	g11900
OG0003679	XP_006403816.1	g19263
OG0003680	XP_024013440.1, XP_024013452.1	g19254
OG0003681	XP_006410939.1	g51645
OG0003682	XP_024012838.1	g11268
OG0003687	XP_006392255.1	g1730
OG0003695	XP_006412965.1	g47664, g23556
OG0003696	XP_006412738.1	g47731
OG0003697	XP_006412263.1	g23123, g18199
OG0003698	XP_006412173.1	g47899
OG0003699	XP_024008231.1	g38127, g874
OG0003701	XP_006395822.1, XP_024016052.1	g10737
OG0003702	XP_006395539.1, XP_006401849.1	g10559
OG0003703	XP_024014803.1	g46760
OG0003704	XP_024004564.1	g40891
OG0003705	XP_006411356.1	g51961, g37370
OG0003706	XP_024003755.1	g2895
OG0003707	XP_006402168.1	g26795
OG0003708	XP_006401431.1	g1026
OG0003709	XP_006401297.1	g1079
OG0003710	XP_006399823.1	g29360
OG0003712	XP_006398083.1	g40500
OG0003713	XP_006403109.1	g40483
OG0003715	XP_006396905.1	g40371
OG0003717	XP_006396224.1	g25375
OG0003718	XP_024006124.1	g36526
OG0003718	XP_006409027.1	g54247
OG0003719	XP_006398747.1	g5765, g45343
OG0003720	XP_006398673.1	g5799
OG0003721	XP_006396918.1	g40362
OG0003724	XP_024015504.1	g13391
OG0003724	XP_006414478.1	g24445
OG0003726	XP_024004903.1, XP_024010862.1	g39241, g28052
OG0003727	XP_006397802.2	g37648
OG0003727	XP_006402469.1	g1840
OG0003728	XP_024010894.1	g38224
OG0003729	XP_006397564.1	g52143
OG0003730	XP_006402818.1	g18969
OG0003731	XP_006398767.1, XP_006408279.1	g47315
OG0003732	XP_024011894.1, XP_024009959.1	g28743
OG0003733	XP_006403204.1	g39715
OG0003735	XP_024013339.1	g39733, g11118
OG0003736	XP_006410406.1	g37937
OG0003737	XP_024003871.1	g39760
OG0003738	XP_006410300.2	g51263
OG0003740	XP_006417928.1	g30996
OG0003741	XP_006409749.1	g37804
OG0003742	XP_006417291.1	g40156
OG0003743	XP_006408449.1	g7905
OG0003744	XP_006405358.1	g46647, g16786
OG0003747	XP_006407855.1	g12957, g12448
OG0003748	XP_006407795.1	g12431
OG0003749	XP_006407769.1	g7551
OG0003750	XP_006403443.1	g11277
OG0003752	XP_006416717.1	g31696
OG0003753	XP_006390044.1	g46394
OG0003753	XP_006416236.1	g27510
OG0003754	XP_006416018.1	g50323, g32075
OG0003755	XP_006415951.1, XP_024009934.1	g50351
OG0003756	XP_006413443.2	g47503
OG0003758	XP_006404696.1	g50896
OG0003759	XP_006416975.1	g27283
OG0003760	XP_006417563.1	g31189, g49624
OG0003761	XP_024008772.1	g26955
OG0003762	XP_006409000.1	g1203
OG0003763	XP_006408953.1	g5912
OG0003763	XP_006418165.1	g30854
OG0003764	XP_006396313.1	g45260
OG0003765	XP_006400113.1, XP_024006891.1	g5080
OG0003766	XP_006400131.2	g30090, g30097, g22343, g22274, g22486, g36091, g22507, g22468, g22287, g36092, g30096, g22485, g22271, g22467, g22506, g22286, g30089
OG0003767	XP_006394608.1	g9962
OG0003768	XP_006394332.1	g326
OG0003769	XP_024014644.1, XP_006401107.1	g28697
OG0003771	XP_006404397.2, XP_006401058.1	g1207
OG0003772	XP_006412311.1	g47856
OG0003773	XP_006391039.1	g45781
OG0003774	XP_006391005.2	g44756
OG0003775	XP_024005851.1	g44357
OG0003777	XP_006389934.1	g44346
OG0003778	XP_006406453.1	g11949
OG0003779	XP_006406379.1	g6720
OG0003780	XP_024006177.1	g54228
OG0003781	XP_006418806.1	g6483
OG0003782	XP_006396166.1	g13571
OG0003783	XP_006396131.1	g13581
OG0003784	XP_006392613.1	g54313
OG0003785	XP_006392637.1	g36713
OG0003786	XP_006392998.1	g36522
OG0003787	XP_006393216.2	g36409
OG0003788	XP_006403623.2	g19171
OG0003789	XP_006391488.2, XP_006403504.1	g11284
OG0003791	XP_006402961.1	g19017
OG0003792	XP_006402922.1, XP_024013000.1	g11257
OG0003795	XP_006404721.1	g50923
OG0003797	XP_024008021.1	g50324
OG0003798	XP_006416402.1	g27458, g50136
OG0003799	XP_006391101.1	g44804
OG0003803	XP_006413952.1	g17406
OG0003804	XP_006409842.1	g53282
OG0003806	XP_006400759.1	g801
OG0003806	XP_006400761.1	g14404
OG0003807	XP_006394556.1	g447
OG0003810	XP_024013783.1	g2630
OG0003823	XP_006412980.1	g17052
OG0003824	XP_006412578.1	g23314
OG0003827	XP_006412203.1, XP_024016217.1	g23068
OG0003828	XP_006415352.2	g32520
OG0003829	XP_024009205.1	g32528
OG0003831	XP_006417512.1	g31228
OG0003833	XP_006410098.2	g51207
OG0003835	XP_006391803.1	g40869
OG0003836	XP_006398678.1	g13038
OG0003837	XP_006399443.1, XP_006399444.1, XP_006399445.1	g29552
OG0003838	XP_006401985.1	g1334
OG0003839	XP_024011846.1	g28472, g950
OG0003840	XP_006401441.1	g1019
OG0003842	XP_006399780.1	g5297, g29387
OG0003843	XP_006394829.1	g615
OG0003843	XP_024012391.1	g29440
OG0003844	XP_006398308.1	g10950, g40606
OG0003845	XP_024004103.1, XP_024004614.1	g17462
OG0003846	XP_006413528.1	g23879, g47469
OG0003847	XP_006413527.1	g47470
OG0003848	XP_006415065.1	g32703
OG0003849	XP_024008581.1	g27805, g32722
OG0003850	XP_006393614.1	g28124, g53941
OG0003851	XP_006415541.1	g32417
OG0003852	XP_006412048.1	g22965, g47942
OG0003853	XP_006411874.1, XP_006411875.1	g47991
OG0003854	XP_006405837.1	g46779
OG0003855	XP_024010517.1, XP_006393712.2	g40210
OG0003856	XP_006393739.1	g53838
OG0003857	XP_006419064.1	g19592
OG0003858	XP_006391231.1	g36500
OG0003859	XP_006396871.1, XP_006396874.1	g25691
OG0003860	XP_024008755.1	g52195
OG0003861	XP_006398225.1	g18398
OG0003862	XP_024010946.1	g10951
OG0003863	XP_024010990.1	g40718, g10846
OG0003864	XP_006402343.1	g18728
OG0003865	XP_006397194.1	g1809, g38251
OG0003866	XP_024007891.1	g52245
OG0003868	XP_006400821.1	g832
OG0003869	XP_006400842.1	g28823
OG0003870	XP_006400852.1	g41324, g28818, g848
OG0003871	XP_024011920.1	g28788, g41313
OG0003872	XP_006396261.1	g45270
OG0003873	XP_024010057.1, XP_006392185.1	g5079, g39510
OG0003874	XP_006396487.1	g39604
OG0003875	XP_006403157.1	g26924, g30850, g49444
OG0003876	XP_024004216.1	g39832
OG0003877	XP_024004373.1	g47622
OG0003878	XP_006407957.1	g12927, g7652, g12926
OG0003879	XP_024015613.1	g12447
OG0003880	XP_006405934.2, XP_024014675.1	g37949, g25033
OG0003881	XP_006389844.1	g44301
OG0003882	XP_006416623.1	g50037
OG0003883	XP_006416647.2	g27398
OG0003884	XP_006415952.1	g32148
OG0003885	XP_006413368.1	g23810
OG0003886	XP_006404929.1	g50978
OG0003887	XP_006416964.1	g31558
OG0003889	XP_006417632.1	g31149, g49652
OG0003890	XP_024016680.1	g51250
OG0003890	XP_006417966.1	g51247, g26965
OG0003891	XP_006400109.1	g29216
OG0003893	XP_024012306.1	g41477
OG0003894	XP_024007203.1	g10145
OG0003895	XP_006412002.1	g47963, g4983
OG0003896	XP_024007009.1	g4661
OG0003897	XP_006399059.1	g5615
OG0003897	XP_006407453.1	g13116
OG0003898	XP_006398959.1	g29756, g5649
OG0003899	XP_006394822.1, XP_006394821.1	g10074
OG0003900	XP_006404117.1	g2612
OG0003901	XP_006404332.1, XP_006394376.1	g19498
OG0003902	XP_006404417.1, XP_006401030.1	g2805
OG0003903	XP_006391122.1	g41506
OG0003903	XP_006411760.1	g22723
OG0003904	XP_006390184.1	g46286
OG0003906	XP_006390536.1	g46077
OG0003907	XP_024010935.1	g17974
OG0003908	XP_006389944.1	g44350
OG0003909	XP_006389892.1	g46516
OG0003910	XP_006407109.1	g7175
OG0003913	XP_006406925.2	g12109
OG0003914	XP_024015139.1	g7042
OG0003916	XP_006406464.1	g11953, g13345
OG0003917	XP_006406410.1	g6752, g13361, g13362
OG0003918	XP_006406366.1	g6715
OG0003919	XP_006406238.1	g6625, g6624, g6613
OG0003920	XP_006406123.1	g6567, g25753
OG0003921	XP_024016158.1	g5957
OG0003922	XP_006392789.1	g36631, g11532
OG0003923	XP_006393503.1	g54028, g28110
OG0003924	XP_006403880.1	g2457, g19291
OG0003925	XP_006415630.1	g19113
OG0003928	XP_006408223.1	g12799, g36097
OG0003930	XP_006418436.1	g49315
OG0003933	XP_006395278.2	g10353
OG0003935	XP_024012265.1	g45477, g5565
OG0003940	XP_006401789.2, XP_006401792.1, XP_024011234.1	g889
OG0003948	XP_006412782.1	g23447
OG0003950	XP_006415259.1	g32553, g27766
OG0003951	XP_006414360.1	g47157
OG0003952	XP_024010137.1	g25482
OG0003953	XP_006392073.1, XP_006392074.1, XP_006392071.1	g40986, g40987
OG0003955	XP_006395749.1	g10685
OG0003956	XP_006395439.1	g10486, g1620
OG0003957	XP_006405475.1	g36019, g46669
OG0003957	XP_006395425.1	g10479
OG0003958	XP_006405864.1	g46794
OG0003958	XP_006391353.1	g45017
OG0003959	XP_024003898.1	g37365, g38148, g51950
OG0003960	XP_006407541.1	g7424, g12367
OG0003961	XP_006407488.1	g12342
OG0003962	XP_006407449.1	g13118
OG0003963	XP_006391750.2	g44249
OG0003965	XP_006402057.1	g1366, g28295, g22598, g22599
OG0003966	XP_006413005.1, XP_006401774.1	g28393
OG0003967	XP_006407374.1	g29402, g5320
OG0003968	XP_006399671.2	g29433
OG0003969	XP_024011169.1	g29444
OG0003971	XP_006408891.2	g5492
OG0003972	XP_006399246.1	g29616
OG0003973	XP_006398414.1	g10895, g40689
OG0003974	XP_006403783.1	g19228
OG0003975	XP_024004341.1	g24044, g17372
OG0003976	XP_024005724.1	g23923
OG0003977	XP_006403724.1	g2382
OG0003979	XP_006415267.1, XP_006415266.1	g50620, g27762
OG0003980	XP_006411989.1	g22919
OG0003982	XP_006411882.1	g22830
OG0003983	XP_006404705.1	g36931
OG0003984	XP_006397084.1	g40300
OG0003985	XP_024009821.1	g40452
OG0003986	XP_024010965.1	g18399
OG0003987	XP_006418639.1	g6405
OG0003988	XP_006414714.1	g17721
OG0003989	XP_006414479.1	g17645
OG0003990	XP_024012937.1, XP_006405394.1	g16803
OG0003991	XP_024010735.1	g37710
OG0003992	XP_006397878.1	g50801
OG0003993	XP_006402488.1	g1866
OG0003994	XP_024012155.1	g44729, g44728
OG0003995	XP_024010685.1	g37527
OG0003996	XP_024010786.1	g37521
OG0003997	XP_024015410.1	g12412, g7529
OG0003998	XP_024011415.1	g45313
OG0003999	XP_006407577.1	g13083
OG0004000	XP_006400858.1	g850
OG0004001	XP_006400967.1	g39238
OG0004002	XP_006394264.2	g18642
OG0004003	XP_006409767.1	g40101
OG0004005	XP_006410190.2	g39886
OG0004006	XP_006409758.1	g40098
OG0004009	XP_006393474.1	g54049
OG0004010	XP_006407784.2	g7560, g12427
OG0004011	XP_006403033.2	g2173
OG0004012	XP_006411238.1	g51836
OG0004013	XP_006403417.2, XP_006402880.1, XP_006402879.2, XP_006394010.2	g19049, g2185
OG0004014	XP_024006196.1	g6473
OG0004015	XP_006411145.1	g51758
OG0004016	XP_006411169.1	g51772
OG0004017	XP_024003922.1	g37205
OG0004019	XP_006411081.1	g51730
OG0004021	XP_006411063.1	g37279
OG0004022	XP_006405049.1, XP_006403321.1	g51031, g38353
OG0004025	XP_006416110.1	g27545, g50280
OG0004026	XP_006413374.1	g23814
OG0004026	XP_006402109.2	g28264
OG0004027	XP_024005170.1	g17177, g23782
OG0004028	XP_006413294.1	g23752
OG0004028	XP_006401843.1	g23757
OG0004029	XP_006401680.1	g929
OG0004030	XP_006404978.1	g50992
OG0004031	XP_006410753.1	g51548
OG0004032	XP_006411646.1	g18352
OG0004033	XP_006417258.1	g31369
OG0004035	XP_006417763.1	g31074
OG0004036	XP_024006896.1, XP_006393089.2	g1069
OG0004037	XP_006418286.1	g49394
OG0004038	XP_006400130.1	g29205
OG0004039	XP_006394892.1	g10108
OG0004040	XP_006394977.2	g4683, g10152
OG0004041	XP_024007200.1	g41603, g18592
OG0004043	XP_006395084.1	g4634, g10208
OG0004044	XP_006398979.1	g29741, g5645
OG0004045	XP_006394743.1	g570
OG0004047	XP_024007513.1	g18585
OG0004048	XP_024007374.1	g452
OG0004049	XP_006394493.2	g416
OG0004050	XP_006400792.1	g28857
OG0004051	XP_006404481.1	g11469
OG0004052	XP_006390789.1	g44658
OG0004053	XP_006390005.1	g46432
OG0004054	XP_024015725.1	g7273
OG0004055	XP_006407177.1	g12221, g7217
OG0004056	XP_024005386.1	g24418
OG0004057	XP_006406764.1	g12055, g6973
OG0004058	XP_006406763.1	g12051, g6968
OG0004059	XP_006406668.1	g6912, g12026
OG0004060	XP_006406648.1	g6900, g13298
OG0004061	XP_006406637.2	g12018
OG0004062	XP_006406598.1	g6870, g13308
OG0004063	XP_006406577.1	g13316, g11994
OG0004064	XP_006406385.1	g13357
OG0004065	XP_024015026.1, XP_024008676.1	g6691
OG0004066	XP_006406183.1	g11823
OG0004066	XP_006400544.1	g28969
OG0004067	XP_006418756.1	g11399
OG0004068	XP_006393120.1, XP_024016466.1	g13689
OG0004069	XP_006393268.1	g36387, g54123
OG0004070	XP_006407025.1	g12157
OG0004071	XP_006402933.1	g19005
OG0004072	XP_024003910.1	g52017
OG0004073	XP_006402703.1	g11201, g2011, g18899
OG0004076	XP_006398084.1	g32567, g32557, g32556, g32576, g32566, g40502
OG0004078	XP_024005223.1, XP_024011998.1	g17083, g23630
OG0004079	XP_024006068.1	g19690, g19737, g19772, g19724
OG0004082	XP_006396369.1	g45113, g39516
OG0004085	XP_024006408.1	g49907
OG0004087	XP_006410342.1	g3959, g6639, g4830
OG0004088	XP_006405791.1, XP_006405790.1	g25174
OG0004092	XP_006412693.1	g47750, g16984
OG0004093	XP_006412649.1	g47760
OG0004095	XP_006412303.1	g18183, g47859, g23150
OG0004096	XP_006412239.2	g47876
OG0004097	XP_006392346.1	g41075
OG0004099	XP_006398518.1	g10808
OG0004101	XP_006401451.1	g1016, g39371, g3761
OG0004102	XP_006405288.1	g16761
OG0004103	XP_006407405.1	g12307
OG0004104	XP_006401870.1	g28358
OG0004105	XP_006401585.1	g39426, g954
OG0004106	XP_006401539.1	g39400, g973
OG0004107	XP_024010891.1	g37584
OG0004108	XP_006401361.1	g1058, g28551
OG0004109	XP_006399627.1	g29448
OG0004110	XP_006399459.1	g29547
OG0004111	XP_006399315.2	g29594
OG0004112	XP_006399245.1	g29617
OG0004112	XP_006394498.1	g9897
OG0004113	XP_006414091.2	g24178, g47275
OG0004114	XP_006414088.1	g24177
OG0004115	XP_006414060.1	g47284, g24160
OG0004116	XP_006413847.1	g47353
OG0004117	XP_006413805.1	g24031, g47369
OG0004118	XP_006413743.1	g17851, g23989
OG0004119	XP_006415067.1	g32690
OG0004120	XP_024010066.1, XP_006413821.1	g47363, g17394
OG0004121	XP_006393747.1	g28172, g35943, g53793
OG0004122	XP_006393773.1	g53741, g28200, g28203
OG0004123	XP_006415610.1	g50498
OG0004124	XP_006415422.1	g32494
OG0004125	XP_006411974.1	g22912
OG0004126	XP_006410866.1	g37190
OG0004127	XP_006411868.2	g38477, g25574, g25572, g38454
OG0004128	XP_006411647.1	g18353
OG0004129	XP_024007892.1	g49580
OG0004130	XP_006405602.2	g16887
OG0004130	XP_006395314.1	g10378
OG0004132	XP_006410510.1	g37964
OG0004133	XP_006403324.1	g37050
OG0004134	XP_006403380.1, XP_006393518.1	g36266
OG0004135	XP_024009963.1	g23863
OG0004136	XP_006396803.1	g25671
OG0004137	XP_006398409.1	g40687, g10897
OG0004138	XP_006414693.2	g47061
OG0004139	XP_006405384.1	g16795
OG0004140	XP_006397935.1	g37727
OG0004141	XP_006397894.1	g50810, g37708
OG0004142	XP_006397599.1, XP_024010824.1	g52161
OG0004143	XP_006397536.1	g38218, g52124
OG0004144	XP_006411566.1	g37474
OG0004145	XP_006411559.1	g52088
OG0004146	XP_006402771.1	g1984
OG0004147	XP_006400672.1	g41378, g745
OG0004148	XP_006400714.1	g28885
OG0004149	XP_006400806.1, XP_006400808.1	g827, g826, g825
OG0004150	XP_006400879.1	g28798
OG0004151	XP_006401022.1	g1234
OG0004152	XP_006394199.1	g251, g9785
OG0004153	XP_024009906.1	g25350
OG0004154	XP_006396316.1, XP_024010512.1	g25402, g45262
OG0004155	XP_024010491.1	g25404
OG0004156	XP_006396445.1	g39583
OG0004157	XP_006396447.1, XP_024012006.1	g35875
OG0004158	XP_024013263.1	g39714
OG0004159	XP_006418150.1	g30862
OG0004160	XP_006410333.1	g39821, g51280
OG0004161	XP_006410318.2	g51272
OG0004162	XP_006410153.1	g39911
OG0004163	XP_006410100.1	g39915
OG0004164	XP_006410137.1	g5558, g37895
OG0004165	XP_006409958.1	g40017
OG0004165	XP_006417798.1	g49565
OG0004166	XP_006408784.2, XP_024013448.1	g38289
OG0004167	XP_006413091.1	g50103, g31546, g25051, g24456, g23643
OG0004169	XP_006408343.1	g12660
OG0004170	XP_006408237.1	g7800, g12615
OG0004171	XP_006395036.1	g10180
OG0004172	XP_006408119.1	g7721, g12837
OG0004173	XP_006408127.1	g7726
OG0004174	XP_006407824.1	g7583
OG0004175	XP_006411311.1	g51907
OG0004176	XP_006410969.1	g51666
OG0004177	XP_006411017.1	g51702
OG0004178	XP_006416837.1	g49964
OG0004179	XP_006416546.1	g50060
OG0004180	XP_006416439.1, XP_024010931.1	g31897
OG0004181	XP_024007819.1	g27467
OG0004182	XP_006390713.1	g45969
OG0004183	XP_024005791.1	g17205, g23828
OG0004184	XP_006413398.1	g23823
OG0004185	XP_006413379.1	g23817
OG0004186	XP_006397221.1, XP_006405594.1	g40244
OG0004187	XP_006413337.1	g17181, g23790, g47531
OG0004188	XP_006401882.1	g1307
OG0004189	XP_006417175.1	g31415
OG0004189	XP_006395537.1	g10557
OG0004190	XP_006417223.1	g49824
OG0004192	XP_006418262.1	g19346, g49404
OG0004193	XP_006400142.1	g3836
OG0004194	XP_006400169.1	g5053
OG0004195	XP_006400259.1	g29505, g4996
OG0004196	XP_024007390.1, XP_024014317.1	g10128, g51931, g51929, g51936, g4791
OG0004197	XP_006399179.2	g5574, g5570, g2956
OG0004198	XP_006394841.1	g10087
OG0004200	XP_006394682.1, XP_006394681.1	g18571
OG0004202	XP_006394545.1	g9929
OG0004203	XP_024006984.1	g9856, g356
OG0004204	XP_006394370.1	g9850, g344
OG0004205	XP_006401067.1	g1198
OG0004206	XP_024013793.1	g19394
OG0004207	XP_006419017.1	g2944
OG0004208	XP_024009040.1	g46093
OG0004209	XP_006390770.1	g45927
OG0004210	XP_024007615.1	g44642
OG0004211	XP_006390710.1	g45968, g19479
OG0004212	XP_006390058.1	g46387
OG0004213	XP_006390447.1	g44541
OG0004214	XP_006390577.1	g46053
OG0004215	XP_006389993.2, XP_024008672.1	g46442
OG0004216	XP_006389829.1	g46556
OG0004217	XP_006407304.1	g7289
OG0004218	XP_006406988.1	g13233, g12143
OG0004219	XP_006406955.1	g7073
OG0004220	XP_024015774.1	g7046
OG0004221	XP_024015326.1	g6903
OG0004222	XP_024015314.1	g12017, g6891
OG0004223	XP_006406544.1	g13327
OG0004224	XP_006406516.1	g6815, g11961
OG0004225	XP_006406484.1	g6789, g11956
OG0004226	XP_006406305.1	g11877, g6687
OG0004227	XP_006406241.1	g11858, g6630
OG0004228	XP_006406240.1	g13396, g6629
OG0004229	XP_006406195.1	g11832, g11831
OG0004230	XP_024014954.1	g4678, g6590, g13422
OG0004231	XP_006406122.1	g11787
OG0004232	XP_006406009.1	g6518, g6517
OG0004233	XP_006418839.1	g6505, g13475
OG0004234	XP_006409217.2	g6035
OG0004235	XP_006409084.2	g5975, g13925, g53828
OG0004236	XP_024005652.1	g47684
OG0004237	XP_006395916.1	g25108
OG0004240	XP_006392724.1	g36681
OG0004241	XP_006392756.1, XP_006409718.1	g36663, g54304
OG0004242	XP_006392792.1	g54291
OG0004244	XP_006393062.1	g36493
OG0004245	XP_006390999.1	g28099, g45806
OG0004246	XP_024006184.1	g54052
OG0004247	XP_024003805.1	g51470
OG0004248	XP_006407920.1	g12936, g12481
OG0004249	XP_006394852.1	g10094
OG0004249	XP_006399697.1	g45579, g5346
OG0004250	XP_024011009.1, XP_006398099.1	g44291
OG0004251	XP_006402883.2	g11242, g18988, g2091
OG0004252	XP_006402819.1	g37437
OG0004253	XP_006402550.1	g18714
OG0004254	XP_006402461.1	g11165, g1834
OG0004255	XP_024012965.1	g36017
OG0004257	XP_024006396.1	g37249
OG0004259	XP_006404886.2, XP_006404878.1, XP_006404876.1, XP_006404863.2	g27619, g18122, g54158
OG0004261	XP_006412887.1	g13604
OG0004263	XP_024014080.1, XP_006396172.1, XP_024014079.1, XP_024014078.1	g38443
OG0004265	XP_006415721.1	g50439
OG0004275	XP_024005360.1	g47688, g23511
OG0004276	XP_006412245.1	g18202
OG0004277	XP_006412733.1	g23424
OG0004278	XP_006412629.1	g47768, g16962
OG0004279	XP_006412599.2	g23331
OG0004280	XP_006412379.1	g47839
OG0004281	XP_006412290.1	g23141
OG0004282	XP_006412208.1	g18209, g23074
OG0004283	XP_006412138.1	g23021
OG0004284	XP_006415349.1	g27750
OG0004285	XP_006415239.1	g27775
OG0004286	XP_024003684.1	g41123
OG0004287	XP_006398523.1	g10806
OG0004288	XP_024006669.1	g10702, g1523
OG0004289	XP_006395643.1	g10626
OG0004290	XP_006395469.1	g10507
OG0004291	XP_006418834.1	g6500
OG0004292	XP_006395363.1	g10414
OG0004293	XP_024010592.1	g17888
OG0004294	XP_006411509.2	g52056
OG0004295	XP_006411385.1	g37381
OG0004296	XP_024015515.1	g7448
OG0004297	XP_006407463.1	g7390, g12329
OG0004298	XP_006407404.1	g12308, g7349
OG0004299	XP_006402055.1	g41158, g28297, g1365
OG0004300	XP_006402000.1	g28327
OG0004301	XP_006401996.1, XP_006409296.1	g28328
OG0004301	XP_006414750.1	g24546
OG0004302	XP_006401935.1	g41171
OG0004303	XP_024005124.1	g23692
OG0004303	XP_006401387.1	g28537
OG0004304	XP_006401143.1	g39285, g1142
OG0004305	XP_006394865.1	g10098
OG0004306	XP_006399836.1	g5270, g29354
OG0004307	XP_006399705.1	g29424, g5343
OG0004308	XP_006399574.1	g29480
OG0004309	XP_006399335.1	g29585
OG0004310	XP_006399302.1	g29598, g5513
OG0004311	XP_024010995.1	g40629
OG0004312	XP_006414122.1	g17480
OG0004313	XP_006414030.1	g17452
OG0004314	XP_006413908.1	g24074
OG0004315	XP_006413866.1	g24057, g17379
OG0004316	XP_006413836.1	g47357
OG0004317	XP_024005924.1	g17393, g48347
OG0004318	XP_006413634.1	g23947, g17284
OG0004319	XP_006413620.1	g23941
OG0004321	XP_006413480.1	g23851
OG0004322	XP_006397019.1	g40329, g25780
OG0004324	XP_006406139.1	g13431
OG0004325	XP_006392817.1	g36612
OG0004326	XP_006415559.1	g32405
OG0004327	XP_006415470.1	g32469
OG0004328	XP_024008715.1	g50546, g32475
OG0004330	XP_006412059.1	g18234, g22972
OG0004331	XP_006411952.1	g18260, g22890
OG0004332	XP_006411945.1	g22884
OG0004333	XP_006397105.1	g40289
OG0004334	XP_024009852.1	g45143
OG0004336	XP_024014072.1, XP_006403070.1	g46902
OG0004337	XP_024009679.1	g11658
OG0004338	XP_006415003.1	g46942
OG0004339	XP_006414710.1	g17720, g24529, g41858, g1827
OG0004340	XP_006414654.1	g17716
OG0004341	XP_006414638.1	g24498
OG0004343	XP_006402325.1	g18745
OG0004344	XP_006397895.1	g37709, g50812, g38255
OG0004345	XP_006397823.1	g50778, g37658
OG0004346	XP_006397798.1	g37646
OG0004347	XP_006390227.1	g37538
OG0004348	XP_024003770.1	g52108, g37487
OG0004349	XP_024012854.1	g36157, g19942, g11215, g19943, g36158, g2038
OG0004351	XP_024003899.1	g51847
OG0004352	XP_006411253.1	g37345
OG0004353	XP_024012032.1	g41360
OG0004354	XP_006400984.1	g1255
OG0004355	XP_006394247.1	g9810
OG0004356	XP_006394212.1	g9789
OG0004357	XP_024007425.1	g9714
OG0004357	XP_024012156.1	g29497
OG0004358	XP_006393904.1	g63
OG0004359	XP_006393891.1	g53, g9659
OG0004360	XP_006418493.2, XP_006413721.2	g49287, g30727
OG0004361	XP_024010061.1	g38232
OG0004362	XP_006418230.1	g30827
OG0004363	XP_006410483.1	g37955, g39743, g51358
OG0004364	XP_006410478.1	g51350
OG0004365	XP_024008183.1	g49525
OG0004366	XP_006410255.1	g51237, g39856
OG0004368	XP_006410148.1	g39913, g51210
OG0004369	XP_006410120.1	g39924, g51204
OG0004370	XP_006410134.1	g51195, g39926
OG0004371	XP_006410048.1	g51182, g39958
OG0004372	XP_006408501.1	g19669, g54387
OG0004373	XP_024015621.1	g12675
OG0004374	XP_006408100.1	g7713, g12853
OG0004375	XP_024007327.1	g4781
OG0004376	XP_006408059.1	g53285, g7701, g12870
OG0004377	XP_006408003.1	g7675
OG0004378	XP_006407980.2	g7661
OG0004379	XP_006407949.1	g7648, g12491
OG0004380	XP_006407851.1	g12446
OG0004381	XP_006410774.1	g37146, g51562
OG0004382	XP_006410790.1	g37150
OG0004383	XP_006410870.1	g51617
OG0004384	XP_006403672.1	g2340
OG0004385	XP_006416850.1	g49957, g31632
OG0004386	XP_006416673.1	g50015, g31723, g27383
OG0004389	XP_006416574.1	g50051
OG0004390	XP_006416296.2	g31996
OG0004393	XP_006415937.1	g50362, g32153
OG0004394	XP_006415839.1	g32221, g27615
OG0004395	XP_006413377.1	g13728, g13731
OG0004396	XP_006404933.1	g38390
OG0004397	XP_006417126.1	g31454
OG0004398	XP_006417188.1	g49848, g31410
OG0004399	XP_006417201.1	g49847, g31402
OG0004400	XP_006417294.1, XP_024016224.1	g49787, g31344
OG0004401	XP_006417392.1	g49762
OG0004402	XP_006417444.1	g31266
OG0004403	XP_006417496.1	g49721
OG0004404	XP_024008983.1	g49640, g31156
OG0004405	XP_024008896.1	g31099
OG0004406	XP_006417755.1	g49599
OG0004407	XP_006400039.1, XP_006398167.1, XP_006402016.1	g5129
OG0004408	XP_006400164.1	g45724
OG0004410	XP_006400405.1	g29051, g29055, g4914
OG0004411	XP_006400417.1	g29066, g41459
OG0004412	XP_006394897.1	g10111, g4851
OG0004413	XP_006394950.1	g4787, g10135
OG0004414	XP_006395202.1	g10281
OG0004415	XP_006399084.1	g5610
OG0004416	XP_006394816.2	g610, g10064
OG0004418	XP_006394617.1	g9971, g494
OG0004419	XP_006394582.1	g464
OG0004420	XP_006394517.2	g427
OG0004422	XP_006391145.1, XP_006391146.1	g41557
OG0004423	XP_006390983.1	g45811
OG0004424	XP_024009634.1, XP_006390904.1	g45843
OG0004425	XP_006390852.1	g45874, g44688
OG0004426	XP_024009740.1	g45980
OG0004427	XP_006390702.2, XP_024012361.1	g44618
OG0004428	XP_006390296.2	g44451, g46212
OG0004429	XP_024012484.1, XP_006392082.1	g17986
OG0004430	XP_006390412.1	g46147
OG0004431	XP_006390611.1	g44588
OG0004432	XP_006389971.1	g46464
OG0004433	XP_006389937.1	g46493
OG0004434	XP_006389902.1	g46513
OG0004435	XP_006389872.1	g44315
OG0004436	XP_006407282.1	g13149, g12259, g7271
OG0004437	XP_006407130.1	g13209
OG0004438	XP_006407114.1	g7182
OG0004440	XP_006407005.1	g7113, g12146
OG0004441	XP_006406978.1	g13234, g7089
OG0004442	XP_006406963.1	g12139
OG0004443	XP_006406859.1	g13259
OG0004444	XP_006406591.1	g6866
OG0004445	XP_006406452.1	g11948
OG0004446	XP_006406424.1	g11940, g13366
OG0004447	XP_006406334.1	g11886
OG0004448	XP_006406332.1	g11884, g6694
OG0004449	XP_006406284.1	g6676
OG0004450	XP_006406232.1	g11855
OG0004451	XP_006406061.1	g6541
OG0004452	XP_006408841.1	g38303
OG0004453	XP_006409142.1	g13953
OG0004454	XP_006409191.1	g13979, g6025
OG0004455	XP_006409089.1	g5981
OG0004456	XP_006408974.1	g13850
OG0004458	XP_006393046.1	g36508, g54186
OG0004459	XP_006393140.1	g54177
OG0004460	XP_006393383.1	g36339, g28100
OG0004462	XP_006403869.1	g2442
OG0004463	XP_006403631.1	g2320
OG0004464	XP_006403490.1	g11281, g2234
OG0004465	XP_006403012.1	g19041
OG0004466	XP_006402958.1	g19015
OG0004467	XP_006401725.1	g912
OG0004468	XP_006402812.1	g2043, g18965
OG0004469	XP_006408587.1, XP_006408676.1	g18961
OG0004470	XP_006402768.1	g18944, g1987
OG0004471	XP_024010800.1	g52223
OG0004472	XP_006402480.1	g1860
OG0004474	XP_006402318.2	g18753
OG0004477	XP_006396998.1	g25771
OG0004478	XP_006402582.1	g18823
OG0004482	XP_024008845.1	g50318, g50319, g50320
OG0004485	XP_006390967.2, XP_006390969.1	g41645
OG0004485	XP_024012915.1	g41649
OG0004488	XP_006399856.1	g45624
OG0004492	XP_024014899.1	g6526
OG0004493	XP_024009497.1, XP_024010062.1, XP_024009552.1	g11676
OG0004498	XP_006412976.1	g17050
OG0004499	XP_006412943.1	g23545, g17037
OG0004500	XP_006412899.1	g23520
OG0004501	XP_006412781.1	g23446
OG0004502	XP_006401216.1	g28635, g1100
OG0004503	XP_006412730.1	g23421
OG0004504	XP_006412699.1	g23392
OG0004505	XP_006412687.1	g16982, g23386, g47751
OG0004506	XP_006412671.1	g16971, g47756
OG0004507	XP_024012761.1	g18959, g11214
OG0004508	XP_006412553.1	g16943
OG0004509	XP_006412508.1	g23285
OG0004510	XP_006412506.1	g16931, g23283
OG0004511	XP_006412404.1, XP_024009876.1	g23212
OG0004512	XP_006412234.1	g47878, g23100
OG0004513	XP_006412223.1	g47881
OG0004514	XP_024005549.1	g24328
OG0004515	XP_006392221.1	g44099, g41042
OG0004516	XP_006392008.1	g44173
OG0004517	XP_024008467.1, XP_006417360.1	g31314
OG0004518	XP_006413530.1	g23880
OG0004519	XP_006395883.1	g10792
OG0004520	XP_006415861.1	g50387
OG0004521	XP_006395615.1	g10603
OG0004522	XP_006395377.1	g10439
OG0004523	XP_006395328.1	g10394
OG0004524	XP_006395274.1	g10349
OG0004525	XP_024007065.1	g25098
OG0004526	XP_006417232.1, XP_006391804.1	g31385
OG0004527	XP_006407316.1	g7301, g12275
OG0004528	XP_006401356.1	g28552
OG0004529	XP_024014891.1	g7319, g12288
OG0004530	XP_006400913.1	g1287
OG0004530	XP_006398487.1	g10831
OG0004531	XP_024012715.1	g1036, g28529, g39360
OG0004532	XP_006401365.1	g1056
OG0004533	XP_006401299.1	g39341
OG0004534	XP_006401287.2	g28565, g120
OG0004536	XP_006401153.1	g28668
OG0004537	XP_006395234.1	g10303
OG0004538	XP_006399773.1	g29391, g5300
OG0004539	XP_006399757.1	g5310
OG0004540	XP_006399722.1	g29410
OG0004541	XP_006399707.1	g29423
OG0004542	XP_006399612.2	g29458
OG0004543	XP_006399562.1	g45547, g29489
OG0004544	XP_006399522.1	g29504
OG0004545	XP_006399391.1	g45508, g29569
OG0004546	XP_006399295.1	g29601, g5518
OG0004547	XP_006399227.1	g29628
OG0004548	XP_006414103.1	g17478, g47271
OG0004549	XP_006414093.1	g24180
OG0004550	XP_006414007.1	g17444, g47298
OG0004552	XP_006413544.1	g47461
OG0004553	XP_006413542.1	g47463
OG0004554	XP_006413482.1	g17232
OG0004558	XP_006415692.1	g32318
OG0004559	XP_006415654.1	g32351, g50474
OG0004560	XP_006415648.1	g32354
OG0004561	XP_006415548.1	g32413
OG0004562	XP_006415512.1	g50526, g32445
OG0004563	XP_006415403.1	g32497, g27719
OG0004564	XP_006412098.1	g22999, g47919
OG0004565	XP_006412091.1	g22991, g47725
OG0004566	XP_006411996.1	g22924
OG0004567	XP_006405879.1	g22718, g25970
OG0004568	XP_006395903.1	g46845
OG0004569	XP_006391521.1	g46833
OG0004571	XP_006404357.1	g19507
OG0004572	XP_006410669.1	g51500
OG0004573	XP_006398397.1	g40673, g10905
OG0004574	XP_006410737.1	g51538
OG0004575	XP_006410515.1	g37073
OG0004575	XP_006397208.1	g51387
OG0004576	XP_006396996.1, XP_006414162.2, XP_024005705.1	g25766, g25730
OG0004577	XP_006396947.1	g25741
OG0004579	XP_006398053.1, XP_006398052.2	g40490
OG0004581	XP_006398313.1	g40608
OG0004582	XP_006398399.1	g10903
OG0004583	XP_006414414.1, XP_024004574.1	g17612
OG0004584	XP_006414914.2	g17880
OG0004585	XP_006414816.1	g17774, g47036, g24573
OG0004586	XP_006406200.1	g11835
OG0004587	XP_006397744.1	g37619, g52266
OG0004588	XP_006397695.2	g37587
OG0004589	XP_006397643.1	g52183, g37562
OG0004590	XP_006397642.1	g52182, g37561
OG0004591	XP_006397637.1	g37558
OG0004592	XP_006397511.1	g37502
OG0004593	XP_006398693.1	g29857
OG0004594	XP_006398787.1	g45352, g5737
OG0004595	XP_006400636.1	g28923
OG0004596	XP_006400669.1	g41380
OG0004597	XP_024011534.1	g28879, g786
OG0004598	XP_006400777.1	g28865, g808
OG0004599	XP_006394310.1	g9824
OG0004600	XP_006394246.2	g9809, g275
OG0004601	XP_006394201.1	g9787
OG0004602	XP_006394143.1	g222
OG0004603	XP_006394037.1	g9716
OG0004604	XP_006394025.1	g9711, g149
OG0004605	XP_006393914.1	g69
OG0004606	XP_006393858.1	g9638
OG0004607	XP_006403934.1	g2486, g19318
OG0004609	XP_006396430.1	g39553
OG0004610	XP_006403245.1	g11111
OG0004611	XP_006410442.1	g37953
OG0004612	XP_006410285.1	g37906, g51254, g39838
OG0004613	XP_024016667.1, XP_024013276.1	g51115
OG0004614	XP_024016037.1	g36766
OG0004615	XP_006409733.1, XP_006409759.1	g40105
OG0004616	XP_006404284.1	g54308
OG0004617	XP_006408542.1, XP_006399939.1	g18346
OG0004618	XP_006399908.1	g29327
OG0004619	XP_024015443.1	g12725
OG0004620	XP_006407749.1	g7539, g12413, g12986
OG0004621	XP_006408385.1	g12674
OG0004622	XP_006408359.1	g7838
OG0004624	XP_006408027.1	g7687, g12527
OG0004625	XP_006408011.1	g7683, g12516
OG0004626	XP_006407992.1	g7665
OG0004627	XP_006407987.1	g12508
OG0004628	XP_006407960.1	g7653, g12494
OG0004629	XP_006407842.1	g7594
OG0004630	XP_006407808.1	g12435, g7573
OG0004631	XP_006407804.1	g7570
OG0004632	XP_006407786.1	g12984
OG0004633	XP_006407783.1, XP_006397392.1	g7558
OG0004634	XP_006411323.1	g51914
OG0004635	XP_006411281.1	g37349
OG0004636	XP_006411279.1	g51871, g37350
OG0004637	XP_024003858.1	g38139, g51861
OG0004638	XP_006411202.1	g51801
OG0004639	XP_006410813.1	g51579
OG0004640	XP_024016688.1	g51584
OG0004641	XP_006410858.2	g51609, g38050
OG0004643	XP_006411082.1	g37289
OG0004644	XP_006416867.1	g27328
OG0004645	XP_006416861.1	g31626, g49955
OG0004646	XP_006416660.1	g31736, g27397
OG0004647	XP_006416592.1	g50049, g31788
OG0004648	XP_006416454.1	g50108
OG0004649	XP_006416299.1	g50193
OG0004650	XP_006416245.2	g32018, g27508
OG0004651	XP_006416093.1	g50293
OG0004652	XP_006416072.1	g32095
OG0004653	XP_006416075.1	g50298, g32097
OG0004654	XP_006415972.1	g32138
OG0004655	XP_006413419.1	g17206
OG0004656	XP_024005053.1, XP_024011683.1	g47522, g23820
OG0004657	XP_006413378.1	g23816, g17192
OG0004658	XP_006413278.1	g17155, g45193
OG0004659	XP_006405114.1	g51034
OG0004660	XP_024013902.1	g38350, g38352
OG0004661	XP_006417221.1	g49825, g31391
OG0004662	XP_006417486.1	g49724
OG0004663	XP_006417507.1	g49719
OG0004664	XP_006417538.1	g31214
OG0004665	XP_006417564.1	g31188, g27086
OG0004667	XP_006417620.1	g27060, g31155
OG0004668	XP_006417680.1	g49674, g31123
OG0004669	XP_006417742.1	g31097
OG0004670	XP_006417845.1	g31045
OG0004671	XP_006418086.2, XP_024012220.1	g30899, g49469
OG0004672	XP_006399935.1	g45655
OG0004673	XP_006400185.1	g5045
OG0004674	XP_006400323.1	g29013, g4963
OG0004675	XP_006400330.1	g29020
OG0004676	XP_006400401.1	g29048, g41467
OG0004677	XP_006400409.1	g29062
OG0004678	XP_006400471.1	g29094, g4880
OG0004679	XP_006394918.2	g18520
OG0004680	XP_006395000.1	g10157
OG0004681	XP_006395038.1	g10181
OG0004682	XP_006395072.1	g10199, g4640
OG0004683	XP_006395173.1	g10260
OG0004684	XP_024013234.1	g10261
OG0004685	XP_006399873.1, XP_006398836.1	g28125, g5248, g29338
OG0004686	XP_006395223.1	g10295
OG0004687	XP_006402677.1	g2027, g18883
OG0004688	XP_006399095.1	g45451, g5602, g29689
OG0004689	XP_006398996.1	g45425
OG0004691	XP_006394826.1	g614, g14925, g18555
OG0004692	XP_006394817.1	g611
OG0004693	XP_006394767.1	g10046
OG0004694	XP_024007382.1	g479
OG0004695	XP_006394447.1	g9877
OG0004696	XP_006394426.2	g375
OG0004697	XP_006394413.1	g365, g18604
OG0004698	XP_006394405.1	g362
OG0004699	XP_006394392.1	g357, g18607
OG0004700	XP_006394345.1	g332
OG0004701	XP_006403966.1	g19336
OG0004702	XP_006404208.1, XP_006394635.2	g19440, g19452, g2681
OG0004703	XP_006404261.1	g2715
OG0004704	XP_006404442.1	g19532
OG0004705	XP_006418691.1	g11695, g13520
OG0004706	XP_024016538.1, XP_024015098.1, XP_024009465.1, XP_006391093.2	g11503
OG0004707	XP_006391034.1	g45787, g44766
OG0004708	XP_006391018.1	g45796
OG0004709	XP_006390953.1	g44716
OG0004710	XP_006390724.2	g44622
OG0004711	XP_006390686.1	g45957
OG0004712	XP_006390207.1	g46266
OG0004713	XP_006390279.1	g44438
OG0004714	XP_006390298.1	g44453, g46207
OG0004715	XP_006415893.1	g27598, g50369
OG0004716	XP_006390416.1	g44515
OG0004717	XP_006405722.1	g50028
OG0004718	XP_006389928.1	g44342
OG0004719	XP_006389847.1	g46541
OG0004720	XP_006389821.1	g46562
OG0004721	XP_006389805.1	g46573
OG0004722	XP_006389795.1	g44288
OG0004723	XP_024007085.1	g44284
OG0004724	XP_024008512.1, XP_006402135.1	g44283
OG0004725	XP_006416905.1	g27304, g49941, g31601
OG0004727	XP_024015720.1	g12260, g7275
OG0004728	XP_006407260.1	g13154, g12250
OG0004729	XP_024015042.1	g7234, g13182
OG0004730	XP_006407145.1	g12211
OG0004731	XP_024015394.1	g7134, g13228
OG0004732	XP_006407021.1	g13230, g7122
OG0004733	XP_006406972.1	g7083
OG0004734	XP_006406808.1	g13271
OG0004735	XP_006393478.1	g54043
OG0004737	XP_006406588.1	g6864, g11998
OG0004738	XP_006406561.1	g11988, g6855
OG0004739	XP_006406545.1	g13326, g11978
OG0004740	XP_006406438.1	g6761
OG0004741	XP_006406268.1	g6670
OG0004741	XP_006406267.1	g6669
OG0004742	XP_006406154.1	g11817, g6580, g13426
OG0004743	XP_006406148.1	g6579, g13429
OG0004744	XP_006406068.1	g11763
OG0004745	XP_006406034.1	g6535, g11759, g13464
OG0004746	XP_006418810.1	g11733, g6485
OG0004747	XP_006418734.1, XP_006418736.1	g13508
OG0004747	XP_024009695.1, XP_024009694.1, XP_024009716.1	g11715
OG0004749	XP_006404927.1, XP_006409425.1	g13708
OG0004750	XP_006409050.1	g5956
OG0004751	XP_006408954.1	g5911, g13858
OG0004752	XP_006392596.1	g36737
OG0004754	XP_006393144.2	g28054
OG0004755	XP_006393183.1	g36429
OG0004756	XP_006393382.1	g36340
OG0004757	XP_006406000.2	g13472
OG0004758	XP_006395737.1	g1528, g10676
OG0004759	XP_024013406.1	g19163
OG0004760	XP_006403905.1	g2467, g19305
OG0004761	XP_006403900.1	g19298
OG0004762	XP_006398019.1	g38266
OG0004763	XP_006403446.1	g2190, g19078
OG0004764	XP_006403014.1	g11270, g11266
OG0004765	XP_006402969.1	g2137
OG0004766	XP_006402947.2	g2057
OG0004767	XP_006402882.1	g18987
OG0004769	XP_006402833.1	g18974, g2131
OG0004771	XP_024012908.1	g1863
OG0004772	XP_006414315.1	g24324, g17564
OG0004773	XP_006404972.2	g32643
OG0004774	XP_006404491.1	g19758, g19705
OG0004775	XP_024016678.1, XP_024006686.1	g18505
OG0004776	XP_006417540.1	g49700
OG0004779	XP_024016607.1	g14047, g13721
OG0004780	XP_006418831.1	g13477
OG0004781	XP_006406436.1	g11944, g13352
OG0004782	XP_006407448.1	g7382
OG0004783	XP_006399206.1	g5563
OG0004785	XP_006394259.1, XP_006396300.1	g285
OG0004786	XP_006400866.1	g853
OG0004789	XP_006393460.1	g36296, g36298, g36289, g36293, g42180, g42159, g42145, g36297, g36288, g36287, g36286, g36295, g36234, g36231, g36300, g17963, g36299, g42131, g42167
OG0004801	XP_006412973.1	g47661, g23560
OG0004802	XP_006412971.1	g23559, g24087
OG0004803	XP_006412967.1	g16408, g47173
OG0004804	XP_006412954.1	g47672
OG0004805	XP_006412879.1	g23507, g17014
OG0004806	XP_006412744.1	g16989
OG0004807	XP_006412670.1	g47757
OG0004808	XP_006412555.1	g50910, g43007, g47792
OG0004809	XP_006412548.1	g23303
OG0004811	XP_006412421.2	g16912
OG0004812	XP_006412436.2	g23246
OG0004813	XP_024004729.1	g47832
OG0004814	XP_006412268.1	g47869
OG0004815	XP_006412196.1	g23064
OG0004817	XP_006414319.1	g24326
OG0004818	XP_024005632.1	g17569, g24331
OG0004819	XP_006414347.1	g17584
OG0004820	XP_024004945.1, XP_006392505.1	g43881
OG0004821	XP_006417623.1	g31153
OG0004822	XP_006417371.1	g27147
OG0004822	XP_006392007.1	g40969
OG0004823	XP_006391995.1	g40966, g44178
OG0004824	XP_006398508.1	g10813
OG0004825	XP_006398517.1	g10809
OG0004826	XP_006395800.1	g10723
OG0004827	XP_006395603.2	g10594
OG0004828	XP_006395547.2	g10563
OG0004829	XP_006395532.1	g10553
OG0004830	XP_024014616.1	g46663
OG0004831	XP_024007433.1	g16555
OG0004832	XP_024007368.1	g10466
OG0004833	XP_006395310.1	g10373, g4233
OG0004834	XP_006395309.1	g10371
OG0004835	XP_006395294.1	g10363
OG0004836	XP_024014635.1, XP_006395286.1	g10357
OG0004837	XP_024007616.1	g10334
OG0004838	XP_006395246.1	g10313
OG0004839	XP_006395245.1	g10311
OG0004840	XP_024007915.1	g44977
OG0004842	XP_006391802.1	g44241
OG0004843	XP_024008775.1	g31354, g49801
OG0004844	XP_006411396.1	g51988
OG0004845	XP_006407683.1	g7495
OG0004847	XP_024015389.1	g7426
OG0004848	XP_024015755.1	g7372
OG0004849	XP_006407350.1	g7317, g12289
OG0004850	XP_006402013.1	g28317, g1341
OG0004851	XP_006402004.1	g28324
OG0004852	XP_006401899.1	g1311
OG0004853	XP_006401839.1	g41219
OG0004854	XP_006401769.1	g41241
OG0004855	XP_006401765.1	g28395
OG0004856	XP_006401752.1, XP_006409077.1	g28398
OG0004857	XP_006401407.1, XP_006401650.1, XP_006401651.1	g936, g36082
OG0004858	XP_006401546.1	g39404, g970
OG0004859	XP_006413112.1	g28494
OG0004860	XP_006401258.1	g39329, g1094
OG0004861	XP_006401176.1	g1130
OG0004862	XP_006401134.1, XP_006392955.2	g1150
OG0004863	XP_006399824.1	g5276
OG0004864	XP_006399812.1	g5285, g29368
OG0004865	XP_006399806.1	g29382, g5287
OG0004866	XP_006399805.2	g5288
OG0004868	XP_006400078.1	g45699
OG0004869	XP_006399607.1	g5391, g29462
OG0004870	XP_006399549.1	g5408, g45543, g29494
OG0004871	XP_006399490.1	g29525
OG0004872	XP_024012280.1	g5455
OG0004873	XP_006414218.1	g24252, g47215, g47220
OG0004874	XP_006398353.1	g40636
OG0004875	XP_006414141.1	g47258, g17491
OG0004876	XP_006398324.1	g40611, g10948
OG0004877	XP_006414047.1	g47289
OG0004878	XP_006414044.1	g47290
OG0004879	XP_006413977.1	g24126
OG0004880	XP_006413909.1	g24076
OG0004881	XP_006413888.1	g24065
OG0004882	XP_006413859.1	g47347, g24051
OG0004883	XP_006413819.1	g17366
OG0004884	XP_006413779.1	g24013
OG0004885	XP_006400504.1	g29115
OG0004886	XP_006413736.1	g23987
OG0004887	XP_006413731.1	g23986, g47401
OG0004888	XP_006413663.1	g23959, g47423
OG0004889	XP_006413597.2	g17274
OG0004890	XP_024005541.1	g47457, g23890
OG0004891	XP_006413504.1	g23864, g17250, g47478
OG0004892	XP_006414680.2	g17229
OG0004894	XP_006393585.1	g28120, g36229
OG0004895	XP_006415714.1	g50447, g50444, g27643
OG0004896	XP_006415689.1	g50450
OG0004897	XP_006415678.1	g50459
OG0004898	XP_006415491.1	g50528
OG0004899	XP_024005907.1, XP_006414719.1, XP_006402019.1, XP_006398860.1, XP_006409429.2	g45379
OG0004900	XP_006411966.1	g22905
OG0004901	XP_006411878.1	g22827
OG0004902	XP_006411854.1	g22811
OG0004904	XP_006411628.1, XP_024012086.1	g18366
OG0004905	XP_006410687.1	g51513
OG0004907	XP_006396602.1	g25538
OG0004908	XP_024011070.1	g40509, g11035
OG0004909	XP_006398207.1	g10987
OG0004911	XP_024011011.1	g40597
OG0004912	XP_006398376.1	g40652
OG0004913	XP_006398459.1	g10852, g40714
OG0004914	XP_006398419.1	g10890
OG0004915	XP_006398449.1	g10862
OG0004916	XP_006418660.1	g11674
OG0004917	XP_006414679.1, XP_006392864.1	g47056
OG0004918	XP_024015812.1, XP_006414605.2	g17700, g17701, g17699
OG0004919	XP_006405381.1	g46824, g46815
OG0004920	XP_006393970.1	g9686
OG0004921	XP_006397991.1	g37769
OG0004922	XP_006402362.1	g1755, g18790
OG0004923	XP_006397809.1	g6695
OG0004924	XP_006416994.1	g31538, g49910
OG0004925	XP_024012788.1	g1858
OG0004926	XP_006397784.1	g37639
OG0004927	XP_006397775.2	g52279
OG0004928	XP_024010836.1	g37626
OG0004929	XP_006397655.1	g37564
OG0004930	XP_006397533.1	g37512
OG0004930	XP_006397534.1	g37513
OG0004931	XP_006411584.1	g37485, g38204
OG0004932	XP_006411573.1	g38202, g37476
OG0004934	XP_006411481.1	g37439
OG0004934	XP_006402827.1	g52040
OG0004935	XP_006413287.1	g47554, g47553
OG0004936	XP_006398702.1	g5789
OG0004937	XP_006398801.1	g5727
OG0004938	XP_006397631.1, XP_024011948.1, XP_024012448.1	g52168
OG0004939	XP_006397136.2, XP_024010317.1	g29803, g45387, g16335, g16338, g16343, g17943, g24741
OG0004940	XP_006400587.1	g28947, g41405
OG0004941	XP_006400550.1	g673
OG0004942	XP_024012311.1	g28925
OG0004943	XP_006400655.1	g741, g41384
OG0004944	XP_006400703.2	g28890
OG0004945	XP_006400738.1	g791
OG0004946	XP_006400798.1	g817, g28853
OG0004948	XP_006400889.1	g41312, g28787
OG0004949	XP_006400971.1	g1265
OG0004950	XP_006400981.1	g1259
OG0004951	XP_006401015.1	g1237
OG0004952	XP_006394304.1	g9821
OG0004953	XP_024010766.1	g50780, g37669
OG0004954	XP_024007046.1	g295
OG0004955	XP_006394140.1	g9758, g221
OG0004956	XP_006394049.1	g159
OG0004957	XP_024006899.1	g18666
OG0004958	XP_006394003.1	g9701
OG0004959	XP_006393986.1	g127, g9696
OG0004960	XP_006393949.1	g99
OG0004961	XP_006393939.1	g93, g9674
OG0004962	XP_006393905.1	g64
OG0004963	XP_006393863.1	g39
OG0004964	XP_006403957.1	g19333, g2505
OG0004965	XP_006396301.1	g25395
OG0004966	XP_006403150.1	g39690
OG0004967	XP_006418148.1	g49446
OG0004968	XP_006410489.1	g39741
OG0004969	XP_006410395.1	g51307
OG0004970	XP_006410164.1	g39902
OG0004971	XP_006410157.1	g51217, g39908
OG0004972	XP_006410139.1	g39927
OG0004973	XP_024016681.1	g37881
OG0004974	XP_006410016.1	g37877
OG0004975	XP_006409880.1	g40026, g37842
OG0004976	XP_006409816.2	g40075, g53438
OG0004977	XP_006408588.1	g40144
OG0004978	XP_006399903.1	g5226, g45634
OG0004979	XP_006407753.1	g12415, g7542
OG0004981	XP_024015668.1	g7924
OG0004982	XP_006408379.1	g7854
OG0004983	XP_006400224.1	g5017
OG0004984	XP_006400342.1	g41494
OG0004985	XP_006408062.1	g4790
OG0004986	XP_006394884.1	g10104, g4859
OG0004987	XP_024011454.1	g41428
OG0004988	XP_006407966.1	g7658, g12497
OG0004989	XP_024009985.1, XP_006396764.1	g18998, g2083
OG0004990	XP_006407876.1	g12948
OG0004990	XP_006418688.1	g12459, g7612
OG0004991	XP_024015752.1	g12975, g12437, g7582
OG0004992	XP_006407779.1	g7557, g12997
OG0004993	XP_006407755.1	g12987
OG0004994	XP_006411291.1	g51879, g37355
OG0004995	XP_006411243.2	g51842, g37341
OG0004996	XP_006411205.1	g37328, g51810
OG0004997	XP_006403499.1	g2239, g19129, g11283
OG0004998	XP_006410763.1	g38023, g51555
OG0004999	XP_006410775.1	g37147
OG0005000	XP_006415614.1	g32377
OG0005001	XP_006410997.1	g51686
OG0005002	XP_006411010.1	g51694, g37251
OG0005003	XP_024003806.1	g37258
OG0005005	XP_006416920.1	g31591
OG0005006	XP_024008625.1	g31663, g27350
OG0005007	XP_024008325.1	g31708
OG0005008	XP_006416690.1	g50008, g31716
OG0005009	XP_006416650.1	g31744, g50026
OG0005010	XP_006416597.2	g31786, g27409
OG0005011	XP_006416530.1	g31824
OG0005012	XP_006416458.1	g50104, g31886
OG0005013	XP_006390049.1, XP_006390048.1	g46390
OG0005014	XP_024008899.1	g32020, g27513
OG0005015	XP_006416177.1	g27524
OG0005017	XP_006395777.1, XP_024009332.1	g17892
OG0005018	XP_006416008.1	g32115
OG0005019	XP_006415982.1	g50343
OG0005020	XP_006415927.2	g50366, g32160
OG0005021	XP_006415851.1	g32212
OG0005022	XP_006415824.1	g32240, g50395
OG0005023	XP_006415797.1	g32255
OG0005024	XP_006391290.2	g44908
OG0005025	XP_006413386.1	g17196
OG0005026	XP_024005701.1	g23764
OG0005029	XP_006417092.1	g49893
OG0005030	XP_024012782.1	g46558
OG0005031	XP_006417241.1	g31380
OG0005032	XP_006417263.1	g49806
OG0005034	XP_024008394.1	g27122, g49734
OG0005035	XP_006417484.1	g27108
OG0005036	XP_006398045.1	g49722
OG0005037	XP_006417616.1	g31158
OG0005038	XP_006410653.1	g51487
OG0005039	XP_006417720.1	g49607, g27024
OG0005040	XP_006417685.1	g31122, g49685
OG0005041	XP_006417935.2	g49542
OG0005042	XP_006417943.1	g49539
OG0005043	XP_006417963.1	g30971, g30966
OG0005044	XP_006418054.1	g30914
OG0005045	XP_006418060.1	g49486
OG0005046	XP_006418284.1	g30801
OG0005047	XP_006418417.1	g44113, g36008, g35172, g49327, g30745, g3709
OG0005049	XP_006418444.1	g49309
OG0005050	XP_006400029.1	g45684, g5135
OG0005051	XP_006417955.1	g45713
OG0005052	XP_006400134.1	g5071, g45716
OG0005053	XP_006400149.1	g5060, g45720
OG0005054	XP_006400194.1	g45736
OG0005055	XP_006400253.1	g29145
OG0005056	XP_006400263.1	g4994, g29142
OG0005057	XP_006400318.1	g29009, g29007
OG0005058	XP_006400375.1	g4932, g29038
OG0005059	XP_024012487.1	g29045
OG0005060	XP_006400447.1	g29077
OG0005061	XP_006400477.1	g29099, g41434
OG0005062	XP_006394880.1	g10103, g4860
OG0005063	XP_006394991.1	g18504
OG0005064	XP_006394999.1	g4716
OG0005065	XP_006395056.1	g4669, g10186
OG0005066	XP_006395104.1	g10234
OG0005067	XP_006395128.1	g10223
OG0005068	XP_006395210.1	g10288
OG0005069	XP_006395207.1	g10284
OG0005070	XP_006403590.1	g2298
OG0005071	XP_024012271.1	g5598
OG0005072	XP_006398962.1	g29750, g5646
OG0005075	XP_006394560.1	g9944
OG0005076	XP_024006932.1	g446
OG0005077	XP_024014896.1, XP_006394518.1	g9907
OG0005078	XP_006394507.1	g422, g18593
OG0005079	XP_006394415.1	g9866
OG0005080	XP_006401054.1	g1210
OG0005081	XP_024011728.1	g1187
OG0005082	XP_006401103.1	g1160
OG0005083	XP_006401099.2	g1159
OG0005084	XP_006404065.1	g2594, g19367
OG0005085	XP_006404145.1	g2626
OG0005086	XP_006404149.1	g19400
OG0005087	XP_006404162.2	g2632, g11381
OG0005088	XP_006403310.1, XP_006404191.1	g2653
OG0005089	XP_006404395.1	g2797, g11407
OG0005090	XP_006400604.1	g716
OG0005091	XP_024006394.1	g41602, g41623
OG0005092	XP_006391134.1	g44839
OG0005093	XP_006391127.1	g44834
OG0005094	XP_006391124.1	g41508, g44831
OG0005095	XP_006398496.1	g10824
OG0005096	XP_006391102.1	g44805
OG0005097	XP_006391061.1	g45775, g44780
OG0005098	XP_006390982.1	g44738
OG0005099	XP_006390722.1	g45975
OG0005100	XP_006390020.1	g46419
OG0005101	XP_006390043.1	g46395
OG0005102	XP_006395203.1	g10283
OG0005104	XP_006390208.1	g44404
OG0005104	XP_006416380.1	g31943
OG0005105	XP_006390225.1	g46255
OG0005106	XP_006390310.1	g44465
OG0005107	XP_006389890.1	g44324
OG0005108	XP_006389794.1	g46579
OG0005109	XP_006389785.1	g46585
OG0005111	XP_024012013.1	g54309, g36727
OG0005112	XP_006407194.1	g7224
OG0005113	XP_006407187.1	g13191, g13192
OG0005114	XP_006407157.1	g13203, g12213
OG0005115	XP_024006172.1	g36688
OG0005116	XP_006407071.1	g7160
OG0005117	XP_006407001.1	g7111
OG0005118	XP_024015115.1	g7084
OG0005119	XP_006406962.1	g7076
OG0005120	XP_006406935.1	g7064
OG0005121	XP_006406890.1	g7045
OG0005122	XP_006406846.1	g7017
OG0005123	XP_006406830.1	g7006
OG0005124	XP_006406593.2	g12002, g6868
OG0005125	XP_006406548.1	g11981
OG0005126	XP_024015518.1	g13364
OG0005128	XP_024015457.1	g6713
OG0005129	XP_006406354.1	g6708
OG0005130	XP_006406319.1	g13378
OG0005131	XP_006406296.1, XP_006405197.2, XP_006406298.1, XP_006406297.1	g13381
OG0005132	XP_006406260.1	g11866
OG0005133	XP_006406292.1	g11873
OG0005134	XP_006406295.1	g13382
OG0005135	XP_006414552.1	g24466
OG0005136	XP_006406124.1	g6568
OG0005137	XP_006418807.1, XP_006418822.1	g6484
OG0005138	XP_024009700.1	g6472, g13479
OG0005140	XP_024016640.1	g5999
OG0005141	XP_006409088.1	g5980
OG0005142	XP_006409085.1	g5977
OG0005143	XP_024014924.1	g13923
OG0005144	XP_006408946.2	g13861, g5917
OG0005145	XP_024006305.1	g36734
OG0005146	XP_006392631.1, XP_006407215.1	g36716
OG0005147	XP_006392933.1	g54258
OG0005148	XP_006393064.1	g28039
OG0005149	XP_006393318.1	g54112
OG0005150	XP_006403862.1	g19282
OG0005151	XP_006403803.1	g19250
OG0005152	XP_006403761.1	g2405
OG0005153	XP_006403620.1	g11304
OG0005154	XP_006403615.1	g19167, g2309
OG0005155	XP_006403875.1	g2452, g19286
OG0005156	XP_006403534.1	g19133, g2268
OG0005157	XP_006403533.1	g19132
OG0005159	XP_024012951.1	g19044
OG0005160	XP_006403009.1	g19038
OG0005161	XP_006402991.1	g19027, g2147
OG0005162	XP_006402861.1	g2119
OG0005163	XP_006402674.1	g2028
OG0005164	XP_006402670.1	g18881
OG0005165	XP_006402517.1	g11175, g1877
OG0005166	XP_006397796.1	g1843
OG0005167	XP_006402468.1	g1839
OG0005168	XP_006402463.1	g24221
OG0005169	XP_006394922.2	g44145
OG0005170	XP_006414349.1	g17585, g47159
OG0005173	XP_006413008.1	g23584, g47650
OG0005174	XP_006391384.2, XP_024008250.1	g43239
OG0005178	XP_006405382.2	g46817
OG0005178	XP_024014664.1	g16794
OG0005179	XP_006395406.1	g10461
OG0005182	XP_024008025.1	g50309
OG0005183	XP_024011104.1	g11015
OG0005184	XP_006395434.1	g18681, g1622
OG0005186	XP_006394676.1	g10000
OG0005188	XP_024015263.1	g10204, g4784
OG0005192	XP_006412990.1	g23575, g17063
OG0005193	XP_006412942.1	g47676, g23544
OG0005194	XP_006412896.1	g47686
OG0005195	XP_006412890.1	g17021
OG0005196	XP_006412819.1	g23460
OG0005197	XP_006409159.1	g6007
OG0005198	XP_006412814.1	g47702
OG0005199	XP_006412798.1	g16997
OG0005200	XP_024006256.1	g47723
OG0005201	XP_006412734.1	g23425
OG0005202	XP_006412732.1	g23423
OG0005204	XP_006412678.1	g23384
OG0005205	XP_006412650.2	g23366
OG0005206	XP_006412646.1	g23363
OG0005207	XP_006412609.1	g23342
OG0005208	XP_024009162.1, XP_006398216.1	g49866
OG0005209	XP_006412411.1	g47826
OG0005210	XP_006412434.1	g23245
OG0005211	XP_006412266.1	g47870, g23134
OG0005212	XP_006412231.1	g23097
OG0005213	XP_006412233.1	g47879, g23099
OG0005214	XP_006412157.1	g23032
OG0005215	XP_006415294.1	g50612
OG0005216	XP_006415255.1	g27767, g50622
OG0005217	XP_006414291.1	g47189
OG0005218	XP_006392327.1	g44027
OG0005219	XP_006392051.2	g36835, g40978
OG0005220	XP_006391980.1	g38262, g44190, g40950
OG0005221	XP_006395861.1	g10766
OG0005222	XP_006395842.1	g1507, g16060
OG0005223	XP_006395827.1	g10740
OG0005224	XP_006395814.1	g10733
OG0005225	XP_006395785.1	g10716
OG0005226	XP_006395713.1	g10669
OG0005227	XP_024007666.1	g16679
OG0005229	XP_006395682.2	g10657
OG0005230	XP_006395586.1	g10586
OG0005232	XP_006395501.1	g10532
OG0005234	XP_006395392.1	g10452
OG0005235	XP_006395313.1	g10377
OG0005236	XP_006391505.1	g44917
OG0005237	XP_006391780.1	g40854
OG0005238	XP_006391818.1	g40879
OG0005239	XP_006413234.1	g47575, g17147
OG0005240	XP_006411357.1	g51962, g37371
OG0005241	XP_006407571.1	g7434
OG0005242	XP_006407423.2	g12312
OG0005244	XP_006402243.2	g26658
OG0005245	XP_006401728.1	g28410
OG0005246	XP_006401729.2	g28409
OG0005247	XP_006413439.1	g47504, g17216
OG0005248	XP_006401427.1	g1027
OG0005249	XP_006402589.1	g18827, g1922
OG0005250	XP_024012101.1	g39362
OG0005251	XP_024012015.1	g1124, g28651
OG0005252	XP_024012615.1	g1153, g28688
OG0005254	XP_006399833.1	g45621, g29356
OG0005255	XP_006399781.1	g29386
OG0005257	XP_006399725.1	g29407
OG0005259	XP_006399695.1	g5348
OG0005260	XP_006394750.1	g579
OG0005260	XP_024011900.1	g5399
OG0005261	XP_006399575.1	g29476, g5400
OG0005262	XP_006399477.1	g5437, g29537
OG0005263	XP_024012628.1	g29589
OG0005264	XP_006399317.1	g29593, g45498
OG0005265	XP_006399272.1	g5532
OG0005266	XP_006399208.1	g5561
OG0005267	XP_006414159.1	g24225
OG0005268	XP_006414142.1	g17493
OG0005269	XP_006413896.1	g47335
OG0005270	XP_006413666.1	g23961, g47421, g17296
OG0005271	XP_006413472.1	g23848
OG0005272	XP_024009119.1	g32721
OG0005273	XP_006390028.1	g46415
OG0005274	XP_006393740.1	g28151, g53837
OG0005275	XP_006406137.1, XP_006410306.1, XP_006396697.2	g13432
OG0005276	XP_006415733.1	g50435, g32294, g27639
OG0005277	XP_006415688.1	g32321
OG0005278	XP_006415679.1	g50457
OG0005280	XP_024009152.1	g27656
OG0005281	XP_006415566.1	g50511
OG0005282	XP_006415558.1	g32407, g27687
OG0005283	XP_006415520.1	g32433
OG0005284	XP_006415490.1	g50530
OG0005285	XP_006411905.1	g22845
OG0005286	XP_006404774.1	g50941
OG0005287	XP_006411864.1	g22821
OG0005288	XP_024014085.1	g50904
OG0005289	XP_006411789.1	g22749
OG0005290	XP_006411713.1	g22690
OG0005291	XP_006402340.1	g1744
OG0005292	XP_006401757.1	g898
OG0005293	XP_006410650.1	g37114, g13661
OG0005294	XP_006410678.1	g51504, g37123
OG0005295	XP_006390286.1	g44441
OG0005296	XP_006396999.1	g25773
OG0005297	XP_006413564.1	g17269, g17266
OG0005298	XP_006396776.1	g40404
OG0005299	XP_006396599.2	g36283
OG0005300	XP_006403115.1	g40482
OG0005301	XP_006398291.1	g40601
OG0005302	XP_006398401.1	g10901
OG0005303	XP_006406899.1	g47062
OG0005304	XP_006418666.1	g6433
OG0005305	XP_006414912.1	g24670, g24617, g24622, g24676
OG0005306	XP_006414895.1	g46998
OG0005307	XP_006414797.1	g17771
OG0005308	XP_024008840.1	g16841
OG0005309	XP_006415945.1	g50359
OG0005310	XP_006397702.1	g41166, g52227
OG0005311	XP_006397699.2	g37590, g52229
OG0005313	XP_006397600.1	g38227, g37533
OG0005314	XP_024014687.1	g7361, g52122
OG0005315	XP_006397496.1	g37497
OG0005316	XP_006397483.1	g37490
OG0005317	XP_006411528.1	g52075, g38193
OG0005318	XP_006411463.2	g52019
OG0005319	XP_006411468.1	g52023, g37421
OG0005320	XP_006411470.1	g52025
OG0005321	XP_006411429.1	g52002
OG0005322	XP_006405906.2	g45285
OG0005323	XP_006398666.2	g5800
OG0005324	XP_006398713.1	g5782
OG0005325	XP_006398730.1	g45339, g5780
OG0005327	XP_006398792.1	g5732
OG0005329	XP_006393223.2	g19112
OG0005330	XP_006394862.1	g635
OG0005331	XP_006400591.1	g28944, g709
OG0005332	XP_006400594.1	g28942, g712
OG0005333	XP_006400624.1	g725
OG0005334	XP_006400634.1	g729
OG0005335	XP_006400647.1	g28916
OG0005336	XP_006413464.1	g23847, g47490
OG0005337	XP_006400683.1	g758, g28902
OG0005338	XP_006400705.1	g28889
OG0005339	XP_006400736.1	g789, g43751
OG0005340	XP_024011664.1	g684, g28964
OG0005341	XP_006400741.1	g28872
OG0005342	XP_006400811.1	g28851
OG0005343	XP_006400870.1	g28804
OG0005344	XP_006400924.1	g28759
OG0005345	XP_006418879.1, XP_006400958.1	g39233, g28740
OG0005346	XP_006394309.2, XP_006404275.1	g2724
OG0005347	XP_006396932.1	g36059, g36057
OG0005348	XP_006395074.2	g4083
OG0005349	XP_006394214.1	g258
OG0005350	XP_024006986.1	g9775
OG0005351	XP_006394116.1	g205
OG0005352	XP_006394110.1	g203
OG0005353	XP_006394036.1	g152
OG0005354	XP_006394012.1	g9703, g145
OG0005356	XP_006393966.2	g111
OG0005358	XP_006393850.1	g31
OG0005359	XP_006393822.1	g19636, g19641, g54378
OG0005360	XP_006396193.1	g25332
OG0005361	XP_006396203.1	g25337
OG0005362	XP_006396272.1	g25376, g39460
OG0005363	XP_006396334.1	g45265
OG0005364	XP_006418380.1	g49349
OG0005365	XP_024010017.1	g45224
OG0005366	XP_006396542.1	g25502
OG0005367	XP_006418133.1	g49451
OG0005368	XP_006410353.1	g39786
OG0005369	XP_006410399.1	g51311
OG0005370	XP_006410297.1	g37907
OG0005371	XP_006410268.1	g39845
OG0005372	XP_006410259.1	g39853
OG0005373	XP_006409837.1	g40064
OG0005374	XP_006408717.1	g40109
OG0005375	XP_006397371.1	g40174
OG0005376	XP_006412420.1	g23236
OG0005377	XP_006391754.1	g40845
OG0005378	XP_006408356.1	g12667
OG0005379	XP_006408333.1	g7830
OG0005381	XP_006408069.1	g12554
OG0005382	XP_006408014.1	g12519
OG0005383	XP_006399868.1	g5252, g29341
OG0005384	XP_006407935.1	g12483
OG0005385	XP_006407895.1	g12468
OG0005386	XP_006407844.2	g7596
OG0005387	XP_006407812.1	g7574
OG0005388	XP_006411256.1	g51848, g37346
OG0005390	XP_006411192.1	g37325
OG0005391	XP_006411160.1	g51764
OG0005392	XP_006411132.1	g37308, g43581
OG0005393	XP_006403555.1	g2275
OG0005394	XP_006411104.1, XP_024005277.1	g37295
OG0005395	XP_006410765.1	g51558
OG0005397	XP_006410929.2	g37216
OG0005398	XP_006410947.1	g51649
OG0005399	XP_006410994.1	g51684
OG0005400	XP_006411014.1	g51699
OG0005401	XP_024014864.1	g6318, g7588
OG0005402	XP_006411045.1	g51713
OG0005403	XP_006416865.1	g31623, g27329
OG0005404	XP_006416758.1	g49984
OG0005405	XP_006416586.1	g27414
OG0005406	XP_006416569.2	g31806
OG0005407	XP_006416557.2	g27421
OG0005408	XP_006416555.1	g31814
OG0005409	XP_006416537.1	g50064
OG0005410	XP_006416472.1	g31871, g27437
OG0005412	XP_006416377.1	g31944, g50148
OG0005413	XP_006416284.1	g50204
OG0005414	XP_024012726.1	g46389
OG0005415	XP_006416219.1	g50235
OG0005416	XP_006416212.1	g27515
OG0005418	XP_006390761.1	g44649
OG0005419	XP_006416005.1	g32117, g27570
OG0005420	XP_006415987.1	g32127
OG0005421	XP_006415973.1	g32131
OG0005422	XP_006415916.1	g27593
OG0005423	XP_006415819.1	g50396
OG0005424	XP_006415813.1	g32247
OG0005425	XP_006415812.1	g50397
OG0005426	XP_006413351.1	g47528
OG0005427	XP_006413296.1	g23759
OG0005429	XP_006404905.1	g50967, g38397
OG0005430	XP_024014142.1	g38505
OG0005431	XP_006416972.1, XP_006392600.2	g31552, g52269
OG0005432	XP_006417260.1	g31358
OG0005433	XP_006417268.1	g27182
OG0005434	XP_006417411.1	g49753, g31280
OG0005435	XP_006417414.2	g31279
OG0005436	XP_006417502.1	g27101, g31234
OG0005437	XP_006417499.1	g31235
OG0005438	XP_006417547.2	g49697, g31210
OG0005439	XP_006417578.1	g31180
OG0005440	XP_006417583.1	g49636
OG0005441	XP_006417643.1	g31140
OG0005442	XP_006417715.2	g49611
OG0005443	XP_024007824.1	g27019, g49605
OG0005444	XP_024008251.1	g49551, g19212
OG0005446	XP_006418001.1	g26961
OG0005447	XP_006418399.1	g51489, g49345
OG0005448	XP_006399894.1	g29329
OG0005449	XP_006399970.1	g29302
OG0005450	XP_006399915.1	g5219, g29324
OG0005451	XP_024005962.1	g27881
OG0005452	XP_024011605.1	g5056
OG0005453	XP_006400195.1	g29184
OG0005454	XP_024011418.1	g29140, g45752
OG0005456	XP_024012571.1	g29010, g29008, g41496
OG0005457	XP_006400390.2	g29043, g4038, g4919
OG0005459	XP_006394954.1	g10137, g10127
OG0005460	XP_006395023.1	g4730
OG0005461	XP_006395118.1	g1634
OG0005462	XP_006399156.1	g29656
OG0005463	XP_006399089.1	g5608
OG0005464	XP_006399005.1	g29727, g5638
OG0005465	XP_006398974.1	g29746, g45416
OG0005466	XP_006398942.1	g29761
OG0005467	XP_006398929.1	g29773
OG0005468	XP_024011844.1	g29775
OG0005469	XP_024012122.1	g45403, g5685
OG0005470	XP_006394820.2	g10072
OG0005471	XP_006394444.1	g9875, g386
OG0005472	XP_006394443.1	g385
OG0005473	XP_006394432.1	g9872
OG0005474	XP_024006786.1	g9858
OG0005475	XP_006401095.2	g1162
OG0005476	XP_006403984.1	g19340, g2522
OG0005477	XP_006394366.1	g342
OG0005478	XP_006404411.1	g2804
OG0005479	XP_024009401.1	g2940
OG0005480	XP_006400564.1	g41414
OG0005481	XP_006391227.1	g41635
OG0005482	XP_006407870.1	g12950
OG0005484	XP_006391117.1	g45754
OG0005485	XP_006391033.1	g45788
OG0005486	XP_006390997.2	g45807
OG0005487	XP_006390845.1	g45876
OG0005488	XP_024007640.1	g44664
OG0005489	XP_006390757.1	g45931
OG0005490	XP_006390015.1	g46425
OG0005491	XP_006390026.1	g46416
OG0005492	XP_006390155.1	g46315
OG0005493	XP_006416351.1	g50159, g31953
OG0005494	XP_006390254.1	g46241
OG0005495	XP_006390294.1	g44448, g46214
OG0005496	XP_006390299.1	g46206
OG0005497	XP_006390306.1	g44463, g46198
OG0005498	XP_024009433.1	g44540
OG0005499	XP_006390448.1	g44542
OG0005500	XP_006390495.1	g46104
OG0005501	XP_006394794.1	g18557
OG0005502	XP_006390616.1	g46019
OG0005503	XP_006390670.2	g45993
OG0005504	XP_006389982.1	g46454
OG0005505	XP_006389838.1	g46546
OG0005506	XP_006389816.1	g46565
OG0005507	XP_006389790.1	g46582, g44286
OG0005508	XP_006407297.1	g7285
OG0005509	XP_006407237.1	g7250
OG0005510	XP_006407022.1	g7123, g12155
OG0005511	XP_006406975.1	g13235, g7085
OG0005512	XP_006406970.1	g13236
OG0005513	XP_006406839.1	g2155, g7009, g2156
OG0005514	XP_006406831.1	g7007
OG0005515	XP_006391336.1	g7003
OG0005516	XP_006414430.2	g47126, g17616
OG0005517	XP_006406778.1	g13273
OG0005518	XP_006406720.1	g6940
OG0005520	XP_006406575.1	g6859
OG0005521	XP_006406567.1	g11991
OG0005522	XP_006406555.1	g11984
OG0005523	XP_006406531.1	g11973
OG0005524	XP_006406488.2	g13344
OG0005525	XP_006406400.1	g11922
OG0005526	XP_006406364.2	g6714
OG0005527	XP_006406157.1	g11818
OG0005528	XP_006412114.1	g47918, g23009
OG0005529	XP_024006705.1	g41349
OG0005530	XP_024005372.1, XP_006409658.1	g47848
OG0005531	XP_024016178.1	g13718, g14058
OG0005532	XP_006409356.1	g13720, g6099
OG0005533	XP_006409208.1	g6030
OG0005534	XP_006411998.1	g18253
OG0005535	XP_006408905.1	g13876
OG0005536	XP_006392663.1	g36706, g54331
OG0005537	XP_006392710.1	g54346
OG0005538	XP_006392711.1	g54347, g36686
OG0005539	XP_006392726.1	g54353
OG0005540	XP_024006018.1	g36660, g7154
OG0005541	XP_006392808.2	g36616
OG0005542	XP_006393149.1	g36447, g54173
OG0005543	XP_006393267.1	g36388
OG0005544	XP_006393435.1, XP_006393434.1	g36302
OG0005545	XP_006393472.1	g54060, g54050
OG0005546	XP_006403661.1	g19179
OG0005547	XP_006403630.1	g2319
OG0005548	XP_006403894.1	g2463
OG0005550	XP_006402875.1	g2105
OG0005551	XP_006402859.1	g18980
OG0005552	XP_006402814.1	g18967
OG0005553	XP_024012863.1	g2034
OG0005554	XP_006402541.1	g1889
OG0005556	XP_006402365.1	g18794
OG0005557	XP_024012829.1	g18741
OG0005558	XP_024005855.1	g24491
OG0005561	XP_006411087.2	g51734
OG0005562	XP_006411494.1	g38181
OG0005564	XP_006390186.1	g46283
OG0005566	XP_006416916.1	g49936
OG0005567	XP_006406657.1	g46789
OG0005568	XP_006407411.1	g12310, g7352, g13123
OG0005569	XP_006403152.1	g11083
OG0005570	XP_006410097.1	g51208
OG0005572	XP_006400033.1	g29272, g5132
OG0005573	XP_006401672.2, XP_024009345.1	g41762, g39446
OG0005575	XP_024006887.1	g10666
OG0005576	XP_024007014.1	g480
OG0005577	XP_006408322.1	g12769, g7829
OG0005579	XP_006409543.1	g14240
OG0005581	XP_006419042.1	g2985
OG0005581	XP_024009675.1	g2981
OG0005584	XP_006394296.1	g18635
OG0005592	XP_006412876.1	g23501
OG0005593	XP_006412746.1	g16990
OG0005594	XP_006391219.1	g49677
OG0005595	XP_024005259.1	g23382
OG0005596	XP_006412669.1	g47758, g16970
OG0005597	XP_006412667.1	g23379
OG0005598	XP_006412654.1	g16968
OG0005599	XP_006412647.1	g16967, g23365, g23364
OG0005600	XP_006412606.1	g23341, g47778
OG0005601	XP_006412580.1	g16948
OG0005602	XP_006412492.1	g47805
OG0005603	XP_006412457.1	g23258, g47817
OG0005604	XP_006412405.1	g47829
OG0005605	XP_006412416.1	g47825, g16911
OG0005606	XP_006412325.2, XP_006412326.1	g47849
OG0005607	XP_024004447.1	g23136
OG0005608	XP_024010529.1, XP_006397250.1, XP_006400715.1	g775
OG0005609	XP_006410719.1	g37139, g38005
OG0005610	XP_006414344.2	g2668, g2662, g24344, g24347, g2669, g2663
OG0005611	XP_006392366.1	g41078, g44021
OG0005612	XP_006399763.2	g45601, g28386
OG0005613	XP_006392100.1	g40994
OG0005614	XP_006391971.1	g40944
OG0005615	XP_006398493.1	g10827
OG0005616	XP_006395803.2	g10726
OG0005617	XP_006395775.1	g10707
OG0005618	XP_006395681.1	g10656
OG0005619	XP_006395658.1	g16660
OG0005620	XP_006395652.1	g47082
OG0005621	XP_006395667.1	g10646
OG0005622	XP_006395597.1	g1584
OG0005623	XP_006395588.1	g10587
OG0005624	XP_006395485.1	g1608, g10521
OG0005625	XP_006395375.1	g10435
OG0005626	XP_006395292.1	g10362
OG0005628	XP_024011307.1	g44920
OG0005629	XP_006395922.1	g25112
OG0005630	XP_006391597.1	g40745
OG0005631	XP_006391706.1	g40799
OG0005632	XP_006400097.1	g29223
OG0005634	XP_006391796.1	g40865
OG0005635	XP_006413260.1	g47561, g23729
OG0005637	XP_006411329.1	g51923
OG0005639	XP_006407641.1	g12394
OG0005640	XP_006407618.1	g7455
OG0005641	XP_006407359.1	g12291, g13135
OG0005642	XP_006401905.1	g1317
OG0005643	XP_006401723.1	g28411
OG0005644	XP_024012346.1	g28399
OG0005645	XP_006401535.1	g975
OG0005646	XP_006401489.1	g39383, g28508
OG0005647	XP_006401398.1	g28535, g1038
OG0005648	XP_006401357.1	g39353
OG0005649	XP_006401313.1	g1075
OG0005650	XP_006401246.1	g28602
OG0005651	XP_006401211.1	g1107, g28639, g28637
OG0005652	XP_006401163.1	g28663
OG0005653	XP_006401133.1	g1149
OG0005654	XP_006395240.1	g10307
OG0005655	XP_006399819.2	g29363
OG0005656	XP_006399816.2	g29367
OG0005657	XP_006399787.1	g29372
OG0005659	XP_006399690.1	g5357
OG0005660	XP_006399688.1	g5358
OG0005661	XP_024012559.1	g29429, g5362
OG0005662	XP_006399636.1	g5376
OG0005663	XP_024009664.1, XP_006399412.1, XP_006418591.2	g5465
OG0005664	XP_006399397.1	g5472
OG0005665	XP_024012707.1	g45492, g5514
OG0005667	XP_024005431.1	g24265
OG0005668	XP_006398387.1	g10912, g40668
OG0005669	XP_006413983.2	g24135, g47306
OG0005670	XP_006413976.1	g47312
OG0005671	XP_006413933.1	g24094
OG0005672	XP_006413929.1	g24090
OG0005673	XP_006413802.1	g24029, g17360
OG0005674	XP_006413675.1	g17305, g28308
OG0005676	XP_006413621.1	g47442, g23944
OG0005678	XP_006396067.1	g27815, g27850
OG0005679	XP_006393550.1	g36260, g54010
OG0005680	XP_006415674.2	g50463
OG0005681	XP_006415579.1	g50507
OG0005682	XP_006415563.1	g32402
OG0005683	XP_006415397.1	g50568
OG0005684	XP_006412066.1	g18232, g18233
OG0005685	XP_006412024.1	g22951
OG0005686	XP_006404939.1	g18252
OG0005687	XP_006411948.1	g22887
OG0005688	XP_006404773.1	g36915
OG0005689	XP_006411852.1	g22807
OG0005690	XP_006411839.1	g48000
OG0005691	XP_006411795.1	g22759
OG0005692	XP_006411778.1	g22742
OG0005693	XP_006411744.1	g22710
OG0005694	XP_006411743.1	g22709
OG0005695	XP_006405774.1	g46912
OG0005696	XP_006410713.2	g51529
OG0005697	XP_006410683.1	g51507
OG0005698	XP_006410580.1	g37980, g18606
OG0005699	XP_024013262.1	g11124
OG0005700	XP_006399786.1	g29371
OG0005701	XP_024013291.1	g11126
OG0005703	XP_006396782.1	g40402
OG0005704	XP_024010158.1	g40415, g25654
OG0005705	XP_006398220.1	g16724
OG0005706	XP_006398219.1	g16723
OG0005707	XP_006398288.2	g40599, g10958
OG0005708	XP_006398331.1	g40622, g10946
OG0005710	XP_006398454.1	g10858
OG0005711	XP_006398455.1	g10857, g40710
OG0005712	XP_006398466.1	g40720
OG0005713	XP_006398463.1	g10847
OG0005714	XP_024006851.1	g13567
OG0005715	XP_006414900.1	g26156, g46993
OG0005716	XP_024005187.1	g24501, g47068
OG0005717	XP_006406252.1	g6660, g11860
OG0005718	XP_006397968.1	g37750
OG0005719	XP_006397940.1	g37731
OG0005720	XP_006397922.1	g50819
OG0005721	XP_006397870.1	g38253, g50798
OG0005722	XP_024010749.1	g37676
OG0005723	XP_006397844.1	g50784
OG0005724	XP_006402455.1	g11163
OG0005725	XP_006397750.1	g52270
OG0005726	XP_006402526.1	g1883
OG0005727	XP_006397731.1	g52253
OG0005728	XP_006397675.1	g37571, g52218
OG0005729	XP_006402592.1	g18833, g1923
OG0005730	XP_006397648.1	g52190
OG0005732	XP_006397607.1, XP_006397606.1	g38228
OG0005733	XP_006397514.2	g52119
OG0005734	XP_006397499.1	g37498
OG0005735	XP_006411506.2	g52054
OG0005736	XP_006398360.1, XP_006411417.1	g37392
OG0005737	XP_006398669.1	g45307
OG0005738	XP_006398690.1	g29859
OG0005739	XP_006394863.1	g636
OG0005740	XP_006394864.1	g637
OG0005741	XP_006408852.2, XP_006400513.2	g642
OG0005742	XP_006400536.1	g28973, g665
OG0005744	XP_024011493.1	g735
OG0005746	XP_006400728.2	g783
OG0005747	XP_006400752.1	g799
OG0005748	XP_006400762.2	g41355
OG0005749	XP_006400826.1	g841
OG0005750	XP_006400857.1	g28815
OG0005751	XP_024012095.1	g1231, g28709
OG0005752	XP_006394235.1	g269
OG0005753	XP_006394230.1	g9797, g265
OG0005754	XP_006394132.1	g9754
OG0005755	XP_006394123.1	g18646, g211
OG0005756	XP_024007140.1	g168
OG0005757	XP_006393862.1	g19648, g9639
OG0005759	XP_006396268.1	g25372
OG0005760	XP_024010053.1	g45272, g25362
OG0005761	XP_006396284.1	g39485
OG0005762	XP_006396290.1	g39479, g25392
OG0005763	XP_006396355.1	g25417, g25420, g39509
OG0005764	XP_006396493.2	g39606
OG0005765	XP_006396553.1	g39638, g25513
OG0005766	XP_006396566.2	g39646, g45189
OG0005767	XP_006403117.1	g39671, g3045, g3038, g11057
OG0005768	XP_006403122.1	g11059
OG0005769	XP_024008915.1	g26909
OG0005770	XP_006403146.1	g39686
OG0005771	XP_006410491.1	g39739
OG0005772	XP_006410490.1	g39740, g51360
OG0005773	XP_006410400.1	g39773
OG0005774	XP_006410334.1	g51281
OG0005775	XP_006410144.1	g39935
OG0005776	XP_006410054.2	g51185
OG0005777	XP_006409919.1	g51109
OG0005779	XP_006409827.1	g40070, g37817, g53389
OG0005780	XP_006408638.1	g40127
OG0005781	XP_006408635.1	g40126
OG0005782	XP_006412374.1	g18148, g23194
OG0005783	XP_006398530.1	g38277
OG0005784	XP_006399906.1	g5224
OG0005785	XP_024015430.1	g7915
OG0005786	XP_006392945.1	g12688
OG0005787	XP_006408424.1	g12686
OG0005788	XP_006408419.1	g12684, g7876
OG0005789	XP_006408315.1	g7827
OG0005790	XP_024015291.1	g4842
OG0005791	XP_006407929.1	g7637, g12929
OG0005792	XP_006407909.1	g12942
OG0005793	XP_006407901.1	g12474
OG0005794	XP_006407894.1	g12944
OG0005795	XP_006407821.1	g7580
OG0005796	XP_006391996.1	g44177
OG0005797	XP_006407796.1	g7566
OG0005798	XP_006407760.1	g7547, g12419
OG0005799	XP_024016864.1	g51885, g38142
OG0005800	XP_006411270.1	g51867
OG0005801	XP_006410938.1	g51644
OG0005802	XP_006411173.1	g51776
OG0005803	XP_006410862.1	g51611
OG0005804	XP_024013666.1	g2345, g47905
OG0005805	XP_006410921.1	g37210
OG0005806	XP_006410953.1	g51659
OG0005807	XP_006410961.1	g37229
OG0005808	XP_006411029.1	g51711
OG0005809	XP_006411085.1	g51733, g37290
OG0005810	XP_006411073.1	g51726, g37285
OG0005811	XP_006411061.1	g37277
OG0005812	XP_006416915.1	g31594
OG0005814	XP_006416819.1	g31649
OG0005815	XP_006416794.1	g27349
OG0005816	XP_006416781.1	g31665
OG0005817	XP_006416738.1	g31686
OG0005818	XP_006390593.1	g44578
OG0005819	XP_006391201.1	g41587
OG0005819	XP_006416666.1	g31731
OG0005820	XP_006416484.1	g50094, g31866
OG0005821	XP_006416398.1	g50140, g31921
OG0005822	XP_006416379.2	g50145
OG0005823	XP_006416262.1	g32012
OG0005824	XP_006416194.2	g50246
OG0005825	XP_024008854.1	g32099
OG0005826	XP_006416054.1	g32090
OG0005827	XP_006416031.1	g50313
OG0005828	XP_006399919.1	g29322
OG0005829	XP_024008987.1	g50418, g40518
OG0005830	XP_006415759.1	g50414
OG0005832	XP_006405240.1	g38321
OG0005833	XP_006413362.1	g23808
OG0005834	XP_006413352.1	g17184, g23804
OG0005835	XP_024005299.1	g47537
OG0005836	XP_006404912.1	g50971
OG0005838	XP_006416946.1	g49930
OG0005839	XP_024008281.1	g49918
OG0005840	XP_006417073.1	g27252
OG0005841	XP_006417128.1	g31452
OG0005842	XP_006417189.1	g27198, g31409
OG0005843	XP_006417206.1	g49845, g31399
OG0005844	XP_006417225.1	g27190
OG0005845	XP_006417252.1	g49815
OG0005846	XP_006417264.1	g31357, g27186
OG0005847	XP_006417296.1	g49786, g31340
OG0005848	XP_006417330.1	g31326
OG0005849	XP_006417368.1	g31309
OG0005850	XP_006417369.1, XP_006410751.2	g27149
OG0005851	XP_006417451.1	g49732, g31260
OG0005852	XP_024008160.1	g27121, g31255
OG0005853	XP_006417508.1	g49718, g31231
OG0005854	XP_006417556.1	g31191
OG0005855	XP_006417585.1	g31179
OG0005856	XP_006417662.1	g27034, g31131, g49663
OG0005857	XP_006417699.1	g31116
OG0005858	XP_024008970.1	g27018
OG0005859	XP_006417769.1	g27013, g49589
OG0005860	XP_006417797.1	g31070, g49568
OG0005861	XP_006417847.1	g31043
OG0005862	XP_006418101.1	g26945
OG0005863	XP_024008485.1	g30885
OG0005864	XP_006418105.1	g30883
OG0005865	XP_006418272.1	g30807
OG0005866	XP_006418345.1	g49367
OG0005867	XP_006418374.1	g49355
OG0005868	XP_024009089.1	g49306, g49308
OG0005869	XP_006399964.1	g5182
OG0005870	XP_006399947.1	g29312
OG0005871	XP_006399923.1	g29320
OG0005872	XP_006400030.1	g5134, g45685
OG0005873	XP_006400085.2	g5098
OG0005874	XP_006400126.2, XP_006400125.1	g25077
OG0005875	XP_024012632.1	g28987, g4989
OG0005877	XP_006400469.1	g4884
OG0005878	XP_006394984.2	g4771, g52874, g18509
OG0005879	XP_006395042.1	g4755
OG0005880	XP_006395057.1	g10188, g4666
OG0005881	XP_006395069.1	g10194
OG0005882	XP_006395099.1	g10218
OG0005883	XP_006395144.2	g10238, g1637
OG0005884	XP_006399872.1	g5249
OG0005885	XP_024012694.1	g29729
OG0005886	XP_006394832.1	g10085
OG0005887	XP_006394741.1	g10028, g569
OG0005888	XP_006394652.2	g18580, g36086
OG0005889	XP_024006815.1	g442
OG0005890	XP_006394506.1	g9900
OG0005891	XP_006394423.1	g9869, g372
OG0005892	XP_006404376.1	g19514, g2774
OG0005893	XP_006394351.1	g9842
OG0005894	XP_006401052.1	g1213
OG0005895	XP_006401055.1	g1209
OG0005896	XP_006401065.1	g1201, g28720
OG0005897	XP_006401071.1	g1195
OG0005898	XP_006401083.1	g28727, g39279
OG0005900	XP_006401114.1	g28692
OG0005901	XP_006403912.1	g2471
OG0005902	XP_006404032.1	g2572
OG0005903	XP_006404164.1	g19414
OG0005904	XP_006404294.1	g2768, g19487
OG0005905	XP_006418929.2	g11436
OG0005906	XP_006404512.1	g3387
OG0005907	XP_006391086.1	g44789
OG0005908	XP_006390952.1	g45821
OG0005909	XP_006390760.2	g45929
OG0005910	XP_006390725.1	g44623
OG0005911	XP_006390032.1	g46405
OG0005912	XP_006390098.1, XP_006416280.1	g46349
OG0005913	XP_006390200.1	g46273
OG0005914	XP_024008344.1	g46258, g44408
OG0005915	XP_006390329.1	g44473, g46191
OG0005916	XP_024007659.1	g44485
OG0005917	XP_006390404.2	g46153
OG0005918	XP_006416730.1	g31687
OG0005919	XP_006389968.1	g46467, g44355
OG0005920	XP_006389963.1	g44353
OG0005922	XP_006389773.1	g44279
OG0005923	XP_006416914.1	g31595
OG0005923	XP_006389758.1	g27298
OG0005924	XP_006407283.1	g7272
OG0005925	XP_006407251.1	g7256, g12248
OG0005926	XP_024015465.1	g7206, g13204
OG0005927	XP_006407061.2	g7148
OG0005928	XP_006407046.1	g12164, g13224
OG0005929	XP_006392837.1	g36600
OG0005930	XP_006392898.1	g36581
OG0005931	XP_006406712.1	g12042
OG0005932	XP_006406609.1	g6879
OG0005933	XP_006405414.1	g46658
OG0005934	XP_006406476.1	g6783
OG0005935	XP_024015568.1	g6768
OG0005936	XP_006406401.1	g6746, g11923
OG0005937	XP_006406321.1	g11881, g6689
OG0005938	XP_006406169.1	g6587
OG0005939	XP_006406168.1	g6586
OG0005940	XP_006406144.1	g6575, g13430
OG0005941	XP_006406004.1	g6515
OG0005942	XP_006418836.1	g6504
OG0005943	XP_006418833.1	g6499
OG0005944	XP_006418711.1	g6447, g13514
OG0005945	XP_024009285.1	g6369
OG0005946	XP_006403051.1	g17887
OG0005947	XP_006409627.1	g13682
OG0005948	XP_006409409.1	g14086
OG0005949	XP_006409205.1	g6069, g6029
OG0005950	XP_006409170.1	g6016
OG0005951	XP_024016524.1	g33351, g33353
OG0005952	XP_006408875.1	g13904
OG0005953	XP_006408917.2	g13870, g5937
OG0005955	XP_006392588.1	g36739
OG0005956	XP_006392616.1	g36725
OG0005957	XP_006399609.1	g29460
OG0005958	XP_006392848.1	g36596, g54280
OG0005959	XP_024006360.1	g28010
OG0005960	XP_006393362.1	g36357
OG0005961	XP_006393348.1	g23338, g23339, g54099
OG0005962	XP_006393484.2	g54040, g42114
OG0005963	XP_006414449.1	g17622
OG0005964	XP_006403808.1	g19257
OG0005965	XP_006403876.1	g2453
OG0005966	XP_006403543.1	g11287
OG0005967	XP_006403034.1	g19050
OG0005968	XP_006403005.2	g19036, g3762, g2160
OG0005969	XP_006402930.1	g2065
OG0005970	XP_006402918.1	g2072
OG0005971	XP_006402871.1	g2111
OG0005972	XP_006402870.1	g18985
OG0005973	XP_006402719.1	g18907, g2006
OG0005974	XP_006402494.1	g1869
OG0005976	XP_024013015.1	g1838
OG0005977	XP_006402280.1	g18693, g18694
OG0005978	XP_024012794.1	g18708
OG0005979	XP_006393070.1	g54190
OG0005981	XP_006403922.1	g2475
OG0005982	XP_006402625.1	g18864
OG0005983	XP_006398330.1	g40621
OG0005985	XP_024009945.1	g939
OG0005987	XP_006413010.1	g23588
OG0005988	XP_006412363.1	g18152
OG0005989	XP_006417514.2	g49715
OG0005992	XP_006391150.1	g44846
OG0005995	XP_006409009.1	g13828
OG0005996	XP_024015587.1	g7133
OG0005997	XP_006407430.1	g7370
OG0005998	XP_006399196.1	g45472
OG0005999	XP_006409872.2	g40031
OG0006000	XP_024012575.1	g5145
OG0006001	XP_006405444.1	g46661
OG0006002	XP_006394096.1	g9732
OG0006009	XP_006401969.2	g28334
OG0006016	XP_006412898.1	g47685
OG0006017	XP_006409080.1	g13922, g5971
OG0006018	XP_006412710.1	g23407
OG0006019	XP_006404869.1	g36893
OG0006020	XP_024004420.1	g47754
OG0006021	XP_006417712.1	g49615
OG0006022	XP_006412630.1	g47767
OG0006023	XP_024005076.1	g47773, g23344
OG0006024	XP_006405001.1	g36891
OG0006025	XP_006415498.1	g32450
OG0006026	XP_006412343.1	g23169
OG0006027	XP_006412334.1, XP_024009460.1	g23165
OG0006028	XP_006412333.1	g23164
OG0006029	XP_024016163.1	g14326, g36064
OG0006030	XP_024005886.1	g23065
OG0006031	XP_006412184.1, XP_006409420.1	g23045
OG0006032	XP_006412179.1	g23042
OG0006034	XP_006415336.1	g50591
OG0006035	XP_006415234.1	g32598, g50632
OG0006036	XP_006415176.1	g50653
OG0006037	XP_024009212.1	g32635
OG0006038	XP_006414282.1	g24304
OG0006039	XP_006414346.1	g24350
OG0006040	XP_024003800.1	g43903
OG0006041	XP_006392344.1	g41072
OG0006042	XP_006392182.1	g41028
OG0006043	XP_006392168.1	g44124
OG0006044	XP_006417418.1	g31276
OG0006045	XP_024010962.1	g10823
OG0006047	XP_024010955.1	g10800
OG0006049	XP_006395817.1	g10736
OG0006050	XP_006390773.1	g45925
OG0006051	XP_006395763.1	g10701
OG0006052	XP_006395711.1	g10667
OG0006053	XP_006395672.2	g10649
OG0006054	XP_006417168.1	g31421, g49859
OG0006055	XP_006395610.1	g1580, g10600
OG0006056	XP_006395543.2	g10562
OG0006057	XP_006395487.1	g10522
OG0006059	XP_006395449.1	g10494, g1617
OG0006060	XP_024007428.1	g1618
OG0006061	XP_006395383.1	g10443
OG0006062	XP_006395380.1	g10440
OG0006063	XP_006395368.2	g10418
OG0006064	XP_024006736.1	g10405
OG0006065	XP_006395318.1	g16482
OG0006066	XP_024007590.1, XP_024014698.1	g10376
OG0006067	XP_006395258.1	g10325
OG0006068	XP_006391429.1	g18048, g18047
OG0006069	XP_006391329.1	g45041
OG0006070	XP_006391544.1	g45068
OG0006071	XP_006391611.1	g40759
OG0006072	XP_024003804.1	g40761
OG0006073	XP_006391730.1	g40785
OG0006074	XP_006391745.1	g44254
OG0006075	XP_006391797.1	g40866
OG0006077	XP_006411379.1	g51974
OG0006078	XP_006407686.1	g13039, g7501
OG0006079	XP_024015061.1	g13084
OG0006080	XP_006407489.1	g7403
OG0006081	XP_006399107.1	g29683
OG0006082	XP_006407331.1	g12281, g7308
OG0006084	XP_006402119.1	g1396
OG0006085	XP_006402012.1	g28319
OG0006086	XP_006401919.1	g28349
OG0006087	XP_006413290.1	g17160
OG0006088	XP_006401759.1	g28396
OG0006089	XP_024005168.1	g23594
OG0006090	XP_006401690.1	g28431
OG0006091	XP_006398495.1	g10825
OG0006092	XP_006401669.1	g35314, g35038, g28438
OG0006093	XP_006401592.1	g949
OG0006094	XP_006401561.1	g28485
OG0006095	XP_006401549.1	g966
OG0006096	XP_006401541.2	g39402
OG0006097	XP_024011188.1	g994
OG0006098	XP_006401421.1	g28526
OG0006099	XP_006401286.1	g28566
OG0006100	XP_006401197.2	g1111, g28646
OG0006101	XP_006401188.1	g28649, g1117
OG0006102	XP_006416906.1	g31600
OG0006104	XP_024008638.1	g31478
OG0006105	XP_006401139.1	g28678
OG0006106	XP_006399761.1	g5304, g29395
OG0006107	XP_006399754.1	g45594, g45595
OG0006108	XP_006399656.1	g45569
OG0006109	XP_006399525.1	g29503, g5419
OG0006110	XP_006399503.1	g29516, g29518
OG0006111	XP_006399435.1	g45517
OG0006112	XP_006399374.1	g5480, g45505
OG0006113	XP_006399328.1	g5504
OG0006114	XP_006399300.1	g29599
OG0006115	XP_006399296.1	g5517
OG0006116	XP_006399250.1	g45486, g29613
OG0006117	XP_006394446.1	g9876
OG0006118	XP_006414243.1	g24270
OG0006119	XP_006414213.1	g24250
OG0006120	XP_024005822.1	g47244
OG0006121	XP_006414171.1	g17516
OG0006122	XP_006414109.1	g47264, g24188
OG0006123	XP_006414104.2	g47266
OG0006124	XP_006414089.1	g17470
OG0006125	XP_006413964.1	g17410
OG0006126	XP_006408602.2	g40149
OG0006127	XP_006413883.1	g17385
OG0006128	XP_006413817.1	g24034
OG0006129	XP_006413791.1	g24018, g47371
OG0006130	XP_006413753.1	g47387
OG0006131	XP_006413702.1	g17312
OG0006132	XP_024005479.1	g23946
OG0006133	XP_006413613.1	g17278
OG0006134	XP_006413555.1	g23889
OG0006135	XP_006413532.1	g23881
OG0006136	XP_006413515.1	g47474, g23871
OG0006137	XP_006413481.1	g23852
OG0006138	XP_006397008.1	g40334
OG0006139	XP_006415049.1	g27807
OG0006140	XP_006406258.1, XP_006395919.1	g36168
OG0006141	XP_006393759.1	g28176
OG0006143	XP_006397569.1	g52145
OG0006144	XP_006415723.1	g32300, g32301, g32297, g50438
OG0006145	XP_006415704.1	g27646
OG0006146	XP_006393634.1	g28134, g36200
OG0006147	XP_006415663.1	g50466, g32345
OG0006148	XP_006415660.1	g50468
OG0006149	XP_006415603.1	g32387
OG0006150	XP_006415590.1	g32393
OG0006151	XP_006415585.1	g32398
OG0006152	XP_006415580.1	g50506
OG0006153	XP_006415518.1	g32435
OG0006154	XP_006415503.1	g32448
OG0006155	XP_006415479.1	g27701
OG0006156	XP_006415473.1	g50537
OG0006157	XP_006412065.1	g22975
OG0006158	XP_006411969.1	g22907
OG0006159	XP_006411934.1	g22873
OG0006160	XP_024005823.1	g18281
OG0006161	XP_006404948.1	g22765
OG0006162	XP_006411732.1	g22701
OG0006163	XP_006411653.1	g18342
OG0006164	XP_006405867.2	g46803, g18123
OG0006165	XP_006405760.1	g46739
OG0006166	XP_006405710.2	g46732
OG0006167	XP_006408090.1	g7709, g12856
OG0006168	XP_006415339.1	g27748
OG0006169	XP_006415310.1	g50604, g50607
OG0006170	XP_024004146.1	g37148
OG0006171	XP_006391339.1, XP_006397158.1	g40267
OG0006172	XP_006397298.1	g40216
OG0006173	XP_006410545.1	g51410
OG0006174	XP_006410530.1	g51397
OG0006177	XP_006397075.1	g40305
OG0006179	XP_006396889.1	g25699, g25710, g40375
OG0006180	XP_006396853.1	g40381, g25170, g40167, g40164
OG0006181	XP_006396843.1	g25676, g25679
OG0006182	XP_006396794.1	g40398
OG0006183	XP_006396727.1	g40418
OG0006184	XP_006396693.1	g25591
OG0006185	XP_024009833.1	g45174
OG0006186	XP_006396634.1	g43697, g40462
OG0006187	XP_006398163.1	g11007
OG0006188	XP_006398204.1	g40554
OG0006189	XP_006398319.1	g40609
OG0006190	XP_024011025.1	g40610
OG0006191	XP_006398338.2	g40633
OG0006192	XP_006398488.1	g40730, g10830
OG0006193	XP_006396096.1	g27130
OG0006194	XP_006417944.1	g30983
OG0006195	XP_006414981.2	g24839
OG0006196	XP_006414927.1	g24697
OG0006197	XP_006414862.1	g47013
OG0006198	XP_024004545.1, XP_024004544.1	g24532
OG0006199	XP_006414711.1	g41859, g42722, g1828, g24530
OG0006200	XP_006414562.2	g24480
OG0006201	XP_006414477.1	g5208, g15976, g47111
OG0006202	XP_006405373.1, XP_006405371.1	g44967, g18118
OG0006203	XP_006405347.1	g16780, g16782, g16775
OG0006204	XP_006397885.1	g37702
OG0006205	XP_006397873.2	g37697
OG0006206	XP_006397868.1	g37696
OG0006207	XP_006397854.2	g37675
OG0006208	XP_006397846.1	g50785, g37672
OG0006209	XP_006402452.1	g1823
OG0006210	XP_006397804.1, XP_006396963.1	g38247
OG0006212	XP_006397716.1	g37604
OG0006213	XP_006397686.1	g38241, g37580
OG0006214	XP_006397676.1	g37573, g52219
OG0006215	XP_006397656.1	g52192
OG0006216	XP_006397551.1, XP_006402660.1	g52131
OG0006217	XP_024010729.1	g37517, g52127, g38220
OG0006218	XP_006397504.1	g52114
OG0006219	XP_006411519.1	g52063, g52070
OG0006220	XP_024012804.1	g2116
OG0006221	XP_024012826.1	g2086
OG0006222	XP_006411418.2	g51998
OG0006223	XP_006398620.1	g5827
OG0006226	XP_006399875.1	g5245, g29337
OG0006228	XP_006398863.1	g29804
OG0006229	XP_006400539.1	g667
OG0006230	XP_006400616.1	g41400
OG0006231	XP_006400633.1	g41394
OG0006233	XP_006400712.1	g41363, g28887
OG0006234	XP_024016051.1	g41362
OG0006235	XP_024012335.1	g28827
OG0006236	XP_024011498.1, XP_006400876.1	g858
OG0006237	XP_006391811.1, XP_006418886.1	g19548
OG0006238	XP_006400998.1	g28706
OG0006239	XP_024012701.1	g39260
OG0006240	XP_024004573.1	g317
OG0006241	XP_006394266.1	g18641
OG0006242	XP_024007582.1	g289
OG0006243	XP_024006756.1	g9794
OG0006244	XP_006409468.1	g13705, g14213
OG0006246	XP_006394122.1	g210
OG0006247	XP_006394048.1	g158
OG0006248	XP_006394027.1	g150, g9712
OG0006249	XP_006394019.2	g9706
OG0006250	XP_006394004.2	g9702
OG0006251	XP_006393854.1	g9634
OG0006253	XP_006396221.1	g45278
OG0006254	XP_006396281.1	g39486
OG0006255	XP_006396350.2	g39506
OG0006256	XP_006396392.1	g25439, g39527
OG0006257	XP_006396444.1	g25465
OG0006258	XP_006396470.1	g25476
OG0006259	XP_006396473.1	g39594
OG0006260	XP_006396475.1	g39596
OG0006261	XP_006403158.1	g11086
OG0006262	XP_006410488.2	g51359
OG0006263	XP_006410452.1	g51331, g39754
OG0006264	XP_006410434.1, XP_024013344.1	g39762
OG0006265	XP_006410372.1	g39796
OG0006266	XP_024003708.1	g51270
OG0006267	XP_006410305.1	g37914
OG0006268	XP_006410244.1	g39861
OG0006269	XP_024003958.1	g39877
OG0006270	XP_006410116.1, XP_006410103.2	g51205
OG0006271	XP_006410030.1	g39966
OG0006272	XP_006410025.1	g51178
OG0006273	XP_006410011.1	g39970
OG0006274	XP_006410010.1	g51173, g39971
OG0006275	XP_006409869.2	g37841
OG0006276	XP_006409785.1	g40087
OG0006277	XP_006413078.1	g17088, g23637
OG0006278	XP_006408503.2, XP_006409233.1	g12963
OG0006279	XP_006398552.1	g45281
OG0006281	XP_006398573.1	g5865
OG0006282	XP_006413170.1	g23691
OG0006283	XP_006408471.1	g7920
OG0006284	XP_006408458.1	g12695
OG0006285	XP_006400101.1	g5085
OG0006286	XP_006408310.1	g12772
OG0006288	XP_006408273.1	g12789
OG0006289	XP_006408248.1	g12803
OG0006290	XP_006408199.1	g7780
OG0006291	XP_006408084.1	g7704
OG0006292	XP_006411792.1	g22757, g18144, g37126, g37124
OG0006293	XP_006407874.1	g12457
OG0006293	XP_024007018.1	g12949
OG0006294	XP_024015557.1	g12960
OG0006295	XP_006411310.1	g51903
OG0006296	XP_006411309.1	g51902
OG0006297	XP_006411207.1	g38132
OG0006298	XP_006411184.1	g51784, g37322
OG0006299	XP_006411135.1	g51753
OG0006300	XP_006411099.1	g38108, g37292
OG0006301	XP_006410761.2	g51554
OG0006302	XP_006410804.1	g38033
OG0006303	XP_006410826.1, XP_024011897.1	g51589
OG0006304	XP_006403667.1	g19184
OG0006305	XP_006410941.1	g38073, g37220
OG0006306	XP_006410966.1	g51665
OG0006307	XP_006411052.1	g37272, g51718
OG0006308	XP_006416877.1	g27325, g31619
OG0006309	XP_006416842.1	g27337, g31639
OG0006310	XP_006416803.1	g31656
OG0006311	XP_006416805.1	g49975
OG0006312	XP_006416777.1	g31667
OG0006313	XP_006416756.1	g31678
OG0006314	XP_006416742.1	g49990
OG0006315	XP_006416674.1	g31722
OG0006316	XP_006416622.1	g31763
OG0006317	XP_006416638.1	g31752, g50031
OG0006318	XP_006416533.1	g31821
OG0006319	XP_006416415.2	g31914
OG0006320	XP_024008370.1	g50134
OG0006321	XP_006390211.1	g44406
OG0006322	XP_006416367.1	g50150
OG0006323	XP_006416360.1	g50154
OG0006324	XP_006416288.1	g50201
OG0006325	XP_006416153.1	g50255
OG0006326	XP_006391014.1	g44760
OG0006327	XP_006415932.1	g50364
OG0006328	XP_006391254.1	g41654
OG0006329	XP_024008380.1	g50402, g32263
OG0006330	XP_006415749.1	g27636
OG0006331	XP_006415750.1	g50417
OG0006332	XP_006415756.1	g32285
OG0006333	XP_006413460.1	g17221, g23845
OG0006334	XP_006413459.1	g47495
OG0006335	XP_006413409.1	g47514
OG0006336	XP_006413375.1	g17190
OG0006337	XP_006413324.1	g47535
OG0006338	XP_006395346.1	g10401
OG0006339	XP_024013884.1	g38495, g50895
OG0006340	XP_006404573.1	g38535
OG0006341	XP_006416939.1	g31577
OG0006342	XP_006416966.1	g49922, g31556
OG0006343	XP_024008367.1	g49921, g31555
OG0006344	XP_024008304.1	g27268
OG0006345	XP_006390418.1	g44517
OG0006346	XP_006417219.1	g49837, g49832, g49827
OG0006347	XP_006417228.1	g31387
OG0006348	XP_006395208.1	g10286
OG0006350	XP_006417731.2	g31102
OG0006351	XP_006408719.2, XP_006417524.1	g27097
OG0006352	XP_024008687.1	g27104
OG0006353	XP_024008948.1	g27057
OG0006354	XP_006417700.1	g31115, g49690
OG0006355	XP_006417760.1	g49596, g27969
OG0006356	XP_006417824.1	g31049
OG0006357	XP_006417861.1	g31037
OG0006358	XP_006417873.1	g31028, g49555
OG0006359	XP_006403935.1	g19319
OG0006360	XP_006417940.1	g49540
OG0006361	XP_006417952.1	g26968, g30981
OG0006362	XP_006418062.1	g49485
OG0006363	XP_006418175.1	g30848, g49443
OG0006364	XP_006418245.1	g49413
OG0006365	XP_006418242.1	g30818
OG0006366	XP_024008106.1	g49379
OG0006367	XP_024008848.1	g26882
OG0006368	XP_006399928.1	g29319
OG0006369	XP_006400027.1	g45680
OG0006370	XP_006400051.1	g5119
OG0006371	XP_024012365.1	g45687
OG0006372	XP_006400167.1	g45726
OG0006373	XP_006400223.1	g5018
OG0006374	XP_006400297.1	g28989
OG0006375	XP_006391237.1	g41643
OG0006376	XP_006400311.1	g4982, g28995
OG0006377	XP_006400325.1	g29014, g4957
OG0006378	XP_006400407.1	g29060
OG0006379	XP_006395189.1	g10272
OG0006381	XP_006399144.1	g29663, g45458
OG0006382	XP_006399083.1	g5611
OG0006383	XP_024011598.1	g5613
OG0006384	XP_006399060.1	g29701
OG0006385	XP_006413924.1	g25349
OG0006386	XP_006394804.1	g10069, g603
OG0006387	XP_006394785.1	g10059, g592
OG0006388	XP_006403542.2	g2271
OG0006389	XP_006394703.1	g544
OG0006390	XP_006394678.1	g524
OG0006392	XP_006394645.1	g507
OG0006393	XP_024006672.1	g506
OG0006394	XP_024007325.1	g439
OG0006395	XP_006394486.1	g9890, g409
OG0006396	XP_006394448.1	g9879
OG0006398	XP_024007587.1	g9868, g369
OG0006399	XP_006394408.1	g9861
OG0006400	XP_006394374.1	g346
OG0006401	XP_006394350.1	g9841
OG0006402	XP_006394348.1	g9840
OG0006403	XP_006401050.1	g28717
OG0006405	XP_006403950.1	g19324, g11354
OG0006406	XP_006403958.2	g2506
OG0006407	XP_006403965.1	g19335, g2509
OG0006408	XP_006404102.1	g19386
OG0006409	XP_006404220.1	g2690, g19434
OG0006410	XP_006404314.1	g19494
OG0006411	XP_006419037.1	g2971
OG0006412	XP_006391141.1	g41554
OG0006413	XP_006419080.1	g3014
OG0006415	XP_024009020.1	g32252
OG0006416	XP_006391216.1	g18036
OG0006418	XP_006391055.1	g44776
OG0006419	XP_006390995.1	g45808
OG0006420	XP_006390971.1	g44726
OG0006422	XP_006416969.1	g31554
OG0006423	XP_006390766.1	g44652
OG0006424	XP_024009029.1	g45977
OG0006425	XP_006390717.1	g45972, g44620
OG0006426	XP_006399557.1	g5406
OG0006427	XP_006390687.1	g45960
OG0006428	XP_006390016.2	g46424
OG0006429	XP_006390059.1	g46386
OG0006430	XP_006390064.1	g27509
OG0006431	XP_006390116.1	g44365
OG0006432	XP_006390291.1	g44447
OG0006433	XP_006390318.1	g46195
OG0006434	XP_006390385.1	g44499
OG0006435	XP_006390517.1	g44558
OG0006436	XP_006390581.1	g46051
OG0006437	XP_006390647.1	g46005
OG0006438	XP_006389930.1	g46497
OG0006439	XP_006389915.1	g46506
OG0006440	XP_024006940.1	g46517
OG0006441	XP_006389814.1, XP_006405081.2	g46569
OG0006443	XP_006407123.1	g12200
OG0006444	XP_006392803.1	g54284, g36620
OG0006445	XP_006406968.1	g7081
OG0006446	XP_006406951.1	g7067
OG0006447	XP_006406909.1	g1451, g12107
OG0006448	XP_006406868.1	g12096, g7038
OG0006449	XP_006406767.1	g12057, g6975
OG0006450	XP_006404167.1	g2640, g36001, g19415
OG0006451	XP_006406732.1	g13283, g6945
OG0006452	XP_006406725.1	g6941
OG0006453	XP_006406719.1	g12043
OG0006454	XP_006406711.1	g12041
OG0006455	XP_024015517.1	g12034, g12033
OG0006456	XP_006406685.1	g6916, g13294
OG0006457	XP_006406679.1	g6915
OG0006458	XP_006406675.1	g12030, g6914
OG0006459	XP_024015601.1	g6910
OG0006460	XP_006414565.1	g17688
OG0006461	XP_006406635.1	g12016
OG0006462	XP_006406605.1	g916
OG0006463	XP_006406562.1	g6856
OG0006464	XP_006406559.1	g6853
OG0006465	XP_006406487.1	g6793
OG0006466	XP_006406426.1	g11941, g6755
OG0006467	XP_006406395.1	g11918
OG0006468	XP_024015678.1	g6707
OG0006469	XP_024015363.1	g13372
OG0006470	XP_006406333.1	g11885
OG0006471	XP_006406256.1	g11862, g13393
OG0006472	XP_006406190.1	g13413
OG0006473	XP_006406179.1	g6591, g11820
OG0006474	XP_006406127.1	g6569
OG0006475	XP_006406121.1	g6564
OG0006476	XP_006406066.1	g6545
OG0006477	XP_006406063.1	g6543
OG0006478	XP_006406019.1	g11755
OG0006479	XP_006418779.2	g13486, g6468
OG0006480	XP_006418566.1	g11653
OG0006481	XP_006409555.1	g13695
OG0006482	XP_006409334.1	g6110, g14042
OG0006483	XP_006409282.1	g14013
OG0006484	XP_006409240.1	g6043
OG0006485	XP_006409125.1	g13949
OG0006486	XP_024016643.1	g13959
OG0006487	XP_006409173.1	g13973, g6019, g36032
OG0006488	XP_006409057.1	g5959, g13913
OG0006489	XP_006409044.1	g5955
OG0006491	XP_006408989.1	g13848
OG0006492	XP_006392605.1	g54306
OG0006494	XP_006392646.1	g36710
OG0006495	XP_006392700.1	g27992
OG0006496	XP_006392712.1	g54348
OG0006498	XP_006392791.1	g36630, g54292
OG0006499	XP_006392800.1	g36621
OG0006500	XP_006392954.1	g36548
OG0006501	XP_006392976.1	g36531
OG0006502	XP_024006283.1	g36492
OG0006503	XP_006393056.1	g36496
OG0006504	XP_006393154.1	g36443
OG0006505	XP_006393209.1	g36412
OG0006506	XP_006393226.1	g28074
OG0006507	XP_006393493.1	g28109
OG0006508	XP_006414385.2	g24392
OG0006509	XP_006410611.1	g51458
OG0006510	XP_024004137.1	g37096
OG0006511	XP_024016689.1	g51454
OG0006512	XP_006410601.1	g37093
OG0006513	XP_024013838.1	g2429
OG0006514	XP_006403838.1	g2425, g19277
OG0006515	XP_006403530.1	g2265
OG0006516	XP_006403458.1	g2199, g19085
OG0006517	XP_024013435.1	g2196
OG0006518	XP_006403402.1	g2182
OG0006519	XP_006402994.1	g2151, g19029
OG0006520	XP_006402972.1	g19019
OG0006521	XP_024012827.1	g2085
OG0006522	XP_006402754.1	g18932
OG0006523	XP_006402619.1	g18856
OG0006524	XP_006402556.1	g1898
OG0006525	XP_006402523.1	g1881
OG0006526	XP_006402448.1	g1819
OG0006528	XP_006402320.1	g18750
OG0006529	XP_006402297.1	g18772
OG0006530	XP_024015783.1	g11968
OG0006531	XP_006402273.1	g18704
OG0006535	XP_024013612.1	g11468, g3238, g51211
OG0006536	XP_024015524.1	g13265
OG0006537	XP_024010845.1	g37518, g37520
OG0006538	XP_006390055.1	g46388
OG0006539	XP_006412889.1	g47689
OG0006540	XP_024009023.1	g49579, g27011
OG0006541	XP_006416337.1	g31962
OG0006542	XP_006391151.1	g44847
OG0006543	XP_006396403.1	g39534
OG0006544	XP_024015205.1	g13440
OG0006549	XP_006413635.1	g17285, g23948
OG0006554	XP_006398500.1	g10818
OG0006556	XP_006414094.1	g24181
OG0006558	XP_006407984.1	g12506
OG0006559	XP_006412764.1	g23440, g18250
OG0006570	XP_024010080.1	g17038
OG0006571	XP_006412933.1	g23538
OG0006572	XP_006412923.1	g17028, g23534
OG0006574	XP_006412863.2	g23488
OG0006575	XP_006412861.1	g23486
OG0006576	XP_006412820.1	g47701, g23461
OG0006577	XP_006412786.2	g47722
OG0006578	XP_006395209.1	g10287
OG0006579	XP_006412704.2	g17816
OG0006580	XP_024004362.1	g16961
OG0006581	XP_006412605.1	g23340, g23336
OG0006582	XP_006412593.1	g47783, g23327
OG0006583	XP_006412532.1	g23293
OG0006584	XP_006412503.1	g23280
OG0006585	XP_006412455.1	g23256
OG0006586	XP_006416570.1	g50052
OG0006587	XP_006412443.1	g23248
OG0006589	XP_006412316.1	g18181
OG0006590	XP_006412299.1	g23147, g18185
OG0006592	XP_006412199.2	g23066
OG0006593	XP_006412178.1	g47895
OG0006594	XP_006412166.1	g47902
OG0006595	XP_006412165.1	g23037
OG0006596	XP_006412150.1	g47906, g23025
OG0006597	XP_006412129.1	g23017
OG0006598	XP_006415378.1	g32513
OG0006599	XP_006415196.1	g50637, g32618
OG0006600	XP_006414272.1	g17558, g24293
OG0006601	XP_006414296.1	g24307
OG0006602	XP_024005473.1	g24308
OG0006603	XP_006414320.1	g47172
OG0006604	XP_006410744.1	g51542
OG0006605	XP_024006977.1	g4754
OG0006606	XP_006417550.1	g27094
OG0006607	XP_006392275.1	g41050
OG0006608	XP_006417459.1	g13859
OG0006609	XP_024015511.1	g40980
OG0006610	XP_006417362.1	g31313
OG0006611	XP_006417357.1	g31316, g27155
OG0006612	XP_006417316.1	g49779
OG0006613	XP_006416944.1	g31573, g27292
OG0006615	XP_006398531.2	g18963
OG0006616	XP_006395859.1	g10764
OG0006617	XP_006395743.1	g10681
OG0006618	XP_024008358.1	g31482, g49896
OG0006619	XP_006417093.1	g49892
OG0006620	XP_006395659.1	g10638
OG0006621	XP_006395638.1	g16648
OG0006622	XP_006395617.1	g10606
OG0006623	XP_006395562.1, XP_006395564.1	g10574
OG0006624	XP_006395559.1	g1589
OG0006625	XP_006395531.1	g10552
OG0006626	XP_006395528.1	g1598
OG0006627	XP_006395497.1	g10529
OG0006628	XP_006395491.1	g10525
OG0006629	XP_006395424.1	g10478
OG0006630	XP_006395420.2	g10476
OG0006631	XP_006395381.1	g10441
OG0006632	XP_024006935.1	g10409
OG0006633	XP_006395347.1	g10402
OG0006634	XP_006395311.1	g10374
OG0006635	XP_006401557.1	g39407
OG0006636	XP_006391263.1	g41687, g44897
OG0006637	XP_006397395.1	g26022
OG0006639	XP_024016419.1	g18070
OG0006640	XP_006397414.1	g17889
OG0006641	XP_006391601.1	g43701
OG0006642	XP_006405277.1	g46619
OG0006643	XP_006405293.1	g16767
OG0006644	XP_024004397.1	g40805
OG0006645	XP_006391765.1	g40848
OG0006647	XP_024016725.1	g37363, g51943
OG0006648	XP_006407715.1	g7516
OG0006649	XP_006407710.1	g12409
OG0006650	XP_006412097.1	g22998
OG0006651	XP_006407692.1	g12405
OG0006652	XP_006398763.1	g5753
OG0006653	XP_006407612.1	g13068, g7449
OG0006654	XP_006407538.1	g12366
OG0006655	XP_024015707.1	g12356
OG0006656	XP_006407490.1	g13109, g7404
OG0006657	XP_006407478.1	g7398
OG0006658	XP_006407480.1	g7399
OG0006659	XP_006407447.1	g7381
OG0006660	XP_006407426.1	g13122, g12316
OG0006661	XP_024015427.1	g7360
OG0006662	XP_006407406.1	g7350, g13125
OG0006663	XP_006407376.1	g7334
OG0006664	XP_006407362.1	g12293
OG0006665	XP_006407330.1	g7309, g13140
OG0006666	XP_006402207.1	g1459
OG0006667	XP_006400569.1	g695
OG0006668	XP_006413358.1	g23806, g47526
OG0006669	XP_024011819.1	g1344
OG0006670	XP_006401988.2	g28331
OG0006671	XP_006401826.1	g28370, g41222
OG0006672	XP_006401813.1	g883
OG0006673	XP_006401743.1	g906, g41268
OG0006674	XP_006401744.1	g28404
OG0006675	XP_006401711.1	g46820, g917
OG0006676	XP_006401611.1	g947
OG0006677	XP_006401656.1	g934
OG0006678	XP_006401573.1	g958
OG0006679	XP_024011199.1	g963
OG0006680	XP_006401559.1	g39414, g28487
OG0006681	XP_006401548.1	g41744, g39405
OG0006682	XP_006401500.1	g39395
OG0006684	XP_006401420.1	g1029, g39364
OG0006685	XP_006401355.1	g28553, g1060
OG0006686	XP_006401311.1	g39345
OG0006687	XP_024012563.1	g28619
OG0006688	XP_006401222.1	g28630
OG0006689	XP_006401199.1	g28643
OG0006690	XP_006401186.1	g1119
OG0006691	XP_006395235.1	g10304
OG0006692	XP_006399784.1	g29384
OG0006693	XP_006399779.1	g29388
OG0006694	XP_006399765.1	g29394, g5303
OG0006695	XP_006399758.1	g5309
OG0006696	XP_024012375.1	g45546
OG0006697	XP_006399547.1	g29495, g45541
OG0006698	XP_024011738.1	g29512, g5425
OG0006699	XP_006399500.2	g5428
OG0006700	XP_024011813.1	g29541, g5444
OG0006701	XP_006394196.1	g250
OG0006702	XP_024011519.1	g5469
OG0006703	XP_006399353.1	g45061, g5493
OG0006704	XP_024011640.1	g5503
OG0006705	XP_006399318.1, XP_024007091.1	g29592
OG0006706	XP_006399293.1	g5519
OG0006707	XP_006399248.1	g5536
OG0006708	XP_006414257.1	g47199, g24285
OG0006709	XP_006414245.1	g24271
OG0006710	XP_006414206.1	g24246
OG0006711	XP_006414201.1	g47227, g17530
OG0006712	XP_006414163.1	g24228
OG0006713	XP_006414158.1	g17504
OG0006714	XP_006414133.1	g17486
OG0006715	XP_024005618.1	g24182
OG0006716	XP_006414028.2	g17451
OG0006717	XP_006413995.1	g17437, g24138
OG0006718	XP_006413947.1	g24119
OG0006719	XP_006413940.1	g24116
OG0006720	XP_006398114.1	g11029
OG0006721	XP_006413890.1	g47336, g24066
OG0006722	XP_006413878.1	g24063
OG0006723	XP_006414249.1, XP_006414250.1	g24278
OG0006724	XP_006413778.1	g24009
OG0006725	XP_006413740.1	g47397, g27191
OG0006726	XP_024004434.1	g17319
OG0006727	XP_006413636.1	g17286
OG0006728	XP_006413552.1	g47458
OG0006729	XP_006413548.1	g23894
OG0006730	XP_006413533.1	g23882
OG0006731	XP_024005672.1	g23874
OG0006732	XP_006413510.1	g47475
OG0006733	XP_006413488.1	g23858
OG0006734	XP_006413486.1	g23856
OG0006735	XP_006413484.1	g23853, g17235
OG0006736	XP_006413471.1	g17228
OG0006737	XP_006413469.2	g17226
OG0006738	XP_006415063.1	g32704, g50715
OG0006739	XP_024010632.1	g50773
OG0006741	XP_024006188.1	g53812
OG0006742	XP_024006350.1	g53742
OG0006743	XP_006416933.1	g31581, g46551
OG0006744	XP_006393564.1	g36257, g36250
OG0006745	XP_024006369.1	g53985, g36228
OG0006746	XP_006415719.1	g32303, g32299
OG0006747	XP_006417786.1	g31073
OG0006749	XP_024009161.1	g50431
OG0006750	XP_006393635.1	g53958, g28135, g36199
OG0006751	XP_006409744.1, XP_006409741.1, XP_006409737.1, XP_024009160.1, XP_006415729.1	g50437
OG0006752	XP_024016043.1	g5936, g13865
OG0006753	XP_006415647.1	g27665, g50485
OG0006755	XP_006415609.1	g27676
OG0006756	XP_006415604.1	g32384, g27677
OG0006757	XP_006415584.1	g27679, g32399
OG0006758	XP_006415549.1	g50515, g32412
OG0006759	XP_006415516.1	g32441
OG0006760	XP_006415487.1	g27699, g32456
OG0006761	XP_006415472.1	g50538, g32467
OG0006762	XP_006415434.1	g32482
OG0006763	XP_006415398.1	g32504
OG0006764	XP_006412070.1	g22978
OG0006765	XP_006412017.1	g22942
OG0006766	XP_006411982.1	g22916
OG0006767	XP_006411967.1	g22906, g18257
OG0006768	XP_006411928.1, XP_006405592.1, XP_006405591.1	g22871
OG0006769	XP_006411917.2	g22862
OG0006770	XP_006411869.1	g22826
OG0006771	XP_006411863.1	g22820
OG0006772	XP_024005681.1	g18286
OG0006773	XP_024014101.1	g38482
OG0006774	XP_006404663.1	g38508
OG0006775	XP_006404567.1	g38541
OG0006776	XP_006411679.1	g18325
OG0006778	XP_006411637.1	g18359
OG0006780	XP_006405766.1	g46742, g18094
OG0006781	XP_006410705.1	g51523
OG0006782	XP_006397249.1	g40235
OG0006783	XP_006393761.1	g28178
OG0006784	XP_006410562.1	g51432
OG0006785	XP_006410526.1	g51395
OG0006786	XP_006403336.1	g37055
OG0006787	XP_006403341.1	g37040
OG0006788	XP_006402604.1	g36998, g18841
OG0006789	XP_006408372.1	g7851
OG0006791	XP_006396930.1	g40357
OG0006792	XP_006396880.1	g40379, g25693
OG0006793	XP_006396864.1	g25687
OG0006794	XP_006396861.2	g40168, g40377, g47808, g14960, g40380
OG0006795	XP_006396844.1	g25680, g40384
OG0006796	XP_006396799.1	g25670
OG0006797	XP_006396690.1	g40441
OG0006799	XP_006396588.1	g25524
OG0006800	XP_006403106.1	g40486
OG0006801	XP_006398064.1	g40494, g11050
OG0006802	XP_006413058.1	g17079, g23622
OG0006803	XP_006398268.2	g10967
OG0006804	XP_006398293.1	g10957
OG0006805	XP_006398357.1	g40639
OG0006806	XP_006398365.1	g40643
OG0006807	XP_006398369.1	g40645
OG0006808	XP_006398375.1	g40651, g10919
OG0006809	XP_006398380.1	g10914, g40663
OG0006810	XP_006398400.1	g10902, g40679
OG0006811	XP_006410999.1	g51689, g37240
OG0006812	XP_006398458.1	g40713
OG0006813	XP_006398475.1	g10841
OG0006815	XP_006418599.1	g35820
OG0006816	XP_006418657.1	g6421
OG0006817	XP_006418702.1, XP_006414950.1	g6443
OG0006818	XP_006414943.1	g46978
OG0006819	XP_006414801.1	g24570
OG0006820	XP_006414671.1	g24515
OG0006821	XP_024016513.1, XP_006414644.1	g24499
OG0006822	XP_006414635.1	g47080
OG0006823	XP_024005247.1	g17658, g24460
OG0006824	XP_006414506.1	g17649
OG0006824	XP_006414503.2	g24452
OG0006825	XP_006414482.1	g24442
OG0006826	XP_006405433.1	g16828
OG0006827	XP_006405422.1	g16815
OG0006828	XP_006405279.1	g16758
OG0006829	XP_024014564.1	g46621
OG0006830	XP_006398001.1	g37777
OG0006831	XP_024010767.1	g37774
OG0006832	XP_006414901.2	g47005
OG0006833	XP_006397937.1	g37729
OG0006834	XP_006410598.1	g37080
OG0006835	XP_006397874.1	g37698
OG0006836	XP_006397859.1	g37682
OG0006837	XP_006397828.1	g37661
OG0006838	XP_006397816.1	g38248
OG0006839	XP_024010795.1	g52292
OG0006840	XP_006397783.1	g37637
OG0006841	XP_024010814.1	g52283
OG0006842	XP_006397748.1	g37622
OG0006843	XP_006397746.1	g37620
OG0006844	XP_006397724.1	g37611
OG0006845	XP_006397663.1	g37569
OG0006846	XP_006397501.1	g52115
OG0006847	XP_006411588.1	g52107
OG0006848	XP_006411555.1	g52085
OG0006849	XP_024003940.1	g52083, g37464
OG0006850	XP_006411498.1	g37445
OG0006851	XP_006411489.1	g52047
OG0006852	XP_006411448.1	g37409
OG0006853	XP_006411408.1	g51992
OG0006854	XP_006398675.1	g45310, g40742
OG0006856	XP_006398705.2	g5787
OG0006857	XP_006398706.1	g5786
OG0006858	XP_024012321.1	g5761
OG0006859	XP_006398762.1	g5754
OG0006860	XP_006398768.1	g5750
OG0006861	XP_006398778.1	g5742
OG0006862	XP_006398848.1	g29810
OG0006863	XP_006398851.1	g29808
OG0006864	XP_006415627.1	g22267
OG0006865	XP_006400530.1	g41421, g660
OG0006867	XP_006400562.1	g28963
OG0006868	XP_024012196.1	g41406
OG0006869	XP_006400599.1	g41559, g41403
OG0006870	XP_006400650.1	g41387
OG0006871	XP_024011495.1	g28912, g41383
OG0006872	XP_006400668.1	g28908
OG0006873	XP_006400699.1	g766, g41368, g28896
OG0006878	XP_024011949.1	g28785
OG0006879	XP_006400914.1	g41301, g28765
OG0006880	XP_006394307.1	g9823, g316
OG0006881	XP_006394242.1	g273
OG0006882	XP_024006992.1	g272
OG0006883	XP_006394215.1	g9791
OG0006884	XP_006394204.1	g9788
OG0006885	XP_006394182.1	g243
OG0006886	XP_006394169.1	g242, g9773
OG0006887	XP_006394154.1	g232
OG0006888	XP_006410843.1, XP_006394153.1	g18645
OG0006889	XP_006394112.1	g204
OG0006890	XP_006394099.1	g201
OG0006891	XP_006394087.1	g9729
OG0006892	XP_006394079.2	g184
OG0006893	XP_006394045.1	g157
OG0006894	XP_006394022.1	g9708
OG0006895	XP_006393951.1	g101
OG0006896	XP_006393947.1	g98
OG0006897	XP_006393932.1	g85
OG0006898	XP_006391188.2	g44863
OG0006899	XP_006393820.1	g19643
OG0006900	XP_006400262.1	g4995
OG0006901	XP_006413331.1, XP_006393827.1	g19633
OG0006902	XP_006396199.1	g25335
OG0006903	XP_006396223.1	g39451
OG0006904	XP_006396265.1	g25369
OG0006905	XP_024010006.1	g25363
OG0006906	XP_006396299.1	g39472
OG0006907	XP_006396329.1	g39462
OG0006908	XP_006418385.1	g26878
OG0006909	XP_006396410.1	g39539
OG0006910	XP_024010153.1	g39622, g45209
OG0006911	XP_006396525.1	g25494
OG0006912	XP_006396536.1	g25500
OG0006913	XP_006396555.1	g39641
OG0006914	XP_024008671.1, XP_006396587.1	g30837
OG0006915	XP_006403154.1	g39693, g11085
OG0006916	XP_006403162.1	g11087
OG0006917	XP_006403171.2	g39705
OG0006918	XP_006410475.1	g51349
OG0006919	XP_006410449.1	g51328, g39757
OG0006920	XP_006410352.1	g39785
OG0006921	XP_006410398.2	g51310, g39774, g37931
OG0006922	XP_006410404.1	g51314
OG0006923	XP_024004286.1	g37936, g39771
OG0006924	XP_006410419.1	g51318, g39766
OG0006925	XP_006410385.1	g37929
OG0006926	XP_006410379.1	g51301
OG0006927	XP_024003926.1	g51294
OG0006928	XP_006410339.1	g39818
OG0006929	XP_006410309.1	g51268
OG0006930	XP_006410308.1	g51266
OG0006931	XP_006410291.1	g39833
OG0006932	XP_006410217.1	g51232
OG0006933	XP_024003996.1	g39896
OG0006934	XP_024004097.1	g51212, g39910
OG0006935	XP_006410121.1	g51202
OG0006936	XP_006417864.1	g26994, g49557
OG0006937	XP_006410082.2	g39944
OG0006938	XP_006410062.1	g39950
OG0006939	XP_024004075.1, XP_024016744.1	g39967
OG0006940	XP_006409943.1	g37859
OG0006942	XP_006409904.1	g37847, g39997
OG0006943	XP_006409883.1	g40024
OG0006944	XP_006409864.1	g37840
OG0006945	XP_006408590.1	g40145
OG0006946	XP_006408666.1	g40138
OG0006947	XP_006408647.1	g40129
OG0006948	XP_006408704.1	g40118
OG0006949	XP_024003730.1	g40107
OG0006950	XP_006408857.1	g38296
OG0006951	XP_024015987.1	g38306
OG0006952	XP_006408652.1, XP_006408817.1	g36837
OG0006953	XP_006408493.1	g47732
OG0006954	XP_006413188.1	g17134, g47583
OG0006955	XP_006413124.1	g17109
OG0006956	XP_006408481.1	g12710
OG0006957	XP_006408462.1	g7913
OG0006958	XP_006408460.1	g7912, g12696
OG0006959	XP_006408443.1	g7897
OG0006960	XP_006408404.1	g7864, g12681
OG0006961	XP_024015549.1	g12678
OG0006962	XP_006408375.1	g12759
OG0006963	XP_006408357.1	g12760
OG0006964	XP_006408347.1	g7837
OG0006965	XP_006408287.1	g7819
OG0006966	XP_006408274.1	g7813
OG0006967	XP_006408257.1	g7807
OG0006968	XP_006408230.1	g12614, g7794
OG0006969	XP_006408204.1	g7782
OG0006970	XP_006408190.1	g7766, g7775
OG0006972	XP_006395014.1	g12823
OG0006973	XP_006408132.1	g7733
OG0006974	XP_006408088.1	g7707
OG0006975	XP_006408068.1	g12552
OG0006976	XP_006408002.1	g12906, g12511
OG0006977	XP_006408001.1	g12907, g12510
OG0006978	XP_006407986.1	g12507
OG0006979	XP_006407968.2	g12498
OG0006980	XP_006407965.1	g7657
OG0006981	XP_006400399.1	g29047
OG0006982	XP_006407902.1	g7626
OG0006983	XP_006407900.1	g7625
OG0006984	XP_006407882.1	g12945, g7613, g12461
OG0006985	XP_006407863.1	g12450
OG0006986	XP_006407839.1	g7593
OG0006987	XP_006407797.1	g12432
OG0006988	XP_006407723.1	g7521
OG0006989	XP_006411274.1	g51870
OG0006990	XP_006411264.1	g51863
OG0006991	XP_006411252.1	g38137
OG0006992	XP_006411222.1	g51464, g51814
OG0006993	XP_006411210.1	g37330
OG0006994	XP_006411189.1	g37324, g38129
OG0006995	XP_006411155.1	g37315
OG0006996	XP_006411163.1	g38125
OG0006997	XP_006411108.2	g38109
OG0006999	XP_006411098.1	g37291
OG0007000	XP_006411097.1	g51738
OG0007002	XP_006410760.1	g51551
OG0007003	XP_006410776.1	g51564
OG0007005	XP_006410791.1	g37151
OG0007006	XP_006410798.1	g38031
OG0007007	XP_006410820.1	g51585
OG0007008	XP_006410891.1	g37196
OG0007009	XP_006410905.1	g37203
OG0007010	XP_006410916.1	g37207
OG0007011	XP_006410920.1	g37209
OG0007012	XP_006410928.1	g37212
OG0007013	XP_006410987.1	g51678
OG0007014	XP_006411028.1	g51710, g37261
OG0007015	XP_006411064.1	g37280
OG0007016	XP_024008062.1	g31620
OG0007017	XP_006389822.1	g46561
OG0007018	XP_006416827.1	g27340
OG0007020	XP_006416770.1	g31670
OG0007021	XP_006416762.1	g49983, g31675
OG0007022	XP_024007782.1	g31685, g49991
OG0007023	XP_006390676.1	g44611
OG0007024	XP_006416686.1	g50010
OG0007025	XP_006416677.1	g31720
OG0007026	XP_006416662.1	g50017, g31734
OG0007027	XP_006416653.1	g31742
OG0007028	XP_006416588.1	g31790
OG0007029	XP_006416545.1	g50061
OG0007030	XP_006416544.1	g50062, g27425
OG0007031	XP_006416528.1	g31826
OG0007032	XP_006416527.1	g50070, g31827
OG0007033	XP_024008149.1	g31861
OG0007035	XP_006416374.1	g31946, g27465
OG0007037	XP_006416306.1	g31993
OG0007038	XP_006416255.1	g32013
OG0007039	XP_006416248.1	g50220
OG0007040	XP_024008943.1	g50227
OG0007042	XP_024007738.1	g44633
OG0007043	XP_006416084.2	g27546, g50295
OG0007044	XP_006416056.1	g50302
OG0007045	XP_006416042.1	g50308, g32085
OG0007046	XP_006416014.1	g27566, g50325
OG0007047	XP_006415884.1	g50376
OG0007048	XP_006415820.1	g32243
OG0007049	XP_024008670.1	g32253
OG0007050	XP_006413446.1	g17219, g1673
OG0007051	XP_006413416.1	g23830
OG0007052	XP_024004464.1, XP_024004475.1	g17202
OG0007054	XP_006413051.1	g23618
OG0007055	XP_006404976.1	g50984
OG0007057	XP_006411002.1	g51691
OG0007058	XP_006404743.1	g38470
OG0007059	XP_006404673.1	g50892, g38507
OG0007060	XP_006404544.1	g50849
OG0007061	XP_006395212.1	g10290
OG0007062	XP_006391633.1, XP_006417000.1	g27280
OG0007064	XP_006417080.1	g27250
OG0007065	XP_006417145.1	g27210, g49871
OG0007066	XP_006417165.1	g31423
OG0007067	XP_006417171.1	g49858
OG0007068	XP_006417231.1	g49821
OG0007069	XP_006417238.1	g49820
OG0007070	XP_006417298.1	g49785, g31339
OG0007071	XP_006393676.1, XP_024012435.1, XP_006417297.1, XP_024008083.1, XP_006417332.2	g11092
OG0007072	XP_024008633.1	g27144
OG0007073	XP_006417384.1	g31301
OG0007074	XP_024008457.1	g27137
OG0007075	XP_006417396.1	g31296
OG0007076	XP_006417478.1	g31247
OG0007077	XP_006417503.1	g31233
OG0007079	XP_006417545.2	g49698
OG0007080	XP_006417589.1	g27068
OG0007081	XP_024008327.1	g31154
OG0007082	XP_024008154.1	g31138
OG0007083	XP_006417709.1	g49617
OG0007084	XP_024010842.1	g50782
OG0007086	XP_006417816.1	g31056, g27004
OG0007087	XP_006417818.1	g31055
OG0007088	XP_006417870.2	g31031
OG0007089	XP_024011973.1	g28299
OG0007090	XP_006412392.1	g23205
OG0007091	XP_006417945.1	g26970
OG0007092	XP_006417959.1	g49533
OG0007093	XP_006417994.1	g30950
OG0007094	XP_024008311.1	g49478
OG0007095	XP_024008664.1	g30903
OG0007096	XP_024008777.1	g26943
OG0007097	XP_006418113.1	g49457
OG0007098	XP_006418117.1	g49456
OG0007099	XP_024010181.1	g49448
OG0007100	XP_006418229.1	g49435
OG0007101	XP_006418197.1	g30841
OG0007103	XP_006418282.1	g49395, g30802
OG0007104	XP_006418288.1	g49393
OG0007106	XP_024008453.1	g30742
OG0007107	XP_006403907.1	g19306
OG0007108	XP_006418486.1	g49289
OG0007109	XP_006399948.1	g5192
OG0007110	XP_006399945.1	g29313
OG0007111	XP_006399943.1	g5198
OG0007112	XP_024011569.1	g5207
OG0007113	XP_006399997.1	g5157
OG0007114	XP_006400059.1	g5117, g29257
OG0007115	XP_006400035.1	g5131
OG0007116	XP_006400089.1	g29236
OG0007117	XP_006400177.1	g29195
OG0007118	XP_006400197.1	g29182
OG0007119	XP_006400198.1	g5033
OG0007120	XP_006409320.1	g29154, g13733
OG0007121	XP_006400258.1	g29144
OG0007122	XP_024012144.1	g29133
OG0007123	XP_006400419.1	g4913
OG0007124	XP_024011982.1	g29098
OG0007125	XP_024006675.1	g4862
OG0007126	XP_006394890.1	g10106
OG0007127	XP_006394932.1	g4798
OG0007128	XP_006394966.1	g10147
OG0007129	XP_006395033.1	g10178, g4744
OG0007130	XP_006395062.1	g10190
OG0007131	XP_006395106.1	g4536, g10233
OG0007132	XP_006395132.1	g18500, g10226, g17978
OG0007133	XP_024006704.1	g10274
OG0007134	XP_006395149.1	g1646, g1654
OG0007135	XP_006399844.1	g29350
OG0007136	XP_006399178.1	g5575, g45467
OG0007137	XP_006399153.1	g29659, g45460
OG0007138	XP_006399129.1	g29670
OG0007139	XP_006399839.1	g5268
OG0007140	XP_024012238.1	g5269
OG0007141	XP_006399103.1	g5600
OG0007142	XP_024011523.1	g5632
OG0007143	XP_006398966.1	g29749
OG0007144	XP_006398941.1	g29762
OG0007145	XP_006398949.1	g5658, g29759
OG0007146	XP_006398907.1	g29789
OG0007147	XP_006400506.1	g29117
OG0007148	XP_006394835.1	g618
OG0007149	XP_006394830.1	g10078, g616
OG0007150	XP_006394828.1	g10077
OG0007151	XP_006394754.1	g10038
OG0007152	XP_006394753.1	g10035
OG0007153	XP_006394732.1	g563
OG0007154	XP_006394731.1	g562
OG0007156	XP_006394670.1	g522
OG0007157	XP_006394669.1	g521, g9996
OG0007158	XP_006404206.2	g2680
OG0007159	XP_006394626.1	g498
OG0007160	XP_006394616.1	g493, g18587
OG0007161	XP_006394598.1	g9958
OG0007162	XP_006394597.1	g9957
OG0007163	XP_006402176.1, XP_006394557.1	g9943
OG0007164	XP_006394554.1	g445, g9941
OG0007165	XP_006394548.1	g443, g9932
OG0007166	XP_006394527.2	g9912
OG0007167	XP_006394495.1	g417
OG0007168	XP_006394396.1	g9860
OG0007169	XP_006394388.1	g9855
OG0007170	XP_006394375.1	g347
OG0007171	XP_006394352.1	g334
OG0007172	XP_006404304.1	g2759
OG0007173	XP_006394331.1	g325
OG0007174	XP_006401051.1	g28718, g1217
OG0007175	XP_006403988.1	g2524
OG0007176	XP_006404103.1	g2609
OG0007177	XP_006404124.1	g2619
OG0007178	XP_006404293.1	g19486
OG0007179	XP_024006858.1	g18615
OG0007180	XP_006404356.1	g19506
OG0007181	XP_006404430.2	g2812, g19526
OG0007182	XP_024012539.1	g28770
OG0007183	XP_006419069.1	g3005
OG0007184	XP_006419077.1	g11446
OG0007185	XP_006404470.1	g11467
OG0007186	XP_006419158.1	g19616, g11500
OG0007187	XP_006391275.1	g41688
OG0007188	XP_024011178.1	g44904
OG0007191	XP_006391024.1	g45794
OG0007192	XP_006390998.1	g44753
OG0007193	XP_006391176.2	g44854
OG0007194	XP_024013869.1	g45822, g44715
OG0007195	XP_006390950.2	g45823
OG0007197	XP_006390839.1	g44678
OG0007198	XP_006390823.1	g45884
OG0007199	XP_006390816.1	g45893, g44666
OG0007200	XP_006390796.1	g45909
OG0007201	XP_006390744.1	g44636
OG0007202	XP_006390726.1	g44624
OG0007203	XP_024011437.1	g41417
OG0007204	XP_006389997.1	g46441
OG0007206	XP_024011111.1	g40543
OG0007207	XP_006390099.1	g46348
OG0007208	XP_006390109.1	g44364
OG0007209	XP_006390158.1	g44386
OG0007210	XP_006390199.1	g44399, g46274
OG0007211	XP_006390218.1	g46263
OG0007212	XP_006390241.1	g44416
OG0007213	XP_006390277.1	g44436, g43487
OG0007214	XP_006390280.1	g44440
OG0007215	XP_006390365.1	g46177
OG0007216	XP_006390372.1	g44496
OG0007217	XP_024010902.1	g44498
OG0007218	XP_006390388.1	g44501
OG0007219	XP_006390419.1	g44519, g46142
OG0007220	XP_006390512.1	g46091
OG0007221	XP_006390580.1	g44575, g46052
OG0007222	XP_006398007.1	g52162
OG0007223	XP_006390619.1	g46018
OG0007224	XP_024011219.1	g44608
OG0007225	XP_006389991.1	g46443
OG0007226	XP_006389964.1	g46470
OG0007227	XP_006407555.1	g12370
OG0007227	XP_024012434.1	g7425
OG0007228	XP_006389901.1	g46514
OG0007229	XP_024006933.1	g44327
OG0007230	XP_006389868.1	g44313, g46533
OG0007231	XP_006416856.2, XP_006389841.1	g46545
OG0007232	XP_024012506.1	g46600
OG0007233	XP_006389837.1	g46548
OG0007234	XP_006389832.1	g46552
OG0007235	XP_006389826.1	g46559
OG0007237	XP_006416881.1	g27313
OG0007238	XP_006389775.1	g19596
OG0007239	XP_006389769.1	g44278
OG0007240	XP_006407273.1	g7267
OG0007241	XP_006407271.1	g7265
OG0007243	XP_006407176.1	g12220
OG0007244	XP_006407159.1	g13201
OG0007245	XP_006407118.1	g7186, g12197
OG0007246	XP_006407113.1	g7179
OG0007247	XP_006407064.1	g12175, g13221
OG0007248	XP_006406976.1	g7086
OG0007249	XP_006406960.1	g7074
OG0007250	XP_024015609.1	g13238
OG0007252	XP_006406916.1	g12108, g7057
OG0007253	XP_006406887.1	g13250
OG0007254	XP_024015454.1	g12102
OG0007255	XP_006406871.1	g7040
OG0007256	XP_006406864.1	g7036
OG0007257	XP_006406618.2	g6883
OG0007258	XP_006406773.1	g6978, g12058
OG0007259	XP_024015069.1	g6959
OG0007260	XP_006406726.1	g12046, g6944, g13287
OG0007261	XP_006406689.1	g6919
OG0007262	XP_006406688.1	g12031
OG0007263	XP_006406670.1	g6913
OG0007264	XP_006406653.1	g6905
OG0007265	XP_006406641.1	g13300, g12019
OG0007266	XP_006406599.1	g6872, g12007
OG0007267	XP_006406568.1	g13321
OG0007268	XP_006406556.1	g6850
OG0007269	XP_006406518.1	g11962
OG0007270	XP_006406508.1	g11960
OG0007271	XP_006406503.1	g13336
OG0007272	XP_006406497.1	g6799, g13338
OG0007274	XP_006406431.1	g6758
OG0007275	XP_006406406.1	g6750
OG0007276	XP_006406335.1	g11888
OG0007277	XP_006406303.1, XP_006406170.1	g6685
OG0007278	XP_006406257.1	g6663
OG0007279	XP_006406271.1	g6672
OG0007280	XP_006406274.1	g6673
OG0007281	XP_006406283.1	g11870
OG0007282	XP_006406205.1	g6596, g13410
OG0007283	XP_006406203.1	g6595
OG0007284	XP_006406187.2	g13415
OG0007286	XP_006406158.1	g13425
OG0007287	XP_006406142.1, XP_024014952.1	g6573
OG0007288	XP_006406132.1	g13434
OG0007289	XP_006406003.1	g6513
OG0007290	XP_006418851.1	g11750
OG0007291	XP_006418841.1	g13474, g6507
OG0007292	XP_006418813.1	g6486, g11734
OG0007293	XP_024009230.1	g13478
OG0007294	XP_006418750.1	g11724
OG0007295	XP_006418732.1	g6450, g13510
OG0007296	XP_006409707.1	g6301
OG0007297	XP_006419016.1, XP_024003976.1	g40058
OG0007298	XP_024016572.1	g6310
OG0007299	XP_006409583.1	g6171
OG0007301	XP_006409350.1	g14045
OG0007302	XP_006409324.1	g14033
OG0007303	XP_024016496.1	g6049
OG0007304	XP_006409192.1	g6026
OG0007305	XP_006409105.2	g13934
OG0007306	XP_006409075.1	g13802
OG0007307	XP_006408876.1	g13808
OG0007308	XP_006408960.1	g13853, g5907
OG0007309	XP_024015158.1	g13144, g7292
OG0007310	XP_006392624.1	g36721
OG0007311	XP_006392654.1	g27984
OG0007312	XP_006392675.1	g36700, g54335
OG0007313	XP_006392750.1	g36665
OG0007314	XP_006392901.1	g36577
OG0007315	XP_024006289.1	g54254, g36559
OG0007316	XP_006392953.1	g36553
OG0007317	XP_006392999.1	g36521, g28031
OG0007318	XP_006393029.1	g36512, g54218
OG0007319	XP_006393187.1	g36422
OG0007320	XP_006393264.1	g36391
OG0007321	XP_006393363.1	g28098, g36356
OG0007322	XP_006393331.1	g36369
OG0007323	XP_006393417.1	g36322
OG0007324	XP_006393463.1	g54063
OG0007325	XP_006393505.1	g54024
OG0007326	XP_006414376.1	g24366, g24375
OG0007327	XP_006414378.1	g17593, g47141
OG0007328	XP_006414418.1	g47128
OG0007329	XP_006410633.1	g51474
OG0007330	XP_024016673.1	g51471
OG0007331	XP_006403850.2	g2433
OG0007332	XP_006403846.1	g2431, g19278
OG0007333	XP_006403813.1	g19262
OG0007334	XP_006403799.1	g19242
OG0007335	XP_006403798.1	g19241
OG0007336	XP_006403717.1	g19208
OG0007337	XP_024013665.1	g19289, g2456
OG0007338	XP_006403887.1	g19294
OG0007339	XP_006403580.1	g2292, g11298
OG0007340	XP_006403556.1	g2276
OG0007341	XP_006403520.1	g2246, g19131
OG0007342	XP_006403454.1	g2195
OG0007343	XP_006412468.1, XP_006412516.1	g23266, g16918
OG0007345	XP_006402981.1	g2141
OG0007346	XP_006402943.1	g2059
OG0007347	XP_006402761.1	g1992
OG0007348	XP_006402759.1	g18938, g1995
OG0007349	XP_006397104.1, XP_006402673.2	g2029
OG0007350	XP_006402566.1	g18805
OG0007351	XP_024012939.1	g1893
OG0007352	XP_006402493.2	g1868
OG0007353	XP_006402419.1	g1524, g18682
OG0007354	XP_006402409.1	g1776
OG0007355	XP_006402300.1	g18770
OG0007357	XP_024003878.1	g37304
OG0007358	XP_006401569.1	g960
OG0007359	XP_006391315.1	g19221, g19220, g6438
OG0007360	XP_006402403.1	g18683, g1769
OG0007361	XP_006398471.1	g10842
OG0007363	XP_006410584.1	g51443
OG0007364	XP_006410604.1	g37982
OG0007365	XP_006410648.1	g51485
OG0007367	XP_006406007.1	g11752
OG0007368	XP_006390317.2	g44466
OG0007370	XP_006412522.1	g23290
OG0007372	XP_006418127.1	g49453
OG0007373	XP_006417246.1	g31376
OG0007374	XP_024015486.1	g6926
OG0007376	XP_024015215.1	g7047
OG0007378	XP_006418111.1, XP_006409284.2	g49230, g20819, g20816, g49227, g20813, g30205
OG0007379	XP_024012229.1	g29379
OG0007380	XP_006413724.1	g23982, g17846
OG0007381	XP_024005545.1	g24152
OG0007382	XP_006414137.1, XP_006414138.1	g24207
OG0007383	XP_024009772.1, XP_006410582.1	g37084
OG0007384	XP_024016067.1	g40111
OG0007385	XP_006400246.1	g5003
OG0007386	XP_006395016.1	g18503
OG0007388	XP_024012284.1	g28634
OG0007389	XP_006400952.1	g39231
OG0007391	XP_024016306.1	g46976
OG0007393	XP_024016533.1	g13950
OG0007395	XP_024010606.1	g46167
OG0007398	XP_006418921.1	g2889
OG0007400	XP_006401877.1	g1304
OG0007413	XP_006412979.1	g17051, g23567
OG0007414	XP_024005894.1	g23550, g47675
OG0007415	XP_006412946.1	g23548, g17040
OG0007416	XP_006412926.1	g47677
OG0007417	XP_006412918.1	g23531
OG0007418	XP_024005609.1	g47682
OG0007419	XP_006412833.1	g47698
OG0007420	XP_006412816.1	g23459, g17002
OG0007421	XP_006412801.1	g23457
OG0007422	XP_006412777.1	g47724
OG0007423	XP_006412761.1	g23439
OG0007424	XP_006412727.1	g47739
OG0007425	XP_006412685.1	g47752
OG0007426	XP_006412625.1	g23350, g47769
OG0007428	XP_006412600.1	g23332, g47781
OG0007429	XP_006412596.1	g47782, g16955
OG0007430	XP_006412585.1	g23321
OG0007431	XP_006412583.1	g16951
OG0007432	XP_006412564.1	g23309, g16946
OG0007433	XP_006417292.1	g40155
OG0007434	XP_006412505.1	g23282
OG0007435	XP_006412504.1	g23281
OG0007436	XP_006412499.1	g47804
OG0007437	XP_006412496.1	g16929
OG0007438	XP_006402043.1	g53374, g36754
OG0007439	XP_024005688.1	g23260
OG0007440	XP_006412437.1	g23247
OG0007441	XP_006412378.1	g23197
OG0007442	XP_006412391.1	g23204
OG0007443	XP_006412358.1	g23180
OG0007444	XP_006412359.1	g23181
OG0007445	XP_006412313.1	g23155
OG0007446	XP_006412253.1	g23116
OG0007448	XP_006412281.1	g23137
OG0007449	XP_006412284.1	g47863
OG0007450	XP_006412287.1	g47862, g23140
OG0007451	XP_024005757.1	g23086
OG0007452	XP_006412221.1	g23083
OG0007453	XP_006412211.1	g47883
OG0007454	XP_006412209.2	g23075
OG0007455	XP_006412186.1	g23047
OG0007456	XP_006412167.1	g23038
OG0007457	XP_006415365.1	g27757
OG0007458	XP_006415322.1	g50599
OG0007459	XP_006415321.1	g27736
OG0007460	XP_006415277.1	g27722
OG0007462	XP_006415244.1	g50630
OG0007463	XP_006415236.1	g32597
OG0007464	XP_006414303.1	g47183
OG0007465	XP_024005512.1	g24327
OG0007466	XP_006414348.1	g24355, g2666
OG0007467	XP_006414363.1	g17590
OG0007468	XP_006392532.1	g43827
OG0007469	XP_006392492.1	g41135
OG0007470	XP_006414492.1	g24448
OG0007471	XP_006392412.1	g41105, g43988
OG0007473	XP_006392315.1	g41062
OG0007474	XP_006417467.1	g49726
OG0007475	XP_006392069.1	g40983
OG0007476	XP_024013259.1	g40977
OG0007477	XP_006417386.1	g27142
OG0007478	XP_006391988.1	g40961
OG0007479	XP_006391973.1	g40946
OG0007480	XP_006391968.1	g44195
OG0007481	XP_006398489.1	g10829
OG0007482	XP_006398501.1	g51421
OG0007483	XP_006398516.1	g10810
OG0007484	XP_006395848.1	g10761
OG0007485	XP_006416977.2	g31550
OG0007486	XP_006395753.1	g16698
OG0007487	XP_006395741.1	g10678
OG0007488	XP_006395734.1	g10674, g16694
OG0007489	XP_006395712.1	g10668
OG0007490	XP_024016486.1, XP_024016487.1, XP_006395697.1	g10659
OG0007493	XP_006395625.1	g10610
OG0007495	XP_006395561.1	g10573
OG0007496	XP_024007170.1	g1590
OG0007497	XP_006395520.1	g10545
OG0007498	XP_006395502.1	g10533
OG0007499	XP_006395495.1	g10528
OG0007501	XP_006395473.1	g10513
OG0007502	XP_006395472.1	g10512
OG0007503	XP_024007337.1	g10495
OG0007504	XP_006395407.1	g10462
OG0007506	XP_006395296.1	g10365
OG0007507	XP_006405653.2	g16904
OG0007508	XP_006395275.1	g10350
OG0007509	XP_006395253.1	g10321
OG0007510	XP_006391502.1	g41777
OG0007511	XP_024012728.1	g41818
OG0007512	XP_006391436.1	g44970
OG0007513	XP_006391351.1	g45018
OG0007514	XP_006391348.1	g45021
OG0007515	XP_006391520.1	g45049
OG0007516	XP_006391565.1	g45091
OG0007517	XP_006400322.1	g29012
OG0007518	XP_006391604.1	g40749
OG0007519	XP_006392691.1	g36693
OG0007520	XP_006391666.1	g40819
OG0007521	XP_006391689.1	g40806
OG0007522	XP_006391734.1	g40783
OG0007523	XP_024013280.1	g40847
OG0007524	XP_006391764.1	g45107
OG0007525	XP_006391781.1	g40855
OG0007526	XP_006391794.1	g44244
OG0007527	XP_006391866.1	g40903
OG0007528	XP_006391896.1	g40912
OG0007529	XP_024015305.1	g40924, g37947
OG0007530	XP_006407312.1	g7293
OG0007531	XP_006407314.1	g7295
OG0007532	XP_006407315.1	g7300
OG0007533	XP_006407328.1	g7307
OG0007534	XP_006413003.2	g17115, g17070
OG0007535	XP_006413267.1	g23734, g17150
OG0007536	XP_024005693.1	g47566
OG0007538	XP_024016711.1	g51955
OG0007539	XP_006411342.1	g37366
OG0007540	XP_006411339.1	g51947, g38146
OG0007541	XP_006392641.1	g13021
OG0007542	XP_006407708.1	g13015
OG0007543	XP_006407701.1	g7510
OG0007544	XP_006407669.1	g13050
OG0007545	XP_006407665.1	g7484
OG0007546	XP_006407642.1	g7472, g13061
OG0007547	XP_006407633.1	g7466
OG0007548	XP_006398831.1	g45368
OG0007549	XP_006407615.1	g12387
OG0007550	XP_024015772.1	g13070
OG0007551	XP_006407579.1	g7436
OG0007552	XP_006407557.1	g7427
OG0007553	XP_006398917.1	g5681, g29785
OG0007554	XP_006407507.1	g7413, g12355
OG0007555	XP_006407465.1	g12331
OG0007556	XP_006407460.1	g12327
OG0007557	XP_006407450.1	g12322, g7384
OG0007559	XP_006407429.1	g7369
OG0007560	XP_006407422.1	g7364
OG0007561	XP_006407417.1	g7359
OG0007562	XP_024015780.1	g13124
OG0007563	XP_006412996.1	g17064
OG0007564	XP_006407391.1	g7343
OG0007565	XP_006407390.1	g12297, g13129
OG0007566	XP_024015623.1	g7341
OG0007568	XP_006407342.1	g12286
OG0007569	XP_006412254.1	g18201
OG0007570	XP_006402220.1	g1468
OG0007571	XP_006398379.2	g10915
OG0007572	XP_024006648.1	g54003
OG0007573	XP_006402075.1	g28285
OG0007574	XP_024011294.1	g1382, g28286
OG0007575	XP_006402060.1	g1369
OG0007576	XP_006402056.1	g28296
OG0007577	XP_006412365.1	g18151
OG0007578	XP_024012679.1	g882
OG0007579	XP_006401719.1	g41280
OG0007581	XP_006401742.1	g28405
OG0007582	XP_006401750.1	g28400
OG0007583	XP_006401753.2	g28397, g41255
OG0007584	XP_006401716.1	g41282
OG0007585	XP_006401709.1	g28421
OG0007586	XP_006401623.1	g28456
OG0007587	XP_006401641.1	g940, g28448
OG0007588	XP_024011466.1	g956
OG0007589	XP_006401558.1	g28488, g39413
OG0007590	XP_006401508.1	g28496
OG0007591	XP_006401435.1	g28521
OG0007592	XP_006401404.1	g28530
OG0007593	XP_006401379.1	g1046
OG0007594	XP_006401366.1	g28548
OG0007595	XP_006417344.1	g27158
OG0007596	XP_006401272.2	g28575
OG0007597	XP_006401256.1	g1095
OG0007598	XP_006401252.1	g28596
OG0007599	XP_006401247.1	g28794, g28601
OG0007600	XP_024011954.1	g39307
OG0007601	XP_006401206.1	g28641
OG0007602	XP_006401182.1	g28650
OG0007603	XP_006401166.1	g28660
OG0007604	XP_024012611.1	g1155
OG0007605	XP_006394965.1	g10146
OG0007606	XP_006399830.1	g5273
OG0007607	XP_006399803.1	g5289
OG0007608	XP_006399794.1	g29375, g45610
OG0007609	XP_006399788.1	g29373, g5293
OG0007610	XP_006399776.1	g29389
OG0007611	XP_006399756.1	g45597
OG0007612	XP_006399742.1	g45589
OG0007613	XP_006399729.1	g5326
OG0007614	XP_006399721.1	g5331
OG0007615	XP_006399711.1	g5338, g29420
OG0007616	XP_006399692.1	g5350
OG0007617	XP_006399654.1	g5371, g29443
OG0007618	XP_006399652.1	g5372, g29445, g45568
OG0007619	XP_006399624.1	g29449
OG0007620	XP_006404928.1	g29467, g5392
OG0007621	XP_024012372.1	g5405
OG0007622	XP_024011520.1	g5470
OG0007623	XP_024011656.1	g45504, g5486
OG0007624	XP_006399355.1	g29577
OG0007625	XP_006399346.1	g29581
OG0007626	XP_006399303.1	g45493
OG0007627	XP_006399301.1	g5515
OG0007628	XP_006399273.1	g29604
OG0007629	XP_006399212.2	g5555
OG0007630	XP_006399207.1	g5562
OG0007631	XP_006414231.2	g17552
OG0007632	XP_006414183.1	g47240
OG0007633	XP_006414169.1	g47248, g24229
OG0007634	XP_006414160.1	g24226
OG0007635	XP_006414155.1	g24223, g17496
OG0007637	XP_024007224.1	g13150
OG0007638	XP_006414043.1	g47292
OG0007639	XP_006414031.2	g17453
OG0007640	XP_006414002.1	g47300
OG0007641	XP_006413979.1	g24128
OG0007642	XP_006413916.1	g24079
OG0007643	XP_006398108.2	g40514
OG0007644	XP_006394427.1	g9870
OG0007645	XP_006413863.1	g17374
OG0007646	XP_024005135.1, XP_006413948.1	g47355
OG0007647	XP_006396625.1	g25544
OG0007648	XP_024005342.1	g47375
OG0007649	XP_006413747.1	g23990
OG0007650	XP_024005439.1	g17309
OG0007651	XP_006413689.1	g23969
OG0007652	XP_006413677.1	g47413
OG0007653	XP_024005282.1	g17302
OG0007654	XP_006413650.2	g17294
OG0007655	XP_006413639.1	g23949
OG0007656	XP_006413627.1	g17282
OG0007657	XP_006413609.1	g23933
OG0007658	XP_006413586.1	g47450
OG0007659	XP_006413583.1	g23918
OG0007660	XP_006413536.1	g23884
OG0007661	XP_006413523.1	g23878
OG0007662	XP_006413492.1	g23860
OG0007663	XP_006415119.1	g50683
OG0007664	XP_006415113.1	g50690
OG0007665	XP_024009173.1	g32666
OG0007666	XP_006415050.2	g32730
OG0007667	XP_006397417.1	g50756, g32837
OG0007668	XP_006396023.1	g27921
OG0007669	XP_006393710.1	g53907
OG0007671	XP_006393603.1	g53983
OG0007672	XP_006393523.1	g54016
OG0007673	XP_006407814.1	g7576
OG0007675	XP_006415675.1	g32331
OG0007677	XP_006415655.1	g50473
OG0007678	XP_006415643.1	g50486, g32356
OG0007679	XP_006415600.1	g32389
OG0007681	XP_006415483.1	g27700
OG0007682	XP_006415435.1	g27710
OG0007683	XP_006415433.1	g32487
OG0007684	XP_006415426.1	g32492
OG0007685	XP_006412093.1	g22993
OG0007686	XP_006398770.2	g29839
OG0007687	XP_024004382.1	g18235
OG0007688	XP_024004537.1	g47946
OG0007689	XP_006412036.2	g22961
OG0007690	XP_006412014.1	g47965
OG0007691	XP_006411992.1	g22920
OG0007693	XP_006411964.1	g22902
OG0007694	XP_006411941.1	g47979
OG0007695	XP_006404832.1	g38431
OG0007696	XP_006411927.1	g22870
OG0007698	XP_006411861.1	g22818
OG0007699	XP_006411856.1	g22814
OG0007700	XP_006411855.1	g22812
OG0007701	XP_024004583.1	g18287
OG0007702	XP_006411821.1	g22787
OG0007703	XP_006411812.1	g22779
OG0007704	XP_024005262.1	g22747
OG0007705	XP_006411768.1	g22732
OG0007706	XP_006411751.1	g22713
OG0007707	XP_006411644.1	g18354
OG0007708	XP_006403088.1	g46880
OG0007709	XP_006405878.1	g16745
OG0007710	XP_006405687.2	g43901, g46727
OG0007711	XP_006410654.1	g37118
OG0007712	XP_006410663.1	g37122
OG0007713	XP_006410674.1	g37993
OG0007714	XP_006417489.2	g31238
OG0007715	XP_006415354.1	g27754
OG0007716	XP_006400351.1	g41491
OG0007717	XP_006410686.1	g51509
OG0007718	XP_006410681.1	g51506, g37999
OG0007719	XP_024009802.1	g40266
OG0007720	XP_006397242.1	g40241
OG0007721	XP_024009786.1, XP_006409362.2, XP_006401895.2, XP_006397129.1	g40215
OG0007722	XP_006415529.1	g32423
OG0007723	XP_006410560.1	g51430
OG0007724	XP_006410549.1	g51413
OG0007725	XP_006410539.1	g51405
OG0007726	XP_024016807.1	g51400
OG0007727	XP_006410531.1	g51399
OG0007728	XP_024003747.1	g51366
OG0007729	XP_024003808.1	g37065
OG0007730	XP_006403338.1	g11141
OG0007731	XP_006397073.1	g40306
OG0007732	XP_006396969.1	g40343
OG0007733	XP_006396929.1	g25728
OG0007734	XP_006396868.1	g25690
OG0007735	XP_006396766.1	g25603
OG0007736	XP_006396734.1	g40416
OG0007737	XP_006396694.1	g40436
OG0007738	XP_006396649.1	g25556, g40457
OG0007739	XP_006400558.1	g687
OG0007740	XP_006396636.1	g40460
OG0007741	XP_024011003.1	g40504
OG0007742	XP_006398160.1	g11009
OG0007743	XP_006398210.1	g10986
OG0007744	XP_006398238.1	g10979, g40569
OG0007745	XP_006398274.1	g10963
OG0007746	XP_006398281.1	g40594, g10960
OG0007747	XP_006398289.1	g40600
OG0007748	XP_006398311.1	g40607
OG0007749	XP_006398323.1	g10949
OG0007750	XP_006398347.1	g10941
OG0007751	XP_024012260.1	g29788
OG0007752	XP_006398354.2	g10938, g4617
OG0007753	XP_006398362.1	g40641
OG0007754	XP_006398384.1	g40666
OG0007755	XP_006398486.1	g10833
OG0007756	XP_006395958.1	g46872
OG0007757	XP_006395941.1	g46865
OG0007758	XP_006415013.1	g4052
OG0007759	XP_024009661.1	g11675
OG0007760	XP_006418714.1	g11701
OG0007761	XP_006414920.1	g46988, g26202, g26237
OG0007762	XP_006414851.1	g24594
OG0007763	XP_006414737.1	g24535
OG0007764	XP_006414515.1	g17660
OG0007764	XP_006406247.1	g47103
OG0007765	XP_006405403.1	g46654
OG0007766	XP_006405306.1	g16771
OG0007767	XP_024014579.1, XP_024014759.1	g16759
OG0007769	XP_024010819.1	g50837
OG0007770	XP_006397969.1	g37751
OG0007771	XP_006397964.1	g50834
OG0007772	XP_006397928.1	g50823
OG0007773	XP_006397921.1	g50818
OG0007774	XP_006397913.1	g50815
OG0007776	XP_006397848.1	g50786, g37673
OG0007777	XP_006397840.1	g50781
OG0007778	XP_006397806.1	g37649
OG0007780	XP_006397791.1	g52294
OG0007781	XP_006397790.1	g37642
OG0007782	XP_024010725.1	g37641
OG0007783	XP_006397786.1	g37640
OG0007784	XP_006397759.1	g37635
OG0007785	XP_006397747.1	g37621
OG0007786	XP_006397721.1	g37608
OG0007787	XP_006397665.1, XP_006414077.2	g52196
OG0007788	XP_024010733.1	g52165
OG0007789	XP_024010744.1	g37531
OG0007790	XP_006397578.1	g52157
OG0007791	XP_006397562.1	g52141
OG0007792	XP_024016824.1	g37469
OG0007793	XP_006411518.1	g52062
OG0007794	XP_006411464.1	g52020
OG0007795	XP_006411480.1	g52039
OG0007796	XP_006398602.1	g5843
OG0007797	XP_006398622.1	g5825
OG0007798	XP_006398640.1	g5816
OG0007799	XP_006398654.1	g5806
OG0007800	XP_006398664.1	g45304
OG0007801	XP_006398699.1	g29856
OG0007802	XP_006398707.1	g5785
OG0007803	XP_006398711.1	g45316
OG0007804	XP_024011815.1	g45317
OG0007805	XP_006398729.1	g5779
OG0007806	XP_006398842.1, XP_024009640.1	g5714, g29816
OG0007807	XP_006398758.2	g5759
OG0007808	XP_006398838.1	g5716, g45373
OG0007809	XP_024012656.1	g29807
OG0007810	XP_006398868.1	g45390
OG0007811	XP_006398874.1	g5699
OG0007812	XP_024012504.1	g29800
OG0007813	XP_024011775.1	g29796
OG0007814	XP_006400499.1	g29113
OG0007815	XP_024011773.1	g41420
OG0007816	XP_006400532.1	g28977
OG0007817	XP_006400623.1	g28926
OG0007818	XP_024011494.1	g28918
OG0007819	XP_006400670.1	g41379
OG0007820	XP_006400676.1	g746
OG0007821	XP_006400681.1	g28904
OG0007822	XP_024011563.1	g759
OG0007823	XP_006400704.1	g41365
OG0007824	XP_006400751.1	g798
OG0007825	XP_006400783.1	g28862, g811
OG0007826	XP_024011517.1	g28850
OG0007827	XP_024011577.1	g41331
OG0007828	XP_006400840.1	g41328
OG0007829	XP_006400871.1	g28803
OG0007830	XP_006400892.1	g1299
OG0007831	XP_006400926.1	g39225, g1284
OG0007832	XP_024012540.1	g45088, g1251
OG0007833	XP_006401014.1	g39256, g1239
OG0007834	XP_006401031.2	g39264
OG0007835	XP_006394311.1	g318, g9825
OG0007836	XP_006394305.1	g314, g15977, g9822
OG0007837	XP_024007142.1	g18631
OG0007838	XP_006394273.2	g9814
OG0007839	XP_006401264.1	g1092
OG0007840	XP_006394218.2	g9793
OG0007842	XP_024006791.1	g36015, g18644, g36014
OG0007843	XP_006394126.1	g9750, g212
OG0007844	XP_006394109.1	g9745
OG0007845	XP_006394106.1	g9743
OG0007846	XP_006394062.1	g9722
OG0007847	XP_006394057.1	g9721
OG0007848	XP_006394051.1	g160
OG0007849	XP_006393999.1	g9699
OG0007850	XP_006393998.1	g141
OG0007851	XP_006393988.1	g129
OG0007852	XP_006393967.1	g9684, g110
OG0007853	XP_006393935.1	g87
OG0007854	XP_006393928.1	g81
OG0007855	XP_024007489.1	g9667, g74
OG0007856	XP_024007084.1	g9649
OG0007857	XP_006393841.1	g28
OG0007858	XP_006403947.1	g19323
OG0007859	XP_006393831.2	g9629
OG0007860	XP_006396267.1	g25371
OG0007861	XP_024009839.1	g25368
OG0007862	XP_024010128.1	g39487
OG0007863	XP_006396307.1	g25400
OG0007864	XP_006396314.1	g45261
OG0007865	XP_006396344.1	g39494
OG0007866	XP_006396363.1	g25423
OG0007867	XP_006396409.1	g39538
OG0007868	XP_006396433.1	g39554
OG0007869	XP_006396437.1	g39557
OG0007870	XP_006396441.1	g25464
OG0007871	XP_006396485.1	g39603
OG0007872	XP_024010069.1	g25487
OG0007873	XP_006396530.1	g39631
OG0007874	XP_006396551.1	g25510, g39637
OG0007875	XP_006403130.1	g39677
OG0007876	XP_006403165.2	g39699
OG0007877	XP_006403265.1	g39738
OG0007878	XP_006410485.1	g39742
OG0007879	XP_006410480.1	g51352
OG0007880	XP_006410363.1	g39790
OG0007881	XP_006410361.1	g37924
OG0007882	XP_006410359.1	g51297
OG0007883	XP_006410435.1	g39761
OG0007884	XP_024004109.1	g51299
OG0007885	XP_006410311.1	g51269
OG0007886	XP_006410256.1	g39855
OG0007887	XP_006410239.1	g39868
OG0007888	XP_006410215.1	g39878
OG0007889	XP_006410200.1	g39879
OG0007891	XP_024004280.1	g39890, g39889
OG0007892	XP_006410156.2	g51213
OG0007893	XP_006410118.1	g39917
OG0007894	XP_006410122.1	g51201
OG0007895	XP_006410141.1	g51193
OG0007896	XP_006417841.1	g26996
OG0007897	XP_006410060.1	g39952
OG0007898	XP_006409911.1	g51098
OG0007899	XP_006409909.1	g40000
OG0007900	XP_006409871.1	g51078
OG0007901	XP_006409866.1	g40036
OG0007902	XP_006409855.1	g40046
OG0007903	XP_024016769.1	g40080
OG0007904	XP_006408675.1	g40141
OG0007905	XP_006397367.1	g40175
OG0007907	XP_006408756.2	g38279, g36807
OG0007908	XP_006408789.1	g38291
OG0007909	XP_006413079.1	g23638, g17089
OG0007910	XP_006413105.1	g23655
OG0007911	XP_006399992.1	g29287, g5162
OG0007912	XP_006408520.2	g12716
OG0007914	XP_006405943.1	g16736
OG0007915	XP_006413177.1	g23696
OG0007916	XP_006408472.1	g12741
OG0007917	XP_006408467.1	g7918
OG0007918	XP_006400046.1	g29261
OG0007919	XP_006408444.1	g7901
OG0007920	XP_006408423.1	g7880, g6215, g12685
OG0007921	XP_006408396.1	g12679
OG0007922	XP_006408382.1	g12671
OG0007923	XP_006408370.1	g7848
OG0007924	XP_006408342.1	g12659
OG0007925	XP_006408302.1	g7824, g12634
OG0007927	XP_024015745.1	g12612, g7790
OG0007928	XP_024015077.1	g12815
OG0007929	XP_006408159.1	g12589, g7743
OG0007930	XP_006408137.1	g7736
OG0007932	XP_006408126.1	g7725, g42578, g12835
OG0007934	XP_006408102.1	g12847
OG0007935	XP_006408089.1	g12857
OG0007937	XP_006408072.1	g12864
OG0007938	XP_006408040.1	g12877
OG0007939	XP_006408009.2	g7682
OG0007940	XP_006407994.1	g7669
OG0007941	XP_006407979.1	g12921
OG0007942	XP_006407940.1	g12928
OG0007943	XP_006407934.1	g7641
OG0007944	XP_006407932.1	g7640
OG0007945	XP_006407930.1	g7638
OG0007946	XP_006407928.1	g7636, g12930
OG0007947	XP_006407927.1	g7635, g12931
OG0007948	XP_006395131.1	g10224
OG0007949	XP_006407867.1	g12453
OG0007950	XP_006407848.1	g7598, g12445
OG0007951	XP_006407826.1	g7584
OG0007952	XP_006407810.1	g12978
OG0007953	XP_006407801.1	g7568
OG0007955	XP_006407778.1	g12996, g12426
OG0007956	XP_006407767.1	g7549
OG0007957	XP_024015163.1	g7532
OG0007958	XP_024003889.1	g51868, g38141
OG0007960	XP_006411265.1	g37352
OG0007961	XP_006411242.1	g37339
OG0007962	XP_024003773.1	g37336, g51823
OG0007963	XP_006411178.1	g37320
OG0007964	XP_024004187.1	g37296
OG0007965	XP_006410777.1	g51565
OG0007967	XP_006410793.1	g38029
OG0007968	XP_006410822.1	g51586
OG0007969	XP_006410825.2	g38039
OG0007970	XP_006410845.1	g38046
OG0007971	XP_006410868.1	g51616
OG0007972	XP_024004149.1, XP_006410874.1	g51619
OG0007973	XP_024016761.1	g37194
OG0007974	XP_006410900.1	g51630
OG0007975	XP_024004192.1	g51657, g38075
OG0007976	XP_006410959.1	g38081
OG0007977	XP_006410965.1	g51664, g38085
OG0007978	XP_006410986.1	g51677
OG0007979	XP_006411012.1	g51695, g37252
OG0007980	XP_024003840.1	g51709
OG0007981	XP_006411050.1	g51716
OG0007982	XP_006410748.1	g51545
OG0007983	XP_006416910.1	g49939, g31597
OG0007984	XP_006416834.1	g49965
OG0007985	XP_006416785.1	g31661
OG0007986	XP_006416664.1	g27396
OG0007987	XP_006416616.1	g31766
OG0007988	XP_006416629.1	g31756
OG0007989	XP_006416611.1	g31772
OG0007990	XP_024008378.1	g50039
OG0007991	XP_006416600.1	g31779
OG0007992	XP_024008156.1	g31795
OG0007993	XP_006416581.1	g31797
OG0007994	XP_006416559.1	g31811
OG0007995	XP_024009192.1	g31834
OG0007996	XP_006416520.1	g31835, g50079
OG0007997	XP_006416504.1	g31851
OG0007998	XP_006416501.1	g50087
OG0007999	XP_024008790.1	g31887
OG0008000	XP_006416456.1	g50105
OG0008001	XP_024008596.1	g27446
OG0008002	XP_006416424.1	g50125
OG0008003	XP_024008838.1	g31915, g50131
OG0008004	XP_006416357.1	g50157, g27470
OG0008005	XP_006390197.1	g44398
OG0008006	XP_024008985.1	g31958
OG0008007	XP_006416313.1	g31985
OG0008008	XP_006416300.1	g50192
OG0008009	XP_006416298.1	g31995, g50197
OG0008010	XP_006390122.1	g46324
OG0008011	XP_006416295.1	g31997
OG0008012	XP_006416287.1	g50202
OG0008013	XP_006416279.1	g27491
OG0008014	XP_006416216.1	g32024
OG0008015	XP_006416209.1	g32027
OG0008016	XP_006416193.1	g32039
OG0008017	XP_006416180.1	g32045
OG0008018	XP_024008538.1	g32046, g50278
OG0008019	XP_006416083.1	g32101
OG0008020	XP_006416055.1	g27555
OG0008021	XP_006416012.1	g50326
OG0008022	XP_006415890.1	g50372
OG0008023	XP_006415888.1	g50373, g32190
OG0008024	XP_006415880.1	g32194
OG0008025	XP_006391178.1	g44856
OG0008026	XP_006415810.1	g32249
OG0008027	XP_006415780.1	g32269
OG0008028	XP_006415781.1	g50403, g27629
OG0008029	XP_006415762.1	g27633
OG0008030	XP_024005869.1	g23846
OG0008031	XP_024005402.1	g47497
OG0008032	XP_006413447.1	g47501
OG0008033	XP_006413422.1	g23834
OG0008034	XP_006413415.1	g23829
OG0008035	XP_006413350.1	g23802, g17183
OG0008036	XP_006413338.1	g23791, g47530
OG0008037	XP_006413325.1	g47534
OG0008038	XP_006413318.1	g47539, g23767
OG0008039	XP_006413316.1	g17175
OG0008040	XP_006413024.1	g23605
OG0008041	XP_006413011.1	g23589
OG0008042	XP_006405047.1	g38354
OG0008043	XP_024014058.1	g50996, g38362
OG0008044	XP_024014336.1	g38387
OG0008045	XP_006404820.1	g38436
OG0008046	XP_006390444.1	g44538, g46132
OG0008047	XP_006404740.1	g38471, g36918
OG0008048	XP_006404739.1	g38472, g43539
OG0008049	XP_024014143.1	g38476
OG0008050	XP_024014338.1	g38483
OG0008051	XP_006404717.1	g38486
OG0008052	XP_024014287.1	g36943, g50888
OG0008053	XP_006404640.1	g38517
OG0008055	XP_006404595.1	g38528, g50866
OG0008056	XP_006404570.1	g38537
OG0008057	XP_006404566.1	g38310, g38542
OG0008058	XP_006404553.1	g50852
OG0008059	XP_006416943.1	g31574
OG0008060	XP_006416950.1	g49928
OG0008061	XP_006416952.2	g31569
OG0008062	XP_006416961.1	g31561
OG0008063	XP_006416971.2	g31553
OG0008064	XP_024008475.1	g31537
OG0008065	XP_006417012.1	g27269, g31527
OG0008066	XP_006417062.1	g31493
OG0008067	XP_006417067.1	g31487, g27256
OG0008068	XP_006417097.1	g31476, g27246, g49888
OG0008069	XP_006417151.1	g49867
OG0008070	XP_006417163.1	g49862
OG0008071	XP_006417164.1	g49861
OG0008072	XP_006417215.1	g49830, g49835, g49841
OG0008073	XP_006417227.1	g31388, g49823
OG0008074	XP_006417236.2	g27188, g31383
OG0008075	XP_006417274.1	g49800, g31350
OG0008076	XP_006417302.1	g31338, g49784
OG0008077	XP_024008689.1	g31337
OG0008078	XP_006417335.1	g27163
OG0008079	XP_006417350.1	g31321
OG0008080	XP_006417355.1	g49777
OG0008081	XP_006417445.1	g31264
OG0008082	XP_006417469.1	g31249
OG0008083	XP_006417487.1	g31241
OG0008084	XP_024008124.1	g49723
OG0008085	XP_006417537.1	g49702
OG0008086	XP_006403572.1	g19151
OG0008087	XP_006417647.1	g49657
OG0008088	XP_006417677.1	g49672, g31124
OG0008089	XP_024008249.1	g49671, g31126
OG0008090	XP_006417794.1	g31071
OG0008091	XP_024008630.1	g31050
OG0008092	XP_006417850.1	g49561
OG0008093	XP_006417901.1	g31011
OG0008094	XP_006417880.1	g49552
OG0008095	XP_006417897.1	g49547
OG0008096	XP_006417902.1	g31010
OG0008098	XP_006417911.1	g31005
OG0008099	XP_006417933.1	g30993
OG0008100	XP_006417957.1	g30976
OG0008101	XP_006417979.1	g49517
OG0008102	XP_006418002.1	g30942
OG0008103	XP_006418069.1	g30906
OG0008104	XP_006399871.1	g5250
OG0008105	XP_006418116.1	g26939, g30877
OG0008106	XP_024009201.1	g26937
OG0008107	XP_006418129.1	g30871
OG0008108	XP_006418153.1	g26926
OG0008109	XP_024008353.1	g49422
OG0008110	XP_006418222.1	g30833
OG0008111	XP_006418221.1	g30834, g26920
OG0008112	XP_006418218.1	g49424
OG0008113	XP_006418200.1	g49430
OG0008115	XP_006418259.1	g26903
OG0008116	XP_006418263.1	g49402
OG0008117	XP_006418297.1	g49390, g30796
OG0008118	XP_006418347.1	g26890
OG0008120	XP_006418339.1	g30772
OG0008121	XP_024008395.1	g49360
OG0008122	XP_006418386.1	g49346, g30769
OG0008123	XP_006418441.1	g26870
OG0008124	XP_006396194.2	g25333
OG0008125	XP_006418500.1	g26856, g30725, g49277
OG0008126	XP_006399956.1	g29308, g34695, g43308
OG0008127	XP_006399934.1	g29318, g5202
OG0008128	XP_006399985.1	g5171
OG0008129	XP_006399986.1	g29290
OG0008130	XP_006399996.1	g45672
OG0008131	XP_024011465.1	g5099, g29240
OG0008132	XP_006400074.1	g45697
OG0008133	XP_006400073.1	g5102
OG0008134	XP_024011914.1	g29201
OG0008135	XP_006400184.1	g45730
OG0008136	XP_006400187.2	g45733
OG0008137	XP_006400192.1	g5042, g29189
OG0008138	XP_006400200.1	g29181
OG0008139	XP_006400236.1	g45743
OG0008140	XP_024012049.1	g4990
OG0008141	XP_006400314.1	g29005
OG0008142	XP_006400328.1	g29016
OG0008143	XP_006400329.1	g29017, g4950
OG0008144	XP_006400335.1	g29023
OG0008145	XP_006400371.1	g29036
OG0008146	XP_024012657.1	g29044
OG0008147	XP_006400394.1	g29046
OG0008148	XP_006400404.1	g29054, g29050
OG0008149	XP_024012478.1	g4906
OG0008150	XP_006400438.1	g29073
OG0008151	XP_024012638.1	g41730, g41445
OG0008152	XP_006400460.1	g29082
OG0008153	XP_006400464.1	g29092, g4891
OG0008154	XP_006400473.1	g29095
OG0008155	XP_006400490.1	g29108
OG0008156	XP_006394867.1	g18530
OG0008157	XP_006394874.1	g10100
OG0008158	XP_006394875.1	g4863
OG0008159	XP_006394886.1	g4858
OG0008160	XP_006394915.1	g4811
OG0008162	XP_006394942.1	g10130
OG0008163	XP_006394955.1	g18513
OG0008164	XP_024007192.1	g4686
OG0008165	XP_006395045.1	g10182
OG0008166	XP_006395093.1	g10212
OG0008167	XP_006395082.1	g10205
OG0008168	XP_006395124.1	g10221
OG0008169	XP_006395155.1	g10245
OG0008170	XP_024012581.1	g5247
OG0008171	XP_006395169.2	g10253
OG0008172	XP_006399860.1	g29342, g5258
OG0008173	XP_006399851.1	g5263
OG0008174	XP_006399846.1	g5265
OG0008175	XP_006399181.1	g29649
OG0008176	XP_006399149.1	g45459, g29661
OG0008177	XP_006399125.1	g29674
OG0008178	XP_006399120.1	g45453
OG0008179	XP_006399100.1	g29685, g5601
OG0008180	XP_006398980.1	g29740
OG0008181	XP_024011657.1	g45406, g29787
OG0008182	XP_006398912.1	g5679, g5678
OG0008183	XP_006400492.1	g29109
OG0008184	XP_006394788.1, XP_024007411.1	g10062
OG0008185	XP_006394755.1	g10036
OG0008186	XP_006394722.1	g10023, g558
OG0008187	XP_006394719.1	g552
OG0008188	XP_006394716.1	g10021
OG0008189	XP_006394691.1	g540
OG0008190	XP_006394674.1	g9997
OG0008191	XP_024007451.1	g503
OG0008192	XP_006394632.1	g9987
OG0008193	XP_006394611.1	g9969, g490
OG0008194	XP_006391194.2	g44867
OG0008195	XP_006394587.1	g468
OG0008196	XP_006394578.1	g462
OG0008197	XP_006394575.1	g9953
OG0008199	XP_006394514.1	g424, g9904
OG0008201	XP_024007446.1	g394
OG0008202	XP_006394414.1	g367, g366
OG0008203	XP_006394412.1	g9865
OG0008204	XP_006394404.1	g361, g9863
OG0008205	XP_006394384.1	g9854
OG0008206	XP_006394379.1	g352
OG0008208	XP_006394333.2	g327
OG0008210	XP_006401073.1	g28723
OG0008211	XP_006401075.1	g1190
OG0008212	XP_006401078.1	g39278
OG0008213	XP_006403945.2	g19322
OG0008214	XP_006403953.1	g19330
OG0008215	XP_024013653.1	g2496
OG0008216	XP_006403994.1	g19341, g2540
OG0008217	XP_006404023.1	g2557
OG0008218	XP_024013806.1	g2595, g19370
OG0008219	XP_006404131.1	g2622, g19396
OG0008220	XP_006404132.1	g2624
OG0008221	XP_006404163.1	g2633, g19413, g11382
OG0008222	XP_006404264.1, XP_024013178.1	g19463
OG0008223	XP_006418865.1	g2822
OG0008224	XP_006419117.2	g3128
OG0008226	XP_006391228.1	g41637
OG0008227	XP_006391233.1	g41641
OG0008228	XP_006391236.1	g44888
OG0008229	XP_006391238.1	g41644
OG0008230	XP_006391251.1	g44891
OG0008231	XP_006391256.1	g44892
OG0008232	XP_006410640.1	g37108, g51477
OG0008233	XP_006391283.1	g41691
OG0008234	XP_006391212.1	g44877
OG0008235	XP_006391291.2	g44913
OG0008236	XP_006391073.2	g44785, g45763
OG0008237	XP_006391072.1	g44784
OG0008238	XP_006391066.1	g45769
OG0008239	XP_006390957.1	g45819
OG0008240	XP_006415997.1	g27573
OG0008241	XP_006406612.1	g6626
OG0008242	XP_006390921.1	g45831
OG0008243	XP_006390918.1	g45833
OG0008244	XP_006390907.1	g45842
OG0008245	XP_006390896.1	g45850
OG0008246	XP_024008363.1	g44699
OG0008247	XP_006390815.1	g45894
OG0008248	XP_006390785.1	g45915
OG0008249	XP_006390739.1	g45949
OG0008250	XP_006390688.1	g45961
OG0008251	XP_006390018.1	g46422
OG0008252	XP_006390019.1	g46420
OG0008253	XP_006390021.1	g46418
OG0008254	XP_006390047.1	g46391, g44358
OG0008255	XP_024007482.1	g44360
OG0008256	XP_006390087.1	g46366
OG0008257	XP_006390115.1	g46334
OG0008259	XP_006390146.1	g46309
OG0008260	XP_006390188.1	g46278
OG0008261	XP_006390243.1	g46248
OG0008262	XP_024008392.1	g46243
OG0008263	XP_024010392.1	g44432
OG0008264	XP_006390271.1	g46233
OG0008265	XP_006390284.1	g46226
OG0008266	XP_006390288.1	g44442
OG0008267	XP_006390297.1	g46211, g44452
OG0008268	XP_006390336.2	g46188
OG0008269	XP_006390368.1	g46174
OG0008270	XP_006390394.1	g44508
OG0008271	XP_006390434.1	g44534
OG0008272	XP_006390466.1	g44546
OG0008273	XP_006390490.1	g46107
OG0008274	XP_006390501.1	g46099
OG0008275	XP_006390506.1	g44556, g46094
OG0008276	XP_006390526.1	g46085
OG0008277	XP_006390558.1	g44569
OG0008278	XP_006390565.1	g44573
OG0008279	XP_006390592.1	g46032
OG0008280	XP_006390602.1	g44582
OG0008281	XP_006390649.1	g46002
OG0008282	XP_024007701.1	g44615
OG0008283	XP_024008051.1	g44341
OG0008284	XP_006389885.1	g13603
OG0008285	XP_024006710.1	g14406
OG0008286	XP_006389853.1	g46539
OG0008287	XP_006389831.1	g46554
OG0008288	XP_006389818.1	g44297
OG0008289	XP_006389807.1	g46572
OG0008290	XP_006389783.1	g46586
OG0008291	XP_006389779.1	g44282
OG0008292	XP_006389755.1	g44273
OG0008293	XP_006389715.1	g46610
OG0008294	XP_006407305.1	g7290, g13145
OG0008295	XP_006407270.1	g7264
OG0008296	XP_006407264.1	g12251
OG0008297	XP_006407243.1	g7252
OG0008298	XP_006407219.1	g7237
OG0008299	XP_006407153.1	g7205
OG0008300	XP_006394825.1	g10075
OG0008301	XP_006407150.1	g7202
OG0008302	XP_006407147.1	g7201
OG0008303	XP_024015355.1	g12210, g7198
OG0008304	XP_024014932.1	g13210, g7189
OG0008306	XP_006407115.1	g13212
OG0008307	XP_006407105.1	g12194, g7173
OG0008309	XP_006407016.1	g12151, g7119
OG0008310	XP_006406996.1	g7104
OG0008311	XP_006406992.1	g7101
OG0008312	XP_006392872.1	g54274
OG0008313	XP_006406906.1	g1453, g12106, g7052
OG0008314	XP_006406856.1	g7027
OG0008315	XP_006406849.1	g7020
OG0008316	XP_024014848.1	g6996, g12073
OG0008317	XP_006406751.1	g6957
OG0008318	XP_006406738.1	g6949
OG0008321	XP_006406622.1	g6886
OG0008322	XP_024015411.1	g6860
OG0008323	XP_006406576.1	g13315, g11995
OG0008324	XP_006406569.1	g13320
OG0008325	XP_006406537.1	g11977, g6832
OG0008326	XP_006406499.1	g13337
OG0008327	XP_006406495.1	g6798
OG0008329	XP_006403553.1	g3597, g30084, g36100, g30085
OG0008330	XP_006406367.1	g11902
OG0008331	XP_006414557.1	g47092
OG0008332	XP_006406167.1	g6584
OG0008333	XP_024015321.1	g11768
OG0008334	XP_006406049.1	g11761
OG0008335	XP_006418801.2	g6477
OG0008336	XP_006418772.1	g11728
OG0008337	XP_006418655.1	g11671
OG0008338	XP_006401804.1	g41227
OG0008339	XP_006409177.1	g6022
OG0008340	XP_006409567.2	g14306
OG0008341	XP_006409539.1	g14236
OG0008342	XP_024016525.1	g6150
OG0008343	XP_006409450.1	g6139
OG0008344	XP_006409415.1	g6126, g14103
OG0008345	XP_006409372.1	g13716
OG0008346	XP_024016448.1	g6098
OG0008347	XP_006409312.1	g6091, g14032
OG0008348	XP_006409305.1	g6088, g14027
OG0008349	XP_006409301.1	g14025
OG0008350	XP_006409248.1	g6046
OG0008351	XP_006409128.1	g5997
OG0008352	XP_024016587.1	g6000
OG0008353	XP_006409114.1	g13947
OG0008354	XP_006409069.1	g5967
OG0008355	XP_024015990.1	g13903
OG0008356	XP_006408958.1	g13856
OG0008357	XP_006392586.2	g54369
OG0008358	XP_006392597.1	g54365
OG0008359	XP_006392648.1	g36708
OG0008360	XP_006398469.1	g40723
OG0008361	XP_006392665.1	g36705
OG0008363	XP_024005978.1	g49904, g36669
OG0008364	XP_006392779.1	g54301
OG0008365	XP_006392785.1	g36634
OG0008366	XP_024005965.1	g36625
OG0008367	XP_006392818.1	g36611
OG0008368	XP_006392819.1	g36610, g28006
OG0008369	XP_006392824.1	g36605
OG0008370	XP_006392838.1	g36599
OG0008371	XP_006392964.1	g54250
OG0008372	XP_006392978.1	g36527
OG0008373	XP_006393008.1	g54226
OG0008374	XP_006393057.1	g54188
OG0008375	XP_006393130.1	g36455, g54209
OG0008376	XP_006393164.2	g36435
OG0008377	XP_006393172.1	g28057, g54163
OG0008378	XP_006393284.1	g54122
OG0008379	XP_006393321.1	g28084
OG0008380	XP_006414380.1	g17594, g24387
OG0008381	XP_006414393.1	g24399
OG0008382	XP_006410646.1	g51482
OG0008383	XP_006410636.2	g37107
OG0008385	XP_006403866.1	g19285
OG0008386	XP_006403839.2	g11335, g2426
OG0008387	XP_006403819.2	g2416
OG0008388	XP_006403809.1	g19258
OG0008389	XP_006403775.1	g2409
OG0008390	XP_006403758.1	g2398, g19217
OG0008391	XP_006403677.1	g19191, g2344
OG0008392	XP_006403668.1	g2338
OG0008393	XP_006403654.1	g19174
OG0008394	XP_006403642.1	g2327
OG0008395	XP_006403616.1	g19166
OG0008396	XP_006403885.2	g2460
OG0008397	XP_024013835.1	g2296, g11300
OG0008398	XP_006403587.1	g2295, g19157
OG0008399	XP_006403544.1	g19137
OG0008400	XP_006403593.1	g19159
OG0008401	XP_024013792.1	g2272
OG0008402	XP_006403512.1	g2254
OG0008403	XP_006403460.1	g19092
OG0008404	XP_006403452.2	g19081
OG0008405	XP_006403029.1	g19048, g2171
OG0008407	XP_006402924.1	g2070
OG0008408	XP_006402862.1	g18982, g2118
OG0008409	XP_024012809.1	g2035
OG0008410	XP_006402787.1	g1978
OG0008411	XP_006402765.1	g1989
OG0008412	XP_024012859.1	g1990
OG0008413	XP_006402757.1	g1997
OG0008414	XP_006402750.1	g18929
OG0008415	XP_006402744.1	g18920
OG0008416	XP_006402743.1	g11204
OG0008417	XP_006411560.1	g52089
OG0008418	XP_006405550.1	g16857
OG0008419	XP_006402692.1	g18896, g2021
OG0008420	XP_006402682.1	g2024
OG0008421	XP_006402679.1	g2025
OG0008422	XP_006402667.1	g18879
OG0008423	XP_006402662.1	g11199
OG0008424	XP_006402650.1	g1960
OG0008425	XP_024012776.1	g18859
OG0008426	XP_006402609.1	g11192
OG0008427	XP_006402587.1	g18826
OG0008429	XP_006402558.2	g18803
OG0008430	XP_006402444.1	g1815
OG0008431	XP_006402428.1	g1788
OG0008432	XP_006402425.1	g1786
OG0008433	XP_024012901.1	g1780
OG0008434	XP_006402402.1	g1768
OG0008435	XP_006402404.2	g1773
OG0008436	XP_006402328.1	g18742
OG0008437	XP_006402327.1	g18743
OG0008438	XP_006402324.1	g18746
OG0008440	XP_006402294.1	g11145
OG0008441	XP_006392709.1	g54344, g36687
OG0008443	XP_024008045.1	g42089, g50238, g17930
OG0008445	XP_006398271.1	g10965
OG0008447	XP_006411026.1	g51707
OG0008450	XP_006390669.1	g45994, g17999
OG0008452	XP_024005799.1	g47667
OG0008454	XP_024005394.1	g33266, g33567, g22397, g22452, g22311, g22370, g47843
OG0008456	XP_006417875.1	g49553
OG0008457	XP_024008088.1	g31107
OG0008458	XP_006417579.2	g27073
OG0008459	XP_024008731.1	g31298, g27138
OG0008461	XP_024008066.1	g31565
OG0008464	XP_006391143.1	g44842
OG0008465	XP_006391147.1	g41563, g44844
OG0008466	XP_006391441.1	g18043
OG0008468	XP_006407468.1	g7393, g12333
OG0008469	XP_006398765.1	g29840
OG0008470	XP_006403236.1	g38309, g39725
OG0008471	XP_006409881.1	g51087, g40025
OG0008472	XP_006395917.2	g25018, g25107
OG0008473	XP_024012393.1	g1269
OG0008474	XP_006395669.2	g1559
OG0008475	XP_006401766.1	g896
OG0008476	XP_006401159.1	g39289
OG0008477	XP_006400779.1	g28864
OG0008478	XP_006394765.1	g582
OG0008479	XP_006394394.1	g9859
OG0008480	XP_006393977.1	g119
OG0008482	XP_006415935.1	g32155
OG0008483	XP_024014158.1, XP_024014088.1, XP_024007531.1, XP_024010593.1	g35763, g38789
OG0008484	XP_006401809.1	g12463
OG0008486	XP_006402087.1	g1392
OG0008487	XP_006410721.1	g51532
OG0008491	XP_006395204.1	g10282
OG0008504	XP_006412978.1	g23566
OG0008505	XP_006412928.1	g23537
OG0008506	XP_006412906.1	g47683
OG0008507	XP_006412891.1	g23512
OG0008508	XP_006412881.1	g17016
OG0008509	XP_006412795.1	g47716
OG0008510	XP_006402909.1	g47717
OG0008511	XP_024005331.1	g23453
OG0008512	XP_006412784.1	g23448
OG0008513	XP_006412771.1	g47726
OG0008514	XP_006412731.1	g23422
OG0008515	XP_006412721.1	g23414
OG0008516	XP_006412709.1	g23398
OG0008517	XP_006412706.2	g47746
OG0008518	XP_024011438.1	g671
OG0008519	XP_006412664.1	g23376
OG0008520	XP_024005219.1	g23374
OG0008521	XP_006412597.1	g23329
OG0008522	XP_006412581.1	g16949
OG0008524	XP_006412549.1	g47795
OG0008525	XP_024004662.1	g47796
OG0008526	XP_006412507.1	g23284, g16932
OG0008527	XP_006412497.1	g16930, g23278
OG0008528	XP_006412494.1	g16926
OG0008529	XP_006412445.1	g23249
OG0008530	XP_006412407.1	g23219
OG0008531	XP_006412410.1	g23234
OG0008532	XP_024004428.1	g47827
OG0008533	XP_006412383.1	g23200
OG0008534	XP_006412440.2	g47820
OG0008535	XP_006412369.2	g23191
OG0008536	XP_006412368.1	g23190
OG0008537	XP_006412367.1	g23189
OG0008538	XP_006412361.1	g23183
OG0008539	XP_024011096.1	g24718
OG0008540	XP_006412251.1	g47874
OG0008541	XP_006412278.1	g47865
OG0008542	XP_006412293.2	g18186
OG0008543	XP_006412229.1	g23095
OG0008544	XP_024005755.1	g18208
OG0008546	XP_006412190.1	g23059
OG0008547	XP_006412171.1	g47900
OG0008549	XP_006415305.1	g32534
OG0008550	XP_006415292.1	g32540
OG0008551	XP_006415274.1	g32549
OG0008553	XP_006415200.1	g32614
OG0008554	XP_006414276.1	g24301
OG0008555	XP_006414281.1	g47194
OG0008556	XP_006414318.1	g24325, g17565
OG0008557	XP_006417261.1	g27187
OG0008558	XP_006392500.1	g43893
OG0008559	XP_006392494.1	g41134
OG0008560	XP_006392426.1	g41112
OG0008561	XP_006412399.1	g47831
OG0008562	XP_024004230.1	g44031
OG0008563	XP_006417522.2	g31224
OG0008564	XP_006392294.1	g38259
OG0008565	XP_006392195.1	g44106
OG0008566	XP_006392188.1	g41032
OG0008567	XP_006392119.1	g41002
OG0008568	XP_006392132.1	g40999
OG0008570	XP_006392047.1	g44154
OG0008571	XP_006392023.1	g44167
OG0008572	XP_006392009.1	g40970
OG0008573	XP_006391983.1	g44180
OG0008574	XP_006391987.1	g40952
OG0008575	XP_006391985.1	g44186
OG0008576	XP_024015505.1	g27164
OG0008577	XP_024007813.1	g49782, g31336
OG0008578	XP_006416937.1	g31578
OG0008579	XP_006395872.1	g10775
OG0008580	XP_006395850.1	g10762
OG0008581	XP_006395829.1	g10742
OG0008582	XP_006395793.1	g10721
OG0008583	XP_006395754.1	g16701
OG0008584	XP_006395699.1	g10661
OG0008585	XP_006395679.1	g10653
OG0008586	XP_006395641.1	g1563
OG0008587	XP_006395616.1	g10605
OG0008588	XP_006395611.1	g10599
OG0008589	XP_006395595.1	g10588
OG0008590	XP_006395550.1	g10567
OG0008591	XP_006395536.1	g10555
OG0008592	XP_006395510.1	g10541
OG0008593	XP_006395505.1	g1601
OG0008594	XP_006395478.1	g10516
OG0008595	XP_006395464.1	g10505
OG0008596	XP_006395455.1	g10498
OG0008597	XP_006395401.1	g10459
OG0008598	XP_006395400.1	g10458
OG0008599	XP_006395366.1	g10417
OG0008600	XP_006395364.1	g10415
OG0008601	XP_024007426.1	g4295, g16503
OG0008602	XP_006395336.1	g10399
OG0008603	XP_006395333.1	g10397
OG0008604	XP_024006854.1	g10356
OG0008605	XP_024007168.1	g10354
OG0008606	XP_006391375.1	g45004
OG0008607	XP_006391338.1	g45030
OG0008610	XP_006391710.1	g44262
OG0008611	XP_006391595.2	g40739
OG0008612	XP_006391621.1	g40768
OG0008613	XP_006391626.1	g40775
OG0008614	XP_006391670.1	g40818
OG0008615	XP_006391687.1	g40808
OG0008616	XP_024016091.1	g40801
OG0008617	XP_006391758.1	g44248
OG0008618	XP_006391756.1	g40846
OG0008619	XP_006391790.1	g40863
OG0008620	XP_006391845.1	g40890, g44232
OG0008621	XP_006407311.1	g12272
OG0008622	XP_024011880.1	g39304
OG0008624	XP_006411364.1	g38151
OG0008625	XP_006411374.1	g51972
OG0008626	XP_006407688.1	g12402
OG0008627	XP_024011588.1	g5720
OG0008628	XP_006407589.1	g13073
OG0008629	XP_006407520.2	g7418
OG0008630	XP_006407497.1	g12348
OG0008631	XP_006407485.1	g7402
OG0008632	XP_006407443.1	g7377
OG0008633	XP_006407436.1	g12319
OG0008634	XP_006407402.1	g7347
OG0008635	XP_006407388.1	g13130
OG0008636	XP_006407387.1	g7342
OG0008637	XP_006407360.1	g12292
OG0008638	XP_006407339.1	g13139
OG0008640	XP_006402132.1	g26831
OG0008641	XP_006402114.1	g28260
OG0008642	XP_006402078.1	g28281
OG0008643	XP_006402054.1	g1364
OG0008644	XP_006402047.1	g1362, g28300
OG0008645	XP_006402032.1	g28304
OG0008646	XP_006401921.1	g41193, g41175
OG0008647	XP_006401908.1	g28350
OG0008648	XP_006401794.1	g888
OG0008649	XP_006401763.1	g41247
OG0008650	XP_006401737.1	g907
OG0008651	XP_006401748.1	g901
OG0008652	XP_006401754.1	g41254
OG0008653	XP_006401699.1	g28425
OG0008654	XP_006401696.1	g28426, g41291
OG0008655	XP_006401689.1	g28432
OG0008656	XP_006401686.1	g927, g28433
OG0008657	XP_006401626.1	g28455
OG0008658	XP_006401665.1	g28441, g930
OG0008660	XP_006401589.1	g28471
OG0008661	XP_006401580.1	g955
OG0008662	XP_006401503.1	g28497
OG0008663	XP_006401491.1	g28507
OG0008664	XP_006401479.1	g28510
OG0008665	XP_006401446.1	g28515
OG0008666	XP_006401433.1	g28523
OG0008667	XP_006401432.1	g1024
OG0008668	XP_006401377.1	g28542, g39357
OG0008669	XP_006401344.1	g28555
OG0008670	XP_006401342.1	g1068
OG0008671	XP_006401309.1	g28558
OG0008672	XP_006401290.1	g39338
OG0008673	XP_006401288.1	g1083
OG0008674	XP_006401261.1	g28592
OG0008675	XP_006401244.1	g28609
OG0008676	XP_024011522.1	g28622
OG0008677	XP_006401218.1	g28632
OG0008678	XP_006401187.1	g1118
OG0008679	XP_006401157.1	g28666
OG0008680	XP_006401137.1	g28680
OG0008681	XP_024012712.1	g28681
OG0008682	XP_006395239.1	g10306
OG0008683	XP_006395230.1	g10301
OG0008684	XP_006395229.1	g10300
OG0008685	XP_006399821.1	g29362, g5282
OG0008686	XP_024011622.1	g29364
OG0008687	XP_006399796.1	g29378
OG0008688	XP_006399793.1	g29374
OG0008689	XP_006399792.1	g45609
OG0008690	XP_006399785.1	g5295
OG0008691	XP_006399750.1	g45593, g5313
OG0008692	XP_006399749.1	g45592
OG0008693	XP_006399735.1	g45587
OG0008694	XP_006399716.1	g5335, g29418
OG0008695	XP_006399702.1	g5344
OG0008696	XP_006399696.1	g5347
OG0008698	XP_006399634.1	g5377
OG0008699	XP_006399570.1	g29483, g5403
OG0008700	XP_006399546.1	g45540
OG0008701	XP_006399531.1	g45534
OG0008702	XP_006399508.1	g5426, g29513
OG0008703	XP_024011564.1	g29540
OG0008704	XP_006399453.1	g29550
OG0008705	XP_006399439.1	g29554
OG0008706	XP_006399407.1	g29566
OG0008707	XP_006399368.1	g45503
OG0008708	XP_006399364.1	g29574
OG0008709	XP_024011639.1	g29586
OG0008710	XP_006399310.1	g5509
OG0008711	XP_006399280.1	g5526
OG0008712	XP_006399274.1	g5531
OG0008713	XP_006399264.1	g29607
OG0008714	XP_006399241.1	g29621
OG0008715	XP_006414258.1	g24286
OG0008716	XP_006414203.1	g24244, g47226
OG0008717	XP_024005509.1	g47235
OG0008718	XP_006414187.2	g24235
OG0008719	XP_006414185.1	g47239, g17520
OG0008720	XP_006414184.1	g24233, g17519
OG0008721	XP_006414170.1	g24230
OG0008722	XP_024005702.1, XP_006389698.1	g47257, g24209
OG0008724	XP_006398215.1	g10982
OG0008725	XP_006414004.1	g24151
OG0008726	XP_006414000.1	g24148, g47302
OG0008727	XP_024004540.1	g17428, g24129
OG0008728	XP_024005678.1	g24124
OG0008729	XP_024005116.1	g17409
OG0008730	XP_006413911.1	g47328
OG0008731	XP_006413907.1	g24075
OG0008732	XP_006413893.1	g24068
OG0008733	XP_006413862.1	g24053
OG0008734	XP_006413833.2	g47358
OG0008735	XP_024005583.1	g17363
OG0008736	XP_006413777.1	g24008
OG0008737	XP_024005200.1	g47402
OG0008738	XP_006413640.1	g47430
OG0008739	XP_006396783.1	g40401
OG0008740	XP_024005478.1	g47434
OG0008741	XP_006413610.1	g17275
OG0008742	XP_006413593.1	g23922
OG0008743	XP_024004705.1	g17272
OG0008744	XP_006413579.1	g47452
OG0008745	XP_006413551.1	g23893, g47459
OG0008746	XP_024007714.1	g44697
OG0008747	XP_006413503.1	g17249
OG0008748	XP_006397070.1	g40307, g25782
OG0008749	XP_006415079.1	g32680
OG0008750	XP_006415035.2	g32738
OG0008751	XP_006396076.1	g32749
OG0008752	XP_006396069.1	g32767
OG0008753	XP_006397420.1	g32851
OG0008754	XP_006397447.1	g32993
OG0008755	XP_006393715.1	g35950, g53898
OG0008756	XP_006393723.1	g28144
OG0008757	XP_006415745.1	g50420
OG0008758	XP_006393661.1	g36186
OG0008759	XP_006415716.1	g32305
OG0008760	XP_006415677.2	g50460
OG0008761	XP_006390564.2	g44572
OG0008762	XP_006415594.2	g50503
OG0008763	XP_006415592.1	g32392
OG0008764	XP_006415550.1	g27689
OG0008765	XP_006415439.1	g50552
OG0008766	XP_006415419.1	g50565
OG0008767	XP_006415399.1	g32502
OG0008768	XP_006415383.1	g50569
OG0008769	XP_024005286.1	g47932
OG0008770	XP_006412064.1	g22974
OG0008771	XP_006412034.1	g22960
OG0008772	XP_024005683.1	g22922
OG0008773	XP_006411965.1	g47974
OG0008774	XP_006411937.2	g22878
OG0008775	XP_006411924.1	g22869
OG0008776	XP_024005745.1	g22855
OG0008777	XP_024005746.1	g22851
OG0008778	XP_006411850.1	g22806
OG0008779	XP_024004578.1	g22803
OG0008780	XP_006411823.1	g22789
OG0008781	XP_006411813.1	g22780
OG0008782	XP_006411811.1	g22778, g22777
OG0008783	XP_006411781.1	g22743
OG0008784	XP_024005519.1	g18304, g38522
OG0008785	XP_024005088.1	g23619
OG0008787	XP_006405972.1	g46839
OG0008788	XP_006405793.1	g46758
OG0008789	XP_006410095.2	g37509
OG0008790	XP_006405655.1	g16905
OG0008791	XP_006415384.1	g32509
OG0008792	XP_006399022.1	g29720
OG0008793	XP_006415249.1	g32578
OG0008794	XP_006410733.1	g51536
OG0008795	XP_006397177.1	g40264
OG0008796	XP_024003959.1	g51406
OG0008797	XP_024013341.1	g37062
OG0008798	XP_006403318.1	g37048
OG0008799	XP_006403331.1	g37052
OG0008800	XP_006397754.1	g52273, g37625
OG0008801	XP_006405269.2, XP_006405270.1	g18465, g18424
OG0008802	XP_006397069.1	g40308
OG0008803	XP_006396940.1	g40354
OG0008804	XP_024009849.1	g45142
OG0008805	XP_006396792.1	g40399, g25668
OG0008806	XP_006396768.1	g25602
OG0008807	XP_006396765.1	g25604
OG0008809	XP_006396663.1	g25580
OG0008810	XP_006396628.2	g40464
OG0008811	XP_024005539.1	g25542
OG0008812	XP_006398059.1	g40493
OG0008813	XP_006398066.1	g40495
OG0008814	XP_006398102.1	g11033
OG0008815	XP_024011010.1	g40531
OG0008816	XP_006398205.1	g40555
OG0008817	XP_024011020.1	g10966
OG0008818	XP_006398275.1	g40588
OG0008819	XP_024011050.1	g10922
OG0008820	XP_006398373.1	g40647
OG0008821	XP_024010960.1	g10906
OG0008822	XP_006398467.1	g40721, g10844
OG0008823	XP_006398468.1	g40722
OG0008824	XP_006395952.1	g46871, g25206
OG0008825	XP_006414990.1	g46946
OG0008826	XP_006414963.1	g24752, g24757
OG0008827	XP_006414949.1	g46652
OG0008828	XP_006414898.2	g24635, g46995
OG0008829	XP_006418770.1	g13490
OG0008830	XP_006414625.1	g24562
OG0008831	XP_006414745.1	g17726
OG0008832	XP_006414736.1	g24534
OG0008833	XP_024005649.1	g47075
OG0008834	XP_006414561.1	g17684
OG0008835	XP_006414556.1	g24471
OG0008836	XP_006414505.1	g36165, g14875, g52876, g43248, g47105
OG0008837	XP_006414490.1	g47106
OG0008838	XP_024014785.1	g16849
OG0008839	XP_006405405.1	g46655
OG0008840	XP_024014633.1	g46664
OG0008841	XP_006405393.1	g16802
OG0008842	XP_006405395.1	g46651, g16804
OG0008843	XP_006405328.1	g16779, g16781
OG0008844	XP_006405298.1	g46626
OG0008845	XP_006405290.1	g46622
OG0008846	XP_006409064.1	g5965
OG0008847	XP_024010706.1	g37766
OG0008848	XP_006397986.1	g37764
OG0008849	XP_006397862.1	g37686
OG0008850	XP_006397855.1	g50790
OG0008851	XP_006397843.1	g50783
OG0008852	XP_006397800.1	g52296
OG0008853	XP_006397792.1	g52295
OG0008854	XP_006397756.1	g37627
OG0008855	XP_006397723.1	g37610
OG0008856	XP_006397700.1	g37591
OG0008857	XP_006392517.1	g37586
OG0008858	XP_006397685.1	g52241
OG0008859	XP_006402606.1	g1930
OG0008860	XP_006397598.1	g38226
OG0008861	XP_006397580.1	g52158
OG0008862	XP_006397576.1	g52151, g52149
OG0008863	XP_006397574.1	g52148
OG0008864	XP_006397554.2	g37523
OG0008865	XP_006397494.1	g37496
OG0008866	XP_006411580.1	g52094
OG0008867	XP_006402722.1	g18909
OG0008868	XP_006411537.1	g52077
OG0008869	XP_006411499.1	g37446
OG0008870	XP_024003939.1	g38183
OG0008871	XP_006411495.1	g37443
OG0008872	XP_006399685.1	g5361
OG0008873	XP_006411455.1	g52010
OG0008874	XP_006411436.1	g37402
OG0008875	XP_006411413.1	g51995
OG0008876	XP_024003649.1	g37391
OG0008877	XP_006398629.1	g45289
OG0008878	XP_006398636.2	g45294
OG0008879	XP_006398643.1	g5814
OG0008880	XP_006398653.1	g5807
OG0008881	XP_006398703.1	g5788
OG0008882	XP_006398728.1	g29847
OG0008883	XP_006398764.1	g5752
OG0008884	XP_006398824.1	g29831
OG0008885	XP_006398833.1	g5717
OG0008886	XP_006398850.1	g29809
OG0008887	XP_006398876.1	g5698
OG0008888	XP_006400498.1	g29112
OG0008889	XP_006400521.1	g29127
OG0008890	XP_006400526.1	g653, g28980
OG0008891	XP_006400534.1	g28975
OG0008892	XP_006400581.1	g704
OG0008893	XP_006400582.1	g705
OG0008894	XP_006400537.1	g664
OG0008895	XP_006400615.1	g41401, g28929
OG0008896	XP_006394558.1	g448
OG0008897	XP_006400662.1	g28909
OG0008898	XP_006400664.1	g743
OG0008899	XP_006400686.1	g41371, g28901
OG0008900	XP_006400694.1	g763
OG0008901	XP_006400697.1	g28897
OG0008902	XP_006400708.1	g770
OG0008903	XP_006400740.1	g28873
OG0008904	XP_006400743.1	g28871
OG0008905	XP_024012493.1	g816
OG0008906	XP_006400810.1	g41333
OG0008907	XP_006400820.2	g831
OG0008908	XP_024012212.1	g28805
OG0008909	XP_024007063.1	g266
OG0008910	XP_006400895.1	g1295
OG0008911	XP_006400896.1	g28783
OG0008912	XP_024012538.1	g41303
OG0008913	XP_006400915.1	g28763
OG0008914	XP_024012631.1	g28761
OG0008915	XP_006400994.1	g39245
OG0008916	XP_006401003.1	g1245, g39248
OG0008917	XP_006400945.1	g28746
OG0008918	XP_006400982.1	g1257, g28700
OG0008919	XP_006401013.1	g1240
OG0008920	XP_006401020.1	g1236
OG0008921	XP_006401024.1	g1232
OG0008922	XP_006394243.1	g274
OG0008923	XP_006394238.1	g9799, g270
OG0008924	XP_006417714.1	g49612
OG0008925	XP_006394226.1	g9796
OG0008927	XP_006394165.1	g9770, g240
OG0008928	XP_006394130.1	g9753
OG0008929	XP_006394114.1	g9746
OG0008930	XP_006394085.1	g197
OG0008931	XP_006394076.1	g177
OG0008932	XP_006394074.1	g9724
OG0008934	XP_006393962.1	g107
OG0008935	XP_024006956.1	g88
OG0008936	XP_006393925.1	g9669
OG0008937	XP_024007163.1	g9660
OG0008938	XP_006393875.1	g9644
OG0008939	XP_006393873.1	g19653
OG0008940	XP_006393861.1	g19647, g38
OG0008941	XP_006393849.1	g19644
OG0008942	XP_006393839.1	g27
OG0008945	XP_024007388.1	g14, g9626
OG0008947	XP_006396262.1	g45269
OG0008948	XP_006418457.1	g26863
OG0008949	XP_006396238.1	g25358
OG0008950	XP_006396231.2	g25351
OG0008951	XP_024009897.1	g39452
OG0008952	XP_006396279.1	g45255
OG0008954	XP_006396341.1	g39492
OG0008955	XP_006396404.1	g39536, g25449
OG0008956	XP_006396412.1	g39540
OG0008957	XP_006396434.1	g39555
OG0008958	XP_006396489.1	g39605
OG0008959	XP_024010098.1	g39611
OG0008960	XP_006396535.1	g25496
OG0008961	XP_006396539.1	g39634
OG0008962	XP_024003903.1	g51348
OG0008963	XP_006403170.1	g39704
OG0008964	XP_024013254.1, XP_024016531.1	g39706
OG0008965	XP_006403220.1	g46869
OG0008966	XP_024013322.1	g39723, g11107
OG0008967	XP_024004265.1	g51341, g39748
OG0008968	XP_006410454.1	g51335
OG0008969	XP_006410466.2	g39750
OG0008970	XP_006410418.1	g39767
OG0008971	XP_006410428.1	g51321
OG0008973	XP_024004204.1	g39807
OG0008974	XP_006410384.1	g51304
OG0008975	XP_006392548.1	g27970, g49271, g5
OG0008976	XP_006410329.1	g37920, g37919
OG0008977	XP_024004285.1	g51251
OG0008978	XP_006410260.1	g39850
OG0008979	XP_006410237.1	g39869
OG0008981	XP_006410170.1	g39897
OG0008982	XP_006410135.1	g51194
OG0008984	XP_006409987.1	g51139
OG0008985	XP_006409947.1	g40015
OG0008986	XP_006409944.2	g51120
OG0008987	XP_024003738.1	g37849
OG0008988	XP_006409923.1	g40003
OG0008989	XP_006409896.1	g37845, g39981
OG0008990	XP_006409891.1	g51090
OG0008991	XP_006409863.1	g40038
OG0008992	XP_024016701.1	g40048
OG0008993	XP_024003803.1	g53382
OG0008994	XP_006409782.1	g40089
OG0008995	XP_006409781.1	g40090
OG0008996	XP_006408683.1	g40125
OG0008997	XP_006408702.1, XP_024016083.1	g40119
OG0008998	XP_006408711.1	g40115
OG0008999	XP_006409774.2	g40102
OG0009001	XP_006398029.1	g38272
OG0009002	XP_024016085.1	g51068
OG0009003	XP_006405251.1	g36847
OG0009004	XP_024005224.1	g23632
OG0009005	XP_006413073.1	g17086
OG0009006	XP_006413109.1	g23658
OG0009007	XP_006408504.1, XP_006409231.1	g49985
OG0009008	XP_006408507.1	g7929
OG0009009	XP_006408508.2	g7930
OG0009010	XP_006408537.1	g7942
OG0009011	XP_006408536.1	g7941
OG0009012	XP_006408548.1	g7946
OG0009013	XP_024005208.1, XP_006413202.1	g23704
OG0009014	XP_006413122.2	g47613
OG0009015	XP_024005698.1	g47605
OG0009016	XP_006408463.1	g7914
OG0009017	XP_006408440.1	g7896
OG0009018	XP_006408407.1	g7866
OG0009019	XP_006408401.1	g7862
OG0009020	XP_006408376.1	g7852
OG0009021	XP_006408364.1	g7842
OG0009022	XP_006408346.1	g12662
OG0009023	XP_006408337.1	g7833
OG0009024	XP_006408336.1	g7832
OG0009025	XP_006408304.1	g12635
OG0009026	XP_006408281.1	g12780
OG0009027	XP_006408233.1	g12801
OG0009028	XP_006408227.1	g7793
OG0009029	XP_006408226.1	g7792
OG0009030	XP_006408203.1	g7781
OG0009031	XP_006408185.1	g7772, g7763
OG0009032	XP_006408170.1	g7749
OG0009033	XP_006408166.1	g12592
OG0009034	XP_006408162.1	g12591
OG0009035	XP_006408138.1	g12582
OG0009036	XP_006408109.2	g12844
OG0009037	XP_006408104.1	g7714
OG0009038	XP_006408044.1	g12875
OG0009039	XP_006408042.1	g7686
OG0009041	XP_024015035.1	g7656
OG0009042	XP_006407937.1	g7642
OG0009043	XP_006407921.1	g12935, g12482
OG0009044	XP_006407892.1	g7622
OG0009045	XP_006407871.1	g7610
OG0009047	XP_006415917.1	g7600
OG0009048	XP_006407847.1	g7597
OG0009049	XP_006407845.1	g12965
OG0009050	XP_024015197.1	g25028
OG0009051	XP_006408752.1	g38281
OG0009052	XP_024004483.1	g26908
OG0009053	XP_006407770.1	g7552
OG0009054	XP_006407766.1	g12420
OG0009055	XP_006393615.1	g53945
OG0009056	XP_006411320.1	g51915
OG0009057	XP_006411312.1	g51909
OG0009058	XP_006411301.1	g51886
OG0009060	XP_006411290.1	g51468
OG0009061	XP_006411275.1	g37351
OG0009062	XP_006411201.2	g51800
OG0009063	XP_006411199.1	g51793
OG0009064	XP_006411179.1	g38128
OG0009065	XP_006411148.1	g51763
OG0009066	XP_006411170.1	g51774
OG0009067	XP_006411137.1	g51756
OG0009068	XP_006411094.1	g51737
OG0009069	XP_006391184.1	g44860
OG0009070	XP_024003757.1	g51735
OG0009071	XP_024003819.1	g37149
OG0009072	XP_006410792.1	g38028, g37156
OG0009073	XP_006410795.1	g37160
OG0009075	XP_006410824.1	g51587
OG0009076	XP_006410837.1	g51599
OG0009077	XP_006410867.2	g51613
OG0009078	XP_006410884.1	g51623
OG0009079	XP_006410919.1	g51634
OG0009080	XP_006410984.1	g51675
OG0009081	XP_006410985.1	g51676
OG0009082	XP_006411077.1	g51728
OG0009083	XP_024004190.1	g51727
OG0009084	XP_006411004.1	g51692
OG0009085	XP_006411062.1	g37278
OG0009086	XP_006411047.1	g37269
OG0009087	XP_006411046.1	g51714
OG0009088	XP_006410750.1	g51547
OG0009089	XP_006416931.1	g31585
OG0009090	XP_006416930.1	g31586
OG0009091	XP_006416911.1	g31596, g27302
OG0009092	XP_006416904.1	g49942
OG0009093	XP_006416894.1	g31610
OG0009094	XP_006416889.1	g31614, g49946
OG0009095	XP_024009146.1	g31628
OG0009096	XP_024008737.1	g49960
OG0009097	XP_006416820.1	g49970
OG0009098	XP_006416810.2	g27345, g31653
OG0009099	XP_006416807.1	g31654
OG0009100	XP_024007818.1	g27357
OG0009101	XP_024008400.1	g49994
OG0009102	XP_024008126.1	g31699
OG0009103	XP_006416709.1	g31702
OG0009104	XP_006416683.1	g50012
OG0009105	XP_006416634.1	g31754
OG0009106	XP_006416591.1	g27412, g50050
OG0009107	XP_024006174.1, XP_006405932.2	g25029
OG0009110	XP_006407515.1	g31816
OG0009111	XP_006416452.1	g31889
OG0009112	XP_006416450.1	g31890
OG0009113	XP_006416423.1	g50126
OG0009114	XP_024007893.1	g50163
OG0009115	XP_006416331.1	g50166
OG0009116	XP_024013746.1	g19162
OG0009117	XP_006416253.1	g50211
OG0009118	XP_024008778.1	g50225
OG0009119	XP_006416237.1	g32019
OG0009121	XP_024009008.1	g50251, g27528
OG0009122	XP_006416126.2	g32047
OG0009123	XP_006416095.1	g50291
OG0009124	XP_024008036.1	g32100
OG0009125	XP_006416059.1	g27554
OG0009126	XP_006415995.1	g50335
OG0009127	XP_006415981.1	g27580
OG0009128	XP_006415953.1	g50349, g32146
OG0009130	XP_006391029.1	g45791
OG0009131	XP_006415926.1	g32161
OG0009132	XP_006415909.1	g32170
OG0009133	XP_024008424.1	g27597
OG0009134	XP_006415903.2	g32180
OG0009135	XP_006415872.1	g32200, g27607
OG0009137	XP_006415837.2	g27616
OG0009138	XP_024007863.1	g32225
OG0009139	XP_006415805.1	g50398
OG0009140	XP_006415775.1	g50407
OG0009141	XP_006413450.1	g47500
OG0009143	XP_006413421.1	g23833
OG0009144	XP_024005500.1	g47523
OG0009145	XP_006413372.1	g17188
OG0009146	XP_006405146.1	g51038
OG0009148	XP_006405102.1	g38345
OG0009149	XP_006405108.1	g38340
OG0009150	XP_006404984.1	g50993
OG0009151	XP_006404931.2	g38391
OG0009152	XP_006404895.1	g38401, g27289
OG0009153	XP_006404866.1	g38411
OG0009154	XP_006404818.1	g38437, g50952
OG0009155	XP_006404783.1	g36914
OG0009156	XP_006403910.1	g19308
OG0009157	XP_006404719.1	g38485
OG0009158	XP_024014199.1	g50898
OG0009159	XP_006404639.1	g36955
OG0009160	XP_024007027.1	g50862
OG0009162	XP_006416951.1	g31570
OG0009163	XP_006416973.1	g31551
OG0009164	XP_006416993.1	g31541
OG0009165	XP_006417042.1	g31508
OG0009166	XP_024008750.1	g31506
OG0009167	XP_006417072.1	g31486
OG0009168	XP_006417139.1	g31447
OG0009169	XP_006417135.1	g31449
OG0009170	XP_006417169.1	g31420
OG0009171	XP_006417244.1	g31378
OG0009172	XP_006417309.1	g49781
OG0009173	XP_006417322.1	g31331
OG0009174	XP_006417359.1	g49773
OG0009175	XP_006417419.1	g31275
OG0009176	XP_006417425.1	g49745
OG0009177	XP_006417435.1	g31269
OG0009178	XP_006417483.1	g31243
OG0009179	XP_006417528.1, XP_024013858.1	g31221
OG0009180	XP_006417518.1	g31226, g49713
OG0009181	XP_006417565.1	g49626
OG0009182	XP_006417584.1	g49637, g27069
OG0009184	XP_006417611.2	g49638
OG0009185	XP_006417625.1	g31152
OG0009186	XP_006400553.1	g28965
OG0009187	XP_006417641.1	g31141
OG0009188	XP_024008526.1	g49658
OG0009189	XP_006417672.2	g49670
OG0009190	XP_006417670.1	g27030
OG0009191	XP_006417668.1	g31128
OG0009192	XP_006417666.1	g31129
OG0009193	XP_024008851.1	g49675
OG0009194	XP_006417689.1	g27026
OG0009196	XP_006417705.1	g49694
OG0009197	XP_006417780.1	g49583
OG0009199	XP_006417827.1	g27001
OG0009200	XP_006417913.1	g31003
OG0009201	XP_006417924.1	g30997, g26975
OG0009202	XP_006417938.1	g30991
OG0009203	XP_006417941.1	g30990
OG0009204	XP_024008905.1	g49527
OG0009205	XP_024008961.1	g49515
OG0009206	XP_006418030.1	g30927, g49493
OG0009207	XP_006418036.1	g49492
OG0009208	XP_006418047.1	g30923
OG0009209	XP_006389766.1	g32231
OG0009210	XP_006418077.1	g30893
OG0009211	XP_006418091.1	g49465
OG0009212	XP_006418094.1	g49464
OG0009213	XP_006418119.1	g30876
OG0009214	XP_006418141.1	g30865
OG0009215	XP_024008864.1	g30845
OG0009216	XP_006418231.1	g26906
OG0009217	XP_006418267.1	g49399
OG0009218	XP_006418276.2	g30805
OG0009219	XP_006418301.1	g30794
OG0009220	XP_006418326.1	g49378
OG0009221	XP_006418338.1	g30773
OG0009222	XP_024008698.1	g49358
OG0009223	XP_006418368.1	g49356
OG0009224	XP_006418378.1	g49350
OG0009225	XP_006418397.1	g30762
OG0009226	XP_006418405.2	g49341
OG0009227	XP_006418414.1	g26875
OG0009228	XP_006418435.1	g30737
OG0009229	XP_006418450.1	g49303
OG0009231	XP_006418501.1	g30721
OG0009232	XP_024011156.1	g45632, g5229
OG0009233	XP_006399907.1	g5223
OG0009234	XP_006399933.1	g5203
OG0009236	XP_006400010.1	g45673
OG0009237	XP_006400016.1	g29278
OG0009238	XP_024012455.1	g5142
OG0009239	XP_006400086.1	g5093, g29238
OG0009240	XP_006400061.1	g45692
OG0009241	XP_006400040.1	g5128
OG0009242	XP_006400102.1	g29220
OG0009243	XP_024011780.1	g5062
OG0009245	XP_006400210.1	g29178
OG0009246	XP_006400218.1	g45739
OG0009247	XP_006400244.1	g5004
OG0009248	XP_006400251.1	g5000
OG0009249	XP_006400300.2	g4987, g3922, g4018, g3921
OG0009250	XP_006400357.1	g29031
OG0009251	XP_006400444.1	g29075, g4901
OG0009252	XP_006400451.1	g29078
OG0009253	XP_006400483.1	g4877
OG0009254	XP_006400484.1	g29106, g4872
OG0009255	XP_006394969.1	g10150
OG0009256	XP_006395030.1	g10176
OG0009257	XP_024006845.1	g4115, g4116, g22330, g35991
OG0009258	XP_006395053.1	g10184
OG0009259	XP_024006846.1	g10216
OG0009260	XP_006395108.1	g10232
OG0009261	XP_006395138.2	g5770, g5771, g10230
OG0009262	XP_006399859.1	g45626, g29343
OG0009263	XP_006399850.1	g45623
OG0009264	XP_006399158.1	g29655
OG0009265	XP_006399160.2	g29653
OG0009267	XP_006399882.1	g5241, g45627
OG0009268	XP_006399145.1	g29662
OG0009269	XP_006399141.1	g5589
OG0009270	XP_006399826.1	g50766, g13773
OG0009271	XP_006399093.1	g29691, g45450
OG0009272	XP_024012344.1	g5607
OG0009273	XP_006399066.2	g29696
OG0009274	XP_006399061.1	g29699
OG0009275	XP_006399044.1	g45436, g5621
OG0009277	XP_006398986.1	g29735
OG0009278	XP_006398983.1	g29737
OG0009279	XP_006398957.1	g29757
OG0009280	XP_006398934.1	g29767, g5662
OG0009281	XP_006394802.1	g10071
OG0009283	XP_024007412.1	g604
OG0009284	XP_006394784.1	g10058
OG0009285	XP_006394773.1	g10049
OG0009286	XP_006394764.1	g581
OG0009287	XP_006394747.2	g578
OG0009288	XP_006394745.2	g577
OG0009289	XP_006394724.1	g10024
OG0009290	XP_006394718.1	g551
OG0009291	XP_006403538.1	g19135
OG0009292	XP_006394713.1	g549
OG0009293	XP_006394697.1	g10016, g10013
OG0009294	XP_006394655.1	g511
OG0009295	XP_006394614.1	g492
OG0009296	XP_006394607.1	g9961, g488
OG0009297	XP_006394600.1	g483
OG0009298	XP_006394599.1	g9959
OG0009299	XP_006394583.1	g465
OG0009300	XP_024007020.1	g9920
OG0009301	XP_006394476.1	g399
OG0009302	XP_024007609.1	g390
OG0009303	XP_006394343.1	g331
OG0009304	XP_006404291.1	g19485
OG0009305	XP_006394327.1	g51953
OG0009306	XP_006401043.1	g1221
OG0009307	XP_006401085.1	g1177
OG0009308	XP_024013851.1	g19317
OG0009309	XP_006403939.1	g2489
OG0009310	XP_006403941.1	g11352
OG0009311	XP_024013722.1	g2508
OG0009312	XP_006403979.1	g19337, g2516
OG0009313	XP_006404014.2	g19353
OG0009314	XP_024013480.1	g2563
OG0009316	XP_024013852.1	g11367
OG0009317	XP_006404093.1	g19383
OG0009318	XP_006404125.1	g2620
OG0009319	XP_006404161.1	g2631
OG0009320	XP_006404179.1	g2644
OG0009321	XP_006404219.1	g2689
OG0009322	XP_006404239.1	g2704
OG0009323	XP_006404256.1	g19461
OG0009324	XP_006404266.1	g19465, g19464
OG0009325	XP_006404308.1	g19496
OG0009326	XP_006404319.1	g2752, g19491
OG0009327	XP_006404390.1	g2787
OG0009328	XP_006404464.1	g19609
OG0009330	XP_006412393.1	g23206
OG0009331	XP_006395241.1	g10308
OG0009332	XP_024013760.1	g41728
OG0009333	XP_024007379.1	g44915
OG0009334	XP_006391119.1	g41505
OG0009335	XP_006391094.1	g44801
OG0009336	XP_006391103.1	g44813
OG0009337	XP_006391062.1	g44781
OG0009338	XP_006391038.1	g44767
OG0009339	XP_006391031.1	g45789
OG0009340	XP_006391010.1	g45800
OG0009341	XP_006408720.1	g40188
OG0009342	XP_006390965.1	g44724
OG0009343	XP_006390964.1	g45817
OG0009344	XP_006390934.1	g44708
OG0009345	XP_006390893.1	g45853, g44701
OG0009346	XP_024008012.1	g44689
OG0009347	XP_006390797.1	g44662
OG0009348	XP_006390782.1	g44656, g45917
OG0009349	XP_006390758.1	g45930
OG0009350	XP_006390732.1	g45991
OG0009351	XP_006390727.1	g45976
OG0009352	XP_006390693.1	g45963
OG0009353	XP_006390685.1	g45956
OG0009354	XP_006390684.1	g45955
OG0009355	XP_006390682.1	g18007
OG0009356	XP_006390006.1	g46431
OG0009357	XP_006390104.1	g46339
OG0009358	XP_006390113.2	g46336
OG0009359	XP_006390133.1	g44367
OG0009360	XP_006406294.1	g6682, g11874
OG0009361	XP_006390138.1	g44375
OG0009362	XP_006390147.1	g44382, g46310
OG0009363	XP_006390283.1	g46228
OG0009364	XP_006390334.1	g46189
OG0009366	XP_006390369.1	g44491
OG0009367	XP_006390414.1	g46145
OG0009368	XP_006390420.1	g46143, g44518
OG0009369	XP_006390421.1	g44520
OG0009370	XP_024008967.1	g46098
OG0009371	XP_024012103.1	g46076
OG0009372	XP_006416621.1	g31765
OG0009373	XP_006390546.1	g44565
OG0009376	XP_024012698.1	g28801
OG0009377	XP_006390603.1	g44583, g46026
OG0009378	XP_006390637.1	g46008
OG0009379	XP_006390643.1	g44601
OG0009381	XP_006390655.1	g44605
OG0009382	XP_006390677.1	g45953, g44612
OG0009383	XP_006389996.1	g18501
OG0009385	XP_006389985.1	g46452
OG0009386	XP_006389972.1	g46463, g44356
OG0009387	XP_006389969.1	g46466
OG0009388	XP_006389967.1	g44354
OG0009389	XP_006389958.2	g46476
OG0009390	XP_006389938.1	g44349, g46492
OG0009391	XP_006389921.1	g46501, g44336
OG0009392	XP_006389854.1	g44307
OG0009393	XP_006389849.1	g46540
OG0009395	XP_006389808.1	g44292, g46571
OG0009396	XP_006389772.1	g46593
OG0009397	XP_006389761.2	g44276
OG0009398	XP_006389703.1	g46604
OG0009399	XP_006389705.1	g46605
OG0009400	XP_024010943.1	g39222
OG0009402	XP_006407274.1	g7268
OG0009403	XP_006407268.1	g7263
OG0009404	XP_006407265.1	g7262
OG0009405	XP_006407248.1	g7254
OG0009406	XP_006407230.1	g13166
OG0009407	XP_006407201.1	g7232
OG0009408	XP_006407174.1	g7216
OG0009409	XP_006407103.1	g7170
OG0009410	XP_006407097.1	g12192
OG0009411	XP_006407090.1	g12183
OG0009412	XP_006407083.1	g12180, g7163
OG0009413	XP_006407068.1	g12176, g13220
OG0009414	XP_006407051.1	g12166
OG0009415	XP_024015498.1	g7144
OG0009416	XP_006407019.1	g7120
OG0009417	XP_006407015.1	g12150
OG0009418	XP_006407013.1	g7116
OG0009419	XP_006406934.1	g7063, g13244
OG0009421	XP_006406917.2	g7058
OG0009422	XP_006406914.1	g7055
OG0009423	XP_006406908.1	g7053
OG0009424	XP_024015544.1	g13255
OG0009425	XP_024015733.1	g12098
OG0009426	XP_024015243.1	g17949
OG0009427	XP_006406805.1	g6991
OG0009428	XP_006406800.1	g6988
OG0009429	XP_024015041.1	g6987
OG0009430	XP_024015757.1	g13278
OG0009431	XP_006406743.1	g6954
OG0009432	XP_024014165.1, XP_006406742.1	g6953
OG0009433	XP_006396269.1	g25373
OG0009434	XP_006406709.1	g12039
OG0009435	XP_006406660.1	g6908
OG0009436	XP_006406632.1	g12015
OG0009437	XP_024015317.1	g12009
OG0009438	XP_006406590.1	g13310
OG0009439	XP_006406584.2	g13313
OG0009440	XP_006406549.1	g6846
OG0009441	XP_006406502.2	g11959
OG0009442	XP_024015012.1	g13339
OG0009443	XP_006406494.2	g6797
OG0009444	XP_006406443.1	g13351
OG0009445	XP_006406434.1	g6760
OG0009446	XP_006406397.1	g6744
OG0009447	XP_006406381.1	g36449
OG0009448	XP_024015384.1	g6719, g25984
OG0009449	XP_024015567.1	g6716
OG0009450	XP_006406336.1	g11889, g6698
OG0009452	XP_006406246.1	g6635
OG0009453	XP_006406188.1	g11826
OG0009454	XP_006406165.1	g13424
OG0009456	XP_006406028.1	g6531, g13467
OG0009457	XP_006406029.1	g6530
OG0009459	XP_006401980.1	g41163
OG0009460	XP_006401927.1	g6338
OG0009461	XP_006403308.1, XP_006396089.1	g6585
OG0009462	XP_024016645.1	g6302
OG0009463	XP_006409691.1	g6254
OG0009464	XP_024016636.1	g6245
OG0009465	XP_006409683.1	g14691
OG0009466	XP_006399709.2	g29422
OG0009467	XP_024016434.1	g13698
OG0009468	XP_006409532.1	g13699
OG0009469	XP_006409529.1	g6153
OG0009470	XP_024016551.1	g13700
OG0009471	XP_006409336.1	g13724, g14043
OG0009472	XP_006409307.1	g14028
OG0009473	XP_006409300.1	g14024, g6086
OG0009474	XP_006409223.1	g13992
OG0009475	XP_006409143.1	g6002
OG0009476	XP_006409086.1	g5976
OG0009477	XP_006409037.1	g5953, g13905
OG0009478	XP_006408948.1	g5916
OG0009479	XP_006408949.1	g5915, g13860
OG0009480	XP_006408955.1	g13857
OG0009481	XP_006408965.1	g13823
OG0009482	XP_024016009.1	g13841
OG0009484	XP_006392662.1	g36707
OG0009485	XP_006392680.1	g36696
OG0009486	XP_006392723.1	g27994
OG0009487	XP_006392752.1	g54305
OG0009488	XP_006392758.1	g36662
OG0009489	XP_006392783.1	g35868
OG0009491	XP_006392844.1	g36597
OG0009492	XP_006392854.1	g28008
OG0009494	XP_006393098.1	g36471
OG0009495	XP_006393075.1	g36489
OG0009496	XP_024006046.1	g54166
OG0009497	XP_024006322.1	g28059
OG0009498	XP_006393186.1	g28062, g36428
OG0009499	XP_024012126.1	g5251
OG0009500	XP_006393219.1	g54149
OG0009501	XP_006393239.1	g28076
OG0009502	XP_006393245.1	g54138
OG0009503	XP_006402357.1	g18788
OG0009504	XP_006393319.1	g54111
OG0009505	XP_006393322.1	g54110
OG0009506	XP_006393325.1	g36371
OG0009507	XP_006410613.1	g51460
OG0009510	XP_006403870.1	g2443
OG0009511	XP_006403845.2	g2430
OG0009512	XP_006403837.1	g2424
OG0009513	XP_006403760.1	g2404
OG0009515	XP_024003663.1, XP_006403720.1	g2377
OG0009516	XP_006403680.1	g2347
OG0009517	XP_006403645.1	g2328
OG0009518	XP_006403622.1	g19170
OG0009519	XP_006403614.1	g11303
OG0009520	XP_006403611.1	g11301
OG0009521	XP_024013790.1	g2462
OG0009522	XP_006403609.1	g12979
OG0009523	XP_024014642.1	g36976
OG0009524	XP_006403548.1	g19140
OG0009525	XP_024013454.1	g19141
OG0009526	XP_006411113.1	g51741
OG0009527	XP_024013498.1	g19134
OG0009528	XP_006403515.2	g2251
OG0009529	XP_006403466.1	g2214
OG0009530	XP_006403040.2	g2176
OG0009531	XP_006403037.1	g2174
OG0009532	XP_006403010.1	g11265
OG0009533	XP_006403001.1	g19035
OG0009534	XP_006402929.1	g19003
OG0009535	XP_006402923.2	g19002, g2071
OG0009536	XP_006402916.1	g36131, g19000
OG0009537	XP_006402817.1	g18968
OG0009538	XP_006402805.1	g18960
OG0009539	XP_006402799.1	g2033
OG0009540	XP_006402747.1	g18927
OG0009541	XP_006402732.1	g18913
OG0009542	XP_006402701.1	g2013
OG0009543	XP_006402686.1	g2022
OG0009544	XP_006394623.1	g497
OG0009545	XP_006402574.1	g18816
OG0009546	XP_006402573.1	g18809
OG0009547	XP_006402554.1	g18800, g1896
OG0009548	XP_006402518.1	g1878
OG0009549	XP_006402502.1	g1872
OG0009550	XP_006402499.2	g1871
OG0009551	XP_024012896.1	g1836
OG0009553	XP_006402377.1	g18691
OG0009554	XP_006402308.1	g18763
OG0009555	XP_006402298.1	g18771
OG0009556	XP_006402293.1	g18776
OG0009557	XP_006402538.1	g1888
OG0009561	XP_006393253.2	g36397, g54134
OG0009563	XP_006402903.1	g2081
OG0009565	XP_006398094.1	g11036
OG0009567	XP_006413213.1	g23709
OG0009568	XP_006410991.1	g51682
OG0009569	XP_006411044.1, XP_006404224.2	g37264
OG0009570	XP_024003999.1	g51977
OG0009571	XP_006397837.2	g24321, g37666
OG0009572	XP_006390627.1	g46013
OG0009573	XP_006412999.1	g23581
OG0009574	XP_006412295.1	g23144
OG0009575	XP_006412385.1	g23201, g47837
OG0009577	XP_006417634.1	g27053
OG0009579	XP_006417515.1	g49714
OG0009580	XP_006417440.1	g31268
OG0009582	XP_006417267.2	g27183
OG0009583	XP_006416876.1	g31618
OG0009585	XP_006390778.1	g45921
OG0009586	XP_006391130.1	g41530
OG0009587	XP_006409092.1	g13800
OG0009588	XP_006393517.1	g36267
OG0009591	XP_006399853.2	g5261
OG0009594	XP_024012516.1	g50494
OG0009595	XP_024005048.1	g47210
OG0009597	XP_006393613.1	g28123
OG0009598	XP_006393524.1	g28113
OG0009599	XP_024006063.1	g36268
OG0009600	XP_006410396.1	g50527, g35976, g51308
OG0009601	XP_006410272.1	g51245
OG0009603	XP_006399904.1	g5225
OG0009604	XP_006400015.1	g29277
OG0009605	XP_006400043.1	g29262
OG0009606	XP_006400063.1	g5114
OG0009607	XP_006400219.1	g5020, g45740
OG0009609	XP_006405450.1	g16832
OG0009610	XP_006405296.1	g46624
OG0009611	XP_006401105.1	g28698
OG0009612	XP_006394806.1	g605, g10068
OG0009613	XP_006394489.2	g412
OG0009614	XP_006394485.1	g9889, g408
OG0009615	XP_006393884.1	g19654, g9654
OG0009621	XP_006410181.2	g39892
OG0009622	XP_006403895.1	g19295
OG0009625	XP_024007148.1	g1662
OG0009628	XP_024008982.1	g27627
OG0009635	XP_006409013.1	g13842, g5887
OG0009636	XP_006397712.2	g52221
OG0009637	XP_006412844.1	g23473
OG0009638	XP_006412821.1	g17003
OG0009639	XP_024005317.1	g47708
OG0009640	XP_006412796.1	g16995
OG0009641	XP_006412745.1	g47730
OG0009642	XP_006412716.1	g23411
OG0009643	XP_006408596.2, XP_006412681.1	g16981, g48901
OG0009644	XP_006400555.1	g41416
OG0009646	XP_006412635.2	g16964
OG0009647	XP_006393519.1	g36265
OG0009648	XP_006412565.1	g23310
OG0009649	XP_006412469.1	g23268
OG0009650	XP_006412419.1	g23235
OG0009651	XP_006412428.2	g23239
OG0009652	XP_006412389.1	g23203
OG0009653	XP_024005682.1	g18159
OG0009654	XP_024012398.1	g28898
OG0009655	XP_006412315.1	g23157
OG0009656	XP_006412309.2	g23154
OG0009657	XP_006412286.1	g23139
OG0009658	XP_006409501.1	g6152
OG0009659	XP_006412237.1	g18206
OG0009660	XP_006412168.1	g23039
OG0009661	XP_006412158.1	g23033
OG0009662	XP_006400788.1	g41351
OG0009663	XP_024004664.1	g47911
OG0009664	XP_006415381.1	g50571, g24905
OG0009665	XP_024008966.1	g32531
OG0009668	XP_006415275.1	g50618
OG0009669	XP_006415216.1	g32608
OG0009670	XP_006415209.1	g50634
OG0009671	XP_024008351.1	g17521, g50648
OG0009672	XP_006415175.1	g32630
OG0009673	XP_006413600.1	g23928
OG0009674	XP_006415166.1	g32632
OG0009675	XP_006415160.1	g32633
OG0009676	XP_006415159.1	g50659
OG0009677	XP_006415156.1	g27786
OG0009678	XP_006414286.1	g47191
OG0009679	XP_006414288.1	g24306
OG0009680	XP_024004378.1	g2667, g24356
OG0009681	XP_006414366.1	g24363, g24372
OG0009682	XP_006392451.1	g41121
OG0009683	XP_006404044.1	g43998
OG0009684	XP_006392395.1	g44005
OG0009685	XP_006392393.1	g41092
OG0009686	XP_024005385.1	g41076
OG0009687	XP_006392311.1	g41061
OG0009688	XP_006392242.1	g44096, g41047
OG0009689	XP_006392243.1	g44094
OG0009690	XP_006392209.1	g41187, g41202
OG0009691	XP_006392070.1	g40984
OG0009692	XP_024016034.1	g44149
OG0009693	XP_006391962.1	g40939
OG0009694	XP_024011040.1	g10817
OG0009695	XP_006398525.1	g10804
OG0009696	XP_006398527.2	g10802
OG0009697	XP_006398533.1	g18964
OG0009698	XP_006416953.2	g31568
OG0009699	XP_006398541.1	g10796
OG0009700	XP_006395871.1	g41113
OG0009701	XP_006416998.1	g31535
OG0009702	XP_006395804.1	g10727
OG0009703	XP_006395739.1	g1526
OG0009704	XP_006395680.2	g10655
OG0009705	XP_006395673.1	g10650
OG0009706	XP_006395670.1	g10648
OG0009707	XP_006395632.1	g1572
OG0009708	XP_006395631.1	g10620
OG0009709	XP_024006879.1	g10598
OG0009710	XP_024007066.1	g16640
OG0009711	XP_024006784.1	g1594
OG0009712	XP_006395525.1	g10549
OG0009713	XP_006395524.1	g10548
OG0009714	XP_006395446.1	g10489, g16560
OG0009715	XP_024007352.1	g10465
OG0009716	XP_024007461.1	g10391
OG0009717	XP_006395325.1	g10383
OG0009718	XP_024007011.1	g10381
OG0009719	XP_006395290.1	g10359
OG0009720	XP_024014351.1, XP_006395266.1	g10339
OG0009721	XP_006395265.1	g10337
OG0009722	XP_006395256.1, XP_006405686.1	g46726
OG0009723	XP_006391480.1	g41797
OG0009724	XP_024010876.1	g41798
OG0009725	XP_024008570.1	g44976
OG0009726	XP_006391345.1	g45027
OG0009727	XP_006391332.1	g45039
OG0009729	XP_024006352.1, XP_024012020.1	g45084
OG0009730	XP_006391561.1	g45086
OG0009731	XP_024010595.1	g42004
OG0009732	XP_024011957.1	g44898
OG0009733	XP_006391579.1	g45126
OG0009734	XP_024016278.1	g40741
OG0009735	XP_024015350.1	g40747
OG0009736	XP_006391615.1	g40763
OG0009737	XP_006391624.1	g40774
OG0009738	XP_006391674.1	g40815
OG0009739	XP_006391694.1	g40803
OG0009740	XP_006391717.1	g40793
OG0009741	XP_006391778.1	g40853
OG0009742	XP_006391800.1	g40867
OG0009743	XP_006417226.1	g31389
OG0009744	XP_006391908.1	g44214
OG0009745	XP_006391860.2	g38530
OG0009746	XP_006413259.1	g47562
OG0009747	XP_006413243.1	g47569
OG0009748	XP_006411389.1	g38156
OG0009749	XP_024003952.1	g38155
OG0009750	XP_006411355.1	g51960
OG0009751	XP_006411354.1	g51958
OG0009752	XP_006411351.1	g51956
OG0009753	XP_006411349.1	g51954
OG0009754	XP_006411345.1	g51952
OG0009755	XP_006411344.1	g51951
OG0009756	XP_006407693.1	g13029
OG0009757	XP_024015806.1	g13058
OG0009758	XP_006407606.1	g12383
OG0009759	XP_006407534.1	g13102
OG0009760	XP_006407479.1	g12339
OG0009762	XP_024015082.1	g7387
OG0009763	XP_006407401.1	g7346
OG0009764	XP_006407349.2	g7318
OG0009765	XP_006402248.1	g1502
OG0009767	XP_006402165.1	g41154
OG0009768	XP_006402157.2	g41155
OG0009769	XP_006402140.1	g1409
OG0009770	XP_006402127.1	g28253
OG0009771	XP_006402039.1	g1351
OG0009772	XP_006402011.1	g28320
OG0009773	XP_006402008.1	g28321
OG0009774	XP_006401983.1	g41162
OG0009775	XP_024012298.1	g41164
OG0009776	XP_006399879.1	g29335
OG0009777	XP_006401907.1	g28351
OG0009778	XP_006401868.1	g1301, g28359
OG0009779	XP_024011159.1	g41208
OG0009780	XP_006401841.1	g28364
OG0009781	XP_006401833.1	g880
OG0009782	XP_006401816.1	g28374, g41225
OG0009783	XP_006401768.2	g41242
OG0009784	XP_006401764.1, XP_024009650.1	g41246
OG0009785	XP_006401762.1	g41249
OG0009786	XP_006401718.1	g41281
OG0009787	XP_006401724.1	g41275, g913
OG0009788	XP_006401731.1	g911
OG0009789	XP_006401715.1	g41284
OG0009790	XP_006401691.1	g28430
OG0009791	XP_006401633.1	g28450
OG0009792	XP_006401649.1	g28442
OG0009793	XP_006401657.1	g933
OG0009794	XP_006401667.1	g28440
OG0009795	XP_006401590.1	g39428
OG0009796	XP_006401555.1	g39406
OG0009797	XP_006391507.1	g37054
OG0009798	XP_006401498.1	g992
OG0009799	XP_006401490.1	g39384, g39388
OG0009800	XP_006401434.1	g39366
OG0009801	XP_006401422.1	g39365
OG0009802	XP_024011160.1	g39361
OG0009803	XP_006401353.1	g1061
OG0009805	XP_006401306.1	g28561
OG0009806	XP_006401289.1	g28564
OG0009807	XP_006401279.2	g28571
OG0009808	XP_006401260.1	g1093
OG0009809	XP_006401195.2	g1112
OG0009810	XP_006401177.1	g28655
OG0009811	XP_006401171.1	g1134
OG0009812	XP_024012307.1	g1136
OG0009813	XP_006401138.1	g28679
OG0009814	XP_006401129.1	g28685
OG0009815	XP_024011649.1	g39282
OG0009816	XP_006402738.1	g2001
OG0009817	XP_006393696.1	g28143
OG0009819	XP_006399804.1	g29380, g45615
OG0009820	XP_024012339.1	g5314
OG0009821	XP_006399741.1	g5315, g29400
OG0009822	XP_024012243.1	g5317
OG0009824	XP_006399730.1	g29406
OG0009826	XP_006399718.1	g5333
OG0009827	XP_006399708.1	g5339
OG0009828	XP_006399663.1	g29437
OG0009829	XP_006399657.1	g5369
OG0009830	XP_006399603.1	g29464
OG0009832	XP_024012497.1	g5396, g45555
OG0009833	XP_006399578.1	g5398
OG0009834	XP_006399535.1	g29500
OG0009835	XP_006399511.1	g5424
OG0009836	XP_006399427.1	g29558
OG0009837	XP_006394163.1	g238
OG0009838	XP_006399405.1	g5467
OG0009839	XP_006399345.1	g29582
OG0009840	XP_006399332.1	g45500
OG0009842	XP_006399281.1	g5525
OG0009843	XP_006399249.1	g45485, g29614
OG0009844	XP_006399230.1	g29626
OG0009845	XP_006404355.1	g2733, g19505
OG0009846	XP_006414221.1	g47212
OG0009847	XP_006414186.1	g24234
OG0009849	XP_006414115.1	g24191
OG0009850	XP_006414101.1	g47273
OG0009851	XP_006414068.1	g17465
OG0009852	XP_006414036.1	g24154
OG0009853	XP_006413998.1	g24141
OG0009854	XP_024004698.1	g17429
OG0009855	XP_006413925.1	g24085
OG0009856	XP_024005686.1	g24035
OG0009857	XP_006413807.1	g24032
OG0009858	XP_006413737.1	g47400
OG0009859	XP_006413711.1	g17317
OG0009860	XP_006413585.1	g23919
OG0009861	XP_006413582.1	g23917
OG0009862	XP_006413558.1	g23898
OG0009864	XP_024004508.1	g23895
OG0009865	XP_006413474.2	g47487, g23850
OG0009866	XP_006415151.1	g50662
OG0009867	XP_006415056.1	g27804
OG0009868	XP_006415033.1	g32742, g50739
OG0009869	XP_006396072.1	g32766
OG0009870	XP_006396071.1	g50747
OG0009871	XP_024009120.1	g27852
OG0009872	XP_006397465.1	g32973
OG0009873	XP_006393774.1	g53740
OG0009874	XP_006393572.1	g54005
OG0009875	XP_006409815.2	g11667
OG0009876	XP_006393611.1	g36227
OG0009877	XP_006415690.1	g32320
OG0009878	XP_024008416.1	g32358
OG0009879	XP_006415589.1	g50504
OG0009880	XP_006396086.1, XP_006415557.1	g32408
OG0009881	XP_006415554.1	g27688, g32410
OG0009882	XP_006415540.1	g27691
OG0009883	XP_006415524.1	g32429, g27693
OG0009884	XP_006415522.1	g32430
OG0009885	XP_006415496.1	g32451
OG0009886	XP_006415488.1	g27698
OG0009887	XP_006415485.1	g32457
OG0009888	XP_006415467.1	g27703
OG0009890	XP_024008733.1	g50567
OG0009891	XP_006412106.1	g23004
OG0009892	XP_006412099.1	g23000
OG0009893	XP_006412021.1	g22948
OG0009894	XP_006412009.1	g22933
OG0009895	XP_006411973.1	g22911
OG0009896	XP_006411971.1	g22909
OG0009897	XP_006411962.1	g22900
OG0009898	XP_006411954.1	g22892
OG0009899	XP_006411940.1	g22882
OG0009900	XP_006411938.1	g22879
OG0009901	XP_006404814.2	g36912
OG0009902	XP_006411904.1	g22844
OG0009903	XP_006404784.1	g50943
OG0009904	XP_006411880.1	g22829
OG0009905	XP_006411871.1	g47993
OG0009906	XP_006411853.1	g22809
OG0009907	XP_006411846.1	g22802
OG0009909	XP_006411825.1	g22791
OG0009910	XP_006411820.1	g52912, g18295, g52911
OG0009911	XP_006411801.1	g22764
OG0009912	XP_006411770.1	g22733
OG0009913	XP_006411762.1	g22724
OG0009914	XP_006411742.1	g22705
OG0009915	XP_006411702.1	g18312
OG0009916	XP_006411690.1	g18321
OG0009918	XP_006395927.1	g47433, g46857
OG0009919	XP_024013082.1	g17919, g46929
OG0009920	XP_006405764.1	g46741
OG0009921	XP_006405632.1	g46702
OG0009922	XP_006405626.1	g46700
OG0009923	XP_006405604.1	g46690
OG0009924	XP_006410660.1	g51494
OG0009925	XP_006410727.1	g38006
OG0009926	XP_006391990.1	g40963
OG0009927	XP_006402489.1	g1867
OG0009928	XP_006410711.1	g51527
OG0009929	XP_024016800.1	g51526
OG0009930	XP_024003733.1	g51519
OG0009932	XP_006410688.1	g38000
OG0009934	XP_024009820.1	g40271
OG0009935	XP_006397186.1	g40262
OG0009936	XP_024014176.1	g38331
OG0009937	XP_024004134.1	g37089
OG0009938	XP_006410513.1	g51382
OG0009940	XP_006410501.1	g51368
OG0009941	XP_006403358.1	g37026
OG0009942	XP_006403367.1	g37015
OG0009943	XP_006405271.1	g37137
OG0009944	XP_006397110.1	g25839
OG0009945	XP_024010201.1	g40291
OG0009946	XP_006397093.1	g40295
OG0009947	XP_006397031.2	g40321
OG0009948	XP_006397026.1	g40327
OG0009949	XP_006396851.1	g40382
OG0009950	XP_024010085.1	g25675
OG0009951	XP_024010113.1	g40410
OG0009952	XP_006396709.1	g40430
OG0009953	XP_024009830.1	g40435, g16067, g25593
OG0009954	XP_006396678.1	g40445, g25585
OG0009955	XP_006396676.1	g40447
OG0009956	XP_006396673.1	g40448
OG0009957	XP_006396635.1	g40461
OG0009958	XP_006398057.1	g40492
OG0009959	XP_006398170.1	g40538
OG0009960	XP_006398191.1	g10997
OG0009961	XP_006398211.1	g10985
OG0009962	XP_006398212.1	g10984
OG0009963	XP_006398290.1	g40602
OG0009965	XP_024011001.1	g40635
OG0009967	XP_006398395.1	g40672, g10908
OG0009968	XP_006397994.1	g37770
OG0009969	XP_006398462.1	g10851, g40717
OG0009970	XP_006398465.1	g40719
OG0009971	XP_006398444.1	g40706, g10865
OG0009972	XP_024005034.1	g46940
OG0009973	XP_006406051.1	g6538
OG0009975	XP_006414933.1	g24705
OG0009976	XP_006403603.1, XP_024015846.1	g2304
OG0009977	XP_024005878.1	g47004
OG0009978	XP_006414863.2	g47009
OG0009979	XP_006414767.1	g47039
OG0009980	XP_024005091.1, XP_006410619.1	g24522
OG0009981	XP_006414642.1	g47077
OG0009982	XP_006406264.1	g6665
OG0009984	XP_024014606.1	g16872, g16873
OG0009985	XP_006405577.1	g16871
OG0009986	XP_006405537.1	g16850
OG0009987	XP_006405533.1	g4318
OG0009988	XP_024004197.1	g37301
OG0009989	XP_006405360.1	g16787
OG0009991	XP_024014678.1	g16765
OG0009992	XP_024009789.1	g40274
OG0009993	XP_006397995.1	g37771
OG0009994	XP_006397958.1	g37745
OG0009995	XP_006397929.2	g50824
OG0009996	XP_006397925.1	g50822
OG0009997	XP_006397867.1	g37695
OG0009998	XP_006397864.1	g37688
OG0009999	XP_006397857.1	g50792
OG0010000	XP_006397811.1	g37651
OG0010001	XP_024010821.1	g37650
OG0010002	XP_006397776.1	g52278
OG0010003	XP_006397732.1	g52254
OG0010004	XP_006397717.1	g37606
OG0010005	XP_006397705.1	g52224
OG0010006	XP_006397703.1	g52225
OG0010007	XP_006397673.2	g52208, g38239, g976
OG0010008	XP_006397669.1	g52198
OG0010009	XP_006409024.1	g13838
OG0010010	XP_006397570.1	g52146
OG0010011	XP_024010783.1	g52130
OG0010012	XP_006397550.1	g52129
OG0010013	XP_006397541.1	g52126
OG0010015	XP_006411587.1	g52106
OG0010016	XP_006411583.1	g38203
OG0010017	XP_006411581.1	g52095
OG0010018	XP_006411579.1	g52093
OG0010019	XP_006411472.1	g52027
OG0010020	XP_024003748.1	g52031, g37435
OG0010021	XP_024012805.1	g18979
OG0010022	XP_006411451.1	g37411
OG0010023	XP_006411439.1	g38168
OG0010024	XP_006411420.1	g37394
OG0010025	XP_006411414.1	g51996
OG0010026	XP_006398676.1	g5798
OG0010027	XP_006398679.1	g5797
OG0010028	XP_006398701.1	g5790
OG0010029	XP_006398715.1	g45329
OG0010030	XP_006398724.1	g45337
OG0010031	XP_006398746.1	g5766
OG0010033	XP_006398776.1	g29836
OG0010034	XP_006398784.1, XP_024013271.1	g5738
OG0010035	XP_006398790.1	g5734
OG0010036	XP_006398804.1	g5725
OG0010037	XP_006398806.1	g5724
OG0010038	XP_006398847.1	g29811
OG0010039	XP_006398854.1	g45376
OG0010040	XP_006400493.1	g29110
OG0010041	XP_006400520.1	g657
OG0010042	XP_006400516.2	g29123
OG0010043	XP_006400577.1	g703
OG0010045	XP_006400592.2	g711
OG0010046	XP_024012184.1	g28946
OG0010047	XP_006400612.1	g28932
OG0010048	XP_006400614.1	g28931, g41402
OG0010049	XP_006400129.1	g5072, g29206
OG0010050	XP_006400639.1	g734
OG0010051	XP_006400652.1	g41386
OG0010052	XP_006400677.1	g748, g28906
OG0010053	XP_006400680.1	g755
OG0010054	XP_006405412.1	g16809
OG0010055	XP_006400764.1	g41353
OG0010056	XP_006400815.1	g28849
OG0010057	XP_006400832.1	g843, g28828
OG0010058	XP_006400846.1	g41327
OG0010059	XP_006400886.1	g861
OG0010060	XP_024011839.1	g1276
OG0010061	XP_024008692.1	g27644
OG0010062	XP_006401028.1	g28710
OG0010063	XP_006394300.1	g312
OG0010064	XP_006394290.1	g9819
OG0010065	XP_006394287.2	g305
OG0010066	XP_006394282.1	g302
OG0010067	XP_006401423.1	g1028
OG0010068	XP_024006762.1	g260
OG0010069	XP_006394188.1	g9781
OG0010070	XP_006394170.1	g9774
OG0010071	XP_006394159.1	g236
OG0010072	XP_006394095.1, XP_024007612.1	g200
OG0010073	XP_006394077.1	g178, g9725
OG0010074	XP_006394075.2	g176
OG0010075	XP_006394001.1	g9700
OG0010076	XP_006393997.1	g140, g9698
OG0010077	XP_006393917.1	g72
OG0010078	XP_006393901.1	g61
OG0010079	XP_006393897.2	g59
OG0010080	XP_006393894.1	g54
OG0010081	XP_006393893.1	g9661
OG0010082	XP_006393870.1	g41
OG0010083	XP_006393838.2	g26
OG0010084	XP_006393821.1	g19642
OG0010085	XP_006403920.1	g2476, g19313
OG0010087	XP_006396206.1	g25339
OG0010089	XP_006396259.1	g45271
OG0010090	XP_006416617.1	g31767
OG0010091	XP_006396285.1	g39482
OG0010092	XP_006396348.1	g25415, g25418
OG0010093	XP_006396378.1, XP_006396383.1	g25433
OG0010094	XP_006396422.1	g39547
OG0010095	XP_006396414.1, XP_024009993.1	g39549
OG0010096	XP_006396442.2	g45233
OG0010097	XP_006396467.1	g25471
OG0010098	XP_024009867.1	g25479
OG0010099	XP_006396540.1	g25501
OG0010100	XP_006396547.1	g39636
OG0010101	XP_006396552.1	g25511
OG0010102	XP_006396554.1	g39639
OG0010103	XP_006396557.1	g39643, g45192
OG0010104	XP_024009864.1	g39668
OG0010105	XP_006403210.1	g11102
OG0010106	XP_024003828.1	g51351
OG0010107	XP_006410470.1	g51342
OG0010109	XP_006410390.1	g51305, g35972
OG0010110	XP_006410330.2	g51278
OG0010111	XP_006410307.1	g37915
OG0010112	XP_006410252.1	g39858
OG0010113	XP_024003825.1	g51233, g39873
OG0010114	XP_006410173.1	g39895
OG0010115	XP_006410104.1, XP_006410117.1	g39916
OG0010116	XP_006410052.1	g39957
OG0010118	XP_006409928.1	g40013
OG0010119	XP_006409890.1	g39976
OG0010120	XP_006409868.1	g51077
OG0010121	XP_024004277.1	g40059
OG0010122	XP_024003950.1, XP_024003935.1	g40063
OG0010123	XP_006409832.1	g40067
OG0010124	XP_006409791.1	g40084
OG0010125	XP_024016846.1	g40085
OG0010126	XP_006409787.1	g40086
OG0010127	XP_024016047.1	g40116
OG0010128	XP_024010558.1	g40158
OG0010129	XP_006401579.1	g40178
OG0010130	XP_006408724.1	g40185
OG0010131	XP_006408785.1	g38288
OG0010132	XP_006413075.1	g23634
OG0010133	XP_006408556.2	g12721
OG0010134	XP_006407758.1	g7546
OG0010135	XP_024012297.1	g3249
OG0010136	XP_006411405.1	g37389
OG0010137	XP_006411401.1	g37387
OG0010138	XP_006413189.1	g23703
OG0010139	XP_006413181.1	g17131
OG0010140	XP_006408479.1	g12703
OG0010141	XP_006408381.1	g7856
OG0010142	XP_024016592.1, XP_006408330.1	g12655
OG0010143	XP_006408328.1	g12653
OG0010144	XP_006408286.1	g7818
OG0010145	XP_006408280.1	g12781
OG0010146	XP_006408271.1	g7812
OG0010147	XP_024015573.1	g12620
OG0010148	XP_006408153.1, XP_024014975.1, XP_006408196.1	g7778, g7769
OG0010149	XP_024015132.1	g7762
OG0010150	XP_006408149.1	g12822
OG0010151	XP_006408036.1	g12533
OG0010152	XP_006407917.1	g12938
OG0010153	XP_006407916.2	g7630
OG0010154	XP_006407890.1	g7620
OG0010155	XP_006399825.1, XP_006407883.1	g7615, g7324
OG0010156	XP_006407872.1	g12456
OG0010157	XP_006407799.1	g12982
OG0010158	XP_024015375.1	g12425
OG0010159	XP_006394440.1	g9874
OG0010160	XP_006407745.1	g13000
OG0010161	XP_006411241.1	g51841
OG0010162	XP_006411223.1	g51820
OG0010163	XP_006411218.1	g51813, g37335
OG0010164	XP_006411176.1	g51778
OG0010165	XP_006403514.1	g2252
OG0010166	XP_006411125.1	g51748
OG0010167	XP_006411102.1	g37293
OG0010169	XP_006410838.2	g38045
OG0010170	XP_006410857.1	g51608
OG0010171	XP_006410893.1	g38062
OG0010172	XP_006410894.1	g37197
OG0010173	XP_024003890.1	g38069
OG0010174	XP_006410970.1	g51670, g51669
OG0010175	XP_024003875.1	g51703
OG0010176	XP_006411009.1	g51693
OG0010178	XP_006417899.1	g26986
OG0010179	XP_006411091.1	g38103
OG0010180	XP_006416908.1	g49940
OG0010181	XP_006416902.1	g27305
OG0010182	XP_024007882.1	g31666
OG0010183	XP_006416691.1	g50007, g31715
OG0010184	XP_006416676.1	g50014
OG0010185	XP_006400572.1	g41411
OG0010186	XP_006416640.1	g31751
OG0010187	XP_006416580.1	g31798
OG0010189	XP_024008920.1	g31829
OG0010190	XP_006416506.1	g50086
OG0010191	XP_006416496.1	g31859
OG0010192	XP_006416448.1	g50112
OG0010193	XP_006416445.1	g31891
OG0010194	XP_006416444.1	g27447
OG0010195	XP_006416443.1	g31892
OG0010196	XP_024008893.1	g50116
OG0010197	XP_024009148.1	g50141
OG0010198	XP_024008601.1	g27468
OG0010199	XP_024007857.1	g27469
OG0010200	XP_006416356.1	g27474
OG0010201	XP_024008128.1	g31964
OG0010203	XP_006416274.1	g27492
OG0010204	XP_006390063.1	g14076
OG0010205	XP_006416175.1	g27526
OG0010206	XP_006416150.1	g27535
OG0010207	XP_024008460.1	g50264
OG0010209	XP_024007851.1	g50281
OG0010210	XP_006390875.1	g45860
OG0010211	XP_006416045.1	g50307
OG0010212	XP_006415980.1	g32128
OG0010213	XP_006415939.1	g50361, g32152
OG0010214	XP_006391041.1	g44772
OG0010215	XP_006415913.1	g32165
OG0010216	XP_006415895.1	g32188
OG0010217	XP_006415882.1	g32192
OG0010218	XP_006391172.2	g41569
OG0010219	XP_024008661.1	g32222, g50391
OG0010220	XP_024008004.1	g32244
OG0010221	XP_006415816.1	g32245
OG0010222	XP_006415768.1	g27626
OG0010223	XP_006413402.1	g17203
OG0010224	XP_006413345.1	g23800
OG0010225	XP_006413341.1	g17182
OG0010226	XP_024004503.1	g23787
OG0010227	XP_006413330.1	g23786
OG0010228	XP_006413279.1	g17156
OG0010229	XP_006405211.1	g38333
OG0010230	XP_006397301.1, XP_006404988.1	g38369
OG0010231	XP_006404980.1	g38371, g38375, g38379
OG0010232	XP_006404923.2	g50976
OG0010233	XP_006404918.1	g50973
OG0010235	XP_006404860.1	g50960
OG0010236	XP_024013874.1	g5010, g38422
OG0010237	XP_006404857.1	g36900
OG0010239	XP_006404754.1	g50905
OG0010240	XP_024013876.1	g38523, g50878
OG0010241	XP_006404556.1	g50854
OG0010242	XP_006416940.1	g31576, g49931
OG0010243	XP_006416948.1	g27288
OG0010244	XP_006416978.1	g49919
OG0010245	XP_006417011.1	g49905, g31528
OG0010246	XP_024008553.1	g31513
OG0010247	XP_006417075.1	g31485
OG0010248	XP_006417130.1	g31451
OG0010249	XP_006417129.1	g27221
OG0010250	XP_006417147.1	g31436
OG0010251	XP_006417245.1	g31377
OG0010252	XP_006417367.1	g27151
OG0010253	XP_024008334.1	g49768
OG0010254	XP_006417397.1	g31295
OG0010255	XP_024008999.1	g31284
OG0010256	XP_006417439.1	g49735
OG0010257	XP_006417462.1	g49730, g31251
OG0010258	XP_006417561.1	g49623
OG0010259	XP_006417569.1	g31182
OG0010260	XP_006417605.1	g31161
OG0010261	XP_024009076.1	g27059
OG0010262	XP_006417645.1	g31139
OG0010263	XP_006417785.1	g49574
OG0010264	XP_006396961.1	g31025
OG0010265	XP_006417917.1	g31001
OG0010266	XP_006398011.1	g43231
OG0010267	XP_006417992.1	g30952
OG0010268	XP_006418025.2	g49499
OG0010269	XP_024008242.1	g30930, g49496
OG0010270	XP_006418052.1	g49488
OG0010271	XP_006418053.1	g30915
OG0010272	XP_006418089.1	g30900
OG0010273	XP_006418093.2	g30902
OG0010274	XP_024008771.1	g30873
OG0010275	XP_006418137.1	g30867
OG0010276	XP_006418178.1	g49440
OG0010277	XP_006418183.1	g49437
OG0010278	XP_024008886.1	g26918
OG0010279	XP_006418203.1	g30840
OG0010280	XP_006418198.1	g49432
OG0010281	XP_006418247.1	g30815
OG0010282	XP_006418279.1	g30803
OG0010283	XP_006418318.1	g30780
OG0010284	XP_006418341.1	g49368
OG0010285	XP_006418336.1	g49376
OG0010286	XP_006418424.1	g49322
OG0010287	XP_006399898.1	g29328
OG0010288	XP_006399937.1	g29315
OG0010289	XP_006399987.1	g5169
OG0010290	XP_006400083.1	g29239
OG0010291	XP_024012337.1	g29245
OG0010292	XP_006400188.1	g5043, g45734
OG0010293	XP_024011764.1	g45738
OG0010294	XP_006400204.1	g5028
OG0010295	XP_006400217.1	g5021
OG0010296	XP_006400252.1	g4999
OG0010297	XP_006400261.1	g29143
OG0010298	XP_006400307.1	g4985
OG0010299	XP_006408239.1	g12616
OG0010300	XP_006400380.1	g41475
OG0010301	XP_006400455.1	g29081
OG0010302	XP_006400482.1	g29101
OG0010303	XP_006412362.1	g23187
OG0010304	XP_006394997.1	g4715
OG0010305	XP_006395013.1	g10165
OG0010306	XP_006395021.1	g4729, g10168
OG0010307	XP_006395029.1	g10175
OG0010308	XP_006395031.1	g10177
OG0010309	XP_006395063.1	g10191
OG0010310	XP_006395067.1	g10193
OG0010311	XP_006395095.1	g10213
OG0010312	XP_006395073.1	g4639
OG0010313	XP_006395172.1	g10256
OG0010314	XP_006407843.1	g7595, g12444
OG0010315	XP_006399861.1	g5256
OG0010316	XP_006399180.1	g45468
OG0010317	XP_006396006.1	g53940, g53981
OG0010318	XP_006399117.1	g29678
OG0010319	XP_006399109.1	g29681, g5597
OG0010320	XP_006399098.1	g29687
OG0010321	XP_006399035.2	g29710
OG0010322	XP_006399027.1	g29719
OG0010325	XP_006398995.2	g5643
OG0010326	XP_006398992.1	g5644
OG0010327	XP_006398982.1	g29738
OG0010328	XP_006398981.1	g29739
OG0010329	XP_006398955.1	g5652
OG0010330	XP_006398956.1	g45409, g5650
OG0010331	XP_006394838.2	g622
OG0010332	XP_006394766.1	g583
OG0010334	XP_006394702.1	g10017
OG0010335	XP_006394708.1	g18568
OG0010337	XP_006394661.1	g514
OG0010338	XP_006394648.1	g508
OG0010339	XP_006394619.1	g9973
OG0010340	XP_006394569.1	g458
OG0010341	XP_024007600.1	g3987, g9940
OG0010342	XP_006394505.2	g421
OG0010343	XP_024006739.1	g415
OG0010344	XP_024007550.1	g9867
OG0010345	XP_006394393.1	g358, g9857
OG0010346	XP_006394389.1	g355
OG0010347	XP_006394359.1	g338
OG0010348	XP_006401108.1	g28696
OG0010349	XP_006403923.1	g2477
OG0010350	XP_006403969.1	g2513
OG0010351	XP_006403996.1	g2541
OG0010352	XP_006404000.1	g19343, g2543
OG0010353	XP_006404034.1	g19362
OG0010354	XP_006404118.1	g2618
OG0010355	XP_024013510.1	g11385
OG0010356	XP_006404182.1	g2647
OG0010357	XP_006404232.1	g19426
OG0010358	XP_006404241.1	g19422
OG0010359	XP_006404254.1	g2708
OG0010360	XP_006404285.1, XP_024013737.1	g19470, g2727
OG0010361	XP_006404312.1	g2758
OG0010362	XP_006404335.1	g2746
OG0010363	XP_006419010.1, XP_006412811.1	g11437
OG0010364	XP_006419084.1	g11447, g3062
OG0010365	XP_006419115.1	g3118, g19603
OG0010366	XP_006419120.1	g3131
OG0010367	XP_006404519.1	g3435
OG0010368	XP_006404521.1	g19613
OG0010370	XP_024007963.1	g41628
OG0010371	XP_006391260.1	g41685
OG0010372	XP_006391166.1	g13637
OG0010373	XP_006391198.1	g44870
OG0010374	XP_006391121.1	g44826
OG0010375	XP_006391116.1	g13636
OG0010376	XP_006391096.1	g44803
OG0010377	XP_024012836.1	g13635
OG0010378	XP_024009885.1	g44783, g45768, g36533
OG0010380	XP_006391042.1	g44773
OG0010382	XP_006390912.1	g45836
OG0010383	XP_006390813.1	g45896
OG0010384	XP_006390794.1	g45911
OG0010385	XP_006390745.1	g44638, g45944
OG0010386	XP_006390689.2	g44617
OG0010387	XP_006390000.1	g46437
OG0010388	XP_006390031.1	g46406
OG0010389	XP_006390054.2	g17959
OG0010390	XP_006390073.1	g46376
OG0010391	XP_006390094.1	g46352
OG0010392	XP_024013798.1	g19307
OG0010393	XP_006390119.1	g46327
OG0010394	XP_006405098.1	g46322
OG0010395	XP_006416433.1	g50119, g27450
OG0010396	XP_006390337.1	g46186
OG0010398	XP_006390468.1	g44547
OG0010399	XP_024011685.1	g46101
OG0010400	XP_024008509.1	g46096
OG0010401	XP_006390532.1	g46081
OG0010402	XP_024011604.1	g46068, g44564
OG0010404	XP_024005926.1	g44580
OG0010405	XP_006390607.1	g46025
OG0010407	XP_024005927.1	g46024
OG0010408	XP_006390671.1	g44610
OG0010409	XP_006389922.1	g46500, g44337
OG0010410	XP_006389893.1	g13605
OG0010411	XP_024009979.1	g13602
OG0010413	XP_006389817.2	g46564
OG0010414	XP_006389800.1	g44290
OG0010415	XP_006389767.1	g44277
OG0010417	XP_006401472.1	g39377
OG0010419	XP_006407241.2	g12243
OG0010420	XP_024015106.1	g12235
OG0010421	XP_006407096.1	g12191
OG0010423	XP_024015359.1	g12178
OG0010425	XP_006407042.1	g12162, g7143
OG0010426	XP_006400573.1	g701
OG0010427	XP_006406995.1	g7105
OG0010428	XP_024015045.1	g7093
OG0010429	XP_006406958.1	g12134
OG0010430	XP_006406937.1	g12115
OG0010431	XP_006406841.1	g7015
OG0010434	XP_006406713.1	g6931
OG0010435	XP_006406674.1	g12029
OG0010436	XP_006406630.1	g13305
OG0010437	XP_006406616.1	g6882
OG0010438	XP_006406610.1	g6880, g12008
OG0010439	XP_006406596.1	g12005
OG0010440	XP_006406583.1	g6861
OG0010441	XP_006406563.1	g13324
OG0010442	XP_006406550.1	g6847
OG0010443	XP_006406546.1	g11980, g6845
OG0010444	XP_024015333.1	g6834
OG0010445	XP_006393250.1	g28077
OG0010446	XP_006406475.1	g6781
OG0010447	XP_024015113.1	g6780
OG0010448	XP_006406451.2	g6774
OG0010449	XP_006406450.1	g6773, g11947
OG0010450	XP_006393153.1	g36444
OG0010451	XP_006406414.1	g11933
OG0010452	XP_006406412.1	g11925
OG0010453	XP_006406411.1	g6753
OG0010454	XP_006406407.1	g6749
OG0010455	XP_006406405.1	g6748
OG0010456	XP_006406382.1	g6724
OG0010457	XP_006406373.1	g11907
OG0010459	XP_006406361.1	g6711, g6717
OG0010460	XP_006406325.1	g6692
OG0010461	XP_006406265.2	g11867
OG0010462	XP_006406239.2	g6628
OG0010463	XP_006406233.1	g13401
OG0010464	XP_006406229.1	g11847
OG0010465	XP_006406212.1	g6597
OG0010466	XP_006406129.1	g11804
OG0010467	XP_006418761.1	g6458
OG0010468	XP_006406109.1	g11780
OG0010469	XP_006406108.1	g13447
OG0010470	XP_006406104.1	g6556
OG0010471	XP_006406075.1	g6549, g11766
OG0010472	XP_006406065.1	g6544
OG0010473	XP_024014897.1	g13470
OG0010474	XP_006418823.1	g6491
OG0010475	XP_006418815.2	g11735
OG0010476	XP_006418760.1	g13494
OG0010477	XP_006418625.1	g6392
OG0010478	XP_006397106.1	g6333
OG0010479	XP_006409637.1	g14345
OG0010480	XP_006409546.1	g14257, g14260
OG0010481	XP_024016507.1	g6147
OG0010482	XP_006409481.1	g6145
OG0010483	XP_006409437.1	g39572, g6387
OG0010484	XP_006409375.1	g14060
OG0010485	XP_006409371.1	g6120
OG0010486	XP_024016446.1	g14050
OG0010487	XP_006409332.1	g14041
OG0010488	XP_006409160.1	g6008
OG0010489	XP_006409038.1	g13906
OG0010490	XP_006409036.1	g13805
OG0010491	XP_006408887.1	g13901
OG0010492	XP_006408898.1	g13895
OG0010493	XP_006391762.1	g13874
OG0010494	XP_006408922.1	g5935
OG0010495	XP_006412892.1	g23513
OG0010496	XP_006408933.1	g5929
OG0010497	XP_006408956.1	g5909
OG0010499	XP_006408985.1	g5901
OG0010501	XP_006392561.2	g54385
OG0010502	XP_024006171.1	g36726
OG0010503	XP_024005230.1	g24798
OG0010504	XP_006393019.1, XP_006393016.1	g36514
OG0010505	XP_006403908.1	g2470
OG0010506	XP_006393097.1	g36164
OG0010507	XP_006393065.1	g28040
OG0010508	XP_006393115.1	g54198
OG0010509	XP_006393141.1	g28053
OG0010510	XP_006393148.1	g28055
OG0010511	XP_006393162.1	g36439, g54165
OG0010512	XP_006393248.1	g54136
OG0010513	XP_006393358.1	g28095
OG0010514	XP_006393315.1	g28083
OG0010515	XP_006393394.1	g54084
OG0010516	XP_006393419.1	g54076
OG0010517	XP_006393475.1	g54047
OG0010519	XP_006414465.1, XP_006414464.1	g47118
OG0010520	XP_006410603.1	g37095, g37076
OG0010521	XP_024004004.1	g37079
OG0010522	XP_006403853.1	g2437
OG0010523	XP_006403849.1	g19279
OG0010524	XP_006403847.1	g2432
OG0010525	XP_006403822.1	g19272
OG0010526	XP_006403820.1	g2417
OG0010527	XP_006403802.1	g2412
OG0010528	XP_006403757.1	g19216
OG0010530	XP_006400556.1	g685
OG0010531	XP_006403748.1	g2391
OG0010532	XP_006403715.1	g19207
OG0010533	XP_006403722.1, XP_024016099.1	g2381
OG0010534	XP_024013780.1	g2370
OG0010535	XP_006403683.1	g19194
OG0010536	XP_006403673.1	g2341
OG0010537	XP_006403633.1	g19172
OG0010539	XP_006403583.1	g2293
OG0010540	XP_006403551.1	g19146
OG0010541	XP_006403531.1	g2266
OG0010543	XP_006403495.1	g2236
OG0010544	XP_006403481.1	g2231
OG0010545	XP_006403428.1	g19069
OG0010546	XP_006402939.1	g2061
OG0010547	XP_006402938.1	g2062
OG0010548	XP_006402931.1	g19004
OG0010549	XP_006402776.1	g1982
OG0010550	XP_006402772.1	g1983
OG0010551	XP_006402756.1	g11206
OG0010552	XP_006402733.2	g18914
OG0010553	XP_006403584.1	g2294
OG0010554	XP_006402669.1	g18880
OG0010555	XP_006402658.1	g1965
OG0010556	XP_006402579.2	g18820
OG0010557	XP_024013009.1	g18806
OG0010558	XP_006402510.1	g18689
OG0010559	XP_006402509.1	g1873
OG0010560	XP_006402497.1	g1870
OG0010562	XP_006409459.1	g1844
OG0010563	XP_006402438.1	g11161
OG0010564	XP_006402432.1	g1802
OG0010565	XP_006402431.1	g1796
OG0010566	XP_006403729.1, XP_006402429.1	g1794
OG0010567	XP_006402370.1	g18796
OG0010568	XP_006402326.1	g18744
OG0010570	XP_006402302.1	g18768
OG0010571	XP_024012905.1	g18773
OG0010572	XP_024008431.1	g31587
OG0010575	XP_006403851.1	g2434
OG0010576	XP_006403577.1	g2291
OG0010577	XP_024012931.1	g2051, g45608, g18970
OG0010578	XP_006411260.1	g51857
OG0010579	XP_006411340.2	g38147
OG0010580	XP_006412714.1	g23409
OG0010582	XP_006418277.1	g30804
OG0010583	XP_024008634.1	g30934
OG0010585	XP_006417743.1	g49602
OG0010587	XP_006417284.1	g27178
OG0010589	XP_006416233.2	g27512
OG0010590	XP_006390891.1	g44700
OG0010591	XP_006391133.1	g41533
OG0010592	XP_006391182.1	g44858
OG0010594	XP_024007169.1	g1592
OG0010595	XP_006409814.1	g37813
OG0010596	XP_006418733.1	g13509
OG0010597	XP_024015600.1	g6599
OG0010598	XP_006406707.2	g12037
OG0010600	XP_024015655.1	g7210
OG0010601	XP_006407303.1	g12270
OG0010602	XP_006407321.1	g7303
OG0010603	XP_006407679.1	g12399
OG0010604	XP_006407719.1	g7518, g13014
OG0010605	XP_006407859.1	g7606
OG0010606	XP_006408130.1	g18475, g7729
OG0010609	XP_006399122.1	g26055, g29676
OG0010611	XP_006404643.1	g36954
OG0010612	XP_006415077.2	g22266, g32367, g11785
OG0010613	XP_006414027.2	g17450
OG0010614	XP_006414072.1	g24169
OG0010615	XP_006414228.1	g24264
OG0010616	XP_024008252.1	g32422
OG0010617	XP_006410427.1	g51319
OG0010618	XP_006399394.1	g5473
OG0010622	XP_006400054.1	g29258
OG0010623	XP_006395012.1	g10164
OG0010624	XP_006412825.1	g47700
OG0010626	XP_006400734.1	g28877
OG0010628	XP_006394836.1	g14921, g18551
OG0010629	XP_006394715.1	g550
OG0010630	XP_006394407.1	g9862
OG0010632	XP_024008508.1	g31479
OG0010634	XP_024006623.1	g36358, g36354
OG0010639	XP_006418797.1	g6471
OG0010640	XP_024014223.1, XP_006404622.1	g50879
OG0010644	XP_006395039.1	g4745
OG0010645	XP_006414251.1	g24280
OG0010660	XP_006412983.1	g17055
OG0010661	XP_006412970.1	g47662
OG0010662	XP_006412930.1	g23539
OG0010663	XP_006412850.1	g23475
OG0010664	XP_006412729.2	g23420
OG0010665	XP_006412675.1	g23380
OG0010666	XP_006411601.1	g18381
OG0010667	XP_006412637.1	g47764, g23356
OG0010668	XP_006412614.1	g23343
OG0010670	XP_006412556.1	g47791
OG0010671	XP_006412509.1	g23286
OG0010672	XP_006412451.1	g23254
OG0010673	XP_006412435.1	g47822
OG0010674	XP_006412382.1	g23199
OG0010675	XP_006412395.1	g47834, g23208
OG0010676	XP_006400732.1	g785
OG0010677	XP_006412300.1	g18184
OG0010678	XP_006410945.1	g37222, g51648
OG0010679	XP_006412260.1	g18200
OG0010680	XP_006412279.1	g18194
OG0010681	XP_006412230.1	g23096
OG0010682	XP_006391293.1	g41727
OG0010683	XP_006412174.2	g47898
OG0010684	XP_006412137.1	g47908
OG0010685	XP_006399878.1	g29336
OG0010686	XP_006415307.1	g32533
OG0010687	XP_006415258.2	g32554
OG0010688	XP_006414270.1	g17557
OG0010689	XP_006414277.1	g24302
OG0010690	XP_024005114.1	g47195
OG0010691	XP_006414328.1	g17575, g24332
OG0010692	XP_006414336.1	g17577
OG0010694	XP_024004775.1	g17582, g24349
OG0010695	XP_006414353.1	g24357
OG0010696	XP_006414357.1	g17588
OG0010697	XP_006392453.1	g41122
OG0010698	XP_006402980.2	g19021
OG0010699	XP_006392442.1	g43970
OG0010700	XP_006392403.1	g41095
OG0010701	XP_006392394.1	g41093
OG0010702	XP_024004458.1	g41074
OG0010703	XP_024015246.1	g24716
OG0010704	XP_024016613.1	g44048
OG0010707	XP_006392224.1	g41037
OG0010708	XP_024016082.1	g41043
OG0010709	XP_024013342.1	g44103
OG0010710	XP_006392208.1	g41036
OG0010711	XP_006392184.1	g41031
OG0010712	XP_006392183.1	g44111
OG0010713	XP_006392179.1	g41027
OG0010714	XP_006392169.1	g41025
OG0010715	XP_006392165.2	g44127
OG0010716	XP_006392134.1	g40998
OG0010717	XP_006392066.1	g40982
OG0010718	XP_006392028.1	g44157
OG0010719	XP_006391981.1	g44188
OG0010720	XP_006391967.1	g44196
OG0010721	XP_006391949.1	g40935
OG0010722	XP_006398498.1	g10822
OG0010723	XP_006395851.1	g10763
OG0010725	XP_006395788.1	g16704
OG0010726	XP_006395783.1	g10710, g10714
OG0010727	XP_006395772.1	g10705
OG0010728	XP_006395761.1	g10699
OG0010729	XP_024006799.1	g10693
OG0010730	XP_006395708.1	g10665
OG0010731	XP_006401772.1	g1564
OG0010733	XP_006395601.1	g10591
OG0010734	XP_006417146.1	g49870
OG0010735	XP_006395584.1	g10585
OG0010736	XP_024006700.1	g10578
OG0010737	XP_006395565.2	g1588
OG0010738	XP_006395418.1	g10475
OG0010739	XP_006395412.1	g10467
OG0010740	XP_024006842.1	g10442
OG0010741	XP_006395371.1	g10431
OG0010742	XP_006395263.1	g10335
OG0010744	XP_006391555.1	g45083
OG0010745	XP_006419163.1	g45128
OG0010746	XP_006408212.1	g12795
OG0010747	XP_006419183.1	g17890
OG0010748	XP_006391590.1	g40732
OG0010749	XP_024015661.1	g40735
OG0010750	XP_006391603.1	g40748
OG0010752	XP_006391620.1	g40767
OG0010753	XP_006391641.1, XP_024016269.1	g40777
OG0010754	XP_006391661.1	g40821
OG0010755	XP_006391692.1	g40804
OG0010756	XP_006391723.1, XP_024013605.1	g40792
OG0010757	XP_006391815.1	g44240
OG0010758	XP_006407326.1	g12278
OG0010759	XP_006413217.1	g23711
OG0010760	XP_006411390.2	g51980
OG0010761	XP_006411361.1	g37374
OG0010762	XP_006411363.1	g37376
OG0010763	XP_006411330.1	g51924
OG0010764	XP_006407720.1	g13013
OG0010765	XP_006407711.1	g13020
OG0010766	XP_006407677.1	g7493
OG0010767	XP_006407602.1	g13071
OG0010768	XP_006407595.1	g7444
OG0010769	XP_006407594.1	g7443
OG0010770	XP_006413886.1	g47337
OG0010772	XP_024015308.1, XP_024005662.1	g22915
OG0010773	XP_006407477.2	g7397
OG0010774	XP_006412384.1	g47838
OG0010775	XP_006407440.1	g7375
OG0010776	XP_006407397.2	g12301
OG0010777	XP_006407373.1	g7332
OG0010778	XP_006407357.1	g12290, g7322
OG0010779	XP_006407356.1	g7320
OG0010780	XP_006407338.1	g7313
OG0010781	XP_006407337.1	g7312
OG0010782	XP_006397347.1	g41148
OG0010783	XP_006402222.2	g1475
OG0010784	XP_024011607.1	g1481
OG0010785	XP_006402213.1	g1461
OG0010786	XP_006402110.1	g28262
OG0010787	XP_006402129.1	g28250, g26853
OG0010788	XP_006402126.1	g1405
OG0010789	XP_006402108.1	g28306, g28267
OG0010790	XP_024012318.1	g28288
OG0010791	XP_024005334.1	g23799
OG0010792	XP_006402005.1	g1340, g28323
OG0010794	XP_006401968.1	g1331
OG0010795	XP_006401932.1	g41172
OG0010796	XP_006401904.1	g1316
OG0010797	XP_006401847.1	g872
OG0010798	XP_006401721.1	g28416, g41278
OG0010799	XP_006403563.1	g28407
OG0010800	XP_024011475.1	g41288
OG0010801	XP_006401675.1	g28436, g35041, g35317, g41295, g19656
OG0010802	XP_024012671.1	g39432
OG0010803	XP_024011209.1	g28445
OG0010804	XP_006401663.1	g931
OG0010805	XP_006401545.1	g971
OG0010806	XP_006413106.2	g23656
OG0010808	XP_006401445.1	g28516
OG0010809	XP_024012482.1	g1031
OG0010810	XP_006401396.1	g1040
OG0010811	XP_006401363.1	g1057
OG0010812	XP_006401250.1	g39327
OG0010813	XP_006401235.1	g1099
OG0010814	XP_006401228.1	g39317, g39322, g28626
OG0010815	XP_006401190.1	g1116
OG0010816	XP_024012274.1	g28662
OG0010817	XP_006401140.1	g28677
OG0010818	XP_006399802.1	g5291
OG0010819	XP_006399760.1	g29396
OG0010820	XP_006399727.2	g5327
OG0010821	XP_006399698.1	g5345
OG0010822	XP_006399683.1	g45574
OG0010823	XP_006399672.1	g29431
OG0010824	XP_006399666.1	g29435
OG0010825	XP_006399662.1	g29438
OG0010826	XP_006399616.1	g5385
OG0010827	XP_006399613.1	g5388
OG0010828	XP_006399599.1	g29469
OG0010829	XP_024012702.1	g29470
OG0010830	XP_024012446.1	g5404
OG0010831	XP_006394014.1	g9704
OG0010832	XP_006399550.1	g5407
OG0010833	XP_006399499.1	g5429, g29520
OG0010834	XP_006399498.1	g29521
OG0010835	XP_006399458.1	g29548
OG0010836	XP_006399438.1	g45518, g5451
OG0010837	XP_006394186.1	g246
OG0010838	XP_024011637.1	g5499
OG0010839	XP_006398010.2	g37778
OG0010840	XP_006399223.1	g5547
OG0010841	XP_006414256.1	g24284
OG0010842	XP_006414192.1	g24238
OG0010844	XP_006414108.1	g24185
OG0010845	XP_024004353.1	g24179
OG0010846	XP_006414086.2	g47277
OG0010847	XP_006414075.1	g24173
OG0010848	XP_006414038.1	g24155
OG0010849	XP_006414010.1	g47296
OG0010850	XP_024005615.1	g3831, g17434
OG0010852	XP_006413934.1	g24095
OG0010853	XP_006413858.1	g24050, g36081
OG0010854	XP_006413850.1	g17373
OG0010855	XP_006413797.1	g24021, g47370
OG0010856	XP_006413770.1	g24005
OG0010857	XP_006413760.1	g47384
OG0010858	XP_006413742.1	g47396
OG0010861	XP_006413475.1	g47486
OG0010862	XP_006415098.1	g50702
OG0010863	XP_024008971.1	g32679
OG0010864	XP_006415066.1	g32692
OG0010865	XP_006415062.1	g50716, g32705
OG0010866	XP_006397424.1	g27868
OG0010867	XP_006397431.1	g32891
OG0010868	XP_006392874.1	g27961
OG0010869	XP_006393724.1	g53850
OG0010870	XP_006393768.1	g53743, g53744
OG0010871	XP_006393776.1	g28205
OG0010873	XP_006415701.2	g32312
OG0010874	XP_024008081.1	g50456
OG0010875	XP_006415652.1	g32353
OG0010876	XP_006415650.1	g27658
OG0010877	XP_006415640.1	g50488
OG0010878	XP_024008882.1	g32373
OG0010880	XP_006415466.1	g32470
OG0010881	XP_006415446.1	g50547
OG0010882	XP_006415427.1	g27713
OG0010883	XP_006393621.2	g27720
OG0010884	XP_006412076.1	g18230
OG0010885	XP_024005285.1	g22955
OG0010886	XP_006412011.1	g22935
OG0010887	XP_006409171.1	g13972
OG0010888	XP_006411975.1	g47973
OG0010889	XP_006411970.1	g22908
OG0010890	XP_006411889.1	g22833, g47988
OG0010891	XP_006411879.1	g22828
OG0010892	XP_006411836.1	g18289
OG0010894	XP_006411776.1	g22738
OG0010895	XP_006411738.2	g25989
OG0010897	XP_006411654.1	g18341
OG0010898	XP_006411650.1	g18345
OG0010899	XP_006404538.1	g50843
OG0010900	XP_006404536.1	g50842
OG0010901	XP_006411617.1	g18376
OG0010902	XP_006411622.1	g18371
OG0010903	XP_006411630.1	g18365
OG0010904	XP_024004532.1	g18364
OG0010905	XP_006394460.1	g19274, g19268
OG0010906	XP_006395913.1	g46850
OG0010907	XP_006405981.1	g16733
OG0010908	XP_006405902.1	g46819
OG0010909	XP_006406136.1	g13433
OG0010910	XP_006405834.1	g46777
OG0010911	XP_006405729.1	g46734
OG0010912	XP_006405706.2	g46731
OG0010913	XP_006405685.1	g46724
OG0010915	XP_006405606.1	g16889
OG0010916	XP_006410656.1	g37119
OG0010917	XP_006410662.1	g51495
OG0010918	XP_006410689.1	g37131
OG0010919	XP_006415167.1	g32631
OG0010920	XP_006397176.1	g40265
OG0010921	XP_006397180.1	g40263
OG0010922	XP_006397280.1	g40224
OG0010923	XP_006397329.1	g40204
OG0010924	XP_006397307.1	g40214
OG0010925	XP_006410570.2	g23749, g37087
OG0010926	XP_006410552.1	g51420
OG0010928	XP_024016812.1	g51396
OG0010929	XP_006403266.1	g11121
OG0010930	XP_006416476.1	g49150
OG0010931	XP_006403361.1	g37025
OG0010932	XP_024013281.1	g18440
OG0010933	XP_006402041.1	g1353
OG0010934	XP_006403384.1	g36997
OG0010935	XP_006397094.1	g40294
OG0010936	XP_006397011.1	g40333, g25776
OG0010937	XP_006396926.1	g40358
OG0010938	XP_024009799.1	g40390
OG0010939	XP_006396695.1	g16068
OG0010940	XP_006396658.1	g25577
OG0010942	XP_024010026.1	g40458
OG0010943	XP_024009946.1	g25551
OG0010944	XP_024011056.1	g18419, g16317
OG0010945	XP_006391185.1	g44861
OG0010948	XP_006398264.1	g40577
OG0010949	XP_006398336.1	g40632
OG0010950	XP_006398364.1	g40642
OG0010951	XP_006398404.1	g10900
OG0010952	XP_006398478.1	g40725
OG0010953	XP_006398430.1	g10871, g40699
OG0010954	XP_006418574.1	g13536
OG0010955	XP_006418581.1	g13533
OG0010956	XP_006395928.1	g46858
OG0010957	XP_006418603.1	g13529, g35823
OG0010958	XP_024005575.1	g46941
OG0010959	XP_024005867.1	g24717
OG0010960	XP_024005309.1, XP_024005182.1	g17859
OG0010961	XP_006414850.1	g47018
OG0010962	XP_006414846.1	g24590
OG0010963	XP_006414836.1	g24577
OG0010964	XP_006414824.1	g17777
OG0010965	XP_006418818.1	g6415
OG0010966	XP_024004853.1	g47051
OG0010967	XP_006414507.1	g24453, g17657
OG0010968	XP_006405568.1	g46684, g43410, g53075
OG0010970	XP_006405554.1	g16859
OG0010971	XP_006405545.1	g16855
OG0010972	XP_006405543.1, XP_006395372.1	g16851
OG0010973	XP_024008109.1, XP_006405541.1	g16852
OG0010974	XP_006405494.1	g46674
OG0010975	XP_006405489.1	g6156
OG0010976	XP_024014574.1	g16836
OG0010977	XP_006405451.1	g16833
OG0010978	XP_006405312.1	g16774
OG0010979	XP_024005328.1	g14048
OG0010980	XP_006397983.1	g50838
OG0010981	XP_024010831.1	g37760
OG0010982	XP_006397975.1	g37759
OG0010983	XP_006397941.1	g37732
OG0010984	XP_006397934.1	g37726
OG0010985	XP_006414799.1	g50820
OG0010987	XP_006397863.1	g37687
OG0010989	XP_006397753.1	g37624
OG0010990	XP_006397743.1	g37618
OG0010991	XP_006397742.1	g52265
OG0010993	XP_006397683.1	g37578, g52243
OG0010994	XP_006397646.1	g52185, g37563
OG0010995	XP_006397644.1	g52184
OG0010996	XP_006397634.1	g52170
OG0010997	XP_006397617.1	g37546
OG0010998	XP_024012735.1	g18893
OG0010999	XP_006391136.1	g41546
OG0011000	XP_006411564.1	g37472
OG0011001	XP_006411551.1	g38196
OG0011002	XP_024016808.1	g52076
OG0011003	XP_006411492.2	g37442
OG0011004	XP_006411452.1	g52006, g37412
OG0011005	XP_006411442.1	g37405
OG0011007	XP_006411431.1	g52004
OG0011008	XP_006411425.1	g38166
OG0011009	XP_006411421.1	g37397
OG0011010	XP_006398583.1	g5855
OG0011011	XP_006398590.1	g5852
OG0011012	XP_006398591.1	g5851
OG0011013	XP_006398598.1	g5846
OG0011014	XP_006398600.1	g5845
OG0011015	XP_006398603.1	g5838, g5842, g5840, g5836
OG0011016	XP_006396573.1	g7745
OG0011017	XP_006398685.1	g5795
OG0011018	XP_006398710.2	g30086, g36099, g5783
OG0011019	XP_006398718.1	g45332
OG0011021	XP_006398742.1	g5769
OG0011022	XP_006398775.1	g29837
OG0011023	XP_006402113.1	g5735
OG0011024	XP_006398856.1	g5709
OG0011025	XP_024011467.1	g29805
OG0011026	XP_024007083.1	g638
OG0011027	XP_006400584.1	g707, g41407
OG0011028	XP_006417831.1	g10
OG0011029	XP_006400621.1	g28927
OG0011030	XP_006400643.2	g28919
OG0011031	XP_006400661.1	g41381
OG0011032	XP_006400682.1	g41373, g28903
OG0011033	XP_006400702.1	g767
OG0011034	XP_006400706.1	g768
OG0011035	XP_006400757.1	g28867
OG0011036	XP_006400758.1	g800
OG0011037	XP_006400825.1	g28831
OG0011038	XP_006400830.1	g28829
OG0011039	XP_006400843.1	g844
OG0011040	XP_024011962.1, XP_024006316.1	g846
OG0011041	XP_006400972.1	g1264
OG0011042	XP_006400955.1	g28742
OG0011043	XP_024012711.1	g1233
OG0011044	XP_006394256.1	g283
OG0011046	XP_006394192.1	g9783
OG0011047	XP_006394191.1	g9782, g247
OG0011048	XP_006394183.1	g244
OG0011049	XP_006394131.1	g215
OG0011050	XP_006404021.1	g2554
OG0011051	XP_006393867.1	g40
OG0011052	XP_006393866.1	g9641
OG0011053	XP_006393845.1	g29
OG0011055	XP_006393795.1	g19624
OG0011056	XP_006393780.1	g7
OG0011058	XP_006396254.1	g39457
OG0011059	XP_006396236.1	g45275
OG0011060	XP_006396225.2	g45277
OG0011061	XP_006396323.1	g39463
OG0011062	XP_006396347.1	g40789, g39505
OG0011063	XP_006396353.1	g39508
OG0011064	XP_006396354.1	g45223
OG0011065	XP_006396357.1	g39511
OG0011066	XP_006396362.1	g39514
OG0011067	XP_024009874.1	g25425
OG0011068	XP_024009853.1, XP_006396381.2	g25432
OG0011069	XP_024009803.1	g39518
OG0011070	XP_006396401.1	g39533, g25448
OG0011071	XP_006396427.1	g39551
OG0011072	XP_006396451.1	g39585
OG0011073	XP_006396455.1	g25469
OG0011074	XP_006396465.1	g39590
OG0011075	XP_006396508.1	g39620
OG0011076	XP_006396503.1	g45218
OG0011077	XP_006396569.1	g39647
OG0011078	XP_006403169.1	g39703
OG0011079	XP_006410437.1	g39759
OG0011080	XP_006418627.2, XP_006396222.1	g11176
OG0011081	XP_006410414.1	g39768
OG0011082	XP_006410431.1	g39764
OG0011083	XP_006410433.1	g39763
OG0011084	XP_006410347.1	g39812, g51291
OG0011085	XP_024004266.1	g51236
OG0011086	XP_024004300.1	g51231
OG0011087	XP_006410158.1	g51216
OG0011088	XP_006410036.1	g39965, g39962
OG0011089	XP_006410013.1	g39969
OG0011090	XP_006409998.1	g51158
OG0011091	XP_006409925.1	g51114, g40010
OG0011092	XP_006409889.1	g37844
OG0011093	XP_006409858.1	g40044
OG0011094	XP_006409852.1	g40052
OG0011095	XP_024004965.1, XP_006409828.2	g40069
OG0011096	XP_006409756.2	g40096
OG0011097	XP_024016011.1	g40148
OG0011098	XP_006408700.1	g40120
OG0011099	XP_006408607.1	g40153
OG0011101	XP_024007072.1	g1675
OG0011102	XP_006392087.1	g44148
OG0011103	XP_006415858.1	g32207
OG0011104	XP_006405248.1	g38317
OG0011105	XP_006413121.1	g23663
OG0011107	XP_006408510.1	g7931
OG0011108	XP_006408540.1	g7943
OG0011109	XP_006410080.1	g39946
OG0011110	XP_006408580.1	g12728
OG0011111	XP_006411404.1	g38161, g38159, g38163
OG0011112	XP_006411403.1	g37388
OG0011114	XP_006413144.1	g17120
OG0011115	XP_006413145.1	g23676
OG0011117	XP_006408393.1	g12756
OG0011118	XP_006408387.1	g12676
OG0011119	XP_006408360.1	g7839
OG0011120	XP_006400517.1	g659
OG0011121	XP_006408269.1	g7810
OG0011122	XP_006408186.1	g7773, g7764
OG0011123	XP_006408114.1	g12841
OG0011124	XP_006408123.1	g12577
OG0011126	XP_006408074.1	g7703
OG0011127	XP_006408020.1	g12523
OG0011129	XP_006407983.1	g12505, g12917
OG0011130	XP_006396163.1	g6352
OG0011131	XP_006407948.1	g12489
OG0011132	XP_024007110.1	g10255
OG0011133	XP_006407776.1	g12995
OG0011134	XP_006407763.1	g12989
OG0011135	XP_024014946.1	g7524, g13011
OG0011136	XP_006407725.1	g13012
OG0011137	XP_006411313.1	g51910
OG0011138	XP_006411244.1	g51843
OG0011139	XP_024003962.1	g51809
OG0011140	XP_024003756.1	g37306
OG0011141	XP_024016868.1	g37294
OG0011142	XP_006410773.1	g37145
OG0011143	XP_024016662.1	g38030
OG0011144	XP_006410876.1	g38053
OG0011145	XP_006410915.1	g51632
OG0011146	XP_006410927.1	g51636
OG0011147	XP_006410955.1	g37226, g51661
OG0011148	XP_024004201.1	g37231
OG0011149	XP_006410990.1	g51681
OG0011150	XP_006411027.1	g37260
OG0011151	XP_006411066.1	g37281
OG0011152	XP_006411065.1	g51724
OG0011153	XP_006416860.1	g31627
OG0011154	XP_006416852.2	g49956
OG0011156	XP_006416823.1	g31647
OG0011158	XP_006416728.1	g27368
OG0011159	XP_006416679.1	g27374
OG0011160	XP_006416675.1	g31721
OG0011161	XP_006416656.2	g31739
OG0011162	XP_006416486.2	g50092
OG0011163	XP_006416462.1	g27441
OG0011164	XP_006416435.1	g50118, g31901
OG0011165	XP_006416407.1	g27457
OG0011166	XP_024008968.1	g50187
OG0011167	XP_006416258.2	g27499
OG0011168	XP_006416146.1	g27537
OG0011169	XP_006416057.1	g32091
OG0011170	XP_024008301.1	g27565, g32077
OG0011171	XP_006416000.1	g32122
OG0011173	XP_006415929.1	g50365
OG0011174	XP_006407294.1	g7283
OG0011176	XP_006415867.1	g32202
OG0011177	XP_006415845.1	g50389
OG0011178	XP_006415825.1	g32239
OG0011179	XP_006415822.1	g32242
OG0011180	XP_006415795.1	g32257
OG0011181	XP_006415767.1	g50411, g27625
OG0011182	XP_006391288.1	g44906
OG0011183	XP_006418440.1	g26871
OG0011184	XP_006415755.1	g32287
OG0011185	XP_006395982.1	g46931
OG0011186	XP_006413333.1	g23788
OG0011191	XP_024013916.1	g38396
OG0011192	XP_006404859.1	g38421
OG0011193	XP_006404856.1	g38423
OG0011194	XP_006404753.1	g50906
OG0011195	XP_006404662.1	g38509
OG0011196	XP_006404641.1	g38516
OG0011197	XP_006404618.1	g38525
OG0011198	XP_006404554.1	g50853
OG0011199	XP_006417025.1	g31520
OG0011200	XP_006417033.1	g31512
OG0011201	XP_006417049.1	g31503
OG0011202	XP_006417078.1	g49899
OG0011203	XP_006417098.1	g49885
OG0011204	XP_006417172.1	g49857
OG0011205	XP_006417187.1	g49849
OG0011207	XP_006417283.1	g27179
OG0011208	XP_024007814.1	g31335
OG0011209	XP_006417349.1	g31323
OG0011210	XP_006417405.1	g31283
OG0011211	XP_006417457.1	g31256
OG0011212	XP_024008229.1	g31246
OG0011213	XP_006417501.1	g27102
OG0011214	XP_006417617.1	g31157, g49639, g51874
OG0011215	XP_006414313.1	g47177
OG0011216	XP_006417637.1	g49654
OG0011217	XP_006417661.1	g31132
OG0011218	XP_006393516.1	g54017
OG0011219	XP_006417727.1	g31106, g49606
OG0011220	XP_006417812.1	g31058
OG0011221	XP_006417820.1	g27002
OG0011222	XP_006417869.1	g26993
OG0011223	XP_006417929.1	g30995
OG0011224	XP_006417961.1	g30973, g30969, g49531
OG0011225	XP_006417965.1	g49528
OG0011227	XP_006417972.1	g30964, g49524
OG0011228	XP_006418011.1	g30938
OG0011229	XP_024010548.1, XP_024013483.1	g30933
OG0011230	XP_006418033.1	g30929
OG0011231	XP_006418100.1	g26946
OG0011232	XP_024008643.1	g30879
OG0011233	XP_024008535.1	g49436
OG0011234	XP_024008842.1, XP_024005669.1	g49420
OG0011235	XP_006418220.1	g49423
OG0011236	XP_006418204.1	g49429
OG0011237	XP_006418241.1	g30819
OG0011238	XP_024008693.1	g30814
OG0011239	XP_006418256.1	g30811
OG0011240	XP_006418261.1	g49405
OG0011241	XP_006418287.1	g30798
OG0011242	XP_006418309.1	g49387
OG0011243	XP_024008582.1	g30779
OG0011244	XP_024008278.1	g30776, g49377
OG0011246	XP_006418479.1	g49294
OG0011247	XP_006399902.1	g5227
OG0011248	XP_006399941.1	g5199
OG0011249	XP_006399929.2	g45653, g5209
OG0011250	XP_006399910.1	g5220
OG0011251	XP_006399984.1	g29292, g5175
OG0011252	XP_006400049.1	g5121
OG0011253	XP_006400176.1	g5047
OG0011254	XP_006400186.1	g5044
OG0011255	XP_024012219.1	g29179
OG0011256	XP_024012175.1	g29136
OG0011257	XP_006400274.2	g29139
OG0011258	XP_006400327.1	g4955, g32267, g4953
OG0011259	XP_006391156.1	g44849
OG0011260	XP_024012395.1	g4921
OG0011261	XP_006397463.2, XP_006403586.1	g4916
OG0011262	XP_006400410.1	g29063
OG0011263	XP_006400463.1	g4892
OG0011264	XP_006394887.1	g4857
OG0011265	XP_006394907.1	g4828
OG0011266	XP_024007665.1	g4803
OG0011267	XP_006394920.1	g10120
OG0011268	XP_024007134.1	g4795
OG0011269	XP_006394983.1	g4770
OG0011270	XP_006395032.1	g4743
OG0011271	XP_006395040.1	g4746
OG0011272	XP_006395049.1	g4764
OG0011273	XP_006395065.1	g10192
OG0011274	XP_006395092.1	g4500
OG0011275	XP_006395077.1	g10203
OG0011276	XP_024007507.1	g10262
OG0011277	XP_006399845.1	g29348
OG0011278	XP_006399168.1	g5580
OG0011279	XP_006399091.1	g45449
OG0011280	XP_006399053.1	g5618, g45439
OG0011281	XP_006399018.1	g29721
OG0011282	XP_006399011.1	g29724
OG0011283	XP_006399008.1	g45428
OG0011284	XP_006399002.2	g5639
OG0011285	XP_006407353.1	g13136
OG0011286	XP_006398904.1	g5687
OG0011287	XP_024006828.1	g10096
OG0011288	XP_006394812.1	g607
OG0011289	XP_006394813.1	g10065, g608
OG0011290	XP_006394789.1	g597
OG0011291	XP_006394771.1	g10048
OG0011292	XP_006394737.2	g565
OG0011293	XP_006394723.2	g18566
OG0011294	XP_006394677.1	g525
OG0011297	XP_024007165.1	g505
OG0011298	XP_006394539.2	g9921
OG0011299	XP_006394488.1	g411
OG0011300	XP_006394357.1	g9844
OG0011301	XP_006401038.1	g1224
OG0011302	XP_006401046.1	g1218
OG0011303	XP_006401090.1	g1166
OG0011304	XP_006401092.2	g1163
OG0011305	XP_006401109.1	g28694
OG0011306	XP_006403954.1	g2501, g2500, g2499
OG0011307	XP_006404019.1	g19358
OG0011308	XP_006404020.2	g2553
OG0011309	XP_006404022.1	g19360
OG0011310	XP_006404029.2	g2568
OG0011311	XP_024013584.1	g2571
OG0011312	XP_024013687.1	g19384
OG0011313	XP_006404187.1	g2649
OG0011314	XP_006404235.1	g19423
OG0011315	XP_006404237.1, XP_006404238.1	g2703
OG0011316	XP_024013825.1	g19483
OG0011317	XP_006417077.1	g31484
OG0011318	XP_006418940.1	g19565
OG0011319	XP_006418942.1, XP_006418936.2	g2935, g2911
OG0011320	XP_006419068.1	g3004
OG0011321	XP_006419075.1	g19594
OG0011322	XP_006404455.1	g3138
OG0011323	XP_006411112.1	g11548
OG0011324	XP_006392567.1	g54380, g54376
OG0011325	XP_006405421.1	g16814
OG0011326	XP_006391173.1	g41570
OG0011327	XP_006391179.1	g41575
OG0011328	XP_006391203.2	g44872
OG0011329	XP_006391120.1	g44825
OG0011330	XP_006391113.1	g44821
OG0011331	XP_006390994.1	g45809
OG0011333	XP_006390712.1	g45970
OG0011334	XP_006390887.1	g45855, g36216
OG0011335	XP_006390874.1	g45861
OG0011336	XP_006390869.1	g45868
OG0011337	XP_006390842.1	g45879
OG0011338	XP_006390818.1	g45890
OG0011340	XP_006390756.1	g44645
OG0011341	XP_006390742.1	g45945
OG0011342	XP_006390708.1	g45966
OG0011343	XP_006390004.1	g46433
OG0011344	XP_006390007.1	g46430
OG0011345	XP_006390041.1	g46397
OG0011346	XP_006390093.1	g46353
OG0011347	XP_006416316.1	g50181
OG0011348	XP_006390205.1	g46267
OG0011349	XP_024011710.1	g44437
OG0011350	XP_024012427.1	g46229
OG0011351	XP_006412799.1	g47715
OG0011352	XP_006393636.2	g53963
OG0011353	XP_006395475.1	g17858
OG0011354	XP_024012531.1	g46194
OG0011355	XP_006390345.1	g44479
OG0011356	XP_006390383.1	g44497
OG0011357	XP_006390422.1	g17987
OG0011358	XP_006390432.1	g44532
OG0011359	XP_006390486.1	g46109
OG0011360	XP_006390491.1	g44555
OG0011361	XP_006390629.1	g44598
OG0011362	XP_006405093.2	g44296
OG0011363	XP_006389812.1	g17929
OG0011364	XP_006389792.1	g46581
OG0011365	XP_006389754.1	g46595
OG0011366	XP_006407281.1	g12258
OG0011367	XP_006407275.1	g12254
OG0011369	XP_006407254.1	g13158
OG0011370	XP_006407252.1	g13160
OG0011371	XP_006407210.1	g13188, g7233
OG0011372	XP_006407175.2	g12219
OG0011373	XP_006407165.1	g7209
OG0011374	XP_006407135.2	g13207
OG0011375	XP_024015596.1	g13208
OG0011376	XP_006407108.1	g16703, g12195
OG0011379	XP_024014822.1	g7135
OG0011380	XP_006407027.1	g7131
OG0011381	XP_006407014.1	g7117
OG0011382	XP_006406994.1	g7103
OG0011383	XP_006406987.1	g7099
OG0011384	XP_006406977.1	g7087
OG0011385	XP_006406965.1	g7078
OG0011386	XP_006406858.1	g7033
OG0011387	XP_006406847.1	g7018
OG0011388	XP_006406843.1	g12091
OG0011389	XP_006406840.1	g7010, g13261
OG0011390	XP_024015768.1	g6952
OG0011391	XP_006406699.1	g6924
OG0011392	XP_006406672.1	g13296
OG0011393	XP_006406633.1	g6889
OG0011394	XP_006406592.1	g12001
OG0011395	XP_006406570.1	g13319
OG0011396	XP_006406543.2	g13328
OG0011397	XP_006389869.1	g6822
OG0011398	XP_006406515.1	g6814
OG0011400	XP_006406507.1	g6812
OG0011402	XP_006406408.1	g6751, g13359
OG0011403	XP_006406384.1	g11915
OG0011404	XP_006406378.1	g6718
OG0011405	XP_006406355.1	g6709
OG0011406	XP_024014887.1	g6684
OG0011407	XP_006406236.1	g6604
OG0011408	XP_006406234.1	g13400
OG0011409	XP_006406211.1	g13406, g11844
OG0011410	XP_006406201.1	g11836
OG0011411	XP_006406156.1	g6581
OG0011412	XP_006406151.1	g11815, g13428
OG0011413	XP_024015060.1, XP_024014940.1	g13453
OG0011414	XP_024015455.1, XP_024015428.1	g13461
OG0011415	XP_024015037.1	g6519
OG0011416	XP_006418762.1	g13493
OG0011417	XP_006418722.1	g6448
OG0011418	XP_006418675.1	g11683
OG0011419	XP_006418651.1	g6412
OG0011420	XP_006418608.1	g6377
OG0011421	XP_006418553.1	g6362
OG0011422	XP_006397383.1	g6345
OG0011423	XP_006396102.1	g13596
OG0011424	XP_006396107.1	g13594
OG0011425	XP_006396114.1	g11571
OG0011426	XP_006396133.1	g13580
OG0011427	XP_006396147.1	g11630
OG0011428	XP_024015178.1	g11602
OG0011429	XP_006409545.1	g14256
OG0011430	XP_006409472.1	g6143
OG0011431	XP_006409462.2	g14212
OG0011432	XP_024016625.1, XP_006409278.1	g6078
OG0011433	XP_006409209.1	g13986
OG0011434	XP_006409147.1	g13954
OG0011435	XP_006409164.1	g6012
OG0011436	XP_006409107.1	g13937
OG0011437	XP_006409060.2	g5963
OG0011438	XP_006409043.1	g5954
OG0011439	XP_006408899.1	g13811
OG0011441	XP_006408937.1	g13818
OG0011442	XP_006408966.1	g5905
OG0011443	XP_006409020.1	g13839
OG0011444	XP_006409015.1	g5931
OG0011446	XP_024006646.1	g36640
OG0011447	XP_006392787.1	g36632, g28003
OG0011448	XP_006392798.1	g35646
OG0011449	XP_006392975.1	g54249
OG0011450	XP_024006218.1	g28027
OG0011451	XP_006392993.1	g28028
OG0011452	XP_006406396.1	g6743
OG0011454	XP_024005943.1	g36337
OG0011455	XP_006393490.1	g54037
OG0011456	XP_006414381.1	g24388
OG0011457	XP_024005639.1	g24397
OG0011458	XP_024003700.1	g37102, g51463
OG0011459	XP_006410622.1	g37983
OG0011460	XP_006410609.1	g51457
OG0011461	XP_024003780.1	g51447
OG0011462	XP_006403841.2	g2428
OG0011463	XP_006403828.2	g2421
OG0011464	XP_024007983.1, XP_006415532.1	g32421
OG0011465	XP_006403763.1	g11320
OG0011466	XP_006403759.1	g2400
OG0011467	XP_006403744.1	g2389
OG0011468	XP_006391885.1, XP_006403721.1	g2378
OG0011469	XP_006413000.1	g17067
OG0011470	XP_006403632.1	g2321
OG0011471	XP_006403550.1	g2273
OG0011472	XP_006403527.1	g2241
OG0011474	XP_024013794.1	g19067
OG0011475	XP_006403407.2, XP_006403412.1	g19058
OG0011477	XP_006402917.1	g19001
OG0011478	XP_006402914.1	g2076
OG0011479	XP_006402873.1	g18986
OG0011480	XP_006402811.1	g2042
OG0011482	XP_006417656.1	g49662
OG0011483	XP_006402685.1	g18887
OG0011484	XP_024013540.1	g2290
OG0011485	XP_006402580.1	g18821
OG0011486	XP_006402557.1	g1899
OG0011487	XP_006402525.1	g1882
OG0011488	XP_006397764.1	g52284
OG0011489	XP_006402458.1	g1832
OG0011490	XP_006402447.1	g1818
OG0011491	XP_006402446.1	g1817
OG0011492	XP_006402441.1	g1814
OG0011493	XP_006402426.1	g1787
OG0011494	XP_006402391.1	g1763
OG0011495	XP_006402380.1	g1760
OG0011496	XP_006402372.1	g1758
OG0011497	XP_006402350.1	g1750
OG0011498	XP_024012907.1	g18754
OG0011499	XP_006402305.1	g18765
OG0011500	XP_024013005.1	g1739, g1740
OG0011501	XP_006402259.1	g5675
OG0011504	XP_006403997.1	g2542
OG0011508	XP_006403447.1	g2191
OG0011509	XP_006402615.2	g1931
OG0011510	XP_006402437.1	g1811
OG0011512	XP_006397373.1	g40163
OG0011514	XP_006410514.1	g37966
OG0011515	XP_024009466.1	g11502
OG0011516	XP_024011118.1	g17973
OG0011517	XP_024005762.1	g46067
OG0011518	XP_006390545.1	g46066
OG0011519	XP_024005795.1	g23641
OG0011520	XP_006412957.1	g23554, g23552
OG0011522	XP_006412743.1	g47761
OG0011523	XP_006417996.1	g49507
OG0011525	XP_006417713.1	g49613
OG0011526	XP_006417378.1	g31303
OG0011529	XP_024008831.1	g49913, g49915
OG0011532	XP_006416705.1	g31707
OG0011533	XP_006416355.1	g31950
OG0011534	XP_006416275.2	g32002, g50208
OG0011535	XP_024008876.1	g32022
OG0011536	XP_006395925.2	g25122
OG0011537	XP_006391138.1	g41547
OG0011539	XP_006391501.2	g41778
OG0011543	XP_006415172.1	g50656
OG0011544	XP_006408944.2	g13819
OG0011545	XP_006409001.1	g13845
OG0011548	XP_006407191.1	g14349
OG0011549	XP_006407622.1	g7457
OG0011550	XP_006398580.1	g5858
OG0011552	XP_024011531.1	g29794
OG0011556	XP_006415481.1	g50531
OG0011557	XP_006415736.1	g50430
OG0011558	XP_006410236.1	g51235
OG0011559	XP_006399598.1	g45559
OG0011560	XP_006401492.1	g28506
OG0011561	XP_006399772.1	g5302
OG0011562	XP_006409519.2, XP_024016260.1	g20244, g30303
OG0011563	XP_006401694.1	g28427
OG0011564	XP_006401488.2	g998
OG0011566	XP_024011167.1	g28689
OG0011567	XP_006400571.1	g41412
OG0011569	XP_006400522.1	g29128
OG0011570	XP_006400507.1	g29118
OG0011572	XP_006417993.1	g30951
OG0011573	XP_006416965.1	g31557
OG0011574	XP_006416874.2	g31621
OG0011575	XP_024007790.1	g32175
OG0011578	XP_006391165.1, XP_006391161.1	g18022, g18025, g44851
OG0011581	XP_006405241.1	g51067, g38319
OG0011582	XP_006410055.2	g51189
OG0011583	XP_006410228.1	g39874
OG0011584	XP_006397887.1	g37704
OG0011585	XP_006403712.2	g2369, g11316
OG0011586	XP_024005196.1	g23135
OG0011588	XP_024005864.1	g47496
OG0011589	XP_006414728.1, XP_006412888.2	g24569
OG0011590	XP_006395083.1	g10207
OG0011591	XP_024004450.1	g23089, g23093
OG0011592	XP_024007987.1	g50514
OG0011603	XP_006412921.1	g23533
OG0011604	XP_006412920.1	g23532, g17026
OG0011605	XP_006412882.1	g23509
OG0011606	XP_006412905.1	g23524
OG0011607	XP_006412903.1	g23523, g23522
OG0011608	XP_006412847.1	g47695
OG0011609	XP_006412807.1	g47710
OG0011610	XP_006409124.1	g5996
OG0011611	XP_006412711.1	g23408
OG0011612	XP_006412701.1	g23393
OG0011613	XP_024005152.1	g23390
OG0011615	XP_006412688.1	g23389
OG0011616	XP_006412672.1	g47755
OG0011617	XP_006412655.1	g47762
OG0011618	XP_006412584.1	g16952
OG0011619	XP_006417651.1	g49659
OG0011620	XP_006412550.1	g23304, g47794
OG0011621	XP_006412456.1	g23257
OG0011622	XP_006412450.1	g47818, g23253
OG0011623	XP_006410612.1	g51459
OG0011624	XP_024004436.1	g23238, g16913
OG0011625	XP_006400698.1	g765
OG0011626	XP_024004416.1	g23151
OG0011627	XP_006390780.1	g45920
OG0011628	XP_006400576.1	g28952, g41410
OG0011629	XP_006412250.1	g23115
OG0011630	XP_006412220.1	g23082
OG0011631	XP_024005102.1	g23020
OG0011632	XP_024008796.1	g27756
OG0011633	XP_006415355.1	g50581
OG0011634	XP_006415353.1	g27751
OG0011635	XP_006415327.1	g27745, g50596
OG0011636	XP_024008592.1	g27735
OG0011637	XP_006415254.1	g50623
OG0011638	XP_006415245.1	g50628
OG0011639	XP_006415242.1	g50631
OG0011640	XP_006415197.1	g27778
OG0011641	XP_006415174.1	g27781
OG0011643	XP_024005713.1	g47187
OG0011644	XP_024004680.1	g24323
OG0011645	XP_006414317.1	g47175, g16410
OG0011646	XP_006414339.1	g24338, g2671, g2657
OG0011647	XP_024014192.1	g50893
OG0011648	XP_006392536.1	g43837
OG0011649	XP_006408751.1	g38282
OG0011650	XP_024003998.1	g1685
OG0011651	XP_006392478.1	g1691
OG0011652	XP_006392472.1	g41128
OG0011653	XP_024015390.1	g43987
OG0011654	XP_006392417.1	g41107, g33426
OG0011655	XP_006392368.1	g44020
OG0011656	XP_006417531.1	g31219
OG0011657	XP_024004233.1	g36042, g47807, g893, g47810
OG0011658	XP_006392277.1	g44069
OG0011659	XP_006392186.1	g44109
OG0011660	XP_006392180.1	g44121
OG0011661	XP_006391244.1	g46834
OG0011662	XP_006392153.1	g41017
OG0011663	XP_006403196.1	g39713
OG0011664	XP_006392065.1	g44150
OG0011665	XP_024015413.1	g40948
OG0011666	XP_024016853.1	g40930
OG0011667	XP_024011072.1	g10795
OG0011668	XP_006395860.1	g10765
OG0011669	XP_006395853.1	g1506
OG0011670	XP_006416136.1	g46042
OG0011671	XP_024007551.1	g10756
OG0011672	XP_006395826.1	g1510
OG0011673	XP_024007540.1	g10729
OG0011674	XP_006395780.1	g10709
OG0011675	XP_006395766.1	g10704
OG0011676	XP_024006727.1	g1529
OG0011677	XP_006395706.1	g1543
OG0011679	XP_024006698.1	g10621
OG0011680	XP_006395629.2	g10613
OG0011681	XP_006395614.1	g10602
OG0011682	XP_006395552.1	g16639
OG0011683	XP_006395538.1	g10558
OG0011684	XP_006395483.1	g10520
OG0011685	XP_006395471.1	g16584
OG0011686	XP_024014591.1	g16840
OG0011687	XP_024006856.1	g10395
OG0011688	XP_006395259.1	g10327
OG0011689	XP_006391469.1	g44929
OG0011690	XP_006391450.2	g44952
OG0011691	XP_006391439.1	g44963, g44955
OG0011692	XP_006391412.1	g18051
OG0011693	XP_006391403.1	g41881
OG0011694	XP_006391397.1	g18052
OG0011695	XP_024010135.1	g44994
OG0011696	XP_024006608.1	g45008
OG0011697	XP_024007697.1	g45040
OG0011698	XP_006418144.1	g30864
OG0011699	XP_006391337.1	g45034
OG0011700	XP_006390986.1	g44747
OG0011701	XP_006391598.1	g40746
OG0011702	XP_006391608.1	g40754
OG0011703	XP_006391612.1	g40760
OG0011704	XP_006391617.1	g40765
OG0011705	XP_006391665.1	g40820
OG0011706	XP_006391703.1	g40800
OG0011707	XP_006391732.1	g40784
OG0011708	XP_006391774.1	g44246
OG0011709	XP_006391799.1	g44243
OG0011710	XP_006391816.1	g44239
OG0011711	XP_006391830.1	g44236
OG0011712	XP_006407317.1	g12276
OG0011713	XP_006413236.2	g47574
OG0011714	XP_024012902.1	g2136
OG0011715	XP_006411362.1	g51966
OG0011716	XP_006411336.1	g38144
OG0011717	XP_006411331.1	g51925
OG0011718	XP_006407713.1	g13018
OG0011719	XP_006407687.1	g12401
OG0011720	XP_006407671.1	g7490
OG0011721	XP_006407667.1	g7486, g13053
OG0011723	XP_006407627.1	g13064, g7460
OG0011724	XP_006401727.2	g41274
OG0011725	XP_006407598.1	g12376
OG0011726	XP_024014906.1	g13081
OG0011727	XP_024015048.1	g7433
OG0011728	XP_006407521.1	g7419
OG0011729	XP_006407512.1	g12358
OG0011730	XP_006407504.1	g7411
OG0011731	XP_006407502.2	g7410
OG0011732	XP_006407499.1	g12350
OG0011733	XP_006407493.1	g7405, g12344
OG0011734	XP_006407484.1	g7401
OG0011735	XP_006407424.1	g12315
OG0011736	XP_006407377.1	g7335, g13133
OG0011737	XP_006402204.1	g1455
OG0011738	XP_006402173.1	g1418
OG0011739	XP_006402174.1	g1420
OG0011741	XP_006402062.1	g1380
OG0011742	XP_006402053.1	g1363, g28298
OG0011743	XP_006402024.1	g28313
OG0011744	XP_006402014.1	g28316
OG0011745	XP_006402006.1	g41159
OG0011746	XP_006401987.1, XP_024009418.1	g28332
OG0011748	XP_006401966.1	g1330
OG0011749	XP_006401879.1	g28357
OG0011750	XP_006401836.1	g878
OG0011751	XP_006401828.1	g881, g41221
OG0011752	XP_006401825.1	g41223
OG0011753	XP_006402254.1	g24656
OG0011754	XP_006413033.1	g47644, g17076
OG0011755	XP_006401676.1	g28435
OG0011756	XP_006401620.1	g946
OG0011757	XP_006401637.1	g941
OG0011758	XP_006401642.1	g28447
OG0011760	XP_006401562.1	g28484
OG0011761	XP_024012089.1	g28486
OG0011762	XP_006401512.1	g28495, g983
OG0011763	XP_006413127.1	g47609
OG0011764	XP_006401459.1	g1012
OG0011765	XP_006401437.1	g1022
OG0011766	XP_024011183.1	g28527
OG0011767	XP_006401417.1	g1032
OG0011768	XP_006401386.2	g1043
OG0011769	XP_006401376.1	g28544
OG0011770	XP_006401369.1	g39355
OG0011771	XP_006401302.2	g1076
OG0011772	XP_024012697.1	g28611
OG0011773	XP_024012551.1	g28617
OG0011774	XP_006401229.1	g28625
OG0011775	XP_006401189.1	g39235
OG0011776	XP_006401175.1	g1131
OG0011777	XP_006401155.1	g28667
OG0011778	XP_006401152.1	g39287
OG0011779	XP_006397360.1	g26011
OG0011780	XP_024010486.1, XP_024010487.1	g41146
OG0011781	XP_024012630.1	g53780, g29370
OG0011782	XP_006399704.1	g45580
OG0011783	XP_006399694.1	g5349
OG0011784	XP_006399655.1	g29442
OG0011785	XP_006399587.1	g29473, g45556
OG0011786	XP_006399576.1	g29475
OG0011787	XP_006399554.1	g29492
OG0011788	XP_024011456.1	g5418
OG0011789	XP_006399467.1	g5445
OG0011790	XP_006394146.2	g230
OG0011791	XP_006399437.1	g29555
OG0011792	XP_006399420.1	g5456
OG0011793	XP_024012547.1	g29563
OG0011794	XP_006399370.1, XP_006402015.2	g5485
OG0011795	XP_006399356.1	g5491
OG0011796	XP_006399347.1	g29580
OG0011797	XP_006399342.1	g29584
OG0011798	XP_024011634.1	g29587
OG0011799	XP_006399260.2	g29610
OG0011800	XP_024011353.1	g29619, g29620
OG0011801	XP_024012308.1	g5549, g29631
OG0011802	XP_006399210.1	g29636
OG0011803	XP_006399209.1	g29639
OG0011804	XP_024005166.1	g24249
OG0011805	XP_006414182.1	g17518
OG0011806	XP_006414124.1	g24193
OG0011807	XP_006416813.2	g54067
OG0011808	XP_006414100.1	g47274, g44156
OG0011809	XP_006414099.2	g24184
OG0011810	XP_006414024.1, XP_006402128.2	g47294
OG0011811	XP_006413999.1	g24142
OG0011812	XP_006413991.1	g47304
OG0011813	XP_024004589.1	g24089
OG0011814	XP_006413915.1	g24078
OG0011815	XP_006413913.1	g17395
OG0011816	XP_006413906.1	g47329, g24073
OG0011817	XP_024005194.1	g47330, g24072
OG0011818	XP_024005081.1	g24070
OG0011819	XP_006413884.1	g47340
OG0011820	XP_006413870.1	g24059
OG0011821	XP_006413869.1	g17381
OG0011822	XP_006413868.1	g24058, g17380
OG0011823	XP_024004526.1	g24041, g17370
OG0011824	XP_024005176.1	g47354
OG0011825	XP_006413824.1	g47356
OG0011826	XP_006413759.1	g24002
OG0011827	XP_006413745.1	g47394
OG0011828	XP_006413739.1	g23988
OG0011829	XP_024005203.1	g47407
OG0011830	XP_006413694.1	g17310
OG0011832	XP_006413682.1	g23968
OG0011833	XP_006413676.1	g17306
OG0011834	XP_006413654.2	g17295
OG0011835	XP_024004511.1	g17273
OG0011836	XP_006413543.1	g47462
OG0011837	XP_006413522.1	g23877, g47471
OG0011838	XP_006413509.2	g47476
OG0011839	XP_006413506.1	g47477
OG0011840	XP_006413491.1	g23859
OG0011841	XP_006415152.1	g32636
OG0011842	XP_024008802.1	g50664
OG0011843	XP_006415134.1	g32648
OG0011844	XP_006415094.2	g50703
OG0011845	XP_006415084.2	g32677
OG0011846	XP_006415082.2	g32678
OG0011847	XP_006396064.1	g27859
OG0011848	XP_006397425.2	g50757
OG0011849	XP_024010653.1	g50759
OG0011851	XP_006414828.2	g27962
OG0011852	XP_024006166.1	g35951
OG0011853	XP_024011704.1	g5832
OG0011854	XP_006393760.1	g28177
OG0011855	XP_006415746.1	g50419
OG0011856	XP_006393675.1	g28141
OG0011857	XP_024006015.1	g36264
OG0011858	XP_006393530.1	g36263
OG0011859	XP_006396005.1	g28247
OG0011860	XP_024006161.1	g36194
OG0011861	XP_024011612.1	g28988
OG0011862	XP_006415699.1	g32313
OG0011863	XP_006415662.1	g50467
OG0011864	XP_006415607.2	g32382
OG0011865	XP_024008365.1	g32403
OG0011866	XP_006415545.1	g50516
OG0011867	XP_006415513.1	g32443, g50523
OG0011868	XP_006415509.1	g32447
OG0011869	XP_006415408.1	g27718
OG0011870	XP_006412092.1	g22992
OG0011871	XP_006412023.1	g22950
OG0011872	XP_006412008.1, XP_006404935.1	g22932
OG0011873	XP_006411949.1	g18261
OG0011874	XP_006411947.1	g22886
OG0011875	XP_006411931.1	g18268
OG0011876	XP_006411883.2	g22831
OG0011877	XP_006405971.1	g22781
OG0011878	XP_006411815.1	g18299
OG0011879	XP_006411800.1	g48003
OG0011880	XP_006411793.1	g22758
OG0011881	XP_006411759.1	g22722
OG0011882	XP_006411740.1	g22704
OG0011883	XP_006411708.1	g22684
OG0011884	XP_006411701.1	g22681
OG0011885	XP_006411693.1	g18319
OG0011886	XP_006411686.2	g18322
OG0011887	XP_006411674.1	g18329
OG0011888	XP_006411665.1	g18333
OG0011890	XP_006411652.1	g18344
OG0011891	XP_006411616.1	g12981
OG0011892	XP_006411619.1	g18374
OG0011893	XP_006394459.2	g19273, g19269
OG0011894	XP_006411598.1	g19270
OG0011895	XP_006395914.1	g25101
OG0011896	XP_006405959.1	g16734
OG0011899	XP_024014594.1	g16743
OG0011900	XP_006405809.1	g46761
OG0011901	XP_006405693.1	g18085
OG0011902	XP_006405630.1	g46701
OG0011903	XP_006410659.1	g51493
OG0011904	XP_024003991.1	g51501
OG0011906	XP_006413317.1	g23766
OG0011907	XP_006410707.1	g51524
OG0011908	XP_006410690.1	g37132
OG0011909	XP_006405388.1	g16800
OG0011910	XP_024016683.1	g51535
OG0011911	XP_006397149.1	g40269
OG0011912	XP_006397154.1	g40268
OG0011913	XP_024009788.1	g25854
OG0011914	XP_024009809.1	g40243
OG0011916	XP_006397243.1	g40240
OG0011917	XP_006397244.1	g40239
OG0011919	XP_006397028.1	g40325
OG0011920	XP_006397273.1	g40228
OG0011921	XP_006397325.1	g40205
OG0011922	XP_006397310.1	g40211
OG0011923	XP_006410553.1	g51422
OG0011924	XP_006410544.1	g51409
OG0011925	XP_006410538.1	g37075
OG0011926	XP_006410523.1	g51394, g37074, g37967
OG0011927	XP_006410521.1	g51391
OG0011928	XP_006410512.2	g37965
OG0011929	XP_006410500.1	g51367
OG0011930	XP_024016816.1	g37960
OG0011931	XP_006403270.1	g11122
OG0011932	XP_006418310.1	g26897
OG0011933	XP_006403309.1	g11139
OG0011934	XP_006403346.1	g37033
OG0011935	XP_024013335.1	g37030
OG0011936	XP_006409379.1, XP_024013214.1	g37014
OG0011937	XP_006403376.1	g37008
OG0011939	XP_006390882.1	g45859
OG0011940	XP_006397101.1	g25838
OG0011941	XP_006397015.1	g40331
OG0011942	XP_006397014.2	g40332
OG0011943	XP_006396997.1	g42686
OG0011944	XP_006396916.1	g40369
OG0011945	XP_024009824.1	g40378
OG0011946	XP_006396833.1	g40386
OG0011947	XP_006396823.2	g45141
OG0011948	XP_006396800.1	g45144
OG0011949	XP_006396784.2	g25666, g36569, g36568, g36566
OG0011950	XP_006396756.1	g40406
OG0011951	XP_006396749.1	g40409
OG0011952	XP_006396725.1	g40420
OG0011953	XP_006396659.1	g25578
OG0011954	XP_006396657.1	g25566
OG0011955	XP_006396600.2	g40474
OG0011956	XP_006396589.2	g40481, g25523
OG0011957	XP_024010959.1	g40539
OG0011958	XP_006398213.1	g40556
OG0011959	XP_006398251.1	g40574
OG0011960	XP_006398267.1	g40581
OG0011962	XP_006398300.1	g10956
OG0011963	XP_006398303.1	g10952
OG0011964	XP_024010938.1	g10939
OG0011965	XP_006398378.1	g10916
OG0011966	XP_006398447.1	g40708
OG0011967	XP_006395977.1	g36055
OG0011968	XP_024011073.1	g10882
OG0011969	XP_006401144.1	g28672
OG0011970	XP_006405548.1	g16856
OG0011971	XP_024007145.1	g17920
OG0011972	XP_024005186.1	g46974
OG0011973	XP_006414953.1	g46977
OG0011974	XP_006418698.1	g6439, g11699
OG0011975	XP_006418731.1	g13511
OG0011976	XP_006414891.1	g47001
OG0011977	XP_006414889.2	g47002
OG0011978	XP_024005857.1	g24663
OG0011979	XP_006414792.1	g47038
OG0011980	XP_006414843.1	g24579
OG0011981	XP_006414765.1	g17756
OG0011982	XP_006414746.1	g24539
OG0011983	XP_006414704.1	g47063
OG0011984	XP_024005089.1	g47057
OG0011985	XP_006414640.2	g47078
OG0011986	XP_006414620.1	g47083
OG0011987	XP_006414607.1	g47086
OG0011988	XP_006414509.1	g24457
OG0011989	XP_006414480.1	g17647
OG0011990	XP_024014565.1	g16858
OG0011991	XP_024014723.1	g16848
OG0011992	XP_006405503.1	g46677, g16844
OG0011993	XP_024014622.1	g46676
OG0011994	XP_006405496.1	g46673
OG0011996	XP_006405482.1	g16838, g46670
OG0011997	XP_006405397.1	g16806
OG0011998	XP_006405411.1	g16808, g46657
OG0011999	XP_006405364.1	g44965, g16789
OG0012000	XP_024014755.1	g46646
OG0012002	XP_006405292.1	g16766
OG0012003	XP_006405273.1	g46618
OG0012004	XP_006397988.2	g53413
OG0012005	XP_006397987.1	g50840
OG0012006	XP_006404279.1	g37762
OG0012007	XP_006397924.1	g50821
OG0012008	XP_006397889.1	g37705
OG0012009	XP_006397858.1	g37678
OG0012010	XP_006397851.2	g50788
OG0012012	XP_006402476.1	g11167
OG0012014	XP_006397761.1	g52288
OG0012015	XP_006397733.1	g37613
OG0012016	XP_006397728.1	g37612
OG0012017	XP_006397681.1	g37576
OG0012019	XP_024010888.1	g52193
OG0012020	XP_024010811.1	g52177
OG0012021	XP_006397632.1	g52169
OG0012023	XP_006397486.1	g37491
OG0012025	XP_006411586.1	g37486
OG0012027	XP_006411547.1	g37463, g52081
OG0012028	XP_006411546.1	g37462
OG0012029	XP_024003879.1	g37459
OG0012030	XP_006411477.1	g37436
OG0012031	XP_006411461.1	g52016, g37417
OG0012032	XP_006411444.1	g37406
OG0012033	XP_006411430.1	g52003
OG0012034	XP_006398604.1	g5839, g5837, g5841, g5835
OG0012035	XP_024011424.1	g45290
OG0012036	XP_024012001.1	g5818
OG0012037	XP_006398688.1	g5793
OG0012038	XP_024014107.1	g45341
OG0012039	XP_006398760.2	g5756
OG0012040	XP_006398832.1	g29821
OG0012041	XP_024012140.1	g29820
OG0012042	XP_006400510.1	g29120
OG0012043	XP_006400508.1	g29119
OG0012044	XP_006400605.1	g28938, g717
OG0012045	XP_006400606.1	g718
OG0012046	XP_006400595.1	g713
OG0012047	XP_006400585.1	g28949
OG0012048	XP_024011533.1	g715
OG0012050	XP_024011902.1	g760
OG0012051	XP_006400691.1	g762
OG0012052	XP_006400696.1	g764
OG0012053	XP_006400737.1	g790, g43749
OG0012054	XP_006400748.1	g796
OG0012055	XP_006400767.1	g803
OG0012056	XP_006399855.1	g29344
OG0012057	XP_006400854.1	g41321
OG0012058	XP_006400888.1	g864
OG0012059	XP_006401012.1	g39255
OG0012060	XP_006401017.1	g1235
OG0012061	XP_006401027.1	g1229
OG0012062	XP_006394293.1	g308
OG0012063	XP_006394275.1	g297, g9815
OG0012064	XP_006394240.1	g9800
OG0012065	XP_006394239.1	g271
OG0012066	XP_006394227.1	g262
OG0012067	XP_006394193.1	g248
OG0012068	XP_006394158.1	g235
OG0012069	XP_006394120.1	g208
OG0012070	XP_006394102.1	g9740
OG0012071	XP_006394089.1	g198
OG0012072	XP_024006788.1	g5421
OG0012073	XP_006394030.1	g18665
OG0012074	XP_006394026.1	g9710
OG0012075	XP_006393980.1	g9692
OG0012076	XP_006393923.1	g77
OG0012077	XP_006393919.1	g9666
OG0012078	XP_006393918.1	g73
OG0012079	XP_006393912.1	g67
OG0012080	XP_006393909.1	g9663
OG0012081	XP_006393882.1, XP_006400794.1	g9652
OG0012082	XP_024006689.1	g15
OG0012083	XP_006393797.1	g19626
OG0012084	XP_006396212.1	g39450
OG0012085	XP_006396273.1	g25380
OG0012086	XP_006418451.1	g26868
OG0012087	XP_006396248.1	g25365
OG0012088	XP_006418433.1	g49317
OG0012089	XP_006418408.1	g49335
OG0012090	XP_006396337.2	g25408
OG0012091	XP_006396368.1	g39515
OG0012092	XP_006396385.1	g39525
OG0012093	XP_006396379.1, XP_006396384.1	g25434
OG0012094	XP_006396375.1	g39521
OG0012095	XP_006405478.1	g39523
OG0012096	XP_006396370.1	g25428
OG0012098	XP_006396400.1	g25445
OG0012099	XP_006396415.1	g39541
OG0012101	XP_006396428.1	g39552
OG0012102	XP_006396436.1	g39556
OG0012103	XP_006396446.1	g25466
OG0012104	XP_024010160.1	g39586
OG0012105	XP_006396482.1	g39601
OG0012106	XP_006396526.1	g39628
OG0012107	XP_024010148.1	g25503
OG0012108	XP_006396543.1	g45194
OG0012109	XP_006396544.1	g25507
OG0012110	XP_006396556.1	g39642, g25514
OG0012111	XP_006396559.1	g25515
OG0012112	XP_024009891.1	g39648
OG0012113	XP_006396578.1	g39650
OG0012114	XP_006396581.1	g3053
OG0012115	XP_006396583.2	g25520
OG0012116	XP_006403133.1	g39678
OG0012117	XP_006403148.2	g39689
OG0012118	XP_024013285.1	g39691
OG0012119	XP_006403153.1	g11084
OG0012120	XP_024013286.1, XP_006409823.2	g11100
OG0012121	XP_006403231.1	g46867
OG0012122	XP_006410482.1	g51353
OG0012123	XP_006410412.1	g51315
OG0012124	XP_006410368.1, XP_006418680.2	g39794
OG0012125	XP_006410393.1	g39810
OG0012126	XP_006410345.1	g39815
OG0012127	XP_006410302.1	g51264
OG0012129	XP_006410287.1	g39836
OG0012130	XP_006410263.1	g51240
OG0012131	XP_006410258.1	g39854
OG0012132	XP_024003923.1	g39887
OG0012133	XP_006410149.2	g39912
OG0012134	XP_006410064.1	g5560, g37893
OG0012135	XP_006410061.1	g39951
OG0012136	XP_006410044.1	g39960
OG0012137	XP_006410038.1	g39961
OG0012138	XP_006410008.1	g39972, g51172
OG0012139	XP_006409968.1	g40018
OG0012140	XP_006409964.1	g37870
OG0012141	XP_006409955.1	g40016
OG0012142	XP_006410019.1	g37878
OG0012143	XP_006409913.1	g40001, g37848
OG0012144	XP_006409879.1	g40029
OG0012145	XP_006409870.2	g40032
OG0012146	XP_006409862.1	g50841
OG0012147	XP_006409861.1	g43769
OG0012148	XP_006409807.1	g40078
OG0012149	XP_006409794.1	g40082
OG0012150	XP_006409783.1	g37810
OG0012151	XP_006409752.1	g37803
OG0012152	XP_006409754.1	g40094
OG0012153	XP_024013541.1	g2297
OG0012154	XP_006409730.1	g40108
OG0012155	XP_024003731.1	g40106
OG0012156	XP_006408603.1	g40150
OG0012157	XP_006415154.1	g50660
OG0012158	XP_024013089.1	g36793
OG0012159	XP_006415809.1	g27620
OG0012160	XP_006408746.1	g38283
OG0012161	XP_006408838.2	g38304
OG0012162	XP_006408871.1	g51069
OG0012163	XP_006408801.1	g38311
OG0012164	XP_006413111.1	g17105
OG0012165	XP_006408494.1	g12714
OG0012166	XP_006408514.1	g7932
OG0012167	XP_006408547.1	g7945
OG0012168	XP_006398547.1	g45280
OG0012169	XP_006398556.1	g39333, g45282
OG0012170	XP_006412526.1	g47800
OG0012171	XP_006413173.1	g23693
OG0012172	XP_006408470.1	g12701
OG0012173	XP_024015624.1	g7917
OG0012174	XP_024015344.1	g12677
OG0012175	XP_024015507.1	g7834, g12657
OG0012176	XP_006408290.1	g12775
OG0012177	XP_006408284.1	g12779
OG0012178	XP_006408277.1	g7815
OG0012179	XP_006408276.1	g12787
OG0012180	XP_006408231.1	g7795
OG0012181	XP_006408222.1	g12611
OG0012182	XP_006408216.1	g12796
OG0012183	XP_006408183.1	g12811
OG0012184	XP_006408177.1	g7752
OG0012185	XP_006408165.1	g7746
OG0012186	XP_006408160.1	g12590
OG0012188	XP_006408105.1	g7715
OG0012189	XP_006408083.1	g12861
OG0012190	XP_006408053.2	g12873
OG0012191	XP_006402445.1	g1816
OG0012193	XP_024015379.1	g7651
OG0012194	XP_006407946.1	g7647
OG0012195	XP_024012501.1	g29679
OG0012196	XP_006407899.1	g7624
OG0012197	XP_024015424.1	g12466
OG0012198	XP_006407891.1	g7621
OG0012199	XP_006395940.2	g13527, g46864
OG0012201	XP_006407856.1	g12449, g7604
OG0012202	XP_006407742.1	g13001, g7536
OG0012203	XP_006411299.1	g51884
OG0012204	XP_006411298.1	g41156
OG0012205	XP_006411292.1	g37356
OG0012206	XP_006411273.1	g51869
OG0012207	XP_006411250.1	g38136
OG0012208	XP_006411219.1	g51465
OG0012209	XP_006411151.1	g38122
OG0012210	XP_006411131.1	g38114
OG0012211	XP_006411124.1	g51745
OG0012212	XP_006410770.1	g51560
OG0012213	XP_006410806.2	g38037
OG0012214	XP_006395184.1	g10269
OG0012215	XP_006410835.1	g38044
OG0012216	XP_006410846.1	g37178
OG0012217	XP_006410855.1	g51606
OG0012218	XP_006410861.1	g51610
OG0012219	XP_024004196.1	g37193
OG0012221	XP_006411001.1	g51690
OG0012222	XP_006411054.1	g51719
OG0012223	XP_024006813.1	g9923
OG0012224	XP_006403821.1	g11334, g19271
OG0012225	XP_006416934.1	g31580
OG0012226	XP_006416896.1	g31604
OG0012227	XP_006416893.1	g31611
OG0012228	XP_006416891.1	g49945
OG0012229	XP_006416886.1	g27310, g49949
OG0012230	XP_024008060.1	g31648, g49969
OG0012231	XP_006416812.1	g49973
OG0012232	XP_006416787.2	g49980
OG0012233	XP_006416784.1	g31662
OG0012234	XP_006416782.1	g31664
OG0012235	XP_006416768.1	g49981
OG0012236	XP_006416754.1	g49987
OG0012237	XP_006416661.1	g31735
OG0012238	XP_006416635.1	g50033
OG0012239	XP_006416605.1	g31774, g50042
OG0012240	XP_006416604.1	g31775
OG0012241	XP_006416542.1	g27426
OG0012242	XP_006416538.1	g31817
OG0012243	XP_006416529.2	g31825
OG0012244	XP_006416495.1	g31860
OG0012245	XP_006416474.1	g31870
OG0012246	XP_006416403.1	g31918
OG0012247	XP_006416383.1	g31941, g27462
OG0012248	XP_006416359.1	g31949
OG0012249	XP_006416310.1	g31987, g50188
OG0012250	XP_006416254.2	g50210
OG0012251	XP_006390051.1	g17954
OG0012254	XP_006416224.1	g50230
OG0012255	XP_006416218.1	g50236
OG0012256	XP_006416138.1	g50272
OG0012257	XP_006416135.1	g50274
OG0012259	XP_006416086.1	g32102
OG0012260	XP_006416058.1	g32092
OG0012261	XP_006416047.1	g50306
OG0012262	XP_006416036.1	g50310
OG0012263	XP_006415957.1	g32142
OG0012264	XP_006415934.2	g32156
OG0012265	XP_006415924.1	g27591
OG0012266	XP_024007740.1	g32166
OG0012267	XP_006415907.1	g32172
OG0012268	XP_006415898.2	g32186
OG0012269	XP_006415891.1	g50370
OG0012270	XP_024008411.1	g32211
OG0012271	XP_006415823.1	g32241
OG0012272	XP_006417427.1	g27126
OG0012273	XP_006417595.1	g31168
OG0012274	XP_006419093.1	g3076
OG0012275	XP_006413437.1	g47507
OG0012276	XP_006413407.1	g47512
OG0012277	XP_006413396.1	g47516
OG0012278	XP_006418860.1	g19540
OG0012279	XP_006413387.1	g23822
OG0012280	XP_006413365.1	g23809
OG0012281	XP_006413291.1	g17161
OG0012282	XP_006413308.1	g17166
OG0012283	XP_006405198.2	g36873
OG0012284	XP_024005531.1	g28422
OG0012286	XP_024014318.1	g38332
OG0012287	XP_024013350.1	g2786
OG0012288	XP_006404970.1	g50982
OG0012289	XP_024014188.1	g38399
OG0012290	XP_006404893.1	g36892, g38403
OG0012291	XP_006404887.1	g24721, g38406
OG0012292	XP_006404861.1	g50964, g38413
OG0012293	XP_024012011.1	g28982
OG0012294	XP_024014225.1	g50907, g36917
OG0012296	XP_024014330.1	g36934
OG0012298	XP_006404661.1	g50891
OG0012299	XP_006404660.2	g50890
OG0012301	XP_024014333.1	g38533
OG0012302	XP_006404569.1	g38538
OG0012303	XP_006404568.1	g38539
OG0012304	XP_006398239.1	g10978, g40570
OG0012305	XP_006404548.1	g38555
OG0012306	XP_006404545.1	g44596
OG0012307	XP_006404543.1	g50847
OG0012308	XP_006404541.1	g50845
OG0012309	XP_024013865.1	g38557
OG0012310	XP_006416945.1	g27291
OG0012311	XP_006417030.1	g31515
OG0012312	XP_006417041.1	g31510
OG0012313	XP_024008894.1	g49903
OG0012314	XP_006417100.1	g49883
OG0012315	XP_006417133.1	g31450
OG0012316	XP_006417173.1	g27207
OG0012318	XP_006417194.1	g27197, g27195, g31406
OG0012319	XP_006417256.1	g31370
OG0012321	XP_006417269.1	g31353
OG0012322	XP_006417285.1	g31348
OG0012323	XP_006417287.1	g31346
OG0012324	XP_006417352.1	g31318
OG0012325	XP_006417311.1	g31334
OG0012326	XP_006417395.2	g27136, g31297
OG0012327	XP_006417404.1	g49757
OG0012329	XP_006417428.1	g31271
OG0012330	XP_006417456.1	g31257
OG0012331	XP_006417473.1	g27117
OG0012332	XP_006417534.1	g49703
OG0012333	XP_006417516.1	g31227
OG0012334	XP_006417541.1	g49699
OG0012335	XP_006417546.1	g31211
OG0012336	XP_006417587.1	g31177
OG0012337	XP_024008199.1	g31163
OG0012338	XP_024005673.1	g23599
OG0012339	XP_024012955.1	g2179
OG0012340	XP_006417628.1	g31151
OG0012341	XP_006417639.1	g49655
OG0012342	XP_006417674.1	g31125
OG0012343	XP_024008545.1	g31133
OG0012344	XP_006417682.1	g49676
OG0012345	XP_006417655.1	g49661
OG0012346	XP_006417695.1	g31117
OG0012347	XP_006417706.1	g31113
OG0012348	XP_006417747.1	g31096
OG0012349	XP_006401221.1	g28631
OG0012350	XP_006402397.1	g11151
OG0012351	XP_006405160.1, XP_006405159.1	g51046
OG0012353	XP_006417823.1	g31051
OG0012354	XP_006417865.1	g31036
OG0012355	XP_006410223.1	g39876
OG0012356	XP_006405233.1	g38324
OG0012357	XP_006418028.1	g49497
OG0012358	XP_006418082.1	g26949, g30897
OG0012359	XP_006418102.1	g26944
OG0012360	XP_024007724.1	g30884
OG0012361	XP_006418130.1	g30870
OG0012362	XP_006418156.1	g49445
OG0012363	XP_006418208.1	g49427
OG0012364	XP_024008825.1	g30839
OG0012365	XP_006418192.1	g26910
OG0012366	XP_024003797.1, XP_006418266.1	g49401
OG0012367	XP_006418283.1	g25022
OG0012368	XP_006418295.1	g49391
OG0012369	XP_006418324.1	g49380
OG0012370	XP_006418365.1	g26880
OG0012371	XP_006418406.1	g49337, g30758
OG0012372	XP_024009144.1	g30749
OG0012373	XP_024009174.1	g26873, g30741
OG0012374	XP_006418427.1	g49320
OG0012375	XP_006418426.1	g49321
OG0012376	XP_024008108.1	g49325
OG0012377	XP_006418471.2	g49297
OG0012379	XP_006399893.2	g29330
OG0012380	XP_006399972.1	g45663
OG0012381	XP_006399946.1	g5193
OG0012383	XP_006400024.1	g29276
OG0012384	XP_006400028.1	g45681
OG0012385	XP_006414252.1	g24281
OG0012386	XP_006400062.1	g5115
OG0012387	XP_006400060.1	g5116
OG0012388	XP_006400094.1	g5086
OG0012389	XP_006400106.1	g29217
OG0012390	XP_006400114.1	g5078
OG0012391	XP_006400115.1	g5077
OG0012392	XP_006400138.1	g45717
OG0012393	XP_006400147.1	g5061
OG0012394	XP_006400166.1	g5054, g45725
OG0012395	XP_006400190.1	g45735
OG0012396	XP_006400199.1	g5032
OG0012397	XP_006400213.1	g29176
OG0012398	XP_006400304.1	g28991
OG0012399	XP_006400402.1	g41466
OG0012400	XP_006400403.1	g29049
OG0012401	XP_006400408.1	g29061
OG0012402	XP_006400420.1	g29069, g4912
OG0012403	XP_006400479.1	g41433
OG0012404	XP_006400480.1	g4878
OG0012405	XP_024012327.1	g5009
OG0012406	XP_024007669.1	g10131
OG0012407	XP_006394948.1	g10134
OG0012408	XP_006394952.1	g10136
OG0012409	XP_006394981.1	g4769
OG0012410	XP_006390979.1	g44735, g44730
OG0012411	XP_006395071.1	g10195
OG0012412	XP_006395096.1	g10214
OG0012413	XP_006395129.1	g10225
OG0012414	XP_006395140.1	g10237
OG0012416	XP_024012052.1	g5576
OG0012417	XP_006399169.1	g5579
OG0012418	XP_006399152.1	g29660
OG0012419	XP_024012424.1	g29667
OG0012420	XP_006399130.1	g29669
OG0012421	XP_006395224.1	g10296
OG0012422	XP_006399837.1	g29353
OG0012423	XP_006399113.2	g5595
OG0012424	XP_006399108.1	g29682
OG0012425	XP_006399094.1	g29690
OG0012426	XP_024011536.1	g29725
OG0012427	XP_006401265.1, XP_024011172.1	g39331
OG0012428	XP_006398935.1	g29766
OG0012429	XP_006398932.1	g45414, g40769
OG0012431	XP_006394839.1	g10086
OG0012432	XP_024007206.1	g10051
OG0012433	XP_006394675.1	g9998
OG0012434	XP_006394671.1	g18573
OG0012435	XP_006394660.1	g513
OG0012436	XP_006394620.1	g18586
OG0012437	XP_006394606.1	g487
OG0012438	XP_006394593.1	g471
OG0012440	XP_006394590.1	g470
OG0012442	XP_006394542.1	g9925
OG0012444	XP_006394450.1	g388
OG0012445	XP_006394383.1	g354, g9853
OG0012446	XP_006394380.1	g9851
OG0012447	XP_006394373.1	g345
OG0012448	XP_006394336.1	g9834, g328
OG0012449	XP_006401047.1	g28715
OG0012450	XP_006401053.1	g1212
OG0012452	XP_006401112.1	g28695
OG0012453	XP_006404002.1	g19345
OG0012454	XP_006404011.1	g19352
OG0012456	XP_006415032.1	g11363, g2583
OG0012457	XP_006404040.1	g2585
OG0012458	XP_024013853.1	g19369
OG0012459	XP_024013715.1	g19398
OG0012461	XP_006404197.1	g2676, g19456, g19444
OG0012462	XP_006404204.1	g19441, g19453
OG0012463	XP_024013703.1	g19438
OG0012464	XP_024013474.1	g2688
OG0012465	XP_024013629.1	g19419
OG0012466	XP_006404274.1	g2723
OG0012467	XP_006404353.1	g2734
OG0012468	XP_024013501.1	g19504
OG0012469	XP_006404365.1	g19513, g2731
OG0012470	XP_006404370.1	g2729
OG0012471	XP_006404431.1	g19527, g2813
OG0012472	XP_006401002.1	g28708
OG0012473	XP_006418877.1	g19545
OG0012474	XP_006418888.1	g2873, g19551
OG0012475	XP_006418891.1	g11432
OG0012476	XP_006418989.1	g2914
OG0012477	XP_006419062.1	g3000
OG0012478	XP_006419091.1, XP_006409185.2	g11449
OG0012479	XP_006419119.1	g3130
OG0012480	XP_006404503.1	g3427
OG0012481	XP_006419149.1	g3495
OG0012482	XP_006419142.1	g1612
OG0012483	XP_006419127.1	g11510
OG0012484	XP_006391234.1	g44887
OG0012485	XP_006391248.1	g41652
OG0012486	XP_006391279.2	g44902
OG0012487	XP_024006730.1	g41725, g44907
OG0012488	XP_006404920.2	g38395
OG0012489	XP_006391191.1	g44866
OG0012490	XP_006391510.1	g41765
OG0012491	XP_024011940.1	g18034
OG0012492	XP_024011986.1	g44802
OG0012494	XP_006391100.1	g45756
OG0012495	XP_024011062.1	g45776
OG0012496	XP_006391017.2	g44763
OG0012497	XP_006391016.1	g45797
OG0012498	XP_006391015.1	g44762
OG0012499	XP_006390596.1	g46029
OG0012500	XP_006390915.1	g45834
OG0012501	XP_006390884.2	g45856
OG0012502	XP_006390871.2	g44695
OG0012503	XP_006390812.1	g45897
OG0012504	XP_006390795.1	g45910
OG0012505	XP_006390746.2	g45943
OG0012506	XP_006389999.1	g46436
OG0012508	XP_006390045.1	g46393
OG0012509	XP_024010664.1	g46374
OG0012510	XP_006390075.1	g46373
OG0012511	XP_006390086.1	g17961
OG0012512	XP_006390102.1	g46341
OG0012513	XP_024014380.1	g46338
OG0012514	XP_006405095.1, XP_006390129.1	g17962
OG0012515	XP_006390157.1	g44385
OG0012516	XP_006390166.1	g46302, g44388
OG0012517	XP_024006996.1, XP_006390174.1	g46289
OG0012518	XP_006390215.1	g44407
OG0012519	XP_024012727.1	g46247
OG0012520	XP_024011053.1	g46187
OG0012521	XP_006390346.2	g46184
OG0012522	XP_006390349.1	g46182
OG0012523	XP_024012519.1	g46170
OG0012524	XP_006390382.1	g46169
OG0012526	XP_006390483.1	g17989
OG0012527	XP_006390496.1	g46103
OG0012528	XP_006390505.1	g46095
OG0012529	XP_006390528.1	g46083
OG0012531	XP_006390656.1	g45997
OG0012532	XP_006390673.1	g45951
OG0012533	XP_006389975.1	g46460
OG0012534	XP_006389970.1	g46465
OG0012535	XP_006389960.1	g44352
OG0012536	XP_006389925.1	g46498, g44340
OG0012537	XP_006389924.1	g46499, g44339
OG0012538	XP_024008438.1	g46507
OG0012541	XP_024009034.1	g46535
OG0012544	XP_006389707.1	g36646, g36648
OG0012545	XP_006389711.1	g46607
OG0012547	XP_006389738.2	g44264
OG0012548	XP_006389731.1	g13829
OG0012549	XP_006389728.1	g1633
OG0012550	XP_006407302.1	g12269
OG0012551	XP_006407249.1	g7255
OG0012552	XP_024015031.1	g12246
OG0012553	XP_006392716.1	g36683
OG0012554	XP_024015647.1	g7185
OG0012555	XP_006407089.1	g7165
OG0012556	XP_006407070.1	g12177
OG0012558	XP_006407004.1	g7112
OG0012559	XP_006407002.1	g12144
OG0012560	XP_006406998.1	g7107
OG0012562	XP_024014840.1	g12103
OG0012563	XP_006406829.1	g13262, g7004
OG0012564	XP_006406801.1	g6989
OG0012565	XP_006406795.1	g12064
OG0012566	XP_006406776.1	g6980
OG0012567	XP_006406772.1	g6977
OG0012568	XP_006406770.1	g13275
OG0012569	XP_024015438.1	g13281
OG0012570	XP_024015674.1	g12036
OG0012571	XP_006406703.1	g6927
OG0012572	XP_024015673.1	g12035
OG0012573	XP_006406697.2	g6923
OG0012574	XP_006406625.2, XP_006406627.2	g12014
OG0012575	XP_006406615.1	g12010
OG0012576	XP_006406607.1	g6876
OG0012577	XP_024015166.1	g12003
OG0012578	XP_006406573.1	g11993, g13317
OG0012579	XP_006406552.1	g11982
OG0012580	XP_006406529.1	g6823
OG0012581	XP_006406522.1	g13333
OG0012582	XP_006406501.1	g11958
OG0012583	XP_006406448.1	g6772
OG0012584	XP_006406427.1	g6756
OG0012585	XP_024015225.1	g11935, g6754
OG0012586	XP_006406383.1	g6731
OG0012587	XP_024015431.1	g11894
OG0012588	XP_024006340.1	g36488, g28043
OG0012589	XP_006406331.1	g13373
OG0012590	XP_006406253.1	g11861
OG0012591	XP_006414616.1	g47085
OG0012592	XP_006406110.1	g6560
OG0012593	XP_006415278.1, XP_024014947.1	g11769
OG0012594	XP_006406069.1	g6547
OG0012595	XP_006406016.1	g6523
OG0012596	XP_024009570.1	g6509
OG0012597	XP_006418838.1	g13476
OG0012598	XP_024009729.1	g11741
OG0012599	XP_024009228.1	g6493
OG0012600	XP_024008510.1	g31136
OG0012601	XP_024009743.1	g6488
OG0012602	XP_006418771.1	g11727, g13488, g6464
OG0012603	XP_024012257.1	g6337
OG0012604	XP_006418703.1	g6444
OG0012605	XP_006418604.1	g6368
OG0012606	XP_006418699.1	g13526
OG0012607	XP_006418567.1	g11654
OG0012608	XP_006408661.2	g6305
OG0012609	XP_006409176.1	g6021
OG0012610	XP_006396117.1	g11578
OG0012611	XP_006396129.1	g11603
OG0012612	XP_006396141.1	g11615
OG0012613	XP_006396146.1	g11631
OG0012614	XP_006409711.1	g13659
OG0012615	XP_024016357.1	g6222
OG0012616	XP_006409679.1	g13668
OG0012617	XP_024016515.1	g6191
OG0012618	XP_006409616.1	g6187
OG0012619	XP_006409573.1	g6165
OG0012620	XP_006409496.1	g6149
OG0012621	XP_024016254.1	g14216, g6148
OG0012622	XP_006409473.1	g14215
OG0012623	XP_006409432.1	g6140, g14194
OG0012624	XP_024016633.1	g14077
OG0012625	XP_006409389.2	g13713
OG0012626	XP_024004255.1	g37271, g51715
OG0012627	XP_006409383.1	g14073
OG0012628	XP_006409329.1	g14040
OG0012629	XP_006409299.1	g14023
OG0012630	XP_006409297.1	g14022
OG0012631	XP_006409272.1	g14008
OG0012632	XP_006409214.1	g6034
OG0012633	XP_006409206.1	g13759
OG0012634	XP_006409199.1	g13983
OG0012635	XP_006409145.1	g6003
OG0012638	XP_006409076.1	g13917
OG0012639	XP_006409054.1	g5958
OG0012640	XP_006408881.1	g13809
OG0012641	XP_006408910.1	g5939
OG0012642	XP_006408930.1	g5930
OG0012643	XP_024015998.1	g13824
OG0012645	XP_006392560.1	g5875, g6176
OG0012646	XP_006392566.1	g54377, g54381, g54382
OG0012647	XP_024006029.1	g5961, g25047, g25050
OG0012650	XP_006392736.1	g36675, g54358
OG0012651	XP_006392774.2	g36659
OG0012652	XP_006392782.1	g54298
OG0012653	XP_006392786.2	g36633, g54296
OG0012654	XP_006392826.1	g36604
OG0012655	XP_006392859.1	g28009
OG0012656	XP_006392868.1	g54275
OG0012657	XP_006392928.2	g54262
OG0012659	XP_024005987.1	g54230
OG0012660	XP_006393003.1	g36520
OG0012661	XP_024006008.1	g54216
OG0012662	XP_006393091.1	g54195, g36482
OG0012663	XP_006393084.1	g36485
OG0012664	XP_024006203.1	g28049
OG0012665	XP_006393124.1	g36460
OG0012666	XP_006393125.1	g54199
OG0012667	XP_006393152.1	g36446
OG0012668	XP_006393198.1	g28064
OG0012669	XP_024006259.1	g36413
OG0012670	XP_006393214.2	g54152, g36410
OG0012671	XP_006393257.1	g54132
OG0012672	XP_006393083.1	g54193
OG0012673	XP_006393351.1	g54098
OG0012674	XP_006393326.1	g54108
OG0012676	XP_006393396.1	g54083
OG0012677	XP_006393414.1	g36323
OG0012678	XP_006393443.1	g54069, g36301
OG0012679	XP_006393445.1	g54068
OG0012680	XP_006414377.1	g47142
OG0012681	XP_024005643.1	g24389
OG0012682	XP_006414397.1	g47130
OG0012683	XP_006414429.1	g24407
OG0012684	XP_006414436.1, XP_024004790.1	g24410
OG0012685	XP_024005921.1	g24416
OG0012686	XP_024003698.1	g51481
OG0012688	XP_006410592.1	g37981
OG0012689	XP_006403861.2	g11338
OG0012690	XP_006403859.1	g11337
OG0012691	XP_024013472.1	g2427
OG0012692	XP_024013506.1	g11333
OG0012693	XP_006403810.2	g11330
OG0012695	XP_024013834.1	g11325
OG0012696	XP_024013698.1	g2406
OG0012697	XP_006403737.2	g11319
OG0012698	XP_006403702.2	g2362, g19202
OG0012699	XP_006403685.1	g11311
OG0012700	XP_024007523.1	g29124
OG0012701	XP_006403640.1	g2325
OG0012702	XP_006403628.1	g2318
OG0012703	XP_006403891.2	g2461
OG0012704	XP_006403597.1, XP_006391872.1	g2301
OG0012705	XP_006403571.1	g19150
OG0012706	XP_006403524.2	g2244
OG0012707	XP_006403510.1	g2257
OG0012708	XP_006403463.1	g19094
OG0012709	XP_006403450.1	g2193
OG0012710	XP_024013533.1	g19074
OG0012711	XP_006403430.1	g19070
OG0012712	XP_006403424.1	g11273, g28268, g2186
OG0012713	XP_006403000.1	g6211, g19033
OG0012714	XP_006402997.1	g2158
OG0012715	XP_024012862.1	g2139
OG0012716	XP_006402974.1	g19020
OG0012717	XP_024013011.1	g19018
OG0012718	XP_006402945.2	g19010
OG0012719	XP_024012814.1	g19009
OG0012720	XP_006408641.1	g17923
OG0012721	XP_006402904.1	g2080
OG0012722	XP_024013025.1	g18997
OG0012723	XP_006402899.1	g18995
OG0012724	XP_024012789.1	g2087
OG0012725	XP_006402825.1	g2133
OG0012726	XP_006402770.2	g1985
OG0012727	XP_006402769.1	g1986
OG0012728	XP_006411541.1	g52079, g48947
OG0012729	XP_006402731.1	g2004
OG0012730	XP_006402724.1	g18911
OG0012731	XP_006402666.2	g2030
OG0012732	XP_006402657.1	g1963
OG0012733	XP_024012956.1	g1913
OG0012734	XP_006402577.1	g18819
OG0012735	XP_006402536.1	g1887
OG0012736	XP_006402416.1	g1781
OG0012737	XP_006402384.1	g1761
OG0012738	XP_006402366.1	g18795
OG0012739	XP_006402339.1	g18729
OG0012740	XP_024012790.1	g18769
OG0012741	XP_006402295.1	g18774
OG0012742	XP_006393137.1	g54179
OG0012743	XP_006408825.1, XP_024006321.1	g38307
OG0012744	XP_006393221.1	g54148
OG0012746	XP_006403596.1	g2300
OG0012750	XP_006402581.1	g18822
OG0012751	XP_024008927.1	g26900
OG0012752	XP_006398256.1	g10972
OG0012753	XP_006408869.1	g36841
OG0012756	XP_024011267.1	g46475
OG0012757	XP_006390095.1	g46351
OG0012758	XP_024009452.1	g46172
OG0012759	XP_006412929.1	g17031
OG0012760	XP_006412924.1	g47678
OG0012762	XP_006412604.1	g47779
OG0012764	XP_006411858.1	g22816
OG0012765	XP_006418135.1	g26933
OG0012766	XP_006417923.2	g49545
OG0012767	XP_006417718.1	g31110
OG0012768	XP_024008679.1	g50224
OG0012770	XP_006391285.1	g44905
OG0012771	XP_024009901.1	g25393
OG0012772	XP_006391690.2	g1737, g43525
OG0012773	XP_006390963.1, XP_024012108.1	g53124
OG0012775	XP_024015553.1	g6704
OG0012776	XP_006406505.1	g6811
OG0012778	XP_006407290.1	g7281
OG0012779	XP_024015657.1	g13108
OG0012780	XP_006399121.1	g29677
OG0012782	XP_024014277.1	g50874
OG0012784	XP_006414259.1	g17554
OG0012785	XP_006393575.2	g54004
OG0012786	XP_006409850.1	g40057
OG0012787	XP_006409803.1	g13583
OG0012788	XP_006399253.1	g45487
OG0012789	XP_024009696.1	g5242
OG0012790	XP_006399895.1	g5231
OG0012791	XP_024012505.1	g5125
OG0012792	XP_006400170.1	g5052
OG0012793	XP_006400250.1	g5001
OG0012794	XP_006395618.2	g1579
OG0012795	XP_006401274.1	g28574
OG0012796	XP_006401164.1	g28661
OG0012797	XP_024016475.1	g21382, g48616
OG0012798	XP_024012433.1	g28863
OG0012799	XP_024006407.1	g10231, g5772
OG0012800	XP_006400593.2	g28943
OG0012801	XP_006394523.1	g9909
OG0012803	XP_006394321.1	g18626
OG0012805	XP_006415764.1	g32282, g32281
OG0012806	XP_006392753.2	g28159, g28171
OG0012807	XP_006393742.1	g53833
OG0012811	XP_024011877.1	g30317, g30273, g20260, g20227, g20226, g20259
OG0012814	XP_024012684.1	g45582
OG0012815	XP_006400071.1	g5111
OG0012816	XP_024012399.1	g4962
OG0012817	XP_006400423.2	g4905, g3962
OG0012818	XP_006400800.1	g818
OG0012819	XP_006413182.1	g23701, g17132
OG0012822	XP_006395174.2	g1665
OG0012823	XP_006395164.1	g10248
OG0012824	XP_006395089.1	g4582
OG0012827	XP_006396276.1	g45249
OG0012828	XP_006389860.1	g46538
OG0012836	XP_006412993.1	g23578
OG0012837	XP_006412981.1	g17053
OG0012838	XP_006412969.1	g47663
OG0012839	XP_006412936.1	g23541
OG0012840	XP_006412913.1	g23529
OG0012841	XP_006393506.2	g47691
OG0012842	XP_006412841.1	g23471
OG0012843	XP_006412831.1	g47699
OG0012844	XP_006411367.1	g37378, g51969
OG0012845	XP_006412797.1	g16996
OG0012846	XP_006412715.1	g23410
OG0012847	XP_024005323.1	g23391
OG0012848	XP_006412682.1	g16977
OG0012849	XP_006412663.1	g23375
OG0012850	XP_006412659.1	g47759
OG0012851	XP_006412643.1	g23359
OG0012852	XP_006412633.1	g47766
OG0012853	XP_006412613.1	g47776
OG0012854	XP_024005244.1	g23325
OG0012855	XP_006412535.1	g16941
OG0012856	XP_024004669.1	g16938
OG0012857	XP_006412495.1	g16928
OG0012858	XP_006412491.1	g16925
OG0012859	XP_024005422.1	g23272
OG0012860	XP_006412466.1	g23264
OG0012862	XP_006412444.1	g47819
OG0012863	XP_006412406.1	g16907
OG0012864	XP_006412412.1	g16908
OG0012865	XP_006412433.1	g47824
OG0012866	XP_006412439.1	g47821
OG0012867	XP_006412394.1	g23207
OG0012868	XP_006412351.1	g23176
OG0012869	XP_006412355.1	g47841
OG0012870	XP_006412357.1	g23179
OG0012871	XP_006412350.1	g23175
OG0012872	XP_024005395.1	g23168
OG0012873	XP_006412331.1	g23163
OG0012875	XP_006412297.1	g23146
OG0012876	XP_006412246.1	g23108
OG0012877	XP_006412285.1	g23138
OG0012878	XP_024005752.1	g23104
OG0012880	XP_006412181.1	g23044
OG0012881	XP_006412155.1	g23031
OG0012882	XP_024004592.1	g22953
OG0012883	XP_024004408.1, XP_006412141.2	g23024
OG0012884	XP_006418543.1	g13566
OG0012885	XP_006415380.1	g50572
OG0012886	XP_024008837.1	g50573
OG0012887	XP_006415344.1	g50589
OG0012888	XP_006415328.1	g27746
OG0012889	XP_006415207.1	g32612
OG0012890	XP_006415199.1	g32616
OG0012891	XP_024009018.1	g50654, g50655
OG0012892	XP_006414308.1	g24319
OG0012894	XP_024005513.1	g47171
OG0012895	XP_006414331.1	g47170
OG0012896	XP_006414341.1	g47163
OG0012897	XP_024004778.1, XP_006414351.1	g17586
OG0012898	XP_006414361.1	g17589
OG0012899	XP_006392535.1	g43836
OG0012900	XP_006392513.1	g41132
OG0012901	XP_006392507.1	g1684
OG0012902	XP_006392481.1	g41129
OG0012903	XP_006392474.2	g43906
OG0012904	XP_006392469.1	g41127
OG0012905	XP_006392468.1	g41126
OG0012906	XP_024015521.1	g43971
OG0012907	XP_024016273.1	g41118
OG0012908	XP_006392429.1	g41114
OG0012909	XP_006392382.1	g44016
OG0012910	XP_006392386.1	g44015
OG0012911	XP_006392317.1	g41068
OG0012912	XP_006392202.1	g44042
OG0012913	XP_006392287.1	g38258
OG0012914	XP_024004915.1	g41053
OG0012915	XP_006392240.1	g41046
OG0012916	XP_006392247.1	g44088
OG0012917	XP_006392225.1	g41040
OG0012918	XP_006392220.1	g44100
OG0012919	XP_006392160.1	g41021
OG0012920	XP_006392152.1	g41016
OG0012921	XP_006392143.1	g44137
OG0012922	XP_006392115.1	g41004
OG0012923	XP_006392137.1	g44138
OG0012924	XP_024013307.1	g40995
OG0012925	XP_006392061.1	g44152
OG0012926	XP_006392060.2	g40979
OG0012927	XP_006392059.1	g44153
OG0012929	XP_006392029.2	g40972
OG0012931	XP_006391955.1	g40937
OG0012932	XP_006398499.1	g10821
OG0012933	XP_006398504.1	g10816
OG0012934	XP_006398506.1	g10814
OG0012935	XP_006398520.1	g10807
OG0012936	XP_006395876.1	g10778
OG0012937	XP_006395867.1	g10774
OG0012938	XP_006395865.1	g10772
OG0012940	XP_006395832.2	g10743
OG0012941	XP_006395824.1	g10739
OG0012942	XP_024006814.1	g1522
OG0012943	XP_006395773.1	g10706
OG0012944	XP_006395745.1	g10683
OG0012945	XP_006395742.2	g10680
OG0012946	XP_006417071.2	g27253
OG0012947	XP_006395714.1, XP_006395718.2	g16680
OG0012948	XP_006395684.1	g10658
OG0012949	XP_006395665.1	g10643
OG0012950	XP_006395648.1	g10628
OG0012951	XP_006395613.1	g10601
OG0012952	XP_006395607.1	g1581
OG0012953	XP_024007195.1	g1585
OG0012954	XP_006395580.1	g1587
OG0012955	XP_024007552.1	g10572
OG0012956	XP_006395548.1	g1593
OG0012957	XP_024007070.1	g1595
OG0012958	XP_006395529.1	g1597
OG0012959	XP_006395527.1	g10551
OG0012960	XP_006395498.1	g10530
OG0012961	XP_024007565.1	g10527
OG0012962	XP_006395481.1	g10518
OG0012963	XP_006395479.1	g10517
OG0012965	XP_006395457.1	g10500
OG0012966	XP_006405446.1	g46662
OG0012967	XP_024006982.1	g10480
OG0012968	XP_024007370.1	g10460
OG0012970	XP_006395390.1	g16570
OG0012971	XP_006395373.1	g10432
OG0012972	XP_006395353.1	g10407
OG0012973	XP_006395352.1	g10406
OG0012974	XP_006395350.1	g4296
OG0012975	XP_006395332.1	g10396
OG0012977	XP_006395297.1	g10366
OG0012978	XP_006395252.1	g10320
OG0012979	XP_006395250.1	g10318
OG0012980	XP_024014615.1	g46738
OG0012981	XP_006391485.1	g41791
OG0012982	XP_006391481.1	g44919
OG0012983	XP_006391466.1	g44930
OG0012984	XP_024012409.1	g44931
OG0012985	XP_006391449.1	g44953
OG0012986	XP_006391427.1	g44972
OG0012987	XP_006391369.1	g45006
OG0012988	XP_006391350.1	g45019
OG0012989	XP_006391349.1	g45020
OG0012990	XP_006391543.1	g51957
OG0012991	XP_006391554.1	g45082
OG0012992	XP_006391563.1	g18059
OG0012993	XP_006391564.1	g45090
OG0012994	XP_006391575.1	g18060
OG0012995	XP_006403067.1	g17927
OG0012996	XP_006392543.2	g41131
OG0012997	XP_006406024.1	g6527
OG0012998	XP_006391593.1	g40736
OG0012999	XP_006391607.1	g40753
OG0013001	XP_024015271.1	g41067, g40780
OG0013002	XP_006391655.1	g40825
OG0013003	XP_024003862.1	g40824
OG0013004	XP_024003729.1	g43513
OG0013005	XP_024003711.1	g40817
OG0013006	XP_006391675.1	g40814
OG0013007	XP_006391676.2	g40810
OG0013008	XP_006391677.1	g40809
OG0013009	XP_006391688.1	g40807
OG0013010	XP_006391713.1	g44261
OG0013011	XP_006391728.1	g40791
OG0013012	XP_006391737.1	g44255
OG0013013	XP_006391746.2	g40842
OG0013014	XP_006391751.1	g40844
OG0013015	XP_006417195.1	g31404
OG0013016	XP_006391785.1	g40860
OG0013017	XP_006391801.1	g44242
OG0013019	XP_006391828.1, XP_024010515.1	g40887
OG0013020	XP_006391868.1	g40905
OG0013021	XP_006417278.1	g27180
OG0013022	XP_006391899.1	g40919
OG0013023	XP_006391900.2	g40920
OG0013024	XP_006413266.1	g47559
OG0013025	XP_006413244.1	g23724
OG0013026	XP_006413240.1	g23721
OG0013027	XP_006413237.1	g47573
OG0013028	XP_024005800.1	g23713
OG0013029	XP_006405975.1	g46840
OG0013030	XP_024003854.1	g37384
OG0013031	XP_006411383.1	g51976
OG0013032	XP_024003775.1	g37377
OG0013033	XP_006418712.1	g51968
OG0013034	XP_006411353.1	g51959
OG0013035	XP_024013205.1, XP_006411332.1	g51927, g51942
OG0013036	XP_024004224.1	g38143
OG0013037	XP_006407718.1	g7517
OG0013038	XP_006407703.1	g13023
OG0013039	XP_006407694.1	g13028
OG0013040	XP_006407654.1	g7480
OG0013041	XP_024014999.1	g7479
OG0013042	XP_006407623.1	g7458
OG0013043	XP_006407616.1	g13067
OG0013044	XP_006413445.1	g47502
OG0013045	XP_006407608.1	g13069
OG0013046	XP_024015769.1	g12381
OG0013048	XP_006407599.1	g7445
OG0013049	XP_006407574.1	g13087
OG0013050	XP_006407569.1	g13089
OG0013051	XP_006400528.1	g28979
OG0013052	XP_006407526.1	g13106
OG0013053	XP_006407524.1	g12362
OG0013054	XP_006407519.1	g7417
OG0013055	XP_006407500.1	g7408
OG0013056	XP_006417376.1	g49769
OG0013057	XP_006407464.1	g12330
OG0013058	XP_006407434.1	g7374
OG0013059	XP_006407431.1	g7371
OG0013060	XP_006407381.2	g13132
OG0013061	XP_006407380.1	g7338
OG0013062	XP_006407372.1	g7333
OG0013063	XP_006407366.1	g12294, g7331
OG0013064	XP_006410247.1	g39859
OG0013065	XP_006407345.1	g12287
OG0013066	XP_006413002.1	g23582
OG0013068	XP_006402238.1	g37835
OG0013069	XP_006412459.1	g26734
OG0013070	XP_006402223.1	g1476
OG0013071	XP_006402208.1	g1460
OG0013072	XP_006402201.1	g1449
OG0013073	XP_006402188.1	g26787
OG0013074	XP_024012459.1	g1427
OG0013075	XP_006402175.1	g1421
OG0013076	XP_006402147.1	g1413
OG0013077	XP_006402142.1	g26817
OG0013078	XP_024012557.1	g28257, g1401
OG0013079	XP_024012110.1	g1383
OG0013080	XP_006418648.1	g6410
OG0013081	XP_006402025.1	g28311
OG0013082	XP_006402007.1	g28322
OG0013083	XP_006402002.1	g28326
OG0013084	XP_006401965.2	g1328
OG0013085	XP_006401924.1	g41174, g41192
OG0013086	XP_024012558.1	g1321
OG0013087	XP_006401897.1	g28355
OG0013088	XP_024011462.1	g1303
OG0013089	XP_006401851.1	g871
OG0013090	XP_024011667.1	g877
OG0013091	XP_006401782.2	g28388, g36025
OG0013092	XP_006401761.1	g41250
OG0013093	XP_006401700.1	g41289, g41290
OG0013094	XP_006413031.1	g17074, g23610
OG0013095	XP_006401629.1	g39441
OG0013096	XP_006401630.2	g28451
OG0013097	XP_006401632.1	g944
OG0013098	XP_006401640.1	g28449
OG0013099	XP_024012267.1	g938
OG0013100	XP_006401644.1	g28446, g38451
OG0013101	XP_006401648.1	g28444
OG0013102	XP_006401601.1	g28466
OG0013103	XP_024011845.1	g39427
OG0013104	XP_006401563.1	g28483
OG0013105	XP_006409692.1	g6255, g6277, g3081
OG0013106	XP_006401536.2	g28492
OG0013107	XP_024011890.1	g39396
OG0013108	XP_006401520.1	g978
OG0013109	XP_006401519.1	g28493
OG0013110	XP_006401516.2	g980
OG0013111	XP_006401515.1	g981
OG0013113	XP_006401478.1	g1005
OG0013114	XP_024005174.1	g23675
OG0013115	XP_006401474.1	g28512
OG0013116	XP_006401450.1	g1017
OG0013117	XP_006401430.1	g28525
OG0013118	XP_006401418.1	g39363
OG0013119	XP_006401397.1	g1039
OG0013120	XP_006401378.1	g28541
OG0013121	XP_024011929.1	g1054
OG0013122	XP_006401349.1	g1064
OG0013123	XP_006401316.1	g1073
OG0013124	XP_006401239.1	g28618
OG0013125	XP_006401226.1	g39316
OG0013126	XP_006401224.1	g28629
OG0013127	XP_006401215.1	g1103, g28636
OG0013128	XP_006401214.1	g1104
OG0013129	XP_006401198.1	g28644
OG0013130	XP_006401170.1	g1135
OG0013131	XP_006401158.1	g28665
OG0013132	XP_006401132.2	g28684
OG0013133	XP_006401128.1	g28686
OG0013134	XP_006414260.1	g24287
OG0013135	XP_006394586.1	g467
OG0013136	XP_006395236.1	g10305
OG0013137	XP_006399822.1	g29361
OG0013138	XP_006399817.1	g45616, g29366
OG0013139	XP_006399814.1	g5283
OG0013140	XP_006399782.1	g29385
OG0013141	XP_006399771.1	g29392
OG0013142	XP_024012217.1	g45602
OG0013143	XP_006399748.1	g45591, g18351
OG0013144	XP_006399744.1	g29399
OG0013145	XP_006399738.1	g5319
OG0013146	XP_024012328.1	g45588
OG0013147	XP_006399732.1	g5324
OG0013148	XP_006399699.1	g29425
OG0013149	XP_006399691.1	g5351
OG0013150	XP_006399679.1	g5364
OG0013151	XP_006399673.1	g5366
OG0013152	XP_006399669.1	g45570
OG0013153	XP_006399658.1	g5368
OG0013154	XP_006399640.1	g45566
OG0013155	XP_006399639.1	g5375
OG0013156	XP_006399630.1	g5380
OG0013157	XP_006399629.1	g5381
OG0013158	XP_006399582.1	g45554
OG0013159	XP_006399580.1	g45551
OG0013160	XP_006399512.1	g29510
OG0013161	XP_006399465.1	g29543
OG0013162	XP_006402226.1, XP_024011983.1	g29546
OG0013163	XP_006399426.1	g29559
OG0013164	XP_006399416.1	g5457
OG0013165	XP_024012548.1, XP_006418592.1	g29564
OG0013166	XP_006399404.1	g5468
OG0013167	XP_006399386.1	g5475
OG0013168	XP_024012178.1	g29572
OG0013169	XP_006399382.1	g45506
OG0013170	XP_006399372.1	g5484
OG0013171	XP_024011635.1	g5498
OG0013172	XP_006394605.1	g486
OG0013173	XP_006399321.1	g5507
OG0013174	XP_006399298.1	g29600, g45491
OG0013175	XP_024012105.1	g5516
OG0013176	XP_006399262.1	g29608
OG0013177	XP_006399254.1	g45488, g29611
OG0013178	XP_006399252.1	g5534
OG0013179	XP_006399211.1	g5556
OG0013180	XP_006394436.1	g380
OG0013181	XP_006399197.2	g45474
OG0013182	XP_006414237.1	g47202
OG0013183	XP_024005047.1	g17531
OG0013184	XP_006414208.1	g24247
OG0013186	XP_024004724.1	g24240
OG0013187	XP_006414167.1	g47255
OG0013188	XP_006414132.1	g47261
OG0013189	XP_024005776.1	g47262
OG0013190	XP_024005912.1	g23964, g47263
OG0013191	XP_006398280.1	g40590
OG0013192	XP_024016585.1	g47276
OG0013193	XP_006414074.1	g17466, g24172
OG0013194	XP_006414064.1	g47281
OG0013195	XP_006414059.1	g47285
OG0013196	XP_006414051.1	g47288
OG0013197	XP_006414040.1	g24156
OG0013198	XP_006414021.2	g17447
OG0013201	XP_006413984.1	g24136
OG0013202	XP_006404148.1	g24071
OG0013204	XP_006413899.1	g47333
OG0013205	XP_006411893.1	g18283
OG0013206	XP_006413860.1	g47345
OG0013207	XP_006413798.1	g24022
OG0013208	XP_024005113.1	g47373
OG0013209	XP_024005516.1	g47386
OG0013210	XP_006413696.1	g23974
OG0013211	XP_006413681.1	g23967
OG0013212	XP_006390960.1	g45818
OG0013213	XP_006413662.2	g23958
OG0013214	XP_024005908.1	g17287
OG0013217	XP_006413518.1	g23873
OG0013218	XP_006413502.1	g17248
OG0013219	XP_006413500.1	g47479
OG0013220	XP_006413473.1	g23849
OG0013221	XP_006415143.1	g27790
OG0013223	XP_006415095.1	g32665
OG0013224	XP_024008157.1	g32667
OG0013225	XP_006400575.2	g28953
OG0013226	XP_006413285.1	g23741
OG0013228	XP_006415057.1	g27803
OG0013229	XP_024009164.1	g27808
OG0013230	XP_006415028.1	g50742
OG0013231	XP_006396074.1	g32765
OG0013232	XP_006396063.2	g27860
OG0013233	XP_006397418.1	g27865
OG0013234	XP_024010639.1	g32900, g27876
OG0013235	XP_024010642.1	g32970
OG0013236	XP_024010633.1, XP_024009524.1	g37798
OG0013237	XP_006403585.1	g46638
OG0013238	XP_006396010.1	g35910
OG0013239	XP_006393711.1	g53899
OG0013240	XP_006407716.1	g13017
OG0013241	XP_006415402.1	g50566
OG0013242	XP_024006850.1	g28214
OG0013243	XP_006393673.1	g28140
OG0013245	XP_006393549.1	g36261
OG0013246	XP_006393573.1, XP_024006332.1	g36244
OG0013247	XP_006395997.1	g28239, g28242
OG0013248	XP_006396003.1	g53719
OG0013249	XP_006396004.1	g53718
OG0013250	XP_006393667.1	g28139
OG0013251	XP_006393630.1	g36201
OG0013252	XP_024008732.1	g32302, g32298
OG0013253	XP_006415725.1	g32271, g32296
OG0013254	XP_006415691.1	g32319
OG0013255	XP_006415687.1	g50451
OG0013256	XP_024008552.1	g27651
OG0013257	XP_006415641.1	g50487
OG0013258	XP_006415631.1	g32363
OG0013259	XP_024008925.1	g32374
OG0013260	XP_006415612.2	g27673
OG0013261	XP_024009745.1	g11705
OG0013262	XP_006415595.1	g32390
OG0013263	XP_006415577.1	g50508
OG0013264	XP_006415542.1	g50519
OG0013265	XP_006415489.1	g27697
OG0013266	XP_006412109.1	g23005
OG0013267	XP_006412105.1	g23003
OG0013268	XP_006412078.1	g22981
OG0013269	XP_006412049.1	g47941
OG0013270	XP_006412046.1	g47944
OG0013271	XP_006412038.1	g47948
OG0013272	XP_006409242.1	g13997
OG0013273	XP_024005338.1	g22943
OG0013274	XP_006412006.1, XP_024013923.1	g22931
OG0013275	XP_006412005.1	g22930
OG0013276	XP_006404941.1	g22927
OG0013277	XP_006411997.1	g22925
OG0013278	XP_006411993.1	g22921
OG0013279	XP_006411980.1	g22914
OG0013280	XP_006411976.1	g18255
OG0013281	XP_024005728.1	g22885
OG0013283	XP_006411929.2	g22872
OG0013284	XP_006411921.1	g18269
OG0013285	XP_006411888.1	g47989
OG0013286	XP_024004327.1	g47999
OG0013287	XP_006403689.1	g2351
OG0013288	XP_006411809.1	g22774
OG0013289	XP_006411808.1	g22773
OG0013290	XP_006411805.1	g22770
OG0013291	XP_024005853.1	g22746
OG0013292	XP_024005274.1	g22745
OG0013293	XP_006411783.1	g22744
OG0013294	XP_006415738.1	g32293
OG0013295	XP_006411780.1	g18142
OG0013296	XP_006411747.1	g47842
OG0013297	XP_024005826.1	g22712
OG0013298	XP_006411745.1	g22711
OG0013299	XP_006411731.2	g22700
OG0013300	XP_006411725.1	g22695
OG0013301	XP_006411711.1	g18308
OG0013302	XP_006411670.1	g18330
OG0013303	XP_006411661.1	g18335
OG0013304	XP_006411656.1	g18340
OG0013305	XP_006411639.1	g18356
OG0013306	XP_006411615.1	g18377
OG0013307	XP_006395043.1	g18370
OG0013309	XP_006411605.1	g22661
OG0013310	XP_006404628.2	g50881
OG0013311	XP_024007459.1	g25121
OG0013312	XP_006395896.1	g18129, g25096
OG0013313	XP_006405979.1	g46842
OG0013314	XP_006405960.1	g46838
OG0013315	XP_024014775.1	g16738
OG0013316	XP_006405871.1	g18124
OG0013317	XP_024014708.1	g18121
OG0013318	XP_006405850.1	g46787
OG0013319	XP_006405844.1	g18120
OG0013320	XP_006405841.1	g46780
OG0013321	XP_006405823.1	g18116
OG0013322	XP_006405788.1	g18114
OG0013323	XP_024014352.1	g18098
OG0013324	XP_006405767.1	g46744
OG0013325	XP_006405746.1	g46737
OG0013326	XP_006405734.1	g18089
OG0013327	XP_006405733.1	g46735
OG0013328	XP_006405682.1	g18084
OG0013329	XP_006405656.1	g16906
OG0013330	XP_006405601.1	g16886
OG0013331	XP_006405593.1	g46688
OG0013332	XP_006405590.1	g16882
OG0013333	XP_006400437.1	g4903
OG0013334	XP_024008426.1	g32535
OG0013335	XP_006418986.1	g2916
OG0013336	XP_006396925.1	g25722
OG0013337	XP_006395116.1	g1636
OG0013338	XP_006410700.1	g51520, g25983
OG0013339	XP_006410696.1	g38002
OG0013340	XP_006410680.1	g37128
OG0013341	XP_006397152.1	g25844
OG0013342	XP_006397182.1	g25850
OG0013343	XP_006397198.1	g40250
OG0013344	XP_006397201.1	g40249
OG0013345	XP_006397202.1	g40248
OG0013346	XP_006397214.1	g25874
OG0013347	XP_006397219.1	g25892
OG0013348	XP_006400543.2	g670
OG0013350	XP_006409221.1	g6042
OG0013351	XP_024006902.1	g35895
OG0013352	XP_006397321.2	g40206
OG0013353	XP_006397318.1	g40207
OG0013354	XP_006397314.1	g40209
OG0013355	XP_006410561.1	g37973
OG0013356	XP_024003850.1	g51372
OG0013357	XP_006410505.1	g37961
OG0013358	XP_006410503.2	g51369
OG0013359	XP_006410702.2	g51521
OG0013360	XP_006403274.2	g11125
OG0013361	XP_024013272.1	g11128
OG0013363	XP_024005253.1, XP_006403297.1	g11137
OG0013364	XP_006403311.1	g37043
OG0013365	XP_006403327.1	g13632
OG0013366	XP_006393639.1	g53970
OG0013367	XP_006403353.1	g37029
OG0013368	XP_006403364.1	g37019
OG0013369	XP_006393404.1	g36324
OG0013370	XP_006403368.1	g18442
OG0013371	XP_006403374.1	g17172
OG0013372	XP_006411153.1	g36970
OG0013373	XP_024013131.1	g18449
OG0013374	XP_006403396.1	g11142
OG0013375	XP_006403177.1	g11098, g11091
OG0013376	XP_006403398.2	g18452
OG0013377	XP_024003948.1	g38088
OG0013378	XP_006405262.1	g36975
OG0013380	XP_006395462.1	g18463
OG0013381	XP_006394573.1	g460
OG0013382	XP_006410741.1	g51541
OG0013383	XP_006397132.1	g40275
OG0013384	XP_006397122.1	g40279
OG0013385	XP_024009994.1	g40282
OG0013386	XP_006397107.1	g40290
OG0013387	XP_006397096.1	g40293
OG0013388	XP_006415086.1	g32671
OG0013389	XP_006397082.1	g40301
OG0013390	XP_006396982.1	g40340
OG0013391	XP_006396956.1	g40349
OG0013392	XP_006396924.1	g40359
OG0013393	XP_006396920.1	g43191
OG0013394	XP_006396906.1	g40370
OG0013395	XP_006396903.1	g40373
OG0013396	XP_024010533.1	g40376
OG0013397	XP_006396865.1	g25689
OG0013398	XP_006396857.1	g25682
OG0013399	XP_006396840.1	g25677
OG0013400	XP_024010523.1	g25673
OG0013401	XP_006396787.1	g40400
OG0013402	XP_006396713.1	g25600
OG0013403	XP_024010117.1	g25598
OG0013404	XP_006396651.1	g25557
OG0013405	XP_006396646.1	g25555
OG0013407	XP_006396640.2	g25552
OG0013408	XP_006403116.1	g11056
OG0013409	XP_006403103.2	g40488
OG0013410	XP_006398092.1	g40508, g11037
OG0013411	XP_024011117.1	g40513
OG0013412	XP_006398115.1	g11028
OG0013414	XP_006398195.1	g40551
OG0013415	XP_006398197.1	g40552
OG0013416	XP_006398199.1	g10994
OG0013418	XP_006398237.2	g40568
OG0013419	XP_006398247.2	g40572
OG0013420	XP_006398252.1	g10973
OG0013421	XP_006398257.1	g10971
OG0013422	XP_006398263.1	g43976
OG0013423	XP_006398287.1	g40598
OG0013424	XP_006398333.1	g40628
OG0013425	XP_006400557.1	g686
OG0013426	XP_024011059.1	g10872
OG0013427	XP_006398428.1	g10873
OG0013428	XP_006395973.1	g17924
OG0013429	XP_006418534.1	g6360
OG0013430	XP_006415014.1	g4767
OG0013431	XP_006415008.1	g45553
OG0013432	XP_006418616.1	g13524
OG0013433	XP_024004365.1	g25004
OG0013434	XP_024009649.1	g6422
OG0013435	XP_024005840.1	g24729
OG0013436	XP_006418742.1	g6453
OG0013437	XP_006414872.1	g24664
OG0013438	XP_006414859.1	g47015
OG0013439	XP_006414826.1	g47029
OG0013440	XP_006414807.1	g24571
OG0013441	XP_006414780.1	g24563
OG0013442	XP_006396966.1	g40346
OG0013443	XP_024009947.1	g36067
OG0013444	XP_006414697.1	g24525
OG0013446	XP_006414614.1	g24492
OG0013447	XP_006414606.1	g47087
OG0013448	XP_006414566.1	g17689
OG0013449	XP_006414564.1	g17687
OG0013450	XP_006414491.1	g24446
OG0013451	XP_006414487.1	g47109
OG0013452	XP_006405566.2	g16863
OG0013453	XP_024014630.1	g16853
OG0013454	XP_006405506.1	g16845
OG0013455	XP_006405452.1	g46665
OG0013457	XP_006405352.1	g16783
OG0013458	XP_006405294.1	g16768
OG0013459	XP_024014809.1	g16760
OG0013460	XP_006405275.1	g16757
OG0013461	XP_024016697.1	g51578
OG0013462	XP_006397977.1	g37761
OG0013463	XP_006397974.1	g37133
OG0013464	XP_006397966.1	g37749
OG0013465	XP_006397965.1	g50835
OG0013466	XP_006397952.1	g37735
OG0013467	XP_006397945.1	g50830
OG0013469	XP_006397893.1	g47693
OG0013470	XP_006397892.1	g50809
OG0013471	XP_006397886.1	g37703
OG0013472	XP_024010774.1	g50806
OG0013473	XP_006397850.1	g50787
OG0013474	XP_006397834.1	g38249
OG0013475	XP_006397826.1	g37660
OG0013476	XP_006397820.2	g37657
OG0013477	XP_006397818.1	g37655
OG0013478	XP_006397815.2	g37653
OG0013479	XP_006397794.1	g37644
OG0013480	XP_006397785.1	g37638
OG0013481	XP_006397782.1	g52290, g37636
OG0013482	XP_024010805.1	g52285
OG0013483	XP_024010748.1	g37631
OG0013484	XP_024010890.1	g52262
OG0013485	XP_006397711.1	g52222
OG0013486	XP_006397652.1	g38238
OG0013487	XP_024012832.1	g1929
OG0013488	XP_006397647.1	g52186
OG0013489	XP_006397641.1	g52181
OG0013490	XP_006397629.1	g38234, g37553
OG0013491	XP_024010732.1	g52164
OG0013492	XP_006397616.1	g37545
OG0013493	XP_006397608.1	g38229
OG0013494	XP_006397575.1	g52152
OG0013495	XP_006397559.1	g52134
OG0013496	XP_006397545.1	g38221
OG0013497	XP_006397524.1	g37506
OG0013498	XP_006397507.1	g38211
OG0013499	XP_006397495.1	g37495
OG0013500	XP_006397491.1, XP_006397490.1	g52113
OG0013501	XP_006411578.1	g37482
OG0013502	XP_006411571.1	g38200
OG0013503	XP_006411567.1	g38198
OG0013504	XP_006411540.1	g52078
OG0013505	XP_006402782.1	g18952
OG0013506	XP_006411475.1	g52030
OG0013507	XP_006411484.1	g52041
OG0013508	XP_006411437.1	g37401
OG0013509	XP_006411433.1	g37400
OG0013510	XP_006398624.1	g5824
OG0013511	XP_006398632.1	g45291
OG0013512	XP_006398649.1	g45300
OG0013513	XP_006398656.1	g5804
OG0013514	XP_006398663.1	g45302, g5801
OG0013515	XP_006398674.1	g45309
OG0013516	XP_006398681.1	g45311
OG0013517	XP_006398686.1	g5794
OG0013518	XP_006398691.1	g29858
OG0013519	XP_006398717.1	g29854
OG0013520	XP_006398739.1	g45342
OG0013521	XP_006398738.1	g5775
OG0013522	XP_024011505.1	g5731
OG0013524	XP_006398809.1	g5723
OG0013525	XP_006398819.1	g5719, g29833
OG0013526	XP_024011573.1	g45365
OG0013527	XP_006398830.1	g29826
OG0013528	XP_006398840.2	g5715
OG0013529	XP_006398858.1	g29806, g45378
OG0013530	XP_006398859.1	g5708
OG0013531	XP_006398870.1	g5702
OG0013532	XP_006398875.1	g45391
OG0013533	XP_006398878.1	g45393
OG0013534	XP_024011567.1	g5697
OG0013535	XP_006398881.1	g45394, g5696
OG0013536	XP_006398882.1	g29799
OG0013537	XP_006400629.2, XP_006400563.2	g688
OG0013539	XP_024012232.1	g28983, g655
OG0013540	XP_006400620.1	g722
OG0013541	XP_006400622.1	g723
OG0013542	XP_006400674.1	g28907
OG0013543	XP_006400700.1	g28895
OG0013544	XP_006400707.1	g769
OG0013545	XP_006400709.1	g41364
OG0013546	XP_006400720.1	g777
OG0013547	XP_006400790.1	g28859
OG0013548	XP_006400791.1	g28858
OG0013549	XP_006400795.2	g28855
OG0013550	XP_006400816.1	g28844, g9693
OG0013551	XP_006400818.1	g28843
OG0013552	XP_006400819.1	g28842
OG0013553	XP_006400828.2	g28830
OG0013554	XP_024012456.1	g28824
OG0013555	XP_006400885.1	g41314
OG0013556	XP_006400953.1	g39232
OG0013557	XP_024012054.1	g39234
OG0013558	XP_006400963.1	g1270, g39237
OG0013559	XP_006415708.1	g27645
OG0013560	XP_006404416.1	g19521
OG0013561	XP_006394302.1	g313
OG0013562	XP_006394292.1	g307
OG0013563	XP_006394263.1	g9811
OG0013564	XP_006394253.1	g281, g41951
OG0013565	XP_006394244.1	g9801
OG0013566	XP_006394217.1	g9792
OG0013567	XP_006394210.1	g257
OG0013568	XP_006394200.1	g9786
OG0013569	XP_006394187.1	g9780
OG0013570	XP_006394174.1	g9777
OG0013571	XP_006394171.1	g2754
OG0013572	XP_006394160.1	g9765
OG0013573	XP_006394156.1	g9764
OG0013574	XP_006394151.1	g9761, g231
OG0013575	XP_024007160.1	g227
OG0013576	XP_006394135.1	g218
OG0013577	XP_024016552.1	g13765
OG0013578	XP_006394119.1	g207
OG0013580	XP_006394083.1	g187
OG0013581	XP_006394068.1	g167
OG0013582	XP_006394032.2	g9713
OG0013583	XP_006393993.1	g133
OG0013585	XP_006393989.1	g130
OG0013586	XP_006393979.1	g9691
OG0013587	XP_006393971.2	g116
OG0013588	XP_006393959.1	g105
OG0013589	XP_006393956.1	g103
OG0013590	XP_006393950.1	g100
OG0013591	XP_024007436.1	g84
OG0013592	XP_006393927.1	g9670
OG0013593	XP_024007212.1	g75
OG0013594	XP_024007603.1	g9665
OG0013595	XP_006393913.1	g68
OG0013596	XP_006393911.1	g9664
OG0013597	XP_024007535.1	g60
OG0013598	XP_006393877.1	g9647
OG0013599	XP_006393876.1	g9646
OG0013600	XP_006393865.1	g9640
OG0013601	XP_006393857.1	g9637
OG0013605	XP_006393799.2	g19627
OG0013606	XP_024007481.1	g12
OG0013607	XP_024006967.1	g19622
OG0013609	XP_006396210.2	g25343
OG0013610	XP_006396213.1	g25345
OG0013612	XP_006396271.1	g25374
OG0013613	XP_006396250.1	g25366
OG0013614	XP_006396235.1	g25355
OG0013615	XP_006396233.1	g25353, g45276
OG0013616	XP_006396232.1	g25352
OG0013617	XP_006396298.1	g39473
OG0013618	XP_024010003.1	g39469
OG0013619	XP_024009808.1	g25401
OG0013620	XP_006396319.1	g25403
OG0013621	XP_006396322.1	g25405
OG0013622	XP_024009965.1	g39490
OG0013623	XP_006396364.1	g25424
OG0013624	XP_006396367.1	g25426
OG0013625	XP_006396387.1	g39526
OG0013626	XP_006396386.2	g39524
OG0013627	XP_024010077.1	g25437
OG0013628	XP_024010033.1	g25443
OG0013629	XP_006396398.1	g25444
OG0013630	XP_006396405.1	g25450
OG0013631	XP_006418311.1	g49386
OG0013633	XP_006396480.2	g39600
OG0013634	XP_006396507.1	g39619
OG0013635	XP_006396506.1	g39615
OG0013636	XP_006396504.1	g39613
OG0013637	XP_006396517.1	g39623
OG0013638	XP_006396520.1	g39626, g25492
OG0013639	XP_006396531.1	g39632
OG0013640	XP_006396546.1	g25508
OG0013641	XP_006396548.1	g25509
OG0013642	XP_006396560.1	g39644
OG0013644	XP_006396571.1	g25518
OG0013645	XP_006403129.1	g11064
OG0013646	XP_006403144.1	g39685
OG0013647	XP_006403147.1	g11080, g39687
OG0013648	XP_006403155.1	g39694
OG0013649	XP_006403194.2	g39711
OG0013650	XP_006403213.1	g11103
OG0013651	XP_006403238.2	g39726
OG0013652	XP_006403246.2	g39731
OG0013653	XP_006410453.2	g51332
OG0013654	XP_024003670.1	g39753
OG0013655	XP_006410465.1	g39751
OG0013656	XP_006410467.1	g51338
OG0013657	XP_006410364.1	g39791
OG0013658	XP_006410429.1	g39765
OG0013659	XP_006410383.1	g37928
OG0013660	XP_024003639.1	g39797
OG0013661	XP_006410349.1	g39811
OG0013662	XP_006410348.1	g51293
OG0013663	XP_024004210.1	g51283
OG0013664	XP_006410332.1	g51279
OG0013665	XP_006410326.1	g39823
OG0013666	XP_006410320.1	g51273
OG0013667	XP_006410304.1	g37912
OG0013669	XP_006410246.1	g39860
OG0013670	XP_006410230.1	g39872
OG0013671	XP_006410193.1	g39883
OG0013672	XP_006410186.1	g39888
OG0013673	XP_006410178.1	g37901
OG0013674	XP_006410174.1, XP_006410113.2	g39894
OG0013675	XP_006410166.1	g39901
OG0013676	XP_006410124.1	g37898
OG0013677	XP_006410136.1	g37896
OG0013678	XP_006401878.1	g1305
OG0013680	XP_006410024.1	g51177
OG0013681	XP_024003887.1	g39968
OG0013682	XP_006409946.1	g51121
OG0013683	XP_006409918.1	g51107
OG0013684	XP_006411640.1	g18357
OG0013685	XP_006409860.1	g40039
OG0013686	XP_024003820.1	g40056
OG0013688	XP_006409821.1	g40073
OG0013689	XP_006409810.1	g40077
OG0013690	XP_006409806.1	g53440
OG0013691	XP_006409751.1	g40092
OG0013692	XP_006408599.1	g40146
OG0013693	XP_006408584.1	g40142
OG0013694	XP_024016080.1	g40124
OG0013695	XP_024016078.1	g40117
OG0013696	XP_024006382.1	g40161
OG0013697	XP_006397374.1	g40162
OG0013698	XP_006397281.1	g40177
OG0013699	XP_024009778.1	g40186
OG0013700	XP_006419181.1	g40199
OG0013701	XP_006408729.1	g40201
OG0013702	XP_006398042.1	g38263
OG0013703	XP_024003709.1	g37176
OG0013704	XP_006398040.1	g38264
OG0013705	XP_024010906.1	g14624, g38271
OG0013706	XP_006393237.1	g36799
OG0013707	XP_024016039.1	g38284
OG0013709	XP_006408236.1	g7799
OG0013710	XP_006408858.1	g38295
OG0013711	XP_006408845.1	g38302
OG0013712	XP_006408836.1	g38305
OG0013713	XP_006408832.1	g53220
OG0013714	XP_006405246.2	g38318
OG0013715	XP_006413064.1	g23627
OG0013716	XP_006413120.1, XP_024004497.1	g17108
OG0013717	XP_006408495.1	g12734
OG0013719	XP_006408549.1	g7947
OG0013721	XP_006408552.1	g7950
OG0013722	XP_024014308.1	g7953
OG0013723	XP_024011851.1	g1748
OG0013725	XP_006409390.1	g5863
OG0013726	XP_006398579.1	g5859
OG0013727	XP_006401362.1	g39354
OG0013728	XP_006401495.2	g995
OG0013729	XP_006408459.1	g7911
OG0013730	XP_006408457.1	g12742
OG0013731	XP_024015397.1	g7892, g36219
OG0013732	XP_024015188.1	g7883
OG0013733	XP_006408418.1	g7875
OG0013734	XP_006395206.1	g10285
OG0013735	XP_006408391.1	g7861
OG0013737	XP_006408329.1	g12766, g12654
OG0013738	XP_006408320.1	g12650
OG0013739	XP_006408314.1	g7828
OG0013740	XP_024005521.1	g47624
OG0013741	XP_006408291.2	g12624
OG0013742	XP_006408275.1	g12788
OG0013743	XP_024015468.1	g12791
OG0013744	XP_006408260.1	g12793
OG0013745	XP_006408246.1	g7804
OG0013746	XP_024015395.1	g7803
OG0013747	XP_006408220.1	g12797
OG0013748	XP_006408192.1	g12609, g7767, g7776
OG0013749	XP_006408198.1	g7771
OG0013750	XP_006408180.1	g12598
OG0013751	XP_006408179.1	g12597
OG0013752	XP_006408172.1	g12595
OG0013753	XP_006408169.1	g7747
OG0013754	XP_006408146.1	g7741
OG0013755	XP_006408139.1	g7737
OG0013756	XP_006408129.1	g12578
OG0013757	XP_024015453.1	g7723
OG0013758	XP_006408101.1	g12564
OG0013759	XP_006408085.1	g12859
OG0013760	XP_006408097.1	g7712
OG0013761	XP_006408043.1	g12536
OG0013762	XP_006408035.1	g12531
OG0013763	XP_006408010.1	g12515
OG0013764	XP_006408008.1	g7681
OG0013765	XP_006407970.1	g12499
OG0013767	XP_006407941.1	g7645
OG0013768	XP_006407919.1	g7632
OG0013770	XP_006407904.1	g7627
OG0013771	XP_024015470.1	g12451
OG0013772	XP_006407841.1	g12968
OG0013774	XP_006407805.1	g7571
OG0013775	XP_006407803.2	g7569
OG0013776	XP_024014911.1	g7553
OG0013777	XP_006407768.1	g7550
OG0013778	XP_006407752.1	g7541, g12414
OG0013779	XP_006407733.1	g13007
OG0013780	XP_006411295.1	g37357
OG0013781	XP_006411269.1	g38140
OG0013782	XP_006411258.1	g51856
OG0013783	XP_006403413.1	g19060
OG0013784	XP_006411237.1	g51835
OG0013785	XP_024004208.1	g37329
OG0013786	XP_006411197.2	g51788
OG0013787	XP_024003852.1	g51786
OG0013788	XP_006411183.1	g51780
OG0013789	XP_006411152.1	g38123
OG0013790	XP_006411140.1	g51757, g37310
OG0013791	XP_006411139.1	g37309
OG0013792	XP_006411130.1	g51749
OG0013793	XP_024003864.1	g37829
OG0013794	XP_006411120.1	g37305
OG0013795	XP_006411110.2	g51740
OG0013796	XP_024003963.1	g51736
OG0013797	XP_006410772.1	g51561
OG0013798	XP_006410799.1	g51575
OG0013799	XP_006410829.1	g38042
OG0013800	XP_024004267.1	g51600
OG0013801	XP_006410849.1	g51602
OG0013802	XP_024003925.1	g51607
OG0013803	XP_006410865.1	g38051
OG0013804	XP_024003914.1	g51618
OG0013805	XP_006410879.1	g51621
OG0013806	XP_024003920.1	g37204
OG0013807	XP_006410946.2	g37223
OG0013808	XP_006410948.1	g51650
OG0013809	XP_006410958.1	g38080
OG0013810	XP_024003934.1	g37242
OG0013811	XP_006411006.1	g37241
OG0013812	XP_006411003.1	g38087
OG0013813	XP_024013086.1	g25300
OG0013814	XP_006410746.1	g37141
OG0013816	XP_006416932.1	g31584
OG0013817	XP_024008764.1	g31643
OG0013819	XP_006416806.1	g31655
OG0013820	XP_024008703.1	g49978
OG0013821	XP_006416786.2	g31660
OG0013822	XP_006416774.1	g31668
OG0013824	XP_006416733.1	g27365
OG0013825	XP_006416719.2	g49997, g31694
OG0013826	XP_006416718.2	g31695
OG0013828	XP_006416707.1	g31704
OG0013830	XP_006416659.1	g50018
OG0013831	XP_006416624.1	g50036
OG0013832	XP_006416641.1	g31750
OG0013833	XP_006416648.1	g50027
OG0013834	XP_006416652.1	g31743
OG0013835	XP_006416609.1	g50040
OG0013836	XP_006416589.1	g27413
OG0013837	XP_024008057.1	g50066, g31818
OG0013838	XP_006416532.1	g50068
OG0013839	XP_006416531.1	g50069, g27429
OG0013840	XP_006416525.1	g31830
OG0013841	XP_006416521.1	g50072
OG0013842	XP_006416510.1	g27432
OG0013843	XP_006416490.1	g31865
OG0013844	XP_006416485.1	g50093
OG0013845	XP_006416460.1	g50099
OG0013846	XP_006416455.1	g27443
OG0013847	XP_024009197.1	g31896
OG0013848	XP_006416390.1	g50142
OG0013849	XP_006416362.1	g50153
OG0013850	XP_006416342.1	g27480
OG0013851	XP_006416312.1	g31986
OG0013852	XP_006416303.1	g50190
OG0013853	XP_006416301.1	g50191
OG0013854	XP_006416290.1	g50200
OG0013855	XP_024008891.1	g50203, g31998
OG0013856	XP_006416278.1	g50207
OG0013857	XP_006416269.1	g27494
OG0013858	XP_006416235.1	g27511
OG0013860	XP_006416163.1	g50252
OG0013861	XP_006416160.1	g27533
OG0013863	XP_006416092.1	g50294
OG0013864	XP_006416029.1	g32080
OG0013865	XP_006416027.1	g50314
OG0013866	XP_006415994.1	g50334
OG0013867	XP_006415967.1	g32140
OG0013868	XP_006415963.1	g27583
OG0013869	XP_024007725.1	g50345
OG0013870	XP_006415942.1	g32150
OG0013871	XP_024008914.1	g32158
OG0013872	XP_006415902.1	g32181
OG0013873	XP_006415900.1	g32183
OG0013874	XP_006415887.1	g50374
OG0013875	XP_006415814.1	g27617, g32246
OG0013876	XP_006391253.1	g41653
OG0013877	XP_024008586.1	g32259
OG0013878	XP_006415778.1	g50405
OG0013879	XP_006393693.1	g36169
OG0013880	XP_024005351.1	g47508
OG0013881	XP_006413417.1	g23831
OG0013882	XP_006413391.1	g17198, g47517
OG0013883	XP_006413390.1	g47518, g17197
OG0013884	XP_024005811.1	g17189
OG0013885	XP_006413340.1	g23796
OG0013886	XP_006413335.1	g23789
OG0013887	XP_006413334.1	g17179
OG0013888	XP_024005910.1	g23252
OG0013889	XP_006405141.1	g51037
OG0013890	XP_006405105.1	g38342
OG0013891	XP_024014211.1	g38341
OG0013892	XP_024014141.1	g38347
OG0013893	XP_006412390.1	g47836
OG0013894	XP_006405067.1	g51033
OG0013895	XP_006405068.1	g38349
OG0013897	XP_006405048.1	g51029
OG0013898	XP_006405110.1	g36878
OG0013899	XP_006405115.2	g38338
OG0013900	XP_006404853.1	g38424
OG0013901	XP_006404768.1	g36916
OG0013902	XP_006390234.1	g46250
OG0013903	XP_006390236.1	g44412
OG0013904	XP_006404727.1	g38479
OG0013905	XP_006404702.1	g38488
OG0013906	XP_006404684.1	g38504
OG0013907	XP_024013885.1	g36942
OG0013908	XP_006404651.1	g50887, g38511
OG0013909	XP_006404646.1	g38514
OG0013911	XP_006404599.1	g50867
OG0013913	XP_006404547.1	g50850
OG0013914	XP_006404534.2	g38556
OG0013915	XP_006416936.1	g31579
OG0013916	XP_006416984.1	g31545
OG0013917	XP_006416985.1	g31544, g49917
OG0013918	XP_006416999.1	g31534
OG0013919	XP_006417023.1	g27265
OG0013920	XP_024009035.1	g31507
OG0013921	XP_006417086.1	g31480
OG0013922	XP_006417091.1	g27248
OG0013923	XP_006417099.1	g49884, g27245
OG0013924	XP_006417105.1	g31474
OG0013926	XP_006417136.1	g31448
OG0013927	XP_006417167.1	g49860
OG0013928	XP_006417200.1	g27194
OG0013929	XP_006417202.1	g31401
OG0013930	XP_006417279.1	g49798, g27181
OG0013932	XP_006417295.1	g49788
OG0013933	XP_006417317.1	g31333
OG0013934	XP_006417325.1	g31330
OG0013935	XP_024009124.1	g31299
OG0013936	XP_006417398.1	g49761
OG0013937	XP_006417417.1	g31277
OG0013938	XP_006418541.1	g13565
OG0013939	XP_006418542.1	g11647
OG0013940	XP_024007204.1	g4728
OG0013941	XP_006417525.1	g31223
OG0013942	XP_006417519.2	g49709
OG0013943	XP_006417555.1	g31202
OG0013944	XP_006417560.1	g27087
OG0013945	XP_024008900.1	g31183
OG0013946	XP_006417573.1	g27076
OG0013947	XP_006417577.1	g27075
OG0013948	XP_006417582.1	g27072, g49635
OG0013949	XP_006417588.1	g31176
OG0013950	XP_024009107.1	g49664
OG0013951	XP_006417679.1	g49673
OG0013952	XP_006417683.1	g49678
OG0013953	XP_006417692.1	g31119
OG0013954	XP_006402845.1	g26331, g26323, g26328, g46959
OG0013955	XP_006417759.1	g31083
OG0013956	XP_006417802.2	g31066
OG0013957	XP_006417808.2	g27008
OG0013958	XP_006417821.1	g31052
OG0013959	XP_006417842.1	g26995
OG0013960	XP_006417854.1	g31041
OG0013961	XP_024008468.1	g31040
OG0013962	XP_024009009.1	g31019
OG0013963	XP_006417919.1	g30999
OG0013964	XP_006417939.2	g49541
OG0013965	XP_006409153.2	g30980, g30970
OG0013966	XP_006417986.1	g30953
OG0013968	XP_006418005.1	g49505
OG0013969	XP_006418040.1	g26956
OG0013970	XP_006418065.1	g49484
OG0013971	XP_024008314.1	g30894
OG0013972	XP_006418084.1	g30898
OG0013973	XP_006418098.1	g30855
OG0013974	XP_006418120.1	g49455
OG0013975	XP_006418140.1	g26931
OG0013978	XP_006418232.1	g30826
OG0013979	XP_006418260.1	g49406
OG0013980	XP_006418271.1	g30808
OG0013981	XP_006418275.1	g26902
OG0013982	XP_006418316.2	g49383, g26895
OG0013983	XP_006418363.1	g26881
OG0013984	XP_006418369.1	g26879
OG0013985	XP_006418396.1	g30763
OG0013986	XP_006418398.1	g30760
OG0013987	XP_006418401.1	g30759
OG0013988	XP_024007845.1	g49343
OG0013989	XP_006418409.1	g49333
OG0013990	XP_006418434.2	g30738, g49316
OG0013991	XP_006418429.1	g26872
OG0013992	XP_024008340.1	g30735
OG0013993	XP_024007820.1	g49300
OG0013994	XP_006418465.1	g49299
OG0013995	XP_024008150.1	g38176
OG0013996	XP_006418470.1	g26861
OG0013997	XP_006390342.1	g44478
OG0013998	XP_006418507.1	g49274
OG0013999	XP_006399900.1	g5228
OG0014000	XP_006399971.2	g45662
OG0014001	XP_006400470.1	g4883
OG0014002	XP_006399958.1	g29307
OG0014003	XP_006399954.1	g29310
OG0014004	XP_006399918.1	g45636
OG0014005	XP_024011935.1	g5161, g29286
OG0014006	XP_006418861.1, XP_006400068.1	g29243
OG0014007	XP_006400090.1	g5090
OG0014009	XP_006400092.1	g5088
OG0014010	XP_006400100.1	g29222
OG0014011	XP_006400103.1	g29219
OG0014012	XP_006400117.1	g45712
OG0014013	XP_006400118.1	g29214
OG0014014	XP_006400140.1	g5065
OG0014015	XP_006400150.1	g45721
OG0014016	XP_024011691.1	g29199
OG0014017	XP_006400189.1	g29191
OG0014018	XP_006400212.1	g29177
OG0014019	XP_006400220.1	g29169
OG0014020	XP_006400240.1	g5007
OG0014021	XP_006400247.1	g29146
OG0014022	XP_006400257.1	g4997
OG0014023	XP_006400279.1	g29134
OG0014024	XP_006400278.1	g29135
OG0014025	XP_024011792.1	g4986
OG0014026	XP_006400361.1	g41481
OG0014027	XP_006390120.1	g46326
OG0014028	XP_006400367.1	g29035
OG0014029	XP_006400391.1	g41473
OG0014030	XP_006400398.1	g4915
OG0014031	XP_006400406.1	g29059
OG0014032	XP_006400421.1	g4907
OG0014033	XP_006400448.1	g4899
OG0014034	XP_006400475.1	g29097
OG0014035	XP_006400488.1	g29107
OG0014036	XP_024006926.1	g10109
OG0014037	XP_006394902.1	g4837
OG0014038	XP_006394904.1	g10116
OG0014039	XP_006394906.1	g4832
OG0014040	XP_024007175.1	g4824
OG0014041	XP_006394921.1	g4805
OG0014042	XP_006403208.1	g11101
OG0014043	XP_006394951.1	g18515
OG0014045	XP_006395018.1	g4727
OG0014046	XP_024005052.1, XP_006395109.1	g4452
OG0014047	XP_006395137.1	g10229
OG0014048	XP_006395127.1	g10222
OG0014049	XP_024007372.1	g18499
OG0014050	XP_006395193.1	g10276
OG0014051	XP_006395146.2	g1644
OG0014052	XP_006399848.1	g5264
OG0014053	XP_006399165.1	g45463
OG0014054	XP_006399182.1	g29648
OG0014055	XP_006399170.1	g5578
OG0014056	XP_006399998.1	g29280
OG0014057	XP_006399142.2	g45457
OG0014058	XP_006399137.1	g29665
OG0014059	XP_024012100.1	g45456
OG0014060	XP_006399127.1	g29672
OG0014061	XP_024007525.1	g10299
OG0014062	XP_006399088.1	g5609
OG0014063	XP_006399082.1	g5612
OG0014064	XP_006399064.1	g29698
OG0014065	XP_006399056.1	g29703
OG0014067	XP_006399045.1	g5620, g45437
OG0014068	XP_006399034.1	g29711
OG0014069	XP_006399023.2	g5630
OG0014070	XP_006399012.1	g29723
OG0014071	XP_006399009.2	g5636
OG0014072	XP_006398989.1	g29733
OG0014073	XP_006398984.1	g29736
OG0014074	XP_024012233.1	g29765
OG0014075	XP_006398938.1	g29763
OG0014076	XP_006398947.1	g5659
OG0014079	XP_006398926.1	g5676
OG0014080	XP_006398922.1	g29779, g45407
OG0014081	XP_006398919.1	g29783
OG0014083	XP_006398895.1	g5692
OG0014084	XP_006394850.1	g10093, g624
OG0014085	XP_024007455.1	g606
OG0014086	XP_006394811.1	g10066
OG0014087	XP_006394779.1	g18562, g10057
OG0014088	XP_006394687.1	g10005
OG0014089	XP_006394694.2	g542
OG0014090	XP_006394696.1	g10012
OG0014091	XP_006394684.1	g10001
OG0014092	XP_006394679.1	g526
OG0014093	XP_006394653.1	g509
OG0014094	XP_024006746.1	g9988
OG0014095	XP_006418578.1	g13534
OG0014096	XP_006394571.1	g9951
OG0014097	XP_006394568.1	g457
OG0014098	XP_006394543.1	g9927
OG0014099	XP_006394504.1	g9898
OG0014100	XP_006394499.1	g419
OG0014101	XP_006394477.1	g9885
OG0014102	XP_006412986.1	g23572
OG0014103	XP_006394441.1	g383
OG0014104	XP_006394429.1	g9871
OG0014105	XP_006394406.1	g364
OG0014106	XP_006394364.1	g341
OG0014107	XP_006394356.1	g337
OG0014108	XP_006394353.1	g335
OG0014109	XP_006394346.1	g333
OG0014110	XP_006394337.1	g9835
OG0014111	XP_006394322.1	g322, g9831
OG0014112	XP_006394323.1	g9830
OG0014113	XP_006401048.1	g28716
OG0014114	XP_006401062.1	g1204
OG0014115	XP_024011724.1	g1165
OG0014116	XP_006403911.1	g19309
OG0014117	XP_006403915.2	g2474
OG0014118	XP_024013743.1	g19315
OG0014119	XP_006403931.1	g2485
OG0014120	XP_006403963.1	g2507
OG0014121	XP_006403989.1	g2525
OG0014122	XP_006404010.1	g19351
OG0014123	XP_024013453.1, XP_024005366.1	g18254
OG0014124	XP_006404025.1	g2565
OG0014125	XP_024014609.1	g2581
OG0014126	XP_006404092.1	g19382
OG0014127	XP_006404101.1	g19385
OG0014128	XP_006404108.2	g19391
OG0014129	XP_024013643.1	g2627
OG0014130	XP_006404154.1	g19407
OG0014131	XP_006404170.1	g11386
OG0014132	XP_006404180.1	g2645
OG0014133	XP_024013426.1	g11387
OG0014134	XP_006404240.1	g2705
OG0014135	XP_006404282.1	g2725
OG0014136	XP_024013824.1	g2728
OG0014137	XP_006404297.1	g2763
OG0014138	XP_006396953.1	g25747
OG0014139	XP_006404334.2	g19499
OG0014140	XP_024013479.1	g2736
OG0014141	XP_006404375.1	g2773
OG0014142	XP_006404381.1	g2781
OG0014143	XP_024013362.1	g2782, g2784
OG0014144	XP_006404422.1	g2809
OG0014145	XP_006404425.1	g11410
OG0014146	XP_006418880.1	g11431
OG0014147	XP_006418895.1	g2879
OG0014148	XP_024009503.1, XP_006418935.1	g19566
OG0014149	XP_006390520.1	g46090
OG0014150	XP_006418991.1	g19581
OG0014151	XP_024009638.1	g19582
OG0014152	XP_006419019.1	g2945
OG0014153	XP_006419047.1	g2991
OG0014154	XP_006419053.1	g11444
OG0014155	XP_024009629.1	g3008
OG0014156	XP_006419082.2	g3015
OG0014157	XP_006419096.1	g19600
OG0014158	XP_006404482.1	g11470
OG0014159	XP_006404510.2	g3411
OG0014160	XP_006404508.1	g3412
OG0014161	XP_006408048.1	g19612
OG0014162	XP_006397751.1	g52271
OG0014163	XP_024010016.1	g25943
OG0014164	XP_024005973.1	g36740
OG0014165	XP_006391243.1	g41651
OG0014166	XP_006391259.1	g44895
OG0014167	XP_006391214.1	g41616
OG0014168	XP_006391805.1	g40870
OG0014169	XP_024009267.1	g44871
OG0014170	XP_006391200.1	g41588, g41586
OG0014171	XP_006391118.1	g45755, g41504
OG0014172	XP_024008091.1	g44819
OG0014173	XP_006389809.1	g44293
OG0014174	XP_006391037.1	g45784
OG0014175	XP_006391030.1	g45790
OG0014176	XP_006391025.1	g45793
OG0014177	XP_006391022.1	g45795
OG0014178	XP_006391000.2	g44754
OG0014179	XP_006390949.1	g18015
OG0014180	XP_024009526.1	g45848
OG0014181	XP_006390864.1	g45869
OG0014182	XP_006390857.1	g45871
OG0014183	XP_006390802.2	g45905
OG0014184	XP_006390793.1	g44661
OG0014185	XP_006390784.1	g45916
OG0014186	XP_006390774.1	g3816, g45923, g3817
OG0014187	XP_006390769.1	g45928
OG0014188	XP_006390750.1	g44639
OG0014189	XP_006390734.2	g44630
OG0014190	XP_006390733.1	g45992
OG0014191	XP_006390720.1	g45974
OG0014192	XP_006390719.1	g44621
OG0014193	XP_006390010.1	g46428
OG0014194	XP_006390062.1	g17960
OG0014195	XP_024012878.1	g13614
OG0014196	XP_024009017.1	g46372
OG0014197	XP_006390103.1	g46340
OG0014198	XP_006390107.1	g46337
OG0014199	XP_006390124.1	g13618
OG0014200	XP_006405096.1	g46306
OG0014201	XP_024012523.1	g44374
OG0014202	XP_024004305.1	g46319
OG0014203	XP_006390178.1	g46288
OG0014204	XP_006390206.1	g44401
OG0014205	XP_006390240.1	g44415
OG0014207	XP_006390245.1	g46246
OG0014208	XP_006390258.1	g44419, g46239
OG0014209	XP_006390274.1	g46231
OG0014210	XP_006390293.2	g46215
OG0014211	XP_006390320.1	g46193
OG0014212	XP_024009138.1	g44469
OG0014213	XP_006390348.1	g44480
OG0014215	XP_024006419.1	g46173
OG0014216	XP_006390389.1	g44503
OG0014217	XP_006390400.1	g44511
OG0014218	XP_006390424.1	g44521
OG0014219	XP_024009312.1	g44530
OG0014220	XP_006390436.1	g46136, g44535
OG0014221	XP_006390446.1	g46131
OG0014222	XP_006390460.1	g46128, g44543
OG0014223	XP_006390464.1	g46125
OG0014224	XP_024008423.1	g46110
OG0014225	XP_006390488.1	g46108
OG0014226	XP_024012593.1	g46102
OG0014227	XP_006390499.1	g46100
OG0014228	XP_024005661.1, XP_006390503.1	g46097
OG0014229	XP_006390509.1	g46092
OG0014230	XP_006390515.2	g44560
OG0014231	XP_006390552.1	g44567
OG0014232	XP_006390576.1	g46055
OG0014233	XP_006390583.1	g46049
OG0014235	XP_006390620.1	g46017
OG0014236	XP_006390635.1	g46009
OG0014237	XP_006390639.1	g46007
OG0014238	XP_006416703.1	g27372
OG0014239	XP_006390653.1	g45998
OG0014240	XP_006390654.1	g44604
OG0014241	XP_006390660.1	g44607
OG0014242	XP_006390680.1	g44614
OG0014243	XP_024006415.1	g36056, g46490, g22310
OG0014244	XP_006389933.1	g46494
OG0014245	XP_006389923.1	g44338
OG0014246	XP_006389918.1	g46504
OG0014248	XP_024007596.1	g46519
OG0014249	XP_006389896.1	g46518
OG0014250	XP_006389889.1	g44323
OG0014251	XP_024007290.1	g25757
OG0014252	XP_006389840.1	g44300
OG0014254	XP_006389789.1	g46583
OG0014255	XP_024015648.1	g44285
OG0014256	XP_006389782.2	g46587
OG0014257	XP_006389781.1	g46588
OG0014258	XP_006404811.2	g46591
OG0014259	XP_006389743.1	g46602
OG0014260	XP_006389706.1	g46606
OG0014262	XP_006389713.1	g46609
OG0014263	XP_006389730.1	g44266
OG0014264	XP_006389729.1	g14654, g17996
OG0014265	XP_024015631.1	g7291
OG0014266	XP_024015181.1	g12257
OG0014267	XP_006407250.1	g13161
OG0014268	XP_006407158.1	g13202
OG0014269	XP_006407155.2	g7207
OG0014270	XP_006401735.1	g908
OG0014271	XP_006407133.1	g12204
OG0014272	XP_024015748.1	g12203
OG0014274	XP_006407065.1	g7150
OG0014275	XP_024015658.1	g7137
OG0014276	XP_006407033.2	g7136
OG0014277	XP_024015570.1	g19161
OG0014278	XP_006407007.1	g12147
OG0014279	XP_024015676.1	g7102
OG0014280	XP_006406949.1	g7066
OG0014281	XP_006406944.1	g7065
OG0014282	XP_006406903.1	g12105
OG0014283	XP_006397354.1	g26001
OG0014284	XP_006406885.1	g13251
OG0014285	XP_006406879.2	g7044
OG0014286	XP_006406842.1	g7016
OG0014287	XP_006406827.1	g13263
OG0014288	XP_006406804.1	g12072
OG0014289	XP_006406781.1	g6983
OG0014290	XP_006406758.1	g13277
OG0014291	XP_006406747.1	g13280
OG0014292	XP_006406710.1	g6929
OG0014293	XP_006406706.1	g13292
OG0014294	XP_006406686.1	g6917
OG0014295	XP_024015425.1	g12021
OG0014296	XP_006406634.1	g6890
OG0014297	XP_006409867.1	g40035
OG0014298	XP_006406597.1	g12006
OG0014300	XP_006406566.1	g11990
OG0014301	XP_006406554.1	g11983
OG0014303	XP_006406526.1	g11970
OG0014304	XP_006406525.1	g6820
OG0014305	XP_006406524.1	g6819
OG0014306	XP_006393215.1	g54151
OG0014307	XP_006406500.1	g11957
OG0014308	XP_006406498.1	g6800
OG0014309	XP_006393201.1	g54154
OG0014310	XP_024015576.1	g11952
OG0014311	XP_006406446.1	g6771
OG0014312	XP_006391638.1	g11946
OG0014313	XP_024015782.1	g11924
OG0014315	XP_006406387.1	g6740
OG0014316	XP_024014588.1	g11913, g25078
OG0014317	XP_006406376.1	g11912
OG0014318	XP_006406374.2	g11909
OG0014319	XP_006406350.1	g11897
OG0014320	XP_024015533.1	g11893
OG0014321	XP_006406339.1	g11891
OG0014322	XP_006406337.1	g6699
OG0014324	XP_006406277.1	g6674
OG0014325	XP_006406279.1	g13388
OG0014326	XP_006406288.1	g13384
OG0014327	XP_006406290.1	g6678, g13383
OG0014328	XP_006406245.1	g6634
OG0014330	XP_006406146.1	g11807
OG0014331	XP_006400559.1	g41415
OG0014332	XP_006406120.1	g6565
OG0014333	XP_006406105.1	g6558
OG0014334	XP_006406031.1	g11757
OG0014335	XP_006406017.1	g6524
OG0014336	XP_024015207.1	g6521
OG0014337	XP_006418850.1	g11749
OG0014338	XP_006414825.1	g24576
OG0014339	XP_024009589.1	g13484
OG0014340	XP_006418767.2	g11726
OG0014341	XP_006396125.1	g13586
OG0014342	XP_006418748.1	g6456
OG0014343	XP_006418747.1	g6455, g13498
OG0014344	XP_024009222.1	g13515
OG0014345	XP_006418696.1	g13518
OG0014346	XP_024009561.1	g6409
OG0014347	XP_006418643.1	g13522, g6408
OG0014348	XP_006418633.1	g6398
OG0014349	XP_006418554.1	g13562
OG0014350	XP_024009525.1	g6366
OG0014351	XP_006418560.1	g13550
OG0014352	XP_006409685.1	g13666
OG0014353	XP_006409175.1	g6020
OG0014354	XP_006407652.1	g7478
OG0014355	XP_006408983.1	g11579
OG0014356	XP_006418587.1	g13417
OG0014357	XP_006418586.1	g13416
OG0014358	XP_006396126.1	g11596, g13584
OG0014359	XP_006396130.1	g13582
OG0014360	XP_006396136.1	g13579
OG0014362	XP_006409704.1, XP_006408827.1	g13672
OG0014363	XP_006409544.1	g14242
OG0014364	XP_006409701.1	g13664
OG0014365	XP_006409674.1	g14569
OG0014366	XP_006409665.1	g14450
OG0014367	XP_006409659.1	g13679
OG0014368	XP_006409645.1	g6196
OG0014369	XP_006409644.1	g13684
OG0014370	XP_006412366.1	g23188
OG0014371	XP_006409633.1	g6192
OG0014372	XP_006409621.1	g6188
OG0014373	XP_006409603.1	g13686
OG0014374	XP_006417748.1	g31095
OG0014375	XP_024016464.1	g6151
OG0014376	XP_024016644.1	g14232
OG0014378	XP_006409440.1	g39562, g6137
OG0014379	XP_024007635.1	g28246
OG0014380	XP_006409406.1	g14085
OG0014381	XP_006409369.1	g14059
OG0014382	XP_006409359.1	g14051
OG0014383	XP_006409321.1	g6094
OG0014384	XP_024016578.1	g6081
OG0014385	XP_024016497.1	g6050
OG0014386	XP_006409156.1	g13958
OG0014387	XP_006409122.1	g13782
OG0014388	XP_006409121.1	g5993
OG0014389	XP_006409106.1	g13936
OG0014390	XP_006409097.1	g5987
OG0014391	XP_006409095.1	g5986
OG0014392	XP_024016406.1	g13916
OG0014393	XP_006409041.2, XP_006409042.1	g13910
OG0014394	XP_006408880.1	g13902
OG0014395	XP_006408914.1, XP_024014296.1	g13871
OG0014396	XP_006408919.1	g13869
OG0014397	XP_006408939.1	g5921, g13862
OG0014398	XP_006408976.1	g5903
OG0014399	XP_006408990.1	g13847, g5897
OG0014400	XP_006409007.1	g13844
OG0014401	XP_006395993.1	g5876
OG0014402	XP_006409012.1	g5888
OG0014403	XP_006392553.1	g27972
OG0014404	XP_006392557.2	g39449
OG0014405	XP_024006095.1	g54363
OG0014406	XP_006392603.1	g54362
OG0014407	XP_006392635.1	g54320
OG0014408	XP_024006304.1	g36712
OG0014409	XP_006392645.1	g54322
OG0014410	XP_024010969.1	g10843
OG0014411	XP_006392666.1	g36704
OG0014412	XP_006392751.1	g36664
OG0014413	XP_006392760.1	g54303
OG0014414	XP_006392778.2	g36637
OG0014415	XP_006392805.1	g36618
OG0014417	XP_006392865.1	g54277
OG0014418	XP_024005951.1	g54270
OG0014419	XP_006392912.1	g36574
OG0014420	XP_006392914.1	g36573
OG0014421	XP_006392913.1	g36572
OG0014422	XP_006392931.1	g36562
OG0014423	XP_006392952.1	g36554
OG0014424	XP_006392994.2	g36523
OG0014425	XP_024005996.1	g54229
OG0014426	XP_006393035.1	g54214
OG0014427	XP_006393100.1	g36470
OG0014428	XP_006393085.1	g54194
OG0014429	XP_006393063.1	g28036
OG0014430	XP_006391187.1	g44862
OG0014431	XP_024006003.1	g54181, g36454
OG0014433	XP_006393150.1	g36445
OG0014434	XP_024006362.1	g36430, g54164
OG0014435	XP_006393176.1	g28058
OG0014436	XP_006393212.1	g36411
OG0014437	XP_024006019.1	g43449, g36405
OG0014438	XP_006393244.1	g54139
OG0014439	XP_024015786.1	g6833
OG0014440	XP_006393260.1	g36395
OG0014441	XP_006393262.1	g54124
OG0014442	XP_006393308.1	g36382
OG0014443	XP_024006007.1	g36374
OG0014444	XP_006393332.1	g54106
OG0014445	XP_006393299.1	g54118
OG0014446	XP_006393395.1	g36328
OG0014447	XP_024006654.1	g36321
OG0014448	XP_006393446.1	g28107
OG0014449	XP_006414372.1	g47147
OG0014450	XP_006414386.2	g24393
OG0014451	XP_006403602.1	g2303
OG0014452	XP_006414390.1	g24398
OG0014453	XP_024005699.1	g17610
OG0014454	XP_006414427.1, XP_024004783.1	g47127
OG0014455	XP_024004697.1	g24417
OG0014456	XP_006410616.1	g37100
OG0014457	XP_024003681.1	g51461
OG0014458	XP_006410605.1	g51455
OG0014459	XP_024013401.1	g11339
OG0014460	XP_006403855.1	g11336
OG0014461	XP_006395288.2	g3237
OG0014462	XP_024013495.1	g2420
OG0014463	XP_006403825.1	g2419
OG0014464	XP_006403824.1	g2418
OG0014465	XP_006403817.1	g2414
OG0014466	XP_006403804.2	g19251
OG0014467	XP_006403796.1	g19240
OG0014468	XP_006403781.1	g19226
OG0014469	XP_006403780.1	g19224
OG0014470	XP_006391192.2	g13638
OG0014471	XP_006403701.1	g11314
OG0014472	XP_006403693.1	g19198
OG0014473	XP_006403644.1	g11305
OG0014474	XP_006403618.1	g19168
OG0014475	XP_006403873.1	g2445
OG0014476	XP_006400000.1	g29282
OG0014477	XP_006403882.1	g2458, g19293
OG0014478	XP_006403884.1	g11341
OG0014479	XP_006403902.1	g19304
OG0014480	XP_006403573.1	g2289
OG0014481	XP_006403564.1	g11297
OG0014482	XP_006403526.1	g2242
OG0014483	XP_006403487.1	g2233
OG0014484	XP_006403480.1	g2222
OG0014485	XP_006403479.1	g2221, g19108
OG0014486	XP_024013535.1	g19100
OG0014487	XP_006403449.1	g2192
OG0014488	XP_006403015.1	g2165
OG0014489	XP_006403011.1	g2163
OG0014490	XP_006411319.1	g51920
OG0014492	XP_006402957.1	g19014
OG0014493	XP_006402950.1	g2055
OG0014494	XP_006402946.1	g2058
OG0014495	XP_006402900.1	g18996
OG0014496	XP_006402826.1	g18971
OG0014497	XP_024012738.1	g11222
OG0014499	XP_024013017.1	g18954
OG0014500	XP_006402767.1	g1988
OG0014501	XP_006402721.1	g2005
OG0014502	XP_006402717.1	g2007
OG0014503	XP_024012987.1	g18906
OG0014504	XP_006402693.1	g2020
OG0014505	XP_024012816.1	g18895
OG0014506	XP_006402643.1	g1957
OG0014507	XP_006402640.1	g1952
OG0014508	XP_024012779.1	g18870
OG0014509	XP_006402597.1	g1925
OG0014510	XP_006402586.1	g18825
OG0014511	XP_006402960.1	g19016
OG0014512	XP_006402564.1	g1901
OG0014513	XP_006402555.2	g1897, g18801
OG0014514	XP_006402534.1	g1885
OG0014515	XP_006402521.1	g1880
OG0014516	XP_006402472.1	g1842
OG0014517	XP_006402456.1	g1826
OG0014518	XP_006402440.1	g1813
OG0014520	XP_006402423.1	g11159
OG0014521	XP_006402422.1	g11158
OG0014522	XP_006402420.1	g11157
OG0014523	XP_006402406.1	g1774
OG0014524	XP_006402373.1	g11150
OG0014525	XP_006402332.1	g18740
OG0014526	XP_006402306.1	g18766
OG0014527	XP_006402304.1	g1741
OG0014528	XP_024012783.1	g18780
OG0014529	XP_006402281.1	g18787
OG0014530	XP_006402277.1	g18699
OG0014531	XP_006391482.1, XP_006405525.1	g44659
OG0014532	XP_006392235.1	g44660
OG0014533	XP_006403739.1	g18711
OG0014536	XP_006419040.1	g19591
OG0014537	XP_024013769.1	g19138
OG0014538	XP_006403025.1	g11271
OG0014539	XP_006398127.2	g40521
OG0014541	XP_006390295.1	g46213
OG0014542	XP_006403391.1	g36990
OG0014543	XP_006410717.1	g51530
OG0014544	XP_024016693.1	g51550
OG0014545	XP_006411086.2	g38102
OG0014547	XP_006389780.1	g13598
OG0014549	XP_006390017.1	g46423
OG0014550	XP_024009334.1	g44544
OG0014551	XP_006412679.1	g23383
OG0014552	XP_006407532.1	g13103
OG0014553	XP_006412536.2	g23294
OG0014555	XP_006412375.1	g23195, g42966, g18146
OG0014556	XP_006408082.1	g12557
OG0014557	XP_006418505.1	g49275
OG0014558	XP_024008622.1	g27014
OG0014559	XP_006417184.1	g31413
OG0014561	XP_006416847.1	g31635
OG0014562	XP_006390970.1	g44725
OG0014563	XP_024011321.1, XP_024010817.1	g45805
OG0014564	XP_006391142.1	g41556
OG0014565	XP_024016653.1	g43623, g43614, g35896
OG0014566	XP_006391901.1	g44218
OG0014568	XP_006408940.1	g5920
OG0014569	XP_006409202.1	g6028, g6077
OG0014570	XP_006418665.1	g6432
OG0014571	XP_006418793.1	g6469
OG0014572	XP_006406480.1	g6786
OG0014574	XP_006407605.1	g12382
OG0014575	XP_006399101.1	g29684
OG0014576	XP_006399177.1	g29650
OG0014579	XP_006413746.1	g47393
OG0014580	XP_024004747.1	g47305
OG0014582	XP_006414248.1	g24277
OG0014583	XP_006415248.1	g27774, g50626
OG0014584	XP_006415622.1	g32371
OG0014586	XP_006413314.1	g17171
OG0014587	XP_006409999.1	g51159
OG0014589	XP_006399866.1	g5253
OG0014590	XP_024012541.1	g29311
OG0014591	XP_024012483.1	g29129
OG0014592	XP_006395158.1	g18498
OG0014593	XP_006405309.1	g46634
OG0014594	XP_006401117.1	g28691
OG0014595	XP_006400962.1	g28732, g39236, g1272
OG0014596	XP_006400744.1	g794
OG0014597	XP_024012098.1	g782
OG0014599	XP_006400568.1	g693
OG0014600	XP_006393991.1	g132
OG0014603	XP_006416487.1	g27435
OG0014605	XP_006392432.1	g1701
OG0014607	XP_006391346.1	g19570
OG0014609	XP_024016638.1	g6289
OG0014611	XP_006409219.1	g13989
OG0014616	XP_006403649.1	g19173
OG0014621	XP_006396545.2	g33312
OG0014623	XP_006401262.2	g28591
OG0014637	XP_006412962.1	g23555
OG0014638	XP_024016472.1	g17034, g44093
OG0014639	XP_006412938.1	g23543
OG0014640	XP_006412934.1	g23540
OG0014641	XP_006412927.2	g23536
OG0014643	XP_006412916.1	g17025
OG0014644	XP_006390118.1	g44366
OG0014645	XP_006412894.1	g23515
OG0014646	XP_006412893.1	g23514
OG0014647	XP_024004660.1	g17015
OG0014648	XP_006412875.1	g23498
OG0014649	XP_006412870.1	g23496
OG0014650	XP_006412853.1	g23484
OG0014651	XP_006412852.1	g23478
OG0014652	XP_024005181.1	g23469
OG0014653	XP_006412835.1	g23466
OG0014654	XP_024004610.1	g23463
OG0014655	XP_006412824.1	g23462
OG0014656	XP_006395965.1	g25217
OG0014657	XP_006412813.1	g47703
OG0014659	XP_006412804.1	g17001
OG0014660	XP_024005350.1	g17000
OG0014661	XP_006412722.1	g23415
OG0014662	XP_006412666.2	g23377
OG0014663	XP_006412660.1	g16969
OG0014665	XP_006412651.1	g23367
OG0014666	XP_006411599.2	g53552
OG0014667	XP_006412631.1	g23351
OG0014668	XP_006412617.1	g23346
OG0014669	XP_024005264.1	g47775
OG0014670	XP_006412598.1	g23330
OG0014671	XP_006412594.1	g23328
OG0014672	XP_006417654.1	g31134
OG0014673	XP_006412577.1	g23315
OG0014674	XP_006412554.1	g23308
OG0014675	XP_006412551.1	g23306
OG0014676	XP_006412552.1	g47793
OG0014677	XP_006412539.1	g23297
OG0014678	XP_006412537.1	g23295
OG0014679	XP_006412519.1	g23289
OG0014680	XP_006412485.1	g16923
OG0014682	XP_024005132.1	g23273
OG0014683	XP_006405226.1	g38325
OG0014684	XP_024005703.1	g23251
OG0014685	XP_006412415.1	g16909
OG0014686	XP_006412429.1	g23240
OG0014687	XP_006412431.1	g23242
OG0014689	XP_006412252.1	g47873
OG0014690	XP_006412352.1	g23177
OG0014691	XP_006412348.1	g23174
OG0014692	XP_024005236.1	g18162
OG0014693	XP_006412345.1	g23170
OG0014695	XP_006412318.1	g23158
OG0014696	XP_006412244.1	g23106
OG0014697	XP_006412269.1	g18197
OG0014698	XP_024012412.1	g776
OG0014699	XP_006412294.1	g23143
OG0014700	XP_006412236.1	g18207
OG0014701	XP_006412238.1	g18204
OG0014702	XP_006412216.1	g47882
OG0014703	XP_006412204.1	g23069
OG0014704	XP_024016428.1	g13717
OG0014705	XP_006405973.1	g36245
OG0014706	XP_006412128.1	g23016
OG0014707	XP_006412119.1	g23011
OG0014708	XP_006412113.1	g23008
OG0014709	XP_006415364.1	g50578
OG0014710	XP_006415334.1	g32525
OG0014711	XP_006415325.1	g27743
OG0014712	XP_006415304.1	g50610
OG0014713	XP_006415302.1	g32539
OG0014714	XP_024008147.1	g27724
OG0014715	XP_006415279.1	g27723
OG0014716	XP_006415237.1	g32595
OG0014717	XP_024008376.1	g32600
OG0014718	XP_006415219.1	g32606
OG0014719	XP_006415217.2	g50633
OG0014720	XP_006415208.1	g32611
OG0014721	XP_024008382.1	g32621
OG0014722	XP_006415182.1	g27780
OG0014723	XP_006414285.1	g24305
OG0014724	XP_006414284.1	g47193
OG0014725	XP_006414294.1	g47188
OG0014726	XP_024005860.1	g47185
OG0014727	XP_024005861.1	g47184
OG0014728	XP_006414304.1	g47182
OG0014729	XP_024004679.1	g24322
OG0014730	XP_006414329.1	g24333
OG0014731	XP_006414354.2	g24358
OG0014732	XP_006414365.1	g47156
OG0014733	XP_006392526.2	g43822
OG0014734	XP_006392509.1	g43873
OG0014735	XP_006392487.1	g41130
OG0014736	XP_024014016.1	g44899
OG0014737	XP_006392464.1	g41125
OG0014738	XP_006392459.1	g1695
OG0014740	XP_006392408.1	g41104
OG0014742	XP_006392342.1	g1712
OG0014743	XP_006392274.1	g44071
OG0014744	XP_006410973.1, XP_006410972.1	g37236
OG0014745	XP_006412812.1	g47704
OG0014746	XP_006392177.1	g44122
OG0014747	XP_006392163.1	g41022
OG0014748	XP_006392105.1	g44143
OG0014749	XP_006392072.1	g40985
OG0014750	XP_024004100.1	g40975
OG0014751	XP_006391948.1	g40934
OG0014752	XP_006391919.1	g40929
OG0014753	XP_006398492.1	g10828
OG0014754	XP_024011022.1	g10805
OG0014755	XP_006398526.2	g10803
OG0014756	XP_024011033.1	g10799
OG0014758	XP_024007534.1	g10773
OG0014759	XP_024007189.1	g10771
OG0014760	XP_006395862.1	g10767
OG0014761	XP_006395858.1	g50606
OG0014763	XP_006395844.1	g10746
OG0014764	XP_006395810.1	g10731
OG0014765	XP_006395759.1	g10697
OG0014766	XP_006395751.1	g10687
OG0014767	XP_006395750.1	g10686
OG0014768	XP_006395740.1	g10677
OG0014769	XP_006395705.1	g1544
OG0014770	XP_006395703.1	g10663
OG0014771	XP_006395688.1	g1551
OG0014772	XP_024007653.1	g1557
OG0014773	XP_006395668.1	g10647
OG0014774	XP_006395626.1	g10612
OG0014775	XP_006395608.1	g10597
OG0014776	XP_006395606.1	g10596
OG0014777	XP_024007497.1	g1583
OG0014778	XP_006395596.1	g10589
OG0014779	XP_006395582.1	g10584
OG0014780	XP_006395544.1	g16613
OG0014781	XP_006395530.1	g1596
OG0014782	XP_006395526.1	g10550
OG0014783	XP_006395507.1	g10539
OG0014784	XP_006395499.1	g1604
OG0014785	XP_006395488.1	g10523
OG0014786	XP_006395480.1	g10519
OG0014787	XP_006395463.1	g10504
OG0014788	XP_006395440.1	g16566
OG0014789	XP_006395417.1	g10474
OG0014790	XP_006397160.2, XP_006395405.1	g18228
OG0014791	XP_006395388.1	g4326
OG0014792	XP_006395386.1	g10450
OG0014793	XP_006395361.1	g4305
OG0014794	XP_024007126.1	g10403
OG0014795	XP_024007657.1	g4294
OG0014797	XP_006395276.1	g10351
OG0014798	XP_006395254.1	g10324
OG0014800	XP_006391989.1	g40962
OG0014801	XP_024010550.1	g41782
OG0014802	XP_006391474.1	g44921
OG0014803	XP_006391470.1	g44928, g44927
OG0014804	XP_006391437.1	g41833
OG0014806	XP_006391386.1	g45001
OG0014807	XP_006391357.1	g45016
OG0014808	XP_006391347.1	g45023
OG0014809	XP_006391324.1	g41914
OG0014810	XP_006391313.1	g42007
OG0014811	XP_006391519.1	g45046
OG0014812	XP_006391528.1	g45056
OG0014813	XP_006391547.1	g45071
OG0014814	XP_006391569.1	g45099
OG0014815	XP_006397407.1	g45102
OG0014816	XP_006397403.1	g53640
OG0014817	XP_024014157.1, XP_006392024.1	g49534
OG0014819	XP_024009504.1	g45130
OG0014820	XP_006404452.2	g18065
OG0014821	XP_006397386.1	g45138
OG0014822	XP_006397390.1	g45140
OG0014823	XP_006415605.1	g41232
OG0014824	XP_006396449.1	g45234
OG0014826	XP_006391589.1	g40731
OG0014827	XP_006404001.1	g19344
OG0014828	XP_006395666.1	g10644
OG0014829	XP_006391609.1	g40757
OG0014830	XP_006391614.1	g40762
OG0014831	XP_006391616.1	g40764
OG0014832	XP_006391622.1	g40770
OG0014833	XP_006391693.1	g44263
OG0014834	XP_006391712.1	g40797
OG0014835	XP_006391729.1	g40786
OG0014836	XP_024015677.1	g1736
OG0014837	XP_006391742.1	g40840
OG0014838	XP_024016420.1	g40841
OG0014839	XP_006391747.1	g37127
OG0014840	XP_006391748.1	g40843
OG0014841	XP_006391776.1	g40851
OG0014842	XP_006391715.1	g40868
OG0014844	XP_006391823.1	g40882
OG0014845	XP_006391825.1	g40884
OG0014846	XP_006391827.1	g40885
OG0014847	XP_006391855.1	g40892
OG0014848	XP_006407322.1	g13141
OG0014849	XP_006413004.1	g23583
OG0014850	XP_006413253.1	g23727
OG0014852	XP_006413218.1	g23712
OG0014853	XP_024004692.1	g17140
OG0014854	XP_006411386.1	g51978
OG0014855	XP_006405735.1	g46852
OG0014856	XP_006411377.1	g38153
OG0014857	XP_024003784.1	g51965
OG0014858	XP_024003860.1	g51970
OG0014859	XP_024016762.1	g37369
OG0014860	XP_006411337.1	g51946
OG0014861	XP_024016724.1	g51944
OG0014862	XP_006407714.1	g7515
OG0014863	XP_024015552.1	g12410
OG0014864	XP_006407704.1	g7511
OG0014865	XP_006407699.1	g7508
OG0014866	XP_006407691.2	g12403
OG0014867	XP_006407674.1	g7491
OG0014868	XP_006418812.1	g7482
OG0014869	XP_006407649.1	g13059
OG0014870	XP_006407645.2	g7475
OG0014871	XP_006407644.1	g7474
OG0014872	XP_006407631.1	g7464
OG0014873	XP_006407629.1	g7463
OG0014874	XP_006407624.1	g7459
OG0014875	XP_006398815.1	g29834
OG0014876	XP_006407610.1	g7447
OG0014877	XP_006407609.1	g7446
OG0014878	XP_006407592.1	g7442
OG0014879	XP_006407584.1	g13082, g7438
OG0014880	XP_006407578.1	g7435
OG0014881	XP_006407573.1	g13086
OG0014882	XP_006407518.1	g7416
OG0014883	XP_006401327.1	g1071
OG0014885	XP_006407487.1	g13111
OG0014886	XP_006407473.1	g12337
OG0014887	XP_006407469.2	g12334
OG0014888	XP_006407455.1	g7386
OG0014889	XP_006407378.1	g7336
OG0014891	XP_006407371.1	g12295
OG0014892	XP_006407340.1	g7314
OG0014893	XP_006397338.1	g25946
OG0014894	XP_006402253.1	g1505
OG0014895	XP_006397340.1	g25976
OG0014896	XP_006396315.1	g1482
OG0014897	XP_006406254.1	g13395
OG0014898	XP_006402144.1	g1410
OG0014899	XP_006417717.1	g31111
OG0014901	XP_006402080.1	g28280
OG0014902	XP_006402070.2	g1388
OG0014903	XP_006402058.1	g1367
OG0014904	XP_006402036.1	g1346
OG0014905	XP_006401992.1	g41161
OG0014906	XP_006401961.1	g41170
OG0014907	XP_024012599.1	g28344
OG0014908	XP_006401928.1	g41173
OG0014909	XP_024011619.1	g28348
OG0014910	XP_006391903.1	g44216
OG0014911	XP_006401880.1	g1306
OG0014912	XP_024012063.1	g865
OG0014913	XP_006401865.1	g866
OG0014914	XP_024012643.1	g868
OG0014915	XP_006401856.1	g870
OG0014916	XP_006401855.1	g28362
OG0014917	XP_006401831.1	g28367
OG0014918	XP_006401815.1	g41226
OG0014919	XP_006401812.1	g884
OG0014920	XP_006401776.1	g892
OG0014921	XP_006401720.1	g41279
OG0014922	XP_006401741.1	g28406
OG0014923	XP_006401755.1	g41253
OG0014924	XP_006401705.1	g28423
OG0014925	XP_006401702.1	g28424
OG0014926	XP_006401687.1	g41294
OG0014927	XP_006401652.1	g935
OG0014928	XP_006401575.2	g957
OG0014929	XP_006401524.1	g977
OG0014930	XP_006416567.1	g31808
OG0014931	XP_006401468.1	g39376
OG0014932	XP_006401454.1	g39374
OG0014933	XP_024011991.1	g1018
OG0014934	XP_006401436.1	g28517
OG0014935	XP_006401375.1	g28543
OG0014936	XP_024012112.1	g28550
OG0014937	XP_006401351.1	g1062
OG0014939	XP_006401304.1	g28562
OG0014940	XP_006401293.1	g1081
OG0014941	XP_024011860.1	g1082
OG0014942	XP_006401251.1	g1098
OG0014943	XP_006401249.1	g39326
OG0014944	XP_006401248.1	g28600
OG0014945	XP_006401210.1	g1108
OG0014946	XP_006401183.1	g39299
OG0014947	XP_006401181.2	g1120
OG0014949	XP_006401162.2	g1140
OG0014950	XP_006401151.1	g28669
OG0014951	XP_006401127.1	g28687
OG0014952	XP_006401125.1	g1154
OG0014953	XP_006397365.1	g41147
OG0014954	XP_006397362.1	g45666
OG0014955	XP_006399831.1	g29358
OG0014956	XP_006399832.2	g29357
OG0014957	XP_006399800.1	g45614
OG0014958	XP_024012211.1	g5299
OG0014959	XP_006399733.1	g29403
OG0014960	XP_006399706.1	g45581
OG0014962	XP_006399661.1	g29439
OG0014963	XP_006399648.1	g5373
OG0014964	XP_024012353.1	g29447
OG0014965	XP_006399635.1	g45565
OG0014966	XP_024012074.1	g5389
OG0014967	XP_024011419.1	g29465
OG0014968	XP_006399600.2	g29466
OG0014969	XP_006411015.1	g51700
OG0014970	XP_006399589.1	g29471
OG0014971	XP_006399586.1	g5394
OG0014973	XP_006399566.1	g29486
OG0014974	XP_006399563.2	g29487
OG0014975	XP_006399548.1	g45542
OG0014976	XP_006399543.1	g5409
OG0014977	XP_006399539.1	g45538
OG0014979	XP_006399514.1	g5423
OG0014980	XP_006399513.1	g29509
OG0014981	XP_006399486.1	g5432
OG0014982	XP_006399450.1	g45520
OG0014983	XP_006399441.1	g5450
OG0014984	XP_006399424.1	g29560
OG0014985	XP_006399423.1	g29561
OG0014986	XP_006399387.1	g5474
OG0014987	XP_006399325.1	g29588
OG0014988	XP_006399322.1	g5506
OG0014989	XP_006399292.1	g29602
OG0014990	XP_006399242.1	g5537
OG0014991	XP_024012618.1	g5540, g29625
OG0014992	XP_024012573.1	g5546
OG0014993	XP_024012413.1	g5552
OG0014994	XP_024004457.1	g17555
OG0014995	XP_006414236.1	g24267
OG0014996	XP_024004717.1	g47204
OG0014997	XP_006414191.1	g17526
OG0014998	XP_006414189.1	g24236
OG0014999	XP_006414107.1	g47265
OG0015000	XP_006414097.1	g17479
OG0015001	XP_024005336.1	g47278
OG0015002	XP_024004344.1	g24175
OG0015003	XP_006414073.1	g24171
OG0015004	XP_006414056.1	g47286
OG0015005	XP_006414054.1	g17459
OG0015006	XP_006414016.2	g47295
OG0015007	XP_006414003.1	g43474, g24150
OG0015008	XP_006413982.1	g47311, g17432
OG0015009	XP_024005651.1	g47318
OG0015010	XP_006413941.1	g24117
OG0015011	XP_006413936.1	g24108
OG0015012	XP_006413905.1	g17387
OG0015013	XP_024004488.1	g47346
OG0015014	XP_006413853.1	g47349
OG0015016	XP_006416644.1	g31747
OG0015017	XP_006413812.1	g47367
OG0015018	XP_006413800.1	g24024
OG0015019	XP_006399938.1	g5200
OG0015020	XP_006413788.1	g24016
OG0015021	XP_006413775.1	g24007
OG0015022	XP_006413771.1	g47378
OG0015023	XP_024005764.1	g47381
OG0015024	XP_006413749.1	g23991
OG0015025	XP_006413733.1	g17321
OG0015026	XP_024005159.1	g23984
OG0015027	XP_006413703.1	g47404, g17313
OG0015029	XP_006413630.1	g47432
OG0015030	XP_006413611.1	g17277
OG0015031	XP_006413603.1	g47446
OG0015034	XP_006413470.1	g17227
OG0015035	XP_006415147.1	g32637
OG0015036	XP_006415141.1	g27793
OG0015037	XP_024008188.1	g50670
OG0015038	XP_024008222.1	g32649
OG0015039	XP_006415127.1	g27796
OG0015040	XP_024009006.1	g27800
OG0015041	XP_006415114.1, XP_006415111.1	g50689
OG0015042	XP_006415109.1	g50692
OG0015043	XP_006415097.2	g32664
OG0015044	XP_006396079.1	g32747
OG0015045	XP_006396075.1	g27812
OG0015046	XP_006396070.1	g50751
OG0015047	XP_006397416.1	g27864
OG0015048	XP_006397442.1	g27884
OG0015049	XP_006397449.1	g33009
OG0015050	XP_006397450.1	g33023
OG0015051	XP_024010627.1	g27910
OG0015052	XP_024013098.1	g27913
OG0015053	XP_006396020.1	g35929, g27923
OG0015054	XP_024008823.1	g27928
OG0015055	XP_006414526.1	g35928
OG0015056	XP_006396015.1	g27955
OG0015057	XP_006393728.2	g53844
OG0015058	XP_006393744.1	g28155
OG0015059	XP_006393751.1	g28173
OG0015060	XP_006393775.1	g28204
OG0015061	XP_024007274.1	g35934
OG0015062	XP_024007634.1	g32290
OG0015063	XP_006395991.1	g28217
OG0015064	XP_006396001.2	g28237
OG0015065	XP_006393684.1	g36175
OG0015066	XP_006414367.1	g47154
OG0015067	XP_006393531.1	g54011
OG0015068	XP_006393556.1	g36259
OG0015069	XP_024005947.1	g28118
OG0015070	XP_006393596.1	g53986
OG0015071	XP_024006701.1	g28240, g28241
OG0015072	XP_006409319.1	g36195
OG0015073	XP_006393646.1	g36196
OG0015074	XP_024006262.1	g28136
OG0015075	XP_006403381.1	g37009
OG0015076	XP_006393509.1	g54023
OG0015077	XP_006415720.1	g27642
OG0015078	XP_006406138.1	g6572
OG0015079	XP_006415732.1	g50436
OG0015080	XP_006415731.1	g32295
OG0015081	XP_006394500.1	g420
OG0015082	XP_006415684.1	g27650
OG0015083	XP_006415667.1	g32339
OG0015084	XP_006415596.1	g50502
OG0015085	XP_006415555.1	g32409
OG0015086	XP_006415544.1	g50517
OG0015087	XP_006415525.1	g32428
OG0015088	XP_024007781.1	g32431
OG0015089	XP_006418917.2, XP_024008559.1	g32436
OG0015090	XP_006415514.1	g27694
OG0015091	XP_006415459.1	g32472
OG0015092	XP_006415440.1	g50551
OG0015093	XP_006415437.1	g32479
OG0015094	XP_024005241.1	g23006, g18227
OG0015095	XP_006412085.1	g22986
OG0015096	XP_006412050.1	g18236
OG0015097	XP_006412041.1	g47943
OG0015098	XP_006412037.1	g47949
OG0015099	XP_006412030.1	g22957
OG0015100	XP_024005770.1	g47951
OG0015101	XP_024005640.1	g47954
OG0015102	XP_006412003.1	g22929
OG0015103	XP_006411961.1	g22899
OG0015105	XP_006411956.1	g47977
OG0015106	XP_006411955.1	g22893
OG0015107	XP_006411953.1	g18259
OG0015108	XP_006411923.1	g22868
OG0015109	XP_006411915.1	g22854
OG0015110	XP_006411910.1	g22850
OG0015111	XP_006411907.1	g22847
OG0015113	XP_006403091.1	g13016
OG0015114	XP_024005383.1	g22823
OG0015115	XP_006411851.1	g18285
OG0015116	XP_006411837.1	g48002
OG0015117	XP_006411831.1	g22796
OG0015118	XP_006411822.1	g22788
OG0015119	XP_006411819.1	g18296
OG0015120	XP_006411817.1	g22783
OG0015121	XP_006411803.1, XP_006404946.2	g22766
OG0015122	XP_006411767.1	g22729
OG0015123	XP_006411763.1	g22725
OG0015124	XP_006411754.1	g18303
OG0015125	XP_006411741.1	g18125
OG0015126	XP_006411735.1	g22702
OG0015128	XP_006411700.1	g18313
OG0015129	XP_006411678.1	g18326
OG0015130	XP_024004525.1	g41010
OG0015131	XP_024004577.1	g18334
OG0015132	XP_006411659.1	g18337
OG0015133	XP_006411657.1	g18339
OG0015134	XP_006411618.2	g18375
OG0015135	XP_006411620.1	g18373
OG0015136	XP_006411624.1	g18369
OG0015137	XP_006411625.1	g18368
OG0015138	XP_006411634.1	g18363
OG0015139	XP_006411638.1	g18358
OG0015140	XP_024005192.1	g18383
OG0015141	XP_006409204.1	g13984
OG0015142	XP_006405887.1	g16742
OG0015143	XP_006395908.1	g46922
OG0015144	XP_006395918.1	g46851
OG0015145	XP_024007124.1	g25094
OG0015146	XP_006391559.1	g45085
OG0015147	XP_006405874.2	g46807
OG0015148	XP_006405865.2	g46802
OG0015149	XP_006405824.1	g46772
OG0015150	XP_006405822.1	g18115
OG0015151	XP_006405810.1	g46762
OG0015152	XP_024014717.1	g46740
OG0015154	XP_006405715.1	g18087
OG0015155	XP_006405652.1	g16901
OG0015157	XP_006405597.2	g16884
OG0015158	XP_024014695.1	g16883
OG0015159	XP_006398250.1	g40573
OG0015160	XP_006415385.1	g32508
OG0015161	XP_006410668.1	g51499
OG0015162	XP_024003831.1	g37991
OG0015163	XP_024003968.1	g51502
OG0015164	XP_006418988.1	g2915
OG0015165	XP_006418985.1	g2917
OG0015166	XP_006415285.1	g50615
OG0015167	XP_006410712.1	g51528
OG0015168	XP_024016803.1	g51525
OG0015169	XP_006410706.1	g38003
OG0015170	XP_006410699.1	g51518
OG0015171	XP_006410694.1	g25858
OG0015172	XP_006396047.1	g27862
OG0015173	XP_006397190.2	g40260
OG0015174	XP_006397254.1	g40231
OG0015175	XP_006397260.1	g40230
OG0015176	XP_006397272.1	g40229
OG0015178	XP_024010404.1	g40225
OG0015179	XP_006396024.1	g27922
OG0015180	XP_006397315.1	g40208
OG0015181	XP_006410576.1	g37086
OG0015182	XP_006410559.1	g51429
OG0015183	XP_006410556.1	g51424
OG0015184	XP_006410536.1	g51403
OG0015185	XP_006410529.1	g51398
OG0015186	XP_006410517.1	g51389
OG0015187	XP_006410516.1	g51388
OG0015188	XP_024003744.1	g51371
OG0015190	XP_006403278.1	g11129
OG0015191	XP_006403287.1	g11131
OG0015192	XP_006403290.1	g11133
OG0015193	XP_006403323.1	g37049, g18433
OG0015194	XP_006403322.1	g18431
OG0015195	XP_006403335.1	g37056
OG0015196	XP_006403354.1	g37028
OG0015197	XP_006403355.1	g37027
OG0015198	XP_024013256.1	g18443
OG0015199	XP_006403394.1	g36971
OG0015200	XP_006400545.1	g28968
OG0015201	XP_006403176.1	g39707
OG0015202	XP_006400487.1	g18453
OG0015203	XP_006405260.1	g18454
OG0015204	XP_006397108.1	g40284
OG0015205	XP_006397097.1	g40292
OG0015206	XP_006397091.1	g40296
OG0015207	XP_006397090.1	g40297
OG0015208	XP_006397088.1	g40298
OG0015209	XP_006397076.1	g40303
OG0015210	XP_006397061.1	g40313
OG0015211	XP_006397027.1	g40326
OG0015212	XP_024009880.1	g40330
OG0015213	XP_006397006.1	g40335
OG0015214	XP_006396990.1	g40338
OG0015215	XP_024009870.1	g40339
OG0015216	XP_006396986.2	g25763
OG0015217	XP_006396958.1	g40348
OG0015218	XP_006396937.1	g40355
OG0015219	XP_006396931.1	g25729
OG0015220	XP_024009911.1	g25724
OG0015221	XP_024010184.1	g25695
OG0015222	XP_006396883.1	g25698
OG0015223	XP_006396837.1	g40385
OG0015224	XP_024010102.1	g40391
OG0015225	XP_006396797.1	g45145
OG0015226	XP_006395217.1	g10291
OG0015227	XP_006413647.1	g17290
OG0015228	XP_006396723.1	g40423
OG0015229	XP_006396719.1	g40426
OG0015231	XP_006396696.1	g40434
OG0015232	XP_006396691.1	g45155
OG0015233	XP_006396680.1	g40443
OG0015234	XP_024010036.1	g40454
OG0015235	XP_006396642.1	g25550
OG0015236	XP_006396620.1	g18512
OG0015237	XP_006398055.1	g40491
OG0015238	XP_006398088.1	g11040
OG0015239	XP_006398089.1	g11039
OG0015240	XP_006398103.1	g11031
OG0015241	XP_006398198.2	g40553
OG0015242	XP_024010937.1	g10976
OG0015243	XP_024011024.1	g40575
OG0015244	XP_006398265.1	g40578, g10968
OG0015245	XP_006398270.2	g40585
OG0015246	XP_006390538.1	g17994
OG0015247	XP_006398278.1	g43974
OG0015248	XP_006398279.1	g10961
OG0015249	XP_024005934.1	g27982
OG0015251	XP_006398328.1	g41838
OG0015252	XP_006398334.1	g10945
OG0015253	XP_006398485.1	g10834
OG0015254	XP_006403018.1	g19043
OG0015255	XP_006398398.1	g10904
OG0015256	XP_006403068.1	g17928
OG0015257	XP_024013083.1	g46877
OG0015258	XP_006398434.1	g10869
OG0015259	XP_006398432.2	g10870
OG0015260	XP_006395951.1	g25187
OG0015261	XP_006418568.1	g11655
OG0015262	XP_006395937.1	g46862
OG0015263	XP_006418531.1	g11645
OG0015264	XP_024007533.1	g25132
OG0015265	XP_024004368.1	g46947
OG0015266	XP_006418632.1	g6397
OG0015267	XP_006413466.1	g17223
OG0015268	XP_006414971.2	g24822
OG0015269	XP_006418686.1	g6436
OG0015270	XP_006418687.1	g11693
OG0015271	XP_006414934.1	g46986
OG0015272	XP_024005696.1	g24651
OG0015273	XP_006414866.1	g47007
OG0015274	XP_006414835.1	g17808
OG0015275	XP_006414823.1	g47034
OG0015276	XP_024005712.1	g24537
OG0015277	XP_006414706.1	g24528
OG0015278	XP_006414705.1	g47049
OG0015279	XP_006406074.1	g11764
OG0015280	XP_006414632.1	g17709
OG0015281	XP_006414512.1	g24461
OG0015282	XP_006414494.1	g24451
OG0015283	XP_006405583.1	g16874
OG0015284	XP_006405560.1	g16862
OG0015285	XP_006405514.1	g16847
OG0015286	XP_006405513.1	g46679
OG0015287	XP_024014784.1	g46672
OG0015288	XP_006405424.1	g16817
OG0015289	XP_024014637.1	g46649
OG0015290	XP_024014709.1	g46790
OG0015291	XP_006397998.1	g37775
OG0015292	XP_006397992.1	g22970
OG0015293	XP_006390324.1	g37768
OG0015295	XP_006397973.1	g37756
OG0015296	XP_006397972.1	g37755
OG0015297	XP_006397971.1	g37754
OG0015298	XP_006397955.1	g37742
OG0015299	XP_006397953.1	g37741
OG0015300	XP_006397949.1	g50832
OG0015301	XP_006397947.1	g12729
OG0015302	XP_006397944.1	g50829
OG0015303	XP_006406950.1	g13239
OG0015304	XP_006397898.1	g37711
OG0015305	XP_006397882.1	g50805
OG0015306	XP_006397880.1	g50804
OG0015307	XP_006397861.1	g38252
OG0015308	XP_006397856.1	g37677
OG0015310	XP_006397838.1	g37667
OG0015311	XP_006397822.2	g52300
OG0015312	XP_006397789.1	g52293
OG0015313	XP_006397762.1	g52286
OG0015314	XP_006397741.1	g37617
OG0015315	XP_006397740.1	g52263
OG0015316	XP_006397738.1	g37616
OG0015318	XP_006397704.1	g52226
OG0015319	XP_006397701.1	g37593
OG0015320	XP_024010818.1	g52230
OG0015321	XP_006397696.1	g52231
OG0015322	XP_006397684.1	g38240
OG0015323	XP_006397682.1	g37577
OG0015324	XP_006397672.1	g52203
OG0015326	XP_006397651.1	g38237
OG0015327	XP_006397612.1	g38230
OG0015329	XP_006397573.1	g52147
OG0015330	XP_024010872.1	g38219
OG0015331	XP_006397527.1	g37508
OG0015332	XP_024010792.1	g52118
OG0015333	XP_006397510.1	g37501
OG0015334	XP_006397488.1	g38207
OG0015335	XP_006411582.1	g37484
OG0015336	XP_006411569.2	g38199
OG0015337	XP_006411562.1	g37470
OG0015338	XP_006411556.1	g37466
OG0015339	XP_006411544.1	g38195
OG0015340	XP_006411543.1	g37461
OG0015342	XP_006411521.1	g52071
OG0015343	XP_006411502.1	g37448
OG0015344	XP_006411465.1	g52021
OG0015345	XP_006411486.1	g52044
OG0015346	XP_006411419.2	g37393
OG0015347	XP_006398608.1	g18090
OG0015348	XP_006398610.1	g45286
OG0015349	XP_006398638.1	g5817
OG0015350	XP_006398644.1	g5813
OG0015351	XP_006398655.1	g5805
OG0015352	XP_006398661.1	g45301
OG0015353	XP_006398668.1	g45306
OG0015354	XP_006398682.1	g5796
OG0015355	XP_006398689.1	g29860
OG0015356	XP_024011898.1	g45333
OG0015357	XP_006398727.1	g45338
OG0015358	XP_006398757.1	g29843
OG0015359	XP_006398759.1	g29841
OG0015360	XP_006398761.2	g5755
OG0015361	XP_006398772.1	g5745
OG0015362	XP_006398781.1, XP_024010209.1	g5739
OG0015363	XP_006398791.1	g5733
OG0015364	XP_006398797.1	g5730
OG0015365	XP_006398823.1	g29832
OG0015366	XP_024012050.1	g5443
OG0015367	XP_006398827.1	g45367
OG0015368	XP_024011450.1, XP_006398839.1	g29818
OG0015369	XP_006398845.1	g29813
OG0015370	XP_006398852.1	g5710
OG0015372	XP_006398884.2	g29798
OG0015373	XP_024011978.1	g5695
OG0015374	XP_006400494.1	g29111
OG0015375	XP_006400590.1	g708
OG0015376	XP_006400579.1	g41408
OG0015377	XP_024011491.1	g28914
OG0015378	XP_006400656.1	g28911
OG0015379	XP_006413043.1	g47640
OG0015380	XP_006400671.1	g744
OG0015381	XP_006400675.1	g747
OG0015382	XP_006400693.1	g41370
OG0015383	XP_024011959.1	g771
OG0015384	XP_006400717.2	g41361
OG0015385	XP_006400735.1	g788
OG0015386	XP_006400745.1	g795
OG0015387	XP_024012706.1	g41359
OG0015388	XP_006400778.1	g809
OG0015389	XP_006400817.1	g41332
OG0015390	XP_006400831.1	g41330
OG0015391	XP_006400836.2	g28826
OG0015393	XP_006391295.1	g44916
OG0015394	XP_006400887.1	g863
OG0015395	XP_006400911.2	g28766
OG0015396	XP_006400919.1, XP_006405742.2	g1631
OG0015397	XP_024012426.1	g28731
OG0015398	XP_006401006.1	g1243
OG0015399	XP_006400957.1	g28739
OG0015400	XP_006400985.2	g39242
OG0015401	XP_006394312.1	g9826
OG0015402	XP_006394295.1	g309
OG0015404	XP_024007548.1	g9817, g304
OG0015405	XP_006394283.1	g303
OG0015406	XP_006394281.1	g9816
OG0015407	XP_006394279.1	g300
OG0015408	XP_006394278.1	g299
OG0015409	XP_024007054.1	g282
OG0015410	XP_024007619.1	g263
OG0015411	XP_006394224.1	g261
OG0015412	XP_006411053.1	g37273
OG0015413	XP_006394184.1	g245
OG0015414	XP_006394167.2	g9771
OG0015415	XP_024007486.1	g239, g9769
OG0015416	XP_006394161.1	g9766, g237
OG0015417	XP_006394155.1	g233
OG0015418	XP_006394152.1	g9762
OG0015419	XP_006394145.1	g228
OG0015420	XP_024007652.1	g217
OG0015421	XP_006394128.1	g213
OG0015422	XP_006394105.1	g9742
OG0015423	XP_024007326.1	g9734
OG0015424	XP_006394071.1	g9723
OG0015425	XP_006394052.1	g161
OG0015427	XP_006394020.2	g9707
OG0015429	XP_024007620.1	g138
OG0015430	XP_006393975.1	g9689
OG0015431	XP_006393973.1	g9688
OG0015432	XP_006393968.1	g112
OG0015433	XP_006393961.1	g9682
OG0015434	XP_006393954.1	g102
OG0015435	XP_006393946.1	g97
OG0015436	XP_006393930.1	g83
OG0015437	XP_006393929.1	g82
OG0015438	XP_006393926.1	g78
OG0015439	XP_006393903.1	g62
OG0015440	XP_006405190.1	g36850
OG0015441	XP_006393883.1	g9653
OG0015442	XP_006393880.1	g50
OG0015443	XP_006393860.1	g37
OG0015444	XP_006414439.1	g32
OG0015445	XP_006393846.1	g30
OG0015446	XP_006393835.1	g19
OG0015448	XP_006393815.1	g9627
OG0015449	XP_006405329.1	g19628
OG0015450	XP_006393803.2	g9625
OG0015451	XP_006393792.1	g19623
OG0015452	XP_024006692.1	g9
OG0015453	XP_006396205.1	g25338
OG0015454	XP_006396270.1	g39458
OG0015455	XP_006396247.1	g39456
OG0015456	XP_006396234.1	g25354
OG0015457	XP_024009784.1	g39481
OG0015459	XP_006396304.1	g25398
OG0015460	XP_024009807.1	g45259
OG0015462	XP_006396366.1	g45226
OG0015463	XP_006396372.1	g39519
OG0015465	XP_006396406.2	g25451
OG0015466	XP_006396460.1	g45236
OG0015467	XP_006396476.1	g39595
OG0015468	XP_006396477.1	g39597
OG0015469	XP_006396478.1	g39598
OG0015470	XP_006396513.1	g45210
OG0015471	XP_006396516.2	g45207
OG0015472	XP_006403125.1	g11061
OG0015473	XP_006403132.2	g11065
OG0015474	XP_024013273.1	g39679
OG0015475	XP_006403135.1	g39680
OG0015476	XP_006403149.1	g11081
OG0015477	XP_006403160.2	g39697
OG0015478	XP_006403164.1	g11088
OG0015479	XP_006403175.1	g11090
OG0015480	XP_024013249.1	g39708
OG0015481	XP_006403192.1	g39710
OG0015482	XP_006403239.1	g39728
OG0015483	XP_024004256.1	g39787
OG0015484	XP_006410430.2	g51322
OG0015485	XP_006410394.1	g51306
OG0015486	XP_006410346.1	g51290
OG0015487	XP_006410341.1	g51288
OG0015490	XP_006410281.1	g51252
OG0015491	XP_006410265.1	g39848
OG0015492	XP_006410264.2	g51241
OG0015493	XP_006410188.2	g51228
OG0015494	XP_006410132.1	g51198
OG0015495	XP_006410090.1	g39936
OG0015496	XP_006410047.1	g51181
OG0015497	XP_006409950.1	g51122
OG0015498	XP_024004261.1	g40002
OG0015499	XP_006409899.1	g39985
OG0015500	XP_024003723.1	g39977
OG0015501	XP_024016675.1	g37843
OG0015502	XP_006415101.2, XP_024016856.1	g40045
OG0015503	XP_024016854.1	g40062
OG0015504	XP_006409836.1	g37821
OG0015505	XP_024003832.1	g40066
OG0015506	XP_024003636.1	g40068
OG0015507	XP_006409826.1	g40071
OG0015508	XP_006409796.1	g37812, g53449
OG0015509	XP_006408667.1	g40139
OG0015510	XP_006408664.1	g40137
OG0015511	XP_024015827.1	g40128
OG0015512	XP_006408622.1	g43660
OG0015513	XP_024016053.1	g40122
OG0015514	XP_006408712.1	g40114
OG0015515	XP_006408610.1	g40154
OG0015516	XP_006408611.1	g37795
OG0015517	XP_006397283.1	g40176
OG0015518	XP_006409720.1	g40179
OG0015519	XP_006408728.1	g40180
OG0015520	XP_024016729.1, XP_006398332.1	g40191
OG0015521	XP_006394306.1	g315
OG0015522	XP_006413425.1	g17214
OG0015523	XP_006396207.1	g25340
OG0015525	XP_006398022.1	g36795
OG0015526	XP_006408736.1	g38286
OG0015527	XP_024016003.1, XP_024016005.1	g38287
OG0015528	XP_006408783.1	g38290
OG0015529	XP_006408793.1	g36818
OG0015530	XP_006408861.1	g36822
OG0015531	XP_006408850.1	g38301
OG0015533	XP_006408799.1	g51074
OG0015534	XP_006413076.1	g23635
OG0015535	XP_006408516.2	g32638
OG0015536	XP_006408525.1	g12718
OG0015537	XP_006408551.1	g7949
OG0015538	XP_006408554.1	g7951
OG0015539	XP_006415693.1	g27649
OG0015540	XP_006408558.1	g12723
OG0015541	XP_006408562.1	g7954
OG0015542	XP_006408568.1	g3021
OG0015543	XP_006408573.2	g12724
OG0015544	XP_006408576.1	g12727
OG0015545	XP_006398553.2	g17247
OG0015546	XP_006409560.1	g5871
OG0015547	XP_024011824.1	g45283
OG0015548	XP_006398563.1	g45284
OG0015549	XP_006398564.2	g5872
OG0015550	XP_024012169.1	g5869
OG0015551	XP_006398567.1	g5868
OG0015552	XP_006398574.1	g5864
OG0015553	XP_006398575.1	g42871, g5861
OG0015554	XP_006398577.1	g5860
OG0015555	XP_024005414.1	g47587
OG0015556	XP_006413139.1	g23673
OG0015557	XP_006408473.1	g7921
OG0015558	XP_024015417.1	g7919
OG0015559	XP_006408447.1	g7904
OG0015561	XP_024015000.1	g7902
OG0015562	XP_006408438.1	g7895
OG0015563	XP_006408428.1	g7881
OG0015564	XP_006408427.1	g7882
OG0015565	XP_006408417.1	g7874
OG0015566	XP_006408397.1	g45761
OG0015567	XP_006408392.1	g12757
OG0015568	XP_006408390.1	g7860
OG0015569	XP_006408380.1	g7855
OG0015570	XP_006408362.1	g7841
OG0015571	XP_006408355.1	g12665
OG0015573	XP_006408321.1	g12651
OG0015574	XP_006408294.1	g7820
OG0015575	XP_006408278.1	g7816
OG0015576	XP_006408270.1	g7811
OG0015578	XP_006408219.1	g7784
OG0015579	XP_006408205.1	g7783
OG0015580	XP_006408193.1	g7777, g7768
OG0015581	XP_006408156.1	g7742
OG0015582	XP_024015156.1	g7740
OG0015584	XP_006408093.1	g12560
OG0015585	XP_024015347.1	g12551
OG0015586	XP_006408081.1	g12862
OG0015587	XP_006408047.1	g12543
OG0015588	XP_024015791.1	g7693
OG0015589	XP_006408037.1	g12534
OG0015590	XP_024015416.1	g12528
OG0015592	XP_006407954.1	g12493
OG0015593	XP_006407947.1	g12488
OG0015594	XP_006407897.1	g12470
OG0015595	XP_006407886.1	g12464
OG0015596	XP_006407306.1	g12271
OG0015597	XP_024015239.1	g12946
OG0015598	XP_024015315.1	g12458
OG0015599	XP_006407866.1	g12452
OG0015600	XP_024015473.1	g12954
OG0015601	XP_006407850.1	g7599
OG0015603	XP_024015593.1	g7590
OG0015604	XP_006407825.1	g12973
OG0015605	XP_006407813.1	g7575
OG0015606	XP_006407809.1	g12980
OG0015607	XP_024014874.1	g12434
OG0015608	XP_006407798.1	g7567
OG0015609	XP_006407788.1	g7563
OG0015610	XP_006407787.1	g12428
OG0015611	XP_006407772.1	g12994
OG0015612	XP_006407724.1	g7523
OG0015613	XP_024015125.1	g7520
OG0015614	XP_006411284.1	g37348
OG0015616	XP_006411259.1	g38138
OG0015617	XP_024016813.1	g51837
OG0015618	XP_006411235.1	g51833
OG0015619	XP_006411194.1	g37326
OG0015620	XP_006411191.1	g51787
OG0015621	XP_006411144.1	g37312
OG0015622	XP_006411168.1	g51773
OG0015623	XP_006411133.2	g51752
OG0015625	XP_006411122.1	g51744
OG0015626	XP_006410762.2	g38021
OG0015627	XP_006410802.1	g38032
OG0015628	XP_006397356.1	g1678
OG0015629	XP_024003701.1	g51580
OG0015630	XP_006410832.2	g51593
OG0015631	XP_024016674.1	g38047
OG0015632	XP_006409895.1	g38052
OG0015633	XP_006410878.1	g51620
OG0015634	XP_006410890.1	g38056
OG0015635	XP_006410889.1	g37195
OG0015636	XP_024009714.1	g6395
OG0015637	XP_006410899.1	g37199
OG0015638	XP_006410903.1	g37202
OG0015639	XP_006410904.1	g38066
OG0015641	XP_006410940.1	g37219
OG0015642	XP_006410954.1	g51660
OG0015643	XP_006410956.1	g38078
OG0015644	XP_006411084.1	g51732
OG0015645	XP_024004292.1	g37286
OG0015646	XP_006411070.1	g37284
OG0015647	XP_024003859.1	g37257
OG0015648	XP_024003827.1	g51701
OG0015649	XP_006411008.2	g37248
OG0015650	XP_024013099.1	g20611, g20608, g8340, g21630
OG0015651	XP_006410747.1	g51544
OG0015652	XP_006416888.1	g49948
OG0015653	XP_024008291.1	g49950
OG0015654	XP_006416848.1	g31634
OG0015655	XP_006416833.1	g49966
OG0015656	XP_006416817.1	g31651
OG0015657	XP_006416795.1	g31657
OG0015658	XP_006416755.1	g31679
OG0015659	XP_006416745.1	g31684
OG0015660	XP_006416724.1	g27369
OG0015661	XP_024009083.1	g50003
OG0015662	XP_006416698.1	g31711
OG0015663	XP_024008695.1	g31710
OG0015664	XP_006416704.1	g27371
OG0015665	XP_006416710.1	g49998
OG0015666	XP_006416687.1	g50009
OG0015667	XP_006416669.1	g31726
OG0015668	XP_006416625.1	g31762
OG0015669	XP_006416632.2	g31753
OG0015670	XP_006416637.1	g50032
OG0015671	XP_024008504.1	g31745
OG0015672	XP_006390516.2	g44559
OG0015673	XP_006416578.1	g31799
OG0015674	XP_006416563.1	g50056
OG0015675	XP_006416558.1	g31812
OG0015676	XP_006416547.1	g31815
OG0015677	XP_024008813.1	g27428
OG0015678	XP_006416534.1, XP_006418764.2	g31819
OG0015679	XP_006416519.1	g31836
OG0015680	XP_024009208.1	g50083
OG0015681	XP_024008657.1	g31844
OG0015682	XP_006416505.1	g27433
OG0015683	XP_006416431.1	g50120
OG0015685	XP_006416384.1	g31940
OG0015686	XP_006416375.1	g31945
OG0015687	XP_006416354.1	g31951
OG0015688	XP_006416336.1	g31963
OG0015689	XP_006416289.1	g27490
OG0015690	XP_006416282.1	g50205
OG0015691	XP_024008117.1	g50206
OG0015692	XP_006416270.1	g32007
OG0015693	XP_024008180.1	g32010
OG0015694	XP_006416264.1	g27496
OG0015695	XP_024008097.1	g30926
OG0015696	XP_006416229.1	g32023
OG0015697	XP_006416222.1	g50233
OG0015698	XP_006416195.1	g32038
OG0015699	XP_006416181.2	g32044
OG0015700	XP_024008600.1	g50250
OG0015701	XP_024008267.1	g50254
OG0015702	XP_006416141.1	g27538
OG0015703	XP_006416137.1	g50271
OG0015704	XP_006416132.1	g27542
OG0015706	XP_006416117.1	g32061
OG0015707	XP_006416087.1	g32103, g32108
OG0015708	XP_006416049.1	g32087
OG0015709	XP_006416034.1	g32083
OG0015710	XP_006416026.1	g32079
OG0015711	XP_006417851.1	g49560
OG0015712	XP_006415954.1	g32145
OG0015713	XP_006415943.1	g32149
OG0015714	XP_006415925.1	g32162
OG0015715	XP_006391059.1	g44779
OG0015716	XP_006415906.1	g32173
OG0015717	XP_006391098.1	g45757
OG0015718	XP_006415892.1	g50371
OG0015719	XP_006415879.1	g32195
OG0015720	XP_006415870.1	g32201
OG0015721	XP_006415827.2	g32230
OG0015722	XP_006415803.1	g50399
OG0015723	XP_006415800.1	g27621
OG0015724	XP_006416441.1	g31894
OG0015725	XP_006393685.1	g53933
OG0015726	XP_006393687.1	g28142
OG0015727	XP_006415757.1	g32284
OG0015728	XP_006413461.1	g47493
OG0015729	XP_006413452.1	g47499
OG0015730	XP_006413441.1	g17217
OG0015731	XP_006413423.2	g17207
OG0015732	XP_006413418.1	g23832
OG0015733	XP_006413410.1	g23826
OG0015734	XP_024014201.1	g38329
OG0015735	XP_006413395.2	g17200
OG0015736	XP_006413388.1	g47519
OG0015737	XP_006413383.1	g47524
OG0015738	XP_006413382.1	g23819
OG0015739	XP_006413370.1	g23811
OG0015740	XP_006413349.1	g23801
OG0015741	XP_024005128.1	g23792
OG0015742	XP_006413322.1	g23779
OG0015743	XP_006413313.1	g47544
OG0015744	XP_006413297.1	g47551
OG0015745	XP_006413302.1	g17165
OG0015747	XP_006401900.2	g28353
OG0015748	XP_006417687.1	g49686
OG0015749	XP_006413028.1	g23608
OG0015750	XP_024005087.1	g47642
OG0015751	XP_006405145.2	g36876
OG0015752	XP_006405046.1	g38356
OG0015753	XP_006405055.2	g51032
OG0015754	XP_024014093.1	g38368
OG0015755	XP_006404871.1	g38410
OG0015756	XP_006404852.1	g38425
OG0015757	XP_006404835.1	g38432
OG0015758	XP_006404822.1	g38434
OG0015759	XP_006404816.1	g38438
OG0015760	XP_006413026.1	g47646
OG0015761	XP_006404778.1	g38448
OG0015762	XP_006404750.1	g38458
OG0015763	XP_006404720.1	g38484
OG0015764	XP_006403582.1	g19155
OG0015765	XP_006404701.1	g50897
OG0015767	XP_006404649.1	g38512
OG0015768	XP_006404650.1	g38513
OG0015769	XP_006404627.1	g38521
OG0015770	XP_006404617.1	g50877
OG0015771	XP_006404603.1	g38527
OG0015773	XP_006409311.1	g50848
OG0015774	XP_006404542.1	g50846
OG0015775	XP_024014603.1	g45706
OG0015776	XP_006417002.1	g27275
OG0015777	XP_006417015.1	g31525
OG0015778	XP_006417029.1	g27263
OG0015779	XP_024008377.1	g31517
OG0015780	XP_006417031.1	g31514
OG0015781	XP_006417040.2	g31509
OG0015782	XP_006417064.2	g31491
OG0015783	XP_006417068.1	g27254
OG0015784	XP_006417085.1	g49894
OG0015785	XP_006417081.1	g49898
OG0015786	XP_024008993.1	g31475
OG0015787	XP_006417115.1	g31464
OG0015788	XP_006417143.1	g27213
OG0015789	XP_006417125.2	g31455
OG0015790	XP_006417148.1	g49869
OG0015791	XP_006417170.1	g31419
OG0015792	XP_006417212.2	g31398
OG0015793	XP_006417220.1	g31392
OG0015794	XP_006417230.1	g49822
OG0015795	XP_024008288.1	g31384
OG0015796	XP_006417242.1	g31379
OG0015797	XP_006417254.1	g31372
OG0015798	XP_006417253.1	g49814
OG0015799	XP_006417270.1	g31352
OG0015801	XP_006417329.1	g31327
OG0015802	XP_006417347.1	g27157
OG0015803	XP_006391966.1	g40942
OG0015804	XP_024007720.1	g27154
OG0015805	XP_006417379.1	g27145
OG0015806	XP_006417407.1	g49756
OG0015807	XP_006417412.1	g49752
OG0015808	XP_006417415.2	g31278
OG0015809	XP_024009136.1	g31270
OG0015810	XP_006417453.1	g49731
OG0015811	XP_024009140.1	g31258
OG0015812	XP_006417472.1	g49725
OG0015813	XP_006417485.1	g27107
OG0015814	XP_006417533.2	g49704
OG0015815	XP_006417530.1	g31220
OG0015817	XP_024007843.1	g49708
OG0015818	XP_024009031.1	g27103
OG0015819	XP_006417549.1	g31208
OG0015820	XP_024007838.1	g31181
OG0015821	XP_006417572.1	g27077
OG0015822	XP_006417586.1	g31178
OG0015823	XP_006417590.1	g31173, g27064
OG0015824	XP_006417593.1	g31169
OG0015825	XP_006417602.1	g27061
OG0015826	XP_006417619.1	g49641
OG0015827	XP_006417650.1	g27050
OG0015828	XP_006417669.1	g49665
OG0015829	XP_006417660.1	g27044
OG0015830	XP_024007800.1	g27020
OG0015832	XP_006417770.1	g31079
OG0015833	XP_024006708.1	g40604
OG0015834	XP_006417795.1	g49569
OG0015835	XP_006417815.1	g31057
OG0015836	XP_006417849.2	g31042
OG0015837	XP_006417857.1	g31039
OG0015838	XP_006417862.1	g49558
OG0015839	XP_006417903.1	g31009
OG0015840	XP_006417874.1	g49554
OG0015841	XP_006417877.1	g31027
OG0015842	XP_006417889.1	g26990
OG0015843	XP_006417892.1	g49549
OG0015844	XP_006417906.1	g26979
OG0015845	XP_006417907.1	g26978
OG0015846	XP_006417910.1	g31006
OG0015847	XP_006417918.1	g26976, g31000
OG0015848	XP_006417970.1	g26964
OG0015849	XP_006417982.1	g30958
OG0015850	XP_006395183.1	g10266
OG0015851	XP_006417981.1	g30957
OG0015852	XP_006417984.1	g30955
OG0015853	XP_024009290.1	g30931
OG0015856	XP_006418061.1	g30908
OG0015857	XP_006418067.2	g26952
OG0015858	XP_024009087.1	g30890
OG0015859	XP_006418075.1	g30891
OG0015860	XP_006418076.1	g30892
OG0015861	XP_024007706.1	g49470
OG0015862	XP_006418115.1	g30878
OG0015863	XP_006414447.1	g17619
OG0015864	XP_024008493.1	g30846
OG0015865	XP_006418179.1	g26921
OG0015866	XP_006418180.2	g49439
OG0015867	XP_006418224.1	g30832
OG0015868	XP_006397379.1	g49431
OG0015870	XP_006418238.1	g30824
OG0015871	XP_006418239.1	g49415
OG0015872	XP_006418253.1	g30812
OG0015873	XP_024008121.1	g49400
OG0015874	XP_006418300.1	g26901
OG0015875	XP_006418314.1	g26896
OG0015876	XP_006418321.1	g30778
OG0015877	XP_006418348.1	g49364
OG0015878	XP_006418335.1	g26891
OG0015879	XP_006418356.1	g49359
OG0015880	XP_006418357.1	g26887
OG0015881	XP_006418407.1	g49336
OG0015882	XP_006418420.1	g26874
OG0015883	XP_006418449.1	g30733
OG0015884	XP_024009077.1	g26864
OG0015885	XP_024008726.1	g49298
OG0015886	XP_006418467.1	g30729
OG0015887	XP_006418469.1	g26862
OG0015888	XP_006418472.1	g49296
OG0015889	XP_006418475.1	g26859
OG0015890	XP_006418477.1	g26858
OG0015891	XP_006418483.1	g49290
OG0015892	XP_024008195.1	g30726
OG0015893	XP_006393817.1	g27755
OG0015894	XP_006399892.1	g29331
OG0015895	XP_006399968.1	g29303
OG0015896	XP_006399952.1	g45658
OG0015897	XP_024012509.1	g45654
OG0015898	XP_006399924.1	g45649
OG0015899	XP_006399916.1	g5216
OG0015900	XP_006399979.1	g29298
OG0015901	XP_006399988.2	g29288
OG0015902	XP_006399994.2	g5160
OG0015903	XP_024012282.1	g5103
OG0015904	XP_006400065.1	g5113
OG0015905	XP_006400057.1	g5118
OG0015906	XP_024012477.1	g45690
OG0015907	XP_006400034.1	g29271
OG0015908	XP_006400116.1	g45711
OG0015910	XP_006408409.1	g12682
OG0015911	XP_006400146.1	g5063
OG0015912	XP_006400191.1	g29190
OG0015913	XP_006400201.1	g5031
OG0015914	XP_006400222.1	g29167
OG0015915	XP_006400229.1	g29156
OG0015916	XP_006400234.1	g5013
OG0015917	XP_006400256.1	g4998
OG0015918	XP_006400275.1	g29138
OG0015919	XP_006400273.1	g4992
OG0015920	XP_024012177.1	g29132
OG0015921	XP_006400299.1	g41501
OG0015922	XP_006400305.1	g28993
OG0015923	XP_006400308.1	g28994
OG0015924	XP_006400338.1	g4948
OG0015925	XP_006400340.1	g4947
OG0015926	XP_006400368.1	g41479
OG0015927	XP_006400369.1	g4933
OG0015928	XP_006400384.1	g4922
OG0015929	XP_006400387.1	g4920
OG0015930	XP_006417667.1	g27031
OG0015931	XP_006400418.1	g29067
OG0015932	XP_006400429.1	g29072
OG0015933	XP_024011942.1	g4904
OG0015934	XP_006400440.1	g4902
OG0015935	XP_006400474.1	g29096
OG0015936	XP_024006970.1	g4865
OG0015937	XP_006394903.1	g10115, g4836
OG0015938	XP_006394909.1	g18525
OG0015939	XP_024007177.1	g4825, g18524
OG0015940	XP_006394945.1	g18517
OG0015941	XP_006394956.1	g10142
OG0015942	XP_024007122.1	g4689
OG0015943	XP_024007166.1	g4688
OG0015944	XP_024007208.1	g10161
OG0015945	XP_006395048.1	g4763
OG0015946	XP_006404215.1	g19437
OG0015947	XP_006395051.1	g4673
OG0015948	XP_006406929.1	g7062
OG0015949	XP_006395097.1	g10215
OG0015950	XP_006395139.1	g10236
OG0015951	XP_006395179.1	g10263
OG0015952	XP_006395198.1	g10277
OG0015953	XP_006395187.2	g10271
OG0015954	XP_006400227.1	g29158
OG0015955	XP_006399161.1	g29652
OG0015956	XP_006399166.2	g5582
OG0015957	XP_006399885.1	g5239
OG0015958	XP_006399884.1	g29334
OG0015959	XP_006399155.1	g29657
OG0015960	XP_006399126.1	g29673
OG0015961	XP_006395226.1	g10298
OG0015962	XP_006393716.1	g1258
OG0015963	XP_006395222.1	g10294
OG0015964	XP_024011768.1	g45452
OG0015966	XP_006399081.1	g45446
OG0015967	XP_006399069.1	g45443
OG0015968	XP_006399057.2	g45442
OG0015969	XP_006399055.1	g5616
OG0015970	XP_006399054.2	g45440
OG0015971	XP_006399040.1	g5626
OG0015972	XP_006399038.1	g45432
OG0015974	XP_006399028.2	g5628
OG0015975	XP_006399025.1	g5629
OG0015977	XP_006407010.1	g12148
OG0015978	XP_006398985.1	g45418
OG0015979	XP_006398978.1	g29742
OG0015980	XP_006398970.1	g29748
OG0015981	XP_006398944.1	g5661
OG0015982	XP_006416746.1	g49989
OG0015983	XP_006398918.1	g29784
OG0015984	XP_006398911.1	g45405
OG0015985	XP_006398900.1	g5689
OG0015986	XP_006394853.1	g10095
OG0015987	XP_006394851.1	g625
OG0015988	XP_006394849.1	g18544
OG0015989	XP_006394840.1	g18548, g14919
OG0015990	XP_024006958.1	g589
OG0015991	XP_024007594.1	g10047
OG0015992	XP_006394744.1	g576
OG0015993	XP_006394739.1	g567
OG0015994	XP_006394733.1	g564
OG0015995	XP_006394728.1	g18565
OG0015996	XP_006394689.1	g539
OG0015997	XP_006394693.1	g541
OG0015998	XP_006394705.2	g546
OG0015999	XP_024007117.1	g547
OG0016001	XP_006394667.1	g9995
OG0016002	XP_006394646.1	g9992
OG0016003	XP_006394641.1	g9990
OG0016004	XP_006394637.1	g501
OG0016005	XP_006418576.1	g13535
OG0016006	XP_006394615.2	g9970
OG0016007	XP_024007198.1	g9968
OG0016009	XP_006394572.1	g9952
OG0016010	XP_006394551.1	g9939
OG0016011	XP_006394550.1	g9938
OG0016012	XP_006394549.1	g9937
OG0016013	XP_006394537.1	g435
OG0016014	XP_006394515.1	g9905
OG0016015	XP_006394513.1	g9901
OG0016016	XP_024006742.1	g413
OG0016017	XP_006394481.1	g9888
OG0016018	XP_006394442.1	g384
OG0016019	XP_006394438.1	g9873
OG0016020	XP_006394420.1	g371
OG0016021	XP_006394410.2	g359
OG0016022	XP_006394409.1	g18605
OG0016023	XP_006394377.1	g348
OG0016024	XP_006394367.1	g343
OG0016026	XP_006394339.1	g9837
OG0016027	XP_006394329.2	g324
OG0016028	XP_006394317.1	g9828
OG0016029	XP_006401045.1	g1219
OG0016030	XP_006401061.2	g1205
OG0016031	XP_006401070.1	g1197
OG0016032	XP_024011719.1	g1196
OG0016033	XP_024011723.1	g1188
OG0016034	XP_006401082.1	g1185
OG0016035	XP_024012085.1	g28693
OG0016036	XP_006401116.1	g1156
OG0016037	XP_006403930.1	g19316
OG0016038	XP_006403938.1	g11345
OG0016039	XP_006403959.1	g19334
OG0016040	XP_006404003.1	g2544
OG0016041	XP_006404031.1	g2569
OG0016042	XP_006404033.2	g19361
OG0016043	XP_024013491.1	g2582
OG0016044	XP_006404047.1	g2588
OG0016045	XP_006404056.1	g19366
OG0016046	XP_006404080.1	g19374
OG0016047	XP_006404111.1	g19392
OG0016048	XP_006404122.1	g19393
OG0016049	XP_006404127.1	g2621
OG0016050	XP_006394707.1	g548
OG0016051	XP_024013846.1	g2628
OG0016052	XP_006404181.1	g2646
OG0016053	XP_006404192.1	g2674
OG0016054	XP_024013408.1	g2675
OG0016055	XP_006415538.1	g32418
OG0016056	XP_006404259.1	g2711
OG0016057	XP_006404262.1	g2717
OG0016058	XP_006404268.1	g2718
OG0016059	XP_006404276.1	g11390
OG0016060	XP_006404283.1	g19469
OG0016061	XP_006404286.1	g19480
OG0016062	XP_006394328.1	g18623
OG0016063	XP_006404292.1	g11393
OG0016064	XP_006404295.1	g2767
OG0016065	XP_006404307.1	g19497
OG0016066	XP_006404315.1	g19493
OG0016067	XP_006404324.1	g2751
OG0016068	XP_006404339.1	g19500
OG0016069	XP_006404351.2	g19503
OG0016070	XP_006404358.1	g19508
OG0016071	XP_006404359.1	g2732
OG0016072	XP_006404374.1	g2772
OG0016073	XP_024013721.1	g2776
OG0016074	XP_006404379.1	g19515
OG0016075	XP_006404380.1	g2780
OG0016076	XP_006404388.1	g2785
OG0016077	XP_006404426.1	g2811
OG0016078	XP_006404445.2	g2818
OG0016079	XP_006418858.1	g11420
OG0016080	XP_006418884.1	g2871
OG0016081	XP_006419012.1	g2941
OG0016082	XP_006419041.1	g2987
OG0016083	XP_006419049.1	g2992
OG0016084	XP_006404463.1	g3208, g19607
OG0016085	XP_006419140.2	g36968
OG0016086	XP_006419134.1	g11508
OG0016087	XP_006419132.1	g19619
OG0016088	XP_006400215.1	g5023
OG0016089	XP_006406769.1	g11518
OG0016090	XP_006419138.1	g11523
OG0016091	XP_006418322.1	g49382
OG0016092	XP_006391174.1	g41574
OG0016093	XP_024007952.1	g44900
OG0016094	XP_006391186.1	g41577
OG0016095	XP_006391167.1	g44852
OG0016096	XP_006391205.1	g44875
OG0016097	XP_024006319.1	g44824
OG0016098	XP_006391092.1	g44797
OG0016099	XP_006407325.1	g7305
OG0016100	XP_006391105.1	g44814
OG0016101	XP_006391085.1	g44788
OG0016102	XP_006391071.1	g45766
OG0016103	XP_006391070.2	g45767
OG0016104	XP_024015335.1	g45770
OG0016105	XP_006391063.1	g45771
OG0016106	XP_006391045.2	g44775
OG0016107	XP_006391028.1	g45792
OG0016109	XP_006391008.1	g44758, g45802
OG0016110	XP_006391006.1	g44757
OG0016111	XP_006390993.1	g44750
OG0016112	XP_024010909.1	g44717
OG0016113	XP_006390936.1	g18014
OG0016114	XP_006390929.1	g45828
OG0016115	XP_006390922.1	g45830
OG0016116	XP_006390913.1	g45835
OG0016117	XP_006394855.1	g18542
OG0016118	XP_024008952.1	g18010
OG0016119	XP_024012574.1	g45872
OG0016120	XP_006390835.2	g45882
OG0016121	XP_006390825.1	g45883
OG0016122	XP_006390804.1	g45904
OG0016123	XP_006390801.1	g45906
OG0016124	XP_006390790.1	g45913
OG0016125	XP_006390788.1	g45914
OG0016126	XP_006390783.1	g45918
OG0016127	XP_006390772.1	g45926
OG0016128	XP_006390764.1	g44650
OG0016130	XP_024012600.1	g45933
OG0016131	XP_006390753.1	g44644
OG0016132	XP_006390749.1	g45940
OG0016133	XP_006390747.1	g45942
OG0016134	XP_006390743.1	g44635
OG0016135	XP_024007505.1	g45946
OG0016136	XP_006390707.1	g44619
OG0016138	XP_006390033.1	g46404
OG0016139	XP_024011036.1	g46402
OG0016140	XP_024007105.1	g46396
OG0016141	XP_006390068.1	g46379
OG0016143	XP_006390089.1	g44362
OG0016146	XP_006390143.1	g44378
OG0016147	XP_006390156.1	g46316
OG0016148	XP_024012740.1	g46304
OG0016149	XP_006390170.1	g46301
OG0016150	XP_006390179.1	g44394
OG0016151	XP_006395112.1	g45136
OG0016152	XP_006390190.1, XP_006390191.1	g46277
OG0016153	XP_006390194.1	g46275
OG0016154	XP_006390202.1	g46269
OG0016155	XP_006390203.1	g46268
OG0016156	XP_006390219.1	g46260
OG0016158	XP_006390230.1	g46252, g44410
OG0016159	XP_006390237.1	g46249
OG0016160	XP_006390260.1	g44420
OG0016161	XP_006390285.1	g46223
OG0016162	XP_006390287.1	g46221
OG0016163	XP_006390292.1	g46216
OG0016164	XP_006393637.1	g53964
OG0016165	XP_006390301.1	g46204
OG0016166	XP_006390303.1	g44456
OG0016167	XP_006390308.1	g44464
OG0016168	XP_006390327.1	g44471
OG0016169	XP_006390353.1	g44481
OG0016170	XP_024011019.1	g46178
OG0016171	XP_006390370.1	g44495
OG0016172	XP_006390378.1	g46171
OG0016173	XP_006390390.1	g46168
OG0016174	XP_006390401.1	g44512
OG0016175	XP_024012355.1	g44513
OG0016176	XP_006390406.1	g17981
OG0016177	XP_006390410.1	g46149
OG0016178	XP_006404917.1, XP_006390413.1	g46146
OG0016179	XP_006390438.1	g44536
OG0016180	XP_006390439.1	g46135
OG0016181	XP_006390445.1	g44539
OG0016182	XP_006390476.1	g46115
OG0016183	XP_006390487.1	g44553
OG0016185	XP_006390529.1	g46082
OG0016186	XP_006390563.2	g44571
OG0016187	XP_006390567.1	g46061
OG0016188	XP_006390570.1	g46060
OG0016189	XP_006390586.1	g46045
OG0016190	XP_006390590.1	g46034
OG0016191	XP_024010545.1	g46031
OG0016192	XP_006390595.1	g46030
OG0016193	XP_006390598.1	g46028
OG0016194	XP_006390605.1	g44584
OG0016195	XP_006390634.1	g46010
OG0016196	XP_006390648.1	g46003
OG0016197	XP_006390650.1	g46001
OG0016198	XP_006390652.1	g45999
OG0016199	XP_024006464.1	g46477
OG0016201	XP_006389941.2	g46488
OG0016202	XP_006389939.2	g46491
OG0016203	XP_006389935.1	g44347
OG0016204	XP_006389905.1	g46512
OG0016205	XP_006389876.2	g44316
OG0016206	XP_024011214.1	g13601
OG0016207	XP_006389842.1	g46544
OG0016209	XP_006389764.1	g46594
OG0016210	XP_006389752.1	g44272
OG0016211	XP_006389750.1	g46596
OG0016212	XP_006389744.1	g46601
OG0016213	XP_006389712.2	g46608
OG0016214	XP_006389737.1	g44265
OG0016215	XP_006389727.2	g44267
OG0016216	XP_006389725.2	g44268
OG0016217	XP_006389724.1	g45244
OG0016218	XP_006407291.1	g7282
OG0016219	XP_006407279.1	g12256
OG0016220	XP_006407261.1	g13153, g7258
OG0016221	XP_006407257.1	g12249
OG0016222	XP_024015476.1	g7231
OG0016223	XP_006407183.1	g7222
OG0016224	XP_006407182.1	g7221
OG0016225	XP_006407170.1	g12216
OG0016226	XP_024015399.1	g13206
OG0016227	XP_024015705.1	g7184
OG0016228	XP_006407047.1	g13223
OG0016229	XP_024015639.1	g7139
OG0016230	XP_006407018.1	g12152
OG0016231	XP_006406969.1	g7082
OG0016233	XP_006406930.2	g12111
OG0016234	XP_006406904.1	g7050
OG0016235	XP_006406901.1	g7049
OG0016236	XP_006406865.1	g7037
OG0016237	XP_006406854.1	g12093
OG0016238	XP_006406853.1	g12092
OG0016239	XP_006406852.1	g7024
OG0016240	XP_006406848.1	g7019
OG0016242	XP_006406826.1	g12081
OG0016243	XP_006406809.1	g6995
OG0016244	XP_006406793.1	g12063
OG0016245	XP_006406792.1	g6986
OG0016246	XP_006406788.1	g12062
OG0016247	XP_006406780.1	g6982
OG0016248	XP_006406777.1	g12060
OG0016250	XP_024015797.1	g6948
OG0016251	XP_006406728.1	g13286
OG0016252	XP_006406724.1	g12044
OG0016253	XP_006406714.1	g6934
OG0016255	XP_006406673.1	g12028
OG0016256	XP_006406664.1	g12023
OG0016257	XP_006406659.1	g6907
OG0016258	XP_006406650.1	g6902
OG0016259	XP_006406614.1	g6881
OG0016260	XP_024015165.1	g6869
OG0016261	XP_024015019.1	g11996
OG0016262	XP_006406558.1	g6852
OG0016263	XP_024015467.1	g6848
OG0016264	XP_024015606.1	g6830
OG0016265	XP_006406527.1	g6821
OG0016267	XP_006406477.1	g6784
OG0016268	XP_006406469.1	g6778
OG0016269	XP_006406457.1	g11951
OG0016270	XP_006406456.1	g11950
OG0016271	XP_006406444.1	g11945
OG0016272	XP_024015478.1	g11914
OG0016273	XP_024004905.1	g44208
OG0016274	XP_006406359.1	g13369
OG0016275	XP_006406356.1	g6710
OG0016276	XP_006406349.1	g11896
OG0016277	XP_006418701.1	g11700
OG0016278	XP_024015585.1	g6662
OG0016279	XP_006406270.1	g13389
OG0016280	XP_024014981.1	g11868
OG0016282	XP_006406199.1	g11834
OG0016283	XP_006406163.2	g6583
OG0016284	XP_006406073.1	g6548
OG0016285	XP_006406062.1	g6542
OG0016286	XP_006406027.1	g13468
OG0016287	XP_006418817.2	g13480
OG0016288	XP_006418796.1	g6470
OG0016289	XP_024009546.1	g11731
OG0016290	XP_024009539.1	g11729
OG0016291	XP_006418741.2	g6452
OG0016292	XP_006418721.1	g11707
OG0016293	XP_006418716.1	g11706
OG0016294	XP_006405223.1	g51051
OG0016295	XP_006418674.1	g6434
OG0016296	XP_006418679.1	g11685
OG0016297	XP_006418656.1	g6420
OG0016298	XP_006418611.1	g6382
OG0016299	XP_006418630.2	g6396
OG0016300	XP_006418545.1	g11648
OG0016301	XP_006418561.1	g13549
OG0016302	XP_006414149.1	g17495
OG0016303	XP_006401805.1	g885
OG0016304	XP_006409681.1	g6226
OG0016305	XP_006396101.1	g13595
OG0016306	XP_024009597.1	g11620
OG0016307	XP_006409684.1	g14690
OG0016308	XP_006409703.1	g13663
OG0016309	XP_024016608.1	g6218
OG0016310	XP_006409673.1	g13671
OG0016311	XP_006409672.1	g14487
OG0016312	XP_024016501.1	g14464
OG0016313	XP_006409669.2	g13674
OG0016314	XP_006409668.1	g13675
OG0016315	XP_006409661.1	g6201
OG0016316	XP_006409660.1	g14425
OG0016317	XP_006409653.1	g13680
OG0016318	XP_006409649.1	g6197
OG0016319	XP_006403101.1	g46927
OG0016320	XP_006409602.1	g6181
OG0016321	XP_006409584.1	g6172
OG0016322	XP_006409571.1	g6164
OG0016323	XP_006409563.1	g13688
OG0016324	XP_006409562.1	g6163
OG0016326	XP_006409434.1	g14197
OG0016327	XP_006409411.1	g14087
OG0016328	XP_006409387.1	g14074
OG0016329	XP_006409384.1	g13714
OG0016330	XP_024016188.1	g14046
OG0016331	XP_006409335.1	g6109
OG0016332	XP_006409268.1	g13746
OG0016333	XP_006409216.1	g13988
OG0016334	XP_006409215.1	g6033
OG0016335	XP_006409198.1	g13982
OG0016336	XP_024016566.1	g13952
OG0016337	XP_006409161.1	g6009
OG0016339	XP_006409172.1	g6017
OG0016340	XP_006409179.1	g13974
OG0016341	XP_006409110.1	g5988
OG0016342	XP_006409083.1	g13924
OG0016343	XP_006409066.1	g13915
OG0016344	XP_006409062.1	g5964
OG0016345	XP_006408888.1	g13900
OG0016346	XP_006408904.1	g5944
OG0016347	XP_006408906.1	g13875
OG0016348	XP_006408915.1	g5938
OG0016349	XP_006408925.1	g5933
OG0016350	XP_006408926.1	g13864
OG0016351	XP_006408941.1	g5919
OG0016353	XP_006409010.1	g5890
OG0016354	XP_006409025.1	g13837
OG0016355	XP_006392587.1	g54368
OG0016356	XP_006392590.1	g54367
OG0016357	XP_024006096.1	g54364
OG0016358	XP_006392606.1	g54307
OG0016359	XP_006392619.1	g54316
OG0016360	XP_006392626.1	g36720
OG0016361	XP_006392650.1	g54324
OG0016362	XP_024006126.1	g36699
OG0016363	XP_006392688.1	g36694
OG0016364	XP_024015105.1	g12215
OG0016365	XP_006392721.1	g54351
OG0016366	XP_006407119.1	g12198
OG0016368	XP_024006109.1	g28001
OG0016369	XP_006392806.1	g36617
OG0016370	XP_006392822.1	g36606
OG0016371	XP_006392843.2	g54281
OG0016372	XP_006392869.2	g36584
OG0016373	XP_006392871.1	g36583
OG0016374	XP_024005983.1	g54273
OG0016375	XP_006392896.1	g54267
OG0016376	XP_006392902.1	g36578
OG0016377	XP_006392911.1	g54264
OG0016379	XP_006392935.1	g36561
OG0016380	XP_006404736.1	g36558
OG0016381	XP_006392949.1	g36557
OG0016382	XP_006392951.1	g54252
OG0016383	XP_006393095.1	g54197
OG0016384	XP_006393080.1	g28046
OG0016385	XP_006393079.1	g36486
OG0016386	XP_024006139.1	g28041
OG0016387	XP_006393060.1	g36495
OG0016388	XP_006393052.1	g3855, g36503
OG0016389	XP_006393051.1	g36504
OG0016390	XP_006393126.1	g36456
OG0016391	XP_024006031.1	g54208
OG0016392	XP_006393138.1	g54178
OG0016393	XP_006393179.1	g54162
OG0016394	XP_024006252.1	g36420
OG0016395	XP_006393196.2	g36417
OG0016396	XP_006393199.1	g36416
OG0016397	XP_024006214.1	g28066
OG0016398	XP_006393251.2	g54135
OG0016400	XP_006393255.1	g54133
OG0016401	XP_006393256.1	g36396
OG0016403	XP_006393280.1, XP_006393273.2	g28082
OG0016404	XP_024006193.1	g36329
OG0016406	XP_006393420.1	g54075
OG0016407	XP_024005950.1	g54070
OG0016408	XP_006393470.1	g54051
OG0016409	XP_006393476.1	g54044
OG0016410	XP_006393479.1	g54042
OG0016411	XP_024006496.1	g54038
OG0016412	XP_006393502.1	g36276
OG0016413	XP_006414370.2	g47149
OG0016414	XP_006414383.1	g24390
OG0016415	XP_006414396.1	g24401, g17608
OG0016416	XP_006414448.1	g17621
OG0016418	XP_006414451.1	g24423
OG0016419	XP_024003697.1	g51469
OG0016420	XP_006415457.1	g32473
OG0016421	XP_006410591.1	g51448
OG0016422	XP_006403868.1	g11340
OG0016423	XP_024013756.1	g2436
OG0016424	XP_006403827.1	g19276
OG0016425	XP_006403818.1	g2415
OG0016426	XP_006403797.1	g11328
OG0016427	XP_006403785.1	g19230
OG0016428	XP_006403784.1	g19229
OG0016429	XP_024013521.1	g19227
OG0016430	XP_024013439.1	g2384
OG0016431	XP_006407829.1	g7609
OG0016432	XP_006416668.1	g31728
OG0016433	XP_006403697.1	g19200
OG0016434	XP_006403637.1	g2323
OG0016436	XP_024013419.1	g2454
OG0016437	XP_006403871.2	g2444
OG0016438	XP_006403881.1	g19292
OG0016439	XP_006403886.1	g11342
OG0016440	XP_006403896.1	g11344
OG0016441	XP_006416081.1	g50296
OG0016442	XP_006403899.1	g19297
OG0016443	XP_024013512.1	g2465, g19296
OG0016444	XP_024013429.1	g2285
OG0016445	XP_006403552.1	g19147
OG0016446	XP_006403529.1	g2264
OG0016447	XP_006403525.1	g2243
OG0016448	XP_006403521.1	g2245
OG0016449	XP_006403471.1	g2218
OG0016450	XP_006403467.1	g2215, g19099
OG0016451	XP_006403464.1	g2211
OG0016452	XP_006403032.1	g2172
OG0016453	XP_006403020.1	g2168
OG0016454	XP_024013004.1	g2162
OG0016455	XP_006403004.1	g2159
OG0016456	XP_006402989.1	g2146
OG0016457	XP_006402963.1	g2135
OG0016459	XP_024012810.1	g19006
OG0016460	XP_024013001.1	g11256
OG0016461	XP_006402902.1	g2082
OG0016462	XP_006402867.1	g2113
OG0016463	XP_024012799.1	g2117
OG0016464	XP_006402860.1	g2120
OG0016465	XP_024012964.1	g24775
OG0016466	XP_006402838.1	g18976
OG0016467	XP_024013031.1	g2130
OG0016468	XP_006402816.1	g2049
OG0016469	XP_006403557.1	g2278
OG0016470	XP_024012846.1	g11210
OG0016471	XP_006402785.1	g1979
OG0016472	XP_006402778.1	g18948
OG0016473	XP_006402745.2	g1999
OG0016474	XP_006414489.1	g2019
OG0016475	XP_006402680.1	g18885
OG0016476	XP_024012857.1	g1966
OG0016477	XP_006418528.1	g6359
OG0016478	XP_006402638.1	g18876
OG0016479	XP_006402631.1	g1947
OG0016480	XP_006402616.1	g18843
OG0016481	XP_006402591.1	g18832
OG0016482	XP_006402575.1	g18817, g1907
OG0016483	XP_006402535.1	g1886
OG0016484	XP_024012888.1	g18687
OG0016485	XP_006402485.2	g1862
OG0016486	XP_006402475.1	g1857
OG0016487	XP_006402471.2	g11166
OG0016488	XP_006402460.2	g1833
OG0016489	XP_006402442.1	g11162
OG0016490	XP_006402434.1	g1808
OG0016492	XP_024012798.1	g1767
OG0016493	XP_024012784.1	g18684
OG0016494	XP_006402381.1	g18685
OG0016495	XP_006402338.1	g18731
OG0016496	XP_006402342.2	g1746
OG0016498	XP_006402309.1	g11147
OG0016499	XP_006402307.2	g18764
OG0016500	XP_024009123.1	g18779
OG0016501	XP_006402290.1	g18781
OG0016502	XP_006402288.1	g18782
OG0016503	XP_006402289.1	g18783
OG0016505	XP_006402275.1	g18701
OG0016506	XP_006402270.1	g18705
OG0016507	XP_006402267.1	g18707
OG0016508	XP_024012795.1	g18709
OG0016509	XP_024012771.1	g18710
OG0016510	XP_024006144.1	g27976
OG0016511	XP_006392915.1	g36571
OG0016513	XP_006414437.1	g24414
OG0016515	XP_006414941.1	g24722
OG0016517	XP_006403734.1	g2385
OG0016518	XP_006403651.1	g2330
OG0016519	XP_006402842.1	g11239
OG0016520	XP_024012927.1	g2050, g11223
OG0016521	XP_024007403.1	g10292
OG0016522	XP_006402665.1	g1967
OG0016523	XP_024014178.1	g38446
OG0016524	XP_006402595.1	g1924
OG0016525	XP_006402516.1	g1876
OG0016527	XP_006414364.1	g24371, g24362
OG0016528	XP_024011121.1	g16720
OG0016529	XP_006398377.1	g10917
OG0016530	XP_006398477.1	g10839, g40724
OG0016531	XP_024010951.1	g40515
OG0016532	XP_006395728.1	g16687
OG0016533	XP_006410657.1	g51492
OG0016535	XP_006411030.1	g37262
OG0016536	XP_006397485.1	g38206
OG0016539	XP_006390091.1	g44363
OG0016540	XP_006395936.1	g25140
OG0016541	XP_006413066.2	g23629
OG0016542	XP_006412426.1	g16914
OG0016543	XP_006402145.2, XP_006392081.2	g1412
OG0016545	XP_024005356.1	g18378
OG0016546	XP_006418384.1	g49347
OG0016548	XP_024008674.1	g49519
OG0016549	XP_006417819.1	g31054
OG0016550	XP_006417636.1	g31143, g49653
OG0016552	XP_024008302.1	g49728
OG0016553	XP_006417377.1	g31304
OG0016555	XP_006417280.1	g49797
OG0016556	XP_024008070.1	g49882
OG0016559	XP_006416695.1	g31712
OG0016560	XP_006416663.1	g31733
OG0016561	XP_006416463.1	g31880
OG0016562	XP_006416381.1	g27464, g50143
OG0016564	XP_006391135.1	g41543
OG0016565	XP_024012358.1	g44878
OG0016566	XP_006391986.1	g44181
OG0016567	XP_024011170.1	g17600, g28583, g31937, g31932
OG0016567	XP_006401259.1	g28594
OG0016568	XP_006417024.2	g36999
OG0016569	XP_006418840.2	g6506
OG0016570	XP_006406997.1	g7106
OG0016571	XP_024015701.1	g13121
OG0016575	XP_006407974.1	g12503
OG0016577	XP_006398652.1	g5809
OG0016578	XP_006398871.1	g5701
OG0016580	XP_006399124.1	g5593
OG0016581	XP_024012242.1	g29664
OG0016582	XP_006399199.2	g29642
OG0016584	XP_006396048.1	g27861
OG0016585	XP_006415083.1	g50708
OG0016586	XP_006415131.1	g27795
OG0016587	XP_006413545.1	g47460
OG0016588	XP_024004567.1	g17316
OG0016589	XP_006393699.1	g53931
OG0016591	XP_006414266.1	g24290
OG0016592	XP_006415713.2	g32306
OG0016594	XP_024004218.1	g39826
OG0016595	XP_006410194.1	g51230
OG0016596	XP_024004240.1	g51219
OG0016597	XP_006409757.1	g40097
OG0016598	XP_024012102.1	g5529
OG0016599	XP_006399434.1	g5454
OG0016600	XP_006399501.1	g29519
OG0016601	XP_006399617.1	g29455
OG0016602	XP_006399775.1	g29390
OG0016603	XP_006399854.1	g5260
OG0016605	XP_024007661.1	g10124
OG0016606	XP_006395153.2	g10244
OG0016607	XP_006395162.1	g10246
OG0016609	XP_024013754.1	g19455, g19443
OG0016610	XP_006415996.1	g32124
OG0016611	XP_006401118.2	g28690
OG0016612	XP_006400956.1	g28741
OG0016613	XP_006394727.2	g560
OG0016616	XP_024008420.1	g32206
OG0016617	XP_006415751.1	g50416
OG0016618	XP_006395627.1	g38327
OG0016620	XP_024006251.1	g54191
OG0016621	XP_006406213.1	g11845
OG0016625	XP_006409245.1	g14000
OG0016626	XP_006404738.2	g43565
OG0016627	XP_006404987.1	g38370, g38378, g38374
OG0016630	XP_006404352.1	g2735
OG0016631	XP_006404081.1	g19375
OG0016632	XP_006404067.1	g19368
OG0016636	XP_024009898.1	g25367
OG0016638	XP_006413581.1	g23915
OG0016639	XP_024011177.1	g12313, g12314
OG0016640	XP_024006806.1, XP_024006807.1	g378
OG0016641	XP_006418043.1	g49489
OG0016657	XP_006412982.1	g23569
OG0016660	XP_006412953.1	g17042
OG0016661	XP_006412947.1	g23549
OG0016662	XP_006412910.1	g23527
OG0016663	XP_006412877.1	g23506
OG0016664	XP_024005256.1	g23487
OG0016665	XP_006412806.1	g47711
OG0016666	XP_006412772.1	g16993
OG0016667	XP_024005578.1	g23438
OG0016668	XP_006412758.1	g23433
OG0016669	XP_006412607.1	g16957
OG0016670	XP_006412602.1	g23333
OG0016671	XP_006412546.1	g23299
OG0016672	XP_006412472.2	g16920
OG0016673	XP_006412432.1	g23243
OG0016677	XP_024004674.1	g18163
OG0016680	XP_006407041.1	g7142
OG0016681	XP_006412188.1	g23057
OG0016682	XP_024008385.1	g50579
OG0016683	XP_006415333.1	g32526
OG0016684	XP_006415324.1	g50598
OG0016685	XP_006415323.1	g27737
OG0016687	XP_006415211.1	g32609
OG0016688	XP_006395974.1	g17925
OG0016689	XP_024015749.1	g43870
OG0016690	XP_006392486.1	g43899
OG0016691	XP_024005308.1	g43954, g43920
OG0016692	XP_006392435.1	g41119
OG0016693	XP_006392413.1	g41106
OG0016694	XP_024005126.1	g1714
OG0016697	XP_006392278.1	g41052
OG0016698	XP_006392190.1	g41430, g41033
OG0016699	XP_024004010.1	g44125
OG0016700	XP_024004005.1	g44126
OG0016701	XP_024004274.1	g41023
OG0016702	XP_006392114.1	g41006
OG0016704	XP_006391929.1	g44207
OG0016706	XP_006395840.2	g10745
OG0016707	XP_006395823.2	g10738
OG0016708	XP_006395776.1	g10708
OG0016709	XP_006395733.1	g16693
OG0016710	XP_006395732.1	g1531
OG0016712	XP_006395649.1	g10629
OG0016714	XP_006395599.1	g10590
OG0016715	XP_006395551.1	g10569
OG0016716	XP_006395534.1	g10554
OG0016717	XP_024006794.1	g10464
OG0016718	XP_006395389.1	g10451
OG0016720	XP_006395362.1	g10413
OG0016721	XP_006395287.1	g10358
OG0016722	XP_006418816.1	g6489
OG0016723	XP_024007554.1	g10352
OG0016724	XP_006395247.1	g10314
OG0016725	XP_006391473.1	g41799
OG0016726	XP_006391461.1	g44940
OG0016727	XP_006391435.1	g44971
OG0016728	XP_006391401.2	g44978
OG0016729	XP_006391377.1	g45003
OG0016730	XP_006391327.1	g45043
OG0016731	XP_024007650.1	g45069
OG0016734	XP_006397402.1	g18064
OG0016736	XP_006397384.1	g18067
OG0016737	XP_024005471.1	g41101
OG0016738	XP_006392537.1	g43628
OG0016739	XP_006391592.1	g40734
OG0016741	XP_006391618.1	g40766
OG0016742	XP_006391812.1	g40874
OG0016743	XP_006391824.1	g40883
OG0016744	XP_006391898.1	g40918
OG0016745	XP_024016105.1	g44215
OG0016746	XP_006391902.1	g40921
OG0016747	XP_006407324.2	g7304
OG0016748	XP_006413272.1	g23736
OG0016749	XP_006413233.1	g23720
OG0016750	XP_006413223.1	g23719
OG0016752	XP_006411338.1	g38145
OG0016754	XP_006407666.1	g7485
OG0016756	XP_006407639.2	g7469
OG0016758	XP_006398780.1	g5740
OG0016759	XP_006407614.1	g12386
OG0016760	XP_006407575.1	g13085
OG0016761	XP_006407527.1	g13105
OG0016763	XP_006397508.2	g45524
OG0016764	XP_006407445.1	g13119
OG0016765	XP_006409688.1	g6243
OG0016766	XP_006394229.2	g264
OG0016767	XP_006397349.1	g25982
OG0016768	XP_006402189.2	g26786
OG0016769	XP_006402186.2	g26789
OG0016770	XP_024011841.1	g28258
OG0016771	XP_024011551.1	g28274
OG0016772	XP_006402038.1	g1349
OG0016773	XP_024012397.1	g28305
OG0016774	XP_006401917.1	g1325
OG0016775	XP_006401916.1	g1323
OG0016776	XP_006401906.1	g28352
OG0016777	XP_024011956.1	g1315
OG0016778	XP_006401857.1	g869
OG0016779	XP_006401848.1	g28363
OG0016780	XP_024012703.1	g28387
OG0016781	XP_006401781.2	g28389
OG0016782	XP_006401747.1	g902
OG0016783	XP_006401698.1	g923
OG0016784	XP_006401480.1	g39379
OG0016785	XP_006401410.2	g1034
OG0016786	XP_006401350.1	g1063
OG0016787	XP_006401303.1	g39343
OG0016788	XP_006401278.1	g1085
OG0016789	XP_006401245.1	g28604
OG0016790	XP_006401207.2	g39306
OG0016791	XP_024012662.1	g1110
OG0016792	XP_006401147.2	g39286
OG0016793	XP_006399753.1	g5311
OG0016794	XP_006399664.1	g29436
OG0016795	XP_006399651.1	g29446
OG0016796	XP_006399632.1	g5378
OG0016797	XP_006399615.1	g29456
OG0016798	XP_006399595.1	g45557
OG0016799	XP_024011287.1	g5395
OG0016800	XP_024011825.1	g45550
OG0016801	XP_024012651.1	g29485
OG0016802	XP_006399544.1	g29496
OG0016803	XP_006399524.1	g5420
OG0016805	XP_006399497.1	g29522
OG0016806	XP_006399481.1	g5436
OG0016808	XP_024012209.1	g5466
OG0016809	XP_006399395.1	g45509
OG0016810	XP_006399390.2	g45507
OG0016811	XP_006399389.1	g29570
OG0016812	XP_006399320.1	g29590
OG0016815	XP_006399285.1	g29603
OG0016816	XP_006399222.1	g5548
OG0016817	XP_006414145.2	g24212
OG0016818	XP_024004759.1	g17490
OG0016819	XP_006414123.1	g17481
OG0016820	XP_024004753.1	g17467
OG0016821	XP_006414022.1	g17448
OG0016823	XP_024004700.1	g24130
OG0016824	XP_006413945.1	g24118
OG0016825	XP_006413897.2	g47334
OG0016826	XP_024005664.1	g17386
OG0016828	XP_006413867.1	g24056
OG0016829	XP_006413828.1	g47360
OG0016830	XP_006413803.1	g24030
OG0016831	XP_006413773.2	g17335
OG0016832	XP_006413744.1	g47395
OG0016835	XP_006415081.1	g27802
OG0016836	XP_024007707.1	g32734
OG0016837	XP_006415018.1	g32743
OG0016838	XP_006397419.1	g27866
OG0016839	XP_006397423.1	g32852
OG0016840	XP_024010610.1	g53615
OG0016841	XP_006405263.1	g27963
OG0016842	XP_006393702.1	g35967, g53929
OG0016843	XP_006395995.1	g28218
OG0016844	XP_006395999.1	g28235
OG0016845	XP_006401145.1	g28671
OG0016846	XP_006393565.2	g36248
OG0016847	XP_006393581.1	g54002
OG0016848	XP_024006240.1	g28121
OG0016849	XP_006393594.1	g28122
OG0016850	XP_006415742.1	g50423
OG0016851	XP_006415743.1	g50422
OG0016852	XP_006393672.1	g36182
OG0016853	XP_006415717.1	g32304
OG0016854	XP_006415739.1	g50429
OG0016855	XP_024008696.1	g27654
OG0016856	XP_006415670.1	g27655
OG0016857	XP_006415651.2	g27657
OG0016858	XP_006415623.1	g50493
OG0016859	XP_006415564.1	g50513
OG0016861	XP_006392329.1	g51048
OG0016862	XP_006405155.1	g51049
OG0016863	XP_006415547.1	g32415
OG0016864	XP_006415543.2	g50518
OG0016866	XP_006415462.1	g50543
OG0016867	XP_006415447.1	g32476
OG0016868	XP_006415430.1	g50557
OG0016869	XP_006412089.1	g22988
OG0016870	XP_006412061.1	g22973
OG0016871	XP_006412052.1	g22967
OG0016873	XP_006411963.1	g22901
OG0016874	XP_006411944.1	g27074
OG0016875	XP_006411920.2	g22867
OG0016876	XP_006404728.1	g38478
OG0016877	XP_006411827.1	g22793
OG0016878	XP_006411804.1	g22769
OG0016880	XP_006411764.1	g22728
OG0016881	XP_006411755.1	g22717
OG0016883	XP_006411719.1	g22692
OG0016884	XP_006411696.1	g18317, g22675
OG0016886	XP_006410704.2, XP_006411660.1	g18336
OG0016888	XP_006411641.1	g18355
OG0016889	XP_024004493.1	g18372
OG0016890	XP_024005357.1	g18379
OG0016892	XP_006403052.1	g17895
OG0016893	XP_024007167.1	g46855
OG0016895	XP_006405848.2	g46786
OG0016896	XP_006405842.1	g46784
OG0016897	XP_006405638.1	g16896
OG0016898	XP_006405637.1	g16895
OG0016899	XP_006405631.1	g16894
OG0016901	XP_006405586.1	g16875
OG0016903	XP_006417488.1	g31239
OG0016904	XP_006408530.2	g7937
OG0016905	XP_024009647.1	g19580
OG0016906	XP_006415290.1	g32541
OG0016907	XP_006397331.1	g40203
OG0016908	XP_006397309.1	g40212
OG0016909	XP_006404408.1	g2798
OG0016911	XP_006410519.1	g51390
OG0016912	XP_006410507.1	g37067
OG0016913	XP_006403267.1	g37064
OG0016915	XP_006403344.1	g37038
OG0016916	XP_006405268.1	g36980
OG0016918	XP_006397126.1	g25842
OG0016919	XP_006397111.1	g25840
OG0016921	XP_006396904.2	g40372
OG0016923	XP_024010161.1	g40419
OG0016924	XP_006396721.1	g40425
OG0016926	XP_006396624.2	g40465, g25543
OG0016927	XP_006396605.1	g40470
OG0016928	XP_006417702.1	g49692
OG0016929	XP_006398065.1	g11051
OG0016931	XP_006407092.2	g12184
OG0016932	XP_006403062.1	g46903
OG0016934	XP_024011039.1	g40716
OG0016935	XP_006398421.1	g10885
OG0016936	XP_006398481.1	g40727
OG0016937	XP_006395968.1	g46876
OG0016938	XP_024011027.1	g40705
OG0016939	XP_006403096.1	g25241
OG0016940	XP_006403072.1	g46901, g25283
OG0016941	XP_024009676.1	g6367
OG0016942	XP_006418585.1	g13532
OG0016943	XP_006403089.1	g46879
OG0016945	XP_006395947.1	g46866
OG0016946	XP_006403056.1	g25296
OG0016948	XP_006414966.1	g24785
OG0016949	XP_024004673.1	g47003
OG0016950	XP_006414864.1	g24609
OG0016952	XP_024005242.1	g24564
OG0016953	XP_006414633.1	g24497
OG0016954	XP_006414631.1	g24496
OG0016955	XP_006414626.1	g24494
OG0016957	XP_006414563.1	g17685
OG0016958	XP_006414508.1	g24455
OG0016959	XP_006405584.1	g46687
OG0016960	XP_024014783.1	g46685
OG0016961	XP_006393793.1	g11
OG0016962	XP_006405490.1	g46671
OG0016963	XP_006405449.1	g16831
OG0016966	XP_006405324.1	g46636
OG0016967	XP_006405311.1	g16773
OG0016971	XP_024010813.1	g31127
OG0016972	XP_006398000.1	g37776
OG0016973	XP_006394774.1	g10050
OG0016975	XP_006397936.1	g37728
OG0016976	XP_006397883.1	g37701
OG0016977	XP_006397876.1	g37699
OG0016978	XP_024010866.1	g38250
OG0016980	XP_006397730.1	g52252
OG0016981	XP_006397680.2	g52244
OG0016984	XP_006397572.1	g37526
OG0016985	XP_006397563.1	g52142
OG0016986	XP_006402689.1	g18894
OG0016987	XP_006397497.1	g38210
OG0016988	XP_006397481.1	g38205
OG0016989	XP_006411558.1	g52087
OG0016990	XP_006411460.1	g52011
OG0016991	XP_006411422.1	g51999, g38165
OG0016992	XP_024003816.1	g51993
OG0016994	XP_006398589.2	g5853
OG0016995	XP_006398596.1	g5847
OG0016996	XP_006398613.1	g45287
OG0016997	XP_006398616.1	g5831
OG0016998	XP_024011513.1	g5829
OG0016999	XP_006398621.1	g5826
OG0017000	XP_006398645.1	g5810
OG0017001	XP_006398648.1	g45299
OG0017002	XP_024011161.1	g45308
OG0017003	XP_006398683.1	g45312
OG0017005	XP_006398700.1	g5791
OG0017006	XP_006392262.1	g5778
OG0017007	XP_006398795.1	g45355
OG0017008	XP_024011696.1	g5705
OG0017009	XP_006400525.2	g28981
OG0017010	XP_006400589.1	g28945
OG0017011	XP_006400603.1	g28939
OG0017014	XP_006400678.1	g749
OG0017015	XP_006400739.1	g792
OG0017016	XP_006400769.1	g806
OG0017017	XP_006400789.2	g813
OG0017018	XP_006410780.1	g41310
OG0017019	XP_006400951.1	g39230
OG0017020	XP_006394314.1	g320
OG0017021	XP_006394257.1	g284
OG0017022	XP_006394245.2	g9804
OG0017023	XP_006394216.1	g259
OG0017024	XP_024007519.1	g254
OG0017025	XP_006394107.1	g9744
OG0017026	XP_006394093.1	g199
OG0017027	XP_006394084.1	g192
OG0017028	XP_024007528.1	g171
OG0017029	XP_006394072.1	g170
OG0017030	XP_006394023.1	g9709
OG0017031	XP_006394013.1	g18667
OG0017032	XP_024007331.1	g134
OG0017033	XP_006393982.2	g121
OG0017034	XP_024006924.1	g118
OG0017035	XP_006393964.1	g108
OG0017036	XP_024006964.1	g106
OG0017038	XP_006393896.2	g55
OG0017039	XP_006393868.1	g19650
OG0017041	XP_024007178.1	g9628
OG0017044	XP_006396197.1	g25334
OG0017045	XP_024010133.1	g25356
OG0017046	XP_006396296.1	g39476
OG0017047	XP_006396324.1	g39464
OG0017051	XP_006415741.1	g27637
OG0017052	XP_006396408.1	g25453, g25461
OG0017054	XP_006403123.1	g11060
OG0017055	XP_006403187.1	g39709
OG0017056	XP_006403205.2	g39716
OG0017057	XP_006403206.1	g39717
OG0017059	XP_006410407.1	g39770
OG0017060	XP_024003761.1	g51271
OG0017061	XP_006410313.1	g37917
OG0017062	XP_006410283.2	g39840
OG0017063	XP_024003924.1	g51234
OG0017064	XP_006410185.1	g51226
OG0017065	XP_006410159.2	g39907
OG0017066	XP_006410063.1	g37891
OG0017068	XP_006409927.1	g40012
OG0017069	XP_024004055.1	g39989
OG0017070	XP_006409897.1	g39983
OG0017071	XP_006409865.1	g40037
OG0017072	XP_006409835.1	g37820
OG0017073	XP_006409831.1	g37818
OG0017074	XP_006409784.1	g40088
OG0017075	XP_006408658.1	g40133
OG0017076	XP_024015984.1	g40151
OG0017077	XP_006408722.1, XP_006392437.1	g40187
OG0017078	XP_006409728.1	g40189
OG0017079	XP_006409726.1	g40190
OG0017080	XP_006398034.1	g38270
OG0017082	XP_006408753.2	g38280
OG0017083	XP_024016089.1	g38292
OG0017084	XP_006408862.1	g38294
OG0017085	XP_006408849.2	g38300
OG0017086	XP_006408800.1	g36838
OG0017087	XP_006408813.1	g38308
OG0017088	XP_006413067.1	g47630
OG0017089	XP_006413069.1	g23631
OG0017090	XP_006413072.1	g17084
OG0017091	XP_006413082.1	g23639
OG0017092	XP_006413083.1	g17090
OG0017093	XP_006413088.1	g17093
OG0017094	XP_006408535.1	g12719
OG0017095	XP_006408531.1	g7939
OG0017096	XP_024015074.1	g7944
OG0017097	XP_006408550.1	g7948
OG0017098	XP_006408559.1	g5138
OG0017099	XP_006408574.1	g12726
OG0017100	XP_006413186.2	g17133
OG0017101	XP_006413174.1	g23694
OG0017102	XP_006413160.1	g47592
OG0017103	XP_024005122.1	g23670
OG0017104	XP_006413152.2	g17124
OG0017105	XP_006408446.1	g12690, g7903
OG0017106	XP_006408435.1	g7893
OG0017109	XP_024015602.1	g7843
OG0017110	XP_006408331.1	g12656
OG0017111	XP_006408317.1	g12642
OG0017112	XP_006408301.1	g7823
OG0017113	XP_006408282.1	g7817
OG0017114	XP_006408232.1	g7796
OG0017116	XP_024015501.1	g12821
OG0017117	XP_006408142.2	g12830
OG0017118	XP_006408098.1	g12561
OG0017119	XP_024015575.1	g12555
OG0017120	XP_006408025.1	g12526
OG0017121	XP_006408024.1	g12525
OG0017122	XP_006408007.1	g12514
OG0017123	XP_006407993.1	g12509
OG0017125	XP_006407945.1	g12487
OG0017126	XP_006407938.1	g7643
OG0017128	XP_006407896.1	g12469
OG0017129	XP_006407887.1	g7617
OG0017131	XP_006407840.1	g12443
OG0017132	XP_006407823.1	g7581
OG0017133	XP_006407807.1	g7572
OG0017134	XP_006407773.1	g7554
OG0017135	XP_006407771.1	g12993
OG0017136	XP_006407738.1	g7531
OG0017137	XP_006411289.1	g37354
OG0017138	XP_006411236.1	g51834
OG0017139	XP_006411188.2	g37323
OG0017140	XP_006411185.1	g51785
OG0017142	XP_006411143.1	g37311
OG0017143	XP_006411136.1	g51755
OG0017144	XP_006411116.1	g51743
OG0017145	XP_024004243.1	g51742
OG0017146	XP_006410786.1	g51570
OG0017147	XP_006410847.1	g51601
OG0017148	XP_024003969.1	g38054
OG0017151	XP_006410964.1	g38084
OG0017152	XP_024016706.1	g37275
OG0017153	XP_006416921.1	g31590
OG0017154	XP_006416897.1	g49944
OG0017155	XP_006416857.1	g31629
OG0017157	XP_006416802.1	g49976
OG0017159	XP_006416741.1	g49992
OG0017160	XP_024008918.1	g31690
OG0017161	XP_006416685.1	g50011
OG0017162	XP_024008762.1	g31771
OG0017163	XP_006416639.1	g50030
OG0017164	XP_024008710.1	g31784
OG0017165	XP_006416594.1	g50048
OG0017167	XP_006416576.1	g27415
OG0017168	XP_006416535.1	g31820
OG0017169	XP_006416500.2	g31855
OG0017170	XP_006416491.2	g27434
OG0017171	XP_006393110.1	g36465
OG0017174	XP_024008118.1	g32000
OG0017175	XP_006416277.1	g32001
OG0017176	XP_006416272.1	g32005
OG0017177	XP_006416263.1	g27497
OG0017178	XP_006416210.2	g32026
OG0017179	XP_006416188.1	g50248
OG0017181	XP_006416168.1	g27791
OG0017182	XP_006416166.1	g27530
OG0017183	XP_006416149.1	g50258
OG0017184	XP_006416131.1	g27543
OG0017185	XP_006416124.1	g32053
OG0017186	XP_024008721.1	g32084
OG0017187	XP_006416030.1	g32081
OG0017188	XP_006415993.1	g32125
OG0017189	XP_006415955.1	g50348
OG0017190	XP_006415901.2	g32182
OG0017191	XP_006415865.1	g50386
OG0017192	XP_024008793.1	g32238
OG0017194	XP_006415753.1	g27635
OG0017195	XP_006415754.1	g27634
OG0017196	XP_024005079.1	g23837
OG0017197	XP_006411375.1	g37379
OG0017198	XP_006413323.1	g23780
OG0017199	XP_006413293.1	g23751
OG0017200	XP_006413029.1	g23609
OG0017202	XP_006405056.1	g38351
OG0017203	XP_006405109.1	g38339
OG0017204	XP_006404973.1	g50983
OG0017205	XP_006404924.1	g50977
OG0017206	XP_024014120.1	g38435
OG0017207	XP_006404771.1	g38453, g25576
OG0017209	XP_006404716.1	g36929
OG0017210	XP_006404655.1	g38510
OG0017211	XP_024014253.1	g36944
OG0017216	XP_006404557.1	g50855
OG0017217	XP_006416986.1	g31543
OG0017218	XP_006417050.1	g31504
OG0017219	XP_006417108.1	g49879
OG0017220	XP_024008699.1	g31456
OG0017222	XP_006417186.2	g31412
OG0017223	XP_006417218.1	g31393
OG0017224	XP_006417351.1	g31319
OG0017225	XP_024007721.1	g31311
OG0017228	XP_006417421.1	g31273
OG0017230	XP_006417529.2	g49706
OG0017231	XP_024008435.1	g31225
OG0017233	XP_006417594.1	g27063
OG0017234	XP_006392430.1	g41115
OG0017235	XP_006417598.2	g31164
OG0017237	XP_006417606.2	g31160
OG0017239	XP_006417678.1	g27028
OG0017240	XP_006417822.1	g49562
OG0017241	XP_006417927.1	g49544
OG0017242	XP_006417942.1	g30989
OG0017243	XP_006417974.1	g30961
OG0017244	XP_024008972.1	g30941
OG0017245	XP_006418032.1	g49495
OG0017247	XP_006418073.1	g49479
OG0017248	XP_006418108.1	g30881
OG0017249	XP_024008113.1	g26934
OG0017250	XP_024007835.1	g30852
OG0017251	XP_024007688.1	g30847
OG0017252	XP_006418216.1	g26912
OG0017253	XP_006418213.1	g30836
OG0017255	XP_006418207.1	g30838
OG0017256	XP_006418201.1	g23551
OG0017258	XP_006418258.1	g30810
OG0017259	XP_006418350.1	g26889
OG0017261	XP_006418455.1	g26865
OG0017263	XP_006418491.1	g49286
OG0017264	XP_006418504.1	g19281
OG0017265	XP_006399969.1	g5180
OG0017266	XP_024011955.1	g29305
OG0017267	XP_006399963.1	g5183
OG0017268	XP_024011655.1	g5185
OG0017269	XP_006400019.1	g5147
OG0017270	XP_024012634.1	g5146
OG0017271	XP_006400022.1	g5143
OG0017273	XP_006400041.1	g5127
OG0017274	XP_006400153.1	g45722
OG0017275	XP_024011915.1	g5046
OG0017277	XP_006400306.1	g28992
OG0017278	XP_006400309.1	g4984
OG0017279	XP_024012111.1	g29011
OG0017280	XP_006391157.1	g18018
OG0017281	XP_006400446.1	g29076
OG0017282	XP_024012360.1	g41448
OG0017283	XP_006400458.1	g41447
OG0017284	XP_024012017.1	g4870
OG0017285	XP_024006951.1	g10151
OG0017286	XP_006394995.1	g4707
OG0017287	XP_006395028.1	g4732
OG0017288	XP_006395047.1	g4757
OG0017291	XP_006395192.1	g10275
OG0017292	XP_006395170.1	g10254
OG0017293	XP_006399863.1	g5255
OG0017294	XP_006399858.1	g5259
OG0017295	XP_006399159.1	g29654
OG0017296	XP_006395725.1	g1533
OG0017297	XP_006392575.1	g27978
OG0017298	XP_006395225.1	g10297
OG0017299	XP_006398993.1	g29732
OG0017302	XP_006398976.1	g29743
OG0017303	XP_006398945.2	g5660
OG0017305	XP_006394807.1	g10067
OG0017306	XP_024007119.1	g600
OG0017307	XP_006416655.1	g31740
OG0017308	XP_006394735.1	g10026
OG0017309	XP_024007035.1	g10025
OG0017310	XP_024006820.1	g538
OG0017311	XP_006394695.1	g10011
OG0017312	XP_006394683.1	g533
OG0017314	XP_006394659.1	g512
OG0017315	XP_024006679.1	g9993
OG0017316	XP_006394584.2	g466
OG0017317	XP_006394579.1	g9954
OG0017318	XP_006394521.1	g428
OG0017319	XP_006401523.1	g39397
OG0017320	XP_006394497.1	g418
OG0017321	XP_006394461.1	g393
OG0017322	XP_006394451.1	g9881
OG0017323	XP_006394445.1	g18603
OG0017324	XP_006394439.1	g381
OG0017325	XP_024007570.1	g374, g46967
OG0017327	XP_006401066.1	g28721
OG0017328	XP_006401072.1	g28722
OG0017329	XP_006401074.1	g1189
OG0017330	XP_024013463.1	g52844, g52834
OG0017331	XP_006403968.1	g2511
OG0017333	XP_006404004.1	g2545
OG0017334	XP_006404016.1	g19354
OG0017335	XP_006404048.1	g2589
OG0017336	XP_006404070.2	g2596
OG0017338	XP_006404203.1	g2679
OG0017339	XP_006404212.1	g2684
OG0017340	XP_006404250.1	g2706
OG0017341	XP_006404281.1	g19468
OG0017342	XP_006404287.1	g19481
OG0017343	XP_006404320.1	g19490
OG0017344	XP_006404340.1	g19501
OG0017345	XP_006404373.1	g2770
OG0017346	XP_006404429.1	g19525
OG0017347	XP_006418855.1	g11419
OG0017348	XP_006418889.1	g19552
OG0017349	XP_006414782.1	g24566
OG0017350	XP_024009628.1	g2996
OG0017351	XP_024013723.1	g11462
OG0017352	XP_024013767.1	g19606
OG0017353	XP_024013527.1	g3292
OG0017354	XP_006419129.1	g11512
OG0017355	XP_006395243.1	g10309
OG0017356	XP_006391222.1	g44881
OG0017357	XP_006391230.1	g44882
OG0017358	XP_006399876.1	g5246
OG0017360	XP_006391213.1	g41605
OG0017361	XP_006391090.1	g44792
OG0017362	XP_024007404.1	g45779
OG0017363	XP_006391044.1	g44774
OG0017364	XP_006404712.1	g38487
OG0017365	XP_006391011.1	g43213
OG0017366	XP_006391009.1	g45801
OG0017367	XP_006390980.2	g44737
OG0017368	XP_006390860.1	g44693
OG0017369	XP_024004094.1	g44692
OG0017370	XP_024006864.1	g45878
OG0017371	XP_006390821.1	g45888
OG0017372	XP_024007638.1	g45901
OG0017373	XP_006390807.1	g45902
OG0017374	XP_006390765.1	g44651
OG0017375	XP_006390037.1	g46400
OG0017376	XP_006390040.1	g13611
OG0017377	XP_006390085.1	g46365
OG0017378	XP_024011774.1	g46358
OG0017379	XP_006390097.1	g46350
OG0017380	XP_006390130.1	g46307
OG0017381	XP_006390160.1	g46305
OG0017382	XP_006390169.1	g44391
OG0017384	XP_006390221.1	g17972
OG0017385	XP_006390259.2	g46238
OG0017386	XP_006390272.1	g44433
OG0017388	XP_006390363.1	g44487
OG0017390	XP_024016144.1	g46137
OG0017391	XP_006400501.2	g648
OG0017392	XP_006390469.1	g44548
OG0017393	XP_006414795.1	g17926
OG0017394	XP_024007515.1	g44557
OG0017396	XP_006390560.1	g44570
OG0017398	XP_006390585.1	g46046
OG0017400	XP_006390646.1	g46006
OG0017401	XP_024006368.1	g46459
OG0017402	XP_024008175.1	g44351
OG0017403	XP_006389920.1	g46502
OG0017404	XP_006389884.1	g44320
OG0017407	XP_006389843.1	g46543
OG0017408	XP_024007674.1	g46549
OG0017411	XP_006389717.1	g44271
OG0017412	XP_006389720.2	g44270
OG0017414	XP_024015488.1	g7269
OG0017415	XP_006407255.1	g13156
OG0017416	XP_006407234.1	g7248
OG0017417	XP_006407197.1	g7230
OG0017420	XP_006407067.1	g7152
OG0017421	XP_006407066.1	g7151
OG0017422	XP_024015348.1	g12154
OG0017423	XP_024015252.1	g7115
OG0017424	XP_006407006.1	g7114
OG0017427	XP_006406850.1	g7021
OG0017429	XP_006406806.1	g6992
OG0017431	XP_006406604.1	g6875
OG0017432	XP_006406602.2, XP_006406603.1	g6873
OG0017433	XP_006406547.1	g11979
OG0017434	XP_006406523.1	g6818
OG0017438	XP_006406466.1	g6777
OG0017439	XP_006406465.1	g11954
OG0017440	XP_006406259.1	g13392
OG0017441	XP_006406286.1	g11872
OG0017443	XP_006406250.1	g6659
OG0017444	XP_006406249.1	g6637
OG0017445	XP_006406162.1	g11819
OG0017446	XP_024012347.1	g28345
OG0017449	XP_006418849.1	g6512
OG0017451	XP_006418738.1	g13501, g11720
OG0017452	XP_006418700.1	g6441
OG0017453	XP_006418684.1	g11686
OG0017454	XP_006405235.1	g38323
OG0017455	XP_006418510.1	g13570
OG0017456	XP_006414211.1	g6332
OG0017458	XP_006409682.1	g13667
OG0017459	XP_006396122.1	g13587
OG0017460	XP_006409677.1	g6221
OG0017461	XP_024016512.1	g13678
OG0017462	XP_006409477.1	g6144
OG0017463	XP_024016509.1	g14201
OG0017464	XP_006409337.1	g6108
OG0017467	XP_006409244.1	g13999
OG0017468	XP_024016596.1	g6004
OG0017469	XP_024016046.1	g13945
OG0017470	XP_006409058.1	g13803
OG0017471	XP_006408924.1	g5934
OG0017472	XP_006408950.1	g5914
OG0017473	XP_006408957.1	g5908
OG0017474	XP_006412961.1	g47666
OG0017475	XP_006409016.1	g47383
OG0017476	XP_024007387.1	g5932
OG0017477	XP_006409011.2	g5889
OG0017478	XP_006409026.2	g13836
OG0017479	XP_006409030.1	g13834
OG0017480	XP_006392558.1	g17980
OG0017481	XP_024006026.1	g54366
OG0017483	XP_006392620.1	g36722
OG0017484	XP_006392664.1	g54332
OG0017485	XP_024006127.1	g36697
OG0017486	XP_006392683.1	g36695
OG0017489	XP_006392735.1	g36676
OG0017490	XP_006392766.2	g36661
OG0017492	XP_006392834.2	g36602
OG0017493	XP_006392899.1	g36580
OG0017495	XP_006393128.1	g54207
OG0017497	XP_006393166.1	g36432
OG0017498	XP_006393197.1	g28063
OG0017499	XP_006393324.1	g54109
OG0017500	XP_006393336.1	g36366
OG0017501	XP_006393338.1	g54101
OG0017502	XP_006393372.1	g54086
OG0017503	XP_006393385.2	g54085
OG0017504	XP_006393423.1	g28106
OG0017505	XP_006414369.2	g47150
OG0017506	XP_024005859.1	g17592
OG0017510	XP_006415471.1	g50539
OG0017512	XP_006410589.1	g51446
OG0017515	XP_006403779.1	g19223
OG0017516	XP_006403768.1	g11323
OG0017517	XP_024013547.1	g2388
OG0017518	XP_006403738.1	g19211
OG0017519	XP_006403663.1	g2335
OG0017520	XP_006403656.1	g19176
OG0017521	XP_006403655.1	g19175
OG0017523	XP_024013742.1	g2316
OG0017524	XP_006403576.1	g19152
OG0017525	XP_006403600.1, XP_006391874.1	g19160
OG0017526	XP_006403594.1	g2299
OG0017527	XP_006403513.1	g2253
OG0017528	XP_006403498.1	g2238
OG0017529	XP_006403494.1	g11282
OG0017530	XP_024013354.1	g2216
OG0017532	XP_006403455.1	g19082
OG0017533	XP_024013443.1	g11276
OG0017534	XP_006403401.1	g2181
OG0017535	XP_006403415.1	g2183
OG0017536	XP_006403024.1	g2170
OG0017537	XP_006402995.2	g19030
OG0017538	XP_006402970.1	g2138
OG0017539	XP_006402891.1	g2088
OG0017541	XP_006402763.1	g18943
OG0017542	XP_006402746.1	g18921
OG0017543	XP_006402730.1	g11202
OG0017547	XP_006403854.1	g19280
OG0017548	XP_006402544.1	g1891
OG0017549	XP_006402540.1	g1890
OG0017550	XP_024013020.1	g1812
OG0017551	XP_006402401.1	g11155
OG0017553	XP_006402348.2	g1747
OG0017555	XP_006402274.1	g18702
OG0017557	XP_006392578.1	g54371
OG0017558	XP_006392855.1	g36586
OG0017559	XP_006392895.1	g54268
OG0017560	XP_006393053.1	g36502
OG0017562	XP_006414438.1	g24415
OG0017563	XP_006418981.1	g16717
OG0017564	XP_006404333.1	g2747
OG0017565	XP_006404099.1	g2603
OG0017566	XP_024013522.1	g2413
OG0017567	XP_006403835.1	g2423
OG0017568	XP_006403906.1	g2468
OG0017572	XP_006403581.1	g11299
OG0017573	XP_006403578.1	g19154
OG0017574	XP_006403570.1	g2286
OG0017575	XP_006403483.1	g11279
OG0017576	XP_006403434.1	g19072
OG0017577	XP_006403035.1	g19052
OG0017579	XP_006402774.1	g18947
OG0017580	XP_006402314.1	g18756
OG0017581	XP_006393794.1	g9621
OG0017583	XP_024006785.1	g18679
OG0017584	XP_006398483.1	g10837
OG0017586	XP_024010108.1	g40407
OG0017589	XP_006410749.1	g51546
OG0017590	XP_006411048.1	g37270
OG0017592	XP_006411228.1	g51824
OG0017593	XP_006411382.1	g37380
OG0017597	XP_006411533.1	g38194
OG0017598	XP_024010804.1, XP_006416957.1	g37715
OG0017599	XP_006389919.1	g46503
OG0017600	XP_024009441.1	g46392
OG0017602	XP_006390364.1	g44488
OG0017603	XP_006413027.1, XP_006413045.1	g23606
OG0017604	XP_006390606.1	g44585
OG0017605	XP_024005815.1	g23579
OG0017606	XP_006412992.1	g23577
OG0017607	XP_006412747.1	g16991
OG0017611	XP_024005650.1	g23192
OG0017612	XP_006412205.1	g18214
OG0017613	XP_024010655.1	g28917
OG0017614	XP_024009088.1	g26869
OG0017616	XP_006418182.2	g49438
OG0017617	XP_006417997.1	g30947
OG0017618	XP_006417878.2	g31026
OG0017619	XP_006417868.1	g31033
OG0017620	XP_006417719.1	g49608
OG0017621	XP_006417710.1	g49616
OG0017623	XP_024008681.1	g31502
OG0017624	XP_006417021.1	g31521
OG0017625	XP_006416907.1	g31599
OG0017627	XP_006416461.1	g50098
OG0017628	XP_006416197.1	g50245
OG0017630	XP_006390805.1	g45903
OG0017631	XP_006390873.1	g44696, g45862
OG0017632	XP_006390943.1	g44709
OG0017633	XP_006391004.1	g45803
OG0017634	XP_006391058.1	g44778
OG0017635	XP_006391148.1	g41564
OG0017637	XP_006392401.1	g1709
OG0017638	XP_024013652.1	g41001
OG0017639	XP_006391865.1	g40902
OG0017642	XP_024016031.1	g13817
OG0017643	XP_006409442.1	g6138
OG0017644	XP_006413772.1	g24006
OG0017647	XP_006406582.2	g13314
OG0017648	XP_024015250.1	g12119
OG0017650	XP_006407300.1	g7286
OG0017651	XP_006407462.1	g12328
OG0017652	XP_006407621.2	g37792, g13065
OG0017653	XP_024014862.1	g7543
OG0017654	XP_006407977.2	g12922
OG0017655	XP_006406070.2	g46921
OG0017659	XP_024012025.1	g28318
OG0017660	XP_024004734.1	g47568
OG0017662	XP_006399183.1	g45470
OG0017663	XP_006400999.1	g28707
OG0017664	XP_024012071.1	g45473
OG0017667	XP_024013864.1	g38384
OG0017670	XP_006413810.1	g17364
OG0017672	XP_006415464.2	g50542
OG0017673	XP_006415656.1	g50472
OG0017674	XP_006415727.1	g27641
OG0017675	XP_006393625.1	g28126
OG0017676	XP_006393680.1	g36177
OG0017677	XP_006393589.1	g53987
OG0017681	XP_024003945.1	g39893
OG0017682	XP_006409898.1	g39984
OG0017683	XP_006409876.1	g51085
OG0017684	XP_006408713.1	g40112
OG0017685	XP_024012633.1	g5487
OG0017686	XP_006399487.1	g29527
OG0017687	XP_024012214.1	g5363
OG0017688	XP_006395094.1	g4535
OG0017689	XP_024014554.1	g18099
OG0017690	XP_006405509.1	g16846
OG0017691	XP_006405386.1	g16799
OG0017692	XP_006395635.1	g10622
OG0017693	XP_006401402.1	g28531
OG0017694	XP_006401005.2	g1244
OG0017695	XP_006400970.1	g1266
OG0017699	XP_006394860.2	g632
OG0017700	XP_024006776.1	g306
OG0017703	XP_006417693.1	g31118
OG0017704	XP_024016454.1, XP_024016461.1, XP_024008019.1	g50332, g50329
OG0017710	XP_006390009.1	g46429
OG0017711	XP_024006444.1, XP_024008780.1	g12384
OG0017715	XP_006401598.1	g41196, g41180, g6732, g41759
OG0017717	XP_006404466.1	g11463
OG0017718	XP_024013768.1	g1273
OG0017719	XP_006403791.2	g19238
OG0017720	XP_024012283.1	g29491
OG0017721	XP_006394730.2	g561
OG0017723	XP_006413426.1	g23835
OG0017728	XP_024014764.1	g46759
OG0017729	XP_006402076.1	g28284, g28283
OG0017751	XP_024005313.1	g17030
OG0017754	XP_024005082.1	g23349
OG0017755	XP_006412544.1	g23300
OG0017758	XP_006391232.1	g1825
OG0017759	XP_006412180.1	g23043
OG0017760	XP_006412144.1	g47907
OG0017763	XP_006415198.1	g32617
OG0017764	XP_006415183.1	g50649
OG0017765	XP_024004310.1	g24291
OG0017766	XP_006392520.1	g43853
OG0017767	XP_006392427.1	g43985
OG0017768	XP_006392197.1	g44104
OG0017769	XP_006392187.1	g44108
OG0017771	XP_006391954.1	g40936
OG0017772	XP_006398505.2	g10815
OG0017773	XP_006398514.1	g10811
OG0017775	XP_006398529.1	g10801
OG0017776	XP_006398544.1	g10794
OG0017778	XP_006395744.1	g10682
OG0017779	XP_006395738.1	g1527
OG0017780	XP_024006973.1	g1532, g16690
OG0017781	XP_006395709.2	g1542
OG0017783	XP_006395523.1	g10547
OG0017784	XP_006395459.1	g10502
OG0017786	XP_006395394.1	g10454
OG0017788	XP_006395295.1	g10364
OG0017789	XP_006391387.1	g44997
OG0017791	XP_006391326.1	g45044
OG0017792	XP_006391540.1	g18057
OG0017793	XP_006391541.1	g45066
OG0017794	XP_006401502.1	g28498
OG0017795	XP_006391628.1	g40776
OG0017797	XP_006407643.1	g7473, g13060
OG0017798	XP_006413030.1	g47645
OG0017799	XP_006407413.1	g7354
OG0017800	XP_006397339.1	g25952
OG0017801	XP_006402148.1	g26815
OG0017802	XP_006402037.1	g28301
OG0017803	XP_006401964.1	g1327
OG0017804	XP_006401780.1	g28390
OG0017805	XP_006401773.1	g894
OG0017806	XP_006414062.1	g47282
OG0017808	XP_024012168.1	g937
OG0017809	XP_006401236.1	g28620
OG0017810	XP_006401179.1	g39298
OG0017811	XP_006399818.1	g29365
OG0017812	XP_006399789.1	g5292
OG0017813	XP_006399667.1	g29434
OG0017814	XP_024012216.1	g45528
OG0017816	XP_006399411.1	g29565
OG0017817	XP_006399350.2	g29579
OG0017818	XP_006399344.2	g29583
OG0017819	XP_006399340.2	g5497
OG0017820	XP_006399290.2	g5520
OG0017821	XP_006399233.1	g5539
OG0017822	XP_024012713.1	g5541
OG0017824	XP_006414173.1	g47246
OG0017825	XP_024015495.1	g6536
OG0017826	XP_006414048.1	g24157
OG0017827	XP_006413978.1	g24127
OG0017829	XP_006413642.1	g47427
OG0017832	XP_006415085.1	g32674
OG0017834	XP_024008645.1	g50509
OG0017838	XP_006393752.2	g28174
OG0017839	XP_006395984.1	g35935
OG0017840	XP_006415632.1	g32364
OG0017841	XP_024008822.1	g32426
OG0017842	XP_006415521.2	g32432
OG0017843	XP_006415460.1	g50544
OG0017844	XP_006415452.1	g32474
OG0017845	XP_024005255.1	g22994
OG0017846	XP_006412074.1	g47930
OG0017847	XP_006411926.1	g47980
OG0017848	XP_006411913.1	g22852
OG0017850	XP_006411881.1	g47990
OG0017852	XP_006411826.1	g22792
OG0017853	XP_006390828.1, XP_006404950.2	g22761
OG0017854	XP_006411752.1	g22714
OG0017855	XP_006405863.1	g46793
OG0017857	XP_006405768.1	g18096
OG0017858	XP_024014627.1	g16890
OG0017860	XP_006410679.1	g51505
OG0017861	XP_006397211.1	g40247
OG0017862	XP_024010396.1	g40233
OG0017864	XP_006410511.2	g51374
OG0017865	XP_006403365.2, XP_006391491.1	g37016
OG0017866	XP_024013226.1	g36992
OG0017867	XP_006411358.1	g18446
OG0017868	XP_006397115.2	g40281
OG0017869	XP_006397087.1	g40299
OG0017871	XP_006397023.1	g40328
OG0017872	XP_024010024.1	g40337
OG0017873	XP_006396987.1	g25764
OG0017874	XP_006396919.1	g40361
OG0017875	XP_006396830.1	g40388
OG0017880	XP_006398329.1	g40620
OG0017883	XP_024011098.1	g40669
OG0017884	XP_006395963.1	g25207
OG0017885	XP_006398482.1	g10838
OG0017887	XP_024013035.1	g25284
OG0017888	XP_006395929.1	g46861
OG0017889	XP_006391711.1	g46935
OG0017890	XP_006414983.1	g46958, g24906
OG0017893	XP_006414944.1	g24728
OG0017894	XP_006414881.2	g24654
OG0017895	XP_006414855.1	g24596, g47016
OG0017896	XP_006414819.1	g24575
OG0017897	XP_024004685.1	g24574
OG0017900	XP_006414698.1	g24526
OG0017904	XP_006405396.1	g16805
OG0017905	XP_006397904.1	g37713
OG0017906	XP_006397879.1	g50802
OG0017908	XP_006397727.2	g52249
OG0017909	XP_006397715.2	g37605
OG0017911	XP_006397602.1	g37535
OG0017914	XP_006411565.2	g37473
OG0017915	XP_006411549.1	g52082
OG0017916	XP_006411471.1	g52026
OG0017918	XP_024012073.1	g5850
OG0017920	XP_006398595.1	g5848
OG0017923	XP_006402585.1	g18824
OG0017924	XP_006398812.2	g45360
OG0017926	XP_006400640.1	g28920
OG0017927	XP_024011643.1	g28796, g28775
OG0017928	XP_006400940.1	g1275
OG0017931	XP_024007340.1	g209
OG0017932	XP_006393844.1	g9631
OG0017933	XP_006393823.1	g19635
OG0017934	XP_024007115.1	g19629
OG0017936	XP_024010010.1	g47143
OG0017940	XP_006396291.2	g39478
OG0017942	XP_024009966.1	g25409
OG0017943	XP_006396448.1	g39584
OG0017944	XP_024016719.1	g39749
OG0017945	XP_006410310.1	g37916
OG0017946	XP_024003978.1	g39959
OG0017948	XP_024008089.1	g31084
OG0017949	XP_006408649.2	g40131
OG0017950	XP_006392929.2	g54260
OG0017951	XP_006398015.1	g36800
OG0017952	XP_006408867.1	g38316
OG0017954	XP_006408523.1	g12717
OG0017956	XP_006408541.2	g11241
OG0017958	XP_024015108.1	g16992
OG0017959	XP_006398549.1	g27965
OG0017963	XP_006413123.2	g47610
OG0017964	XP_024004494.1	g23669
OG0017965	XP_006413141.1	g17119
OG0017967	XP_006408316.1	g12641
OG0017968	XP_006408299.1	g12633
OG0017969	XP_006408295.2	g7821
OG0017970	XP_006408289.1	g12776
OG0017971	XP_006408288.1	g12777
OG0017972	XP_006408181.1	g7753
OG0017973	XP_006408173.1	g12812
OG0017974	XP_006408155.1	g12588
OG0017975	XP_006407523.1	g7421
OG0017976	XP_024015016.1	g12858
OG0017977	XP_024015017.1	g7706
OG0017978	XP_006408049.1	g12544
OG0017979	XP_006408033.1	g12878
OG0017982	XP_006407816.1	g7577
OG0017983	XP_006407782.1	g7559
OG0017984	XP_006409431.1	g13004
OG0017985	XP_006418524.1	g7533
OG0017986	XP_006411162.1	g51768
OG0017987	XP_006410800.1	g37162
OG0017990	XP_006410914.1	g37206
OG0017994	XP_006416898.1	g27307
OG0017995	XP_006416895.1	g31605
OG0017998	XP_006416615.1	g31769
OG0017999	XP_006416593.2	g27411
OG0018000	XP_006416540.1	g50063
OG0018001	XP_006416425.1	g50124
OG0018002	XP_006416420.1	g27454
OG0018003	XP_006416418.1	g27455
OG0018004	XP_006416414.1	g50130
OG0018005	XP_006416293.1	g50199
OG0018006	XP_006416196.1	g32037
OG0018007	XP_006395218.1	g27792
OG0018008	XP_006416152.1	g50256
OG0018009	XP_006416115.1	g32063
OG0018010	XP_006416062.1	g32093
OG0018011	XP_024008463.1	g32126
OG0018012	XP_006415928.1	g32159
OG0018013	XP_006415862.1	g489
OG0018014	XP_006415788.1	g27632
OG0018015	XP_006413428.1	g23836
OG0018016	XP_006413361.2	g23807
OG0018018	XP_006405100.1	g38346
OG0018019	XP_024014210.1	g38348
OG0018021	XP_006404956.1	g38386
OG0018023	XP_006404888.1	g38405
OG0018024	XP_006404851.1	g36911
OG0018026	XP_006404813.1	g38440
OG0018027	XP_024014320.1	g50916
OG0018028	XP_006404692.1	g38496
OG0018030	XP_006417141.1	g31441
OG0018031	XP_006393717.1	g27148
OG0018032	XP_006417447.1	g27123
OG0018033	XP_006417553.1	g27092
OG0018034	XP_006417629.1	g49650
OG0018036	XP_006417810.1	g31059
OG0018037	XP_006390316.1	g26967
OG0018038	XP_006417962.1	g30972
OG0018039	XP_006418006.1	g26960
OG0018040	XP_006418024.1	g30932
OG0018041	XP_006418081.1	g30896
OG0018042	XP_006418090.1	g49466
OG0018043	XP_006418164.1	g30856
OG0018044	XP_006418166.1	g30853
OG0018045	XP_006404782.1	g49421
OG0018046	XP_006418304.1	g30791
OG0018048	XP_006418423.2	g49323
OG0018050	XP_006418474.2	g26860
OG0018051	XP_006418478.1	g26857
OG0018053	XP_006399927.2	g45651
OG0018054	XP_024012403.1	g29299
OG0018055	XP_006400018.1	g29279
OG0018056	XP_006400050.1	g29260
OG0018057	XP_006400316.1	g4967, g4966
OG0018058	XP_006400355.1	g4936
OG0018060	XP_024011769.1	g4898
OG0018061	XP_006394917.1	g4809
OG0018063	XP_006395015.1	g10166
OG0018064	XP_024007418.1	g10172
OG0018066	XP_006399862.2	g5257
OG0018067	XP_006395220.1	g10293
OG0018068	XP_006399086.1	g29694
OG0018069	XP_006399047.1	g29705
OG0018071	XP_024012330.1	g5666
OG0018074	XP_006394516.1	g9906
OG0018076	XP_006394496.1	g18598
OG0018077	XP_024006811.1	g9892
OG0018078	XP_006394464.1	g395
OG0018079	XP_006401060.1	g1206
OG0018080	XP_006404106.1	g19389
OG0018081	XP_006404183.1	g2648
OG0018082	XP_006404201.2	g2677
OG0018083	XP_006404443.1	g11411
OG0018085	XP_006419128.1	g11511
OG0018086	XP_006404263.1	g19462
OG0018087	XP_006401381.1	g1045
OG0018088	XP_006396181.1	g3080
OG0018091	XP_006391080.1	g45762
OG0018092	XP_006391057.2	g44777
OG0018093	XP_024006190.1	g45786
OG0018094	XP_024007012.1	g45912
OG0018095	XP_006390748.1	g45941
OG0018096	XP_006390100.1	g46347
OG0018098	XP_006390123.2	g46325
OG0018100	XP_006390268.1	g46234
OG0018102	XP_006390340.1	g44476
OG0018103	XP_006390347.1	g46183
OG0018104	XP_006390396.1	g46160
OG0018105	XP_006390398.2	g44510
OG0018106	XP_024008326.1, XP_006396711.2	g46151
OG0018107	XP_006390472.1	g46123
OG0018109	XP_006398006.2	g31526
OG0018111	XP_006389913.1	g46508
OG0018113	XP_006389891.1	g44325
OG0018115	XP_006407296.1	g7284
OG0018116	XP_006407278.1	g7270
OG0018117	XP_006407253.1	g13159
OG0018118	XP_006407246.1	g7253
OG0018120	XP_006419109.2	g3094
OG0018121	XP_006407172.1	g12218
OG0018122	XP_024015253.1	g12149
OG0018124	XP_006406662.1	g6909
OG0018125	XP_024015750.1	g6874
OG0018126	XP_006406206.1	g13409
OG0018128	XP_006406106.1	g6559
OG0018130	XP_006418821.2	g6490
OG0018131	XP_006403086.1	g37364
OG0018132	XP_024009550.1	g35821
OG0018133	XP_006418536.1	g6361
OG0018134	XP_006409689.1	g6244
OG0018135	XP_024016641.1	g6309
OG0018136	XP_024009082.1	g11108
OG0018138	XP_006409708.1	g13665
OG0018139	XP_024016590.1	g13670
OG0018140	XP_006409612.1	g14318
OG0018141	XP_006409538.1	g14235
OG0018142	XP_006409479.1	g13704
OG0018144	XP_006409291.1	g14021, g53180
OG0018145	XP_006409140.2	g6001
OG0018147	XP_006408998.1	g13826
OG0018148	XP_006409008.1	g13843
OG0018149	XP_006392777.1	g36638
OG0018150	XP_006392870.1	g36585
OG0018151	XP_006392946.1	g54253
OG0018152	XP_006392974.1	g36532
OG0018156	XP_006392549.1	g27971
OG0018158	XP_024013728.1	g19218
OG0018159	XP_006403725.2	g2383
OG0018160	XP_006403714.2	g19205
OG0018161	XP_006403511.1	g2255
OG0018162	XP_006402993.1	g2150, g19028
OG0018164	XP_006402986.1	g19024
OG0018165	XP_006402977.1	g11260
OG0018166	XP_006402876.1	g2104
OG0018168	XP_006402780.1	g18949
OG0018169	XP_006402723.1	g18910
OG0018170	XP_006402588.1	g1917
OG0018171	XP_006402473.1	g1856
OG0018172	XP_006402367.1	g1756
OG0018175	XP_006395972.1	g46915
OG0018176	XP_006404026.1	g11361
OG0018178	XP_006403718.2	g11317
OG0018180	XP_024013640.1	g2339
OG0018181	XP_006403414.1	g19059
OG0018182	XP_006403041.1	g2177
OG0018186	XP_006402321.1	g18749
OG0018187	XP_024012153.1	g17
OG0018188	XP_006393824.1	g23726
OG0018190	XP_024011057.1	g40638
OG0018191	XP_006408971.1	g5904
OG0018194	XP_006410703.1	g51522
OG0018195	XP_006411058.1	g51722
OG0018196	XP_006400183.1	g45729
OG0018198	XP_006411450.1, XP_024004246.1	g37410
OG0018203	XP_006390251.1	g44418
OG0018205	XP_024009133.1	g46016
OG0018206	XP_024005279.1	g17073
OG0018207	XP_006412780.1	g23445
OG0018208	XP_024004489.1	g23573
OG0018209	XP_024005494.1	g22954
OG0018211	XP_006395211.1	g10289
OG0018212	XP_006418029.1	g26957
OG0018213	XP_006417934.1	g49543
OG0018214	XP_006417867.2	g31034
OG0018216	XP_006417757.1	g31086
OG0018217	XP_006417708.1	g31112
OG0018220	XP_006416925.1	g31588
OG0018222	XP_006416182.1	g32041
OG0018226	XP_006391193.1	g41581
OG0018227	XP_006391284.1	g41724
OG0018228	XP_006392326.1	g44028
OG0018230	XP_006391914.1	g38260
OG0018231	XP_006405585.1	g15780
OG0018234	XP_006418623.1	g6391
OG0018236	XP_024015245.1	g7039
OG0018237	XP_006406990.2, XP_006409654.1	g14415
OG0018238	XP_006407320.1	g7302
OG0018239	XP_006391131.1	g41531
OG0018240	XP_006407741.1	g7535
OG0018241	XP_006407922.1	g12934
OG0018244	XP_006398972.1	g11666
OG0018248	XP_006399193.1	g29644
OG0018249	XP_024012113.1	g5567
OG0018252	XP_006413795.2	g24020
OG0018254	XP_006415664.1	g32344
OG0018255	XP_006413305.1	g23763
OG0018256	XP_006413315.1	g17174
OG0018257	XP_006410409.1	g37941
OG0018258	XP_006409886.1	g40023
OG0018261	XP_006398946.1	g29760
OG0018262	XP_006413356.1	g17186
OG0018265	XP_024012215.1	g45596
OG0018266	XP_006399864.2	g5254
OG0018268	XP_024014604.1	g46837
OG0018269	XP_024012544.1	g29037
OG0018271	XP_024007510.1	g10493
OG0018273	XP_006401149.1	g28670
OG0018277	XP_024011762.1	g41395
OG0018278	XP_006400608.1	g719
OG0018281	XP_006394522.1	g9908
OG0018282	XP_006394487.1	g410
OG0018283	XP_024007057.1	g9829
OG0018286	XP_006393874.1	g9643
OG0018287	XP_006417722.1	g27023, g31109
OG0018288	XP_024008824.1	g27118
OG0018290	XP_006414401.2	g1487
OG0018291	XP_024008046.1	g32021
OG0018292	XP_024007992.1	g27667, g13610
OG0018298	XP_006391183.1	g44859
OG0018299	XP_006391163.1	g41567
OG0018301	XP_006406035.1	g11760
OG0018302	XP_006418642.1	g11664
OG0018303	XP_006404909.1	g50970
OG0018305	XP_006401390.1	g223
OG0018306	XP_006403670.1	g19187
OG0018311	XP_006412989.1	g17062, g17057
OG0018312	XP_006413060.1	g17080
OG0018313	XP_006413273.1	g47557
OG0018317	XP_006405965.1	g37060
OG0018318	XP_006405779.1	g18112
OG0018319	XP_006405392.1	g16801
OG0018320	XP_006403107.1	g40484
OG0018321	XP_006402045.1	g1359
OG0018322	XP_006401920.1	g41176, g41195
OG0018323	XP_006401172.1	g1133
OG0018330	XP_024009243.1	g49196
OG0018330	XP_024005029.1	g34828, g34824, g22532, g21266, g20388, g9579, g3811, g39035, g15256, g15476, g42298, g21197, g9350, g9420, g21204, g48447, g38572, g38931, g52765, g15216
OG0018331	XP_024015861.1	g9394, g33034, g8894, g39016, g29890, g34581, g9573, g8372, g15086, g42283, g48181, g8402, g14934, g15012, g42356, g42211, g26423, g21956, g38678, g8426, g21954
OG0018338	XP_006412272.1	g18195
OG0018339	XP_006392475.1	g1693
OG0018341	XP_006392400.1	g41094
OG0018342	XP_006392246.1	g44089
OG0018343	XP_006395839.1	g10744
OG0018346	XP_006395273.1	g10346
OG0018348	XP_006391368.1	g45007
OG0018349	XP_006391534.1	g45064
OG0018350	XP_024010597.1	g45104
OG0018354	XP_024006346.1	g17979
OG0018356	XP_006402198.1	g1446
OG0018358	XP_006402182.1	g1430
OG0018361	XP_006402033.1	g28303
OG0018362	XP_006402003.1	g28325
OG0018363	XP_024011835.1	g1322
OG0018364	XP_006401898.1	g41177
OG0018365	XP_024011235.1	g886
OG0018367	XP_024012699.1	g39332
OG0018368	XP_006395231.1	g10302
OG0018369	XP_006399813.1	g5284
OG0018371	XP_006399220.1	g5550
OG0018372	XP_006414156.1	g47256
OG0018373	XP_024005777.1	g17483
OG0018374	XP_006413997.2	g24139
OG0018376	XP_006413827.1	g47361
OG0018380	XP_006415593.1	g32391
OG0018382	XP_006411857.1	g22815
OG0018383	XP_006411697.2	g22680
OG0018385	XP_024014691.1	g18102
OG0018386	XP_006405657.1	g46705
OG0018387	XP_006410547.1	g51411
OG0018390	XP_006395707.2	g10664
OG0018391	XP_006415087.1	g50706
OG0018392	XP_006396995.1	g25765
OG0018394	XP_006396655.1	g25565
OG0018396	XP_006398077.1	g18412
OG0018397	XP_006398149.1	g40530
OG0018398	XP_024011081.1	g40557
OG0018400	XP_006418573.1	g13537
OG0018401	XP_006395930.1	g47084
OG0018403	XP_006414861.1	g47014
OG0018405	XP_006405559.1	g16861
OG0018406	XP_006405495.1	g46675
OG0018407	XP_006405453.1	g15791, g3690
OG0018409	XP_006405425.1	g16820
OG0018411	XP_006405327.1	g46642
OG0018412	XP_024014670.1	g16762
OG0018414	XP_006397970.1	g37752
OG0018416	XP_006397662.2	g37567
OG0018418	XP_024003895.1	g24611
OG0018421	XP_006398725.2	g29850
OG0018425	XP_024007380.1	g288
OG0018427	XP_006393801.2	g9624
OG0018428	XP_006396214.1	g45279
OG0018431	XP_006410169.1	g39898
OG0018434	XP_006409817.1	g40074
OG0018437	XP_006408526.1	g7933
OG0018439	XP_006405473.1	g46666
OG0018443	XP_006408448.2	g12691
OG0018444	XP_024011085.1	g41080
OG0018446	XP_006408318.1	g12770
OG0018448	XP_006394967.1	g10148
OG0018450	XP_006415976.1	g32147
OG0018451	XP_024008994.1	g32163
OG0018452	XP_006415875.1	g32199
OG0018453	XP_006413420.1	g47510
OG0018454	XP_006413380.2	g23818
OG0018456	XP_006405029.1	g38360
OG0018458	XP_006404829.1	g38430
OG0018459	XP_006404593.2	g38529
OG0018463	XP_024008492.1	g31162
OG0018464	XP_006417615.1	g31159
OG0018465	XP_006403127.1	g39674
OG0018466	XP_006417788.1	g49573
OG0018467	XP_024007888.1	g49514
OG0018469	XP_006418227.1	g30828
OG0018470	XP_006418482.1	g49291
OG0018472	XP_006399897.2	g45631
OG0018478	XP_024007463.1	g4827
OG0018479	XP_024007557.1	g4788
OG0018480	XP_006395070.1	g4648
OG0018482	XP_006399097.2	g29688
OG0018483	XP_006394803.1	g10070
OG0018484	XP_024007157.1	g535
OG0018485	XP_006394472.2	g397
OG0018488	XP_006404168.1	g19416
OG0018490	XP_006404253.1	g2707
OG0018491	XP_006404271.1	g2719, g2722
OG0018494	XP_024013784.1	g19518
OG0018497	XP_006417732.1	g31101
OG0018501	XP_006390127.1, XP_006405097.1	g46321
OG0018502	XP_024009362.1	g44405
OG0018506	XP_006389978.1	g46458
OG0018507	XP_006389909.1	g46510
OG0018508	XP_006389793.1	g46580
OG0018511	XP_006407087.1	g12181
OG0018512	XP_006418715.1	g11704
OG0018513	XP_024004400.1	g24214
OG0018514	XP_006409686.1	g6242
OG0018524	XP_006402330.1	g12666
OG0018525	XP_024014217.1	g11144
OG0018526	XP_006402269.1	g18706
OG0018527	XP_024006137.1	g16700
OG0018529	XP_006414764.1	g17755
OG0018532	XP_024013759.1	g11322
OG0018533	XP_024013014.1	g2166
OG0018535	XP_024012886.1	g18793
OG0018536	XP_006398161.2	g40536
OG0018541	XP_006411074.2	g38092
OG0018543	XP_006411297.1	g51883
OG0018550	XP_006412959.1	g17047
OG0018553	XP_006411600.1	g54146
OG0018554	XP_006417987.1	g49516
OG0018555	XP_006417860.1	g31038
OG0018557	XP_006417737.2	g49603
OG0018559	XP_006417334.1	g27167
OG0018560	XP_024008221.1	g49872
OG0018561	XP_006417104.1	g27227
OG0018563	XP_006417008.1	g31532
OG0018564	XP_006416885.1	g27311
OG0018567	XP_024004259.1	g40911
OG0018569	XP_006418697.2	g13517
OG0018570	XP_006406425.1	g13367
OG0018571	XP_024013188.1	g37051
OG0018572	XP_006407286.1	g7276
OG0018574	XP_006407668.1	g13051
OG0018576	XP_024015007.1	g12484
OG0018580	XP_006399184.1	g29647
OG0018581	XP_006413624.2	g47438
OG0018583	XP_006414168.1	g47254
OG0018584	XP_024004350.1	g17749, g17548
OG0018585	XP_024005498.1	g17224
OG0018586	XP_006413276.1	g17154
OG0018587	XP_006410402.1	g51313
OG0018588	XP_024003872.1	g51221
OG0018589	XP_024003732.1	g37883
OG0018593	XP_006399442.1	g29553
OG0018595	XP_024012329.1	g45747
OG0018596	XP_024012710.1	g4956, g4952
OG0018597	XP_024006906.1	g10119
OG0018599	XP_006405420.2	g46659
OG0018600	XP_006395807.1	g16710
OG0018602	XP_006401208.2	g28638, g28640
OG0018603	XP_024011627.1	g39305
OG0018604	XP_024012301.1	g39295
OG0018605	XP_006401000.1	g1246
OG0018609	XP_006394595.1	g9956
OG0018611	XP_006417912.1	g31004
OG0018613	XP_006415859.1	g32208
OG0018617	XP_006391170.1, XP_024006345.1, XP_024010415.1	g41568
OG0018618	XP_024010293.1	g13578
OG0018620	XP_024009564.1	g13545
OG0018622	XP_006404644.1	g36945
OG0018623	XP_006404745.1	g50912
OG0018624	XP_006404761.1	g38455
OG0018626	XP_006410655.1	g51491
OG0018629	XP_006411490.1	g52050
OG0018634	XP_006398971.1	g29747
OG0018636	XP_024009855.1	g25346
OG0018637	XP_006404330.1, XP_006413180.1	g47585
OG0018638	XP_006413275.1	g23737
OG0018639	XP_024007323.1	g10265
OG0018641	XP_024011964.1, XP_024011990.1	g45377
OG0018645	XP_006400570.1	g28960
OG0018676	XP_024008386.1	g50580
OG0018678	XP_024004776.1	g24359
OG0018681	XP_006395522.1	g10546
OG0018682	XP_024013085.1	g46928
OG0018685	XP_006413271.1	g23735
OG0018689	XP_006402195.1	g1444, g26781
OG0018690	XP_006402177.1	g1423
OG0018691	XP_006401862.1	g867
OG0018692	XP_006401846.1	g41212
OG0018695	XP_006401411.1	g28528
OG0018697	XP_006414254.1	g24282
OG0018698	XP_006413792.1	g24019
OG0018700	XP_024005315.1	g47425
OG0018701	XP_006413311.1	g23765
OG0018703	XP_006395989.1	g11308
OG0018710	XP_006403276.1	g11127
OG0018711	XP_024013169.1	g11135
OG0018712	XP_006403300.1	g11138
OG0018713	XP_006417856.1, XP_006405264.2	g18457
OG0018717	XP_024007408.1	g46933
OG0018718	XP_006395961.1	g46934
OG0018720	XP_006414634.1	g17711, g53650
OG0018721	XP_006405500.1	g16843
OG0018725	XP_024010779.1	g52220
OG0018726	XP_024010897.1	g52167
OG0018728	XP_006411572.1	g38201
OG0018731	XP_006398671.1	g11552
OG0018734	XP_006393847.1	g9632
OG0018736	XP_006396190.1	g25331
OG0018737	XP_006396426.1	g39550
OG0018740	XP_006408619.1	g40159
OG0018745	XP_006408451.1	g12692
OG0018746	XP_006408296.1	g12632
OG0018750	XP_006408981.1	g13825
OG0018752	XP_006415933.1	g32157
OG0018757	XP_006417536.1	g31217
OG0018758	XP_006418351.1	g49362
OG0018760	XP_006418481.2	g49292
OG0018761	XP_006400228.1	g29157
OG0018763	XP_024006805.1	g9864
OG0018765	XP_006401068.2	g1199
OG0018766	XP_006404369.1	g2730
OG0018767	XP_006418864.1	g2821
OG0018770	XP_024009687.1	g19593
OG0018771	XP_006419133.1	g11513
OG0018772	XP_006391144.1	g44843
OG0018775	XP_006390014.1	g46426
OG0018776	XP_024008677.1	g27438
OG0018777	XP_006390431.2	g44531
OG0018781	XP_006407050.1	g12165
OG0018782	XP_006407043.2	g12163
OG0018783	XP_006406821.1	g13266
OG0018786	XP_006406276.2	g11869
OG0018789	XP_006409347.1	g6107
OG0018790	XP_006407620.1	g12388
OG0018791	XP_006409067.1	g5966
OG0018792	XP_024005998.1	g27973
OG0018795	XP_006393217.1	g54150
OG0018796	XP_006393375.1	g36347
OG0018798	XP_006402840.2	g11225
OG0018799	XP_006402702.1	g2012
OG0018800	XP_006402507.1	g11183
OG0018801	XP_006402303.1	g18767
OG0018802	XP_006402282.1	g18786
OG0018806	XP_006393160.1	g36440
OG0018809	XP_006402065.1	g1381
OG0018811	XP_024012813.1	g18785
OG0018816	XP_006410509.1	g37963
OG0018819	XP_024007530.1	g46354
OG0018820	XP_006390386.1	g44500
OG0018821	XP_024014109.1	g38361
OG0018822	XP_006412587.1	g23324
OG0018828	XP_006418244.1	g30817, g45206
OG0018833	XP_006417885.1	g31020
OG0018842	XP_024015294.1	g40932
OG0018843	XP_024004840.1	g40778
OG0018845	XP_006409267.1	g6052
OG0018846	XP_006406696.1	g6922
OG0018850	XP_024012386.1	g5577
OG0018852	XP_006414152.2	g24220
OG0018853	XP_024005523.1	g23927
OG0018855	XP_006405297.1	g46625
OG0018859	XP_024007320.1	g10310
OG0018861	XP_024012642.1	g28976
OG0018862	XP_024008099.1	g26951
OG0018863	XP_006409575.1, XP_006409577.1	g6166
OG0018865	XP_024008260.1	g31773
OG0018866	XP_006415983.1	g50341
OG0018867	XP_006415807.2	g32250
OG0018868	XP_024007962.1	g32496
OG0018870	XP_006404594.1	g13645
OG0018876	XP_006391139.1	g41549
OG0018878	XP_024005959.1	g44602, g34995
OG0018881	XP_006418837.1	g11744
OG0018885	XP_006404836.2	g38433
OG0018886	XP_024014300.1	g36888
OG0018898	XP_006395026.1	g10173
OG0018899	XP_024010000.1	g40270
OG0018903	XP_006405862.1	g46792
OG0018905	XP_024014761.1	g16778
OG0018906	XP_006403395.1	g18450
OG0018915	XP_024008026.1	g11291
OG0018941	XP_006412634.2	g23352
OG0018948	XP_006395674.1	g16673
OG0018949	XP_006395660.1	g10641
OG0018951	XP_024007563.1	g10416
OG0018954	XP_006402191.1	g1439
OG0018955	XP_006401827.1	g28369
OG0018958	XP_024003960.1	g5441
OG0018964	XP_006411859.1	g22817
OG0018969	XP_024004207.1	g51364
OG0018970	XP_006390883.2	g45858
OG0018971	XP_024010086.1	g40345
OG0018973	XP_006414940.1	g17862
OG0018976	XP_006393855.1	g9635
OG0018979	XP_006409894.1	g39978
OG0018980	XP_024015983.1	g40152
OG0018986	XP_024007862.1	g50392
OG0018987	XP_024016649.1	g48645, g21371, g48605, g48597
OG0018993	XP_024012218.1	g41454
OG0018994	XP_024007591.1	g10039
OG0018998	XP_024009660.1	g19595
OG0019000	XP_006391012.1	g45799, g27827
OG0019005	XP_024015014.1	g6842
OG0019011	XP_024006088.1	g36645
OG0019012	XP_006393309.1	g36378
OG0019022	XP_024006328.1	g54078
OG0019023	XP_006419066.1	g3003
OG0019025	XP_006403807.1	g19255
OG0019026	XP_006403610.2	g2308
OG0019027	XP_024013537.1	g11280
OG0019028	XP_006414316.1	g47176
OG0019029	XP_006410957.2	g37227
OG0019035	XP_024005503.1	g11004
OG0019036	XP_006418489.1	g49285
OG0019039	XP_024008862.1	g49778
OG0019045	XP_006407152.1	g7204
OG0019050	XP_006413321.1	g23778
OG0019053	XP_006400864.1	g28812
OG0019055	XP_006418285.2	g30799
OG0019057	XP_024008443.1	g27005
OG0019063	XP_006391895.2	g44229, g44226
OG0019064	XP_006392288.1	g44055
OG0019071	XP_024006626.1	g44817
OG0019074	XP_024014860.1	g12004
OG0019076	XP_024015980.1	g13835
OG0019081	XP_006410524.2	g27653
OG0019082	XP_006411224.1, XP_006397050.1	g51821
OG0019083	XP_024010695.1	g6610, g5983, g1705
OG0019088	XP_024007982.1	g5706, g5707
OG0019089	XP_006394654.1	g510
OG0019092	XP_006411895.1, XP_006411894.1	g22840, g35971
OG0019096	XP_006413413.1	g47511
OG0019098	XP_006411761.1	g34981, g53072, g43409
OG0019099	XP_006405410.1	g16807
OG0019103	XP_006401784.1	g41236
OG0019104	XP_006393924.1	g18676
OG0019130	XP_006418059.1	g32542
OG0019131	XP_006392418.1	g41110
OG0019136	XP_006401476.1	g1007
OG0019137	XP_006399614.1	g29457
OG0019142	XP_006397480.1	g53679
OG0019144	XP_006396017.1	g27949
OG0019146	XP_006411903.1	g22843
OG0019147	XP_006397275.1	g25933
OG0019149	XP_006403105.2	g40487
OG0019151	XP_024011108.1	g11003
OG0019157	XP_006398593.1	g5849
OG0019168	XP_024008811.1	g27423
OG0019171	XP_006404746.1	g50909
OG0019172	XP_024014152.1	g50856
OG0019173	XP_024008217.1	g49566
OG0019175	XP_024007606.1	g389
OG0019180	XP_006404461.1	g3198
OG0019183	XP_006390282.1	g46227
OG0019188	XP_006406409.1	g13360
OG0019197	XP_024013711.1	g19365
OG0019203	XP_006398382.1	g18478
OG0019205	XP_024008072.1	g32385, g27225
OG0019210	XP_006412713.2	g18083
OG0019214	XP_006412069.2	g36197, g22976
OG0019215	XP_024004389.1	g46913
OG0019217	XP_024014302.1	g38447
OG0019224	XP_006408913.1	g13814
OG0019225	XP_006409197.1	g6027
OG0019233	XP_006401671.1	g39445
OG0019235	XP_024007448.1	g491
OG0019239	XP_006417971.1	g30965
OG0019240	XP_006415984.2	g50340
OG0019245	XP_006392318.1	g41071
OG0019246	XP_024010068.1	g1679
OG0019249	XP_024014983.1	g6671, g13390
OG0019252	XP_006405234.2	g51056
OG0019265	XP_006414484.2	g17648
OG0019276	XP_006409238.1	g13755, g40676
OG0019278	XP_024014872.1	g7888
OG0019307	XP_024011352.1	g35467
OG0019308	XP_006414287.1	g47190
OG0019309	XP_006392484.2	g43900
OG0019312	XP_006401394.1	g1041
OG0019313	XP_006399267.2	g29606
OG0019318	XP_006415637.2	g32359
OG0019322	XP_024012261.1	g48740, g8084
OG0019327	XP_006411478.1	g52032
OG0019329	XP_006408830.1	g36836
OG0019334	XP_006416442.1	g31893
OG0019337	XP_006418160.1	g30858
OG0019338	XP_006394927.1	g10123
OG0019339	XP_006394993.1	g10156
OG0019340	XP_006404360.1	g19509
OG0019361	XP_006393440.2	g13304, g42054
OG0019364	XP_006390003.1	g46434
OG0019366	XP_006390480.1	g46112
OG0019369	XP_006416798.1	g49977
OG0019381	XP_006399926.1	g45650
OG0019392	XP_024004443.1, XP_006416001.2	g36023, g32121
OG0019393	XP_006415856.1	g32210
OG0019403	XP_006407059.1	g7147, g12174
OG0019409	XP_006402742.1	g18916
OG0019412	XP_024007947.1	g53965
OG0019414	XP_024007202.1	g25095
OG0019423	XP_024009467.1	g27916, g25299
OG0019453	XP_006395262.1	g36402
OG0019456	XP_006401933.1	g28347
OG0019463	XP_024006810.1	g37722
OG0019464	XP_024012582.1	g784
OG0019467	XP_006413155.1	g23681
OG0019468	XP_006391190.1	g44865
OG0019469	XP_006407877.1	g12947
OG0019472	XP_024016604.1	g48620, g21349
OG0019479	XP_006419021.1	g2968
OG0019482	XP_024011578.1	g44579
OG0019485	XP_024006473.1	g6936
OG0019487	XP_006409709.1	g13662
OG0019503	XP_024009645.1	g11443
OG0019507	XP_006402433.1	g1803
OG0019511	XP_024014315.1	g54087, g46057, g50924
OG0019517	XP_006418315.1	g49384
OG0019518	XP_006417374.1	g31306
OG0019520	XP_006390955.1	g45820
OG0019529	XP_006399071.1	g45444
OG0019538	XP_006415908.1	g35166, g32171
OG0019544	XP_006410029.1	g13687
OG0019555	XP_006404891.1	g38404
OG0019556	XP_024016654.1, XP_024010556.1	g34480
OG0019559	XP_006402911.1	g2077
OG0019563	XP_024009741.1	g2980
OG0019564	XP_006394976.1	g4685
OG0019565	XP_006396230.1	g24588
OG0019578	XP_024012553.1	g28705
OG0019581	XP_024004491.1	g17091
OG0019586	XP_024016580.1	g6089
OG0019618	XP_006415168.2	g50658
OG0019625	XP_006411890.2	g47986
OG0019627	XP_006405771.1	g46748
OG0019628	XP_006398383.1	g10913
OG0019631	XP_024016127.1	g40130
OG0019646	XP_024009642.1	g13568
OG0019647	XP_024016384.1	g13702
OG0019662	XP_006396893.2	g25712
OG0019663	XP_006410644.1	g51478
OG0019670	XP_006400784.1	g812
OG0019676	XP_024009282.1	g13538
OG0019688	XP_006405838.2	g41904
OG0019694	XP_006417281.2	g27747
OG0019697	XP_024006071.1	g36742
OG0019707	XP_006418529.2, XP_006418530.2	g11644
OG0019708	XP_006397923.2	g38256
OG0019709	XP_006404751.1	g38457
OG0019715	XP_006401380.2	g28540
OG0019716	XP_024009223.1	g19590
OG0019722	XP_006413300.2	g47549, g17163
OG0019723	XP_024005818.1	g47527
OG0019734	XP_024004182.1	g37428
OG0019744	XP_024005873.1	g47205, g13585
OG0019779	XP_024011356.1, XP_024015909.1, XP_024010661.1, XP_024011374.1, XP_024010502.1	g52946
OG0019785	XP_006403172.2	g40653
OG0019787	XP_024013854.1	g42060, g6070, g25570, g2373, g25836, g27199, g14280, g11071
OG0019797	XP_006419095.1	g19599
OG0019807	XP_024009185.1	g18614
OG0019812	XP_024008039.1	g32069
OG0019831	XP_024012087.1	g28814
OG0019850	XP_006409181.1	g13975
OG0019861	XP_006397248.1	g40236
OG0019862	XP_024010182.1	g40238
OG0019863	XP_024010227.1	g25683, g25686
OG0019866	XP_006412677.1	g23385
OG0019867	XP_006413093.1	g47625, g23644
OG0019872	XP_024012450.1	g845
OG0019875	XP_006409510.2	g48726, g8099
OG0019892	XP_006397022.1	g25781
OG0019931	XP_024009122.1	g32532
OG0019939	XP_006401193.1	g28648
OG0019940	XP_006411950.1	g22888
OG0019944	XP_006397060.1	g40314
OG0019954	XP_006413125.1	g17110
OG0019956	XP_006416761.1	g27358
OG0019960	XP_006400076.1	g45698, g29242
OG0019961	XP_024007234.1	g52174, g36590, g39745, g44011, g27215, g10617
OG0019996	XP_024008107.1	g13648
OG0020021	XP_006397185.1	g39394
OG0020035	XP_024012171.1	g29461
OG0020044	XP_006403433.2	g414
OG0020046	XP_024016474.1	g20169, g8135
OG0020060	XP_024008606.1, XP_024008880.1	g32094, g32054
OG0020097	XP_006401603.2	g28465
OG0020102	XP_024014368.1	g46766
OG0020106	XP_006399361.1	g29576
OG0020109	XP_006404448.1	g19535, g19529, g19528, g18516
OG0020111	XP_006398026.1	g48618
OG0020133	XP_006411545.2	g52080
OG0020138	XP_024007828.1	g50097
OG0020139	XP_006398846.2	g29812
OG0020149	XP_006409447.1	g13783
OG0020158	XP_024008011.1	g32209
OG0020192	XP_024007993.1	g40421
OG0020215	XP_006400690.1	g44983, g44981
OG0020232	XP_006413220.2	g23714
OG0020277	XP_006401282.1	g39337
OG0020281	XP_006405443.2	g16829
OG0020282	XP_006397984.1	g50839
OG0020283	XP_024005406.1	g24812
OG0020290	XP_024010904.1	g48617
OG0020296	XP_006400075.2	g5101
OG0020370	XP_006399534.2	g22771
OG0020439	XP_006411511.1	g52058, g51275, g52067
OG0020471	XP_024011772.1	g13642
OG0020478	XP_024004971.1	g47736, g24706
OG0020483	XP_006408868.2	g36839
OG0020493	XP_006414454.1, XP_006414456.1	g47119
OG0020494	XP_006415869.2	g50378
OG0020498	XP_024011077.1	g10836
OG0020543	XP_006400281.1	g45063
OG0020547	XP_024013587.1	g11365
OG0020558	XP_006414460.2	g24427
OG0020562	XP_024004867.1	g24524
OG0020587	XP_024016767.1	g4726
OG0020615	XP_024014467.1	g41899
OG0020640	XP_006402100.1	g46893
OG0020672	XP_006401173.1	g1132
OG0020676	XP_006408855.1	g38297
OG0020715	XP_006409514.1	g30328, g20237, g30296
OG0020760	XP_024004220.1	g51964
OG0020806	XP_006397344.2	g20181, g8147
OG0020814	XP_006408055.1	g12548
OG0020832	XP_006417056.2	g31495
OG0020887	XP_006402394.1	g36016, g4829
OG0020898	XP_006403786.1	g19231
OG0021037	XP_024006881.1	g12817
OG0021038	XP_006404629.1	g36960
OG0021040	XP_006401596.2	g41203, g41188, g6738, g6730
OG0021051	XP_006405088.2	g23227
OG0021066	XP_024015024.1, XP_024008522.1	g12648
OG0021111	XP_024011138.1	g10826
OG0021120	XP_024008007.1, XP_024008006.1	g32220
OG0021241	XP_006417991.2	g49509
OG0021369	XP_024010474.1	g20180, g8146
OG0021417	XP_024004186.1	g37460
OG0021428	XP_006395086.1	g4629
OG0021448	XP_024004006.1	g51646
OG0021455	XP_006403145.1	g11078
OG0021481	XP_024013288.1	g39673
OG0021482	XP_024005793.1	g18219
OG0021517	XP_006417157.1	g31432
OG0021675	XP_006394994.2	g13742
OG0021739	XP_006413406.1	g17204
OG0021799	XP_024005059.1	g50661
OG0021858	XP_006401837.2	g28365
OG0022264	XP_006404890.2	g23090
OG0022380	XP_024008866.1	g10004
OG0022385	XP_024010679.1	g33705, g19661, g20377, g9593
OG0022490	XP_006415282.1	g13147
OG0023039	XP_024013949.1	g39993, g36832
OG0023073	XP_024006150.1	g14269
OG0023194	XP_024009097.1	g50605
OG0023394	XP_024010925.1	g11616
OG0023775	XP_024015268.1	g12341
OG0024519	XP_024015023.1	g17328, g52188
OG0024596	XP_024016348.1	g16058
OG0024652	XP_024008587.1, XP_024007708.1, XP_006415041.1, XP_006415040.1	g12959
OG0025522	XP_024012591.1	g47618
OG0026575	XP_024015149.1	g27933, g53198, g18105
OG0026657	XP_024004926.1	g36074, g36072
OG0026689	XP_024010905.1, XP_024010343.1	g9028, g20986
OG0029357	XP_024013105.1	g35825
OG0029788	XP_024014712.1	g39154, g30676
OG0036309	XP_024016591.1	g39073
OG0036353	XP_024006780.1	g21162
