Orthogroup	Cochlearia_excelsa	Cardamine_glauca
OG0000000	g42971, g27882	Cg004G132730
OG0000000	g34021, g33293, g26443, g3622, g35407, g2952, g33829, g15061, g43736	Cg001G026290, Cg008G290900, Cg004G127320, Cg008G322460, Cg006G203050, Cg002G060960, Cg002G062120
OG0000000	g34973, g34594, g8693, g34396, g42237	Cg002G062380, Cg002G069090, Cg005G186670
OG0000000	g3617	Cg003G090030, Cg003G090000
OG0000000	g16215	Cg014G332090
OG0000000	g29885, g42520, g43654, g8678, g51092, g18221, g42791, g16396, g30119, g30252, g34845, g9059, g21875, g30199, g22028, g21099, g36650, g9224, g52509, g9287	Cg005G186000
OG0000002	g39438, g23770, g9964, g31362, g42923, g35831, g54196, g53818, g2533, g18045, g23774, g25411, g5655, g22726, g5204, g26709, g36393, g17831, g22441, g53912, g22482, g23050, g45382	Cg005G163330
OG0000003	g10483, g36078, g35024, g42010, g53526, g35068, g51377, g36656, g46847, g52100, g12379, g34343, g34347, g42612, g3007, g19913, g14065, g52866, g43208, g25223, g43589, g14824, g15574, g4576, g20561, g20558, g41973, g35025, g49126, g50218, g43737, g3006, g16692, g54200, g19882, g28837, g12132, g39267, g40928, g44467, g1720, g6104, g22734, g24732, g26067, g6791, g34544, g15875, g33596, g14436, g4314, g43590	Cg006G209840
OG0000003	g53525, g41900, g41972	Cg005G163140
OG0000003	g50217	Cg007G261780
OG0000003	g8357, g30183, g8315, g48435, g38569, g48098, g21770, g22560	Cg001G032830
OG0000003	g34916, g35398	Cg004G144080
OG0000003	g8684	Cg005G182650
OG0000005	g44957, g41488, g4394, g4401, g11275, g53238	Cg005G186690, Cg003G078000, Cg005G192860
OG0000005	g10943, g48006	Cg001G022240
OG0000005	g22013	Cg005G188160
OG0000005	g10582	Cg005G185830
OG0000005	g43359	Cg008G295320, Cg005G188150
OG0000005	g4402	Cg003G087270
OG0000005	g14949, g4309, g14417, g53018, g11716, g40876	Cg006G213190
OG0000006	g41913, g42739	Cg008G312070
OG0000006	g24823, g23855, g25855, g40547	Cg006G206830
OG0000007	g32529, g4407, g31989, g13935, g14625, g51108, g47070, g1710, g16965, g1635, g23387, g43826, g49581, g17148, g14904, g12767, g557, g47735, g14365, g14626, g1711, g39880, g3316	Cg002G054650
OG0000008	g35285	Cg008G312650
OG0000008	g33123	Cg007G263320
OG0000010	g48055, g21528, g3243, g30443, g48036	Cg001G010610
OG0000010	g42980, g43765, g53952, g52317, g42680, g43944, g4140	Cg008G314030
OG0000010	g14831, g34423, g35491, g35669, g35087, g35755, g18651, g26611, g4943, g52427, g52674, g21529, g41485, g33235, g36341, g8788, g16258, g52347, g35846, g35744, g30444, g14379, g42953, g14356, g14384, g52404, g17805, g25898, g25814, g30464, g35692, g16617, g9281, g32574, g26347, g32793, g35940, g14826, g7994, g49794, g8736, g4606, g33305, g14815, g34293, g14527, g14496, g14517, g14547, g14537, g11187, g16004, g53096, g14905, g53882, g22487, g35355, g4138, g42653, g16383, g53565, g43940, g30053, g4300, g16405, g16306, g25793, g26674, g48962, g8176, g30713, g21148, g21439, g22288, g16078, g52575, g42688, g53174, g49808, g18274, g39499, g12078, g35616, g50919, g24841, g33516, g27931, g19968, g46898, g24737, g1435, g4281, g11525, g30755, g47267, g13624, g15004, g21561, g16231, g25610, g53953, g24133, g5069, g6129, g43741, g18000, g35457, g1379, g18846, g35661, g42731, g26143, g18595, g43148, g35809, g16137, g34943, g43958, g3907, g43037, g19791, g52909, g16014, g4016, g43535, g4183, g33671, g41787, g41846, g43093, g53227, g43201, g4531, g16664, g33603, g14840, g43003, g4520, g52875, g24630, g26742, g52545, g53459, g3878, g21347, g41826, g18386, g3729, g13559, g3050, g16142, g44064, g25878, g20318, g15860, g36237, g50939, g25736, g30068, g18103, g14080, g41336, g27919, g3037, g33261, g25224, g28146, g53461, g17330, g43038, g43841, g24783, g17957, g10083, g33273, g44036, g3444, g6177, g25144, g15533, g22676, g52662, g49032, g19839, g12644, g27320, g24782, g24931, g1434, g4257, g2095, g35984, g45228, g14612, g42927, g25054, g53995, g45988, g42723, g37170, g13740, g50987, g44719, g14315, g44935, g40898, g35162, g46753, g17634, g44711, g42947, g14694, g30462, g52428	Cg006G205490
OG0000012	g6328	Cg003G089470, Cg006G226210
OG0000012	g32787, g15662	Cg003G096060
OG0000012	g52731	Cg003G096300
OG0000013	g14200, g48961	Cg001G029740
OG0000014	g10989	Cg007G281140
OG0000014	g44201, g25623	Cg008G312030
OG0000014	g43483, g43482, g50927, g53476, g50930, g37855, g34322, g34333, g14397, g1371, g9158, g24560, g8931, g20629, g40584, g25627	Cg007G266660
OG0000015	g1783, g40287, g27896, g24000, g1778, g40286	Cg008G310160
OG0000015	g26108, g43718, g42171, g26614, g12285	Cg004G140320
OG0000015	g3755, g43029, g21949, g24634	Cg007G254560
OG0000015	g5447, g48096, g4042, g4014, g30179, g21912, g14948, g35471, g12283, g14756, g26107, g39164, g1865, g12584, g7633, g26669, g17276, g2986	Cg001G025880
OG0000015	g8683, g38798, g6105	Cg007G249020
OG0000019	g16593, g27930, g4588, g36529, g42561, g14492, g51080, g41576, g52671, g24908, g42560, g4839, g33386, g45605, g16592, g1020, g46208, g40680, g40322, g46628, g9756	Cg008G308170
OG0000019	g43707, g18316, g27825	Cg005G182050
OG0000020	g49592	Cg001G036750
OG0000020	g35283, g34310	Cg007G257890, Cg007G257790
OG0000021	g14063	Cg006G208570
OG0000021	g45682, g1448	Cg002G061370, Cg003G103950
OG0000021	g40050, g47160, g49473, g26165	Cg002G074750, Cg001G028510, Cg006G215630
OG0000021	g24107	Cg003G080250
OG0000023	g23897	Cg001G017610, Cg001G017600
OG0000023	g48946, g43193	Cg003G082330
OG0000023	g48943, g25723	Cg003G082320
OG0000023	g40374	Cg003G082240
OG0000023	g23907, g24643	Cg001G017690
OG0000027	g40788	Cg007G250820
OG0000027	g28294	Cg002G070600
OG0000027	g2269	Cg002G048550, Cg002G048720
OG0000029	g13421, g8998, g26310, g29945, g30548, g38806, g8608, g9084, g30701, g9122, g48831, g29967, g8634, g30668, g16178, g36823, g26225, g26222, g43704, g4265, g4261, g27334, g29817, g13419	Cg007G253930
OG0000029	g1671, g52104, g17776, g26120, g17775, g52907, g95	Cg005G177640
OG0000029	g1672	Cg006G212710
OG0000030	g37182	Cg008G322770
OG0000030	g30544, g8826	Cg007G253140
OG0000030	g35927, g599, g13492, g26692, g27960, g54342, g16927	Cg013G330360
OG0000031	g40889	Cg007G247710
OG0000031	g13269	Cg004G133170
OG0000033	g23911	Cg001G017700
OG0000033	g24014	Cg001G019630
OG0000033	g40468	Cg003G079950, Cg003G094060
OG0000034	g53562, g44911, g15119	Cg005G182400
OG0000034	g15118, g44910	Cg002G066600
OG0000036	g3196	Cg005G180340, Cg002G065870, Cg008G312450, Cg005G190140, Cg004G144710, Cg001G036700, Cg002G070690
OG0000037	g11495	Cg007G247800
OG0000038	g24239	Cg002G057430
OG0000038	g1070	Cg003G103850
OG0000038	g49458	Cg001G007650
OG0000040	g38367, g38376, g38372, g38380	Cg006G217350, Cg001G030090
OG0000040	g44631	Cg006G235040, Cg002G057370
OG0000042	g26735, g12385	Cg002G059980
OG0000042	g49152, g3973, g3980	Cg008G311300, Cg008G309470
OG0000042	g18621	Cg003G113100
OG0000043	g25116, g25738, g33648, g43042	Cg003G090430
OG0000044	g36166, g25959	Cg003G096230
OG0000045	g7244, g39351, g17718, g41293	Cg003G091810
OG0000046	g46717	Cg003G097180
OG0000046	g18113	Cg001G037990
OG0000046	g18042	Cg007G266760
OG0000047	g24768, g27953, g51326, g51242, g28468, g43700, g14016, g18660, g44830, g41217, g37480, g4319, g45363, g51127, g3853, g11964, g28467, g53576	Cg006G206340
OG0000049	g43788, g43772, g13437, g45167, g147, g24813, g7666, g51916, g39805, g10790, g44228, g1493, g2502, g53420, g10267	Cg007G255960
OG0000049	g17752, g35246, g25631, g52028, g45305, g46623, g39982, g37529, g36193, g23611, g11002, g2399, g23029	Cg006G232250
OG0000049	g46641, g45389, g28412, g26640, g14427, g29232, g13756, g19458, g4881, g46776	Cg007G266650
OG0000052	g53934	Cg005G187360
OG0000054	g43613, g52587, g43259, g25259, g25261, g33494, g3251, g25071, g36457, g12619, g25266, g43262, g33492, g3255, g20304, g43263, g25276, g4234, g41821, g35341, g4130, g35345, g4371	Cg005G189800, Cg005G189790
OG0000057	g700	Cg004G133930
OG0000058	g10583	Cg006G215030, Cg003G077990
OG0000062	g32823, g13726, g11246, g41835	Cg007G260660, Cg005G180090
OG0000064	g51190, g32307	Cg008G325030
OG0000066	g5393	Cg007G276160, Cg014G331850, Cg002G064640, Cg003G077790, Cg002G064590, Cg007G254880, Cg001G001880, Cg001G001890, Cg008G291450
OG0000066	g45535, g29501, g9719	Cg008G290840
OG0000066	g156	Cg008G290850, Cg003G113360
OG0000067	g27232, g27237, g27241, g27135, g46783, g25385, g25390, g25381, g27956, g9895, g5011	Cg007G270520
OG0000070	g30429, g30434, g34722, g20467, g25157, g21277	Cg002G063700
OG0000070	g20468, g34721, g33207, g34715, g30435, g4159, g25159, g15815, g15828, g15878, g3657	Cg005G186370
OG0000072	g33477, g30198	Cg001G029810, Cg001G029820, Cg008G307970
OG0000073	g54289	Cg008G315120
OG0000074	g27549, g27550	Cg006G222190
OG0000075	g5026	Cg001G033430
OG0000075	g49834, g49840, g49829	Cg008G301210
OG0000076	g44053	Cg002G057890
OG0000076	g19225	Cg002G054100
OG0000078	g46791, g24881	Cg002G071190
OG0000079	g18915	Cg008G310600, Cg008G310560, Cg008G308930
OG0000080	g50013, g23668	Cg005G177060
OG0000081	g18040	Cg008G298360
OG0000083	g46885	Cg004G140450, Cg004G140420, Cg004G140430, Cg004G140410, Cg004G140440
OG0000084	g51024	Cg005G189580
OG0000085	g23625	Cg007G270000
OG0000087	g9991	Cg008G303510
OG0000087	g9845, g2817, g339	Cg003G110470
OG0000087	g5316	Cg008G292710
OG0000087	g40485, g11055	Cg008G320640
OG0000087	g17371, g24042	Cg001G020160
OG0000087	g46232	Cg006G225960, Cg007G276340
OG0000088	g19510, g40516, g11030	Cg005G181240
OG0000088	g28933, g28934	Cg001G039390, Cg008G300920
OG0000089	g29544	Cg008G290150
OG0000089	g13323, g11989	Cg004G135460
OG0000090	g50123	Cg006G225800
OG0000090	g46242	Cg007G276570, Cg001G034690, Cg001G034670, Cg001G034700
OG0000090	g10675	Cg001G005770, Cg002G074060, Cg006G235770
OG0000093	g2360	Cg002G047960
OG0000093	g18958	Cg002G048030
OG0000096	g1538, g1535	Cg007G252880, Cg002G073910, Cg002G073940, Cg002G073930
OG0000097	g45186, g45201	Cg003G079780, Cg003G094240
OG0000097	g40477, g40479, g40476, g40480, g1561	Cg003G079730, Cg003G094300, Cg003G094290, Cg003G079740, Cg003G079760
OG0000099	g43603, g46874, g4737	Cg007G249510
OG0000100	g17260, g37826	Cg008G316000
OG0000101	g13563	Cg007G246670
OG0000102	g24835, g4478	Cg001G033570
OG0000104	g31072	Cg006G238510
OG0000104	g51118	Cg005G178080
OG0000104	g6675	Cg004G138340
OG0000104	g18497	Cg006G197920
OG0000104	g37858	Cg005G178050
OG0000104	g51119	Cg005G178070
OG0000105	g43456	Cg003G084510
OG0000106	g6393	Cg008G322480, Cg001G042030
OG0000107	g11936	Cg004G136910
OG0000109	g43843	Cg006G218300, Cg006G206180
OG0000110	g2009	Cg002G047270
OG0000110	g2010	Cg007G269260
OG0000113	g35258	Cg007G253850
OG0000114	g4924	Cg008G320920
OG0000117	g16020, g11688, g26091, g32213	Cg006G208080
OG0000118	g45031, g45096, g45028, g11628, g36890, g45092, g45097, g11625, g45033, g17750, g17551, g17566, g17567, g24578	Cg003G083280, Cg003G083300, Cg006G212340, Cg006G212330, Cg006G212350, Cg003G083440, Cg003G083420, Cg003G083410, Cg003G083390, Cg003G083400, Cg003G083370, Cg003G083380, Cg003G083350, Cg003G083310, Cg003G083460, Cg006G204540, Cg002G064450, Cg013G330430
OG0000119	g52379	Cg003G096910, Cg005G178360
OG0000119	g50178	Cg007G255080, Cg002G068550, Cg003G107770, Cg002G060400, Cg001G039470, Cg001G029640, Cg007G255680
OG0000120	g40996	Cg007G250010, Cg007G249930
OG0000120	g6424	Cg008G308250, Cg008G308040, Cg008G308890, Cg008G310540
OG0000120	g32414, g29781	Cg008G285500
OG0000123	g25911	Cg001G014410
OG0000123	g17137	Cg001G014420
OG0000123	g25912	Cg001G029000, Cg001G029020
OG0000125	g19182	Cg002G052860
OG0000125	g41348	Cg008G302630
OG0000125	g2919, g1294, g28781	Cg003G107610, Cg002G061230, Cg002G061270
OG0000125	g39998	Cg005G178390
OG0000126	g1792, g4332, g27839, g27662, g37157, g53925	Cg001G027760, Cg001G028690, Cg002G060390
OG0000126	g35446	Cg007G271870, Cg008G305740, Cg007G255150
OG0000127	g2965	Cg008G282750
OG0000127	g49766	Cg007G262280
OG0000128	g5236, g5604, g3371, g22741	Cg001G020220
OG0000129	g1920	Cg005G172680
OG0000131	g32639, g6351, g24938, g14468, g28182, g27531, g15993	Cg002G057540
OG0000131	g50797	Cg008G315100
OG0000132	g53769, g43756, g15634	Cg008G321270
OG0000133	g19947	Cg005G185140
OG0000133	g43464, g33594, g43872, g14817, g4106, g26152, g26059, g19681, g53756, g14659, g35132	Cg007G269340
OG0000135	g4028, g51256, g14066, g27772	Cg004G138210
OG0000136	g43995, g46769, g46768, g46770	Cg001G037110
OG0000136	g14687	Cg001G037100
OG0000138	g46708	Cg001G039000, Cg001G039020, Cg001G039010, Cg008G324060
OG0000138	g10340	Cg002G067580, Cg002G067290
OG0000139	g25175	Cg005G182990
OG0000140	g1248	Cg003G106800
OG0000140	g28714	Cg003G106450
OG0000140	g1252, g28702, g28701	Cg003G106810, Cg008G324860, Cg003G096950
OG0000142	g51155, g51154, g51130, g51156	Cg005G176030
OG0000144	g41746	Cg005G182040
OG0000145	g47338, g44486, g14472, g33147, g21632, g42257, g21852, g21844, g36809, g10312	Cg008G324160, Cg008G308910, Cg001G039950, Cg003G096580, Cg001G035820
OG0000146	g1010	Cg003G102630
OG0000146	g1011	Cg003G102640
OG0000147	g5985, g13932	Cg004G155250
OG0000147	g23426	Cg001G010340
OG0000147	g1105	Cg003G104960
OG0000147	g46563	Cg007G280860
OG0000147	g17885	Cg001G032760
OG0000147	g6339	Cg004G146670
OG0000147	g50994	Cg005G189880
OG0000149	g2887	Cg002G060900
OG0000149	g1676, g28755, g28754	Cg003G107300, Cg003G107310
OG0000149	g1282	Cg003G107320, Cg003G107330, Cg003G107340
OG0000149	g2888	Cg002G060920
OG0000151	g915, g28415	Cg003G100170
OG0000151	g17072	Cg001G012710
OG0000151	g7540	Cg004G124340
OG0000151	g14078	Cg004G152640
OG0000151	g28546	Cg003G103430
OG0000152	g22192, g30253, g4143	Cg002G069910, Cg006G216840, Cg002G069290, Cg005G182640, Cg004G145620, Cg002G063800, Cg003G096260, Cg001G034420, Cg007G260590, Cg004G146430, Cg002G067820, Cg005G182630, Cg007G251500, Cg003G082490, Cg008G288890, Cg007G251240, Cg006G195780
OG0000154	g27332	Cg006G229860
OG0000154	g12277	Cg004G128290
OG0000154	g7492	Cg004G125060
OG0000154	g54073, g45315, g5784	Cg008G283240
OG0000155	g23645	Cg001G013440
OG0000155	g47372	Cg001G019650
OG0000155	g7340	Cg004G127780
OG0000156	g52257	Cg005G160240
OG0000160	g18242, g43133, g51696, g50701, g4120, g45147, g41011, g27084, g7365, g52677, g14499, g43531, g43528, g43537, g17864, g49147, g47671, g45898, g31367, g7023, g36380, g52886, g25655, g34541, g2884, g45657, g49668, g44739, g25290, g35546, g43532, g38501, g6015, g7845, g16303, g13162, g13371, g14782, g46745, g36801, g27089	Cg007G264990, Cg006G202970
OG0000160	g35544, g35547, g21290, g38500, g31368, g20451, g3846, g34289, g36270, g12262, g7846, g25656, g7022, g9694, g49667	Cg003G091850
OG0000161	g392, g9880	Cg003G098030, Cg005G179900, Cg005G180000, Cg005G179820
OG0000161	g24222, g24219	Cg006G215310
OG0000161	g45103, g45101	Cg007G261320
OG0000161	g45131	Cg007G257190
OG0000162	g1914	Cg005G178220
OG0000165	g24260	Cg009G325660
OG0000165	g41606, g13909	Cg001G034730, Cg004G147530
OG0000167	g24121	Cg001G021130
OG0000169	g46162	Cg013G330250, Cg013G330280, Cg013G330310, Cg036G336840
OG0000171	g45857	Cg006G222370, Cg007G270890
OG0000171	g5177	Cg006G235360, Cg007G250530
OG0000171	g29297	Cg008G294880
OG0000173	g52822, g25282, g31108, g41537, g37373, g50635, g15729, g49146, g17663, g37839, g27055, g49999, g53725, g17352, g17357, g17341, g1801, g25289, g14575, g15732, g18062, g46682, g32984, g45423, g24727, g33298, g51510, g2110, g32983, g4808, g10113, g26535	Cg003G091670
OG0000174	g26585, g53787	Cg009G325780, Cg006G205480
OG0000175	g6044, g13998	Cg002G055540
OG0000175	g47947	Cg001G004130
OG0000178	g50828, g25935, g6093, g32581	Cg014G331270
OG0000178	g9695, g823, g53495, g13019, g16431, g16432, g1623, g34290, g17678, g41214, g52052, g38502, g20449, g48334, g14419, g36920, g49526, g53614, g23518, g17258, g37824, g12602, g23535, g6014, g1397, g32976, g16363, g43554, g12264, g7844, g50196, g14780, g46746, g53399, g50147, g54117, g44990	Cg002G069730, Cg002G066500
OG0000178	g3844, g12585, g50586	Cg008G316010
OG0000180	g13531	Cg001G043140
OG0000180	g34299	Cg007G269630
OG0000184	g35558, g35553, g3065, g43650, g15959, g53597, g36626, g53120, g22863, g17905, g44091, g17915, g2401, g5948, g51641, g10990, g27914, g52236, g53121, g53878, g53859, g35463, g48936, g32701, g50735, g44198, g25628, g25240, g11530, g35054, g44991	Cg006G215550
OG0000185	g35118, g49472, g24428	Cg003G098770
OG0000187	g35037	Cg001G008920, Cg001G008910
OG0000190	g40442	Cg003G080590, Cg003G080580
OG0000194	g20703, g35818	Cg007G277430
OG0000195	g40143	Cg005G182280
OG0000195	g18117	Cg001G036760, Cg007G265630
OG0000196	g40674	Cg006G240790
OG0000196	g27686	Cg006G202630
OG0000196	g40675	Cg006G240780
OG0000197	g40833, g18526, g7663, g27764, g39817	Cg001G041590
OG0000201	g6534, g11758	Cg004G139100, Cg004G139090, Cg004G139080
OG0000201	g17326, g17323, g17324, g17327, g17336, g17334, g17322, g17332	Cg004G139110
OG0000204	g36933	Cg004G138460
OG0000210	g11480, g11479	Cg005G173500
OG0000213	g38464	Cg005G191730
OG0000216	g47412	Cg001G018790, Cg001G018760
OG0000218	g31564	Cg006G230920
OG0000218	g49926	Cg006G230900, Cg006G230890
OG0000218	g25893, g10793	Cg002G075340
OG0000219	g13335, g45479, g28368	Cg007G266520, Cg007G266510
OG0000219	g46873	Cg005G177180
OG0000219	g311	Cg003G095240, Cg003G111060
OG0000221	g52806, g22946, g6183, g17356, g43665, g43500, g17351, g17354, g41390, g53962, g35050, g22945, g51855, g53388, g43499, g33429, g175, g43666, g35582, g53304, g15934, g5126, g32276, g26607, g6275, g12850, g53575, g26608, g6292, g4337, g36877, g3974, g3981	Cg005G182530
OG0000222	g2261, g45344, g10741, g44563, g51060, g5898, g28476, g32750, g41189, g41204	Cg008G315660, Cg004G151260, Cg001G038580
OG0000224	g46370	Cg007G278160
OG0000224	g40852	Cg001G008870, Cg001G017640, Cg007G247160
OG0000226	g11864	Cg004G128760, Cg006G218020
OG0000228	g32057	Cg008G307350
OG0000228	g44677	Cg007G271280
OG0000229	g47707	Cg001G010780
OG0000230	g46235	Cg008G323410
OG0000231	g18039	Cg007G260410
OG0000233	g53346, g43307, g27732, g16269, g19533, g14957, g52369, g43031, g35549, g48287, g53347, g1483, g14787, g26102, g3184, g53946, g26599, g34930, g48282, g35561, g16294, g33166, g33170, g33200, g34779, g16144, g6202, g26600, g16293, g32898, g33199, g4655, g25229	Cg005G186600
OG0000233	g53703	Cg005G186460
OG0000233	g53753, g43144, g15838	Cg006G211480
OG0000234	g19127	Cg002G051400
OG0000234	g19128	Cg002G051410
OG0000234	g2235	Cg002G051420
OG0000234	g51765	Cg005G166930
OG0000234	g29346	Cg008G293710
OG0000236	g13483	Cg001G028350, Cg004G141830
OG0000236	g6598	Cg004G139220
OG0000238	g48923, g31881	Cg002G071780
OG0000239	g39783	Cg004G149260
OG0000240	g24726	Cg007G263700
OG0000240	g11360, g13978	Cg001G033750
OG0000240	g41655	Cg003G085370, Cg001G030000
OG0000241	g43452	Cg004G145120
OG0000242	g14272, g6162	Cg004G150060, Cg004G150660, Cg004G150050, Cg004G150670, Cg004G150020, Cg004G150680
OG0000242	g31494	Cg006G231900
OG0000242	g31496, g31497, g31498, g31499	Cg006G231890
OG0000244	g17320	Cg001G019150, Cg003G093660, Cg003G080320, Cg001G019160
OG0000246	g32856, g43081, g6314, g6240	Cg002G073880
OG0000248	g25664	Cg003G081360
OG0000248	g41086, g41090, g41083	Cg007G252860
OG0000249	g37185	Cg005G169790
OG0000254	g6897	Cg004G134710
OG0000254	g1607	Cg005G190180
OG0000257	g48005	Cg004G126080, Cg001G001780
OG0000258	g10576	Cg002G072310, Cg002G072330
OG0000258	g39309	Cg003G104860
OG0000258	g16641	Cg002G072320
OG0000266	g27624	Cg003G098940, Cg003G099000
OG0000267	g17092	Cg005G193150
OG0000268	g1514	Cg002G074810
OG0000268	g45297	Cg008G282710
OG0000268	g19165	Cg002G052420
OG0000269	g32698	Cg002G069710
OG0000269	g32697	Cg006G211850
OG0000270	g23060, g18216, g18323	Cg001G000740
OG0000270	g50111	Cg006G226060
OG0000271	g25541	Cg003G079870
OG0000271	g40469	Cg006G199270
OG0000272	g6807	Cg008G325020
OG0000274	g28758	Cg003G107390
OG0000274	g2936, g2910	Cg002G061020
OG0000274	g39974	Cg005G177430
OG0000277	g47115	Cg001G025730, Cg001G025680, Cg001G025710, Cg001G025690, Cg001G025720
OG0000278	g10751, g26081, g26058	Cg003G105620
OG0000281	g36419	Cg006G199670
OG0000282	g5538	Cg008G288350, Cg008G323220
OG0000282	g45483	Cg008G288380
OG0000282	g29622	Cg008G288420, Cg008G288390, Cg008G288410, Cg008G288400
OG0000283	g11114, g11113, g39732	Cg008G318960, Cg008G318990, Cg008G318970
OG0000284	g10112	Cg008G323450, Cg008G323400, Cg008G323440, Cg005G189010, Cg008G323430, Cg008G323380
OG0000284	g7689	Cg008G306240, Cg008G306230
OG0000287	g13375	Cg004G137930, Cg004G140040, Cg004G137940
OG0000287	g13376	Cg004G137980
OG0000290	g11997	Cg004G135310
OG0000294	g6947	Cg004G133910
OG0000294	g39522, g25429	Cg003G077590, Cg014G332020
OG0000294	g26892	Cg006G243870
OG0000295	g12173, g12193, g12167, g12172	Cg007G263400
OG0000297	g41326	Cg003G108160
OG0000299	g53411, g29745	Cg001G026230, Cg001G026550
OG0000299	g50959	Cg005G181190
OG0000299	g27806	Cg007G279160
OG0000300	g13574, g6349	Cg004G145480, Cg004G145490
OG0000308	g44591	Cg007G273340
OG0000310	g19547, g28753	Cg002G058430
OG0000311	g45737	Cg008G296830
OG0000311	g36325	Cg006G201410
OG0000311	g6918, g13293	Cg004G134370
OG0000311	g46788	Cg001G036380
OG0000311	g45009	Cg007G265360
OG0000313	g17626	Cg001G028860
OG0000314	g26947, g49462	Cg006G241650
OG0000314	g51309	Cg005G174030
OG0000314	g30904	Cg006G241640
OG0000319	g31094	Cg003G086150, Cg003G108110
OG0000319	g49601, g27017	Cg006G238150
OG0000321	g14307	Cg001G036410
OG0000321	g46809	Cg001G036490, Cg001G035900, Cg001G035950, Cg001G035910, Cg001G035940
OG0000322	g46450	Cg007G279100
OG0000322	g51878, g53520	Cg005G165820
OG0000325	g11614	Cg001G033350
OG0000325	g53445	Cg005G185560
OG0000327	g11293, g11292, g11294	Cg002G052000
OG0000330	g1956	Cg002G046560
OG0000332	g41419	Cg008G300270
OG0000332	g54159	Cg006G199650, Cg004G136440
OG0000334	g2329	Cg002G052730
OG0000334	g37230	Cg005G168750
OG0000334	g16596	Cg014G331210, Cg003G078410
OG0000336	g31719	Cg006G228370
OG0000336	g44587	Cg007G273370
OG0000338	g31209, g27091, g31190, g27095	Cg006G236460, Cg007G252750, Cg006G236370, Cg007G253150
OG0000339	g25359	Cg006G244870
OG0000339	g52289	Cg005G159770
OG0000340	g38215	Cg005G162340
OG0000340	g37505	Cg005G162320
OG0000342	g53972	Cg001G042370
OG0000344	g10089, g10092, g10980	Cg008G305710, Cg008G305700
OG0000345	g27193	Cg006G233290
OG0000347	g12309	Cg004G127590
OG0000347	g36126	Cg007G261820, Cg007G261880, Cg007G261870, Cg007G261860, Cg007G261890, Cg007G261900, Cg007G261920, Cg007G261910, Cg007G261930, Cg007G261840, Cg007G264260, Cg007G264270, Cg007G264250, Cg007G264200, Cg007G264220, Cg007G264180, Cg007G264360, Cg007G264320, Cg007G261830, Cg007G264380, Cg007G264140, Cg007G264280, Cg007G264350, Cg007G264230, Cg007G264290, Cg007G264160, Cg007G264150, Cg007G264240, Cg007G264420, Cg007G264330, Cg007G264300, Cg007G264310, Cg007G264340, Cg007G261850, Cg007G264370, Cg007G264170, Cg007G264190, Cg007G264210, Cg007G264130
OG0000348	g15621, g48271, g41887, g15633	Cg011G329030
OG0000349	g18231	Cg001G004450
OG0000352	g31677	Cg006G229000, Cg007G250610
OG0000353	g32289	Cg001G022220, Cg002G056550, Cg008G295330
OG0000355	g17931	Cg006G203840, Cg006G203800, Cg006G203790, Cg006G203810
OG0000355	g38274	Cg005G187890
OG0000356	g35508, g18523, g37782, g4812, g4800, g4814	Cg008G306390, Cg008G306550
OG0000358	g49447, g30863, g26927	Cg008G289900, Cg006G242200
OG0000358	g29557, g39719	Cg008G319440, Cg008G289890
OG0000358	g45514	Cg008G289880
OG0000359	g32419, g32420, g50521	Cg005G172180
OG0000360	g9656	Cg003G114870
OG0000361	g7378	Cg004G127210
OG0000362	g49471	Cg006G241490
OG0000364	g53150	Cg004G140890
OG0000364	g16505, g24639, g16374, g23229	Cg002G068570
OG0000364	g35057, g16424, g35445, g37807	Cg004G150900, Cg004G149760
OG0000368	g22842	Cg001G002850
OG0000368	g16342	Cg001G002860
OG0000368	g47982	Cg001G002840
OG0000368	g47983	Cg001G002830
OG0000369	g49585	Cg006G238280, Cg003G107530
OG0000369	g28769	Cg002G061220
OG0000370	g47536	Cg001G015500
OG0000371	g7650, g11474	Cg006G220780, Cg005G158480
OG0000371	g3821	Cg005G158470
OG0000372	g17100, g17096, g17097, g17099	Cg001G013540, Cg001G013550, Cg001G013560
OG0000374	g36851, g36855, g36853, g36852, g36854, g54187	Cg006G203210, Cg006G203180, Cg006G203200, Cg006G203220, Cg006G203250, Cg006G203260, Cg006G203240, Cg006G203230, Cg006G203190, Cg006G198280, Cg006G198270, Cg006G198290
OG0000377	g41000	Cg007G249720
OG0000379	g41816	Cg007G257560, Cg002G060420, Cg003G107790, Cg001G025230, Cg005G186070, Cg008G310010
OG0000382	g41120	Cg007G254420
OG0000382	g31165	Cg006G236900
OG0000383	g50490	Cg006G218010, Cg006G217980
OG0000384	g12121	Cg004G131950
OG0000386	g2365	Cg002G053290, Cg002G063780
OG0000386	g10579	Cg002G072490
OG0000387	g37493, g37492	Cg005G162800
OG0000387	g50869	Cg005G162500
OG0000388	g16088, g53768, g43755	Cg001G011290
OG0000390	g13288	Cg002G062740
OG0000391	g27516	Cg006G223580
OG0000392	g2587	Cg002G056620, Cg002G056600
OG0000392	g11310	Cg001G037860, Cg001G037810
OG0000392	g11364	Cg002G056570
OG0000396	g10425	Cg001G030810, Cg002G069030
OG0000396	g4323	Cg002G069060
OG0000398	g12228, g12223	Cg008G310730
OG0000398	g27985, g54333	Cg004G129510, Cg008G309090, Cg006G195010
OG0000400	g50668	Cg008G320060, Cg005G159260, Cg004G145190
OG0000403	g44123	Cg007G250680
OG0000403	g44131, g44135, g17396	Cg007G250640
OG0000405	g24714	Cg007G259010
OG0000406	g5012, g5008	Cg008G297220
OG0000406	g12661	Cg004G118250
OG0000408	g50999, g51010, g51011	Cg005G189700
OG0000411	g13575	Cg004G145680
OG0000411	g23976, g17311	Cg001G019000
OG0000412	g28489	Cg003G101880
OG0000412	g47623	Cg001G013500
OG0000412	g36484	Cg006G198710
OG0000412	g11899	Cg004G137580
OG0000413	g12238	Cg001G014360, Cg003G104010
OG0000414	g50367	Cg006G220700
OG0000415	g4813, g4802	Cg008G292540
OG0000416	g37911	Cg005G174990, Cg005G174850
OG0000416	g49506, g50636	Cg006G240670
OG0000419	g53832	Cg008G310850, Cg008G309170
OG0000422	g49629, g49628	Cg001G020210, Cg006G236580
OG0000422	g27081	Cg006G236590
OG0000423	g12212	Cg007G273210
OG0000423	g27989, g54339	Cg006G195220, Cg004G129870
OG0000425	g36594, g54279	Cg006G196760, Cg004G145250, Cg004G145230, Cg004G145240
OG0000425	g13131	Cg004G127770
OG0000426	g14467	Cg006G210120
OG0000427	g43972, g18058, g26185	Cg004G145850, Cg007G279320
OG0000429	g598	Cg008G305090
OG0000429	g45564, g29450	Cg008G291690
OG0000429	g23276	Cg001G008100
OG0000430	g6127	Cg004G152450
OG0000431	g44045	Cg007G251970
OG0000431	g27100	Cg006G235970
OG0000431	g31232	Cg006G235980
OG0000432	g39358	Cg003G099400
OG0000432	g47588, g17129, g23688	Cg001G014130
OG0000433	g18132, g16748	Cg008G318280
OG0000433	g16614	Cg008G318270
OG0000435	g46992, g26157, g46989	Cg006G224010
OG0000436	g28563	Cg003G104180
OG0000437	g16334	Cg006G211920, Cg006G211880
OG0000437	g32687	Cg006G211940
OG0000438	g40411	Cg003G081140
OG0000439	g49529	Cg006G240170
OG0000439	g2023	Cg002G047030
OG0000439	g51246	Cg005G175260
OG0000440	g12773	Cg004G118560
OG0000440	g17878, g12639	Cg004G118580
OG0000440	g36390	Cg004G118570
OG0000441	g12084, g12086, g12087, g12083	Cg004G132880
OG0000446	g353	Cg003G110320
OG0000446	g27266	Cg006G231520
OG0000447	g7121	Cg004G131200
OG0000447	g50489, g32357	Cg006G218040
OG0000448	g40670	Cg008G324500
OG0000448	g10911	Cg008G324490
OG0000449	g19571	Cg002G061250
OG0000449	g1293, g28780, g41309	Cg003G107590
OG0000449	g19572	Cg002G061240
OG0000449	g41304	Cg003G107580
OG0000453	g54240	Cg005G177990
OG0000454	g890	Cg003G099450
OG0000454	g41237	Cg003G099460
OG0000456	g5590	Cg005G187000
OG0000457	g16865, g5308	Cg008G292890
OG0000457	g28417, g28418	Cg001G040480
OG0000461	g51663	Cg005G168760
OG0000461	g49273	Cg006G245460
OG0000461	g30720, g1438	Cg006G245470
OG0000462	g36218, g36226, g36221, g6231	Cg006G210000
OG0000463	g11422	Cg002G060360
OG0000463	g11421	Cg002G060460, Cg002G060450
OG0000468	g19139, g11288	Cg002G051880
OG0000468	g37303	Cg005G167330
OG0000471	g50497	Cg006G217710
OG0000471	g50496	Cg006G217740, Cg006G217720, Cg006G217730, Cg006G217690
OG0000472	g46683, g46681	Cg001G040820
OG0000472	g18100	Cg001G040810, Cg001G040800
OG0000474	g502, g2678, g19454, g19442, g9989	Cg008G303420
OG0000475	g45250	Cg006G233150, Cg006G233130
OG0000481	g24644	Cg001G029300, Cg003G087600
OG0000483	g39375	Cg003G102670
OG0000487	g12606, g30872, g12810, g7774, g7765	Cg004G120040, Cg005G173270, Cg006G241950
OG0000489	g31982, g32989	Cg004G121500, Cg004G121510
OG0000489	g25938, g25526, g44791, g44879, g17389, g25525	Cg003G094350, Cg003G079680
OG0000492	g1343, g1338, g43635	Cg003G103830
OG0000497	g11659, g23500	Cg008G309780, Cg008G311600
OG0000497	g1698, g52938	Cg008G309770
OG0000497	g35860, g43698	Cg006G209790
OG0000497	g53738	Cg006G209780
OG0000498	g28420, g918	Cg003G100300
OG0000498	g23591	Cg001G012780, Cg006G218710
OG0000499	g24192	Cg001G022510
OG0000499	g12179	Cg004G130580
OG0000500	g11013	Cg008G321810
OG0000500	g18472	Cg008G321740
OG0000501	g32899	Cg006G209830
OG0000501	g2874	Cg004G151200, Cg002G060780
OG0000504	g37317	Cg008G283420
OG0000504	g13045, g12397, g7487	Cg004G125100
OG0000505	g10041	Cg008G304760, Cg008G304720, Cg008G304710
OG0000506	g29695	Cg008G286990
OG0000506	g44625, g16494, g45982	Cg007G272280
OG0000508	g37276	Cg005G170330
OG0000509	g24336	Cg001G024650
OG0000510	g44132, g41019, g41018	Cg007G250480, Cg007G250500
OG0000510	g44133	Cg007G250460
OG0000511	g17679	Cg001G026600
OG0000511	g40900	Cg007G247860
OG0000512	g17267	Cg001G017530
OG0000512	g23904	Cg001G017520
OG0000512	g24586, g23899, g23901	Cg002G068470
OG0000512	g23902	Cg001G017510
OG0000513	g19186	Cg002G052890
OG0000513	g2921	Cg002G061210
OG0000516	g43009	Cg001G039660
OG0000520	g1879	Cg002G045640
OG0000521	g32883, g27873	Cg006G209950
OG0000521	g40242	Cg003G085930
OG0000522	g50671, g32646	Cg006G212940
OG0000522	g50679	Cg006G212930
OG0000523	g32310, g32311, g32309	Cg006G218660
OG0000524	g37932, g37940, g12429	Cg004G123940
OG0000525	g46461	Cg007G279230
OG0000525	g27359	Cg006G228960
OG0000525	g36635	Cg006G196190
OG0000526	g2744	Cg002G059250
OG0000526	g19502	Cg002G059300
OG0000526	g2743	Cg002G059290, Cg002G059270
OG0000532	g32454	Cg008G308940
OG0000533	g18305	Cg001G001030
OG0000535	g40981	Cg002G074680, Cg007G250270
OG0000535	g10730	Cg002G074710
OG0000537	g45190	Cg003G094580, Cg003G079430
OG0000537	g12972	Cg004G123580
OG0000538	g52123	Cg005G162220
OG0000539	g8	Cg007G251010
OG0000540	g37885	Cg005G177480
OG0000540	g51161, g51163	Cg005G177500, Cg005G177490
OG0000541	g51136	Cg005G177760
OG0000541	g46875	Cg005G177620
OG0000542	g5064, g45719	Cg008G296420
OG0000543	g50674, g6257, g6276, g3083, g6273, g6259, g38385	Cg005G190410, Cg005G189960, Cg005G190420, Cg005G190000, Cg005G189950, Cg005G190430, Cg005G189990, Cg005G190400, Cg005G189970, Cg005G190020, Cg005G189980
OG0000545	g44484	Cg007G275530
OG0000546	g6101	Cg004G152970, Cg004G152950, Cg004G152920, Cg004G152930, Cg004G152960, Cg004G152940
OG0000547	g45202, g45181	Cg003G081950, Cg003G081930, Cg003G081960
OG0000551	g206	Cg003G112680
OG0000551	g5442	Cg008G290260
OG0000552	g2664, g24348, g37712, g50813	Cg006G222430
OG0000554	g40964	Cg007G248970
OG0000555	g25667	Cg003G081530
OG0000556	g11687	Cg004G142770
OG0000557	g1926	Cg002G046330
OG0000557	g52194	Cg005G161030
OG0000557	g16296	Cg005G161040
OG0000558	g45137, g6394, g37094, g37077, g37420	Cg005G164040, Cg005G164030, Cg004G144890
OG0000559	g5764	Cg008G283670
OG0000559	g45334	Cg008G284340
OG0000560	g28744, g39227	Cg003G107170
OG0000561	g9727	Cg008G302100, Cg003G090310, Cg003G095750, Cg003G113090, Cg003G113110
OG0000562	g12524, g12903	Cg004G121670
OG0000562	g29300, g5178	Cg008G294850
OG0000562	g4833	Cg008G306290
OG0000564	g54035	Cg001G008860
OG0000564	g51022, g51021	Cg005G189640, Cg005G189660
OG0000565	g18012	Cg008G295270
OG0000566	g41560	Cg008G300820
OG0000566	g41399	Cg008G300980
OG0000567	g13274	Cg008G292520
OG0000570	g7906	Cg004G117190
OG0000571	g830	Cg003G108460
OG0000571	g31103, g31105	Cg006G237990, Cg006G238000
OG0000572	g53091	Cg007G274000
OG0000573	g1437	Cg007G250770, Cg007G250800
OG0000574	g21420, g15759	Cg007G257570
OG0000578	g31250	Cg006G235600
OG0000578	g44098	Cg007G251220
OG0000578	g49727	Cg006G221520
OG0000579	g23738	Cg001G042350, Cg001G015010
OG0000581	g13025, g2527, g7507	Cg004G124880, Cg004G124890
OG0000582	g797	Cg008G302230
OG0000582	g40099	Cg005G180390
OG0000584	g23547	Cg001G012010
OG0000585	g32425, g51449, g37082, g7149	Cg004G130730, Cg005G172160, Cg006G216450
OG0000586	g18462	Cg008G317030
OG0000587	g45222	Cg014G331710, Cg003G077950
OG0000587	g50800	Cg005G158850
OG0000588	g12159	Cg004G131080
OG0000588	g51276, g52074	Cg005G163370
OG0000588	g54285	Cg006G196360
OG0000589	g1289, g41302	Cg003G107490
OG0000589	g2922	Cg002G061190, Cg002G061200
OG0000590	g12549	Cg006G243560
OG0000591	g16963	Cg001G009410
OG0000591	g31850	Cg002G057870
OG0000592	g6901	Cg004G134690
OG0000592	g50029, g27399, g31749	Cg006G227950
OG0000593	g25927	Cg001G026500
OG0000593	g13347	Cg007G253070
OG0000595	g19605	Cg002G063260
OG0000596	g39380	Cg003G102460
OG0000599	g4465, g28112, g2282	Cg005G181640
OG0000600	g17007, g23476	Cg001G011170
OG0000601	g5112, g45694	Cg008G295790
OG0000601	g16898	Cg001G039300
OG0000602	g5741	Cg008G284060
OG0000602	g19206	Cg002G053370
OG0000602	g12391, g7465, g13062	Cg004G125440
OG0000604	g11148, g37743	Cg002G043840
OG0000605	g44550	Cg007G274490
OG0000605	g46114, g44551	Cg007G274500
OG0000606	g54263, g36563	Cg006G197370
OG0000607	g6843	Cg004G135710
OG0000607	g23142	Cg001G006330
OG0000612	g37413	Cg005G164120
OG0000613	g12753	Cg004G117600
OG0000613	g18086	Cg001G038460
OG0000614	g5483, g5477, g5478, g5481	Cg003G083720, Cg003G083730
OG0000615	g47953, g22949, g18248	Cg001G003930
OG0000617	g25435	Cg014G331930, Cg003G077690, Cg014G331920, Cg003G077700
OG0000617	g39480	Cg014G332730, Cg003G076870
OG0000618	g46462	Cg007G279240
OG0000618	g23624	Cg001G013140
OG0000619	g38064	Cg005G169350, Cg005G169330
OG0000619	g19197, g2358	Cg002G053130
OG0000620	g27410, g50047	Cg006G227500
OG0000620	g44549, g46124	Cg007G274540
OG0000621	g25662	Cg003G080980
OG0000621	g46832	Cg001G035510, Cg007G255970
OG0000626	g44259	Cg007G246710
OG0000627	g23678	Cg007G266770
OG0000627	g47594	Cg001G013990
OG0000628	g46398	Cg007G278590
OG0000628	g11992	Cg004G135400
OG0000628	g13318	Cg006G208420
OG0000632	g18715, g1892, g37597	Cg003G076000, Cg002G045850
OG0000633	g31589	Cg006G230570
OG0000634	g50687, g39240	Cg003G106960, Cg003G106970
OG0000635	g51197, g37897	Cg005G176520
OG0000636	g45438	Cg008G286670
OG0000636	g29704	Cg005G180860, Cg008G286680, Cg008G286690
OG0000640	g44684, g44686	Cg006G225210
OG0000641	g13399	Cg004G138830
OG0000641	g11857	Cg004G138840
OG0000642	g46703, g46704	Cg001G039230, Cg001G039250, Cg001G039260
OG0000642	g37779	Cg001G039280, Cg001G039290
OG0000645	g16321, g17740	Cg001G027980, Cg002G058030, Cg001G028010
OG0000645	g24549	Cg001G028030
OG0000646	g10368	Cg002G068200
OG0000646	g12697	Cg004G117060
OG0000647	g29845, g12395, g7477	Cg008G283720
OG0000648	g18725, g18726, g18727, g18724	Cg007G250430, Cg002G043950
OG0000649	g53982	Cg006G207250
OG0000649	g50135	Cg006G225590
OG0000649	g46253	Cg007G276770
OG0000650	g43973	Cg008G323250
OG0000652	g484, g485, g9960	Cg008G303080, Cg008G303060, Cg008G303090
OG0000653	g740	Cg008G301300
OG0000655	g11478, g30353, g42069, g15723, g38784, g11477, g34951, g32723, g27501, g37433, g37431, g37432, g52863, g29309, g19266, g23172, g31689, g4123, g633, g23353, g52862, g51248, g14952, g29956, g30352, g26800, g34947, g27315, g48841, g53799, g24310, g8621, g42073, g31974, g24409, g23553, g44765, g15602, g31973, g34361, g14953, g26293, g13114, g8625, g41015, g34929, g9623, g21112, g42070, g48840, g27322, g26799	Cg008G312870
OG0000658	g10133, g4789	Cg008G306770, Cg002G052670, Cg002G070930
OG0000660	g27009	Cg006G238730
OG0000660	g2820, g11418	Cg002G060220
OG0000660	g39246	Cg003G106780
OG0000661	g51258, g51261, g39834	Cg005G175080
OG0000662	g5081	Cg008G296140
OG0000662	g6216, g7879	Cg004G117510
OG0000663	g44868	Cg007G267970
OG0000663	g32229	Cg006G219810
OG0000663	g44869	Cg007G267960
OG0000665	g1443	Cg002G071770
OG0000666	g17009	Cg006G199060, Cg001G011240, Cg006G199070
OG0000669	g52160, g37530	Cg005G161680
OG0000669	g13190	Cg004G129440
OG0000669	g10812	Cg002G075620
OG0000671	g28292, g22608, g22602, g46709	Cg001G038980, Cg001G038990
OG0000672	g37974	Cg005G172330
OG0000672	g23019	Cg001G005000
OG0000672	g32394	Cg006G217430
OG0000673	g38393	Cg005G190050
OG0000674	g30793	Cg006G243600
OG0000674	g50833, g37733	Cg005G158060
OG0000674	g39558	Cg014G331360, Cg003G078290
OG0000675	g31625, g49954, g51289	Cg006G229960
OG0000677	g50336	Cg006G221400, Cg006G221380, Cg006G221390, Cg006G221370
OG0000677	g50338	Cg006G221350
OG0000678	g1972	Cg006G214830, Cg006G214880, Cg006G214860, Cg006G214850
OG0000679	g42765, g14391, g53443, g24935	Cg003G087780
OG0000682	g14429, g53126	Cg006G202670
OG0000685	g47697	Cg001G011050
OG0000685	g23710	Cg001G014490
OG0000686	g47857	Cg001G006490
OG0000687	g17578	Cg001G024670
OG0000687	g37589	Cg005G160620
OG0000688	g1520, g1518	Cg002G074580
OG0000689	g40273, g32732	Cg006G223150, Cg006G210940, Cg003G084980
OG0000692	g18931	Cg002G047610, Cg002G047600
OG0000692	g1998	Cg002G047590
OG0000693	g19066	Cg002G050630
OG0000693	g37337	Cg005G166320
OG0000694	g50998	Cg005G189730
OG0000695	g41726, g6247, g40992	Cg006G202130, Cg006G202150, Cg007G249860
OG0000697	g36466, g36467	Cg006G198940
OG0000698	g47464	Cg004G125010
OG0000699	g25848	Cg001G035790
OG0000700	g37868, g37867, g37860	Cg005G177830
OG0000702	g45660, g29306	Cg008G294680
OG0000702	g10477	Cg002G070800
OG0000702	g7936	Cg004G116410
OG0000703	g29827	Cg008G284440
OG0000703	g2392	Cg002G053740
OG0000704	g17405, g24115	Cg001G020990
OG0000706	g587	Cg008G304870, Cg008G304860
OG0000706	g9735	Cg003G112850
OG0000707	g44848	Cg002G055970
OG0000708	g27159	Cg006G234380
OG0000709	g29021	Cg008G298180
OG0000710	g31477	Cg006G232190
OG0000711	g36985	Cg006G243760
OG0000712	g12937	Cg004G122720
OG0000714	g41820	Cg007G266550
OG0000716	g19482	Cg001G035590
OG0000716	g46826, g46814	Cg001G035630, Cg001G035640
OG0000718	g7358	Cg004G127540
OG0000719	g28768	Cg003G107520
OG0000719	g49733, g14247	Cg001G029040
OG0000720	g1754	Cg002G044040
OG0000720	g39542	Cg014G331600, Cg003G078090
OG0000721	g6993	Cg004G133230
OG0000722	g45812	Cg007G270140
OG0000722	g31518	Cg006G231610
OG0000723	g18529	Cg008G305990
OG0000723	g4864	Cg008G306000
OG0000724	g19102, g2219	Cg007G268070
OG0000726	g18445, g18444	Cg008G311850, Cg008G306710, Cg002G066420
OG0000726	g51076	Cg004G142450, Cg005G190590, Cg005G191890, Cg005G191900
OG0000728	g29070	Cg008G299090
OG0000728	g29071	Cg008G299110
OG0000730	g10673	Cg002G074010
OG0000730	g31492	Cg006G231930
OG0000732	g23718	Cg001G014590
OG0000732	g11321	Cg002G053890
OG0000733	g43317, g53596	Cg001G029600
OG0000735	g28538	Cg003G103340
OG0000736	g45529, g29507	Cg008G290670
OG0000736	g38503	Cg005G192530
OG0000736	g22748	Cg001G001710
OG0000737	g38444	Cg005G191560
OG0000738	g51327	Cg005G173620
OG0000741	g36715	Cg006G194800
OG0000749	g10608	Cg006G232590
OG0000749	g32196	Cg006G220250
OG0000750	g40831	Cg003G087530, Cg001G025700
OG0000752	g18564	Cg008G304630
OG0000752	g29481	Cg008G291200
OG0000753	g53790	Cg006G205300, Cg006G205270
OG0000754	g28181	Cg006G206090
OG0000754	g42706	Cg004G147380
OG0000754	g42720, g42742	Cg008G317070
OG0000755	g25545	Cg003G093960, Cg003G080030
OG0000756	g47929	Cg001G004510
OG0000757	g37224	Cg002G052790, Cg005G168880
OG0000758	g46550	Cg007G280560
OG0000758	g39816	Cg005G174590
OG0000758	g31624	Cg006G229970
OG0000759	g26999	Cg006G239020
OG0000760	g51911	Cg005G165490
OG0000760	g19031	Cg005G165570
OG0000762	g5942	Cg004G156220
OG0000763	g27997, g54354, g36680	Cg006G195580
OG0000763	g36679	Cg006G195570
OG0000764	g28045, g28051	Cg006G198640, Cg006G199090
OG0000765	g1550, g2438, g2440, g2441	Cg002G054830, Cg008G311840, Cg008G315080
OG0000772	g10410	Cg002G069280
OG0000773	g44749	Cg006G221120, Cg007G269990, Cg002G069900
OG0000774	g47581	Cg001G014380
OG0000774	g6414	Cg004G142810
OG0000776	g37342	Cg005G166180
OG0000776	g13022, g7512	Cg004G124820, Cg004G126990
OG0000777	g39401	Cg003G102020
OG0000778	g5274	Cg008G293530
OG0000779	g17303, g47419	Cg001G018640
OG0000779	g25660	Cg003G081040
OG0000780	g22739	Cg001G001620
OG0000780	g38506	Cg005G192490
OG0000780	g29511	Cg008G290580
OG0000781	g37478, g38223	Cg005G161950
OG0000781	g37524	Cg005G161940
OG0000783	g772	Cg008G301820
OG0000783	g29397	Cg002G064100
OG0000784	g807	Cg008G302400
OG0000785	g18150	Cg001G007050
OG0000785	g29776	Cg008G285560
OG0000786	g432	Cg003G108880
OG0000786	g9918	Cg003G108890
OG0000788	g3012	Cg002G062390
OG0000789	g44317	Cg007G280200
OG0000789	g13146	Cg006G194100
OG0000790	g36677	Cg006G195640, Cg006G195620
OG0000790	g36678	Cg006G195610
OG0000794	g51082, g51084	Cg005G179140, Cg005G179150
OG0000796	g4059	Cg001G018910
OG0000798	g24266, g17563, g47178	Cg001G023620, Cg001G024420
OG0000800	g41234	Cg002G073650
OG0000801	g29782	Cg008G285490
OG0000801	g29780	Cg008G285510
OG0000801	g13101	Cg004G126190
OG0000802	g10953	Cg008G323490
OG0000803	g47325	Cg001G020920
OG0000803	g17401	Cg001G020930
OG0000805	g17702	Cg004G139450
OG0000806	g18426	Cg008G319250
OG0000807	g37537	Cg005G161560
OG0000807	g7952	Cg004G116160
OG0000808	g39999	Cg005G178330
OG0000808	g19564, g2880	Cg002G060860
OG0000808	g1260	Cg003G106930
OG0000809	g32151, g50360, g27587	Cg006G220900
OG0000810	g36472	Cg006G198980
OG0000811	g16691, g44674, g41257	Cg002G069880
OG0000812	g53541	Cg005G180940
OG0000813	g6955	Cg004G133780
OG0000814	g28789, g41316, g41317, g41315, g862, g860	Cg003G107820, Cg003G085970
OG0000818	g2629	Cg002G057590
OG0000818	g47643	Cg001G012930
OG0000818	g40738	Cg007G245560
OG0000819	g12365	Cg004G126210
OG0000819	g2161	Cg002G050070
OG0000821	g1309	Cg003G098580
OG0000823	g40691, g10891	Cg008G324800
OG0000823	g47213	Cg001G023440
OG0000824	g32658, g27798	Cg006G212730
OG0000824	g40312	Cg003G083770
OG0000825	g1837	Cg002G045150
OG0000825	g52299, g37652	Cg005G159470
OG0000826	g19425	Cg008G321150
OG0000826	g52166, g37548	Cg005G161390
OG0000827	g985	Cg003G102230
OG0000827	g47835, g5823	Cg008G282540
OG0000828	g51317, g51340, g51316	Cg005G173600, Cg005G173850, Cg003G097070
OG0000829	g45753	Cg008G297830
OG0000831	g27461	Cg006G225520, Cg006G225530
OG0000833	g7141	Cg004G130960
OG0000834	g6862	Cg004G135270
OG0000834	g35772, g23450, g25571, g23449, g28089	Cg006G200740
OG0000835	g11975, g6829	Cg004G135790
OG0000835	g36401	Cg006G200030
OG0000837	g27166	Cg006G234310
OG0000838	g52396, g52380	Cg008G308160
OG0000844	g7481	Cg004G125230
OG0000844	g29846, g5767	Cg008G283640
OG0000846	g18149, g23193	Cg001G007070, Cg008G300000, Cg002G062540
OG0000847	g29549	Cg008G290080
OG0000847	g219	Cg003G112490
OG0000848	g49348	Cg001G033730, Cg006G244290
OG0000849	g1795	Cg002G044730
OG0000850	g18713	Cg002G045440
OG0000851	g52005	Cg005G164180
OG0000851	g2106	Cg002G048830
OG0000852	g28951, g25653, g40413	Cg003G081090
OG0000853	g25495	Cg003G094800
OG0000854	g37834, g40042	Cg005G178980
OG0000855	g11395, g2757	Cg002G059040
OG0000855	g340	Cg003G110450
OG0000857	g14408, g6195	Cg008G317780, Cg002G066130
OG0000857	g19417	Cg002G057800
OG0000861	g41660, g41683, g41662, g41633, g36966, g36993, g36967	Cg008G295830
OG0000868	g45455, g5591, g29666	Cg008G287420
OG0000868	g12305, g7345, g13126	Cg004G127670
OG0000869	g47214, g17532	Cg008G324790
OG0000870	g50492, g50452	Cg006G218420
OG0000871	g7867	Cg004G117640
OG0000871	g18093	Cg001G038170
OG0000872	g39803	Cg005G174170
OG0000875	g31012	Cg006G239610
OG0000877	g37254	Cg005G162200
OG0000883	g7738, g12824, g12583	Cg004G120520, Cg001G005560
OG0000884	g32204, g27609	Cg006G220070
OG0000885	g50244	Cg006G223510
OG0000885	g17066, g23580	Cg001G012610
OG0000886	g37044	Cg008G318350
OG0000888	g11209, g1980, g18951	Cg002G047840
OG0000888	g52055	Cg005G163520
OG0000889	g2212, g19095	Cg002G051090
OG0000890	g2336, g19181	Cg002G052850
OG0000890	g51643	Cg005G169010
OG0000891	g32036, g27518	Cg006G223520
OG0000892	g602	Cg008G305220
OG0000893	g18572	Cg008G303820, Cg008G303810
OG0000898	g28026	Cg006G197730
OG0000900	g49875	Cg006G232460
OG0000900	g31459, g53611	Cg006G232450
OG0000901	g2658, g2672, g24339, g17581	Cg001G024700
OG0000902	g5640, g29730	Cg008G286220
OG0000902	g12349	Cg004G126600
OG0000903	g29451	Cg008G291670
OG0000903	g46806	Cg002G062240, Cg002G062220
OG0000904	g45532	Cg008G290810
OG0000904	g23312	Cg001G008880
OG0000905	g29506	Cg008G290680
OG0000906	g18661	Cg003G112910
OG0000906	g29526	Cg008G290420
OG0000907	g24176, g17469	Cg001G022170
OG0000907	g40587, g10964	Cg008G323080
OG0000908	g22696	Cg001G001080, Cg004G121360, Cg005G193190
OG0000909	g50312	Cg006G221900
OG0000910	g28800	Cg003G107900
OG0000910	g41318	Cg003G107890
OG0000911	g19649	Cg003G115090
OG0000911	g11359, g19349	Cg002G056130
OG0000912	g45240, g25475, g39592	Cg014G330920, Cg003G078630
OG0000912	g49396	Cg006G243400
OG0000913	g50285, g44694	Cg006G222560, Cg007G271050
OG0000915	g2397	Cg002G053780
OG0000915	g37165	Cg005G170130
OG0000917	g31431	Cg006G232840
OG0000917	g23320	Cg006G232860, Cg006G232850
OG0000918	g46686	Cg001G029770
OG0000919	g6958	Cg004G133710, Cg004G133740, Cg004G133750
OG0000921	g36381, g36403	Cg006G199990, Cg006G199970
OG0000922	g16101	Cg005G176240, Cg002G071160, Cg005G189050, Cg001G028120
OG0000923	g26772, g26765, g26752, g26764	Cg003G096160, Cg003G096130, Cg003G090580
OG0000924	g22936, g18251	Cg001G003800, Cg006G206780, Cg003G091340
OG0000924	g13980	Cg004G154270
OG0000930	g13896	Cg004G156100
OG0000930	g23477, g17008	Cg001G011180
OG0000931	g12990	Cg004G124190
OG0000931	g12335	Cg004G126890
OG0000932	g13128, g12299	Cg004G127700
OG0000933	g17162	Cg001G015200
OG0000933	g41220, g28366	Cg003G099100
OG0000934	g17415	Cg001G021230
OG0000935	g25539	Cg003G079860, Cg003G094160
OG0000935	g17365, g24033	Cg001G019870
OG0000936	g47385	Cg001G019400
OG0000937	g17236	Cg003G086600
OG0000937	g23857	Cg001G016930
OG0000938	g22721	Cg008G305500, Cg001G001460
OG0000938	g22720	Cg001G001440
OG0000939	g18311	Cg005G193500, Cg005G193490
OG0000940	g11622	Cg004G145690
OG0000940	g22969	Cg001G033460
OG0000941	g24567	Cg001G028160
OG0000941	g49502, g30936	Cg006G240800
OG0000942	g24536, g6533, g17723	Cg001G027900, Cg004G140870, Cg005G162110
OG0000943	g12546	Cg004G121390, Cg008G306640
OG0000945	g29151, g29149	Cg008G297310
OG0000946	g5833	Cg008G282340
OG0000946	g5834	Cg008G282330
OG0000947	g29237, g5091	Cg008G295950
OG0000947	g12689, g7889	Cg004G117390
OG0000948	g37318	Cg002G051220, Cg005G166790
OG0000950	g4810, g10118	Cg008G306410
OG0000950	g32990	Cg004G121620
OG0000952	g13643	Cg007G279180
OG0000953	g2592	Cg002G056770, Cg002G056740, Cg002G056730
OG0000954	g6806	Cg004G136070
OG0000954	g6801	Cg004G136080
OG0000958	g18479	Cg007G249620, Cg007G249660, Cg007G249630, Cg007G249640, Cg007G249650, Cg007G249250, Cg007G249240, Cg007G249230, Cg007G249210, Cg008G313590, Cg007G249220, Cg007G249260
OG0000962	g45549	Cg002G069340
OG0000963	g7494	Cg004G125020
OG0000964	g26701	Cg003G091510
OG0000965	g7238	Cg004G129490
OG0000965	g47303	Cg001G021420
OG0000966	g17414	Cg001G021220
OG0000967	g27912	Cg006G208540
OG0000967	g50234, g27514	Cg006G223750
OG0000968	g46773	Cg001G036860
OG0000968	g25184, g16220	Cg001G036850
OG0000969	g40496	Cg008G320930
OG0000970	g18677, g76, g10717	Cg003G114490
OG0000971	g12613, g2066	Cg002G050560
OG0000972	g4838, g18527	Cg008G306250
OG0000973	g7660, g12501	Cg004G122110
OG0000975	g31877	Cg006G226270
OG0000977	g1479, g2807	Cg002G059970
OG0000977	g2808	Cg002G060010
OG0000978	g2943	Cg002G061540, Cg002G061530
OG0000979	g47124, g24424	Cg008G319100, Cg008G319070, Cg008G319160, Cg008G319120, Cg008G319080, Cg008G319110, Cg008G319090
OG0000979	g24425	Cg001G025600
OG0000980	g28734	Cg005G185490
OG0000983	g778	Cg008G301920
OG0000986	g47772	Cg001G009330, Cg004G148460
OG0000987	g50608	Cg006G214510
OG0000988	g29708	Cg008G286600
OG0000988	g13113	Cg004G127030
OG0000989	g4496, g3840, g28360, g26454	Cg001G034280, Cg003G098720
OG0000989	g37017, g37018	Cg008G315380, Cg001G036560
OG0000990	g24213, g17494	Cg001G022750
OG0000991	g32657	Cg006G212740, Cg006G212750
OG0000992	g36959, g50882, g54088	Cg005G193070
OG0000992	g22703	Cg001G001180
OG0000993	g13525, g11661, g6390	Cg004G143300, Cg001G040010
OG0000994	g39943	Cg005G176710
OG0000995	g51255	Cg005G175140
OG0000995	g30960	Cg006G240330
OG0000996	g37900	Cg005G175960
OG0000996	g31018	Cg006G239550
OG0000997	g12610	Cg004G119800, Cg006G232510
OG0000998	g37327, g51789	Cg005G166590
OG0000998	g2194	Cg002G050950
OG0001000	g29281	Cg008G295070
OG0001001	g18547, g18546	Cg008G305680
OG0001001	g51023	Cg008G305640, Cg008G305660, Cg008G305670, Cg008G305650
OG0001002	g13165, g7245	Cg004G129200
OG0001002	g54314	Cg006G194640
OG0001003	g13245	Cg004G132120
OG0001003	g36579	Cg006G197170
OG0001008	g23485	Cg001G011250
OG0001008	g17010	Cg001G011260
OG0001009	g34447	Cg001G010900
OG0001010	g27725, g50616	Cg006G214300
OG0001010	g51531	Cg005G171020
OG0001011	g27768	Cg006G214110
OG0001012	g41088, g41084, g41091, g44006	Cg007G253190
OG0001012	g27090	Cg006G236470
OG0001013	g11006	Cg007G261710, Cg007G261330, Cg007G261700
OG0001014	g10270	Cg008G312280, Cg008G312240
OG0001015	g47552, g23748	Cg001G015150
OG0001016	g45562, g29459	Cg008G291560
OG0001016	g10052	Cg008G304900
OG0001017	g144	Cg003G113600
OG0001018	g45502, g29578, g5494, g9985	Cg008G303340
OG0001019	g47225	Cg001G023320
OG0001019	g40682	Cg008G324660
OG0001020	g47245	Cg001G023010
OG0001020	g40644, g10924	Cg008G324240
OG0001021	g18748	Cg002G043740
OG0001021	g37763	Cg005G157750
OG0001022	g50817	Cg005G158440
OG0001022	g38328	Cg008G295120
OG0001022	g1762	Cg002G044320
OG0001023	g13766	Cg008G302720, Cg004G154680
OG0001024	g37905	Cg005G175210, Cg005G175230
OG0001025	g31022	Cg006G239470
OG0001025	g39900, g51220	Cg005G176090
OG0001026	g12738, g7923	Cg004G116850
OG0001026	g29274	Cg008G295370
OG0001027	g27224	Cg006G232470
OG0001027	g31437	Cg006G234800
OG0001028	g19114	Cg002G051340
OG0001029	g32015, g27506	Cg006G224090
OG0001029	g46377	Cg007G278280
OG0001030	g46220	Cg007G276150
OG0001031	g50115	Cg006G226000
OG0001031	g46230	Cg007G276300
OG0001032	g46291	Cg007G277250
OG0001032	g31961, g50165	Cg006G224970
OG0001033	g42963, g42965	Cg005G164590
OG0001034	g50282	Cg006G222600
OG0001034	g45873, g44690	Cg007G271130
OG0001035	g1629	Cg004G119960
OG0001036	g46468	Cg007G279340
OG0001036	g46469	Cg007G279350
OG0001037	g44303	Cg007G280410
OG0001038	g12253	Cg004G128790
OG0001038	g7266	Cg004G128800, Cg004G128780
OG0001039	g36304	Cg006G201560
OG0001039	g6935	Cg004G134100
OG0001040	g28032	Cg006G198110
OG0001040	g6683	Cg004G138190
OG0001041	g19512, g19511	Cg002G059490
OG0001042	g14335	Cg003G086340
OG0001043	g36524	Cg006G197900
OG0001043	g36525	Cg006G197880
OG0001044	g2210, g19086	Cg002G051030
OG0001045	g2937, g2912, g2933	Cg002G061730, Cg002G061740, Cg002G061710, Cg002G061420
OG0001048	g45421, g45419	Cg008G285980
OG0001048	g17845, g45573	Cg008G292100
OG0001051	g23035	Cg001G005210
OG0001053	g41060	Cg007G252050
OG0001053	g27098	Cg008G319240
OG0001053	g49716	Cg006G236030
OG0001054	g40938, g38261	Cg007G248690
OG0001055	g6371, g16676, g16674	Cg002G073470
OG0001056	g13098	Cg004G126090
OG0001056	g5691	Cg008G285170
OG0001057	g47639	Cg001G012980, Cg003G101330
OG0001058	g24289, g17556	Cg001G023830
OG0001058	g47940, g22966	Cg001G004310
OG0001059	g40535	Cg008G321860
OG0001059	g24114, g17402	Cg001G020960
OG0001060	g17809, g24580	Cg001G028550
OG0001060	g6503	Cg004G141450
OG0001061	g6557	Cg004G140280
OG0001061	g47060	Cg001G027410, Cg001G027420
OG0001062	g2597, g19373	Cg002G056860
OG0001063	g47040, g44040, g7688	Cg004G121700
OG0001064	g51622	Cg005G169470
OG0001064	g19204, g2368	Cg002G053300
OG0001065	g37200	Cg005G169290
OG0001065	g2350	Cg002G053100
OG0001066	g51631, g38065	Cg005G169280
OG0001066	g2349, g19195	Cg002G053090
OG0001067	g44345, g46495	Cg007G279690
OG0001067	g49979, g31659	Cg006G229270
OG0001068	g44609, g45995	Cg007G272830
OG0001069	g46181	Cg007G275550
OG0001069	g50084	Cg006G226630
OG0001070	g32197	Cg006G220230, Cg004G153470
OG0001071	g31500	Cg006G231870
OG0001071	g31501, g25931	Cg006G231860
OG0001072	g19445	Cg008G303550, Cg002G057900
OG0001073	g54336	Cg006G194220, Cg006G196340, Cg008G321390
OG0001074	g26813, g53638, g42668, g42659, g4054, g3459, g44889	Cg007G267550
OG0001075	g13240, g12117, g12118	Cg006G197020, Cg004G132050
OG0001079	g36973, g12736	Cg006G219620
OG0001084	g13849	Cg004G156900
OG0001084	g47674	Cg001G012060
OG0001085	g13898	Cg004G156040
OG0001086	g23182, g18153	Cg001G006950
OG0001086	g6220	Cg004G148040
OG0001087	g23067	Cg001G005580
OG0001089	g16485	Cg002G069650
OG0001089	g10400	Cg002G069620
OG0001091	g2682, g19439	Cg002G058070
OG0001091	g1352	Cg003G097140
OG0001092	g1033	Cg003G103100
OG0001092	g5587	Cg008G287630
OG0001093	g41427, g650	Cg008G299800
OG0001093	g5323, g45586	Cg008G292620
OG0001094	g29524	Cg008G290440
OG0001094	g164	Cg003G112950
OG0001096	g2044	Cg002G048270
OG0001096	g52024	Cg005G163960
OG0001097	g1242	Cg002G060290, Cg002G060280
OG0001098	g123	Cg003G113860
OG0001099	g25399	Cg003G077020, Cg014G332600
OG0001100	g37922	Cg005G174480
OG0001100	g49491	Cg006G240970
OG0001101	g45664	Cg008G294840
OG0001101	g13606	Cg005G179890, Cg005G179990, Cg005G179950, Cg005G179870
OG0001102	g7885	Cg004G117400
OG0001102	g29235	Cg008G296020
OG0001103	g10167	Cg008G307550
OG0001105	g46568	Cg007G280810
OG0001105	g49952, g27323	Cg006G230100
OG0001106	g49982, g31674	Cg006G229080
OG0001106	g46483	Cg007G279520
OG0001107	g50019, g31737	Cg006G228110
OG0001108	g44509	Cg007G275190
OG0001109	g46369	Cg007G278150
OG0001109	g32009	Cg006G224230
OG0001110	g45825	Cg007G270350
OG0001110	g27567	Cg006G221540
OG0001111	g44903	Cg007G267350
OG0001111	g50412	Cg006G219210
OG0001112	g4581	Cg008G308320, Cg008G310530, Cg008G308880
OG0001113	g5584	Cg008G287700
OG0001114	g26057, g29675, g26080, g14752, g8695	Cg003G101840
OG0001115	g45996	Cg007G272910
OG0001115	g31697	Cg006G228630
OG0001116	g28033	Cg006G198210
OG0001116	g6688	Cg004G138070
OG0001117	g24426	Cg001G025620
OG0001120	g22964, g47945	Cg001G004200
OG0001120	g6045	Cg004G153880
OG0001122	g31729	Cg008G312130, Cg008G312150, Cg004G153130
OG0001124	g17104, g23657	Cg001G013610
OG0001124	g47621	Cg003G083520
OG0001125	g45025, g32527	Cg006G214750
OG0001125	g51533	Cg005G170980
OG0001127	g31536	Cg006G231330
OG0001127	g10732	Cg002G074740
OG0001128	g10631	Cg002G073250
OG0001128	g31465, g49877	Cg006G232370
OG0001129	g10382	Cg002G069980
OG0001130	g10319, g16265	Cg002G065630
OG0001130	g46920	Cg001G038590
OG0001131	g23730	Cg001G014890
OG0001131	g39310	Cg003G104840
OG0001132	g29844, g5762	Cg008G283760
OG0001132	g7476	Cg004G125310
OG0001133	g17111	Cg001G013830
OG0001133	g1001	Cg003G102440
OG0001134	g5272, g5271, g45622, g29355	Cg008G293580
OG0001135	g29536	Cg008G290350
OG0001136	g47242, g24232, g17506	Cg001G023060
OG0001136	g40650	Cg008G324330
OG0001137	g10993	Cg008G322450
OG0001137	g17436	Cg001G021400
OG0001138	g23966	Cg001G018720
OG0001139	g32270	Cg006G219310
OG0001140	g22956	Cg001G004010
OG0001140	g13993	Cg004G153980
OG0001141	g2867	Cg002G060590, Cg002G060560
OG0001142	g6574	Cg004G139820
OG0001142	g11806	Cg008G310310, Cg008G308650, Cg001G027020
OG0001143	g52233	Cg005G160690
OG0001143	g1906	Cg002G046010
OG0001144	g1933, g18858	Cg002G046480
OG0001144	g37547	Cg005G161400
OG0001146	g37399, g38167	Cg005G164350
OG0001146	g7437	Cg004G125930
OG0001148	g9755	Cg003G112480
OG0001148	g220	Cg008G290070
OG0001149	g2491, g19321	Cg002G055650
OG0001149	g19632	Cg003G115540
OG0001150	g29202	Cg008G296400
OG0001150	g7865	Cg004G117690
OG0001151	g12476	Cg004G122810
OG0001151	g10202	Cg008G308750, Cg008G310410
OG0001152	g19032	Cg002G049980
OG0001152	g51912	Cg005G165500
OG0001154	g44475, g46190	Cg007G275700
OG0001155	g50128	Cg006G225740
OG0001156	g50299, g32096	Cg006G222320
OG0001156	g45854, g35995, g22228, g22334, g35994	Cg007G270860
OG0001157	g31315	Cg006G234530
OG0001159	g44389	Cg007G277290
OG0001159	g44390	Cg007G277280
OG0001160	g36717	Cg006G194790
OG0001161	g6686	Cg004G138130
OG0001161	g54219	Cg006G198140
OG0001162	g54120, g54121	Cg006G200430, Cg006G200420
OG0001166	g36956	Cg005G192670
OG0001166	g38518	Cg005G193030
OG0001169	g39433, g28457	Cg003G101340
OG0001170	g10143	Cg008G306930
OG0001171	g40989	Cg007G250050
OG0001172	g31481	Cg006G232130
OG0001173	g17141	Cg001G014610
OG0001173	g17145	Cg007G246030
OG0001174	g12357	Cg004G126410
OG0001174	g29755	Cg008G285880
OG0001175	g1055	Cg003G103460
OG0001175	g23700	Cg001G014230
OG0001176	g9715	Cg003G113430
OG0001176	g29498, g45539	Cg008G290890
OG0001177	g5524, g5527	Cg008G288780, Cg008G288740
OG0001178	g29609	Cg008G288600
OG0001179	g24168	Cg001G022060
OG0001180	g47317	Cg001G021120
OG0001180	g40540	Cg008G321960
OG0001181	g47399	Cg001G019240
OG0001181	g40455	Cg003G093720, Cg003G080260
OG0001182	g51414	Cg005G172520
OG0001182	g32375	Cg006G217770
OG0001183	g47934	Cg001G004390
OG0001183	g6051, g14007	Cg004G153780
OG0001184	g1810	Cg002G044820
OG0001184	g50789	Cg005G159110
OG0001185	g1835	Cg002G045090
OG0001185	g37654	Cg005G159410
OG0001187	g39793	Cg005G174350
OG0001187	g26954	Cg006G241080
OG0001188	g5594	Cg008G287300
OG0001188	g39949	Cg005G176780
OG0001189	g7940	Cg004G116380
OG0001189	g5188	Cg008G294620
OG0001190	g4934, g29034, g41480	Cg008G298530
OG0001191	g10149	Cg008G307010
OG0001191	g12854, g12562	Cg004G121020
OG0001192	g17606	Cg001G025140
OG0001192	g22610, g49017, g16415	Cg005G183680
OG0001192	g12477	Cg007G255020, Cg004G122780
OG0001193	g2189	Cg002G050810
OG0001193	g51812, g37332	Cg005G166430
OG0001194	g2180	Cg002G050410
OG0001194	g7548	Cg004G124170
OG0001195	g31703	Cg006G228580
OG0001195	g46000	Cg007G272970
OG0001196	g44483, g46180	Cg007G275540
OG0001196	g27431, g50082	Cg006G226650
OG0001197	g19149	Cg002G052040
OG0001198	g10125	Cg008G306610, Cg002G070510, Cg002G070500, Cg008G309460, Cg008G311280
OG0001200	g672	Cg008G300360
OG0001201	g499	Cg008G303350
OG0001201	g2696	Cg002G058230
OG0001202	g2591	Cg002G056710
OG0001203	g3287	Cg002G063680, Cg002G063670
OG0001205	g36609	Cg006G196520
OG0001205	g7109, g13232	Cg004G131500
OG0001207	g24396, g17607	Cg001G025150
OG0001207	g12065	Cg004G133340
OG0001208	g13325	Cg006G200330
OG0001208	g6854, g11987	Cg004G135500
OG0001209	g11976, g6831	Cg004G135770
OG0001210	g36442	Cg006G199410
OG0001213	g47151	Cg005G180180, Cg002G062900
OG0001213	g37046	Cg001G033740
OG0001216	g7095	Cg005G165110
OG0001217	g47100	Cg001G026140
OG0001217	g17661	Cg001G029840
OG0001218	g7727	Cg004G120650
OG0001218	g7717	Cg004G120860
OG0001219	g37070, g37071, g37072, g11430, g26094	Cg002G050730
OG0001220	g3079	Cg008G302410
OG0001222	g16960, g47771	Cg001G009340
OG0001224	g31167	Cg006G236860
OG0001224	g27062	Cg007G254410
OG0001225	g16608	Cg002G071800
OG0001229	g28587, g28582, g28581	Cg003G104400, Cg003G104390
OG0001230	g9884	Cg003G109500
OG0001230	g5551	Cg008G288170
OG0001231	g391	Cg003G109620
OG0001231	g29634	Cg008G288120
OG0001232	g17457	Cg001G021840
OG0001233	g23931, g47447	Cg001G018030
OG0001233	g40387, g25674	Cg003G081780
OG0001234	g36180	Cg006G204240
OG0001235	g6092, g13735	Cg004G153370
OG0001235	g23002	Cg001G004760
OG0001236	g47093	Cg001G026560
OG0001236	g51298	Cg005G174380
OG0001237	g37633	Cg005G159820
OG0001238	g37629, g52280	Cg005G159930
OG0001239	g18874	Cg002G046620
OG0001241	g38216	Cg005G162180
OG0001241	g37514	Cg005G162190
OG0001242	g5744, g45348	Cg008G284010
OG0001243	g18038	Cg007G267180
OG0001244	g28935	Cg003G101150, Cg003G101140
OG0001245	g2517	Cg002G055890
OG0001245	g25	Cg006G234390, Cg003G115430
OG0001246	g39512	Cg014G331800, Cg003G077850
OG0001247	g25488	Cg003G078950, Cg003G095000
OG0001247	g7578	Cg004G123700
OG0001249	g51720, g43710	Cg005G167910
OG0001249	g37274	Cg005G167900
OG0001250	g29244	Cg008G295770
OG0001250	g12693, g7908	Cg004G117160
OG0001251	g12687	Cg004G117450
OG0001251	g29218, g45708	Cg008G296090
OG0001252	g7863	Cg004G117720
OG0001253	g7694, g12874	Cg004G121410
OG0001253	g4796	Cg008G306620
OG0001254	g36501	Cg006G198330
OG0001254	g38012	Cg005G170720
OG0001255	g17932, g46451	Cg007G279110
OG0001256	g46014	Cg007G273220
OG0001256	g27373, g50005	Cg006G228440
OG0001257	g44576, g46050	Cg007G273640
OG0001257	g31732	Cg006G228180
OG0001258	g27419, g31810	Cg006G227160
OG0001258	g46154	Cg007G275140
OG0001259	g46192	Cg007G275770
OG0001261	g27264, g31519	Cg006G231600
OG0001261	g10688	Cg002G074260
OG0001262	g27261	Cg006G231710
OG0001262	g2886, g31511	Cg006G231700, Cg006G231720
OG0001263	g49813, g31371	Cg006G233660
OG0001264	g13174, g12242, g7243	Cg004G129230
OG0001265	g36511	Cg006G198180
OG0001265	g11879	Cg004G138100
OG0001267	g40489, g11054	Cg008G320730
OG0001268	g26757, g50357	Cg006G220960
OG0001269	g32401	Cg006G217300, Cg006G217240, Cg006G217330, Cg006G217210
OG0001274	g50980	Cg005G190230
OG0001274	g23357	Cg001G009470
OG0001275	g50146	Cg006G225390
OG0001275	g23030	Cg001G005160
OG0001276	g44155	Cg007G249500
OG0001276	g46965	Cg006G234830
OG0001278	g13569	Cg004G144900
OG0001279	g5139	Cg008G295310
OG0001279	g29275	Cg004G116820
OG0001280	g10372	Cg002G070230
OG0001280	g16891	Cg001G039680
OG0001282	g23716	Cg001G014580
OG0001283	g2067	Cg002G049330
OG0001283	g37382	Cg005G164810
OG0001284	g329, g9838	Cg003G110720
OG0001285	g959	Cg003G101660
OG0001286	g28499, g991	Cg003G102320
OG0001287	g39378, g1006	Cg003G102500
OG0001288	g45567	Cg008G291860
OG0001288	g601	Cg008G305210
OG0001289	g47211, g24261	Cg001G023490
OG0001289	g10889	Cg008G324830
OG0001290	g17264, g47466, g23883	Cg001G017270
OG0001291	g27794	Cg006G212990
OG0001292	g39954	Cg005G176860
OG0001292	g7926	Cg004G116750
OG0001293	g18901	Cg002G047210
OG0001294	g50894	Cg005G192570
OG0001294	g22760	Cg001G001760
OG0001295	g28333	Cg001G037660, Cg001G037480, Cg001G037310, Cg001G037510, Cg001G037610, Cg001G037690, Cg001G038480
OG0001296	g36926	Cg005G192030
OG0001296	g22456, g22457, g22454, g3733, g22455, g37997	Cg005G171450
OG0001297	g40451	Cg003G093600
OG0001298	g47079	Cg001G027000
OG0001299	g37691	Cg005G158940
OG0001300	g2037	Cg002G048170
OG0001300	g38182	Cg005G163630
OG0001301	g2132, g18972	Cg002G048410
OG0001301	g11224	Cg005G163780
OG0001302	g9683	Cg003G114110
OG0001302	g2601	Cg002G056970
OG0001303	g25341	Cg003G076010
OG0001303	g37594	Cg005G160500
OG0001303	g49295	Cg006G245240
OG0001304	g31093	Cg006G238170
OG0001304	g40030	Cg005G178750
OG0001305	g12556	Cg004G121200
OG0001306	g4793	Cg008G306650
OG0001306	g12547, g7697, g12871	Cg004G121380
OG0001307	g12971	Cg004G123560
OG0001309	g51683, g37238	Cg005G168500
OG0001309	g2317	Cg002G052540
OG0001310	g31671	Cg006G229110
OG0001310	g46484	Cg007G279530
OG0001311	g10158	Cg008G307410
OG0001311	g4717	Cg008G307370
OG0001312	g12956	Cg004G123280
OG0001312	g10242	Cg008G309750, Cg008G311580
OG0001313	g27894, g27907	Cg006G209750
OG0001314	g7246	Cg004G129180
OG0001314	g27980, g54312	Cg006G194620
OG0001315	g7060	Cg004G132140
OG0001315	g36576	Cg006G197200
OG0001316	g54062	Cg006G201660
OG0001316	g6946, g13282	Cg004G133940
OG0001317	g36438	Cg004G136730, Cg006G199450
OG0001318	g17609	Cg002G071840
OG0001319	g2386, g11318, g19210	Cg002G053640
OG0001321	g18477	Cg007G256700, Cg007G256650
OG0001323	g6589	Cg003G112320
OG0001328	g16953, g23326	Cg001G009110
OG0001328	g50995	Cg005G189850
OG0001329	g19754, g19709	Cg025G336190
OG0001330	g6114	Cg004G153240
OG0001330	g13727	Cg001G004890
OG0001331	g43986	Cg007G254110, Cg007G254040
OG0001332	g41073	Cg007G252460
OG0001332	g31218	Cg006G236220
OG0001333	g44147, g40990	Cg007G250040
OG0001333	g31289, g49760, g27134	Cg006G234980
OG0001334	g31562	Cg006G230940
OG0001334	g10777	Cg002G075250
OG0001335	g5680	Cg008G285370
OG0001335	g12368	Cg004G126180
OG0001336	g7363	Cg004G127500
OG0001336	g5596, g29680	Cg008G287240
OG0001337	g28452	Cg003G101270
OG0001337	g17081	Cg001G013110
OG0001338	g945	Cg003G101260
OG0001339	g26842	Cg003G102970
OG0001339	g23683	Cg001G014060
OG0001340	g29454	Cg008G291640, Cg008G291650
OG0001341	g45552, g29474	Cg008G291300
OG0001342	g45527	Cg008G290470
OG0001342	g166	Cg003G112960
OG0001343	g5508, g29591	Cg008G289110
OG0001343	g472	Cg008G302960
OG0001344	g47233	Cg001G023260
OG0001344	g10909, g40671	Cg008G324530
OG0001345	g47287	Cg001G021930
OG0001345	g10970	Cg008G322920
OG0001346	g47350	Cg001G020230
OG0001347	g17261	Cg001G017200
OG0001348	g6048	Cg004G153810, Cg001G004350
OG0001349	g22944, g47955, g47958	Cg001G003900
OG0001350	g50917	Cg005G192110
OG0001350	g18290, g22800	Cg001G002180
OG0001351	g17896, g17900, g17918, g17911	Cg007G254350, Cg007G254360, Cg007G254330, Cg007G254390
OG0001352	g25932	Cg006G208500
OG0001352	g40227	Cg003G086740
OG0001353	g16731, g18396	Cg008G322620
OG0001354	g11149, g18789	Cg002G044050
OG0001354	g50827	Cg005G158140
OG0001355	g52282, g37630	Cg005G159910
OG0001356	g1994, g18939	Cg002G047670
OG0001357	g2054	Cg002G048380
OG0001358	g37416	Cg005G164100
OG0001358	g2112	Cg002G048780
OG0001359	g2928	Cg002G061120
OG0001359	g28762	Cg003G107450
OG0001360	g49490	Cg006G240990
OG0001360	g51296	Cg005G174440
OG0001361	g37930	Cg005G174000
OG0001361	g30901	Cg006G241590
OG0001362	g6706, g11898	Cg004G137670
OG0001362	g40140	Cg005G182160
OG0001363	g23660	Cg001G013660
OG0001364	g5140	Cg008G295300
OG0001364	g12713	Cg004G116810
OG0001365	g45686, g29273	Cg008G295410
OG0001366	g5076	Cg008G296250
OG0001366	g12752, g7871	Cg004G117590
OG0001367	g10183	Cg008G307950
OG0001367	g7644	Cg004G122470
OG0001368	g25048, g36889	Cg008G294430
OG0001370	g31960	Cg006G224980
OG0001370	g46290	Cg007G277230
OG0001372	g12761	Cg004G118280
OG0001372	g45745, g29153, g5005	Cg008G297240
OG0001373	g12013, g6885	Cg006G201060, Cg004G134950
OG0001374	g44472	Cg007G275740
OG0001374	g3704, g50089, g26819	Cg006G226500
OG0001375	g49963	Cg006G229720
OG0001375	g44314	Cg007G280250
OG0001376	g7193	Cg004G129940
OG0001376	g54341	Cg006G195310
OG0001377	g12075	Cg004G133120
OG0001377	g6974	Cg004G133130
OG0001378	g28105	Cg006G201440
OG0001378	g6921	Cg004G134310
OG0001379	g3849, g4807, g43217, g11942	Cg004G136810
OG0001379	g54171	Cg006G199380
OG0001380	g54175	Cg006G199310
OG0001380	g13365	Cg004G136860
OG0001381	g43687, g43860	Cg006G234510, Cg006G234330
OG0001382	g38481	Cg005G192140
OG0001382	g22799, g18905	Cg001G002170
OG0001383	g47728, g2927	Cg001G010470
OG0001384	g50944	Cg005G191510
OG0001384	g38442	Cg005G191480
OG0001392	g18225	Cg001G005240
OG0001392	g6122	Cg004G152630
OG0001393	g13722	Cg004G153040
OG0001393	g47915	Cg001G004940
OG0001394	g50619	Cg005G178210, Cg006G214210
OG0001395	g47589	Cg001G014120
OG0001395	g39359	Cg003G103290
OG0001396	g10235, g10220	Cg008G311270, Cg008G309440
OG0001397	g31244	Cg006G235730
OG0001397	g44080, g41049	Cg007G251540
OG0001398	g10797	Cg002G075390
OG0001398	g31566	Cg006G230880
OG0001399	g10696	Cg002G074330
OG0001399	g31524	Cg006G231540
OG0001400	g31446, g27219	Cg006G232650
OG0001401	g5130, g45688	Cg008G295470
OG0001402	g46691	Cg001G039770
OG0001402	g10380	Cg002G070100
OG0001403	g40871	Cg007G247500
OG0001403	g31381	Cg006G233520
OG0001404	g40899	Cg007G247850
OG0001404	g49805	Cg006G233750
OG0001405	g45412	Cg008G285720
OG0001405	g7420	Cg004G126330
OG0001406	g22801	Cg001G002190
OG0001406	g45919, g44655	Cg008G306320
OG0001407	g895	Cg003G099590
OG0001407	g17071	Cg001G012680
OG0001409	g276	Cg003G111510
OG0001409	g29575	Cg008G289470
OG0001410	g10921	Cg008G324280
OG0001410	g24231	Cg001G023030
OG0001411	g17488	Cg001G022650
OG0001411	g47259	Cg001G022660
OG0001412	g24120	Cg001G021080
OG0001412	g11008	Cg008G321900
OG0001415	g51404	Cg005G172700
OG0001415	g50469	Cg006G218170
OG0001416	g51437	Cg005G172300
OG0001416	g50512	Cg006G216990
OG0001417	g18258	Cg001G003350
OG0001417	g38412	Cg005G191020
OG0001418	g18306	Cg001G001010
OG0001418	g50875	Cg005G193260, Cg005G193280
OG0001419	g46728	Cg001G038600
OG0001420	g25581	Cg003G080410, Cg003G093530
OG0001420	g17315	Cg001G019040
OG0001421	g6561	Cg004G140190
OG0001422	g12838	Cg004G120730
OG0001422	g4780, g10154	Cg008G307250
OG0001423	g37565	Cg005G161050
OG0001423	g11186	Cg002G046340
OG0001424	g29819	Cg008G284550, Cg008G284560
OG0001424	g45372	Cg008G284530
OG0001425	g11531	Cg002G066490
OG0001425	g28922	Cg008G301120
OG0001427	g39470	Cg003G077040, Cg014G332590
OG0001427	g30744	Cg006G244600
OG0001428	g49392	Cg006G243500
OG0001428	g39587	Cg003G078470, Cg014G331130
OG0001429	g39588	Cg014G330980, Cg003G078570
OG0001429	g1749	Cg002G043970
OG0001430	g49450	Cg006G242170
OG0001430	g39721	Cg008G319330
OG0001431	g39772	Cg006G241570
OG0001431	g51312	Cg005G173960
OG0001432	g26963	Cg006G240360
OG0001432	g51260	Cg005G175090
OG0001433	g26980, g31008	Cg006G239660
OG0001433	g51229	Cg005G175820
OG0001434	g51129	Cg005G177710
OG0001434	g29697	Cg008G286850
OG0001435	g31076, g49588	Cg006G238290
OG0001435	g39988	Cg005G178440
OG0001436	g28996, g4981	Cg008G297990
OG0001436	g12623	Cg004G119330
OG0001437	g4949, g41495, g29026	Cg008G298220
OG0001437	g12792	Cg004G119500
OG0001438	g10162	Cg008G307460
OG0001439	g44554	Cg007G274410
OG0001439	g50044	Cg006G227580
OG0001440	g27493, g32006	Cg006G224280
OG0001440	g46355	Cg007G278080
OG0001441	g45964	Cg007G272590
OG0001441	g50247	Cg006G223410
OG0001442	g45881	Cg007G271260
OG0001442	g27544	Cg006G222710
OG0001443	g32129	Cg006G221220
OG0001443	g45813, g44727	Cg007G270160
OG0001444	g17164, g47546	Cg001G015320
OG0001446	g5523	Cg008G288800
OG0001446	g18591	Cg003G108840
OG0001448	g54338	Cg006G195150
OG0001448	g7208	Cg004G129720
OG0001449	g11243, g36667	Cg006G195740
OG0001450	g12185	Cg006G195750
OG0001450	g7167	Cg004G130450
OG0001451	g12141	Cg006G196670
OG0001452	g7075	Cg004G131880
OG0001453	g54269	Cg006G197030
OG0001453	g12116, g13242	Cg004G132060
OG0001454	g7051	Cg004G132270
OG0001455	g17614, g24406	Cg001G025410
OG0001456	g13368	Cg004G136800
OG0001457	g11920	Cg004G137180
OG0001457	g54201	Cg006G199140
OG0001459	g50174	Cg006G224730, Cg006G224750, Cg006G224770
OG0001461	g51323	Cg005G173650
OG0001464	g16998	Cg001G010700
OG0001464	g13914	Cg004G155660
OG0001465	g5973	Cg004G155420
OG0001465	g23443	Cg001G010520
OG0001466	g23319	Cg001G009010
OG0001466	g16950	Cg005G189820
OG0001467	g5760	Cg008G283780
OG0001467	g36049, g3813, g25749	Cg003G082740, Cg003G082760, Cg003G082750, Cg003G082770, Cg003G082780
OG0001468	g47866	Cg001G006170, Cg001G006180
OG0001469	g4558	Cg014G331020, Cg003G078530
OG0001469	g50603, g32530	Cg006G214650
OG0001470	g51539	Cg005G170880
OG0001470	g47179	Cg001G024380
OG0001471	g31288	Cg006G234990
OG0001472	g31559	Cg006G230990
OG0001472	g10770	Cg002G075160
OG0001473	g10695	Cg002G074310
OG0001473	g31523	Cg006G231550
OG0001474	g23722, g23723	Cg001G014720, Cg001G014730
OG0001475	g49799	Cg006G233850
OG0001475	g40913, g44224	Cg007G248000
OG0001477	g41009	Cg007G250120, Cg007G250150
OG0001478	g5763	Cg008G283750
OG0001479	g1928, g18840, g42086	Cg002G046360, Cg004G126710
OG0001480	g23805, g17185	Cg001G015840
OG0001481	g29369	Cg008G293350
OG0001482	g29463	Cg008G291530
OG0001482	g585	Cg008G304840
OG0001483	g568, g10027	Cg008G304530
OG0001483	g29488	Cg008G291120
OG0001484	g29490	Cg008G291090
OG0001485	g29567	Cg008G289620
OG0001485	g9798	Cg003G111670
OG0001486	g5490	Cg008G289450
OG0001486	g279	Cg002G053030, Cg003G111490, Cg003G111480
OG0001487	g463	Cg008G302860
OG0001487	g29595, g45494	Cg008G289030
OG0001488	g24248	Cg001G023350
OG0001488	g40683, g10899	Cg008G324690
OG0001489	g40424	Cg003G080920
OG0001489	g23965	Cg001G018710
OG0001490	g50501, g32388	Cg006G217560
OG0001490	g51425	Cg005G172410
OG0001491	g32424	Cg006G216460
OG0001492	g50876	Cg005G193230
OG0001493	g53956	Cg006G203300
OG0001493	g37042	Cg008G318440
OG0001494	g40403	Cg003G081420, Cg003G081430
OG0001495	g10864	Cg008G324990, Cg008G325060
OG0001496	g11730	Cg004G141810
OG0001496	g24650	Cg001G029290
OG0001498	g26925, g30860	Cg006G242300
OG0001499	g18738	Cg005G157970, Cg002G043860
OG0001500	g37716	Cg005G158530
OG0001500	g1765	Cg002G044350
OG0001501	g47733	Cg001G043090, Cg002G047520
OG0001501	g50799	Cg005G158900
OG0001502	g38236	Cg005G161150
OG0001502	g18839	Cg002G046350
OG0001503	g18877, g1951	Cg002G046660
OG0001504	g18882	Cg002G046920
OG0001504	g38213	Cg005G162360
OG0001505	g37494	Cg002G047050, Cg005G162600
OG0001506	g13006, g7528	Cg004G124530
OG0001506	g5844	Cg008G282270
OG0001507	g1254, g39243	Cg003G106840
OG0001508	g298	Cg003G111240
OG0001509	g2610, g11370	Cg002G057130
OG0001510	g49518	Cg006G240350
OG0001511	g31085	Cg006G238200
OG0001511	g40022	Cg005G178620
OG0001512	g27025	Cg006G237850
OG0001512	g40081	Cg005G179610
OG0001513	g7922	Cg004G116890
OG0001513	g12739	Cg004G116880
OG0001514	g7791, g12800	Cg004G119780
OG0001514	g29039	Cg008G298630
OG0001515	g5386, g28104	Cg004G121610
OG0001516	g7634	Cg004G122650
OG0001517	g2175	Cg002G050350
OG0001517	g51865	Cg005G166010
OG0001518	g51849	Cg005G166090
OG0001518	g19057	Cg002G050460
OG0001519	g46106	Cg007G274380
OG0001519	g31778	Cg006G227590
OG0001520	g19484	Cg002G058850
OG0001520	g27427	Cg006G226990
OG0001521	g44370	Cg007G277630
OG0001522	g45885	Cg007G271400
OG0001523	g32089	Cg006G222040
OG0001523	g45845	Cg007G270750
OG0001524	g50413	Cg006G219160
OG0001524	g9882	Cg003G109580
OG0001526	g30730, g6246	Cg006G245090, Cg005G190450
OG0001527	g44294	Cg007G280760
OG0001528	g45674	Cg008G295140
OG0001528	g17976	Cg007G276290
OG0001529	g4879	Cg008G299550
OG0001529	g41438	Cg008G299560
OG0001530	g4756, g22671	Cg002G062860
OG0001531	g29693	Cg008G287010
OG0001531	g12318	Cg004G127280
OG0001532	g1222	Cg003G106390
OG0001533	g11362	Cg002G056370
OG0001534	g44348	Cg007G279650
OG0001535	g7242, g13175, g12241	Cg004G129240
OG0001536	g12222	Cg004G129580
OG0001536	g7220	Cg006G195040
OG0001537	g54272	Cg006G196980
OG0001537	g36582	Cg004G132010
OG0001538	g36534	Cg006G197770
OG0001546	g38090, g51725, g37282, g45032, g11626, g45094, g37283	Cg005G167770
OG0001547	g36124, g11901	Cg004G137500
OG0001548	g4151, g25111	Cg003G088510
OG0001549	g17041, g47673	Cg001G012040
OG0001550	g39747, g12324	Cg004G127100, Cg006G198570
OG0001551	g23335	Cg001G009210
OG0001551	g38382	Cg005G190360
OG0001552	g16937, g23288	Cg001G008410
OG0001552	g38335	Cg005G188350
OG0001553	g44136	Cg007G250390
OG0001553	g31267	Cg006G235350
OG0001554	g31328	Cg006G234260
OG0001554	g44204	Cg007G248640
OG0001555	g27212, g31439	Cg006G232700
OG0001555	g10625	Cg002G073120
OG0001556	g37186	Cg005G169760
OG0001556	g10564	Cg002G072140
OG0001557	g13040	Cg004G124990, Cg010G326160, Cg003G092520, Cg003G076150, Cg007G245950
OG0001558	g29791, g5690	Cg008G285240
OG0001559	g1495	Cg003G091730
OG0001559	g47498	Cg001G016630
OG0001560	g1456	Cg003G090940
OG0001560	g17218	Cg001G016550
OG0001561	g23742	Cg001G015120, Cg001G015110
OG0001562	g1044	Cg003G103370
OG0001562	g5656	Cg008G285810
OG0001563	g29114	Cg008G299900
OG0001563	g5312	Cg008G292800
OG0001564	g37211	Cg005G169090
OG0001564	g50132	Cg006G225630
OG0001565	g9917	Cg003G108940
OG0001566	g40559	Cg008G322560
OG0001566	g17445	Cg001G021550
OG0001567	g27809, g32746	Cg006G210750
OG0001568	g27669, g27668	Cg006G217940, Cg006G217930
OG0001569	g51434	Cg005G172310
OG0001569	g50510	Cg006G217080
OG0001570	g18886	Cg002G047010
OG0001570	g32505	Cg006G215380
OG0001571	g14031	Cg004G153430
OG0001571	g23001	Cg001G004750
OG0001572	g22776	Cg001G001950
OG0001572	g38492	Cg005G192390
OG0001573	g22737	Cg001G001570
OG0001574	g22691	Cg001G000970
OG0001574	g50871	Cg005G193350
OG0001575	g18320	Cg001G000780
OG0001576	g46720	Cg001G038920
OG0001576	g46715	Cg001G038940
OG0001578	g10859	Cg008G325140
OG0001579	g47200	Cg001G023720
OG0001581	g1743	Cg002G043850
OG0001581	g37744	Cg005G157980
OG0001583	g52051	Cg005G163710
OG0001583	g2127	Cg002G048470
OG0001585	g2084	Cg002G049060
OG0001585	g51997	Cg005G164460
OG0001586	g643	Cg008G300040
OG0001587	g28856	Cg008G302600
OG0001588	g28704	Cg002G060230
OG0001589	g294	Cg003G111290
OG0001589	g2698	Cg002G058270
OG0001590	g19093	Cg002G051050
OG0001590	g131	Cg003G113810
OG0001591	g45235, g25470	Cg006G243470, Cg003G078540, Cg014G331010
OG0001592	g49410	Cg006G243160
OG0001592	g45212	Cg003G094970, Cg003G078980
OG0001593	g37956	Cg005G173210
OG0001593	g26938	Cg006G241970
OG0001594	g30917, g36607	Cg005G174310
OG0001595	g12652	Cg004G118400
OG0001596	g41489	Cg008G298470
OG0001596	g7805	Cg004G119570
OG0001597	g10110	Cg008G306200, Cg004G121750
OG0001598	g29074	Cg008G299270
OG0001599	g12977	Cg004G123710
OG0001600	g38040, g51591	Cg005G170000
OG0001601	g50016, g31730	Cg006G228200
OG0001601	g46035	Cg007G273590
OG0001602	g27489	Cg006G224460
OG0001603	g44691	Cg007G271120
OG0001603	g32067, g50283	Cg006G222590
OG0001604	g32073	Cg006G222540
OG0001605	g50292	Cg006G222490
OG0001605	g45863	Cg007G270980
OG0001607	g27192, g31396	Cg006G233330
OG0001607	g40862	Cg007G247280
OG0001608	g31310	Cg006G234620
OG0001609	g29088	Cg008G299470
OG0001609	g30813	Cg006G243140
OG0001611	g35970	Cg007G275780, Cg007G275850
OG0001612	g7249	Cg004G129160
OG0001612	g54311	Cg006G194600
OG0001613	g36603	Cg006G196610
OG0001613	g7100	Cg004G131620
OG0001614	g13377	Cg006G198360
OG0001615	g6511	Cg005G175050
OG0001615	g36494, g54189	Cg006G198390
OG0001616	g6085	Cg004G153630
OG0001616	g22996	Cg001G004680
OG0001617	g13804	Cg004G155840, Cg001G010850
OG0001618	g54383, g27975	Cg006G194190
OG0001618	g7278	Cg004G128570
OG0001619	g2390	Cg002G053720
OG0001619	g51590	Cg005G170010
OG0001620	g22660, g9620	Cg001G022840
OG0001626	g37057, g44964	Cg005G163420, Cg005G163210
OG0001627	g50409	Cg006G219260
OG0001627	g50408	Cg006G219250
OG0001629	g10627	Cg006G232420
OG0001630	g51265	Cg005G174930, Cg005G174920
OG0001631	g44873	Cg007G267900
OG0001633	g23954, g23953	Cg001G018470
OG0001641	g20186, g8152	Cg019G335200, Cg019G335010, Cg019G335050
OG0001642	g23148	Cg001G006430
OG0001643	g6125	Cg004G152500
OG0001643	g18224	Cg001G005310
OG0001644	g41003	Cg007G249790
OG0001644	g31272	Cg006G235240
OG0001645	g10642, g16672	Cg002G073340
OG0001646	g31422	Cg006G232910
OG0001647	g16811	Cg001G041690
OG0001647	g10515	Cg002G071330
OG0001648	g46660	Cg001G041490
OG0001648	g16826, g10503	Cg002G071130
OG0001649	g16877	Cg001G040110
OG0001649	g10398	Cg002G069720
OG0001650	g10329	Cg002G065370
OG0001651	g17138	Cg001G014430
OG0001651	g39342	Cg003G104100
OG0001652	g7509	Cg004G124860
OG0001653	g12392	Cg004G125400
OG0001653	g40223	Cg003G087040
OG0001654	g45356, g5729	Cg008G284220
OG0001654	g7461, g13063	Cg004G125490
OG0001655	g29722, g5634	Cg008G286330
OG0001655	g12338, g7396	Cg004G126840
OG0001656	g12282, g7311	Cg004G128150
OG0001657	g23662	Cg001G013690
OG0001657	g982	Cg003G102180
OG0001658	g39381, g1002	Cg003G102450
OG0001659	g5544	Cg008G288230
OG0001660	g24062	Cg001G020420
OG0001661	g47439, g23945	Cg001G018180
OG0001662	g23932	Cg001G018060
OG0001662	g40389	Cg003G081760
OG0001663	g40283	Cg003G084290
OG0001663	g50257	Cg006G223100
OG0001664	g37099	Cg005G171930
OG0001664	g50534	Cg006G216040
OG0001665	g37103	Cg005G171840
OG0001666	g47936, g22968	Cg001G004330
OG0001666	g6047	Cg004G153820
OG0001668	g47992	Cg001G002640
OG0001668	g38452	Cg005G191700
OG0001669	g18141	Cg001G001550
OG0001670	g18324	Cg001G000730
OG0001671	g27911	Cg006G209120
OG0001671	g40234	Cg003G086300
OG0001672	g50434	Cg006G218910
OG0001672	g45395	Cg008G285120
OG0001673	g25186	Cg004G143970
OG0001674	g24557	Cg001G028050
OG0001674	g24550	Cg001G028040
OG0001675	g1777	Cg002G044520
OG0001676	g52171	Cg005G161280
OG0001677	g2018	Cg002G047140
OG0001677	g38208	Cg005G162630
OG0001678	g18928	Cg002G047560
OG0001678	g37465, g52084	Cg005G163080
OG0001679	g1981, g18950	Cg002G047830
OG0001679	g52057, g37451	Cg005G163500
OG0001681	g19342	Cg002G056000
OG0001682	g39630	Cg003G079100, Cg003G094840
OG0001682	g49416	Cg006G242970
OG0001683	g30849	Cg006G242390
OG0001683	g39695	Cg008G319910
OG0001684	g39735	Cg008G318890
OG0001685	g11120	Cg008G318880
OG0001686	g51344	Cg005G173310
OG0001686	g30874	Cg006G241920
OG0001687	g51330, g39755	Cg005G173560
OG0001688	g49536	Cg006G240030
OG0001689	g49548, g31017	Cg006G239570
OG0001690	g51209	Cg005G176270
OG0001690	g31029	Cg006G239380
OG0001691	g31044	Cg006G239100
OG0001691	g39948	Cg005G176760
OG0001693	g37853	Cg005G178110
OG0001693	g49571	Cg006G238500
OG0001694	g45742	Cg008G297160
OG0001694	g12663	Cg004G118220
OG0001695	g31130	Cg006G237400
OG0001695	g7754	Cg004G120140
OG0001696	g12575, g7720, g12840	Cg004G120820
OG0001697	g12479	Cg004G122750
OG0001697	g4650	Cg008G308400
OG0001698	g51832	Cg005G166310
OG0001698	g19062	Cg002G050600
OG0001699	g2342	Cg002G052960, Cg002G052940
OG0001699	g51635	Cg005G169100
OG0001700	g44330	Cg007G279910
OG0001700	g49971	Cg006G229510
OG0001701	g50133	Cg006G225610
OG0001701	g44411	Cg007G276750
OG0001702	g44369	Cg007G277640
OG0001702	g31990	Cg006G224640
OG0001703	g32014	Cg006G224100
OG0001703	g13615	Cg007G278270
OG0001704	g50262, g42087	Cg006G223070
OG0001704	g44653	Cg007G271890, Cg006G223350
OG0001705	g32064	Cg006G222640, Cg007G271170
OG0001707	g27692	Cg006G216560
OG0001708	g4853	Cg008G306170
OG0001708	g12517	Cg004G121760
OG0001709	g9836	Cg003G110740
OG0001710	g50179	Cg006G224740
OG0001710	g31977, g44377, g45053, g45051	Cg007G277560
OG0001711	g7002	Cg004G133000
OG0001711	g24419	Cg001G025530
OG0001712	g28075	Cg006G200020
OG0001712	g6825, g11974	Cg004G135810
OG0001713	g6796, g13343	Cg004G136250
OG0001714	g11904	Cg004G137460
OG0001714	g28047	Cg006G198840
OG0001715	g11711	Cg004G142460
OG0001715	g13512	Cg004G142240, Cg004G142220
OG0001718	g19543	Cg002G060370
OG0001721	g31433	Cg006G232820
OG0001724	g39891	Cg005G175900
OG0001724	g38172	Cg007G265430
OG0001725	g41474	Cg008G298660
OG0001727	g1115	Cg004G153410
OG0001729	g17662	Cg001G026180
OG0001730	g23563	Cg001G012300
OG0001731	g23431, g23435	Cg001G010420
OG0001732	g23427	Cg001G010350
OG0001732	g16986, g5984, g13931	Cg004G155260
OG0001733	g16983	Cg001G009910
OG0001733	g38402	Cg005G190760
OG0001734	g23368	Cg001G009590
OG0001734	g38394	Cg005G190030
OG0001735	g6189	Cg004G149320
OG0001735	g23149	Cg001G006440
OG0001736	g23007	Cg001G004840
OG0001736	g13732	Cg004G153300
OG0001737	g37120	Cg005G171590
OG0001737	g27758	Cg006G215240
OG0001738	g27779	Cg006G213460, Cg005G171220
OG0001739	g41079	Cg007G253060
OG0001739	g27093, g49695, g31204	Cg006G236420
OG0001740	g44044	Cg007G251980
OG0001740	g49720	Cg006G235990
OG0001741	g31248	Cg006G235640
OG0001741	g38257, g28145	Cg007G251450
OG0001742	g6402	Cg004G143140
OG0001743	g31302	Cg006G234770
OG0001743	g44158, g40971	Cg007G249310
OG0001744	g46653	Cg001G041860
OG0001744	g1606	Cg002G071510
OG0001745	g10488	Cg002G070950
OG0001745	g16835	Cg001G041280
OG0001746	g10411	Cg002G069260
OG0001748	g46749	Cg001G038010
OG0001748	g44939	Cg007G266860
OG0001749	g40779	Cg007G245990
OG0001749	g46630	Cg001G042680
OG0001750	g16793	Cg001G042170
OG0001750	g40839	Cg007G246840
OG0001751	g7353	Cg004G127560
OG0001752	g16537, g16527, g16543	Cg008G313370
OG0001753	g7316	Cg004G128020
OG0001753	g29651	Cg008G287770
OG0001754	g28309	Cg003G097550
OG0001754	g23797	Cg001G015730
OG0001755	g23739, g47556	Cg001G015040, Cg003G099350
OG0001756	g41252	Cg003G099770
OG0001756	g47647	Cg001G012820
OG0001757	g47591	Cg001G014080
OG0001758	g29116	Cg008G299930
OG0001758	g29393	Cg008G292960
OG0001759	g9922	Cg008G288810, Cg003G108810, Cg003G108820
OG0001760	g40685	Cg008G324700
OG0001761	g40586	Cg008G323060
OG0001761	g17468	Cg001G022150
OG0001762	g17454	Cg001G021780
OG0001762	g10974	Cg008G322850
OG0001763	g17397	Cg001G020800
OG0001764	g40431	Cg003G080760
OG0001764	g17308	Cg001G018820
OG0001765	g25735, g25734	Cg003G082640, Cg003G082630
OG0001766	g40310	Cg003G083740
OG0001766	g27799	Cg006G212430
OG0001767	g45981	Cg007G272300
OG0001767	g27863	Cg006G210440
OG0001768	g37066, g51363	Cg005G173120, Cg006G218630
OG0001769	g13994	Cg004G153970
OG0001769	g22958, g47950, g18243	Cg001G004030
OG0001770	g19380, g2598	Cg002G056930
OG0001771	g50913	Cg005G191940
OG0001771	g22804	Cg001G002370
OG0001772	g41582	Cg007G267980
OG0001773	g41224	Cg003G099200
OG0001774	g18427	Cg008G318500
OG0001775	g47406, g23975	Cg001G018990
OG0001776	g40549	Cg008G322150
OG0001777	g25441	Cg014G332130, Cg003G077490, Cg003G077500, Cg014G332120
OG0001778	g37747	Cg005G157960
OG0001779	g18717	Cg002G044000
OG0001779	g37734	Cg005G158050
OG0001780	g37582	Cg005G160720
OG0001780	g18807	Cg002G046040
OG0001781	g18860	Cg002G046500
OG0001781	g37540, g52163	Cg005G161490
OG0001782	g18912	Cg002G047400
OG0001782	g37479	Cg005G162870
OG0001783	g41404	Cg008G300780
OG0001784	g96	Cg003G114260
OG0001784	g19378	Cg002G056910
OG0001785	g45274	Cg014G333270
OG0001785	g30736	Cg006G244860
OG0001786	g30743	Cg006G244640
OG0001786	g25397	Cg003G076990, Cg014G332620
OG0001787	g25440	Cg003G077510, Cg014G332110
OG0001787	g49363	Cg006G243980
OG0001788	g39548	Cg003G078130, Cg014G331550
OG0001788	g30781	Cg006G243730
OG0001790	g51244	Cg005G175280
OG0001790	g49532, g30974	Cg006G240130
OG0001791	g39881	Cg005G175770
OG0001792	g39937	Cg005G176700
OG0001792	g49559	Cg006G239180
OG0001793	g31048, g27000	Cg006G238960
OG0001793	g37884	Cg005G176950
OG0001794	g31061	Cg006G238720
OG0001794	g40021	Cg005G177600
OG0001795	g12683	Cg004G117650
OG0001795	g5070, g29203	Cg008G296360
OG0001796	g7831, g12764	Cg004G118330
OG0001796	g5002	Cg008G297470
OG0001797	g41499	Cg008G297890
OG0001798	g10099	Cg008G305980
OG0001798	g7678	Cg004G121860
OG0001799	g4783, g10141	Cg008G306900
OG0001799	g7677	Cg004G121870
OG0001800	g7649	Cg004G122350
OG0001800	g29064	Cg008G298970
OG0001801	g10228	Cg008G311080, Cg008G309280
OG0001801	g7614	Cg004G123080
OG0001802	g41876	Cg007G266200
OG0001803	g51583	Cg005G170120
OG0001803	g2393	Cg002G053750
OG0001804	g46537	Cg007G280310
OG0001804	g31638	Cg006G229780
OG0001805	g46486	Cg007G279540
OG0001805	g27352	Cg006G229130
OG0001806	g18004	Cg007G272790
OG0001806	g49996	Cg006G228670
OG0001807	g38011, g51543	Cg005G170790
OG0001807	g50088, g31856	Cg006G226510
OG0001808	g44414	Cg007G276690
OG0001808	g31916	Cg006G225650
OG0001809	g45827	Cg007G270530
OG0001809	g32076, g50322	Cg006G221690
OG0001810	g32154, g50363	Cg006G220870
OG0001811	g44855	Cg007G268280
OG0001811	g32219	Cg006G219900
OG0001812	g44864	Cg007G268040
OG0001812	g50394	Cg006G219820
OG0001814	g38524	Cg005G193170
OG0001814	g22697	Cg001G001100
OG0001816	g7716	Cg004G120880
OG0001816	g10153	Cg008G307120
OG0001817	g5631	Cg008G286390
OG0001818	g19405	Cg002G057510
OG0001818	g543	Cg008G304140
OG0001819	g9630	Cg003G115370
OG0001819	g19338, g2518	Cg002G055900
OG0001820	g19435, g2686	Cg002G058160
OG0001821	g36567, g36570, g36564	Cg006G197360
OG0001822	g54248	Cg006G197850, Cg006G197840
OG0001823	g5913	Cg004G156710
OG0001824	g38074	Cg005G168950
OG0001824	g19180	Cg002G052820
OG0001825	g19071	Cg002G050750
OG0001826	g19012	Cg002G049550
OG0001826	g38154	Cg005G164890
OG0001827	g2068, g2069	Cg002G049320
OG0001828	g52178	Cg005G161230
OG0001828	g18842	Cg002G046420
OG0001833	g47787	Cg001G008940
OG0001835	g50122	Cg006G225840, Cg006G225830
OG0001836	g40925	Cg007G248190
OG0001837	g29751	Cg008G285890, Cg008G285910, Cg008G285900
OG0001838	g47207, g47209, g47208	Cg001G023530, Cg001G023520
OG0001839	g6174	Cg005G181910
OG0001840	g24581, g35924, g40550, g45129, g2969, g46849	Cg008G322320
OG0001844	g17011	Cg001G011270
OG0001844	g5950	Cg004G156110
OG0001846	g6106	Cg004G153020
OG0001846	g23015	Cg001G004950
OG0001847	g47180	Cg001G024340
OG0001847	g24312	Cg001G024360
OG0001848	g49729	Cg006G235570
OG0001849	g44174	Cg007G249150
OG0001849	g40968	Cg007G249160
OG0001851	g10491	Cg002G071020
OG0001852	g46697	Cg001G039720
OG0001852	g10375	Cg002G070160
OG0001853	g44973	Cg007G266230
OG0001854	g45045	Cg007G264690
OG0001855	g45079	Cg007G262790
OG0001855	g17383	Cg001G020400
OG0001856	g44231	Cg007G247900
OG0001856	g31351	Cg006G233800
OG0001857	g47578, g17146	Cg001G014630
OG0001857	g28595	Cg003G104540
OG0001858	g29802	Cg008G284930
OG0001858	g13080, g13076	Cg004G125890
OG0001859	g12369	Cg004G126170
OG0001861	g12325	Cg004G127040
OG0001861	g5622	Cg008G286620
OG0001862	g5592, g29671	Cg008G287380
OG0001862	g7348, g12306	Cg004G127640
OG0001863	g17176	Cg001G015560
OG0001863	g41165, g1333	Cg003G097980
OG0001864	g28478	Cg003G101710
OG0001864	g17095	Cg001G013450
OG0001865	g969	Cg003G101910
OG0001865	g23654	Cg001G013530
OG0001866	g979	Cg003G102150
OG0001866	g23661	Cg001G013670
OG0001867	g1109, g23732	Cg001G014910
OG0001868	g644	Cg008G300020
OG0001869	g143	Cg003G113620
OG0001869	g45544	Cg008G290990
OG0001870	g9717	Cg003G113390
OG0001870	g5412, g45537	Cg008G290870
OG0001871	g165	Cg008G290450, Cg008G290460
OG0001872	g5438	Cg008G290300
OG0001873	g29556, g45516	Cg008G289920
OG0001873	g45515	Cg008G289910
OG0001874	g5476, g29571	Cg008G289570
OG0001875	g5511	Cg008G289020
OG0001875	g461	Cg008G302820
OG0001876	g9928, g440	Cg003G108710
OG0001877	g5545	Cg008G288220
OG0001878	g24262	Cg001G023500
OG0001878	g40692, g10884	Cg008G324870
OG0001879	g17515	Cg001G022970
OG0001879	g10926	Cg008G324190
OG0001880	g24206, g17489	Cg008G323690
OG0001880	g17487	Cg001G022640
OG0001881	g24038	Cg001G020020
OG0001882	g40459	Cg003G080130, Cg003G093870
OG0001882	g24003	Cg001G019450
OG0001883	g25579	Cg003G080300, Cg003G093680
OG0001883	g23985	Cg001G019180
OG0001884	g49932	Cg006G230680
OG0001884	g19265, g19275	Cg007G251160
OG0001885	g50681	Cg006G212690
OG0001885	g40311	Cg003G083760
OG0001886	g27908	Cg006G209210
OG0001886	g40261	Cg003G085420
OG0001887	g40222	Cg003G087020
OG0001887	g27954, g35903	Cg006G208180
OG0001888	g50500	Cg006G217650, Cg005G172470
OG0001889	g6013	Cg004G154510
OG0001889	g47970	Cg001G003610
OG0001890	g22794	Cg001G002130
OG0001890	g22795	Cg001G002140
OG0001891	g47567	Cg001G014780
OG0001891	g49736	Cg006G235300
OG0001892	g11134	Cg008G318560
OG0001892	g50432	Cg006G218920
OG0001893	g40316	Cg003G083700
OG0001894	g51840	Cg005G166250
OG0001894	g40429	Cg003G080810, Cg003G080830
OG0001895	g40693	Cg008G324900
OG0001896	g12970	Cg004G120030
OG0001896	g7592	Cg004G123520
OG0001897	g11743	Cg004G141480
OG0001898	g11803	Cg004G139990
OG0001898	g24500	Cg001G027070
OG0001899	g13407	Cg004G139260
OG0001900	g16772	Cg001G042660
OG0001901	g37758	Cg005G157830
OG0001901	g1751	Cg002G043990
OG0001902	g1779	Cg002G044530
OG0001902	g50807	Cg005G158680
OG0001903	g1900	Cg002G045960
OG0001903	g37588	Cg005G160630
OG0001904	g18808	Cg002G046050
OG0001905	g1946	Cg002G046600
OG0001906	g2015	Cg002G047150
OG0001907	g2709	Cg002G058500
OG0001908	g18637	Cg003G111300
OG0001909	g30775	Cg006G243840
OG0001910	g39651, g25519	Cg003G094400, Cg003G079620
OG0001911	g39729	Cg008G319040
OG0001911	g30869	Cg006G242110
OG0001912	g39819	Cg005G174640
OG0001912	g49500	Cg006G240840
OG0001913	g49508, g30949	Cg006G240590
OG0001913	g39829	Cg005G174970
OG0001914	g44144	Cg005G175220
OG0001915	g37904	Cg005G175440
OG0001915	g49535	Cg006G240040
OG0001916	g27007	Cg006G238770
OG0001916	g51175	Cg005G177360
OG0001917	g39987	Cg005G178460
OG0001918	g38265	Cg004G141240
OG0001919	g12720	Cg004G116330
OG0001920	g29194	Cg008G296670
OG0001920	g7859	Cg004G117860
OG0001921	g7857	Cg008G296700
OG0001921	g12673	Cg004G117920
OG0001922	g12542	Cg004G121450
OG0001922	g4799	Cg008G306560
OG0001923	g37316	Cg005G166980
OG0001923	g2237	Cg002G051450
OG0001924	g2348	Cg002G053070
OG0001926	g51704	Cg005G168180
OG0001927	g31615, g49947	Cg006G230230
OG0001928	g46453	Cg007G279130
OG0001928	g27363	Cg006G228830
OG0001929	g27389	Cg006G228260
OG0001929	g46027	Cg007G273470
OG0001930	g31800	Cg006G227330
OG0001930	g44533	Cg007G274820
OG0001931	g44507	Cg007G275220
OG0001931	g27422, g50058	Cg006G227090
OG0001932	g50085	Cg006G226620
OG0001933	g44384	Cg006G224820, Cg007G277470
OG0001934	g50228	Cg006G223800
OG0001934	g46403	Cg007G278640
OG0001935	g45880, g44680	Cg007G271240
OG0001937	g50346	Cg006G221060
OG0001937	g44755, g45804	Cg007G269890
OG0001938	g32261	Cg006G219370
OG0001938	g27631	Cg006G219360
OG0001939	g38531	Cg005G193460
OG0001940	g10279, g12664	Cg008G284520
OG0001942	g7200	Cg003G083690
OG0001943	g7362	Cg004G127510
OG0001944	g7373	Cg004G127300
OG0001944	g29692	Cg008G287040
OG0001945	g10022	Cg008G304280, Cg002G057330
OG0001946	g2685	Cg002G058130
OG0001947	g3074	Cg002G062580, Cg002G062590
OG0001948	g3302	Cg002G063750
OG0001949	g11549, g34680, g35220	Cg002G063550
OG0001950	g13205	Cg004G129880
OG0001950	g27990	Cg006G195270
OG0001951	g7132	Cg004G131100
OG0001951	g36619	Cg006G196380
OG0001952	g13270, g6997	Cg004G133180
OG0001954	g45604, g5296	Cg008G293100
OG0001954	g11895, g6705	Cg004G137720
OG0001955	g54225, g36517	Cg006G198080
OG0001955	g6680	Cg004G138250
OG0001956	g6159, g13696	Cg004G150220, Cg004G151090
OG0001957	g51462	Cg005G171880
OG0001957	g50540, g27704	Cg006G215940
OG0001958	g6198, g6199, g6200	Cg004G148740
OG0001959	g11200	Cg002G046850
OG0001961	g36441	Cg006G199420
OG0001962	g16677, g16675	Cg006G238750, Cg008G308430
OG0001963	g45219	Cg003G078840, Cg014G330690
OG0001968	g39431, g39443, g41757, g41755	Cg003G100990, Cg003G100980, Cg003G100970, Cg003G101000, Cg003G101380
OG0001971	g23497	Cg001G011360
OG0001971	g13812	Cg004G156150
OG0001972	g47744	Cg001G010150
OG0001972	g5992	Cg004G154910
OG0001973	g23361	Cg001G009520
OG0001973	g50979	Cg005G190120
OG0001974	g50991	Cg005G190380
OG0001974	g47780	Cg001G009190
OG0001975	g13676	Cg004G148270
OG0001975	g23162	Cg001G006690
OG0001976	g47894, g23048	Cg001G005470
OG0001976	g14109	Cg004G152400
OG0001977	g51540	Cg005G170850
OG0001977	g17570	Cg001G024570
OG0001978	g27146, g49770	Cg006G234700
OG0001979	g10715	Cg002G074500
OG0001979	g49908	Cg006G231410
OG0001980	g10694	Cg002G074300
OG0001980	g31522	Cg006G231560
OG0001981	g31424, g49863, g27208	Cg006G232870, Cg002G072290
OG0001982	g27205	Cg006G233030
OG0001983	g16813	Cg001G041670
OG0001984	g10501	Cg002G071100
OG0001984	g16827	Cg001G041480
OG0001985	g49818	Cg001G018290
OG0001986	g11259, g19013	Cg002G049560
OG0001986	g51975	Cg005G164880
OG0001987	g5703	Cg008G284890
OG0001987	g13074	Cg004G125870
OG0001988	g45430, g5627	Cg008G286580
OG0001989	g7380	Cg004G127190
OG0001989	g45445	Cg008G286910
OG0001990	g28469	Cg003G101490
OG0001990	g23640	Cg001G013380
OG0001991	g996	Cg003G102370
OG0001992	g17128	Cg001G014090
OG0001992	g28533	Cg003G103210
OG0001993	g23695	Cg001G014210
OG0001994	g17882	Cg003G105150, Cg001G014940
OG0001995	g5318	Cg008G292670
OG0001995	g645	Cg008G299970
OG0001996	g5360, g29428	Cg008G292180
OG0001996	g18545	Cg008G305720, Cg008G305690
OG0001997	g29551	Cg008G290040
OG0001997	g50914	Cg005G191980
OG0001998	g9776	Cg003G112140
OG0001999	g29618	Cg008G288460
OG0001999	g9891	Cg003G109300
OG0002000	g398, g9883	Cg003G109510
OG0002001	g40646	Cg008G324290
OG0002001	g17511	Cg001G023040
OG0002002	g11025	Cg001G020780
OG0002003	g23971, g47411	Cg001G018840
OG0002003	g45153	Cg003G080670
OG0002004	g23936	Cg003G081690, Cg001G018110
OG0002005	g40350	Cg003G082680
OG0002005	g47473, g17257, g23876	Cg001G017140
OG0002006	g23870	Cg001G017060
OG0002006	g25752	Cg003G083000
OG0002008	g40320	Cg003G083540
OG0002008	g27789, g50667	Cg006G213040
OG0002010	g32372	Cg006G217490
OG0002011	g32400	Cg006G217390, Cg006G217380, Cg006G217400
OG0002012	g22997	Cg001G004690
OG0002013	g47926	Cg001G004580
OG0002014	g22963	Cg001G004160
OG0002015	g5998	Cg004G154780
OG0002015	g47975	Cg001G003370
OG0002016	g38456	Cg005G191820
OG0002016	g18284	Cg001G002510
OG0002017	g22772	Cg001G001900
OG0002018	g18309, g22686	Cg001G000930
OG0002019	g50590	Cg006G214940
OG0002021	g47482, g23861	Cg001G016980
OG0002022	g31717	Cg006G228390
OG0002022	g10955	Cg008G323480
OG0002023	g11784	Cg004G140130
OG0002023	g24513	Cg001G027250, Cg001G027260
OG0002024	g17705	Cg001G026770
OG0002024	g11827	Cg004G139510
OG0002025	g37664, g37665	Cg005G159280
OG0002026	g37566	Cg005G161020
OG0002027	g2089	Cg002G048960
OG0002027	g52000	Cg005G164380
OG0002028	g847, g11561, g2990	Cg002G062060
OG0002028	g41325	Cg003G108150
OG0002029	g39467	Cg003G077090, Cg014G332540
OG0002030	g39593	Cg003G078650, Cg014G330900
OG0002030	g30806	Cg006G243320
OG0002031	g30882	Cg006G241780, Cg005G173460
OG0002032	g39788, g37923	Cg005G174410
OG0002033	g31021	Cg006G239480
OG0002033	g39899	Cg005G176080
OG0002034	g49567	Cg006G238580
OG0002034	g51123	Cg005G177850
OG0002035	g28513	Cg003G102560
OG0002036	g5083	Cg008G296110
OG0002037	g5082	Cg008G296120
OG0002037	g12751	Cg004G117480
OG0002038	g13267, g12076	Cg004G133100
OG0002039	g19073	Cg002G050820
OG0002039	g38133	Cg005G166440
OG0002040	g51592	Cg005G169960
OG0002040	g19213, g2387	Cg002G053670
OG0002041	g51628	Cg005G169390
OG0002041	g19201, g2359	Cg002G053190
OG0002043	g36367	Cg006G200780
OG0002045	g31617	Cg006G230160
OG0002045	g13599	Cg005G174520
OG0002046	g31630	Cg006G229890
OG0002047	g27341	Cg006G229470
OG0002047	g46505	Cg007G279860
OG0002048	g31709	Cg006G228520
OG0002049	g46033	Cg007G273570
OG0002049	g27394	Cg006G228210
OG0002050	g31952	Cg006G225110
OG0002050	g46276	Cg007G277130
OG0002051	g39849	Cg006G225020
OG0002051	g52046	Cg005G163740
OG0002052	g31966	Cg006G224910
OG0002053	g31994	Cg006G224600
OG0002054	g27541, g50275	Cg006G222910
OG0002054	g45907	Cg007G271650
OG0002055	g32066	Cg006G222630
OG0002055	g44687, g45875	Cg007G271160
OG0002056	g51050	Cg005G187870
OG0002056	g23271	Cg001G008030
OG0002057	g23291, g47802	Cg001G008450, Cg005G188390
OG0002058	g7376	Cg004G127230
OG0002059	g30913	Cg006G241170
OG0002060	g45844	Cg007G270740
OG0002060	g5156	Cg008G295090
OG0002061	g36906	Cg008G303630
OG0002063	g29646	Cg008G287880
OG0002063	g28729, g1167	Cg003G105960
OG0002064	g2473	Cg002G055410, Cg002G055400
OG0002066	g46314	Cg007G277450
OG0002067	g46240	Cg007G276470
OG0002068	g44329	Cg007G279920, Cg007G280230
OG0002069	g46520	Cg007G280000
OG0002069	g14331	Cg007G279990
OG0002070	g27338	Cg006G229670
OG0002071	g7240	Cg004G129260
OG0002071	g54317, g36719	Cg006G194770
OG0002072	g27983	Cg006G194930
OG0002072	g7228	Cg004G129430
OG0002073	g7138	Cg004G131000
OG0002074	g24374, g24365	Cg001G025020
OG0002074	g12059	Cg004G133510
OG0002075	g1441, g13813, g13872	Cg004G156270
OG0002075	g13873	Cg004G156260
OG0002076	g27974	Cg006G194070
OG0002076	g7287	Cg004G128470
OG0002077	g54217	Cg006G198170
OG0002077	g13379	Cg004G138110
OG0002078	g2187	Cg002G050670
OG0002078	g19068	Cg002G050680
OG0002082	g19148	Cg002G052020
OG0002083	g37383	Cg005G164730
OG0002087	g35591, g24769, g3769, g22656, g22639, g22648, g22219, g29922, g29936, g29926, g29923	Cg007G257390
OG0002093	g14309	Cg004G149420
OG0002093	g23109	Cg001G006000
OG0002094	g23080	Cg001G005720
OG0002095	g6112	Cg004G153190
OG0002095	g23012	Cg001G004920
OG0002096	g41103	Cg007G253730
OG0002097	g44068	Cg007G251620
OG0002097	g27105	Cg006G235840
OG0002098	g44142	Cg007G249870
OG0002098	g41008	Cg007G250330
OG0002099	g40988	Cg007G250060
OG0002100	g31483, g27249, g49897	Cg006G232100
OG0002100	g1549	Cg002G073720
OG0002101	g10506, g1611	Cg002G071240
OG0002102	g12436	Cg004G123720, Cg007G260700
OG0002103	g40755	Cg007G245740
OG0002103	g7662	Cg001G042990
OG0002104	g40798	Cg007G246440
OG0002104	g46645	Cg001G042280
OG0002105	g31400	Cg006G233240
OG0002105	g40856	Cg007G247220
OG0002106	g40922	Cg007G248090
OG0002107	g2134	Cg002G049630
OG0002107	g37375	Cg005G165050
OG0002108	g7519	Cg004G124650
OG0002109	g5751	Cg008G283920
OG0002111	g5700	Cg008G284920
OG0002111	g12374	Cg004G125880
OG0002112	g45411	Cg008G285830
OG0002112	g7415, g12359	Cg004G126390
OG0002114	g23613	Cg001G012950
OG0002114	g924	Cg003G100450
OG0002115	g23671, g47607	Cg001G013820
OG0002116	g39370	Cg003G102760
OG0002116	g23680	Cg001G014020
OG0002117	g45613, g32260	Cg006G219390
OG0002118	g619	Cg008G305570
OG0002118	g5365, g29430	Cg008G292110
OG0002119	g29482	Cg008G291180
OG0002119	g10034	Cg008G304590
OG0002120	g496	Cg008G303290
OG0002120	g5495	Cg008G289380
OG0002121	g29632	Cg008G288130
OG0002122	g24269	Cg001G023660
OG0002123	g10981	Cg008G322680
OG0002123	g17446	Cg001G021640
OG0002124	g10983	Cg008G322530
OG0002125	g40506	Cg008G321180
OG0002126	g40466	Cg003G079970, Cg003G094040
OG0002126	g24023	Cg001G019750
OG0002127	g40347	Cg003G082800
OG0002127	g23872	Cg001G017100
OG0002128	g40324	Cg003G083510
OG0002128	g50665, g27787	Cg006G213050
OG0002129	g40276	Cg003G084520
OG0002129	g32729	Cg006G210990
OG0002131	g39546	Cg003G078110, Cg014G331580
OG0002131	g30788	Cg006G243710
OG0002134	g18238	Cg001G004040
OG0002135	g47976	Cg001G003360
OG0002136	g38546	Cg005G193700
OG0002136	g18328	Cg001G000690
OG0002137	g46699	Cg001G039620
OG0002137	g16892	Cg001G039650
OG0002138	g37085	Cg005G172260
OG0002139	g37045	Cg006G204280
OG0002139	g11140	Cg008G318310
OG0002141	g47017	Cg001G028740
OG0002141	g6494	Cg004G141520
OG0002142	g18755	Cg002G043670
OG0002142	g37772	Cg005G157580
OG0002143	g37767	Cg005G157660
OG0002144	g37452, g38191	Cg005G163450, Cg005G163440
OG0002145	g37430	Cg005G163890
OG0002145	g2046	Cg002G048290
OG0002146	g3103	Cg002G062950
OG0002146	g805	Cg008G302380
OG0002147	g28776	Cg003G107560, Cg003G107550
OG0002149	g46985	Cg002G058750
OG0002149	g319	Cg003G110930
OG0002150	g2593	Cg002G056800
OG0002150	g9668	Cg003G114480
OG0002151	g18262	Cg003G115020
OG0002151	g13956	Cg004G154620
OG0002152	g49301	Cg006G245080
OG0002153	g49304	Cg006G245000
OG0002154	g39682	Cg008G320290
OG0002154	g30843	Cg006G242550
OG0002155	g39712	Cg008G319640
OG0002156	g39752	Cg005G173470
OG0002157	g39795, g37925	Cg005G174320
OG0002157	g30918	Cg006G241120
OG0002158	g23621, g47637	Cg001G013070
OG0002159	g5059	Cg008G296530
OG0002161	g7750, g12813	Cg008G307630
OG0002162	g6516	Cg004G141150
OG0002162	g12504	Cg004G122020
OG0002163	g12940, g7629	Cg004G122760, Cg004G122770
OG0002164	g12943	Cg008G310460, Cg008G308800
OG0002164	g12475	Cg004G122820
OG0002165	g29351	Cg008G293630
OG0002166	g11267	Cg002G050210
OG0002166	g51881	Cg005G165730
OG0002167	g37321	Cg005G166710
OG0002168	g51549	Cg005G170700
OG0002168	g19259	Cg002G054430
OG0002169	g51729	Cg005G167680
OG0002169	g2306	Cg002G052380
OG0002170	g46547	Cg007G280510
OG0002171	g31640	Cg006G229760
OG0002171	g44309	Cg007G280300
OG0002172	g46536	Cg007G280280
OG0002173	g31652	Cg006G229500
OG0002174	g46175, g44490	Cg007G275430
OG0002175	g46287	Cg007G277200
OG0002175	g50161, g31957	Cg006G225030
OG0002176	g32040	Cg008G315760, Cg008G315770, Cg006G223390
OG0002176	g27522	Cg006G223380
OG0002177	g45900	Cg007G271570
OG0002178	g32109	Cg006G222460
OG0002179	g41650	Cg007G267570
OG0002179	g32254	Cg006G219480
OG0002181	g23102, g23098, g25483	Cg001G005860
OG0002182	g429, g9911	Cg003G108970
OG0002183	g31458	Cg006G232490
OG0002183	g10595	Cg002G072720
OG0002184	g45501	Cg006G216090
OG0002184	g49790	Cg006G233940
OG0002185	g31345	Cg006G233960
OG0002185	g27170	Cg007G248180
OG0002186	g53350	Cg007G250020
OG0002186	g27131	Cg006G235000
OG0002187	g31215, g49701	Cg006G236240
OG0002187	g12988	Cg004G124240
OG0002188	g30937	Cg006G240770
OG0002189	g7385	Cg004G127090
OG0002189	g29700	Cg008G286800
OG0002190	g12363	Cg004G126310
OG0002190	g29764	Cg008G285670
OG0002191	g11892, g6701, g630	Cg004G137790, Cg004G137800
OG0002192	g3318	Cg002G064030
OG0002193	g692, g28962, g41413	Cg007G246770, Cg007G245690
OG0002194	g12255, g13152	Cg004G128730
OG0002195	g7239	Cg004G129270, Cg001G016900
OG0002195	g54318	Cg006G194780
OG0002196	g24403	Cg001G025380
OG0002196	g6998	Cg004G133160
OG0002197	g12048	Cg004G133970
OG0002197	g36285, g42129	Cg006G201650
OG0002198	g12024	Cg004G134550
OG0002198	g36338	Cg006G201290
OG0002199	g12020	Cg004G134720
OG0002200	g14214, g6142	Cg004G151900
OG0002201	g13719	Cg004G152860
OG0002201	g14053	Cg004G152870
OG0002202	g14044, g23013	Cg004G153070
OG0002203	g45429	Cg008G286460, Cg004G154950
OG0002204	g5970	Cg004G155480
OG0002205	g28061	Cg006G199610
OG0002206	g28069	Cg006G199920, Cg004G135960
OG0002207	g17613	Cg001G025360
OG0002207	g24402	Cg001G025350
OG0002209	g52248	Cg005G160360
OG0002210	g23145	Cg001G006380
OG0002211	g17941, g17936, g17938, g17942, g17937, g17939, g51028, g5896	Cg002G062960
OG0002213	g45073	Cg007G262860
OG0002213	g44110	Cg007G262640, Cg007G263470, Cg007G263410, Cg007G263430, Cg007G262660, Cg007G263490, Cg007G262670, Cg007G263450
OG0002219	g13893	Cg004G156140
OG0002219	g23494	Cg001G011330
OG0002220	g23465	Cg001G011030
OG0002221	g13806	Cg004G155910
OG0002222	g23270	Cg001G007990
OG0002222	g16919	Cg005G187860
OG0002223	g23360	Cg001G009510
OG0002224	g38364	Cg005G189770
OG0002224	g23318	Cg001G008980
OG0002226	g18193	Cg001G006260
OG0002226	g6158	Cg004G151100, Cg004G150230
OG0002227	g23010	Cg001G004880
OG0002228	g37134	Cg005G171200
OG0002228	g32613	Cg006G213670
OG0002229	g49929	Cg006G230820
OG0002230	g1511, g1509	Cg002G074860
OG0002231	g10630	Cg002G073230
OG0002231	g49876	Cg006G232400, Cg006G232390
OG0002232	g10592, g1582	Cg002G072700
OG0002232	g49874	Cg006G232480
OG0002234	g16885	Cg001G040020
OG0002234	g10384	Cg002G069970
OG0002235	g41854	Cg007G266400
OG0002236	g16744	Cg001G035960
OG0002238	g40832	Cg007G246020
OG0002239	g44230	Cg007G247940
OG0002239	g31349	Cg006G233830
OG0002240	g28624	Cg003G104800
OG0002240	g47565	Cg001G014800
OG0002241	g5815	Cg008G282660
OG0002242	g12375	Cg004G125810
OG0002243	g54325, g46597	Cg007G281470
OG0002245	g1337	Cg003G097750
OG0002246	g1314	Cg003G098410
OG0002247	g28356	Cg003G098610
OG0002247	g47545	Cg001G015340
OG0002248	g28479	Cg003G101740
OG0002248	g23650	Cg001G013470
OG0002249	g39385	Cg003G102340
OG0002250	g28534	Cg003G103220
OG0002251	g23702	Cg001G014270
OG0002252	g39303	Cg003G105170
OG0002252	g47558	Cg001G014950
OG0002253	g29376	Cg008G293200, Cg006G219380
OG0002254	g647	Cg008G299910
OG0002254	g29398, g45590	Cg008G292760
OG0002255	g29416	Cg008G292450
OG0002256	g40571, g10975	Cg008G322740
OG0002256	g17449	Cg001G021680
OG0002257	g23963	Cg001G018650
OG0002257	g47418	Cg001G018660
OG0002258	g32495	Cg006G215520
OG0002258	g27717	Cg005G171740
OG0002259	g22937, g18249	Cg001G003810
OG0002260	g17283	Cg001G035500
OG0002262	g22849	Cg001G002910
OG0002262	g50946	Cg005G191470
OG0002264	g18338	Cg001G000540
OG0002265	g16897	Cg001G039320
OG0002265	g10355	Cg002G067750
OG0002266	g37031	Cg008G314510
OG0002267	g6478	Cg004G141700
OG0002268	g6539	Cg004G140750
OG0002268	g24531	Cg001G027810
OG0002269	g6555, g13451, g11771	Cg004G140340
OG0002270	g47050, g47064	Cg001G027280
OG0002271	g11837	Cg004G139400
OG0002271	g24481	Cg001G026680
OG0002272	g24441	Cg001G025890
OG0002273	g1884	Cg002G045720
OG0002273	g52250	Cg005G160330
OG0002274	g37539	Cg005G161540
OG0002274	g1939	Cg002G046540
OG0002275	g38225	Cg005G161650
OG0002276	g1950	Cg002G046640
OG0002277	g18975	Cg002G048440
OG0002277	g52045	Cg005G163750
OG0002278	g2099	Cg002G048880
OG0002278	g37403	Cg005G164220
OG0002279	g44736	Cg003G091460
OG0002279	g12765	Cg004G118350
OG0002280	g3075	Cg002G062600
OG0002280	g41343	Cg008G302650
OG0002281	g3071	Cg002G062530
OG0002281	g41340	Cg008G302680
OG0002282	g851	Cg003G108050
OG0002283	g9718	Cg003G113380
OG0002284	g30740	Cg006G244780
OG0002284	g39488	Cg014G332830, Cg003G076740
OG0002286	g49433	Cg006G242590
OG0002286	g39681	Cg008G320310
OG0002287	g49504	Cg006G240730
OG0002287	g39824	Cg005G174780
OG0002288	g39863	Cg005G175520
OG0002288	g26969	Cg006G240010
OG0002289	g49564, g31068	Cg006G238660, Cg006G238610
OG0002290	g49688, g31120, g31121	Cg006G237620
OG0002291	g47833	Cg001G007260
OG0002291	g38293	Cg005G186120
OG0002292	g29301	Cg004G116490
OG0002293	g12743, g12694	Cg004G117150
OG0002294	g5058	Cg008G296540
OG0002294	g12680	Cg004G117770
OG0002295	g29193	Cg008G296710
OG0002296	g7840	Cg004G118120
OG0002297	g29168, g5019	Cg008G297060
OG0002298	g3928, g4013, g4988	Cg004G119140
OG0002299	g10122, g4804	Cg008G306500
OG0002300	g10201	Cg008G308740, Cg008G308720, Cg008G308730
OG0002301	g10219	Cg008G309130, Cg008G310830
OG0002302	g51626	Cg005G169440
OG0002302	g2364	Cg002G053210
OG0002303	g27312, g31616	Cg006G230170
OG0002304	g31644	Cg006G229660
OG0002305	g44328	Cg007G279940
OG0002305	g31650	Cg006G229530
OG0002306	g31658	Cg006G229300
OG0002306	g44343	Cg007G279720
OG0002307	g31801, g27417	Cg006G227290
OG0002308	g31965	Cg006G224920
OG0002308	g46303	Cg007G277310
OG0002309	g46375	Cg007G278240
OG0002310	g50222	Cg006G224030
OG0002310	g46385	Cg007G278380
OG0002311	g50305	Cg006G221980
OG0002311	g44706	Cg007G270730
OG0002312	g45832	Cg007G270630
OG0002313	g45777	Cg007G269410
OG0002314	g32256	Cg006G219460
OG0002314	g44890	Cg007G267530
OG0002317	g47012, g49600	Cg006G238160, Cg003G086100
OG0002318	g54372	Cg006G194290
OG0002319	g49389	Cg006G243620
OG0002320	g39466	Cg014G332530, Cg003G077100
OG0002320	g30746, g49328	Cg006G244570
OG0002321	g7306	Cg004G128230
OG0002321	g29347	Cg008G293680
OG0002322	g29734	Cg008G286110
OG0002323	g23906, g43676	Cg004G143400
OG0002324	g45908	Cg007G271660
OG0002325	g7257, g13155	Cg004G128970
OG0002325	g36738	Cg006G194420
OG0002326	g13173	Cg004G129220
OG0002326	g36724	Cg006G194680
OG0002327	g28000	Cg006G195870
OG0002327	g7164	Cg004G130510
OG0002328	g12113	Cg004G132100
OG0002329	g6884	Cg004G134960
OG0002329	g54097	Cg006G201050
OG0002330	g6877	Cg006G200510
OG0002331	g6690	Cg004G138020
OG0002331	g36507	Cg006G198260
OG0002333	g14234	Cg001G005820
OG0002333	g6154	Cg004G151430
OG0002334	g23564	Cg001G012310
OG0002335	g54255	Cg006G197470
OG0002335	g7041	Cg004G132490
OG0002336	g12099	Cg004G132510
OG0002337	g19243	Cg002G054340
OG0002337	g51559	Cg005G170590
OG0002338	g2169	Cg002G050230
OG0002338	g51877	Cg005G165830
OG0002339	g38158	Cg005G164610
OG0002339	g18999	Cg002G049160
OG0002345	g32088	Cg006G222010
OG0002348	g17045, g47668	Cg001G012140
OG0002349	g17032	Cg001G011970
OG0002349	g13851	Cg004G156820
OG0002350	g47694	Cg001G011390
OG0002351	g38398	Cg005G190610
OG0002351	g47753	Cg001G009800
OG0002352	g38383	Cg005G190320
OG0002352	g47774	Cg001G009300
OG0002353	g23023	Cg001G005060
OG0002356	g41055, g44032	Cg007G252150
OG0002357	g2053	Cg002G048370
OG0002357	g27120	Cg006G235550
OG0002358	g49916, g31542	Cg002G074890
OG0002358	g27282	Cg006G231210
OG0002359	g27279	Cg006G231370
OG0002360	g1521	Cg002G074550
OG0002362	g10468	Cg002G070720
OG0002362	g16842	Cg001G041110
OG0002363	g10444	Cg002G068660
OG0002364	g42039	Cg007G264550, Cg007G264610
OG0002364	g11052	Cg007G264560
OG0002365	g18061	Cg007G261530
OG0002365	g46853	Cg001G034270
OG0002366	g31397, g49842	Cg006G233310, Cg007G247260
OG0002367	g28557	Cg003G103990
OG0002368	g19008, g2060	Cg002G049460
OG0002369	g51922	Cg005G165470
OG0002370	g13037, g12404	Cg004G124930
OG0002371	g45358	Cg004G125510
OG0002371	g5726	Cg008G284250
OG0002372	g7400	Cg004G126750
OG0002372	g45426	Cg008G286190
OG0002373	g29658	Cg008G287590
OG0002373	g13134	Cg004G127900
OG0002374	g23824	Cg001G016210
OG0002375	g28329	Cg003G097800
OG0002376	g47550, g23760	Cg001G015250
OG0002376	g41207	Cg003G098850
OG0002377	g17087	Cg001G013270
OG0002378	g17102	Cg001G013600
OG0002378	g28491	Cg003G102040
OG0002379	g28590	Cg001G014620
OG0002379	g1091	Cg003G104460
OG0002380	g9741, g202	Cg003G112820
OG0002381	g280	Cg003G111460
OG0002382	g9910	Cg003G108980
OG0002383	g43975	Cg008G323140
OG0002383	g24183	Cg001G022320
OG0002384	g11049	Cg008G320870
OG0002385	g40475	Cg003G079790, Cg003G094230
OG0002385	g17392	Cg001G019940
OG0002387	g50951	Cg005G191390
OG0002388	g22832	Cg001G002740, Cg005G191610
OG0002389	g18380	Cg001G000120
OG0002390	g38001	Cg005G171270
OG0002392	g25537, g40473	Cg001G019930, Cg003G079820, Cg003G094200
OG0002393	g11684, g11678	Cg004G142800
OG0002394	g24698	Cg001G029660
OG0002394	g11723	Cg004G142310
OG0002395	g6459	Cg001G029410
OG0002396	g47045	Cg001G027860
OG0002397	g16834	Cg001G041300
OG0002398	g18758	Cg002G043630
OG0002400	g37663	Cg005G159300
OG0002400	g1824	Cg002G045020
OG0002401	g52281	Cg005G159920
OG0002401	g11169	Cg002G045500
OG0002402	g38244	Cg005G160270
OG0002403	g44561	Cg007G274110
OG0002403	g31746	Cg006G227990
OG0002404	g52120	Cg005G162380
OG0002406	g28930	Cg008G300950
OG0002407	g11520	Cg002G066210
OG0002408	g2995	Cg002G062140
OG0002408	g41329	Cg003G108240
OG0002409	g9733	Cg003G112870
OG0002410	g2602	Cg002G056980
OG0002410	g109	Cg003G114090
OG0002411	g44592, g46020	Cg007G273300
OG0002412	g26867	Cg006G245030
OG0002412	g25370	Cg014G332960, Cg003G076610
OG0002413	g25357	Cg003G076290, Cg014G333290
OG0002413	g49311	Cg006G244850
OG0002414	g30820	Cg006G243030
OG0002414	g39629	Cg003G079090, Cg003G094850
OG0002415	g30861	Cg006G242290
OG0002416	g39724	Cg008G319170
OG0002417	g30895	Cg006G241450
OG0002418	g39822	Cg005G174720
OG0002418	g49503	Cg006G240760
OG0002419	g31023	Cg006G239460
OG0002419	g39903	Cg005G176120
OG0002420	g40076	Cg005G179470, Cg008G309180, Cg008G310890, Cg008G310930
OG0002420	g53433	Cg005G179460
OG0002421	g37802	Cg005G180020
OG0002421	g40095	Cg006G237780
OG0002422	g23659	Cg003G102080
OG0002422	g47614	Cg001G013630
OG0002423	g29241	Cg004G117310, Cg008G295870
OG0002424	g7877	Cg004G117530
OG0002425	g7873	Cg004G117580
OG0002425	g29213	Cg008G296230
OG0002426	g7868	Cg004G117630
OG0002426	g29204	Cg008G296330
OG0002427	g7835	Cg004G118290
OG0002427	g45746	Cg008G297290
OG0002428	g12617	Cg004G119610
OG0002428	g29033	Cg008G298510
OG0002430	g7544, g12417	Cg004G124290
OG0002430	g7545	Cg004G124280
OG0002431	g37319, g51779	Cg005G166770
OG0002432	g38126	Cg005G166860
OG0002432	g51771	Cg005G166850
OG0002433	g49953	Cg006G230020
OG0002435	g46078	Cg007G274020
OG0002435	g31757	Cg006G227820
OG0002436	g32008	Cg006G224240
OG0002436	g46364	Cg007G278140
OG0002437	g50229	Cg006G223780
OG0002437	g46407	Cg007G278680
OG0002438	g32025	Cg006G223670
OG0002439	g45962	Cg007G272610
OG0002439	g27521	Cg006G223420
OG0002440	g18712	Cg002G062310, Cg002G043150
OG0002441	g50277	Cg006G222870
OG0002442	g50300	Cg006G222310
OG0002443	g44759	Cg007G269800
OG0002444	g44816	Cg007G268910
OG0002444	g32187	Cg006G220420
OG0002445	g47547, g23762	Cg001G015290
OG0002446	g23614	Cg001G012960
OG0002446	g28429	Cg003G100460
OG0002447	g16917	Cg001G007770
OG0002447	g38322	Cg005G187390
OG0002448	g2555	Cg002G056270
OG0002448	g53842	Cg006G204870
OG0002449	g49856, g31416	Cg006G232990
OG0002450	g27021	Cg006G237940
OG0002451	g31098, g49604	Cg006G238070
OG0002451	g40047	Cg005G179020
OG0002452	g27006	Cg006G238780
OG0002453	g39602	Cg014G330790, Cg003G078750
OG0002453	g49398	Cg006G243280
OG0002454	g30809	Cg006G243290
OG0002454	g39599	Cg003G078720, Cg014G330830
OG0002455	g29152	Cg008G297280, Cg008G297250, Cg008G297270
OG0002456	g29027	Cg008G298340
OG0002456	g4937	Cg008G298430
OG0002458	g19136, g2270	Cg004G152160, Cg002G051820
OG0002459	g18625, g18624, g18616	Cg003G110700
OG0002460	g28726, g1184	Cg003G106010
OG0002461	g2484	Cg002G055490, Cg002G055500
OG0002462	g44396	Cg007G277170
OG0002462	g50160	Cg006G225080
OG0002463	g13625	Cg007G276940
OG0002463	g31942, g27463	Cg006G225430
OG0002464	g46140	Cg007G274800
OG0002465	g49938, g27299	Cg006G230470
OG0002466	g12206	Cg004G129960
OG0002466	g54343	Cg006G195330
OG0002467	g36668	Cg004G130420
OG0002468	g36608	Cg006G196530
OG0002468	g7108	Cg004G131520
OG0002469	g47133	Cg001G025190
OG0002469	g12070	Cg004G133330
OG0002470	g12047	Cg004G133980
OG0002470	g13285	Cg006G201640
OG0002471	g12038	Cg004G134170
OG0002472	g12032	Cg006G201450
OG0002473	g12025	Cg004G134540
OG0002473	g28101	Cg006G201300
OG0002474	g13427	Cg001G026970
OG0002475	g24527	Cg001G027500
OG0002478	g54283	Cg006G196430
OG0002479	g37101	Cg005G171900
OG0002479	g18481	Cg008G323960
OG0002482	g40688	Cg008G324740, Cg008G324730
OG0002484	g28560	Cg003G104030
OG0002489	g41181, g41197, g11665	Cg003G098780
OG0002494	g13840	Cg004G157250
OG0002494	g17056	Cg001G012420
OG0002496	g50880	Cg005G193120
OG0002497	g28603	Cg003G104650
OG0002497	g47784	Cg001G009060
OG0002498	g23316	Cg001G008970
OG0002499	g28878	Cg002G063740
OG0002500	g23119	Cg004G150810, Cg004G149920
OG0002501	g14176, g14135, g14163, g14125, g14116, g14184, g14155, g14132, g14170, g14149, g14152, g14157, g14187, g14142, g14137, g14166, g14178, g14172, g14145, g14189, g14162, g14115, g14119, g14175, g14134, g32547	Cg006G214280
OG0002502	g27782	Cg006G213320, Cg005G171360
OG0002503	g31144	Cg007G256090, Cg006G237150
OG0002504	g31222	Cg006G236150
OG0002505	g44090	Cg007G251380
OG0002506	g41026	Cg007G250700
OG0002506	g31259	Cg006G235430
OG0002507	g49906	Cg002G074470
OG0002508	g1534	Cg002G073970
OG0002508	g49901	Cg006G231960
OG0002509	g16678	Cg002G073610
OG0002510	g31414	Cg006G233010
OG0002511	g10360	Cg002G070090, Cg002G069640, Cg002G069630
OG0002512	g1940	Cg002G046550
OG0002512	g54315	Cg006G194660
OG0002513	g12360	Cg004G126380
OG0002513	g5653	Cg008G285820
OG0002515	g12317, g7368	Cg004G127400
OG0002516	g23740, g47555	Cg001G015060, Cg001G015090
OG0002517	g23612	Cg001G012920
OG0002518	g23682, g17125	Cg001G014040
OG0002519	g17126	Cg001G014050
OG0002519	g1021	Cg003G102860
OG0002520	g28536	Cg003G103270
OG0002520	g23686	Cg001G014110
OG0002521	g5332	Cg008G292470
OG0002522	g234	Cg003G112310
OG0002523	g17553	Cg001G023600
OG0002524	g40392	Cg003G081670
OG0002525	g40251	Cg003G085610
OG0002525	g32992	Cg006G209430
OG0002526	g50545	Cg006G215870
OG0002526	g23785	Cg001G015590
OG0002527	g51486	Cg005G171660
OG0002527	g32506	Cg006G215370
OG0002528	g13990	Cg004G154020
OG0002528	g47952	Cg001G003970
OG0002529	g22866	Cg001G002990
OG0002529	g38429	Cg005G191270
OG0002530	g22822	Cg001G002580
OG0002531	g22763	Cg001G001800
OG0002532	g50884, g36958, g36957	Cg005G193050
OG0002533	g18367	Cg002G061280
OG0002535	g25681, g40383	Cg003G081900
OG0002536	g47424	Cg001G018520
OG0002536	g25652	Cg003G081100
OG0002537	g40422	Cg003G080940
OG0002537	g30888	Cg006G241360
OG0002539	g47047	Cg001G027590
OG0002539	g47046	Cg001G027600
OG0002540	g24438	Cg001G025900
OG0002541	g18757	Cg005G157460
OG0002542	g37647, g52297	Cg005G159580
OG0002542	g1841	Cg002G045180
OG0002543	g52276	Cg005G159970
OG0002543	g18688	Cg002G045560
OG0002544	g52133	Cg005G161930
OG0002544	g1959	Cg002G046750
OG0002545	g52001	Cg005G164330
OG0002545	g2090	Cg002G048910
OG0002546	g38169	Cg006G220340
OG0002547	g18994	Cg002G049070
OG0002547	g51994	Cg005G164500
OG0002548	g51723	Cg005G167870
OG0002549	g37343, g51846	Cg005G166170
OG0002551	g2870	Cg002G060620
OG0002551	g28745	Cg003G107180
OG0002553	g9662	Cg003G114670
OG0002553	g2586	Cg002G056560
OG0002554	g9636	Cg003G115200, Cg003G115190
OG0002555	g26876, g30764	Cg006G244360
OG0002556	g39507	Cg003G077930, Cg014G331730
OG0002556	g49357	Cg006G244180
OG0002557	g30962	Cg006G240290
OG0002559	g29293	Cg008G294900
OG0002561	g29180, g5029	Cg008G296910, Cg004G118090
OG0002562	g10159	Cg008G307420
OG0002562	g7734	Cg004G120620
OG0002565	g2411	Cg002G054200
OG0002565	g19239	Cg005G170500
OG0002567	g31645, g27339	Cg006G229650
OG0002568	g46196	Cg007G275910
OG0002568	g31867	Cg006G226370
OG0002569	g44413	Cg007G276700
OG0002569	g31917	Cg006G225640
OG0002570	g46256	Cg007G276810
OG0002571	g44395	Cg007G277190
OG0002571	g27479, g31956	Cg006G225050
OG0002572	g31999	Cg006G224400
OG0002573	g45829	Cg007G270600
OG0002573	g50321	Cg006G221710
OG0002574	g32184	Cg006G220440
OG0002574	g44818	Cg007G268890
OG0002575	g15801	Cg006G221560
OG0002580	g51282	Cg005G174660
OG0002580	g30935	Cg006G240810
OG0002581	g49354	Cg006G244250
OG0002581	g49351	Cg006G244260
OG0002582	g51466	Cg004G146280, Cg005G165840
OG0002583	g19395	Cg002G057300
OG0002583	g553	Cg008G304310
OG0002584	g19519, g2803	Cg002G059840
OG0002584	g1223	Cg003G106410
OG0002585	g28757	Cg003G107360
OG0002586	g19573	Cg002G061310
OG0002587	g50096	Cg006G226280
OG0002587	g46205	Cg007G276040
OG0002588	g46134	Cg007G274750
OG0002589	g31714	Cg006G228430
OG0002589	g46015	Cg007G273230
OG0002590	g12201	Cg004G130210
OG0002590	g36682	Cg006G195450
OG0002591	g36711, g54321	Cg006G194870
OG0002592	g36685	Cg006G195380
OG0002592	g7192	Cg004G130000
OG0002593	g54278	Cg006G196810
OG0002593	g13237	Cg004G131840
OG0002594	g54271	Cg006G196990, Cg004G132020
OG0002595	g7043, g13253	Cg004G132470
OG0002596	g7000	Cg004G133110
OG0002596	g17615	Cg001G025430
OG0002597	g6956	Cg004G133760
OG0002597	g36277	Cg006G201820
OG0002598	g13295	Cg004G134400
OG0002599	g13398	Cg004G138810
OG0002599	g6611, g6623	Cg004G138790
OG0002600	g45810, g36026, g37948	Cg004G119080
OG0002601	g38326	Cg005G187800
OG0002601	g23269	Cg001G007960
OG0002602	g12252	Cg004G128840
OG0002603	g13374	Cg004G137900
OG0002604	g28081	Cg006G200350, Cg006G200340
OG0002605	g11261	Cg002G049880
OG0002607	g18857, g1932	Cg002G046470
OG0002610	g17505	Cg001G023070
OG0002610	g40605	Cg008G323540
OG0002611	g38110	Cg005G167400
OG0002612	g47814	Cg001G008120
OG0002614	g10544	Cg002G071810
OG0002616	g47331, g16145	Cg006G195130
OG0002618	g9802	Cg003G111570, Cg003G111580
OG0002622	g17024, g23530	Cg001G011750
OG0002623	g47763	Cg001G009490
OG0002624	g23241	Cg001G007540
OG0002625	g19701, g19762	Cg040G336990, Cg035G336760, Cg025G336140
OG0002626	g23085	Cg001G005790
OG0002627	g23076	Cg001G005660
OG0002629	g51497	Cg005G171540
OG0002629	g32519	Cg006G215190
OG0002630	g32552	Cg006G214160
OG0002631	g17561, g24313	Cg001G024370
OG0002632	g41111	Cg007G254160
OG0002632	g31172	Cg006G236820
OG0002633	g31205	Cg006G236410
OG0002634	g44057	Cg007G251730
OG0002634	g31236	Cg006G235890
OG0002635	g31317, g27156	Cg006G234480
OG0002636	g31548	Cg006G231150
OG0002636	g10747	Cg002G074990
OG0002637	g31490	Cg006G231950
OG0002639	g10531, g16607	Cg002G071560
OG0002640	g16489	Cg002G069610
OG0002642	g44918	Cg007G267110
OG0002643	g46778	Cg001G036740
OG0002643	g44986	Cg007G265600
OG0002645	g28623	Cg003G104790
OG0002645	g23725	Cg001G014770
OG0002646	g13072	Cg008G284860
OG0002646	g7441	Cg004G125850
OG0002647	g47515, g23827	Cg001G016240
OG0002648	g28408	Cg005G178960, Cg003G100040
OG0002650	g28477	Cg003G101600
OG0002651	g964	Cg003G101870
OG0002651	g23651	Cg001G013490
OG0002653	g29472	Cg008G291370
OG0002653	g10040	Cg008G304700
OG0002654	g29493	Cg008G291000
OG0002655	g5430, g29523	Cg008G290480
OG0002656	g216	Cg003G112520
OG0002657	g24464	Cg001G026100
OG0002658	g24040	Cg001G020090
OG0002658	g24039	Cg001G020080
OG0002659	g47415	Cg001G018670
OG0002659	g40417	Cg003G080990
OG0002660	g40405	Cg003G081250
OG0002660	g47428	Cg001G018380
OG0002661	g40368	Cg003G082440
OG0002662	g50771	Cg006G209140
OG0002662	g25851	Cg003G085310
OG0002663	g32316	Cg006G218580
OG0002664	g22979	Cg001G004500
OG0002665	g6031	Cg004G154100
OG0002666	g47968, g22923	Cg001G003670
OG0002667	g22917	Cg001G003580
OG0002667	g6010	Cg004G154550
OG0002668	g22874	Cg001G003120
OG0002669	g22810	Cg001G002440
OG0002672	g53265	Cg001G040000
OG0002673	g40246	Cg003G085790, Cg006G231220
OG0002675	g47365	Cg001G019890, Cg003G094180, Cg003G079840
OG0002676	g13523	Cg004G143230
OG0002678	g46973	Cg004G141720
OG0002678	g24655	Cg001G029250
OG0002679	g11770	Cg001G027460
OG0002680	g47052	Cg001G027370
OG0002680	g13450	Cg004G140250
OG0002681	g37662	Cg005G159310
OG0002682	g37489	Cg005G162720
OG0002684	g37398	Cg005G164360
OG0002685	g5828	Cg008G282470
OG0002685	g7527	Cg004G124550
OG0002686	g5704	Cg008G284840
OG0002686	g29212	Cg008G296240
OG0002687	g2988	Cg002G062050
OG0002687	g28816	Cg003G108090
OG0002688	g2913	Cg002G061410
OG0002688	g1300	Cg003G107680
OG0002689	g28748	Cg003G107220
OG0002690	g19544, g28747	Cg003G107200
OG0002691	g19424	Cg002G058340
OG0002691	g296	Cg003G111260
OG0002692	g25364	Cg003G076390, Cg014G333200
OG0002692	g49307, g49305	Cg006G244970
OG0002693	g39624, g25489	Cg003G079020, Cg003G094930
OG0002694	g39672, g11058	Cg008G320500
OG0002694	g49428	Cg006G242690
OG0002695	g30954	Cg006G240500
OG0002696	g49584	Cg006G238260
OG0002697	g12985	Cg004G124370
OG0002698	g12649	Cg004G118470
OG0002698	g29137	Cg008G297670
OG0002699	g4991	Cg008G297720
OG0002700	g7802	Cg008G298520
OG0002701	g7608	Cg008G309700, Cg008G311530
OG0002702	g2167	Cg002G050180
OG0002702	g51882	Cg005G165710
OG0002703	g32449	Cg006G216220
OG0002704	g38055	Cg005G169450
OG0002705	g2302	Cg002G052300
OG0002706	g44321	Cg007G280120
OG0002706	g49968	Cg006G229620
OG0002707	g46062	Cg007G273830
OG0002707	g31741	Cg006G228070
OG0002708	g46197	Cg007G275920
OG0002708	g31869	Cg006G226360
OG0002709	g44376	Cg007G277570
OG0002710	g50263	Cg006G223040
OG0002710	g44654	Cg007G271860
OG0002712	g32191	Cg006G220310
OG0002713	g32193	Cg006G220280
OG0002714	g27293	Cg006G230740
OG0002715	g10776	Cg002G075240
OG0002716	g27116	Cg006G235670
OG0002716	g27111	Cg006G235680
OG0002717	g29197, g29196	Cg008G296640
OG0002718	g29141	Cg008G297620
OG0002718	g45751, g24561	Cg008G297610
OG0002719	g18082, g18081	Cg008G304370
OG0002720	g2515, g2514	Cg002G055860, Cg002G055870
OG0002722	g46930	Cg007G269660
OG0002722	g50680	Cg007G269270
OG0002723	g46417	Cg007G278720
OG0002724	g44400	Cg006G225190
OG0002724	g46270	Cg007G277070
OG0002725	g7259	Cg004G128900
OG0002725	g7260	Cg004G128890
OG0002726	g7080	Cg004G131810
OG0002727	g7028	Cg004G132620
OG0002728	g6824, g11972	Cg004G135830
OG0002729	g11906	Cg004G137420
OG0002729	g36468	Cg006G198920
OG0002730	g11859, g6631, g6632	Cg004G138720
OG0002731	g13423	Cg004G139650, Cg001G026890
OG0002733	g36385	Cg006G200320
OG0002734	g32446	Cg006G216290
OG0002734	g51456	Cg005G172030
OG0002735	g19203	Cg002G053200
OG0002736	g51687	Cg005G168440
OG0002737	g2145	Cg002G049890
OG0002738	g10853	Cg008G325200
OG0002739	g9681	Cg003G114270
OG0002740	g18904	Cg002G047290
OG0002741	g44835	Cg007G268720
OG0002745	g27169	Cg006G234120
OG0002748	g29545	Cg008G290140
OG0002750	g13653	Cg007G266810, Cg007G266700
OG0002753	g23558	Cg001G012270
OG0002754	g47690	Cg004G156490
OG0002755	g51026	Cg001G008810
OG0002757	g6141	Cg004G151960
OG0002758	g23026, g47904	Cg001G005150
OG0002759	g17611	Cg001G025330
OG0002760	g51515	Cg005G171260
OG0002761	g41048, g44083, g44097, g44081	Cg007G251260
OG0002762	g31325	Cg006G234340
OG0002763	g31563	Cg006G230930
OG0002764	g27247, g49890	Cg006G232230
OG0002765	g10524	Cg002G071440
OG0002766	g18119	Cg001G036690
OG0002767	g40850	Cg007G247120
OG0002768	g1078	Cg003G104110
OG0002768	g17139	Cg001G014440
OG0002769	g13044	Cg004G125040
OG0002770	g17187	Cg001G015880
OG0002771	g183	Cg003G113070
OG0002772	g267	Cg003G111710
OG0002772	g5471	Cg008G289660
OG0002773	g29627	Cg008G288290
OG0002773	g407	Cg003G109370
OG0002774	g11021, g40519	Cg008G321520
OG0002775	g24077	Cg001G020730
OG0002776	g24004, g47380	Cg001G019470
OG0002778	g23913	Cg001G017800
OG0002780	g35931, g35932	Cg006G208480, Cg006G208490
OG0002781	g22819	Cg001G002540
OG0002782	g18302	Cg001G001730
OG0002784	g24251	Cg001G023400
OG0002785	g6326	Cg004G146590
OG0002786	g11580	Cg004G146450
OG0002787	g46863	Cg001G033810
OG0002787	g11650	Cg004G144510
OG0002788	g47048	Cg001G027580
OG0002789	g47067, g17714	Cg001G027110
OG0002790	g11822	Cg004G139550
OG0002790	g6593	Cg004G139570
OG0002791	g6636	Cg004G138670
OG0002792	g46680	Cg001G040840
OG0002793	g37707, g50808	Cg005G158650
OG0002794	g11184	Cg005G160520
OG0002797	g2126	Cg002G048500
OG0002797	g37440	Cg005G163700
OG0002798	g37407	Cg005G164190
OG0002799	g5830, g45288, g51706	Cg005G168130
OG0002800	g5721, g45364, g13485	Cg008G284360
OG0002801	g738	Cg002G064840
OG0002801	g28915	Cg008G301250
OG0002802	g41374	Cg002G064470
OG0002802	g28905	Cg008G301510
OG0002803	g2806	Cg002G059960
OG0002803	g1227	Cg003G106480
OG0002806	g25421	Cg003G077840, Cg014G331810
OG0002807	g39633, g45204, g49417	Cg003G094790, Cg003G079210
OG0002808	g51300	Cg005G174250
OG0002808	g30911	Cg006G241190
OG0002809	g39846	Cg005G175300
OG0002809	g30978	Cg006G240090
OG0002810	g31016	Cg006G239580
OG0002810	g51225	Cg005G175920
OG0002811	g40019	Cg005G177730
OG0002812	g49693	Cg006G237700
OG0002813	g5190	Cg004G116340, Cg008G294580
OG0002814	g7894	Cg004G117360
OG0002817	g7770	Cg004G119970
OG0002817	g41472	Cg008G298840
OG0002818	g12836, g7722	Cg004G120710
OG0002819	g12924, g12500	Cg004G122120
OG0002820	g12486	Cg004G122420
OG0002822	g7751	Cg004G120220, Cg006G201970, Cg004G144820
OG0002823	g19219	Cg002G054010
OG0002823	g37161	Cg005G170320
OG0002824	g2324	Cg002G052630
OG0002824	g51674	Cg005G168590
OG0002825	g46592	Cg007G281250
OG0002825	g27306	Cg006G230360
OG0002826	g46542	Cg007G280430
OG0002826	g31631	Cg006G229880
OG0002827	g50002	Cg006G228500
OG0002828	g50004	Cg006G228460
OG0002828	g44599, g46011	Cg007G273180
OG0002829	g50020	Cg006G228100
OG0002829	g31738	Cg007G273710
OG0002830	g44514	Cg007G275030
OG0002830	g31809	Cg001G041990, Cg006G227190
OG0002831	g44504	Cg007G275250
OG0002832	g31924	Cg006G225470
OG0002832	g46264	Cg007G276900
OG0002833	g31939	Cg006G225460
OG0002833	g46265	Cg007G276910
OG0002834	g50304	Cg006G221990
OG0002835	g45780	Cg007G269710
OG0002835	g32164	Cg006G220660
OG0002836	g50375	Cg006G220320
OG0002837	g41550	Cg007G268580
OG0002837	g50381	Cg006G220110
OG0002838	g23841, g17220	Cg001G034750, Cg003G091150
OG0002840	g22693	Cg001G001000
OG0002840	g50872	Cg005G193300
OG0002841	g39799	Cg005G174210
OG0002841	g49487	Cg006G241210
OG0002842	g26904	Cg006G243380
OG0002843	g9972	Cg008G303250
OG0002844	g45675	Cg008G295150
OG0002845	g41455	Cg008G299150
OG0002845	g7654	Cg004G122250
OG0002847	g27977, g54373	Cg006G194250
OG0002848	g11380	Cg002G057470
OG0002849	g19410	Cg002G057620
OG0002849	g534	Cg008G303990
OG0002850	g403	Cg003G109460
OG0002851	g18583	Cg008G303370
OG0002851	g2683	Cg002G058080
OG0002852	g9974	Cg008G303280
OG0002853	g396	Cg003G109540
OG0002855	g12732	Cg004G116680
OG0002855	g1211	Cg003G106280
OG0002856	g1208	Cg002G059810
OG0002856	g39273	Cg003G106240
OG0002857	g11366	Cg002G056760, Cg002G056750
OG0002858	g2635	Cg002G057690
OG0002859	g28760	Cg003G107410
OG0002859	g19567	Cg002G061080
OG0002860	g23081	Cg001G005730
OG0002860	g14206	Cg004G152010
OG0002861	g49366	Cg006G243950
OG0002861	g44667	Cg007G271430
OG0002862	g46141, g44527	Cg007G274910
OG0002863	g46557	Cg007G280930
OG0002863	g31622	Cg006G230010
OG0002864	g13177, g7235	Cg004G129310
OG0002865	g12217, g13195	Cg004G129660
OG0002866	g12209	Cg004G129930
OG0002866	g54340	Cg006G195300
OG0002867	g12202	Cg004G130070
OG0002867	g36684	Cg006G195400
OG0002868	g7079, g12140	Cg004G131820
OG0002869	g28048	Cg006G198990
OG0002872	g14096	Cg004G152480
OG0002873	g47738	Cg001G010220
OG0002874	g13833	Cg004G157370
OG0002876	g36389	Cg006G200290
OG0002877	g2240	Cg002G051490
OG0002877	g37314	Cg005G167000
OG0002878	g51945	Cg005G165390
OG0002880	g18990	Cg002G048950
OG0002880	g29712	Cg008G286550
OG0002884	g17753, g17748, g17751, g53751, g17741	Cg004G139040, Cg004G139050
OG0002885	g12061	Cg004G133460
OG0002886	g5051	Cg008G296620
OG0002887	g29032	Cg008G298490
OG0002890	g13827	Cg004G157040
OG0002890	g47665	Cg001G012200
OG0002891	g38409	Cg005G190860
OG0002891	g23397	Cg001G010000
OG0002892	g38337, g51036	Cg005G188810
OG0002892	g16940	Cg001G008550
OG0002893	g16934	Cg001G008350
OG0002893	g38334	Cg005G188320
OG0002894	g11464	Cg002G063600
OG0002894	g23250	Cg001G007740
OG0002895	g53184	Cg005G186470
OG0002895	g23220	Cg001G007360
OG0002896	g23160	Cg001G006600
OG0002897	g23058	Cg001G005490
OG0002898	g14102	Cg004G133080
OG0002899	g32594	Cg006G213880
OG0002900	g38008	Cg005G170920
OG0002901	g41007	Cg007G249840
OG0002902	g40940	Cg007G248730
OG0002902	g31324	Cg006G234420
OG0002903	g27296, g27295	Cg006G230710
OG0002904	g1508	Cg002G074960
OG0002905	g10433	Cg002G068840
OG0002906	g40782	Cg007G246660
OG0002906	g44966, g16790	Cg001G042200
OG0002907	g28642	Cg003G105050
OG0002907	g17149	Cg001G014900
OG0002908	g28676	Cg003G105560, Cg002G044910
OG0002909	g13104	Cg004G126280
OG0002909	g5667	Cg008G285600
OG0002910	g7367	Cg004G127430
OG0002911	g7310	Cg004G128160
OG0002911	g29332	Cg008G293990
OG0002912	g39444	Cg003G100790
OG0002914	g23690	Cg001G014160
OG0002915	g39281	Cg003G105760, Cg003G105650
OG0002916	g27623	Cg006G219180, Cg006G219410
OG0002917	g5336	Cg008G292400
OG0002918	g469	Cg008G302920
OG0002918	g45497	Cg008G289080
OG0002919	g5533	Cg008G288570
OG0002921	g24268	Cg001G023650
OG0002921	g40703	Cg008G324980
OG0002922	g47238	Cg001G023210
OG0002923	g23996	Cg001G019370
OG0002924	g40397	Cg003G081580
OG0002924	g47436	Cg001G018220
OG0002925	g47448	Cg001G018020
OG0002926	g40315	Cg003G083790
OG0002927	g50717	Cg006G211730
OG0002928	g32748	Cg006G210690
OG0002928	g44634	Cg007G272200
OG0002929	g50241	Cg006G210110
OG0002930	g51401	Cg005G172740
OG0002931	g47925, g22984	Cg001G004600
OG0002932	g22880	Cg001G003150
OG0002933	g47985	Cg001G002810
OG0002933	g38445	Cg005G191570
OG0002934	g47998	Cg001G002270
OG0002934	g36927	Cg005G192050
OG0002935	g18307, g17604	Cg001G000980
OG0002936	g22683	Cg001G000900, Cg005G193440
OG0002937	g18318	Cg001G000800
OG0002938	g18349	Cg001G000420
OG0002938	g50844	Cg005G193950
OG0002942	g6510	Cg004G141340
OG0002943	g14376	Cg001G041930, Cg003G091200, Cg001G041940
OG0002944	g1757	Cg002G044130
OG0002944	g37730	Cg005G158230
OG0002945	g44298, g1161	Cg006G230200
OG0002946	g37656	Cg005G159390
OG0002947	g11185, g18831	Cg002G046250
OG0002948	g37552	Cg005G161370
OG0002949	g37550	Cg005G161380
OG0002949	g37551	Cg002G061750
OG0002950	g19311	Cg003G115860
OG0002950	g2472	Cg002G055390
OG0002951	g52138	Cg005G161900
OG0002952	g38217	Cg005G162170
OG0002953	g52121, g37504	Cg005G162370
OG0002954	g38212	Cg002G046960
OG0002954	g37500	Cg005G162450
OG0002955	g13008, g7526	Cg004G124570
OG0002956	g41372	Cg008G301570
OG0002957	g28806	Cg003G107990
OG0002959	g9720	Cg008G290760
OG0002960	g19372, g9672, g86	Cg003G114350
OG0002961	g9633	Cg003G115260, Cg002G055980
OG0002962	g54015	Cg006G217900
OG0002964	g25462, g1474	Cg003G078270, Cg014G331380
OG0002964	g45229	Cg014G331370, Cg003G078280
OG0002965	g39675, g11063	Cg008G320400
OG0002966	g11076	Cg008G320260
OG0002967	g30857	Cg006G242320
OG0002968	g30859	Cg006G242310
OG0002968	g11089	Cg008G319810
OG0002969	g30875	Cg006G241910
OG0002970	g30880	Cg006G241800
OG0002971	g49459	Cg006G241820
OG0002971	g51336	Cg005G173430
OG0002972	g30912	Cg006G241180
OG0002972	g39798	Cg005G174260
OG0002973	g49537	Cg006G240020
OG0002973	g39862	Cg005G175510
OG0002974	g51113	Cg005G178160
OG0002974	g49575	Cg006G238430
OG0002975	g16915	Cg005G186750
OG0002976	g5184	Cg008G294700
OG0002976	g7934	Cg004G116440
OG0002977	g29296, g5176	Cg008G294890
OG0002978	g39265	Cg003G106460
OG0002979	g1013	Cg003G102660
OG0002979	g17123	Cg001G013980
OG0002980	g10144	Cg008G306940
OG0002981	g12923	Cg004G122070, Cg008G299460
OG0002982	g37163, g51576	Cg005G170270
OG0002984	g37177	Cg005G185350
OG0002985	g38063	Cg005G169360
OG0002985	g19199	Cg002G053170
OG0002987	g49961, g31637	Cg006G229810
OG0002987	g49959	Cg006G229800
OG0002988	g50095, g27436	Cg006G226320
OG0002990	g27606	Cg006G220190
OG0002991	g23761	Cg001G015270, Cg001G015280
OG0002992	g31322	Cg003G095810
OG0002993	g49620, g31203	Cg006G199590, Cg008G304000
OG0002995	g47342	Cg001G020250
OG0002995	g26905	Cg006G243120
OG0002996	g4855	Cg008G306130
OG0002996	g4856, g10105	Cg008G306120
OG0002997	g10179	Cg008G307740
OG0002998	g5581	Cg008G287730
OG0002999	g45427	Cg008G286270
OG0003000	g431	Cg003G108950
OG0003001	g370	Cg003G110030
OG0003001	g45475	Cg008G287990
OG0003003	g31698	Cg006G228620
OG0003003	g44606	Cg007G272880
OG0003004	g13225	Cg004G130950
OG0003005	g24408	Cg001G025450
OG0003005	g7001	Cg004G133090
OG0003006	g47138	Cg001G025090
OG0003006	g6985	Cg004G133420
OG0003007	g47148	Cg001G024970
OG0003008	g36364	Cg006G201070
OG0003008	g6887	Cg004G134930
OG0003009	g36414	Cg006G199750
OG0003010	g36487	Cg006G198630
OG0003011	g11754	Cg004G141050, Cg004G141080
OG0003013	g23034	Cg001G005200
OG0003014	g6032	Cg004G154090
OG0003015	g13899	Cg004G156030
OG0003015	g23470	Cg001G011090
OG0003016	g36516	Cg006G198100
OG0003017	g18973	Cg002G048420
OG0003017	g36510, g54215	Cg006G198200
OG0003019	g12156	Cg004G131140
OG0003020	g52153	Cg005G161760
OG0003020	g1955	Cg002G046690
OG0003022	g50741	Cg001G038290, Cg001G038260, Cg001G038240, Cg001G038280, Cg001G038250, Cg001G038930, Cg005G172460, Cg005G166450
OG0003023	g13276	Cg004G133610
OG0003023	g12049	Cg004G133620
OG0003025	g17157	Cg001G015050, Cg001G015080
OG0003028	g22785	Cg001G039940, Cg001G022990, Cg005G190650, Cg005G185670, Cg005G190640, Cg005G190660, Cg005G190700, Cg005G191550
OG0003029	g3726	Cg004G136320
OG0003033	g23528	Cg001G011730
OG0003033	g5922	Cg004G156570
OG0003036	g23117	Cg001G006050
OG0003036	g14285	Cg004G150820, Cg004G149900
OG0003037	g47896	Cg006G241060
OG0003038	g32524	Cg006G214990, Cg005G170950
OG0003039	g41045	Cg007G251230
OG0003040	g44102	Cg007G251100
OG0003041	g44139	Cg007G249800
OG0003042	g10453	Cg002G068490, Cg001G040890
OG0003043	g45098	Cg007G263590, Cg007G262560
OG0003044	g31374	Cg006G233610
OG0003044	g40886	Cg007G247670
OG0003045	g12300, g13127, g7344	Cg004G127690
OG0003046	g921	Cg003G100320
OG0003046	g23590	Cg001G012760
OG0003047	g9772	Cg003G112200
OG0003048	g5488	Cg008G289460
OG0003049	g40686	Cg008G324710
OG0003050	g47437	Cg001G018210
OG0003052	g32769	Cg006G210430
OG0003053	g40202	Cg003G088050
OG0003054	g36243	Cg006G202750
OG0003054	g28117	Cg008G315160
OG0003055	g27652	Cg006G218410
OG0003056	g32325, g50461	Cg006G218350
OG0003058	g18263	Cg001G003200
OG0003059	g51498	Cg005G171520
OG0003060	g40456, g25564	Cg003G080240, Cg003G093730
OG0003060	g17817	Cg001G019270
OG0003063	g6442	Cg004G142640
OG0003064	g6537, g47044	Cg004G140810
OG0003065	g6603, g11854	Cg004G138910
OG0003066	g40802, g28238	Cg007G263870, Cg007G246390
OG0003067	g37607	Cg005G160420
OG0003068	g37522, g52132	Cg005G161980
OG0003070	g28913	Cg008G301310
OG0003071	g834	Cg002G062170
OG0003071	g28840	Cg003G108370
OG0003072	g28811	Cg003G108030, Cg003G108020
OG0003073	g10117	Cg004G121640
OG0003073	g4826	Cg008G306340
OG0003074	g19388	Cg002G057100
OG0003075	g2604	Cg002G057030
OG0003076	g2566	Cg002G056360
OG0003077	g47489	Cg001G016720
OG0003078	g2487	Cg002G055580
OG0003079	g26866	Cg006G245040
OG0003080	g39830	Cg005G175070
OG0003080	g30956	Cg006G240480
OG0003083	g51176	Cg005G177300
OG0003084	g13631	Cg005G179740
OG0003085	g40121	Cg005G181470
OG0003086	g5230	Cg008G294060
OG0003087	g12768	Cg004G118420
OG0003088	g6578, g11813, g41802, g11810	Cg004G139780
OG0003089	g12535	Cg004G121540
OG0003090	g4897	Cg008G299340
OG0003090	g12925	Cg004G122180, Cg004G122170
OG0003091	g2459	Cg002G055070
OG0003093	g44280	Cg007G281240
OG0003093	g49943	Cg006G230350
OG0003094	g31681	Cg006G228920
OG0003094	g46457	Cg007G279170
OG0003095	g31691	Cg006G228700, Cg003G090590, Cg003G096170
OG0003097	g50327	Cg006G221630
OG0003099	g19364, g19363	Cg002G056470
OG0003100	g26992	Cg005G176260
OG0003100	g49556	Cg006G239370
OG0003101	g5155	Cg008G295110
OG0003102	g45628, g5240	Cg004G152810, Cg003G084780, Cg003G084830, Cg003G084760, Cg003G084710, Cg003G084730, Cg003G084800, Cg003G084850, Cg003G084790, Cg003G084720, Cg003G084750, Cg003G084770
OG0003103	g18597	Cg003G109190, Cg008G288490
OG0003104	g404	Cg003G109450
OG0003105	g2753, g19492	Cg002G059090
OG0003107	g360	Cg003G110210
OG0003108	g739	Cg002G064810
OG0003108	g41388	Cg008G301260
OG0003109	g32816	Cg007G273720, Cg007G273730
OG0003111	g13176, g7241	Cg004G129250, Cg006G194750
OG0003112	g7555	Cg004G124070
OG0003112	g12237	Cg004G129390
OG0003113	g7056	Cg004G132210
OG0003114	g11967, g6816	Cg004G135940
OG0003115	g11875	Cg006G198120, Cg004G138170
OG0003116	g6525	Cg004G141030
OG0003118	g39535	Cg003G077410, Cg014G332210
OG0003119	g13706	Cg004G152230
OG0003120	g47892	Cg004G152280
OG0003120	g23061	Cg001G005530
OG0003121	g7203	Cg004G129850
OG0003121	g27988	Cg006G195210
OG0003122	g51476	Cg005G171780
OG0003122	g50553	Cg006G215760
OG0003123	g2343	Cg002G052990
OG0003124	g51685	Cg005G168470
OG0003125	g39393, g17760, g6237, g12050	Cg004G130130, Cg004G130080, Cg004G130090, Cg004G130170, Cg004G130140, Cg004G130160, Cg004G130150
OG0003126	g4037, g10063	Cg005G166950
OG0003127	g44256	Cg007G246750, Cg007G246780
OG0003128	g44049	Cg007G251700
OG0003130	g7564	Cg004G123950
OG0003135	g19757, g19706	Cg025G336180
OG0003139	g23495	Cg001G011340
OG0003141	g47877	Cg001G005890
OG0003142	g23014	Cg001G004930, Cg004G153060
OG0003143	g47162	Cg001G024720
OG0003144	g31281	Cg006G235110
OG0003145	g31282	Cg006G235080
OG0003146	g10724	Cg002G074610
OG0003147	g10526	Cg002G071480
OG0003148	g16821	Cg001G041510
OG0003149	g18599	Cg003G109440, Cg006G212440, Cg006G212450
OG0003150	g10367	Cg002G068130
OG0003151	g18127	Cg001G034430
OG0003152	g40823	Cg007G246100
OG0003153	g40822	Cg007G246110
OG0003154	g16792	Cg001G042180
OG0003154	g40781	Cg007G246820
OG0003155	g5657	Cg008G285800
OG0003156	g36284, g42124	Cg006G201680
OG0003157	g17122	Cg003G102530
OG0003157	g23677	Cg001G013950
OG0003158	g29517, g29515, g5427	Cg008G290550
OG0003159	g17382	Cg001G020390
OG0003160	g37039	Cg008G314250
OG0003161	g22790, g18291	Cg002G069440, Cg007G263910, Cg007G262220, Cg001G002090
OG0003162	g18055	Cg007G264940
OG0003164	g24694	Cg001G029570
OG0003165	g46482	Cg007G279510
OG0003166	g1861	Cg002G045320
OG0003167	g52255	Cg005G160290
OG0003168	g13010	Cg004G124590
OG0003169	g13057	Cg004G125210
OG0003169	g29848, g5781	Cg008G283480
OG0003170	g104	Cg003G114170
OG0003174	g39645	Cg003G079470, Cg003G094540
OG0003175	g49468	Cg006G241530
OG0003176	g18630	Cg005G173790
OG0003177	g51160	Cg005G184700, Cg005G177520, Cg005G177510
OG0003178	g5213, g45638	Cg008G294280
OG0003179	g29325	Cg008G294200
OG0003180	g10174	Cg008G307670
OG0003180	g12814	Cg004G120320
OG0003182	g13009, g7525	Cg004G124580, Cg008G282350
OG0003183	g6279, g51761	Cg001G025180, Cg005G167060
OG0003184	g38026, g51569	Cg005G170460
OG0003185	g51705	Cg005G168140, Cg005G168150
OG0003186	g31785	Cg006G227540
OG0003186	g27408	Cg007G274520
OG0003187	g27452, g50127	Cg006G225750
OG0003188	g27466	Cg006G225330
OG0003190	g46371	Cg007G278190
OG0003191	g17970	Cg007G277320
OG0003192	g4815	Cg008G306380
OG0003193	g41686, g32258	Cg007G267450
OG0003194	g38388	Cg005G190170
OG0003195	g36937	Cg005G192660
OG0003195	g38519	Cg005G193040
OG0003196	g31567, g49927	Cg006G230870
OG0003197	g49819	Cg006G233510
OG0003198	g31150	Cg006G237110
OG0003199	g13683	Cg004G148860
OG0003200	g49687	Cg006G237610
OG0003201	g49461	Cg006G241680
OG0003203	g7710	Cg004G121080
OG0003204	g5686	Cg008G285290
OG0003205	g18134, g46111	Cg001G026040, Cg007G274480
OG0003206	g10060	Cg001G008150
OG0003206	g18563, g593	Cg008G305060
OG0003207	g451	Cg003G108520
OG0003208	g17964	Cg007G277390
OG0003209	g7169	Cg004G130380
OG0003210	g7166	Cg004G130460
OG0003213	g12097	Cg004G132550
OG0003214	g12022	Cg004G134580
OG0003215	g6865, g11999	Cg006G200720
OG0003215	g13311	Cg004G135250
OG0003216	g6023	Cg004G154330
OG0003217	g5895	Cg004G156990
OG0003218	g36601	Cg006G196630
OG0003219	g11880	Cg006G198230
OG0003220	g6788	Cg004G136330, Cg004G136310
OG0003222	g11285	Cg002G051540
OG0003222	g36096	Cg002G051530
OG0003223	g47816	Cg001G007930
OG0003224	g2178	Cg002G050370
OG0003225	g18953	Cg002G050170
OG0003226	g11195	Cg005G161970
OG0003230	g10896	Cg008G324750
OG0003231	g24081	Cg001G020790
OG0003231	g18409	Cg008G321460
OG0003231	g24080	Cg008G321430
OG0003233	g22698	Cg001G001120
OG0003234	g40083	Cg005G179640
OG0003234	g49614	Cg006G237800, Cg006G237810
OG0003236	g31837	Cg006G226660
OG0003237	g2901, g2900	Cg002G060970, Cg002G061000
OG0003239	g39531	Cg003G077480, Cg014G332140
OG0003241	g4843	Cg007G270760
OG0003247	g36887	Cg005G190720
OG0003248	g23381	Cg001G009810
OG0003249	g47803	Cg001G008340
OG0003250	g16922, g23274	Cg001G008070
OG0003250	g51040	Cg005G188100
OG0003251	g47094	Cg001G026380, Cg001G026370
OG0003253	g11073, g11068, g11074	Cg008G320300
OG0003254	g38192	Cg005G163430
OG0003255	g31237	Cg006G235830
OG0003256	g31440	Cg006G232680
OG0003256	g1571	Cg008G319370
OG0003257	g10438	Cg002G068820
OG0003260	g19045	Cg002G050260
OG0003262	g47629	Cg003G100810, Cg001G013230
OG0003263	g47612	Cg001G013740
OG0003263	g986	Cg003G102240
OG0003264	g5379	Cg008G291750
OG0003265	g29484	Cg008G291160
OG0003266	g482	Cg008G303030
OG0003267	g29596	Cg008G289010
OG0003268	g24165	Cg001G022050, Cg001G022040
OG0003269	g40412	Cg003G081120
OG0003270	g50744	Cg005G180330, Cg005G180350
OG0003271	g50449	Cg006G218640, Cg002G050540, Cg007G272220
OG0003273	g50549	Cg006G215790
OG0003274	g13734	Cg004G153360
OG0003275	g22983	Cg001G004570
OG0003276	g22926	Cg001G003710
OG0003276	g6024	Cg004G154310
OG0003277	g13960	Cg004G154520
OG0003278	g18331	Cg001G000630
OG0003279	g18013, g18332	Cg001G000620
OG0003280	g37138	Cg005G171010
OG0003280	g27726	Cg006G214490
OG0003281	g18395, g16730	Cg008G322610
OG0003282	g6356, g13572	Cg001G033900, Cg004G145010
OG0003283	g24796	Cg001G030460
OG0003283	g11679	Cg004G142820
OG0003284	g47011	Cg001G028840
OG0003285	g47706	Cg001G028760
OG0003286	g24504, g24502	Cg001G027160
OG0003286	g11801	Cg004G140060
OG0003287	g17708, g24495	Cg001G026920
OG0003288	g50831	Cg003G097310
OG0003289	g37525	Cg005G161920
OG0003292	g810	Cg008G302510, Cg008G302500, Cg002G062750
OG0003293	g19420	Cg002G058440
OG0003293	g9818	Cg003G111170
OG0003294	g29542	Cg003G112620, Cg008G290200
OG0003295	g11375	Cg002G057180
OG0003295	g9697	Cg003G113750
OG0003296	g33	Cg003G115270
OG0003296	g2526	Cg002G055960
OG0003297	g2512	Cg002G055830
OG0003298	g39684	Cg008G320250
OG0003299	g39808	Cg005G174120
OG0003299	g26953	Cg006G241270
OG0003300	g51183	Cg005G176920
OG0003301	g40132, g40134	Cg005G182090, Cg005G182070
OG0003302	g38278	Cg005G185290
OG0003302	g23196	Cg001G007100
OG0003303	g29326, g45635	Cg008G294180
OG0003304	g7537	Cg004G124410
OG0003305	g29155, g5015	Cg008G297140
OG0003306	g7739	Cg004G120510
OG0003307	g4679	Cg008G307130
OG0003307	g12843	Cg004G120870
OG0003308	g7579	Cg004G123690
OG0003309	g17178	Cg003G088380, Cg001G015600, Cg001G012460
OG0003310	g31680	Cg006G228930
OG0003312	g46063	Cg007G273900
OG0003312	g31770	Cg006G227700
OG0003316	g46427	Cg006G223690, Cg006G223660
OG0003318	g50284	Cg006G222570
OG0003319	g32139	Cg006G221180
OG0003319	g27582	Cg007G270060
OG0003320	g32224	Cg006G219840
OG0003321	g38336	Cg005G188770
OG0003324	g5133	Cg008G295400
OG0003326	g5588	Cg008G287540
OG0003327	g29713	Cg008G286530, Cg002G050470
OG0003328	g18579, g18577, g18575	Cg008G303640, Cg002G057770, Cg002G057780
OG0003329	g41604	Cg007G267850
OG0003330	g44723	Cg007G270260
OG0003331	g13613	Cg007G278330
OG0003332	g31854, g44474	Cg007G275710
OG0003333	g46105	Cg007G274360
OG0003333	g50041	Cg006G227630
OG0003334	g46480	Cg007G279500
OG0003335	g27351	Cg006G229150
OG0003336	g13163, g13164	Cg004G129140
OG0003337	g6967	Cg004G133630
OG0003338	g11833	Cg004G139440
OG0003340	g18989	Cg002G048930
OG0003341	g2040	Cg002G048220, Cg002G048210
OG0003342	g1991	Cg002G047690
OG0003344	g17527	Cg001G042310
OG0003348	g19744	Cg053G337150, Cg025G336060, Cg035G336700
OG0003350	g23313	Cg001G008890, Cg001G008930
OG0003351	g17288	Cg001G018350, Cg001G018340
OG0003352	g5050	Cg008G296630
OG0003356	g7422	Cg004G126260
OG0003359	g16936	Cg001G008380
OG0003360	g16924, g23277	Cg001G008170
OG0003361	g20178, g8144	Cg019G335120
OG0003361	g19731, g19779, g19981	Cg035G336740
OG0003362	g23153	Cg004G148850
OG0003364	g47897	Cg001G005370, Cg014G331530, Cg003G078140
OG0003366	g51503	Cg005G171440
OG0003367	g10734	Cg002G074780
OG0003368	g25065, g25042	Cg002G074200, Cg001G034320
OG0003369	g1558	Cg001G040430
OG0003370	g10607	Cg002G072910
OG0003371	g16837	Cg001G041230
OG0003371	g1625	Cg002G070780
OG0003372	g16888	Cg001G039830, Cg001G039900, Cg001G039910
OG0003372	g10379	Cg002G070110
OG0003373	g46774	Cg001G036840
OG0003374	g45116	Cg007G260880, Cg007G260870
OG0003374	g23620	Cg001G013050
OG0003375	g16788	Cg007G246480
OG0003376	g47564, g23728	Cg001G014850
OG0003378	g47505, g47506	Cg001G016510
OG0003379	g1008	Cg003G102570
OG0003380	g1138, g39290, g28659	Cg003G105360
OG0003382	g29508	Cg003G113160, Cg008G290650
OG0003383	g423	Cg003G109130
OG0003384	g17456	Cg001G021830
OG0003385	g24054, g17378	Cg001G020330
OG0003386	g23972	Cg001G018850
OG0003387	g40309	Cg003G083800
OG0003389	g51412	Cg005G172550
OG0003390	g32462	Cg006G216030, Cg006G216020
OG0003391	g18256, g22910	Cg001G003480
OG0003392	g22784, g18297	Cg001G002030
OG0003393	g18300	Cg001G001990
OG0003393	g50899	Cg005G192340
OG0003395	g47341	Cg001G020440
OG0003395	g25748	Cg003G082730
OG0003396	g43177, g40360	Cg003G082500
OG0003397	g40567	Cg008G322670
OG0003398	g24890	Cg001G031160
OG0003400	g17813, g47020	Cg001G028560
OG0003401	g17719, g24507	Cg001G027180
OG0003402	g47104	Cg003G099940
OG0003403	g18747	Cg002G043750, Cg005G157760
OG0003404	g37720	Cg005G158460
OG0003405	g1961	Cg002G046770
OG0003406	g10651	Cg002G073380
OG0003406	g10652	Cg002G073490
OG0003407	g13005	Cg004G124470
OG0003408	g19387	Cg002G057070
OG0003409	g9680, g94	Cg002G056890, Cg003G114290
OG0003411	g45241	Cg003G078580, Cg014G330970
OG0003412	g30910	Cg006G241200
OG0003413	g39904, g51218	Cg005G176140
OG0003415	g7935	Cg004G116430, Cg008G294690
OG0003416	g29198	Cg008G296520
OG0003417	g12572	Cg004G120950
OG0003417	g4691	Cg008G307030
OG0003418	g12855, g7711	Cg004G121070, Cg008G306960
OG0003419	g29079	Cg008G299360
OG0003422	g51633	Cg005G169150
OG0003422	g2346	Cg002G053040
OG0003424	g38098	Cg005G167690
OG0003424	g2307	Cg002G052390
OG0003425	g31602	Cg006G230380
OG0003426	g31692, g49995	Cg006G228690
OG0003427	g27478	Cg006G225070
OG0003429	g31971	Cg004G144660, Cg006G224830
OG0003430	g32074	Cg006G221670
OG0003431	g32130	Cg006G221130
OG0003432	g50384	Cg006G220090
OG0003432	g41555	Cg006G233870
OG0003433	g38343	Cg005G188940
OG0003433	g23298	Cg001G008640
OG0003434	g36913	Cg005G191520
OG0003435	g25165	Cg003G076350, Cg014G333240
OG0003436	g31185	Cg006G236550
OG0003437	g27395, g13348	Cg003G097330, Cg003G097320
OG0003438	g7925	Cg004G116760
OG0003439	g28985	Cg008G297800
OG0003440	g5969	Cg008G298200
OG0003441	g373	Cg003G109980
OG0003442	g330	Cg003G110690
OG0003443	g520	Cg008G303690
OG0003444	g19489, g2762, g50663	Cg002G058940
OG0003445	g28852	Cg008G302700
OG0003446	g45889	Cg007G271420
OG0003447	g27520	Cg006G223430
OG0003448	g44322	Cg007G280100, Cg006G229610
OG0003449	g12268	Cg004G128550
OG0003450	g13189	Cg004G129350
OG0003451	g13291	Cg004G134240
OG0003452	g6906	Cg004G134640
OG0003454	g6160	Cg004G150140, Cg004G151070
OG0003455	g23071	Cg001G005620
OG0003456	g5886	Cg004G157180
OG0003457	g2258	Cg002G051560
OG0003457	g38121	Cg005G167040
OG0003458	g1908	Cg002G046100
OG0003459	g36701	Cg006G195030
OG0003459	g54334	Cg004G129540
OG0003460	g46971	Cg004G146460
OG0003466	g45490	Cg008G288670
OG0003481	g47714	Cg001G010710
OG0003483	g36247	Cg006G202590
OG0003483	g47765	Cg001G009450
OG0003484	g23275	Cg001G008090
OG0003485	g9767	Cg001G006760
OG0003486	g28875	Cg008G302040
OG0003487	g31135	Cg006G237280
OG0003488	g41077	Cg007G252730, Cg007G252700
OG0003489	g44107	Cg007G250870, Cg006G235460
OG0003490	g31300, g49765	Cg006G234840
OG0003491	g10485	Cg002G070920
OG0003492	g46829	Cg007G264640, Cg001G035520
OG0003493	g7456	Cg004G125590
OG0003493	g13597	Cg004G125580
OG0003494	g1497, g27273	Cg006G231420
OG0003495	g1336	Cg003G097760
OG0003496	g891	Cg003G099510
OG0003497	g47563	Cg001G014860
OG0003497	g39308	Cg003G104890
OG0003498	g5383, g29453	Cg008G291660
OG0003499	g5449	Cg008G290030
OG0003499	g229	Cg003G112410
OG0003500	g256	Cg003G111910
OG0003501	g6776	Cg004G136550
OG0003502	g47388	Cg001G019360
OG0003503	g23896	Cg007G248490, Cg001G017330
OG0003504	g32731, g50730	Cg006G210960
OG0003505	g40245, g25875	Cg003G085810
OG0003506	g50548	Cg006G215800
OG0003507	g32490	Cg006G215700
OG0003508	g6053	Cg004G153690
OG0003508	g22982	Cg001G004560
OG0003509	g47964	Cg004G154260
OG0003509	g22939	Cg001G003840
OG0003510	g22848	Cg001G002900
OG0003511	g46767	Cg001G037120
OG0003512	g36183	Cg006G204440
OG0003513	g40467	Cg003G079960, Cg003G094050, Cg001G019760
OG0003515	g40726	Cg008G325370, Cg001G023810
OG0003517	g25845, g18080	Cg001G031870, Cg001G031820
OG0003518	g11682	Cg004G142830
OG0003520	g13463	Cg004G140780
OG0003521	g16812	Cg001G041680
OG0003522	g37583	Cg005G160700
OG0003523	g2039, g11216	Cg002G048190
OG0003524	g287	Cg003G111360
OG0003526	g128	Cg003G113840
OG0003526	g11372	Cg002G057170
OG0003527	g65	Cg003G114640
OG0003528	g39934	Cg005G176660
OG0003530	g29211	Cg008G296280
OG0003530	g7869	Cg004G117610
OG0003531	g12908	Cg008G299750
OG0003532	g12465	Cg004G123030
OG0003533	g51775	Cg005G166810
OG0003534	g2259	Cg005G167030
OG0003535	g38041, g37173	Cg005G169990
OG0003536	g31682	Cg006G228910
OG0003537	g31758, g50035	Cg006G227810
OG0003538	g50059	Cg006G227050
OG0003539	g27525	Cg006G223270
OG0003540	g32062	Cg006G222660
OG0003541	g45851	Cg007G270810
OG0003542	g27614, g50390	Cg006G219890
OG0003543	g27618	Cg006G219600
OG0003544	g46828	Cg001G035540, Cg003G090660, Cg003G096220, Cg003G096240, Cg003G095440
OG0003545	g51027, g38358	Cg005G189190
OG0003547	g45750	Cg008G297600
OG0003548	g41451	Cg008G299260, Cg008G299240, Cg008G299220, Cg008G299250
OG0003549	g12933	Cg004G122670, Cg008G308350
OG0003550	g10240	Cg008G311570, Cg008G309730
OG0003551	g554, g18567	Cg008G304320
OG0003553	g18617	Cg003G110850
OG0003554	g19347	Cg002G056120
OG0003555	g19428	Cg002G058290
OG0003556	g50270	Cg006G222970
OG0003557	g46089	Cg007G274120
OG0003558	g46489	Cg007G279590, Cg006G229200
OG0003559	g49967	Cg006G229630
OG0003560	g13214	Cg004G130570
OG0003561	g7140	Cg004G130980
OG0003562	g6990	Cg004G133290
OG0003563	g6849	Cg006G200240
OG0003564	g28030	Cg006G198000
OG0003565	g11751	Cg004G141260
OG0003566	g4395	Cg005G189280
OG0003567	g5994	Cg004G154860, Cg004G154850
OG0003568	g18126	Cg001G031030
OG0003569	g27991	Cg006G194210, Cg006G194200
OG0003572	g24508	Cg001G027200
OG0003574	g4965, g4918	Cg008G298040
OG0003575	g29100	Cg008G299670
OG0003577	g4109, g35532, g26379, g26384, g42799, g52440, g33582, g46155, g42147, g9071, g52502, g25250, g43991, g20073, g20743, g48517, g48668, g9342, g52366, g30686	Cg014G333380
OG0003584	g47696	Cg001G011060
OG0003585	g2188, g4871	Cg002G050790
OG0003586	g47749, g23394	Cg001G009990
OG0003587	g18613, g32838	Cg005G187280
OG0003588	g29793	Cg008G285140
OG0003589	g47871	Cg001G006100
OG0003590	g6113	Cg004G153200
OG0003593	g16705	Cg002G074570, Cg008G322160
OG0003594	g27267	Cg006G231510
OG0003595	g16518	Cg002G069210
OG0003595	g10412	Cg002G069200
OG0003597	g49846	Cg006G233210
OG0003598	g12411	Cg004G124810
OG0003599	g12345, g7407	Cg004G126650
OG0003600	g7379	Cg002G074350
OG0003601	g25052, g25046, g25092, g5960	Cg004G128090
OG0003603	g23592	Cg001G012790
OG0003604	g23628	Cg001G013160
OG0003604	g28443	Cg003G100920
OG0003605	g11152	Cg005G190040, Cg002G044390
OG0003606	g47586, g23689	Cg001G014150
OG0003608	g31081	Cg006G238230
OG0003609	g5422	Cg008G290630
OG0003610	g214, g9752	Cg008G290120
OG0003611	g24190	Cg001G022490
OG0003612	g47272	Cg001G022380
OG0003613	g10107	Cg008G306150
OG0003615	g27670	Cg006G217850, Cg005G172600
OG0003616	g47935	Cg001G004380
OG0003617	g40272	Cg003G085060
OG0003619	g13107, g7412	Cg004G126440
OG0003620	g11044, g40499	Cg008G321050, Cg008G321020
OG0003621	g40511, g40510	Cg008G321230
OG0003622	g40634	Cg008G323990
OG0003624	g10866, g40704	Cg008G325000
OG0003625	g37723	Cg005G158300
OG0003626	g1766	Cg002G044360
OG0003627	g52277, g38246, g37628	Cg005G159960
OG0003628	g18855, g18844	Cg002G046450, Cg005G161300
OG0003629	g37544, g13749	Cg004G153830, Cg004G153840
OG0003629	g38231	Cg005G161470
OG0003631	g41382, g28910	Cg008G301350
OG0003632	g49911	Cg006G231260
OG0003633	g2547	Cg002G056200
OG0003633	g46	Cg003G115010
OG0003634	g19651	Cg003G115040
OG0003635	g19314, g2478	Cg003G115790
OG0003636	g39489	Cg006G244800
OG0003638	g39607	Cg003G078880, Cg014G330650
OG0003640	g5181, g29304	Cg008G294750
OG0003641	g7718	Cg004G120850
OG0003643	g37331, g51811	Cg005G166470
OG0003645	g27347	Cg006G229370
OG0003646	g50043	Cg006G227600, Cg007G274370
OG0003647	g31831	Cg006G226760
OG0003648	g32033, g50243	Cg006G223540
OG0003650	g1976	Cg002G047980
OG0003650	g18957	Cg002G048000
OG0003651	g17193	Cg007G275790, Cg007G275840
OG0003652	g30992	Cg006G239910
OG0003653	g30946	Cg006G240620
OG0003654	g26962	Cg006G240640
OG0003655	g45741	Cg008G297150
OG0003656	g45748	Cg008G297590
OG0003657	g13143, g7294, g12274	Cg004G128350
OG0003658	g29777	Cg008G285540
OG0003660	g1186, g28725	Cg003G106040
OG0003662	g2823	Cg002G060350
OG0003662	g19542	Cg003G106920
OG0003663	g44748	Cg007G270030
OG0003663	g32132	Cg006G221160
OG0003665	g45952	Cg007G272770
OG0003666	g44289	Cg007G281000
OG0003667	g7261	Cg004G128880
OG0003670	g13211	Cg004G130240
OG0003671	g7098	Cg004G131640
OG0003672	g6979	Cg004G133500
OG0003673	g13495, g11725	Cg004G142180
OG0003674	g13528	Cg004G143480
OG0003674	g10280	Cg008G312610
OG0003675	g1067	Cg003G103650
OG0003676	g12460	Cg004G148400
OG0003676	g47855	Cg001G006630
OG0003678	g11900	Cg004G137540, Cg006G198720
OG0003679	g19263	Cg002G054480
OG0003680	g19254	Cg002G054380
OG0003681	g51645	Cg005G168980
OG0003682	g11268	Cg002G050220
OG0003683	g18474	Cg002G054870, Cg002G054860
OG0003686	g44371	Cg007G277610
OG0003686	g18422	Cg004G152430, Cg007G277620
OG0003687	g1730	Cg007G251410
OG0003695	g47664, g23556	Cg001G007970, Cg001G012210
OG0003696	g16988	Cg001G010360
OG0003696	g47731	Cg002G073170
OG0003697	g23123, g18199	Cg001G006110
OG0003698	g47899	Cg001G005350
OG0003699	g38127, g874	Cg006G210400
OG0003700	g47167	Cg001G024680
OG0003701	g10737	Cg002G074830, Cg002G074820
OG0003702	g10559	Cg002G072030
OG0003703	g46760	Cg001G037700
OG0003704	g40891	Cg007G247810
OG0003705	g51961, g37370	Cg005G165100
OG0003706	g54235	Cg006G197930
OG0003707	g26795, g1414	Cg016G334110, Cg003G095250
OG0003708	g1026, g28524	Cg003G102940
OG0003709	g1079	Cg003G104140
OG0003710	g29360	Cg008G293480
OG0003712	g40500	Cg008G321060
OG0003715	g40371	Cg003G082410
OG0003717	g25375	Cg003G076710, Cg014G332860
OG0003718	g36526	Cg006G197870
OG0003718	g54247	Cg004G149290
OG0003719	g5765, g45343	Cg008G283660
OG0003720	g5799	Cg006G233560
OG0003721	g40362	Cg003G082450
OG0003723	g13469	Cg004G140960
OG0003724	g13391	Cg004G138500
OG0003724	g24445	Cg001G025790
OG0003726	g39241, g28052	Cg001G039990, Cg003G084200
OG0003727	g37648	Cg005G159570
OG0003728	g38224	Cg005G161850
OG0003730	g18969	Cg002G048320
OG0003731	g47315	Cg006G199280, Cg008G308500
OG0003732	g28743	Cg003G107140
OG0003733	g39715	Cg006G242240
OG0003735	g39733	Cg008G318930, Cg008G318920
OG0003736	g37937	Cg005G173910
OG0003738	g51263	Cg005G175000
OG0003740	g30996	Cg006G239840
OG0003741	g37804	Cg005G179770
OG0003742	g40156	Cg005G174130, Cg005G182660
OG0003743	g7905, g12747	Cg004G117200
OG0003744	g46647	Cg001G042260
OG0003747	g12957, g12448	Cg004G123310
OG0003748	g7565, g12983, g12431	Cg004G123930
OG0003749	g7551, g12421, g12423, g12422	Cg004G124130
OG0003750	g11277	Cg002G050830
OG0003752	g31696	Cg006G228640
OG0003753	g46394	Cg007G278530
OG0003753	g27510	Cg006G223960
OG0003754	g50323, g32075	Cg006G221680
OG0003755	g50351, g27585	Cg006G221010
OG0003756	g47503	Cg001G016540
OG0003759	g49920, g27283	Cg006G231120
OG0003760	g31189, g49624	Cg006G236500
OG0003761	g26955	Cg006G241070
OG0003763	g30854	Cg006G242340
OG0003764	g30748	Cg006G244560
OG0003764	g45260	Cg014G332520, Cg003G077110
OG0003765	g5080	Cg008G296170
OG0003766	g30090, g30097, g22343, g22274, g22486, g36091, g22507, g22468, g22287, g36092, g30096, g22485, g22271, g22467, g22506, g22286, g30089	Cg008G296310
OG0003767	g9962	Cg008G303150
OG0003768	g326	Cg003G110790
OG0003769	g28697, g1158	Cg003G105870
OG0003770	g11406	Cg002G059780
OG0003771	g1207	Cg003G106230
OG0003772	g47856	Cg001G006520
OG0003773	g45781	Cg007G269700
OG0003774	g44756	Cg007G269870
OG0003775	g44357	Cg007G279150
OG0003776	g46478	Cg006G229030
OG0003777	g44346	Cg007G279670
OG0003778	g11949, g6775	Cg004G136600
OG0003779	g6720	Cg004G137320
OG0003780	g54228	Cg006G198060
OG0003781	g6483	Cg004G141690
OG0003782	g13571	Cg004G144980
OG0003783	g13581	Cg004G145890
OG0003784	g54313	Cg004G129190
OG0003785	g36713	Cg006G194830
OG0003786	g36522	Cg006G198010
OG0003787	g36409	Cg006G204470, Cg006G204460, Cg006G199860, Cg006G199840, Cg003G096930
OG0003789	g11284	Cg002G051500, Cg007G246450, Cg002G051520
OG0003791	g19017	Cg002G049620
OG0003792	g11257	Cg002G049280, Cg002G049290, Cg008G318790
OG0003795	g36928	Cg005G192190
OG0003798	g27458, g50136	Cg006G225570
OG0003799	g44804	Cg007G268970
OG0003803	g17406	Cg001G021110
OG0003804	g53282	Cg005G179160
OG0003807	g447	Cg003G108570
OG0003810	g2630	Cg002G057600
OG0003823	g17052	Cg001G012360
OG0003824	g47786, g23314	Cg001G008950
OG0003827	g23068	Cg001G005590, Cg004G152250
OG0003829	g32528	Cg006G214660
OG0003831	g31228	Cg006G236020
OG0003833	g51207	Cg005G176340
OG0003834	g40758	Cg007G245770
OG0003835	g27189	Cg006G233450
OG0003835	g40869	Cg007G247430
OG0003836	g13038	Cg004G124950, Cg008G282940
OG0003837	g29552	Cg008G290020
OG0003838	g1334	Cg003G097860, Cg003G097840
OG0003839	g28472, g950	Cg003G101580
OG0003840	g1019	Cg003G102850
OG0003841	g28556	Cg003G103670
OG0003842	g5297, g29387	Cg008G293070
OG0003843	g29440	Cg008G291970
OG0003844	g10950, g40606	Cg008G323550
OG0003845	g17462	Cg001G022020
OG0003846	g23879, g47469	Cg001G017220
OG0003847	g47470	Cg001G017210
OG0003848	g32703	Cg006G211840
OG0003849	g27805, g32722	Cg006G211000
OG0003850	g28124, g53941	Cg006G203140
OG0003851	g24483, g32417	Cg006G216580
OG0003852	g22965, g47942	Cg001G004210
OG0003853	g47991	Cg001G002650, Cg001G002660
OG0003854	g46779	Cg001G036720
OG0003855	g40210	Cg003G087610, Cg006G204010
OG0003856	g28150	Cg006G204920
OG0003857	g19592	Cg002G062270
OG0003858	g26657, g18459, g36500	Cg008G317310, Cg006G199520
OG0003859	g25691	Cg003G082090, Cg008G315800, Cg008G305620
OG0003860	g52195	Cg005G160990, Cg005G176900
OG0003861	g18398	Cg008G322630
OG0003862	g10951	Cg008G323530
OG0003863	g40718, g10846	Cg008G325260
OG0003864	g18728	Cg002G043940
OG0003865	g1809	Cg005G159090
OG0003866	g52245	Cg005G162420, Cg005G160480
OG0003868	g832	Cg003G108380
OG0003869	g28823	Cg003G108200
OG0003870	g41324, g28818	Cg003G108120
OG0003871	g28788	Cg003G107730
OG0003872	g45270	Cg001G002340, Cg004G156310
OG0003873	g5079, g39510	Cg003G077870, Cg014G331780
OG0003874	g39604	Cg003G078800, Cg014G330730
OG0003876	g39832	Cg005G175100
OG0003877	g23653	Cg001G013510
OG0003878	g7652, g12926	Cg004G122290
OG0003879	g12961, g7603, g12447	Cg004G123340
OG0003881	g44301	Cg007G280450
OG0003882	g50037	Cg006G227780
OG0003883	g27398	Cg006G228010
OG0003884	g32148	Cg006G221020
OG0003885	g23810	Cg001G015910
OG0003885	g28282	Cg003G096590
OG0003886	g50978	Cg005G190100
OG0003887	g31558	Cg006G231000
OG0003889	g31149, g49652, g27058	Cg006G237120
OG0003890	g51250, g51247, g26965	Cg005G175250
OG0003891	g29216	Cg008G296130
OG0003893	g41477	Cg008G298600
OG0003894	g10145	Cg008G306970
OG0003895	g47963, g4983	Cg002G049150
OG0003896	g4661	Cg008G308340
OG0003897	g5615	Cg008G286780
OG0003898	g29756, g5649	Cg008G285870
OG0003899	g10074	Cg008G305440, Cg008G305450
OG0003900	g11376	Cg003G113730
OG0003900	g2612	Cg002G057190
OG0003901	g19498	Cg002G059190
OG0003902	g2805	Cg002G059950
OG0003903	g41506, g22723	Cg001G001490
OG0003904	g46286	Cg007G277180
OG0003907	g17974	Cg007G276520
OG0003908	g44350	Cg007G279560
OG0003909	g46516	Cg007G280060
OG0003910	g7175	Cg004G130330
OG0003911	g13219	Cg004G130670
OG0003913	g12109	Cg004G132130
OG0003914	g7042	Cg004G132480
OG0003916	g11953, g13345	Cg004G136540
OG0003918	g6715	Cg004G137490
OG0003919	g6627, g13397, g6625, g6624, g6613	Cg004G138780
OG0003920	g11788, g6567, g25753	Cg004G140080
OG0003921	g5957	Cg004G155790
OG0003922	g36631, g11532	Cg006G196240
OG0003923	g54028, g28110	Cg006G201930, Cg006G201940, Cg001G033670
OG0003924	g2457, g19291	Cg002G060670, Cg002G055040
OG0003925	g19113	Cg002G051300, Cg002G051290
OG0003926	g52275	Cg005G159980
OG0003929	g54094	Cg006G212310
OG0003930	g49315	Cg006G244840
OG0003932	g53577	Cg006G206350
OG0003933	g10353	Cg002G067650
OG0003934	g11669, g12240	Cg005G188330
OG0003935	g45477, g5565	Cg008G288030
OG0003948	g23447	Cg001G010570
OG0003950	g32553, g27766	Cg006G214150
OG0003951	g47157, g24360	Cg001G024860
OG0003952	g25482	Cg007G254860
OG0003953	g40986, g40987	Cg007G250160
OG0003954	g1516, g10735	Cg002G074790
OG0003955	g16695, g10685	Cg002G074230
OG0003956	g10486, g1620	Cg005G159430
OG0003957	g10479	Cg002G070850
OG0003958	g46794	Cg001G036310
OG0003958	g45017	Cg007G265340
OG0003959	g37365, g38148, g51950	Cg005G165320
OG0003961	g13110, g12342	Cg004G126690
OG0003962	g13118	Cg004G127150
OG0003963	g44249	Cg007G246940
OG0003966	g28393	Cg003G099540, Cg001G012670
OG0003967	g29402, g5320	Cg008G292650
OG0003968	g29433	Cg008G292070
OG0003969	g29444	Cg008G291910
OG0003971	g5492	Cg008G289420
OG0003972	g45484	Cg004G125900
OG0003972	g29616	Cg008G288470
OG0003973	g10895, g40689	Cg008G324760
OG0003974	g19228	Cg002G054130
OG0003975	g24044, g17372	Cg001G020170
OG0003976	g23923	Cg001G017960
OG0003977	g2382	Cg002G053510
OG0003978	g27671	Cg006G217760
OG0003980	g22919	Cg001G003630
OG0003981	g47971	Cg001G003550
OG0003982	g22830	Cg001G002720
OG0003983	g36931	Cg005G192330
OG0003984	g40300	Cg003G083970
OG0003985	g40452	Cg003G093630, Cg003G080350
OG0003986	g18399	Cg008G322820
OG0003987	g6405	Cg004G143130
OG0003987	g24852	Cg001G031130
OG0003988	g17721	Cg001G027800
OG0003989	g17645, g24444	Cg001G025800
OG0003990	g16803	Cg001G041900
OG0003991	g37710	Cg005G158600
OG0003992	g50801	Cg005G158830
OG0003993	g1866	Cg002G045360
OG0003994	g44729, g44728	Cg006G221210
OG0003995	g37527	Cg005G161730
OG0003996	g37521	Cg005G161990, Cg007G253030
OG0003998	g45313	Cg008G283100
OG0003999	g13083	Cg004G125990
OG0004001	g39238	Cg003G107030
OG0004002	g9813	Cg003G111320
OG0004003	g40101	Cg005G180420
OG0004004	g25394	Cg003G076920, Cg014G332680
OG0004006	g40098	Cg005G180300
OG0004008	g12839, g12576	Cg004G120810
OG0004009	g54049	Cg006G201740, Cg004G123300
OG0004010	g7560	Cg004G123990
OG0004011	g2173	Cg002G050300
OG0004012	g51836	Cg005G166270
OG0004013	g19049, g2185	Cg002G050590
OG0004014	g6473	Cg006G206860
OG0004015	g51758	Cg005G167070
OG0004016	g51772	Cg005G166840
OG0004017	g37205	Cg005G169200
OG0004019	g51730, g37288	Cg005G167670
OG0004021	g37279	Cg005G167810
OG0004022	g51031, g38353	Cg005G189150, Cg006G217510
OG0004025	g27545, g50280	Cg006G222620
OG0004026	g23814	Cg001G015960
OG0004027	g17177, g23782	Cg001G015570
OG0004028	g23752	Cg001G015220
OG0004029	g928	Cg003G100570
OG0004030	g50992	Cg005G190390
OG0004031	g51548	Cg005G170730
OG0004032	g18352	Cg005G193970
OG0004033	g31369	Cg006G233680
OG0004035	g31074	Cg006G238250
OG0004036	g1069	Cg009G325720, Cg008G313870, Cg006G200650, Cg006G202710
OG0004037	g49394	Cg006G243440
OG0004038	g29205	Cg008G296300
OG0004039	g10108	Cg008G306160
OG0004040	g4683, g10152	Cg008G307110
OG0004041	g41603, g18592	Cg003G108910
OG0004043	g4634, g10208	Cg008G308840, Cg008G310490
OG0004044	g29741, g5645	Cg008G286020
OG0004045	g570	Cg008G304560
OG0004046	g9986	Cg008G303360
OG0004047	g18585	Cg008G303320
OG0004048	g452	Cg003G108510
OG0004049	g416	Cg003G109280
OG0004050	g28857	Cg002G062670, Cg008G302580
OG0004051	g11469	Cg002G063960
OG0004051	g781, g780	Cg008G301960
OG0004052	g44658	Cg007G271770, Cg007G271780
OG0004053	g46432	Cg007G278870
OG0004054	g7273	Cg004G128630
OG0004055	g12221, g7217	Cg004G129600
OG0004056	g17620	Cg001G025520
OG0004057	g12055, g6973	Cg004G133570
OG0004058	g12051, g6968	Cg004G133580
OG0004059	g6912	Cg004G134530
OG0004060	g13298	Cg004G134700, Cg005G192760
OG0004061	g12018	Cg004G134770
OG0004062	g6870, g13308	Cg004G135140
OG0004063	g13316, g11994	Cg004G135350
OG0004064	g13357	Cg004G137270
OG0004065	g6691	Cg004G138010
OG0004066	g11823	Cg004G139560
OG0004067	g11399	Cg004G142170
OG0004068	g13689	Cg004G150070, Cg004G150650
OG0004069	g36387, g54123	Cg006G200310
OG0004070	g12157	Cg004G131130
OG0004071	g19005	Cg002G049380
OG0004072	g18977	Cg002G048630
OG0004072	g52017	Cg005G164060
OG0004073	g1642, g11201, g2011, g18899	Cg002G047190
OG0004076	g32567, g32557, g32556, g32576, g32566, g40502	Cg008G321090
OG0004078	g17083, g23630	Cg001G013190, Cg001G013200
OG0004082	g45113, g39516	Cg006G210250, Cg008G309920, Cg008G311730, Cg003G085040, Cg014G331940, Cg003G077680, Cg004G145140
OG0004083	g51379, g25697	Cg007G265060
OG0004083	g28307, g32720, g28263	Cg007G265070, Cg007G265100, Cg007G265190
OG0004085	g49907	Cg008G323320
OG0004087	g3959, g6639, g4830	Cg005G177580, Cg005G177550
OG0004092	g47750, g16984	Cg001G009930
OG0004093	g47760	Cg001G009630
OG0004094	g18182, g23156	Cg001G006540
OG0004095	g18183, g47859, g23150	Cg001G006460
OG0004096	g47876	Cg001G005940
OG0004097	g41075	Cg007G252530
OG0004099	g10808	Cg002G075570
OG0004100	g16488, g16486	Cg002G069600
OG0004101	g1016, g39371, g3761	Cg003G102730
OG0004102	g40740	Cg007G245580
OG0004102	g16761	Cg001G042960
OG0004103	g12307	Cg004G127630
OG0004104	g28358	Cg003G098670
OG0004105	g954	Cg003G101590
OG0004106	g39400, g973	Cg003G102030
OG0004108	g1058, g28551	Cg003G103530
OG0004110	g29547	Cg008G290110
OG0004111	g45496	Cg008G289070
OG0004112	g9897	Cg003G109230
OG0004113	g47275	Cg001G022260
OG0004114	g24177	Cg001G022200
OG0004115	g47284, g24160	Cg001G021960
OG0004117	g24031, g47369	Cg001G019820
OG0004118	g17851, g23989	Cg001G019290
OG0004119	g32690	Cg006G211870
OG0004120	g47363, g17394	Cg001G019910
OG0004121	g28172, g35943, g53793	Cg006G205080
OG0004122	g53741, g28200, g28203	Cg006G206110
OG0004123	g50498	Cg005G172480, Cg006G217670
OG0004124	g32494	Cg006G215530
OG0004125	g22912	Cg001G003500
OG0004126	g37190, g51612	Cg003G090610, Cg003G096190
OG0004127	g38477	Cg003G097640, Cg001G002620
OG0004128	g18353	Cg001G000400
OG0004129	g49580	Cg006G238400
OG0004130	g10378	Cg002G070120
OG0004131	g14183, g43060, g14177, g14168, g14114, g14140, g14133, g14188, g14171, g14156, g14151, g14185, g32545, g14130, g14126, g14117, g14144, g14153, g14136, g14160, g14127, g14165	Cg004G157280
OG0004132	g37964	Cg005G172980
OG0004133	g37050	Cg008G318210
OG0004134	g36266	Cg008G315820, Cg006G202030
OG0004135	g23863	Cg003G083040
OG0004136	g25671	Cg003G081680
OG0004137	g40687, g10897	Cg008G324720
OG0004138	g47061	Cg001G027440
OG0004139	g16795	Cg001G042100
OG0004140	g37727	Cg005G158260
OG0004141	g50810, g37708	Cg005G158620
OG0004142	g52161	Cg005G161610
OG0004143	g38218, g52124	Cg005G162160
OG0004144	g37474	Cg005G162950
OG0004145	g52088, g37468	Cg005G163020
OG0004146	g1984	Cg002G047770
OG0004147	g745	Cg008G301440
OG0004148	g28885	Cg008G301860
OG0004149	g827, g826, g825	Cg008G302710
OG0004150	g28798	Cg003G107870
OG0004151	g39259, g1234	Cg003G106560
OG0004153	g25350	Cg003G076200
OG0004154	g45262	Cg003G077130, Cg014G332500
OG0004155	g25404	Cg014G332430, Cg003G077180
OG0004156	g39583	Cg003G078370, Cg014G331250
OG0004157	g25467	Cg014G331230, Cg003G078390
OG0004158	g39714	Cg008G283700, Cg008G319610
OG0004159	g30862	Cg006G242220
OG0004160	g39821, g51280	Cg005G174700
OG0004161	g51272	Cg005G174810
OG0004162	g39911	Cg005G176200
OG0004163	g39915	Cg005G176350
OG0004164	g5558, g37895	Cg005G176620
OG0004165	g40017	Cg005G177800
OG0004166	g38289	Cg005G185710
OG0004167	g50103, g31546, g25051, g24456, g23643	Cg001G013420
OG0004168	g45656	Cg008G294420
OG0004169	g12660	Cg004G118260
OG0004170	g7800, g12615	Cg004G119650
OG0004171	g10180	Cg008G307770
OG0004172	g7721, g12837	Cg004G120720
OG0004173	g7726	Cg004G120660
OG0004174	g7583, g12974, g12438	Cg004G123650
OG0004175	g51907	Cg005G165610
OG0004176	g51666	Cg005G168700
OG0004178	g49964	Cg006G229710
OG0004179	g50060	Cg006G227030
OG0004181	g27467	Cg006G225300
OG0004182	g45969	Cg007G272440
OG0004183	g17205, g23828	Cg008G299860, Cg001G016250
OG0004184	g23823	Cg001G016160
OG0004185	g23817	Cg001G016010
OG0004186	g40244	Cg001G040060
OG0004187	g17181, g23790	Cg001G015680
OG0004188	g1307	Cg003G098590
OG0004189	g31415	Cg006G233000
OG0004189	g10557	Cg002G072010
OG0004190	g31390, g49824	Cg006G233380
OG0004193	g45718, g3836	Cg008G296390
OG0004194	g5053	Cg008G296590
OG0004195	g4996	Cg008G297560, Cg002G062990
OG0004197	g5574, g5570, g2956	Cg008G287820
OG0004198	g10087	Cg008G305600
OG0004200	g18571	Cg008G303960
OG0004202	g9929	Cg003G108700
OG0004203	g9856, g356	Cg007G267140, Cg001G012240
OG0004204	g9850, g344	Cg003G110390
OG0004205	g1198	Cg003G106140
OG0004206	g19394	Cg002G057290
OG0004207	g2944	Cg002G061630
OG0004208	g46093	Cg007G274220, Cg003G085340
OG0004209	g45927	Cg007G271930
OG0004210	g45934, g44642	Cg007G272090
OG0004211	g45968, g19479	Cg007G272450
OG0004212	g46387	Cg007G278400
OG0004213	g44541	Cg007G274680
OG0004214	g46053	Cg007G273680
OG0004215	g46442	Cg007G279050, Cg007G278980
OG0004216	g46556	Cg007G280940, Cg007G280610
OG0004217	g7289	Cg004G128430
OG0004218	g13233	Cg004G131610
OG0004219	g7073	Cg004G131940
OG0004220	g7046	Cg004G132350
OG0004222	g12017, g6891	Cg004G134780
OG0004223	g13327	Cg004G135690
OG0004224	g6815, g11961	Cg004G135970
OG0004225	g6789, g11956	Cg004G136300
OG0004226	g11877, g6687	Cg004G138120
OG0004227	g11858, g6630	Cg004G138730
OG0004228	g13396, g6629	Cg004G138740
OG0004229	g11832, g11831	Cg004G139480
OG0004230	g4678, g6590, g13422	Cg004G139600
OG0004231	g11787	Cg004G140090
OG0004232	g11753	Cg004G141130
OG0004233	g6505, g13475	Cg004G141400
OG0004234	g6035	Cg004G154040
OG0004235	g5975, g13925, g53828	Cg004G155380
OG0004236	g23521	Cg001G011650
OG0004237	g25108	Cg001G034350
OG0004239	g54361, g36735	Cg006G194530
OG0004240	g36681	Cg006G195470
OG0004241	g54304	Cg006G195830
OG0004242	g54291	Cg006G196260
OG0004243	g36614	Cg006G196470
OG0004244	g36493	Cg006G198400
OG0004245	g28099, g45806	Cg006G201240
OG0004246	g54052	Cg006G201670
OG0004247	g51470	Cg005G171820
OG0004249	g10094	Cg008G305780
OG0004250	g44291	Cg007G280670, Cg003G098090
OG0004251	g11242, g18988, g2091	Cg002G048900
OG0004252	g37437	Cg002G048330, Cg005G163830
OG0004253	g18714	Cg002G045880, Cg007G266290, Cg007G266270
OG0004254	g11165, g1834	Cg004G120090, Cg006G240950
OG0004255	g36017	Cg002G044330
OG0004259	g27619, g18122, g54158	Cg006G200480
OG0004260	g39453	Cg003G076410
OG0004265	g50439	Cg006G218820
OG0004275	g47688, g23511	Cg001G011520, Cg001G011510
OG0004276	g18202, g23107	Cg001G005980
OG0004277	g47737, g23424	Cg001G010280
OG0004278	g47768, g16962	Cg001G009380
OG0004279	g23331	Cg001G009170
OG0004280	g47839	Cg001G007120
OG0004281	g47860, g23141	Cg001G006320
OG0004282	g18209, g23074	Cg001G005630
OG0004283	g23021	Cg001G005030
OG0004284	g27750	Cg006G215020
OG0004285	g27775	Cg006G213890
OG0004286	g41123	Cg007G254580
OG0004287	g10806	Cg002G075540
OG0004288	g10702, g1523	Cg002G074400
OG0004289	g10626	Cg002G073150
OG0004290	g10507	Cg002G071250
OG0004292	g10414	Cg002G069160
OG0004294	g52056	Cg007G258530, Cg005G163510
OG0004295	g37381	Cg005G164840
OG0004296	g7448	Cg004G125660
OG0004297	g12329	Cg004G126970, Cg001G040270
OG0004298	g12308, g7349	Cg004G127620
OG0004299	g41158, g28297, g1365	Cg003G097050
OG0004300	g28327	Cg003G097740
OG0004301	g28328	Cg003G097790
OG0004302	g41171	Cg003G098130
OG0004303	g23692	Cg001G014180
OG0004304	g39285, g1142	Cg003G105540
OG0004305	g10098, g18531	Cg008G305930
OG0004306	g5270, g29354	Cg008G293590
OG0004307	g29424, g5343	Cg008G292330
OG0004308	g29480	Cg008G291230
OG0004309	g29585	Cg008G289290
OG0004310	g29598, g5513	Cg008G288990
OG0004311	g24210	Cg001G022720
OG0004311	g40629	Cg008G323800
OG0004312	g17480	Cg001G022530
OG0004313	g17452	Cg001G021750
OG0004314	g24074	Cg001G020700
OG0004315	g24057, g17379	Cg001G020350
OG0004316	g47357	Cg001G020040
OG0004317	g17393, g48347	Cg001G019920
OG0004318	g23947, g17284	Cg003G081410, Cg001G018300
OG0004319	g23941	Cg001G018150
OG0004321	g23851	Cg001G016870
OG0004322	g40329, g25780	Cg003G083430
OG0004324	g13431	Cg004G139860
OG0004325	g36612	Cg006G196490
OG0004326	g32405	Cg006G216930
OG0004327	g32469	Cg006G215980
OG0004328	g50546, g32475	Cg006G215850
OG0004330	g18234, g22972	Cg001G004370
OG0004331	g18260, g22890	Cg001G003290
OG0004332	g22884	Cg001G003230
OG0004333	g40289	Cg003G084270, Cg003G084250
OG0004337	g11658	Cg004G143580
OG0004338	g46942	Cg001G031830
OG0004339	g17720, g24529, g41858, g1827	Cg001G027610
OG0004340	g17716	Cg001G027170
OG0004341	g24498	Cg001G027010
OG0004342	g54375, g54379	Cg006G195850
OG0004343	g18745	Cg002G043770
OG0004344	g37709, g50812, g38255	Cg005G158610
OG0004345	g50778, g37658	Cg005G159360
OG0004347	g37538	Cg005G161550, Cg007G276780
OG0004348	g52108, g37487	Cg005G162730
OG0004349	g2038	Cg002G048180
OG0004351	g51847	Cg005G166120
OG0004352	g37345	Cg005G166130
OG0004354	g1255	Cg003G106860
OG0004355	g9810	Cg003G090010, Cg003G090040, Cg003G095560, Cg003G111520, Cg003G092200
OG0004356	g9789	Cg003G111880
OG0004357	g9714	Cg003G113440
OG0004358	g63	Cg003G114690
OG0004359	g53, g9659	Cg003G114840
OG0004360	g49287, g30727	Cg006G245350, Cg006G240400
OG0004362	g30827	Cg006G242920
OG0004363	g37955, g39743, g51358	Cg005G173220
OG0004364	g51350	Cg005G173260
OG0004366	g51237, g39856	Cg005G175430
OG0004368	g39913, g51210	Cg005G176250
OG0004369	g39924, g51204	Cg005G176460
OG0004370	g51195, g39926	Cg005G176530
OG0004371	g51182, g39958	Cg005G176970
OG0004372	g19669, g54387	Cg004G116660
OG0004373	g7858, g12758, g12675	Cg004G117880
OG0004374	g7713, g12853	Cg004G121010
OG0004375	g4781	Cg008G306920
OG0004376	g53285, g7701, g12870	Cg004G121320
OG0004377	g7675	Cg004G121880
OG0004378	g7661	Cg004G122030
OG0004379	g7648, g12491	Cg004G122360
OG0004380	g12446, g7602	Cg004G123350
OG0004381	g37146, g51562	Cg005G170540
OG0004382	g37150	Cg005G170390
OG0004383	g51617	Cg005G169600
OG0004384	g2340	Cg002G052920
OG0004385	g49957, g31632	Cg006G229850
OG0004386	g50015, g31723, g27383	Cg006G228270
OG0004387	g44568	Cg007G273870
OG0004388	g50045	Cg006G227530
OG0004389	g50051	Cg006G227310
OG0004391	g45971	Cg007G272420
OG0004393	g50362, g32153	Cg006G220880
OG0004394	g32221, g27615	Cg006G219880
OG0004395	g13728, g13731	Cg001G015990
OG0004396	g38390	Cg005G190150
OG0004397	g27222, g31454	Cg006G232540
OG0004398	g49848, g31410	Cg006G233070
OG0004399	g49847, g31402	Cg006G233190
OG0004400	g49787, g31344	Cg006G233990
OG0004401	g49762	Cg006G234890
OG0004402	g31265, g31266	Cg006G235370
OG0004403	g49721	Cg006G235900
OG0004404	g49640, g31156	Cg006G237020
OG0004405	g31099	Cg006G238060, Cg006G238050
OG0004406	g49599, g27016, g31087	Cg006G238180
OG0004407	g5129	Cg008G295490
OG0004408	g45724, g5057	Cg008G296560
OG0004409	g5016, g29159	Cg008G297100
OG0004410	g29051, g29055, g4914	Cg008G298910
OG0004411	g41459	Cg008G299000
OG0004412	g10111, g4851	Cg008G306210
OG0004413	g4787, g10135	Cg008G306810
OG0004414	g10281	Cg008G312640
OG0004415	g5610	Cg008G286970
OG0004416	g610, g10064	Cg008G305380
OG0004418	g9971, g494	Cg008G303260
OG0004419	g464	Cg008G302870
OG0004420	g427	Cg003G109050
OG0004422	g41557	Cg007G268510, Cg007G268490
OG0004423	g45811	Cg007G270070
OG0004424	g45843	Cg007G270710
OG0004425	g45874, g44688	Cg007G271150
OG0004426	g45980	Cg007G272310
OG0004427	g44618	Cg007G272520, Cg007G272530, Cg007G272510
OG0004428	g44451, g46212	Cg007G276080
OG0004429	g17986	Cg007G275060, Cg007G275050
OG0004430	g46148	Cg007G275020
OG0004430	g46147	Cg007G275010
OG0004431	g44588	Cg007G273360
OG0004432	g46464	Cg007G279260
OG0004433	g46493	Cg007G279640
OG0004434	g46513	Cg007G279950
OG0004435	g44315	Cg007G280240
OG0004436	g13149, g12259, g7271	Cg004G128660
OG0004437	g13209	Cg004G130190
OG0004438	g7182	Cg004G130310
OG0004440	g7113, g12146	Cg004G131460
OG0004441	g13234, g7089	Cg004G131690
OG0004442	g7077, g11394, g12139	Cg004G131860
OG0004443	g13259	Cg004G132600
OG0004444	g6866, g12000	Cg004G135230
OG0004445	g11948	Cg004G136610
OG0004446	g11940	Cg004G136850
OG0004447	g11886	Cg004G137850
OG0004448	g11884, g6694	Cg004G137870
OG0004449	g6676	Cg004G138320
OG0004450	g11855	Cg004G138890
OG0004451	g6541, g13460	Cg004G140710
OG0004452	g38303	Cg005G186360
OG0004453	g13953	Cg004G154700
OG0004454	g13979, g6025	Cg004G154290
OG0004455	g5981	Cg004G155290, Cg004G155300, Cg004G155320, Cg004G155340, Cg004G155330
OG0004456	g13850	Cg005G170490
OG0004458	g36508, g54186	Cg006G198250
OG0004459	g54177	Cg006G199230
OG0004460	g36339, g28100	Cg006G201270
OG0004462	g2442	Cg002G054930
OG0004463	g2320	Cg002G052570
OG0004464	g11281	Cg002G051390
OG0004464	g2234	Cg002G051380
OG0004466	g19015	Cg002G049590
OG0004468	g2043, g18965	Cg002G048250
OG0004469	g18961	Cg002G048160
OG0004470	g18944, g1987	Cg002G047740
OG0004471	g52223	Cg005G160510
OG0004472	g1859, g1860	Cg002G045300
OG0004474	g18753	Cg002G043690
OG0004475	g54119	Cg006G200450
OG0004477	g25771	Cg003G091780
OG0004478	g18823	Cg002G046180
OG0004480	g5728	Cg008G284230
OG0004482	g50318, g50319, g50320	Cg006G221780, Cg006G221760
OG0004484	g29432, g50694	Cg004G156090
OG0004488	g45624	Cg008G293750, Cg008G312630
OG0004492	g6526	Cg004G140980, Cg004G141000
OG0004498	g23565, g17050	Cg001G012320
OG0004499	g23545, g17037	Cg001G011990
OG0004500	g23520	Cg001G011630
OG0004501	g13921, g23446	Cg001G010560
OG0004502	g28635, g1100	Cg003G104930
OG0004503	g23421	Cg001G010240
OG0004504	g23392	Cg005G190810
OG0004505	g16982, g23386, g47751	Cg001G009890
OG0004506	g16971, g47756	Cg001G009760
OG0004507	g18959, g11214	Cg002G048070
OG0004508	g16943, g23307	Cg001G008720
OG0004509	g23285	Cg001G008320
OG0004510	g16931, g23283	Cg001G008300, Cg013G330450
OG0004511	g23212	Cg001G007320
OG0004512	g47878, g23100	Cg001G005880
OG0004513	g47881	Cg001G005780
OG0004514	g24328	Cg001G024540
OG0004515	g44099, g41042	Cg007G251150
OG0004516	g44173	Cg007G249190
OG0004517	g31314	Cg006G234540
OG0004518	g23880	Cg001G017230
OG0004519	g10792	Cg002G075330
OG0004521	g10603	Cg002G072850
OG0004523	g10394	Cg002G069920
OG0004524	g10349	Cg002G067350
OG0004525	g25098	Cg001G034470
OG0004526	g31385	Cg006G233470, Cg007G247440, Cg007G251860, Cg007G251830, Cg007G251880
OG0004527	g7301, g12275	Cg004G128320
OG0004528	g28552	Cg003G103560
OG0004529	g7319, g12288	Cg004G128050
OG0004530	g1287	Cg003G107480
OG0004531	g1036, g28529, g39360	Cg003G103150
OG0004532	g1056	Cg003G103490
OG0004533	g39341	Cg003G104120
OG0004534	g28565, g120	Cg003G104250
OG0004536	g28668	Cg003G105460
OG0004537	g10303	Cg008G313880, Cg009G325730
OG0004538	g29391, g5300	Cg008G293000
OG0004539	g5310	Cg008G292870
OG0004540	g29410	Cg008G292490
OG0004541	g29423	Cg008G292340
OG0004542	g29458	Cg008G291580
OG0004543	g45547, g29489	Cg008G291110
OG0004544	g29504	Cg008G290710
OG0004545	g45508, g29569	Cg008G289610
OG0004546	g29601, g5518	Cg008G288910
OG0004547	g29628	Cg008G288240
OG0004550	g47298	Cg001G021540
OG0004551	g17289	Cg003G081240
OG0004552	g47461	Cg001G017360
OG0004553	g47463	Cg001G017340
OG0004554	g17232	Cg001G016890
OG0004555	g11409	Cg007G261960, Cg007G264100
OG0004557	g53976	Cg006G203700, Cg006G203690
OG0004558	g32318	Cg006G218550
OG0004559	g32351, g50474	Cg006G218140
OG0004560	g32354, g50484	Cg006G218090
OG0004561	g32413	Cg006G216650
OG0004562	g50526, g32445	Cg006G216300
OG0004563	g32497, g27719	Cg006G215480, Cg006G215450
OG0004564	g22999, g47919	Cg001G004720
OG0004565	g22991, g47725	Cg001G004640
OG0004566	g22924	Cg001G003680
OG0004567	g22718, g25970	Cg001G001430, Cg001G035970
OG0004568	g46845	Cg001G034450
OG0004569	g46833	Cg001G035330, Cg007G264500
OG0004571	g19507	Cg002G059410
OG0004572	g51500	Cg005G171500, Cg008G299170
OG0004573	g40673, g10905	Cg008G324560
OG0004574	g38009, g51538	Cg005G170900
OG0004575	g37073	Cg005G172920
OG0004576	g25766, g25730	Cg003G083170
OG0004577	g40351	Cg003G082670
OG0004578	g25549	Cg003G080100, Cg003G093890
OG0004579	g40490	Cg008G320720, Cg008G320680
OG0004580	g11053	Cg008G320820
OG0004581	g40608	Cg008G323570
OG0004582	g10903	Cg008G324580
OG0004583	g17612	Cg001G032730
OG0004584	g17880	Cg001G029510
OG0004585	g17774, g47036, g24573	Cg001G028370
OG0004586	g11835	Cg004G139420
OG0004587	g37619	Cg005G160110
OG0004588	g37587, g38243	Cg005G160650
OG0004589	g52183, g37562	Cg005G161200
OG0004590	g52182	Cg005G161210
OG0004591	g37558	Cg005G161260
OG0004592	g37502	Cg005G162430
OG0004593	g29857	Cg008G283090
OG0004594	g45352, g5737	Cg008G284090
OG0004595	g28923	Cg008G301110
OG0004596	g41380	Cg008G301410
OG0004597	g28879, g786	Cg008G302010
OG0004598	g28865, g808	Cg008G302460
OG0004599	g9824	Cg003G110980
OG0004600	g9809, g275	Cg003G095570, Cg003G092210, Cg003G111530
OG0004601	g9787	Cg003G111940
OG0004602	g222	Cg003G112450
OG0004604	g9711, g149	Cg003G113480
OG0004605	g69	Cg003G114580
OG0004606	g9638	Cg003G115160
OG0004607	g2486, g19318	Cg003G115720
OG0004609	g39553	Cg014G331430, Cg003G078220
OG0004610	g11111	Cg008G319030
OG0004611	g51325	Cg005G173630
OG0004612	g37906, g51254, g39838	Cg005G175150
OG0004613	g51115	Cg005G178130
OG0004613	g49572	Cg006G238490
OG0004614	g36766	Cg005G181490
OG0004615	g40105	Cg005G180530
OG0004616	g54308	Cg006G229410, Cg004G116420
OG0004617	g18346	Cg004G116300, Cg008G294460
OG0004618	g5221	Cg004G116010
OG0004619	g12725	Cg004G115970
OG0004620	g7539, g12413, g12986	Cg004G124360
OG0004621	g12674	Cg004G117900
OG0004622	g7838	Cg008G297050, Cg004G118140
OG0004624	g7687	Cg004G121630
OG0004625	g7683, g12516, g12905	Cg004G121770
OG0004626	g7665	Cg004G121940
OG0004627	g12508	Cg004G121980
OG0004628	g7653, g12494	Cg004G122270
OG0004629	g7594	Cg004G123470
OG0004630	g12435, g7573	Cg004G123800
OG0004631	g7570	Cg004G123850, Cg003G090820, Cg003G090950, Cg007G262240, Cg007G263880
OG0004632	g12984	Cg004G123980
OG0004633	g7558	Cg004G124010
OG0004634	g51914	Cg005G165510
OG0004635	g37349	Cg005G165890
OG0004636	g51871, g37350	Cg005G165920
OG0004637	g51861	Cg005G166050
OG0004638	g51801	Cg005G166530
OG0004639	g51579	Cg005G170170
OG0004640	g51584	Cg005G170110
OG0004641	g51609, g38050	Cg005G169720
OG0004642	g51651	Cg005G168890
OG0004643	g38100	Cg005G167660
OG0004644	g27328	Cg006G230000
OG0004645	g27331	Cg006G229950
OG0004646	g27397	Cg006G228130
OG0004647	g50049, g31788	Cg006G227470
OG0004648	g50108	Cg006G226070
OG0004649	g50193	Cg006G224560
OG0004650	g32018, g27508	Cg006G224040
OG0004651	g50293	Cg006G222480
OG0004652	g32095	Cg006G222300
OG0004653	g50298, g32097	Cg006G222330
OG0004654	g32138	Cg006G221170
OG0004654	g44746	Cg007G270050
OG0004655	g17206	Cg001G016350, Cg001G016330
OG0004656	g47522, g23820	Cg001G016070
OG0004657	g23816, g17192	Cg001G016000
OG0004658	g17155, g45193	Cg001G015020
OG0004659	g51034	Cg005G188840
OG0004660	g38350, g38352	Cg005G189140, Cg005G189130
OG0004661	g49825, g31391	Cg006G233370
OG0004662	g49724	Cg006G235780
OG0004664	g27096, g31214	Cg006G236250
OG0004665	g31188, g27086	Cg006G236520
OG0004667	g27060, g31155	Cg006G237040
OG0004668	g49674, g31123	Cg006G237520
OG0004669	g31097	Cg006G238100
OG0004670	g31045	Cg006G239090
OG0004671	g30899, g49469	Cg006G241510
OG0004672	g45655	Cg008G294400
OG0004673	g5045	Cg008G296730
OG0004674	g29013, g4963	Cg008G298100
OG0004675	g29020	Cg008G298170
OG0004676	g29048, g41467	Cg008G298870
OG0004677	g29062	Cg008G298950
OG0004678	g29094, g4880	Cg008G299590
OG0004679	g18520	Cg008G306440
OG0004680	g10157	Cg008G307340
OG0004681	g10181	Cg008G307780
OG0004682	g10199, g4640	Cg008G308450
OG0004683	g10260	Cg008G311940
OG0004685	g28125, g5248, g29338	Cg008G293880
OG0004686	g10295	Cg008G313330, Cg016G334140, Cg003G095300
OG0004687	g2027, g18883	Cg002G046940
OG0004688	g45451, g5602, g29689	Cg008G287100
OG0004689	g5642, g45425	Cg008G286180
OG0004691	g35651	Cg008G305470
OG0004692	g611	Cg008G305390
OG0004693	g10046	Cg008G304770
OG0004694	g479	Cg008G302970
OG0004695	g9877	Cg003G109770
OG0004696	g375	Cg003G109960
OG0004697	g365, g18604	Cg003G110080
OG0004698	g362	Cg003G110180
OG0004699	g357, g18607	Cg003G110270
OG0004700	g332	Cg003G110660
OG0004701	g19336	Cg002G055810
OG0004702	g19440, g19452, g2681	Cg002G058060
OG0004703	g2715	Cg002G058530
OG0004704	g19532	Cg002G060170
OG0004705	g11695, g13520	Cg004G142740
OG0004706	g11503	Cg003G101110
OG0004707	g45787, g44766	Cg007G269650
OG0004708	g44764, g45796	Cg007G269500
OG0004709	g44716	Cg007G270290
OG0004710	g44622	Cg007G272360
OG0004711	g45957	Cg007G272660
OG0004712	g46266, g13626	Cg007G277010
OG0004715	g27598, g50369	Cg006G220390
OG0004716	g44515	Cg007G274980
OG0004717	g50028	Cg006G227970
OG0004718	g44342	Cg007G279730
OG0004719	g46541	Cg007G280420
OG0004720	g46562	Cg007G280870
OG0004721	g46573	Cg007G280680
OG0004722	g44288	Cg007G281070
OG0004723	g44284	Cg007G281160
OG0004724	g44283	Cg007G281170
OG0004725	g27304, g49941, g31601	Cg006G230400
OG0004727	g12260, g7275	Cg004G128620
OG0004728	g13154, g12250	Cg004G128930
OG0004729	g7234, g13182	Cg004G129330
OG0004730	g12211	Cg004G129910
OG0004731	g7134, g13228	Cg004G131060
OG0004732	g13230, g7122	Cg004G131180
OG0004733	g7083	Cg004G131760
OG0004734	g13271	Cg004G133220
OG0004735	g54043	Cg006G201770
OG0004737	g6864	Cg004G135260
OG0004738	g11988, g6855	Cg004G135490
OG0004739	g13326, g11978	Cg004G135680
OG0004740	g6761	Cg004G136720
OG0004741	g6670, g6669	Cg004G138490
OG0004742	g13426	Cg004G139730
OG0004743	g6579, g13429	Cg004G139760
OG0004744	g6546, g11763	Cg004G140600
OG0004745	g6535, g11759	Cg004G140860
OG0004746	g11733, g6485	Cg004G141660
OG0004747	g11715	Cg006G212060
OG0004748	g46064	Cg007G273910
OG0004749	g13708	Cg004G152370
OG0004750	g5956	Cg004G155810
OG0004751	g5911, g13858	Cg004G156720
OG0004752	g36737	Cg006G194480
OG0004754	g28054	Cg006G199250
OG0004755	g36429	Cg006G199620
OG0004756	g36340	Cg006G201260
OG0004757	g13472	Cg004G141230
OG0004758	g1528, g10676	Cg002G074080
OG0004759	g19163	Cg002G052360
OG0004759	g2305	Cg002G052370
OG0004760	g2467, g19305	Cg002G055310
OG0004761	g19298	Cg002G055250
OG0004762	g38266	Cg005G184320
OG0004763	g2190, g19078	Cg002G050870
OG0004764	g11270, g11266	Cg002G050140
OG0004765	g2137	Cg002G049670
OG0004766	g2057	Cg002G049510
OG0004767	g18987	Cg002G048890
OG0004769	g18974, g2131	Cg002G048430
OG0004770	g18775	Cg008G305860, Cg003G084350
OG0004771	g1863	Cg002G045340
OG0004772	g24324, g17564	Cg001G024460
OG0004774	g19758, g19705	Cg025G336170, Cg040G337020
OG0004775	g18505	Cg008G307220, Cg008G307230
OG0004776	g31213	Cg006G236260
OG0004777	g49780	Cg006G234130
OG0004778	g28588	Cg003G104420
OG0004779	g14047, g13721	Cg004G152980
OG0004780	g13477	Cg004G141490
OG0004781	g11944, g13352	Cg004G136740
OG0004782	g7382	Cg004G127170
OG0004783	g5563	Cg008G288050
OG0004784	g29797, g36983, g51039	Cg008G308920, Cg001G039960, Cg008G324170, Cg003G096570, Cg001G035810, Cg006G209930
OG0004786	g853	Cg003G108010
OG0004801	g47661, g23560	Cg001G012290
OG0004802	g23559, g24087	Cg001G012280
OG0004803	g16408, g47173	Cg001G007980, Cg001G012230
OG0004804	g47672	Cg001G012090
OG0004805	g23507, g17014	Cg001G011430
OG0004806	g16989, g23428	Cg001G010370
OG0004807	g47757	Cg001G009750
OG0004808	g50910, g43007, g47792	Cg001G008740
OG0004809	g23303	Cg001G008670
OG0004811	g16912, g23237	Cg001G007470
OG0004812	g23246	Cg001G007600
OG0004813	g47832	Cg001G007270
OG0004814	g47869	Cg001G006140
OG0004815	g23064	Cg001G005540
OG0004817	g24326	Cg001G024510
OG0004818	g17569, g24331	Cg001G024560
OG0004819	g17584	Cg001G024760
OG0004820	g43881	Cg007G256540
OG0004821	g31153	Cg007G255410
OG0004822	g27147	Cg006G234670
OG0004822	g40969	Cg007G249170
OG0004823	g40966, g44178	Cg007G249010
OG0004824	g10813	Cg002G075650
OG0004825	g10809	Cg002G075580
OG0004826	g10723	Cg002G074600
OG0004827	g10594	Cg002G072710
OG0004828	g10563	Cg002G072120
OG0004829	g10553	Cg002G071970
OG0004830	g46663	Cg001G041390
OG0004831	g16555	Cg002G070980
OG0004832	g10466	Cg002G070700
OG0004833	g10373, g4233	Cg001G040740, Cg002G070220
OG0004834	g10371	Cg002G070340
OG0004835	g10363	Cg002G068020
OG0004836	g10357	Cg002G067790, Cg001G039330
OG0004837	g10334	Cg002G067220
OG0004838	g10313	Cg002G065860
OG0004839	g10311	Cg003G085410
OG0004840	g44977	Cg007G265710
OG0004841	g40796	Cg007G246520, Cg007G246510
OG0004842	g44241	Cg007G247410, Cg006G233440
OG0004843	g31354, g49801	Cg006G233760
OG0004844	g51988	Cg005G164690
OG0004845	g7495, g13041	Cg004G125000
OG0004847	g7426	Cg004G126150
OG0004848	g7372	Cg004G127310
OG0004849	g7317, g12289	Cg004G128030
OG0004850	g28317, g1341	Cg003G097620
OG0004851	g28324	Cg003G097710
OG0004852	g1311, g28354	Cg003G098440
OG0004853	g41219	Cg003G099070
OG0004854	g41241	Cg003G099570
OG0004855	g28395	Cg003G099650
OG0004856	g28398	Cg003G099820
OG0004857	g936, g36082	Cg003G100890
OG0004858	g39404, g970	Cg003G101920
OG0004859	g28494	Cg003G102140
OG0004860	g39329, g1094	Cg003G104520
OG0004861	g1130	Cg003G105300
OG0004862	g1150	Cg003G105670
OG0004863	g5276	Cg008G293490
OG0004864	g5285, g29368	Cg008G293360
OG0004865	g29382, g5287	Cg008G293310
OG0004866	g5288	Cg008G293300
OG0004868	g45699	Cg008G295860
OG0004869	g5391, g29462	Cg008G291540
OG0004870	g5408, g45543, g29494	Cg008G290970
OG0004871	g45526	Cg008G290430
OG0004872	g5455	Cg008G289810
OG0004873	g24252, g47215, g47220	Cg001G023410
OG0004874	g40636	Cg008G324010
OG0004875	g47258, g17491	Cg001G022690
OG0004876	g40611, g10948	Cg008G323620
OG0004877	g47289	Cg001G021890
OG0004878	g47290	Cg001G021870
OG0004879	g24126	Cg001G021260
OG0004880	g24076	Cg001G020720
OG0004881	g24065	Cg001G020500
OG0004882	g47347	Cg001G020280
OG0004883	g17366, g47364	Cg001G019900
OG0004884	g24013	Cg001G019590
OG0004885	g29115	Cg008G299920
OG0004886	g23987	Cg001G019230
OG0004887	g47401	Cg001G019200
OG0004888	g23959, g47423	Cg001G018570
OG0004889	g17274	Cg001G017990
OG0004890	g47457, g23890	Cg001G017450
OG0004891	g23864, g17250, g47478	Cg001G017030
OG0004893	g53920	Cg006G204080
OG0004894	g28120, g36229	Cg006G202940
OG0004895	g50447, g50444, g27643	Cg006G218760
OG0004896	g50450	Cg006G218520
OG0004897	g50459	Cg006G218370
OG0004898	g50528, g32455	Cg006G216180
OG0004900	g22905	Cg001G003430
OG0004901	g22827	Cg001G002680
OG0004902	g22811	Cg001G002450
OG0004903	g50903, g18298	Cg005G192310
OG0004904	g18366	Cg001G000270, Cg001G012560
OG0004905	g51513	Cg005G171310
OG0004906	g10832, g40729	Cg003G093900, Cg003G080090
OG0004907	g25538	Cg003G079830, Cg003G094190
OG0004908	g40509, g11035	Cg008G321210
OG0004909	g10987	Cg008G322470
OG0004910	g10959, g40596	Cg008G323210
OG0004911	g40597	Cg008G323230
OG0004912	g40652	Cg008G324360
OG0004913	g10852, g40714	Cg008G325220
OG0004914	g10890	Cg008G324820
OG0004915	g10862	Cg008G325090
OG0004916	g11674	Cg004G142920
OG0004917	g47056	Cg001G027380, Cg006G196880
OG0004918	g17700, g17701, g17699	Cg001G026710
OG0004919	g46824, g46815	Cg001G042120
OG0004920	g9686	Cg003G114030
OG0004921	g18752	Cg002G043700
OG0004922	g1755, g18790	Cg002G044070
OG0004923	g6695	Cg005G159500
OG0004924	g31538, g49910	Cg006G231280
OG0004925	g1858	Cg002G045280
OG0004926	g37639	Cg005G159720
OG0004927	g52279	Cg005G159940
OG0004928	g37626, g52274	Cg005G160010
OG0004929	g37564	Cg005G161090
OG0004930	g37513	Cg005G162210
OG0004931	g37485, g38204	Cg005G162780
OG0004932	g38202, g37476	Cg005G162890
OG0004933	g37447	Cg005G163580
OG0004934	g37439	Cg005G163800
OG0004935	g47554, g47553	Cg001G015140
OG0004936	g5789	Cg008G283170
OG0004937	g5727	Cg008G284240
OG0004938	g52168	Cg005G161320
OG0004939	g29803, g45387, g16335, g16338, g16343, g17943, g24741	Cg008G284870
OG0004940	g28947, g41405	Cg008G300690
OG0004941	g673	Cg008G300370
OG0004942	g28925	Cg008G301060
OG0004943	g741, g41384	Cg008G301320
OG0004944	g28890	Cg008G301740
OG0004945	g791, g28874	Cg008G302120
OG0004946	g817, g28853	Cg008G302640
OG0004948	g41312, g28787	Cg003G107720
OG0004949	g1265	Cg003G107000
OG0004950	g1259	Cg003G106890
OG0004951	g1237	Cg003G106600
OG0004952	g9821	Cg003G111030
OG0004953	g50780, g37669	Cg005G159240
OG0004954	g295	Cg003G111280
OG0004955	g9758, g221	Cg003G112470
OG0004956	g159	Cg003G113310
OG0004957	g18666	Cg003G113570
OG0004958	g9701	Cg003G113660
OG0004959	g127, g9696	Cg003G113850
OG0004960	g99	Cg003G114230
OG0004961	g93, g9674	Cg003G114300
OG0004962	g64	Cg003G114680
OG0004963	g39	Cg003G115100
OG0004964	g2505	Cg002G055740
OG0004965	g25395, g39471	Cg003G076970, Cg014G332630
OG0004966	g39690	Cg008G320010
OG0004967	g49446	Cg006G242210
OG0004968	g39741	Cg005G173180
OG0004969	g51307	Cg005G174040
OG0004970	g39902	Cg005G176110
OG0004971	g51217, g39908	Cg005G176160
OG0004972	g39927	Cg005G176570
OG0004973	g37881	Cg005G177190
OG0004974	g37877	Cg005G177340
OG0004975	g40026, g37842	Cg005G178690
OG0004976	g40075, g53438	Cg005G179410
OG0004977	g40144	Cg005G182310
OG0004978	g5226, g45634	Cg008G294120
OG0004979	g12415, g7542	Cg004G124320
OG0004981	g7924	Cg004G116840
OG0004982	g7854	Cg004G117980
OG0004983	g5017	Cg008G297090
OG0004984	g41494	Cg008G298330
OG0004985	g10132	Cg008G306750
OG0004986	g10104, g4859	Cg008G306080
OG0004987	g41428	Cg008G299770
OG0004988	g7658, g12497	Cg004G122200
OG0004989	g18998, g2083	Cg002G049110
OG0004990	g12948	Cg004G123120
OG0004991	g12975, g12437, g7582	Cg004G123660
OG0004992	g7557, g12997	Cg004G124030
OG0004993	g12987	Cg004G124300
OG0004994	g51879, g37355	Cg005G165790
OG0004995	g37341	Cg005G166200
OG0004996	g37328, g51810	Cg005G166510
OG0004997	g2239, g19129, g11283	Cg002G051480
OG0004998	g38023, g51555	Cg005G170620
OG0004999	g37147, g38025	Cg005G170530
OG0005000	g32377	Cg006G217750
OG0005001	g51686	Cg005G168450
OG0005002	g51694, g37251	Cg005G168300
OG0005003	g37258	Cg005G168160
OG0005005	g31591	Cg006G230530
OG0005006	g31663, g27350	Cg006G229220
OG0005007	g31708	Cg006G228530
OG0005008	g31716	Cg006G228410
OG0005009	g31744, g50026	Cg006G228040
OG0005010	g31786, g27409	Cg006G227520
OG0005011	g31824	Cg006G226840
OG0005012	g50104, g31886	Cg006G226120
OG0005013	g46390	Cg007G278480
OG0005014	g32020, g27513	Cg006G223870, Cg006G223880
OG0005015	g27524	Cg006G223280
OG0005016	g32078	Cg006G221810, Cg006G221730
OG0005018	g32115	Cg006G221550
OG0005019	g27576	Cg006G221260
OG0005021	g32212, g50388	Cg006G219930
OG0005022	g32240, g50395	Cg006G219740
OG0005023	g32255	Cg006G219470
OG0005024	g44908	Cg007G267270
OG0005025	g17196	Cg001G016080
OG0005026	g23764	Cg001G015390
OG0005027	g23202	Cg001G007170
OG0005029	g49893	Cg006G232210
OG0005030	g46558	Cg007G280910
OG0005031	g31380	Cg006G233530
OG0005032	g49806	Cg006G233710
OG0005034	g27122, g49734	Cg006G235400
OG0005035	g27108, g31242	Cg006G235750
OG0005037	g31158	Cg006G237000
OG0005038	g51487	Cg005G171640
OG0005039	g49607, g27024	Cg006G237890
OG0005040	g31122, g49685	Cg006G237570
OG0005041	g49542	Cg006G239900
OG0005042	g49539	Cg006G239980
OG0005043	g49530, g30971, g30966	Cg006G240160
OG0005044	g30914	Cg006G241160
OG0005045	g49486	Cg006G241240
OG0005046	g30801	Cg006G243430
OG0005047	g44113, g36008, g35172, g49327, g30745, g3709	Cg006G244590
OG0005048	g13052, g49310	Cg006G244920
OG0005049	g49309	Cg006G244930
OG0005050	g45684, g5135	Cg008G295380
OG0005051	g45713	Cg007G273040
OG0005052	g5071, g45716	Cg008G296320
OG0005053	g5060, g45720	Cg008G296460
OG0005054	g45736	Cg008G296810
OG0005055	g29145	Cg008G297510
OG0005056	g4994, g29142	Cg008G297580
OG0005057	g29009, g29007	Cg008G298060
OG0005058	g4932, g29038	Cg008G298620
OG0005059	g29045	Cg008G298780
OG0005060	g29077	Cg008G299300
OG0005061	g29099, g41434	Cg008G299640
OG0005062	g4860	Cg008G306060
OG0005063	g18504	Cg008G307260
OG0005064	g4716	Cg008G307330
OG0005065	g4669, g10186	Cg008G308140
OG0005066	g10234	Cg008G309110, Cg008G310770
OG0005067	g10223	Cg008G309320, Cg008G311120
OG0005068	g10288	Cg008G312920
OG0005069	g10284	Cg008G312680
OG0005070	g2298	Cg002G052250
OG0005071	g5598, g6454, g11172	Cg008G287190
OG0005072	g29750, g5646	Cg008G285920
OG0005073	g2625, g19399	Cg002G057420
OG0005075	g9944	Cg003G108530
OG0005076	g446, g9942	Cg003G108610
OG0005077	g9907	Cg003G109040
OG0005078	g422, g18593	Cg003G109150
OG0005079	g9866	Cg003G110060
OG0005080	g1210	Cg003G106270
OG0005081	g28724, g1187	Cg003G106050
OG0005082	g1160	Cg003G105910
OG0005083	g1159	Cg003G105900
OG0005084	g2594, g19367	Cg002G056810
OG0005085	g2626	Cg002G057460
OG0005086	g19400	Cg002G057490
OG0005087	g2632, g11381	Cg001G028000, Cg002G057660
OG0005088	g2653	Cg002G057910
OG0005089	g2797, g11407	Cg002G059800
OG0005090	g716	Cg008G300830
OG0005091	g41602, g41623	Cg007G267720
OG0005092	g44839	Cg007G268650
OG0005093	g44834	Cg007G268730
OG0005094	g41508, g44831	Cg007G268750
OG0005095	g10824	Cg002G075750
OG0005096	g44805	Cg007G268950
OG0005097	g45775, g44780	Cg007G269330
OG0005098	g44738	Cg007G270090
OG0005099	g45975	Cg007G272370
OG0005100	g46419	Cg007G278740
OG0005101	g46395	Cg007G278540
OG0005102	g10283	Cg001G030470, Cg005G186490
OG0005103	g46311, g44383	Cg007G277490
OG0005104	g44404	Cg007G276990
OG0005104	g31943	Cg006G225410
OG0005105	g46255	Cg007G276790
OG0005106	g44465	Cg007G275930
OG0005107	g44324	Cg007G280080
OG0005108	g46579	Cg007G281080
OG0005109	g46585	Cg007G281180
OG0005112	g7224	Cg004G129460
OG0005113	g13191, g13192	Cg004G129530
OG0005114	g13203, g12213	Cg004G129800
OG0005115	g36688	Cg006G195320
OG0005116	g7160	Cg004G130610
OG0005117	g7111	Cg004G131480
OG0005118	g7084	Cg004G131740
OG0005119	g7076, g12138	Cg004G131870
OG0005120	g7064, g13243	Cg004G132080
OG0005121	g7045	Cg004G132360
OG0005122	g7017	Cg004G132710
OG0005123	g7006	Cg004G132940
OG0005124	g12002, g6868	Cg004G135200
OG0005125	g11981	Cg004G135650
OG0005126	g13364	Cg004G136870
OG0005127	g11903	Cg004G137470
OG0005128	g6713	Cg004G137530
OG0005129	g6708	Cg004G137630
OG0005130	g13378	Cg004G138040
OG0005131	g13381	Cg004G138200
OG0005132	g11866	Cg004G138560, Cg004G138550
OG0005133	g11873	Cg004G138260
OG0005134	g13382	Cg004G138230
OG0005135	g24466	Cg001G026410
OG0005136	g6568	Cg004G140070
OG0005137	g6484	Cg004G141680
OG0005138	g6472, g13479	Cg004G141740
OG0005140	g5999	Cg004G152610
OG0005141	g5980	Cg004G155350
OG0005142	g13926, g5977	Cg004G155360
OG0005143	g13923	Cg004G155410
OG0005144	g13861, g5917	Cg004G156650
OG0005145	g36734	Cg006G194550
OG0005146	g36716	Cg004G129300
OG0005147	g54258	Cg006G197430
OG0005148	g28039	Cg006G198420
OG0005149	g54112	Cg006G200590
OG0005150	g19282	Cg002G054890
OG0005151	g19250, g11329	Cg002G054360
OG0005152	g2405	Cg002G053860
OG0005153	g11304	Cg002G052500
OG0005154	g19167, g2309	Cg002G052480
OG0005155	g2452, g19286	Cg002G054990
OG0005156	g19133, g2268	Cg002G051790
OG0005157	g19132	Cg002G051780
OG0005158	g50609, g27924, g2250	Cg002G051640
OG0005159	g19044	Cg002G050200
OG0005160	g19038	Cg002G050100
OG0005161	g19027, g2147	Cg002G049920
OG0005162	g2119	Cg002G048700
OG0005166	g1843	Cg002G045210
OG0005167	g1839	Cg002G045170
OG0005168	g24221	Cg002G045100
OG0005169	g44145	Cg004G133390
OG0005170	g17585, g47159	Cg001G024780
OG0005173	g23584, g47650	Cg001G012700
OG0005174	g43239	Cg003G081820
OG0005178	g16794	Cg002G068600, Cg001G042130
OG0005179	g10461	Cg002G070640
OG0005184	g18681, g1622	Cg005G158690
OG0005185	g40667	Cg006G193990
OG0005186	g10000	Cg008G303910
OG0005188	g10204, g4784	Cg008G308790
OG0005192	g23575, g17063	Cg001G012500
OG0005193	g47676, g23544	Cg001G011980
OG0005194	g47686	Cg001G011580
OG0005195	g17021	Cg001G011530
OG0005196	g23460	Cg001G010910
OG0005197	g6007	Cg004G154580
OG0005198	g47702	Cg001G010830
OG0005199	g16997	Cg001G010680
OG0005200	g47723	Cg001G010540, Cg007G269760, Cg007G269480
OG0005201	g23425, g47734	Cg001G010290
OG0005202	g23423	Cg001G010270, Cg001G009700
OG0005204	g23384	Cg001G009840
OG0005205	g23366	Cg001G009610
OG0005206	g23363	Cg001G009540
OG0005207	g23342	Cg001G009250
OG0005208	g49866	Cg006G232780
OG0005209	g47826	Cg001G007390
OG0005210	g23245, g47823	Cg001G007580
OG0005211	g47870, g23134	Cg001G006130
OG0005212	g23097	Cg001G005850
OG0005213	g47879	Cg001G005870
OG0005214	g23032	Cg001G005180
OG0005215	g50612	Cg006G214420
OG0005217	g47189	Cg001G024220, Cg001G024170, Cg001G024190, Cg001G024230, Cg001G024200, Cg001G024140
OG0005218	g44027	Cg007G252250
OG0005219	g36835, g40978	Cg007G249550
OG0005220	g44190, g40950	Cg007G248860
OG0005221	g10766	Cg002G075140
OG0005222	g1507, g16060	Cg002G074970
OG0005223	g10740	Cg002G074880
OG0005224	g10733	Cg002G074770
OG0005225	g10716	Cg002G074510
OG0005226	g10669	Cg002G073830
OG0005227	g16679	Cg002G073740
OG0005229	g10657	Cg002G073540
OG0005230	g10586	Cg002G072600
OG0005231	g31407, g10543	Cg006G233100
OG0005232	g10532	Cg002G071570
OG0005234	g10452	Cg002G068500
OG0005235	g10377	Cg002G070130
OG0005236	g44917	Cg007G267130
OG0005237	g40854	Cg007G247180, Cg006G233230
OG0005238	g40879	Cg007G247590
OG0005239	g47575, g17147	Cg001G014650
OG0005240	g51962, g37371	Cg005G165090
OG0005241	g13088, g7434	Cg004G126040
OG0005242	g12312	Cg004G127470
OG0005243	g7337	Cg004G127810
OG0005244	g26658	Cg003G091650
OG0005245	g28410	Cg003G100090
OG0005246	g28409	Cg003G100080
OG0005247	g47504, g17216	Cg001G016520
OG0005248	g1027	Cg003G102980
OG0005249	g18827, g1922	Cg002G046240
OG0005250	g39362	Cg003G103110
OG0005251	g1124, g28651	Cg003G105260
OG0005252	g28688	Cg003G105730
OG0005254	g45621, g29356	Cg008G293570
OG0005255	g45603, g29386	Cg008G293080
OG0005257	g5330, g29407	Cg008G292530
OG0005258	g5334	Cg008G292420
OG0005259	g5348	Cg008G292260
OG0005260	g579	Cg008G304650
OG0005260	g5399	Cg008G291260
OG0005261	g29476, g5400	Cg008G291240
OG0005262	g5437, g29537	Cg008G290310
OG0005263	g29589	Cg008G289170
OG0005264	g29593, g45498	Cg008G289090
OG0005265	g5532, g29605	Cg008G288690
OG0005266	g5561	Cg008G288070
OG0005267	g24225	Cg001G022810
OG0005268	g17493	Cg001G022700
OG0005269	g47335	Cg001G020600
OG0005270	g23961, g47421, g17296	Cg001G018610
OG0005271	g23848	Cg001G016810
OG0005272	g32721	Cg006G211010
OG0005273	g46415	Cg007G278700
OG0005274	g28151, g53837	Cg006G204930
OG0005275	g13432	Cg004G139880
OG0005276	g50435, g32294, g27639	Cg006G218900
OG0005277	g32321	Cg006G218470
OG0005278	g50457	Cg006G218380
OG0005279	g32340, g50464	Cg006G218240
OG0005280	g27656	Cg006G218220
OG0005281	g50511	Cg006G217000
OG0005282	g27687	Cg006G216910, Cg006G216920
OG0005283	g32433	Cg006G216360
OG0005284	g50530	Cg006G216160
OG0005286	g50941	Cg005G191650
OG0005287	g22821	Cg001G002560
OG0005288	g50904	Cg005G192290
OG0005290	g22690	Cg001G000960
OG0005291	g1744	Cg007G257870, Cg007G257760, Cg007G257840
OG0005292	g898	Cg003G099780
OG0005293	g37114, g13661	Cg005G171670
OG0005294	g51504, g37123	Cg005G171430
OG0005295	g44441	Cg007G276200
OG0005296	g25773	Cg003G083200
OG0005297	g17269, g17266	Cg001G017550
OG0005298	g40404	Cg003G081400
OG0005299	g36283	Cg003G079800, Cg003G094220
OG0005300	g40482	Cg008G320550
OG0005302	g10901	Cg008G324650
OG0005303	g47062	Cg001G027470
OG0005304	g6433	Cg004G142900
OG0005305	g24670, g24617, g24622, g24676	Cg001G029480
OG0005306	g46998	Cg001G029370
OG0005307	g17771	Cg001G028180
OG0005308	g16841	Cg005G160930
OG0005309	g50359	Cg001G042890
OG0005310	g41166, g52227	Cg005G160570
OG0005311	g37590, g52229	Cg005G160600
OG0005313	g38227, g37533	Cg005G161600
OG0005314	g7361, g52122	Cg005G162350
OG0005315	g37497	Cg005G162560
OG0005316	g37490	Cg005G162710
OG0005317	g52075, g38193	Cg005G163360
OG0005318	g52019	Cg005G164010
OG0005319	g52023, g37421	Cg005G163970
OG0005320	g52025	Cg005G163930
OG0005321	g52002	Cg005G164300
OG0005323	g5800	Cg008G282860
OG0005324	g5782	Cg008G283320
OG0005325	g45339, g5780	Cg008G283510
OG0005327	g5732	Cg008G284170
OG0005330	g635	Cg008G305900
OG0005331	g28944, g709	Cg008G300730
OG0005332	g28942, g712	Cg008G300760
OG0005333	g725	Cg008G301040
OG0005334	g729	Cg008G301100
OG0005335	g28916	Cg008G301240
OG0005336	g23847, g47490	Cg001G016710
OG0005337	g758, g28902	Cg008G301550
OG0005338	g28889	Cg008G301760
OG0005339	g789, g43751	Cg008G302060
OG0005340	g684, g28964	Cg008G300410
OG0005341	g28872	Cg008G302150
OG0005342	g28851	Cg003G108480
OG0005343	g28804	Cg003G107970
OG0005344	g39224, g28759	Cg003G107400
OG0005345	g39233, g28740	Cg003G107110
OG0005346	g2724	Cg003G110990
OG0005347	g36059, g36057	Cg003G111560
OG0005349	g258	Cg003G111860
OG0005350	g9775	Cg003G112150
OG0005351	g205	Cg003G112690
OG0005352	g203	Cg003G112750
OG0005353	g152	Cg003G113420
OG0005354	g9703, g145	Cg003G113590
OG0005355	g9685, g18674	Cg003G114040
OG0005356	g111	Cg003G114070
OG0005358	g31	Cg005G188180
OG0005359	g19636, g19641, g54378	Cg003G115470
OG0005361	g25337	Cg003G075960
OG0005362	g25376, g39460	Cg003G076680, Cg014G332890
OG0005363	g45265	Cg014G332330, Cg003G077290
OG0005365	g25422, g45224	Cg014G331820, Cg003G077830
OG0005366	g39635, g25502	Cg003G094740, Cg003G079260
OG0005367	g49451	Cg006G242060
OG0005368	g39786	Cg005G174450
OG0005369	g51311	Cg005G173980
OG0005370	g37907	Cg005G175060
OG0005371	g39845	Cg005G175290
OG0005372	g39853	Cg005G175400
OG0005373	g40064	Cg005G179200
OG0005374	g40109	Cg005G180930
OG0005375	g40174	Cg003G098230
OG0005376	g23236	Cg001G007450, Cg001G007460
OG0005377	g40845	Cg007G246970
OG0005378	g12667	Cg004G118170
OG0005379	g7830	Cg004G118340
OG0005381	g12554	Cg004G121260
OG0005382	g12519	Cg004G121740
OG0005383	g5252, g29341	Cg008G293840
OG0005384	g12483	Cg004G122510
OG0005385	g12468	Cg004G122910
OG0005386	g7596	Cg004G123440
OG0005387	g7574	Cg004G123760
OG0005389	g37344	Cg005G166150
OG0005390	g37325	Cg005G166630
OG0005391	g51764	Cg005G166940
OG0005392	g37308, g43581	Cg005G167180
OG0005393	g2275	Cg002G051960
OG0005394	g37295	Cg005G167470
OG0005395	g51558	Cg005G170610
OG0005397	g37216	Cg005G169050
OG0005398	g51649	Cg005G168910
OG0005399	g51684	Cg005G168490
OG0005400	g51699	Cg005G168240
OG0005401	g7588	Cg004G123600
OG0005402	g51713	Cg005G168040
OG0005403	g31623, g27329	Cg006G229980
OG0005404	g49984	Cg006G229010
OG0005405	g27414	Cg006G227400
OG0005406	g31806	Cg006G227260
OG0005407	g27421	Cg006G227120
OG0005408	g31814	Cg006G227100
OG0005409	g50064	Cg006G226910
OG0005410	g31871, g27437	Cg006G226310
OG0005411	g31898	Cg006G225900
OG0005412	g31944, g50148	Cg006G225370
OG0005413	g50204	Cg006G224390
OG0005414	g46389	Cg007G278420
OG0005415	g50235	Cg006G223730
OG0005416	g27515	Cg006G223650
OG0005417	g45950	Cg007G272230
OG0005418	g44649	Cg007G272010
OG0005419	g32117, g27570	Cg006G221530
OG0005420	g32127	Cg006G221320
OG0005421	g32131, g27581	Cg006G221150
OG0005422	g27593	Cg006G220670
OG0005423	g50396	Cg006G219680
OG0005424	g32247	Cg006G219630
OG0005425	g50397	Cg006G219610
OG0005426	g47528	Cg001G015770
OG0005427	g23759	Cg001G015240
OG0005429	g50967, g38397	Cg005G190580
OG0005430	g38505	Cg005G192500
OG0005431	g31552, g52269	Cg006G231070
OG0005432	g31358	Cg006G233700
OG0005433	g27182	Cg006G233770
OG0005434	g49753, g31280	Cg006G235130
OG0005435	g31279	Cg006G235150
OG0005436	g27101, g31234	Cg006G235950
OG0005437	g31235	Cg006G235920
OG0005438	g49697, g31210	Cg006G236360
OG0005439	g31180	Cg006G236700
OG0005440	g27071, g49636	Cg006G236740
OG0005441	g31140	Cg006G237200
OG0005442	g49611	Cg006G237840
OG0005443	g27019	Cg006G238040
OG0005444	g49551, g19212	Cg006G239530
OG0005446	g26961	Cg006G240650
OG0005447	g51489, g49345	Cg006G244420
OG0005448	g29329	Cg008G294040
OG0005449	g5179, g29302	Cg008G294790
OG0005450	g5219, g29324	Cg008G294210
OG0005451	g41470, g27881	Cg008G295010
OG0005452	g5056	Cg008G296570
OG0005453	g29184	Cg008G296820
OG0005454	g29140, g45752	Cg008G297630
OG0005455	g41500, g28990	Cg008G297880
OG0005456	g29010, g29008, g41496	Cg008G298070
OG0005457	g29043, g4038, g4919	Cg008G298740
OG0005458	g35552, g48284, g35557, g18528	Cg008G306050
OG0005459	g10137, g10127	Cg008G306880
OG0005460	g4730	Cg008G307620
OG0005461	g1634	Cg008G309370, Cg008G311220
OG0005462	g29656	Cg008G287620
OG0005463	g5608	Cg008G287030
OG0005464	g29727, g5638	Cg008G286260
OG0005465	g29746, g45416	Cg008G285990
OG0005466	g29761	Cg008G285740
OG0005467	g29773	Cg008G285590
OG0005468	g29775	Cg008G285570
OG0005469	g45403, g5685	Cg008G285300
OG0005470	g10072	Cg008G305430
OG0005471	g9875, g386	Cg003G109800
OG0005472	g385	Cg003G109810
OG0005473	g9872	Cg003G109920
OG0005474	g9858	Cg002G059560, Cg003G110250
OG0005475	g1162	Cg003G105920
OG0005476	g19340, g2522	Cg002G055910
OG0005477	g342	Cg003G110420
OG0005478	g2804	Cg002G059890
OG0005479	g2940	Cg002G061470
OG0005480	g41414	Cg008G300490
OG0005481	g41635	Cg007G267700
OG0005482	g12950	Cg004G123170
OG0005484	g45754	Cg007G268820
OG0005485	g45788	Cg007G269640
OG0005486	g45807	Cg007G269950
OG0005487	g45876	Cg007G271180
OG0005488	g44664	Cg007G271590
OG0005489	g44646, g45931	Cg007G272050
OG0005490	g46425	Cg007G278800
OG0005491	g46416	Cg007G278710
OG0005492	g46315	Cg007G277440
OG0005493	g50159, g31953	Cg006G225090
OG0005494	g46241	Cg007G276510
OG0005495	g44448, g46214	Cg007G276110
OG0005496	g46206	Cg007G276050
OG0005497	g44463, g46198	Cg007G275960
OG0005498	g44540	Cg007G274690
OG0005499	g44542	Cg007G274670
OG0005500	g46104	Cg007G274350
OG0005501	g18557	Cg008G305140
OG0005502	g46019	Cg007G273290
OG0005503	g45993	Cg007G272810
OG0005504	g46454	Cg007G279140
OG0005505	g46546	Cg007G280500
OG0005507	g46582, g44286	Cg007G281120
OG0005508	g7285	Cg004G128490
OG0005509	g7250	Cg004G129150
OG0005510	g12155	Cg004G131170
OG0005511	g13235, g7085	Cg004G131730
OG0005512	g13236	Cg004G131780
OG0005513	g7009	Cg004G132780
OG0005514	g7007	Cg004G132910
OG0005515	g7003	Cg004G132970
OG0005516	g47126, g17616	Cg001G025460
OG0005517	g13273	Cg004G133470
OG0005519	g13302	Cg004G134760
OG0005520	g6859	Cg004G135360
OG0005521	g11991	Cg004G135440
OG0005522	g11984	Cg004G135590
OG0005523	g11973	Cg004G135820
OG0005524	g13344	Cg004G136260
OG0005525	g11922	Cg004G137170
OG0005526	g6714	Cg004G137510
OG0005527	g6582, g11818	Cg004G139710
OG0005528	g23009	Cg001G004870
OG0005530	g47848	Cg001G006640
OG0005531	g13718, g14058	Cg004G152820
OG0005532	g13720, g6099	Cg004G152910
OG0005533	g6030	Cg004G154130
OG0005534	g18253	Cg001G003700, Cg004G154320
OG0005535	g5943, g13876	Cg004G156200
OG0005536	g36706, g54331	Cg006G194970
OG0005537	g54346	Cg006G195350
OG0005538	g54347, g36686	Cg006G195360
OG0005539	g54353	Cg006G195560
OG0005540	g36660, g7154	Cg006G195930
OG0005541	g36616	Cg006G196410
OG0005542	g36447, g54173	Cg006G199330
OG0005543	g36388	Cg006G200300
OG0005544	g36302	Cg006G201570
OG0005545	g54060, g54050	Cg006G201730
OG0005546	g19179	Cg002G052810
OG0005547	g2319	Cg002G052560
OG0005548	g2463	Cg002G055190
OG0005550	g2105	Cg002G048840
OG0005551	g18980	Cg002G048670
OG0005552	g18967	Cg002G048280
OG0005553	g2034	Cg002G048110
OG0005554	g1889	Cg002G045800
OG0005556	g18794	Cg002G044100
OG0005557	g18741	Cg002G043810
OG0005558	g24491	Cg001G026800
OG0005561	g51734	Cg005G167620
OG0005562	g38181	Cg005G163660
OG0005563	g18852	Cg005G159440
OG0005564	g46283	Cg007G277160
OG0005566	g49936	Cg006G230520
OG0005568	g12310, g7352, g13123	Cg004G127570
OG0005569	g11083	Cg008G319990
OG0005570	g51208	Cg005G176330
OG0005571	g50176	Cg005G182550
OG0005572	g29272, g5132	Cg008G295430
OG0005575	g10666	Cg002G073800
OG0005576	g480	Cg008G302990
OG0005577	g12769, g7829	Cg004G118430
OG0005579	g14240	Cg004G151250, Cg004G151210
OG0005581	g2985	Cg002G062000, Cg002G061990, Cg002G061960
OG0005584	g18635	Cg003G111070, Cg003G111080
OG0005592	g23501	Cg001G011380
OG0005593	g16990	Cg001G010390
OG0005594	g49677	Cg006G237550
OG0005595	g16976, g23382	Cg001G009860
OG0005596	g47758	Cg001G009740
OG0005597	g23379	Cg001G009720
OG0005598	g16968	Cg001G009580
OG0005599	g16967, g23365, g23364	Cg001G009550
OG0005600	g23341, g47778	Cg001G009230
OG0005601	g16948	Cg001G008990
OG0005602	g47805	Cg001G008190
OG0005603	g23258, g47817	Cg001G007830
OG0005604	g23213, g47829	Cg001G007330
OG0005605	g47825, g16911	Cg001G007420
OG0005606	g18166, g47849	Cg001G006670
OG0005607	g23136	Cg001G006200
OG0005608	g775	Cg008G301870
OG0005609	g37139, g38005	Cg005G171000
OG0005610	g2668, g2662, g24344, g24347, g2669, g2663	Cg001G024730
OG0005611	g41078	Cg007G253110
OG0005612	g45601, g28386	Cg008G292930
OG0005613	g40994	Cg007G249960
OG0005614	g40944	Cg007G248790
OG0005615	g10827	Cg002G075790
OG0005616	g10726	Cg002G074630
OG0005617	g10707	Cg002G074450, Cg007G259960
OG0005618	g10656	Cg002G073530
OG0005620	g47082	Cg002G073260, Cg002G073270
OG0005621	g10646	Cg002G073370
OG0005622	g1584	Cg002G072650
OG0005623	g10587	Cg002G072610
OG0005624	g1608, g10521	Cg002G071390
OG0005625	g10435	Cg002G068830
OG0005626	g10362	Cg002G068000, Cg002G068010
OG0005627	g28414	Cg002G067780
OG0005628	g44920	Cg007G267010
OG0005629	g25112	Cg001G034260
OG0005631	g40799	Cg007G246430
OG0005632	g29223	Cg008G296040
OG0005634	g40865	Cg007G247350
OG0005635	g47561, g23729	Cg001G014880
OG0005637	g51923	Cg005G165450
OG0005639	g12394	Cg004G125360
OG0005640	g7455	Cg004G125600
OG0005641	g12291, g13135	Cg004G127950
OG0005642	g1317	Cg003G098380
OG0005643	g914, g28411	Cg003G100150
OG0005644	g28399	Cg003G099830
OG0005645	g975	Cg003G102070
OG0005646	g39383, g28508	Cg003G102420
OG0005647	g28535, g1038	Cg003G103230
OG0005648	g39353	Cg003G103550
OG0005649	g1075	Cg003G103980
OG0005650	g28602	Cg003G104620
OG0005651	g1107, g28639, g28637	Cg003G104990
OG0005652	g28663	Cg003G105400
OG0005653	g1149	Cg003G105660
OG0005654	g10307	Cg008G313800, Cg009G325620
OG0005655	g29363	Cg008G293450
OG0005656	g29367	Cg008G293410
OG0005657	g29372, g5294	Cg008G293140
OG0005658	g29405	Cg008G292590
OG0005659	g5357	Cg008G292220
OG0005660	g5358	Cg008G292200
OG0005661	g29429, g5362	Cg008G292140
OG0005662	g5376	Cg008G291790
OG0005663	g5465	Cg008G289750
OG0005664	g5472	Cg008G289650
OG0005665	g45492	Cg008G288980
OG0005666	g24288	Cg001G023800
OG0005667	g17539, g24265	Cg001G023550
OG0005668	g10912, g40668	Cg008G324440
OG0005669	g24135, g47306	Cg001G021360
OG0005670	g24125, g47312	Cg001G021250
OG0005671	g24094	Cg001G020890
OG0005672	g24090	Cg001G020870
OG0005673	g24029, g17360	Cg001G019800
OG0005676	g47442, g23944	Cg001G018160
OG0005678	g27815, g27850	Cg006G210520
OG0005679	g36260	Cg006G202390
OG0005680	g50463	Cg006G218320
OG0005681	g50507	Cg006G217160
OG0005682	g32402	Cg006G216970
OG0005683	g50568	Cg006G215390
OG0005684	g18233	Cg001G004430
OG0005685	g22951	Cg001G003950
OG0005686	g18252, g22928	Cg001G003730
OG0005687	g22887	Cg001G003260
OG0005688	g36915	Cg005G191670
OG0005689	g22807	Cg001G002410
OG0005690	g48000	Cg001G002230
OG0005691	g22759	Cg001G001750
OG0005692	g22742	Cg001G001630
OG0005693	g22710	Cg001G001300
OG0005694	g22709	Cg001G001280
OG0005695	g46912	Cg001G038040, Cg001G038060
OG0005696	g50625	Cg006G214100
OG0005697	g51507	Cg005G171370
OG0005698	g37980, g18606	Cg005G172250
OG0005699	g11124, g37061	Cg008G318810
OG0005700	g29371	Cg008G293130
OG0005703	g40402	Cg003G081460
OG0005704	g40415, g25654	Cg003G081080
OG0005705	g16724	Cg008G322600
OG0005706	g16723	Cg008G322580
OG0005707	g40599	Cg008G323290
OG0005709	g40640	Cg008G324140
OG0005710	g10858	Cg008G325150
OG0005711	g10857, g40710	Cg008G325160
OG0005712	g40720	Cg008G325280
OG0005713	g10847	Cg008G325250
OG0005714	g13567	Cg001G033890
OG0005715	g26156, g46993	Cg001G029440
OG0005716	g24501, g47068	Cg001G027100, Cg001G027090
OG0005717	g6660, g11860	Cg004G138640
OG0005718	g37750	Cg005G157910
OG0005719	g37731	Cg005G158170
OG0005720	g50819	Cg005G158410
OG0005721	g38253, g50798	Cg005G158910
OG0005722	g37676	Cg002G044810
OG0005724	g11163	Cg002G045040
OG0005725	g52270	Cg005G160070
OG0005726	g1883	Cg002G045680
OG0005727	g52253	Cg005G160310
OG0005728	g37571, g52218	Cg005G160850
OG0005729	g18833, g1923	Cg002G046270
OG0005730	g52190, g38235	Cg005G161160
OG0005732	g38228	Cg005G161530
OG0005733	g37503, g52119	Cg005G162390
OG0005734	g37498	Cg005G162550
OG0005735	g52054	Cg005G163530
OG0005736	g37392	Cg005G164450
OG0005737	g45307	Cg008G282880
OG0005738	g29859	Cg008G283060
OG0005739	g636	Cg008G305910
OG0005740	g637	Cg008G305920
OG0005741	g642	Cg008G300050
OG0005742	g28973, g665	Cg008G300260
OG0005744	g735	Cg008G301160
OG0005745	g41389, g737	Cg008G301230
OG0005746	g783	Cg008G301980
OG0005747	g799	Cg008G302250
OG0005748	g41355	Cg008G302310
OG0005749	g841	Cg003G108330
OG0005750	g28815	Cg003G108070
OG0005751	g1231	Cg003G106530
OG0005752	g269	Cg003G111680
OG0005753	g9797, g265	Cg003G111730
OG0005754	g9754	Cg003G112540, Cg003G112530
OG0005755	g18646, g211	Cg003G112630
OG0005756	g168	Cg003G112990
OG0005757	g19648, g9639	Cg003G115110
OG0005758	g19645	Cg003G115240
OG0005759	g25372	Cg003G076630, Cg014G332940
OG0005760	g45272, g25362	Cg014G333230, Cg003G076360
OG0005761	g39485	Cg003G076830, Cg014G332770
OG0005762	g39479, g25392	Cg003G076880, Cg014G332720
OG0005763	g25417, g25420, g39509	Cg003G077880
OG0005764	g39606	Cg003G078820, Cg014G330710
OG0005765	g39638	Cg003G094630, Cg003G079380
OG0005766	g39646, g45189	Cg003G094470, Cg003G079540
OG0005767	g39671, g3045, g3038, g11057	Cg008G320530
OG0005768	g11059	Cg008G320470
OG0005769	g26909	Cg006G242560
OG0005770	g39686	Cg008G320220
OG0005771	g39739	Cg005G173160
OG0005772	g39740, g51360	Cg005G173170
OG0005773	g39773	Cg005G173970
OG0005774	g51281	Cg005G174670
OG0005775	g39935	Cg005G176680
OG0005776	g51185	Cg005G176880
OG0005777	g51109	Cg005G178200
OG0005779	g40070, g37817, g53389	Cg005G179310
OG0005781	g40126	Cg005G181700
OG0005782	g18148, g23194	Cg001G007080
OG0005784	g5224	Cg008G294140
OG0005785	g7915	Cg004G117020
OG0005786	g12688	Cg004G117420
OG0005787	g12686	Cg004G117490
OG0005788	g12684, g7876	Cg004G117540
OG0005789	g7827	Cg004G118520
OG0005790	g4842, g12904	Cg004G121710
OG0005791	g7637, g12929	Cg004G122620
OG0005792	g12942	Cg004G122790
OG0005793	g12474	Cg004G122850
OG0005794	g12944	Cg004G122920
OG0005795	g7580	Cg004G123680
OG0005796	g44177	Cg007G249080
OG0005797	g7566	Cg004G123920
OG0005798	g7547, g12419	Cg004G124250
OG0005799	g51885, g38142	Cg005G165660
OG0005800	g51867	Cg005G165980
OG0005801	g51644	Cg005G169000
OG0005802	g51776	Cg005G166800
OG0005803	g51611	Cg005G169670
OG0005804	g19192	Cg002G053010
OG0005805	g37210	Cg005G169120
OG0005806	g51659	Cg005G168850
OG0005807	g37229	Cg005G168770
OG0005808	g51711	Cg005G168080
OG0005809	g51733, g37290	Cg005G167640
OG0005810	g51726, g37285	Cg005G167750
OG0005811	g37277	Cg005G167830
OG0005812	g31594	Cg006G230500
OG0005814	g31649	Cg006G229540
OG0005815	g27349	Cg006G229320
OG0005816	g31665	Cg006G229190
OG0005817	g31686	Cg006G228840
OG0005818	g44578	Cg007G273540
OG0005819	g41587	Cg006G228190
OG0005820	g50094, g31866	Cg006G226380
OG0005821	g50140, g31921	Cg006G225550
OG0005822	g50145	Cg006G225400
OG0005823	g32012	Cg006G224170
OG0005824	g50246	Cg006G223470
OG0005825	g32099	Cg006G222390
OG0005826	g32090	Cg006G222050
OG0005827	g50313	Cg006G221890
OG0005828	g5214, g29322	Cg008G294240
OG0005829	g50418, g40518	Cg006G219040
OG0005830	g32283, g50414	Cg006G219150
OG0005832	g38321	Cg005G187380, Cg005G187370
OG0005833	g23808	Cg001G015870
OG0005834	g23804	Cg001G015780
OG0005835	g47537	Cg001G015490
OG0005836	g50971	Cg005G190540
OG0005837	g50966	Cg008G303480
OG0005838	g49930, g31572	Cg006G230790
OG0005839	g49918	Cg006G231160
OG0005840	g27252	Cg006G232020
OG0005841	g31452	Cg006G232560
OG0005842	g27198, g31409	Cg006G233080
OG0005843	g49845, g31399	Cg006G233260
OG0005844	g27190	Cg006G233390
OG0005845	g49815	Cg006G233620
OG0005846	g27186	Cg006G233720
OG0005847	g49786, g31340	Cg006G234000
OG0005848	g31326	Cg006G234280
OG0005849	g31309	Cg006G234640
OG0005850	g31308, g27149	Cg006G234650
OG0005852	g27121, g31255	Cg006G235540, Cg007G251030
OG0005853	g49718	Cg006G236010
OG0005854	g31191	Cg006G236450
OG0005855	g31179	Cg006G236760
OG0005856	g27034, g31131, g49663	Cg006G237380
OG0005857	g31116	Cg006G237660
OG0005858	g27018	Cg006G238110
OG0005859	g27013, g49589	Cg006G238340
OG0005860	g31070, g49568	Cg006G238570
OG0005861	g31043	Cg006G239130
OG0005862	g26945	Cg006G241700
OG0005863	g30885	Cg006G241720
OG0005864	g30883	Cg006G241760
OG0005865	g30807	Cg006G243310
OG0005866	g49367	Cg006G243940
OG0005867	g49355	Cg006G244230
OG0005868	g49306, g49308	Cg006G244940
OG0005869	g5182	Cg008G294730
OG0005870	g29312	Cg008G294550
OG0005871	g29320, g5212, g5210	Cg008G294290
OG0005872	g5134, g45685	Cg008G295390
OG0005873	g5098	Cg008G295910
OG0005874	g25077	Cg008G296270
OG0005875	g28987, g4989	Cg008G297810
OG0005876	g4917	Cg008G298820
OG0005877	g4884	Cg008G299570
OG0005879	g4755	Cg008G307920
OG0005880	g10188, g4666	Cg008G308150
OG0005881	g10194	Cg008G308410
OG0005882	g10218	Cg008G310760, Cg008G309100
OG0005883	g10238, g1637	Cg008G309670, Cg008G311500
OG0005884	g5249	Cg008G293870
OG0005885	g29729	Cg008G286250
OG0005886	g10085, g617	Cg008G305520
OG0005887	g10028, g569	Cg008G304540
OG0005888	g18580, g36086	Cg008G303570
OG0005889	g442	Cg003G108690
OG0005890	g9900	Cg003G109160
OG0005891	g9869, g372	Cg003G109990
OG0005892	g19514, g2774	Cg002G059650
OG0005893	g9842	Cg003G110560
OG0005894	g1213	Cg003G106300
OG0005895	g1209	Cg003G106250
OG0005896	g1201, g28720	Cg003G106170
OG0005897	g1195	Cg003G106110
OG0005898	g28727, g39279	Cg003G106000
OG0005900	g28692	Cg003G105810
OG0005901	g2471	Cg002G055380
OG0005902	g2572	Cg002G056420
OG0005903	g19414	Cg002G057680
OG0005904	g2768, g19487	Cg002G058900
OG0005907	g44789	Cg007G269140
OG0005908	g18016	Cg007G270300
OG0005909	g45929	Cg007G272020
OG0005910	g44623	Cg007G272350
OG0005911	g46405	Cg007G278660
OG0005912	g46349	Cg007G277990
OG0005913	g46273	Cg007G277080
OG0005914	g46258, g44408	Cg007G276830
OG0005915	g44473, g46191	Cg007G275730
OG0005916	g44485	Cg007G275480
OG0005917	g46153	Cg007G275120
OG0005918	g31687	Cg006G228760
OG0005919	g46467, g44355	Cg007G279300
OG0005920	g44353	Cg007G279370
OG0005921	g46553	Cg007G280580
OG0005922	g44279	Cg007G281270
OG0005923	g31595	Cg006G230490
OG0005924	g7272	Cg004G128640
OG0005925	g7256, g12248	Cg004G129030
OG0005926	g7206, g13204	Cg004G129820
OG0005927	g7148	Cg004G130740
OG0005928	g13224	Cg004G130880
OG0005929	g36600	Cg006G196640
OG0005930	g36581	Cg006G197150
OG0005931	g12042	Cg004G134130
OG0005932	g6879	Cg004G135060
OG0005933	g46658	Cg007G249120
OG0005934	g6783	Cg004G136400
OG0005935	g6768	Cg004G136710
OG0005936	g6746	Cg004G137160
OG0005937	g11881, g6689	Cg004G138030
OG0005938	g6587	Cg004G139610
OG0005939	g6586	Cg004G139620
OG0005940	g6575, g13430	Cg004G139810
OG0005941	g6515	Cg004G141160
OG0005942	g6504	Cg004G141440
OG0005943	g6499	Cg004G141470
OG0005944	g6447, g13514	Cg004G142600
OG0005946	g17887	Cg001G032230
OG0005947	g13682	Cg004G149300
OG0005948	g14086	Cg004G152590
OG0005949	g6069, g6029	Cg004G154170
OG0005950	g6016	Cg004G154460
OG0005951	g33351, g33353	Cg004G155720
OG0005952	g13904	Cg004G155920
OG0005953	g13870, g5937	Cg004G156350
OG0005954	g5918	Cg004G156620
OG0005955	g36739	Cg006G194410
OG0005956	g36725	Cg006G194670
OG0005957	g29460	Cg006G196160
OG0005958	g36596, g54280	Cg001G022860, Cg006G196750
OG0005959	g28010	Cg006G197100
OG0005960	g36357, g28097	Cg006G201080
OG0005961	g23338, g23339, g54099	Cg006G200870
OG0005962	g54040, g42114	Cg006G201790
OG0005963	g17622	Cg001G025570
OG0005964	g19257	Cg002G054400
OG0005965	g2453	Cg002G055000
OG0005966	g11287	Cg002G051840
OG0005967	g19050	Cg002G050320
OG0005968	g19036, g3762, g2160	Cg002G050060
OG0005969	g2065	Cg002G049340
OG0005970	g2072	Cg002G049230
OG0005971	g2111	Cg002G048810
OG0005972	g18985	Cg002G048800
OG0005973	g18907, g2006	Cg002G047340
OG0005974	g1869	Cg002G045420
OG0005976	g1838	Cg002G045160
OG0005977	g18693, g18694	Cg002G043310
OG0005978	g18708	Cg002G043200
OG0005979	g54190	Cg006G198510
OG0005981	g2475	Cg002G055430
OG0005982	g18864	Cg002G046520
OG0005983	g40621	Cg008G323740
OG0005985	g939	Cg004G152310, Cg006G203710, Cg006G203770
OG0005987	g23588	Cg001G012720
OG0005988	g18152	Cg001G006980
OG0005989	g49715	Cg006G236040
OG0005992	g44846	Cg007G268450
OG0005995	g13828	Cg004G157110, Cg004G157100
OG0005996	g12158, g7133	Cg004G131090
OG0005997	g7370	Cg004G127380
OG0005999	g40031	Cg005G178790
OG0006001	g46661	Cg001G041410
OG0006007	g47168	Cg001G024630
OG0006016	g47685	Cg001G011620
OG0006017	g13922, g5971	Cg004G155440
OG0006018	g23407	Cg001G010090
OG0006019	g36893	Cg005G190910
OG0006020	g47754	Cg001G009780
OG0006021	g49615	Cg006G237790
OG0006022	g47767	Cg001G009390
OG0006023	g47773, g23344	Cg001G009310
OG0006024	g36891	Cg005G189740
OG0006025	g32450	Cg006G216210
OG0006026	g23169	Cg001G006790
OG0006027	g47844, g23165	Cg001G006720
OG0006028	g23164	Cg001G006710
OG0006029	g36064	Cg004G150400, Cg004G149380
OG0006030	g23065	Cg001G005550
OG0006031	g23045	Cg001G005450
OG0006032	g23042	Cg001G005400
OG0006033	g18226	Cg003G108310
OG0006034	g50591	Cg006G214930
OG0006035	g32598, g50632	Cg006G213850
OG0006036	g50653	Cg006G205920, Cg006G205900, Cg006G205980, Cg006G205970, Cg006G213370
OG0006037	g32635	Cg006G213110
OG0006037	g13331	Cg004G135730
OG0006038	g24304	Cg001G024020
OG0006039	g24350	Cg001G024750
OG0006040	g43903	Cg007G255800, Cg007G255810
OG0006041	g41072	Cg007G252410
OG0006042	g41028	Cg001G023900, Cg003G086200
OG0006043	g44124	Cg007G250590
OG0006044	g27128, g31276	Cg006G235190
OG0006045	g10823	Cg002G075740
OG0006047	g10800	Cg002G075440
OG0006049	g10736	Cg002G074800
OG0006050	g45925	Cg007G271910
OG0006051	g10701	Cg002G074390
OG0006052	g10667	Cg002G073810
OG0006053	g10649	Cg002G073420
OG0006054	g31421, g49859	Cg006G232930
OG0006055	g1580, g10600	Cg002G072800
OG0006056	g10562	Cg002G072090
OG0006057	g10522	Cg002G071420
OG0006059	g10494, g1617	Cg002G071040
OG0006060	g1618	Cg002G070990
OG0006061	g10443	Cg002G068670
OG0006062	g10440	Cg002G068700
OG0006063	g10418	Cg002G069040, Cg001G030820
OG0006064	g10405	Cg002G069390
OG0006066	g10376	Cg002G070150
OG0006067	g10325	Cg002G065480
OG0006068	g18048, g18047	Cg007G266330, Cg007G266320
OG0006069	g45041	Cg007G264840
OG0006071	g40759	Cg007G245780
OG0006072	g40761	Cg007G245800
OG0006073	g40785	Cg007G246610
OG0006074	g44254	Cg007G246880
OG0006075	g40866	Cg007G247360
OG0006076	g38157	Cg005G164720
OG0006077	g51974	Cg005G164900
OG0006078	g13039, g7501	Cg004G124980
OG0006079	g13084	Cg004G126000
OG0006080	g12343, g7403	Cg004G126680
OG0006081	g29683	Cg008G287200
OG0006082	g12281, g7308	Cg004G128200
OG0006083	g15812, g15912, g16207, g15852, g15899, g27890, g33101, g33068, g14570, g34933, g30761, g14655, g24992, g3656, g4180, g53234, g14661, g26417, g15826, g15853, g15813, g15877, g15923, g15864, g15913, g15814, g15827, g15901, g15854	Cg011G328830
OG0006084	g1396	Cg003G090380, Cg003G095870
OG0006085	g28319	Cg003G097630
OG0006086	g28349	Cg003G098260
OG0006087	g17160	Cg001G015180
OG0006088	g28396	Cg003G099760
OG0006089	g23594	Cg001G012800
OG0006090	g28431	Cg003G100490
OG0006091	g10825	Cg002G075760
OG0006092	g35314, g35038, g28438	Cg003G100710
OG0006093	g949	Cg003G101510
OG0006094	g28485	Cg003G101770
OG0006095	g966	Cg003G101890
OG0006096	g39402	Cg003G101960
OG0006097	g994	Cg003G102350
OG0006098	g28526	Cg003G103020
OG0006099	g28566	Cg003G104260
OG0006100	g1111, g28646	Cg003G105120
OG0006101	g28649, g1117	Cg003G105200
OG0006102	g31600	Cg006G230410
OG0006104	g31478	Cg006G232180
OG0006105	g28678	Cg003G105580
OG0006106	g5304, g29395	Cg008G292910
OG0006107	g45594, g45595	Cg008G292820
OG0006108	g45569	Cg008G291940
OG0006109	g29503, g5419	Cg008G290740
OG0006110	g29516, g29518	Cg008G290540
OG0006111	g5453, g45517	Cg008G289940
OG0006112	g5480, g45505	Cg008G289540
OG0006113	g5504	Cg008G289220
OG0006114	g29599	Cg008G288960
OG0006115	g5517	Cg008G288920
OG0006116	g45486, g29613	Cg008G288520
OG0006117	g9876	Cg003G109780
OG0006118	g24270	Cg001G023680
OG0006119	g24250	Cg001G023390
OG0006120	g47244	Cg001G023020
OG0006121	g47247	Cg001G022950
OG0006122	g47264, g24188	Cg001G022460
OG0006123	g47266	Cg001G022410
OG0006124	g17470	Cg001G022210
OG0006125	g17410	Cg001G021190
OG0006126	g40149	Cg005G182440
OG0006127	g17385	Cg001G020460
OG0006128	g24034	Cg001G019880
OG0006129	g24018, g47371	Cg001G019690
OG0006130	g47387, g24001	Cg001G019380
OG0006131	g17312	Cg001G019010
OG0006132	g23946, g47435	Cg001G018230
OG0006133	g17278, g35309, g34354, g35032	Cg001G018120
OG0006134	g23889	Cg001G017460
OG0006135	g23881	Cg001G017250
OG0006136	g47474, g23871	Cg001G017090
OG0006137	g23852	Cg001G016880
OG0006138	g40334	Cg003G083220
OG0006139	g27807	Cg006G210970
OG0006140	g36168	Cg006G204100
OG0006141	g28176	Cg006G205360
OG0006142	g47488	Cg001G016750
OG0006143	g52145	Cg005G161830
OG0006144	g32300, g32301, g32297, g50438	Cg006G218840
OG0006145	g27646	Cg006G218650
OG0006146	g28134, g36200	Cg006G203440, Cg006G203430
OG0006147	g50466, g32345	Cg006G218200
OG0006148	g50468	Cg006G218180
OG0006149	g32387	Cg006G217570
OG0006150	g32393	Cg006G217450
OG0006151	g32398	Cg006G217420
OG0006152	g50506	Cg006G217200, Cg006G217170
OG0006153	g32435	Cg006G216350
OG0006154	g32448	Cg006G216260
OG0006156	g50537	Cg006G216010
OG0006157	g22975	Cg001G004420
OG0006158	g22907	Cg001G003450
OG0006159	g22873	Cg001G003110
OG0006160	g18281	Cg007G274870, Cg007G274880, Cg001G002800
OG0006161	g22765	Cg001G001830
OG0006162	g22701	Cg001G001150
OG0006163	g18342	Cg001G000490
OG0006165	g46739	Cg001G038220
OG0006166	g46732	Cg001G038440
OG0006167	g7709, g12856	Cg004G121100
OG0006168	g27748	Cg006G214960
OG0006169	g50604, g50607	Cg006G214520
OG0006170	g37148	Cg005G170440
OG0006171	g40267	Cg003G085150, Cg003G085160
OG0006172	g40216	Cg003G087110
OG0006173	g51410	Cg005G172580
OG0006174	g51397	Cg005G172780
OG0006176	g40277	Cg003G084460
OG0006177	g40305	Cg003G083890
OG0006179	g25699, g25710, g40375	Cg003G082220
OG0006180	g40381, g25170, g40167, g40164	Cg003G081920
OG0006181	g25679	Cg003G081870
OG0006182	g40398	Cg003G081570
OG0006183	g40418	Cg003G080970
OG0006184	g45154, g25591	Cg003G080620
OG0006185	g45174	Cg003G080440, Cg003G093480
OG0006186	g43697, g40462	Cg003G093930, Cg003G080060
OG0006187	g11007	Cg004G156400
OG0006188	g40554	Cg008G322420
OG0006189	g40609	Cg008G323590
OG0006190	g40610	Cg008G323600
OG0006191	g40633	Cg008G323860, Cg008G323830
OG0006192	g40730, g10830	Cg008G325390
OG0006193	g27130	Cg004G146570
OG0006194	g30983	Cg006G239990
OG0006195	g24839	Cg001G031060
OG0006196	g24697	Cg001G029650
OG0006197	g47013	Cg001G028830, Cg001G028820
OG0006198	g24532	Cg001G027820
OG0006199	g35962	Cg001G027630
OG0006199	g41859, g42722, g1828, g24530	Cg001G027640
OG0006200	g24480	Cg001G026630
OG0006201	g5208, g15976, g47111	Cg001G025780
OG0006202	g44967, g18118	Cg001G042190
OG0006203	g16780, g16782, g16775	Cg001G042340
OG0006204	g37702	Cg005G158750
OG0006205	g37697	Cg005G158890
OG0006206	g37696	Cg005G158920
OG0006207	g37675	Cg005G159100
OG0006208	g50785, g37672	Cg005G159170
OG0006209	g1823	Cg002G045000
OG0006210	g38247	Cg005G159550
OG0006211	g37609	Cg005G160390
OG0006212	g37604	Cg005G160470
OG0006213	g38241, g37580	Cg005G160740
OG0006214	g37573, g52219	Cg005G160840
OG0006215	g52192	Cg005G161070
OG0006216	g52131	Cg005G162000
OG0006217	g37517, g52127, g38220	Cg005G162090
OG0006218	g52114	Cg008G312100, Cg005G162530
OG0006219	g52063, g52070	Cg005G163390
OG0006220	g2116	Cg002G048740
OG0006221	g2086	Cg002G048990
OG0006222	g51998	Cg005G164430
OG0006223	g5827	Cg008G282480
OG0006226	g5245, g29337	Cg008G293910
OG0006227	g5722	Cg008G284310
OG0006228	g29804	Cg008G284800
OG0006229	g667	Cg008G300280
OG0006230	g41400	Cg008G300970
OG0006231	g41394	Cg008G301090
OG0006232	g41366, g28891	Cg008G301720
OG0006233	g41363, g28887	Cg008G301830
OG0006234	g41362	Cg008G301880
OG0006235	g28827	Cg003G108260
OG0006236	g858	Cg003G107850, Cg003G107940
OG0006237	g19548	Cg002G060710
OG0006238	g28706	Cg003G106750
OG0006239	g39260	Cg003G106490
OG0006240	g317	Cg003G110960
OG0006241	g18641	Cg003G111310
OG0006242	g289	Cg003G111340
OG0006243	g9794	Cg003G111800
OG0006244	g13705, g14213	Cg004G151940
OG0006246	g210	Cg003G112640
OG0006247	g158	Cg003G113320
OG0006248	g150, g9712	Cg003G113470
OG0006249	g9706	Cg003G113550
OG0006250	g9702	Cg003G113650
OG0006251	g9634	Cg003G115220
OG0006253	g45278	Cg003G076130
OG0006254	g39486	Cg014G332790, Cg003G076810
OG0006255	g39506	Cg003G077940, Cg014G331720
OG0006256	g25439, g39527	Cg014G332100, Cg003G077520
OG0006257	g25465	Cg014G331280, Cg003G078350, Cg014G331260, Cg003G078360
OG0006258	g25476	Cg014G330910, Cg003G078640
OG0006259	g39594, g45245	Cg014G330890, Cg003G078660
OG0006260	g39596	Cg014G330870, Cg003G078680
OG0006261	g11086, g39696	Cg008G319900
OG0006262	g51359	Cg005G173190
OG0006263	g51331, g39754	Cg005G173550
OG0006264	g39762	Cg005G173700
OG0006265	g39796	Cg005G174290
OG0006266	g51270	Cg005G174830
OG0006267	g37914	Cg005G174950
OG0006268	g39861	Cg005G175500
OG0006270	g51205	Cg005G176370
OG0006271	g39966	Cg005G177270
OG0006272	g51178	Cg005G177280
OG0006273	g39970	Cg005G177390
OG0006274	g51173, g39971	Cg005G177400
OG0006275	g40033, g37841	Cg005G178830
OG0006276	g40087	Cg005G179680
OG0006277	g17088, g23637	Cg001G013310
OG0006278	g12963	Cg004G116640
OG0006279	g45281	Cg008G281890
OG0006281	g5865	Cg008G282020
OG0006282	g23691	Cg001G014170
OG0006283	g7920	Cg004G116950
OG0006284	g12695	Cg004G117090
OG0006285	g5085	Cg008G296060
OG0006286	g12772	Cg004G118550
OG0006288	g12789	Cg004G119440
OG0006289	g12803, g7806	Cg004G119560
OG0006290	g7780	Cg004G119940
OG0006291	g7704	Cg004G121160
OG0006293	g12457	Cg004G123140
OG0006294	g12960	Cg004G123330
OG0006295	g51903	Cg005G165620
OG0006296	g51902	Cg005G165630
OG0006297	g38132	Cg005G166490
OG0006298	g51784, g37322	Cg005G166690
OG0006299	g51753	Cg005G167150
OG0006300	g38108, g37292	Cg005G167540
OG0006301	g51554	Cg005G170650
OG0006302	g38033	Cg005G170230
OG0006303	g51589	Cg005G170040
OG0006304	g19184	Cg002G052870
OG0006305	g38073, g37220	Cg005G168960
OG0006306	g51665	Cg005G168720
OG0006307	g51718	Cg005G167960
OG0006308	g27325, g31619	Cg006G230080
OG0006309	g27337, g31639	Cg006G229770
OG0006310	g31656	Cg006G229400
OG0006311	g49975	Cg006G229390
OG0006312	g31667	Cg006G229170
OG0006314	g49990	Cg006G228870
OG0006315	g31722	Cg006G228280
OG0006316	g31763	Cg006G227770
OG0006318	g31821	Cg006G226870
OG0006319	g31914	Cg006G225700
OG0006320	g50134	Cg006G225600
OG0006321	g44406	Cg007G276970
OG0006322	g50150	Cg006G225260
OG0006323	g50154	Cg006G225180
OG0006324	g50201	Cg006G224430
OG0006325	g50255	Cg006G223120
OG0006327	g50364	Cg006G220830
OG0006328	g41654	Cg007G267500
OG0006329	g50402, g32263	Cg006G219350
OG0006330	g27636	Cg006G219050
OG0006331	g50417	Cg006G219070
OG0006332	g32285	Cg006G219130
OG0006333	g17221, g23845, g47494	Cg001G016670
OG0006334	g47495	Cg001G016660
OG0006335	g47514	Cg001G016220
OG0006336	g17190	Cg001G015970
OG0006337	g47535	Cg001G015540
OG0006339	g38495, g50895	Cg005G192430
OG0006340	g38535	Cg005G193540
OG0006342	g31556	Cg006G231020
OG0006343	g49921, g31555	Cg006G231040
OG0006344	g27268	Cg006G231500
OG0006345	g44517	Cg007G274970
OG0006346	g49837, g49832, g49827	Cg006G233350
OG0006347	g31387	Cg006G233430
OG0006348	g10286	Cg008G312740, Cg008G312700
OG0006349	g49771	Cg006G234680
OG0006350	g31102	Cg006G238010
OG0006351	g27097	Cg006G236130
OG0006352	g27104	Cg006G235850
OG0006353	g27057	Cg006G237130
OG0006354	g31115, g49690	Cg006G237670
OG0006355	g49596, g27969	Cg006G238220
OG0006357	g31037	Cg006G239240
OG0006358	g31028, g49555	Cg006G239390
OG0006359	g19319	Cg002G055570
OG0006360	g26972, g49540	Cg006G239940
OG0006361	g26968, g30981	Cg006G240050
OG0006362	g49485	Cg006G241260
OG0006363	g30848, g49443	Cg006G242400
OG0006364	g30816, g49413	Cg006G243070
OG0006365	g30818	Cg006G243050
OG0006367	g26882	Cg006G244080
OG0006368	g29319	Cg008G294330
OG0006369	g45680	Cg008G295350
OG0006370	g5119	Cg008G295640
OG0006371	g45687	Cg008G295460
OG0006372	g45726	Cg008G296600
OG0006373	g5018	Cg008G297080
OG0006374	g28989	Cg008G297850
OG0006375	g41643	Cg007G267610
OG0006376	g4982, g28995	Cg008G297980
OG0006377	g29014, g4957	Cg008G298120
OG0006378	g29060	Cg008G298930
OG0006379	g10272	Cg008G312300
OG0006381	g29663, g45458	Cg008G287510
OG0006382	g45447	Cg008G286960
OG0006383	g5613	Cg008G286920
OG0006384	g29701, g5614	Cg008G286790
OG0006385	g25349	Cg003G076160
OG0006386	g10069, g603	Cg008G305280
OG0006387	g10059	Cg008G305050
OG0006388	g2271	Cg004G152170, Cg002G051830
OG0006389	g544	Cg008G304180
OG0006392	g507	Cg008G303520
OG0006393	g506	Cg008G303460
OG0006394	g439, g9926	Cg003G108750
OG0006395	g9890, g409	Cg003G109350
OG0006396	g9879	Cg003G109730
OG0006398	g9868, g369	Cg003G110040
OG0006399	g9861	Cg003G110150
OG0006400	g346	Cg003G110370
OG0006401	g9841	Cg003G110570
OG0006402	g9840	Cg003G110580
OG0006403	g28717	Cg003G106320
OG0006404	g1171	Cg003G105970
OG0006406	g2506	Cg002G055750
OG0006407	g19335, g2509	Cg002G055800
OG0006408	g19386	Cg002G057050
OG0006409	g2690, g19434	Cg002G058200
OG0006410	g19494	Cg002G059070
OG0006411	g2971	Cg002G061910
OG0006412	g41554	Cg007G268570
OG0006413	g3014	Cg002G062420
OG0006415	g32252	Cg006G219540
OG0006416	g18036	Cg007G267790
OG0006417	g44790	Cg007G269120
OG0006418	g44776	Cg007G269420
OG0006419	g45808	Cg007G269960
OG0006420	g44726	Cg007G270180
OG0006421	g45826	Cg007G270360
OG0006422	g31554	Cg006G231050
OG0006423	g44652	Cg007G271960
OG0006424	g45977	Cg007G272320
OG0006425	g45972, g44620	Cg007G272410
OG0006426	g5406	Cg008G291070
OG0006427	g45960	Cg007G272650
OG0006428	g46424	Cg007G278790
OG0006429	g46386	Cg007G278390
OG0006430	g13612, g27509	Cg007G278340
OG0006431	g44365	Cg007G277850, Cg006G227640
OG0006432	g44447	Cg007G276140
OG0006433	g46195	Cg007G275890
OG0006434	g44499	Cg007G275300
OG0006435	g44558	Cg007G274160
OG0006436	g46051	Cg007G273650
OG0006437	g46005	Cg007G273030
OG0006438	g46497	Cg007G279710
OG0006439	g46506	Cg007G279870
OG0006440	g46517	Cg007G280040
OG0006441	g46569	Cg007G280800
OG0006442	g13148, g7277	Cg004G128580
OG0006443	g12200	Cg004G130230
OG0006444	g54284, g36620	Cg006G196370
OG0006445	g7081	Cg004G131790
OG0006446	g7067	Cg004G131970
OG0006447	g1451, g12107, g7054	Cg004G132230
OG0006448	g12096, g7038	Cg004G132560
OG0006449	g12057, g6975	Cg004G133550
OG0006450	g2640, g36001, g19415	Cg008G320190, Cg002G057710
OG0006451	g13283, g6945	Cg001G003210, Cg004G133950
OG0006452	g6941	Cg004G134010
OG0006453	g12043, g6937	Cg004G134060
OG0006454	g12041	Cg004G134140
OG0006455	g12034, g12033	Cg004G134290
OG0006456	g6916, g13294	Cg004G134390
OG0006457	g6915	Cg004G134410
OG0006458	g12030, g6914	Cg004G134470
OG0006459	g6910	Cg004G134560
OG0006460	g17688	Cg001G026660
OG0006461	g12016	Cg004G134790
OG0006462	g13307, g916	Cg004G135090
OG0006463	g6856	Cg006G200370, Cg004G135480
OG0006464	g6853	Cg004G135510
OG0006465	g6793	Cg004G136270
OG0006466	g11941, g6755	Cg004G136830
OG0006467	g11918	Cg004G137210
OG0006468	g6707	Cg004G138750, Cg004G137640
OG0006469	g13372	Cg004G137760
OG0006470	g11885	Cg004G137860
OG0006471	g13393	Cg004G138600
OG0006472	g13413	Cg004G139500
OG0006474	g6569	Cg004G140000
OG0006475	g6564	Cg004G140110
OG0006476	g6545	Cg004G140610
OG0006477	g6543	Cg004G140670
OG0006478	g11755	Cg004G141040
OG0006479	g13486	Cg004G141840
OG0006480	g13547, g11653	Cg004G144020
OG0006481	g13695	Cg004G150120, Cg004G151060
OG0006482	g6110, g14042	Cg004G153170
OG0006483	g14013	Cg004G153660
OG0006484	g6043	Cg004G153940, Cg004G149240
OG0006485	g13949	Cg004G154830
OG0006486	g13959	Cg004G154590
OG0006487	g13973, g6019, g36032	Cg004G154430
OG0006488	g5959, g13913	Cg004G155760
OG0006489	g5955	Cg004G155820
OG0006491	g5900	Cg004G156950
OG0006492	g54306	Cg006G194560
OG0006494	g36710	Cg006G194890
OG0006495	g27992	Cg006G195280
OG0006497	g54349	Cg006G195390
OG0006498	g36630, g54292	Cg006G196250
OG0006499	g36621	Cg006G196350
OG0006500	g36548	Cg006G197560
OG0006502	g36492	Cg006G198440
OG0006503	g36496	Cg006G198340
OG0006504	g36443	Cg006G199370
OG0006505	g36412	Cg006G199780
OG0006506	g28074	Cg006G199960
OG0006507	g28109	Cg006G201830, Cg006G201840
OG0006508	g24392	Cg001G025120
OG0006509	g51458	Cg005G171990
OG0006510	g37096	Cg005G172010
OG0006511	g51454	Cg005G172060
OG0006512	g37093	Cg005G172070
OG0006513	g2429	Cg002G054700
OG0006514	g2425, g19277	Cg002G054660
OG0006515	g2265	Cg002G051750
OG0006516	g2199, g19085	Cg002G051020
OG0006517	g2196	Cg002G051010
OG0006518	g2182	Cg002G050450
OG0006519	g2151, g19029	Cg002G049940
OG0006520	g19019	Cg002G049690
OG0006521	g2085	Cg002G049000
OG0006522	g18932	Cg002G047620
OG0006523	g18856	Cg002G046460
OG0006524	g1898	Cg002G045930
OG0006525	g1881	Cg002G045660
OG0006526	g1819	Cg002G044960
OG0006528	g18750	Cg002G043720
OG0006529	g18772	Cg002G043500
OG0006530	g11968	Cg002G043490
OG0006531	g18704	Cg002G043260
OG0006535	g11468, g3238, g51211	Cg005G186730
OG0006536	g13265	Cg004G133050
OG0006537	g37518, g37520	Cg005G162060
OG0006538	g46388	Cg007G278410
OG0006539	g47689	Cg001G011500
OG0006540	g49579, g27011	Cg006G238410
OG0006541	g31962	Cg006G224950
OG0006542	g44847	Cg007G268420
OG0006543	g39534	Cg014G332200, Cg003G077420
OG0006544	g13440	Cg004G139970
OG0006546	g17835	Cg004G139310
OG0006546	g37174	Cg004G136280
OG0006549	g17285, g23948	Cg001G018310
OG0006552	g36989	Cg002G056510
OG0006554	g10818	Cg002G075710
OG0006559	g23440, g18250	Cg001G010460
OG0006570	g17038	Cg001G012000
OG0006571	g23538	Cg001G011890
OG0006572	g17028	Cg001G011820
OG0006574	g23488	Cg001G011310
OG0006575	g23486, g17012	Cg001G011280
OG0006576	g47701, g23461	Cg001G010920
OG0006577	g47722	Cg001G010590
OG0006578	g10287	Cg008G312850
OG0006579	g17816	Cg001G010020
OG0006580	g16961	Cg001G009350
OG0006581	g23340, g23336	Cg001G009220
OG0006582	g47783, g23327	Cg001G009120
OG0006584	g23280	Cg001G008270
OG0006585	g23256	Cg001G007810
OG0006586	g50052	Cg006G227270
OG0006587	g23248	Cg001G007700
OG0006589	g18181	Cg001G006560
OG0006590	g23147, g18185	Cg001G006400
OG0006592	g23066	Cg001G005570
OG0006593	g47895	Cg001G005390
OG0006594	g47902	Cg004G152570, Cg001G005270
OG0006595	g23037	Cg001G005260
OG0006596	g47906, g23025	Cg001G005140
OG0006597	g47912	Cg001G004980
OG0006598	g32513	Cg006G215260
OG0006599	g50637, g32618	Cg006G213500
OG0006600	g17558, g24293	Cg001G023880
OG0006601	g24307	Cg001G024270
OG0006602	g24308	Cg001G024280
OG0006603	g47172	Cg001G024520
OG0006604	g51542	Cg005G170800
OG0006605	g4754	Cg008G307910
OG0006606	g27094	Cg006G236400
OG0006607	g41050	Cg007G251560
OG0006608	g13859	Cg006G235530
OG0006609	g40980	Cg007G250280
OG0006610	g31313	Cg006G234560
OG0006611	g31316, g27155	Cg006G234520
OG0006612	g49779	Cg006G234160
OG0006613	g31573, g27292	Cg006G230760
OG0006615	g18963	Cg002G075460
OG0006616	g10764	Cg002G075120
OG0006617	g10681	Cg002G074150
OG0006618	g31482, g49896	Cg006G232110
OG0006619	g49892	Cg006G232220
OG0006620	g10638	Cg002G073320
OG0006621	g16648	Cg002G073100
OG0006622	g10606	Cg002G072890
OG0006623	g10574	Cg002G072270
OG0006624	g1589	Cg002G072220
OG0006625	g10552	Cg002G071960
OG0006626	g1598	Cg002G071930, Cg002G073450
OG0006629	g10478	Cg002G070840
OG0006630	g10476	Cg002G070790
OG0006631	g10441	Cg002G068690
OG0006632	g10409	Cg002G069330
OG0006633	g10402	Cg002G069550
OG0006634	g10374	Cg002G070210
OG0006635	g39407	Cg003G101820
OG0006636	g41687, g44897	Cg007G261260
OG0006637	g26022	Cg007G261150
OG0006639	g18070	Cg004G155750
OG0006640	g17889	Cg003G108740
OG0006641	g43701	Cg007G252570
OG0006642	g46619	Cg001G043060
OG0006643	g16767	Cg001G042910
OG0006644	g40805	Cg007G246320
OG0006645	g40848	Cg007G247100
OG0006647	g37363, g51943	Cg005G165410
OG0006648	g7516	Cg004G124710
OG0006649	g12409	Cg004G124760
OG0006650	g22998	Cg001G004710
OG0006651	g12405	Cg004G124920
OG0006652	g5753	Cg008G283850
OG0006653	g13068, g7449	Cg004G125650
OG0006654	g12366	Cg004G126200
OG0006655	g12356	Cg004G126420
OG0006656	g13109, g7404	Cg004G126670
OG0006657	g7398	Cg004G126800
OG0006658	g7399	Cg004G126780
OG0006659	g7381	Cg004G127180
OG0006660	g13122, g12316	Cg004G127420
OG0006661	g7360	Cg004G127520, Cg001G040230
OG0006662	g7350, g13125	Cg004G127600
OG0006663	g7334	Cg004G127840
OG0006664	g12293	Cg004G127920
OG0006665	g7309, g13140	Cg004G128190
OG0006666	g1459	Cg003G090920
OG0006667	g695	Cg008G300530
OG0006668	g23806, g47526	Cg001G015860
OG0006669	g1344	Cg003G097570
OG0006670	g28331	Cg003G097810
OG0006671	g28370, g41222	Cg003G099170
OG0006672	g883	Cg003G099310
OG0006673	g41268	Cg003G099900
OG0006674	g28404	Cg003G099890
OG0006675	g46820, g917	Cg003G100290
OG0006676	g947	Cg003G101350
OG0006677	g934	Cg003G100870
OG0006678	g958	Cg003G101650
OG0006679	g963	Cg003G101690
OG0006680	g28487	Cg003G101800
OG0006681	g41744, g39405	Cg003G101900
OG0006682	g39395	Cg003G102290
OG0006684	g1029, g39364	Cg003G103050
OG0006685	g28553, g1060	Cg003G103580
OG0006686	g39345	Cg003G104000
OG0006687	g28619	Cg003G104750
OG0006688	g28630	Cg003G104870
OG0006689	g28643	Cg003G105100
OG0006690	g1119	Cg003G105220
OG0006691	g10304	Cg009G325710, Cg008G313860
OG0006693	g5298, g29388	Cg008G293060
OG0006694	g29394, g5303	Cg008G292950
OG0006695	g5309	Cg008G292880
OG0006696	g45546	Cg008G291060
OG0006697	g29495, g45541	Cg008G290950
OG0006698	g5425	Cg008G290570
OG0006699	g5428	Cg008G290520
OG0006700	g29541, g5444	Cg008G290230
OG0006701	g250	Cg003G111970
OG0006702	g5469	Cg008G289680
OG0006703	g45061, g5493	Cg008G289410
OG0006704	g5503	Cg008G289230
OG0006705	g29592	Cg008G289100
OG0006706	g5519	Cg008G288870
OG0006707	g5536	Cg008G288500
OG0006708	g47199	Cg001G023770
OG0006709	g24271	Cg001G023700
OG0006710	g24246	Cg001G023330
OG0006711	g47227, g17530	Cg001G023290
OG0006712	g24228	Cg001G022830
OG0006713	g17504	Cg001G022800
OG0006714	g17486	Cg001G022630
OG0006716	g17451	Cg001G021730
OG0006717	g17437, g24138	Cg001G021430
OG0006718	g24119	Cg001G021070
OG0006719	g24116	Cg001G021030
OG0006720	g11029	Cg008G321410
OG0006721	g47336, g24066	Cg001G020520
OG0006722	g24063	Cg001G020450
OG0006723	g24278	Cg001G023730
OG0006724	g24009	Cg001G019560
OG0006725	g47397, g27191	Cg001G019260
OG0006726	g17319, g23983	Cg001G019130
OG0006727	g17286	Cg001G018320
OG0006728	g47458	Cg001G017440
OG0006729	g23894	Cg001G017400
OG0006730	g23882	Cg001G017260
OG0006731	g23874	Cg001G017130
OG0006732	g47475	Cg001G017080
OG0006733	g23858	Cg001G016940
OG0006734	g23856	Cg001G016920
OG0006735	g23853, g17235	Cg001G016910
OG0006736	g17228	Cg001G016800
OG0006737	g17226	Cg001G016760
OG0006738	g32704, g50715	Cg006G211750
OG0006739	g50773	Cg006G209100
OG0006741	g53812	Cg006G205060
OG0006742	g53742	Cg006G206100
OG0006743	g31581, g46551	Cg006G230660
OG0006744	g36257	Cg006G202470
OG0006745	g53985, g36228	Cg006G203080
OG0006746	g32303, g32299	Cg006G218800
OG0006747	g31073	Cg006G238450
OG0006748	g47491	Cg001G016700
OG0006749	g50431	Cg006G218930
OG0006750	g53958, g28135, g36199	Cg006G203470
OG0006751	g50437, g27640	Cg006G218870
OG0006752	g5936	Cg004G156410
OG0006753	g27665	Cg006G218080
OG0006754	g27675	Cg006G217680
OG0006755	g27676	Cg006G217660
OG0006756	g27677	Cg006G217590
OG0006757	g27679, g32399	Cg006G217410
OG0006758	g50515, g32412	Cg006G216660
OG0006759	g32441	Cg006G216330
OG0006760	g27699	Cg006G216120
OG0006761	g50538, g32467	Cg006G216000
OG0006762	g32482	Cg006G215730
OG0006763	g32504	Cg006G215400
OG0006764	g22978	Cg001G004490
OG0006765	g47956, g47961, g22942	Cg001G003880
OG0006766	g22916	Cg001G003570
OG0006767	g22906, g18257	Cg001G003440
OG0006768	g22871	Cg001G003070
OG0006769	g22862	Cg001G002980
OG0006770	g22826	Cg001G002610
OG0006771	g22820	Cg001G002550
OG0006772	g18286	Cg001G002300
OG0006773	g38482	Cg005G192150
OG0006774	g38508	Cg005G192680
OG0006775	g38541	Cg005G193640
OG0006776	g18325	Cg001G000710
OG0006778	g18359	Cg001G000320
OG0006780	g46742	Cg001G038150
OG0006781	g51523	Cg005G171120
OG0006782	g40235	Cg003G086210
OG0006783	g28178	Cg006G206050
OG0006784	g37088, g51432	Cg005G172370
OG0006785	g51395	Cg005G172800
OG0006786	g37055	Cg008G318000
OG0006787	g37040	Cg008G314230, Cg008G314210
OG0006788	g36998, g18841	Cg008G315940
OG0006789	g7851	Cg004G118040
OG0006791	g40357	Cg003G082560
OG0006792	g40379, g25693	Cg003G082170
OG0006793	g25687	Cg003G082030
OG0006794	g40168, g40377, g47808, g14960, g40380	Cg008G319480
OG0006795	g25680, g40384	Cg003G081880
OG0006796	g25670	Cg003G081650
OG0006797	g40441	Cg003G080600
OG0006799	g25524	Cg003G094320, Cg003G079710
OG0006800	g40486	Cg008G320650
OG0006801	g11050	Cg008G320890
OG0006803	g40582, g10967	Cg008G323010
OG0006804	g10957	Cg008G323350
OG0006805	g40639	Cg008G324100
OG0006806	g40643, g10925	Cg008G324230
OG0006807	g40645	Cg008G324270
OG0006808	g40651, g10919	Cg008G324340
OG0006809	g10914, g40663	Cg008G324400
OG0006810	g10902, g40679	Cg008G324640
OG0006811	g51689, g37240	Cg005G168410
OG0006812	g40713	Cg008G325210
OG0006813	g10841	Cg008G325340
OG0006815	g35820	Cg004G143560
OG0006816	g6421	Cg004G142940
OG0006817	g6443	Cg004G142630
OG0006818	g46978	Cg001G030010
OG0006819	g24570	Cg001G028330
OG0006821	g24499	Cg001G035140, Cg001G027060
OG0006822	g47080	Cg001G026990
OG0006823	g17658, g24460	Cg001G026060
OG0006824	g24452	Cg001G026000
OG0006825	g24442	Cg001G025860
OG0006826	g16828	Cg001G041460, Cg001G033160, Cg007G266690
OG0006827	g16815	Cg001G041610
OG0006828	g16758	Cg001G043020
OG0006829	g46621	Cg001G043050
OG0006830	g37777	Cg005G157530
OG0006831	g37774	Cg005G157570
OG0006832	g47005	Cg006G212150
OG0006833	g37729	Cg005G158240
OG0006834	g37080	Cg005G172100
OG0006835	g37698	Cg005G158880
OG0006836	g37682	Cg005G159040
OG0006837	g37661	Cg005G159320
OG0006838	g38248	Cg005G159420
OG0006839	g52292	Cg005G159690
OG0006840	g52291, g37637	Cg005G159740
OG0006841	g52283	Cg005G159880
OG0006842	g37622	Cg005G160080
OG0006843	g37620	Cg005G160100
OG0006844	g37611	Cg005G160370
OG0006845	g37569	Cg005G160980
OG0006846	g52115	Cg005G162520
OG0006848	g38197	Cg005G163060
OG0006849	g52083, g37464	Cg005G163110
OG0006850	g37445	Cg005G163600
OG0006851	g52047	Cg005G163730
OG0006852	g37409	Cg005G164160
OG0006853	g51992	Cg005G164530
OG0006854	g45310, g40742	Cg008G282930
OG0006856	g5787	Cg008G283200
OG0006857	g5786	Cg008G283210
OG0006858	g5761	Cg008G283770
OG0006859	g5754	Cg008G283840
OG0006860	g5750	Cg008G283960
OG0006861	g5742	Cg008G284050
OG0006862	g29810	Cg008G284670
OG0006863	g29808	Cg008G284700
OG0006864	g22267	Cg006G217880
OG0006865	g41421, g660	Cg008G300190
OG0006867	g28963	Cg008G300470
OG0006868	g41406	Cg008G300680
OG0006869	g41559, g41403	Cg008G300800
OG0006870	g41387	Cg008G301270
OG0006871	g28912, g41383	Cg008G301330
OG0006872	g28908	Cg008G301400
OG0006873	g766, g41368, g28896	Cg008G301690
OG0006874	g28886	Cg008G301840
OG0006875	g41335	Cg008G302690
OG0006878	g28785	Cg003G107660
OG0006879	g41301, g28765	Cg003G107470
OG0006880	g9823, g316	Cg003G111000, Cg003G078500
OG0006881	g273	Cg003G111610
OG0006882	g272	Cg003G111620
OG0006883	g9791	Cg003G111840, Cg003G111830
OG0006884	g255, g9788	Cg003G111920
OG0006885	g243	Cg003G112120
OG0006886	g242, g9773	Cg003G112190
OG0006887	g9763, g232	Cg003G112350
OG0006888	g18645	Cg003G112360
OG0006889	g18654, g204	Cg003G112730
OG0006890	g201	Cg003G112890, Cg003G112900
OG0006891	g9729	Cg003G113170
OG0006892	g184	Cg004G143170, Cg003G113080
OG0006893	g157	Cg003G113340
OG0006894	g9708	Cg003G113510
OG0006895	g101	Cg003G114200
OG0006896	g98	Cg003G114240
OG0006897	g85	Cg003G114360
OG0006898	g44863	Cg007G268050
OG0006899	g19643	Cg003G115450
OG0006901	g19633	Cg003G115500
OG0006902	g25335	Cg003G075920
OG0006903	g39451	Cg003G076140
OG0006904	g25369	Cg014G332970, Cg003G076600
OG0006905	g25363	Cg014G333210, Cg003G076380
OG0006906	g39472	Cg003G076960, Cg014G332640
OG0006907	g39462	Cg003G077280, Cg014G332340
OG0006908	g26878	Cg006G244310
OG0006909	g39539	Cg014G331620, Cg003G078070
OG0006910	g39622, g45209	Cg003G078990, Cg003G094960
OG0006911	g25494	Cg003G079070, Cg003G094870
OG0006912	g25500	Cg003G094770, Cg003G079230
OG0006913	g39641	Cg003G094610, Cg003G079400
OG0006914	g30837	Cg006G242730
OG0006915	g39693, g11085	Cg008G319930
OG0006916	g39698, g11087	Cg008G319850
OG0006917	g39705	Cg008G319760
OG0006918	g51349	Cg005G173280
OG0006919	g51328, g39757	Cg005G173590
OG0006920	g39785	Cg005G174470
OG0006921	g51310, g39774, g37931	Cg005G173990
OG0006922	g51314	Cg005G173930
OG0006923	g37936, g39771	Cg005G173920
OG0006924	g51318, g39766	Cg005G173810
OG0006925	g37929	Cg005G174180
OG0006926	g51301	Cg005G174230
OG0006927	g51294	Cg005G174490
OG0006928	g39818	Cg005G174630
OG0006929	g51268	Cg005G174900
OG0006930	g51266	Cg005G174940
OG0006931	g39833	Cg005G175110
OG0006932	g51232	Cg005G175700
OG0006933	g39896	Cg005G175990
OG0006934	g51212, g39910	Cg005G176190
OG0006935	g51202	Cg005G176470
OG0006936	g49557	Cg006G239270
OG0006937	g39944	Cg005G176720
OG0006938	g39950	Cg005G176810
OG0006939	g39967	Cg005G177310
OG0006940	g37859	Cg005G177910
OG0006942	g37847, g39997	Cg005G178420
OG0006943	g40024	Cg005G178670
OG0006944	g37840	Cg005G178890
OG0006945	g40145	Cg005G182340
OG0006946	g40138	Cg005G182120
OG0006947	g40129	Cg005G181900
OG0006948	g40118	Cg005G181200
OG0006949	g40107	Cg005G180560
OG0006950	g38296	Cg005G186190
OG0006951	g38306	Cg005G186480
OG0006952	g36837	Cg005G186790
OG0006954	g17134, g47583	Cg001G014300
OG0006955	g17109	Cg001G013760
OG0006956	g12710	Cg004G116830
OG0006957	g7913	Cg004G117050
OG0006958	g7912, g12696	Cg004G117070
OG0006959	g7897	Cg004G117290
OG0006960	g7864, g12681	Cg004G117710
OG0006961	g12678	Cg004G117800
OG0006962	g12759	Cg004G118020
OG0006963	g12760	Cg004G118160
OG0006964	g7837	Cg004G118230
OG0006965	g7819	Cg004G119310
OG0006966	g7813	Cg004G119430
OG0006967	g7807	Cg004G119530
OG0006968	g7794	Cg004G120770, Cg004G119730
OG0006969	g7782	Cg004G119920
OG0006970	g7766, g7775	Cg004G120020
OG0006972	g12823	Cg004G120470
OG0006973	g7733	Cg004G120630
OG0006974	g7707	Cg004G121120
OG0006975	g12552	Cg004G121270
OG0006976	g12906, g12511	Cg004G121890
OG0006977	g12907, g12510	Cg004G121900
OG0006978	g12507	Cg004G121990
OG0006979	g12498	Cg004G122160
OG0006980	g7657	Cg004G122210
OG0006981	g29047	Cg008G298860
OG0006982	g7626	Cg004G122840
OG0006983	g7625	Cg004G122860
OG0006984	g12945, g7613, g12461	Cg004G123090
OG0006985	g12450	Cg004G123230
OG0006986	g7593	Cg004G123500
OG0006987	g12432	Cg004G123910
OG0006988	g7521	Cg004G124630
OG0006989	g51870	Cg005G165950
OG0006990	g51863	Cg005G166030
OG0006991	g38137	Cg005G166140
OG0006992	g51464, g51814	Cg005G166400
OG0006993	g37330	Cg005G166480
OG0006994	g37324, g38129	Cg005G166650
OG0006995	g37315	Cg005G166990
OG0006996	g38125	Cg005G166900
OG0006997	g38109	Cg005G167420
OG0006998	g51739	Cg005G167480
OG0006999	g37291	Cg005G167550
OG0007000	g51738	Cg005G167560
OG0007002	g51551	Cg005G170660
OG0007003	g51564	Cg005G170520
OG0007004	g23508, g51568	Cg005G170480
OG0007005	g37151	Cg005G170380
OG0007006	g51574	Cg005G170300
OG0007007	g51585	Cg005G170100
OG0007008	g37196	Cg005G169400
OG0007009	g37203	Cg005G169250
OG0007010	g37207	Cg005G169170
OG0007011	g37209	Cg005G169130
OG0007012	g37212	Cg005G169060
OG0007013	g51678	Cg005G168550
OG0007014	g51710, g37261	Cg005G168090
OG0007015	g37280	Cg005G167800
OG0007016	g31620	Cg006G230070
OG0007017	g46561	Cg007G280880
OG0007018	g27340	Cg006G229640
OG0007019	g7288	Cg004G128460
OG0007020	g31670	Cg006G229120
OG0007021	g49983, g31675	Cg006G229070
OG0007022	g31685, g49991	Cg006G228860
OG0007023	g44611	Cg007G272760
OG0007024	g50010	Cg006G228360
OG0007025	g31720	Cg003G087310, Cg006G228310
OG0007026	g50017, g31734	Cg006G228150
OG0007027	g31742	Cg006G228060
OG0007028	g31790	Cg006G227430
OG0007029	g50061	Cg006G227020
OG0007030	g50062, g27425	Cg006G227010
OG0007031	g31826	Cg006G226810
OG0007032	g50070	Cg006G226790
OG0007033	g31861	Cg006G226460
OG0007035	g31946, g27465	Cg006G225350
OG0007037	g31993	Cg006G224610
OG0007038	g32013	Cg006G224130
OG0007039	g50220	Cg007G278300, Cg006G224080
OG0007040	g50227	Cg006G223940
OG0007042	g44633	Cg007G272250
OG0007043	g27546, g50295	Cg006G222420
OG0007044	g50302	Cg006G222070
OG0007045	g50308, g32085	Cg006G221950
OG0007046	g27566, g50325	Cg006G221650
OG0007047	g50376	Cg006G220300
OG0007048	g32243	Cg006G219690
OG0007049	g32253	Cg006G219520
OG0007050	g17219, g1673	Cg001G016570
OG0007051	g23830	Cg001G016280
OG0007052	g17202	Cg001G016170
OG0007053	g28346	Cg003G098140
OG0007054	g23618	Cg001G013030
OG0007055	g50984	Cg005G190370
OG0007056	g50953	Cg005G191180
OG0007057	g51691	Cg005G168380
OG0007058	g38470	Cg005G191950
OG0007059	g50892, g38507	Cg005G192640
OG0007060	g50849	Cg005G193890
OG0007061	g10290	Cg008G312950
OG0007062	g27280	Cg006G231360
OG0007064	g27250	Cg006G232080
OG0007065	g27210, g49871	Cg006G232710
OG0007066	g31423	Cg006G232900
OG0007067	g49858	Cg006G232960
OG0007068	g49821	Cg006G233460
OG0007069	g49820	Cg006G233500
OG0007070	g49785, g31339	Cg006G234010
OG0007071	g11092	Cg005G162660
OG0007072	g27144	Cg006G234750
OG0007073	g31301	Cg006G234780
OG0007074	g27137	Cg006G234910
OG0007075	g31296	Cg006G234930
OG0007076	g31247	Cg006G235700
OG0007077	g31233	Cg006G235960
OG0007078	g31212	Cg006G236280
OG0007079	g49698	Cg006G236290
OG0007080	g27068, g31175	Cg006G236800
OG0007081	g31154	Cg006G237050
OG0007082	g31138	Cg006G237220
OG0007083	g49617	Cg006G237750
OG0007084	g50782	Cg005G159210
OG0007085	g31067	Cg006G238620, Cg006G238640
OG0007086	g31056, g27004	Cg006G238840
OG0007087	g31055	Cg006G238850
OG0007088	g31031	Cg006G239360
OG0007089	g28299	Cg003G097110
OG0007090	g23205	Cg001G007210
OG0007091	g26970	Cg006G240000
OG0007092	g49533	Cg006G240120
OG0007093	g30950	Cg006G240580
OG0007094	g49478	Cg006G241430
OG0007095	g30903	Cg006G241630
OG0007096	g26943	Cg006G241740
OG0007097	g49457	Cg006G241830
OG0007098	g49456	Cg006G241870
OG0007099	g49448	Cg006G242190
OG0007100	g49435	Cg006G242510
OG0007101	g30841	Cg006G242610
OG0007103	g49395, g30802	Cg006G243410
OG0007104	g49393	Cg006G243460
OG0007106	g30742	Cg006G244710
OG0007107	g2469	Cg002G055330
OG0007108	g49289	Cg006G245330
OG0007109	g5192	Cg008G294540
OG0007110	g29313, g5194	Cg008G294500
OG0007111	g5198	Cg008G294480
OG0007112	g5207	Cg008G294360
OG0007113	g5157	Cg008G295030
OG0007114	g5117, g29257	Cg008G295680
OG0007115	g5131	Cg008G295450
OG0007116	g29236	Cg008G295970
OG0007117	g29195	Cg008G296660
OG0007118	g29182	Cg008G296850
OG0007119	g5033	Cg008G296860
OG0007120	g29154, g13733	Cg008G297200
OG0007121	g29144	Cg008G297550
OG0007122	g29133	Cg008G297710
OG0007123	g4913	Cg008G299030
OG0007124	g29098	Cg008G299630
OG0007125	g4862	Cg008G306040
OG0007126	g10106	Cg008G306140
OG0007127	g4798	Cg008G306570
OG0007128	g10147	Cg008G306990
OG0007129	g10178, g4744	Cg008G307730
OG0007130	g10190	Cg008G308360
OG0007131	g4536, g10233	Cg008G309190, Cg008G310950
OG0007132	g18500, g10226, g17978	Cg008G311090, Cg008G309290
OG0007133	g10274	Cg008G312310
OG0007135	g29350	Cg008G293640
OG0007136	g5575, g45467	Cg008G287810
OG0007137	g29659, g45460	Cg008G287580
OG0007138	g29670	Cg008G287390
OG0007139	g5268	Cg008G293620
OG0007140	g5269	Cg008G293610
OG0007141	g5600	Cg008G287160
OG0007142	g5632	Cg008G286360
OG0007143	g5647, g29749	Cg008G285930
OG0007145	g5658, g29759	Cg008G285790
OG0007146	g29789	Cg008G285320
OG0007147	g29117	Cg008G299940, Cg008G299950
OG0007148	g618	Cg008G305550
OG0007149	g10078, g616	Cg008G305510
OG0007150	g10077	Cg008G305490
OG0007151	g10038	Cg008G304670
OG0007152	g10035	Cg008G304640
OG0007153	g563	Cg008G304460
OG0007154	g562	Cg008G304450
OG0007156	g522	Cg008G303770
OG0007157	g521, g9996	Cg008G303760
OG0007158	g2680	Cg002G058050
OG0007159	g498	Cg008G303070, Cg008G303330
OG0007160	g493, g18587	Cg008G303240
OG0007161	g9958	Cg008G303010
OG0007162	g9957	Cg008G303000
OG0007163	g9943	Cg003G108560
OG0007164	g445, g9941	Cg003G108620
OG0007165	g443, g9932	Cg003G108680
OG0007166	g9912	Cg003G108960
OG0007167	g417	Cg003G109260
OG0007168	g9860	Cg003G110220
OG0007169	g9855	Cg003G110290
OG0007170	g347	Cg003G110360
OG0007171	g334	Cg003G110550
OG0007172	g2759	Cg002G058970, Cg002G058960
OG0007173	g325	Cg003G110800
OG0007174	g28718, g1217	Cg003G106310
OG0007175	g2524	Cg002G055940
OG0007176	g2609	Cg002G057060
OG0007177	g2619	Cg002G057250
OG0007178	g19486	Cg002G058890
OG0007179	g18615	Cg003G110440, Cg002G059050
OG0007180	g19506	Cg002G059400
OG0007181	g2812, g19526	Cg002G060090
OG0007182	g28770	Cg007G277770
OG0007183	g3005	Cg002G062320
OG0007184	g11446	Cg002G062410
OG0007185	g11467	Cg002G063610
OG0007186	g11500	Cg002G064340
OG0007187	g41688	Cg007G267390
OG0007188	g44904	Cg007G267340
OG0007191	g45794	Cg007G269520
OG0007192	g44753	Cg007G269930
OG0007193	g44854	Cg007G268290
OG0007194	g45822	Cg007G270310
OG0007195	g45823	Cg007G270320
OG0007197	g44678	Cg007G271250
OG0007198	g45884	Cg007G271380
OG0007199	g45893, g44666	Cg007G271460
OG0007200	g45909	Cg007G271700, Cg007G271690
OG0007201	g44636	Cg007G272150
OG0007202	g44624	Cg007G272340
OG0007203	g41417	Cg008G300340
OG0007204	g46441	Cg007G278950
OG0007205	g46384	Cg007G278320
OG0007207	g46348	Cg007G277980
OG0007208	g44364	Cg007G277900
OG0007209	g44386	Cg007G277370
OG0007210	g44399, g46274	Cg007G277090
OG0007211	g46263	Cg007G276890
OG0007212	g44416	Cg007G276670
OG0007213	g44436, g43487	Cg007G276280
OG0007214	g44440	Cg007G276260
OG0007215	g46177, g44489	Cg007G275440
OG0007216	g44496	Cg007G275380
OG0007217	g44498	Cg007G275310
OG0007218	g44501	Cg007G275290
OG0007219	g44519, g46142	Cg007G274950
OG0007220	g46091	Cg007G274200
OG0007221	g44575, g46052	Cg007G273660
OG0007222	g52162	Cg005G175370
OG0007223	g46018	Cg007G273260
OG0007224	g44608	Cg007G272840
OG0007225	g46443	Cg007G279070, Cg007G279010
OG0007226	g46470	Cg007G279360
OG0007227	g12370, g7425	Cg004G126160
OG0007228	g46514	Cg007G279960
OG0007229	g44327	Cg007G280030
OG0007230	g44313, g46533	Cg007G280260
OG0007232	g46600	Cg007G281500
OG0007233	g46548	Cg007G280520
OG0007234	g46552	Cg007G280570
OG0007235	g46559	Cg007G280900
OG0007236	g44295	Cg007G280770, Cg007G280990
OG0007237	g27313	Cg006G230130
OG0007238	g19596	Cg007G281260
OG0007239	g44278	Cg007G281300, Cg003G091240
OG0007240	g7267	Cg004G128770
OG0007241	g7265	Cg004G128810
OG0007243	g12220	Cg004G129610
OG0007244	g13201	Cg004G129780
OG0007245	g7186, g12197	Cg004G130270
OG0007246	g13213, g7179	Cg004G130320
OG0007247	g12175, g13221	Cg004G130720
OG0007248	g7086	Cg004G131720
OG0007249	g7074, g12136	Cg004G131890
OG0007250	g13238	Cg004G131960
OG0007252	g12108, g7057	Cg004G132200
OG0007253	g13250	Cg004G132420
OG0007254	g12102	Cg004G132430
OG0007255	g7040	Cg004G132520
OG0007256	g12094, g7036	Cg004G132580
OG0007257	g6883	Cg004G134970
OG0007258	g6978, g12058	Cg004G133520
OG0007259	g6959	Cg004G133680
OG0007260	g13287	Cg004G134000
OG0007261	g6919	Cg004G134320
OG0007262	g12031	Cg004G134360
OG0007263	g6913	Cg004G134510
OG0007264	g6905	Cg004G134650
OG0007265	g13300, g12019	Cg004G134730
OG0007266	g6872, g12007	Cg004G135130
OG0007267	g13321	Cg004G135430
OG0007268	g6850	Cg004G135580
OG0007269	g11962	Cg004G135950
OG0007270	g11960	Cg004G136030
OG0007271	g13336	Cg004G136110
OG0007272	g6799, g13338	Cg004G136180
OG0007273	g6779	Cg004G136460
OG0007274	g6758	Cg004G136790
OG0007275	g6750	Cg004G137070
OG0007276	g11888	Cg004G137840
OG0007277	g6685	Cg004G138150
OG0007278	g6663	Cg004G138590
OG0007279	g6672	Cg004G138470
OG0007280	g6673	Cg004G138430
OG0007281	g11870	Cg004G138330
OG0007282	g6596, g13410	Cg004G139290
OG0007283	g6595	Cg004G139390
OG0007284	g13415	Cg004G139530
OG0007286	g13425	Cg004G139700
OG0007287	g6573	Cg004G139840, Cg004G139830
OG0007288	g13434	Cg004G139940
OG0007289	g6513	Cg004G141180
OG0007290	g11750	Cg004G141290
OG0007291	g13474, g6507	Cg004G141360
OG0007292	g6486, g11734	Cg004G141650
OG0007293	g13478	Cg004G141750
OG0007294	g11724	Cg004G142270
OG0007295	g6450, g13510	Cg004G142410
OG0007296	g6301	Cg004G147340
OG0007297	g40058	Cg005G179130
OG0007298	g6310	Cg004G147140
OG0007299	g6171	Cg004G149750, Cg004G150910
OG0007300	g14182, g14181, g14193	Cg004G152270
OG0007301	g14045	Cg004G153010
OG0007302	g14033	Cg004G153310
OG0007303	g14006, g6049	Cg004G153800
OG0007304	g6026	Cg004G154280
OG0007305	g13934	Cg004G155210
OG0007306	g13918, g13802	Cg004G155590
OG0007307	g13808	Cg004G155930
OG0007308	g13853, g5907	Cg004G156800
OG0007309	g13144, g7292	Cg004G128390
OG0007310	g36721	Cg006G194740
OG0007311	g27984	Cg006G194950
OG0007312	g36700, g54335	Cg006G195050
OG0007313	g36665	Cg006G195800
OG0007314	g36577	Cg006G197190
OG0007315	g54254, g36559	Cg006G197480
OG0007316	g36553	Cg006G197550
OG0007317	g36521, g28031	Cg006G198020
OG0007318	g36512, g54218	Cg006G198160
OG0007319	g36422	Cg006G199640
OG0007320	g36391	Cg006G200280
OG0007321	g28098, g36356	Cg006G201090
OG0007322	g36369	Cg006G200730
OG0007323	g36322	Cg006G201480
OG0007324	g54063	Cg006G201630
OG0007325	g54024	Cg006G201960
OG0007326	g24366, g24375	Cg001G025030
OG0007327	g17593, g47141	Cg001G025050
OG0007328	g47128	Cg001G025390
OG0007329	g51474	Cg005G171790
OG0007330	g51471	Cg005G171810
OG0007331	g2433	Cg002G054750
OG0007332	g2431, g19278	Cg002G054730
OG0007333	g19262	Cg002G054440
OG0007334	g19242	Cg002G054310
OG0007335	g19241	Cg002G054300
OG0007336	g19208	Cg002G053430
OG0007337	g19289, g2456	Cg002G055020
OG0007339	g2292, g11298	Cg002G052170
OG0007340	g2276	Cg002G051970
OG0007341	g2246, g19131	Cg002G051650
OG0007342	g19083, g2195	Cg002G050990
OG0007343	g23266, g16918	Cg001G007940
OG0007345	g2141	Cg002G049850
OG0007346	g2059	Cg002G049470
OG0007347	g18940, g1992	Cg002G047680
OG0007348	g18938, g1995	Cg002G047660
OG0007349	g2029	Cg001G027320
OG0007350	g18805	Cg002G045980
OG0007351	g1893	Cg002G045900
OG0007352	g1868	Cg002G045410
OG0007353	g1524, g18682	Cg002G044610
OG0007354	g1776	Cg002G044510
OG0007355	g18770	Cg002G043530
OG0007357	g37304	Cg005G167310
OG0007358	g960	Cg003G101670
OG0007359	g19221, g19220, g6438	Cg007G264660
OG0007360	g18683, g1769	Cg002G044440
OG0007361	g10842	Cg008G325330
OG0007363	g51443	Cg005G172210
OG0007364	g37982	Cg005G172040
OG0007365	g51485	Cg005G171710
OG0007366	g18851	Cg005G159450
OG0007367	g11752	Cg004G141140
OG0007368	g44466	Cg007G275900
OG0007370	g23290	Cg001G008440
OG0007372	g49453, g26936	Cg006G242000, Cg005G186770
OG0007373	g31376	Cg006G233580
OG0007374	g6926	Cg004G134230
OG0007376	g7047, g13248	Cg004G132320
OG0007379	g29379	Cg008G293260
OG0007382	g24207	Cg001G022670
OG0007383	g37084	Cg001G018100, Cg005G172230
OG0007384	g40111	Cg005G180960
OG0007385	g5003	Cg008G297440
OG0007386	g18503	Cg008G307540
OG0007391	g46976	Cg001G029380
OG0007392	g53458, g17886, g53489	Cg001G041130, Cg001G041120, Cg005G185990, Cg006G221750, Cg004G145200
OG0007393	g13951	Cg004G154760
OG0007393	g13950	Cg004G154770
OG0007400	g1304	Cg003G098640
OG0007413	g23567	Cg001G012340
OG0007414	g23550, g47675	Cg001G012050
OG0007415	g23548, g17040	Cg001G012020
OG0007416	g47677	Cg001G011850
OG0007417	g47679, g23531	Cg001G011780
OG0007418	g47682	Cg001G011690
OG0007419	g47698	Cg001G011020
OG0007420	g23459, g17002	Cg001G010860
OG0007421	g47713	Cg001G010720
OG0007422	g47724	Cg001G010530
OG0007423	g23439	Cg001G010450
OG0007424	g47739	Cg001G010210
OG0007425	g47752	Cg001G009880
OG0007426	g47769	Cg001G009370
OG0007427	g47777, g16959	Cg001G009260
OG0007428	g23332, g47781	Cg001G009180
OG0007429	g47782, g16955	Cg001G009140
OG0007430	g23321	Cg001G009050
OG0007431	g16951	Cg001G009030
OG0007432	g23309, g16946, g47789	Cg001G008820
OG0007434	g23282	Cg001G008290
OG0007435	g23281	Cg001G008280
OG0007436	g47804	Cg001G008250
OG0007437	g16929	Cg001G008230
OG0007438	g53374, g36754	Cg001G008130
OG0007439	g23260	Cg001G007850
OG0007440	g23247	Cg001G007610
OG0007441	g47840	Cg001G007110
OG0007442	g23204	Cg001G007200
OG0007443	g23180	Cg001G006930
OG0007444	g23181	Cg001G006940
OG0007445	g23155	Cg001G006530
OG0007446	g23116	Cg001G006040
OG0007448	g23137	Cg001G006250
OG0007449	g47863	Cg001G006270
OG0007450	g47862	Cg001G006310
OG0007451	g23086	Cg001G005800
OG0007452	g23083	Cg001G005750
OG0007453	g47883	Cg001G005670
OG0007454	g23075	Cg001G005640
OG0007455	g23047	Cg001G005460
OG0007456	g23038	Cg001G005280
OG0007457	g27757	Cg006G215160
OG0007458	g50599	Cg006G214720
OG0007459	g27736	Cg006G214700
OG0007460	g27722	Cg006G214250
OG0007462	g50630	Cg006G213970
OG0007463	g32597	Cg006G213860
OG0007464	g47183	Cg001G024320
OG0007465	g24327	Cg001G024530
OG0007466	g24355, g2666	Cg001G024770
OG0007467	g17590	Cg001G024880
OG0007468	g43827	Cg007G257580
OG0007469	g41135	Cg007G256070
OG0007470	g24448	Cg001G025950
OG0007471	g41105	Cg007G253760
OG0007473	g41062	Cg007G252100
OG0007475	g40983	Cg007G250190
OG0007476	g40977	Cg007G249530, Cg007G247480
OG0007477	g27142	Cg006G234810
OG0007478	g40961	Cg007G248940
OG0007479	g40946	Cg007G248830, Cg007G248810
OG0007480	g44195	Cg007G248770, Cg007G248760
OG0007481	g10829	Cg002G075810
OG0007482	g51421	Cg002G075700
OG0007483	g10810	Cg002G075590
OG0007484	g10761	Cg002G075020
OG0007485	g31550	Cg006G231130
OG0007486	g16698	Cg002G074270
OG0007487	g10678	Cg002G074120
OG0007488	g10674, g16694	Cg002G074040
OG0007489	g10668	Cg002G073820
OG0007490	g10659	Cg002G073680
OG0007493	g10610	Cg002G072980, Cg002G072990
OG0007495	g10573	Cg002G072260
OG0007496	g1590	Cg002G072210
OG0007497	g10545	Cg002G071820
OG0007498	g10533	Cg002G071580
OG0007499	g10528	Cg002G071500
OG0007501	g10513	Cg002G071280, Cg002G071300
OG0007502	g10512	Cg002G071270
OG0007503	g10495	Cg002G071050
OG0007504	g10462	Cg002G070650
OG0007506	g10365	Cg002G068050
OG0007507	g16904	Cg002G067660, Cg001G039210
OG0007509	g10321	Cg002G065570
OG0007510	g41777	Cg007G267100
OG0007511	g41818	Cg007G266870
OG0007512	g44970	Cg007G266470
OG0007513	g45018	Cg007G265270
OG0007514	g45021	Cg007G265220
OG0007515	g45049	Cg007G264510
OG0007516	g45091	Cg007G262580, Cg007G263570
OG0007517	g29012	Cg008G298090
OG0007518	g40749	Cg007G245650
OG0007519	g36693	Cg006G195160
OG0007520	g40819	Cg007G246160
OG0007521	g40806	Cg007G246310
OG0007522	g40783	Cg007G246640
OG0007523	g40847	Cg007G247020
OG0007524	g45107	Cg007G247090
OG0007525	g40855	Cg007G247200
OG0007526	g44244, g40864	Cg007G247330
OG0007527	g40903	Cg007G247890
OG0007528	g44225	Cg007G247990
OG0007529	g40924, g37947	Cg003G087650, Cg003G087820
OG0007530	g7293	Cg004G128360
OG0007531	g13142, g7295	Cg004G128340
OG0007532	g7300	Cg004G128330
OG0007533	g7307	Cg004G128210
OG0007534	g17115, g17070	Cg001G012650
OG0007535	g23734, g17150	Cg001G014930
OG0007536	g47566	Cg001G014790
OG0007537	g47572	Cg001G014690
OG0007538	g51955	Cg005G165170
OG0007540	g51947, g38146	Cg005G165340
OG0007541	g13021	Cg004G124790
OG0007542	g13015	Cg004G124800
OG0007543	g7510	Cg004G124850
OG0007544	g13050	Cg004G125130
OG0007545	g13054, g7484	Cg004G125180
OG0007546	g13061	Cg004G125350
OG0007547	g7466	Cg004G125430
OG0007548	g45368	Cg008G284480
OG0007549	g12387	Cg004G125630
OG0007550	g13070	Cg004G125710
OG0007551	g7436	Cg004G125950
OG0007552	g7427	Cg004G126140
OG0007553	g5681, g29785	Cg008G285460
OG0007554	g7413, g12355	Cg004G126430
OG0007555	g12331	Cg004G126940
OG0007556	g12327	Cg004G127020
OG0007557	g12322, g7384	Cg004G127130
OG0007558	g12320	Cg004G127260
OG0007559	g7369	Cg004G127390
OG0007560	g7364	Cg004G127490
OG0007561	g7359	Cg004G127530
OG0007562	g13124	Cg004G127580
OG0007563	g17064	Cg001G012590
OG0007564	g12298, g7343	Cg004G127710
OG0007565	g12297, g13129	Cg004G127720
OG0007566	g7341	Cg004G127760
OG0007568	g12286	Cg004G128080
OG0007569	g47872, g18201	Cg002G049050, Cg008G306350
OG0007570	g1468	Cg003G091280
OG0007571	g10915	Cg008G324390
OG0007572	g54003	Cg006G202780
OG0007573	g28285	Cg003G096600
OG0007574	g1382, g28286	Cg003G096750
OG0007575	g1369	Cg003G096970
OG0007576	g28296	Cg003G097040
OG0007577	g18151	Cg001G007000
OG0007578	g882	Cg003G099190
OG0007579	g41280	Cg003G100210
OG0007581	g28405	Cg003G099910
OG0007582	g28400	Cg003G099840
OG0007583	g28397, g41255	Cg003G099810
OG0007584	g41282	Cg003G100240
OG0007585	g28421	Cg003G100310
OG0007586	g28456	Cg003G101300
OG0007587	g940, g28448	Cg003G101080
OG0007588	g956	Cg003G101620
OG0007589	g28488, g39413	Cg003G101810
OG0007590	g28496	Cg003G102210
OG0007591	g39367, g28521	Cg003G102900
OG0007592	g28530	Cg003G103160
OG0007593	g1046	Cg003G103380
OG0007594	g28548	Cg003G103480
OG0007595	g27158	Cg006G234400
OG0007596	g28575	Cg003G104360
OG0007597	g1095	Cg003G104530
OG0007598	g28596	Cg003G104560
OG0007599	g28794, g28601	Cg003G104610
OG0007600	g39307	Cg003G104980
OG0007601	g28641	Cg003G105040
OG0007602	g28650	Cg003G105240
OG0007603	g1139, g28660	Cg003G105370
OG0007604	g1155	Cg003G105750
OG0007605	g10146	Cg008G306980
OG0007606	g5273	Cg008G293540
OG0007607	g5289	Cg008G293280
OG0007608	g29375, g45610	Cg008G293190
OG0007609	g29373, g5293	Cg008G293150
OG0007610	g29389	Cg008G293040
OG0007611	g45597	Cg008G292840
OG0007612	g45589	Cg008G292730
OG0007613	g5326	Cg008G292570
OG0007614	g5331	Cg008G292480
OG0007615	g5338, g29420	Cg008G292380
OG0007616	g5350	Cg008G292240
OG0007617	g5371, g29443	Cg008G291920
OG0007618	g5372, g29445, g45568	Cg008G291900
OG0007619	g29449	Cg008G291700
OG0007620	g29467, g5392	Cg008G291480
OG0007621	g5405	Cg008G291080
OG0007622	g5470	Cg008G289670
OG0007623	g45504, g5486	Cg008G289510
OG0007624	g29577	Cg008G289430
OG0007625	g29581	Cg008G289360
OG0007626	g45493	Cg008G289000
OG0007627	g5515	Cg008G288970
OG0007628	g29604	Cg008G288710
OG0007629	g5555	Cg008G288110
OG0007630	g5562	Cg008G288060
OG0007631	g17552	Cg001G023590
OG0007632	g47240	Cg001G023080
OG0007633	g47248, g24229	Cg001G022900
OG0007634	g24226	Cg001G022820
OG0007635	g24223, g17496	Cg001G022770
OG0007638	g47292	Cg001G021860
OG0007639	g17453	Cg001G021770
OG0007640	g47300	Cg001G021510
OG0007641	g17425, g24128	Cg001G021280
OG0007642	g24079	Cg001G020770
OG0007644	g9870	Cg003G109950
OG0007645	g17374, g47344	Cg001G020320
OG0007646	g47355	Cg001G020060
OG0007648	g47375	Cg001G019600
OG0007649	g47391, g23990	Cg001G019340
OG0007650	g17309	Cg001G018890
OG0007651	g23969	Cg001G018830
OG0007652	g47413	Cg001G018700
OG0007653	g17302	Cg001G018630
OG0007654	g17294	Cg001G018450
OG0007655	g23949	Cg001G018360
OG0007656	g17282	Cg001G018260
OG0007657	g23933	Cg001G018070
OG0007658	g47450	Cg001G017900
OG0007659	g47451, g23918	Cg001G017870
OG0007660	g23884	Cg001G017280
OG0007661	g23878	Cg001G017160
OG0007662	g23860	Cg001G016970
OG0007663	g50683	Cg006G212420
OG0007664	g50690	Cg006G212380
OG0007665	g32666	Cg006G212140
OG0007666	g32730	Cg006G210980
OG0007667	g50756, g32837	Cg006G210370
OG0007668	g27921	Cg006G207770, Cg006G207810
OG0007669	g53907, g35965	Cg006G204040
OG0007670	g36262	Cg006G202370
OG0007671	g53983	Cg006G203100
OG0007672	g54016	Cg006G202220
OG0007673	g7576	Cg004G123740
OG0007675	g32331	Cg006G218340
OG0007677	g32350, g50473	Cg006G218150
OG0007678	g50486, g32356	Cg006G218070
OG0007679	g32389	Cg006G217550
OG0007681	g27700	Cg006G216070
OG0007682	g27710	Cg006G215740
OG0007683	g32487	Cg006G215720
OG0007684	g32492	Cg006G215640
OG0007685	g22993	Cg001G004660
OG0007686	g29839	Cg006G199260
OG0007687	g18235	Cg001G004360
OG0007688	g47946	Cg001G004140
OG0007689	g22961	Cg001G004080
OG0007690	g47965, g22938	Cg001G003830
OG0007691	g22920	Cg001G003640
OG0007693	g22902	Cg001G003410
OG0007694	g47979	Cg001G003180
OG0007695	g38431	Cg005G191240
OG0007696	g22870	Cg001G003060
OG0007698	g22818	Cg001G002530
OG0007699	g22814	Cg001G002470
OG0007700	g22812	Cg001G002460
OG0007701	g18287	Cg001G002280
OG0007702	g22787	Cg001G002060
OG0007703	g22779	Cg001G001970
OG0007704	g22747	Cg001G001700
OG0007705	g22732	Cg001G001540
OG0007706	g22713	Cg001G001370
OG0007707	g18354	Cg001G000380
OG0007709	g16745	Cg001G035990
OG0007710	g43901, g46727	Cg001G038640
OG0007712	g37122	Cg005G171550
OG0007713	g37993	Cg005G171460
OG0007714	g31238, g27106	Cg006G235820
OG0007715	g27754	Cg006G215080
OG0007716	g41491	Cg008G298390
OG0007717	g51509	Cg005G171320
OG0007718	g51506, g37999	Cg005G171380
OG0007719	g40266	Cg003G085230
OG0007720	g40241	Cg003G086020
OG0007721	g40215	Cg003G087210
OG0007722	g32423	Cg006G216470
OG0007723	g51430	Cg005G172390
OG0007724	g51413	Cg005G172540
OG0007725	g51405	Cg005G172670
OG0007726	g51400	Cg005G172750
OG0007727	g51399	Cg005G172760
OG0007728	g51366	Cg005G173080
OG0007729	g37065	Cg005G173140
OG0007730	g11141	Cg008G317980
OG0007731	g40306	Cg003G083880
OG0007732	g40343	Cg003G082990
OG0007733	g40356, g25728	Cg003G082570
OG0007734	g25690	Cg003G082070
OG0007735	g25603	Cg003G081270
OG0007736	g40416	Cg003G081050
OG0007737	g40436	Cg003G080630
OG0007738	g25556, g40457	Cg003G080210, Cg003G093770
OG0007740	g40460	Cg003G093880, Cg003G080120
OG0007741	g11038, g40504	Cg008G321170
OG0007742	g11009	Cg008G321870
OG0007743	g10986	Cg008G322490
OG0007744	g10979, g40569	Cg008G322700
OG0007745	g10963	Cg007G257040
OG0007746	g40594, g10960	Cg008G323180
OG0007747	g40600	Cg008G323310
OG0007748	g40607	Cg008G323560
OG0007749	g10949	Cg008G323610
OG0007750	g10941	Cg008G323940
OG0007751	g29788	Cg008G285330
OG0007752	g10938, g4617	Cg008G324030
OG0007753	g40641	Cg008G324180
OG0007754	g40666	Cg008G324430
OG0007755	g10833	Cg001G025370
OG0007756	g46872	Cg001G033530
OG0007757	g46865	Cg001G033680
OG0007758	g4052	Cg001G027870
OG0007759	g11675	Cg004G142870
OG0007760	g11701, g13513	Cg004G142590
OG0007762	g24594	Cg001G028700
OG0007763	g47043, g36161, g24535	Cg001G027890
OG0007764	g47103	Cg001G026090
OG0007765	g46654	Cg001G041850
OG0007766	g16771	Cg001G042690
OG0007767	g16759	Cg001G043000
OG0007769	g50837	Cg005G157780
OG0007770	g37751	Cg005G157900
OG0007771	g50834	Cg005G157950
OG0007772	g50823	Cg005G158320
OG0007773	g50818	Cg005G158430
OG0007774	g50815	Cg005G158490
OG0007776	g50786, g37673	Cg005G159150
OG0007777	g50781	Cg005G159220
OG0007778	g37649	Cg005G159530
OG0007779	g37643	Cg005G159640
OG0007780	g52294	Cg005G159660
OG0007781	g37642	Cg005G159670
OG0007782	g37641	Cg005G159700
OG0007783	g37640	Cg005G159710
OG0007784	g37635	Cg005G159810
OG0007785	g37621	Cg005G160090
OG0007786	g37608	Cg005G160400
OG0007787	g52196	Cg005G160950
OG0007788	g52165	Cg005G161410
OG0007789	g37531	Cg005G161670
OG0007790	g52157	Cg005G161750
OG0007791	g52141	Cg005G161890
OG0007792	g37469	Cg005G162990
OG0007793	g52062	Cg005G163400
OG0007794	g52020	Cg005G164000
OG0007795	g52039	Cg005G163810
OG0007796	g5843	Cg008G282280, Cg004G124520
OG0007797	g5825	Cg008G282500
OG0007798	g5816	Cg008G282650
OG0007799	g5806	Cg008G282780
OG0007800	g45304	Cg008G282850
OG0007801	g29856	Cg008G283140
OG0007802	g5785	Cg008G283220
OG0007803	g45316	Cg008G283290
OG0007804	g45317	Cg008G283310
OG0007805	g5779	Cg008G283520
OG0007806	g5714, g29816	Cg008G284610
OG0007807	g5759	Cg008G283800
OG0007808	g45373	Cg008G284570, Cg004G144700
OG0007809	g29807	Cg008G284730
OG0007810	g45390	Cg008G284880
OG0007811	g5699, g29801	Cg008G284940
OG0007812	g29800	Cg008G285010
OG0007813	g29796	Cg008G285090
OG0007814	g29113	Cg008G299880
OG0007815	g41420	Cg008G300200
OG0007816	g19912	Cg008G300210
OG0007817	g28926	Cg008G301030
OG0007818	g28918	Cg008G301180
OG0007819	g41379	Cg008G301420
OG0007820	g746	Cg008G301470
OG0007821	g756	Cg008G301530
OG0007822	g759	Cg008G301560
OG0007823	g41365	Cg008G301750
OG0007824	g798	Cg008G302240
OG0007825	g28862, g811	Cg008G302520
OG0007826	g28850	Cg003G108470
OG0007827	g41331	Cg003G108400
OG0007828	g41328	Cg003G108220
OG0007829	g28803	Cg003G107960
OG0007830	g1299	Cg003G107670
OG0007831	g39225, g1284	Cg003G107370
OG0007833	g39256, g1239	Cg003G106610
OG0007834	g39264	Cg003G106470
OG0007835	g318, g9825	Cg003G110950
OG0007836	g314, g15977, g9822	Cg003G111010
OG0007837	g18631	Cg003G111020
OG0007838	g9814	Cg003G111270
OG0007839	g1092, g28589	Cg003G104450
OG0007840	g9793	Cg003G111810
OG0007841	g9790	Cg003G111870
OG0007842	g36015, g18644, g36014	Cg003G112460
OG0007843	g9750, g212	Cg003G112600
OG0007844	g9745	Cg003G112760
OG0007845	g9743	Cg003G112780
OG0007846	g9722	Cg003G112940
OG0007847	g9721	Cg003G113240
OG0007848	g160	Cg003G113300
OG0007849	g9699	Cg003G113680
OG0007850	g141	Cg003G113700
OG0007851	g129	Cg003G113830
OG0007852	g9684, g110	Cg003G114080
OG0007853	g87	Cg003G114340
OG0007854	g81	Cg003G114420
OG0007855	g9667, g74	Cg003G114510
OG0007856	g9649, g51	Cg003G114920
OG0007857	g28	Cg008G297360, Cg003G115380
OG0007858	g19323	Cg002G055670
OG0007859	g9629	Cg003G115530
OG0007860	g25371	Cg014G332950, Cg003G076620
OG0007861	g25368	Cg014G333050, Cg003G076520
OG0007862	g39487	Cg003G076790, Cg014G332810
OG0007863	g25400	Cg003G077050, Cg014G332580
OG0007864	g45261	Cg014G332510, Cg003G077120
OG0007865	g39494	Cg014G331670, Cg003G078010
OG0007866	g25423	Cg003G077810, Cg014G331840
OG0007867	g39538	Cg003G077360, Cg014G332260
OG0007868	g39554	Cg003G078230, Cg014G331420
OG0007869	g39557	Cg014G331390, Cg003G078260
OG0007870	g25464	Cg014G331350, Cg003G078300
OG0007871	g39603	Cg014G330740, Cg003G078790
OG0007872	g25487	Cg003G078870, Cg014G330660
OG0007873	g39631	Cg003G094830, Cg003G079110
OG0007874	g25510, g39637	Cg003G079340, Cg003G094660
OG0007875	g39677	Cg008G320380
OG0007876	g39699	Cg008G319820
OG0007877	g39738	Cg008G318870
OG0007878	g39742	Cg005G173200
OG0007879	g51352	Cg005G173240
OG0007880	g39790	Cg005G174370
OG0007881	g39789	Cg005G174390
OG0007882	g51297	Cg005G174420
OG0007883	g39761	Cg005G173690
OG0007884	g51299	Cg005G174330
OG0007885	g51269	Cg005G174890
OG0007886	g39855	Cg005G175420
OG0007887	g39868	Cg005G175560
OG0007888	g39878	Cg005G175710
OG0007891	g39890, g39889	Cg005G175890
OG0007892	g51213	Cg005G176180
OG0007893	g39917	Cg005G176450
OG0007894	g51201	Cg005G176480
OG0007895	g51193	Cg005G176630
OG0007896	g26996	Cg006G239060
OG0007897	g39952	Cg005G176830
OG0007898	g51098	Cg005G178300
OG0007899	g40000	Cg005G178320
OG0007900	g51078	Cg005G178810
OG0007901	g40036	Cg005G178870
OG0007902	g40046	Cg005G179010
OG0007903	g40080	Cg005G179590
OG0007904	g40141	Cg005G182250
OG0007905	g40175	Cg005G182960
OG0007907	g38279, g36807	Cg005G185360
OG0007908	g38291	Cg005G185940
OG0007909	g23638, g17089	Cg001G013320
OG0007910	g23655	Cg001G013580
OG0007911	g29287, g5162	Cg008G294980
OG0007912	g12716	Cg004G116510
OG0007914	g16736	Cg001G035670
OG0007915	g23696	Cg001G014220
OG0007916	g12741	Cg004G116940
OG0007917	g7918	Cg004G116990
OG0007918	g29261	Cg008G295550
OG0007919	g7901	Cg004G117270
OG0007920	g7880, g6215, g12685	Cg004G117500
OG0007921	g12679	Cg004G117790
OG0007922	g12671	Cg004G117940
OG0007923	g12670, g7848	Cg004G118060
OG0007924	g12659	Cg004G118270
OG0007925	g7824, g12634	Cg004G118600
OG0007926	g12622, g12790	Cg004G119480
OG0007927	g12612, g7790	Cg004G119790
OG0007928	g12815	Cg004G120330
OG0007929	g12589, g7743	Cg004G120380
OG0007930	g12833, g7736	Cg004G120600
OG0007931	g7719, g12842	Cg004G120840
OG0007932	g7725, g42578, g12835	Cg004G120670
OG0007934	g12847	Cg004G120970
OG0007935	g12857	Cg004G121110
OG0007937	g12864	Cg004G121240
OG0007938	g12877	Cg004G121520
OG0007939	g7682	Cg004G121800
OG0007940	g7669	Cg004G121920
OG0007941	g12921	Cg004G122040
OG0007942	g12928	Cg004G122460
OG0007943	g7641	Cg004G122520, Cg004G122560
OG0007944	g7640	Cg004G122590, Cg004G122550
OG0007945	g7638	Cg004G122610
OG0007946	g12930	Cg004G122630
OG0007947	g12931	Cg004G122640
OG0007948	g10224	Cg008G311110, Cg008G309310
OG0007949	g12453	Cg004G123190
OG0007950	g7598, g12445	Cg004G123390
OG0007951	g7584	Cg004G123630
OG0007952	g12978	Cg004G123770
OG0007953	g7568	Cg004G123870
OG0007954	g12433	Cg004G123880
OG0007955	g12996, g12426	Cg004G124040
OG0007956	g7549	Cg004G124150
OG0007957	g7532	Cg004G124460
OG0007958	g51868, g38141	Cg005G165970
OG0007960	g37352	Cg005G166020
OG0007961	g37339	Cg005G166210
OG0007962	g37336, g51823	Cg005G166340
OG0007963	g37320	Cg005G166760
OG0007964	g37296	Cg005G167450
OG0007965	g51565	Cg005G170510
OG0007967	g38029	Cg005G170360
OG0007968	g51586	Cg005G170080
OG0007969	g38039	Cg005G170050
OG0007970	g38046	Cg005G169860
OG0007971	g51616	Cg005G169610
OG0007972	g51619	Cg005G169580
OG0007973	g37194	Cg005G169430
OG0007974	g51630	Cg005G169300
OG0007975	g51657, g38075	Cg005G168870
OG0007976	g38081	Cg005G168790
OG0007977	g51664, g38085	Cg005G168730
OG0007978	g51677	Cg005G168560
OG0007979	g51695, g37252	Cg005G168280
OG0007980	g51709	Cg005G168110
OG0007981	g51716	Cg005G167990
OG0007982	g51545	Cg005G170760
OG0007983	g49939, g31597	Cg006G230440
OG0007984	g49965, g31642	Cg006G229700
OG0007985	g31661	Cg006G229240
OG0007986	g27396	Cg006G228170
OG0007987	g31766	Cg006G227750
OG0007988	g31756	Cg006G227830
OG0007989	g31772	Cg006G227680
OG0007990	g50039	Cg006G227670
OG0007991	g31779	Cg006G227570
OG0007992	g31795	Cg006G227420
OG0007993	g31797	Cg006G227380
OG0007994	g31811	Cg006G227140
OG0007995	g31834	Cg006G226710
OG0007996	g31835, g50079	Cg006G226690
OG0007997	g31851	Cg006G226560
OG0007998	g50087	Cg006G226530
OG0007999	g31887	Cg006G226110
OG0008000	g50105	Cg006G226100
OG0008002	g50125	Cg006G225770
OG0008003	g31915, g50131	Cg006G225670
OG0008004	g50157, g27470	Cg006G225150
OG0008005	g44398	Cg007G277110
OG0008006	g31958	Cg006G224990
OG0008007	g31985	Cg006G224690
OG0008008	g50192	Cg006G224570
OG0008009	g31995, g50197	Cg006G224530
OG0008010	g46324	Cg007G277780
OG0008011	g31997	Cg006G224520
OG0008012	g50202	Cg006G224420
OG0008013	g27491	Cg006G224350
OG0008014	g32024	Cg006G223700
OG0008015	g32027	Cg006G223620
OG0008016	g32039	Cg006G223440
OG0008017	g32045	Cg006G223300
OG0008018	g32046, g50278	Cg006G222850
OG0008019	g32101	Cg006G222410
OG0008020	g27555	Cg006G222060
OG0008021	g50326	Cg006G221640
OG0008022	g50372	Cg006G220360
OG0008023	g50373, g32190	Cg006G220350
OG0008024	g32194	Cg006G220270
OG0008025	g44856	Cg007G268270
OG0008026	g32249	Cg006G219590
OG0008027	g32269, g50404	Cg006G219320
OG0008028	g50403, g27629	Cg006G219330
OG0008029	g27633	Cg006G219170
OG0008030	g47492	Cg001G016690
OG0008031	g47497	Cg001G016640
OG0008032	g47501	Cg001G016580
OG0008033	g23834	Cg001G016380
OG0008034	g23829	Cg001G016270
OG0008035	g17183	Cg001G015760
OG0008036	g23791, g47530	Cg001G015690
OG0008037	g47534	Cg001G015550
OG0008038	g47539, g23767	Cg001G015480
OG0008039	g17175	Cg001G015460
OG0008040	g23605	Cg001G012830
OG0008041	g23589	Cg001G012730
OG0008042	g38354	Cg005G189170
OG0008043	g50996, g38362	Cg005G189760
OG0008044	g38387	Cg005G190220
OG0008045	g38436	Cg005G191350
OG0008046	g44538, g46132	Cg007G274720
OG0008047	g38471, g36918	Cg005G191990
OG0008048	g38472, g43539	Cg005G192000
OG0008049	g38476	Cg005G192040
OG0008050	g38483	Cg005G192160
OG0008051	g38486	Cg005G192240
OG0008052	g36943	Cg005G192910
OG0008053	g38517	Cg005G193010
OG0008055	g38528, g50866	Cg005G193400
OG0008056	g38537	Cg005G193620
OG0008057	g38310, g38542	Cg005G193650
OG0008058	g50852	Cg005G193780
OG0008059	g31574	Cg006G230750
OG0008060	g49928	Cg006G230830
OG0008061	g31569	Cg006G230850
OG0008062	g31561	Cg006G230960
OG0008063	g31553, g27284	Cg006G231060
OG0008064	g31537	Cg006G231300
OG0008065	g27269, g31527	Cg006G231490
OG0008066	g31493	Cg006G231920
OG0008067	g31487, g27256	Cg006G231970
OG0008068	g31476, g27246, g49888	Cg006G232240
OG0008069	g49867	Cg006G232770
OG0008070	g49862	Cg006G232880
OG0008072	g49830, g49835, g49841	Cg006G233320
OG0008073	g31388, g49823	Cg006G233410
OG0008074	g27188, g31383	Cg006G233490
OG0008075	g49800	Cg006G233820
OG0008076	g31338, g49784	Cg006G234030
OG0008077	g31337	Cg006G234050
OG0008078	g27163	Cg006G234320
OG0008080	g49777	Cg006G234490
OG0008081	g31264	Cg006G235380
OG0008082	g31249	Cg006G235630
OG0008083	g31241	Cg006G235800
OG0008084	g49723	Cg006G235860
OG0008085	g49702	Cg006G236230
OG0008086	g19151	Cg002G052110
OG0008087	g49657	Cg006G237230
OG0008088	g49672, g31124	Cg006G237490
OG0008089	g49671, g31126	Cg006G237470
OG0008090	g27010, g31071	Cg006G238550
OG0008091	g31050	Cg006G238930
OG0008092	g49561	Cg006G239160
OG0008094	g49552	Cg006G239450
OG0008095	g49547	Cg006G239590
OG0008096	g31010	Cg006G239640
OG0008098	g31005	Cg006G239720
OG0008099	g30993	Cg003G091380, Cg006G239880
OG0008100	g30976	Cg006G240100
OG0008101	g49517	Cg006G240370
OG0008102	g30942	Cg006G240660
OG0008103	g30906	Cg006G241340
OG0008104	g5250	Cg008G293860
OG0008105	g26939, g30877	Cg006G241860
OG0008106	g26937	Cg006G241990
OG0008107	g30871	Cg006G242020
OG0008108	g26926	Cg006G242260
OG0008109	g49422	Cg006G242870
OG0008110	g30833	Cg006G242850
OG0008111	g30834, g26920	Cg006G242840
OG0008112	g49424	Cg006G242810
OG0008113	g49430	Cg006G242640
OG0008115	g26903	Cg006G243190
OG0008116	g49402	Cg006G243240
OG0008117	g49390, g30796	Cg006G243520
OG0008118	g26890	Cg006G243960
OG0008119	g49369	Cg006G243920
OG0008120	g30772	Cg006G243910
OG0008121	g26888	Cg006G244020
OG0008122	g49346, g30769	Cg006G244320
OG0008123	g26870	Cg006G244900
OG0008124	g25333	Cg003G075890
OG0008125	g26856, g30725, g49277	Cg006G245400
OG0008126	g29308, g34695, g43308, g5186	Cg008G294640
OG0008127	g29318, g5202	Cg008G294390
OG0008128	g29291, g5171	Cg008G294930
OG0008129	g29290, g5170	Cg008G294940
OG0008130	g5158, g45672	Cg008G295020
OG0008131	g5099, g29240	Cg008G295880
OG0008132	g45697	Cg008G295840
OG0008133	g5102	Cg008G295820
OG0008134	g29201	Cg008G296410
OG0008135	g45730	Cg008G296720
OG0008136	g45733	Cg008G296750
OG0008137	g5042, g29189	Cg008G296800
OG0008138	g29181	Cg008G296880
OG0008139	g45743	Cg008G297180
OG0008140	g4990	Cg008G297730
OG0008141	g29005	Cg008G298000
OG0008142	g29016	Cg008G298150
OG0008143	g29017, g4950	Cg008G298160
OG0008144	g29023	Cg008G298210
OG0008145	g29036, g41478	Cg008G298580
OG0008146	g29044	Cg008G298760
OG0008147	g29046	Cg008G298790
OG0008148	g29054, g29050	Cg008G298900
OG0008149	g4906	Cg008G299070
OG0008150	g29073	Cg008G299190
OG0008151	g41730, g41445	Cg008G299440
OG0008152	g29082	Cg008G299450
OG0008153	g29092, g4891	Cg008G299490
OG0008154	g29095	Cg008G299600
OG0008155	g29108	Cg008G299780
OG0008156	g18530	Cg008G305950
OG0008157	g10100	Cg008G306010
OG0008158	g4863	Cg008G306020
OG0008159	g4858	Cg008G306090
OG0008160	g4811	Cg008G306400
OG0008161	g4792	Cg008G306660
OG0008162	g10130	Cg008G306720
OG0008163	g18513	Cg008G306890
OG0008164	g4686	Cg008G307070
OG0008165	g10182	Cg008G307940
OG0008166	g10212	Cg008G310660, Cg008G309020
OG0008167	g10205	Cg008G310470, Cg008G308810
OG0008168	g10221	Cg008G311200, Cg008G309350
OG0008169	g10245	Cg008G309800, Cg008G311620
OG0008170	g5247	Cg008G293890
OG0008171	g10253	Cg008G311820, Cg008G310040
OG0008172	g29342, g5258	Cg008G293780
OG0008173	g5263	Cg008G293700
OG0008174	g5265	Cg008G293650
OG0008175	g29649, g45469	Cg008G287850
OG0008177	g29674	Cg008G287350
OG0008178	g45453	Cg008G287310
OG0008179	g29685, g5601	Cg008G287140
OG0008180	g29740	Cg008G286030
OG0008181	g45406, g29787	Cg008G285430
OG0008182	g5679, g5678	Cg008G285360
OG0008183	g29109	Cg008G299790
OG0008184	g10062	Cg008G305070
OG0008185	g10036	Cg008G304660
OG0008186	g10023, g558	Cg008G304340
OG0008187	g552	Cg008G304300
OG0008188	g10021	Cg008G304270
OG0008189	g540	Cg008G304040
OG0008190	g9997	Cg008G303870
OG0008191	g503	Cg008G303430
OG0008192	g9987	Cg008G303380
OG0008193	g9969, g490	Cg008G303190
OG0008194	g44867	Cg007G267990
OG0008195	g468	Cg008G302910
OG0008196	g462	Cg008G302830
OG0008197	g9953	Cg008G302810
OG0008198	g444	Cg003G108650
OG0008199	g424, g9904	Cg003G109100
OG0008201	g394	Cg003G109590
OG0008202	g367, g366	Cg003G110070
OG0008203	g9865	Cg003G110090
OG0008204	g361, g9863	Cg003G110190
OG0008205	g9854	Cg003G110300
OG0008206	g352	Cg003G110340
OG0008208	g327	Cg003G110770
OG0008209	g9827	Cg003G110910
OG0008210	g28723	Cg003G106090
OG0008211	g1190	Cg003G106080
OG0008212	g39278	Cg003G106030
OG0008213	g19322	Cg002G055660
OG0008214	g19330	Cg002G055690
OG0008215	g2496	Cg002G055720
OG0008216	g19341, g2540	Cg002G055990
OG0008217	g2557	Cg002G056290
OG0008218	g2595, g19370	Cg002G056840
OG0008219	g2622, g19396	Cg002G057350
OG0008220	g2624	Cg002G057360
OG0008221	g2633, g19413, g11382	Cg002G057670
OG0008222	g19463	Cg002G058550
OG0008223	g2822	Cg002G060330
OG0008224	g3128	Cg002G063120
OG0008225	g43578	Cg009G326010
OG0008226	g41637	Cg007G267680
OG0008227	g41641	Cg007G267660
OG0008228	g44888	Cg007G267640
OG0008229	g18037, g41644	Cg007G267600
OG0008230	g44891	Cg007G267520
OG0008231	g44892	Cg007G267480
OG0008232	g37108, g51477	Cg005G171760
OG0008233	g41691	Cg007G267330
OG0008234	g44877	Cg007G267820
OG0008235	g44913	Cg007G267250
OG0008236	g44785, g45763	Cg007G269200
OG0008237	g44784	Cg007G269210
OG0008238	g44782, g45769	Cg007G269290
OG0008239	g45819	Cg007G270250
OG0008240	g27573, g32123	Cg006G221470
OG0008241	g6626	Cg004G138770
OG0008242	g45831	Cg007G270620
OG0008243	g45833	Cg007G270640
OG0008244	g45842	Cg007G270700
OG0008245	g45850	Cg007G270790
OG0008246	g44699	Cg007G270840
OG0008247	g45894	Cg007G271470
OG0008248	g45915	Cg007G271800
OG0008249	g45949	Cg007G272190
OG0008250	g45961	Cg007G272630
OG0008251	g46422	Cg007G278770
OG0008252	g46420	Cg007G278750
OG0008253	g46418	Cg007G278730
OG0008254	g46391, g44358	Cg007G278490
OG0008255	g44360	Cg007G278440
OG0008256	g46366	Cg007G278110
OG0008257	g46334	Cg007G277860
OG0008258	g46323	Cg007G277730
OG0008259	g46309	Cg007G277530
OG0008260	g46278	Cg007G277150
OG0008261	g46248	Cg007G276650
OG0008263	g44432, g31895	Cg007G276370
OG0008264	g46233	Cg007G276360
OG0008265	g46226	Cg007G276220
OG0008266	g44442	Cg007G276170
OG0008267	g46211, g44452	Cg007G276070
OG0008268	g46188	Cg007G275680
OG0008269	g46174	Cg007G275410
OG0008270	g44508	Cg007G275210
OG0008271	g44534	Cg007G274810
OG0008272	g44546	Cg007G274600
OG0008273	g46107	Cg007G274400
OG0008274	g46099	Cg007G274280
OG0008275	g44556, g46094	Cg007G274230
OG0008276	g46085	Cg007G274090
OG0008277	g44569	Cg007G273860
OG0008278	g44573	Cg007G273800
OG0008279	g46032	Cg007G273560
OG0008280	g44582	Cg007G273460
OG0008281	g46002	Cg007G272990
OG0008282	g44615	Cg007G272700
OG0008283	g44341	Cg007G279740
OG0008284	g13603	Cg007G280130
OG0008285	g14406	Cg007G280290
OG0008286	g46539	Cg007G280380
OG0008287	g46554	Cg007G280590
OG0008288	g44297	Cg007G280840
OG0008289	g46572	Cg007G280700
OG0008290	g46586	Cg007G281190
OG0008293	g46610	Cg007G281690
OG0008294	g7290, g13145	Cg004G128420
OG0008295	g7264	Cg004G128820
OG0008296	g12251	Cg004G128860
OG0008297	g7252	Cg004G129120
OG0008298	g7237	Cg004G129280
OG0008299	g7205	Cg004G129830
OG0008300	g10075	Cg008G305460
OG0008301	g7202	Cg004G129860
OG0008302	g7201	Cg004G129890
OG0008303	g12210, g7198	Cg004G129920
OG0008304	g13210, g7189	Cg004G130220
OG0008305	g12199	Cg004G130250
OG0008306	g13212	Cg004G130300
OG0008307	g12194, g7173	Cg004G130360
OG0008308	g12160	Cg004G131030
OG0008309	g12151, g7119	Cg004G131230
OG0008310	g7104	Cg004G131560
OG0008311	g7101	Cg004G131590
OG0008312	g54274	Cg006G196960
OG0008313	g1453, g12106	Cg004G132260
OG0008314	g7027	Cg004G132630
OG0008315	g7020	Cg004G132680
OG0008316	g6996, g12073	Cg004G133190
OG0008317	g6957	Cg004G133720, Cg004G133700
OG0008318	g6949	Cg004G133890
OG0008321	g6886	Cg004G134940
OG0008322	g6860	Cg004G135320
OG0008323	g13315, g11995	Cg004G135340
OG0008324	g13320	Cg004G135420
OG0008325	g11977, g6832	Cg004G135760
OG0008326	g13337	Cg004G136160
OG0008327	g6798	Cg004G136190
OG0008329	g3597, g30084, g36100, g30085	Cg002G051950
OG0008330	g11902	Cg004G137480
OG0008331	g47092	Cg001G026580
OG0008332	g6584	Cg004G139640
OG0008333	g11768	Cg004G140390
OG0008334	g11761	Cg004G140770
OG0008335	g6477	Cg004G141710
OG0008336	g11728	Cg004G142030
OG0008337	g11671	Cg004G142960
OG0008338	g41227	Cg003G099370
OG0008339	g6022	Cg004G154370
OG0008340	g14306	Cg004G149870, Cg004G150830
OG0008341	g14236	Cg004G151270
OG0008342	g6150	Cg004G151580
OG0008343	g6139	Cg004G152100
OG0008344	g14103	Cg004G152460
OG0008345	g13716	Cg004G152780
OG0008346	g6098	Cg004G152890
OG0008347	g6091, g14032	Cg004G153390
OG0008348	g6088, g14027	Cg004G153460
OG0008349	g14025	Cg004G153480
OG0008350	g6046	Cg004G153860
OG0008351	g5997	Cg004G154800
OG0008352	g6000	Cg004G154750
OG0008353	g13947	Cg004G154930
OG0008354	g5967	Cg002G069130
OG0008355	g13903	Cg004G155940
OG0008356	g13856, g13822	Cg004G156760
OG0008357	g54369	Cg006G194390, Cg003G097930
OG0008358	g54365	Cg006G194490
OG0008359	g36708	Cg006G194910
OG0008360	g40723	Cg008G325310
OG0008361	g36705	Cg006G194990
OG0008363	g49904, g36669	Cg006G195720
OG0008364	g54301	Cg006G196040
OG0008365	g36634	Cg006G196200
OG0008366	g36625	Cg006G196320
OG0008367	g36611	Cg006G196500
OG0008368	g28006	Cg006G196510
OG0008369	g36605	Cg006G196560, Cg004G119070, Cg004G118830, Cg004G118700, Cg004G118940
OG0008370	g36599	Cg006G196660
OG0008371	g54250	Cg006G197570
OG0008373	g54226	Cg006G198070
OG0008374	g54188	Cg006G198350
OG0008375	g36455, g54209	Cg006G199170
OG0008376	g36435	Cg006G199460
OG0008377	g28057, g54163	Cg006G199540
OG0008378	g54122	Cg006G200400
OG0008379	g28084	Cg006G200620
OG0008380	g17594, g24387	Cg001G025060
OG0008381	g24399	Cg001G025200
OG0008382	g51482	Cg005G171720
OG0008383	g37107	Cg005G171770
OG0008385	g19285	Cg002G054910
OG0008386	g11335, g2426	Cg002G054670
OG0008387	g2416	Cg002G054510
OG0008388	g19258	Cg002G054420
OG0008389	g2409	Cg002G054030
OG0008390	g2398, g19217	Cg002G053810
OG0008391	g19191, g2344	Cg002G053000
OG0008392	g19185, g2338	Cg002G052880
OG0008393	g19174	Cg002G052760
OG0008394	g2327	Cg002G052660
OG0008395	g19166	Cg002G052470
OG0008396	g2460	Cg002G055090
OG0008397	g2296, g11300	Cg002G052230
OG0008398	g2295, g19157	Cg002G052220
OG0008399	g19137	Cg002G051860
OG0008400	g19159	Cg002G052260
OG0008401	g2272	Cg002G051890
OG0008402	g2254	Cg002G051590
OG0008403	g19092	Cg002G051040
OG0008404	g19081	Cg002G050940
OG0008405	g2171	Cg002G050280
OG0008406	g2144	Cg002G049860
OG0008407	g2070	Cg002G049310
OG0008408	g18982, g2118	Cg002G048710
OG0008409	g2035	Cg002G048130
OG0008410	g1978	Cg002G047900
OG0008411	g1989	Cg002G047720
OG0008412	g1990	Cg002G047710
OG0008413	g1997	Cg002G047640
OG0008414	g18929	Cg002G047580
OG0008416	g11204	Cg002G047490
OG0008417	g52089	Cg005G163010
OG0008418	g16857	Cg001G040720
OG0008419	g18896, g2021	Cg002G047090
OG0008420	g2024	Cg002G047000
OG0008421	g2025	Cg002G046970
OG0008422	g18879	Cg002G046880
OG0008423	g11199	Cg002G046830
OG0008424	g1960	Cg002G046760
OG0008425	g18859	Cg002G046490
OG0008426	g11192	Cg002G046410
OG0008427	g18826	Cg002G046220
OG0008429	g18803	Cg002G045950
OG0008430	g1815	Cg002G044920
OG0008431	g1788	Cg002G044690
OG0008432	g1786	Cg002G044670
OG0008433	g1780	Cg002G044540
OG0008434	g1768	Cg002G044430
OG0008435	g1773	Cg002G044470
OG0008436	g18742	Cg002G043800
OG0008437	g18743	Cg002G043790
OG0008438	g18746	Cg002G043760
OG0008439	g11146, g1742	Cg002G043610
OG0008440	g11145	Cg002G043460
OG0008441	g54344, g36687	Cg006G195340
OG0008442	g36670, g35874	Cg006G195710
OG0008447	g51707	Cg005G168120
OG0008450	g45994, g17999	Cg007G272820
OG0008452	g47667	Cg001G012160
OG0008454	g33266, g33567, g22397, g22452, g22311, g22370, g47843	Cg001G006730
OG0008456	g49553	Cg006G239410
OG0008457	g31107	Cg006G237920, Cg006G237910
OG0008458	g27073	Cg006G236710
OG0008459	g31298, g27138	Cg006G234900
OG0008464	g44842	Cg007G268530
OG0008465	g41563, g44844	Cg007G268480
OG0008466	g18043	Cg007G266500
OG0008468	g7393, g12333	Cg004G126910
OG0008469	g29840	Cg008G283880
OG0008470	g38309, g39725	Cg008G319060
OG0008471	g51087, g40025	Cg005G178680
OG0008472	g25018, g25107	Cg007G261060
OG0008473	g1269	Cg003G107040
OG0008474	g1559	Cg002G073400
OG0008475	g896	Cg003G099630
OG0008476	g39289	Cg003G105420
OG0008477	g28864	Cg008G302480
OG0008478	g582	Cg008G304740
OG0008479	g9859	Cg003G110240
OG0008480	g119	Cg003G113950
OG0008482	g32155	Cg006G220860
OG0008483	g35763, g38789	Cg001G030750, Cg001G030840, Cg001G031390, Cg001G031400, Cg004G147330, Cg006G205070
OG0008486	g1392	Cg003G096280, Cg003G090680
OG0008491	g10282	Cg008G312670
OG0008504	g23566	Cg001G012330
OG0008505	g23537	Cg001G011870
OG0008506	g47683	Cg001G011680
OG0008507	g23512	Cg001G011540
OG0008508	g17016	Cg001G011450
OG0008509	g47716	Cg001G010650
OG0008510	g47717	Cg001G010630
OG0008512	g23448	Cg001G010580
OG0008513	g47726	Cg001G010490
OG0008514	g23422	Cg001G010260, Cg001G010250
OG0008515	g16985, g23414	Cg001G010160
OG0008516	g23398	Cg001G010080
OG0008517	g47746	Cg001G010050
OG0008518	g671	Cg008G300350
OG0008519	g23376	Cg001G009680
OG0008520	g23374	Cg001G009650
OG0008521	g23329	Cg001G009150
OG0008522	g16949	Cg001G009000
OG0008523	g47790	Cg001G008780
OG0008524	g47795	Cg001G008680
OG0008525	g47796	Cg001G008620
OG0008526	g23284, g16932	Cg001G008310
OG0008527	g16930, g23278	Cg001G008240
OG0008528	g16926	Cg001G008210
OG0008529	g23249	Cg001G007730
OG0008530	g23219	Cg001G007350
OG0008531	g23234	Cg001G007380
OG0008532	g47827	Cg001G007370
OG0008533	g23200	Cg001G007140
OG0008534	g47820	Cg001G007680
OG0008535	g23191	Cg001G007040
OG0008536	g23190	Cg001G007030
OG0008537	g23189	Cg001G007020
OG0008538	g23183	Cg001G006960
OG0008540	g47874	Cg001G006020
OG0008541	g47865	Cg001G006220
OG0008542	g18186	Cg001G006350
OG0008543	g23095	Cg001G005830
OG0008544	g18208	Cg001G005810
OG0008545	g23077	Cg001G005710
OG0008546	g23059	Cg001G005500
OG0008547	g47900	Cg001G005330
OG0008548	g32523, g27749	Cg006G215000
OG0008550	g32540	Cg006G214390
OG0008551	g32549	Cg006G214230
OG0008553	g32614	Cg006G213590
OG0008554	g24301, g24298	Cg001G023920
OG0008555	g47194	Cg001G024010
OG0008556	g24325, g17565	Cg001G024500
OG0008557	g27187	Cg006G233690
OG0008558	g43893	Cg007G256370
OG0008559	g41134	Cg007G256100
OG0008560	g41112	Cg007G254170
OG0008561	g47831	Cg001G007290
OG0008562	g44031	Cg007G252160
OG0008563	g31224	Cg006G236120
OG0008564	g38259	Cg007G251930
OG0008565	g44106	Cg007G250900
OG0008566	g41032	Cg007G250850
OG0008567	g41002	Cg007G249780
OG0008568	g40999	Cg007G249700
OG0008570	g44154	Cg007G249520
OG0008571	g44167	Cg007G249290
OG0008572	g40970	Cg007G249200
OG0008573	g44180	Cg007G248930
OG0008574	g40952	Cg007G248910
OG0008575	g44186	Cg007G248880
OG0008576	g27164	Cg007G248670
OG0008577	g49782, g31336	Cg006G234070
OG0008578	g31578	Cg006G230700
OG0008579	g10775	Cg002G075220
OG0008580	g10762	Cg002G075040
OG0008581	g10742	Cg002G074920
OG0008582	g10721	Cg002G074560
OG0008583	g16701	Cg002G074280
OG0008584	g10661	Cg002G073700
OG0008585	g10653	Cg002G073500
OG0008586	g1563	Cg002G073130
OG0008587	g10605	Cg002G072880
OG0008588	g10599	Cg002G072790
OG0008589	g10588	Cg002G072630
OG0008590	g10567	Cg002G072150
OG0008591	g10555	Cg002G072000
OG0008592	g10541	Cg002G071680
OG0008593	g1601	Cg002G071660
OG0008594	g10516	Cg002G071340
OG0008595	g10505	Cg002G071210
OG0008596	g10498	Cg006G198900
OG0008597	g10459	Cg002G070580
OG0008598	g10458	Cg002G070550
OG0008599	g10417	Cg002G069100
OG0008600	g10415	Cg002G069150
OG0008601	g4295, g16503	Cg002G069570
OG0008602	g10399	Cg002G069680
OG0008603	g10397	Cg002G069790
OG0008604	g10356	Cg002G067760
OG0008605	g10354	Cg002G067710
OG0008606	g45004	Cg007G265480
OG0008607	g45030	Cg007G264970
OG0008610	g44262	Cg007G245530
OG0008611	g40739	Cg007G245570
OG0008612	g40768	Cg007G245880
OG0008613	g40775	Cg007G245910
OG0008614	g40818	Cg007G246180
OG0008615	g40808	Cg007G246290
OG0008616	g40801	Cg007G246410
OG0008617	g44248	Cg007G246990
OG0008618	g40846	Cg007G246980
OG0008619	g40863	Cg007G247310
OG0008620	g40890, g44232	Cg007G247790
OG0008621	g12272	Cg004G128370
OG0008622	g39304	Cg003G105070
OG0008624	g38151	Cg005G165010
OG0008625	g51972	Cg005G164940
OG0008626	g12402	Cg004G124960
OG0008627	g5720	Cg008G284380
OG0008628	g13073	Cg004G125860
OG0008629	g7418	Cg004G126350
OG0008630	g12348	Cg004G126620
OG0008631	g7402	Cg004G126720
OG0008632	g7377	Cg004G127220
OG0008633	g12319	Cg004G127270
OG0008634	g7347	Cg004G127650
OG0008635	g13130	Cg004G127730
OG0008636	g7342	Cg004G127740
OG0008637	g12292	Cg004G127940
OG0008638	g13139	Cg004G128120
OG0008639	g41149	Cg003G091140
OG0008640	g26831	Cg003G090230, Cg003G095690
OG0008641	g28260	Cg003G090460, Cg003G096010
OG0008642	g28281	Cg003G096550
OG0008643	g1364	Cg003G097080
OG0008644	g1362, g28300	Cg003G097120
OG0008645	g28304	Cg003G097480
OG0008646	g41193, g41175	Cg003G098220
OG0008647	g28350	Cg003G098330
OG0008648	g888	Cg003G099420
OG0008649	g41247	Cg003G099700
OG0008650	g907	Cg003G100050
OG0008651	g901	Cg003G099850
OG0008652	g41254	Cg003G099800
OG0008653	g28425, g922	Cg003G100370
OG0008654	g28426, g41291	Cg003G100400
OG0008655	g28432	Cg003G100500
OG0008656	g927, g28433	Cg003G100520
OG0008657	g28455	Cg003G101280
OG0008658	g28441	Cg003G100800
OG0008659	g948	Cg003G101400
OG0008661	g955	Cg003G101610
OG0008662	g28497	Cg003G102250
OG0008663	g28507, g997	Cg003G102390
OG0008664	g28510	Cg003G102480
OG0008665	g28515	Cg003G102780
OG0008666	g28523	Cg003G102920
OG0008667	g1024	Cg003G102930
OG0008668	g28542, g39357	Cg003G103390
OG0008669	g28555	Cg003G103660
OG0008670	g1068	Cg003G103680
OG0008671	g28558	Cg003G104020
OG0008672	g39338	Cg003G104210
OG0008673	g1083	Cg003G104230
OG0008674	g28592	Cg003G104480
OG0008675	g28609	Cg003G104670
OG0008676	g28622	Cg003G104780
OG0008677	g28632	Cg003G104900
OG0008678	g1118	Cg003G105210
OG0008679	g28666	Cg003G105440
OG0008680	g28680	Cg003G105630
OG0008681	g28681	Cg003G105640
OG0008682	g10306	Cg009G325630, Cg008G313810
OG0008683	g10301	Cg008G313970, Cg009G325980
OG0008684	g10300	Cg008G314050
OG0008685	g29362, g5282	Cg008G293460
OG0008686	g29364	Cg008G293440
OG0008687	g29378	Cg008G293230
OG0008688	g29374	Cg008G293180
OG0008689	g45609	Cg008G293170
OG0008690	g5295	Cg008G293120
OG0008692	g45592	Cg008G292780
OG0008693	g45587	Cg008G292630
OG0008694	g5335, g29418	Cg008G292410
OG0008695	g5344	Cg008G292300
OG0008696	g5347	Cg008G292270
OG0008697	g29426, g32427	Cg008G292210
OG0008698	g5377	Cg008G291770
OG0008699	g29483, g5403	Cg008G291170
OG0008700	g45540	Cg008G290940
OG0008701	g45534	Cg008G290820
OG0008702	g5426, g29513	Cg008G290560
OG0008703	g29540	Cg008G290280
OG0008704	g29550	Cg008G290060
OG0008705	g29554	Cg008G289980
OG0008706	g29566	Cg008G289720
OG0008708	g29574	Cg008G289480
OG0008709	g5500, g29586	Cg008G289280
OG0008710	g5509	Cg008G289050
OG0008711	g5526	Cg008G288750
OG0008712	g5531	Cg008G288720
OG0008713	g29607	Cg008G288620
OG0008714	g29621	Cg008G288430
OG0008715	g24286	Cg001G023780
OG0008716	g24244, g47226	Cg001G023310
OG0008717	g47235	Cg001G023250
OG0008718	g24235	Cg001G023150
OG0008719	g47239, g17520	Cg001G023110
OG0008720	g24233, g17519	Cg001G023100
OG0008721	g24230	Cg001G022910
OG0008722	g47257, g24209	Cg001G022710
OG0008724	g10982	Cg008G322540
OG0008725	g24151	Cg001G021530
OG0008726	g24148, g47302	Cg001G021500
OG0008727	g17428, g24129	Cg001G021290
OG0008728	g24124	Cg001G021240
OG0008729	g17409	Cg001G021180
OG0008730	g47328	Cg001G020740
OG0008731	g24075	Cg001G020710
OG0008732	g24068	Cg001G020570
OG0008733	g24053	Cg001G020310
OG0008734	g47358	Cg001G020000
OG0008735	g17363	Cg001G019830
OG0008736	g24008	Cg001G019550
OG0008737	g47402	Cg001G019190
OG0008738	g47430	Cg001G018370
OG0008739	g40401	Cg003G081500
OG0008740	g47434	Cg001G018240
OG0008741	g17275	Cg001G018080
OG0008742	g23922	Cg001G017950
OG0008743	g17272	Cg001G017920
OG0008744	g47452	Cg001G017810
OG0008745	g23893, g47459	Cg001G017430
OG0008746	g44697	Cg007G270920
OG0008748	g40307, g25782	Cg003G083870
OG0008749	g32680	Cg006G212000
OG0008750	g32738	Cg006G210820
OG0008751	g27810	Cg006G210680
OG0008752	g50753, g32767	Cg006G210530
OG0008753	g32851	Cg006G210180
OG0008754	g32993	Cg006G209350
OG0008755	g35950, g53898	Cg006G204550
OG0008756	g28144	Cg006G204590
OG0008757	g32291, g50420	Cg006G219020
OG0008758	g36186	Cg006G204510
OG0008759	g32305	Cg006G218780
OG0008760	g50460	Cg006G218360
OG0008761	g44572	Cg007G273810
OG0008762	g50503	Cg006G217520
OG0008763	g32392	Cg006G217460
OG0008764	g27689	Cg006G216760
OG0008765	g50552	Cg006G215770
OG0008766	g50565	Cg006G215500
OG0008767	g32502	Cg006G215410
OG0008769	g47932	Cg001G004470
OG0008770	g22974	Cg001G004410
OG0008771	g22960	Cg001G004070
OG0008772	g22922	Cg001G003660
OG0008773	g47974	Cg001G003420
OG0008774	g22878	Cg001G003130
OG0008775	g22869	Cg001G003030
OG0008776	g22855	Cg001G002970
OG0008777	g22851	Cg001G002930
OG0008778	g22806	Cg001G002380
OG0008779	g22803	Cg001G002360
OG0008780	g22789	Cg001G002080
OG0008781	g22780	Cg001G001980
OG0008782	g22778, g22777	Cg001G001960
OG0008783	g22743	Cg001G001660
OG0008784	g18304, g38522	Cg001G001110
OG0008785	g23619	Cg001G013040
OG0008787	g46839	Cg001G034780
OG0008788	g46758	Cg001G037940
OG0008789	g37509	Cg005G162260
OG0008790	g16905	Cg001G039190
OG0008791	g32509	Cg006G215320
OG0008792	g29720	Cg008G286420
OG0008793	g32578	Cg006G214070
OG0008794	g51536	Cg005G170930
OG0008795	g40264	Cg003G085290
OG0008796	g51406	Cg005G172630
OG0008797	g37062	Cg008G318850
OG0008798	g37048	Cg008G318300
OG0008799	g37052	Cg008G318070
OG0008800	g52273, g37625	Cg005G160020
OG0008801	g18465, g18424	Cg011G329120, Cg008G317720
OG0008802	g40308	Cg003G083860
OG0008803	g40354	Cg003G082660
OG0008804	g45142	Cg003G081710
OG0008805	g40399, g25668	Cg003G081550
OG0008806	g25602	Cg003G081290
OG0008807	g25604	Cg003G081260
OG0008809	g25580	Cg003G093670, Cg003G080310
OG0008810	g40464	Cg003G080000, Cg003G094020
OG0008811	g25542	Cg001G019790
OG0008812	g40493	Cg008G320840
OG0008813	g40495	Cg008G320880
OG0008814	g11033	Cg008G321240
OG0008815	g40531	Cg008G321730
OG0008816	g40555	Cg008G322430
OG0008817	g10966	Cg008G323020
OG0008818	g40588	Cg008G323110
OG0008819	g10922	Cg008G324260
OG0008820	g40647	Cg008G324310
OG0008821	g10906	Cg008G324550
OG0008822	g40721	Cg008G325290
OG0008823	g40722	Cg008G325300
OG0008824	g46871, g25206	Cg001G033550
OG0008825	g46946	Cg001G031460
OG0008826	g24752, g24757	Cg001G030360
OG0008827	g46652	Cg001G030150, Cg005G174220
OG0008828	g24635	Cg001G029420
OG0008829	g13490	Cg004G142050
OG0008830	g24562	Cg001G028100
OG0008831	g17726	Cg001G027950
OG0008832	g24534	Cg001G027880
OG0008833	g47075	Cg001G027080
OG0008834	g17684	Cg001G026620
OG0008835	g24471	Cg001G026570
OG0008836	g36165, g14875, g52876, g43248	Cg001G026010
OG0008837	g47106	Cg001G025930
OG0008840	g46664	Cg001G041310
OG0008841	g16802	Cg001G041910
OG0008842	g46651, g16804	Cg001G041890
OG0008843	g16779, g16781	Cg001G042410
OG0008844	g46626	Cg001G042820
OG0008845	g46622	Cg001G042940
OG0008846	g5965	Cg005G157600
OG0008847	g37766	Cg005G157670
OG0008848	g37764	Cg005G157720
OG0008849	g37686	Cg005G158970
OG0008850	g50790	Cg005G159080
OG0008851	g50783	Cg005G159200
OG0008852	g52296	Cg005G159590
OG0008853	g52295	Cg005G159650
OG0008854	g37627	Cg005G160000
OG0008855	g37610	Cg005G160380
OG0008856	g37591	Cg005G160590
OG0008857	g37586	Cg005G160680
OG0008858	g52241	Cg005G160750
OG0008859	g1930	Cg002G046380
OG0008860	g38226	Cg005G161620
OG0008861	g52158	Cg005G161740
OG0008862	g52151, g52149	Cg005G161780
OG0008863	g52148	Cg005G161790
OG0008864	g37523	Cg005G161960
OG0008865	g37496	Cg005G162570
OG0008866	g52094	Cg005G162830
OG0008867	g18909	Cg002G047360
OG0008868	g52077	Cg005G163270
OG0008869	g37446	Cg005G163590
OG0008871	g37443	Cg005G163650
OG0008872	g5361	Cg008G292160
OG0008873	g52010	Cg005G164110
OG0008874	g37402	Cg005G164240
OG0008875	g51995	Cg005G164480
OG0008876	g37391	Cg005G164490
OG0008877	g45289	Cg008G282520
OG0008878	g45294	Cg008G282620
OG0008879	g5814	Cg008G282670
OG0008880	g5807	Cg008G282770
OG0008881	g5788	Cg008G283180
OG0008882	g29847	Cg008G283500
OG0008883	g5752	Cg008G283870
OG0008884	g29831	Cg008G284420
OG0008885	g5717	Cg008G284500
OG0008886	g29809	Cg008G284690
OG0008887	g5698	Cg008G284960
OG0008888	g29112	Cg008G299830
OG0008889	g29127	Cg008G300120
OG0008890	g653, g28980	Cg008G300170
OG0008891	g28975	Cg008G300230
OG0008892	g704	Cg008G300620
OG0008893	g705	Cg008G300640
OG0008894	g664	Cg008G300250
OG0008895	g41401, g28929	Cg008G300960
OG0008896	g448	Cg003G108550
OG0008897	g28909	Cg008G301370
OG0008898	g743	Cg008G301390
OG0008899	g28901	Cg008G301580
OG0008900	g763	Cg008G301640
OG0008901	g28897	Cg008G301670
OG0008902	g770	Cg008G301790
OG0008903	g28873	Cg008G302140
OG0008904	g28871	Cg008G302180
OG0008905	g816	Cg008G302590
OG0008906	g41333	Cg008G302730
OG0008907	g831	Cg003G108390
OG0008908	g28805	Cg003G107980
OG0008909	g266	Cg003G111720
OG0008910	g1295	Cg003G107640
OG0008911	g28783	Cg003G107630
OG0008912	g41303	Cg003G107540
OG0008913	g28763	Cg003G107460
OG0008914	g28761	Cg003G107430
OG0008915	g39245	Cg003G106790
OG0008916	g1245, g39248	Cg003G106710
OG0008917	g28746	Cg003G107190
OG0008918	g1257	Cg003G106870
OG0008919	g1240	Cg003G106620
OG0008920	g1236	Cg003G106580
OG0008921	g1232	Cg003G106540
OG0008922	g274	Cg003G111600
OG0008923	g9799, g270	Cg003G111660
OG0008924	g49612	Cg006G237830
OG0008925	g9796	Cg003G111770
OG0008927	g9770, g240	Cg003G112220
OG0008928	g9753	Cg003G112560
OG0008929	g9746	Cg003G112710
OG0008930	g197, g18663	Cg003G113150
OG0008931	g177	Cg003G113050
OG0008932	g9724	Cg003G113030
OG0008933	g117, g9687	Cg003G114010
OG0008934	g107	Cg003G114120
OG0008935	g88	Cg003G114310
OG0008936	g9669	Cg003G114450
OG0008937	g9660	Cg003G114830
OG0008938	g9644	Cg003G114980
OG0008939	g19653	Cg003G115000
OG0008940	g19647, g38	Cg003G115130
OG0008941	g19644	Cg003G115290
OG0008942	g27	Cg003G115390
OG0008945	g14, g9626	Cg003G115670
OG0008947	g45269	Cg003G076580, Cg014G332990
OG0008948	g26863	Cg006G245070
OG0008949	g25358	Cg003G076300, Cg014G333280
OG0008950	g25351	Cg014G333370, Cg003G076210
OG0008951	g39452	Cg003G076190
OG0008952	g45255	Cg014G332800, Cg003G076800
OG0008953	g45263	Cg003G101120
OG0008954	g39492	Cg014G331650, Cg003G078040
OG0008955	g39536, g25449	Cg003G077400, Cg014G332220
OG0008956	g39540	Cg005G186550
OG0008957	g39555	Cg014G331410, Cg003G078240
OG0008958	g39605	Cg014G330720, Cg003G078810
OG0008959	g39611	Cg003G078890, Cg003G095060
OG0008960	g25496	Cg003G094780, Cg003G079220
OG0008961	g39634	Cg003G079240, Cg003G094760
OG0008962	g51348	Cg005G173300
OG0008963	g39704	Cg008G319770
OG0008964	g39706	Cg008G319750
OG0008965	g46869	Cg008G319380
OG0008966	g39723, g11107	Cg008G319220
OG0008967	g51341, g39748	Cg005G173340
OG0008968	g51335	Cg005G173530
OG0008969	g39750	Cg005G173410
OG0008970	g39767	Cg005G173820
OG0008971	g51321	Cg005G173760
OG0008974	g51304	Cg005G174190
OG0008975	g27970, g49271, g5	Cg006G194000
OG0008977	g51251	Cg005G175240
OG0008978	g39850	Cg005G175390
OG0008979	g39869	Cg005G175570
OG0008980	g39884, g37902	Cg005G175380
OG0008981	g39897	Cg005G176010
OG0008982	g51194	Cg005G176610, Cg005G176550
OG0008984	g51139	Cg005G177590
OG0008985	g40015	Cg005G177880
OG0008986	g51120	Cg005G177900
OG0008987	g37849	Cg005G178140
OG0008988	g40003	Cg005G178170
OG0008989	g37845, g39981	Cg005G178530
OG0008990	g51090	Cg005G178590
OG0008991	g40038	Cg005G178900
OG0008992	g40048	Cg005G179030
OG0008993	g53382	Cg005G179250
OG0008994	g40089	Cg005G179720
OG0008995	g40090	Cg005G179730
OG0008996	g40125	Cg005G181530
OG0008997	g40119, g53543	Cg005G181230
OG0008998	g40115	Cg005G181100
OG0008999	g40102	Cg005G180430
OG0009001	g38272	Cg005G185000
OG0009002	g51068	Cg005G187230
OG0009003	g36847	Cg005G187240, Cg005G185840
OG0009004	g23632	Cg001G013220
OG0009005	g17086	Cg001G013260
OG0009006	g23658	Cg001G013620
OG0009007	g49985	Cg004G116630
OG0009008	g7929	Cg004G116610
OG0009009	g7930	Cg004G116600
OG0009010	g7942	Cg004G116350
OG0009011	g7941	Cg004G116360
OG0009012	g7946	Cg004G116240
OG0009013	g23704	Cg001G014330
OG0009014	g47613	Cg001G013730
OG0009015	g47605	Cg001G013860
OG0009016	g7914	Cg004G117040
OG0009017	g7896	Cg004G117320
OG0009018	g7866	Cg004G117670
OG0009019	g7862	Cg004G117750
OG0009020	g7852	Cg004G118010
OG0009021	g7842	Cg004G118100
OG0009022	g12662	Cg004G118240
OG0009023	g7833	Cg004G118310
OG0009024	g7832	Cg004G118320
OG0009025	g12635	Cg005G166380, Cg004G118590
OG0009026	g12780	Cg004G119360
OG0009027	g12801	Cg004G119680
OG0009028	g7793	Cg004G119760
OG0009029	g7792	Cg004G119770
OG0009030	g7781	Cg004G119930
OG0009031	g7772, g7763	Cg004G120080
OG0009032	g7749	Cg004G120260
OG0009033	g12592	Cg004G120300
OG0009034	g12591	Cg004G120340
OG0009035	g12582	Cg004G120580
OG0009037	g7714	Cg004G120940
OG0009038	g12875	Cg004G121470
OG0009039	g7686	Cg004G121490
OG0009041	g7656	Cg004G122220
OG0009042	g7642	Cg004G122490
OG0009043	g12935, g12482	Cg004G122690
OG0009044	g7622	Cg004G122940
OG0009045	g7610	Cg004G123160
OG0009047	g7600	Cg004G123370
OG0009048	g7597	Cg008G309980, Cg008G311770
OG0009049	g12965	Cg004G123420
OG0009050	g25028	Cg004G124020
OG0009051	g38281	Cg005G185410
OG0009052	g26908	Cg007G268500
OG0009053	g7552, g12992	Cg004G124120
OG0009054	g12420	Cg004G124160
OG0009055	g53945	Cg006G203160
OG0009056	g51915	Cg005G165530
OG0009057	g51909	Cg005G165600
OG0009058	g51886	Cg005G165650
OG0009059	g51880	Cg005G165740
OG0009060	g51468	Cg005G165800
OG0009061	g37351	Cg005G165930
OG0009062	g51800	Cg005G166560
OG0009063	g51793	Cg005G166570
OG0009064	g38128	Cg005G166730
OG0009065	g51763	Cg005G167050
OG0009066	g51774	Cg005G166820
OG0009067	g51756	Cg005G167130
OG0009068	g51737	Cg005G167570
OG0009069	g44860	Cg007G268100
OG0009070	g51735	Cg005G167590
OG0009071	g37149	Cg005G170430
OG0009072	g38028, g37156	Cg005G170370
OG0009073	g37160	Cg005G170350
OG0009075	g51587	Cg005G170060
OG0009076	g51599	Cg005G169900
OG0009077	g51613	Cg005G169620
OG0009078	g51623	Cg005G169460
OG0009079	g51634	Cg005G169140
OG0009080	g51675	Cg005G168580
OG0009081	g51676	Cg005G168570
OG0009082	g37287, g51728	Cg005G167700
OG0009083	g51727	Cg005G167720
OG0009084	g51692	Cg005G168350
OG0009085	g37278	Cg005G167820
OG0009086	g37269	Cg005G168020
OG0009087	g51714	Cg005G168030
OG0009088	g51547	Cg005G170740
OG0009089	g31585	Cg006G230640
OG0009090	g31586	Cg006G230620
OG0009091	g31596, g27302	Cg006G230450
OG0009092	g49942	Cg006G230390
OG0009093	g31610	Cg006G230290
OG0009094	g31614, g49946	Cg006G230240
OG0009095	g31628	Cg006G229920
OG0009096	g49962	Cg006G229790
OG0009097	g49970	Cg006G229550
OG0009098	g27345, g31653	Cg006G229460
OG0009099	g31654	Cg006G229430
OG0009100	g27357	Cg006G229090
OG0009101	g49994	Cg006G228740
OG0009102	g31699	Cg006G228610
OG0009103	g31702	Cg006G228590
OG0009104	g50012	Cg006G228340
OG0009105	g31754	Cg006G227840
OG0009106	g27412	Cg006G227460
OG0009110	g31816	Cg006G226970
OG0009111	g31889	Cg006G226050
OG0009112	g31890	Cg006G226040
OG0009113	g50126	Cg006G225760
OG0009115	g50166	Cg006G224900
OG0009116	g19162	Cg002G052340
OG0009117	g50211	Cg006G224110
OG0009118	g50225	Cg006G223980
OG0009119	g32019	Cg006G223970
OG0009120	g27527	Cg006G223220
OG0009121	g50251, g27528	Cg006G223210
OG0009122	g32047	Cg006G222800
OG0009123	g50291	Cg006G222520
OG0009124	g32100	Cg006G222400
OG0009125	g27554	Cg006G222110
OG0009126	g50335	Cg006G221440
OG0009127	g27580	Cg006G221250
OG0009128	g50349, g32146	Cg006G221030
OG0009130	g45791	Cg007G269570
OG0009131	g32161	Cg006G220730
OG0009132	g32170	Cg006G220600
OG0009133	g27597	Cg006G220490
OG0009134	g32180	Cg006G220480
OG0009135	g32200, g27607	Cg006G220180
OG0009137	g27616	Cg006G219860
OG0009138	g32225	Cg006G219830
OG0009139	g50398	Cg006G219550
OG0009140	g50407, g32279	Cg006G219280
OG0009141	g47500	Cg001G016600
OG0009142	g1500	Cg003G091860
OG0009143	g23833	Cg001G016370
OG0009144	g47523	Cg001G016050
OG0009145	g17188	Cg001G015940
OG0009146	g51038	Cg005G188360
OG0009148	g38345	Cg005G188950
OG0009149	g38340	Cg005G188900
OG0009150	g50993	Cg005G189920
OG0009151	g38391	Cg005G190130
OG0009152	g38401, g27289	Cg005G190750
OG0009153	g38411	Cg005G191010
OG0009154	g38437, g50952	Cg005G191370
OG0009155	g36914	Cg005G191590
OG0009156	g19308	Cg002G055360
OG0009157	g38485	Cg005G192210
OG0009158	g50898	Cg005G192360
OG0009159	g36955	Cg005G193020
OG0009162	g31570	Cg006G230840
OG0009163	g31551	Cg006G231100
OG0009164	g31541	Cg006G231270
OG0009165	g31508	Cg006G231770
OG0009166	g31506	Cg006G231800
OG0009167	g31486	Cg006G232010
OG0009168	g31447	Cg006G232640
OG0009169	g31449	Cg006G232610
OG0009170	g31420	Cg006G232940
OG0009171	g31378	Cg006G233550
OG0009172	g49781	Cg006G234090
OG0009173	g31331	Cg006G234210
OG0009174	g49773	Cg006G234550
OG0009175	g31275, g27127	Cg006G235200
OG0009176	g49745	Cg006G235230
OG0009177	g31269	Cg006G235320
OG0009178	g31243	Cg006G235740
OG0009179	g31221	Cg006G236160
OG0009180	g31226, g49713	Cg006G236070
OG0009181	g49626	Cg006G236530
OG0009182	g49637, g27069	Cg006G236750
OG0009183	g31174	Cg006G239520
OG0009184	g49638	Cg006G236970
OG0009185	g31152	Cg006G237070
OG0009186	g674, g28965	Cg008G300390
OG0009187	g31141	Cg006G237190
OG0009188	g49658	Cg006G237240
OG0009189	g49670	Cg006G237460
OG0009190	g27030	Cg006G237450
OG0009191	g31128	Cg006G237430
OG0009192	g27032, g31129	Cg006G237410
OG0009193	g49675	Cg006G237530
OG0009194	g27026	Cg006G237590
OG0009196	g49694	Cg006G237710
OG0009197	g49583	Cg006G238390
OG0009199	g27001	Cg006G238950
OG0009200	g31003	Cg006G239740
OG0009201	g30997, g26975	Cg006G239820
OG0009202	g30991	Cg006G239920
OG0009203	g30990	Cg006G239960
OG0009205	g49515	Cg006G240530
OG0009206	g30927, g49493	Cg006G240930
OG0009207	g49492	Cg006G240960
OG0009208	g30923	Cg006G241090
OG0009209	g32231	Cg007G281320
OG0009210	g30893	Cg006G241420
OG0009211	g49465	Cg006G241560
OG0009212	g49464	Cg006G241610
OG0009213	g30876	Cg006G241890
OG0009214	g30865	Cg006G242160
OG0009215	g30845	Cg006G242430
OG0009216	g26906	Cg006G242930
OG0009217	g49399	Cg006G243270
OG0009218	g30805	Cg006G243340
OG0009219	g30794	Cg006G243580
OG0009220	g49378	Cg006G243810
OG0009221	g30773	Cg006G243900
OG0009222	g49358	Cg006G244100
OG0009223	g49356	Cg006G244190
OG0009224	g49350	Cg006G244270
OG0009225	g30762	Cg006G244400
OG0009226	g49341	Cg006G244470
OG0009227	g26875	Cg006G244540
OG0009228	g30737	Cg006G244830
OG0009229	g49303	Cg014G333110, Cg003G076470
OG0009231	g30721	Cg006G245410
OG0009233	g5223	Cg008G294150
OG0009234	g5203	Cg008G294380
OG0009235	g45637	Cg008G294260
OG0009236	g45673	Cg008G295130
OG0009237	g29278	Cg008G295180
OG0009238	g5142	Cg008G295250
OG0009239	g5093, g29238	Cg008G295920
OG0009240	g45692	Cg008G295700
OG0009241	g5128	Cg008G295500
OG0009242	g29220	Cg008G296070
OG0009243	g5062	Cg008G296440
OG0009244	g45723	Cg008G296510
OG0009245	g29178	Cg008G296960
OG0009246	g45739	Cg008G297020
OG0009247	g5004	Cg008G297300
OG0009248	g5000	Cg008G297490
OG0009249	g4987, g3922, g4018, g3921	Cg008G297870
OG0009250	g29031	Cg008G298460
OG0009251	g29075, g4901	Cg008G299280
OG0009252	g29078	Cg008G299350
OG0009253	g4877	Cg008G299720
OG0009254	g29106, g4872	Cg008G299730
OG0009255	g10150	Cg008G307020
OG0009256	g10176	Cg008G307700
OG0009257	g4115, g4116, g22330, g35991	Cg008G308900, Cg008G310550
OG0009258	g10184	Cg008G308080
OG0009259	g10216	Cg008G310720, Cg008G309080
OG0009260	g10232	Cg008G310970, Cg008G309210
OG0009261	g5770, g5771, g10230	Cg008G309240, Cg008G311010
OG0009262	g29343	Cg008G293770
OG0009263	g45623	Cg008G293690
OG0009264	g45462, g29655	Cg008G287650
OG0009265	g29653	Cg008G287670
OG0009267	g5241, g45627	Cg008G293950
OG0009268	g29662	Cg008G287520
OG0009269	g5589	Cg008G287490
OG0009270	g50766, g13773	Cg008G293500
OG0009271	g29691, g45450	Cg008G287070
OG0009272	g5607	Cg008G287060
OG0009273	g29696	Cg008G286870
OG0009274	g29699	Cg008G286810
OG0009275	g45436, g5621	Cg008G286630
OG0009276	g29731	Cg008G286200
OG0009277	g29735	Cg008G286090
OG0009278	g29737	Cg008G286060
OG0009279	g29757	Cg008G285860
OG0009280	g29767, g5662	Cg008G285640
OG0009281	g10071	Cg008G305260
OG0009283	g604	Cg008G305300
OG0009284	g10058	Cg008G305040
OG0009285	g10049	Cg008G304880
OG0009286	g581	Cg008G304730
OG0009287	g578	Cg008G304600
OG0009288	g577, g10033	Cg008G304580
OG0009289	g10024	Cg008G304350
OG0009290	g551	Cg008G304290
OG0009291	g19135	Cg002G051810
OG0009292	g549	Cg008G304250
OG0009293	g10016, g10013	Cg008G304110
OG0009294	g511	Cg008G303600
OG0009295	g492	Cg008G303220
OG0009296	g9961, g488	Cg008G303140
OG0009297	g483	Cg008G303050
OG0009298	g9959	Cg008G303020
OG0009299	g465	Cg008G302880
OG0009300	g9920	Cg003G108860
OG0009301	g399	Cg003G109490
OG0009302	g390	Cg003G109630
OG0009303	g331	Cg003G110680
OG0009304	g19485	Cg002G058880
OG0009305	g51953	Cg003G110840
OG0009306	g1221	Cg003G106370
OG0009307	g1177	Cg007G249940, Cg003G105980
OG0009308	g19317	Cg002G055550
OG0009309	g2489	Cg002G055600
OG0009310	g11352	Cg002G055620
OG0009311	g2508	Cg002G055780
OG0009313	g19353	Cg002G056190
OG0009314	g2563	Cg002G056320
OG0009315	g19379	Cg002G056920
OG0009316	g11367	Cg002G056940
OG0009317	g19383	Cg002G056960
OG0009318	g2620	Cg002G057260
OG0009319	g2631	Cg002G057640
OG0009320	g2644	Cg002G057810
OG0009321	g2689	Cg002G058190
OG0009322	g2704	Cg002G058390
OG0009323	g19461	Cg002G058490
OG0009324	g19465, g19464	Cg002G058560
OG0009325	g19496	Cg002G059000
OG0009326	g2752, g19491	Cg002G059100
OG0009327	g2787, g11405, g11398	Cg002G059760
OG0009328	g19609	Cg002G063580
OG0009329	g11522, g19620	Cg002G066270
OG0009330	g23206	Cg001G007220
OG0009331	g10308	Cg002G066050
OG0009332	g41728	Cg007G267210
OG0009333	g44915	Cg007G267230
OG0009334	g41505	Cg007G268770
OG0009335	g44801	Cg007G269050
OG0009336	g44813	Cg007G268940
OG0009337	g44781	Cg007G269320
OG0009338	g44767	Cg007G269690
OG0009339	g45789	Cg007G269590
OG0009340	g45800	Cg007G269830
OG0009341	g40188	Cg005G183510
OG0009342	g44724	Cg007G270200
OG0009343	g45817	Cg007G270220, Cg007G270210
OG0009344	g44708	Cg007G270430
OG0009345	g45853, g44701	Cg007G270820
OG0009346	g44689	Cg007G271140
OG0009347	g44662	Cg007G271680
OG0009348	g44656, g45917	Cg007G271820
OG0009349	g44647	Cg007G272040
OG0009350	g45991	Cg007G272270
OG0009351	g45976	Cg007G272330
OG0009352	g45963	Cg007G272600
OG0009353	g45956	Cg007G272670
OG0009354	g45955	Cg007G272680
OG0009355	g18007	Cg007G272690
OG0009356	g46431	Cg007G278860
OG0009357	g46339	Cg007G277940
OG0009358	g46336	Cg007G277880
OG0009359	g44367	Cg007G277680
OG0009360	g6682, g11874	Cg004G138240
OG0009361	g44375	Cg007G277580
OG0009362	g44382, g46310	Cg007G277510
OG0009363	g46228	Cg007G276240
OG0009364	g46189	Cg007G275690
OG0009366	g44491	Cg007G275400
OG0009367	g46145	Cg007G274990
OG0009369	g44520	Cg007G274940
OG0009370	g46098	Cg007G274270
OG0009371	g46076	Cg007G273980
OG0009372	g31765	Cg006G227760
OG0009373	g44565	Cg007G273920
OG0009375	g44574	Cg007G273790
OG0009376	g28801	Cg003G107910, Cg003G107920
OG0009377	g44583, g46026	Cg007G273450
OG0009378	g46008	Cg007G273130
OG0009379	g44601	Cg007G273090
OG0009381	g44605	Cg007G272930
OG0009382	g45953, g44612	Cg007G272750
OG0009383	g18501	Cg007G279040, Cg007G278970
OG0009385	g46452	Cg007G279120
OG0009386	g46463, g44356	Cg007G279250
OG0009387	g46466	Cg007G279290, Cg008G312910
OG0009388	g44354	Cg007G279330
OG0009389	g46476	Cg007G279440
OG0009390	g44349, g46492	Cg007G279620
OG0009391	g46501	Cg007G279820
OG0009392	g44307	Cg007G280370
OG0009393	g46540	Cg007G280390
OG0009395	g44292, g46571	Cg007G280710
OG0009396	g46593	Cg007G281280
OG0009397	g44276	Cg007G281370
OG0009398	g46604	Cg007G281560
OG0009399	g46605	Cg007G281590
OG0009400	g39222	Cg007G281710
OG0009402	g7268	Cg004G128750
OG0009403	g7263	Cg004G128830
OG0009404	g7262	Cg004G128850
OG0009405	g12247, g7254	Cg004G129070
OG0009406	g13166	Cg004G129210
OG0009407	g7232	Cg004G129400
OG0009408	g7216	Cg004G129640
OG0009410	g12192	Cg004G130400
OG0009411	g12183	Cg004G130490
OG0009412	g12180, g7163	Cg004G130560
OG0009413	g12176, g13220	Cg004G130680
OG0009414	g12166	Cg004G130830
OG0009415	g7144	Cg004G130850
OG0009416	g7120	Cg004G131210
OG0009417	g7118, g12150	Cg004G131240
OG0009418	g7116	Cg004G131260
OG0009419	g7063, g13244	Cg004G132090
OG0009421	g7058	Cg004G132190
OG0009422	g7055	Cg004G132220
OG0009423	g7053	Cg004G132240
OG0009424	g13255	Cg004G132500
OG0009425	g12098	Cg004G132540
OG0009426	g17949	Cg004G132590
OG0009427	g6991	Cg004G133250
OG0009428	g6988	Cg004G133310
OG0009429	g6987	Cg004G133320
OG0009430	g13278	Cg004G133690
OG0009431	g6954	Cg004G133810
OG0009432	g6953	Cg004G133820
OG0009433	g25373	Cg003G076640, Cg014G332930
OG0009434	g12039	Cg004G134160
OG0009435	g6908	Cg004G134610
OG0009436	g12015	Cg004G134890
OG0009437	g12009	Cg004G135040
OG0009438	g13310	Cg004G135240
OG0009439	g13313	Cg004G135280
OG0009440	g6846	Cg004G135630
OG0009442	g13339	Cg004G136200
OG0009443	g6797	Cg004G136210
OG0009444	g13351	Cg004G136700
OG0009445	g6760	Cg004G136770
OG0009446	g6744	Cg004G137190
OG0009447	g36449	Cg004G137310
OG0009448	g13356	Cg004G137340
OG0009449	g6716	Cg004G137440
OG0009450	g11889, g6698	Cg004G137830
OG0009452	g6635	Cg004G138690
OG0009453	g11826	Cg004G139520
OG0009454	g13424	Cg004G139660
OG0009456	g6531, g13467	Cg004G140930
OG0009457	g6530	Cg004G140940
OG0009459	g41163	Cg003G097910
OG0009460	g6338	Cg004G146660
OG0009461	g6585	Cg004G146600
OG0009462	g6302	Cg004G147320
OG0009463	g6254	Cg004G147660
OG0009464	g6245	Cg004G147670
OG0009465	g14691	Cg004G147910
OG0009466	g29422	Cg008G292360
OG0009467	g13698	Cg004G151360
OG0009468	g13699	Cg004G151410
OG0009469	g6153	Cg004G151440
OG0009470	g13700	Cg004G151500
OG0009471	g13724, g14043	Cg004G153090
OG0009472	g14028	Cg004G153450
OG0009473	g14024, g6086	Cg004G153490
OG0009474	g13992	Cg004G153990
OG0009475	g6002	Cg004G154690
OG0009476	g5976	Cg004G155370
OG0009477	g5953, g13905	Cg004G155860
OG0009478	g5916	Cg004G156670
OG0009479	g5915, g13860	Cg004G156680
OG0009480	g13857	Cg004G156730
OG0009481	g13823	Cg004G156830
OG0009482	g13841	Cg004G157240
OG0009483	g54370	Cg006G194320
OG0009484	g36707	Cg006G194960
OG0009485	g36696	Cg006G195090
OG0009486	g27994	Cg006G195460
OG0009487	g54305	Cg006G195820
OG0009488	g36662	Cg006G195840
OG0009489	g35868	Cg006G196180
OG0009491	g36597	Cg006G196710
OG0009492	g28008	Cg006G196820
OG0009494	g36471	Cg006G198870
OG0009495	g36489	Cg006G198580
OG0009496	g54166	Cg006G199400
OG0009497	g28059	Cg006G199580
OG0009498	g28062, g36428	Cg006G199630
OG0009499	g5251	Cg008G293850
OG0009500	g54149	Cg006G199890
OG0009501	g28076	Cg006G200040
OG0009502	g54138	Cg006G200070
OG0009503	g18788	Cg002G044030
OG0009504	g54111	Cg006G200600
OG0009505	g54110	Cg006G200660
OG0009506	g36371	Cg006G200700
OG0009507	g51460	Cg005G171940
OG0009510	g2443	Cg002G054940
OG0009511	g2430	Cg002G054720
OG0009512	g2424	Cg002G054640
OG0009513	g2404	Cg002G053840
OG0009514	g2371	Cg002G053420
OG0009515	g2377	Cg002G053460
OG0009516	g2347	Cg002G053060
OG0009517	g2328	Cg002G052690
OG0009519	g11303	Cg002G052460
OG0009520	g11301	Cg002G052410
OG0009521	g2462	Cg002G055180
OG0009522	g12979	Cg004G123780
OG0009524	g19140	Cg002G051900
OG0009525	g19141	Cg002G051910
OG0009526	g51741	Cg005G167390
OG0009527	g19134	Cg002G051800
OG0009528	g2251	Cg002G051620
OG0009529	g2214	Cg002G051140
OG0009530	g2176	Cg002G050360
OG0009531	g2174	Cg002G050340
OG0009532	g11265	Cg002G050120
OG0009533	g19035	Cg002G050000
OG0009534	g19003	Cg002G049350
OG0009535	g19002, g2071	Cg002G049300
OG0009536	g36131, g19000	Cg002G049210
OG0009537	g18968	Cg002G048310
OG0009538	g18960	Cg002G048150
OG0009539	g2033	Cg002G048100
OG0009540	g18927	Cg002G047550
OG0009541	g2003, g18913	Cg002G047430
OG0009542	g2013	Cg002G047170
OG0009543	g2022	Cg002G047040
OG0009544	g497	Cg008G303270
OG0009545	g18816	Cg002G046070
OG0009546	g18809	Cg002G046060
OG0009547	g18800, g1896	Cg002G045910
OG0009548	g1878	Cg002G045630
OG0009549	g1872	Cg002G045490
OG0009550	g1871	Cg002G045470
OG0009551	g1836	Cg002G045110
OG0009554	g18763	Cg002G043600
OG0009555	g18771	Cg002G043510
OG0009556	g18776	Cg002G043450
OG0009557	g1888	Cg002G045790
OG0009558	g19782, g20911, g19734, g19776, g19687, g19728	Cg025G336100
OG0009559	g54266	Cg006G197220
OG0009561	g36397, g54134	Cg006G200160
OG0009563	g2081	Cg002G049130
OG0009565	g11036	Cg008G321200
OG0009567	g23709	Cg001G014480
OG0009568	g51682	Cg005G168510
OG0009569	g37264	Cg005G168050
OG0009570	g51977	Cg005G164850
OG0009572	g46013	Cg007G273200
OG0009573	g23581	Cg001G012620
OG0009574	g23144	Cg001G006370
OG0009575	g23201, g47837	Cg001G007160
OG0009576	g30924	Cg006G241050
OG0009577	g27053, g27056	Cg006G237140
OG0009579	g49714	Cg006G236050
OG0009580	g27124, g31268	Cg006G235340
OG0009583	g31618	Cg006G230090
OG0009584	g27390, g27393	Cg004G145940
OG0009585	g45921	Cg007G271850
OG0009586	g41530	Cg007G268690
OG0009587	g13800	Cg004G155270
OG0009588	g36267	Cg006G202020
OG0009589	g18455	Cg007G253540
OG0009591	g5261	Cg008G293720
OG0009595	g47210	Cg001G023510
OG0009597	g28123	Cg006G203120
OG0009598	g28113	Cg006G202230
OG0009599	g36268	Cg006G201980
OG0009601	g51245	Cg005G175270
OG0009603	g5225	Cg008G294130
OG0009604	g29277	Cg008G295170
OG0009605	g29262	Cg008G295530
OG0009606	g5114	Cg008G295720
OG0009607	g5020, g45740	Cg008G297030
OG0009609	g16832	Cg001G041360
OG0009610	g46624	Cg001G042850
OG0009611	g28698	Cg003G105880
OG0009612	g605, g10068	Cg008G305310
OG0009613	g412	Cg003G109320
OG0009614	g9889, g408	Cg003G109360
OG0009615	g19654, g9654	Cg003G114890
OG0009621	g39892	Cg005G175910
OG0009622	g19295	Cg002G055200
OG0009625	g1662	Cg008G309960, Cg008G311750
OG0009628	g27627	Cg006G219240
OG0009630	g28275	Cg003G090390, Cg003G095890, Cg003G090440, Cg003G095970, Cg003G095960, Cg003G090450, Cg003G095980, Cg003G095940, Cg003G095950, Cg003G096000, Cg003G090420
OG0009635	g13842, g5887	Cg004G157170
OG0009636	g52221	Cg001G022980
OG0009637	g23473	Cg001G011120
OG0009638	g17003	Cg001G010930
OG0009639	g47708	Cg001G010770
OG0009640	g16995	Cg001G010660
OG0009641	g47730	Cg001G010380
OG0009642	g23411	Cg001G010130
OG0009644	g41416	Cg008G300420
OG0009645	g23378	Cg001G009710
OG0009646	g16964	Cg001G009440
OG0009647	g36265	Cg006G202040
OG0009648	g23310	Cg001G008830
OG0009649	g23268	Cg001G007950
OG0009650	g23235	Cg001G007440
OG0009651	g23239	Cg001G007510
OG0009652	g23203	Cg001G007180
OG0009653	g18159	Cg001G006900
OG0009654	g28898, g41369	Cg008G301650
OG0009655	g23157	Cg001G006550
OG0009656	g23154	Cg001G006510
OG0009657	g23139	Cg001G006290
OG0009658	g6152	Cg004G151520
OG0009659	g18206	Cg001G005910
OG0009660	g23039	Cg001G005290
OG0009661	g23033	Cg001G005190
OG0009662	g41351	Cg008G302540
OG0009663	g47911	Cg001G004990
OG0009664	g50571, g24905	Cg006G215280
OG0009665	g32531	Cg006G214590, Cg006G214550
OG0009668	g32548, g50618	Cg006G214240
OG0009669	g32608	Cg006G213750
OG0009670	g50634	Cg006G213730
OG0009671	g17521, g50648	Cg006G213470
OG0009672	g32630	Cg006G213360
OG0009673	g23928	Cg001G018010
OG0009674	g32632	Cg006G213270
OG0009675	g32633	Cg006G213220
OG0009676	g50659	Cg006G213180
OG0009677	g27786	Cg006G213130
OG0009678	g47191	Cg001G024050
OG0009679	g24306	Cg001G024070
OG0009680	g2667, g24356	Cg001G024800
OG0009681	g24363, g24372	Cg001G024920
OG0009682	g41121	Cg007G254450
OG0009683	g43998	Cg007G253300
OG0009684	g44005	Cg007G253240
OG0009685	g41092	Cg007G253220
OG0009686	g41076	Cg007G252640
OG0009687	g41061	Cg007G252080
OG0009688	g44096, g41047	Cg007G251320
OG0009689	g44094	Cg007G251350
OG0009690	g41187, g41202	Cg007G251020
OG0009691	g40984	Cg007G250180
OG0009692	g44149	Cg007G250200
OG0009693	g40939	Cg007G248720
OG0009694	g10817	Cg002G075690
OG0009695	g10804	Cg002G075520
OG0009696	g10802	Cg002G075500
OG0009697	g18964	Cg002G075450
OG0009698	g31568	Cg006G230860
OG0009699	g10796	Cg002G075380
OG0009700	g41113	Cg002G075210
OG0009701	g31535	Cg006G231340
OG0009702	g10727	Cg002G074640
OG0009703	g1526	Cg002G074100
OG0009704	g10655	Cg002G073520
OG0009705	g10650	Cg002G073430
OG0009706	g10648	Cg002G073410
OG0009707	g1572	Cg002G073060
OG0009708	g10620	Cg002G073050
OG0009709	g10598	Cg002G072780
OG0009710	g16640	Cg002G072190
OG0009711	g1594	Cg002G072100
OG0009712	g10549	Cg002G071890
OG0009713	g10548	Cg002G071880, Cg002G071870
OG0009714	g10489, g16560	Cg002G070970
OG0009715	g10465	Cg002G070680
OG0009716	g10391	Cg002G069950
OG0009717	g10383	Cg006G202080
OG0009718	g10381	Cg002G070080
OG0009719	g10359	Cg002G069190
OG0009720	g10339	Cg002G067260
OG0009721	g10337	Cg002G067250
OG0009722	g46726	Cg001G038650
OG0009723	g41797	Cg007G267030
OG0009724	g41798	Cg007G267020
OG0009725	g44976	Cg007G265770, Cg007G266000
OG0009726	g45027	Cg007G265020
OG0009727	g45039	Cg007G264900
OG0009729	g45084	Cg007G262730
OG0009730	g45086	Cg008G306600
OG0009731	g42004	Cg007G261510
OG0009732	g44898	Cg007G261270
OG0009733	g45126	Cg007G260350
OG0009734	g40741	Cg007G245590
OG0009735	g40747	Cg007G245630
OG0009736	g40763	Cg007G245820
OG0009737	g40774	Cg007G245900
OG0009738	g40815	Cg007G246210
OG0009739	g40803	Cg007G246370
OG0009740	g40793	Cg007G246560
OG0009742	g40867	Cg007G247380
OG0009743	g31389	Cg006G233400
OG0009744	g44214	Cg007G248170
OG0009745	g38530	Cg005G193430
OG0009746	g47562	Cg001G014870
OG0009747	g47569	Cg001G014740
OG0009748	g38156	Cg005G164770
OG0009749	g38155	Cg005G164800
OG0009751	g51958	Cg005G165140
OG0009752	g51956	Cg005G165160
OG0009753	g51954	Cg005G165180
OG0009754	g51952	Cg005G165230
OG0009755	g51951	Cg005G165240
OG0009756	g13029	Cg004G124910
OG0009757	g13058, g12396	Cg004G125280
OG0009758	g12383	Cg004G125720
OG0009759	g13102, g7423	Cg004G126250
OG0009760	g12339	Cg004G126810
OG0009762	g13115, g7387	Cg004G127050
OG0009763	g7346	Cg004G127660
OG0009764	g7318	Cg004G128040
OG0009765	g1502	Cg004G153220, Cg004G153230
OG0009767	g41154	Cg003G095260, Cg016G334120
OG0009768	g41155	Cg003G095310, Cg016G334150
OG0009769	g1409	Cg003G090220, Cg003G095680
OG0009770	g28253	Cg003G090350, Cg003G095820
OG0009771	g1351	Cg003G097270
OG0009772	g28320	Cg003G097650
OG0009773	g28321	Cg003G097660
OG0009774	g41162	Cg003G097880
OG0009775	g41164	Cg003G097950
OG0009776	g29335	Cg008G293940
OG0009777	g28351	Cg003G098340
OG0009778	g1301, g28359	Cg003G098680
OG0009779	g41208	Cg003G098860
OG0009780	g28364	Cg003G099050
OG0009781	g880	Cg003G099110
OG0009782	g28374, g41225	Cg003G099240
OG0009783	g41242	Cg003G099600
OG0009784	g41246	Cg003G099690
OG0009785	g41249	Cg003G099710
OG0009786	g41281	Cg003G100220
OG0009787	g41275, g913	Cg003G100130
OG0009788	g911	Cg003G100070
OG0009789	g41284	Cg003G100250, Cg003G100260
OG0009790	g28430	Cg003G100480, Cg007G268150
OG0009791	g28450	Cg003G101190
OG0009792	g28442	Cg003G100910
OG0009793	g933	Cg003G100860
OG0009794	g28440	Cg003G100770
OG0009795	g39428	Cg003G101530
OG0009796	g39406	Cg003G101830
OG0009797	g37054	Cg003G102010
OG0009798	g992	Cg003G102330
OG0009799	g39384, g39388	Cg003G102410
OG0009800	g39366	Cg003G102910
OG0009801	g39365	Cg003G103010
OG0009802	g39361	Cg003G103120
OG0009803	g1061	Cg003G103600
OG0009806	g28564	Cg003G104220
OG0009807	g28571	Cg003G104310
OG0009808	g1093	Cg003G104490
OG0009809	g1112	Cg003G105140
OG0009810	g28655	Cg003G105290
OG0009811	g1134	Cg003G105320
OG0009812	g1136	Cg003G105350
OG0009813	g28679	Cg003G105590
OG0009814	g28685	Cg003G105690
OG0009815	g39282	Cg003G105710
OG0009816	g2001	Cg002G047460
OG0009817	g28143	Cg006G204150
OG0009819	g29380, g45615	Cg008G293290
OG0009820	g5314	Cg008G292740
OG0009821	g5315, g29400	Cg008G292720
OG0009822	g5317	Cg008G292690
OG0009824	g29406	Cg008G292580
OG0009825	g29413	Cg008G292460
OG0009826	g5333	Cg008G292430
OG0009827	g5339	Cg008G292350
OG0009828	g29437	Cg008G292000
OG0009829	g5369	Cg008G291950
OG0009830	g29464	Cg008G291520
OG0009833	g5398	Cg008G291270
OG0009834	g29500	Cg008G290860
OG0009835	g5424	Cg008G290590
OG0009836	g29558	Cg008G289870
OG0009837	g238	Cg003G112240
OG0009838	g5467	Cg008G289700
OG0009840	g45500	Cg008G289260
OG0009842	g5525	Cg008G288760
OG0009843	g45485, g29614	Cg008G288510
OG0009844	g29626	Cg008G288300
OG0009845	g2733, g19505	Cg002G059390
OG0009846	g47212	Cg001G023480
OG0009847	g24234	Cg001G023120
OG0009849	g24191	Cg001G022500
OG0009850	g47273	Cg001G022370
OG0009851	g17465	Cg001G022030
OG0009852	g24154	Cg001G021800
OG0009853	g24141	Cg001G021480
OG0009854	g17429	Cg001G021310
OG0009855	g24085	Cg001G020830
OG0009856	g24035	Cg001G019950
OG0009857	g24032	Cg001G019840
OG0009858	g47400	Cg001G019220
OG0009859	g17317	Cg001G019060
OG0009860	g23919	Cg001G017880
OG0009861	g23917	Cg001G017860
OG0009862	g23898	Cg001G017480
OG0009864	g23895	Cg001G017390
OG0009865	g47487, g23850	Cg001G016840
OG0009866	g50662	Cg006G213090
OG0009867	g27804	Cg006G211690
OG0009868	g32742, g50739	Cg006G210790
OG0009869	g32766	Cg006G210570
OG0009870	g50747	Cg006G210560
OG0009871	g27852	Cg006G210510
OG0009872	g32973	Cg006G209150
OG0009873	g53740	Cg006G206120
OG0009875	g11667	Cg006G206890
OG0009876	g36227	Cg006G203130
OG0009877	g32320	Cg006G218530
OG0009878	g32358	Cg006G218000
OG0009879	g50504	Cg006G217440
OG0009880	g32408	Cg006G216900
OG0009881	g27688, g32410	Cg006G216880
OG0009882	g27691	Cg006G216570
OG0009883	g32429, g27693	Cg006G216400
OG0009884	g32430	Cg006G216390
OG0009885	g32451	Cg006G216190
OG0009886	g27698	Cg006G216130
OG0009887	g32457	Cg006G216110
OG0009888	g27703	Cg006G215960
OG0009890	g50567	Cg006G215420
OG0009891	g23004	Cg001G004780
OG0009892	g23000	Cg001G004740
OG0009893	g22948	Cg001G003920
OG0009894	g22933	Cg001G003780
OG0009895	g22911	Cg001G003490
OG0009896	g22909	Cg001G003470
OG0009897	g22900	Cg001G003390
OG0009898	g22892	Cg001G003300
OG0009899	g22882	Cg001G003160
OG0009900	g22879	Cg001G003140
OG0009901	g36912	Cg005G191440
OG0009902	g22844	Cg001G002870
OG0009903	g50943	Cg005G191580
OG0009904	g22829	Cg001G002700
OG0009905	g47993	Cg001G002630
OG0009906	g22809	Cg001G002430
OG0009907	g22802	Cg001G002330
OG0009909	g22791	Cg001G002100
OG0009910	g18295, g52911	Cg001G002050
OG0009911	g22764	Cg001G001820
OG0009912	g22733	Cg001G001560
OG0009913	g22724	Cg001G001500
OG0009914	g22705	Cg001G001270
OG0009915	g18312	Cg001G000870
OG0009916	g18321	Cg001G000770
OG0009917	g18384	Cg001G000010
OG0009918	g47433, g46857	Cg001G034060
OG0009919	g46929	Cg001G032940
OG0009920	g46741	Cg001G038190
OG0009921	g46702	Cg001G039400
OG0009922	g46700	Cg001G039600
OG0009923	g46690	Cg001G039780
OG0009924	g51494	Cg005G171570
OG0009925	g38006	Cg005G170970
OG0009926	g40963	Cg007G248960
OG0009927	g1867	Cg002G045370
OG0009928	g51527	Cg005G171060
OG0009929	g51526	Cg005G171080
OG0009930	g51519, g37136	Cg005G171180
OG0009932	g38000	Cg005G171300
OG0009934	g40271	Cg003G085080, Cg003G085090
OG0009935	g40262	Cg003G085330
OG0009936	g38331	Cg003G099340
OG0009937	g51423	Cg005G178450
OG0009937	g37089	Cg005G172490
OG0009938	g51382	Cg005G172950
OG0009939	g51370	Cg005G173040
OG0009940	g51368	Cg005G173060
OG0009941	g37026	Cg008G315040
OG0009942	g37015	Cg008G315620
OG0009943	g37137	Cg011G328880, Cg008G317590
OG0009944	g25839	Cg003G084300
OG0009945	g40291	Cg003G084240
OG0009947	g40321	Cg003G083530
OG0009948	g40327	Cg003G083470
OG0009949	g40382	Cg003G081910
OG0009950	g25675	Cg003G081830
OG0009951	g40410	Cg003G081150
OG0009952	g40430	Cg003G080800
OG0009953	g40435, g16067, g25593	Cg003G080650
OG0009954	g40445, g25585	Cg003G093470, Cg003G080480
OG0009955	g40447	Cg003G093490, Cg003G080430
OG0009956	g40448	Cg003G093520, Cg003G080420
OG0009957	g40461	Cg003G080070, Cg003G093920
OG0009958	g40492	Cg008G320830
OG0009959	g40538	Cg008G321940
OG0009960	g10997	Cg008G322310
OG0009961	g10985	Cg008G322500
OG0009962	g10984	Cg008G322510
OG0009963	g40602	Cg008G323340
OG0009964	g40627	Cg008G323770
OG0009965	g40635	Cg008G324000
OG0009967	g40672, g10908	Cg008G324540
OG0009968	g37770	Cg005G157640
OG0009969	g10851, g40717	Cg008G325240
OG0009970	g40719	Cg008G325270
OG0009971	g40706, g10865	Cg008G325050
OG0009972	g46940	Cg001G031980
OG0009973	g6538	Cg004G140760
OG0009975	g24705	Cg001G029690
OG0009976	g2304	Cg002G052320
OG0009977	g47004	Cg001G029320
OG0009978	g47009	Cg001G028850
OG0009979	g47039	Cg001G028090
OG0009980	g24522	Cg001G027400
OG0009981	g47077	Cg008G308630, Cg008G310290, Cg001G027040
OG0009982	g6665	Cg004G138530
OG0009983	g43419, g43418	Cg001G040400
OG0009984	g16872, g16873	Cg001G040410
OG0009985	g16871	Cg001G040420
OG0009986	g16850	Cg001G040760
OG0009987	g4318	Cg001G040790
OG0009988	g37301	Cg005G167350
OG0009989	g16787	Cg001G042250
OG0009990	g50169	Cg001G042510
OG0009991	g16765	Cg001G042930
OG0009992	g40274	Cg003G084940
OG0009993	g37771	Cg005G157590
OG0009994	g37745	Cg005G157990
OG0009995	g50824	Cg005G158310
OG0009996	g50822	Cg005G158350
OG0009997	g37695	Cg005G158930
OG0009998	g37688	Cg005G158950
OG0009999	g50792	Cg005G159060
OG0010000	g37651	Cg005G159480
OG0010001	g37650	Cg005G159510
OG0010002	g52278	Cg005G159950
OG0010003	g52254	Cg005G160300
OG0010004	g37606	Cg005G160450
OG0010005	g52224	Cg005G160540
OG0010006	g52225	Cg005G160550
OG0010007	g52208, g38239, g976	Cg005G160870
OG0010008	g52198	Cg005G160900
OG0010009	g13838	Cg004G157310
OG0010010	g52146	Cg005G161820
OG0010011	g52130	Cg005G162010
OG0010012	g52129	Cg005G162020
OG0010013	g52126	Cg005G162120
OG0010015	g52106	Cg005G162750
OG0010016	g38203	Cg005G162790
OG0010017	g52095	Cg005G162820
OG0010018	g52093	Cg005G162850
OG0010019	g52027	Cg005G163910
OG0010020	g52031, g37435	Cg005G163870
OG0010021	g18979	Cg002G048660
OG0010022	g37411	Cg005G164150
OG0010023	g38168	Cg005G164230
OG0010024	g37394	Cg005G164410
OG0010025	g51996	Cg005G164470
OG0010026	g5798	Cg008G282950
OG0010027	g5797	Cg008G282960
OG0010028	g5790	Cg008G283160
OG0010029	g45329	Cg008G283350
OG0010030	g45337	Cg008G283460
OG0010031	g5766	Cg008G283650
OG0010033	g29836	Cg008G284030
OG0010034	g5738	Cg008G284080
OG0010035	g5734	Cg008G284140
OG0010036	g5725	Cg008G284260
OG0010038	g29811	Cg008G284640
OG0010039	g45376	Cg008G284720
OG0010040	g29110	Cg008G299810
OG0010041	g657	Cg008G300110
OG0010042	g29123	Cg008G300080
OG0010043	g703	Cg008G300590
OG0010045	g711	Cg008G300740
OG0010046	g28946	Cg008G300700
OG0010047	g28932	Cg008G300930
OG0010048	g28931, g41402	Cg008G300940
OG0010049	g5072, g29206	Cg008G296290
OG0010050	g734	Cg008G301140
OG0010051	g41386	Cg008G301290
OG0010052	g748, g28906	Cg008G301490
OG0010053	g755	Cg008G301520
OG0010054	g16809	Cg001G041740
OG0010055	g41353	Cg008G302330
OG0010056	g28849	Cg003G108450
OG0010057	g843, g28828	Cg003G108270
OG0010058	g41327	Cg003G108180
OG0010059	g861	Cg003G107800
OG0010060	g1276	Cg003G107250
OG0010061	g27644	Cg006G218730
OG0010062	g28710	Cg003G106500
OG0010063	g312	Cg003G111050
OG0010064	g9819	Cg003G111140
OG0010065	g305	Cg003G111160
OG0010066	g302	Cg003G111200
OG0010067	g1028	Cg003G103000
OG0010068	g13707	Cg008G305330
OG0010068	g260	Cg003G111790
OG0010069	g9781	Cg003G112020
OG0010070	g9774	Cg003G112170
OG0010071	g236	Cg003G112260
OG0010072	g200	Cg003G112920
OG0010073	g178, g9725	Cg003G113060
OG0010074	g176	Cg003G113040
OG0010075	g9700	Cg003G113670
OG0010076	g140, g9698	Cg003G113710
OG0010077	g72	Cg003G114540
OG0010078	g61	Cg003G114710
OG0010079	g59	Cg003G114780
OG0010080	g54	Cg003G114810
OG0010081	g9661	Cg003G114820
OG0010082	g41, g19652	Cg003G115030
OG0010083	g26	Cg002G059150
OG0010085	g2476, g19313	Cg002G055440
OG0010087	g25339	Cg003G075980
OG0010089	g45271	Cg014G333030, Cg003G076540
OG0010090	g31767	Cg006G227740
OG0010091	g39482	Cg003G076840, Cg014G332760
OG0010092	g25415, g25418, g45221	Cg003G077960, Cg014G331700
OG0010093	g25433	Cg014G331990, Cg003G077620
OG0010094	g39547	Cg003G078120, Cg014G331570
OG0010095	g39549	Cg003G078160, Cg014G331480
OG0010096	g45233	Cg003G078310, Cg014G331330
OG0010097	g25471	Cg014G330930, Cg003G078620
OG0010098	g25479	Cg003G078780, Cg014G330760
OG0010099	g25501	Cg003G094750, Cg003G079250
OG0010100	g39636	Cg003G094690, Cg003G079320
OG0010101	g25511	Cg003G079350, Cg003G094650
OG0010102	g39639	Cg003G094620, Cg003G079390
OG0010103	g39643, g45192	Cg003G079420, Cg003G094590
OG0010104	g39668	Cg003G094370, Cg003G079650
OG0010105	g11102	Cg008G319490
OG0010106	g51351	Cg005G173250
OG0010107	g51342	Cg005G173330
OG0010109	g51305, g35972	Cg005G174110
OG0010110	g51278	Cg005G174730
OG0010111	g37915	Cg005G174910
OG0010112	g39858	Cg005G175450
OG0010113	g51233, g39873	Cg005G175650
OG0010114	g39895	Cg005G175980
OG0010115	g39916	Cg005G176390
OG0010116	g39957	Cg005G176890
OG0010118	g40013	Cg005G178090
OG0010119	g39976	Cg005G178600
OG0010120	g51077, g40034	Cg005G178850
OG0010121	g40059	Cg005G179170
OG0010122	g40063	Cg005G179190
OG0010123	g40067	Cg005G179270
OG0010124	g40084	Cg005G179650
OG0010125	g40085	Cg005G179660
OG0010126	g40086	Cg005G179670
OG0010127	g40116	Cg005G181140
OG0010128	g40158	Cg005G182710
OG0010129	g40178	Cg006G241520
OG0010130	g40185	Cg005G183310
OG0010131	g38288	Cg005G185700
OG0010132	g23634	Cg001G013280
OG0010133	g12721	Cg004G116120
OG0010134	g7546	Cg004G124270
OG0010135	g3249	Cg008G281980
OG0010136	g37389	Cg005G164570
OG0010137	g37387	Cg005G164620
OG0010138	g23703	Cg001G014310
OG0010139	g17131	Cg001G014250
OG0010140	g12703	Cg004G116870
OG0010141	g7856	Cg004G117950
OG0010142	g12655	Cg004G118370
OG0010143	g12653	Cg004G118390
OG0010144	g7818	Cg004G119320
OG0010145	g12781	Cg004G119370
OG0010146	g7812	Cg004G119450
OG0010147	g12620	Cg004G119520
OG0010148	g7778, g7769	Cg004G119980
OG0010149	g7762	Cg004G120100
OG0010150	g12822	Cg004G120460
OG0010151	g12533	Cg004G121560
OG0010152	g12938	Cg004G122740
OG0010153	g7630	Cg004G122730
OG0010154	g7620	Cg004G122960
OG0010155	g7615, g7324	Cg004G122980
OG0010156	g12456	Cg004G123150
OG0010157	g12982	Cg004G123890
OG0010158	g12425	Cg004G124050
OG0010159	g9874, g382	Cg003G109850
OG0010160	g13000	Cg004G124400
OG0010161	g51841	Cg005G166240
OG0010162	g51820	Cg005G166390
OG0010163	g51813, g37335	Cg005G166420
OG0010164	g51778	Cg005G166780
OG0010165	g2252	Cg002G051610
OG0010166	g51748	Cg005G167250
OG0010167	g37293	Cg005G167510
OG0010169	g38045	Cg005G169890
OG0010170	g51608	Cg005G169730
OG0010171	g38062	Cg005G169380
OG0010172	g37197	Cg005G169370
OG0010173	g38069	Cg005G169240
OG0010174	g51670, g51669	Cg005G168690
OG0010175	g51703	Cg005G168200
OG0010176	g51693	Cg005G168310
OG0010178	g26986	Cg006G239620
OG0010179	g38103	Cg005G167610
OG0010180	g49940	Cg006G230420
OG0010181	g27305	Cg006G230370
OG0010182	g31666	Cg006G229180
OG0010183	g50007, g31715	Cg006G228420
OG0010184	g50014	Cg006G228300
OG0010185	g41411	Cg008G300550
OG0010186	g31751	Cg006G227900
OG0010187	g31798	Cg006G227360
OG0010189	g31829	Cg006G226780
OG0010190	g50086	Cg006G226580
OG0010191	g31859	Cg006G226490
OG0010192	g50112	Cg006G226030
OG0010193	g31891	Cg006G225990
OG0010194	g27447	Cg006G225980
OG0010195	g31892	Cg006G225940
OG0010196	g50116	Cg006G225890
OG0010197	g50141	Cg006G225540
OG0010198	g27468	Cg006G225250
OG0010199	g27469	Cg006G225240
OG0010200	g27474	Cg006G225140
OG0010201	g31964	Cg006G224930
OG0010203	g27492	Cg006G224300
OG0010204	g14076	Cg007G278360
OG0010205	g27526	Cg006G223260
OG0010206	g27535	Cg006G223090
OG0010207	g50264	Cg006G222980
OG0010209	g50281	Cg006G222610
OG0010210	g45860	Cg007G270940
OG0010211	g50307	Cg006G221960
OG0010212	g32128	Cg006G221230
OG0010213	g50361, g32152	Cg006G220890
OG0010215	g32165	Cg006G220650
OG0010216	g32188	Cg006G220410
OG0010217	g32192	Cg006G220290
OG0010218	g41569	Cg007G268320
OG0010219	g32222, g50391	Cg006G219870
OG0010220	g32244	Cg006G219670
OG0010221	g32245	Cg006G219660
OG0010222	g27626	Cg006G219230
OG0010223	g17203	Cg001G016190
OG0010224	g23800	Cg001G015740
OG0010225	g17182	Cg001G015720
OG0010226	g23787	Cg001G015620
OG0010227	g23786	Cg001G015610
OG0010228	g17156	Cg001G015030
OG0010229	g38333	Cg005G188270
OG0010230	g38369	Cg005G189830
OG0010231	g38371, g38375, g38379	Cg005G189930
OG0010232	g50976	Cg005G190060
OG0010233	g50973	Cg005G190510
OG0010235	g50960	Cg005G191040
OG0010236	g5010, g38422	Cg005G191060
OG0010239	g50905	Cg005G191830
OG0010240	g38523, g50878	Cg005G193160
OG0010241	g50854	Cg005G193760
OG0010242	g31576, g49931	Cg006G230730
OG0010243	g27288	Cg006G230810
OG0010244	g49919	Cg006G231140
OG0010245	g49905, g31528	Cg006G231480
OG0010246	g31513	Cg006G231680
OG0010247	g49900, g27251, g31485	Cg006G232040
OG0010248	g31451	Cg006G232580
OG0010249	g27221	Cg006G232570
OG0010250	g31436	Cg006G232730
OG0010251	g31377	Cg006G233570
OG0010252	g27151	Cg006G234630
OG0010253	g49768	Cg006G234790
OG0010254	g31295	Cg006G234940
OG0010255	g31284	Cg006G235030
OG0010256	g49735	Cg006G235330
OG0010257	g49730, g31251	Cg006G235560
OG0010258	g49623	Cg006G236490
OG0010259	g31182	Cg006G236610
OG0010261	g27059	Cg006G237060
OG0010262	g31139	Cg006G237210
OG0010263	g49574	Cg006G238440
OG0010264	g31025	Cg006G239440
OG0010265	g31001	Cg006G239750
OG0010266	g43231	Cg005G157500
OG0010267	g30952	Cg006G240560
OG0010268	g49499	Cg006G240860
OG0010269	g30930, g49496	Cg006G240880
OG0010270	g30916, g49488	Cg006G241140
OG0010271	g30915	Cg006G241150
OG0010272	g30900	Cg006G241540
OG0010273	g30902	Cg006G241600
OG0010274	g30873	Cg006G241930
OG0010275	g30867	Cg006G242120
OG0010276	g49440	Cg006G242440
OG0010277	g49437	Cg006G242480
OG0010278	g26918	Cg006G242820
OG0010279	g30840	Cg006G242670
OG0010280	g49432	Cg006G242620
OG0010281	g30815	Cg006G243090
OG0010282	g30803	Cg006G243370
OG0010283	g30780	Cg006G243740
OG0010284	g49368	Cg006G243930
OG0010285	g49376	Cg006G243890
OG0010286	g49322	Cg006G244670
OG0010287	g29328	Cg008G294080
OG0010288	g29315	Cg008G294410
OG0010289	g5169	Cg008G294950
OG0010290	g29239	Cg008G295890
OG0010291	g29245	Cg008G295740
OG0010292	g5043, g45734	Cg008G296760
OG0010293	g45738	Cg008G296930
OG0010294	g5028	Cg008G296920
OG0010295	g5021	Cg008G297010
OG0010296	g4999	Cg008G297500
OG0010297	g29143	Cg008G297570
OG0010298	g4985	Cg008G297940
OG0010299	g12616	Cg004G119640
OG0010300	g41475	Cg008G298650
OG0010301	g4896, g29081	Cg008G299400
OG0010302	g29101	Cg008G299690
OG0010303	g23187	Cg001G006970
OG0010304	g4715	Cg008G307320
OG0010305	g10165	Cg008G307520
OG0010306	g4729, g10168	Cg008G307600
OG0010307	g10175	Cg008G307690
OG0010308	g10177	Cg008G307710
OG0010309	g10191	Cg008G308370
OG0010310	g10193	Cg008G308390
OG0010311	g10213	Cg008G310690, Cg008G309050
OG0010312	g4639	Cg008G308460
OG0010313	g10256	Cg008G311930
OG0010314	g7595, g12444	Cg004G123450
OG0010315	g5256	Cg008G293800
OG0010316	g45468	Cg008G287840
OG0010317	g53940, g53981	Cg006G206990
OG0010318	g29678	Cg008G287280
OG0010319	g29681, g5597	Cg008G287220
OG0010320	g29687	Cg008G287120
OG0010321	g29710	Cg008G286570
OG0010322	g29719	Cg008G286480
OG0010325	g5643	Cg008G286170
OG0010326	g5644	Cg008G286150
OG0010327	g29738	Cg008G286050
OG0010328	g29739	Cg008G286040
OG0010329	g5652	Cg008G285840
OG0010330	g45409, g5650	Cg008G285850
OG0010331	g622	Cg008G305580
OG0010332	g583	Cg008G304750
OG0010334	g10017	Cg008G304170
OG0010335	g18568	Cg008G304220
OG0010337	g514	Cg008G303680
OG0010338	g508	Cg008G303540
OG0010339	g9973	Cg008G303310
OG0010340	g458	Cg008G302760
OG0010341	g9940	Cg003G108630
OG0010342	g421	Cg003G109170
OG0010343	g415	Cg003G109290
OG0010344	g9867	Cg003G110050
OG0010345	g358, g9857	Cg003G110260
OG0010347	g338	Cg003G110480
OG0010348	g28696	Cg003G105850
OG0010349	g2477	Cg002G055450
OG0010350	g2513	Cg002G055840
OG0010351	g2541	Cg002G056010
OG0010352	g19343, g2543	Cg002G056030
OG0010353	g19362	Cg002G056450
OG0010354	g2618	Cg002G057200
OG0010355	g11385	Cg002G057750
OG0010356	g2647	Cg002G057840
OG0010357	g19426	Cg002G058330
OG0010358	g19422	Cg002G058410
OG0010359	g2708	Cg002G058470
OG0010360	g19470, g2727	Cg002G058760
OG0010361	g2758	Cg002G059020
OG0010362	g2746	Cg002G059220
OG0010363	g11437	Cg002G061460
OG0010364	g11447	Cg002G062450
OG0010365	g3118, g19603	Cg002G063000
OG0010366	g3131	Cg002G063200
OG0010367	g3435	Cg002G064160
OG0010368	g19613	Cg002G064270, Cg002G053390
OG0010370	g41628	Cg007G267710
OG0010371	g41685	Cg007G267460
OG0010372	g13637	Cg007G268340
OG0010373	g44870	Cg007G267950
OG0010374	g44826	Cg007G268760
OG0010375	g13636	Cg007G268830
OG0010376	g44803	Cg007G269030
OG0010377	g13635	Cg007G268930
OG0010378	g44783, g45768, g36533	Cg007G269280
OG0010380	g44773	Cg007G269730
OG0010382	g45836	Cg007G270680
OG0010383	g45896	Cg007G271520
OG0010384	g45911	Cg007G271720
OG0010385	g44638, g45944	Cg007G272140
OG0010386	g44617	Cg007G272640
OG0010387	g46437	Cg007G278920
OG0010388	g46406	Cg007G278670
OG0010390	g46376	Cg007G278250
OG0010391	g46352	Cg007G278040
OG0010392	g19307	Cg002G055350
OG0010393	g46327	Cg007G277830
OG0010394	g46322	Cg007G277720
OG0010395	g50119, g27450	Cg006G225860
OG0010396	g46186	Cg007G275670
OG0010398	g44547	Cg007G274580
OG0010400	g46096	Cg007G274250
OG0010401	g46081	Cg007G274050
OG0010402	g46068, g44564	Cg007G273950
OG0010404	g44580	Cg007G273490
OG0010405	g46025	Cg007G273410
OG0010407	g46024	Cg007G273400
OG0010408	g44610	Cg007G272800
OG0010409	g46500, g44337	Cg007G279790
OG0010410	g13605	Cg007G280050
OG0010411	g13602	Cg007G280340
OG0010413	g46564	Cg007G280830
OG0010414	g44290	Cg007G280650
OG0010415	g44277	Cg007G281310
OG0010417	g39377	Cg003G102550
OG0010420	g12235	Cg004G129480
OG0010421	g12191	Cg004G130410
OG0010423	g12178	Cg004G130590
OG0010425	g12162, g7143	Cg004G130930
OG0010426	g701	Cg008G300560
OG0010427	g7105	Cg004G131550
OG0010428	g7093	Cg004G131680
OG0010429	g12134	Cg004G131910
OG0010430	g12115	Cg004G132070
OG0010431	g7015	Cg004G132750
OG0010434	g6931	Cg004G134120
OG0010435	g12029	Cg004G134480
OG0010436	g13305	Cg004G134900
OG0010437	g6882	Cg004G135000
OG0010438	g6880, g12008	Cg004G135050
OG0010439	g12005	Cg004G135160
OG0010440	g6861	Cg004G135290
OG0010441	g13324	Cg004G135470
OG0010442	g6847	Cg004G135620
OG0010443	g11980, g6845	Cg004G135660
OG0010444	g6834	Cg004G135740
OG0010446	g6781	Cg004G136410
OG0010447	g6780	Cg004G136430
OG0010448	g6774	Cg004G136620
OG0010449	g6773, g11947	Cg004G136630
OG0010450	g36444	Cg006G199360
OG0010451	g11933	Cg004G137000
OG0010452	g11925	Cg004G137020
OG0010453	g6753	Cg004G137030
OG0010454	g6749	Cg004G137080
OG0010455	g6748	Cg004G137090
OG0010456	g6724	Cg004G137300
OG0010457	g11907	Cg004G137410
OG0010459	g6711, g6717	Cg004G137570
OG0010460	g6692	Cg004G138000
OG0010461	g11867	Cg004G138520
OG0010462	g6628	Cg004G138760
OG0010463	g13401	Cg004G138880
OG0010464	g11847	Cg004G138920
OG0010465	g6597	Cg004G139230
OG0010466	g11804	Cg004G139980
OG0010467	g6458	Cg004G142110
OG0010468	g11780	Cg004G140210
OG0010469	g13447	Cg004G140230
OG0010470	g6556	Cg004G140290
OG0010471	g6549, g11766	Cg004G140490
OG0010472	g6544	Cg004G140620
OG0010473	g13470	Cg004G141020
OG0010474	g6491	Cg004G141550
OG0010475	g11735	Cg004G141610
OG0010476	g13494	Cg004G142120
OG0010477	g6392	Cg004G143260
OG0010478	g6333	Cg004G146640
OG0010479	g14345	Cg004G149010
OG0010480	g14257, g14260	Cg004G151110
OG0010481	g6147	Cg004G151660
OG0010482	g13703	Cg004G151690
OG0010483	g39572, g6387	Cg004G152220
OG0010484	g14060	Cg004G152770
OG0010485	g6120	Cg004G152790
OG0010486	g14050	Cg004G152900
OG0010487	g14041	Cg004G153180
OG0010488	g6008	Cg004G154570
OG0010489	g13906	Cg004G155850
OG0010490	g13805	Cg004G155870
OG0010491	g13901	Cg004G156010
OG0010492	g13895	Cg004G156120
OG0010494	g5935	Cg004G156420
OG0010495	g23513	Cg001G011550
OG0010496	g5929	Cg004G156530
OG0010497	g5909	Cg004G156740
OG0010499	g5901	Cg004G156930
OG0010501	g54385	Cg006G194160, Cg006G194150
OG0010502	g36726	Cg006G194610
OG0010503	g24798	Cg001G030690
OG0010504	g36514	Cg006G198130
OG0010505	g2470	Cg002G055340
OG0010506	g36164	Cg006G198860
OG0010507	g28040	Cg006G198430
OG0010508	g54198	Cg006G199030
OG0010509	g28053	Cg006G199240
OG0010510	g28055	Cg006G199320
OG0010511	g36439, g54165	Cg006G199440
OG0010512	g54136	Cg006G200080
OG0010513	g28095	Cg006G201040
OG0010514	g28083	Cg006G200570
OG0010515	g54084	Cg006G201340
OG0010516	g54076	Cg006G201490
OG0010517	g54047, g28108	Cg006G201750
OG0010520	g37095, g37076	Cg005G172050
OG0010521	g37079	Cg005G172090
OG0010522	g2437	Cg002G054810
OG0010523	g19279	Cg002G054760
OG0010524	g2432	Cg002G054740
OG0010525	g19272	Cg002G054540
OG0010526	g2417	Cg002G054520
OG0010527	g2412	Cg002G054350
OG0010528	g19216	Cg002G053800
OG0010530	g685	Cg008G300430
OG0010531	g2391	Cg002G053730
OG0010532	g19207	Cg002G053380
OG0010533	g2381	Cg002G053490
OG0010534	g2370	Cg002G053410
OG0010535	g19194, g11309	Cg002G053050
OG0010536	g2341	Cg002G052930
OG0010537	g19172	Cg002G052590
OG0010539	g2293	Cg002G052200
OG0010540	g19146	Cg002G051930
OG0010541	g2266	Cg002G051760
OG0010543	g2236	Cg002G051440
OG0010544	g2231	Cg002G051260
OG0010545	g19069	Cg002G050690
OG0010546	g2061, g19007	Cg002G049450
OG0010547	g2062	Cg002G049410
OG0010548	g19004	Cg002G049360
OG0010549	g1982	Cg002G047800
OG0010550	g1983, g18946	Cg002G047780
OG0010551	g11206	Cg002G047630
OG0010552	g18914	Cg002G047440
OG0010553	g2294, g19156	Cg002G052210
OG0010554	g18880	Cg002G046890
OG0010555	g1965	Cg002G046800
OG0010556	g18820	Cg002G046150
OG0010557	g18806	Cg002G045990
OG0010558	g18689	Cg002G045550
OG0010559	g1873	Cg002G045540
OG0010560	g1870	Cg002G045430
OG0010562	g1844	Cg002G045220
OG0010563	g11161	Cg002G044860
OG0010564	g1802	Cg002G044770
OG0010565	g1796	Cg002G044760
OG0010566	g1794	Cg002G044700
OG0010567	g18796	Cg002G044140
OG0010568	g18744	Cg002G043780
OG0010570	g18768	Cg002G043550
OG0010572	g31587	Cg006G230600
OG0010575	g2434	Cg002G054770
OG0010576	g2291	Cg002G052150
OG0010578	g51857	Cg005G166060
OG0010579	g38147	Cg005G165330
OG0010580	g23409	Cg001G010110
OG0010582	g30804	Cg006G243360
OG0010583	g30934	Cg006G240820
OG0010585	g49602	Cg006G238120
OG0010586	g49625	Cg006G236510
OG0010587	g27178	Cg006G233910
OG0010589	g27512	Cg006G223930
OG0010590	g44700	Cg007G270830
OG0010591	g41533	Cg007G268660
OG0010592	g44858	Cg007G268120
OG0010594	g1592	Cg002G072200
OG0010595	g37813	Cg005G179450
OG0010596	g13509	Cg004G142400
OG0010597	g6599	Cg004G139200
OG0010598	g12037	Cg004G134180
OG0010600	g7210	Cg004G129700
OG0010601	g12270	Cg004G128440
OG0010602	g7303	Cg004G128270
OG0010603	g12399	Cg004G125030
OG0010604	g7518, g13014	Cg004G124670
OG0010605	g7606	Cg004G123270
OG0010609	g26055, g29676	Cg008G287330
OG0010611	g36954	Cg005G192990
OG0010613	g17450	Cg001G021700
OG0010614	g24169	Cg001G022070
OG0010615	g24264	Cg001G023540
OG0010616	g32422	Cg006G216480
OG0010617	g51319	Cg005G173770
OG0010618	g5473	Cg008G289630
OG0010623	g10164	Cg008G307510
OG0010624	g47700	Cg001G010990
OG0010625	g11501	Cg002G064360
OG0010626	g787, g28877	Cg008G302030
OG0010628	g14921, g18551	Cg008G305560
OG0010629	g550	Cg008G304260
OG0010630	g9862	Cg003G110160
OG0010632	g31479	Cg006G232160
OG0010634	g36358, g36354	Cg006G204760
OG0010639	g6471	Cg004G141760
OG0010640	g50879	Cg004G148300
OG0010644	g4745	Cg008G307880
OG0010645	g24280	Cg001G023740
OG0010660	g17055	Cg001G012400
OG0010661	g47662	Cg001G012260
OG0010662	g23539	Cg001G011900
OG0010663	g23475	Cg001G011160
OG0010664	g23420	Cg001G010230
OG0010665	g23380	Cg001G009790
OG0010666	g18381	Cg001G000080
OG0010667	g47764, g23356	Cg001G009460
OG0010668	g23343	Cg001G009280
OG0010670	g47791	Cg001G008750
OG0010671	g23286	Cg001G008330
OG0010672	g23254	Cg001G007790
OG0010673	g47822	Cg001G007590
OG0010674	g23199	Cg001G007130
OG0010675	g47834, g23208	Cg001G007250
OG0010676	g785	Cg008G302000
OG0010677	g18184	Cg001G006410, Cg005G181260
OG0010678	g37222, g51648	Cg005G168930
OG0010679	g18200	Cg001G006080
OG0010680	g18194	Cg001G006230, Cg003G087410
OG0010681	g23096	Cg001G005840
OG0010683	g47898	Cg001G005360
OG0010684	g47908	Cg001G005020
OG0010685	g29336	Cg008G293930
OG0010686	g32533	Cg006G214500
OG0010687	g32554	Cg006G214140
OG0010688	g17557	Cg001G023870
OG0010689	g47196, g24302	Cg001G023930
OG0010690	g47195	Cg001G024000
OG0010691	g17575, g24332	Cg001G024590
OG0010692	g17577	Cg001G024660
OG0010694	g17582, g24349	Cg001G024740
OG0010695	g24357	Cg001G024810
OG0010696	g17588	Cg001G024850
OG0010697	g41122	Cg007G254500
OG0010698	g19021	Cg002G049830
OG0010699	g43970	Cg007G254440
OG0010700	g41095	Cg007G253350
OG0010701	g41093	Cg007G253230
OG0010702	g41074	Cg007G252470
OG0010703	g24716	Cg007G252180
OG0010704	g44048	Cg007G251950
OG0010706	g44084	Cg007G251460
OG0010707	g41037, g41039	Cg007G251190
OG0010708	g41043	Cg007G251130
OG0010709	g44103	Cg007G251060
OG0010710	g41036	Cg007G250920
OG0010711	g41031	Cg007G250760
OG0010712	g44111	Cg007G250750
OG0010713	g41027	Cg007G250720
OG0010714	g41025	Cg007G250620
OG0010716	g40998	Cg007G250290
OG0010717	g40982	Cg007G250240
OG0010718	g44157	Cg007G249320
OG0010719	g44188	Cg007G248870
OG0010720	g44196	Cg007G248750
OG0010721	g40935	Cg007G248620
OG0010722	g10822	Cg002G075730
OG0010723	g10763	Cg002G075050
OG0010724	g10728	Cg002G074650
OG0010725	g16704	Cg002G074540
OG0010726	g10710, g10714	Cg002G074490
OG0010727	g10705	Cg002G074430
OG0010728	g10699	Cg002G074370
OG0010729	g10693	Cg002G074290
OG0010730	g10665	Cg002G073780
OG0010731	g1564	Cg008G319360
OG0010732	g31453	Cg006G232550
OG0010733	g10591	Cg002G072690
OG0010734	g49870	Cg006G232720
OG0010735	g10585	Cg002G072580
OG0010736	g10578	Cg002G072480
OG0010737	g1588	Cg002G072280
OG0010738	g10475	Cg002G070760
OG0010739	g10467	Cg002G070710
OG0010740	g10442	Cg002G068680
OG0010741	g10431	Cg002G069000
OG0010742	g10335	Cg002G067230
OG0010743	g18050	Cg007G266180
OG0010744	g45083	Cg007G262740
OG0010745	g45128	Cg007G260740
OG0010746	g12795	Cg004G119880
OG0010747	g17890	Cg001G032800
OG0010748	g40732	Cg003G090410, Cg003G095880, Cg007G245500
OG0010749	g40735	Cg007G245520
OG0010750	g40748	Cg007G245640
OG0010752	g40767	Cg007G245870
OG0010753	g40777	Cg007G245980
OG0010754	g40821	Cg007G246120
OG0010755	g40804	Cg007G246340
OG0010756	g40792	Cg007G246580
OG0010757	g44240	Cg007G247530
OG0010758	g12278	Cg004G128220
OG0010759	g23711	Cg001G014510
OG0010760	g51980	Cg005G164750
OG0010761	g37374	Cg005G165060
OG0010762	g37376	Cg005G165020
OG0010763	g51924	Cg005G165440
OG0010764	g13013	Cg004G124660
OG0010765	g13020	Cg004G124750
OG0010766	g7493	Cg004G125050
OG0010768	g7444	Cg004G125820
OG0010769	g7443	Cg004G125830
OG0010770	g47337	Cg006G225970
OG0010772	g22915	Cg007G246470
OG0010773	g7397	Cg004G126820
OG0010774	g47838	Cg001G007150
OG0010775	g7375	Cg004G127250
OG0010777	g7332	Cg004G127860
OG0010778	g12290, g7322	Cg004G127970
OG0010780	g7313	Cg004G128130
OG0010781	g7312	Cg004G128140
OG0010782	g41148	Cg003G088650
OG0010783	g1475	Cg005G191320
OG0010784	g1481	Cg003G091410
OG0010785	g1461	Cg003G091220
OG0010786	g28262	Cg003G096020, Cg003G090470
OG0010787	g28250, g26853	Cg003G090260, Cg003G095730
OG0010788	g1405	Cg003G095830, Cg003G090360
OG0010789	g28306, g28267	Cg003G096040, Cg003G090490
OG0010790	g28288	Cg003G096870
OG0010791	g1345, g23799	Cg003G097430
OG0010794	g1331	Cg003G098000
OG0010795	g41172	Cg003G098160
OG0010796	g1316	Cg003G098390
OG0010797	g872	Cg003G098890
OG0010798	g41278	Cg003G100180
OG0010799	g28407	Cg003G100020
OG0010800	g41288	Cg003G100340
OG0010801	g28436, g35041, g35317, g41295, g19656	Cg003G100670
OG0010802	g39432	Cg003G101360
OG0010803	g28445	Cg003G101020, Cg003G101040
OG0010804	g931	Cg003G100820
OG0010805	g971	Cg003G101930
OG0010806	g23656	Cg001G013590
OG0010808	g28516	Cg003G102790
OG0010809	g1031	Cg003G103070
OG0010810	g1040	Cg003G103250
OG0010811	g1057	Cg003G103510
OG0010812	g39327	Cg003G104580
OG0010813	g1099	Cg003G104770
OG0010814	g39317, g39322, g28626	Cg003G104820
OG0010815	g1116	Cg003G105180
OG0010816	g28662	Cg003G105390
OG0010817	g28677	Cg003G105570
OG0010818	g5291	Cg008G293270
OG0010819	g29396	Cg008G292900
OG0010820	g5327	Cg008G292550
OG0010821	g5345	Cg008G292280
OG0010822	g45574	Cg008G292150
OG0010823	g29431	Cg008G292080
OG0010824	g29435	Cg008G292030
OG0010825	g29438	Cg008G291990
OG0010826	g5385	Cg008G291620
OG0010827	g5388	Cg008G291590
OG0010828	g29469	Cg008G291470
OG0010829	g29470	Cg008G291400
OG0010830	g5404	Cg008G291100
OG0010831	g9704	Cg003G113560
OG0010832	g5407	Cg008G290980
OG0010833	g5429, g29520	Cg008G290510
OG0010834	g29521	Cg008G290500
OG0010835	g29548	Cg008G290100
OG0010836	g45518, g5451	Cg008G289970
OG0010837	g246	Cg003G112040
OG0010838	g5499	Cg008G289300
OG0010839	g37778	Cg005G157490
OG0010840	g5547	Cg008G288200
OG0010841	g24284	Cg001G023760
OG0010842	g24238	Cg001G023180
OG0010844	g24185	Cg001G022440
OG0010845	g24179	Cg001G022270
OG0010846	g47277	Cg001G022190
OG0010847	g24173	Cg001G022140
OG0010849	g47296	Cg001G021560
OG0010850	g3831, g17434	Cg001G021390
OG0010851	g24123	Cg001G021170
OG0010852	g24095	Cg001G020900
OG0010853	g24050, g36081	Cg001G020270
OG0010854	g17373	Cg001G020200
OG0010855	g47370	Cg001G019730
OG0010856	g24005	Cg001G019490
OG0010857	g47384	Cg001G019440
OG0010858	g47396	Cg001G019280
OG0010859	g23571	Cg001G012410
OG0010861	g47486	Cg001G016850
OG0010862	g50702	Cg006G212270
OG0010863	g32679	Cg006G212010
OG0010864	g32692	Cg006G211860
OG0010865	g50716, g32705	Cg006G211740
OG0010866	g27868	Cg006G210070
OG0010867	g32891	Cg006G209880
OG0010868	g27961	Cg005G166230
OG0010869	g53850	Cg006G204720
OG0010870	g28180	Cg006G206080
OG0010871	g28205	Cg006G206160
OG0010873	g32312	Cg006G218610
OG0010874	g50456	Cg006G218400
OG0010875	g32353	Cg006G218120
OG0010876	g27658	Cg006G218100
OG0010877	g50488	Cg006G218050
OG0010878	g32373	Cg006G217790
OG0010880	g32470	Cg006G215950
OG0010881	g50547	Cg006G215810
OG0010882	g27713	Cg006G215660
OG0010883	g27720	Cg006G215340
OG0010884	g18230	Cg001G004520, Cg001G004530
OG0010885	g22955	Cg001G003990
OG0010886	g22935	Cg001G003790
OG0010887	g13972	Cg004G154440
OG0010888	g47973	Cg001G003510
OG0010889	g22908	Cg001G003460
OG0010890	g22833, g47988	Cg001G002760
OG0010891	g22828	Cg001G002690
OG0010892	g18289	Cg001G002200
OG0010894	g22738	Cg001G001600
OG0010895	g25989	Cg001G001210
OG0010897	g18341	Cg001G000500
OG0010898	g18345	Cg001G000450
OG0010899	g50843	Cg005G193960
OG0010900	g50842	Cg005G193980
OG0010901	g18376	Cg001G000160
OG0010902	g18371	Cg001G000220
OG0010903	g18365	Cg001G000280
OG0010904	g18364	Cg001G000290
OG0010905	g19274, g19268	Cg001G000050
OG0010906	g46850	Cg001G034380
OG0010907	g16733	Cg001G034650
OG0010908	g45037, g46819	Cg001G035800
OG0010909	g13433	Cg004G139890
OG0010910	g46777	Cg001G036780
OG0010911	g46734	Cg001G038370
OG0010912	g46731	Cg001G038450
OG0010913	g46724	Cg001G038670
OG0010914	g46714	Cg001G038970
OG0010915	g16889	Cg001G039760
OG0010916	g37119	Cg005G171610
OG0010917	g51495	Cg005G171560
OG0010918	g37131, g51514	Cg005G171290
OG0010919	g32631	Cg006G213280
OG0010920	g40265	Cg003G085280
OG0010921	g40263	Cg007G263610, Cg007G262530
OG0010922	g40224	Cg003G087060
OG0010923	g40204	Cg003G087830
OG0010924	g40214	Cg003G087290
OG0010925	g23749, g37087	Cg005G172320
OG0010926	g51420	Cg005G172510
OG0010928	g51396	Cg005G172790
OG0010929	g11121	Cg008G318860
OG0010930	g49150	Cg008G314570
OG0010931	g37025	Cg008G315060
OG0010932	g18440	Cg008G315070
OG0010933	g1353	Cg008G315540
OG0010934	g36997	Cg008G316100, Cg003G087190
OG0010935	g40294	Cg003G084140
OG0010936	g25776	Cg003G083240
OG0010937	g40358	Cg003G082540
OG0010938	g40390	Cg003G081750
OG0010939	g16068	Cg003G080640
OG0010940	g25577	Cg003G093700, Cg003G080280
OG0010941	g25558	Cg003G080230, Cg003G093740
OG0010942	g40458	Cg003G093800, Cg003G080200
OG0010943	g25551	Cg003G080150, Cg003G093850
OG0010944	g18419, g16317	Cg008G320910
OG0010945	g44861	Cg007G268090
OG0010948	g40577	Cg008G322970
OG0010949	g40632	Cg008G323520, Cg008G323810
OG0010950	g40642	Cg008G324200
OG0010951	g10900	Cg008G324680
OG0010952	g40725	Cg008G325360
OG0010953	g10871, g40699	Cg008G324940
OG0010954	g13536	Cg004G143670
OG0010955	g13533	Cg004G143600
OG0010956	g46858	Cg001G034040
OG0010957	g13529, g35823	Cg004G143500
OG0010959	g24717	Cg005G166460
OG0010960	g17859	Cg001G029540
OG0010961	g47018	Cg001G028680
OG0010962	g24590	Cg001G028600
OG0010963	g24577	Cg001G028500
OG0010964	g17777	Cg001G028440
OG0010965	g6415	Cg007G259120
OG0010966	g47051	Cg001G027300
OG0010967	g17657	Cg001G026020
OG0010968	g46684, g43410, g53075	Cg001G040470
OG0010970	g16859	Cg004G144310
OG0010971	g16855	Cg004G144370
OG0010972	g16851	Cg004G144400
OG0010973	g16852	Cg001G040750
OG0010974	g46674	Cg001G041060
OG0010975	g6156	Cg001G041150
OG0010976	g16836	Cg001G041270
OG0010977	g16833	Cg001G041350
OG0010978	g16774	Cg001G042640
OG0010979	g14048	Cg001G043040
OG0010980	g50838	Cg005G157740
OG0010981	g37760	Cg005G157810
OG0010982	g37759	Cg005G157820
OG0010983	g37732	Cg005G158160
OG0010984	g37726	Cg005G158280
OG0010985	g50820	Cg005G158380
OG0010987	g37687	Cg005G158960
OG0010989	g37624	Cg005G160030
OG0010990	g37618	Cg005G160120
OG0010991	g52265	Cg005G160130
OG0010993	g37578, g52243	Cg005G160770
OG0010994	g52185, g37563	Cg005G161180
OG0010995	g52184	Cg005G161190
OG0010996	g52170	Cg005G161290
OG0010997	g37546	Cg005G161430
OG0010998	g18893	Cg002G047060
OG0010999	g41546	Cg007G268610, Cg007G268630, Cg007G268620
OG0011000	g37472	Cg005G162970
OG0011001	g38196	Cg005G163100
OG0011002	g52076	Cg005G163350
OG0011003	g37442	Cg005G163690
OG0011004	g52006, g37412	Cg005G164140
OG0011005	g37405	Cg005G164210
OG0011007	g52004	Cg005G164280
OG0011008	g38166	Cg005G164370
OG0011009	g37397	Cg005G164400
OG0011010	g5855	Cg008G282110
OG0011011	g5852	Cg008G282170
OG0011012	g5851	Cg008G282180
OG0011013	g5846	Cg008G282240
OG0011014	g5845	Cg008G282260
OG0011015	g5838, g5842, g5840, g5836	Cg008G282290
OG0011016	g7745	Cg003G079600, Cg003G094420
OG0011018	g30086, g36099, g5783	Cg008G283280
OG0011019	g45332	Cg008G283410
OG0011021	g5769	Cg008G283600
OG0011023	g5735	Cg008G284130
OG0011024	g5709	Cg008G284740
OG0011025	g29805	Cg008G284790
OG0011026	g638	Cg008G305940
OG0011027	g41407	Cg008G300660
OG0011028	g10	Cg003G115880
OG0011029	g28927	Cg008G301020
OG0011031	g41381	Cg008G301360
OG0011032	g28903	Cg008G301540
OG0011033	g767	Cg008G301730
OG0011034	g768	Cg008G301770
OG0011035	g41356, g28867	Cg008G302280
OG0011037	g28831	Cg003G108340
OG0011038	g28829	Cg003G108300
OG0011039	g844	Cg003G108190
OG0011040	g846	Cg003G108170
OG0011041	g1264	Cg003G106990
OG0011042	g28742	Cg003G107130
OG0011043	g1233	Cg003G106550
OG0011044	g283	Cg003G111430
OG0011046	g9783	Cg003G112000
OG0011047	g9782, g247	Cg003G112010
OG0011048	g244	Cg003G112080
OG0011049	g215	Cg003G112550
OG0011050	g2554	Cg002G056260
OG0011051	g40	Cg003G115060
OG0011052	g9641	Cg003G115070
OG0011053	g29	Cg003G115320
OG0011055	g19624	Cg003G115800
OG0011056	g7	Cg001G006420
OG0011058	g39457	Cg014G333070, Cg003G076500
OG0011059	g45275	Cg003G076270, Cg014G333310
OG0011060	g45277	Cg003G076180
OG0011061	g39463	Cg014G332400, Cg003G077210
OG0011062	g40789, g39505	Cg003G077970, Cg014G331690
OG0011063	g39508	Cg003G077900, Cg014G331760
OG0011064	g45223	Cg003G077890, Cg014G331770
OG0011065	g39511	Cg014G331790, Cg003G077860
OG0011066	g39514	Cg003G077820, Cg014G331830
OG0011067	g25425	Cg014G331870, Cg003G077770
OG0011068	g25432	Cg003G077610, Cg014G332000
OG0011069	g39518	Cg014G332050, Cg003G077560
OG0011070	g39533, g25448	Cg003G077430, Cg014G332190
OG0011071	g39551	Cg014G331460, Cg003G078190
OG0011072	g39585	Cg003G078440, Cg014G331160
OG0011073	g25469	Cg014G331120, Cg003G078480
OG0011074	g39590	Cg003G078610, Cg014G330940
OG0011075	g39620	Cg003G078940, Cg003G095010
OG0011076	g45218	Cg003G078900, Cg003G095050
OG0011077	g39647	Cg003G094460, Cg003G079550
OG0011078	g39703	Cg008G319790
OG0011079	g39759	Cg005G173660
OG0011080	g11176	Cg002G045580
OG0011081	g39768	Cg005G173860
OG0011082	g39764	Cg005G174460, Cg005G173720
OG0011083	g39763	Cg005G173710
OG0011084	g39812, g51291	Cg005G174550
OG0011085	g51236	Cg005G175470
OG0011086	g51231	Cg005G175760
OG0011087	g51216	Cg005G176170
OG0011088	g39965, g39962	Cg005G177150
OG0011089	g39969	Cg005G177370
OG0011090	g51158	Cg005G177570
OG0011091	g51114, g40010	Cg005G178150
OG0011092	g39975, g37844	Cg005G178610
OG0011093	g40044	Cg005G178990
OG0011094	g40052	Cg005G179060
OG0011095	g40069	Cg005G179300
OG0011096	g40096	Cg005G180170
OG0011097	g40148	Cg005G182430
OG0011098	g40120	Cg005G181460
OG0011101	g1675	Cg008G312540
OG0011102	g44148	Cg008G290290
OG0011104	g38317	Cg005G187250
OG0011106	g12733	Cg004G116700
OG0011107	g7931	Cg004G116590
OG0011108	g7943	Cg004G116320
OG0011109	g39946	Cg005G176750
OG0011111	g38161, g38159, g38163	Cg005G164580
OG0011112	g37388	Cg005G164600
OG0011114	g17120	Cg001G013930
OG0011115	g23676	Cg001G013940
OG0011116	g23679	Cg001G014010
OG0011117	g12756	Cg004G117810
OG0011118	g12676	Cg004G117870
OG0011119	g7839	Cg004G118130
OG0011120	g659	Cg008G300090
OG0011121	g7810	Cg004G119470
OG0011122	g7773, g7764	Cg004G120060
OG0011123	g12841	Cg004G120830
OG0011126	g7703	Cg004G121220
OG0011127	g12523	Cg004G121680
OG0011129	g12505, g12917	Cg004G122010
OG0011130	g6352	Cg004G145030
OG0011131	g12489	Cg004G122380
OG0011133	g12995	Cg004G124060
OG0011134	g12989	Cg004G124200
OG0011135	g7524, g13011	Cg004G124600
OG0011136	g13012	Cg004G124610
OG0011137	g51910	Cg005G165590
OG0011138	g51843	Cg005G166190
OG0011139	g51809	Cg005G166520
OG0011140	g37306	Cg005G167290
OG0011141	g37294	Cg005G167500
OG0011142	g37145	Cg005G170550
OG0011143	g38030	Cg005G170340
OG0011144	g38053	Cg005G169540
OG0011146	g51636	Cg005G169070
OG0011147	g37226, g51661	Cg005G168830
OG0011148	g37231	Cg005G168710
OG0011149	g51681	Cg005G168520
OG0011150	g37260	Cg005G168100
OG0011151	g37281	Cg005G167780
OG0011152	g51724	Cg005G167790
OG0011153	g31627	Cg006G229940
OG0011154	g49956	Cg006G229870
OG0011156	g31647	Cg006G229590
OG0011158	g27368	Cg006G228750
OG0011159	g27374	Cg006G228320
OG0011160	g31721	Cg006G228290
OG0011161	g31739	Cg006G228090
OG0011162	g50092	Cg006G226410
OG0011163	g27441	Cg006G226230
OG0011164	g50118, g31901	Cg006G225870
OG0011165	g27457	Cg006G225620
OG0011166	g50187	Cg006G224670
OG0011167	g27499	Cg006G224160, Cg006G224250
OG0011168	g27537	Cg006G223010
OG0011169	g32091	Cg006G222090
OG0011170	g27565, g32077	Cg006G221700
OG0011171	g32122, g50333, g27571	Cg006G221480, Cg006G221490
OG0011173	g50365	Cg006G220790
OG0011174	g7283	Cg004G128510
OG0011176	g32202	Cg006G220100
OG0011177	g50389	Cg006G219910
OG0011178	g32239	Cg006G219750
OG0011179	g32242	Cg006G219710
OG0011180	g32257	Cg006G219450
OG0011181	g50411, g27625	Cg006G219220
OG0011182	g44906	Cg007G267290
OG0011183	g26871	Cg006G244880
OG0011184	g32287	Cg006G219120
OG0011185	g46931	Cg001G033000
OG0011186	g23788	Cg001G015640
OG0011191	g38396	Cg005G190530
OG0011192	g38421	Cg005G191050
OG0011193	g38423	Cg005G191080
OG0011194	g50906	Cg005G191840
OG0011195	g38509	Cg005G192700
OG0011196	g38516	Cg005G193000
OG0011197	g38525	Cg005G193200
OG0011198	g50853	Cg005G193770
OG0011199	g31520	Cg006G231590
OG0011200	g31512	Cg006G231690
OG0011201	g31503	Cg006G231840
OG0011202	g49899	Cg006G232060
OG0011203	g49885	Cg006G232260
OG0011204	g49857	Cg006G232970
OG0011205	g31411, g49849	Cg006G233060
OG0011207	g27179	Cg007G256870
OG0011208	g31335	Cg006G234080
OG0011209	g31323	Cg006G234450
OG0011210	g31283	Cg006G235050
OG0011211	g31256	Cg006G235520
OG0011212	g31246	Cg006G235710
OG0011213	g27102	Cg006G235940
OG0011214	g31157, g49639, g51874	Cg006G237010
OG0011215	g47177	Cg001G024430
OG0011216	g49654	Cg006G237170
OG0011217	g31132	Cg006G237370
OG0011218	g54017	Cg006G202010
OG0011219	g31106, g49606	Cg006G237960
OG0011220	g31058	Cg006G238810
OG0011221	g27002	Cg006G238890
OG0011222	g26993	Cg006G240440, Cg006G239350
OG0011223	g30995	Cg006G239850
OG0011224	g30973, g30969, g49531	Cg006G240140
OG0011225	g49528	Cg006G240190
OG0011227	g30964, g49524	Cg006G240270
OG0011228	g30938	Cg006G240740
OG0011229	g30933	Cg006G240830
OG0011230	g30929	Cg006G240890
OG0011231	g26946	Cg006G241690
OG0011232	g30879	Cg006G241840
OG0011233	g49436	Cg006G242490
OG0011234	g49420	Cg005G181160
OG0011235	g49423	Cg006G242830
OG0011236	g49429	Cg006G242680
OG0011237	g30819	Cg006G243040
OG0011238	g30814	Cg006G243110
OG0011239	g30811	Cg006G243170
OG0011240	g49405	Cg006G243210
OG0011241	g30798	Cg006G243450
OG0011242	g49387	Cg006G243640
OG0011243	g30779	Cg006G243750
OG0011244	g30776, g49377	Cg006G243820
OG0011246	g49294	Cg006G245260
OG0011247	g5227	Cg008G294110
OG0011248	g5199	Cg008G294470
OG0011249	g45653, g5209	Cg008G294340
OG0011250	g5220	Cg008G294190
OG0011251	g29292, g5175	Cg008G294920
OG0011252	g5121	Cg008G295580
OG0011253	g5047	Cg008G296650
OG0011254	g5044	Cg008G296740
OG0011255	g29179	Cg008G296940
OG0011256	g29136	Cg008G297680
OG0011257	g29139	Cg008G297650
OG0011258	g4955, g32267, g4953	Cg008G298140
OG0011259	g44849	Cg007G268400
OG0011260	g4921	Cg008G298710
OG0011261	g4916	Cg008G298830
OG0011262	g29063	Cg008G298960
OG0011263	g4892	Cg008G299480
OG0011264	g4857	Cg008G306100
OG0011265	g4828	Cg008G306310
OG0011266	g4803	Cg008G306520
OG0011267	g10120, g4806	Cg008G306460
OG0011268	g4795	Cg008G306630
OG0011269	g4770	Cg008G307180, Cg007G257170
OG0011270	g4743	Cg008G307720
OG0011271	g4746	Cg008G307890
OG0011272	g4764	Cg008G308030
OG0011273	g10192	Cg008G308380
OG0011274	g4500	Cg008G310630, Cg008G308990
OG0011275	g10203	Cg008G310420, Cg008G308770, Cg008G310430
OG0011276	g10262	Cg008G312050
OG0011277	g29348	Cg008G293660
OG0011278	g5580	Cg008G287740
OG0011279	g45449	Cg008G287050
OG0011280	g5618, g45439	Cg008G286710
OG0011281	g29721	Cg008G286380
OG0011282	g29724	Cg008G286310
OG0011283	g45428	Cg008G286280
OG0011284	g5639	Cg008G286230
OG0011285	g13136	Cg004G127990
OG0011286	g5687	Cg008G285220, Cg008G285270, Cg008G285190
OG0011287	g10096	Cg008G305830, Cg008G305840
OG0011288	g607	Cg008G305360
OG0011289	g10065, g608	Cg008G305370
OG0011290	g597	Cg008G305080
OG0011291	g10048	Cg008G304850
OG0011292	g565	Cg008G304500
OG0011293	g18566	Cg008G304330
OG0011294	g525	Cg008G303930
OG0011296	g18581	Cg008G303560
OG0011297	g505	Cg008G303440
OG0011298	g9921	Cg003G108830
OG0011299	g411	Cg003G109330
OG0011300	g9844	Cg003G110490
OG0011301	g1224	Cg003G106430
OG0011302	g1218	Cg003G106350
OG0011303	g1166	Cg003G105950
OG0011304	g1163	Cg003G105930
OG0011305	g28694	Cg003G105830
OG0011306	g2501, g2500, g2499	Cg002G055710
OG0011307	g19358	Cg002G056240
OG0011308	g2553	Cg002G056250
OG0011309	g35946, g19360	Cg002G056280
OG0011310	g2568	Cg002G056390
OG0011311	g2571	Cg002G056410
OG0011312	g19384	Cg002G056990
OG0011313	g2649	Cg002G057880
OG0011314	g19423	Cg002G058350
OG0011315	g2703	Cg002G058380
OG0011316	g19483	Cg002G058810
OG0011317	g31484	Cg006G232050
OG0011318	g19565	Cg002G061030
OG0011319	g2935, g2911	Cg002G061050
OG0011321	g19594	Cg002G062400
OG0011322	g3138	Cg002G063490
OG0011323	g11548	Cg002G063560
OG0011324	g54380, g54376	Cg002G066520, Cg002G066670
OG0011325	g16814	Cg001G041630
OG0011326	g41570	Cg007G268310
OG0011327	g41575	Cg007G268140
OG0011328	g44872	Cg007G267910
OG0011329	g44825	Cg007G268780
OG0011330	g44821	Cg007G268860
OG0011331	g45809	Cg007G269970
OG0011333	g45970	Cg007G272430
OG0011334	g45855, g36216	Cg007G270870
OG0011335	g45861	Cg007G270950
OG0011336	g45868	Cg007G271010
OG0011337	g45879	Cg007G271220
OG0011338	g45890	Cg007G271440
OG0011340	g45932, g44645	Cg007G272060
OG0011341	g45945	Cg007G272170
OG0011342	g45966	Cg007G272480
OG0011343	g46433	Cg007G278880
OG0011344	g46430	Cg007G278850
OG0011345	g46397	Cg007G278560
OG0011346	g46353	Cg007G278050
OG0011347	g50181	Cg006G224720
OG0011348	g46267	Cg007G277020
OG0011349	g44437	Cg007G276270
OG0011350	g46229	Cg007G276250
OG0011352	g53963	Cg006G203480
OG0011353	g17858	Cg008G316930, Cg011G328770
OG0011354	g46194	Cg007G275880
OG0011355	g44479	Cg007G275640
OG0011356	g44497	Cg007G275320
OG0011357	g17987	Cg007G274930
OG0011358	g44532	Cg007G274830
OG0011359	g46109	Cg007G274440
OG0011360	g44555	Cg007G274390
OG0011361	g44598	Cg007G273190
OG0011362	g44296	Cg007G280790
OG0011364	g46581	Cg007G281110
OG0011365	g46595	Cg007G281420
OG0011366	g12258	Cg004G128680
OG0011367	g12254	Cg004G128740
OG0011369	g13158	Cg004G129000
OG0011370	g13160	Cg004G129020
OG0011371	g13188, g7233	Cg004G129340
OG0011372	g12219	Cg004G129630
OG0011373	g7209	Cg004G129710, Cg005G183110
OG0011374	g13207	Cg004G129990
OG0011375	g13208	Cg004G130100, Cg004G130180
OG0011376	g16703, g12195	Cg004G130340
OG0011379	g7135	Cg004G131050
OG0011380	g7131	Cg004G131120
OG0011381	g7117	Cg004G131250
OG0011382	g7103	Cg004G131570
OG0011383	g7099	Cg004G131630
OG0011384	g7087	Cg004G131710
OG0011385	g7078	Cg004G131830
OG0011386	g7033	Cg004G132610
OG0011387	g7018	Cg004G132700
OG0011388	g13260, g12091	Cg004G132720
OG0011389	g7010, g13261	Cg004G132760, Cg004G132770
OG0011390	g6952	Cg004G133880
OG0011391	g6924	Cg004G134250
OG0011392	g13296	Cg004G134490
OG0011393	g6889	Cg004G134880
OG0011394	g12001	Cg004G135220
OG0011395	g13319	Cg004G135410
OG0011396	g13328	Cg004G135700
OG0011397	g6822	Cg004G135850
OG0011398	g6814	Cg004G135980
OG0011400	g6812	Cg004G136040
OG0011402	g6751, g13359	Cg004G137060
OG0011403	g11915	Cg004G137280
OG0011404	g6718	Cg004G137350
OG0011405	g6709	Cg004G137620
OG0011406	g6684	Cg004G138180
OG0011407	g6604	Cg004G138820
OG0011409	g13406, g11844	Cg004G139240
OG0011410	g11836	Cg004G139410
OG0011411	g6581	Cg004G139720
OG0011412	g11815, g13428	Cg004G139750
OG0011413	g13453	Cg004G140400
OG0011414	g13461	Cg004G140720
OG0011415	g6519	Cg004G141640
OG0011416	g13493	Cg004G142100
OG0011417	g6448	Cg004G142480
OG0011418	g11683	Cg004G142840
OG0011419	g6412	Cg004G143050
OG0011420	g6377	Cg004G143420
OG0011421	g6362	Cg004G144500
OG0011422	g6345	Cg004G146730
OG0011423	g13596	Cg004G146530
OG0011424	g13594	Cg004G146480
OG0011425	g11571	Cg004G146310
OG0011426	g13580	Cg004G145840
OG0011427	g11630	Cg004G145670
OG0011428	g11602	Cg007G272710
OG0011429	g14256	Cg004G150280, Cg004G151170
OG0011430	g6143	Cg004G151790
OG0011431	g14212	Cg004G151970
OG0011432	g6078, g14012	Cg004G153670
OG0011433	g13986	Cg004G154110
OG0011434	g13954	Cg004G154650
OG0011435	g6012	Cg004G154530
OG0011436	g13937	Cg004G155190
OG0011437	g5963	Cg004G155710
OG0011438	g5954	Cg004G155830
OG0011439	g13811	Cg004G156130
OG0011440	g13815	Cg004G156340, Cg005G191400
OG0011441	g13818	Cg004G156540
OG0011442	g5905	Cg004G156850
OG0011443	g13839	Cg004G157270
OG0011444	g5931	Cg004G157210
OG0011446	g36640	Cg006G196000, Cg006G195970
OG0011447	g36632, g28003	Cg006G196220
OG0011448	g35646	Cg006G196330
OG0011449	g54249	Cg006G197800
OG0011450	g28027	Cg006G197860
OG0011451	g28028	Cg006G197980
OG0011452	g6743	Cg004G137200
OG0011454	g36337	Cg006G201320
OG0011455	g54037	Cg006G201810
OG0011456	g24388	Cg001G025070
OG0011457	g24397	Cg001G025160
OG0011458	g37102, g51463	Cg005G171860
OG0011459	g37983	Cg005G171870
OG0011460	g51457	Cg005G172000
OG0011462	g2428	Cg002G054690
OG0011463	g2421	Cg002G054590
OG0011464	g32421	Cg006G216500
OG0011465	g11320	Cg002G053880, Cg002G053870, Cg002G053850
OG0011466	g2400	Cg002G053820
OG0011467	g2389	Cg002G053700
OG0011468	g2378	Cg002G053470
OG0011469	g17067	Cg001G012630
OG0011470	g2321	Cg002G052580
OG0011471	g2273	Cg002G051920
OG0011472	g2241	Cg002G051700
OG0011473	g2232	Cg002G051270
OG0011474	g19067	Cg002G050660
OG0011475	g19058	Cg002G050480
OG0011477	g19001	Cg002G049220
OG0011478	g2076	Cg002G049190
OG0011479	g18986	Cg002G048820
OG0011480	g2042	Cg002G048230
OG0011482	g49662	Cg006G237320
OG0011483	g18887	Cg002G047020
OG0011485	g18821	Cg002G046160
OG0011486	g1899	Cg002G045940
OG0011487	g1882	Cg002G045670
OG0011488	g37632, g52284	Cg005G159860
OG0011489	g1832	Cg002G045070
OG0011490	g1818	Cg002G044950
OG0011491	g1817	Cg002G044940
OG0011492	g1814	Cg002G044890
OG0011493	g1787	Cg002G044680
OG0011495	g1760	Cg002G044240
OG0011496	g1758	Cg002G044150
OG0011497	g1750	Cg002G043980
OG0011498	g18754	Cg002G043680
OG0011499	g18765	Cg002G043580
OG0011500	g1739	Cg002G043380
OG0011501	g5675	Cg002G043160
OG0011504	g2542	Cg002G056020
OG0011508	g2191	Cg002G050880
OG0011510	g1811	Cg002G044840
OG0011511	g40595	Cg008G323190
OG0011514	g37966	Cg005G172940
OG0011515	g11502	Cg002G064550
OG0011516	g17973	Cg007G276550
OG0011517	g46067	Cg007G273940
OG0011518	g46066	Cg007G273930
OG0011519	g23641	Cg001G013400
OG0011520	g23552	Cg001G012110
OG0011522	g47761	Cg001G009620
OG0011523	g49507	Cg007G252590, Cg007G252580
OG0011524	g27022	Cg006G237930
OG0011525	g49613	Cg006G237820
OG0011526	g31303	Cg006G234730
OG0011529	g49915	Cg006G231240
OG0011532	g31707	Cg006G228560
OG0011533	g31950	Cg006G225130
OG0011534	g32002, g50208	Cg006G224310
OG0011535	g32022	Cg006G223850
OG0011536	g25122	Cg001G034160
OG0011537	g41547	Cg007G268600
OG0011539	g41778	Cg007G267090
OG0011543	g50656	Cg006G213290, Cg006G213300
OG0011544	g13819	Cg004G156630
OG0011545	g13845	Cg004G157050
OG0011547	g6592	Cg004G139580
OG0011548	g14349	Cg004G129500
OG0011549	g7457	Cg004G125560
OG0011550	g5858	Cg008G282080
OG0011552	g29794	Cg008G285100
OG0011556	g50531	Cg006G216060
OG0011557	g50430	Cg006G218940
OG0011558	g51235	Cg005G175580
OG0011559	g45559	Cg008G291460
OG0011561	g5302	Cg008G292980
OG0011562	g20244, g30303	Cg021G335680
OG0011563	g28427	Cg003G100440
OG0011564	g998	Cg003G102430
OG0011566	g28689	Cg003G105770
OG0011567	g41412	Cg008G300540
OG0011569	g29128	Cg008G300130, Cg005G184200
OG0011570	g29118	Cg008G299960
OG0011572	g30951	Cg006G240570
OG0011573	g31557	Cg006G231010
OG0011574	g31621	Cg006G217230, Cg006G217320, Cg006G217290, Cg006G230030
OG0011575	g32175	Cg006G220510
OG0011578	g18022, g18025, g44851	Cg007G268360
OG0011579	g6553, g13452	Cg004G140360
OG0011581	g51067, g38319	Cg005G187340
OG0011583	g39874	Cg005G175660
OG0011584	g37704	Cg003G081470, Cg005G158700, Cg005G158720
OG0011585	g2369, g11316	Cg002G053320
OG0011586	g23135	Cg001G006160
OG0011588	g47496	Cg001G016650
OG0011590	g10207	Cg008G310480, Cg008G308820
OG0011591	g23089, g23093	Cg001G010620
OG0011603	g23533	Cg001G011800
OG0011604	g23532, g17026	Cg001G011790
OG0011605	g23509	Cg001G011460
OG0011606	g23524	Cg001G011670
OG0011607	g23523, g23522	Cg001G011660
OG0011608	g47695	Cg001G011150
OG0011609	g47710	Cg001G010760
OG0011610	g5996	Cg004G154840
OG0011611	g23408	Cg001G010100
OG0011612	g23393	Cg001G009980
OG0011613	g23390	Cg001G009950
OG0011615	g23389	Cg001G009900
OG0011616	g47755	Cg001G009770
OG0011617	g47762	Cg001G009570
OG0011618	g16952	Cg001G009040
OG0011619	g49659	Cg006G237260
OG0011620	g23304, g47794	Cg001G008690
OG0011621	g23257	Cg001G007820
OG0011622	g47818, g23253	Cg001G007780
OG0011623	g51459	Cg005G171980
OG0011624	g23238, g16913	Cg001G007480
OG0011625	g765	Cg008G301680
OG0011626	g23151	Cg001G006470
OG0011627	g45920	Cg007G271840
OG0011628	g28952, g41410	Cg008G300580
OG0011629	g23115	Cg001G006010
OG0011630	g23082	Cg001G005740
OG0011631	g23020	Cg001G005010
OG0011632	g27756	Cg006G215110
OG0011633	g50581	Cg006G215070
OG0011634	g27751	Cg006G215060
OG0011635	g27745, g50596	Cg006G214760
OG0011636	g27735	Cg006G214680
OG0011637	g32555, g50623	Cg006G214120
OG0011638	g50628	Cg006G213980
OG0011639	g50631	Cg006G213910
OG0011640	g27778	Cg006G213510
OG0011641	g27781	Cg006G213350
OG0011643	g47187	Cg001G024240
OG0011644	g24323	Cg001G024450
OG0011645	g47175, g16410	Cg001G024480
OG0011646	g24338, g2671, g2657	Cg001G024690
OG0011647	g50893	Cg005G192510
OG0011648	g43837	Cg007G257480
OG0011649	g38282	Cg005G185420
OG0011650	g1685	Cg007G256360
OG0011651	g1691	Cg007G255730
OG0011652	g41128	Cg007G255160
OG0011653	g43987	Cg007G254020
OG0011654	g41107, g33426	Cg007G253780
OG0011655	g44020	Cg007G253100
OG0011656	g31219	Cg006G236190
OG0011657	g36042, g47807, g893, g47810	Cg007G252170
OG0011659	g44109	Cg007G250830
OG0011660	g44121	Cg007G250730
OG0011661	g46834	Cg001G035170
OG0011662	g41017	Cg007G250420
OG0011663	g39713	Cg008G319620
OG0011664	g44150	Cg007G250250
OG0011665	g40948	Cg007G248850
OG0011667	g10795	Cg002G075360
OG0011668	g10765	Cg002G075130
OG0011669	g1506	Cg002G075070
OG0011670	g50273, g46041	Cg006G222930
OG0011671	g10756	Cg002G075010
OG0011672	g1510	Cg002G074870
OG0011673	g10729	Cg002G074660
OG0011674	g10709	Cg002G074480
OG0011675	g10704	Cg002G074410
OG0011676	g1529	Cg002G074070
OG0011677	g1543	Cg002G073760
OG0011679	g10621	Cg002G073070
OG0011680	g10613	Cg002G073020
OG0011681	g10602	Cg002G072840
OG0011682	g16639	Cg002G072160
OG0011683	g10558	Cg002G072020
OG0011684	g10520	Cg002G071380
OG0011685	g16584	Cg002G071260
OG0011686	g16840	Cg001G041170
OG0011687	g10395	Cg002G069860
OG0011689	g44929	Cg007G266930
OG0011690	g44952	Cg007G266620
OG0011691	g44963, g44955	Cg007G266490
OG0011692	g18051	Cg007G266170
OG0011693	g41881	Cg007G265720
OG0011694	g18052	Cg007G265650
OG0011695	g44994	Cg007G265530
OG0011696	g45008	Cg007G265370
OG0011697	g45040	Cg007G264870
OG0011698	g30864	Cg006G242180
OG0011699	g45034	Cg001G038660
OG0011700	g44747	Cg006G217860
OG0011701	g40746	Cg007G245610
OG0011702	g40754	Cg007G245730
OG0011703	g40760	Cg007G245790, Cg006G205370
OG0011704	g40765	Cg007G245840
OG0011705	g40820	Cg007G246150
OG0011706	g40800	Cg007G246420
OG0011707	g40784	Cg007G246620
OG0011708	g44246	Cg007G247130
OG0011709	g44243	Cg007G247370
OG0011710	g44239	Cg007G247540
OG0011711	g44236	Cg007G247690
OG0011712	g12276	Cg004G128310
OG0011713	g47574	Cg001G014660
OG0011714	g2136	Cg002G049650
OG0011715	g51966	Cg005G165030
OG0011716	g38144	Cg005G165370
OG0011717	g51933, g51926, g51925	Cg005G165430
OG0011718	g13018	Cg004G124730
OG0011719	g12401	Cg004G124970
OG0011720	g7490	Cg004G125090
OG0011721	g7486, g13053	Cg004G125150
OG0011722	g7483	Cg004G125190
OG0011723	g13064, g7460	Cg004G125500
OG0011724	g41274	Cg003G100110, Cg007G266890
OG0011725	g12376	Cg004G125790
OG0011726	g13081	Cg004G125910
OG0011727	g7433	Cg004G126070
OG0011728	g7419	Cg004G126340
OG0011729	g12358	Cg004G126400
OG0011730	g7411	Cg004G126520
OG0011731	g7410	Cg004G126530
OG0011732	g12350	Cg004G126590
OG0011733	g7405, g12344	Cg004G126660
OG0011734	g7401	Cg004G126740
OG0011735	g12315	Cg004G127440
OG0011736	g7335, g13133	Cg004G127830
OG0011737	g1455	Cg003G090780
OG0011738	g1418	Cg016G334090, Cg003G095220
OG0011739	g1420	Cg016G334080, Cg003G095210
OG0011741	g1380	Cg003G096880
OG0011742	g1363, g28298	Cg003G097090
OG0011743	g28313	Cg003G097580
OG0011744	g28316	Cg003G097600, Cg003G097610
OG0011745	g41159	Cg003G097680
OG0011746	g28332	Cg003G097820
OG0011748	g1330	Cg003G098040
OG0011749	g28357	Cg003G098620
OG0011750	g878	Cg003G099090
OG0011751	g881, g41221	Cg003G099140
OG0011752	g41223	Cg003G099180
OG0011753	g24656	Cg003G097360
OG0011754	g47644, g17076	Cg001G012900
OG0011755	g28435	Cg003G100660
OG0011756	g946	Cg003G101310
OG0011757	g941	Cg003G101130
OG0011758	g28447	Cg003G101070
OG0011759	g28470	Cg003G101520
OG0011760	g28484	Cg003G101760
OG0011761	g28486	Cg003G101790
OG0011762	g28495, g983	Cg003G102190
OG0011763	g47609	Cg001G013790
OG0011764	g1012	Cg003G102650
OG0011765	g1022	Cg003G102870
OG0011766	g28527	Cg003G103040
OG0011767	g1032	Cg003G103080
OG0011768	g1043	Cg003G103330
OG0011769	g28544	Cg003G103410
OG0011770	g39355	Cg003G103470
OG0011772	g28611	Cg003G104680
OG0011773	g28617	Cg003G104730
OG0011774	g28625	Cg003G104810
OG0011775	g39235	Cg003G105190
OG0011776	g1131	Cg003G105310
OG0011777	g28667	Cg003G105450
OG0011778	g39287	Cg003G105470
OG0011779	g26011	Cg003G088730
OG0011780	g41146	Cg003G089350
OG0011781	g53780, g29370	Cg008G293330
OG0011782	g45580	Cg008G292310
OG0011783	g5349	Cg008G292250
OG0011784	g29442	Cg008G291930
OG0011785	g29473, g45556	Cg008G291360
OG0011786	g29475	Cg008G291250
OG0011787	g29492	Cg008G291010
OG0011788	g5418	Cg008G290750
OG0011789	g5445	Cg008G290220
OG0011790	g230	Cg003G112400
OG0011791	g29555	Cg008G289960
OG0011792	g5456	Cg008G289800
OG0011793	g29563	Cg008G289770
OG0011794	g5485	Cg008G289520
OG0011795	g5491	Cg008G289440
OG0011796	g29580	Cg008G289370
OG0011797	g29584	Cg008G289330
OG0011798	g29587	Cg008G289250
OG0011799	g29610	Cg008G288590
OG0011800	g29619, g29620	Cg008G288450
OG0011801	g5549, g29631	Cg008G288180
OG0011802	g29636	Cg008G288090
OG0011803	g29639	Cg008G288080
OG0011804	g24249	Cg001G023360
OG0011805	g17518	Cg001G023090
OG0011806	g24193	Cg001G022550
OG0011807	g54067	Cg006G229490
OG0011808	g47274, g44156	Cg001G022350
OG0011809	g24184	Cg001G022340
OG0011810	g47294	Cg001G021690
OG0011811	g24142	Cg001G021490
OG0011812	g47304	Cg001G021410
OG0011813	g24089	Cg001G020850
OG0011814	g24078	Cg001G020760
OG0011815	g17395	Cg001G020750
OG0011816	g24073	Cg001G020690
OG0011817	g47330, g24072	Cg001G020670
OG0011818	g24070	Cg001G020620
OG0011819	g47340	Cg001G020470
OG0011820	g24059	Cg001G020380
OG0011821	g17381	Cg001G020370
OG0011822	g24058, g17380	Cg001G020360
OG0011823	g24041, g17370	Cg001G020150
OG0011824	g47354	Cg001G020070
OG0011825	g47356	Cg001G020050
OG0011826	g24002	Cg001G019430
OG0011827	g47394	Cg001G019310
OG0011828	g23988	Cg001G019250
OG0011829	g47407	Cg001G018980
OG0011830	g47410, g17310	Cg001G018900
OG0011832	g23968	Cg001G018750
OG0011833	g17306	Cg001G018690
OG0011834	g17295	Cg001G018480
OG0011835	g17273	Cg001G017980
OG0011836	g47462	Cg001G017350
OG0011837	g23877, g47471	Cg001G017150
OG0011838	g47476	Cg001G017070
OG0011839	g47477	Cg001G017050
OG0011840	g23859	Cg001G016960
OG0011841	g32636	Cg006G213100
OG0011842	g50664	Cg006G213060
OG0011843	g32648	Cg006G212910
OG0011844	g50703	Cg006G212230
OG0011845	g32677	Cg006G212050
OG0011846	g32678	Cg006G212030
OG0011847	g27859	Cg006G210490, Cg006G210480
OG0011848	g50757	Cg006G210010
OG0011849	g50759	Cg006G209680
OG0011851	g27962	Cg004G151450
OG0011852	g35951	Cg006G204000
OG0011853	g5832	Cg008G282420
OG0011854	g28177	Cg006G206040
OG0011855	g50419	Cg006G219030
OG0011856	g28141	Cg006G204260
OG0011857	g36264	Cg006G202240
OG0011858	g36263	Cg006G202350
OG0011859	g28247	Cg006G206850
OG0011860	g36194	Cg006G203640
OG0011861	g28988	Cg008G297820
OG0011862	g32313	Cg006G218600
OG0011863	g50467	Cg006G218190
OG0011864	g32382	Cg006G217640
OG0011866	g50516	Cg006G216620
OG0011867	g32443, g50523	Cg006G216310
OG0011869	g27718	Cg006G215490
OG0011870	g22992	Cg001G004650
OG0011871	g22950	Cg001G003940
OG0011872	g22932	Cg001G003770
OG0011873	g18261	Cg001G003270
OG0011874	g22886	Cg001G003250
OG0011875	g18268	Cg001G003090
OG0011876	g22831	Cg001G002730
OG0011877	g22781	Cg001G002010
OG0011878	g18299	Cg001G002000
OG0011879	g48003	Cg001G001810
OG0011880	g22758	Cg001G001740
OG0011881	g22722	Cg001G001470
OG0011882	g22704	Cg001G001230
OG0011883	g22684	Cg001G000910
OG0011884	g22681	Cg001G000860
OG0011885	g18319	Cg001G000790
OG0011886	g18322	Cg001G000760
OG0011887	g18329	Cg001G000670
OG0011888	g18333	Cg001G000610
OG0011891	g12981	Cg001G000170
OG0011892	g18374	Cg001G000190
OG0011893	g19273, g19269	Cg001G000040
OG0011894	g19270	Cg001G000030
OG0011895	g25101	Cg001G034360
OG0011896	g16734	Cg001G035000
OG0011899	g16743	Cg001G035860
OG0011900	g46761	Cg001G037220
OG0011901	g18085	Cg001G038610
OG0011902	g46701	Cg001G039420
OG0011903	g51493	Cg005G171580
OG0011904	g37992, g51501	Cg005G171480
OG0011906	g23766	Cg001G015470
OG0011907	g51524	Cg005G171100
OG0011908	g37132	Cg005G171280
OG0011909	g16800	Cg001G042050
OG0011910	g51535	Cg005G170940
OG0011911	g40269	Cg003G085110
OG0011912	g40268	Cg003G085140
OG0011913	g25854	Cg003G085450
OG0011914	g40243	Cg003G085920
OG0011916	g40240	Cg003G086040
OG0011917	g40239	Cg003G086060
OG0011918	g40237	Cg003G086070
OG0011919	g40325	Cg003G083490
OG0011920	g40228	Cg003G086730
OG0011921	g40205	Cg003G087740
OG0011922	g40211	Cg003G087580
OG0011923	g51422	Cg005G172500
OG0011924	g51409	Cg005G172590
OG0011925	g37075	Cg005G172690
OG0011926	g51394, g37074, g37967	Cg005G172840
OG0011927	g51391	Cg005G172860
OG0011928	g37965	Cg005G172960
OG0011929	g51367	Cg005G173070
OG0011930	g37960	Cg005G173090
OG0011931	g11122	Cg008G318820
OG0011932	g26897	Cg006G243650
OG0011933	g11139	Cg008G318430, Cg008G318370
OG0011934	g37033	Cg008G314320
OG0011935	g37030	Cg008G314580
OG0011936	g37014	Cg008G315780
OG0011937	g37008	Cg008G315830
OG0011938	g18464, g36982, g36981	Cg008G316950, Cg011G328760
OG0011939	g45859	Cg011G328780, Cg008G316920
OG0011940	g25838	Cg003G084230
OG0011941	g40331	Cg003G083320
OG0011942	g40332	Cg003G083250
OG0011943	g42686	Cg003G083190
OG0011944	g40369	Cg003G082430
OG0011945	g40378	Cg003G082050
OG0011946	g40386	Cg003G081800
OG0011947	g45141	Cg003G081740
OG0011948	g45144	Cg003G081660
OG0011949	g25666, g36569, g36568, g36566	Cg003G081510
OG0011950	g40406	Cg003G081230
OG0011951	g40409	Cg003G081180
OG0011952	g40420	Cg003G080950
OG0011953	g25578	Cg003G080290, Cg003G093690
OG0011954	g25566	Cg003G093710, Cg003G080270
OG0011955	g40474	Cg003G094210, Cg003G079810
OG0011956	g40481, g25523	Cg003G079720, Cg003G094310
OG0011957	g40539	Cg008G321950
OG0011958	g40556	Cg008G322520
OG0011959	g40574	Cg008G323730
OG0011960	g40581	Cg008G323000
OG0011961	g40589	Cg008G323130
OG0011962	g10956	Cg008G323470
OG0011963	g10952	Cg008G323500
OG0011964	g10939	Cg008G324020
OG0011965	g10916, g40662	Cg008G324380
OG0011966	g40708	Cg008G325070
OG0011967	g36055	Cg001G032950
OG0011968	g10882	Cg008G324910
OG0011969	g28672	Cg003G105530
OG0011970	g16856	Cg001G040730
OG0011971	g17920	Cg001G032960
OG0011972	g46974	Cg001G030420
OG0011973	g46977	Cg001G030210
OG0011974	g6439, g11699	Cg004G142670
OG0011975	g13511	Cg004G142420
OG0011976	g47001	Cg001G029350
OG0011977	g47002	Cg001G029340
OG0011978	g24663	Cg001G029230
OG0011979	g47038	Cg001G028170
OG0011980	g24579	Cg001G028520
OG0011981	g17756	Cg001G028080
OG0011982	g24539	Cg001G027960
OG0011983	g47063	Cg001G027510
OG0011984	g47057	Cg001G027390
OG0011985	g47078	Cg001G027030, Cg008G308640, Cg008G310300
OG0011986	g47083	Cg001G026840
OG0011987	g47086	Cg001G026740
OG0011988	g24457	Cg001G026050
OG0011989	g17647	Cg001G025840
OG0011990	g16858	Cg004G144340
OG0011991	g16848	Cg001G040850
OG0011992	g16844	Cg001G040930
OG0011993	g46676	Cg001G041020
OG0011994	g46673	Cg001G041070
OG0011995	g16839	Cg001G041190
OG0011996	g16838, g46670	Cg001G041220
OG0011997	g16806	Cg001G041870
OG0011998	g16808, g46657	Cg001G041750
OG0011999	g44965, g16789	Cg001G042220
OG0012000	g46646	Cg001G042270
OG0012001	g16784	Cg001G042300
OG0012002	g16766	Cg001G042920
OG0012003	g46618	Cg001G043100
OG0012004	g53413	Cg005G157680
OG0012005	g50840	Cg005G157710
OG0012006	g37762	Cg005G157770
OG0012007	g50821	Cg005G158370
OG0012008	g37705	Cg005G158660
OG0012009	g37678	Cg005G159050
OG0012010	g50788	Cg005G159120
OG0012012	g11167	Cg002G045250
OG0012014	g52288	Cg005G159830
OG0012015	g37613	Cg005G160280
OG0012016	g37612	Cg005G160340
OG0012017	g37576	Cg005G160790
OG0012020	g52177	Cg005G161250
OG0012021	g52169	Cg005G161310
OG0012023	g37491	Cg005G162670
OG0012025	g37486	Cg005G162760
OG0012027	g37463, g52081	Cg005G163160
OG0012028	g37462	Cg005G163170
OG0012029	g37459, g52061	Cg005G163410
OG0012030	g37436	Cg005G163860
OG0012031	g52016, g37417	Cg005G164070
OG0012032	g37406	Cg005G164200
OG0012033	g52003	Cg005G164290
OG0012034	g5839, g5837, g5841, g5835	Cg008G282300
OG0012035	g45290	Cg008G282550
OG0012036	g5818	Cg008G282600
OG0012037	g5793	Cg008G283040
OG0012039	g5756	Cg008G283820
OG0012040	g29821	Cg008G284490
OG0012041	g29820	Cg008G284510
OG0012042	g29120	Cg008G300010
OG0012043	g29119	Cg008G299980
OG0012044	g28938, g717	Cg008G300850
OG0012045	g718	Cg008G300860
OG0012046	g713	Cg008G300770
OG0012047	g28949	Cg008G300670
OG0012048	g715	Cg008G300810
OG0012049	g28900	Cg008G301590
OG0012050	g760	Cg008G301600
OG0012051	g762	Cg008G301620
OG0012052	g764	Cg008G301660
OG0012053	g790, g43749	Cg008G302110
OG0012054	g796	Cg008G302220
OG0012055	g803	Cg008G302340
OG0012056	g29344	Cg008G293740
OG0012057	g41321	Cg003G108100
OG0012058	g864	Cg003G107740
OG0012059	g39255	Cg003G106630
OG0012060	g1235	Cg003G106570
OG0012061	g1229	Cg003G106510
OG0012062	g308	Cg003G111110
OG0012063	g297, g9815	Cg003G111250
OG0012064	g9800	Cg003G111640
OG0012065	g271	Cg003G111650
OG0012066	g262	Cg003G111760
OG0012067	g248	Cg003G111990
OG0012068	g235	Cg003G112300
OG0012069	g208	Cg003G112660
OG0012070	g9740	Cg003G112840
OG0012071	g198	Cg003G113190
OG0012072	g5421	Cg003G113230
OG0012073	g18665	Cg003G113460
OG0012074	g9710	Cg003G113490
OG0012075	g9692	Cg003G113920
OG0012076	g77	Cg003G114470
OG0012077	g9666	Cg003G114520
OG0012078	g73	Cg003G114530
OG0012079	g67	Cg003G114600
OG0012080	g9663	Cg003G114630
OG0012081	g9652	Cg003G114910
OG0012082	g15	Cg003G115660
OG0012083	g19626	Cg003G115740
OG0012084	g39450	Cg003G076040
OG0012085	g25380	Cg003G076700, Cg014G332870
OG0012086	g26868	Cg006G245020
OG0012087	g25365	Cg014G333140, Cg003G076440
OG0012088	g49317, g30739	Cg006G244790
OG0012089	g49335	Cg006G244500
OG0012090	g25408	Cg014G332310, Cg003G077310
OG0012091	g39515	Cg014G331910, Cg003G077710
OG0012092	g39525	Cg003G077660, Cg014G331960
OG0012093	g25434	Cg014G331980, Cg003G077630
OG0012094	g39521	Cg014G332030, Cg003G077580
OG0012095	g39523	Cg003G077600, Cg014G332010
OG0012096	g25428	Cg003G077550, Cg014G332060
OG0012097	g25436	Cg003G077540, Cg014G332070
OG0012098	g25445	Cg003G077440, Cg014G332180
OG0012099	g39541	Cg003G078080, Cg014G331610
OG0012101	g39552	Cg003G078200, Cg014G331450
OG0012102	g39556	Cg003G078250, Cg014G331400
OG0012103	g25466	Cg003G078380, Cg014G331240
OG0012104	g39586	Cg014G331140, Cg003G078460
OG0012105	g39601	Cg003G078740, Cg014G330800
OG0012106	g39628	Cg003G079080, Cg003G094860
OG0012107	g25503	Cg003G094730, Cg003G079270
OG0012108	g45194	Cg003G079280, Cg003G094720
OG0012109	g25507	Cg003G094710, Cg003G079290
OG0012110	g39642, g25514	Cg003G094600, Cg003G079410
OG0012111	g25515	Cg003G094560, Cg003G079450
OG0012112	g39648	Cg003G094430, Cg003G079590
OG0012113	g39650	Cg003G094410, Cg003G079610
OG0012114	g3053	Cg003G079630, Cg003G094390
OG0012115	g25520	Cg003G094380, Cg003G079640
OG0012116	g39678	Cg008G320340
OG0012117	g39689	Cg008G320030
OG0012118	g39691	Cg008G320000
OG0012119	g11084	Cg008G319940
OG0012120	g11100	Cg008G319530
OG0012121	g46867	Cg008G317280, Cg008G319180, Cg008G319270
OG0012122	g51353	Cg005G173230
OG0012123	g51315	Cg005G173870
OG0012124	g39794	Cg005G174340
OG0012125	g39810	Cg006G241290, Cg005G174060
OG0012126	g39815	Cg005G174580
OG0012127	g51264	Cg005G174980
OG0012129	g39836	Cg005G175130
OG0012130	g51240	Cg005G175340
OG0012131	g39854	Cg005G175410
OG0012132	g39887	Cg005G175850
OG0012134	g5560, g37893	Cg005G176790
OG0012135	g39951	Cg005G176820
OG0012136	g39960	Cg005G177040
OG0012137	g39961	Cg005G177070
OG0012138	g39972, g51172	Cg005G177420
OG0012139	g40018	Cg005G177740
OG0012140	g37870	Cg005G177750
OG0012141	g40016	Cg005G177840
OG0012142	g37878	Cg005G177320
OG0012143	g40001, g37848	Cg005G178290
OG0012144	g40029	Cg005G178720
OG0012145	g40032	Cg005G178820
OG0012146	g50841	Cg005G178910
OG0012147	g43769	Cg005G178920
OG0012148	g40078	Cg005G179560
OG0012149	g40082	Cg005G179630
OG0012150	g37810	Cg005G179700
OG0012151	g37803	Cg005G179810
OG0012152	g40094	Cg005G180010
OG0012153	g2297	Cg002G052240
OG0012154	g40108	Cg005G180910
OG0012155	g40106	Cg005G180550
OG0012156	g40150	Cg005G182460, Cg005G182420
OG0012157	g50660	Cg001G033760
OG0012158	g36793	Cg005G185210
OG0012159	g27620	Cg005G185330
OG0012160	g38283	Cg005G185470
OG0012161	g38304	Cg005G186440
OG0012162	g51069	Cg005G187220
OG0012163	g38311	Cg005G186950
OG0012164	g17105	Cg001G013640
OG0012165	g12714	Cg004G116720
OG0012166	g7932	Cg004G116560
OG0012167	g7945	Cg004G116250
OG0012168	g45280	Cg008G281850
OG0012169	g39333, g45282	Cg008G281920
OG0012170	g47800	Cg001G008470
OG0012171	g23693	Cg001G014190
OG0012172	g12701	Cg004G116960
OG0012173	g7917	Cg004G117000
OG0012174	g12677	Cg004G117850
OG0012175	g12657	Cg004G118300
OG0012176	g12775	Cg004G119250
OG0012177	g12779	Cg004G119340
OG0012178	g7815	Cg004G119400
OG0012179	g12787	Cg004G119410
OG0012180	g7795	Cg004G119720, Cg004G120760
OG0012182	g12796	Cg004G119840
OG0012183	g12811	Cg004G120120
OG0012184	g7752	Cg004G120200
OG0012185	g7746	Cg004G120310
OG0012186	g12590	Cg004G120360
OG0012188	g7715	Cg004G120930
OG0012189	g12861	Cg004G121170
OG0012190	g12873	Cg004G121400
OG0012191	g1816	Cg002G044930
OG0012193	g7651	Cg004G122310
OG0012194	g7647	Cg004G122410
OG0012195	g29679	Cg008G287260
OG0012196	g7624	Cg004G122870
OG0012197	g12466	Cg004G122930
OG0012198	g7621	Cg004G122950
OG0012199	g13527, g46864	Cg001G033780
OG0012201	g12449, g7604	Cg004G123290
OG0012202	g13001, g7536	Cg004G124420
OG0012203	g51884	Cg005G165670
OG0012204	g41156	Cg001G031020, Cg005G165680
OG0012205	g37356	Cg005G165780
OG0012206	g51869	Cg005G165960
OG0012207	g38136	Cg005G166160
OG0012208	g51465	Cg005G166410
OG0012209	g38122	Cg005G167020
OG0012210	g38114	Cg005G167200
OG0012211	g51745	Cg005G167260, Cg007G252560
OG0012212	g51560	Cg005G170580
OG0012213	g38037	Cg005G170200
OG0012214	g10269	Cg008G312160, Cg008G312190, Cg008G312200
OG0012215	g38044	Cg005G169910
OG0012216	g37178	Cg005G169830
OG0012217	g51606	Cg005G169750
OG0012218	g51610	Cg005G169680
OG0012219	g37193	Cg005G169480
OG0012221	g51690	Cg005G168400
OG0012222	g51719	Cg005G167920
OG0012223	g9923	Cg003G108800
OG0012224	g11334, g19271	Cg002G054530
OG0012225	g31580	Cg006G230670
OG0012226	g31604	Cg006G230310
OG0012227	g31611	Cg006G230270
OG0012228	g49945	Cg006G230250
OG0012229	g27310, g49949	Cg006G230210
OG0012230	g31648, g49969	Cg006G229570
OG0012231	g49973	Cg006G229480
OG0012232	g49980	Cg006G229260
OG0012233	g31662	Cg006G229230
OG0012234	g31664	Cg006G229210
OG0012235	g49981	Cg006G229100
OG0012236	g49987	Cg006G228970
OG0012237	g31735	Cg006G228140
OG0012238	g50033	Cg006G227860
OG0012239	g31774, g50042	Cg006G227620
OG0012240	g31775	Cg006G227610
OG0012241	g27426	Cg006G227000
OG0012242	g31817	Cg006G226920
OG0012243	g31825	Cg006G226820
OG0012244	g31860	Cg006G226470
OG0012245	g31870	Cg006G226340
OG0012246	g31918	Cg006G225580
OG0012247	g31941, g27462	Cg006G225440
OG0012248	g31949	Cg006G225160
OG0012249	g31987, g50188	Cg006G224660
OG0012250	g50210	Cg006G224120
OG0012251	g17954	Cg007G278450
OG0012254	g50230	Cg006G223770
OG0012255	g50236	Cg006G223720
OG0012256	g50272, g27539	Cg006G222940
OG0012257	g50274	Cg006G222920
OG0012259	g32102	Cg006G222440
OG0012261	g50306	Cg006G221970
OG0012262	g50310	Cg006G221940
OG0012263	g32142	Cg006G221070
OG0012264	g32156	Cg006G220850
OG0012265	g27591	Cg006G220710
OG0012266	g32166	Cg006G220640
OG0012267	g32172	Cg006G220540
OG0012268	g32186	Cg006G220430
OG0012269	g50370	Cg006G220380
OG0012270	g32211	Cg006G219940
OG0012271	g32241	Cg006G219730
OG0012272	g27126	Cg006G235250
OG0012273	g31168	Cg006G236850
OG0012274	g3076	Cg002G062620
OG0012275	g47507	Cg001G016500
OG0012276	g47512	Cg001G016200
OG0012277	g47516	Cg001G016150
OG0012278	g19540	Cg008G323710, Cg011G328890
OG0012279	g23822	Cg001G016090
OG0012280	g23809	Cg001G015900
OG0012281	g17161	Cg001G015190
OG0012282	g17166	Cg001G015380
OG0012283	g36873	Cg036G336850, Cg013G330330
OG0012284	g28422	Cg001G012750
OG0012286	g38332	Cg013G330390, Cg055G337190
OG0012287	g2786	Cg002G059750
OG0012288	g50982	Cg005G190330
OG0012289	g38399	Cg005G190630
OG0012290	g36892, g38403	Cg005G190770
OG0012291	g24721, g38406	Cg005G190800
OG0012292	g50964, g38413	Cg005G191030
OG0012293	g28982	Cg008G300150
OG0012294	g50907, g36917	Cg005G191850
OG0012296	g36934	Cg005G192550
OG0012298	g50891	Cg005G192710
OG0012299	g50890	Cg005G192720
OG0012301	g38533	Cg005G193530
OG0012303	g38539	Cg005G193630
OG0012304	g10978, g40570	Cg008G322710
OG0012305	g38555	Cg005G193840
OG0012306	g44596	Cg005G193870
OG0012307	g50847	Cg005G193910
OG0012308	g50845	Cg005G193940
OG0012309	g38557	Cg005G158200
OG0012310	g27291	Cg006G230780
OG0012311	g31515	Cg006G231660
OG0012312	g31510	Cg006G231750
OG0012313	g49903	Cg006G231810
OG0012314	g49883	Cg006G232280
OG0012315	g31450	Cg006G232600
OG0012316	g27207	Cg006G232980
OG0012318	g27197, g27195, g31406	Cg006G233120
OG0012319	g31370	Cg006G233670
OG0012321	g31353	Cg006G233780
OG0012322	g31348	Cg006G233920
OG0012323	g31346	Cg006G233950
OG0012324	g31318	Cg006G234470
OG0012325	g31334	Cg006G234110
OG0012326	g27136, g31297	Cg006G234920
OG0012327	g49757	Cg006G235020
OG0012329	g31271	Cg006G235260
OG0012330	g31257	Cg006G235490
OG0012331	g27117	Cg006G235660
OG0012332	g49703	Cg006G236210
OG0012333	g31227	Cg006G236060
OG0012334	g49699	Cg006G236270
OG0012335	g31211	Cg006G236340, Cg006G236330
OG0012336	g31177	Cg006G236780
OG0012337	g31163	Cg006G236880
OG0012338	g23599	Cg001G012810
OG0012339	g2179	Cg002G050380
OG0012340	g31151	Cg006G237090
OG0012342	g31125	Cg006G237480
OG0012343	g31133	Cg006G237350
OG0012344	g49676	Cg006G237540
OG0012345	g49661	Cg006G237310
OG0012346	g31117	Cg006G237650
OG0012347	g31113	Cg006G237720
OG0012348	g31096	Cg001G004260, Cg006G238140, Cg001G004290
OG0012349	g28631	Cg003G104880
OG0012350	g11151	Cg002G044380
OG0012351	g51046	Cg005G188060
OG0012353	g31051	Cg006G238920
OG0012354	g31036	Cg006G239280
OG0012355	g39876	Cg005G175680
OG0012356	g38324	Cg005G187690
OG0012357	g49497	Cg008G288640
OG0012358	g30897	Cg006G241470
OG0012359	g26944	Cg006G241730
OG0012360	g30884	Cg006G241750
OG0012361	g30870	Cg006G242040
OG0012362	g49445	Cg006G242280
OG0012363	g49427	Cg006G242720
OG0012364	g30839	Cg006G242700
OG0012365	g26910	Cg006G242570
OG0012366	g49401	Cg006G243250
OG0012367	g25022	Cg006G243420
OG0012368	g49391	Cg006G243510
OG0012369	g49380	Cg006G243800
OG0012370	g26880	Cg006G244110
OG0012371	g49337, g30758	Cg006G244480
OG0012372	g30749	Cg006G244550
OG0012373	g26873, g30741	Cg006G244720
OG0012374	g49320	Cg006G244700
OG0012375	g49321	Cg006G244680
OG0012376	g49324	Cg006G244650
OG0012377	g49297	Cg006G245180
OG0012379	g29330	Cg008G294030
OG0012380	g45663	Cg008G294810
OG0012381	g5193	Cg008G294510
OG0012383	g29276	Cg008G295280
OG0012384	g45681	Cg008G295360
OG0012385	g24281	Cg001G023690
OG0012386	g5115	Cg008G295710
OG0012387	g5116	Cg008G295690
OG0012388	g5086	Cg008G296010
OG0012389	g5084, g29217	Cg008G296100
OG0012390	g5078	Cg008G296180
OG0012391	g5077	Cg008G296190
OG0012392	g45717	Cg008G296350
OG0012393	g5061	Cg008G296450
OG0012394	g5054, g45725	Cg008G296580
OG0012395	g45735	Cg008G296790
OG0012396	g5032	Cg008G296870
OG0012398	g28991	Cg008G297910
OG0012399	g41466	Cg008G298880
OG0012400	g29049	Cg008G298890
OG0012401	g29061	Cg008G298940
OG0012402	g29069, g4912	Cg008G299050
OG0012403	g41433	Cg008G299650
OG0012404	g4878	Cg008G299660
OG0012405	g5009	Cg008G297210
OG0012406	g10131	Cg008G306730
OG0012407	g10134	Cg008G306780
OG0012408	g10136	Cg008G306830, Cg008G306860
OG0012409	g4769	Cg008G307170
OG0012410	g44735, g44730	Cg007G270130
OG0012411	g10195	Cg008G308440
OG0012412	g10214	Cg008G309060, Cg008G310700
OG0012413	g10225	Cg008G311100, Cg008G309300
OG0012414	g10237	Cg008G311480, Cg008G309650
OG0012416	g5576	Cg008G287790
OG0012417	g5579	Cg008G287750
OG0012418	g29660	Cg008G287570
OG0012420	g29669	Cg008G287400
OG0012421	g10296	Cg008G313450
OG0012422	g29353	Cg008G293600
OG0012423	g5595	Cg008G287250
OG0012424	g29682	Cg008G287210
OG0012425	g29690	Cg008G287080
OG0012426	g29725	Cg008G286300
OG0012427	g39331	Cg003G104440
OG0012428	g29766	Cg008G285650
OG0012429	g45414, g40769	Cg008G285630
OG0012430	g5684	Cg008G285310
OG0012431	g623, g10086	Cg008G305590
OG0012432	g10051	Cg008G304890
OG0012433	g9998	Cg008G303880
OG0012434	g18573	Cg008G303780
OG0012435	g513	Cg008G303670
OG0012436	g18586	Cg008G303300
OG0012437	g487	Cg008G303120
OG0012438	g471	Cg008G302950
OG0012440	g470	Cg008G302930
OG0012441	g453, g9950	Cg003G108500
OG0012442	g9925	Cg003G108760
OG0012444	g388	Cg003G109670
OG0012445	g354, g9853	Cg003G110310
OG0012446	g9851	Cg003G110330
OG0012447	g345	Cg003G110380
OG0012448	g328	Cg003G110760
OG0012449	g28715	Cg003G106340
OG0012450	g1212	Cg003G106290
OG0012452	g28695	Cg003G105840
OG0012453	g19345	Cg002G056070
OG0012454	g19352	Cg002G056170
OG0012455	g2548	Cg002G056220
OG0012456	g11363, g2583	Cg002G056500
OG0012458	g19369	Cg002G056830
OG0012459	g19398	Cg002G057410, Cg002G057380
OG0012460	g19409	Cg002G057570
OG0012461	g2676	Cg002G057940
OG0012462	g19441, g19453	Cg002G058040
OG0012463	g19438	Cg002G058110
OG0012464	g2688	Cg002G058180
OG0012465	g19419	Cg002G058480
OG0012466	g2723	Cg002G058600
OG0012467	g2734	Cg002G059370
OG0012468	g19504	Cg002G059380
OG0012469	g19513, g2731	Cg002G059550
OG0012471	g19527, g2813	Cg002G060100
OG0012472	g28708	Cg003G106720
OG0012473	g19545	Cg002G060610
OG0012474	g2873, g19551	Cg002G060720
OG0012475	g11432	Cg002G060760
OG0012476	g2914	Cg002G061380
OG0012477	g3000	Cg002G062260
OG0012478	g11449	Cg002G062610
OG0012479	g3130	Cg002G063130
OG0012480	g3427	Cg002G064140
OG0012481	g3495	Cg002G064510
OG0012482	g1612	Cg002G064570
OG0012483	g11510	Cg002G064690
OG0012484	g44887	Cg007G267650
OG0012485	g41652	Cg007G267540
OG0012486	g44902	Cg007G267360
OG0012487	g41725, g44907	Cg007G267280
OG0012489	g44866	Cg007G268020
OG0012490	g41765	Cg007G267170
OG0012491	g18034	Cg007G267930
OG0012492	g44802	Cg007G269040
OG0012494	g45756	Cg007G268980
OG0012495	g45776	Cg007G269350
OG0012496	g44763	Cg007G269490
OG0012497	g45797	Cg007G269780
OG0012498	g44762	Cg007G269790
OG0012499	g46029	Cg007G273520
OG0012500	g45834	Cg007G270660
OG0012501	g45856	Cg007G270880
OG0012502	g44695	Cg007G270990
OG0012503	g45897	Cg007G271540, Cg007G271530
OG0012504	g45910	Cg007G271710
OG0012505	g45943	Cg007G272130
OG0012506	g46436	Cg007G278910
OG0012508	g46393	Cg007G278520
OG0012509	g46374	Cg007G278230
OG0012510	g46373	Cg007G278220
OG0012511	g17961	Cg007G278120
OG0012512	g46341	Cg007G277960
OG0012513	g46338	Cg007G277920
OG0012514	g17962	Cg007G277700
OG0012515	g44385	Cg007G277380
OG0012516	g46302, g44388	Cg007G277300
OG0012518	g44407	Cg007G276920
OG0012519	g46247	Cg007G276640
OG0012521	g46184	Cg007G275630
OG0012522	g46182	Cg007G275600
OG0012523	g46170	Cg007G275340
OG0012524	g46169	Cg007G275330
OG0012526	g17989	Cg007G274470
OG0012527	g46103	Cg007G274340
OG0012528	g46095	Cg007G274240
OG0012529	g46083	Cg007G274070
OG0012531	g45997	Cg007G272920
OG0012532	g45951	Cg007G272780
OG0012533	g46460	Cg007G279220
OG0012534	g46465	Cg007G279270
OG0012535	g44352	Cg007G279420
OG0012536	g46498, g44340	Cg007G279750
OG0012537	g46499, g44339	Cg007G279770
OG0012538	g46507	Cg007G279880
OG0012541	g46535	Cg007G280270
OG0012544	g36646, g36648	Cg007G281610
OG0012545	g46607	Cg007G281650
OG0012546	g44269	Cg004G157430
OG0012547	g44264	Cg007G281730
OG0012548	g13829	Cg007G281760
OG0012549	g1633	Cg007G281780
OG0012550	g12269	Cg004G128450
OG0012551	g7255	Cg004G129060
OG0012552	g12246	Cg004G129080
OG0012553	g36683	Cg006G195410
OG0012554	g7185	Cg004G130280
OG0012555	g7165	Cg004G130500
OG0012556	g12177	Cg004G130620
OG0012558	g7112	Cg004G131470
OG0012559	g12144	Cg004G131490
OG0012561	g7059	Cg004G132180
OG0012562	g12103	Cg004G132960, Cg004G132370
OG0012563	g13262, g7004	Cg004G132950
OG0012564	g6989	Cg004G133300
OG0012565	g12064	Cg004G133350
OG0012566	g6980	Cg004G133490
OG0012567	g6977	Cg004G133530
OG0012568	g13275	Cg004G133540
OG0012569	g13281	Cg004G133860
OG0012570	g12036	Cg004G134200
OG0012571	g6927	Cg004G134210
OG0012572	g12035	Cg004G134220
OG0012573	g6923	Cg004G134270
OG0012574	g12014	Cg004G134910
OG0012575	g12010	Cg004G135010
OG0012576	g6876	Cg004G135080
OG0012577	g12003	Cg004G135170
OG0012578	g11993, g13317	Cg004G135390
OG0012579	g11982	Cg004G135610
OG0012580	g6823	Cg004G135840
OG0012581	g13333	Cg004G135930
OG0012582	g11958	Cg004G136140
OG0012583	g6772	Cg004G136650
OG0012584	g6756	Cg004G136820
OG0012585	g11935, g6754	Cg004G136970
OG0012586	g6731	Cg004G137290
OG0012587	g11894	Cg004G137750
OG0012588	g36488, g28043	Cg006G198590
OG0012589	g13373	Cg004G137880
OG0012590	g11861	Cg004G138630
OG0012591	g47085	Cg001G026820
OG0012592	g6560	Cg002G050610
OG0012593	g11769	Cg004G140370
OG0012594	g6547	Cg004G140590
OG0012595	g6523	Cg004G141110
OG0012596	g6509	Cg004G141350
OG0012597	g13476	Cg004G141410
OG0012598	g11741	Cg004G141510
OG0012599	g6493	Cg004G141540
OG0012600	g31136	Cg006G237270
OG0012601	g6488	Cg004G141620
OG0012602	g11727, g13488, g6464	Cg004G142040
OG0012603	g6337	Cg004G146650
OG0012604	g6444	Cg004G142620
OG0012605	g6368	Cg004G143490
OG0012606	g13526	Cg004G143310
OG0012607	g11654	Cg004G143990
OG0012608	g6305	Cg004G147310
OG0012609	g6021	Cg004G154390
OG0012610	g11578	Cg004G146360
OG0012611	g11603	Cg004G145950
OG0012612	g11615	Cg004G145710
OG0012613	g11631	Cg004G145610
OG0012614	g13659	Cg004G146990, Cg004G146980
OG0012615	g6222	Cg004G147940
OG0012616	g13668	Cg006G196120, Cg006G196100
OG0012617	g6191	Cg004G149280
OG0012618	g6187	Cg004G149400, Cg004G150420
OG0012619	g6165	Cg004G149830, Cg004G150850
OG0012620	g6149	Cg004G151640
OG0012621	g14216, g6148	Cg004G151650
OG0012622	g14215	Cg004G151780
OG0012623	g6140, g14194	Cg004G152260
OG0012624	g14077	Cg004G152650
OG0012625	g13713	Cg004G152680
OG0012626	g37271, g51715	Cg005G168000
OG0012627	g14073	Cg004G152750
OG0012628	g14040	Cg004G153210
OG0012629	g14023	Cg004G153500
OG0012630	g14022	Cg004G153510
OG0012631	g14008	Cg004G153700
OG0012632	g6034	Cg004G154060
OG0012633	g13759	Cg004G154150
OG0012634	g13983	Cg004G154210
OG0012635	g6003	Cg004G154670
OG0012638	g13917	Cg004G155600
OG0012639	g5958	Cg004G155770
OG0012640	g13809	Cg004G155960
OG0012641	g5939	Cg004G156250
OG0012642	g5930	Cg004G156520
OG0012643	g13824	Cg004G156870
OG0012645	g5875, g6176	Cg006G194130
OG0012646	g54377, g54381, g54382	Cg006G194230
OG0012647	g5961, g25047, g25050	Cg006G194460
OG0012650	g36675, g54358	Cg006G195670
OG0012651	g36659	Cg006G195940
OG0012652	g54298	Cg006G196170
OG0012653	g36633, g54296	Cg006G196210
OG0012654	g36604	Cg006G196590
OG0012655	g28009	Cg006G196850
OG0012656	g54275	Cg006G196910
OG0012657	g54262	Cg006G197380
OG0012659	g54230	Cg006G198030
OG0012660	g36520	Cg006G198050
OG0012661	g54216	Cg006G198190
OG0012662	g54195	Cg006G198780
OG0012662	g36482	Cg006G198810
OG0012663	g36485	Cg006G198700
OG0012664	g28049	Cg006G199010
OG0012665	g36460	Cg006G199100
OG0012666	g54199	Cg006G199110
OG0012667	g36446	Cg006G199340
OG0012668	g28064	Cg006G199710
OG0012669	g36413	Cg006G199760
OG0012670	g54152, g36410	Cg006G199820
OG0012671	g54132	Cg006G200200
OG0012672	g54193	Cg006G198670
OG0012673	g54098	Cg006G200880
OG0012674	g54108	Cg006G200710
OG0012675	g28090	Cg006G200800
OG0012676	g54083	Cg006G201360
OG0012677	g36323	Cg006G201460
OG0012678	g54069, g36301	Cg006G201590
OG0012679	g54068	Cg006G201600
OG0012680	g47142	Cg001G025040
OG0012681	g24389	Cg001G025080
OG0012682	g47130	Cg001G025260
OG0012683	g24407	Cg001G025440
OG0012684	g24410	Cg001G025470
OG0012685	g24416	Cg001G025500
OG0012686	g51481	Cg005G171730
OG0012687	g37078	Cg005G172080
OG0012689	g11338	Cg002G054880
OG0012690	g11337	Cg002G054850
OG0012691	g2427	Cg002G054680
OG0012692	g11333	Cg002G054470
OG0012693	g11330	Cg002G054410
OG0012696	g2406	Cg002G053900
OG0012697	g11319	Cg002G053650
OG0012698	g2362, g19202	Cg002G053240
OG0012699	g11311	Cg002G053080
OG0012700	g29124	Cg008G304480
OG0012701	g2325	Cg002G052650
OG0012702	g2318	Cg002G052550
OG0012703	g2461	Cg002G055150
OG0012704	g2301	Cg002G052290
OG0012705	g19150	Cg002G052100
OG0012706	g2244	Cg002G051670
OG0012707	g2257	Cg002G051570
OG0012708	g19094	Cg002G050860, Cg002G051070
OG0012709	g2193	Cg002G050910
OG0012710	g19074	Cg002G050840
OG0012711	g19070	Cg002G050740
OG0012712	g11273, g28268, g2186	Cg002G050650
OG0012713	g6211, g19033	Cg002G049990
OG0012714	g2158	Cg002G049970
OG0012715	g2139	Cg002G049710
OG0012716	g19020	Cg002G049700
OG0012717	g19018	Cg002G049680
OG0012718	g19010	Cg002G049490
OG0012719	g19009	Cg002G049480
OG0012720	g17923	Cg001G033170
OG0012721	g2080	Cg002G049140
OG0012722	g18997	Cg005G181180
OG0012723	g18995	Cg002G049080
OG0012724	g2087	Cg002G048980
OG0012725	g2133	Cg002G048390
OG0012726	g1985	Cg002G047760
OG0012727	g1986	Cg002G047750
OG0012728	g52079, g48947	Cg005G163230
OG0012729	g2004	Cg002G047410
OG0012730	g18911	Cg002G047390
OG0012731	g2030	Cg002G046870
OG0012733	g1913	Cg002G046120
OG0012734	g18819	Cg002G046110
OG0012735	g1887	Cg002G045780
OG0012736	g1781	Cg002G044570
OG0012737	g1761	Cg002G044300
OG0012738	g18795	Cg002G044120
OG0012739	g18729	Cg002G043900
OG0012740	g18769	Cg002G043540
OG0012741	g18774	Cg002G043470
OG0012743	g38307	Cg005G186760
OG0012744	g54148	Cg006G199910
OG0012746	g2300	Cg002G052280
OG0012750	g18822	Cg002G046170
OG0012751	g26900	Cg006G243590
OG0012752	g10972	Cg008G322890
OG0012753	g36841	Cg005G187170, Cg005G187200, Cg005G187090
OG0012757	g46351	Cg007G278030
OG0012758	g46172	Cg007G275360
OG0012759	g17031	Cg001G011880
OG0012760	g47678	Cg001G011830
OG0012762	g47779	Cg008G286340
OG0012764	g22816	Cg001G002490
OG0012765	g26933	Cg006G242100, Cg006G242090
OG0012766	g49545	Cg006G239800
OG0012767	g31110	Cg006G237870
OG0012768	g50224	Cg006G224000
OG0012771	g25393	Cg003G076900, Cg014G332700
OG0012776	g6811	Cg004G136050
OG0012778	g7281	Cg004G128540
OG0012779	g13108	Cg004G126640
OG0012780	g29677	Cg008G287320
OG0012781	g25189	Cg001G033560
OG0012782	g50874	Cg005G193290
OG0012784	g17554	Cg001G023790
OG0012785	g54004	Cg006G202740
OG0012786	g40057	Cg007G261240
OG0012787	g13583	Cg005G179600
OG0012788	g45487	Cg008G288550
OG0012789	g5242	Cg008G293920
OG0012790	g5237, g5231	Cg008G294050
OG0012791	g5125	Cg008G295540
OG0012792	g5052	Cg003G091230
OG0012793	g5001	Cg008G297480
OG0012794	g1579	Cg002G072900
OG0012795	g28574	Cg003G104350
OG0012796	g28661	Cg003G105380
OG0012798	g12323	Cg004G127110
OG0012800	g28943	Cg008G300750
OG0012801	g9909	Cg003G108990
OG0012802	g45415	Cg006G210930
OG0012805	g32282, g32281	Cg006G219190
OG0012806	g28159, g28171	Cg001G033200
OG0012814	g45582	Cg008G292440
OG0012816	g4962	Cg008G298110
OG0012817	g4905, g3962, g3964	Cg008G299080
OG0012818	g818, g41341	Cg008G302660
OG0012819	g23701, g17132	Cg001G014260
OG0012822	g1665	Cg008G312010
OG0012823	g10248	Cg008G310020, Cg008G311800
OG0012824	g4582	Cg008G310520, Cg008G308870
OG0012827	g45249	Cg003G076730, Cg014G332840
OG0012828	g46538	Cg007G280320
OG0012836	g23578	Cg001G012550
OG0012837	g17053	Cg001G012370
OG0012838	g47663	Cg001G012250
OG0012839	g23541	Cg001G011940
OG0012840	g23529	Cg001G011740
OG0012841	g47691	Cg001G011400
OG0012842	g23471	Cg001G011100
OG0012843	g47699	Cg001G011010
OG0012844	g37378	Cg005G164970
OG0012845	g16996	Cg001G010670
OG0012846	g23410	Cg001G010120
OG0012847	g23391	Cg001G009960
OG0012848	g16977	Cg001G009870
OG0012849	g23375	Cg001G009670
OG0012850	g47759	Cg001G009640
OG0012851	g23359	Cg001G009500
OG0012852	g47766	Cg001G009420
OG0012853	g47776	Cg001G009270
OG0012854	g23325	Cg001G009090
OG0012855	g16941	Cg001G008570
OG0012856	g16938	Cg001G008430
OG0012857	g16928	Cg001G008220
OG0012858	g16925	Cg001G008180
OG0012859	g23272	Cg001G008040
OG0012860	g23264	Cg001G007920
OG0012862	g47819	Cg001G007720
OG0012863	g16907	Cg001G007340
OG0012864	g16908	Cg001G007400
OG0012865	g47824	Cg001G007570
OG0012866	g47821	Cg001G007660
OG0012867	g23207	Cg001G007230
OG0012868	g23176	Cg001G006860
OG0012869	g47841	Cg001G006890
OG0012870	g23179	Cg001G006920
OG0012871	g23175	Cg001G006840
OG0012872	g23168	Cg001G006780
OG0012873	g23163	Cg001G006700
OG0012875	g23146	Cg001G006390
OG0012876	g23108	Cg001G005990
OG0012877	g23138	Cg001G006280
OG0012878	g23104	Cg001G005950
OG0012880	g23044	Cg001G005420
OG0012881	g23031	Cg001G005170
OG0012882	g22953	Cg001G003960
OG0012883	g23024	Cg001G005070
OG0012884	g13566	Cg004G144730
OG0012885	g50572	Cg006G215270
OG0012886	g50573	Cg006G215250
OG0012887	g50589	Cg006G214970
OG0012888	g27746	Cg006G214770
OG0012889	g32612	Cg006G213680
OG0012890	g32616	Cg006G213580
OG0012891	g50654, g50655	Cg006G213310
OG0012892	g24319	Cg001G024390
OG0012894	g47171	Cg001G024610
OG0012895	g47170	Cg001G024620
OG0012896	g47163	Cg001G024710
OG0012897	g17586	Cg001G024790
OG0012898	g17589	Cg001G024870
OG0012899	g43836	Cg007G257490
OG0012900	g41132	Cg007G257250
OG0012901	g1684	Cg007G256860
OG0012902	g41129	Cg007G255850
OG0012903	g43906	Cg007G255490
OG0012904	g41127	Cg007G255170
OG0012905	g41126	Cg007G255110
OG0012906	g43971	Cg007G254430
OG0012907	g41118	Cg007G254300, Cg007G254310
OG0012908	g41114	Cg007G254200
OG0012909	g44016	Cg007G252970
OG0012910	g44015	Cg004G147950
OG0012911	g41068	Cg007G252110
OG0012912	g44042	Cg007G252000
OG0012913	g38258	Cg007G251760
OG0012914	g41053	Cg007G251600
OG0012915	g41046	Cg007G251310
OG0012916	g44088	Cg007G251400
OG0012917	g41040	Cg007G251200
OG0012918	g44100	Cg007G251140
OG0012919	g41021	Cg007G250520
OG0012920	g41016	Cg007G250400
OG0012921	g44137	Cg007G250360
OG0012922	g41004	Cg007G249810
OG0012923	g44138	Cg007G250310
OG0012924	g40995	Cg007G249950
OG0012925	g44152	Cg007G249690
OG0012926	g40979	Cg007G249680
OG0012927	g44153	Cg007G249670
OG0012929	g40972	Cg007G249340
OG0012930	g44166	Cg007G249300
OG0012931	g40937	Cg007G248660
OG0012932	g10821	Cg002G075720
OG0012933	g10816	Cg002G075680
OG0012934	g10814	Cg002G075660
OG0012935	g10807	Cg002G075560
OG0012936	g10778	Cg002G075260
OG0012937	g10774	Cg002G075200
OG0012938	g10772	Cg002G075180
OG0012940	g10743	Cg002G074930
OG0012941	g10739	Cg002G074850
OG0012942	g1522	Cg002G074520
OG0012943	g10706	Cg002G074440
OG0012944	g10683	Cg002G074180
OG0012945	g10680	Cg002G074130
OG0012946	g27253	Cg006G232000
OG0012947	g16680	Cg002G073870
OG0012948	g10658	Cg002G073560
OG0012949	g10643	Cg002G073350
OG0012950	g10628	Cg002G073210
OG0012951	g10601	Cg002G072830
OG0012952	g1581	Cg002G072740
OG0012953	g1585	Cg002G072590
OG0012954	g1587	Cg002G072540, Cg002G072550
OG0012955	g10572	Cg002G072250
OG0012956	g1593	Cg002G072130
OG0012957	g1595	Cg002G072060
OG0012958	g1597	Cg002G071940
OG0012959	g10551	Cg002G071910
OG0012960	g10530	Cg002G071530
OG0012961	g10527	Cg002G071490
OG0012962	g10518	Cg002G071360
OG0012963	g10517	Cg002G071350
OG0012965	g10500	Cg002G071090
OG0012966	g46662	Cg001G041400
OG0012967	g10480	Cg002G070910
OG0012968	g10460	Cg002G070590
OG0012970	g16570	Cg002G068510
OG0012971	g10432	Cg002G068950
OG0012972	g10407	Cg002G069370
OG0012973	g10406	Cg002G069380
OG0012974	g4296	Cg002G069420
OG0012975	g10396	Cg002G051330
OG0012977	g10366	Cg002G068100
OG0012978	g10320	Cg002G065620
OG0012980	g46738	Cg001G038230, Cg001G038270
OG0012981	g41791	Cg007G267050
OG0012982	g44919	Cg007G267040
OG0012983	g44930	Cg007G266920
OG0012984	g44931	Cg007G266880
OG0012985	g44953	Cg007G266600
OG0012986	g44972	Cg007G266310
OG0012987	g45006	Cg007G265460
OG0012988	g45019	Cg007G265260
OG0012989	g45020	Cg007G265240
OG0012991	g45082	Cg007G262770
OG0012992	g18059	Cg007G262600, Cg007G263530
OG0012993	g45090	Cg007G263540, Cg007G262590
OG0012994	g18060	Cg007G263840, Cg007G262320
OG0012995	g17927	Cg007G258340
OG0012996	g41131	Cg007G258280
OG0012997	g6527	Cg007G258960
OG0012998	g40736	Cg007G245540
OG0012999	g40753	Cg007G245720
OG0013001	g41067, g40780	Cg007G246010
OG0013002	g40825	Cg007G246080
OG0013003	g40824	Cg007G246090
OG0013004	g43513	Cg007G246170
OG0013005	g40817	Cg007G246190
OG0013006	g40814	Cg007G246230
OG0013007	g40810	Cg007G246240
OG0013008	g40809	Cg007G246250
OG0013009	g40807	Cg007G246300
OG0013010	g44261	Cg007G246490
OG0013011	g40791	Cg007G246590
OG0013012	g44255	Cg007G246810
OG0013013	g40842	Cg007G246900
OG0013014	g40844	Cg007G246950
OG0013015	g31404	Cg006G233160
OG0013016	g40860	Cg007G247250
OG0013017	g44242	Cg007G247390
OG0013018	g44237	Cg007G247650
OG0013019	g40887	Cg007G247680
OG0013020	g40905	Cg007G247920
OG0013021	g27180	Cg006G233840
OG0013022	g40919	Cg007G248040
OG0013023	g40920	Cg007G248050
OG0013024	g47559	Cg001G014920
OG0013025	g23724	Cg001G014750
OG0013026	g23721	Cg001G014710
OG0013027	g47573	Cg001G014670
OG0013028	g23713	Cg001G014550
OG0013029	g46840	Cg001G034760
OG0013030	g37384	Cg005G164710
OG0013031	g51976	Cg005G164860
OG0013032	g37377	Cg005G165000
OG0013033	g51968	Cg005G164980
OG0013034	g51959	Cg005G165130
OG0013035	g51927, g51942	Cg005G165420
OG0013036	g38143	Cg005G165560
OG0013037	g7517	Cg004G124680
OG0013038	g13023	Cg004G124840
OG0013039	g13028	Cg004G124900
OG0013040	g7480	Cg004G125250
OG0013041	g7479	Cg004G125260
OG0013042	g7458, g12389	Cg004G125530
OG0013043	g13067	Cg004G125620
OG0013044	g47502	Cg001G016560
OG0013045	g13069	Cg004G125690
OG0013046	g12381	Cg004G125750
OG0013048	g7445	Cg004G125780
OG0013049	g13087	Cg004G126030
OG0013050	g13089	Cg004G126050
OG0013051	g28979	Cg008G300030
OG0013052	g13106	Cg004G126300
OG0013053	g12362	Cg004G126320
OG0013054	g7417	Cg004G126360
OG0013055	g7408	Cg004G126580
OG0013056	g49769	Cg006G234710
OG0013057	g12330	Cg004G126950
OG0013058	g7374	Cg004G127290
OG0013059	g7371	Cg004G127360
OG0013060	g13132	Cg004G127790
OG0013061	g7338	Cg004G127800
OG0013062	g7333	Cg004G127850
OG0013063	g12294, g7331	Cg004G127890
OG0013064	g39859	Cg008G302160
OG0013065	g12287	Cg004G128070
OG0013066	g23582	Cg001G012640
OG0013068	g37835	Cg003G091420
OG0013069	g26734	Cg003G091310
OG0013070	g1476	Cg003G091300
OG0013071	g1460	Cg003G090910
OG0013072	g1449	Cg003G091070, Cg003G090730
OG0013074	g1427	Cg003G095070, Cg016G333970
OG0013075	g1421	Cg016G334060, Cg003G095190
OG0013076	g1413	Cg003G095390, Cg016G334200
OG0013077	g26817	Cg016G334230, Cg003G095420
OG0013078	g28257, g1401	Cg003G107930
OG0013079	g1383	Cg003G096740
OG0013080	g6410	Cg004G143060
OG0013081	g28311	Cg003G097560
OG0013082	g28322	Cg003G097670
OG0013083	g28326	Cg003G097730
OG0013084	g1328	Cg003G098070
OG0013085	g41174, g41192	Cg003G098200
OG0013086	g1321	Cg003G098310
OG0013087	g28355	Cg003G098500
OG0013088	g1303	Cg003G098650
OG0013089	g871	Cg003G098870
OG0013090	g877	Cg003G099060
OG0013091	g28388, g36025	Cg003G099480
OG0013092	g41250	Cg003G099720
OG0013093	g41289, g41290	Cg003G100360
OG0013094	g17074, g23610	Cg001G012890
OG0013095	g39441	Cg003G101250
OG0013096	g28451	Cg003G101240
OG0013097	g944	Cg003G101200
OG0013098	g28449	Cg003G101090
OG0013099	g938	Cg003G101060
OG0013100	g28446, g38451	Cg003G101050
OG0013101	g28444	Cg003G100930
OG0013102	g28466	Cg003G101450
OG0013103	g39427	Cg003G101560
OG0013104	g28483	Cg003G101750
OG0013105	g6255, g6277, g3081	Cg004G147520
OG0013106	g28492	Cg003G102050
OG0013107	g39396	Cg003G102110
OG0013108	g978	Cg003G102120
OG0013109	g28493	Cg003G102130
OG0013110	g980	Cg003G102160
OG0013111	g981	Cg003G102170
OG0013113	g1005	Cg003G102490
OG0013114	g23675	Cg001G013920
OG0013115	g28512	Cg003G102520
OG0013116	g1017	Cg003G102740
OG0013117	g28525	Cg003G102950
OG0013118	g39363	Cg003G103060
OG0013119	g1039	Cg003G103240
OG0013121	g1054	Cg003G103440
OG0013122	g1064	Cg003G103630
OG0013123	g1073	Cg003G103890
OG0013124	g28618	Cg003G104740
OG0013125	g39316	Cg003G104830
OG0013126	g28629	Cg003G104850
OG0013127	g1103, g28636	Cg003G104940
OG0013128	g1104	Cg003G104950
OG0013129	g28644	Cg003G105110
OG0013130	g1135	Cg003G105330
OG0013131	g28665	Cg003G105430
OG0013132	g28684	Cg003G105680
OG0013133	g28686	Cg003G105700
OG0013134	g24287	Cg003G089180
OG0013135	g467	Cg008G302900
OG0013136	g10305	Cg008G313850, Cg009G325700
OG0013137	g29361	Cg008G293470
OG0013138	g45616, g29366	Cg008G293420
OG0013139	g5283	Cg008G293390
OG0013140	g29385	Cg008G293090
OG0013141	g29392	Cg008G292990
OG0013142	g45602	Cg008G292940
OG0013143	g45591, g18351	Cg008G292770
OG0013144	g29399	Cg008G292750
OG0013145	g5319	Cg008G292660
OG0013147	g5324	Cg008G292600
OG0013148	g29425	Cg008G292290
OG0013149	g5351	Cg008G292230
OG0013150	g5364	Cg008G292120
OG0013151	g5366	Cg008G292090
OG0013152	g45570	Cg008G292060
OG0013153	g5368	Cg008G291960
OG0013154	g45566	Cg008G291820
OG0013155	g5375	Cg008G291810
OG0013156	g5380	Cg008G291740
OG0013157	g5381	Cg008G291730
OG0013158	g45554	Cg008G291310
OG0013159	g45551	Cg008G291290
OG0013160	g29510	Cg008G290600
OG0013161	g29543	Cg008G290180
OG0013162	g29546	Cg008G290130
OG0013163	g29559	Cg008G289860
OG0013164	g5457	Cg008G289780
OG0013165	g29564	Cg008G289760
OG0013166	g5468	Cg008G289690
OG0013167	g5475	Cg008G289580
OG0013168	g29572	Cg008G289560
OG0013169	g45506	Cg008G289550
OG0013170	g5484	Cg008G289530
OG0013171	g5498	Cg006G207550, Cg008G289310
OG0013172	g486	Cg008G303110
OG0013173	g5507	Cg008G289130
OG0013174	g29600, g45491	Cg008G288950
OG0013175	g5516	Cg008G288940
OG0013176	g29608	Cg008G288610
OG0013177	g45488, g29611	Cg008G288560
OG0013178	g5534	Cg008G288540
OG0013179	g5556	Cg008G288100
OG0013180	g380	Cg003G109890
OG0013182	g47202	Cg001G023640
OG0013183	g17531	Cg001G023420
OG0013184	g24247	Cg001G023340
OG0013185	g24241	Cg001G023200
OG0013186	g24240	Cg001G023190
OG0013187	g47255	Cg001G022880
OG0013188	g47261	Cg001G022620
OG0013189	g47262	Cg001G022590
OG0013190	g23964, g47263	Cg001G022580
OG0013191	g40590	Cg008G323170
OG0013192	g47276	Cg001G022250
OG0013193	g17466, g24172	Cg001G022130
OG0013194	g47281	Cg001G021990
OG0013195	g47285	Cg001G021950
OG0013196	g47288	Cg001G021910
OG0013197	g24156	Cg001G021820
OG0013198	g17447	Cg001G021650
OG0013201	g24136	Cg001G021370
OG0013202	g24071	Cg001G020650
OG0013204	g47333	Cg001G020630
OG0013205	g18283	Cg001G002780
OG0013206	g47345	Cg001G020300
OG0013207	g24022	Cg001G019740
OG0013208	g47373	Cg001G019640
OG0013209	g47386	Cg001G019390
OG0013210	g23974	Cg001G018950
OG0013211	g23967	Cg001G018740
OG0013212	g45818	Cg007G270240
OG0013213	g23958	Cg001G018560
OG0013214	g17287	Cg001G018330
OG0013217	g23873	Cg001G017110
OG0013218	g17248	Cg001G017010
OG0013219	g47479	Cg001G017000
OG0013220	g23849	Cg001G016830
OG0013221	g27790	Cg006G213030
OG0013223	g32665	Cg006G212240
OG0013224	g32667	Cg006G212130
OG0013225	g702, g28953	Cg008G300570
OG0013226	g23741	Cg001G015100, Cg003G086870
OG0013228	g27803	Cg006G211710
OG0013229	g27808	Cg006G210810
OG0013230	g50742	Cg006G210770
OG0013231	g32765	Cg006G210650
OG0013232	g27860	Cg006G210470
OG0013233	g27865	Cg006G210350
OG0013234	g32900, g27876	Cg006G209800
OG0013235	g32970	Cg006G209640
OG0013236	g37798	Cg006G209310
OG0013237	g46638	Cg006G209180
OG0013238	g35910	Cg006G208090
OG0013239	g53899	Cg006G204020
OG0013240	g13017	Cg004G124700
OG0013241	g50566	Cg006G215430
OG0013242	g28214	Cg006G205350
OG0013243	g28140	Cg006G204270
OG0013245	g36261	Cg006G202380
OG0013246	g36244	Cg006G202700
OG0013247	g28239, g28242	Cg006G206720
OG0013248	g53719	Cg006G206810
OG0013249	g53718	Cg006G206840
OG0013250	g28139	Cg006G204430
OG0013251	g36201	Cg006G203400
OG0013252	g32302, g32298	Cg006G218830
OG0013254	g32319	Cg006G218540
OG0013255	g50451	Cg006G218450
OG0013256	g27651	Cg006G218430
OG0013257	g50487	Cg006G218060
OG0013258	g32363	Cg006G217920
OG0013259	g32374	Cg006G217780
OG0013260	g27673	Cg006G217700
OG0013261	g11705	Cg004G142550
OG0013262	g32390	Cg006G217530
OG0013263	g50508	Cg006G217150
OG0013264	g50519	Cg006G216590
OG0013265	g27697	Cg006G216140
OG0013266	g23005	Cg001G004820
OG0013267	g23003	Cg001G004770
OG0013268	g22981	Cg001G004550
OG0013269	g47941	Cg001G004230
OG0013270	g47944	Cg001G004180
OG0013271	g47948	Cg001G004100
OG0013272	g13997	Cg004G153930
OG0013273	g22943	Cg001G003890
OG0013274	g22931	Cg001G003760
OG0013275	g22930	Cg001G003750
OG0013276	g22927	Cg001G003720
OG0013277	g22925	Cg001G003690
OG0013278	g22921	Cg001G003650
OG0013279	g22914	Cg001G003560
OG0013280	g18255	Cg001G003520
OG0013281	g22885	Cg001G003240
OG0013284	g18269	Cg001G003010
OG0013285	g47989	Cg001G002750
OG0013286	g47999	Cg001G002240
OG0013287	g2351	Cg002G053110
OG0013288	g22774	Cg001G001930
OG0013289	g22773	Cg001G001910
OG0013290	g22770	Cg001G001870
OG0013291	g22746	Cg001G001690
OG0013292	g22745	Cg001G001680
OG0013293	g22744	Cg001G001670
OG0013294	g32293	Cg006G218950
OG0013295	g18142	Cg001G001640
OG0013296	g47842	Cg001G001340
OG0013297	g22712	Cg001G001320
OG0013298	g22711	Cg001G001310
OG0013299	g22700	Cg001G001130
OG0013300	g22695	Cg001G001070
OG0013301	g18308	Cg001G000940
OG0013302	g18330	Cg001G000640
OG0013303	g18335	Cg001G000580
OG0013304	g18340	Cg001G000520
OG0013305	g18356	Cg001G000350
OG0013307	g18370	Cg001G000230
OG0013309	g22661	Cg001G000100
OG0013310	g50881	Cg005G193100
OG0013311	g25121	Cg001G034250
OG0013312	g18129, g25096	Cg001G034480
OG0013313	g46842	Cg001G034660
OG0013314	g46838	Cg001G034990
OG0013315	g16738	Cg001G035650
OG0013316	g46804, g18124	Cg001G036170
OG0013317	g18121	Cg001G036370
OG0013318	g46787	Cg001G036400
OG0013319	g18120	Cg001G036660
OG0013320	g46780	Cg001G036680
OG0013321	g18116	Cg001G037010
OG0013322	g18114	Cg001G037970
OG0013323	g18098	Cg001G038070
OG0013324	g46744	Cg001G038110
OG0013325	g46737	Cg001G038320
OG0013326	g18089	Cg001G038340
OG0013327	g46735	Cg001G038350
OG0013328	g18084	Cg001G038680
OG0013329	g16906	Cg001G039180
OG0013330	g16886	Cg001G039930
OG0013331	g46688	Cg001G040080
OG0013332	g16882	Cg001G040090
OG0013333	g4903	Cg008G299180
OG0013334	g32535	Cg006G214450
OG0013335	g2916	Cg002G061340
OG0013336	g25722	Cg003G082530
OG0013337	g1636	Cg008G311240, Cg008G309390
OG0013338	g51520, g25983	Cg005G171170, Cg005G171160
OG0013339	g38002	Cg005G171210
OG0013340	g37128	Cg001G029240, Cg005G171410
OG0013341	g25844	Cg003G085130
OG0013342	g25850	Cg003G085300
OG0013343	g40250	Cg003G085630
OG0013344	g40249	Cg003G085640
OG0013345	g40248	Cg003G085650
OG0013346	g25874	Cg003G085800
OG0013347	g25892	Cg003G085820
OG0013348	g670	Cg008G300320
OG0013349	g40226	Cg003G086810
OG0013350	g6042	Cg004G154010
OG0013351	g35895	Cg006G208330
OG0013352	g40206	Cg003G087750
OG0013353	g40207	Cg003G087770
OG0013354	g40209	Cg003G087810
OG0013355	g37973	Cg005G172380
OG0013357	g37961	Cg005G173020
OG0013358	g51369	Cg005G173050
OG0013359	g51521	Cg005G171140
OG0013360	g11125	Cg008G318770
OG0013361	g11128	Cg008G318720
OG0013362	g37059	Cg008G318600, Cg008G318610
OG0013363	g11137	Cg008G318540
OG0013364	g37043	Cg008G318360
OG0013365	g13632	Cg008G318180
OG0013366	g53970	Cg006G203500
OG0013367	g37029	Cg008G314590
OG0013368	g37019	Cg008G315320
OG0013369	g36324	Cg006G201420
OG0013370	g18442	Cg008G315720
OG0013371	g17172	Cg008G315990
OG0013372	g36970	Cg008G316700
OG0013373	g18449	Cg008G316710
OG0013374	g11142	Cg008G317520
OG0013375	g11098, g11091	Cg008G319700
OG0013376	g18452	Cg008G317440
OG0013377	g38088	Cg005G168360
OG0013378	g36975	Cg008G317410
OG0013379	g18456	Cg007G246690
OG0013380	g18463	Cg008G317050
OG0013381	g460	Cg008G302800
OG0013382	g51541	Cg008G297390, Cg005G170840
OG0013383	g40275	Cg003G084530
OG0013384	g40279	Cg003G084430
OG0013385	g40282	Cg003G084320
OG0013386	g40290	Cg003G084260
OG0013387	g40293	Cg003G084160
OG0013388	g32671	Cg006G212090
OG0013389	g40301	Cg003G083950
OG0013390	g40340	Cg003G083070
OG0013391	g40349	Cg003G082720
OG0013392	g40359	Cg003G082520
OG0013393	g43191	Cg003G082470
OG0013394	g40370	Cg003G082420
OG0013395	g40373	Cg003G082390
OG0013396	g40376	Cg003G082210
OG0013397	g25689	Cg003G082040
OG0013398	g25682	Cg003G081970
OG0013399	g25677	Cg003G081850
OG0013400	g25673	Cg003G081720
OG0013401	g40400	Cg003G081520
OG0013402	g25600	Cg003G080860
OG0013403	g25598	Cg003G080740
OG0013404	g25557	Cg003G080220, Cg003G093760
OG0013405	g25555	Cg003G080190, Cg003G093810
OG0013407	g25552	Cg003G093820, Cg003G080180
OG0013408	g11056	Cg008G320540
OG0013409	g40488	Cg008G320660
OG0013410	g40508, g11037	Cg008G321190
OG0013411	g40513	Cg008G321300
OG0013412	g11028	Cg008G321420
OG0013414	g40551	Cg008G322330
OG0013415	g40552	Cg008G322340
OG0013416	g10994	Cg008G322370
OG0013418	g40568	Cg008G322690
OG0013419	g40572	Cg008G322840
OG0013420	g10973	Cg008G322870
OG0013421	g10971	Cg008G322910
OG0013422	g43976	Cg008G322960
OG0013423	g40598	Cg008G323280
OG0013424	g40628	Cg008G323780
OG0013425	g686	Cg008G300440
OG0013426	g10872	Cg008G324930
OG0013427	g10873	Cg008G324920
OG0013428	g17924	Cg001G033220
OG0013429	g6360	Cg004G144750
OG0013430	g4767	Cg001G032160
OG0013431	g45553	Cg001G031960
OG0013432	g13524	Cg004G143280
OG0013433	g25004	Cg001G031450
OG0013434	g6422	Cg004G142930
OG0013435	g24729	Cg001G030100
OG0013436	g6453	Cg004G142330
OG0013437	g24664	Cg001G029220
OG0013438	g47015	Cg001G028800
OG0013439	g47029	Cg001G028480
OG0013440	g24571	Cg001G028340
OG0013441	g24563	Cg001G028130
OG0013442	g40346	Cg003G082980
OG0013443	g36067	Cg001G027790
OG0013444	g24525	Cg001G027480
OG0013445	g17710	Cg001G026960
OG0013446	g24492	Cg001G026790
OG0013447	g47087	Cg001G026720
OG0013448	g17689	Cg001G026670
OG0013449	g17687	Cg001G026650
OG0013450	g24446	Cg001G025940
OG0013451	g47109	Cg001G025910
OG0013452	g16863	Cg001G040500
OG0013453	g16853	Cg001G040780
OG0013454	g16845	Cg001G040900
OG0013455	g46665	Cg001G041330
OG0013457	g16783	Cg001G042320
OG0013458	g16768	Cg001G042900
OG0013459	g16760	Cg001G042980
OG0013460	g16757	Cg001G043070
OG0013461	g51578	Cg005G157610
OG0013462	g37761	Cg005G157800
OG0013463	g37133	Cg005G157850
OG0013464	g37749	Cg005G157920
OG0013465	g50835	Cg005G157940
OG0013466	g37735	Cg005G158040
OG0013467	g50830	Cg005G158120
OG0013469	g47693	Cg005G158630
OG0013470	g50809	Cg005G158640
OG0013471	g37703	Cg005G158740
OG0013472	g50806	Cg005G158760
OG0013473	g50787	Cg005G159130
OG0013474	g38249	Cg005G159290
OG0013475	g37660	Cg005G159340
OG0013476	g37657	Cg005G159380
OG0013477	g37655	Cg005G159400
OG0013478	g37653	Cg005G159460
OG0013479	g37644	Cg005G159630
OG0013480	g37638	Cg005G159730
OG0013481	g52290, g37636	Cg005G159760
OG0013482	g52285	Cg005G159850
OG0013483	g37631	Cg005G159870
OG0013484	g52262	Cg005G160170
OG0013485	g52222	Cg005G160490
OG0013486	g38238	Cg005G161100
OG0013487	g1929	Cg002G046370
OG0013488	g52186	Cg005G161170
OG0013489	g52181	Cg005G161220
OG0013490	g38234, g37553	Cg005G161330
OG0013491	g52164	Cg005G161420
OG0013492	g37545	Cg005G161440
OG0013493	g38229	Cg005G161520
OG0013494	g52152	Cg005G161770
OG0013495	g52134	Cg005G161910
OG0013496	g38221	Cg005G162070
OG0013497	g37506	Cg005G162300
OG0013498	g38211	Cg005G162470
OG0013499	g37495	Cg005G162580
OG0013500	g52113	Cg005G162620
OG0013501	g37482	Cg005G162860
OG0013502	g38200	Cg005G162920
OG0013503	g38198, g37475	Cg005G162940
OG0013504	g52078	Cg005G163240
OG0013505	g18952	Cg002G047850
OG0013506	g52030	Cg005G163880
OG0013507	g52041	Cg005G163790
OG0013508	g37401	Cg005G164250
OG0013510	g5824	Cg008G282510
OG0013511	g45291	Cg008G282570
OG0013512	g45300	Cg008G282730
OG0013513	g5804	Cg008G282810
OG0013514	g45302, g5801	Cg008G282840
OG0013515	g45309	Cg008G282910
OG0013516	g45311	Cg008G282980
OG0013517	g5794	Cg008G283030
OG0013518	g29858	Cg008G283070
OG0013519	g29854	Cg008G283390
OG0013520	g45342	Cg008G283580
OG0013521	g5775	Cg008G283570
OG0013522	g5731	Cg008G284190
OG0013524	g5723	Cg008G284300
OG0013525	g5719, g29833	Cg008G284390
OG0013526	g45365	Cg008G284400
OG0013527	g29826	Cg008G284470
OG0013528	g5715	Cg008G284590
OG0013529	g29806, g45378	Cg008G284760
OG0013530	g5708	Cg008G284780
OG0013531	g5702	Cg008G284900
OG0013532	g45391	Cg008G284950
OG0013533	g45393	Cg008G284990
OG0013534	g5697	Cg008G285000
OG0013535	g45394, g5696	Cg008G285020
OG0013536	g29799	Cg008G285030
OG0013537	g688	Cg008G300480
OG0013539	g28983, g655	Cg008G300140
OG0013540	g722	Cg008G301000
OG0013541	g723	Cg008G301010
OG0013542	g28907	Cg008G301460
OG0013543	g28895	Cg008G301700
OG0013544	g769	Cg008G301780
OG0013545	g41364	Cg008G301800
OG0013546	g777	Cg008G301900
OG0013547	g28859	Cg008G302560
OG0013548	g28858	Cg008G302570
OG0013549	g28855	Cg008G302610
OG0013550	g28844, g9693	Cg003G108440
OG0013551	g28843	Cg003G108420
OG0013552	g28842	Cg003G108410
OG0013553	g28830	Cg003G108320
OG0013554	g28824	Cg003G108230
OG0013555	g41314	Cg003G107810
OG0013556	g39232	Cg003G107150
OG0013557	g39234	Cg003G107090
OG0013558	g1270, g39237	Cg003G107070
OG0013559	g27645	Cg006G218720
OG0013560	g19521	Cg002G059940
OG0013561	g313	Cg003G111040
OG0013562	g307	Cg003G111120
OG0013563	g9811	Cg003G111330
OG0013564	g281, g41951	Cg003G111450
OG0013565	g9801	Cg003G111590
OG0013566	g9792	Cg003G111820
OG0013567	g257	Cg003G111890
OG0013568	g9786	Cg003G111950
OG0013569	g9780	Cg003G112030
OG0013570	g9777	Cg003G112130
OG0013571	g2754	Cg003G112160
OG0013572	g9765	Cg003G112270
OG0013573	g9764	Cg003G112330
OG0013574	g231	Cg003G112380
OG0013575	g227	Cg003G112430
OG0013576	g218	Cg003G112500
OG0013577	g13765	Cg004G154640
OG0013578	g207	Cg003G112670
OG0013580	g187	Cg003G113130
OG0013581	g167	Cg003G112970
OG0013582	g9713	Cg003G113450
OG0013583	g133	Cg003G113780
OG0013585	g130	Cg003G113820
OG0013586	g9691	Cg003G113930
OG0013587	g116	Cg003G114020
OG0013588	g105	Cg003G114150
OG0013589	g103	Cg003G114180
OG0013590	g100	Cg003G114220
OG0013591	g18675	Cg003G114370
OG0013592	g9670	Cg003G114430
OG0013593	g75	Cg003G114500
OG0013594	g9665	Cg003G114560
OG0013595	g68	Cg003G114590
OG0013596	g9664	Cg003G114610
OG0013597	g60	Cg003G114770
OG0013598	g9647	Cg003G114960
OG0013599	g9646	Cg003G114970
OG0013600	g9640	Cg003G115080
OG0013601	g9637	Cg003G115180
OG0013605	g19627	Cg003G115730
OG0013606	g12	Cg003G115780
OG0013607	g19622	Cg003G115850
OG0013609	g25343	Cg003G076030
OG0013610	g25345	Cg003G076050
OG0013612	g25374	Cg003G076670, Cg014G332900
OG0013613	g25366	Cg014G333120, Cg003G076460
OG0013614	g25355	Cg014G333330, Cg003G076250
OG0013615	g25353	Cg014G333350, Cg003G076230
OG0013616	g25352	Cg003G076220, Cg014G333360
OG0013617	g39473	Cg014G332650, Cg003G076950
OG0013618	g39469	Cg014G332570, Cg003G077060
OG0013619	g25401	Cg014G332560, Cg003G077070
OG0013620	g25403	Cg003G077160, Cg014G332450
OG0013621	g25405	Cg003G077190
OG0013622	g39490	Cg003G078060, Cg014G331630
OG0013623	g25424	Cg003G077780, Cg014G331860
OG0013624	g25426	Cg014G331900, Cg003G077720
OG0013625	g39526	Cg003G077670, Cg014G331950
OG0013626	g39524	Cg014G331970, Cg003G077650
OG0013627	g25437	Cg014G332080, Cg003G077530
OG0013628	g25443	Cg003G077460, Cg014G332160
OG0013629	g25444	Cg014G332170, Cg003G077450
OG0013630	g25450	Cg003G077390, Cg014G332230
OG0013631	g49386	Cg006G243660
OG0013633	g39600	Cg003G078730, Cg014G330810
OG0013634	g39619	Cg003G095020, Cg003G078930
OG0013635	g39615	Cg003G095030, Cg003G078920
OG0013636	g39613	Cg003G095040, Cg003G078910
OG0013637	g39623	Cg003G079010, Cg003G094940
OG0013638	g39626, g25492	Cg003G079040, Cg003G094900
OG0013639	g39632	Cg003G079120, Cg003G094820
OG0013640	g25508	Cg003G094700, Cg003G079310
OG0013641	g25509	Cg003G094670, Cg003G079330
OG0013642	g39644	Cg003G094550, Cg003G079460
OG0013644	g25518	Cg003G079570, Cg003G094440
OG0013645	g11064	Cg008G320390
OG0013646	g39685	Cg008G320240
OG0013647	g11080, g39687	Cg008G320210
OG0013648	g39694	Cg008G319920
OG0013649	g39711	Cg008G319650
OG0013650	g11103	Cg008G319430
OG0013651	g39726	Cg008G319130
OG0013652	g39731	Cg008G319020
OG0013653	g51332	Cg005G173540
OG0013654	g39753	Cg005G173480
OG0013655	g39751	Cg005G173420
OG0013656	g51338	Cg005G173400, Cg013G330380
OG0013657	g39791	Cg005G174360
OG0013658	g39765	Cg005G173740
OG0013659	g37928	Cg005G174200
OG0013660	g39797	Cg005G174270
OG0013661	g39811	Cg005G174500
OG0013662	g51293	Cg005G174530
OG0013663	g51283	Cg005G174650
OG0013664	g51279	Cg005G174710
OG0013665	g39823	Cg005G174760
OG0013666	g51273	Cg005G174800
OG0013667	g37912	Cg005G174960
OG0013669	g39860	Cg005G175490
OG0013670	g39872	Cg005G175640
OG0013671	g39883	Cg005G175810
OG0013672	g39888	Cg005G175870
OG0013673	g37901	Cg005G175940
OG0013674	g39894	Cg005G175970
OG0013675	g39901	Cg005G176100
OG0013676	g37898	Cg005G176490
OG0013677	g37896	Cg005G176560
OG0013678	g1305	Cg003G098630
OG0013680	g51177	Cg005G177290
OG0013681	g39968	Cg005G177330
OG0013682	g51121	Cg005G177890
OG0013683	g51107	Cg005G178260
OG0013684	g18357	Cg001G000340
OG0013685	g40039	Cg005G178930
OG0013686	g40056	Cg005G179110
OG0013688	g40073	Cg005G179370
OG0013689	g40077	Cg005G179510
OG0013690	g53440, g40079	Cg005G179580
OG0013691	g40092	Cg005G179780
OG0013692	g40146	Cg005G182350
OG0013693	g40142	Cg005G182260
OG0013694	g36775	Cg005G181520
OG0013695	g40117	Cg005G181170
OG0013696	g40161	Cg005G182760
OG0013697	g40162	Cg005G182780
OG0013698	g40177	Cg005G183190
OG0013699	g40186	Cg005G183410
OG0013700	g40199	Cg005G184510
OG0013701	g40201	Cg005G184580
OG0013702	g38263	Cg005G176380
OG0013703	g37176	Cg006G202600
OG0013704	g38264	Cg005G184610
OG0013705	g14624, g38271	Cg005G184990
OG0013706	g36799	Cg005G185300
OG0013707	g38284	Cg005G185480
OG0013708	g36813	Cg005G185980
OG0013709	g7799	Cg004G119660
OG0013710	g38295	Cg005G186170
OG0013711	g38302	Cg005G186350
OG0013712	g38305	Cg005G186450
OG0013713	g53220	Cg005G186610
OG0013714	g38318	Cg005G187270
OG0013715	g23627	Cg001G013150
OG0013716	g17108	Cg001G013710
OG0013717	g12734	Cg004G116710
OG0013719	g7947	Cg004G116230
OG0013721	g7950	Cg004G116190
OG0013722	g7953	Cg004G116110
OG0013723	g1748	Cg008G281950
OG0013725	g5863	Cg008G282050
OG0013726	g5859	Cg001G018250
OG0013727	g39354	Cg003G103520
OG0013728	g995	Cg003G102360
OG0013729	g7911	Cg004G117080
OG0013730	g12742	Cg004G117100
OG0013731	g7892, g36219	Cg004G117380
OG0013732	g7883	Cg004G117410
OG0013733	g7875	Cg004G117550
OG0013734	g10285	Cg008G312690
OG0013735	g7861	Cg004G117830
OG0013737	g12766, g12654	Cg004G118380
OG0013738	g12650	Cg004G118460
OG0013739	g7828	Cg004G118510
OG0013740	g47624	Cg001G013480
OG0013741	g12624	Cg004G119240
OG0013742	g12788	Cg004G119420
OG0013743	g12791	Cg004G119490
OG0013744	g12793	Cg004G119510
OG0013745	g7804	Cg004G119590
OG0013746	g7803	Cg004G119600
OG0013747	g12797	Cg004G119810
OG0013748	g12609, g7767, g7776	Cg004G120000
OG0013749	g7771	Cg004G119950
OG0013750	g12598	Cg004G120170
OG0013751	g12597	Cg004G120180
OG0013752	g12595	Cg004G120240
OG0013753	g7747	Cg004G120280
OG0013754	g7741	Cg004G120490
OG0013755	g7737	Cg004G120560
OG0013756	g12578	Cg004G120640
OG0013757	g7723	Cg004G120700
OG0013758	g12564	Cg004G120980
OG0013759	g12859	Cg004G121140
OG0013760	g7712	Cg004G121040
OG0013761	g12536	Cg004G121480
OG0013762	g12531	Cg004G121570
OG0013763	g12515	Cg004G121790
OG0013764	g7681	Cg004G121810
OG0013765	g12499	Cg004G122130
OG0013767	g7645	Cg004G122450
OG0013768	g7632, g12480	Cg004G122710
OG0013770	g7627	Cg004G122830
OG0013771	g12451	Cg004G123210
OG0013772	g12968	Cg004G123480
OG0013775	g7569	Cg004G123860
OG0013776	g7553	Cg004G124090
OG0013777	g7550	Cg004G124140
OG0013778	g7541, g12414	Cg004G124330
OG0013779	g13007	Cg004G124560
OG0013780	g37357	Cg005G165720
OG0013781	g38140	Cg005G165990
OG0013782	g51856	Cg005G166080
OG0013783	g19060	Cg002G050500
OG0013784	g51835	Cg005G166280
OG0013785	g37329	Cg005G166500
OG0013786	g51788	Cg005G166600
OG0013787	g51786	Cg005G166670
OG0013788	g51780	Cg005G166700
OG0013789	g38123	Cg005G167010
OG0013790	g51757, g37310	Cg005G167110
OG0013791	g37309	Cg005G167120
OG0013792	g51749	Cg005G167210
OG0013793	g37829	Cg005G179040
OG0013794	g37305	Cg005G167300
OG0013795	g51740	Cg005G167410
OG0013796	g51736	Cg005G167580
OG0013797	g51561	Cg005G170560
OG0013798	g51575	Cg005G170290
OG0013799	g38042	Cg005G169970
OG0013800	g51600	Cg005G169880
OG0013801	g51602	Cg005G169800
OG0013802	g51607	Cg005G169740
OG0013803	g38051	Cg005G169660
OG0013804	g51618	Cg005G169590
OG0013805	g51621	Cg005G169510
OG0013806	g37204	Cg005G169210
OG0013807	g37223	Cg005G168920
OG0013808	g51650	Cg005G168900
OG0013809	g38080	Cg005G168800
OG0013810	g37242	Cg005G168330
OG0013811	g37241	Cg005G168340
OG0013812	g38087	Cg005G168370
OG0013813	g25300	Cg001G033120
OG0013814	g37141	Cg005G170780
OG0013816	g31584	Cg006G230650
OG0013817	g31643	Cg006G229680
OG0013819	g31655	Cg006G229420
OG0013820	g49978	Cg006G229350
OG0013821	g31660	Cg006G229250
OG0013822	g31668	Cg006G229140
OG0013824	g27365	Cg006G228790
OG0013825	g49997, g31694	Cg006G228660
OG0013826	g31695	Cg006G228650
OG0013828	g31704	Cg006G228570
OG0013829	g31727	Cg006G228230
OG0013830	g50018	Cg006G228120
OG0013832	g31750	Cg006G227910
OG0013833	g50027	Cg006G228020
OG0013834	g31743	Cg006G228050
OG0013835	g50040	Cg006G227660
OG0013836	g27413	Cg006G227440
OG0013837	g50066, g31818	Cg006G226900
OG0013838	g50068	Cg006G226860
OG0013839	g50069, g27429	Cg006G226850
OG0013840	g31830	Cg006G226770
OG0013841	g50072	Cg006G226700
OG0013842	g27432	Cg006G226600
OG0013843	g31865	Cg006G226430
OG0013844	g50093	Cg006G226400
OG0013845	g50099, g27442	Cg006G226180
OG0013846	g27443	Cg006G226090
OG0013847	g31896	Cg006G225910
OG0013848	g50142	Cg006G225500
OG0013849	g50153	Cg006G225200
OG0013850	g27480	Cg006G225000
OG0013851	g31986	Cg006G224680
OG0013852	g50190	Cg006G224590
OG0013853	g50191	Cg006G224580
OG0013854	g50200	Cg006G224450
OG0013855	g50203, g31998	Cg006G224410
OG0013856	g50207	Cg006G224340
OG0013857	g27494	Cg006G224260
OG0013858	g27511	Cg006G223950
OG0013860	g50252	Cg006G223180
OG0013861	g27533	Cg006G223160
OG0013862	g50253, g27534	Cg006G223140
OG0013863	g50294	Cg006G222470
OG0013864	g32080	Cg006G221870
OG0013865	g50314	Cg006G221850
OG0013866	g50334	Cg006G221450
OG0013867	g32140	Cg006G221110
OG0013868	g27583	Cg006G221100
OG0013869	g50345	Cg006G221080
OG0013870	g32150	Cg006G220910
OG0013871	g32158	Cg006G220760
OG0013872	g32181	Cg006G220470
OG0013873	g32183	Cg006G220450
OG0013874	g50374	Cg006G220330
OG0013875	g27617, g32246	Cg006G219640
OG0013876	g41653	Cg007G267510
OG0013877	g32259	Cg006G219420
OG0013878	g50405	Cg006G219300
OG0013879	g36169	Cg006G204170
OG0013880	g47508	Cg001G016480
OG0013881	g23831	Cg001G016310
OG0013882	g17198, g47517	Cg001G016120
OG0013883	g47518, g17197	Cg001G016110
OG0013884	g17189	Cg001G015950
OG0013885	g23796	Cg001G015710
OG0013886	g23789	Cg001G015660
OG0013887	g17179	Cg001G015630
OG0013888	g23252	Cg001G007760
OG0013889	g51037	Cg005G188380
OG0013890	g38342	Cg005G188930
OG0013891	g38341	Cg005G188910
OG0013892	g38347	Cg005G188970
OG0013893	g47836	Cg001G007190
OG0013894	g51033	Cg005G189080
OG0013895	g38349	Cg005G189090
OG0013897	g51029	Cg005G189160
OG0013898	g36878	Cg005G188870
OG0013899	g38338	Cg005G188830
OG0013900	g38424	Cg005G191110
OG0013901	g36916	Cg005G191720
OG0013902	g46250	Cg007G276730
OG0013903	g44412	Cg007G276720
OG0013904	g38479	Cg005G192080
OG0013905	g38488	Cg005G192370
OG0013906	g38504	Cg005G192520
OG0013907	g36942	Cg005G192900
OG0013908	g50887, g38511	Cg005G192920
OG0013909	g38514	Cg005G192970
OG0013911	g50867	Cg005G193360
OG0013913	g50850	Cg005G193850
OG0013915	g31579	Cg006G230690
OG0013916	g31545	Cg006G231170
OG0013917	g31544, g49917	Cg006G231190
OG0013918	g31534	Cg006G231350
OG0013919	g27265	Cg006G231580
OG0013920	g31507	Cg006G231780
OG0013921	g31480	Cg006G232150
OG0013922	g27248	Cg006G232200
OG0013923	g27245	Cg006G232270
OG0013924	g31474	Cg006G232320
OG0013925	g31460	Cg006G232440
OG0013926	g31448	Cg006G232620
OG0013927	g49860	Cg006G232920
OG0013928	g27194	Cg006G233180
OG0013929	g31401	Cg006G233200
OG0013930	g49798, g27181	Cg006G233880
OG0013932	g49788	Cg006G233980
OG0013933	g31333	Cg006G234170
OG0013934	g31330	Cg006G234230
OG0013935	g31299	Cg006G234880
OG0013936	g49761	Cg006G234950
OG0013937	g31277, g27129	Cg006G235180
OG0013938	g13565	Cg004G144680
OG0013939	g11647	Cg004G144670
OG0013940	g4728	Cg008G307590
OG0013942	g49709	Cg006G236080
OG0013943	g31202	Cg006G236440
OG0013944	g27087	Cg006G236480
OG0013945	g31183	Cg006G236600
OG0013946	g27076	Cg006G236640
OG0013947	g27075	Cg006G236690
OG0013948	g27072, g49635	Cg006G236730
OG0013949	g31176	Cg006G236790
OG0013950	g49664, g27033	Cg006G237390
OG0013951	g49673	Cg006G237510
OG0013952	g49678	Cg006G237560
OG0013953	g31119	Cg006G237630
OG0013954	g26331, g26323, g26328, g46959	Cg002G048530
OG0013955	g31083	Cg006G238210
OG0013957	g27008	Cg006G238760
OG0013958	g31052	Cg006G238900
OG0013959	g26995	Cg006G239080
OG0013960	g31041	Cg006G239190
OG0013961	g31040	Cg006G239200
OG0013962	g31019	Cg006G239500
OG0013963	g30999	Cg006G239770
OG0013964	g49541	Cg006G239930
OG0013965	g30980, g30970	Cg001G009100
OG0013966	g30953	Cg006G240510
OG0013967	g30945	Cg006G240630
OG0013968	g49505	Cg006G240710
OG0013969	g26956	Cg006G241010
OG0013970	g49484, g49480	Cg006G241300
OG0013971	g30894	Cg006G241440
OG0013972	g30898	Cg006G241480
OG0013973	g30855	Cg006G241660
OG0013974	g49455	Cg006G241900
OG0013975	g26931	Cg006G242150
OG0013978	g30826	Cg006G242940
OG0013979	g49406	Cg006G243200
OG0013980	g30808	Cg006G243300
OG0013981	g26902	Cg006G243330
OG0013982	g49383, g26895	Cg006G243720
OG0013983	g26881	Cg006G244090
OG0013984	g26879	Cg006G244200
OG0013985	g30763	Cg006G244380
OG0013986	g30760	Cg006G244410
OG0013987	g30759	Cg006G244440
OG0013988	g49343	Cg006G244460
OG0013989	g49333	Cg006G244520
OG0013990	g30738, g49316	Cg006G244810
OG0013991	g26872	Cg006G244730
OG0013993	g49300	Cg006G245110
OG0013994	g49299	Cg006G245130
OG0013996	g26861	Cg006G245170
OG0013997	g44478	Cg002G058920
OG0013998	g49274	Cg006G245450
OG0013999	g5228	Cg008G294100
OG0014000	g45662	Cg008G294800
OG0014001	g4883	Cg008G299580
OG0014002	g29307	Cg008G294660
OG0014003	g29310	Cg008G294630
OG0014004	g45636	Cg008G294250
OG0014005	g5161, g29286	Cg008G294990
OG0014006	g29243	Cg008G295780
OG0014007	g5090	Cg008G295980
OG0014009	g5088	Cg008G296000
OG0014010	g29222	Cg008G296050
OG0014011	g29219	Cg008G296080
OG0014012	g45712	Cg008G296210
OG0014013	g29214	Cg008G296220
OG0014014	g5065	Cg008G296370
OG0014015	g45721	Cg008G296470
OG0014016	g29199	Cg008G296500
OG0014017	g29191	Cg008G296770, Cg004G117960
OG0014018	g29177	Cg008G296970
OG0014019	g29169	Cg008G297040
OG0014020	g5007	Cg008G297230
OG0014021	g29146	Cg008G297450
OG0014022	g4997	Cg008G297530
OG0014023	g29134	Cg008G297700
OG0014024	g29135	Cg008G297690
OG0014025	g41498, g4986	Cg008G297900
OG0014026	g41481	Cg008G298480
OG0014027	g46326	Cg007G277820
OG0014028	g29035	Cg008G298540
OG0014029	g41473	Cg008G298750
OG0014030	g4915	Cg008G298850
OG0014031	g29059	Cg008G298920
OG0014032	g4907	Cg008G299060
OG0014033	g4899	Cg008G299320
OG0014034	g29097	Cg008G299620
OG0014035	g29107	Cg008G299760
OG0014036	g10109	Cg008G306180
OG0014037	g4837	Cg008G306260
OG0014038	g10116	Cg008G306280
OG0014039	g4832	Cg008G306300
OG0014040	g4824	Cg008G306370
OG0014041	g4805	Cg008G306480
OG0014042	g11101	Cg008G319520
OG0014043	g18515	Cg008G306850, Cg008G306820
OG0014045	g4727	Cg008G307560
OG0014046	g4452	Cg008G310980, Cg008G309220
OG0014047	g10229	Cg008G309250, Cg008G311050
OG0014048	g10222	Cg008G311190, Cg008G309340
OG0014049	g18499	Cg008G309380, Cg008G311230
OG0014050	g10276	Cg008G312520
OG0014051	g1644	Cg008G311520, Cg008G309690
OG0014052	g5264	Cg008G293670
OG0014053	g45463	Cg008G287710
OG0014054	g29648	Cg008G287860
OG0014055	g5578	Cg008G287760
OG0014056	g29280	Cg008G295040
OG0014057	g45457	Cg008G287500
OG0014058	g29665	Cg008G287460
OG0014059	g45456	Cg008G287430
OG0014060	g29672	Cg008G287370
OG0014061	g10299	Cg008G313660
OG0014062	g5609	Cg008G287020
OG0014063	g5612	Cg008G286950
OG0014064	g29698	Cg008G286830
OG0014065	g29703	Cg008G286750
OG0014067	g5620, g45437	Cg008G286640
OG0014068	g29711	Cg008G286560
OG0014069	g5630	Cg008G286450
OG0014070	g29723	Cg008G286320
OG0014071	g5636	Cg008G286290
OG0014072	g29733	Cg008G286120
OG0014073	g29736	Cg008G286070
OG0014074	g29765	Cg008G285660
OG0014075	g29763	Cg008G285710
OG0014076	g5659	Cg008G285770
OG0014078	g25857, g29774	Cg008G285580
OG0014079	g5676	Cg008G285550
OG0014080	g29779, g45407	Cg008G285520
OG0014081	g29783	Cg008G285480
OG0014082	g29786	Cg008G285440
OG0014083	g5692	Cg008G285150
OG0014084	g10093, g624	Cg008G305760
OG0014085	g606	Cg008G305340
OG0014086	g10066	Cg008G305350
OG0014087	g18562	Cg008G304910
OG0014088	g10005	Cg008G304010
OG0014089	g542	Cg008G304080
OG0014090	g10012	Cg008G304100
OG0014091	g10001	Cg008G303980
OG0014092	g526	Cg008G303940
OG0014093	g509	Cg008G303580
OG0014094	g9988	Cg008G303390
OG0014095	g13534	Cg004G143640
OG0014096	g9951	Cg008G302770
OG0014097	g457	Cg008G302750
OG0014098	g9927	Cg003G108730
OG0014099	g9898	Cg003G109180
OG0014100	g419	Cg003G109220
OG0014101	g9885	Cg003G109480
OG0014102	g23572, g47658	Cg001G012430
OG0014103	g383	Cg003G109840
OG0014104	g9871	Cg003G109930
OG0014105	g364	Cg003G110170
OG0014106	g341	Cg003G110430
OG0014107	g337	Cg003G110510
OG0014108	g335	Cg003G110540
OG0014109	g333	Cg003G110650
OG0014110	g9835	Cg003G110750
OG0014111	g322, g9831	Cg003G110870
OG0014112	g321, g9830	Cg003G110880
OG0014113	g28716	Cg003G106330
OG0014114	g1204	Cg003G106190
OG0014115	g1165	Cg003G105940
OG0014116	g19309	Cg002G055370
OG0014117	g2474	Cg002G055420
OG0014118	g19315	Cg002G055480, Cg006G209330
OG0014119	g2485	Cg002G055530
OG0014120	g2507	Cg002G055770
OG0014122	g19351	Cg002G056140, Cg002G056150
OG0014123	g18254	Cg002G056160
OG0014124	g2565	Cg002G056330
OG0014125	g2581	Cg002G056460
OG0014126	g19382	Cg002G056950
OG0014127	g19385	Cg002G057040
OG0014128	g19391	Cg002G057120
OG0014129	g2627	Cg002G057480
OG0014130	g19407	Cg008G320110, Cg002G057530
OG0014131	g11386	Cg002G057740
OG0014132	g2645	Cg002G057820
OG0014133	g11387	Cg002G058250
OG0014134	g2705	Cg002G058400
OG0014135	g2725	Cg002G058700
OG0014136	g2728	Cg002G058800
OG0014137	g2763	Cg002G058930
OG0014138	g25747	Cg003G082690
OG0014139	g19499	Cg002G059210
OG0014140	g2736	Cg002G059310
OG0014141	g2773	Cg002G059640
OG0014142	g2781	Cg002G059720
OG0014143	g2782, g2784	Cg002G059730
OG0014144	g2809	Cg002G060020
OG0014145	g11410	Cg002G060050
OG0014146	g11431	Cg002G060630
OG0014147	g2879	Cg002G060840
OG0014148	g19566	Cg002G061040
OG0014149	g46090	Cg007G274190
OG0014150	g19581	Cg002G061400
OG0014151	g19582	Cg002G061440
OG0014152	g2945	Cg002G061640
OG0014153	g2991	Cg002G062070
OG0014154	g11444	Cg002G062110
OG0014155	g3008	Cg002G062360
OG0014156	g3015	Cg002G062430
OG0014157	g19600	Cg002G062730
OG0014158	g11470	Cg002G063990
OG0014159	g3411	Cg002G064050
OG0014160	g3412	Cg002G064060
OG0014162	g52271	Cg005G160060
OG0014163	g25943	Cg003G088180
OG0014165	g41651	Cg007G267560
OG0014166	g44895	Cg007G267470
OG0014167	g41616	Cg007G267800
OG0014168	g40870	Cg007G247450
OG0014169	g44871	Cg007G267940
OG0014170	g41588, g41586	Cg007G267920
OG0014171	g45755, g41504	Cg007G268810
OG0014172	g44819	Cg007G268880
OG0014173	g44293	Cg007G280720
OG0014174	g45784	Cg007G269680
OG0014175	g45790	Cg007G269580
OG0014176	g45793	Cg007G269530
OG0014177	g45795	Cg007G269510
OG0014178	g44754	Cg007G269920
OG0014179	g18015	Cg007G270330
OG0014180	g45848	Cg007G270770
OG0014181	g45869	Cg007G271040
OG0014182	g45871	Cg007G271090
OG0014183	g45905	Cg007G271630
OG0014184	g44661	Cg007G271730
OG0014185	g45916	Cg007G271810
OG0014186	g3816, g45923, g3817	Cg007G271900
OG0014187	g45928	Cg007G271950
OG0014188	g44639	Cg007G272100
OG0014189	g44630	Cg007G272260
OG0014190	g45992	Cg007G272210
OG0014191	g45974	Cg007G272390
OG0014192	g44621	Cg007G272400
OG0014193	g46428	Cg007G278820
OG0014194	g17960	Cg007G278370
OG0014195	g13614	Cg007G278310
OG0014196	g46372	Cg007G278210
OG0014197	g46340	Cg007G277950
OG0014198	g46337	Cg007G277910
OG0014199	g13618	Cg007G277740
OG0014200	g46306	Cg007G277710
OG0014201	g44374	Cg007G277590
OG0014202	g46319	Cg007G277360
OG0014203	g46288	Cg007G277220
OG0014204	g44401	Cg007G277000
OG0014205	g44415	Cg008G297370, Cg007G276680
OG0014207	g46246	Cg007G276630
OG0014208	g44419, g46239	Cg007G276460
OG0014209	g46231	Cg007G276330
OG0014210	g46215	Cg007G276120
OG0014211	g44468, g46193	Cg007G275870
OG0014212	g44469	Cg007G275860
OG0014213	g44480	Cg007G275610
OG0014215	g46173	Cg007G275370
OG0014216	g44503	Cg007G275270
OG0014217	g44511	Cg007G275170
OG0014218	g44521	Cg007G274920
OG0014219	g44530	Cg007G274850
OG0014220	g46136, g44535	Cg007G274780
OG0014221	g46131	Cg007G274700
OG0014222	g46128, g44543	Cg007G274640
OG0014223	g46125	Cg007G274620
OG0014224	g46110	Cg007G274460
OG0014225	g46108	Cg007G274420
OG0014226	g46102	Cg007G274330
OG0014227	g46100	Cg007G274300
OG0014228	g46097	Cg007G274260, Cg003G086900
OG0014229	g46092	Cg007G274210
OG0014230	g44560	Cg007G274140
OG0014231	g44567	Cg007G273880
OG0014232	g46055	Cg007G273700
OG0014233	g46049	Cg007G273620
OG0014235	g46017	Cg007G273250
OG0014236	g46009	Cg007G273150
OG0014237	g46007	Cg007G273120
OG0014238	g27372	Cg006G228540
OG0014239	g45998	Cg007G272950
OG0014240	g44604	Cg007G272940
OG0014241	g44607	Cg007G272870
OG0014242	g44614	Cg007G272720
OG0014243	g36056, g46490, g22310	Cg007G279600
OG0014244	g46494	Cg007G279680
OG0014245	g44338	Cg007G279780
OG0014246	g46504	Cg007G279850
OG0014248	g46519	Cg007G280010
OG0014249	g46518	Cg007G280020
OG0014250	g44323	Cg007G280090
OG0014251	g25757	Cg007G280110
OG0014252	g44300	Cg007G280480
OG0014254	g46583	Cg007G281130
OG0014255	g44285	Cg007G281150
OG0014256	g46587	Cg007G281200
OG0014257	g46588	Cg007G281210
OG0014258	g46591	Cg007G281230
OG0014259	g46602	Cg007G281530
OG0014260	g46606	Cg007G281600
OG0014262	g46609	Cg007G281670
OG0014263	g44266	Cg007G281770
OG0014264	g14654, g17996	Cg007G281790
OG0014265	g7291	Cg004G128400
OG0014266	g12257	Cg004G128690
OG0014267	g13161	Cg004G129040
OG0014268	g13202	Cg004G129790
OG0014269	g7207	Cg004G129810
OG0014270	g908	Cg003G100060
OG0014271	g12204	Cg004G130040
OG0014272	g12203	Cg004G130060
OG0014273	g7191	Cg004G130200
OG0014274	g7150	Cg004G130710
OG0014275	g7137	Cg004G131010
OG0014276	g7136	Cg004G131040
OG0014277	g19161	Cg004G131070
OG0014278	g12147	Cg004G131440
OG0014279	g7102	Cg004G131580
OG0014280	g7066	Cg004G131990
OG0014281	g7065	Cg004G132030
OG0014282	g12105	Cg004G132290
OG0014283	g26001	Cg003G089060
OG0014284	g13251	Cg004G132440
OG0014285	g7044	Cg004G132460
OG0014286	g7016	Cg004G132740
OG0014287	g13263	Cg004G132980
OG0014288	g12072	Cg004G133270
OG0014289	g6983	Cg004G133440
OG0014290	g13277	Cg004G133640
OG0014291	g13280	Cg004G133770
OG0014292	g6929	Cg004G134150
OG0014293	g13292	Cg004G134190
OG0014294	g6917	Cg004G134380
OG0014295	g12021	Cg004G134600
OG0014296	g6890	Cg004G134870
OG0014297	g40035	Cg005G178860
OG0014298	g12006	Cg004G135150
OG0014300	g11990	Cg004G135450
OG0014301	g11983	Cg004G135600
OG0014303	g11970	Cg004G135870
OG0014304	g6820	Cg004G135890
OG0014305	g6819	Cg004G135910
OG0014306	g54151	Cg006G199830
OG0014307	g11957	Cg004G136150
OG0014308	g6800	Cg004G136170
OG0014309	g54154	Cg006G199730
OG0014310	g11952	Cg004G136560
OG0014311	g6771	Cg004G136660
OG0014312	g11946	Cg004G136680
OG0014313	g11924	Cg004G137130
OG0014314	g6747	Cg004G137140
OG0014315	g6740	Cg004G137250
OG0014316	g11913, g25078	Cg004G137370
OG0014317	g11912	Cg004G137380
OG0014318	g11909	Cg004G137400
OG0014319	g11897	Cg004G137680
OG0014320	g11893	Cg004G137780
OG0014321	g11891	Cg004G137810
OG0014322	g6699	Cg004G137820
OG0014324	g6674	Cg004G138370
OG0014325	g13388	Cg004G138350
OG0014326	g13384	Cg004G138290
OG0014327	g6678, g13383	Cg004G138280
OG0014328	g6634	Cg004G138700
OG0014330	g11807	Cg004G139790
OG0014331	g41415	Cg008G300460
OG0014332	g6565	Cg004G140100
OG0014333	g6558	Cg004G140270
OG0014334	g11757	Cg004G140880
OG0014335	g6524	Cg004G141090
OG0014336	g6521	Cg004G141120
OG0014337	g11749	Cg004G141300
OG0014338	g24576	Cg001G028450
OG0014339	g13484	Cg004G141780
OG0014340	g11726	Cg004G142160
OG0014341	g13586	Cg004G142280
OG0014342	g6456	Cg004G142290
OG0014343	g6455, g13498	Cg004G142300
OG0014344	g13515	Cg004G142610
OG0014345	g13518	Cg004G142690
OG0014346	g6409	Cg004G143080
OG0014347	g13522, g6408	Cg004G143100
OG0014348	g6398	Cg004G143210
OG0014349	g13562	Cg004G144490
OG0014350	g6366	Cg004G144470
OG0014351	g13550	Cg004G144060
OG0014352	g13666	Cg004G147890
OG0014353	g6020	Cg004G154400
OG0014354	g7478	Cg004G125270
OG0014355	g11579	Cg004G146440
OG0014356	g13417	Cg004G146220
OG0014357	g13416	Cg004G146210
OG0014358	g11596, g13584	Cg004G145960
OG0014359	g13582	Cg004G145930
OG0014360	g13579	Cg004G145770
OG0014361	g13573	Cg004G145090
OG0014362	g13672	Cg004G147480
OG0014363	g14242	Cg004G150290, Cg004G151180
OG0014364	g13664	Cg004G147060
OG0014365	g14569	Cg004G148110
OG0014366	g14450	Cg004G148310
OG0014367	g13679	Cg004G148370
OG0014368	g6196	Cg004G148780
OG0014369	g13684	Cg004G148840
OG0014370	g23188	Cg001G007010
OG0014371	g6192	Cg004G149270
OG0014372	g6188	Cg008G283630, Cg008G283620
OG0014373	g13686	Cg004G150490, Cg004G149430
OG0014374	g31095	Cg006G238130
OG0014375	g6151	Cg004G151540, Cg001G030450
OG0014376	g14232	Cg004G151630
OG0014378	g39562, g6137	Cg004G151290
OG0014379	g28246	Cg006G207360
OG0014380	g14085	Cg004G152600
OG0014381	g14059	Cg006G210500
OG0014382	g14051	Cg004G152880
OG0014383	g6094	Cg004G153340
OG0014384	g6081	Cg004G153640
OG0014385	g6050	Cg004G153790
OG0014386	g13958	Cg004G154600
OG0014387	g13782	Cg004G154890
OG0014388	g5993	Cg004G154900
OG0014389	g13936	Cg004G155200
OG0014390	g5987	Cg004G155220
OG0014391	g5986	Cg004G155230
OG0014392	g13916	Cg004G155610
OG0014394	g13902	Cg004G155950
OG0014395	g13871	Cg004G156290
OG0014396	g13869	Cg004G156360
OG0014397	g5921, g13862	Cg004G156580
OG0014398	g5903	Cg004G156880
OG0014399	g13847, g5897	Cg004G156960
OG0014400	g13844	Cg004G157070
OG0014401	g5876	Cg004G157190
OG0014402	g5888	Cg004G157160
OG0014403	g27972	Cg006G194040
OG0014404	g39449	Cg006G194080
OG0014405	g54363	Cg006G194510
OG0014406	g54362	Cg006G194520
OG0014407	g54320	Cg006G194810
OG0014408	g36712	Cg006G194850
OG0014409	g54322	Cg006G194880
OG0014410	g10843	Cg008G325320
OG0014411	g36704	Cg006G195000, Cg002G063390
OG0014412	g36664	Cg006G195810
OG0014413	g54303	Cg006G195860
OG0014414	g36637	Cg006G196030
OG0014415	g36618	Cg006G196390
OG0014417	g54277	Cg006G196890
OG0014418	g54270	Cg006G197010
OG0014419	g36574	Cg006G197290
OG0014420	g36573	Cg006G197300
OG0014421	g36572	Cg006G197310
OG0014422	g36562	Cg006G197410
OG0014423	g36554	Cg006G197540
OG0014424	g36523	Cg006G197990
OG0014425	g54229	Cg006G198040
OG0014426	g54214	Cg006G198220
OG0014427	g36470	Cg006G198890
OG0014428	g54194	Cg006G198690
OG0014429	g28036	Cg006G198410
OG0014430	g44862	Cg007G268060
OG0014431	g54181, g36454	Cg006G199190
OG0014434	g36430, g54164	Cg003G083010, Cg006G199530
OG0014435	g28058	Cg006G199560
OG0014436	g36411	Cg006G199800
OG0014437	g43449, g36405	Cg006G199900
OG0014438	g54139	Cg006G200060
OG0014439	g6833	Cg004G135750
OG0014440	g36395	Cg006G200230
OG0014441	g54124	Cg006G200260
OG0014442	g36382	Cg006G200520
OG0014443	g36374	Cg006G200580
OG0014444	g54106	Cg006G200750
OG0014445	g54118	Cg006G200470
OG0014446	g36328	Cg006G201350
OG0014447	g36321	Cg006G201520
OG0014448	g28107	Cg006G201610
OG0014449	g47147	Cg001G024980
OG0014450	g24393	Cg001G025130
OG0014451	g2303	Cg002G052310
OG0014452	g24398	Cg001G025170
OG0014453	g17610	Cg001G025320
OG0014454	g47127	Cg001G025420
OG0014455	g24417	Cg001G025510
OG0014457	g51461	Cg005G171920
OG0014459	g11339	Cg002G054900
OG0014460	g11336	Cg002G054840
OG0014461	g3237	Cg002G067880
OG0014462	g2420	Cg002G054570
OG0014463	g2419	Cg002G054560
OG0014464	g2418	Cg002G054550
OG0014465	g2414	Cg002G054490
OG0014466	g19251	Cg002G054370
OG0014467	g19240	Cg002G054210
OG0014468	g19226	Cg002G054110
OG0014469	g19224	Cg002G054060
OG0014470	g13638	Cg007G268010
OG0014471	g11314	Cg002G053260
OG0014472	g19198	Cg002G053150
OG0014473	g11305	Cg002G052680
OG0014474	g19168	Cg002G052490
OG0014475	g2445	Cg002G054970
OG0014476	g29282	Cg008G295080
OG0014477	g2458, g19293	Cg002G055060
OG0014478	g11341	Cg002G055080
OG0014479	g19304	Cg002G055270
OG0014480	g2289	Cg002G052120
OG0014481	g11297	Cg002G052070
OG0014482	g2242	Cg002G051690
OG0014483	g2233	Cg002G051350
OG0014484	g2222	Cg002G051250
OG0014485	g2221, g19108	Cg002G051230
OG0014486	g19100	Cg002G051170
OG0014487	g2192	Cg002G050900
OG0014488	g2165	Cg002G050150
OG0014489	g2163	Cg002G050110
OG0014490	g51920	Cg005G165550
OG0014492	g19014	Cg002G049580
OG0014493	g2055	Cg002G049530
OG0014494	g2058	Cg002G049500
OG0014495	g18996	Cg002G049090
OG0014496	g18971	Cg002G048400
OG0014497	g11222	Cg002G048200
OG0014499	g18954	Cg002G047860
OG0014500	g1988	Cg002G047730
OG0014501	g2005	Cg002G047350
OG0014502	g2007	Cg002G047330
OG0014503	g18906	Cg002G047320
OG0014504	g2020	Cg002G047100
OG0014506	g1957	Cg002G046710
OG0014507	g1952	Cg002G046670
OG0014508	g18870	Cg002G046530
OG0014509	g1925	Cg002G046310
OG0014510	g18825	Cg002G046210
OG0014511	g19016	Cg002G049610
OG0014512	g1901	Cg002G045970
OG0014513	g1897, g18801	Cg002G045920
OG0014514	g1885	Cg002G045760
OG0014515	g1880	Cg002G045650
OG0014516	g1842	Cg002G045200
OG0014517	g1826	Cg002G045050
OG0014518	g1813	Cg002G044880
OG0014520	g11159	Cg002G044650
OG0014521	g11158	Cg002G044640
OG0014522	g11157	Cg002G044630
OG0014523	g1774	Cg002G044480
OG0014524	g11150	Cg002G044160
OG0014525	g18740	Cg002G043830
OG0014526	g18766	Cg002G043570
OG0014527	g1741	Cg002G043560
OG0014528	g18780	Cg002G043430
OG0014530	g18699	Cg002G043300
OG0014531	g44659	Cg002G043220
OG0014532	g44660	Cg002G043210
OG0014533	g18711	Cg002G043170
OG0014536	g19591	Cg002G062040
OG0014537	g19138	Cg002G051870
OG0014538	g11271	Cg002G050250
OG0014539	g40521	Cg008G321550
OG0014541	g46213	Cg007G276100
OG0014542	g36990	Cg008G316640
OG0014543	g51530	Cg005G171030
OG0014544	g51550	Cg005G170670
OG0014545	g38102	Cg005G167630
OG0014547	g13598	Cg004G155050, Cg007G281220
OG0014549	g46423	Cg007G278780
OG0014550	g44544	Cg007G274630
OG0014551	g23383	Cg001G009850
OG0014552	g13103	Cg004G126270
OG0014553	g23294	Cg001G008580
OG0014555	g23195, g42966, g18146	Cg001G007090
OG0014556	g12557	Cg004G121180
OG0014557	g49275	Cg006G245430
OG0014558	g27014	Cg006G238300
OG0014559	g31413	Cg006G233040
OG0014561	g31635	Cg006G229820
OG0014562	g44725	Cg007G270190
OG0014563	g45805	Cg007G269900
OG0014564	g41556	Cg007G268540
OG0014565	g43623, g43614, g35896	Cg008G324050
OG0014566	g44218	Cg007G248060
OG0014567	g11926, g11932	Cg004G137010
OG0014568	g5920	Cg004G156590
OG0014569	g6028, g6077	Cg004G154180
OG0014570	g6432	Cg004G142910
OG0014571	g6469	Cg004G141800
OG0014572	g6786	Cg004G136360
OG0014574	g12382	Cg004G125740
OG0014575	g29684	Cg008G287150
OG0014576	g29650	Cg008G287800
OG0014577	g13590, g12601, g13655	Cg004G120110
OG0014579	g47393	Cg001G019320
OG0014582	g24277	Cg001G023710
OG0014583	g27774, g50626	Cg006G214040
OG0014584	g32371	Cg006G217830
OG0014586	g17171	Cg001G015440
OG0014587	g51159	Cg005G177560
OG0014589	g5253	Cg008G293830
OG0014590	g29311	Cg008G294590
OG0014591	g29129	Cg008G297780
OG0014592	g18498	Cg008G311660, Cg008G309840
OG0014593	g46634	Cg001G042670
OG0014594	g28691	Cg003G105790
OG0014595	g28732, g39236, g1272	Cg003G107080
OG0014596	g794	Cg008G302190
OG0014597	g782	Cg008G301970
OG0014599	g693	Cg008G300520
OG0014600	g132	Cg003G113800
OG0014602	g27416	Cg006G227300
OG0014603	g27435	Cg006G226420
OG0014605	g1697, g1701	Cg007G254250
OG0014606	g11005	Cg007G261680
OG0014611	g13989	Cg004G154030
OG0014616	g19173	Cg002G052720
OG0014623	g28591	Cg003G104470
OG0014637	g23555	Cg001G012190
OG0014638	g17034, g44093	Cg004G154940
OG0014639	g23543	Cg001G011950
OG0014640	g23540	Cg001G011910
OG0014641	g23536	Cg001G011860
OG0014643	g17025	Cg001G011760
OG0014644	g44366	Cg007G277840
OG0014645	g23515	Cg001G011570
OG0014646	g23514	Cg001G011560
OG0014647	g17015	Cg001G011440
OG0014648	g23498	Cg001G011370
OG0014649	g23496	Cg001G011350
OG0014650	g23484	Cg001G011200
OG0014651	g23478	Cg001G011190
OG0014652	g23469	Cg001G011080
OG0014653	g23466	Cg001G011040
OG0014654	g23463	Cg001G011000
OG0014655	g23462	Cg001G010980
OG0014656	g25217	Cg007G278200
OG0014657	g47703	Cg001G010820
OG0014659	g17001	Cg001G010740
OG0014660	g17000	Cg001G010730
OG0014661	g23415	Cg001G010170
OG0014662	g23377	Cg001G009690
OG0014663	g16969	Cg001G009660
OG0014665	g23367	Cg001G009600
OG0014666	g53552	Cg001G000070
OG0014667	g23351	Cg001G009400
OG0014668	g23346	Cg001G009320
OG0014669	g47775	Cg001G009290
OG0014670	g23330	Cg001G009160
OG0014671	g23328	Cg001G009130
OG0014672	g31134	Cg006G237290
OG0014673	g23315	Cg001G008960
OG0014674	g23308	Cg001G008730
OG0014675	g23306	Cg001G008710
OG0014676	g47793	Cg001G008700
OG0014677	g23297	Cg001G008610
OG0014678	g23295	Cg001G008590
OG0014679	g23289	Cg001G008420
OG0014680	g16923	Cg001G008160
OG0014682	g23273	Cg001G008060
OG0014683	g38325	Cg005G187700
OG0014684	g23251	Cg001G007750
OG0014685	g16909	Cg001G007410
OG0014686	g23240	Cg001G007530
OG0014687	g23242	Cg001G007550
OG0014689	g47873	Cg001G006030
OG0014690	g23177	Cg001G006870
OG0014691	g23174	Cg001G006830
OG0014692	g18162	Cg001G006820
OG0014693	g23170	Cg001G006800
OG0014695	g23158	Cg001G006570
OG0014696	g23106	Cg001G005970
OG0014697	g18197	Cg001G006150
OG0014698	g776	Cg001G006300
OG0014699	g23143	Cg001G006360
OG0014700	g18207	Cg001G005900
OG0014701	g18204	Cg001G005930
OG0014702	g47882	Cg001G005690
OG0014703	g23069	Cg001G005600
OG0014705	g36245	Cg004G156780
OG0014706	g23016	Cg001G004970
OG0014707	g23011	Cg001G004900
OG0014708	g23008	Cg001G004860
OG0014709	g50578	Cg006G215140
OG0014710	g32525	Cg006G214920
OG0014711	g27743	Cg006G214740
OG0014712	g50610	Cg006G214460
OG0014713	g32539	Cg006G214440
OG0014714	g27724	Cg006G214270
OG0014715	g27723	Cg006G214260
OG0014716	g32595	Cg006G213870
OG0014717	g32600	Cg006G213830
OG0014718	g32606	Cg006G213800
OG0014719	g50633	Cg006G213790
OG0014720	g32611	Cg006G213720
OG0014721	g32621	Cg006G213430
OG0014722	g27780	Cg006G213400
OG0014723	g24305	Cg001G024030
OG0014724	g47193	Cg001G024040
OG0014725	g47188	Cg001G024260
OG0014726	g47185	Cg001G024300
OG0014727	g47184	Cg001G024310
OG0014728	g47182	Cg001G024330
OG0014729	g24322	Cg001G024440
OG0014730	g24333	Cg001G024600
OG0014731	g24358	Cg001G024820
OG0014732	g47156	Cg001G024910
OG0014733	g43822	Cg007G258000
OG0014734	g43873	Cg007G256710
OG0014735	g41130	Cg007G256020
OG0014736	g44899	Cg007G267430
OG0014737	g41125	Cg007G254980
OG0014738	g1695	Cg007G254600
OG0014740	g41104	Cg007G253740
OG0014742	g1712	Cg007G252420
OG0014743	g44071	Cg007G251550
OG0014744	g37236	Cg005G168620
OG0014745	g47704	Cg001G010810
OG0014746	g44122	Cg007G250690
OG0014747	g41022	Cg007G250540
OG0014748	g44143	Cg007G249910
OG0014749	g40985	Cg007G250170
OG0014750	g40975	Cg007G249350
OG0014751	g40934	Cg007G248600
OG0014752	g40929	Cg007G248350
OG0014753	g10828	Cg002G075800
OG0014754	g10805	Cg002G075530
OG0014755	g10803	Cg002G075510
OG0014756	g10799	Cg002G075430
OG0014758	g10773	Cg002G075190
OG0014759	g10771	Cg002G075170
OG0014760	g10767	Cg002G075150
OG0014761	g50606	Cg002G075110
OG0014763	g10746	Cg002G074980
OG0014764	g10731	Cg002G074730
OG0014765	g10697	Cg002G074340
OG0014766	g10687	Cg002G074250
OG0014768	g10677	Cg001G041620
OG0014769	g1544	Cg002G073750
OG0014770	g10663	Cg002G073730
OG0014771	g1551	Cg002G073590
OG0014772	g1557	Cg002G073570
OG0014773	g10647	Cg002G073390
OG0014774	g10612	Cg002G073000
OG0014775	g10597	Cg002G072760
OG0014776	g10596	Cg002G072730
OG0014777	g1583	Cg002G072670
OG0014778	g10589	Cg002G072640
OG0014779	g10584	Cg002G072560
OG0014780	g16613	Cg002G072110
OG0014781	g1596	Cg002G071950
OG0014782	g10550	Cg002G071900
OG0014783	g10539	Cg002G071670
OG0014784	g1604	Cg002G071550
OG0014785	g10523	Cg002G071430
OG0014786	g10519	Cg002G071370
OG0014787	g10504	Cg002G071200
OG0014788	g16566	Cg002G070940
OG0014789	g10474	Cg002G070750
OG0014790	g18228	Cg002G070630
OG0014791	g4326	Cg002G068610
OG0014792	g10450	Cg002G068640
OG0014793	g4305	Cg002G069180
OG0014794	g10403	Cg002G069540
OG0014795	g4294	Cg002G069580
OG0014797	g10351	Cg002G067520, Cg008G310120
OG0014798	g10324	Cg002G065530
OG0014800	g40962	Cg007G248950
OG0014801	g41782	Cg007G267080
OG0014802	g44921	Cg007G266970
OG0014803	g44928, g44927	Cg007G266940
OG0014804	g41833	Cg007G266480
OG0014806	g45001	Cg007G265500
OG0014807	g45016	Cg007G265350
OG0014808	g45023	Cg007G265200
OG0014809	g41914	Cg007G264740
OG0014810	g42007	Cg007G264650
OG0014811	g45046	Cg007G264570
OG0014813	g45071	Cg007G263160
OG0014814	g45099	Cg007G263720, Cg007G262360
OG0014815	g45102	Cg007G261600
OG0014816	g53640	Cg007G252210
OG0014817	g49534	Cg007G260360
OG0014819	g45130	Cg007G260760
OG0014820	g18065	Cg007G260790
OG0014821	g45138	Cg004G149820, Cg004G150860
OG0014822	g45140	Cg007G259650
OG0014823	g41232	Cg007G258680
OG0014824	g45234	Cg007G258360
OG0014826	g40731	Cg007G245490
OG0014827	g19344	Cg002G056040
OG0014828	g10644	Cg002G073360
OG0014829	g40757	Cg007G245760
OG0014830	g40762	Cg007G245810
OG0014831	g40764	Cg007G245830
OG0014832	g40770	Cg007G245890
OG0014833	g44263	Cg007G246360
OG0014834	g40797	Cg007G246460
OG0014835	g40786	Cg007G246600
OG0014836	g1736	Cg007G246830
OG0014837	g40840	Cg007G246850
OG0014838	g40841	Cg007G246860
OG0014839	g37127	Cg007G246910
OG0014840	g40843	Cg007G246920
OG0014841	g40851	Cg007G247140
OG0014842	g40868	Cg007G247400
OG0014844	g40882	Cg007G247610
OG0014845	g40884	Cg007G247640
OG0014846	g40885	Cg007G247660
OG0014847	g40892	Cg007G247840
OG0014848	g13141	Cg004G128260
OG0014849	g23583	Cg001G012660
OG0014850	g23727	Cg001G014840
OG0014852	g23712	Cg001G014540
OG0014853	g17140	Cg001G014460
OG0014854	g51978	Cg005G164820
OG0014855	g46852	Cg001G034300
OG0014856	g38153	Cg005G164910
OG0014857	g51965	Cg005G165070
OG0014858	g51970	Cg005G164960
OG0014859	g37369	Cg005G165150
OG0014860	g51946	Cg005G165360
OG0014861	g51944	Cg005G165400
OG0014862	g7515	Cg004G124720
OG0014863	g12410	Cg004G124740
OG0014864	g7511	Cg004G124830
OG0014865	g7508	Cg004G124870
OG0014866	g12403	Cg004G124940
OG0014867	g7491	Cg004G125070
OG0014868	g7482	Cg004G125200
OG0014869	g13059	Cg004G125290
OG0014870	g7475	Cg004G125320
OG0014871	g7474	Cg004G125330
OG0014872	g7464	Cg004G125450
OG0014873	g7463	Cg004G125460
OG0014874	g7459	Cg004G125520
OG0014875	g29834	Cg008G284370
OG0014876	g7447	Cg004G125670
OG0014877	g7446	Cg004G125680
OG0014878	g7442	Cg004G125840
OG0014879	g13082	Cg004G125920
OG0014880	g7435	Cg004G125960
OG0014881	g13086	Cg004G126020
OG0014882	g7416	Cg004G126370
OG0014883	g1071	Cg003G103840
OG0014885	g13111	Cg004G126700
OG0014886	g12337	Cg004G126850
OG0014887	g12334	Cg004G126900
OG0014888	g7386	Cg004G127060
OG0014889	g7336	Cg004G127820
OG0014891	g12295	Cg004G127870
OG0014892	g7314	Cg004G128110
OG0014893	g25946	Cg003G088270
OG0014894	g1505	Cg003G092050
OG0014895	g25976	Cg003G088370
OG0014896	g1482	Cg003G091430
OG0014897	g13395	Cg004G138620
OG0014898	g1410	Cg003G095410, Cg016G334220
OG0014899	g31111	Cg006G237860
OG0014900	g1390	Cg003G096400
OG0014901	g28280	Cg003G096410
OG0014902	g1388	Cg003G096720
OG0014903	g1367	Cg003G097010
OG0014904	g1346	Cg003G097420
OG0014905	g41161	Cg003G097770
OG0014906	g41170	Cg003G098100
OG0014907	g28344	Cg003G098110
OG0014908	g41173	Cg003G098180
OG0014909	g28348	Cg003G098210
OG0014910	g44216	Cg003G098240
OG0014911	g1306	Cg003G098600
OG0014912	g865	Cg003G098730
OG0014913	g866	Cg003G098740
OG0014915	g870	Cg003G098810
OG0014916	g28362	Cg003G098840
OG0014917	g28367	Cg003G099120
OG0014918	g41226	Cg003G099270
OG0014919	g884	Cg003G099320
OG0014920	g892	Cg003G099530
OG0014921	g41279	Cg003G100190
OG0014922	g28406	Cg003G099930
OG0014923	g41253	Cg003G099790
OG0014924	g28423	Cg003G100330
OG0014925	g28424	Cg003G100350
OG0014926	g41294	Cg003G100510
OG0014927	g935	Cg003G100880
OG0014928	g957	Cg003G101630
OG0014929	g977	Cg003G102100
OG0014930	g31808	Cg006G227200
OG0014931	g39376	Cg003G102590
OG0014932	g39374	Cg003G102710
OG0014933	g1018	Cg003G102770
OG0014934	g28517	Cg003G102880
OG0014935	g28543	Cg003G103400
OG0014936	g28550	Cg003G103500
OG0014937	g1062	Cg003G103610
OG0014939	g28562	Cg003G104050
OG0014940	g1081	Cg003G104190
OG0014941	g1082	Cg003G104200
OG0014942	g1098	Cg003G104570
OG0014943	g39326	Cg003G104590
OG0014944	g28600	Cg003G104600
OG0014945	g1108	Cg003G105000
OG0014946	g39299	Cg003G105230
OG0014947	g1120	Cg003G105250
OG0014949	g1140	Cg003G105410
OG0014950	g28669	Cg003G105480
OG0014951	g28687	Cg003G105720
OG0014952	g1154	Cg003G105740
OG0014953	g41147	Cg003G085840
OG0014954	g45666	Cg003G085850
OG0014955	g29358	Cg008G293550
OG0014956	g29357	Cg008G293560
OG0014957	g45614	Cg008G293250
OG0014958	g5299	Cg008G293050
OG0014959	g29403	Cg008G292610
OG0014960	g45581	Cg008G292320
OG0014962	g29439	Cg008G291980
OG0014963	g5373	Cg008G291870
OG0014964	g29447	Cg008G291800
OG0014965	g45565	Cg008G291780
OG0014966	g5389	Cg008G291570
OG0014967	g29465	Cg008G291510
OG0014968	g29466	Cg008G291490
OG0014969	g51700	Cg005G168230
OG0014970	g29471	Cg008G291380
OG0014971	g5394	Cg008G291350
OG0014973	g29486	Cg008G291140
OG0014974	g29487	Cg008G291130
OG0014975	g45542	Cg008G290960
OG0014976	g5409	Cg008G290930
OG0014977	g45538	Cg008G290880
OG0014979	g5423	Cg008G290620
OG0014980	g29509	Cg008G290610
OG0014981	g5432	Cg008G290400
OG0014982	g45520	Cg008G290050
OG0014983	g5450	Cg008G290000
OG0014984	g29560	Cg008G289850
OG0014985	g29561	Cg008G289840
OG0014986	g5474	Cg008G289590
OG0014987	g29588	Cg008G289190
OG0014988	g5506	Cg008G289160
OG0014989	g29602	Cg008G288860
OG0014990	g5537	Cg008G288440
OG0014991	g5540, g29625	Cg008G288320
OG0014992	g5546	Cg008G288210
OG0014993	g5552	Cg008G288150
OG0014994	g17555	Cg001G023820
OG0014995	g24267	Cg001G023630
OG0014996	g47204	Cg001G023610
OG0014997	g17526	Cg001G023170
OG0014998	g24236	Cg001G023160
OG0014999	g47265	Cg001G022450
OG0015000	g17479	Cg001G022330
OG0015001	g47278	Cg001G022180
OG0015002	g24175	Cg001G022160
OG0015003	g24171	Cg001G022120
OG0015004	g47286	Cg001G021940
OG0015005	g17459	Cg001G021920
OG0015006	g47295	Cg001G021610
OG0015007	g24150	Cg001G021520
OG0015008	g47311, g17432	Cg001G021350
OG0015009	g47318	Cg001G021050
OG0015010	g24117	Cg001G021040
OG0015011	g24108	Cg001G020950
OG0015012	g17387	Cg001G020680
OG0015013	g47346	Cg001G020290
OG0015014	g47349	Cg001G020240
OG0015016	g31747	Cg006G227980
OG0015017	g47367	Cg001G019860
OG0015018	g24024	Cg001G019770
OG0015019	g5200	Cg008G294450
OG0015020	g24016	Cg001G019670
OG0015021	g24007	Cg001G019540
OG0015022	g47378	Cg001G019500
OG0015023	g47381	Cg001G019460
OG0015024	g23991	Cg001G019350
OG0015025	g17321	Cg001G019210
OG0015026	g23984	Cg001G019170
OG0015027	g47404, g17313	Cg001G019020
OG0015029	g47432	Cg001G018270
OG0015030	g17277	Cg001G018090
OG0015031	g47446	Cg001G018050
OG0015032	g23916	Cg001G017850
OG0015034	g17227	Cg001G016790
OG0015035	g32637	Cg001G033500
OG0015036	g27793	Cg006G213000
OG0015037	g50670	Cg006G212950
OG0015038	g32649	Cg006G212880
OG0015039	g27796	Cg006G212800
OG0015040	g27800	Cg006G212410
OG0015041	g50689	Cg006G212390
OG0015042	g50692	Cg006G212360
OG0015043	g32664	Cg006G212260
OG0015044	g32747	Cg006G210730
OG0015045	g27812	Cg006G210670
OG0015046	g50751	Cg006G210550
OG0015047	g27864	Cg006G210380
OG0015048	g27884	Cg006G209460
OG0015049	g33009	Cg006G209340
OG0015050	g33023	Cg006G209320
OG0015051	g27910	Cg006G209130
OG0015052	g27913	Cg006G208530
OG0015053	g35929, g27923	Cg006G207850
OG0015054	g27928	Cg006G204520, Cg006G207880
OG0015055	g35928	Cg006G207890
OG0015056	g27955	Cg006G208160
OG0015057	g53844	Cg006G204740
OG0015058	g28155	Cg006G205040
OG0015059	g28173	Cg006G205190
OG0015060	g28204	Cg006G206130
OG0015061	g35934	Cg006G206430
OG0015062	g32290	Cg006G206030
OG0015063	g28217	Cg006G205650
OG0015065	g36175	Cg006G204210
OG0015066	g47154	Cg001G024940
OG0015067	g54011	Cg006G202360
OG0015068	g36259	Cg006G202410
OG0015069	g28118	Cg006G202770
OG0015070	g53986	Cg006G203030, Cg006G203070, Cg006G203020
OG0015071	g28240, g28241	Cg006G206710
OG0015072	g36195	Cg006G203630, Cg006G203620
OG0015074	g28136	Cg006G203540
OG0015075	g37009	Cg008G315810
OG0015076	g54023	Cg006G201990
OG0015077	g27642	Cg006G218810
OG0015078	g6572	Cg004G139870
OG0015079	g50436	Cg006G218890
OG0015080	g32295	Cg006G218880
OG0015081	g420	Cg003G109210
OG0015082	g27650	Cg006G218440
OG0015083	g32339	Cg006G218260
OG0015084	g50502	Cg006G217540
OG0015085	g32409	Cg006G216890
OG0015086	g50517	Cg006G216610
OG0015087	g32428	Cg006G216420
OG0015088	g32431	Cg006G216380
OG0015089	g32436	Cg006G216340
OG0015090	g27694	Cg006G216320
OG0015091	g32472	Cg006G215900
OG0015092	g50551	Cg006G215780
OG0015093	g32479	Cg006G215750
OG0015094	g23006, g18227	Cg001G004830
OG0015095	g22986	Cg001G004610
OG0015096	g18236	Cg001G004240
OG0015097	g47943	Cg001G004150
OG0015098	g47949	Cg001G004090
OG0015099	g22957	Cg001G004020
OG0015100	g47951	Cg001G004000
OG0015101	g47954	Cg001G003910
OG0015102	g22929	Cg001G003740
OG0015103	g22899	Cg001G003380
OG0015105	g47977	Cg001G003320
OG0015106	g22893	Cg001G003310
OG0015107	g18259	Cg001G004170
OG0015108	g22868	Cg001G003020
OG0015109	g22854	Cg001G002960
OG0015110	g22850	Cg001G002920
OG0015111	g22847	Cg001G002890
OG0015114	g22823	Cg001G002600
OG0015115	g18285	Cg001G002390
OG0015116	g48002	Cg001G002210
OG0015117	g22796	Cg001G002160
OG0015118	g22788	Cg001G002070
OG0015119	g18296	Cg001G002040
OG0015120	g22783	Cg001G002020
OG0015121	g22766	Cg001G001840
OG0015122	g22729	Cg001G001530
OG0015123	g22725	Cg001G001510
OG0015124	g18303	Cg001G001410
OG0015126	g22702	Cg001G001170
OG0015128	g18313	Cg001G000850
OG0015129	g18326	Cg001G000700
OG0015130	g41010	Cg001G000660
OG0015131	g18334	Cg001G000590
OG0015132	g18337	Cg001G000560
OG0015133	g18339	Cg001G000530
OG0015134	g18375	Cg001G000180
OG0015135	g18373	Cg001G000200
OG0015136	g18369	Cg001G000240
OG0015137	g18368	Cg001G000250
OG0015138	g18363	Cg001G000310
OG0015139	g18358	Cg001G000330
OG0015140	g18383	Cg001G000020
OG0015141	g13984	Cg001G032220
OG0015142	g16742	Cg001G035850
OG0015143	g46922	Cg001G034390
OG0015144	g46851	Cg001G034310
OG0015145	g25094	Cg001G034510
OG0015146	g45085	Cg007G262720
OG0015147	g46807	Cg001G036050
OG0015148	g46802	Cg001G036300
OG0015149	g46772	Cg001G037000
OG0015150	g18115	Cg001G037020
OG0015151	g46762	Cg001G037210
OG0015152	g46740	Cg001G038200
OG0015154	g18087	Cg001G038430
OG0015155	g16901	Cg001G039220
OG0015157	g16884	Cg001G040040
OG0015158	g16883	Cg001G040050
OG0015159	g40573	Cg008G323720
OG0015160	g32508	Cg006G215330
OG0015161	g51499	Cg005G171510
OG0015162	g37991	Cg005G171490
OG0015163	g51502	Cg005G171470
OG0015164	g2915	Cg002G061360
OG0015165	g2917	Cg002G061330
OG0015166	g50615	Cg006G214310
OG0015167	g51528	Cg005G171050
OG0015168	g51525	Cg005G171090
OG0015169	g38003	Cg005G171110
OG0015170	g51518	Cg005G171190
OG0015171	g25858	Cg005G171230
OG0015172	g27862	Cg006G210450
OG0015173	g40260	Cg003G085430
OG0015174	g40231	Cg003G086390
OG0015175	g40230	Cg003G086480
OG0015176	g40229	Cg003G086720
OG0015178	g40225	Cg003G087070
OG0015179	g27922	Cg006G207830
OG0015180	g40208	Cg003G087800
OG0015181	g37086	Cg005G172290
OG0015182	g51429	Cg005G172400
OG0015183	g51424	Cg005G172430
OG0015184	g51403	Cg005G172720
OG0015185	g51398	Cg005G172770
OG0015186	g51389	Cg005G172900
OG0015187	g51388	Cg005G172910
OG0015188	g51371	Cg005G173030
OG0015190	g11129	Cg008G318670
OG0015191	g37058, g11131	Cg008G318590
OG0015192	g11133	Cg008G318580
OG0015193	g37049	Cg008G318230
OG0015194	g18431	Cg008G318250
OG0015195	g37056	Cg008G317990
OG0015196	g37028	Cg008G314600
OG0015197	g37027	Cg008G315030
OG0015198	g18443	Cg008G315980
OG0015199	g36971	Cg008G316730
OG0015200	g28968	Cg008G300330
OG0015201	g39707	Cg008G319710
OG0015202	g18453	Cg008G317430
OG0015203	g18454	Cg008G317400
OG0015204	g40284	Cg003G084280
OG0015205	g40292	Cg003G084170
OG0015206	g40296	Cg003G084040
OG0015207	g40297	Cg003G084030
OG0015208	g40298	Cg003G084020
OG0015209	g40303	Cg003G083900
OG0015210	g40313	Cg003G083780
OG0015211	g40326	Cg003G083480
OG0015212	g40330	Cg003G083340
OG0015213	g40335	Cg003G083210
OG0015214	g40338	Cg003G083130
OG0015215	g40339	Cg003G083110
OG0015216	g25763	Cg003G083090, Cg004G140520
OG0015217	g40348	Cg003G082790
OG0015218	g40355	Cg003G082650
OG0015219	g25729	Cg003G082580
OG0015220	g25724	Cg003G082550
OG0015221	g25695	Cg003G082160
OG0015222	g25698	Cg003G082150
OG0015223	g40385	Cg003G081840
OG0015224	g40391	Cg003G081730
OG0015225	g45145	Cg003G081630
OG0015226	g10291	Cg008G313320
OG0015227	g17290	Cg001G018420
OG0015228	g40423	Cg003G080930
OG0015229	g40426	Cg003G080910
OG0015231	g40434	Cg003G080660
OG0015232	g45155	Cg003G080610
OG0015233	g40443	Cg003G080500, Cg003G093450
OG0015234	g40454	Cg003G093650, Cg003G080330
OG0015235	g25550	Cg003G093860, Cg003G080140
OG0015236	g18512	Cg003G094070, Cg003G079940
OG0015237	g40491	Cg008G320790
OG0015238	g11040	Cg008G321140
OG0015239	g11039	Cg008G321160
OG0015240	g11031	Cg008G321250, Cg008G321340
OG0015241	g40553	Cg008G322350
OG0015242	g10976	Cg008G322730
OG0015243	g40575	Cg008G322930
OG0015244	g40578, g10968	Cg008G322980
OG0015245	g40585	Cg008G323040
OG0015246	g17994	Cg007G273990
OG0015247	g43974	Cg008G323150
OG0015248	g10961	Cg008G323160
OG0015249	g27982	Cg006G194840
OG0015251	g41838	Cg008G323680
OG0015252	g10945	Cg008G323790
OG0015253	g10834	Cg006G243020
OG0015255	g10904	Cg008G324570
OG0015258	g10869	Cg008G324970
OG0015259	g10870	Cg008G324950
OG0015260	g25187	Cg001G033580
OG0015261	g11655	Cg004G143980
OG0015262	g46862	Cg001G033820
OG0015263	g11645	Cg004G144770
OG0015264	g25132	Cg001G033910
OG0015266	g6397	Cg004G143220
OG0015267	g17223	Cg001G016730
OG0015268	g24822	Cg001G030940
OG0015269	g6436	Cg004G142760
OG0015270	g11693	Cg004G142750
OG0015271	g46986	Cg001G029790
OG0015272	g24651	Cg001G029280
OG0015273	g47007	Cg001G028980
OG0015274	g17808	Cg001G028490
OG0015275	g47034	Cg001G028420
OG0015276	g24537	Cg001G027920
OG0015277	g24528	Cg001G027550
OG0015278	g47049	Cg001G027540
OG0015279	g11764	Cg004G140510
OG0015280	g17709	Cg001G026940
OG0015281	g24461	Cg001G026070
OG0015282	g24451	Cg004G138580
OG0015283	g16874	Cg001G040370
OG0015284	g16862	Cg001G040550
OG0015285	g16847	Cg001G040860
OG0015286	g46679	Cg001G040870
OG0015288	g16817	Cg001G041560
OG0015289	g46649	Cg001G042230
OG0015290	g46790	Cg004G145020
OG0015291	g37775	Cg005G157560
OG0015293	g37768	Cg005G157650
OG0015294	g37765	Cg005G157700, Cg005G157690
OG0015295	g37756	Cg005G157840
OG0015296	g37755	Cg005G157860
OG0015297	g37754	Cg005G157870
OG0015298	g37742	Cg005G158020
OG0015299	g37741	Cg005G158030
OG0015300	g50832	Cg005G158070
OG0015301	g12729	Cg005G158100
OG0015302	g50829	Cg005G158130
OG0015303	g13239	Cg004G131980
OG0015304	g37711	Cg005G158590
OG0015305	g50805	Cg005G158780
OG0015306	g50804	Cg005G158800
OG0015307	g38252	Cg005G159000
OG0015308	g37677	Cg005G159070
OG0015310	g37667	Cg005G159270
OG0015311	g52300	Cg005G159370
OG0015312	g52293	Cg005G159680
OG0015313	g52286	Cg005G159840
OG0015314	g37617	Cg005G160150
OG0015315	g52263	Cg005G160160
OG0015316	g37616	Cg005G160180
OG0015318	g52226	Cg005G160560
OG0015319	g37593	Cg005G160580
OG0015320	g52230	Cg005G160610
OG0015321	g52231	Cg005G160640
OG0015322	g38240	Cg005G160760
OG0015323	g37577	Cg005G160780
OG0015324	g52203	Cg005G160880
OG0015325	g52197	Cg005G160940
OG0015326	g38237	Cg005G161110
OG0015327	g38230	Cg005G161480
OG0015329	g52147	Cg005G161800
OG0015330	g38219	Cg005G162150
OG0015331	g37508	Cg005G162280
OG0015332	g52118	Cg005G162400
OG0015333	g37501	Cg005G162440
OG0015334	g38207	Cg005G162640
OG0015335	g37484	Cg005G162810
OG0015336	g38199	Cg005G162930
OG0015337	g37470	Cg005G162980
OG0015338	g37466	Cg005G163040
OG0015339	g38195	Cg005G163190
OG0015340	g37461	Cg005G163200
OG0015342	g52071	Cg005G163380
OG0015343	g37448	Cg005G163570
OG0015344	g52021	Cg005G163990
OG0015345	g52044	Cg005G163760
OG0015346	g37393	Cg005G164420
OG0015347	g18090	Cg008G282370
OG0015348	g45286	Cg008G282380
OG0015349	g5817	Cg008G282640
OG0015350	g5813	Cg008G282680
OG0015351	g5805	Cg008G282800
OG0015352	g45301	Cg008G282830
OG0015353	g45306	Cg008G282870
OG0015354	g5796	Cg008G283000
OG0015355	g29860	Cg008G283050
OG0015356	g45333	Cg008G283430
OG0015357	g45338	Cg008G283490
OG0015358	g29843	Cg008G283790
OG0015359	g29841	Cg008G283810
OG0015360	g5755	Cg008G283830
OG0015361	g5745	Cg008G284000
OG0015362	g5739	Cg003G099740
OG0015364	g5730	Cg008G284200
OG0015365	g29832, g45366	Cg008G284410
OG0015366	g5443	Cg008G290250
OG0015367	g45367	Cg008G284450
OG0015368	g29818	Cg008G284580
OG0015369	g29813	Cg008G284630
OG0015370	g5710	Cg008G284710
OG0015372	g29798	Cg008G285070
OG0015373	g5695	Cg008G285080
OG0015374	g29111	Cg008G299820
OG0015375	g708	Cg008G300720
OG0015376	g41408	Cg008G300610
OG0015377	g28914	Cg008G301280
OG0015378	g28911	Cg008G301340
OG0015379	g47640	Cg001G012970
OG0015380	g744	Cg008G301430
OG0015381	g747	Cg008G301480
OG0015382	g41370	Cg008G301630
OG0015383	g771	Cg008G301810
OG0015384	g41361	Cg008G301890
OG0015385	g788	Cg008G302050
OG0015386	g795	Cg008G302200
OG0015387	g41359	Cg008G302260
OG0015388	g809	Cg008G302470
OG0015389	g41332	Cg003G108430
OG0015390	g41330	Cg003G108280
OG0015391	g28826	Cg003G108250
OG0015393	g44916	Cg007G267200
OG0015394	g863	Cg003G107750
OG0015395	g28766	Cg003G107500
OG0015396	g1631	Cg003G107440
OG0015397	g28731	Cg003G107050
OG0015398	g1243	Cg003G106680
OG0015399	g28739	Cg003G107100
OG0015400	g39242	Cg003G106850
OG0015401	g9826	Cg003G110940
OG0015402	g309	Cg003G111090
OG0015404	g304	Cg003G111180
OG0015405	g303	Cg003G111190
OG0015406	g9816	Cg003G111210
OG0015407	g300	Cg003G111220
OG0015408	g299	Cg003G111230
OG0015409	g282	Cg003G111440
OG0015410	g263	Cg003G111750
OG0015411	g261	Cg003G111780
OG0015412	g37273	Cg005G167930
OG0015413	g245	Cg003G112070
OG0015414	g9771	Cg003G112210
OG0015415	g239, g9769	Cg003G112230
OG0015416	g9766, g237	Cg003G112250
OG0015417	g233	Cg003G112340
OG0015418	g9762	Cg003G112370
OG0015419	g228	Cg003G112420
OG0015420	g217	Cg003G112510
OG0015421	g213	Cg003G112580
OG0015422	g9742	Cg003G112810
OG0015423	g9734	Cg003G112860
OG0015424	g9723	Cg003G113000
OG0015425	g161	Cg003G113280
OG0015426	g155	Cg003G113400
OG0015427	g9707	Cg003G113540
OG0015429	g138	Cg003G113720
OG0015430	g9689	Cg003G113970
OG0015431	g9688	Cg003G113990
OG0015432	g112	Cg003G114050
OG0015433	g9682	Cg003G114140
OG0015434	g102	Cg003G114190
OG0015435	g97	Cg003G114250
OG0015436	g83	Cg003G114390
OG0015437	g82	Cg003G114400
OG0015438	g78	Cg003G114440
OG0015439	g62	Cg003G114700
OG0015440	g36850	Cg013G330200
OG0015441	g9653	Cg003G114900
OG0015442	g50	Cg003G114930
OG0015443	g37	Cg003G115140
OG0015444	g32	Cg003G115280
OG0015445	g30	Cg003G115300
OG0015446	g19	Cg006G208190
OG0015448	g9627	Cg003G115580
OG0015449	g19628	Cg003G115630
OG0015450	g9625	Cg003G115680
OG0015451	g19623	Cg003G115830
OG0015452	g9	Cg003G096980, Cg003G115900
OG0015453	g25338	Cg003G075970
OG0015454	g39458	Cg003G076660, Cg014G332910
OG0015455	g39456	Cg003G076430, Cg014G333150
OG0015456	g25354	Cg014G333340, Cg003G076240
OG0015457	g39481	Cg014G332750, Cg003G076850
OG0015459	g25398	Cg003G077000, Cg014G332610
OG0015460	g45259	Cg003G077080, Cg014G332550
OG0015462	g45226	Cg003G077760, Cg014G331880
OG0015463	g39519	Cg014G332040, Cg003G077570
OG0015465	g25451	Cg003G077380, Cg014G332240
OG0015466	g45236	Cg014G330990, Cg003G078560
OG0015467	g39595	Cg003G078670, Cg014G330880
OG0015468	g39597	Cg014G330860, Cg003G078690
OG0015469	g39598	Cg014G330850, Cg003G078700
OG0015470	g45210	Cg003G113180
OG0015471	g45207	Cg003G079000, Cg003G094950
OG0015472	g11061	Cg008G320450
OG0015473	g11065	Cg008G320350
OG0015474	g39679	Cg008G320330
OG0015475	g39680	Cg008G320320
OG0015476	g11081	Cg008G320020
OG0015477	g39697	Cg008G319890
OG0015478	g11088	Cg008G319830
OG0015479	g11090	Cg008G319730
OG0015480	g39708	Cg008G319690
OG0015481	g39710	Cg008G319660
OG0015482	g39728	Cg008G319050
OG0015483	g39787	Cg005G174430
OG0015484	g51322	Cg005G173730
OG0015485	g51306	Cg005G174050
OG0015486	g51290	Cg005G174570
OG0015487	g51288	Cg005G174610
OG0015490	g51252	Cg005G175190
OG0015491	g39848	Cg005G175310
OG0015492	g51241	Cg005G175330
OG0015493	g51228	Cg005G175860
OG0015494	g51198	Cg005G176500
OG0015495	g39936	Cg005G176690
OG0015496	g51181	Cg005G176980
OG0015497	g51122	Cg005G177860
OG0015498	g40002	Cg005G178270
OG0015499	g39985	Cg005G178470
OG0015500	g39977	Cg005G178580
OG0015501	g37843	Cg005G178630
OG0015502	g40045	Cg005G179000
OG0015503	g40062	Cg005G179180
OG0015504	g37821	Cg005G179210
OG0015505	g40066	Cg005G179240
OG0015506	g40068	Cg005G179290
OG0015507	g40071	Cg005G179330
OG0015508	g37812, g53449	Cg005G179620
OG0015509	g40139	Cg005G182150
OG0015510	g40137	Cg005G182110
OG0015511	g40128	Cg005G181860
OG0015512	g43660	Cg005G181590
OG0015514	g40114	Cg005G181090
OG0015515	g40154	Cg005G182570
OG0015516	g37795	Cg005G182620
OG0015517	g40176	Cg005G183020
OG0015518	g40179	Cg005G183200
OG0015519	g40180	Cg005G182690
OG0015520	g40191	Cg005G184470
OG0015521	g315	Cg004G153380
OG0015522	g17214	Cg006G238370
OG0015523	g25340	Cg003G075990
OG0015524	g38267	Cg005G184710
OG0015525	g36795	Cg005G185220
OG0015526	g38286	Cg005G185600
OG0015527	g38287	Cg005G185680
OG0015528	g38290	Cg005G185780
OG0015529	g36818	Cg005G186060
OG0015530	g36822	Cg005G186160
OG0015531	g38301	Cg005G186250
OG0015533	g51074	Cg005G186990
OG0015534	g23635	Cg001G013290
OG0015535	g32638	Cg004G116550
OG0015536	g12718	Cg004G116460
OG0015537	g7949	Cg004G116210
OG0015538	g7951	Cg004G116170
OG0015539	g27649	Cg006G218570
OG0015540	g12723	Cg004G116080
OG0015541	g7954	Cg004G116040
OG0015542	g3021	Cg004G115990
OG0015543	g12724	Cg004G115980
OG0015545	g17247	Cg008G281900
OG0015546	g5871	Cg004G124210
OG0015547	g45283	Cg008G281930
OG0015548	g45284	Cg008G281960
OG0015549	g5872	Cg008G281970
OG0015550	g5869	Cg005G176540
OG0015551	g5868	Cg008G281990
OG0015552	g5864	Cg008G282040
OG0015553	g42871, g5861	Cg008G282060
OG0015554	g5860	Cg008G282070
OG0015555	g47587	Cg001G014140
OG0015556	g23673	Cg001G013880
OG0015557	g7921	Cg004G116930
OG0015558	g7919	Cg004G116980
OG0015559	g7904	Cg004G117230
OG0015560	g12748	Cg004G117240
OG0015561	g7902	Cg004G117260
OG0015562	g7895	Cg004G117340
OG0015563	g7881	Cg004G117430
OG0015564	g7882	Cg004G117440
OG0015565	g7874	Cg004G117570
OG0015566	g45761	Cg004G117780
OG0015567	g12757	Cg004G117820
OG0015568	g7860	Cg004G117840
OG0015569	g7855	Cg004G117970
OG0015570	g7841	Cg004G118110
OG0015571	g12665	Cg004G118180
OG0015573	g12651	Cg004G118440
OG0015575	g7816	Cg004G119390
OG0015576	g7811	Cg004G119460
OG0015577	g12802	Cg004G119580
OG0015578	g7784	Cg004G119820
OG0015579	g7783	Cg004G119900
OG0015580	g7777, g7768	Cg004G119990
OG0015581	g7742	Cg004G120400
OG0015582	g7740	Cg004G120500
OG0015583	g12846	Cg004G120900
OG0015584	g12560	Cg004G121060
OG0015585	g12551	Cg004G121280
OG0015586	g12862	Cg004G121190
OG0015587	g12543	Cg004G121430
OG0015588	g7693	Cg004G121440
OG0015589	g12534	Cg004G121550
OG0015590	g12528	Cg004G121600
OG0015592	g12493	Cg004G122330
OG0015593	g12488	Cg004G122390
OG0015594	g12470	Cg004G122890
OG0015595	g12464	Cg004G123010
OG0015596	g12271	Cg004G128410
OG0015597	g12946	Cg004G123100
OG0015598	g12458	Cg004G123130
OG0015599	g12452	Cg004G123200
OG0015600	g12954	Cg004G123220
OG0015601	g7599	Cg004G123380
OG0015603	g7590	Cg004G123570
OG0015604	g12973	Cg004G123640
OG0015605	g7575	Cg004G123750
OG0015606	g12980	Cg004G123790
OG0015607	g12434	Cg004G123820
OG0015608	g7567	Cg004G123900
OG0015609	g7563	Cg004G123960
OG0015610	g12428	Cg004G123970
OG0015611	g12994	Cg004G124100
OG0015612	g7523	Cg004G124620
OG0015613	g7520	Cg004G124640
OG0015614	g37348	Cg005G165850
OG0015616	g38138	Cg005G166070
OG0015617	g51837	Cg005G166260
OG0015618	g51833	Cg005G166300
OG0015619	g37326	Cg005G166620
OG0015620	g51787	Cg005G166640
OG0015621	g37312	Cg005G167080
OG0015622	g51773	Cg005G166830
OG0015623	g51752	Cg005G167170
OG0015625	g51744	Cg005G167270
OG0015626	g38021	Cg005G170640
OG0015627	g38032	Cg005G170260
OG0015628	g1678	Cg003G085870, Cg003G089100
OG0015629	g51580	Cg005G170160
OG0015630	g51593	Cg005G169930
OG0015631	g38047	Cg005G169780
OG0015632	g38052	Cg005G169570
OG0015633	g51620	Cg005G169520
OG0015634	g38056	Cg005G169410
OG0015635	g37195	Cg005G169420
OG0015636	g6395	Cg004G143250
OG0015637	g37199	Cg005G169310
OG0015638	g37202	Cg005G169270
OG0015639	g38066	Cg005G169260
OG0015641	g37219	Cg005G168970
OG0015642	g51660	Cg005G168840
OG0015643	g38078	Cg005G168820
OG0015644	g51732	Cg005G167650
OG0015645	g37286	Cg005G167730
OG0015646	g37284	Cg005G167760
OG0015647	g37257	Cg005G168190
OG0015648	g51701	Cg005G168220
OG0015649	g37248	Cg005G168320
OG0015651	g51544	Cg005G170770
OG0015652	g49948	Cg006G230220
OG0015653	g49950	Cg006G230180
OG0015654	g31634	Cg006G229830
OG0015655	g49966	Cg006G229690
OG0015656	g31651	Cg006G229520
OG0015657	g31657	Cg006G229330
OG0015658	g31679	Cg006G228980
OG0015659	g31684	Cg006G228890
OG0015660	g27369	Cg006G228710
OG0015661	g50003	Cg006G228480
OG0015662	g31711	Cg006G228490
OG0015663	g31710	Cg006G228510
OG0015664	g27371	Cg006G228550
OG0015665	g49998	Cg006G228600
OG0015666	g50009, g31718	Cg006G228380
OG0015667	g31726	Cg006G228240
OG0015668	g31762	Cg006G227800
OG0015669	g31753	Cg006G227850
OG0015670	g50032	Cg006G227870
OG0015671	g31745	Cg006G228000
OG0015672	g44559	Cg007G274150
OG0015673	g31799	Cg006G227350
OG0015674	g50056	Cg006G227170
OG0015675	g31812	Cg006G227130
OG0015676	g31815	Cg006G227040
OG0015677	g27428	Cg006G226930
OG0015678	g31819	Cg006G226890
OG0015679	g31836	Cg006G226680
OG0015680	g50083	Cg006G226640
OG0015681	g31844	Cg006G226610
OG0015682	g27433	Cg006G226570
OG0015683	g50120	Cg006G225850
OG0015685	g31940	Cg006G225450
OG0015686	g31945	Cg006G225360
OG0015687	g31951	Cg006G225120
OG0015688	g31963	Cg006G224940
OG0015689	g27490	Cg006G224440
OG0015690	g50205	Cg006G224380
OG0015691	g50206	Cg006G224370
OG0015692	g32007	Cg006G224270
OG0015693	g32010	Cg006G224220
OG0015694	g27496	Cg006G224200
OG0015695	g30926	Cg006G240980
OG0015696	g32023	Cg006G223840
OG0015697	g50233	Cg006G223760
OG0015698	g32038	Cg006G223480
OG0015699	g32044	Cg006G223310
OG0015700	g50250	Cg006G223230
OG0015701	g50254	Cg006G223130
OG0015702	g27538	Cg006G222960
OG0015703	g50271	Cg006G222950
OG0015704	g27542	Cg006G222890
OG0015706	g32061	Cg006G222670
OG0015707	g32103	Cg006G222450
OG0015708	g32087	Cg006G222000
OG0015709	g32083	Cg006G221920
OG0015710	g32079	Cg006G221840
OG0015711	g49560	Cg006G239170
OG0015712	g32145	Cg006G221040
OG0015713	g32149	Cg006G220920
OG0015714	g32162	Cg006G220720
OG0015715	g44779	Cg007G269360
OG0015716	g32173	Cg006G220530
OG0015717	g45757	Cg007G269010
OG0015718	g50371	Cg006G220370
OG0015719	g32195	Cg006G220260
OG0015720	g32201	Cg006G220120
OG0015721	g32230	Cg006G219770
OG0015722	g50399	Cg006G219530
OG0015723	g27621	Cg006G219500
OG0015724	g31894	Cg006G225920
OG0015725	g53933	Cg006G204200
OG0015726	g28142	Cg006G204180
OG0015727	g32284	Cg006G219140
OG0015728	g47493	Cg001G016680
OG0015729	g47499	Cg001G016610
OG0015730	g17217	Cg001G016530
OG0015731	g17207	Cg001G016390
OG0015732	g23832	Cg001G016320
OG0015733	g23826	Cg001G016230
OG0015734	g38329	Cg005G188130
OG0015735	g17200	Cg001G016140
OG0015736	g47519	Cg001G016100
OG0015737	g47524	Cg001G016040
OG0015738	g23819	Cg001G016030
OG0015739	g23811	Cg001G015920
OG0015740	g23801	Cg001G015750
OG0015741	g23792	Cg001G015700
OG0015742	g23779	Cg001G015520
OG0015743	g47544	Cg001G015430
OG0015745	g17165	Cg001G015330
OG0015747	g28353	Cg003G098430
OG0015748	g49686	Cg006G237580
OG0015749	g23608	Cg001G012860
OG0015750	g47642	Cg001G012940
OG0015751	g36876	Cg005G188370
OG0015752	g38356	Cg005G189180
OG0015753	g51032	Cg005G189120
OG0015754	g38368	Cg005G189810
OG0015755	g38410	Cg005G190880
OG0015756	g38425	Cg005G191120
OG0015757	g38432	Cg005G191230
OG0015758	g38434	Cg005G191330
OG0015759	g38438	Cg005G191430
OG0015760	g47646	Cg001G012840
OG0015761	g38448	Cg005G191640
OG0015762	g38458	Cg005G191870
OG0015763	g38484	Cg005G192200
OG0015764	g19155	Cg002G052190
OG0015765	g50897	Cg005G192380
OG0015767	g38512	Cg005G192940
OG0015768	g38513	Cg005G192950
OG0015769	g38521	Cg005G193130
OG0015770	g50877	Cg005G193210
OG0015771	g38527	Cg005G193320
OG0015773	g50848	Cg005G193900
OG0015774	g50846	Cg005G193920
OG0015775	g45706	Cg013G330190
OG0015776	g27275	Cg006G231380
OG0015777	g31525	Cg006G231530
OG0015778	g27263	Cg006G231640
OG0015779	g31517	Cg006G231650
OG0015780	g31514	Cg006G231670
OG0015781	g31509	Cg006G231760
OG0015782	g31491	Cg006G231940
OG0015783	g27254	Cg006G231990
OG0015784	g49894	Cg006G232140
OG0015785	g49898	Cg006G232090
OG0015786	g31475	Cg006G232290
OG0015787	g31464	Cg006G232410
OG0015788	g27213	Cg006G232690
OG0015790	g49869	Cg006G232740
OG0015791	g31419	Cg006G232950
OG0015792	g31398	Cg006G233300
OG0015793	g31392	Cg006G233360
OG0015794	g49822	Cg006G233420
OG0015795	g31384	Cg006G233480
OG0015796	g31379	Cg006G233540
OG0015797	g31372	Cg006G233640
OG0015798	g49814	Cg006G233630
OG0015799	g31352	Cg006G233790
OG0015801	g31327	Cg006G234270
OG0015802	g27157	Cg006G234430
OG0015803	g40942	Cg007G248740
OG0015804	g27154	Cg006G234570
OG0015805	g27145	Cg006G234740
OG0015806	g49756	Cg006G235060
OG0015807	g49752	Cg006G235140
OG0015808	g31278	Cg006G235160
OG0015809	g31270	Cg006G235270
OG0015810	g49731	Cg006G235450
OG0015811	g31258	Cg006G235480
OG0015812	g49725	Cg006G235650
OG0015813	g27107	Cg006G235760
OG0015814	g49704	Cg006G236200
OG0015815	g31220	Cg006G236180
OG0015817	g49708	Cg006G236090
OG0015818	g27103	Cg006G235930
OG0015819	g31208	Cg006G236380
OG0015820	g31181	Cg006G236620
OG0015821	g27077	Cg006G236630
OG0015822	g31178	Cg006G236770
OG0015823	g31173, g27064	Cg006G236810
OG0015824	g31169	Cg006G236830
OG0015825	g27061	Cg006G236920
OG0015826	g49641	Cg006G237030
OG0015827	g27050	Cg006G237250
OG0015828	g49665	Cg006G237440
OG0015829	g27044	Cg006G237360
OG0015830	g27020	Cg006G237950
OG0015832	g31079	Cg006G238330
OG0015833	g40604	Cg002G066060
OG0015834	g49569	Cg006G238560
OG0015835	g31057	Cg006G238830
OG0015836	g31042	Cg006G239150
OG0015837	g31039	Cg006G239220
OG0015838	g49558	Cg006G239250
OG0015839	g31009	Cg006G239650
OG0015840	g49554	Cg006G239400
OG0015841	g31027	Cg006G239420
OG0015842	g26990	Cg006G239540
OG0015843	g49549	Cg006G239560
OG0015844	g26979	Cg006G239680
OG0015845	g26978	Cg006G239690
OG0015846	g31006	Cg006G239710
OG0015847	g31000	Cg006G239760
OG0015848	g26964	Cg007G255870, Cg006G240240
OG0015849	g30958	Cg006G240380
OG0015850	g10266	Cg008G312110
OG0015852	g30955	Cg006G240490
OG0015853	g30931	Cg006G240870
OG0015854	g49494	Cg006G240920
OG0015855	g30909	Cg006G241230
OG0015856	g30908	Cg006G241250
OG0015857	g26952	Cg006G241310
OG0015858	g30890	Cg006G241370
OG0015859	g30891	Cg006G241400
OG0015860	g30892	Cg006G241410
OG0015861	g49470	Cg006G241500
OG0015862	g30878	Cg006G241850
OG0015863	g17619	Cg001G025550
OG0015864	g30846	Cg006G242420
OG0015865	g26921	Cg006G242450
OG0015866	g49439	Cg006G242460
OG0015867	g30832	Cg006G242860
OG0015868	g49431	Cg006G242630
OG0015870	g30824	Cg006G242990
OG0015871	g49415	Cg006G243000
OG0015872	g30812	Cg006G243150
OG0015873	g49400	Cg006G243260
OG0015874	g26901	Cg006G243570
OG0015875	g26896	Cg006G243700
OG0015876	g30778	Cg006G243770
OG0015877	g49364	Cg006G243990
OG0015878	g26891	Cg006G243880
OG0015879	g49359	Cg006G244040
OG0015880	g26887	Cg006G244050
OG0015881	g49336	Cg006G244490
OG0015882	g26874	Cg006G244630
OG0015883	g30733	Cg006G245010
OG0015884	g26864	Cg006G245060
OG0015885	g49298	Cg006G245140
OG0015886	g30729	Cg006G245150
OG0015887	g26862	Cg006G245160
OG0015888	g49296	Cg006G245190
OG0015889	g26859	Cg006G245220
OG0015890	g26858	Cg006G245230
OG0015891	g49290	Cg006G245300
OG0015892	g30726	Cg006G245380
OG0015893	g27755	Cg006G245440
OG0015894	g29331	Cg008G294020
OG0015895	g29303	Cg008G294760
OG0015896	g45658	Cg008G294610
OG0015897	g45654	Cg008G294370
OG0015898	g45649	Cg008G294300
OG0015899	g5216	Cg008G294220
OG0015900	g29298	Cg008G294870
OG0015901	g29288	Cg008G294970
OG0015902	g5160	Cg008G295000
OG0015903	g5103	Cg008G295810
OG0015904	g5113	Cg008G295730
OG0015905	g5118	Cg008G295660
OG0015906	g45690	Cg008G295570
OG0015907	g29271	Cg008G295440
OG0015908	g45711	Cg008G296200
OG0015910	g12682	Cg004G117660
OG0015911	g5063	Cg008G296430
OG0015912	g29190	Cg008G296780
OG0015913	g5031	Cg008G296890
OG0015914	g29167	Cg008G297070
OG0015915	g29156	Cg008G297130
OG0015916	g5013	Cg008G297170
OG0015917	g4998	Cg008G297520
OG0015918	g29138	Cg008G297660
OG0015919	g4992	Cg008G297640
OG0015920	g29132	Cg008G297740
OG0015921	g41501	Cg008G297860
OG0015922	g28993	Cg008G297930
OG0015923	g28994	Cg008G297950
OG0015924	g4948	Cg008G298230
OG0015925	g4947	Cg008G298320
OG0015926	g41479	Cg008G298550
OG0015927	g4933	Cg008G298560
OG0015928	g4922	Cg008G298700
OG0015929	g4920	Cg008G298730
OG0015930	g27031	Cg006G237420
OG0015931	g29067	Cg008G299010
OG0015932	g41456, g29072	Cg008G299120
OG0015933	g4904	Cg008G299130
OG0015934	g4902	Cg008G299200
OG0015935	g29096	Cg008G299610
OG0015936	g4865	Cg008G305970
OG0015937	g10115, g4836	Cg008G306270
OG0015939	g4825, g18524	Cg008G306360
OG0015940	g18517	Cg008G306760
OG0015941	g10142	Cg008G306910
OG0015942	g4689	Cg008G307050
OG0015943	g4688	Cg008G307060
OG0015944	g10161	Cg008G307450
OG0015945	g4763	Cg008G308000
OG0015946	g19437	Cg002G058120
OG0015947	g4673	Cg008G308050
OG0015948	g7062	Cg001G014370
OG0015949	g10215	Cg008G309070, Cg008G310710
OG0015950	g10236	Cg008G309640, Cg008G311470
OG0015951	g10263	Cg008G312080
OG0015952	g10277	Cg008G312600
OG0015953	g10271	Cg008G312290
OG0015954	g29158	Cg008G297110
OG0015955	g29652	Cg008G287680
OG0015956	g5582	Cg008G287720
OG0015957	g5239	Cg008G293970
OG0015958	g29334	Cg008G293960
OG0015959	g29657	Cg008G287610
OG0015960	g29673	Cg008G287360
OG0015961	g10298	Cg008G313620
OG0015962	g1258	Cg006G204560
OG0015963	g10294	Cg008G313350
OG0015964	g45452	Cg008G287180
OG0015966	g45446	Cg008G286940
OG0015967	g45443	Cg008G286890
OG0015968	g45442	Cg008G286760
OG0015969	g5616	Cg008G286740
OG0015970	g45440	Cg008G286720
OG0015971	g5626	Cg008G286610
OG0015972	g45432	Cg008G286590
OG0015974	g5628	Cg008G286490
OG0015975	g5629	Cg008G286470
OG0015977	g12148	Cg004G131290
OG0015978	g45418	Cg008G286080
OG0015979	g29742	Cg008G286010
OG0015980	g29748	Cg008G285950
OG0015981	g5661	Cg008G285750
OG0015982	g49989	Cg006G228900
OG0015983	g29784	Cg008G285470
OG0015984	g45405	Cg008G285350
OG0015985	g5689	Cg008G285250
OG0015986	g10095	Cg008G305790
OG0015987	g625	Cg008G305770
OG0015988	g18544	Cg008G305730
OG0015989	g18548, g14919	Cg008G305610
OG0015990	g589	Cg008G304920
OG0015991	g10047	Cg008G304780
OG0015992	g576	Cg008G304570
OG0015993	g567	Cg008G304520
OG0015994	g564	Cg008G304470
OG0015995	g18565	Cg008G304400
OG0015996	g539	Cg008G304030
OG0015997	g541	Cg008G304060
OG0015998	g546	Cg008G304190
OG0015999	g547	Cg008G304200
OG0016001	g9995	Cg008G303730
OG0016002	g9992	Cg008G303530
OG0016003	g9990	Cg008G303490
OG0016004	g501	Cg008G303410
OG0016005	g13535	Cg004G143650
OG0016006	g9970	Cg008G303230
OG0016007	g9968	Cg008G303170
OG0016009	g9952	Cg008G302780
OG0016010	g9939	Cg003G108640
OG0016011	g9938	Cg003G108660
OG0016012	g9937	Cg002G071790
OG0016013	g435	Cg003G108850
OG0016014	g9905	Cg003G109090
OG0016015	g9901	Cg003G109110
OG0016016	g413	Cg003G109310
OG0016017	g9888	Cg003G109400
OG0016018	g384	Cg003G109830
OG0016019	g9873	Cg003G109870
OG0016020	g371	Cg003G110020
OG0016021	g359	Cg003G110120
OG0016022	g18605	Cg003G110130
OG0016023	g348	Cg003G110350
OG0016024	g343	Cg003G110410
OG0016026	g9837	Cg003G110730
OG0016027	g324	Cg003G110820
OG0016028	g9828	Cg003G110900
OG0016029	g1219	Cg003G106360
OG0016030	g1205	Cg003G106200
OG0016031	g1197	Cg003G106130
OG0016032	g1196	Cg003G106120
OG0016033	g1188	Cg003G106060
OG0016034	g1185	Cg003G106020
OG0016035	g28693	Cg003G105820
OG0016036	g1156	Cg003G105800
OG0016037	g19316	Cg002G055520
OG0016038	g11345	Cg002G055590
OG0016039	g19334	Cg002G055760
OG0016040	g2544	Cg002G056090
OG0016041	g2569	Cg002G056400
OG0016042	g19361	Cg002G056440
OG0016043	g2582	Cg002G056480
OG0016044	g2588	Cg002G056680
OG0016045	g19366	Cg002G056780
OG0016046	g19374	Cg002G056870
OG0016047	g19392	Cg002G057140
OG0016048	g19393	Cg002G057220
OG0016049	g2621	Cg002G057270
OG0016050	g548	Cg008G304210
OG0016051	g2628	Cg002G057580
OG0016052	g2646	Cg002G057830
OG0016053	g2674	Cg002G057920
OG0016054	g2675	Cg002G057930
OG0016055	g32418	Cg006G216540
OG0016056	g2711	Cg002G058510
OG0016057	g2717	Cg002G058540
OG0016058	g2718	Cg002G058570
OG0016059	g11390	Cg002G058650, Cg002G058630
OG0016060	g19469	Cg002G058730
OG0016061	g19480	Cg002G058780
OG0016062	g18623	Cg003G110830
OG0016063	g11393	Cg002G058870
OG0016064	g2767	Cg002G058910
OG0016065	g19497	Cg002G058990
OG0016066	g19493	Cg002G059080
OG0016067	g2751	Cg002G059140
OG0016068	g19500	Cg002G059230
OG0016069	g19503	Cg002G059350
OG0016070	g19508	Cg002G059420
OG0016071	g2732	Cg002G059430
OG0016072	g2772	Cg002G059630
OG0016073	g2776	Cg002G059670
OG0016074	g19515	Cg002G059680
OG0016075	g2780	Cg002G059690
OG0016076	g2785	Cg002G059740
OG0016077	g2811	Cg002G060060
OG0016078	g2818	Cg002G060200
OG0016079	g11420	Cg002G060260
OG0016080	g2871	Cg002G060700
OG0016081	g2941	Cg002G061490
OG0016082	g2987	Cg002G062030
OG0016083	g2992	Cg002G062090
OG0016084	g3208, g19607	Cg002G063570
OG0016085	g36968	Cg002G064580
OG0016086	g11508	Cg002G064660
OG0016087	g19619	Cg002G064820
OG0016088	g5023	Cg002G064850
OG0016089	g11518	Cg002G072660
OG0016090	g11523	Cg002G066290
OG0016091	g49382	Cg006G243780
OG0016092	g41574	Cg007G268300
OG0016093	g44900	Cg007G267410
OG0016094	g41577	Cg007G268080
OG0016095	g44852	Cg007G268330
OG0016096	g44875	Cg007G267880
OG0016097	g44824	Cg007G268840
OG0016098	g44797	Cg007G269060
OG0016099	g7305	Cg004G128240
OG0016100	g44814	Cg007G268920
OG0016101	g44788	Cg007G269160
OG0016103	g45767	Cg007G269230
OG0016104	g45770	Cg007G269300
OG0016105	g45771	Cg007G269310
OG0016106	g44775	Cg007G269750
OG0016107	g45792	Cg007G269560
OG0016109	g44758, g45802	Cg007G269850
OG0016110	g44757	Cg007G269860
OG0016111	g44750	Cg007G269980
OG0016112	g44717	Cg007G270280
OG0016113	g18014	Cg007G270410
OG0016114	g45828	Cg007G270490
OG0016115	g45830	Cg007G270610
OG0016116	g45835	Cg007G270670
OG0016117	g18542	Cg008G305850
OG0016118	g18010	Cg007G271080
OG0016119	g45872	Cg007G271110
OG0016120	g45882	Cg007G271270
OG0016121	g45883	Cg007G271370
OG0016122	g45904	Cg007G271620
OG0016123	g45906	Cg007G271640
OG0016124	g45913	Cg007G271760
OG0016125	g45914	Cg007G271790
OG0016126	g45918	Cg007G271830
OG0016127	g45926	Cg007G271920
OG0016128	g44650	Cg007G271990
OG0016130	g45933	Cg007G272070
OG0016131	g44644	Cg007G272080
OG0016132	g45940	Cg007G272110
OG0016133	g45942	Cg007G272120
OG0016134	g44635	Cg007G272160
OG0016135	g45946	Cg007G272180
OG0016136	g44619	Cg007G272490
OG0016137	g46421	Cg007G278760
OG0016138	g46404	Cg007G278650
OG0016139	g46402	Cg007G278620
OG0016140	g46396	Cg007G278550
OG0016141	g46379	Cg007G278290
OG0016143	g44362	Cg007G278090
OG0016146	g44378	Cg007G277550
OG0016147	g46316	Cg007G277410, Cg007G277420
OG0016148	g46304	Cg007G277340
OG0016149	g46301	Cg007G277260
OG0016150	g44394	Cg007G277210
OG0016151	g45136	Cg004G144910
OG0016152	g46277	Cg007G277140
OG0016153	g46275	Cg007G277120
OG0016154	g46269	Cg007G277060
OG0016155	g46268	Cg007G277050
OG0016156	g46260	Cg007G276880
OG0016158	g46252, g44410	Cg007G276760
OG0016159	g46249	Cg007G276710
OG0016160	g44420	Cg007G276440
OG0016161	g46223	Cg007G276210
OG0016162	g46221	Cg007G276190
OG0016163	g46216	Cg007G276130
OG0016164	g53964	Cg006G203490
OG0016165	g46204	Cg007G276010
OG0016166	g44456	Cg007G275990
OG0016167	g44464	Cg007G275950
OG0016168	g44471	Cg007G275750
OG0016169	g44481	Cg007G275560
OG0016170	g46178	Cg007G275470
OG0016171	g44495	Cg007G275390
OG0016172	g46171	Cg007G275350
OG0016173	g46168	Cg007G275260
OG0016174	g44512	Cg007G275160
OG0016175	g44513	Cg007G275110
OG0016176	g17981	Cg007G275100
OG0016177	g46149	Cg007G275040
OG0016178	g46146	Cg007G275000
OG0016179	g44536	Cg007G274770
OG0016180	g46135	Cg007G274760
OG0016181	g44539	Cg007G274710
OG0016182	g46115	Cg007G274510
OG0016183	g44553	Cg007G274430
OG0016185	g46082	Cg007G274060
OG0016186	g44571	Cg007G273820
OG0016187	g46061	Cg007G273780
OG0016188	g46060	Cg007G273760
OG0016189	g46045	Cg007G273600
OG0016190	g46034	Cg007G273580
OG0016191	g46031	Cg007G273550
OG0016192	g46030	Cg007G273530
OG0016193	g46028	Cg007G273500
OG0016194	g44584	Cg007G273430
OG0016195	g46010	Cg007G273160
OG0016196	g46003	Cg007G273010
OG0016197	g46001	Cg007G272980
OG0016198	g45999	Cg007G272960
OG0016199	g46477	Cg007G279460
OG0016201	g46488	Cg007G279580
OG0016202	g46491	Cg007G279610
OG0016203	g44347	Cg007G279660
OG0016205	g44316	Cg007G280210
OG0016206	g13601	Cg007G280360
OG0016207	g46544	Cg007G280470
OG0016209	g46594	Cg007G281340
OG0016210	g44272	Cg007G281440
OG0016211	g46596	Cg007G281460
OG0016212	g46601	Cg007G281510
OG0016213	g46608	Cg007G281660
OG0016214	g44265	Cg007G281750
OG0016215	g44267	Cg007G281800
OG0016216	g44268	Cg007G281810
OG0016217	g45244	Cg007G281820
OG0016218	g7282	Cg004G128530
OG0016219	g12256	Cg004G128700
OG0016220	g13153	Cg004G128910
OG0016221	g12249	Cg004G128960
OG0016222	g7231	Cg004G129410
OG0016223	g7222	Cg004G147300, Cg004G129550
OG0016224	g7221	Cg004G129570
OG0016225	g12216	Cg004G129670
OG0016226	g13206	Cg004G129970
OG0016227	g7184	Cg004G130290
OG0016228	g13223	Cg004G130870
OG0016229	g7139	Cg004G130990
OG0016230	g12152	Cg004G131220
OG0016231	g7082	Cg004G131770
OG0016232	g12135	Cg004G131900
OG0016233	g12111	Cg004G132110
OG0016234	g7050	Cg004G132280
OG0016235	g7049	Cg004G132310
OG0016236	g7037	Cg004G132570
OG0016237	g12093	Cg004G132640
OG0016238	g12092	Cg004G132650
OG0016239	g7024	Cg004G132660
OG0016240	g7019	Cg004G132690
OG0016242	g12081	Cg004G132990
OG0016243	g6995	Cg004G133210
OG0016244	g12063	Cg004G133360
OG0016245	g6986, g13272	Cg004G133370
OG0016246	g12062	Cg004G133410
OG0016247	g6982	Cg004G133450
OG0016248	g12060	Cg004G133480
OG0016250	g6948	Cg004G133900
OG0016251	g13286	Cg004G133990
OG0016252	g12044	Cg004G134020
OG0016253	g6934	Cg004G134110
OG0016255	g12028	Cg004G134500
OG0016256	g12023	Cg004G134570
OG0016257	g6907	Cg004G134620
OG0016258	g6902	Cg004G134680
OG0016259	g6881	Cg004G135030
OG0016260	g6869	Cg004G135180
OG0016261	g11996	Cg004G135330
OG0016262	g6852	Cg004G135560
OG0016264	g6830	Cg004G135780
OG0016265	g6821	Cg004G135860
OG0016266	g6785	Cg004G136370
OG0016267	g6784	Cg004G136390
OG0016268	g6778	Cg004G136480
OG0016269	g11951	Cg004G136570
OG0016270	g11950	Cg004G136580
OG0016271	g11945	Cg004G136690
OG0016272	g11914	Cg004G137360
OG0016273	g44208	Cg007G248220
OG0016274	g13369	Cg004G137590
OG0016275	g6710	Cg004G137610
OG0016276	g11896	Cg004G137690
OG0016277	g11700	Cg004G142660
OG0016278	g6662	Cg004G138610
OG0016279	g13389	Cg004G138480
OG0016280	g11868	Cg004G138390
OG0016281	g13405	Cg004G139190
OG0016282	g11834	Cg004G139430
OG0016283	g6583	Cg004G139670
OG0016284	g6548	Cg004G140530
OG0016285	g6542	Cg004G140680
OG0016286	g13468	Cg004G140950
OG0016287	g13480	Cg004G141590
OG0016288	g6470	Cg004G141770
OG0016289	g11731	Cg004G141790
OG0016290	g11729	Cg004G141820
OG0016291	g6452	Cg004G142340
OG0016292	g11707	Cg004G142470
OG0016293	g11706	Cg004G142540
OG0016294	g51051	Cg005G187790
OG0016295	g6434	Cg004G142850
OG0016296	g11685	Cg004G142790
OG0016297	g6420	Cg004G142950
OG0016298	g6382	Cg004G143370
OG0016299	g6396	Cg004G143240
OG0016300	g11648	Cg004G144530
OG0016301	g13549	Cg004G144030
OG0016302	g17495	Cg004G146780
OG0016303	g885	Cg003G099360
OG0016304	g6226	Cg004G147930
OG0016305	g13595	Cg004G146510
OG0016306	g11620	Cg004G145700
OG0016307	g14690	Cg004G147900
OG0016308	g13663	Cg004G147040
OG0016309	g6218	Cg004G148070
OG0016310	g13671	Cg004G148170
OG0016311	g14487	Cg004G148180
OG0016312	g14464	Cg004G148200
OG0016313	g13674	Cg004G148250
OG0016314	g13675	Cg004G148260
OG0016315	g6201	Cg004G148350
OG0016316	g14425	Cg004G148380
OG0016317	g13680	Cg004G148470
OG0016318	g6197	Cg004G148750
OG0016319	g46927	Cg001G033080
OG0016320	g6181	Cg004G150530, Cg004G149600
OG0016321	g6172	Cg004G150920, Cg004G149740
OG0016322	g6164	Cg004G149860, Cg004G150840
OG0016323	g13688	Cg004G150800, Cg004G149930
OG0016324	g6163	Cg004G149940, Cg004G150790
OG0016326	g14197	Cg004G152240
OG0016327	g14087	Cg004G152550
OG0016328	g14074	Cg004G152700
OG0016329	g13714	Cg004G152740
OG0016330	g14046	Cg004G153000
OG0016331	g6109	Cg004G153100
OG0016332	g13746	Cg004G153710
OG0016333	g13988	Cg004G154050
OG0016334	g6033	Cg004G154070
OG0016335	g13982	Cg004G154220
OG0016336	g13952	Cg004G154720
OG0016337	g6009	Cg004G154560
OG0016339	g6017	Cg004G154450
OG0016340	g13974	Cg004G154360
OG0016341	g5988	Cg004G155100
OG0016342	g13924	Cg004G151560, Cg001G035660
OG0016343	g13915	Cg004G155650
OG0016344	g5964	Cg004G155690
OG0016345	g13900	Cg004G156020
OG0016346	g5944	Cg004G156190
OG0016347	g13875	Cg004G156210
OG0016348	g5938	Cg004G156330
OG0016349	g5933	Cg004G156470
OG0016350	g13864	Cg004G156480
OG0016351	g5919	Cg004G156610
OG0016353	g5890	Cg004G157140
OG0016354	g13837	Cg004G157320
OG0016355	g54368	Cg006G194400
OG0016356	g54367	Cg006G194430
OG0016357	g54364	Cg006G194500
OG0016358	g54307	Cg006G194570
OG0016359	g54316	Cg006G194690
OG0016360	g36720	Cg006G194760
OG0016361	g54324	Cg006G194920
OG0016362	g36699	Cg006G195060
OG0016363	g36694	Cg006G195140
OG0016364	g12215	Cg004G129760
OG0016365	g54351	Cg006G195430
OG0016366	g12198	Cg004G130260
OG0016368	g28001	Cg006G195920
OG0016369	g36617	Cg006G196400
OG0016370	g36606	Cg006G196540
OG0016371	g54281	Cg006G196700
OG0016372	g36584	Cg006G196930
OG0016373	g36583	Cg006G196940
OG0016374	g54273	Cg006G196970
OG0016375	g54267	Cg006G197140
OG0016376	g36578	Cg006G197180
OG0016377	g54264	Cg006G197280
OG0016379	g36561	Cg006G197440
OG0016380	g36558	Cg006G197500
OG0016381	g36557	Cg006G197520
OG0016382	g54252	Cg006G197530
OG0016383	g54197	Cg006G198850
OG0016384	g28046	Cg006G198660
OG0016385	g36486	Cg006G198650
OG0016386	g28041	Cg006G198490
OG0016387	g36495	Cg006G198380
OG0016388	g3855, g36503	Cg006G198310
OG0016389	g36504	Cg006G198300
OG0016390	g36456	Cg006G199120
OG0016391	g54208	Cg006G199160
OG0016392	g54178	Cg006G199210
OG0016393	g54162	Cg006G199570
OG0016394	g36420	Cg006G199660
OG0016395	g36417	Cg006G199690
OG0016396	g36416	Cg006G199720
OG0016397	g28066	Cg006G199770
OG0016398	g54135	Cg006G200140
OG0016400	g54133	Cg006G200180
OG0016401	g36396	Cg006G200190
OG0016403	g28082	Cg006G200360
OG0016404	g36329	Cg006G201330
OG0016406	g54075	Cg006G201500
OG0016407	g54070	Cg006G201580
OG0016408	g54051	Cg006G201690
OG0016409	g54044	Cg006G201760
OG0016410	g54042	Cg006G201780
OG0016411	g54038	Cg006G201800
OG0016412	g36276	Cg006G201920
OG0016413	g47149	Cg001G024960
OG0016414	g24390, g47137	Cg001G025100
OG0016415	g24401, g17608	Cg001G025250
OG0016416	g17621	Cg001G025560
OG0016418	g24423	Cg001G025590
OG0016419	g51469	Cg005G171850
OG0016420	g32473	Cg006G215890
OG0016422	g11340	Cg002G054920
OG0016423	g2436	Cg002G054800
OG0016424	g19276	Cg002G054580
OG0016425	g2415	Cg002G054500
OG0016426	g11328	Cg002G054280
OG0016427	g19230	Cg002G054150
OG0016428	g19229	Cg002G054140
OG0016429	g19227	Cg002G054120
OG0016430	g2384	Cg002G053530
OG0016431	g7609	Cg004G123620
OG0016432	g31728	Cg006G228220
OG0016433	g19200	Cg002G053180
OG0016434	g2323	Cg002G052620
OG0016436	g2454	Cg002G055010
OG0016437	g2444	Cg002G054950
OG0016438	g19292	Cg002G055050
OG0016439	g11342	Cg002G055100
OG0016440	g11344	Cg002G055220
OG0016441	g50296	Cg006G222380
OG0016442	g19297	Cg002G055240
OG0016443	g2465, g19296	Cg002G055230
OG0016444	g2285	Cg002G052080
OG0016445	g19147	Cg002G051940
OG0016446	g2264	Cg002G051730
OG0016447	g2243	Cg002G051680
OG0016448	g2245	Cg002G051660
OG0016449	g2218	Cg002G051190
OG0016450	g2215	Cg002G051150
OG0016451	g2211	Cg002G051080
OG0016452	g2172	Cg002G050290
OG0016453	g2168	Cg002G050190
OG0016454	g2162	Cg002G050080
OG0016455	g2159	Cg002G050050
OG0016456	g2146	Cg002G049910
OG0016457	g2135	Cg002G049640
OG0016459	g19006	Cg002G049390
OG0016460	g11256	Cg002G049240
OG0016461	g2082	Cg002G049120
OG0016462	g2113	Cg002G048770
OG0016463	g2117	Cg002G048730
OG0016464	g2120	Cg002G048690
OG0016465	g24775	Cg002G048520
OG0016466	g18976	Cg002G048460
OG0016467	g2130	Cg002G048450
OG0016468	g2049	Cg002G048300
OG0016469	g2278	Cg002G051980
OG0016470	g11210	Cg002G047890
OG0016471	g1979	Cg002G047880
OG0016472	g18948	Cg002G047810
OG0016473	g1999	Cg002G047510
OG0016474	g2019	Cg002G047110
OG0016475	g18885	Cg002G046980
OG0016476	g1966	Cg002G046810
OG0016477	g6359	Cg004G144870
OG0016478	g18876	Cg002G046650
OG0016479	g1947	Cg002G046610
OG0016480	g18843	Cg002G046440
OG0016481	g18832	Cg002G046260
OG0016482	g18817, g1907	Cg002G046090
OG0016483	g1886	Cg002G045770
OG0016484	g18687	Cg002G045590
OG0016485	g1862	Cg002G045330
OG0016486	g1857	Cg002G045240
OG0016487	g11166	Cg002G045190
OG0016488	g1833	Cg002G045080
OG0016489	g11162	Cg002G044900
OG0016490	g1808	Cg002G044790
OG0016492	g1767	Cg002G044410
OG0016493	g18684	Cg002G044280
OG0016494	g18685	Cg002G044270
OG0016495	g18731	Cg002G043890
OG0016496	g1746	Cg002G043930
OG0016498	g11147	Cg002G043620
OG0016499	g18764	Cg002G043590
OG0016500	g18779	Cg002G043440
OG0016501	g18781	Cg002G043420
OG0016502	g18782	Cg002G043410
OG0016503	g18783	Cg002G043400
OG0016505	g18701	Cg002G043290
OG0016506	g18705	Cg002G043250
OG0016507	g18707	Cg002G043230
OG0016508	g18709	Cg002G043190
OG0016509	g18710	Cg002G043180
OG0016510	g27976	Cg006G194240
OG0016511	g36571	Cg006G197320
OG0016513	g24414	Cg001G025480
OG0016514	g43965, g53115, g43189	Cg001G035380
OG0016515	g24722	Cg001G029990
OG0016517	g2385	Cg002G053620
OG0016518	g2330	Cg002G052740
OG0016519	g11239	Cg002G048510
OG0016520	g2050, g11223	Cg002G048350
OG0016521	g10292	Cg008G306470
OG0016522	g1967	Cg002G046860
OG0016523	g38446	Cg005G191620
OG0016524	g1924	Cg002G046300
OG0016525	g1876	Cg002G045610
OG0016527	g24371, g24362	Cg001G024890
OG0016528	g16720	Cg008G323120
OG0016530	g10839, g40724	Cg008G325350
OG0016531	g40515	Cg008G321370
OG0016533	g51492	Cg005G171600
OG0016535	g37262	Cg005G168070
OG0016538	g37811, g28002	Cg005G191800
OG0016539	g44363	Cg007G278070
OG0016540	g25140	Cg001G033880
OG0016541	g23629	Cg001G013170
OG0016542	g16914	Cg001G007490
OG0016543	g1412	Cg003G095400, Cg016G334210
OG0016544	g40956	Cg001G006610, Cg001G006660
OG0016545	g18378	Cg001G000140
OG0016546	g49347	Cg006G244300
OG0016548	g49519	Cg006G240340
OG0016549	g31054	Cg006G238860
OG0016550	g31143, g49653	Cg006G237160
OG0016552	g49728	Cg006G235590
OG0016553	g31304	Cg006G234720
OG0016555	g49797	Cg006G233890
OG0016559	g31712	Cg006G228450
OG0016560	g31733	Cg006G228160
OG0016561	g31880	Cg006G226250
OG0016562	g27464	Cg006G225420
OG0016564	g41543	Cg007G268640
OG0016565	g44878	Cg007G267770
OG0016566	g44181	Cg007G248900
OG0016568	g36999	Cg003G087460
OG0016569	g6506	Cg004G141390
OG0016570	g7106	Cg004G131540
OG0016571	g13121	Cg004G127410
OG0016572	g7409	Cg004G126560
OG0016573	g7462	Cg004G125470
OG0016575	g12503	Cg004G122150
OG0016577	g5809	Cg008G282760
OG0016578	g5701	Cg008G284910
OG0016580	g5593	Cg008G287340
OG0016581	g29664	Cg008G287480
OG0016582	g29642	Cg008G288000
OG0016585	g50708	Cg006G212040
OG0016586	g27795	Cg006G212900
OG0016587	g47460	Cg001G017370
OG0016588	g17316	Cg001G019050
OG0016589	g53931	Cg006G204110
OG0016591	g24290	Cg001G023850
OG0016592	g32306	Cg006G218750
OG0016594	g39826	Cg005G174790
OG0016595	g51230	Cg005G175800
OG0016596	g51219	Cg005G176130
OG0016597	g40097	Cg005G180160
OG0016598	g5529	Cg008G288730
OG0016600	g29519	Cg008G290530
OG0016601	g29455	Cg008G291630
OG0016602	g29390	Cg008G293030
OG0016603	g5260	Cg008G293730
OG0016605	g10124	Cg008G306540
OG0016606	g10244	Cg008G311610
OG0016607	g10246	Cg008G309910, Cg008G311720
OG0016609	g19455, g19443	Cg002G057960
OG0016610	g32124	Cg006G221460
OG0016611	g28690	Cg003G105780
OG0016612	g28741	Cg003G107120
OG0016613	g560	Cg008G304390
OG0016616	g32206	Cg006G220040
OG0016617	g50416	Cg006G219080
OG0016619	g28065	Cg006G199740
OG0016625	g14000	Cg004G153900
OG0016626	g43565	Cg005G192010
OG0016627	g38370, g38378, g38374	Cg005G189840
OG0016628	g51035, g51047, g50672	Cg005G187920
OG0016630	g2735	Cg002G059360
OG0016631	g19375	Cg002G056880
OG0016632	g19368	Cg002G056820
OG0016635	g25548	Cg003G093910, Cg003G080080
OG0016636	g25367	Cg014G333080, Cg003G076490
OG0016638	g23915	Cg001G017830
OG0016639	g12313	Cg004G127450
OG0016639	g12314	Cg003G103870
OG0016657	g23569	Cg001G012380
OG0016658	g47669	Cg001G012130
OG0016659	g17043	Cg001G012100
OG0016660	g17042	Cg001G012080
OG0016661	g23549	Cg001G012030
OG0016662	g23527	Cg001G011710
OG0016663	g23506	Cg001G011420
OG0016664	g23487	Cg001G011300
OG0016665	g47711	Cg001G010750
OG0016666	g16993	Cg001G010510
OG0016667	g23438	Cg001G010440
OG0016668	g23433	Cg001G010430
OG0016669	g16957	Cg001G009240
OG0016670	g23333	Cg001G009200
OG0016671	g23299	Cg001G008650
OG0016672	g16920	Cg001G008000
OG0016673	g23243	Cg001G007560
OG0016677	g18163	Cg001G006770
OG0016679	g23118	Cg001G006060
OG0016681	g23057	Cg001G005480
OG0016682	g50579	Cg006G215130
OG0016683	g32526	Cg006G214790
OG0016684	g50598	Cg006G214730
OG0016685	g27737	Cg006G214710
OG0016687	g32609	Cg006G213740
OG0016688	g17925	Cg001G033240
OG0016690	g43899	Cg007G256010
OG0016691	g43954, g43920	Cg002G049820, Cg007G254490
OG0016692	g41119	Cg007G254320
OG0016693	g41106	Cg007G253770
OG0016694	g1714	Cg007G252220
OG0016697	g41052	Cg007G251590
OG0016698	g41430, g41033	Cg007G250860
OG0016699	g44125	Cg007G250580
OG0016700	g44126	Cg007G250570
OG0016701	g41023	Cg007G250550
OG0016702	g41006	Cg007G249820
OG0016704	g44207	Cg007G248430
OG0016706	g10745	Cg002G074950
OG0016707	g10738	Cg002G074840
OG0016708	g10708	Cg002G074460
OG0016709	g16693	Cg002G074030
OG0016710	g1531	Cg002G074020
OG0016712	g10629	Cg002G073220
OG0016714	g10590	Cg002G072680
OG0016715	g10569	Cg002G072170
OG0016716	g10554	Cg002G071990
OG0016717	g10464	Cg002G070670
OG0016718	g10451	Cg002G068590
OG0016720	g10413	Cg002G069170
OG0016721	g10358	Cg002G067800
OG0016722	g6489	Cg004G141600
OG0016723	g10352	Cg002G067640
OG0016725	g41799	Cg007G266960
OG0016726	g44940	Cg007G266850
OG0016727	g44971	Cg007G266460
OG0016728	g44978	Cg007G265700
OG0016729	g45003	Cg007G265490
OG0016730	g45043	Cg007G264800
OG0016731	g45069	Cg007G263380
OG0016732	g45072	Cg007G263070
OG0016734	g18064	Cg007G261480
OG0016735	g45115	Cg007G261050
OG0016736	g18067	Cg007G259220
OG0016737	g41101	Cg007G253420
OG0016738	g43628	Cg007G258310
OG0016739	g40734	Cg007G245510
OG0016740	g40737	Cg007G245550
OG0016741	g40766	Cg007G245850
OG0016742	g40874	Cg007G247510
OG0016743	g40883	Cg007G247620
OG0016744	g40918	Cg007G248020
OG0016745	g44215	Cg007G248150
OG0016746	g40921	Cg007G248080
OG0016747	g7304	Cg004G128250
OG0016748	g23736	Cg001G014970
OG0016749	g23720	Cg001G014640
OG0016750	g23719	Cg001G014600
OG0016751	g23715	Cg001G014570
OG0016752	g38145	Cg005G165350
OG0016754	g7485	Cg004G125170
OG0016756	g7469	Cg004G125380
OG0016758	g5740	Cg008G284070
OG0016759	g12386	Cg004G125640
OG0016760	g13085	Cg004G126010
OG0016761	g13105	Cg004G126290
OG0016763	g45524	Cg008G290340
OG0016764	g13119	Cg004G127200
OG0016765	g6243	Cg004G147740
OG0016766	g264	Cg003G111740
OG0016767	g25982	Cg003G088610
OG0016770	g28258	Cg003G090370, Cg003G095850
OG0016771	g28274	Cg003G090650, Cg003G096200
OG0016772	g1349	Cg003G097350
OG0016773	g28305	Cg003G097500
OG0016774	g1325	Cg003G098270
OG0016775	g1323	Cg003G098290
OG0016776	g28352	Cg003G098350
OG0016777	g1315	Cg003G098400
OG0016778	g869	Cg003G098800
OG0016779	g28363	Cg003G098880
OG0016780	g28387	Cg003G099470
OG0016781	g28389	Cg003G099490
OG0016782	g902	Cg003G099860
OG0016783	g923	Cg003G100380
OG0016784	g39379	Cg003G102470
OG0016785	g1034	Cg003G103140
OG0016786	g1063	Cg003G103620
OG0016787	g39343	Cg003G104070
OG0016788	g1085	Cg003G104320
OG0016789	g28604	Cg003G104660
OG0016790	g39306	Cg003G105030
OG0016791	g1110	Cg003G105090
OG0016792	g39286	Cg003G105500
OG0016793	g5311	Cg008G292810
OG0016794	g29436	Cg008G292020
OG0016795	g29446	Cg008G291890
OG0016796	g5378	Cg008G291760
OG0016797	g29456	Cg008G291610
OG0016798	g45557	Cg008G291440
OG0016799	g5395	Cg008G291340
OG0016800	g45550	Cg008G291280
OG0016801	g29485	Cg008G291150
OG0016802	g29496	Cg008G290920
OG0016803	g5420	Cg008G290730
OG0016805	g29522	Cg008G290490
OG0016806	g5436	Cg008G290360
OG0016808	g5466	Cg008G289710
OG0016809	g45509	Cg008G289640
OG0016810	g45507	Cg008G289600
OG0016812	g29590	Cg008G289120
OG0016815	g29603	Cg008G288790
OG0016816	g5548	Cg008G288190
OG0016817	g24212	Cg001G022730
OG0016818	g17490	Cg001G022680
OG0016819	g17481	Cg001G022540
OG0016821	g17448	Cg001G021670
OG0016822	g24140	Cg001G021450
OG0016823	g24130	Cg001G021320
OG0016824	g24118	Cg001G021060
OG0016825	g47334	Cg001G020610
OG0016826	g17386	Cg001G020590
OG0016828	g24056	Cg001G020340
OG0016829	g47360	Cg001G019980
OG0016830	g24030	Cg001G019810
OG0016831	g17335	Cg001G019520
OG0016832	g47395	Cg001G019300
OG0016835	g27802	Cg006G212020
OG0016836	g32734	Cg006G210880
OG0016837	g32743	Cg006G210760
OG0016838	g27866	Cg006G210340
OG0016839	g32852	Cg006G210080
OG0016840	g53615	Cg006G209040
OG0016842	g35967, g53929	Cg006G204090
OG0016843	g28218	Cg006G205620
OG0016844	g28235	Cg006G206590
OG0016845	g28671	Cg003G105510
OG0016846	g36248	Cg006G202490, Cg006G202580
OG0016847	g54002	Cg006G202790
OG0016848	g28121	Cg006G202950
OG0016849	g28122	Cg006G203000
OG0016850	g50423	Cg006G218990
OG0016851	g50422	Cg006G219000
OG0016852	g36182	Cg006G204410
OG0016853	g32304	Cg006G218790
OG0016854	g50429	Cg006G218960
OG0016855	g27654	Cg006G218290
OG0016856	g27655	Cg006G218270
OG0016857	g27657	Cg006G218110
OG0016858	g50493	Cg006G217840
OG0016859	g50513	Cg006G216980
OG0016861	g51048	Cg005G187910
OG0016862	g51049	Cg005G187900
OG0016863	g32415	Cg006G216640
OG0016864	g50518	Cg006G216600
OG0016866	g50543	Cg006G215920
OG0016867	g32476	Cg006G215820
OG0016868	g50557	Cg006G215680
OG0016869	g22988	Cg001G004630
OG0016871	g22967	Cg001G004320
OG0016873	g22901	Cg001G003400
OG0016874	g27074	Cg001G003220
OG0016875	g22867	Cg001G003000
OG0016876	g38478	Cg005G192070
OG0016877	g22793	Cg001G002120
OG0016878	g22769	Cg001G001860
OG0016880	g22728	Cg001G001520
OG0016881	g22717	Cg001G001420
OG0016882	g22715	Cg001G001390
OG0016883	g22692	Cg001G000990
OG0016884	g18317, g22675	Cg001G000820
OG0016886	g18336	Cg001G000570
OG0016888	g18355	Cg001G000360
OG0016889	g18372	Cg001G000210
OG0016890	g18379	Cg001G000130
OG0016892	g17895	Cg001G032890
OG0016893	g46855	Cg001G034130, Cg001G029960
OG0016894	g25064	Cg001G034960
OG0016895	g46786	Cg001G036500
OG0016896	g46784	Cg001G036670
OG0016897	g16896	Cg001G039350
OG0016898	g16895	Cg001G039360
OG0016899	g16894	Cg001G039410
OG0016901	g16875	Cg001G040330
OG0016903	g31239	Cg006G235810
OG0016904	g7937	Cg004G116400
OG0016905	g19580	Cg002G061350
OG0016906	g32541	Cg006G214370
OG0016907	g40203	Cg003G087850
OG0016908	g40212	Cg003G087570
OG0016909	g2798	Cg002G059830
OG0016911	g51390	Cg005G172870
OG0016912	g37067	Cg005G173000
OG0016913	g37064	Cg008G318830
OG0016915	g37038	Cg008G314300
OG0016916	g36980	Cg008G307160
OG0016918	g25842	Cg003G084440
OG0016919	g25840	Cg003G084310
OG0016921	g40372	Cg003G082400
OG0016923	g40419	Cg003G080960
OG0016927	g40470	Cg003G079850, Cg003G094170
OG0016928	g49692	Cg006G237690
OG0016929	g11051	Cg008G320900
OG0016931	g12184	Cg004G130480
OG0016933	g5777	Cg008G325170
OG0016934	g40716	Cg008G325230
OG0016935	g10885	Cg008G324850
OG0016936	g40727	Cg001G034340
OG0016938	g40705	Cg008G325040
OG0016941	g6367	Cg004G143570
OG0016942	g13532	Cg004G143590
OG0016944	g11634	Cg004G145600
OG0016945	g46866	Cg001G033630
OG0016947	g24838	Cg001G031040
OG0016948	g24785	Cg001G030430
OG0016949	g47003	Cg001G029330
OG0016950	g24609	Cg006G208430
OG0016952	g24564	Cg001G028140
OG0016953	g24497	Cg001G026950
OG0016954	g24496	Cg001G026930
OG0016955	g24494	Cg001G026910
OG0016957	g17685	Cg001G026640
OG0016958	g24455	Cg001G026030
OG0016959	g46687	Cg001G040360
OG0016960	g46685	Cg001G040380
OG0016961	g11	Cg003G115820
OG0016962	g46671	Cg001G041140
OG0016963	g16831	Cg001G041380
OG0016966	g46636	Cg001G042450
OG0016967	g16773	Cg001G042650
OG0016971	g31127	Cg005G157520
OG0016972	g37776	Cg005G157540
OG0016973	g10050	Cg005G157790
OG0016975	g37728	Cg005G158250
OG0016976	g37701	Cg005G158770
OG0016978	g38250	Cg005G159140
OG0016980	g52252	Cg005G160320
OG0016981	g52244	Cg005G160800
OG0016984	g37526	Cg005G161810
OG0016985	g52142	Cg005G161880
OG0016986	g18894	Cg002G047070
OG0016987	g38210	Cg005G162540
OG0016988	g38205	Cg005G162700
OG0016989	g52087	Cg005G163030
OG0016990	g52011	Cg005G164080
OG0016992	g51993	Cg005G164520
OG0016994	g5853	Cg008G282160
OG0016995	g5847	Cg008G282230
OG0016996	g45287	Cg008G282400
OG0016997	g5831	Cg008G282440
OG0016998	g5829	Cg008G282460
OG0016999	g5826	Cg008G282490
OG0017000	g5810	Cg008G282690
OG0017001	g45299	Cg008G282720
OG0017002	g45308	Cg008G282890
OG0017003	g45312	Cg008G283010
OG0017005	g5791	Cg008G283150
OG0017006	g5778	Cg008G283540
OG0017007	g45355	Cg008G284180
OG0017008	g5705	Cg008G284820
OG0017009	g28981	Cg008G300160
OG0017010	g28945	Cg008G300710
OG0017011	g28939	Cg008G300840
OG0017013	g742	Cg008G301380
OG0017014	g749	Cg008G301500
OG0017015	g792	Cg008G302130
OG0017016	g806	Cg008G302390
OG0017017	g813	Cg008G302550
OG0017018	g41310	Cg003G107600
OG0017019	g39230	Cg003G107160
OG0017020	g320	Cg003G110920
OG0017021	g284	Cg003G111420
OG0017022	g9804	Cg003G111550
OG0017023	g259	Cg003G111850
OG0017024	g254	Cg003G111930
OG0017025	g9744	Cg003G112770
OG0017026	g199	Cg003G112930
OG0017027	g192	Cg003G113140
OG0017028	g171	Cg003G113020
OG0017029	g170	Cg003G113010
OG0017031	g18667	Cg003G113580
OG0017032	g134	Cg003G113760
OG0017033	g121	Cg003G113880
OG0017034	g118	Cg003G113980
OG0017035	g108	Cg003G114100
OG0017036	g106	Cg003G114130
OG0017038	g55	Cg003G114800
OG0017039	g19650	Cg003G115050
OG0017041	g9628	Cg007G278010
OG0017042	g13	Cg003G115750
OG0017044	g25334	Cg003G075900
OG0017045	g25356	Cg003G076260, Cg014G333320
OG0017046	g39476	Cg003G076930, Cg014G332670
OG0017047	g39464	Cg003G077200, Cg014G332410
OG0017051	g27637	Cg006G218980
OG0017054	g11060	Cg008G320460
OG0017055	g39709	Cg008G319670
OG0017056	g39716	Cg008G319570
OG0017057	g39717	Cg008G319540
OG0017059	g39770	Cg005G173900
OG0017060	g51271	Cg005G174820
OG0017062	g39840	Cg005G175170
OG0017063	g51234	Cg005G175590
OG0017064	g51226	Cg005G175880
OG0017065	g39907	Cg005G176150
OG0017066	g37891	Cg005G176800
OG0017068	g40012	Cg005G178100
OG0017069	g39989	Cg005G178430
OG0017070	g39983	Cg005G178510
OG0017071	g40037	Cg005G178880
OG0017072	g37820	Cg005G179220
OG0017073	g37818	Cg005G179280
OG0017074	g40088	Cg005G179690
OG0017075	g40133	Cg005G182080
OG0017076	g40151	Cg005G182480
OG0017077	g40187	Cg005G183500
OG0017078	g40189	Cg005G183540
OG0017079	g40190	Cg005G184360
OG0017080	g38270	Cg005G184970
OG0017081	g36792	Cg005G185040
OG0017081	g36789	Cg005G185070
OG0017082	g38280	Cg005G185400
OG0017083	g38292	Cg005G186040
OG0017084	g38294	Cg005G186150
OG0017085	g38300	Cg005G186220
OG0017086	g36838	Cg001G041040
OG0017087	g38308	Cg005G186830
OG0017088	g47630	Cg001G013180
OG0017089	g23631	Cg001G013210
OG0017090	g17084	Cg001G013240
OG0017091	g23639	Cg001G013340
OG0017092	g17090	Cg001G013350
OG0017093	g17093	Cg001G013390
OG0017094	g12719	Cg004G116370
OG0017095	g7939	Cg004G116390
OG0017096	g7944	Cg004G116290
OG0017097	g7948	Cg004G116220
OG0017098	g5138	Cg004G116060
OG0017099	g12726	Cg004G115960
OG0017100	g17133	Cg001G014290
OG0017101	g23694	Cg001G014200
OG0017102	g47592	Cg001G014070
OG0017103	g23670	Cg001G013810
OG0017104	g17124	Cg001G014000
OG0017105	g12690, g7903	Cg004G117250
OG0017106	g7893	Cg004G117370
OG0017109	g7843	Cg004G118080
OG0017110	g12656	Cg004G118360
OG0017111	g12642	Cg004G118490
OG0017112	g7823	Cg004G118610
OG0017113	g7817	Cg004G119350
OG0017114	g7796	Cg004G119710
OG0017116	g12821	Cg004G120440
OG0017118	g12561	Cg004G121030
OG0017119	g12555	Cg004G121250
OG0017120	g12526	Cg004G121650
OG0017121	g12525	Cg004G121660
OG0017123	g12509	Cg004G121930
OG0017125	g12487	Cg004G122430
OG0017126	g7643	Cg004G122480
OG0017127	g7639	Cg004G122600
OG0017128	g12469	Cg004G122900
OG0017129	g7617	Cg004G123020
OG0017130	g7601	Cg004G123360
OG0017131	g12443	Cg004G123490
OG0017132	g7581	Cg004G123670
OG0017133	g7572	Cg004G123810
OG0017134	g7554	Cg004G124080
OG0017135	g12993	Cg004G124110
OG0017136	g7531	Cg004G124490
OG0017137	g37354	Cg005G165810
OG0017138	g51834	Cg005G166290
OG0017139	g37323	Cg005G166660
OG0017140	g51785	Cg005G166680
OG0017142	g37311	Cg005G167090
OG0017143	g51755	Cg005G167140
OG0017144	g51743	Cg005G167360
OG0017145	g51742	Cg005G167380
OG0017146	g51570	Cg005G170420
OG0017147	g51601	Cg005G169810
OG0017148	g38054	Cg005G169500
OG0017151	g38084	Cg005G168740
OG0017152	g37275	Cg005G167890
OG0017153	g31590	Cg006G230540
OG0017154	g49944	Cg006G230320
OG0017155	g31629	Cg006G229910
OG0017157	g49976	Cg006G229380
OG0017159	g49992	Cg006G228850
OG0017160	g31690	Cg006G228720
OG0017161	g50011	Cg006G228350
OG0017162	g31771	Cg006G227690
OG0017163	g50030	Cg006G227890
OG0017164	g31784	Cg006G227550
OG0017165	g50048	Cg006G227490
OG0017167	g27415	Cg006G227320
OG0017168	g31820	Cg006G226880
OG0017169	g31855	Cg006G226520
OG0017170	g27434	Cg006G226440
OG0017171	g36465	Cg006G199000
OG0017174	g32000	Cg006G224360
OG0017175	g32001	Cg006G224330
OG0017176	g32005	Cg006G224290
OG0017177	g27497	Cg006G224190
OG0017178	g32026	Cg006G223630
OG0017179	g50248	Cg006G223400
OG0017181	g27791	Cg006G213010
OG0017182	g27530	Cg006G223200
OG0017183	g50258	Cg006G223080
OG0017184	g27543	Cg006G222880
OG0017185	g32053	Cg006G222770
OG0017186	g32084	Cg006G221930
OG0017187	g32081	Cg006G221880
OG0017188	g32125	Cg006G221430
OG0017189	g50348	Cg006G221050
OG0017191	g50386	Cg006G220080
OG0017192	g32238	Cg006G219760
OG0017194	g27635	Cg006G219100
OG0017195	g27634	Cg006G219110
OG0017196	g23837	Cg001G016460
OG0017197	g37379	Cg005G164930
OG0017198	g23780	Cg001G015530
OG0017199	g23751	Cg001G015210
OG0017200	g23609	Cg001G012870
OG0017202	g38351	Cg005G189110
OG0017203	g38339	Cg005G188880, Cg005G188890
OG0017204	g50983	Cg005G190340
OG0017205	g50977	Cg005G190070
OG0017206	g38435	Cg005G191340
OG0017207	g38453, g25576	Cg005G191710
OG0017208	g38480	Cg005G192090
OG0017209	g36929	Cg005G192250
OG0017210	g38510	Cg005G192740
OG0017211	g36944	Cg005G192960
OG0017216	g50855	Cg005G193740
OG0017217	g31543	Cg006G231200
OG0017218	g31504	Cg006G231830
OG0017219	g49879	Cg006G232350
OG0017220	g31456	Cg006G232520
OG0017222	g31412	Cg006G233050
OG0017223	g31393	Cg006G233340
OG0017224	g31319	Cg006G234460
OG0017225	g31311	Cg006G234590
OG0017228	g31273	Cg006G235210
OG0017230	g49706	Cg006G236170
OG0017231	g31225	Cg006G236100
OG0017233	g27063	Cg006G236840
OG0017234	g41115	Cg007G254220
OG0017235	g31164	Cg006G236890
OG0017237	g31160	Cg006G236960
OG0017238	g5568	Cg008G287920
OG0017239	g27028	Cg006G237500
OG0017240	g49562	Cg006G238910
OG0017241	g49544	Cg006G239830
OG0017242	g30989	Cg006G239970
OG0017243	g30961	Cg006G240320
OG0017244	g30941	Cg006G240700
OG0017245	g49495	Cg006G240910
OG0017247	g49479	Cg006G241380
OG0017248	g30881	Cg006G241790
OG0017249	g26934	Cg006G242080
OG0017250	g30852	Cg006G242360
OG0017251	g30847	Cg006G242410
OG0017252	g26912	Cg006G242800
OG0017253	g30836	Cg006G242770
OG0017255	g30838	Cg006G242710
OG0017256	g23551	Cg006G242650
OG0017258	g30810	Cg006G243180
OG0017259	g26889	Cg006G243970
OG0017261	g26865	Cg006G245050
OG0017263	g49286	Cg006G245360
OG0017264	g19281	Cg006G245420
OG0017265	g5180	Cg008G294780
OG0017266	g29305	Cg008G294740
OG0017267	g5183	Cg008G294720
OG0017268	g5185	Cg008G294650
OG0017269	g5147	Cg008G295210
OG0017270	g5146	Cg008G295220
OG0017271	g5143	Cg008G295240
OG0017273	g5127	Cg008G295510
OG0017274	g45722	Cg008G296490
OG0017275	g5046	Cg008G296690
OG0017277	g28992	Cg008G297920
OG0017278	g4984	Cg008G297960
OG0017279	g29011	Cg008G298080
OG0017280	g18018	Cg007G268390
OG0017281	g29076	Cg008G299290
OG0017282	g41448	Cg008G299410
OG0017283	g41447	Cg008G299430
OG0017284	g4870	Cg008G299740
OG0017285	g10151	Cg008G307040
OG0017286	g4707	Cg008G307290
OG0017287	g4732	Cg008G307680
OG0017288	g4757	Cg008G307990
OG0017289	g10189, g4662	Cg008G308330
OG0017291	g10275	Cg008G312510
OG0017292	g10254	Cg008G311920
OG0017293	g5255	Cg008G293810
OG0017294	g5259	Cg008G293760
OG0017295	g29654	Cg008G287660
OG0017296	g1533	Cg002G073990
OG0017297	g27978	Cg006G194270
OG0017298	g10297	Cg008G313460
OG0017299	g29732	Cg008G286160
OG0017302	g29743	Cg008G286000
OG0017303	g5660	Cg008G285760
OG0017305	g10067	Cg008G305320
OG0017306	g600	Cg008G305170
OG0017307	g31740	Cg006G228080
OG0017308	g10026	Cg008G304490
OG0017309	g10025	Cg008G304360
OG0017311	g10011	Cg008G304090
OG0017312	g533	Cg008G303970
OG0017314	g512	Cg008G303660
OG0017315	g9993	Cg008G303650
OG0017316	g466	Cg008G302890
OG0017317	g9954	Cg008G302840
OG0017318	g428	Cg003G109000
OG0017319	g39397	Cg003G102090
OG0017320	g418	Cg003G109240
OG0017321	g393	Cg003G109600
OG0017322	g9881	Cg003G109680
OG0017323	g18603	Cg003G109790
OG0017324	g381	Cg003G109860
OG0017325	g374, g46967	Cg003G109970
OG0017327	g28721	Cg003G106150
OG0017328	g28722	Cg003G106100
OG0017329	g1189	Cg003G106070
OG0017330	g52844, g52834	Cg002G055510
OG0017333	g2545	Cg002G056100
OG0017334	g19354	Cg002G056210
OG0017335	g2589	Cg002G056690
OG0017336	g2596	Cg002G056850
OG0017338	g2679	Cg002G058000
OG0017339	g2684	Cg002G058090
OG0017340	g2706	Cg002G058460
OG0017341	g19468	Cg002G058690
OG0017342	g19481	Cg002G058790
OG0017343	g19490	Cg002G059110
OG0017344	g19501	Cg002G059240
OG0017345	g2770	Cg002G059620
OG0017346	g19525	Cg002G060070
OG0017347	g11419	Cg002G060250
OG0017348	g19552	Cg002G060730
OG0017349	g24566	Cg001G028150
OG0017350	g2996	Cg002G062160
OG0017351	g11462	Cg002G063510
OG0017352	g19606	Cg002G063500
OG0017353	g3292	Cg002G063730
OG0017354	g11512	Cg002G064750
OG0017356	g44881	Cg007G267750
OG0017357	g44882	Cg007G267670
OG0017358	g5246	Cg008G293900
OG0017360	g41605	Cg007G267810
OG0017361	g44792	Cg007G269090
OG0017362	g45779	Cg007G269460
OG0017363	g44774	Cg007G269740
OG0017364	g38487	Cg003G091800
OG0017365	g43213	Cg007G269820
OG0017366	g45801	Cg007G269840
OG0017367	g44737	Cg007G270110
OG0017368	g44693	Cg007G271060
OG0017369	g44692	Cg007G271070
OG0017370	g45878	Cg007G271190
OG0017371	g45888	Cg007G271410
OG0017372	g45901	Cg007G271580
OG0017373	g45902	Cg007G271600
OG0017374	g44651	Cg007G271970
OG0017375	g46400	Cg007G278610
OG0017376	g13611	Cg007G278570
OG0017377	g46365	Cg007G278130
OG0017378	g46358	Cg007G278100
OG0017379	g46350	Cg007G278000
OG0017380	g46307	Cg007G277650
OG0017381	g46305	Cg007G277350
OG0017382	g44391	Cg007G277270
OG0017384	g17972	Cg007G276850
OG0017385	g46238	Cg007G276450
OG0017386	g44433	Cg007G276350
OG0017388	g44487	Cg007G275460
OG0017390	g46137	Cg007G274790
OG0017391	g648	Cg008G299890
OG0017394	g44557	Cg007G274180
OG0017395	g46084	Cg007G274080
OG0017396	g44570	Cg007G273840
OG0017398	g46046	Cg007G273610
OG0017400	g46006	Cg007G273050
OG0017401	g46459	Cg007G279210
OG0017402	g44351	Cg007G279450
OG0017403	g46502	Cg007G279830
OG0017404	g44320	Cg007G280140
OG0017407	g46543	Cg007G280460
OG0017408	g46549	Cg007G280530
OG0017411	g44271	Cg007G281700
OG0017412	g44270	Cg007G281720
OG0017415	g13156	Cg004G128990
OG0017416	g7248	Cg004G129170
OG0017417	g7230	Cg004G129420
OG0017420	g7152	Cg004G130690
OG0017421	g7151	Cg004G130700
OG0017422	g12154	Cg004G131190
OG0017423	g7115	Cg004G131300
OG0017424	g7114	Cg004G131450
OG0017425	g7088	Cg004G131700
OG0017427	g7021	Cg004G132670
OG0017429	g6992	Cg004G133240
OG0017431	g6875	Cg004G135100
OG0017432	g6873	Cg004G135120
OG0017433	g11979	Cg004G135670
OG0017434	g6818	Cg004G135920
OG0017438	g6777	Cg004G136520
OG0017439	g11954	Cg004G136530
OG0017440	g13392	Cg004G138570
OG0017441	g11872	Cg004G138310
OG0017443	g6659	Cg004G138650
OG0017444	g6637	Cg004G138660
OG0017445	g11819	Cg004G139680
OG0017446	g28345	Cg003G098120
OG0017449	g6512	Cg004G141310
OG0017451	g13501, g11720	Cg004G142360
OG0017452	g6441	Cg004G142650
OG0017453	g11686	Cg004G142780
OG0017454	g38323	Cg001G033790
OG0017455	g13570	Cg004G144990
OG0017456	g6332	Cg004G146630
OG0017458	g13667	Cg004G147920
OG0017459	g13587	Cg004G146100
OG0017460	g6221	Cg004G148010
OG0017461	g13678	Cg004G148340
OG0017462	g6144	Cg001G038870, Cg004G151770
OG0017463	g14201	Cg004G152150
OG0017464	g6108	Cg004G153080
OG0017467	g13999	Cg004G153910
OG0017468	g6004	Cg004G154630
OG0017469	g13945	Cg004G155030
OG0017470	g13803	Cg004G155740
OG0017471	g5934	Cg004G156430
OG0017472	g5914	Cg004G156700
OG0017473	g5908	Cg004G156750
OG0017474	g47666	Cg001G012180
OG0017475	g47383	Cg004G157220
OG0017476	g5932	Cg004G157200
OG0017477	g5889	Cg004G157150
OG0017478	g13836	Cg004G157330
OG0017479	g13834	Cg004G157360
OG0017480	g17980	Cg006G194090
OG0017481	g54366	Cg006G194450
OG0017482	g54310	Cg006G194590
OG0017483	g36722	Cg006G194700
OG0017484	g54332	Cg006G194980
OG0017485	g36697	Cg006G195070
OG0017486	g36695	Cg006G195100
OG0017489	g36676	Cg006G195660
OG0017490	g36661	Cg006G195910
OG0017492	g36602	Cg006G196620
OG0017493	g36580	Cg006G197160
OG0017495	g54207	Cg006G199150
OG0017497	g36432	Cg006G199470
OG0017498	g28063	Cg006G199700
OG0017499	g54109	Cg006G200690
OG0017500	g36366	Cg006G200790
OG0017501	g54101	Cg006G200810
OG0017502	g54086	Cg006G201190
OG0017503	g54085	Cg003G078850, Cg014G330680
OG0017504	g28106	Cg006G201530
OG0017505	g47150	Cg001G024950
OG0017506	g17592	Cg001G025000
OG0017508	g17638	Cg001G025650
OG0017510	g50539	Cg006G215990
OG0017515	g19223	Cg002G054050
OG0017516	g11323	Cg002G053930
OG0017518	g19211	Cg002G053660
OG0017519	g2335	Cg002G052830
OG0017520	g19176	Cg002G052780
OG0017521	g19175	Cg002G052770
OG0017523	g2316	Cg002G052530
OG0017524	g19152	Cg002G052140
OG0017526	g2299	Cg002G052270
OG0017527	g2253	Cg002G051600
OG0017528	g2238	Cg002G051470
OG0017529	g11282	Cg002G051430
OG0017530	g2216	Cg002G051160
OG0017532	g19082	Cg002G050980
OG0017534	g2181	Cg002G050420
OG0017535	g2183	Cg002G050550
OG0017536	g2170	Cg002G050240
OG0017537	g19030	Cg002G049950
OG0017539	g2088	Cg002G048970
OG0017541	g18943	Cg002G047700
OG0017542	g18921	Cg002G047540
OG0017543	g11202	Cg002G047420
OG0017544	g1958	Cg002G046740
OG0017547	g19280	Cg002G054820
OG0017548	g1891	Cg002G045840
OG0017549	g1890	Cg002G045810
OG0017550	g1812	Cg002G044870
OG0017551	g11155	Cg002G044420
OG0017553	g1747	Cg002G043960
OG0017555	g18702	Cg002G043280
OG0017557	g54371	Cg006G194310
OG0017558	g36586	Cg006G196830
OG0017559	g54268	Cg006G197120
OG0017560	g36502	Cg006G198320
OG0017562	g24415	Cg001G025490
OG0017564	g2747	Cg002G059200
OG0017565	g2603	Cg002G057020
OG0017566	g2413	Cg002G054450
OG0017567	g2423	Cg002G054620
OG0017568	g2468	Cg002G055320
OG0017572	g11299	Cg002G052180
OG0017573	g19154	Cg002G052160
OG0017574	g2286	Cg002G052090
OG0017575	g11279	Cg002G051280
OG0017576	g19072	Cg002G050760
OG0017577	g19052	Cg002G050330
OG0017579	g18947	Cg002G047790
OG0017580	g18756	Cg002G043660
OG0017581	g9621	Cg003G115810
OG0017582	g11104	Cg008G321750
OG0017584	g10837	Cg007G273630
OG0017586	g40407	Cg003G081220
OG0017589	g51546	Cg005G170750
OG0017590	g37270	Cg005G168010
OG0017592	g51824	Cg005G166330
OG0017593	g37380	Cg005G164870
OG0017596	g2045, g37423	Cg005G163940
OG0017597	g38194	Cg005G163340
OG0017599	g46503	Cg007G279840
OG0017600	g46392	Cg007G278510
OG0017602	g44488	Cg007G275450
OG0017604	g44585	Cg007G273420
OG0017605	g23579	Cg001G012600
OG0017606	g23577	Cg001G012540
OG0017607	g16991	Cg001G010400
OG0017611	g23192	Cg001G007060
OG0017612	g18214	Cg001G005610
OG0017614	g26869	Cg006G244950
OG0017616	g49438	Cg006G242470
OG0017617	g30947	Cg006G240610
OG0017618	g31026	Cg006G239430
OG0017619	g31033	Cg006G239320
OG0017620	g49608	Cg006G237880
OG0017621	g49616	Cg006G237760
OG0017623	g31502	Cg006G231850
OG0017624	g31521	Cg006G231570
OG0017625	g31599	Cg006G230430
OG0017627	g50098	Cg006G226220
OG0017628	g50245	Cg006G223500
OG0017630	g45903	Cg007G271610
OG0017631	g45862	Cg007G270960
OG0017632	g44709	Cg007G270370
OG0017633	g45803	Cg007G269880
OG0017634	g44778	Cg007G269370
OG0017635	g41564	Cg007G268470
OG0017637	g1709	Cg007G253330
OG0017638	g41001	Cg007G249770
OG0017639	g40902	Cg007G247870
OG0017642	g13817	Cg004G156500
OG0017643	g6138	Cg004G152140
OG0017644	g24006	Cg001G019510
OG0017647	g13314	Cg004G135300
OG0017648	g12119	Cg004G132000
OG0017650	g7286	Cg004G128480
OG0017651	g12328	Cg004G127000
OG0017652	g37792, g13065	Cg004G125570
OG0017653	g7543	Cg004G124310
OG0017654	g12922	Cg004G122050
OG0017655	g46921	Cg001G033110
OG0017659	g28318	Cg008G286880
OG0017660	g47568	Cg001G014760
OG0017664	g45473	Cg008G287970
OG0017667	g38384	Cg005G190270
OG0017670	g17364	Cg001G019850
OG0017672	g50542	Cg006G215930
OG0017673	g50472	Cg006G218160
OG0017674	g27641	Cg006G218860
OG0017675	g28126	Cg006G203310
OG0017676	g36177	Cg006G204230
OG0017677	g53987	Cg006G202990
OG0017681	g39893	Cg005G175950
OG0017682	g39984	Cg005G178500
OG0017683	g51085	Cg005G178770
OG0017684	g40112	Cg005G181060
OG0017685	g5487	Cg008G289500
OG0017686	g29527	Cg008G290390
OG0017687	g5363	Cg008G292130
OG0017688	g4535	Cg008G310670, Cg008G309030
OG0017689	g18099	Cg001G025920
OG0017690	g16846	Cg001G040880
OG0017691	g16799	Cg001G042090
OG0017692	g10622	Cg002G073080
OG0017693	g28531	Cg003G103190
OG0017694	g1244	Cg003G106700
OG0017695	g1266	Cg003G107010
OG0017696	g28854	Cg008G302620
OG0017700	g306	Cg003G111150
OG0017703	g31118	Cg006G237640
OG0017704	g50332, g50329	Cg006G221590, Cg006G221570
OG0017710	g46429	Cg007G278840
OG0017711	g12384	Cg004G125730
OG0017717	g11463	Cg002G063590
OG0017718	g1273	Cg002G052750
OG0017720	g29491	Cg008G291020
OG0017721	g561	Cg008G304440
OG0017723	g23835	Cg001G016440
OG0017728	g28338	Cg001G037710
OG0017730	g20003, g20912, g19735, g19783, g19775, g19688, g19979, g19727	Cg025G336090, Cg025G336120
OG0017751	g17030	Cg001G011840
OG0017753	g17004	Cg001G010940
OG0017754	g23349	Cg004G133920, Cg001G009360
OG0017755	g23300	Cg001G008660
OG0017758	g1825	Cg006G198770
OG0017759	g23043	Cg001G005410
OG0017760	g47907	Cg001G005080
OG0017763	g32617	Cg006G213570
OG0017764	g50649	Cg006G213410
OG0017765	g24291	Cg001G023860
OG0017766	g43853	Cg007G257320
OG0017767	g43985	Cg007G254180
OG0017768	g44104	Cg007G250910
OG0017769	g44108	Cg007G250840
OG0017771	g40936	Cg007G248650
OG0017772	g10815	Cg002G075670
OG0017773	g10811	Cg002G075600
OG0017775	g10801	Cg002G075490
OG0017776	g10794	Cg002G075350
OG0017778	g10682	Cg002G074170
OG0017779	g1527	Cg002G074090
OG0017780	g1532, g16690	Cg002G074000
OG0017781	g1542	Cg002G073790
OG0017783	g10547	Cg002G071860
OG0017784	g1616, g10502	Cg002G071110
OG0017785	g10499, g10575	Cg002G071080
OG0017786	g10454	Cg002G068480
OG0017787	g10408	Cg002G069360
OG0017788	g10364	Cg002G068030
OG0017789	g44997	Cg007G265520
OG0017791	g45044	Cg007G264760
OG0017794	g28498	Cg003G102270
OG0017795	g40776	Cg007G245930
OG0017797	g7473, g13060	Cg004G125340
OG0017798	g47645	Cg001G012880
OG0017799	g7354	Cg004G127550
OG0017800	g25952	Cg003G088330
OG0017801	g26815	Cg016G334190
OG0017802	g28301	Cg003G097380
OG0017803	g1327	Cg003G098080
OG0017804	g28390	Cg003G099500
OG0017805	g894	Cg003G099560
OG0017806	g47282	Cg001G021980
OG0017808	g937	Cg003G100900
OG0017809	g28620	Cg003G104760
OG0017810	g39298	Cg003G105270
OG0017811	g29365	Cg008G293430
OG0017812	g5292	Cg008G293160
OG0017813	g29434	Cg008G292040
OG0017814	g45528	Cg008G290660
OG0017816	g29565	Cg008G289740
OG0017817	g29579	Cg008G289390
OG0017818	g29583	Cg008G289340
OG0017820	g5520	Cg008G288840
OG0017821	g5539	Cg008G288330
OG0017824	g47246	Cg001G023000
OG0017825	g6536	Cg004G140820
OG0017826	g24157	Cg001G021880
OG0017827	g24127	Cg001G021270
OG0017829	g47427	Cg001G018390
OG0017832	g32674	Cg006G212080
OG0017834	g50509	Cg006G209770
OG0017835	g27929	Cg006G207930
OG0017838	g28174	Cg006G205200
OG0017839	g35935	Cg006G206390
OG0017840	g32364	Cg006G217910
OG0017841	g32426	Cg006G216440
OG0017842	g32432	Cg006G216370
OG0017844	g32474	Cg006G215860
OG0017847	g47980	Cg001G003040
OG0017848	g22852	Cg001G002940
OG0017849	g47984	Cg001G002820
OG0017850	g47990	Cg001G002710
OG0017852	g22792	Cg001G002110
OG0017853	g22761	Cg001G001770
OG0017854	g22714	Cg001G001380
OG0017855	g46793	Cg001G036340
OG0017857	g18096	Cg001G038100
OG0017858	g16890	Cg001G039700
OG0017860	g51505	Cg005G171420
OG0017861	g40247	Cg003G085770
OG0017862	g40233	Cg003G086360
OG0017863	g51442	Cg005G172220
OG0017864	g51374	Cg005G172970
OG0017866	g36992	Cg008G316500
OG0017867	g18446	Cg008G316600
OG0017868	g40281	Cg003G084860
OG0017869	g40299	Cg003G084010
OG0017871	g40328	Cg003G083450
OG0017872	g40337	Cg003G083140
OG0017873	g25764	Cg003G083100
OG0017874	g40361	Cg003G082460
OG0017875	g40388	Cg003G081770
OG0017880	g40620	Cg008G323700
OG0017883	g40669	Cg008G324480
OG0017884	g25207	Cg001G033330
OG0017885	g10838	Cg008G325380
OG0017888	g46861	Cg001G034010
OG0017889	g46935	Cg001G032170
OG0017890	g24906	Cg001G031210
OG0017891	g54007	Cg001G031050
OG0017892	g24799	Cg001G030870
OG0017893	g24728	Cg001G030080
OG0017894	g24654	Cg001G029270
OG0017895	g47016	Cg001G028750
OG0017896	g24575	Cg001G028400
OG0017897	g24574	Cg001G028390
OG0017900	g24526	Cg001G027490
OG0017904	g16805	Cg001G041880
OG0017906	g50802	Cg005G158810
OG0017908	g52249	Cg005G160350
OG0017909	g37605	Cg005G160460
OG0017911	g37535	Cg005G161590
OG0017914	g37473	Cg005G162960
OG0017915	g52082	Cg005G163130
OG0017916	g52026	Cg005G163920
OG0017918	g5850	Cg008G282190
OG0017920	g5848	Cg008G282220
OG0017923	g18824	Cg002G046200
OG0017924	g45360	Cg008G284330
OG0017926	g28920	Cg008G301150
OG0017928	g1275	Cg003G107240
OG0017931	g209	Cg003G112650
OG0017932	g9631	Cg003G115330
OG0017934	g19629	Cg003G115600
OG0017936	g47143	Cg003G075940
OG0017940	g39478	Cg003G076890, Cg014G332710
OG0017942	g25409	Cg014G331640, Cg003G078050
OG0017943	g39584	Cg003G078400, Cg014G331220
OG0017945	g37916	Cg005G174880
OG0017946	g39959	Cg005G176990
OG0017949	g40131	Cg005G181950
OG0017950	g54260	Cg006G197400
OG0017951	g36800	Cg005G185340
OG0017952	g38316	Cg005G187080
OG0017954	g12717	Cg004G116480
OG0017956	g11241	Cg004G116310
OG0017958	g16992	Cg004G116000
OG0017959	g27965	Cg008G281870
OG0017963	g47610	Cg001G013750
OG0017965	g17119	Cg001G013900
OG0017967	g12641	Cg004G118500
OG0017970	g12776	Cg004G119260
OG0017971	g12777	Cg004G119300
OG0017972	g7753	Cg004G120150
OG0017973	g12812	Cg004G120230
OG0017974	g12588	Cg004G120430
OG0017975	g7421	Cg008G312590
OG0017977	g7706	Cg004G121130
OG0017978	g12544	Cg004G121420
OG0017979	g12878	Cg004G121580
OG0017982	g7577	Cg004G123730
OG0017984	g13004	Cg004G124440
OG0017985	g7533	Cg004G124450
OG0017986	g51768	Cg005G166910
OG0017987	g37162	Cg005G170280
OG0017988	g38035, g51577	Cg005G170210
OG0017990	g37206	Cg005G169190
OG0017994	g27307	Cg006G230330
OG0017995	g31605	Cg006G230300
OG0017998	g31769	Cg006G227730
OG0017999	g27411	Cg006G227480
OG0018000	g50063	Cg006G226980
OG0018001	g50124	Cg006G225780
OG0018002	g27454	Cg006G225730
OG0018003	g27455	Cg006G225720
OG0018004	g50130	Cg006G225680
OG0018006	g32037	Cg006G223490
OG0018007	g27792	Cg008G313380
OG0018008	g50256	Cg006G223110
OG0018009	g32063	Cg006G222650
OG0018010	g32093	Cg006G222150
OG0018011	g32126	Cg006G221420
OG0018012	g32159	Cg006G220750
OG0018013	g489	Cg006G220060
OG0018014	g27632	Cg006G219400
OG0018015	g23836	Cg001G016450
OG0018017	g17170	Cg001G015410
OG0018018	g38346	Cg005G188960
OG0018019	g38348	Cg005G188980
OG0018021	g38386	Cg005G190240
OG0018023	g38405	Cg005G190790
OG0018024	g36911	Cg005G191130
OG0018026	g38440	Cg005G191450
OG0018027	g50916	Cg005G192060
OG0018028	g38496	Cg005G192590
OG0018030	g31441	Cg006G232660
OG0018031	g27148	Cg006G234660
OG0018032	g27123	Cg006G235390
OG0018033	g27092	Cg006G236430
OG0018034	g49650	Cg006G237100
OG0018036	g31059	Cg006G238800
OG0018037	g26967	Cg006G240070
OG0018038	g30972	Cg006G240150
OG0018039	g26960	Cg006G240720
OG0018040	g30932	Cg006G240850
OG0018041	g30896	Cg006G241460
OG0018042	g49466	Cg006G241550
OG0018043	g30856	Cg006G242330
OG0018044	g30853	Cg006G242350
OG0018045	g49421	Cg006G242880
OG0018046	g30791	Cg006G243610
OG0018048	g49323	Cg006G244660
OG0018050	g26860	Cg006G245210
OG0018051	g26857	Cg006G245250
OG0018053	g45651	Cg008G294320
OG0018054	g29299	Cg008G294860
OG0018055	g29279	Cg008G295200
OG0018056	g29260	Cg008G295590
OG0018057	g4967, g4966	Cg008G298020
OG0018058	g4936	Cg008G298440
OG0018060	g4898	Cg008G299330
OG0018061	g4809	Cg008G306420
OG0018063	g10166	Cg008G307530
OG0018064	g10172	Cg008G307640
OG0018066	g5257	Cg008G293790
OG0018067	g10293	Cg008G313360
OG0018068	g29694	Cg008G287000
OG0018069	g29705	Cg008G286650
OG0018071	g5666	Cg008G285610
OG0018074	g9906	Cg003G109070
OG0018076	g18598	Cg003G109250
OG0018077	g9892	Cg003G109270
OG0018078	g395	Cg003G109570
OG0018079	g1206	Cg003G106210
OG0018080	g19389	Cg002G057090
OG0018082	g2677	Cg002G057970
OG0018083	g11411	Cg002G060180
OG0018084	g3469	Cg002G064390
OG0018085	g11511	Cg002G064740
OG0018086	g19462	Cg006G222820
OG0018088	g3080	Cg004G143150, Cg002G066790
OG0018091	g45762	Cg007G269180
OG0018093	g45786	Cg007G269670
OG0018094	g45912	Cg007G271740
OG0018096	g46347	Cg007G277970
OG0018098	g46325	Cg007G277790
OG0018100	g46234	Cg007G276380
OG0018102	g44476	Cg007G275660
OG0018103	g46183	Cg007G275620
OG0018104	g46160	Cg007G275200
OG0018105	g44510	Cg007G275180
OG0018106	g46151	Cg007G275070
OG0018109	g31526	Cg005G157510
OG0018111	g46508	Cg007G279890
OG0018113	g44325	Cg007G280070
OG0018115	g7284	Cg004G128500
OG0018116	g7270	Cg004G128710
OG0018117	g13159	Cg004G129010
OG0018121	g12218	Cg004G129650
OG0018122	g12149	Cg004G131270
OG0018124	g6909	Cg004G134590
OG0018125	g6874	Cg004G135110
OG0018126	g13409	Cg004G139280
OG0018128	g6559	Cg004G140260
OG0018130	g6490	Cg004G141560
OG0018132	g35821	Cg004G143510
OG0018133	g6361	Cg004G144740
OG0018134	g6244	Cg004G147710
OG0018135	g6309	Cg004G147260
OG0018136	g11108	Cg004G146140
OG0018138	g13665	Cg004G147370
OG0018139	g13670	Cg004G148000
OG0018140	g14318	Cg004G150460, Cg004G149410
OG0018141	g14235	Cg004G151300
OG0018142	g13704	Cg004G151700
OG0018144	g14021, g53180	Cg004G153590
OG0018145	g6001	Cg004G154710
OG0018147	g13826	Cg004G157030
OG0018148	g13843	Cg004G157090
OG0018150	g36585	Cg006G196920
OG0018151	g54253	Cg006G197510
OG0018152	g36532	Cg006G197790
OG0018156	g27971	Cg006G194010
OG0018158	g19218	Cg002G053940
OG0018159	g2383	Cg002G053520
OG0018160	g19205	Cg002G053340
OG0018161	g2255	Cg002G051580
OG0018162	g2150, g19028	Cg002G049930
OG0018164	g19024	Cg002G049870
OG0018165	g11260	Cg002G049720
OG0018166	g2104	Cg002G048850
OG0018168	g18949	Cg002G047820
OG0018169	g18910	Cg002G047370
OG0018170	g1917	Cg002G046230
OG0018171	g1856	Cg002G045230
OG0018175	g46915	Cg001G033260
OG0018176	g11361	Cg002G056340
OG0018177	g19320	Cg002G055610
OG0018178	g11317	Cg002G053440
OG0018180	g2339	Cg002G052910
OG0018181	g19059	Cg002G050490
OG0018186	g18749	Cg002G043730
OG0018187	g17	Cg007G249730
OG0018188	g23726	Cg002G053400
OG0018190	g40638	Cg008G324040
OG0018191	g5904	Cg006G219200
OG0018194	g51522	Cg005G171130
OG0018195	g51722	Cg005G167880
OG0018203	g44418	Cg007G276560
OG0018205	g46016	Cg007G273240
OG0018206	g17073	Cg001G012770
OG0018207	g23445	Cg001G010550
OG0018208	g23573	Cg001G012440
OG0018209	g22954	Cg001G003980
OG0018210	g30774	Cg006G243860
OG0018211	g10289	Cg008G312940
OG0018212	g26957	Cg006G240940
OG0018213	g49543	Cg006G239890
OG0018214	g31034	Cg006G239300, Cg006G240420
OG0018216	g31086	Cg006G238190
OG0018217	g31112	Cg006G237740
OG0018220	g31588	Cg006G230590
OG0018222	g32041	Cg006G223360
OG0018223	g23842	Cg001G016620
OG0018226	g41581	Cg007G268000
OG0018227	g41724	Cg007G267320
OG0018228	g44028	Cg007G252240
OG0018230	g38260	Cg007G248230
OG0018231	g15780	Cg001G040350
OG0018232	g4762	Cg007G246050, Cg007G246060
OG0018234	g6391	Cg004G143270
OG0018235	g12056	Cg004G133560
OG0018236	g7039	Cg004G132530
OG0018237	g14415	Cg004G131600
OG0018238	g7302	Cg004G128280
OG0018239	g41531	Cg007G268680
OG0018240	g7535	Cg004G124430
OG0018241	g12934	Cg004G122680
OG0018244	g11666	Cg008G285970
OG0018248	g29644	Cg008G287940
OG0018249	g5567	Cg008G287960
OG0018252	g24020	Cg001G019710
OG0018254	g32344	Cg006G218210
OG0018255	g23763	Cg001G015360
OG0018256	g17174	Cg001G015450
OG0018257	g37941	Cg005G173880
OG0018258	g40023	Cg005G178640
OG0018261	g29760	Cg005G184570
OG0018262	g17186	Cg001G015850
OG0018265	g45596	Cg008G292830
OG0018266	g5254	Cg008G293820
OG0018268	g46837	Cg001G035080
OG0018269	g29037	Cg008G298610
OG0018271	g10493	Cg002G071030
OG0018273	g28670	Cg003G105490
OG0018277	g41395	Cg008G301080
OG0018278	g719	Cg008G300880
OG0018282	g410	Cg003G109340
OG0018283	g9829	Cg003G110890
OG0018286	g9643	Cg003G114990
OG0018287	g27023, g31109	Cg006G237900
OG0018288	g27118	Cg006G235620
OG0018291	g32021	Cg006G223860
OG0018292	g27667, g13610	Cg006G209820
OG0018298	g44859	Cg007G268110
OG0018301	g11760	Cg004G140850
OG0018302	g11664	Cg004G143120
OG0018303	g50970	Cg005G190560
OG0018306	g19187	Cg002G052900
OG0018310	g25867	Cg003G085460
OG0018311	g17057	Cg001G012490
OG0018312	g17080	Cg001G013090
OG0018313	g17152, g47557	Cg001G014980
OG0018317	g37060	Cg001G034980
OG0018318	g18112	Cg001G038000
OG0018319	g16801	Cg001G041920
OG0018320	g40484	Cg008G320630
OG0018321	g1359	Cg003G097130
OG0018322	g41176, g41195	Cg003G098250
OG0018337	g17562	Cg001G024400
OG0018338	g18195	Cg001G006190
OG0018339	g1693	Cg007G255710
OG0018340	g43912, g52811	Cg007G255700
OG0018341	g41094	Cg007G253320
OG0018342	g44089	Cg007G251390
OG0018343	g10744	Cg002G074940
OG0018346	g10346	Cg008G310180
OG0018348	g45007	Cg007G265390
OG0018350	g45104	Cg007G261470
OG0018354	g17979	Cg006G194110
OG0018361	g28303	Cg003G097440
OG0018362	g28325	Cg003G097720
OG0018363	g1322	Cg003G098300
OG0018365	g886	Cg003G099390
OG0018367	g39332	Cg003G104380
OG0018368	g10302	Cg008G313960, Cg009G326050
OG0018369	g5284	Cg008G293380
OG0018372	g47256	Cg001G022780
OG0018373	g17483	Cg001G022600
OG0018374	g24139	Cg001G021440
OG0018376	g47361	Cg001G019960
OG0018379	g28231	Cg006G206480
OG0018380	g32391	Cg006G217250, Cg006G217340, Cg006G217470
OG0018382	g24653, g22815	Cg001G002480
OG0018383	g22680	Cg001G000840
OG0018385	g18102	Cg001G038020
OG0018386	g46705	Cg001G039170
OG0018387	g51411	Cg005G172560
OG0018390	g10664	Cg002G073770
OG0018391	g50706	Cg006G212100
OG0018392	g25765	Cg003G083160
OG0018396	g18412	Cg008G320980, Cg008G320990
OG0018397	g40530	Cg008G321720
OG0018398	g40557	Cg008G322550
OG0018400	g13537	Cg004G143680
OG0018401	g47084	Cg001G033920
OG0018402	g24642, g24636	Cg001G029460
OG0018403	g47014	Cg001G028810
OG0018405	g16861	Cg001G040540
OG0018406	g46675	Cg001G041050
OG0018407	g15791, g3690	Cg001G041320
OG0018409	g16820	Cg001G041540
OG0018411	g46642	Cg001G042420
OG0018412	g16762	Cg001G042950
OG0018414	g37752	Cg005G157880
OG0018416	g37567	Cg005G161000
OG0018418	g24611	Cg001G029070
OG0018420	g5822	Cg008G282560
OG0018421	g29850	Cg008G283470
OG0018425	g288	Cg003G111350
OG0018428	g45279	Cg003G076060
OG0018431	g39898	Cg005G176070
OG0018434	g40074	Cg005G179400
OG0018437	g7933	Cg004G116450
OG0018439	g46666	Cg004G116030
OG0018443	g12691	Cg004G117210
OG0018444	g41080	Cg004G117470
OG0018446	g12770	Cg004G118480
OG0018448	g10148	Cg008G307000
OG0018450	g32147	Cg006G221190
OG0018452	g32199	Cg006G220210
OG0018453	g47510	Cg001G016360
OG0018454	g23818	Cg001G016020
OG0018456	g38360	Cg005G189240
OG0018458	g38430	Cg005G191260
OG0018459	g38529	Cg005G193420
OG0018463	g31162	Cg006G236910
OG0018464	g31159	Cg006G236990
OG0018465	g39674	Cg008G320430
OG0018466	g49573	Cg006G238480
OG0018467	g49514	Cg006G240540
OG0018468	g30851	Cg006G242370
OG0018469	g30828	Cg006G242910
OG0018470	g49291	Cg006G245290
OG0018472	g45631	Cg008G294070
OG0018478	g4827	Cg008G306330
OG0018479	g4788	Cg008G306790
OG0018480	g4648	Cg008G308420
OG0018482	g29688	Cg008G287110
OG0018483	g10070	Cg008G305270
OG0018485	g397	Cg003G109520
OG0018488	g19416	Cg002G057720
OG0018491	g2719, g2722	Cg002G058580
OG0018494	g19518	Cg002G059820
OG0018497	g31101	Cg006G238020
OG0018501	g46321	Cg001G033150
OG0018502	g44405	Cg007G276980
OG0018506	g46458	Cg007G279190
OG0018507	g46510	Cg007G279900
OG0018508	g46580	Cg007G281090
OG0018511	g12181	Cg004G130520
OG0018512	g11704	Cg004G142560
OG0018514	g6242	Cg004G147860
OG0018517	g13944	Cg004G155070
OG0018524	g12666	Cg002G043820
OG0018525	g11144	Cg002G043350
OG0018526	g18706	Cg002G043240
OG0018529	g17755	Cg001G028070
OG0018532	g11322	Cg002G053910
OG0018533	g2166	Cg002G050160
OG0018535	g18793	Cg002G044080
OG0018536	g40536	Cg008G321880
OG0018541	g38092	Cg005G167740
OG0018543	g51883	Cg005G180730, Cg005G180570, Cg005G180610, Cg005G165700
OG0018550	g17047	Cg001G012150
OG0018551	g23489	Cg001G011320
OG0018553	g54146	Cg001G000060
OG0018554	g49516	Cg006G240520
OG0018555	g31038	Cg006G239230
OG0018559	g27167	Cg006G234300
OG0018560	g49872	Cg006G232630
OG0018561	g27227	Cg006G232310
OG0018563	g31532	Cg006G231450
OG0018564	g27311	Cg006G230190
OG0018566	g44841	Cg007G268550
OG0018567	g40911	Cg007G247930
OG0018568	g6365	Cg004G144480, Cg004G144950
OG0018569	g13517	Cg004G142680
OG0018570	g13367	Cg004G136840
OG0018572	g7276	Cg004G128590
OG0018574	g13051	Cg004G125140
OG0018576	g12484	Cg004G122500
OG0018577	g25527, g17390, g44880	Cg003G094360, Cg003G079670
OG0018580	g29647	Cg008G287870
OG0018581	g47438	Cg001G018200
OG0018583	g47254	Cg001G022890
OG0018584	g17749, g17548	Cg001G023580
OG0018585	g17224	Cg001G016740
OG0018586	g17154	Cg001G015000
OG0018587	g51313	Cg005G173950
OG0018588	g51221	Cg005G176000
OG0018589	g37883	Cg005G177080
OG0018593	g29553	Cg008G290010
OG0018595	g45747	Cg008G297460
OG0018596	g4956, g4952	Cg008G298130
OG0018597	g10119	Cg008G306450
OG0018599	g46659	Cg001G041650
OG0018600	g16710	Cg002G074670
OG0018602	g28638, g28640	Cg003G105010
OG0018603	g39305	Cg003G105060
OG0018604	g39295	Cg003G105280
OG0018605	g1246	Cg003G106730
OG0018608	g10019	Cg008G304230
OG0018609	g9956	Cg008G302980
OG0018613	g32208	Cg006G220020
OG0018618	g13578	Cg007G272470
OG0018620	g13545	Cg004G143960
OG0018623	g50912	Cg005G191930
OG0018624	g38455	Cg005G191790
OG0018627	g44637, g37129, g46356	Cg005G169840
OG0018629	g52050	Cg005G163720
OG0018636	g25346	Cg003G076080
OG0018637	g47585	Cg001G014240
OG0018638	g23737	Cg001G014990
OG0018639	g10265	Cg008G312090
OG0018641	g45377	Cg008G284750
OG0018678	g24359, g17587	Cg001G024830
OG0018681	g10546	Cg002G071830
OG0018682	g46928	Cg001G033070
OG0018683	g18069	Cg002G060040
OG0018685	g23735	Cg001G014960
OG0018687	g26633	Cg003G092020
OG0018690	g1423	Cg003G095150, Cg016G334030
OG0018691	g867	Cg003G098750
OG0018692	g41212	Cg003G099010
OG0018695	g28528	Cg003G103130
OG0018697	g24282	Cg001G023750
OG0018698	g24019	Cg001G019700
OG0018699	g47374	Cg001G019610
OG0018700	g47425	Cg001G018510
OG0018701	g23765	Cg001G015420
OG0018703	g11308	Cg006G205860
OG0018706	g22941	Cg001G003870
OG0018707	g46805	Cg001G036160
OG0018710	g11127	Cg008G318750
OG0018711	g11135	Cg008G318550
OG0018712	g11138	Cg008G318490
OG0018713	g18457	Cg008G317360
OG0018716	g10999	Cg008G322390
OG0018717	g46933	Cg001G032190
OG0018718	g46934	Cg001G032180
OG0018720	g17711, g53650	Cg001G026980
OG0018721	g16843	Cg001G040950
OG0018726	g52167	Cg005G161350
OG0018728	g38201	Cg005G162900
OG0018731	g11552	Cg008G282900
OG0018736	g25331	Cg003G075870
OG0018737	g39550	Cg014G331470, Cg003G078180
OG0018740	g40159	Cg005G182740
OG0018741	g40200	Cg005G184520
OG0018745	g12692	Cg004G117180
OG0018750	g13825	Cg004G156890
OG0018752	g32157	Cg006G220840
OG0018758	g49362	Cg006G244000
OG0018760	g49292	Cg006G245280
OG0018761	g29157	Cg008G297120
OG0018763	g9864	Cg003G110200
OG0018766	g2730	Cg002G059580
OG0018767	g2821	Cg002G060320
OG0018769	g19541	Cg002G060300
OG0018770	g19593	Cg002G062290
OG0018771	g11513	Cg002G064920
OG0018772	g44843	Cg007G268520
OG0018775	g46426	Cg007G278810
OG0018776	g27438	Cg006G226300
OG0018777	g44531	Cg007G274840
OG0018781	g12165	Cg004G130840
OG0018782	g12163	Cg004G130920
OG0018783	g13266	Cg004G133070
OG0018784	g11916	Cg004G137220
OG0018786	g11869	Cg004G138380
OG0018789	g6107	Cg004G153030
OG0018792	g27973	Cg006G194050
OG0018795	g54150	Cg006G199850
OG0018796	g36347	Cg006G201200
OG0018798	g11225	Cg002G048490
OG0018799	g2012	Cg002G047180
OG0018800	g11183	Cg002G045530
OG0018802	g18786	Cg002G043340
OG0018806	g36440	Cg006G199430
OG0018811	g18785	Cg002G043360
OG0018816	g37963	Cg005G172990
OG0018819	g46354	Cg007G278060
OG0018822	g23324	Cg001G009070
OG0018828	g30817, g45206	Cg006G243060
OG0018833	g31020	Cg006G239490
OG0018835	g31571	Cg006G230800
OG0018840	g51426	Cg008G317350
OG0018842	g40932	Cg007G248580
OG0018845	g6052	Cg004G153730
OG0018846	g6922	Cg004G134280
OG0018850	g5577	Cg008G287780
OG0018851	g29643	Cg008G287950
OG0018852	g24220	Cg001G022760
OG0018859	g10310	Cg002G065890
OG0018861	g28976	Cg008G300220
OG0018862	g26951	Cg006G241320
OG0018865	g31773	Cg006G227650
OG0018866	g50341	Cg006G221270
OG0018867	g32250	Cg006G219580
OG0018868	g32496	Cg006G215510
OG0018870	g13645	Cg005G193410
OG0018874	g43512	Cg003G086880, Cg003G086860
OG0018876	g41549	Cg007G268590
OG0018878	g44602, g34995	Cg007G273060
OG0018881	g11744	Cg004G141420
OG0018882	g13487	Cg004G142020
OG0018884	g13795	Cg004G155140, Cg004G155150, Cg004G155120
OG0018885	g38433	Cg005G191220
OG0018886	g36888	Cg005G190710
OG0018892	g37668	Cg005G159250
OG0018898	g10173	Cg008G307650
OG0018899	g40270	Cg003G085100
OG0018903	g46792	Cg001G036360
OG0018905	g16778	Cg001G042460
OG0018906	g18450	Cg008G316750
OG0018910	g28593	Cg003G104500, Cg003G104510
OG0018940	g17033	Cg007G270170
OG0018941	g23352	Cg001G009430
OG0018948	g16673	Cg002G073440
OG0018950	g1603	Cg002G071590
OG0018951	g10416	Cg002G069110
OG0018952	g47582	Cg001G014340
OG0018958	g5441	Cg008G290270
OG0018959	g5501	Cg008G289270
OG0018960	g47409	Cg001G018940
OG0018964	g22817	Cg001G002500
OG0018966	g22662	Cg001G000460
OG0018970	g45858	Cg011G328800, Cg008G316890
OG0018973	g17862	Cg001G029800
OG0018976	g9635	Cg003G115210
OG0018980	g40152	Cg005G182490
OG0018986	g50392	Cg006G219850
OG0018993	g41454	Cg008G299160
OG0018994	g10039	Cg008G304690
OG0018998	g19595	Cg002G062480
OG0018999	g19602	Cg002G062920
OG0019000	g45799, g27827	Cg007G269810
OG0019006	g11765	Cg004G140500
OG0019012	g36378	Cg006G200540, Cg007G249970
OG0019023	g3003	Cg002G062280
OG0019025	g19255	Cg002G054390
OG0019027	g11280	Cg002G051310
OG0019028	g47176	Cg001G024470
OG0019029	g37227	Cg005G168810
OG0019035	g11004	Cg001G007910, Cg001G007870
OG0019036	g49285	Cg006G245370
OG0019039	g49778	Cg006G234180
OG0019044	g13981	Cg004G154250
OG0019050	g23778	Cg001G015510
OG0019053	g28812	Cg003G108040
OG0019057	g27005	Cg006G238820
OG0019063	g44229, g44226	Cg007G247970, Cg007G247980
OG0019064	g44055	Cg007G251770
OG0019071	g44817	Cg007G268900
OG0019076	g13835	Cg004G157350
OG0019081	g27653	Cg005G172830
OG0019082	g51821	Cg005G166360
OG0019089	g510	Cg008G303590
OG0019092	g22840, g35971	Cg001G002790
OG0019096	g47511	Cg001G016260
OG0019098	g34981, g53072, g43409	Cg006G234140
OG0019099	g16807	Cg001G041760
OG0019104	g18676	Cg003G114460
OG0019129	g8118, g20151, g48800, g8024, g20197	Cg019G335210, Cg019G335040, Cg021G335580, Cg019G334920
OG0019131	g41110	Cg007G253820
OG0019135	g989	Cg003G102300
OG0019136	g1007	Cg003G102510
OG0019137	g29457	Cg008G291600
OG0019142	g53679	Cg006G208670
OG0019144	g27949	Cg006G208240
OG0019147	g25933	Cg003G086820
OG0019148	g37021	Cg008G315110
OG0019157	g5849	Cg008G282200
OG0019159	g11883	Cg004G151490
OG0019164	g12669	Cg004G118070
OG0019168	g27423	Cg006G227060
OG0019171	g50909	Cg005G191920
OG0019173	g49566	Cg006G238590
OG0019175	g389	Cg003G109640
OG0019180	g3198	Cg002G063520
OG0019183	g46227	Cg007G276230
OG0019188	g13360	Cg004G137050
OG0019204	g37013	Cg008G315790
OG0019208	g44589	Cg007G273350
OG0019215	g46913	Cg001G002290
OG0019217	g38447	Cg005G191630
OG0019218	g31461	Cg006G232430
OG0019224	g13814	Cg004G156280
OG0019225	g6027	Cg004G154230
OG0019233	g39445	Cg003G100690
OG0019234	g18543, g631	Cg008G305810
OG0019239	g30965	Cg006G240260
OG0019240	g50340	Cg006G221280
OG0019245	g41071	Cg007G252130
OG0019246	g1679	Cg007G265380
OG0019252	g51056	Cg005G187670
OG0019256	g3113	Cg002G062970
OG0019257	g2031	Cg002G048060
OG0019258	g45330, g45331	Cg008G283400
OG0019266	g53821	Cg008G321700
OG0019275	g29452	Cg005G177810, Cg005G189560
OG0019276	g13755, g40676	Cg004G153950
OG0019308	g47190	Cg001G024060
OG0019309	g43900	Cg007G255880
OG0019312	g1041	Cg003G103280
OG0019313	g29606	Cg008G288660
OG0019321	g40254	Cg003G085530, Cg003G085480, Cg003G085590
OG0019322	g48740, g8084	Cg019G335000, Cg019G335020
OG0019327	g52032	Cg005G163850
OG0019329	g36836	Cg005G186650
OG0019333	g31780	Cg006G227560
OG0019334	g31893	Cg006G225930
OG0019338	g10123	Cg008G306530
OG0019339	g10156	Cg008G307280
OG0019340	g19509	Cg002G059440
OG0019348	g54359	Cg006G195700
OG0019360	g32647	Cg006G212920
OG0019364	g46434	Cg007G278890
OG0019369	g49977	Cg006G229360
OG0019372	g45849	Cg007G270780
OG0019381	g45650	Cg008G294310
OG0019393	g32210	Cg006G220000
OG0019403	g7147, g12174	Cg004G130760
OG0019406	g13798, g13796	Cg004G155110, Cg004G155130
OG0019409	g18916	Cg002G047480
OG0019414	g25095	Cg001G034490
OG0019456	g28347	Cg003G098150
OG0019459	g27715	Cg006G215610
OG0019460	g40603	Cg001G022430, Cg005G189020
OG0019463	g37722	Cg005G158450
OG0019466	g25512	Cg003G094640
OG0019467	g23681	Cg001G014030
OG0019468	g44865	Cg007G268030
OG0019469	g12947	Cg004G123110
OG0019470	g38024	Cg005G170600
OG0019476	g2479	Cg002G055470
OG0019479	g2968	Cg002G061690
OG0019480	g3267	Cg002G063630
OG0019482	g44579	Cg007G273510
OG0019483	g46598	Cg007G281480
OG0019487	g13662	Cg004G147000
OG0019496	g19774	Cg025G336070
OG0019505	g18130, g16732	Cg002G060110
OG0019507	g1803	Cg002G044780
OG0019513	g38149	Cg005G189900, Cg005G189890, Cg005G189910
OG0019518	g31306	Cg006G234690
OG0019520	g45820	Cg007G270270
OG0019529	g45444	Cg008G286900
OG0019538	g35166, g32171	Cg006G220590
OG0019548	g44954	Cg007G266530
OG0019555	g38404	Cg005G190780
OG0019563	g2980	Cg002G061920
OG0019564	g4685	Cg008G307080
OG0019571	g16502	Cg001G040340
OG0019578	g28705	Cg003G106760
OG0019582	g30293, g20233, g30325	Cg021G335520, Cg019G334960, Cg021G335670, Cg021G335610
OG0019632	g38268	Cg005G184860
OG0019635	g47705	Cg003G101220
OG0019638	g19390	Cg002G057110
OG0019646	g13568	Cg004G144860
OG0019651	g11326	Cg002G054270
OG0019661	g13552	Cg008G323360
OG0019662	g25712	Cg003G082260
OG0019667	g45062	Cg001G020640
OG0019681	g857	Cg003G107840, Cg003G107950
OG0019682	g25348	Cg003G076090
OG0019691	g6182	Cg004G151240
OG0019697	g36742	Cg006G194330
OG0019708	g38256	Cg005G158390
OG0019709	g38457	Cg005G191860
OG0019716	g19590	Cg002G061930
OG0019717	g43124	Cg008G285420
OG0019722	g47549, g17163	Cg001G015260
OG0019723	g47527	Cg001G015790, Cg001G015830
OG0019725	g46639	Cg001G042440
OG0019734	g37428	Cg005G163900
OG0019742	g12895, g12884, g12880, g12899	Cg008G308240
OG0019744	g47205, g13585	Cg005G172130
OG0019776	g41133	Cg007G257230
OG0019784	g18348	Cg001G000430
OG0019785	g40653	Cg008G324370
OG0019793	g27326	Cg006G230040
OG0019797	g19599	Cg002G062720
OG0019812	g32069	Cg006G222550
OG0019830	g42611, g39266, g26232, g6102, g49127, g41144	Cg008G309660, Cg008G311490
OG0019841	g45035	Cg007G264960
OG0019842	g17975	Cg007G276310
OG0019848	g13673	Cg004G148240
OG0019853	g1645	Cg002G074900
OG0019855	g12969, g4592	Cg002G058740, Cg002G058420
OG0019863	g25683, g25686	Cg003G082020
OG0019864	g25377	Cg003G076690, Cg014G332880
OG0019867	g47625, g23644	Cg001G013430
OG0019880	g47978	Cg002G068940, Cg002G068870, Cg002G068910, Cg002G068860, Cg002G068850, Cg002G068900, Cg002G068890, Cg002G068930, Cg002G068880, Cg002G068920
OG0019932	g10497	Cg002G071070
OG0019945	g40336	Cg003G083150
OG0019954	g17110	Cg001G013770
OG0019956	g27358	Cg006G229040
OG0019957	g50339	Cg006G221330
OG0019982	g26983	Cg002G074320
OG0020035	g29461, g41476	Cg005G164510
OG0020036	g5359	Cg008G292190
OG0020040	g25342	Cg003G076020
OG0020045	g20172, g8137	Cg019G335180, Cg019G335070
OG0020053	g24961, g11680, g28213	Cg007G270800
OG0020099	g17369	Cg001G019990
OG0020102	g46766	Cg001G037190
OG0020112	g25846	Cg001G035750
OG0020117	g11986	Cg004G135570
OG0020133	g52080	Cg002G063290, Cg002G063300, Cg005G163180
OG0020136	g49332	Cg006G244530
OG0020158	g32209	Cg006G220010
OG0020211	g19704, g19759	Cg004G146710
OG0020212	g19703, g19760	Cg025G336160, Cg040G337010
OG0020271	g41790	Cg007G267060
OG0020282	g50839	Cg005G157730
OG0020283	g24812	Cg007G253200
OG0020296	g5101	Cg008G295850
OG0020308	g17921	Cg008G315930, Cg001G029430
OG0020346	g35170	Cg005G176320
OG0020381	g13647	Cg003G099080
OG0020385	g8094	Cg019G334970
OG0020385	g48730	Cg019G334910
OG0020393	g28225	Cg006G205530
OG0020398	g19755	Cg040G337050
OG0020399	g31592	Cg006G230510
OG0020418	g27308	Cg001G034880
OG0020439	g52058, g51275, g52067	Cg005G163460, Cg005G163470, Cg005G163490
OG0020469	g50729	Cg007G254140
OG0020471	g13642	Cg007G262820
OG0020475	g22685	Cg001G000920
OG0020478	g47736, g24706	Cg001G029700
OG0020488	g36418	Cg006G199680
OG0020531	g54147	Cg006G199940
OG0020558	g24427	Cg001G025630
OG0020586	g16386	Cg007G251900, Cg005G158180, Cg005G158190, Cg003G102840
OG0020594	g44434, g34316, g35014, g35287, g34313	Cg007G276320
OG0020628	g22082, g49194, g9288, g22544, g48864, g8185, g42371, g42352, g49197, g34637, g34633	Cg004G144100
OG0020666	g23557	Cg001G012220
OG0020694	g25242	Cg002G063820
OG0020802	g5619	Cg005G180780
OG0020832	g31495	Cg006G231880
OG0020893	g45744	Cg007G256530
OG0020909	g19630	Cg003G115590
OG0020942	g1084, g28568	Cg003G104280
OG0020954	g50495	Cg006G217810
OG0020971	g44876	Cg007G267840
OG0021028	g1350	Cg003G097280
OG0021032	g20174, g8139	Cg019G335100
OG0021062	g53358, g53352, g27966, g33138	Cg005G189000
OG0021068	g29383	Cg008G302320
OG0021097	g19037	Cg002G050090
OG0021232	g11255	Cg002G049170
OG0021237	g41689	Cg007G267380
OG0021368	g20173, g8138	Cg019G335080, Cg019G335090
OG0021408	g44039	Cg007G250000
OG0021422	g53980	Cg006G206930
OG0021455	g11078	Cg008G320230
OG0021481	g39673	Cg008G320490
OG0021482	g18219	Cg001G005320
OG0021562	g48799	Cg019G334950
OG0021565	g3054	Cg008G316080
OG0021613	g25663	Cg003G081070
OG0021723	g2699, g19429	Cg002G058280
OG0021791	g40756	Cg007G245750
OG0021930	g53037	Cg004G144090
OG0022061	g8141, g20175	Cg019G335110, Cg019G335170
OG0022091	g22652, g15081, g29925	Cg003G086910, Cg003G086920, Cg003G086930
OG0022187	g41975	Cg007G264710
OG0022234	g19193	Cg002G053020
OG0022491	g21634, g42256, g15639, g33146	Cg008G321780
OG0022536	g31701, g6722	Cg007G264090
OG0022674	g8142, g20176	Cg019G335160
OG0022761	g49463	Cg006G241620
OG0022766	g12825, g40700	Cg004G120780
OG0022857	g27242, g27238, g27234	Cg004G154480
OG0023040	g3372	Cg001G008790
OG0023410	g33490, g33542, g33538, g21474	Cg003G095590, Cg003G090070
OG0023412	g28025	Cg007G275800
OG0023567	g14485, g40697	Cg013G330290
OG0023745	g47847	Cg001G006650, Cg001G006620
OG0023989	g12234	Cg004G151530, Cg009G325810
OG0024010	g50564	Cg006G215600
OG0024628	g13776, g13774	Cg003G086990
OG0024629	g48763, g8062	Cg019G334980
OG0025144	g32174	Cg006G220520
OG0026255	g25847	Cg001G035760
OG0026476	g11657, g13546	Cg002G055700
OG0026479	g53439, g43639	Cg006G214530
OG0029432	g24276, g6124	Cg003G101370
OG0029438	g26935	Cg006G242070
OG0029442	g13619	Cg007G277760
OG0035543	g17698	Cg002G064600
OG0035553	g122	Cg003G113870
OG0035579	g39532	Cg007G260670
