Orthogroup	Aethionema_saxatile	Erysimum_linariifolium
OG0000000	As001G006630, As006G147610	El001G044760, El004G210980, El005G262990, El005G263050, El005G264050, El003G177780
OG0000000	As011G257780	El003G182470, El006G298040, El001G044720, El001G051780
OG0000002	As004G091160	El002G130310
OG0000004	As007G177100	El006G291650, El007G350510, El002G127280, El005G255260
OG0000004	As009G212350	El001G079820
OG0000005	As001G006250	El002G123530
OG0000005	As007G177090, As005G111430	El003G183090, El002G106850, El007G348140, El004G202650
OG0000006	As011G261190	El004G209180
OG0000006	As010G228090	El006G316810, El001G046690, El007G324910, El001G079730
OG0000010	As005G110910, As011G258980, As010G231140, As004G091500, As010G230230, As010G226790, As005G110530, As010G230410, As011G260030, As011G260080	El007G350710
OG0000011	As002G041210	El004G200940
OG0000011	As012G276770, As007G163680, As002G041220, As004G093340	El002G082610
OG0000012	As007G176710	El006G310180, El001G048000, El003G154210, El007G344400, El007G350120
OG0000013	As008G192150, As010G226760, As001G010890	El006G310400
OG0000013	As003G066310, As007G165470, As003G067330, As002G039360, As005G111230, As002G039700, As011G257240, As010G228560, As003G066630, As002G039780, As001G012770, As007G167080, As012G280310, As007G176700, As002G039000, As012G279120, As001G006220, As010G228600, As001G010900, As002G042370, As007G165620, As007G165630, As001G013310	El007G350800
OG0000015	As007G163280, As004G091800, As011G257210, As008G195330, As004G086610	El001G070750, El003G167160
OG0000015	As010G225860	El060G376140, El053G375740
OG0000017	As006G147350	El007G356670
OG0000017	As006G144790, As012G280790	El004G210020
OG0000019	As009G203070	El002G122780
OG0000019	As004G091650	El006G281410
OG0000020	As007G165150, As001G010310, As001G015320	El005G264160
OG0000020	As009G211210, As012G277620, As011G260540, As001G015300	El001G045330, El001G045300, El001G045270
OG0000021	As003G071480, As010G232120	El005G277430, El007G325630, El001G045050
OG0000023	As003G061280	El003G162000
OG0000023	As003G061270	El003G162130
OG0000026	As008G188870	El004G210040, El002G122340, El004G232830, El002G140810, El005G251640, El006G294370
OG0000029	As001G005440	El006G302870, El002G125750, El008G368530
OG0000029	As004G091740, As005G109110	El003G179090, El007G348030, El008G371400, El008G371420, El008G371370, El008G371360, El001G044810
OG0000029	As008G192170	El006G307470
OG0000030	As011G260570, As011G260600, As010G228030, As011G258250	El007G358700, El008G371380, El007G349640
OG0000030	As001G013350	El003G181960
OG0000031	As001G032000	El004G197790, El004G197660
OG0000031	As006G134510	El003G192370, El005G253470, El003G157520
OG0000033	As003G061230, As003G061200, As003G061190, As003G061240	El003G162140, El003G162150
OG0000033	As003G059410, As003G059430, As003G059400	El003G164670
OG0000033	As003G061210, As003G061160	El003G162180, El003G162220, El001G014890
OG0000033	As004G086230	El001G004730
OG0000034	As011G258840	El006G311550
OG0000036	As010G230940, As008G183620, As012G280180, As011G261090	El003G178170
OG0000036	As012G279790, As002G038510, As005G109970, As010G231320, As003G065720, As012G280900	El006G309110
OG0000036	As008G192160	El006G312180
OG0000038	As009G211050, As009G210990, As009G210820	El006G281890, El006G282510
OG0000038	As007G157540	El006G282520
OG0000043	As010G230440, As005G110900	El007G350700
OG0000048	As006G137090, As006G137040, As006G137120, As006G137000	El005G238400, El005G238360
OG0000048	As006G136970	El003G193700
OG0000048	As001G017720, As001G017740, As001G017730, As001G017710	El006G321480
OG0000049	As007G177650, As001G000050	El001G020690
OG0000055	As001G022050	El001G016330, El001G016310, El001G016300
OG0000055	As001G022060	El004G198020
OG0000063	As006G129610	El001G014950
OG0000063	As010G224630	El002G090480
OG0000063	As006G129480, As005G114650	El006G292790
OG0000065	As012G279540, As012G279660	El002G116640, El002G116630
OG0000065	As002G040810	El003G166430, El007G349160
OG0000066	As010G237910	El003G143700
OG0000066	As002G052230	El004G228220, El004G228230, El002G122920
OG0000066	As002G052910	El002G091950, El001G042280, El001G071590, El001G071600, El007G324790
OG0000066	As005G118450	El007G324780
OG0000067	As011G256070, As011G256050	El001G050000
OG0000070	As006G149230, As011G259300	El002G125720
OG0000073	As006G137430	El002G132380, El007G343060, El004G214500
OG0000078	As004G095030	El008G368270, El008G368260
OG0000079	As012G285110	El005G237320, El005G272390, El005G237310, El004G213350, El004G213320, El004G213370, El005G273970, El004G207470, El001G030540, El007G357730, El003G187300, El003G187270, El003G187260, El003G187360, El003G187320, El003G187370, El003G187350, El003G187330, El003G187280, El004G196920
OG0000083	As006G138550	El007G352220, El007G352210, El005G265380, El004G223260, El005G262880, El005G263710, El005G263680, El005G263720, El005G262910, El005G271190, El005G271150, El005G271260, El005G271250, El005G271160, El005G265390, El006G317480, El006G317520, El006G317460, El006G317530, El006G317470, El006G317450, El006G313440, El005G240260
OG0000086	As009G216030, As009G216300, As009G216040	El002G123600, El004G210560
OG0000087	As010G222260	El001G056180
OG0000087	As006G128780	El006G303330
OG0000087	As002G051000	El001G069260
OG0000087	As012G274980	El006G296420
OG0000087	As004G086530	El007G360740
OG0000087	As003G058850	El003G165170
OG0000087	As010G237710	El004G228430
OG0000088	As010G225400, As010G225450, As010G225490, As010G225520, As010G223920	El001G013540, El007G357210, El001G017100, El005G272510, El001G016960, El001G016980, El001G017010
OG0000088	As010G223910	El001G016470
OG0000089	As002G053510	El001G072250
OG0000089	As011G250900	El002G133200
OG0000089	As012G277570	El001G024400
OG0000089	As010G224530, As005G115200	El007G331780, El001G015710
OG0000090	As004G082910	El007G355500
OG0000090	As003G065330	El004G228750
OG0000090	As012G273080	El001G031660, El003G147970, El001G038160, El001G038170, El001G049400, El001G038180, El002G093200
OG0000093	As012G284680, As012G284700, As012G284660	El002G128830, El005G270280, El001G029880, El004G202240, El004G202270, El005G270290, El005G270300, El005G270240, El004G214760, El005G270230
OG0000096	As004G087370, As004G087300, As004G087270	El007G361830
OG0000097	As004G086430, As004G086420, As004G086450, As004G086440	El001G004470
OG0000098	As008G184800, As008G185150, As008G185550, As008G185540, As008G184910, As008G186330	El002G095770
OG0000102	As002G042100	El006G302470
OG0000104	As012G271190, As012G271200	El002G136420, El002G136360
OG0000106	As002G041170, As002G041390, As002G041440	El005G259530, El001G010720, El005G256190, El005G255570, El005G256210, El005G255560
OG0000107	As011G252300, As011G252330, As011G252210, As011G252280, As011G252200, As011G252220	El005G257840
OG0000107	As011G252340	El005G257830, El005G257820, El003G184930, El003G187830, El007G362890, El001G039680, El005G258940, El005G270120
OG0000108	As007G178740, As007G178690, As007G178710, As007G178650, As007G179450, As007G178680, As007G178630, As007G178700, As007G178760, As007G178720, As006G126350	El001G053220, El001G053160, El001G053150, El001G053080, El001G053060, El001G053120, El001G053110, El001G053070, El001G053140, El001G047240, El007G364310, El007G323300, El001G009690, El006G281400, El006G309530, El006G297420, El006G297320, El006G297490, El006G297230, El002G139550
OG0000112	As011G262130, As011G262140, As009G217680, As009G217690	El007G329910
OG0000114	As006G137050, As006G137080	El004G213600, El001G070430, El004G206200, El004G206180, El004G205940, El004G206220, El002G128610, El003G187140
OG0000116	As011G261080, As012G277730, As011G256700, As005G108990	El006G309080
OG0000116	As011G258760, As005G110110, As002G038220, As005G111020, As012G280150, As012G276960, As008G190300, As008G190470, As008G191770, As004G091900, As005G109310, As010G228680, As010G228670, As010G228700, As011G260000, As007G165280, As007G163410	El005G266280, El003G181290, El002G126330, El004G208040, El003G160430, El001G048920, El007G350210, El004G213450, El001G046840, El004G209170, El001G081080, El007G335700, El004G218070
OG0000118	As006G122720, As006G121860, As006G121720, As006G121830, As006G121700, As008G188770	El001G001700, El001G001530
OG0000123	As008G183720	El001G013920, El003G177660
OG0000125	As012G277440	El006G292880
OG0000125	As005G107620	El005G244660, El001G080460
OG0000125	As005G113770	El001G057350
OG0000125	As005G114700, As010G224880	El007G331030
OG0000125	As006G129500	El006G304720
OG0000127	As008G186430, As008G186390, As008G185640, As008G186440	El001G001730
OG0000130	As005G110830	El002G120060
OG0000133	As004G090110, As010G227760, As002G038290, As007G165020	El005G265050
OG0000133	As007G167120, As007G166850, As004G092840, As011G261830	El001G044680, El003G179460, El003G179450
OG0000135	As002G042510, As003G066190, As008G191880, As005G111990, As004G096380, As007G164280, As003G056190, As005G109510, As001G016500, As009G209990, As009G209980, As002G040350, As002G033550, As003G063030, As006G148760, As009G206440	El007G346110
OG0000135	As001G005020	El004G202160
OG0000136	As001G028730	El004G215950, El004G215940
OG0000136	As005G116580, As005G116570	El004G209050, El004G209110
OG0000138	As004G077560, As004G078140	El004G229780
OG0000138	As010G224060	El006G314590
OG0000138	As001G027950, As001G027940, As007G161530	El001G045810, El001G045830
OG0000140	As005G115230	El007G331970
OG0000140	As005G115280, As005G115270, As005G115260, As005G115240, As008G190370	El007G332020, El007G332560, El007G332570, El007G332540, El007G332580, El007G332590, El007G332010, El007G332000
OG0000145	As003G069750	El001G032500
OG0000146	As002G047180	El007G336850
OG0000146	As002G047190	El007G336810, El007G336820
OG0000147	As011G265720	El005G277400
OG0000147	As001G002190	El003G152940
OG0000147	As002G049060	El007G334350
OG0000147	As010G243490	El004G233720
OG0000147	As010G227330	El001G047010
OG0000147	As011G259420	El005G271430
OG0000149	As010G224590	El001G015560
OG0000149	As010G224610	El006G308870, El007G331430
OG0000150	As010G225230	El006G312860
OG0000150	As010G225180, As010G225220, As010G225210	El006G312870, El001G014430, El006G312840, El006G312880, El006G312950, El006G312930, El001G011280
OG0000151	As007G166070	El003G156070
OG0000151	As006G141980, As006G133740	El005G243780
OG0000151	As011G263600	El005G273960
OG0000151	As002G047900	El007G336000
OG0000151	As001G030700	El004G194600, El003G193180
OG0000154	As002G034300	El005G244620
OG0000155	As003G059350	El001G002450, El001G002560, El001G002510, El001G002610, El004G214530, El004G213730, El004G214590, El003G164690
OG0000155	As003G059230, As003G059200	El001G050480, El005G272960
OG0000156	As012G287040, As012G287050	El001G032910
OG0000156	As005G101590, As008G189910, As005G101570, As005G101560, As005G101580	El006G282860
OG0000156	As001G028010	El001G032920
OG0000162	As012G286460	El003G183220
OG0000162	As012G286400, As012G286420, As012G286480, As012G286450, As012G286430, As012G286540, As012G286510, As012G286530, As012G286410, As012G286470, As012G286550, As012G286570	El002G134880, El001G032190
OG0000162	As005G102210	El006G283560, El006G283550
OG0000164	As011G264140, As011G262780	El003G154310, El003G154300
OG0000166	As011G260470, As002G040840	El003G188790, El003G188850
OG0000166	As003G065570, As004G089950, As010G228950, As010G228940, As005G111670, As004G092330, As003G068080	El004G197940
OG0000167	As003G057890	El003G166330
OG0000168	As008G194570	El007G366060, El007G366100
OG0000168	As010G230090	El006G293350, El004G205010
OG0000169	As010G239290	El006G316110
OG0000171	As005G099780	El006G280730, El002G093670
OG0000171	As001G020870	El004G201030
OG0000171	As009G200410	El001G066810
OG0000175	As010G220360	El001G021550
OG0000175	As007G156270	El002G104420
OG0000175	As011G263590	El003G147420
OG0000178	As001G013240	El001G013310
OG0000184	As004G089570	El002G135760
OG0000187	As001G003940	El003G151270
OG0000187	As001G003960	El003G151220
OG0000190	As004G085680	El001G005540, El001G005520, El001G005530, El001G005460, El001G005500, El001G005510, El005G265350
OG0000192	As007G157190	El002G105660
OG0000195	As001G028840	El003G186220, El004G215670
OG0000195	As002G033300	El001G012120
OG0000200	As008G194290	El004G202190
OG0000203	As006G136770	El005G238860
OG0000204	As011G253820	El007G342080
OG0000204	As011G254640, As011G254620, As011G254600, As011G254610, As011G254630, As011G254590	El005G261570
OG0000207	As003G061070	El004G232160, El002G100990
OG0000208	As003G075200, As003G075180, As003G075210, As003G060140	El003G142990
OG0000208	As003G075160	El003G143000, El007G341810
OG0000213	As002G038840	El006G319110, El006G319120, El006G319100, El006G319080
OG0000217	As001G019850	El004G203150, El004G202950, El004G203070
OG0000218	As001G022650	El002G099000, El002G099030, El002G099010, El002G099020, El001G040840, El001G040850, El001G036390
OG0000219	As001G028500, As001G028480	El004G216370
OG0000219	As003G064990	El007G327350
OG0000220	As010G227890	El008G369090
OG0000221	As002G040520	El008G369870
OG0000224	As010G235950, As010G235920, As010G235890, As010G235940, As010G235900, As010G235880	El004G230600, El004G230590
OG0000224	As001G031540	El005G267900, El004G196560, El004G196620, El004G196600
OG0000225	As003G069680, As003G070050	El002G115460, El002G115540, El002G115490, El002G115450, El002G115470, El002G115510, El002G115440
OG0000225	As003G070030	El002G115500
OG0000228	As007G159250	El001G048740, El001G048760
OG0000228	As010G233780, As010G233750	El002G108430
OG0000228	As010G233770, As011G262150, As010G233790, As010G233800	El005G273580, El004G222520, El004G222650, El004G222500
OG0000231	As004G077900	El003G188200
OG0000232	As002G036540, As006G139020	El002G128560, El005G261940, El005G261950, El005G261880, El005G261890, El005G272620
OG0000234	As012G281460	El001G025990
OG0000234	As006G143800	El001G025980, El006G290620
OG0000234	As009G210340	El001G068080
OG0000237	As010G229740	El005G266480, El003G180350
OG0000237	As011G257810	El001G043200, El002G125730, El006G311120
OG0000242	As008G183340, As008G183330	El005G272850, El002G097950, El002G097960, El002G097970, El002G097940
OG0000244	As003G059930	El003G163990
OG0000244	As004G085820	El001G005180
OG0000244	As003G059920, As003G059880, As003G059910, As003G059890, As003G059900	El003G164310, El003G164000
OG0000244	As004G085860, As004G085850	El001G005170, El001G005160
OG0000246	As011G246640, As012G280010	El007G366210
OG0000248	As001G019970, As001G019960, As001G019950, As001G019930, As001G019460, As001G019420	El004G205450
OG0000249	As012G276740	El001G008040
OG0000249	As006G145330, As008G193990, As006G145350, As006G145320	El001G010190, El001G010200
OG0000257	As002G035710, As012G268510	El003G190500, El006G318270, El001G009800
OG0000258	As002G048970	El007G334450
OG0000264	As004G086270, As010G229170	El001G003610
OG0000268	As001G023230	El001G037050
OG0000268	As001G023220, As001G023200	El004G198500
OG0000268	As001G023210, As001G023190	El001G037010
OG0000268	As005G106920	El001G081300
OG0000268	As012G278370	El001G024850
OG0000270	As003G075960	El005G273730
OG0000270	As001G014420	El003G142380
OG0000270	As010G237880	El002G104230
OG0000270	As007G156110	El004G228250
OG0000271	As004G086280	El001G004610, El001G004620
OG0000273	As007G156970	El002G105290
OG0000273	As012G273480	El002G132430
OG0000274	As005G114920	El007G331270
OG0000274	As006G128840, As006G128830	El006G303380, El006G303400
OG0000276	As009G205840, As009G205860, As003G058460, As001G005010, As004G093920	El003G177930
OG0000276	As007G163350, As007G163430	El003G165590
OG0000277	As004G096710	El003G172500, El003G172490
OG0000279	As001G004840, As010G237280	El006G309180
OG0000279	As007G165600	El001G046110, El001G046100
OG0000280	As002G035770	El006G320040
OG0000282	As002G055220	El001G074210
OG0000283	As006G125110	El007G358960
OG0000283	As006G125160, As006G125170, As006G125120, As006G125130	El007G358950, El007G358900, El007G358940, El007G358910
OG0000284	As006G139300	El001G051110
OG0000284	As006G139290	El001G010020, El005G240890, El007G347650
OG0000293	As011G259530	El001G045760
OG0000293	As008G183660, As010G232130, As005G108620, As004G086880, As002G041480, As001G006100, As010G228040, As012G281040, As007G178790, As004G092500, As002G035750, As012G280660, As001G012420, As008G183780, As010G226290, As003G071470, As002G038540, As007G178480, As009G209600, As001G010260, As008G190530, As004G096370, As001G004210, As008G187190, As010G221940, As003G075280	El007G348670
OG0000294	As011G249490	El005G254320
OG0000294	As012G273960	El002G131540
OG0000294	As006G145420	El006G293670
OG0000294	As005G099900	El006G280820
OG0000294	As006G122700	El001G002070
OG0000294	As008G198060	El002G084190
OG0000295	As011G246810	El004G213700, El004G213760
OG0000297	As008G198730	El003G145640, El006G304920
OG0000297	As005G114280	El007G330520, El005G257220
OG0000299	As004G094650, As004G094810, As004G094790, As004G094750, As004G094730, As004G094760, As004G094670, As004G094660, As004G094800	El004G215990
OG0000299	As012G267900	El002G141100
OG0000300	As008G194750	El005G270370
OG0000303	As003G069740	El004G204690, El001G012020, El001G039690, El005G277320, El002G128090
OG0000308	As010G240850, As010G240840, As010G240940, As010G240920	El002G101740, El004G224970, El006G308510, El006G308560, El003G190640, El002G101720
OG0000310	As005G115910, As001G004860, As001G003850, As005G113880	El002G106070, El007G331450
OG0000311	As009G202530	El001G064420
OG0000311	As012G273730	El002G132070
OG0000311	As011G249880	El005G254740
OG0000311	As001G029000	El004G215340
OG0000313	As003G058420	El003G165610
OG0000313	As007G163450, As007G163440	El003G165600
OG0000313	As003G064930	El003G178140
OG0000314	As008G195840	El002G086800
OG0000314	As006G125760	El006G299440, El002G086810
OG0000316	As008G187440, As008G187910	El006G313460, El006G313430, El006G288940, El006G288750, El006G313470
OG0000319	As006G129730, As005G114310, As008G191530	El002G090600, El002G090610, El007G330560
OG0000321	As001G010170	El003G185760, El003G185810, El003G185430, El003G181320
OG0000322	As009G214030	El004G231760
OG0000322	As007G153590	El002G129460, El006G289270, El006G309790, El006G309860, El002G125390
OG0000323	As005G112480	El003G156480
OG0000327	As008G195090, As008G195100, As011G263130	El002G109100, El002G109110
OG0000328	As001G029880	El003G174750
OG0000328	As004G078040, As004G078080, As004G078060, As004G078050, As004G078070	El003G188550
OG0000329	As007G180560	El006G284470, El003G174280, El006G313370
OG0000332	As002G033230	El001G060380, El001G060390
OG0000334	As012G277630	El001G024470
OG0000334	As006G146780	El006G292570, El027G373440, El004G212490, El001G002940
OG0000338	As008G188190, As008G188080, As001G019490, As001G019290	El002G092400, El002G092490
OG0000339	As003G061400	El003G161790
OG0000339	As006G121550	El001G000520
OG0000339	As005G101130, As012G287430	El006G282150, El001G033440
OG0000340	As005G103820	El006G285360
OG0000340	As005G103800, As005G103810	El006G285340
OG0000344	As009G215190, As009G215530	El001G051930
OG0000348	As002G041810	El004G225860, El007G346220, El004G225870
OG0000348	As002G040050	El006G318050, El007G363860, El003G159600, El003G182960
OG0000350	As003G070220, As003G070200	El002G115770
OG0000351	As011G246630, As009G207800, As011G246680	El002G121580
OG0000351	As011G246600	El007G329340
OG0000351	As009G207810, As011G246650	El002G121570
OG0000351	As007G177900	El005G250820
OG0000352	As007G153380	El006G309450
OG0000358	As006G124930, As008G196330	El002G086200, El001G072530
OG0000358	As008G196390	El007G359240, El001G072540, El001G072550
OG0000359	As012G275420	El006G296860
OG0000360	As005G119730	El007G323130, El007G323140
OG0000362	As009G205230	El004G212950
OG0000362	As006G134970	El004G212880
OG0000363	As009G209420	El002G126200, El002G126220, El007G351340
OG0000368	As003G073560, As003G073580	El003G144810, El003G144790
OG0000368	As003G073600, As003G073590	El004G215830, El003G144770, El003G144760, El003G144750
OG0000369	As006G145250, As010G224820, As006G129520, As008G192050	El002G090430
OG0000370	As007G153440	El003G185270, El002G101090, El002G101100, El002G101070, El001G014550, El003G159300, El003G159280
OG0000371	As005G099710, As005G099720	El002G111190, El006G280660, El002G085130, El006G280670, El006G280650
OG0000372	As006G132540, As006G132550	El003G157140, El003G173700, El003G157160, El003G157170, El003G173780
OG0000373	As006G149560	El007G354680, El042G374880, El011G372030, El008G370960, El008G371140, El008G368190, El008G367050, El008G367680, El030G373760
OG0000377	As001G021080	El004G200530
OG0000382	As006G122900	El002G084270, El001G002380
OG0000382	As008G188710	El002G091920
OG0000383	As003G069230	El002G114440, El002G119180
OG0000383	As003G069340, As003G069370, As003G069310, As003G069390, As003G069380	El002G114400, El002G114390, El002G114430
OG0000384	As011G247740	El002G137770, El002G137730, El002G137740, El002G137760
OG0000386	As001G025230, As001G025220, As011G256850	El001G040470, El001G040480
OG0000386	As012G276900, As012G276880	El001G023910
OG0000390	As001G012620	El001G056560
OG0000390	As011G251840	El005G257120
OG0000391	As007G158340, As007G158380, As007G158390, As007G158370, As007G158360	El002G107410, El002G107390
OG0000392	As010G221170	El003G176130
OG0000392	As010G221200, As010G221190, As010G221180	El003G176120, El003G176430
OG0000396	As001G026970	El001G043390
OG0000396	As001G026990, As001G027000, As001G027010	El001G043470, El001G043530, El001G043540, El001G043570, El001G043490, El001G043520
OG0000398	As012G268810	El002G140190
OG0000402	As001G032230, As003G065580, As005G099570, As012G279030, As011G256760, As002G038770, As002G036320, As008G185740, As009G212360, As007G178600, As002G037860, As007G176730, As007G176740, As007G176750, As005G112780, As012G277040, As008G191550, As009G207420, As009G210350	El004G203740, El006G281800
OG0000403	As001G020780, As001G020790	El004G201290
OG0000404	As012G276100	El001G023000, El006G294700, El005G247060
OG0000406	As006G136090	El001G063970, El001G031450, El003G186520, El005G237360
OG0000407	As009G201130, As009G201860	El001G007400, El001G065720, El001G078960, El001G078950
OG0000411	As001G022090	El004G198670
OG0000411	As011G261620	El005G270540
OG0000411	As004G085710	El001G005390
OG0000411	As003G060010	El003G163700
OG0000412	As002G046400	El007G337740
OG0000412	As012G271680	El002G135360
OG0000413	As011G245460	El005G249460
OG0000413	As002G048240	El003G158150, El007G335400
OG0000414	As003G058750, As003G058770, As003G058760	El002G110530
OG0000415	As005G104640	El001G069430, El001G049570, El001G049550, El001G049580, El001G049150, El006G286470
OG0000416	As006G125710	El006G300650, El006G300480
OG0000416	As006G127220, As008G194210	El006G316630
OG0000417	As007G163710, As008G186410	El005G267220, El005G267230, El007G344240, El005G267240, El001G006910, El001G009680
OG0000420	As010G222670	El006G289320
OG0000420	As001G015280	El003G191940, El003G191980, El003G184480, El003G193530
OG0000421	As004G078160, As004G078150	El003G188860, El003G188830, El003G188770, El003G188820, El003G188810, El003G185740, El003G185800, El003G178490, El003G188880, El003G188870
OG0000422	As008G188280, As008G188290, As008G188300	El002G092300, El002G092310, El002G092290, El002G127460
OG0000423	As010G241040	El004G224830
OG0000429	As009G215310	El001G052920
OG0000429	As002G052030	El001G070450
OG0000429	As001G004910	El003G150450, El006G314410
OG0000430	As011G263500	El005G273810
OG0000430	As001G014590	El003G147560
OG0000431	As001G019780	El004G203320
OG0000431	As008G187750	El002G092990, El002G092980
OG0000432	As002G044400	El007G340870
OG0000432	As006G134280	El003G157860
OG0000432	As002G047750	El007G336140
OG0000433	As003G075370, As003G075380, As003G075360, As003G075330, As003G075320, As003G075390, As011G250230, As008G187390, As008G187380, As008G187400	El004G205710, El004G205510, El004G205720, El001G047980
OG0000436	As011G266430, As002G048360	El003G158230, El007G335250, El005G278170
OG0000437	As003G062850	El002G121440
OG0000438	As004G085300	El001G006030
OG0000439	As008G194170	El002G088370
OG0000439	As012G285510	El001G031050
OG0000439	As006G127290	El006G301030
OG0000440	As006G136440	El005G237720, El006G294680, El001G063480, El005G237700
OG0000441	As011G248660	El005G253210
OG0000441	As011G248650	El005G253200, El005G253190
OG0000446	As009G219000	El007G328120
OG0000446	As001G023650	El001G037830
OG0000446	As008G183010	El002G098330
OG0000447	As011G247170	El005G251460
OG0000447	As004G081330	El006G297870
OG0000447	As003G069220	El002G114360
OG0000448	As004G089550	El007G365940, El007G365930, El007G365950
OG0000449	As010G224860	El001G015080
OG0000449	As005G114720	El007G331050
OG0000449	As010G224870	El001G015070
OG0000449	As005G114730	El007G331060
OG0000452	As001G002300, As001G002310	El007G350560
OG0000453	As008G192590	El006G308850
OG0000454	As002G044440, As002G044430, As002G043530, As002G043510, As002G043520	El007G357850, El007G340800, El007G340780
OG0000458	As002G043040	El007G327050
OG0000459	As003G058960	El003G185370, El003G179210, El003G164990, El001G048170, El001G047570
OG0000460	As005G099100	El002G120170
OG0000461	As008G199680	El002G082400
OG0000462	As009G214710	El003G187410, El003G187420, El001G066140
OG0000463	As010G224360, As010G224370	El001G015990, El001G015960
OG0000465	As001G010580, As004G090240	El004G212890
OG0000466	As002G032990, As003G058720, As003G058680, As007G181090, As007G181100, As007G181730, As007G181390, As002G038080, As009G205530, As002G045940, As002G033580, As002G036910, As002G036900, As002G036920, As009G205540, As009G206460, As009G202280, As009G202290, As002G033670	El002G133690, El002G133670, El001G079410, El004G219990
OG0000468	As012G280020	El001G025490
OG0000468	As006G125920	El006G299240
OG0000468	As006G144160	El006G291120
OG0000471	As003G069540, As003G069550	El002G114900, El002G114910, El002G114950, El002G114940
OG0000472	As004G097070, As004G097040, As004G097060, As004G097030, As004G097050	El003G190770
OG0000472	As004G097020	El003G190760
OG0000473	As012G288330, As005G099530	El001G034670
OG0000474	As009G216860, As011G261780, As010G222300	El001G018580, El001G056310, El006G317600
OG0000477	As003G057970	El006G291920, El005G274770, El007G333070, El001G074740
OG0000483	As002G047220	El007G336760
OG0000487	As006G137570, As008G196100	El006G298580
OG0000495	As001G001610, As001G001580, As001G001640, As001G001650	El003G181150, El006G311560, El003G181140, El003G181130, El006G311570, El003G184390, El007G338650
OG0000495	As007G179430, As007G177930	El006G318410, El005G260350, El006G318420
OG0000496	As002G041620, As001G004760	El004G209190
OG0000496	As001G012100, As004G090800	El002G127540
OG0000496	As002G041610	El007G352050
OG0000497	As009G210870, As009G211010	El001G051880
OG0000498	As002G045150	El007G339720
OG0000499	As003G056720	El003G168300
OG0000499	As012G269540	El005G250740
OG0000500	As004G087530, As004G087510, As004G087540, As004G087560, As004G087480	El007G362300
OG0000500	As004G087470	El007G362180, El007G362380
OG0000501	As010G232220	El002G124350
OG0000504	As006G143860	El001G080270, El006G290560
OG0000504	As002G037010, As002G034340	El005G244670
OG0000505	As009G215510	El001G053560, El001G053720, El001G053900
OG0000506	As010G234690	El001G076020, El004G223710
OG0000510	As001G020890, As001G020900	El004G201010, El004G200990, El004G200980, El004G201000, El004G200950, El004G200930, El004G200920
OG0000511	As011G254140	El005G260930
OG0000511	As001G032060	El004G198000
OG0000512	As003G061390	El003G161870, El003G161830, El005G278610, El005G278600, El003G161800, El003G161820
OG0000513	As006G146210	El001G024240
OG0000513	As005G114770	El001G015200, El007G331120
OG0000514	As011G252640, As011G252630	El005G258100
OG0000515	As012G267810	El002G141390
OG0000521	As003G063570	El002G124400
OG0000521	As004G080410	El001G010450
OG0000521	As007G158420	El004G231650
OG0000522	As004G083810	El002G120450, El002G120470, El002G120480, El002G120460, El001G008630, El001G008720
OG0000523	As005G100530	El006G281490, El006G281500
OG0000523	As012G287730	El001G033890
OG0000524	As006G141600, As006G141560, As006G141590	El005G243280, El007G349900
OG0000525	As010G241940	El004G231940
OG0000525	As011G246900	El005G251140
OG0000525	As012G269710	El002G138890
OG0000526	As010G223400	El001G017270, El001G017260
OG0000526	As010G223440	El001G017250
OG0000529	As005G113510, As005G113490, As005G113470	El001G057870, El001G057980, El001G057930, El001G057910
OG0000530	As009G203010, As009G203020, As009G203100, As009G203060, As009G202740	El001G063850
OG0000533	As007G180830	El006G320740
OG0000534	As007G167300, As001G022180, As001G022190, As001G022170, As001G016060	El001G009890, El004G198430, El004G198470, El004G198440, El004G198450, El005G262070
OG0000535	As001G023310	El001G037170, El001G037140
OG0000537	As006G124070	El001G004010
OG0000537	As004G093070	El003G179510, El003G179620
OG0000537	As006G141200	El005G242790
OG0000538	As005G103710, As005G103700	El006G285250, El006G285280, El002G122690, El006G285260
OG0000539	As005G120910	El007G321890
OG0000540	As006G128870, As006G128860, As006G128850	El006G303390, El006G303410, El006G303420, El006G303430
OG0000542	As009G202020	El001G065210
OG0000542	As012G273170	El002G132600
OG0000543	As007G177800	El006G316900, El004G207440
OG0000544	As008G195060	El004G214840
OG0000545	As010G238530	El004G227580
OG0000546	As011G264020, As011G264080, As011G264050, As011G264010, As011G264090, As011G264000, As011G264100, As011G263960, As011G264110, As011G263990, As011G264030, As011G264060, As011G263920, As011G264120, As011G263950, As011G263980	El005G274410, El005G274380, El005G274350, El005G274360, El005G274370
OG0000550	As002G037320	El001G023010
OG0000550	As006G144690	El006G294690, El002G139510
OG0000551	As005G117770	El007G325660
OG0000551	As003G075520	El003G142820
OG0000551	As002G053470	El001G072190
OG0000552	As007G159560, As003G061630	El002G108750
OG0000553	As003G063020, As003G063040	El002G122120
OG0000553	As003G063070, As003G063050	El002G121840, El002G121870, El006G320810, El006G320920, El002G121880, El002G122090
OG0000554	As007G157590	El004G199370
OG0000555	As003G067180	El001G006440, El001G006420, El001G006400, El002G132040, El001G006430, El001G006410, El002G093260
OG0000556	As006G140800	El007G347100
OG0000557	As012G286190	El001G031980, El001G031990
OG0000559	As005G107810	El001G080000, El001G079990
OG0000560	As005G115530	El007G331600, El007G331590
OG0000560	As008G196260, As008G196230	El002G086290
OG0000561	As005G118160	El004G230080, El007G325210, El007G325200
OG0000562	As006G139230	El005G240840
OG0000562	As009G200380	El001G066850
OG0000562	As009G205610	El001G051040
OG0000564	As007G177230	El003G151240, El003G183160
OG0000565	As010G233050	El001G066430, El007G339140
OG0000566	As011G250840	El001G059810, El002G122870, El002G120910, El002G120890
OG0000570	As006G135060	El005G236220
OG0000570	As009G217810	El007G329730
OG0000571	As005G113940	El007G330150
OG0000571	As008G191230	El002G090790, El002G090800
OG0000578	As008G187240	El002G093390
OG0000578	As001G020350	El004G201790
OG0000579	As002G044410	El003G158750
OG0000579	As004G098040	El003G192870
OG0000580	As005G102980	El006G284550
OG0000582	As005G113410	El002G091090, El001G058060
OG0000582	As006G130460	El006G306650
OG0000583	As006G127330	El002G088500, El006G301100
OG0000584	As006G124400	El007G360170, El007G360210
OG0000584	As001G000400	El003G155370, El005G279020
OG0000585	As012G275350	El005G250920, El006G296810, El002G116030
OG0000586	As011G263800	El005G274260, El005G274270
OG0000586	As004G082960	El007G356130
OG0000587	As006G122410	El001G001680
OG0000587	As005G100170	El006G281050
OG0000587	As008G198370	El002G083840
OG0000588	As011G247080	El005G251300
OG0000588	As005G104750	El006G286410
OG0000588	As012G269820	El002G138330
OG0000589	As005G114800	El007G331140
OG0000589	As010G224800	El001G015220, El001G015210
OG0000590	As006G138710	El005G240490
OG0000590	As009G205980	El001G050260
OG0000590	As008G197660	El002G084540, El001G046970
OG0000592	As011G250170	El005G255230
OG0000592	As010G239910, As007G154690	El002G102180
OG0000594	As010G222860	El001G017880, El001G017870, El001G017890, El001G017910
OG0000595	As010G226140	El001G012760
OG0000596	As010G227450	El007G337050
OG0000600	As002G048280	El007G335330
OG0000600	As001G001180	El003G154330
OG0000601	As009G201050, As006G135040	El001G065960
OG0000601	As001G027850	El003G189040, El001G045460
OG0000602	As012G276820	El001G023830
OG0000602	As002G034860	El005G245050
OG0000604	As007G163770, As012G288540	El003G159740
OG0000605	As010G239470	El004G226470
OG0000605	As010G239480	El004G226450
OG0000606	As011G248160	El005G252680
OG0000606	As010G244280	El004G234540
OG0000606	As012G270700	El002G137160
OG0000607	As011G251140	El005G256430
OG0000607	As011G262980	El005G273250
OG0000608	As012G284160	El001G029160
OG0000608	As012G284170, As012G284200	El001G029200
OG0000613	As006G135470	El005G236630
OG0000613	As006G132250	El003G188050
OG0000613	As002G045780	El007G338900
OG0000614	As002G054140, As005G116690, As002G054130	El001G072970
OG0000615	As011G264960	El005G275640
OG0000615	As003G072430	El003G146000
OG0000616	As005G114070	El007G330270
OG0000617	As006G121910	El001G001050
OG0000618	As010G241950	El004G231950
OG0000618	As006G132210	El002G101030, El006G315570, El003G156630
OG0000619	As006G145810, As006G145800	El006G293360, El006G293330
OG0000619	As012G277130	El001G024020
OG0000620	As010G239430, As007G154950	El002G132960, El002G102710, El004G226590
OG0000625	As006G135190	El005G236360
OG0000625	As001G004420	El006G315330
OG0000625	As007G176620	El003G150890
OG0000626	As001G031250	El004G195890, El004G195900, El004G195840, El004G195860
OG0000627	As006G134640	El004G216800, El004G216700, El003G157670
OG0000627	As002G047240	El007G336680
OG0000628	As003G064150, As011G250810, As010G235510	El005G256040
OG0000630	As004G077630, As004G077620, As004G077610	El003G186820, El003G186840, El001G045230
OG0000633	As005G110870	El001G047050
OG0000633	As010G244250	El004G234510
OG0000634	As005G115030, As005G115050, As005G115070, As005G115040, As005G115020, As005G115010	El001G038710, El007G331850, El007G331840, El007G331830
OG0000635	As006G128210	El006G302380, El006G302520
OG0000635	As006G127130	El006G316770, El006G300810
OG0000636	As009G212850	El001G076360, El001G076340, El001G076350, El001G076330
OG0000646	As001G027670	El001G045010
OG0000646	As006G134940	El005G236080
OG0000648	As012G288670, As012G288660, As002G053310, As005G099090, As012G288650	El003G156220, El001G034950, El006G289710, El001G007600
OG0000649	As003G066660	El002G125830
OG0000649	As010G237340	El004G228960
OG0000650	As004G088550	El007G364370
OG0000652	As009G217160	El001G056710, El001G056700, El001G056690
OG0000658	As009G206090, As012G277750, As001G026410	El001G042420, El001G024540
OG0000659	As011G266440	El007G335270
OG0000659	As009G211360, As002G048340	El003G154270
OG0000660	As008G192800	El002G089950
OG0000660	As010G224220	El001G016140
OG0000660	As005G115310	El007G332040
OG0000661	As010G223120, As006G127120, As006G127080	El003G183060, El001G024520
OG0000662	As009G201630	El001G065510
OG0000662	As006G135390	El005G236530
OG0000662	As009G201640	El001G065500
OG0000663	As007G161620, As007G161610, As007G161660, As007G161640, As007G161630, As007G161650	El002G112430
OG0000663	As010G229530	El004G218530, El004G218540
OG0000664	As011G245420	El005G249750
OG0000669	As005G103090	El006G284700
OG0000669	As001G022370	El005G249520, El001G036140
OG0000670	As003G061610, As003G061660	El003G161490, El003G161480, El003G161470
OG0000671	As004G078130	El003G189740
OG0000672	As007G157950, As006G146270	El004G232100
OG0000672	As004G081100, As011G248400	El002G115210
OG0000674	As008G197690	El002G084490, El001G044880
OG0000674	As005G099330	El006G280250
OG0000674	As006G123130	El001G002840
OG0000675	As007G152400, As006G126430	El002G100000
OG0000676	As008G193080	El002G089520
OG0000676	As010G239230, As007G155100	El002G102840
OG0000676	As012G282240	El004G226820
OG0000677	As007G160250	El002G110140, El002G110080, El002G110100
OG0000685	As001G001340	El003G153470, El003G153890
OG0000685	As002G032860	El003G158250
OG0000686	As001G012430	El003G148820, El003G148810
OG0000687	As001G017930	El003G171090
OG0000687	As005G101960	El006G283280
OG0000687	As012G286760	El001G032400
OG0000688	As001G023430	El001G037340, El001G037420, El001G037330
OG0000688	As001G023420	El001G037300
OG0000689	As007G158860, As003G063160, As004G080020	El001G009730, El002G122220, El002G107950
OG0000690	As007G154700, As003G065860, As008G196720, As010G226610	El002G136370, El004G208690, El003G176470
OG0000692	As005G104580	El001G030390, El001G030400, El006G286210
OG0000693	As012G282230	El001G026960
OG0000693	As006G143100	El006G289890
OG0000694	As007G177770	El006G316670, El001G048080, El007G343340
OG0000695	As010G239400	El002G130860, El004G226650
OG0000696	As012G270790, As011G248260	El002G137030, El005G252780
OG0000697	As012G271560	El002G135910
OG0000702	As009G199960	El001G067010
OG0000702	As001G026500	El001G042500
OG0000702	As006G132970	El005G235390
OG0000703	As002G035150	El001G078990
OG0000703	As006G145070	El006G294270
OG0000703	As012G276510	El001G023490
OG0000704	As003G058000	El003G166220, El007G362440
OG0000705	As005G103510, As005G103480	El004G210650
OG0000706	As005G117900	El007G325440
OG0000707	As006G138740	El001G021050
OG0000708	As008G185890	El002G094850
OG0000709	As009G203840	El001G062910, El001G021830
OG0000714	As004G077650	El003G186860
OG0000714	As001G028540	El004G216550
OG0000716	As004G088610, As007G165810	El003G185150
OG0000718	As005G106250, As005G106210, As005G106230, As005G106240, As005G106220	El005G247430, El001G082010
OG0000719	As005G114760	El007G331110
OG0000720	As012G288480	El001G034860
OG0000720	As006G122970	El001G002630
OG0000720	As008G197790	El002G084420
OG0000721	As006G123060	El001G002760
OG0000721	As008G197760, As012G274520, As011G248980	El005G253580
OG0000722	As010G232800	El004G221000
OG0000722	As008G183090	El002G098220
OG0000723	As009G205300, As009G205260	El006G320090
OG0000723	As009G205270, As009G205280, As009G205290, As009G205310	El001G051480
OG0000730	As001G023940	El001G038230
OG0000730	As008G183370	El002G097900
OG0000731	As001G025190, As001G025200, As001G025210	El001G040450, El001G040430, El001G040440, El001G040420
OG0000732	As002G032800	El003G158340
OG0000732	As012G276370	El001G023360
OG0000733	As002G035910	El007G360130
OG0000734	As009G218770, As010G223710	El007G328390
OG0000735	As002G047800	El001G054110, El007G336090, El007G336080, El007G336100
OG0000736	As002G053050	El001G071730
OG0000736	As003G074810	El003G143520
OG0000737	As003G075290, As003G075300, As003G075310, As003G075240, As003G075260	El003G142970, El003G142980, El006G318840, El006G318830
OG0000738	As006G125610	El006G299020
OG0000739	As009G216850, As008G197070	El004G214000
OG0000741	As012G268430	El002G140470
OG0000742	As209G297130	El036G374450
OG0000749	As008G184000	El002G096980
OG0000749	As007G161240	El002G111960
OG0000750	As001G030660	El006G306010, El003G193220, El003G193210, El004G194540, El004G194440
OG0000751	As005G108820, As002G035280	El005G245380
OG0000752	As009G215650, As009G215640, As011G255520, As009G215610, As009G215620, As009G215600	El001G054120
OG0000752	As002G052450	El001G071160
OG0000753	As003G064670	El005G269360, El005G269350, El002G127570
OG0000754	As003G064750	El002G127360
OG0000754	As004G082990	El007G356170, El001G051070
OG0000755	As004G086160	El001G004860, El001G004840, El001G004820
OG0000756	As004G087220	El003G146580
OG0000757	As005G107510	El001G080690
OG0000757	As006G146500	El006G292730
OG0000758	As010G243380	El004G233560
OG0000758	As006G126420	El006G300150
OG0000759	As009G219760	El007G332860
OG0000759	As006G128470	El006G302820
OG0000759	As008G193030	El002G089620
OG0000760	As012G282830	El006G289030, El006G288960, El001G027660
OG0000762	As011G266570	El005G278380, El005G278390, El002G131380
OG0000763	As012G269290	El002G139600, El002G139580
OG0000764	As012G271730	El002G135420
OG0000765	As012G275540, As012G275570, As012G275590	El003G147290, El001G021980, El001G022350, El003G147180, El003G147280
OG0000772	As002G037440, As001G027110, As001G015580	El001G043760, El001G043720, El001G044030, El001G043780, El001G043790, El001G043750
OG0000774	As002G033010	El003G158170
OG0000776	As009G213010, As002G037060	El005G244370
OG0000778	As002G050230	El001G068340, El001G068330
OG0000779	As003G060370	El003G163260
OG0000779	As004G085410	El001G005880
OG0000779	As004G085400	El001G005890
OG0000780	As003G074900	El003G143390
OG0000780	As007G180430	El006G320100, El001G071850
OG0000781	As004G079650	El006G284980
OG0000781	As005G103380, As005G103370	El006G284970
OG0000783	As005G113140	El001G058520
OG0000783	As010G226400	El001G012380
OG0000783	As006G130720	El003G175360, El050G375470
OG0000784	As010G225950	El001G013240
OG0000784	As005G113590	El001G057740
OG0000785	As007G161520	El003G149380, El003G190390
OG0000785	As009G214360	El001G077820, El001G011000
OG0000786	As012G288100	El002G117700, El002G117800, El002G117880, El002G117770, El002G117740, El002G117710, El002G117810, El002G117830
OG0000786	As009G217820, As009G217830	El007G329720, El007G329710
OG0000788	As010G225660, As010G225670, As010G225650	El001G013900
OG0000789	As010G242960	El004G233100
OG0000789	As012G267770	El002G141470
OG0000798	As001G017630, As003G055740, As004G083120	El003G169720, El003G170600
OG0000800	As001G024200, As001G024190, As001G024170	El001G038650
OG0000800	As004G080730, As010G231950, As010G231900, As010G231970, As010G231990, As010G231910	El001G018340, El001G018330
OG0000801	As002G035990	El005G245950
OG0000801	As009G214440	El001G077910
OG0000801	As002G036000	El005G245960
OG0000802	As004G088660	El007G364590
OG0000802	As003G070730	El002G116420
OG0000802	As003G056750	El003G168230
OG0000803	As003G058030	El003G166070
OG0000803	As003G070410, As003G065450	El003G166130
OG0000804	As004G097150, As004G079430	El001G042980
OG0000805	As004G096100, As011G254230	El003G174040
OG0000806	As005G102850	El006G284350, El006G284320
OG0000807	As005G102950	El006G284500
OG0000807	As006G139170, As006G133330	El005G235080, El005G235090
OG0000808	As006G129450	El006G304650
OG0000808	As010G224570	El001G015640
OG0000808	As005G114980	El007G331890
OG0000809	As007G160640	El002G111290
OG0000809	As008G183460	El002G097790
OG0000818	As010G221920	El001G019200
OG0000818	As001G030280	El003G156330, El004G193860
OG0000819	As002G036020	El004G215390
OG0000819	As012G282730	El001G027540
OG0000820	As002G041080	El005G240930
OG0000821	As002G043850	El007G341730, El007G341750, El007G341760
OG0000823	As004G090360	El007G366380
OG0000823	As003G055870	El003G169440
OG0000824	As003G062540	El002G120820, El002G120810
OG0000824	As004G083720	El001G008910
OG0000825	As012G287570	El001G033640
OG0000825	As005G100830	El006G281820
OG0000826	As005G102780	El006G284260
OG0000827	As012G278780	El007G337360
OG0000827	As005G106720	El003G149610, El001G081500
OG0000828	As012G285140, As006G125590	El006G298960
OG0000829	As006G136530	El005G237810
OG0000829	As009G203460, As009G203470	El001G063340, El001G063370
OG0000830	As007G156440	El006G321770, El004G228810, El002G104580
OG0000831	As007G156620, As007G156630	El002G104800, El002G104850, El002G121030, El003G186770
OG0000832	As008G195870	El002G124960, El007G348500, El005G263010, El005G263020
OG0000833	As011G246960	El005G251190, El007G348240, El006G317490, El003G171480, El002G138160
OG0000834	As011G250710	El005G255920
OG0000835	As011G251220	El005G256540
OG0000835	As012G272760	El002G133730
OG0000836	As012G283770, As012G283780, As012G283790	El001G028710
OG0000842	As001G025250	El001G040500, El001G040560, El001G040510, El001G040570
OG0000843	As001G029790, As001G029800	El004G211200, El001G003350, El004G211220
OG0000844	As002G034430	El005G244790
OG0000844	As005G107840	El001G080030
OG0000845	As002G042280	El003G159790
OG0000845	As010G222560	El001G018250
OG0000846	As004G079020, As002G046530, As006G146430	El003G149410, El003G149400
OG0000847	As002G053580	El001G072330, El007G349170, El007G351720, El007G351710, El007G351700, El007G351860, El007G351830
OG0000847	As005G117570	El007G325840
OG0000848	As004G078550, As006G122300	El002G083780
OG0000849	As006G122200	El001G001440
OG0000849	As005G100320	El001G034150
OG0000850	As005G101230	El006G282450
OG0000851	As005G105540	El006G287490, El003G189440, El001G028900, El001G028910
OG0000852	As010G227460, As010G227470, As005G111370	El001G059980
OG0000853	As006G123840	El001G003730, El001G003740, El007G357630, El007G357660, El004G210190, El003G175020, El001G008390, El001G008400, El001G008350, El003G177630, El001G003710
OG0000854	As008G191240	El006G305380, El002G090680
OG0000855	As010G223210	El001G017480
OG0000855	As009G219120	El007G327970
OG0000856	As010G224290	El001G011400
OG0000857	As010G227430, As010G227420	El001G046780
OG0000858	As011G255880, As011G255860	El005G266540, El005G266570, El005G266660, El005G266700, El005G266520, El005G266550, El005G266190, El005G266510, El005G266590, El005G266620, El005G266210, El005G266530, El005G266180, El005G266110, El005G266140, El005G266200, El005G266220, El005G266560
OG0000867	As007G161960, As001G028870	El004G215600
OG0000868	As009G211830	El001G075310
OG0000868	As006G130700, As002G037910	El005G247660
OG0000869	As004G090370	El007G366370
OG0000869	As003G055880	El003G169430
OG0000870	As003G068700	El002G113870
OG0000870	As004G081540	El006G298180
OG0000871	As006G135520	El005G236690
OG0000871	As009G201940	El001G065290
OG0000871	As004G077790	El003G187470
OG0000872	As006G126250	El006G299600
OG0000873	As010G233530, As006G137440, As009G204210	El005G238820, El001G062320
OG0000875	As008G193510	El002G088970
OG0000876	As009G217470, As009G217500, As009G217530	El001G057150
OG0000883	As001G014390	El003G147740
OG0000883	As006G138050	El005G239610
OG0000884	As007G162220, As002G033790, As007G161390, As007G162230, As007G161400	El002G112140
OG0000885	As007G158480	El002G107520
OG0000885	As002G049480	El007G333770, El003G155910
OG0000886	As004G082110	El007G358150
OG0000887	As005G099860	El006G280770
OG0000888	As012G284780	El001G030130
OG0000888	As005G104850	El006G286550
OG0000889	As005G114990	El001G026310
OG0000889	As010G224550	El001G015670
OG0000890	As012G277560	El001G024300
OG0000890	As006G146240	El006G292870
OG0000891	As007G158460, As007G158450, As007G158470, As007G158440	El002G107500, El002G107510
OG0000892	As009G215030, As009G215020	El001G052410, El001G052690, El001G052740, El001G052750, El001G052730
OG0000894	As010G223940, As010G223960	El005G278090
OG0000894	As010G224240	El001G045170
OG0000895	As011G258420	El005G269230
OG0000897	As012G277910, As012G277930	El001G024630, El006G292380
OG0000900	As001G016830, As001G016840	El002G097110, El002G097130, El002G097120
OG0000901	As001G017960, As001G018000, As001G017970, As001G017990, As001G017980	El003G171120
OG0000902	As002G036680, As002G036460	El005G246250
OG0000903	As002G052040	El004G211170, El001G070460
OG0000904	As005G118380, As002G052940	El003G173410, El003G151250
OG0000905	As002G053040	El001G071720
OG0000905	As005G118090	El007G325320
OG0000906	As002G053300	El001G072020
OG0000907	As003G057070	El003G167900
OG0000907	As004G088350	El007G364140
OG0000908	As003G075600, As010G234720	El003G142710
OG0000909	As007G159890	El002G109390
OG0000909	As004G083080	El003G177580, El003G177690
OG0000910	As005G114500	El003G178640, El007G330810
OG0000911	As005G119970	El007G322850
OG0000911	As010G220810	El001G020820, El001G020810
OG0000912	As006G123380	El001G003120, El002G084770
OG0000915	As012G276470	El001G023450
OG0000915	As006G145010	El006G294340
OG0000917	As008G184260, As008G184270	El002G096630
OG0000918	As009G205850	El003G180860
OG0000920	As012G269310	El002G139520
OG0000921	As012G272730	El002G133840, El002G133810, El002G133850
OG0000930	As011G266460	El005G278220
OG0000930	As001G001170	El003G154340
OG0000931	As002G036870	El005G246590
OG0000932	As004G079170, As002G037970	El006G293200
OG0000933	As002G044170, As007G165200	El007G341220
OG0000935	As004G086290	El001G004590
OG0000935	As003G059060	El003G164910
OG0000936	As003G059640	El003G164420
OG0000937	As003G062060	El003G160880
OG0000938	As003G075080	El003G143170, El003G143180, El003G143160
OG0000939	As007G181030, As007G181020, As003G075790	El006G321210
OG0000940	As004G092040	El005G270560
OG0000940	As004G090050	El003G146380, El003G183230
OG0000941	As004G095180	El003G175710
OG0000941	As008G194780	El002G087740
OG0000943	As006G138940	El005G240540
OG0000943	As009G205930	El001G050310
OG0000944	As005G103890, As012G285600	El001G031130
OG0000946	As005G106490, As005G106480	El001G081780
OG0000947	As009G200880	El001G065730
OG0000947	As006G135230	El005G236400
OG0000950	As009G205820	El001G050800, El005G240780
OG0000952	As009G216080	El004G231900
OG0000953	As010G221250	El001G020220, El007G348090, El001G020260, El001G020250
OG0000954	As011G251450	El001G018940
OG0000961	As002G047500, As010G227170, As010G227150, As010G227180, As010G227140, As009G213740, As001G020280, As001G020290, As001G020270, As001G020260, As010G243570, As001G014010, As001G014040, As001G013950	El004G215870, El004G215890, El004G215910, El004G215900, El004G215930, El004G215850
OG0000962	As001G027150	El003G190380, El001G043880
OG0000963	As002G034260	El001G080770
OG0000965	As011G245590, As011G255900	El005G249560
OG0000965	As003G057680	El003G166840
OG0000966	As003G057820	El003G166550
OG0000967	As003G064080	El002G125010
OG0000967	As007G158200	El002G107140
OG0000968	As004G077430	El003G186270
OG0000969	As004G086960, As004G086930, As004G086940, As004G086920	El007G361300
OG0000969	As004G086790, As004G086800	El007G361120, El007G361250
OG0000970	As005G119400	El007G323520, El001G020160, El001G020170, El001G020200
OG0000971	As006G137320	El001G027040, El005G238650, El005G235860
OG0000972	As009G205570	El001G051100
OG0000972	As006G139250	El005G240870
OG0000973	As009G204830	El001G061490
OG0000973	As006G139760	El005G241370
OG0000974	As006G144950	El007G355160, El006G294450, El003G192300, El003G192290, El003G192310
OG0000975	As007G155990	El002G104050, El037G374580
OG0000975	As010G238030	El004G228040, El004G228070
OG0000976	As008G182530	El001G045590
OG0000977	As010G224030	El001G016440
OG0000977	As010G224040	El001G016520, El001G016420
OG0000977	As010G224050	El001G016380
OG0000978	As010G225030, As010G225040, As010G225050	El001G014650
OG0000979	As012G274790	El006G316570, El007G343610, El003G172310, El007G343620
OG0000986	As004G094360, As001G003430	El003G151760, El007G351350
OG0000987	As001G016180	El002G118910
OG0000988	As009G212980	El001G076440
OG0000988	As002G037150	El005G246760
OG0000989	As002G043930	El007G341580, El007G357290
OG0000990	As004G088950, As003G056480, As006G141100	El003G168630
OG0000991	As003G062520	El002G120770
OG0000992	As003G075530	El003G142800
OG0000993	As004G092920	El003G189640, El005G269200
OG0000993	As009G205750, As006G141230	El001G031380
OG0000994	As005G113560	El006G302640, El006G302600
OG0000994	As006G128340, As006G128350, As006G128360	El006G302660
OG0000995	As006G127150	El006G300830
OG0000995	As008G194310	El002G088240
OG0000996	As008G193450	El002G089080
OG0000997	As006G137380	El005G238720
OG0000997	As008G184100	El002G097080
OG0000998	As006G143360	El006G290140, El001G053420, El001G053450, El001G026500
OG0000999	As007G160930	El002G110870
OG0001000	As009G200600	El005G274140, El001G066650
OG0001001	As009G214920	El001G052100
OG0001002	As011G245250	El005G249290
OG0001003	As011G247910	El005G252370
OG0001003	As012G270560	El002G137460
OG0001004	As011G266800, As011G266810, As011G266820, As011G266860, As011G266830, As011G266870	El006G289560
OG0001008	As001G001100	El003G154380, El003G154400
OG0001008	As001G001090	El003G154410
OG0001009	As001G001490	El003G153620
OG0001009	As001G001470	El003G153630, El003G175790, El003G175830, El003G175770, El003G175810, El007G350170, El007G352760
OG0001010	As003G068260, As001G016390	El002G119100
OG0001010	As004G079320	El006G295510
OG0001011	As001G016600, As001G016620, As001G016630, As001G016640, As001G016610, As001G016590, As001G016580, As001G016560	El002G119430
OG0001011	As004G079380	El003G176820
OG0001012	As001G019280	El004G206210, El004G206250
OG0001012	As008G188200	El002G092390
OG0001015	As007G165030	El003G158880
OG0001015	As002G044280	El007G341110
OG0001016	As002G052140	El001G070580
OG0001017	As002G052670, As002G052700	El007G324520, El001G071410, El007G338400
OG0001018	As002G054290	El001G073190, El001G056410
OG0001019	As003G056000	El003G169270
OG0001020	As003G056290	El003G168910
OG0001020	As004G089150	El007G365650
OG0001021	As012G288810	El001G035250
OG0001022	As005G099680	El006G280600
OG0001022	As012G288250	El001G034590
OG0001023	As005G113850, As005G114020	El001G057170
OG0001024	As006G127250, As006G127210, As006G127200	El006G300990
OG0001025	As006G127940	El006G302030
OG0001026	As006G134780	El005G235880
OG0001026	As009G200810	El001G066370
OG0001027	As006G142630, As006G142620	El002G096820
OG0001028	As006G143850	El006G290570
OG0001028	As012G281510	El001G026140, El001G026050
OG0001029	As006G146260, As007G157960	El002G106390
OG0001029	As010G235770	El004G230750
OG0001030	As007G156040	El037G374680, El002G104150
OG0001030	As010G237920	El004G228200
OG0001031	As007G156170	El002G104290
OG0001031	As010G237740	El004G228390
OG0001032	As010G236850	El004G229530
OG0001032	As007G157060	El002G105390
OG0001033	As007G161440	El002G112270, El002G112250, El002G112230
OG0001034	As010G233610	El004G222320, El002G108570, El004G222310
OG0001036	As010G242060	El004G232060
OG0001037	As010G243190	El007G344280, El001G014490, El002G137110
OG0001038	As011G244860	El005G248920
OG0001039	As011G249640	El005G254490
OG0001040	As012G271380	El002G136040
OG0001040	As011G253350	El005G259320
OG0001041	As011G266160	El001G017050
OG0001043	As012G271170	El002G136450, El002G136440
OG0001043	As012G271100, As012G271110	El002G136460
OG0001044	As012G281870	El001G026420
OG0001051	As011G263630, As005G110590	El005G274010
OG0001051	As001G014830	El003G147400
OG0001052	As001G015110, As001G015130, As001G015150	El003G147270
OG0001053	As001G019720	El004G203410
OG0001054	As001G021960, As001G021950	El004G199040, El004G199050
OG0001056	As002G035820	El005G245810
OG0001056	As009G214650	El001G078120
OG0001057	As002G045470	El003G156420, El007G338510
OG0001058	As003G055590	El003G169930
OG0001058	As003G072150	El003G146350
OG0001059	As004G087590	El007G362400
OG0001060	As004G094900	El003G176170
OG0001060	As011G255760	El005G265870
OG0001061	As011G254950	El005G262870
OG0001061	As004G095690	El003G174840
OG0001062	As005G119250	El007G323710
OG0001063	As006G139260	El005G240880
OG0001064	As006G145650	El006G293490, El001G023870
OG0001065	As006G145860	El006G293290
OG0001065	As012G277190	El001G024080
OG0001066	As006G145870	El006G293280
OG0001066	As012G277200	El001G024090
OG0001067	As010G242380	El004G232450
OG0001067	As007G153140	El002G100690
OG0001068	As007G153800	El005G239540
OG0001068	As010G241390	El004G224420, El002G108550
OG0001069	As010G238510	El004G227610
OG0001069	As007G155720	El002G103640
OG0001070	As007G161250	El002G111970
OG0001070	As010G231200	El004G219430, El005G274890
OG0001071	As008G183320	El002G097990
OG0001072	As009G216760	El001G056140
OG0001072	As010G222230	El001G018670
OG0001073	As011G250190	El004G205410, El004G215080
OG0001074	As011G252670	El004G218030
OG0001075	As012G270490	El002G137610, El005G252290
OG0001084	As011G267200	El005G279040, El005G279050
OG0001084	As001G000360	El003G155410
OG0001085	As011G266420	El005G278160
OG0001085	As001G001230	El003G154250, El003G153440
OG0001086	As001G010350	El003G149270
OG0001086	As006G139850, As011G262030	El005G271940
OG0001087	As001G014350	El003G147770
OG0001087	As001G014360	El003G147760
OG0001088	As001G026740	El001G042770
OG0001088	As004G097170	El001G042780, El001G042760
OG0001089	As001G027320	El001G044180
OG0001090	As001G027490, As001G027520, As001G027510	El002G127760, El002G127740, El006G316030
OG0001091	As010G222350	El001G018530
OG0001091	As002G042730	El007G343260
OG0001092	As002G047560	El001G075050
OG0001092	As009G210680	El001G075060
OG0001093	As005G109890	El001G060980
OG0001093	As002G051090	El001G069340
OG0001094	As002G053280	El001G072000
OG0001094	As005G118310	El007G325030
OG0001095	As004G093100, As004G093080, As004G093090	El003G179420, El003G179490, El003G179600, El003G179400
OG0001096	As012G284440	El001G029560
OG0001096	As005G105060	El006G287170
OG0001097	As010G224310	El004G217430
OG0001097	As005G115430	El007G332170
OG0001098	As010G221570	El001G019610
OG0001098	As005G118860	El007G324260
OG0001099	As006G122020	El001G001190
OG0001100	As006G125750	El006G300050
OG0001100	As008G195360, As008G194940	El002G087550
OG0001101	As009G200370	El001G066860
OG0001101	As006G133080	El001G066060
OG0001102	As006G135240	El005G236420
OG0001102	As009G201520	El001G065640
OG0001103	As009G207010	El001G048150
OG0001103	As006G137690	El005G239110
OG0001104	As006G138120, As009G206960	El005G239700, El001G048610
OG0001105	As010G243540	El004G233790
OG0001105	As007G152280	El002G099870
OG0001106	As007G153300	El002G100880
OG0001106	As010G242200	El004G232270
OG0001107	As007G154350	El002G102020
OG0001107	As010G240470	El004G225400
OG0001108	As007G155300	El002G103070
OG0001109	As010G235960	El004G230580
OG0001109	As007G157790	El002G106240
OG0001110	As010G232990	El004G221290
OG0001110	As007G160150	El002G109750
OG0001111	As010G228810	El004G217580
OG0001111	As007G162030	El002G113030
OG0001112	As009G207970	El007G346100, El004G206270, El006G319140
OG0001113	As009G210730	El001G074980
OG0001114	As009G211960	El001G075400
OG0001115	As010G241340	El004G224470, El002G101440
OG0001116	As012G271470	El002G135940, El006G296230
OG0001116	As011G253270	El005G259160
OG0001117	As012G274810, As012G274800	El001G048300, El003G172370
OG0001124	As011G265980	El005G277730, El005G278890
OG0001124	As012G276130, As001G000460	El003G157260
OG0001125	As001G015980	El002G118710
OG0001125	As002G043210, As004G079080	El006G295430
OG0001126	As003G070440, As011G256560, As003G070420, As003G070430, As003G070400, As001G020030	El004G202860, El004G203000
OG0001127	As008G182820	El002G098590
OG0001127	As001G023280	El001G037110
OG0001128	As001G024510	El001G039170
OG0001128	As008G183850	El002G097220
OG0001129	As001G027480	El001G044450
OG0001130	As001G028120	El001G046300
OG0001130	As004G077980	El004G202740, El003G187880, El003G187870
OG0001131	As002G048950	El007G334500
OG0001132	As005G107970	El001G079910
OG0001132	As002G034660	El005G244900
OG0001133	As002G047010	El007G337080
OG0001134	As002G050280, As002G050290	El001G068280, El001G068270
OG0001135	As005G117880	El007G325460
OG0001135	As002G053400	El001G072080
OG0001136	As003G056250	El003G168970
OG0001136	As004G089250	El007G365740
OG0001137	As004G087840	El007G363300
OG0001137	As003G057700	El003G166810
OG0001138	As003G060280	El003G163430, El001G005750
OG0001139	As003G067410	El002G113610
OG0001139	As007G162130	El002G112920
OG0001140	As003G072340	El003G146100
OG0001140	As011G264830	El005G275470
OG0001141	As010G224380	El001G016000
OG0001141	As004G077490	El003G186590, El003G186650
OG0001142	As004G095910	El005G261540, El003G174250
OG0001143	As005G102010	El001G032350
OG0001144	As012G286050	El001G031730
OG0001144	As005G102790	El006G284200, El006G284270
OG0001146	As005G105940	El006G287740
OG0001146	As005G109260	El001G078350
OG0001147	As005G110350	El001G060720, El004G197520
OG0001148	As005G117560	El007G325850
OG0001149	As010G220420	El001G021430
OG0001149	As005G120550	El007G322330
OG0001150	As009G202000	El001G065240
OG0001150	As006G135560	El005G236730
OG0001151	As006G140390	El005G242050
OG0001151	As009G208040	El007G346000
OG0001152	As012G282810	El001G027640
OG0001152	As006G142300	El006G289020
OG0001153	As006G144900	El006G294490
OG0001154	As010G238340	El004G227760
OG0001154	As007G155790	El002G103750
OG0001155	As007G156380	El002G104550
OG0001156	As007G159660	El002G108870
OG0001156	As010G233350	El004G222030
OG0001157	As008G186030	El002G094700
OG0001157	As008G186040	El002G094690, El002G094680
OG0001158	As010G233690	El004G222440, El002G108470
OG0001159	As010G236770, As010G236800, As010G236780, As010G236790	El004G229600, El004G229590
OG0001160	As011G245380	El002G140560
OG0001160	As012G268400	El005G249380
OG0001161	As011G253310	El005G259270
OG0001161	As012G271410	El002G136010
OG0001162	As012G273060	El002G133160
OG0001169	As012G283970, As001G006050	El003G156390
OG0001169	As002G045450, As002G045480	El007G338500, El007G338470, El007G338460
OG0001170	As022G292050, As022G292140, As048G294600, As012G279330, As012G280590, As009G206290, As001G015180	El005G240190
OG0001171	As001G021220	El004G200230
OG0001171	As008G186600	El002G094020
OG0001172	As001G024140	El001G038580
OG0001172	As008G183530	El002G097490
OG0001173	As002G032750	El003G158360, El004G194560
OG0001174	As002G036310	El005G246130
OG0001174	As009G214250	El001G051690
OG0001175	As002G047920	El007G335980
OG0001176	As005G118510	El007G324690
OG0001176	As002G052820	El001G071540
OG0001177	As002G054880	El001G073860, El004G222760, El004G204550
OG0001178	As002G055020	El001G074020
OG0001178	As009G217930	El007G329550
OG0001179	As004G094010	El005G267690
OG0001180	As003G057900	El003G166320
OG0001180	As004G087660	El007G362620
OG0001181	As003G059790	El003G164150
OG0001181	As004G085930	El001G005100
OG0001182	As004G081230	El006G297700
OG0001182	As003G069510	El002G114870
OG0001183	As003G072080	El003G146440
OG0001183	As011G264670, As010G236540	El005G275230
OG0001184	As012G287840	El001G034070
OG0001184	As005G100420	El006G281310
OG0001185	As012G287600	El001G033670
OG0001185	As005G100800	El006G281760
OG0001186	As005G104120	El001G030900
OG0001187	As006G126100	El006G299920
OG0001187	As008G195000	El002G087450
OG0001188	As006G128390	El006G302750
OG0001189	As006G132950	El005G235360
OG0001189	As009G200010	El001G067070
OG0001190	As006G137230	El005G238510
OG0001190	As009G204060	El001G062470
OG0001191	As009G206340	El001G049430
OG0001191	As006G138540	El005G240120
OG0001192	As012G274380	El003G171570
OG0001192	As006G140360	El005G242010
OG0001193	As012G282070	El001G026800
OG0001193	As006G143230	El006G290020
OG0001194	As012G282360	El001G027210
OG0001194	As006G143580	El005G243560
OG0001195	As010G241270	El001G073020
OG0001196	As010G238520	El004G227590
OG0001196	As007G155700	El002G103620
OG0001197	As008G186880	El001G025310
OG0001200	As009G212830	El001G060290
OG0001200	As012G268800	El002G140200, El002G140230, El002G140240
OG0001200	As012G268790	El002G140220
OG0001201	As009G216930	El001G056400
OG0001201	As010G222450	El001G018420
OG0001202	As010G221230	El001G020290, El003G179350, El003G179300
OG0001203	As010G226280	El001G012610
OG0001204	As010G226550	El002G130840
OG0001205	As012G269930	El002G138510
OG0001205	As011G247320	El005G251670
OG0001206	As011G248610, As011G248600	El006G298980
OG0001207	As012G274390	El003G171580
OG0001207	As011G249080	El005G253700
OG0001208	As012G273020	El002G133270
OG0001208	As011G250940	El005G256140
OG0001209	As011G251200	El005G256520
OG0001210	As011G252070	El005G257590
OG0001211	As012G268580	El003G176850, El003G176840
OG0001222	As001G003410	El003G151770
OG0001222	As007G178150	El006G317040
OG0001223	As011G262960	El005G273240, El005G273220
OG0001223	As001G013780	El003G148600
OG0001224	As001G019000	El004G208340
OG0001225	As001G025730	El001G041370, El001G041350
OG0001226	As001G026900	El001G043080, El001G043070, El001G043090, El003G190750, El001G043100
OG0001227	As002G034420	El005G244770
OG0001227	As005G107870	El001G080060
OG0001228	As002G036800, As010G228140	El006G312000
OG0001229	As002G049770, As002G049710, As002G049750, As002G047650, As002G047640, As002G048550, As002G048440, As002G048410, As002G048430	El007G335010, El007G335000
OG0001230	As009G218340	El007G329050
OG0001230	As002G055400	El001G074440
OG0001231	As009G218430	El007G328840
OG0001231	As002G055440	El001G074500
OG0001232	As003G057340	El003G146920, El003G167390
OG0001233	As003G060920	El003G162560
OG0001233	As004G084810	El001G006980
OG0001234	As010G238140	El004G228010
OG0001234	As004G082120	El007G358110
OG0001235	As010G228510, As011G264390	El005G274810
OG0001235	As003G071710	El003G146850
OG0001236	As004G096250	El003G173610, El003G173600
OG0001236	As006G125660	El006G299950
OG0001237	As005G101170	El006G282370
OG0001237	As012G287400	El001G033290
OG0001238	As012G287280	El006G282490
OG0001238	As005G101270	El001G033120
OG0001239	As012G285940	El001G031620
OG0001239	As005G103030	El006G284660
OG0001240	As005G103570	El006G285140, El006G285150
OG0001240	As005G103560	El006G285130
OG0001241	As005G103630	El006G285230
OG0001242	As005G108180	El001G079590
OG0001243	As005G110180	El001G060610, El004G217390
OG0001244	As005G111140	El007G338730
OG0001245	As010G220630	El001G021140
OG0001245	As005G120340	El007G322500
OG0001246	As006G122500	El001G001800
OG0001247	As006G123620	El001G003510
OG0001247	As006G141330	El005G276160, El005G275780, El005G275760, El005G242920
OG0001248	As006G129030, As006G129020, As008G192650	El006G303960, El006G304050, El006G304000
OG0001249	As006G130480, As006G148330, As006G148320	El006G291770, El006G291780, El003G183020
OG0001250	As009G201070	El001G065980
OG0001250	As006G135030	El005G236160
OG0001251	As006G135310	El005G236470
OG0001251	As009G201580	El001G065580
OG0001252	As009G202070	El005G236770
OG0001252	As006G135600	El005G236760
OG0001253	As006G138960	El005G240560
OG0001253	As009G205910, As007G182060	El001G050340
OG0001254	As012G271900	El002G135750
OG0001254	As006G148850	El006G295130
OG0001255	As010G241660	El004G231780
OG0001255	As007G153580	El002G101240
OG0001256	As010G241030	El004G224840
OG0001256	As007G153970	El002G101650
OG0001257	As010G240510	El004G225320
OG0001257	As007G154290	El002G101950
OG0001258	As007G155250	El002G103010
OG0001258	As010G238870	El004G227210
OG0001259	As007G155870	El002G103860
OG0001259	As010G238270	El004G227820
OG0001261	As008G183080	El002G098230, El001G037960
OG0001262	As008G183230	El002G098130, El002G098140
OG0001263	As008G185060	El002G095710, El004G197690, El008G369890
OG0001264	As011G245280	El005G249330
OG0001264	As012G268320	El002G140640
OG0001265	As012G271440	El002G135970
OG0001265	As011G253290	El005G259180
OG0001274	As007G178240	El006G317090
OG0001274	As001G003270	El003G151910
OG0001275	As007G156730	El002G104990
OG0001275	As001G014870	El003G147350
OG0001276	As001G021540	El004G199810
OG0001276	As008G186480	El002G094200
OG0001277	As001G021700	El004G199400, El004G199390, El004G199420
OG0001278	As001G026660, As001G026620	El005G270060
OG0001279	As009G200780	El001G066400
OG0001279	As006G134750	El005G235830
OG0001280	As001G027620	El001G044960
OG0001280	As004G078400	El003G189380
OG0001281	As003G061850	El003G161230, El004G194610
OG0001281	As004G098150	El003G193150
OG0001282	As002G032810	El003G158320
OG0001283	As012G283460	El001G028320
OG0001283	As002G033170	El006G288180
OG0001284	As002G040880	El007G344670
OG0001284	As009G219310	El007G327740
OG0001285	As002G046220	El007G337970
OG0001285	As006G132440	El003G156980
OG0001286	As002G046800, As002G046810	El007G337250, El007G337260
OG0001287	As006G134550	El003G157560
OG0001287	As002G047070	El007G337000
OG0001288	As002G051870	El001G070250
OG0001289	As003G055830	El003G169490
OG0001289	As004G090340	El007G366400
OG0001290	As004G084370	El001G007740
OG0001290	As003G061690	El003G161430
OG0001291	As003G062380	El002G120430
OG0001291	As003G062370	El002G120420
OG0001292	As006G128480	El006G302830
OG0001292	As003G068450, As006G132720	El005G235720
OG0001293	As012G285310, As003G069570	El001G030800, El001G030820
OG0001294	As007G180370	El006G319990
OG0001294	As003G074750	El003G143580
OG0001295	As004G077550, As004G077530, As004G077540, As004G077570	El003G186580, El003G186640
OG0001296	As004G079870	El006G319470, El006G295920
OG0001297	As004G085780	El001G005220
OG0001298	As004G095930	El005G261520, El003G174230
OG0001299	As005G100270	El006G281160, El001G046240, El001G044660
OG0001300	As012G284530	El001G029670
OG0001300	As005G104930	El006G286740
OG0001301	As012G284300	El001G029390
OG0001301	As005G105210	El006G286920
OG0001302	As005G119060	El007G323920
OG0001302	As010G221410	El001G019890
OG0001303	As006G121100	El001G000140
OG0001303	As008G199380	El006G283110
OG0001304	As006G129740	El002G090550, El006G305050
OG0001305	As006G138870	El005G240320
OG0001305	As009G206160	El001G049680
OG0001306	As009G205940	El001G050290
OG0001306	As006G138930	El005G240530
OG0001308	As006G144870	El006G294530
OG0001309	As006G147030	El006G292330
OG0001309	As012G278060	El001G024710
OG0001310	As007G153270	El002G100850
OG0001310	As010G242210	El004G232280
OG0001311	As009G206930	El001G048670, El001G048730
OG0001312	As009G209520	El007G347700
OG0001314	As011G245230	El005G249280
OG0001314	As012G268220, As012G268230	El002G140760
OG0001315	As011G247950	El005G252410, El002G137430
OG0001316	As012G273940	El002G131650, El002G131640
OG0001316	As011G249510	El005G254340
OG0001317	As012G272280	El002G134550, El005G257540
OG0001318	As012G274540	El003G171940
OG0001328	As001G003730	El003G151500, El006G316820
OG0001329	As010G228770, As010G228760	El005G277570
OG0001330	As011G264300	El005G274500
OG0001330	As001G015630	El003G146970
OG0001331	As001G019080	El007G352550, El004G207350, El004G207360, El004G205540
OG0001332	As001G019570	El004G204750
OG0001332	As008G187940	El002G092610
OG0001333	As008G186610	El002G094010
OG0001334	As008G182480	El002G098970
OG0001334	As001G022740	El001G036530
OG0001335	As009G214520	El001G077980
OG0001335	As002G035960	El005G245940
OG0001336	As002G037540	El005G247390, El001G075530
OG0001337	As002G045530	El007G338580
OG0001338	As002G045540	El003G156600, El007G338590
OG0001339	As002G047440	El007G336450
OG0001339	As006G134360	El003G157770
OG0001340	As002G052060, As002G052070, As010G238380	El001G070480
OG0001341	As009G215560	El001G054040
OG0001341	As002G052360	El001G071060
OG0001342	As002G053260	El001G071980
OG0001342	As005G118290	El007G325050
OG0001343	As002G054600	El001G073500
OG0001343	As009G217260	El001G056840
OG0001344	As003G056040	El003G169220
OG0001344	As004G089590	El007G365970
OG0001345	As003G057260	El003G167560
OG0001345	As004G088210	El007G363970
OG0001346	As003G058800	El003G165240
OG0001347	As003G061790	El003G161280
OG0001347	As006G132770	El005G235670
OG0001348	As011G264720	El005G275260
OG0001348	As003G072120	El003G146400
OG0001349	As011G265000	El005G275700
OG0001349	As003G072460	El003G145970
OG0001350	As003G074310	El003G144100
OG0001351	As004G076770	El005G276400, El004G211040
OG0001352	As004G080580	El002G125050
OG0001353	As004G087990	El007G363470, El007G363530, El003G167090, El007G363620, El007G363570
OG0001354	As012G288470	El001G034850
OG0001354	As005G099420	El006G280320
OG0001355	As012G287310	El007G339330, El001G033150
OG0001355	As005G101250	El006G282470
OG0001356	As012G284960	El001G030320
OG0001357	As005G105170	El006G286960
OG0001358	As005G105450	El006G287360
OG0001358	As012G284050	El001G028980
OG0001359	As010G224750	El001G015240
OG0001359	As005G114870	El007G331190
OG0001360	As006G125720	El006G300010
OG0001361	As006G125770	El006G299420
OG0001361	As008G195770	El002G086870, El002G086880
OG0001362	As011G253020	El005G258730
OG0001362	As006G130570	El006G308230
OG0001363	As006G132630, As006G132640	El003G157310, El006G319240, El004G198510
OG0001364	As009G200770	El001G066410
OG0001364	As006G134740	El005G235820
OG0001365	As006G134810	El005G235930
OG0001365	As009G201450	El001G066330
OG0001366	As009G201800	El001G065380
OG0001366	As006G135460	El005G236620
OG0001367	As009G207270	El007G345200
OG0001368	As006G147840	El001G067260
OG0001370	As007G157050	El002G105380
OG0001370	As010G236860	El004G229510
OG0001372	As009G202990	El005G237390, El001G063940
OG0001373	As012G273140	El002G132560
OG0001373	As011G250390, As010G231610	El005G255490
OG0001374	As010G238300	El004G227790, El002G103800
OG0001375	As010G243020	El004G233180
OG0001376	As011G246000	El005G250100
OG0001376	As012G269100	El002G139850
OG0001377	As011G248870	El005G253430
OG0001378	As012G273750	El002G132010
OG0001378	As011G249840	El005G254690
OG0001379	As011G252120	El005G257620
OG0001379	As012G272210	El002G134620
OG0001380	As011G252170	El005G257750
OG0001381	As012G274100	El003G177210
OG0001392	As001G014820	El003G147430
OG0001392	As011G263580	El005G273930
OG0001393	As011G264210	El005G274660
OG0001393	As001G015550	El003G147030
OG0001394	As001G016470, As001G016510, As001G016490	El002G119410, El002G119330, El007G342760, El002G119320, El003G167990
OG0001395	As006G134290	El003G157850
OG0001396	As001G019470, As001G019500	El007G347150, El007G347400, El007G347340, El007G349220
OG0001397	As008G187330	El002G093240
OG0001397	As001G020160	El004G202670
OG0001398	As001G022600	El001G036340, El002G099040
OG0001399	As001G023670	El001G037890, El002G098310
OG0001400	As001G024770	El001G039740
OG0001400	As008G183950	El002G096920
OG0001401	As001G027400	El003G189780
OG0001401	As009G201390, As009G201400	El001G066280
OG0001402	As004G078470	El003G189570
OG0001403	As001G031800	El004G197320
OG0001403	As008G184840	El002G095860
OG0001404	As001G032050	El004G197990
OG0001405	As002G036110	El001G077640
OG0001406	As003G074300	El003G144110
OG0001406	As002G039650	El001G051000
OG0001407	As002G044620	El007G340650
OG0001407	As007G166220	El003G155990
OG0001409	As002G054220	El007G326870, El001G073110
OG0001410	As004G089220	El007G365690
OG0001410	As003G056270	El003G168940
OG0001411	As003G056550	El003G168510
OG0001411	As003G056560, As003G056570	El003G168520
OG0001412	As003G057920	El003G166300
OG0001412	As004G087620	El007G362550
OG0001413	As003G059970	El003G163890, El003G163880, El003G163840
OG0001414	As003G062700, As003G062680, As003G062690	El002G121130, El002G121040
OG0001415	As004G081370	El006G297900
OG0001415	As003G069080	El002G114200, El002G114180
OG0001416	As003G070070	El002G115580
OG0001417	As003G073020	El003G145370
OG0001417	As007G179140	El006G318100
OG0001418	As003G075660	El004G197490, El004G197300
OG0001418	As007G180870	El006G320750
OG0001419	As007G162430, As007G154420, As004G077990	El003G187860, El001G028510
OG0001420	As004G085760	El001G005270, El003G163810
OG0001421	As004G095760	El003G174730, El005G262610
OG0001422	As006G138250	El005G239870
OG0001422	As009G206810, As005G098800	El001G049010
OG0001423	As005G102370	El006G283760, El006G283880
OG0001423	As012G286180	El001G031970
OG0001424	As005G108730	El001G078870
OG0001425	As010G227210	El001G011670
OG0001425	As005G112160	El001G059330
OG0001426	As005G116420	El004G219850, El004G219860
OG0001427	As006G122030	El001G001200
OG0001427	As008G198950	El002G083440
OG0001428	As008G197620	El002G084600
OG0001428	As006G123250	El001G002990
OG0001429	As006G123290	El001G003040
OG0001429	As012G288690	El001G034920
OG0001430	As006G125000	El002G086240, El007G359200
OG0001431	As008G195730	El002G086890
OG0001432	As006G127090	El006G300770
OG0001433	As008G193560	El002G088920
OG0001433	As006G127740	El006G301690
OG0001434	As006G128970	El006G303850
OG0001434	As009G212670	El001G076170
OG0001435	As006G129550	El006G304820, El006G304780
OG0001436	As009G203670	El001G063160
OG0001436	As009G203660, As006G136680	El005G238020
OG0001437	As009G203910	El001G062820
OG0001437	As006G136920	El005G238250
OG0001438	As009G206980	El001G048360
OG0001438	As006G138070	El005G239640, El005G239620
OG0001439	As010G239570	El004G226360
OG0001439	As007G154870	El002G102630
OG0001440	As007G157740	El002G106200
OG0001441	As010G235030	El004G224070
OG0001441	As007G158560	El002G107620
OG0001442	As007G159300	El004G222470, El002G108440
OG0001443	As007G160370	El002G110210
OG0001443	As010G232820	El004G221030
OG0001444	As007G165570, As007G165610, As007G165550, As007G165560, As007G165580	El003G159050, El003G159040, El003G159020
OG0001446	As009G217780	El001G073820, El007G329760
OG0001448	As012G268930	El002G140030
OG0001448	As011G245790	El005G249880
OG0001449	As011G246410	El005G250610
OG0001449	As012G269390	El002G139440
OG0001450	As011G246430, As012G269400	El002G139430
OG0001451	As012G270080	El002G138050
OG0001451	As011G247470	El005G251870, El005G251860
OG0001452	As012G270190	El002G137840
OG0001452	As011G247680	El005G252100
OG0001453	As012G270500	El002G137580
OG0001453	As011G247830	El005G252300
OG0001454	As011G248090	El005G252570
OG0001454	As012G270620	El002G137360
OG0001455	As011G248920	El005G253450
OG0001455	As012G274630	El003G172100, El003G172090
OG0001456	As011G252110	El005G257610
OG0001456	As012G272220	El002G134610
OG0001457	As011G252570	El005G258050
OG0001457	As012G272010	El002G134850
OG0001464	As001G001740	El003G153330
OG0001465	As011G265880	El005G277560
OG0001465	As001G001900	El003G153130
OG0001466	As001G003810	El003G151410
OG0001466	As007G177820	El006G316760
OG0001467	As004G084230	El001G007930
OG0001468	As001G014310	El003G148420
OG0001469	As001G016070	El002G119610, El002G118830
OG0001470	As004G083140	El006G295320
OG0001471	As001G021200	El004G200240
OG0001471	As008G186620	El002G094000
OG0001472	As008G182540	El002G098910
OG0001472	As001G022810	El001G036620
OG0001473	As001G023680	El001G037900, El002G098300
OG0001475	As008G185330	El002G095410
OG0001475	As001G032140	El004G198150
OG0001476	As002G032390	El005G244640
OG0001477	As002G032720, As002G032730, As002G032710	El001G074600, El004G200190
OG0001478	As002G034580, As002G034650, As002G034510	El005G244890
OG0001478	As005G107960	El001G079920
OG0001479	As004G079850, As009G213750, As002G036770, As005G102490	El006G295900, El005G246370
OG0001480	As002G042560	El003G159680
OG0001481	As002G050450	El001G068500, El002G128340, El005G268210, El003G186060
OG0001482	As002G052160	El001G070660
OG0001482	As009G215450	El001G053490
OG0001483	As009G215740	El001G054460
OG0001483	As002G052570	El001G071240
OG0001484	As002G052590	El001G071280
OG0001485	As002G054040	El001G072860
OG0001486	As002G054240	El001G073140
OG0001487	As002G054670	El001G056990
OG0001488	As003G055970	El003G169320
OG0001488	As004G089810	El007G366260
OG0001489	As004G085500	El001G005780
OG0001489	As003G060290	El003G163410
OG0001490	As003G069830	El002G115070
OG0001490	As004G081110	El006G297200
OG0001491	As003G070370	El002G116020
OG0001492	As007G180810	El006G320720
OG0001493	As008G195740, As004G082080	El007G358210
OG0001494	As004G085100	El001G006290, El001G006310, El001G006320, El001G006300, El001G006330
OG0001495	As004G090990	El007G366600
OG0001496	As004G094470, As011G256240	El005G267160, El003G177080, El003G177100
OG0001497	As004G096260	El003G173530, El003G173590, El003G173580
OG0001498	As004G098070	El002G086070, El005G277140, El004G200340, El003G168340
OG0001499	As012G288560, As005G099220	El006G280160
OG0001500	As005G099790	El006G280740
OG0001500	As012G288210	El001G034550
OG0001501	As005G100230	El006G281110
OG0001502	As005G102480	El006G284010
OG0001502	As012G286170	El001G031960
OG0001503	As012G285910	El001G031580
OG0001503	As005G103110	El006G284720
OG0001504	As005G103840	El006G285370
OG0001505	As012G285480	El001G031030
OG0001505	As005G103960	El005G245290, El006G285590
OG0001506	As006G142150	El005G243990
OG0001506	As005G106410	El001G081830
OG0001507	As010G224170	El001G016180
OG0001507	As005G115720	El007G331950
OG0001508	As010G222610	El001G018180
OG0001508	As005G116340	El007G327140
OG0001509	As010G221530	El001G019630
OG0001509	As005G118870	El007G324250
OG0001510	As006G127110	El006G300800
OG0001510	As008G194330	El002G088220
OG0001511	As008G191800	El002G090520
OG0001511	As006G129670	El006G304970
OG0001512	As006G130250	El006G306130
OG0001513	As006G134800	El005G235910
OG0001514	As006G137350	El005G238680, El001G062380
OG0001515	As006G139150, As006G139160	El005G240770, El007G348220
OG0001516	As006G140260	El005G241880
OG0001517	As012G282480	El001G027260
OG0001517	As006G142810	El006G289520
OG0001518	As006G142890	El006G289610, El001G027120
OG0001519	As010G239600	El004G226330
OG0001519	As007G154860	El002G102620
OG0001520	As010G223010	El001G017720
OG0001520	As007G155440	El002G103250
OG0001521	As007G157310	El002G105820, El004G229980
OG0001522	As007G159210	El002G108350
OG0001522	As010G233860	El004G222700
OG0001523	As007G159770, As007G159760	El004G221840
OG0001524	As007G162280	El002G113080
OG0001524	As009G218400	El007G328880
OG0001526	As007G177880, As012G287270	El006G317400
OG0001527	As009G200200	El001G067340
OG0001527	As010G243610	El004G233860
OG0001528	As009G200660	El001G066570
OG0001530	As009G208130, As009G208140	El007G346910
OG0001531	As009G212540	El001G076010, El001G075990
OG0001531	As009G212530	El005G247120
OG0001533	As010G220990, As010G221000	El001G020550
OG0001535	As012G268330	El002G140630
OG0001535	As011G245290	El005G249340
OG0001536	As012G268830	El002G140150
OG0001537	As012G270460	El002G137650
OG0001537	As011G247790	El005G252240
OG0001538	As011G248690	El005G253240
OG0001538	As012G271020	El002G136610
OG0001539	As011G257640	El005G268660
OG0001540	As012G275340	El006G296790, El006G304450
OG0001541	As012G288500	El001G034880
OG0001549	As008G189360, As001G000350	El005G279090, El003G155420
OG0001550	As002G037190	El001G076200
OG0001551	As001G003600	El003G151630
OG0001551	As007G178090	El006G316940
OG0001552	As001G004530	El003G150780, El006G315010
OG0001553	As001G020960	El004G200800
OG0001553	As008G186960	El002G093680
OG0001554	As008G185750	El002G094980
OG0001554	As001G022010	El004G198930
OG0001555	As008G183910	El008G369030, El002G096860
OG0001555	As001G024630	El001G039430
OG0001556	As006G145370	El006G293720
OG0001556	As001G025430	El001G040910
OG0001557	As002G034230	El005G244520, El001G043580, El002G141060
OG0001558	As002G035840	El001G078110, El005G245860
OG0001559	As002G040240	El007G345030
OG0001560	As002G040690	El007G344730
OG0001560	As007G162800	El003G160440, El006G312040
OG0001561	As002G044310	El007G341020, El007G341040, El001G048180
OG0001562	As002G047830	El007G336070
OG0001562	As006G134190, As004G089470, As006G134210	El001G077430
OG0001563	As002G050910	El001G060920, El001G069150
OG0001564	As002G051580	El006G293050, El006G293040, El002G104650
OG0001565	As002G054950	El001G073930
OG0001565	As009G217850	El007G329660
OG0001566	As004G087940	El007G363400
OG0001566	As003G057540	El003G167050
OG0001567	As003G063270	El002G122590, El002G122580
OG0001568	As003G069320	El002G114490, El002G114500
OG0001569	As004G081080	El006G297040
OG0001569	As003G070040	El002G115520
OG0001570	As012G285530	El001G031070
OG0001570	As004G078650, As003G071580	El002G117660
OG0001571	As011G264410	El005G274840
OG0001571	As003G071720	El003G146840
OG0001572	As003G074600	El003G143740
OG0001572	As007G180280	El006G319830
OG0001573	As003G074940	El003G143340
OG0001573	As007G180450	El006G320130
OG0001574	As003G075700	El003G142630
OG0001574	As007G180920	El006G321090
OG0001575	As003G075900	El003G142420
OG0001576	As004G078100	El003G188590
OG0001577	As004G078360	El003G189250
OG0001578	As004G090820	El003G164020, El003G164290, El003G164060, El007G366710
OG0001579	As004G090830	El007G366700
OG0001581	As012G288550	El001G035140
OG0001581	As005G099240	El006G280170
OG0001582	As012G285890	El001G031570
OG0001582	As005G103130	El006G284740
OG0001583	As005G105260	El006G286850
OG0001583	As012G284240	El003G152050, El001G029330
OG0001584	As012G284070, As005G105400	El006G287340
OG0001585	As012G283760	El001G028680
OG0001585	As005G106110	El006G287860
OG0001586	As005G109770, As005G109730, As005G109810	El006G317000, El001G060750
OG0001587	As005G113630, As005G113750, As005G113720	El001G057410, El001G057440, El001G057430
OG0001588	As010G223930	El001G016120
OG0001589	As005G116400	El007G327070
OG0001589	As010G222490	El001G018310
OG0001590	As012G281820	El001G026380
OG0001590	As006G143440, As005G118810	El007G324310
OG0001591	As006G123270	El002G084650, El001G003020
OG0001592	As008G197260	El002G085070
OG0001592	As006G123590, As006G123580	El001G003540
OG0001593	As006G125280	El006G298520
OG0001593	As008G196140	El002G086480
OG0001594	As006G126140	El006G299840
OG0001595	As006G136270, As006G136260, As006G136250	El005G237530, El005G237520
OG0001596	As009G204010	El001G062530
OG0001596	As006G137150	El005G238430
OG0001597	As009G205500, As006G139340	El001G051190, El005G240950
OG0001598	As006G139870	El005G241470
OG0001598	As009G204700	El001G061620
OG0001599	As006G141340, As006G141350	El007G349470, El005G242930
OG0001600	As006G145110	El006G294200, El001G023520
OG0001601	As007G154270	El002G101930
OG0001601	As010G240560	El004G225260
OG0001602	As007G157510	El002G105990, El002G106000
OG0001603	As010G233600	El004G222300
OG0001603	As007G159420	El002G108580
OG0001604	As007G159450	El002G108650
OG0001605	As007G159480	El002G108680
OG0001605	As010G233470	El004G222180
OG0001606	As007G179370	El006G318300
OG0001606	As007G179310, As007G179300, As007G179340, As007G179380	El006G318330
OG0001607	As008G184640	El002G096090, El004G196960
OG0001608	As008G186120, As008G186140	El002G094570
OG0001609	As009G204900	El001G061390
OG0001609	As008G197240	El002G085090
OG0001610	As009G214300	El001G077760
OG0001611	As010G238260	El004G227830
OG0001612	As011G245190	El005G249260
OG0001613	As012G270010	El002G138110
OG0001613	As011G247430	El005G251800
OG0001614	As012G271870	El002G135720
OG0001614	As011G253200	El005G259050
OG0001615	As011G261220	El006G300720
OG0001616	As011G264510	El005G274990, El005G275000, El005G275020, El003G146780
OG0001617	As011G266230	El005G277980, El003G153600
OG0001618	As012G267820	El002G141370
OG0001619	As012G276530	El001G023510, El006G294210
OG0001642	As011G262450	El005G272500
OG0001642	As001G012500	El003G148720
OG0001643	As011G263530	El005G273860
OG0001643	As001G014740	El003G147500
OG0001644	As001G021040	El004G200500
OG0001644	As008G186840	El002G093790
OG0001645	As001G024450	El001G039090
OG0001646	As001G025330	El001G040790
OG0001646	As008G184320	El002G096580
OG0001647	As005G112760	El003G192030
OG0001647	As001G026040	El001G041850
OG0001648	As004G097600	El003G191800
OG0001648	As001G026180	El001G042110
OG0001649	As004G078610	El003G189790
OG0001649	As001G027380	El001G044260
OG0001650	As001G028040	El001G046090
OG0001650	As004G078090	El003G188560
OG0001651	As002G032930	El003G158190
OG0001651	As002G048310	El007G335300
OG0001652	As002G034080	El005G244410
OG0001652	As005G107010	El001G081160
OG0001653	As002G034830	El005G245010
OG0001653	As004G080660	El001G010970
OG0001654	As005G108360	El001G079300, El001G076700
OG0001654	As002G034960	El005G245100
OG0001655	As009G213200	El001G076760
OG0001655	As002G036620	El005G246540
OG0001656	As002G039040	El005G248200
OG0001657	As006G132670	El003G157340
OG0001657	As002G046680	El007G337420
OG0001658	As002G047020	El007G337070, El003G157490
OG0001659	As002G055320	El001G074340, El001G074350
OG0001660	As003G058550	El003G165470
OG0001660	As004G086970	El007G361310
OG0001661	As004G084980	El001G006730
OG0001661	As003G060770	El003G162720
OG0001662	As003G060900	El003G162590
OG0001662	As004G084850	El001G006950
OG0001663	As003G062880, As004G083340	El001G009340
OG0001663	As007G158950	El002G108000
OG0001664	As012G275120	El006G296600
OG0001664	As003G070920	El002G116690
OG0001665	As012G274990	El006G296430
OG0001666	As003G072130	El003G146370
OG0001666	As011G264730	El005G275280
OG0001667	As007G179670	El006G318730
OG0001667	As003G073520	El003G144850
OG0001668	As003G073870	El003G144550
OG0001668	As007G179790	El006G318990
OG0001669	As007G180470	El006G320160
OG0001669	As003G074980	El003G143280
OG0001670	As003G075970	El003G142370
OG0001670	As007G181810	El006G321410
OG0001671	As004G080500	El002G124780, El002G124440, El002G124730, El002G124770, El001G011050, El002G124450, El001G010610
OG0001672	As009G214760	El002G113360
OG0001673	As004G092150, As011G259110	El003G183400
OG0001674	As004G095240	El003G175520, El003G175400, El003G175480, El003G175390
OG0001675	As005G100000	El006G280900
OG0001676	As005G102620	El006G284140
OG0001677	As012G285380	El001G030920
OG0001677	As005G104070	El006G285630
OG0001678	As012G285040	El001G030430
OG0001678	As005G104530	El006G286170
OG0001679	As012G284790	El001G030140
OG0001679	As005G104840	El006G286530
OG0001680	As005G108210	El005G259480, El003G153680, El001G042790, El003G182460
OG0001681	As005G120190	El007G322640
OG0001681	As010G220710	El001G021000
OG0001682	As006G123800	El001G003690
OG0001682	As008G197100	El002G085270
OG0001683	As008G196540	El002G085930
OG0001683	As006G124600	El007G359900
OG0001684	As006G125200	El007G358850
OG0001684	As008G196190	El002G086400
OG0001685	As008G196160	El002G086440
OG0001685	As006G125210	El007G358840
OG0001686	As006G125380	El006G298620
OG0001686	As008G196070	El002G086520
OG0001687	As006G125460	El006G298910
OG0001688	As008G193980	El002G088580
OG0001688	As006G127480	El006G301300
OG0001689	As006G127840	El002G089050
OG0001689	As008G193490	El006G301830
OG0001690	As006G128090	El006G302210
OG0001690	As008G193250	El002G089250
OG0001691	As008G193060	El002G089550
OG0001691	As006G128380	El006G302730
OG0001693	As008G192240	El002G090180
OG0001694	As009G202860	El001G064040
OG0001694	As006G136060	El005G237330
OG0001695	As008G190150	El002G091360
OG0001695	As006G137700	El005G239120
OG0001696	As009G206860, As006G138230	El001G048900, El001G048880, El001G048930, El005G239930
OG0001697	As006G140340	El005G241980
OG0001698	As006G143090	El006G289880
OG0001698	As012G282250	El001G027000
OG0001699	As012G277290	El001G024180
OG0001699	As006G146140	El006G293060
OG0001700	As010G242590	El004G232690
OG0001700	As007G152930	El002G100440
OG0001701	As007G156550	El002G104700
OG0001701	As010G237360	El003G173760, El004G228940
OG0001702	As010G236450	El004G229990
OG0001702	As007G157320	El002G105830
OG0001703	As007G157920	El002G106380
OG0001703	As010G235780	El004G230710
OG0001704	As007G158980	El002G108030
OG0001704	As010G234260	El004G223270
OG0001705	As007G159350	El002G108510, El004G222390
OG0001706	As010G227390	El002G112970
OG0001707	As008G182520	El006G312960, El003G188660, El002G115910
OG0001708	As009G205470	El001G051270
OG0001709	As009G219330	El007G327720
OG0001709	As010G223090	El001G017610
OG0001710	As010G236530	El004G229910
OG0001711	As011G248830	El005G253350
OG0001711	As012G274730	El003G172250
OG0001712	As012G272750	El002G133790
OG0001712	As011G251230	El005G256560
OG0001713	As012G272600	El002G134030
OG0001713	As011G251610	El005G257030
OG0001714	As011G252860	El005G258420, El002G135210
OG0001715	As011G256690	El005G267860, El005G267840, El005G267600
OG0001730	As001G000160	El003G193660, El003G155650
OG0001731	As001G002090	El003G153010
OG0001731	As001G002080	El003G153030
OG0001732	As001G002180	El003G152950, El005G277410
OG0001733	As001G002610	El003G152490
OG0001733	As007G178980	El006G317790
OG0001734	As001G003070	El003G152110
OG0001734	As001G003060	El006G317370
OG0001735	As011G262440	El005G272490
OG0001735	As001G012490	El003G148740, El003G148760
OG0001736	As001G015660	El003G146930
OG0001736	As011G264330	El005G274750
OG0001737	As004G078750	El006G296070
OG0001737	As001G015720	El002G118060
OG0001738	As001G016990, As004G079600	El006G295730
OG0001739	As001G019330	El004G205730
OG0001739	As008G188120	El002G092450
OG0001740	As001G019770	El004G203330
OG0001740	As008G187740	El002G092970
OG0001741	As001G020250	El002G093360, El004G202310
OG0001742	As001G020840	El004G201070
OG0001742	As011G257950, As011G257920, As011G257860	El005G268820
OG0001743	As001G021590	El002G094250
OG0001743	As008G186310	El004G199730
OG0001744	As001G025880	El003G192150, El001G041620
OG0001745	As001G026390	El001G042400
OG0001745	As004G097440	El003G191560
OG0001746	As004G096870, As001G027100, As001G027120	El001G043710
OG0001747	As001G027980, As001G027730, As008G195410	El001G045970
OG0001748	As004G077690	El003G187020
OG0001748	As001G028450	El004G217060
OG0001749	As001G030640	El004G194370
OG0001749	As004G098210	El003G193300
OG0001750	As001G031300	El004G195950
OG0001751	As002G037600	El005G247460
OG0001751	As009G212190	El003G156450, El001G075450
OG0001753	As002G038810	El005G248070
OG0001753	As009G211390	El001G074890
OG0001754	As002G042850	El007G343080, El003G159540
OG0001755	As007G165920, As002G044370	El003G158780, El006G315970
OG0001756	As002G045020	El007G340320, El003G156210
OG0001757	As006G134330	El003G157800
OG0001758	As002G050810	El001G060870, El001G068930
OG0001759	As002G054860	El001G073810, El007G329790
OG0001760	As003G055950	El003G169340
OG0001760	As004G089920	El007G366270
OG0001761	As004G088340	El007G364130
OG0001762	As004G088150	El007G363880
OG0001763	As003G058120	El003G165920, El003G175420, El003G175500
OG0001764	As004G085570	El001G005660
OG0001764	As003G060240	El003G163540
OG0001765	As003G061750	El001G007810, El001G007780, El001G007820, El001G007770, El001G007760, El001G007800
OG0001766	As004G083700	El001G008940
OG0001767	As010G234740	El004G223720
OG0001767	As003G063410	El002G123050
OG0001768	As004G081770, As003G068330	El006G298420, El002G113690
OG0001769	As011G264820	El005G275440
OG0001769	As003G072320	El003G146140
OG0001770	As003G073930	El007G323870
OG0001770	As010G221370	El001G019980
OG0001771	As007G179930	El006G319370
OG0001771	As003G074120	El003G144250
OG0001772	As003G076250	El003G142020
OG0001773	As004G081020	El007G341130, El006G296940
OG0001774	As004G082040	El007G358320, El007G358310
OG0001775	As004G085690	El003G163690, El001G005410
OG0001776	As004G087730	El007G363230, El007G356230, El007G362870
OG0001777	As004G097230	El001G002220, El003G191080
OG0001778	As005G099210	El006G280150, El001G035120
OG0001779	As012G288510	El001G034890
OG0001779	As005G099320	El006G280240
OG0001780	As005G102040	El006G283390
OG0001780	As012G286670	El001G032300
OG0001781	As012G286010	El001G031750
OG0001781	As005G102880	El006G284390
OG0001782	As005G104290	El006G285860
OG0001783	As010G227360, As005G111610	El001G059850
OG0001784	As005G119200	El007G323780
OG0001784	As010G221340	El001G020010
OG0001785	As006G121560	El001G000510
OG0001785	As008G198980	El002G083170
OG0001786	As008G198930	El002G083400
OG0001786	As006G122000	El001G001170
OG0001787	As006G122800	El001G002210
OG0001787	As008G197950	El002G084070
OG0001788	As006G123000	El001G002680, El002G084350
OG0001789	As006G123310	El001G003060
OG0001790	As006G127300	El006G301050
OG0001791	As006G127700	El006G301610
OG0001792	As006G128330	El006G302590
OG0001792	As008G193120	El002G089480
OG0001793	As008G193020	El002G089670
OG0001793	As006G128540	El006G302910
OG0001794	As008G192750	El002G089960
OG0001794	As006G128910	El006G303680, El006G303660
OG0001795	As006G135530, As009G201960	El005G236700, El001G065270
OG0001796	As006G136170	El005G237440
OG0001796	As009G203040	El001G063800
OG0001797	As009G203550	El001G063270
OG0001797	As006G136600	El005G237880
OG0001798	As009G205220	El001G051500
OG0001798	As006G139450	El005G241040
OG0001799	As009G206190	El001G049640
OG0001799	As006G139460	El005G241060
OG0001800	As006G140000	El005G241570
OG0001800	As009G204500	El001G062020
OG0001801	As009G208280	El007G346960
OG0001801	As006G140650	El005G242280
OG0001802	As006G142180	El004G216120, El004G216130, El004G216110, El004G216100, El004G216150, El004G216160, El004G216090
OG0001803	As006G145030	El006G294330
OG0001803	As012G276500	El001G023460
OG0001804	As010G243090	El004G233300
OG0001804	As007G152670	El002G100180
OG0001805	As010G242220	El004G232290
OG0001805	As007G153250	El002G100830
OG0001806	As010G241430	El004G224380
OG0001806	As007G153740	El002G101400
OG0001807	As007G155820	El006G295230, El002G103790
OG0001808	As010G237420	El004G228880
OG0001808	As007G156490	El002G104630
OG0001809	As010G233120	El004G221530
OG0001809	As007G160050	El002G109610
OG0001810	As007G160680	El002G111250
OG0001811	As007G161490	El004G218800, El002G112320
OG0001812	As010G229440	El004G218670
OG0001812	As007G161600	El002G112420
OG0001814	As007G180770	El006G320670
OG0001815	As009G204510	El001G062010
OG0001816	As009G206600	El001G049220, El002G126610
OG0001817	As009G213110	El001G076650, El005G246660
OG0001818	As010G221840	El001G019310
OG0001818	As009G216230	El001G055350
OG0001819	As010G220640	El007G322530, El001G021130
OG0001820	As010G222410	El001G018460
OG0001821	As012G270690	El002G137170
OG0001821	As011G248150	El005G252660
OG0001822	As012G271070	El002G136510
OG0001823	As011G267030	El005G278770
OG0001824	As012G277520	El006G292810, El001G024360
OG0001825	As012G282110	El001G026860
OG0001826	As012G283200	El001G028130
OG0001827	As012G283480, As012G283450	El001G028330
OG0001828	As012G286120	El006G284100, El001G031880
OG0001844	As001G001080	El003G154430
OG0001844	As011G266470	El005G278230
OG0001846	As011G264180	El005G274690
OG0001846	As001G015540	El003G147050
OG0001847	As001G017560	El003G170500
OG0001847	As001G017570	El003G170510
OG0001848	As001G020410	El004G201670
OG0001848	As008G187140	El002G093440
OG0001849	As001G021660	El004G199570, El004G199580
OG0001850	As001G025970	El001G041770
OG0001851	As001G026330, As004G097510	El003G191690, El001G042290
OG0001852	As004G078430	El003G189520
OG0001853	As001G028700	El004G216170
OG0001854	As001G029220, As001G029200, As001G029210, As012G276250	El004G215170
OG0001855	As001G029430	El004G213220, El003G165440
OG0001856	As001G032090	El004G198060
OG0001856	As008G185290	El002G095480
OG0001857	As002G032760	El003G158380
OG0001857	As002G048690	El007G334850
OG0001858	As005G109210	El001G078440
OG0001858	As002G035530	El005G245620
OG0001859	As002G035950	El005G245930
OG0001859	As009G214550	El001G078010
OG0001860	As009G213100	El001G076640
OG0001861	As002G037140	El005G246770
OG0001861	As009G212960	El001G076420
OG0001862	As009G211910	El001G075350
OG0001862	As002G046460, As002G037820	El005G247630
OG0001863	As007G164570	El003G159360
OG0001863	As002G043410	El007G342570
OG0001864	As002G046260	El007G337920, El003G157030
OG0001865	As002G046430	El007G337710
OG0001865	As006G132520	El003G157130, El007G323630
OG0001866	As002G046650	El007G337450
OG0001866	As006G132650	El003G157320
OG0001867	As002G049160	El007G334210, El003G158640
OG0001868	As002G051160, As005G109830	El001G060780, El001G069410
OG0001869	As005G118670	El007G324500
OG0001869	As002G052660	El001G071390
OG0001870	As002G052840	El007G324750
OG0001870	As005G118470	El001G071560
OG0001871	As005G118300	El007G325040
OG0001872	As002G053430	El001G072140
OG0001873	As004G079370, As010G237170, As002G053740	El001G072510, El001G072520
OG0001874	As002G054100	El001G072930
OG0001875	As002G054680	El001G073590
OG0001875	As009G217400	El001G057050
OG0001876	As002G054840	El007G329880, El001G073780
OG0001877	As002G055330	El001G074360, El007G361230
OG0001878	As003G055820	El003G169500
OG0001878	As004G091220	El007G366430
OG0001879	As004G089290, As003G056220	El003G168880
OG0001879	As003G056320, As012G271310	El007G365590
OG0001880	As004G088810	El007G364940
OG0001880	As003G056580, As003G056590	El003G168490, El003G168500
OG0001881	As010G228130, As003G064030, As003G058940	El003G165050
OG0001882	As004G086070	El001G004950
OG0001882	As003G059590	El003G164470
OG0001883	As004G085890	El001G005140
OG0001883	As003G059860	El003G164080
OG0001884	As007G151870	El002G099270
OG0001884	As003G060870	El004G201750
OG0001885	As003G062560	El002G120850
OG0001885	As004G083710	El001G008930
OG0001886	As003G063880	El002G123760
OG0001886	As004G080230	El001G010120
OG0001887	As003G064240	El001G010980, El002G125420
OG0001888	As003G069790, As004G081190	El006G297620, El006G297650
OG0001889	As011G265390	El005G276660
OG0001889	As003G072760, As003G072740	El003G145650
OG0001890	As003G074350	El003G144020
OG0001891	As004G079520	El003G158510, El002G093730
OG0001892	As004G082000	El007G358360, El002G113350
OG0001893	As004G083780, As004G083830	El001G008770
OG0001894	As006G143010, As004G085550	El006G289800, El001G005700
OG0001895	As004G091210	El007G366460, El001G061110, El007G366450
OG0001896	As004G093180	El003G156000
OG0001896	As006G141160	El005G242720
OG0001897	As011G255780	El005G265910
OG0001897	As004G094870	El003G176310
OG0001898	As011G254720	El005G261820
OG0001898	As004G095870	El003G174350
OG0001899	As004G096220	El003G173640
OG0001899	As011G254110	El005G260920
OG0001900	As004G098200	El003G193280
OG0001901	As005G099020	El006G280020, El006G314870
OG0001901	As012G288710	El001G034900
OG0001902	As012G288050	El001G034370
OG0001902	As005G100030	El006G280920
OG0001903	As012G286750	El001G032390
OG0001903	As005G101970	El006G283290
OG0001904	As012G286660	El001G032280
OG0001904	As005G102050	El006G283400, El005G276440
OG0001905	As012G285960	El001G031640
OG0001906	As012G285370	El001G030910
OG0001906	As005G104090	El006G285650
OG0001907	As010G222720	El001G018080
OG0001908	As009G208110, As005G116440, As005G116410, As005G116450	El007G327060
OG0001909	As006G122730	El001G002050
OG0001909	As008G198070	El002G084210
OG0001910	As006G124200	El001G004290
OG0001910	As008G196870	El002G085510
OG0001911	As006G125080	El007G359030
OG0001911	As008G196240	El002G086320
OG0001912	As006G126470	El006G300250
OG0001912	As008G194820	El002G087680
OG0001913	As008G194510	El002G087980
OG0001913	As006G127010	El006G300630
OG0001915	As006G127440	El006G301250
OG0001915	As008G194000	El002G088570
OG0001916	As006G128760	El006G303310
OG0001917	As006G129560	El006G304830
OG0001918	As006G131460, As006G131480	El006G311260, El006G311290
OG0001919	As009G200030	El001G067110
OG0001920	As006G135730	El001G064620, El005G236980
OG0001921	As009G202390	El001G064590
OG0001921	As006G135780	El005G237030
OG0001922	As006G139010	El005G240610
OG0001922	As009G205870	El001G050590
OG0001923	As006G143780	El006G290680
OG0001923	As012G281320	El001G025950
OG0001924	As006G145930	El001G024110, El006G293190
OG0001925	As006G147060	El006G292300
OG0001926	As006G147410	El006G292050
OG0001926	As012G278430	El001G022190
OG0001927	As010G243720	El004G234000
OG0001927	As007G152220	El002G099720
OG0001928	As010G241680	El004G231810
OG0001928	As007G153570	El002G101220
OG0001929	As007G154160	El004G225140
OG0001930	As007G155140	El002G102880
OG0001930	As010G239150	El004G226920
OG0001931	As010G238790	El004G227290
OG0001931	As007G155320	El002G103090
OG0001932	As007G155730	El002G103650
OG0001932	As010G238480	El004G227640
OG0001933	As007G157160	El002G105540
OG0001934	As007G158150	El002G107070
OG0001934	As010G235460	El004G231250
OG0001935	As007G159310	El002G108450
OG0001936	As007G160030	El003G154700
OG0001937	As007G160520	El002G110660
OG0001937	As010G232650	El004G220720
OG0001939	As007G180980	El006G321200
OG0001940	As009G200550	El001G078890
OG0001941	As009G204950, As009G204960	El007G341920, El001G061320, El001G061310
OG0001942	As012G269080, As012G281590, As012G269060	El003G178220, El002G120860, El003G185920, El003G185910, El003G185890
OG0001944	As009G212500	El005G247240, El001G075960
OG0001945	As010G221720	El001G019460
OG0001946	As010G222400	El001G018470
OG0001947	As010G225810	El001G013740, El001G013760, El001G013730, El001G013770
OG0001948	As010G226330	El001G012570
OG0001949	As010G227300	El002G123090
OG0001950	As011G245930	El005G250020
OG0001950	As012G269040	El002G139900
OG0001951	As011G247100	El005G251320, El002G138350
OG0001952	As011G248940	El005G253480
OG0001953	As011G251400	El005G256760
OG0001953	As012G272660	El002G133940
OG0001954	As011G253050	El005G258760
OG0001955	As011G253690	El002G136180, El005G259370
OG0001956	As011G262750	El005G272900
OG0001957	As012G275050	El006G296470
OG0001958	As012G285290	El005G272340, El005G272320, El005G272330, El002G122830, El002G122740
OG0001959	As012G285720	El001G031320
OG0001971	As001G001000	El003G154550
OG0001971	As011G266510	El005G278310
OG0001972	As001G002350	El003G152730
OG0001972	As011G265560	El005G277150
OG0001973	As001G003210	El003G152000
OG0001973	As007G178320	El006G317160
OG0001974	As007G178030	El006G316920
OG0001974	As001G003630	El003G151600
OG0001975	As011G262160	El005G272050
OG0001976	As001G014460	El003G147660
OG0001976	As011G263480	El005G273780
OG0001977	As004G083090	El006G295300
OG0001977	As001G017810	El003G170760
OG0001978	As001G021620	El004G199690
OG0001978	As008G186230	El002G094430
OG0001979	As001G023520	El001G037660
OG0001979	As008G182890	El002G098500
OG0001980	As001G023690	El001G037910
OG0001980	As008G183040	El002G098290
OG0001981	As008G184280	El002G096620
OG0001981	As001G025280	El001G040710
OG0001982	As001G025560	El001G041150
OG0001982	As008G184440	El002G096460
OG0001983	As001G026070	El001G041880
OG0001983	As005G112750	El003G192010
OG0001984	As001G026200	El001G042150
OG0001984	As004G097590	El003G191790
OG0001985	As003G060640, As001G031850	El002G095790
OG0001986	As012G283190	El001G028110
OG0001986	As002G033250	El006G288280
OG0001987	As005G109150	El001G078480
OG0001987	As002G035510	El005G245600
OG0001988	As002G037170, As012G276490	El005G246730
OG0001989	As002G037240, As002G037260	El005G246990, El001G076110
OG0001990	As002G046030	El007G338320
OG0001990	As006G132420	El003G156940
OG0001991	As002G046910	El003G157450
OG0001992	As002G047670, As006G134320	El003G157810
OG0001993	As002G047890	El007G336010
OG0001993	As006G134180	El003G157980
OG0001994	As002G049230	El007G334110, El003G158670
OG0001995	As002G051030	El001G069290, El001G060820
OG0001996	As002G051550	El001G069870, El001G052040
OG0001997	As002G053610	El001G072380
OG0001997	As007G179950	El006G319400
OG0001998	As002G053810	El001G072630
OG0001998	As005G117250	El007G326220
OG0001999	As002G055150	El001G074150
OG0002000	As009G218350	El007G329030
OG0002000	As002G055410	El001G074450
OG0002001	As004G089230	El007G365710
OG0002001	As003G056260	El003G168950
OG0002002	As004G087210	El003G165900
OG0002003	As004G085600	El001G005630
OG0002004	As004G084930	El001G006790
OG0002004	As003G060850	El003G162630
OG0002005	As004G084290	El001G007880
OG0002005	As003G061860	El003G161210
OG0002006	As003G061930	El003G161120
OG0002006	As004G084140	El001G008010
OG0002007	As004G084150	El001G008050
OG0002007	As003G061950	El003G161100
OG0002008	As004G083850	El001G008580
OG0002008	As003G062340	El002G120350
OG0002009	As003G065730	El002G130040, El002G130050, El002G130070
OG0002011	As003G069960	El002G115310, El006G297070
OG0002012	As011G264500	El005G274980
OG0002012	As003G071790	El003G146790
OG0002013	As011G264560	El005G275130
OG0002013	As003G071910	El003G146640
OG0002014	As003G072220	El003G146260, El005G275310
OG0002015	As003G073000	El005G277010, El003G145390
OG0002016	As007G179840	El006G319230
OG0002016	As003G073990	El003G144410
OG0002017	As007G180300	El006G319840
OG0002018	As007G180950	El006G321130
OG0002018	As003G075740	El003G142590
OG0002019	As004G079010, As004G079040	El006G295400
OG0002021	As004G084130	El003G161020, El003G161000, El001G008090
OG0002022	As004G088650	El002G101690, El007G364600
OG0002023	As011G254830	El005G262340
OG0002023	As004G095790	El003G174550
OG0002024	As011G254270	El005G261100
OG0002026	As005G102350	El006G283860
OG0002026	As012G286200	El001G032000
OG0002027	As012G283860	El001G028770
OG0002027	As005G105970	El006G287780
OG0002028	As006G129780, As005G114290	El001G014250
OG0002029	As008G198670	El002G083460
OG0002029	As006G122080	El001G001250
OG0002030	As006G123400	El001G003160
OG0002030	As008G197470	El002G084830
OG0002031	As008G195950, As006G125520	El006G298810, El002G086660
OG0002032	As006G125680	El006G299980
OG0002032	As008G194980	El002G087510
OG0002033	As008G193380	El002G089140
OG0002033	As006G127930	El006G302020
OG0002034	As006G129090	El002G090080, El006G304140
OG0002035	As006G134600	El007G336940
OG0002036	As009G201600	El001G065560
OG0002036	As006G135320	El005G236480
OG0002037	As009G201610	El001G065550
OG0002037	As006G135340	El005G236500
OG0002038	As011G248890	El005G253410
OG0002038	As006G138750	El005G240460
OG0002039	As012G282060	El001G026790
OG0002039	As006G143240	El006G290030
OG0002040	As006G145140	El006G294140
OG0002040	As012G276560	El001G023560
OG0002041	As006G145740	El006G293410
OG0002041	As012G277090	El001G023970
OG0002042	As006G148500	El003G163850, El006G291820, El006G291830
OG0002043	As007G151940	El002G132700
OG0002044	As007G152130	El002G099590
OG0002044	As010G243920	El004G234220
OG0002045	As007G152270	El002G099790
OG0002045	As010G243670	El004G233900
OG0002046	As007G152480	El002G100080
OG0002046	As010G243220	El004G233420
OG0002047	As007G152970	El002G100480
OG0002047	As010G242530	El006G318640, El004G232630
OG0002048	As007G153870	El002G101570
OG0002048	As010G241130, As010G241120	El004G224720
OG0002049	As010G240580	El004G225240
OG0002049	As007G154260	El002G101920
OG0002050	As007G156920	El002G105240
OG0002050	As010G237010	El004G229390
OG0002051	As007G157010	El002G105340, El006G286880
OG0002052	As007G157110	El002G105480
OG0002052	As010G236740	El004G229650
OG0002053	As007G157350	El002G105860
OG0002053	As010G236420	El004G230010
OG0002054	As007G159150	El002G108190
OG0002054	As010G234050	El004G223020
OG0002055	As007G159360	El002G108520
OG0002055	As010G233640	El004G222370
OG0002056	As007G166910	El006G314210
OG0002057	As007G167240	El006G315130
OG0002059	As008G195200	El002G087320
OG0002060	As010G233260	El004G221830
OG0002060	As009G200610	El001G066630
OG0002061	As009G216670	El001G018860, El001G018870
OG0002062	As009G217750	El007G329820, El007G329830, El007G329810
OG0002063	As009G220000	El001G074760, El007G333100
OG0002064	As010G220250	El001G021680, El001G021690
OG0002065	As010G234940, As010G234930	El004G214730, El004G214740, El004G224040
OG0002066	As010G236630	El004G229800
OG0002067	As010G237600	El004G228660
OG0002068	As010G242610	El004G233130, El004G233160
OG0002069	As010G242720	El004G232850
OG0002069	As010G242710	El004G232820
OG0002070	As010G242940	El002G100290, El004G233050
OG0002071	As011G245310	El005G249360
OG0002071	As012G268370	El002G140580
OG0002072	As012G268720	El002G140310
OG0002072	As011G245540	El005G249510
OG0002073	As012G269780	El002G138200
OG0002073	As011G247000	El005G251220
OG0002074	As012G274260	El003G171430
OG0002074	As011G249220	El005G253920
OG0002075	As011G266590	El005G278430
OG0002075	As011G266600, As011G266610	El005G278420
OG0002076	As012G267730	El002G141500
OG0002077	As012G271430	El002G135980, El005G259250
OG0002078	As012G282170	El001G026910, El001G026900
OG0002079	As012G289110	El003G189980, El003G190010, El003G158210
OG0002091	As007G165330	El001G010150
OG0002091	As007G164550	El002G125430
OG0002093	As011G262560	El005G272590
OG0002093	As001G012790	El003G148210
OG0002094	As001G014220	El003G147920
OG0002094	As011G263260, As011G263270, As011G263250	El005G273560
OG0002095	As011G264280	El005G274540
OG0002095	As001G015590	El003G146990
OG0002096	As001G019160	El004G206830
OG0002096	As008G188390	El002G092130
OG0002097	As001G020040	El004G202840
OG0002097	As008G187890	El002G093120
OG0002098	As001G021050, As001G020990	El004G200370, El004G200750
OG0002099	As008G186590	El002G094030
OG0002099	As001G021230	El004G200220
OG0002100	As008G183510	El002G097520
OG0002100	As001G024090	El001G038540
OG0002101	As004G097680	El003G191870
OG0002101	As001G026130	El001G042000
OG0002102	As008G193520	El007G355110, El005G242970, El007G355130, El007G353200, El007G352390, El005G242960, El008G369920, El003G182590, El007G353230
OG0002103	As001G030420	El004G194030, El003G193580
OG0002104	As001G031080	El004G195460
OG0002104	As004G097980	El003G192650
OG0002105	As008G184590	El002G096250
OG0002105	As001G031610	El004G196800
OG0002106	As001G032220	El004G198260
OG0002106	As008G185350	El002G095380
OG0002107	As012G283100	El001G028010
OG0002107	As002G033430	El002G094300, El006G288480
OG0002108	As005G106800	El001G081440
OG0002108	As002G033880	El005G244140
OG0002109	As002G034790	El001G079700, El005G244980
OG0002110	As002G034840	El005G245030, El001G079580
OG0002111	As005G109170	El001G078450
OG0002112	As009G214170	El001G077370
OG0002114	As002G045310	El007G339520
OG0002115	As006G134480	El003G157470
OG0002115	As002G046920	El007G337190
OG0002116	As002G047280	El007G336630
OG0002116	As006G134680	El003G157700
OG0002117	As002G050550	El001G068620, El002G112830
OG0002118	As009G214970	El001G052280
OG0002118	As002G051600	El001G069930
OG0002119	As002G052490, As009G215680	El001G071180, El001G054300
OG0002120	As009G217000	El001G056460
OG0002120	As002G054310	El001G073230
OG0002121	As009G218370	El007G328990, El007G329010
OG0002121	As002G055430	El001G074490
OG0002122	As004G091050	El007G366550
OG0002122	As003G055700	El003G169760
OG0002123	As004G088050	El007G363710
OG0002123	As003G057490	El003G167170
OG0002124	As004G087910	El007G363370
OG0002124	As003G057570	El003G167020
OG0002125	As003G058390	El003G165630
OG0002125	As004G087050	El007G361500
OG0002126	As004G086210	El001G004750
OG0002126	As003G059150	El003G164790
OG0002127	As004G084210	El001G007950
OG0002127	As003G061890	El003G161170
OG0002128	As004G083870	El001G008460
OG0002128	As003G062310	El002G120320
OG0002129	As004G083170	El001G009630
OG0002129	As003G063110	El002G122170
OG0002130	As003G063540	El004G208500
OG0002131	As003G070530, As007G154020, As007G153030, As008G197820	El001G002660, El002G084390
OG0002132	As003G071840	El003G146700
OG0002132	As011G264530	El005G275040
OG0002133	As003G071900	El003G146650, El003G146550
OG0002134	As003G072310	El003G146150
OG0002135	As003G073010	El005G277020, El003G145380
OG0002136	As003G076020	El003G142310
OG0002137	As004G078390	El003G189310, El003G189280, El003G189320
OG0002138	As004G081040	El006G296960
OG0002138	As004G081050	El006G296970
OG0002139	As004G082130	El007G358090
OG0002140	As004G083590	El001G009130, El002G121050, El001G009140
OG0002141	As004G094840	El003G176640
OG0002141	As011G255830	El005G265930
OG0002142	As012G288880	El001G035340
OG0002142	As005G098660	El003G162780
OG0002143	As005G098750	El006G279840
OG0002144	As005G104820	El006G286500, El006G286490
OG0002145	As005G105110	El006G287090, El001G029530
OG0002146	As010G226030	El001G013180
OG0002146	As005G113570	El001G057700
OG0002147	As005G114740	El007G331070, El007G331080
OG0002148	As005G114970, As010G224580	El001G015630
OG0002149	As005G116000	El007G327490
OG0002150	As005G119390	El001G020150
OG0002151	As005G119890	El007G322920
OG0002151	As011G265280	El005G276810
OG0002152	As006G121340	El001G000740
OG0002152	As008G199170	El002G082860
OG0002153	As008G199090	El002G083030
OG0002153	As006G121420, As006G121450, As006G121430, As006G121440	El001G000610
OG0002154	As006G124450	El007G360140
OG0002154	As008G197060	El002G085740
OG0002155	As006G124840	El007G359650
OG0002155	As008G196370	El002G086120
OG0002156	As006G125510	El006G298820
OG0002156	As011G256260	El005G267200
OG0002157	As006G126130	El006G299850
OG0002157	As008G195150	El002G087390
OG0002158	As006G134420	El003G156540, El003G156530
OG0002159	As006G135630	El005G236860
OG0002159	As009G202140	El001G065090
OG0002161	As006G137820	El005G239230
OG0002162	As011G255490	El005G265250
OG0002162	As006G139680	El005G241270
OG0002164	As006G140400	El007G346030
OG0002165	As006G141860	El001G068190, El005G243620
OG0002166	As012G282620	El001G027410
OG0002166	As006G142540	El006G289200
OG0002167	As006G143510	El006G290320
OG0002168	As006G144410	El006G295090
OG0002168	As012G275860	El001G022720
OG0002169	As006G147220	El006G291560
OG0002170	As007G152430	El002G100030
OG0002170	As010G243340	El004G233510
OG0002171	As007G152690	El002G100200
OG0002171	As010G243080	El004G233240
OG0002172	As007G152710	El002G100220
OG0002172	As010G243060	El004G233220
OG0002174	As007G155630	El002G103540
OG0002175	As007G157000	El004G229480, El002G105330
OG0002176	As007G158590	El002G107680
OG0002177	As007G159160	El002G108210
OG0002177	As010G233980	El004G222920
OG0002178	As010G233400	El004G222120
OG0002178	As007G159520	El002G108710
OG0002179	As010G228080	El004G218050, El004G211970
OG0002179	As007G161940	El002G112740
OG0002181	As007G180290	El003G148070
OG0002182	As009G217880	El007G329620
OG0002182	As008G183490	El002G097780, El002G097610
OG0002183	As008G184110	El002G097090, El001G040130
OG0002184	As008G185390	El002G116610, El002G095320
OG0002185	As008G185450	El004G198340
OG0002186	As008G186630	El004G200250, El002G093990
OG0002187	As008G187990, As008G187980	El002G092580, El005G243640
OG0002188	As008G194770	El002G087750, El002G087760
OG0002189	As009G212710	El005G246920, El001G076220
OG0002190	As009G214050	El005G246030, El001G077670
OG0002191	As009G214800, As009G214810, As009G214820, As009G214830	El005G258840, El001G051810
OG0002192	As010G226340, As010G226370	El001G012460, El001G058390
OG0002194	As012G267860	El002G141260
OG0002194	As011G244820	El005G248840
OG0002195	As011G245320	El005G249370
OG0002195	As012G268390, As012G268380	El002G140570
OG0002196	As012G274610	El003G172030
OG0002196	As011G248930	El005G253460
OG0002197	As011G249530	El005G254360
OG0002197	As012G273930	El002G131660
OG0002198	As011G250040	El005G255000
OG0002198	As012G273610	El002G132290
OG0002199	As011G250200	El005G255290
OG0002199	As012G273540	El002G132350
OG0002200	As011G263110, As011G263100, As011G263120, As011G263140	El005G273420
OG0002201	As011G263850	El005G274290, El005G274300
OG0002202	As011G264220	El005G274610, El005G274620
OG0002203	As011G265590	El005G277210
OG0002204	As011G265910	El003G153160, El005G277590
OG0002205	As012G272390	El002G134400
OG0002206	As012G272700	El002G133890, El005G256700
OG0002207	As012G274600	El003G172010
OG0002207	As012G274590	El003G172000
OG0002208	As012G283550, As012G283560, As012G283510	El001G028400
OG0002209	As012G287010	El006G282980, El001G032860
OG0002219	As011G266500, As001G001030	El003G154520
OG0002220	As001G001360	El003G153860
OG0002221	As001G001410	El003G153730
OG0002221	As011G266270	El005G278030
OG0002222	As001G003170	El003G150310
OG0002223	As001G003220	El003G151970, El001G015650
OG0002224	As007G177890	El006G316730
OG0002224	As001G003870	El003G151380
OG0002225	As001G004480, As007G167250	El003G150840, El006G315160
OG0002226	As001G013710	El008G370540, El003G148490
OG0002226	As011G262760	El005G272910
OG0002227	As011G264310	El005G274490
OG0002228	As004G079560	El006G295710
OG0002228	As001G016920	El002G119770
OG0002229	As001G022380	El001G036150
OG0002230	As001G023120	El001G036960
OG0002231	As001G024520	El001G039180
OG0002231	As008G183860	El002G097200
OG0002232	As001G025040	El001G040240
OG0002232	As008G184120	El002G097100
OG0002233	As004G096740, As001G027220	El001G044040
OG0002234	As004G078540	El003G189650
OG0002234	As001G027460	El001G044400
OG0002236	As004G077180	El003G185480
OG0002237	As004G077070	El003G184770
OG0002237	As001G029300	El004G214050
OG0002238	As001G030680	El004G194400, El003G193230
OG0002239	As001G032110	El004G198120
OG0002240	As002G048910	El007G334560
OG0002240	As002G032600	El003G158530
OG0002241	As005G106870	El001G081350
OG0002241	As002G033920	El005G244200
OG0002242	As002G035430	El005G245530, El001G078550
OG0002243	As002G035850	El004G234460
OG0002244	As002G037570	El007G327650, El005G247440
OG0002245	As007G164410	El003G159480
OG0002245	As002G043270	El007G342810
OG0002246	As002G043800	El007G341880, El007G341840
OG0002246	As002G043790	El007G341890, El007G341850
OG0002247	As002G043870	El007G341700
OG0002248	As002G046280	El007G337910
OG0002248	As006G132480	El003G157050
OG0002249	As002G046860	El007G337230
OG0002249	As006G134430	El003G157420
OG0002250	As006G134310	El003G157820
OG0002251	As002G048040	El007G335860
OG0002251	As006G134130	El003G158040
OG0002252	As003G068140, As003G068150, As002G049250	El007G334040, El003G158680
OG0002253	As002G050570, As007G162200	El002G112860
OG0002254	As002G050950	El001G060910, El001G069200
OG0002255	As005G109480	El001G051670
OG0002255	As002G051240	El001G069520
OG0002256	As004G088090	El007G363770
OG0002256	As003G057450	El003G167250
OG0002257	As003G060360	El003G163270
OG0002257	As003G060350	El003G163280
OG0002258	As003G071400	El002G117560, El006G296290
OG0002259	As003G072530	El003G145880, El003G145890
OG0002260	As003G073150	El001G010470, El003G184440, El003G162820, El003G184980, El003G184950, El003G185020
OG0002261	As003G073200	El003G145190
OG0002262	As003G073490	El003G144880
OG0002262	As007G179650	El006G318710
OG0002263	As003G074930	El003G143360
OG0002263	As007G180440	El006G320120
OG0002264	As003G076150	El006G321640, El006G297160, El003G142130
OG0002265	As004G078230	El003G189110, El001G045450
OG0002266	As004G082310	El007G357680
OG0002267	As004G094550	El003G176890, El003G180880
OG0002267	As011G256140	El005G266960
OG0002268	As011G255280	El005G264580
OG0002268	As004G095460	El003G175120
OG0002269	As004G095670	El003G174860
OG0002269	As011G254970	El005G263150
OG0002270	As004G095780	El005G262350
OG0002271	As011G254180	El005G260990
OG0002271	As004G096150	El003G173930
OG0002273	As012G287020	El001G032880
OG0002273	As005G101670	El006G282950
OG0002274	As005G102930	El006G284460
OG0002274	As012G285990	El001G031790
OG0002275	As005G103040	El006G284670
OG0002276	As005G103070	El006G284680
OG0002276	As012G285930	El001G031600
OG0002277	As012G284270	El001G029360
OG0002277	As005G105240	El006G286890
OG0002278	As012G283950	El001G028850
OG0002278	As005G105690	El006G287540
OG0002279	As005G106590	El001G081630
OG0002279	As006G136200	El005G237470
OG0002280	As010G225820	El001G013710
OG0002280	As005G113800	El001G057330
OG0002281	As010G225790	El001G013790
OG0002281	As005G113820	El001G057290
OG0002282	As005G114390	El007G330640, El007G330630
OG0002283	As005G118460	El007G324760
OG0002284	As006G121770	El002G083260
OG0002285	As006G124180	El001G004210, El001G004190, El001G004200
OG0002285	As008G196900	El002G136810, El002G086190
OG0002286	As006G124410	El007G360160
OG0002287	As008G194720	El002G087810
OG0002287	As006G126840	El006G300410, El006G300400
OG0002288	As006G127520	El006G301350, El002G088600
OG0002289	As008G192670, As006G143160, As006G129000	El002G090020, El002G090050
OG0002290	As006G130740	El006G307480
OG0002291	As006G131820	El003G149630, El006G312770
OG0002292	As009G199850	El001G066870
OG0002292	As006G133070	El005G235470
OG0002293	As006G135020	El005G236150
OG0002293	As009G201080	El001G065990
OG0002294	As009G202150	El001G065080
OG0002294	As006G135640	El005G236870
OG0002295	As006G135770	El001G064580, El005G237020
OG0002296	As006G135950	El005G237220
OG0002297	As009G202760	El001G064150
OG0002297	As006G136000	El005G237270
OG0002298	As006G136540	El005G237820
OG0002299	As009G205760	El001G050710
OG0002299	As006G139080	El005G240660
OG0002300	As009G208050	El007G345980, El007G345990
OG0002301	As006G140570	El005G242210, El007G346550
OG0002302	As006G145700	El006G293460
OG0002302	As012G276990	El001G023920
OG0002303	As010G243690	El004G233970
OG0002303	As007G152260	El002G099780
OG0002304	As007G152800	El002G100300
OG0002304	As010G242920	El004G233040
OG0002305	As010G242620	El004G232750
OG0002305	As007G152910	El002G100420
OG0002306	As007G153120	El002G100650
OG0002306	As010G242410	El004G232480
OG0002307	As007G155170	El002G102920
OG0002307	As010G239080	El004G226980
OG0002308	As007G157100	El002G105470
OG0002308	As010G236750	El004G229620
OG0002309	As007G157880	El002G106340
OG0002309	As010G235820	El004G230680
OG0002310	As007G158020	El002G106460
OG0002310	As010G235690	El004G230850
OG0002311	As007G159800	El002G109270
OG0002311	As010G233250	El004G221800
OG0002312	As010G233170	El004G221700
OG0002313	As007G160900	El002G110910
OG0002313	As010G232070	El004G220160
OG0002314	As007G161970	El002G112760
OG0002314	As010G228200	El004G217990
OG0002315	As007G179120	El003G152630
OG0002317	As008G191700	El002G090560, El007G343380, El002G090590
OG0002320	As009G203290, As008G198660	El002G083470
OG0002321	As009G210450	El005G248290, El001G068110
OG0002325	As011G245000	El005G249080
OG0002325	As012G267960	El002G141030
OG0002326	As011G245270	El005G249320
OG0002326	As012G268280	El002G140680
OG0002327	As012G269490	El002G139200
OG0002327	As011G246480	El005G250670
OG0002328	As011G247870	El005G252340
OG0002328	As012G270520	El002G137520, El002G137510
OG0002329	As011G250400	El005G255500
OG0002329	As012G273150	El002G132570
OG0002330	As012G273200	El005G255710, El002G133030
OG0002331	As011G253230	El005G259080
OG0002331	As012G271530	El002G135840
OG0002333	As011G262900	El003G148020
OG0002334	As011G267380	El005G279220, El003G155660
OG0002335	As012G270830	El002G136920, El005G252850
OG0002336	As012G270850	El002G136900
OG0002337	As012G276000	El001G022820
OG0002338	As012G282580	El001G027390, El006G289280
OG0002339	As012G283640	El006G287990, El001G028500
OG0002348	As001G000290	El005G279150, El003G155500
OG0002349	As001G000470	El003G155320
OG0002349	As011G267120	El005G278880
OG0002350	As011G266520	El003G154580
OG0002350	As001G000960	El005G278330
OG0002351	As007G178570	El006G317660
OG0002351	As001G002790	El003G152290
OG0002352	As007G178130	El006G317030
OG0002352	As001G003450	El003G151730
OG0002353	As001G015080, As001G015070	El003G147220
OG0002354	As001G015950	El002G118680
OG0002354	As004G079070	El006G295420
OG0002355	As001G018710	El004G209620, El005G240150
OG0002356	As008G188060	El002G092510
OG0002356	As001G019650	El004G204590
OG0002357	As001G020450	El001G029440
OG0002357	As008G187120	El002G093460
OG0002359	As008G182860	El002G098550
OG0002359	As001G023380	El001G037270
OG0002361	As004G097560	El003G191760
OG0002361	As001G026270	El001G042240
OG0002362	As001G026570	El001G042600
OG0002362	As004G097290	El003G191330
OG0002363	As001G026840	El001G043020, El003G190900
OG0002364	As001G029260	El004G214540
OG0002365	As001G029650	El004G211800
OG0002365	As004G076890	El003G183930
OG0002366	As001G031630	El002G096130, El004G196940
OG0002367	As002G048220	El007G335420
OG0002367	As002G033030	El003G158140
OG0002368	As002G033500, As002G033510	El006G288350
OG0002369	As002G033860	El006G288930
OG0002370	As005G107180	El001G081010
OG0002371	As002G034980	El005G245120
OG0002371	As005G108380	El001G079260
OG0002372	As002G036740	El005G246400
OG0002372	As009G213590	El001G076930
OG0002373	As002G038720	El005G247940
OG0002374	As002G040940	El003G160090, El007G344620
OG0002375	As003G061380	El003G161880
OG0002375	As002G043310	El007G342740
OG0002376	As007G165370	El003G158980
OG0002376	As002G044030	El007G341440
OG0002377	As006G132320	El003G156770
OG0002377	As002G045900	El007G338380
OG0002378	As006G132580	El003G157250
OG0002378	As002G046560	El007G337590
OG0002379	As002G048600	El007G334930
OG0002380	As005G117870	El007G325470
OG0002380	As002G053410	El001G072110
OG0002381	As002G054200	El001G073090
OG0002381	As005G116610	El007G326910
OG0002382	As002G054990	El001G073990
OG0002382	As009G217890	El007G329610
OG0002383	As004G088440	El007G364250
OG0002383	As003G056960	El003G168040
OG0002384	As004G086770	El007G361090
OG0002384	As003G058560	El003G165450
OG0002385	As004G086410	El001G004480
OG0002385	As003G059010	El003G164980
OG0002386	As004G085290	El001G006050
OG0002387	As007G179590	El006G318600
OG0002389	As003G075930	El003G141700, El006G295660, El006G295670
OG0002390	As004G079660	El006G295770, El002G119960
OG0002392	As004G086380	El003G164970, El001G004530
OG0002393	As004G093590	El003G178570
OG0002393	As011G257490	El005G268410
OG0002394	As004G094020	El003G177800
OG0002394	As011G256530	El005G267670
OG0002395	As011G256330, As004G094350	El003G177520
OG0002396	As011G255320	El005G264740
OG0002396	As004G095390	El003G175150
OG0002397	As004G097460	El003G191590, El001G042350
OG0002398	As005G098570	El006G279660
OG0002398	As012G288950	El001G035390
OG0002399	As005G099170	El006G280110
OG0002400	As005G100690	El006G281650
OG0002400	As012G287710	El001G033850
OG0002401	As005G101260	El006G282480
OG0002401	As012G287290	El001G033130
OG0002402	As005G101600	El006G282880
OG0002402	As012G287030	El001G032900
OG0002403	As005G103330, As010G239880	El004G226070
OG0002404	As005G103860	El006G285390
OG0002404	As009G216560	El001G055880
OG0002405	As005G105420, As005G105440, As005G105430	El004G204430
OG0002406	As005G111770	El001G059550, El001G046900
OG0002407	As010G227090	El001G011720
OG0002408	As010G225340	El001G014100
OG0002408	As005G114180	El007G330400
OG0002409	As005G117920	El007G325410, El007G325420
OG0002410	As010G221420	El001G019790
OG0002410	As005G119040	El007G323940
OG0002411	As007G154010	El002G101710
OG0002411	As010G240950, As006G120970	El004G224930
OG0002412	As006G121270	El002G082990, El001G000800
OG0002413	As008G198970	El002G083180
OG0002414	As008G197140	El002G085210
OG0002414	As006G123790	El001G003680
OG0002415	As006G124690	El007G359810, El002G086080
OG0002416	As006G125040	El007G359070
OG0002416	As008G196270	El002G086280
OG0002417	As006G125930	El006G299220
OG0002417	As008G195600	El002G087020
OG0002418	As006G126740	El006G300310
OG0002418	As008G194760	El002G087780
OG0002419	As008G193350	El002G089160
OG0002419	As006G127970	El006G302060
OG0002420	As006G130200	El006G305970
OG0002421	As006G130420	El002G090990
OG0002422	As006G132600	El007G337560
OG0002423	As006G135160	El005G236330, El001G065800
OG0002424	As009G201660	El001G065490
OG0002424	As006G135400	El005G236560
OG0002425	As006G135440	El005G236610
OG0002425	As009G201750	El001G065410
OG0002426	As006G135510	El005G236680
OG0002426	As009G201930	El001G065300
OG0002427	As006G136130	El005G237400
OG0002427	As009G202970	El001G063900
OG0002428	As006G137190	El005G238480
OG0002428	As009G204040	El001G062490
OG0002430	As006G141940, As011G249920	El005G243730
OG0002431	As012G281710	El001G026210
OG0002433	As010G243470	El004G233690
OG0002433	As007G152330	El002G099940
OG0002434	As010G242390	El004G232460
OG0002434	As007G153130	El002G100670
OG0002435	As010G240000	El004G225960
OG0002435	As007G154550	El002G102360, El004G206980
OG0002436	As007G157780	El002G106230
OG0002436	As010G235980	El004G230570
OG0002437	As007G158170	El002G107110, El002G106790
OG0002438	As007G158300	El002G107220
OG0002439	As010G235050	El004G224090
OG0002439	As007G158550	El002G107610
OG0002440	As007G158900, As007G163640	El001G035970
OG0002441	As007G159190	El002G108260
OG0002441	As010G233950	El004G222870
OG0002442	As010G233340	El004G222020
OG0002442	As007G159670	El002G108880
OG0002443	As007G160590	El002G111370
OG0002443	As010G232560	El004G220580
OG0002444	As010G231580	El004G219550
OG0002444	As007G161090	El002G111750
OG0002445	As007G165530	El003G159010
OG0002446	As007G166970	El003G156370
OG0002447	As007G167050	El003G150140, El006G313990
OG0002448	As007G180990, As010G220930	El001G020660, El002G127920
OG0002449	As008G184400	El002G096500, El001G041040
OG0002450	As008G190820	El002G090830
OG0002451	As008G191270	El002G090710
OG0002452	As008G192830	El002G089860
OG0002453	As008G197420	El001G003270, El002G084870
OG0002454	As008G197430	El002G084860, El001G003240
OG0002455	As009G202980	El001G063910
OG0002456	As009G203970, As011G262850	El001G062570
OG0002458	As009G207430	El001G025520
OG0002459	As009G219300	El001G017590, El001G017580
OG0002460	As009G219940	El001G074710, El007G333050
OG0002462	As010G236970	El004G229430
OG0002463	As010G237210	El004G229130
OG0002464	As010G239170	El004G226900
OG0002465	As010G244070	El002G099440, El004G234350
OG0002466	As011G246020	El005G250120, El002G139820
OG0002467	As011G246390	El005G250560, El002G139450
OG0002468	As012G269940	El002G138520, El002G138640
OG0002468	As011G247340	El005G251690
OG0002469	As012G274440	El003G171620
OG0002469	As011G249070	El005G253690
OG0002470	As011G249540	El005G254370
OG0002471	As011G249710	El005G254560
OG0002471	As012G273810	El002G131870
OG0002472	As011G249830	El005G254680
OG0002472	As012G273760	El002G132000
OG0002473	As011G250030	El005G254990, El002G132280
OG0002474	As011G254520	El005G261440
OG0002475	As011G255010	El003G174970, El005G263640
OG0002477	As011G267110	El005G278870, El003G155310
OG0002478	As012G282460	El005G251420
OG0002478	As012G269880	El002G138420
OG0002479	As012G275080	El006G296500
OG0002480	As012G282910	El006G288700
OG0002494	As011G267440	El005G279490
OG0002494	As001G000070	El003G155770
OG0002496	As007G180720, As001G002930	El006G320630
OG0002497	As001G003770	El003G151460
OG0002498	As001G003890	El003G151370, El006G316700
OG0002499	As001G012010, As001G010780, As005G113250	El001G058250
OG0002500	As001G013480	El003G148300, El005G272750
OG0002502	As004G079730	El006G295840
OG0002503	As008G189320, As001G018590, As001G018580	El002G091630, El004G210050
OG0002504	As001G019510	El004G205240
OG0002504	As008G187560	El002G092800
OG0002505	As008G187280	El002G093310
OG0002505	As001G020220	El004G202180
OG0002506	As001G020640	El004G201320
OG0002506	As008G187030	El002G093580
OG0002507	As008G182970	El001G037710
OG0002508	As001G023960	El001G038290, El001G038360
OG0002508	As008G183400	El002G097870
OG0002510	As008G184420	El002G096480
OG0002510	As001G025530	El001G041110
OG0002511	As001G027330	El001G044210, El001G044190, El001G044490
OG0002512	As001G030940	El001G031800
OG0002512	As012G268260	El002G140700
OG0002513	As002G036190	El005G246100
OG0002513	As009G214160	El001G077390, El001G077380, El001G077400
OG0002514	As009G213190	El001G076750
OG0002515	As009G212380	El001G075860
OG0002515	As002G037470	El005G247310
OG0002516	As002G044340, As007G164890	El003G158820, El003G158850
OG0002517	As002G045300	El003G156320, El007G339560, El007G339590
OG0002518	As002G047320	El007G336590
OG0002518	As006G134700	El003G157720
OG0002519	As002G047340	El003G157740, El007G336550
OG0002520	As002G047720	El007G336170
OG0002521	As002G051220	El001G069500
OG0002522	As005G117400	El007G326040
OG0002523	As003G055760	El003G169650
OG0002524	As004G084950	El001G006770
OG0002524	As003G060810	El003G162670
OG0002525	As004G080270	El001G010210
OG0002525	As003G063820	El002G123890
OG0002526	As003G071140	El002G117200
OG0002526	As007G164530	El003G159400
OG0002527	As004G078670	El006G296150
OG0002527	As003G071590	El002G117670
OG0002528	As011G264850	El005G275510
OG0002528	As003G072370	El003G146060
OG0002529	As003G073400	El003G144970
OG0002529	As007G179540	El006G318530
OG0002530	As003G073920	El003G144600
OG0002531	As003G074720	El006G319950, El003G143610
OG0002532	As007G180670	El006G320540
OG0002532	As003G075500	El002G128460
OG0002533	As003G076500	El001G015030, El001G015020, El003G141860
OG0002534	As004G080330, As004G080320	El001G010270, El001G010260
OG0002535	As004G084730	El001G007110, El003G162450
OG0002536	As004G085350	El001G005980
OG0002537	As004G085480	El001G005800
OG0002538	As004G095080	El003G175970, El003G175980
OG0002539	As004G095560	El003G175060
OG0002539	As004G095510	El003G175070
OG0002540	As004G096620	El003G172750, El003G172760
OG0002541	As012G288940	El001G035380
OG0002541	As005G098580	El006G279670
OG0002542	As005G100920	El006G281940, El001G033580
OG0002543	As005G101310	El006G282560
OG0002543	As012G287170	El001G033060
OG0002544	As005G103360	El006G284960
OG0002544	As008G195470	El001G031430
OG0002545	As005G105890, As005G105610, As005G105930	El006G287730
OG0002547	As012G283750	El001G028670
OG0002547	As005G106150	El006G287920
OG0002548	As005G108450	El006G291740, El001G079150
OG0002549	As005G111540	El002G128910, El008G369100, El006G289730
OG0002550	As010G227270	El001G059480, El001G046890
OG0002551	As010G224410	El001G015900
OG0002551	As005G115520	El007G331580
OG0002552	As005G116390	El007G327080
OG0002553	As005G119590	El007G323340
OG0002553	As010G221160	El001G020410
OG0002555	As006G122230	El001G001470
OG0002555	As008G198480	El002G083720
OG0002556	As006G122430	El001G001710
OG0002556	As008G198330	El002G083870
OG0002557	As006G127180	El002G088270, El006G300960
OG0002559	As006G133130	El005G235510
OG0002559	As009G200430	El001G066790
OG0002560	As009G201240	El001G066120
OG0002560	As006G134910	El005G236030
OG0002561	As009G202670	El001G064310
OG0002561	As006G135920	El005G237190
OG0002562	As009G206940	El001G048660
OG0002562	As006G138150, As006G138130	El005G239710
OG0002564	As006G139890	El005G241490
OG0002565	As006G144620	El006G294800
OG0002566	As006G146200	El006G292910
OG0002567	As007G152810	El002G100310, El004G233020
OG0002568	As010G238200	El004G227920
OG0002568	As007G155930	El002G103940
OG0002569	As010G237410	El004G228890
OG0002569	As007G156520	El002G104640
OG0002570	As007G156590	El002G104770
OG0002571	As010G236920	El004G229470
OG0002571	As007G156990	El002G105310
OG0002572	As007G157610	El004G230370, El002G106060
OG0002573	As010G233140	El004G221650
OG0002573	As007G160020	El002G109580
OG0002574	As007G161070	El002G111730
OG0002574	As010G231590	El004G219530
OG0002575	As008G182790	El002G098630, El002G109730, El005G267440
OG0002576	As008G184230	El002G096680
OG0002576	As008G184220	El002G096690, El006G302490, El006G302460, El001G006380, El003G179980
OG0002577	As008G192700	El002G089980
OG0002578	As008G193730, As008G193760	El002G088730, El002G088740
OG0002580	As008G194790	El006G300270, El002G087730
OG0002581	As008G198400, As008G198390	El002G083820, El002G094730
OG0002582	As009G213250	El004G200330, El006G289290
OG0002583	As010G221700	El001G019480
OG0002583	As009G215910	El001G055030
OG0002584	As009G219490	El007G332610
OG0002585	As010G224650	El001G015510, El007G331300
OG0002586	As010G231040	El004G219360, El001G014990
OG0002587	As010G238060	El037G374570, El002G104040, El004G228030
OG0002588	As010G239220	El004G226850
OG0002589	As010G241020	El004G224850
OG0002590	As011G246160	El005G250260
OG0002590	As010G241320, As012G269200	El002G139700
OG0002591	As011G245450	El005G249450
OG0002591	As012G268620	El002G140370
OG0002592	As012G269150	El002G139770
OG0002592	As011G246080	El005G250190
OG0002593	As012G270160	El002G137870
OG0002593	As011G247650	El005G252050
OG0002594	As012G270470	El002G137640
OG0002594	As011G247800	El005G252250
OG0002596	As011G248880	El005G253420, El003G163150
OG0002596	As012G274650	El003G172120
OG0002597	As011G249380	El005G254160
OG0002597	As012G274080	El002G131410
OG0002598	As011G249910	El005G254770, El002G132110
OG0002599	As011G253930, As011G253870, As011G253880, As011G253900, As011G253920, As011G253910	El005G260150
OG0002600	As011G255050	El005G236550, El003G174980
OG0002601	As011G263820	El006G314180, El003G150280
OG0002602	As012G267890	El002G141200, El002G141150, El005G248970
OG0002603	As012G271860	El005G258950, El002G135710
OG0002604	As012G273030	El002G133260
OG0002605	As012G282930	El001G027780, El006G288670
OG0002606	As012G284350	El001G029450, El006G286990, El006G286970
OG0002607	As012G286060, As012G286070	El001G015460, El001G031720
OG0002622	As011G266930	El005G278680
OG0002622	As001G000680	El003G155090
OG0002623	As001G003260	El003G151940
OG0002624	As006G132160	El006G313680
OG0002624	As001G006190	El003G149920
OG0002626	As001G014170	El003G147990, El002G127200
OG0002627	As001G014270	El003G147850
OG0002627	As011G263300	El005G273610
OG0002628	As011G263570	El005G273920
OG0002628	As001G014800	El003G147440
OG0002629	As004G078820	El006G296020
OG0002629	As001G015750	El002G118160
OG0002630	As001G016520, As004G079350	El006G295540
OG0002631	As004G083150	El006G295330
OG0002631	As001G017580	El003G170530
OG0002632	As001G019060	El004G207500, El002G091990
OG0002633	As008G188110	El002G092460
OG0002634	As001G019900	El004G202960
OG0002634	As008G187830	El002G093070
OG0002635	As001G021860	El002G094740, El004G199190
OG0002636	As001G022990	El002G098770
OG0002637	As008G183390	El002G097880
OG0002637	As001G023970	El001G038280
OG0002638	As001G024740	El001G039710
OG0002638	As008G183930	El002G096890
OG0002639	As001G025840	El001G041580
OG0002639	As005G107930	El001G080100
OG0002640	As001G027310	El001G044240
OG0002641	As004G078380	El003G189270
OG0002641	As001G027640	El001G044980
OG0002642	As001G028250	El004G217310, El003G188230
OG0002643	As004G077380	El003G186210
OG0002643	As001G028850	El004G215660
OG0002644	As001G029730	El004G211630
OG0002645	As002G048900	El007G334590
OG0002645	As002G032620	El003G158500
OG0002646	As002G035470	El005G245580
OG0002647	As007G163080, As007G163060	El003G160120
OG0002647	As002G039660	El007G345040
OG0002648	As002G044830	El007G340010, El003G156120
OG0002649	As004G083470, As002G045400	El001G070270
OG0002650	As002G046120	El007G338030
OG0002651	As002G046390	El007G337750
OG0002651	As006G132490	El003G157080
OG0002652	As002G049070	El007G334340
OG0002652	As011G265690	El005G277370
OG0002653	As002G052290	El001G070990
OG0002653	As009G215520	El001G053980
OG0002654	As005G118680	El007G324490
OG0002654	As002G052650	El001G071380
OG0002655	As002G053250	El001G071970, El007G325070
OG0002656	As005G117600	El007G325810
OG0002656	As002G053570	El001G072320
OG0002657	As003G056450	El003G168670
OG0002657	As004G089010	El003G173070
OG0002658	As003G058870	El003G165150, El003G165140
OG0002659	As003G060340	El003G163290
OG0002660	As004G085180	El001G006160
OG0002660	As003G060580	El003G162910
OG0002661	As003G061470	El003G161730
OG0002661	As004G084490	El001G007610
OG0002662	As003G063950	El002G123590
OG0002662	As004G080190	El001G010040
OG0002663	As004G081750	El006G298400
OG0002663	As003G068530	El002G113730
OG0002664	As003G072000, As003G071990	El003G146540, El003G146560
OG0002665	As003G072390	El003G146040
OG0002665	As011G264930	El005G275590
OG0002666	As003G072660	El003G145720
OG0002667	As003G072790	El003G145610
OG0002667	As011G265360	El005G276690
OG0002668	As003G073280, As003G073270	El003G145130
OG0002669	As007G179900	El006G319320
OG0002669	As003G074060	El003G144330
OG0002670	As007G180820	El006G320730
OG0002670	As003G075640	El003G142680
OG0002671	As004G077580	El003G191030
OG0002672	As004G078520	El003G189620
OG0002673	As004G080350	El001G010320
OG0002674	As004G085250	El001G006080
OG0002675	As004G086350	El003G164930, El001G006550, El001G004550
OG0002676	As004G093110	El003G179390
OG0002676	As011G258120, As011G258130	El005G268960
OG0002677	As004G093500	El003G178720, El003G180700
OG0002678	As004G093530	El005G266980
OG0002678	As004G094510	El003G176970
OG0002679	As004G095650	El003G174880
OG0002680	As004G095740	El003G174760
OG0002680	As011G254910	El005G262780
OG0002681	As005G100710	El006G281660
OG0002681	As012G287670	El001G033810, El001G033750
OG0002682	As005G104150	El001G030850
OG0002683	As012G284450	El001G029570
OG0002684	As005G105950	El006G287750, El001G028790
OG0002685	As006G142160, As005G106640	El001G081590
OG0002686	As005G109060	El001G078540
OG0002687	As010G225290	El001G014260
OG0002687	As005G114330	El007G330590
OG0002688	As010G224920	El003G184900, El001G014850
OG0002688	As005G114620	El007G330940
OG0002689	As005G115500	El007G331490, El007G331480
OG0002690	As010G224390	El001G015920
OG0002690	As005G115510	El007G331500, El007G362080
OG0002691	As010G222530	El001G018270
OG0002691	As005G116360	El007G327110
OG0002692	As006G121510	El001G000570
OG0002692	As008G199080	El002G083040
OG0002693	As008G197190	El001G003580, El002G085180
OG0002693	As006G123750	El001G003590
OG0002694	As006G124270	El007G360400
OG0002694	As008G196950	El002G085580
OG0002695	As006G127050	El006G300710
OG0002695	As008G194410	El002G088110
OG0002696	As006G129490	El002G090460, El006G304670
OG0002697	As006G142000, As006G133830	El005G243810
OG0002698	As006G136330	El005G237600
OG0002698	As009G203310	El001G063570
OG0002699	As006G136410	El005G237660
OG0002699	As009G203390	El001G063520
OG0002700	As009G204050, As006G137200	El005G238490
OG0002701	As006G140860	El005G242440, El007G347620
OG0002702	As012G282650	El001G027440
OG0002702	As006G142520	El006G289180
OG0002703	As011G265040	El002G116460, El005G276190
OG0002704	As006G145710	El006G293470
OG0002705	As006G148860	El001G024990, El006G291430
OG0002706	As010G242850	El004G232980
OG0002706	As007G152830	El002G100340
OG0002707	As010G240220	El004G225650
OG0002707	As007G154380	El002G102060
OG0002708	As007G155940	El004G227930, El002G103950
OG0002709	As007G157250	El004G229920, El002G105740
OG0002710	As007G158990	El002G108040
OG0002710	As010G234240	El004G223240
OG0002711	As007G159880	El005G266790, El002G109370
OG0002712	As007G161180	El002G111900
OG0002714	As008G182320	El002G099180
OG0002715	As008G182490	El001G036540, El002G098960
OG0002716	As008G187170	El002G093330, El002G093320
OG0002717	As009G202340	El001G064770, El001G064930
OG0002718	As009G203250, As009G203380	El006G314750, El005G273050, El001G063620
OG0002719	As009G215820	El001G054610, El001G054720, El007G358870, El001G054630, El001G054650, El001G054710, El007G358880
OG0002720	As010G220600, As010G220610	El001G021180
OG0002721	As010G221870, As010G221880	El001G019290
OG0002722	As010G232310	El004G220330
OG0002723	As010G235340	El004G231390, El002G107150
OG0002724	As010G237080	El002G105170
OG0002725	As011G244940	El005G249020, El005G249010
OG0002726	As011G247620	El005G252010
OG0002726	As012G270130	El002G137910
OG0002728	As011G251250	El005G256580
OG0002729	As011G252830	El005G258370
OG0002729	As012G271580	El002G135120
OG0002730	As011G253790	El005G260070
OG0002731	As011G254440	El005G261310
OG0002732	As012G271000	El002G136650, El002G136660
OG0002733	As012G273010	El002G133280, El002G133290
OG0002734	As012G275240	El006G296690
OG0002735	As012G276980	El005G270080, El001G015850, El007G347040
OG0002736	As012G278190	El006G292290, El001G024810
OG0002737	As012G282920	El001G027770
OG0002753	As001G000210	El003G155630
OG0002753	As011G267350	El005G279200
OG0002754	As001G000880	El003G154710
OG0002754	As011G266760	El005G278580
OG0002755	As001G004000	El003G151190
OG0002758	As011G263700	El005G274110
OG0002759	As004G078810	El003G171990
OG0002761	As011G262270, As001G019870, As001G019840, As001G017230, As001G019880, As001G019890	El004G202610
OG0002762	As001G021940	El004G199080
OG0002762	As008G185820	El002G094900
OG0002763	As008G182460	El002G098990
OG0002763	As001G022710	El001G036440, El005G254090
OG0002764	As008G183640	El002G097400
OG0002764	As001G024270	El001G038750
OG0002765	As001G025940	El001G041700
OG0002766	As004G077360	El003G186090
OG0002766	As001G028940	El004G215440
OG0002767	As001G031510	El004G196520
OG0002768	As002G032910	El003G158200
OG0002769	As002G034270	El005G244600
OG0002770	As002G042380	El007G343510
OG0002771	As002G053190	El001G071900
OG0002771	As005G118190	El007G325180
OG0002772	As005G116840	El007G326680
OG0002772	As002G054010	El001G072820
OG0002773	As002G055290	El001G074300
OG0002773	As009G218230	El007G329140
OG0002774	As003G058130	El003G165960
OG0002774	As004G087290	El007G361760
OG0002775	As003G058200	El003G165830, El007G361630
OG0002776	As003G059570	El003G164500, El003G164510
OG0002777	As003G059960	El003G163920, El003G163930
OG0002778	As003G061140	El006G315620, El006G315680, El006G315670, El006G315600
OG0002779	As003G063190, As003G063150, As003G063170	El002G122280, El002G122260
OG0002780	As003G064140	El002G125070, El002G125060
OG0002781	As007G179830	El006G319220
OG0002781	As003G073970	El003G144640
OG0002782	As003G074780, As007G180390	El006G320020
OG0002783	As003G075620	El006G321420, El003G185630, El003G142360
OG0002784	As004G089990	El003G169400, El007G366350
OG0002785	As004G091710	El003G182730
OG0002785	As011G259610	El005G271310
OG0002786	As004G091990, As011G261140	El005G271090
OG0002787	As004G092210	El003G183460
OG0002787	As011G258720	El005G269790
OG0002788	As004G095570	El003G175050, El003G175040
OG0002788	As011G255120	El005G264070
OG0002789	As011G254740	El005G261870
OG0002789	As004G095840	El003G174430
OG0002790	As011G254310, As004G096070	El005G261140, El005G261160
OG0002791	As004G096460	El003G173020, El005G260000
OG0002792	As004G097100	El003G190810
OG0002793	As005G099990	El006G280890
OG0002793	As012G288160	El001G034430
OG0002794	As005G101850	El006G283130
OG0002794	As012G286850	El001G032610
OG0002795	As005G102310	El001G032030
OG0002796	As005G103720, As005G103730	El006G285300
OG0002797	As012G284220	El001G029310
OG0002797	As005G105270	El006G286840
OG0002798	As005G105660	El006G287510, El001G028860
OG0002799	As005G106610	El006G292010
OG0002800	As005G108500	El001G079090, El001G079130
OG0002801	As005G112300, As010G227050	El001G011750
OG0002802	As005G112600	El001G012040, El001G058930
OG0002803	As010G224010	El001G016500
OG0002803	As005G115960	El007G332480
OG0002804	As005G119640	El007G323250
OG0002805	As006G121540, As006G128670	El006G303140
OG0002806	As008G198160	El002G084000
OG0002806	As006G122540	El001G001830
OG0002807	As006G123850	El001G003760
OG0002808	As006G126320	El006G299770
OG0002809	As006G127320	El006G301090, El002G088490
OG0002810	As006G127830	El002G089040
OG0002812	As006G130890	El006G307010
OG0002812	As008G190700	El002G091070
OG0002813	As006G132910	El005G235320
OG0002814	As009G200910	El001G065770
OG0002814	As006G135200	El005G236370
OG0002815	As006G136420	El005G237670
OG0002815	As009G203420	El001G063490
OG0002817	As006G137530	El005G238940
OG0002817	As009G204350	El001G062190
OG0002818	As006G138270	El008G369160, El005G239850
OG0002818	As009G206780	El001G049030
OG0002819	As009G204860	El001G061460
OG0002819	As006G139750	El005G241360, El004G208960
OG0002820	As006G140110	El005G241710, El005G241700
OG0002821	As006G140460	El005G242120
OG0002822	As006G144050	El005G239190
OG0002823	As006G144770	El001G023270, El006G294600
OG0002824	As006G146920	El001G024570, El006G292430
OG0002825	As010G243950	El004G234250
OG0002825	As007G152100	El002G099570
OG0002826	As010G243210	El004G233410
OG0002826	As007G152490	El002G100090
OG0002827	As007G153850	El002G101590, El004G224750
OG0002828	As007G153940	El002G101630
OG0002828	As010G241060	El004G224800
OG0002829	As007G154360	El004G225420
OG0002830	As010G238970	El004G227110
OG0002830	As007G155230	El002G102980
OG0002831	As010G238770	El004G227310
OG0002831	As007G155350	El002G103110
OG0002832	As007G156660	El002G104900
OG0002832	As010G237250	El004G229080
OG0002833	As007G156670	El002G104910
OG0002833	As010G237240	El004G229090
OG0002834	As007G159790	El002G109260, El004G221810
OG0002835	As010G232250	El004G220280
OG0002835	As007G160850	El002G111040
OG0002836	As007G161170	El004G219730, El002G111880
OG0002837	As007G161340	El004G219180, El002G112080
OG0002838	As007G162790	El003G160480, El007G344790
OG0002840	As007G180880	El003G142660, El006G321040
OG0002841	As008G195240	El006G299660, El002G087280
OG0002842	As008G197280, As008G197290, As008G197270	El002G085040, El004G210630
OG0002843	As008G197610	El002G084620
OG0002843	As009G217030	El001G056490
OG0002844	As009G200670	El001G066560
OG0002845	As009G204620	El001G061710
OG0002846	As009G207360	El007G345300
OG0002848	As009G216240	El001G055320
OG0002849	As010G221970	El001G019160
OG0002849	As009G216340	El001G055610
OG0002850	As009G218290	El005G265700
OG0002851	As009G216910	El001G056360
OG0002851	As010G222370	El001G018520
OG0002852	As009G216990	El001G056450
OG0002853	As009G218380	El007G328960, El007G329000, El007G328980, El007G328900
OG0002854	As009G219520, As009G219510, As009G219570, As009G219550	El007G332630, El004G207830, El007G332640, El004G207780, El004G207740
OG0002855	As009G219680	El005G235660, El007G332750, El007G335530
OG0002856	As009G219710, As010G223780	El001G016580
OG0002857	As010G221240	El001G020230, El001G020240
OG0002859	As010G224720	El001G015320
OG0002860	As010G226110, As011G263240	El003G147930, El005G273490
OG0002861	As010G233890	El002G084100, El004G222780
OG0002862	As010G239100	El004G226970
OG0002863	As010G243440	El004G233640, El002G099950
OG0002864	As012G268420	El002G140480
OG0002864	As011G245390	El005G249400
OG0002865	As012G268900	El002G140050
OG0002865	As011G245720	El005G249770
OG0002866	As011G245990	El002G139870
OG0002867	As011G246110	El005G250220
OG0002867	As012G269170	El002G139750
OG0002868	As011G247630, As012G270140	El005G252020, El002G137890
OG0002869	As012G271540	El002G135050
OG0002869	As011G252800	El005G258340
OG0002870	As011G260220, As011G260320, As011G260230, As011G260250	El007G332290
OG0002871	As011G262600	El005G272660
OG0002872	As011G263520	El003G163910, El005G273840
OG0002873	As011G265610	El005G277270
OG0002874	As011G267620	El002G125460
OG0002875	As012G271600	El002G135170, El005G258380
OG0002876	As012G271660	El002G135330
OG0002876	As012G272980	El002G133320
OG0002877	As012G281230	El001G025910, El006G290710
OG0002878	As012G282870	El001G027710
OG0002879	As012G283630	El001G028480, El006G288020
OG0002880	As012G283930	El001G028780, El001G076490
OG0002881	As012G284190	El001G029230, El001G029240
OG0002890	As011G267320	El005G279170
OG0002890	As001G000270	El003G155550
OG0002891	As007G179070	El006G317940
OG0002891	As001G002500	El003G152590
OG0002892	As007G176760	El006G315440
OG0002892	As001G004370	El003G150920
OG0002893	As001G004560	El003G150720, El006G314920
OG0002894	As010G226250	El001G012650
OG0002894	As001G005380	El003G150110
OG0002895	As006G131970	El006G313380
OG0002895	As001G005770	El003G149730
OG0002896	As001G012130	El003G175600, El003G148930
OG0002896	As011G262260	El005G272300
OG0002897	As001G014440	El003G147680
OG0002897	As011G263470	El005G273770, El007G357480
OG0002898	As001G014610	El005G253390
OG0002899	As001G016720	El002G119590, El006G295580
OG0002900	As004G079980	El006G295360
OG0002900	As001G017470	El003G170390
OG0002901	As001G021000	El004G200460
OG0002902	As001G021920	El004G199100
OG0002903	As001G022250	El002G099220, El002G099240
OG0002904	As008G182720	El002G098740
OG0002904	As001G023030	El001G036860
OG0002905	As001G026940	El001G043170
OG0002906	As001G031240	El004G195790, El003G192500
OG0002907	As002G049140	El007G334240
OG0002907	As002G032540	El003G158630
OG0002908	As002G034870, As002G049680	El007G333550, El003G184560
OG0002909	As002G036070	El005G245990
OG0002909	As009G214320	El001G077780
OG0002910	As009G212330	El001G075600
OG0002910	As002G037490	El005G247340
OG0002911	As002G039050	El005G248210, El001G067770
OG0002912	As002G045830	El007G338960
OG0002912	As006G132290	El002G111380
OG0002913	As002G046250	El007G337930, El003G157020
OG0002914	As002G047770, As006G134250	El003G157890
OG0002915	As002G049850	El007G333500, El007G333360
OG0002916	As002G050530	El002G112810, El002G113060
OG0002917	As002G051300	El001G069570, El001G051680
OG0002918	As002G054630	El001G056900
OG0002919	As002G055050	El001G074050
OG0002920	As002G055540	El001G074580, El007G328620
OG0002921	As003G055710	El003G169750
OG0002921	As004G091060	El007G366540
OG0002924	As004G085010	El001G006670
OG0002924	As003G060750	El003G162750
OG0002926	As003G062430, As004G083750	El002G120620, El001G008790
OG0002927	As004G083280, As004G083270	El001G009400
OG0002927	As003G062980	El002G121780
OG0002928	As003G063290	El002G122610
OG0002928	As010G234620	El004G223620
OG0002929	As003G063510	El002G123420
OG0002930	As003G069000	El002G114100
OG0002931	As003G071890	El003G146660
OG0002932	As003G073230	El003G145160
OG0002932	As007G179420	El006G318400
OG0002933	As003G073620	El003G144720, El006G318850
OG0002934	As003G074190	El007G337960
OG0002934	As007G180010	El006G319510
OG0002935	As007G180910	El006G321080
OG0002936	As003G075770	El003G142560
OG0002937	As003G075880, As003G075870	El003G142450, El003G142440
OG0002938	As003G076270	El003G142000
OG0002938	As007G182120	El006G321710
OG0002939	As004G080670	El001G010990, El001G011010, El001G006850
OG0002940	As004G080970	El006G297120, El001G011270
OG0002941	As004G092810	El003G179800
OG0002942	As004G095150	El003G175870
OG0002942	As011G255680	El005G265640
OG0002943	As004G097800	El003G192270, El003G192320
OG0002944	As012G288390	El001G034770
OG0002944	As005G099470	El006G280380
OG0002945	As011G262010, As005G099620	El002G099750
OG0002946	As005G100780	El006G281740
OG0002946	As012G287630	El001G033680
OG0002947	As012G286270	El001G032060, El008G369360
OG0002947	As005G102260	El006G283620
OG0002948	As005G102730, As005G102740	El001G055220
OG0002949	As005G102770	El006G284230, El004G205200, El004G205230
OG0002950	As005G102900, As005G120840	El007G322010
OG0002951	As005G103310	El006G284930
OG0002952	As005G103620	El006G285190, El001G031240
OG0002953	As005G103850	El006G285380
OG0002954	As005G103920, As012G285590	El001G031120
OG0002955	As005G106570	El001G081670
OG0002956	As005G112690	El001G059010, El001G058850
OG0002957	As010G225170	El001G014510
OG0002957	As005G114440	El007G330710
OG0002958	As007G178300, As005G115210, As005G115130, As005G115110	El001G057220, El001G057250
OG0002959	As005G118360	El001G071650
OG0002960	As005G119270	El007G323690
OG0002961	As005G120200	El007G322630, El001G021040, El002G126230
OG0002962	As006G120960	El002G114540, El002G114530
OG0002963	As006G122220	El001G001460
OG0002963	As008G198490	El002G083710
OG0002964	As006G123120	El001G002820
OG0002965	As006G124330	El007G360320
OG0002966	As008G197040	El002G085770
OG0002966	As006G124460	El007G360120
OG0002967	As006G124650	El007G359850
OG0002967	As008G196470	El002G086000
OG0002968	As008G196450	El002G086060
OG0002968	As006G124680	El007G359820
OG0002969	As008G196060	El002G086530
OG0002969	As006G125390	El006G298630
OG0002970	As006G125530	El006G298800
OG0002970	As008G195970	El002G086640
OG0002971	As008G195980	El002G086630
OG0002971	As006G125540	El006G298780
OG0002972	As008G195210	El002G087300
OG0002972	As006G126330	El006G299780
OG0002973	As008G193960	El002G088590
OG0002973	As006G127510	El006G301330
OG0002974	As006G129330	El006G304390, El002G090240
OG0002975	As006G132020	El003G149870, El006G313590
OG0002976	As006G133020	El001G066980, El005G235420
OG0002977	As006G133120	El005G235500
OG0002977	As009G200420	El001G066800
OG0002978	As006G134070	El007G332510
OG0002979	As006G134610	El007G336770, El003G157650
OG0002980	As006G138640	El005G240180
OG0002980	As009G206310	El001G049590
OG0002981	As006G139720	El001G061410
OG0002982	As006G144850	El006G294550
OG0002983	As006G145220	El006G294040
OG0002983	As012G276680	El001G023720
OG0002984	As006G145240	El006G294010, El006G308160
OG0002985	As006G145790, As006G145780	El006G293370
OG0002987	As007G152650	El002G100160
OG0002988	As010G238160	El004G227990
OG0002988	As007G155970	El037G374530, El002G104000
OG0002990	As010G229850, As007G161280	El002G112010
OG0002991	As007G165450	El003G159000, El003G158990
OG0002992	As008G185970	El002G094780, El007G352850, El007G353080, El007G353280
OG0002993	As008G188150	El002G092430, El007G344720, El002G114060, El002G114020
OG0002994	As008G195400	El002G087170
OG0002995	As008G197220	El002G085110
OG0002996	As009G211470	El001G051310
OG0002997	As009G207200	El001G047370, El007G335910, El001G047430
OG0002998	As009G211120	El001G074930
OG0002999	As009G213270	El001G076840
OG0003000	As009G217860	El003G191250, El007G329650
OG0003001	As009G218700	El007G328460
OG0003003	As010G241350	El002G101450, El004G224460
OG0003004	As011G246950	El002G138840, El005G251180
OG0003005	As012G274670	El003G172150
OG0003005	As011G248900	El005G253400
OG0003006	As012G274340	El003G171520
OG0003006	As011G249140	El005G253760
OG0003007	As011G249150	El003G171390, El005G253830
OG0003008	As012G273130	El002G132540
OG0003008	As011G250370	El005G255470
OG0003009	As011G251640	El005G257090
OG0003009	As012G272550	El002G134090
OG0003010	As012G271740	El002G135430
OG0003010	As011G253010	El005G258720, El002G089400
OG0003011	As011G255440	El005G265040, El005G265100
OG0003013	As011G263620	El005G274020, El003G147390
OG0003014	As011G264920	El003G173380, El003G179040, El005G275570, El007G348450, El005G259140
OG0003015	As011G266410	El005G278150
OG0003016	As012G271370	El002G136120, El005G259340
OG0003017	As012G271460	El002G135950
OG0003018	As012G281520	El001G026130, El006G290550
OG0003019	As012G282450, As012G282290	El005G251400, El002G138380
OG0003020	As012G285870	El006G284780, El001G031560
OG0003033	As001G000700	El003G155070
OG0003033	As011G266880	El005G278650
OG0003034	As002G038300	El004G225940
OG0003036	As001G012870	El003G148280, El005G272740
OG0003038	As001G015900	El002G118430, El006G295390
OG0003039	As001G020340	El004G201800
OG0003040	As001G020420	El004G201610, El004G201650
OG0003041	As001G021030	El004G200490
OG0003041	As008G186920	El002G093750
OG0003042	As001G026770	El001G042860
OG0003044	As008G185100	El002G095760
OG0003044	As001G031920	El004G197580
OG0003046	As002G045170, As002G045180	El007G339690, El003G156130
OG0003047	As002G053800	El001G072600
OG0003048	As005G116650	El007G326880
OG0003048	As002G054230	El001G073130
OG0003049	As003G055940	El003G169350
OG0003049	As004G089930	El007G366280
OG0003050	As004G085000	El001G006710
OG0003050	As003G060760	El003G162740
OG0003051	As003G060980	El003G162460
OG0003051	As004G084740	El001G007100
OG0003052	As004G080140	El001G009940
OG0003052	As003G063420	El002G123120
OG0003053	As004G080710	El001G011450
OG0003053	As003G064290	El006G301510
OG0003054	As003G065530	El002G130190
OG0003054	As004G082430	El007G357390
OG0003055	As003G068720	El002G113880
OG0003056	As003G068860	El006G298090
OG0003057	As003G071950	El003G146600
OG0003057	As011G264610	El005G275170
OG0003058	As007G179280	El006G318290
OG0003058	As003G073190	El003G145200
OG0003059	As004G078830	El006G296000
OG0003059	As004G087400	El007G361920
OG0003060	As004G085950	El001G005080
OG0003061	As004G091040	El007G366560
OG0003062	As004G091700	El003G182720, El005G271300
OG0003063	As011G256870	El005G268140
OG0003063	As004G093720	El003G178200
OG0003064	As004G095360	El005G264760, El003G175160
OG0003065	As004G096320	El003G173290, El005G260370
OG0003066	As005G098610	El004G195180
OG0003066	As012G288910	El004G202720
OG0003067	As005G101750	El006G283040
OG0003067	As012G286910	El001G032660
OG0003068	As005G103410	El001G031390
OG0003069	As005G106180	El006G287950
OG0003070	As010G226890	El001G011840
OG0003071	As010G225530	El001G014080
OG0003072	As005G114410	El007G330680
OG0003073	As005G117990, As006G139190	El005G240810
OG0003074	As010G221490	El001G019670
OG0003074	As005G118890	El007G324230
OG0003075	As005G118970	El007G324080
OG0003075	As010G221440	El001G019740
OG0003076	As005G119750	El007G323120, El001G020560
OG0003077	As005G120640	El001G000300
OG0003078	As005G120710, As005G120690	El007G322150
OG0003079	As006G121290	El001G000770
OG0003079	As008G199130	El002G082980
OG0003080	As006G127070	El006G300740
OG0003080	As008G194380	El002G088130
OG0003081	As006G127990, As007G162840, As009G218020	El007G329410
OG0003082	As006G128060	El006G302170
OG0003083	As008G192920	El002G089800
OG0003083	As006G128710	El006G303190
OG0003085	As006G130800	El006G307320, El006G307340, El006G307330
OG0003087	As006G136280	El005G237540
OG0003087	As009G203210	El001G063660
OG0003089	As006G139090	El005G240680, El001G050720
OG0003090	As009G204770, As009G204780	El001G061560, El001G061550
OG0003090	As006G139800, As006G139810	El005G241420, El005G241430
OG0003091	As012G278880	El001G022040
OG0003093	As010G243940	El004G234240
OG0003093	As007G152110	El002G099580
OG0003094	As007G153470	El002G101130
OG0003095	As007G153700	El002G101380, El007G343840
OG0003096	As007G159050	El007G356950
OG0003097	As007G160110	El002G109700, El004G221370
OG0003098	As008G182610, As008G182620	El002G098870
OG0003099	As010G221090, As008G186160	El001G020450
OG0003100	As008G193240	El006G302200
OG0003101	As009G200630	El001G066610
OG0003101	As009G206010	El005G235630
OG0003102	As009G211480	El001G067820, El001G067830
OG0003103	As009G218070	El007G329350, El001G074130
OG0003104	As009G218280	El005G265710
OG0003105	As010G223280, As009G219090	El001G017420, El001G017430
OG0003106	As010G220410	El001G021440
OG0003107	As010G223630	El001G016790
OG0003108	As010G227010	El001G011780, El004G194940
OG0003109	As010G240450	El004G212780, El004G225430, El004G225440, El004G201540
OG0003110	As010G243040	El002G141550
OG0003111	As012G268350	El002G140600
OG0003112	As012G268700, As011G245490	El005G243440
OG0003113	As011G248020	El005G252500, El005G252490
OG0003115	As012G271390, As011G253330	El002G136030
OG0003116	As011G255420	El005G265020
OG0003117	As011G257560	El005G268250, El003G178310
OG0003118	As011G259380	El001G002330
OG0003119	As011G263390	El005G273670
OG0003120	As011G263430	El005G273720
OG0003121	As012G269010	El005G249990, El002G139970
OG0003122	As012G274910	El006G296350, El002G117340, El002G117320
OG0003139	As001G001020	El003G154530, El003G153880, El003G153450
OG0003141	As001G013880, As001G013890	El003G148100
OG0003142	As001G015570	El003G147000
OG0003143	As004G083010	El006G295260
OG0003143	As001G018020	El003G171140
OG0003144	As008G186710	El002G093920
OG0003144	As001G021150	El004G200640
OG0003145	As001G021160	El002G093940, El004G200360
OG0003146	As001G023390	El001G037280
OG0003147	As005G112830	El003G192100
OG0003147	As001G025910	El001G041670
OG0003148	As001G026170	El001G042080
OG0003150	As001G027700	El001G045030
OG0003150	As004G078350	El003G189230
OG0003151	As001G029590	El003G184140
OG0003152	As001G030740	El004G194660
OG0003152	As004G098120	El003G193130
OG0003153	As001G030750	El004G194670, El003G193110
OG0003154	As004G097870	El003G192430
OG0003154	As001G031280	El004G195930
OG0003155	As009G214140, As002G036180	El001G077440
OG0003156	As002G042480	El002G131530
OG0003157	As006G134590, As002G047110	El007G336960
OG0003158	As002G053170	El001G071880
OG0003159	As003G058570	El003G165430
OG0003160	As004G082280	El007G357720
OG0003161	As003G074400	El004G212140, El004G212330
OG0003162	As004G079140	El004G215020, El004G214990
OG0003163	As004G085770	El001G005250
OG0003164	As004G094040	El003G177750
OG0003164	As011G256430	El005G267580
OG0003165	As010G242190, As004G096240	El004G216330, El004G232260
OG0003166	As005G101140	El006G282170
OG0003166	As012G287420	El001G033390
OG0003167	As005G101620, As005G101630	El006G282910
OG0003168	As005G106450, As005G106500	El005G244080, El005G244060, El005G244050
OG0003169	As005G107740	El005G244760, El001G080200
OG0003170	As010G221360	El001G019990
OG0003170	As005G119110	El007G323860
OG0003171	As006G122380	El001G001650
OG0003172	As006G122440	El001G001720
OG0003174	As006G124110	El001G004040, El002G085350
OG0003175	As008G195660	El002G086940
OG0003175	As006G125860	El006G299310
OG0003176	As006G125980, As006G125970	El006G299180, El006G299200
OG0003177	As006G128880	El006G303460, El006G303440, El006G303450
OG0003178	As006G133380	El005G235040
OG0003178	As009G200280	El001G067440
OG0003179	As006G133480	El005G234940
OG0003179	As009G200340	El001G067540
OG0003180	As009G207110	El001G047710
OG0003180	As006G137880	El005G239390
OG0003181	As006G138760	El005G240450
OG0003182	As006G142190	El005G244040, El001G081740
OG0003183	As006G143710	El003G171610, El006G290810
OG0003184	As006G144650	El006G294750, El006G294760
OG0003185	As006G148040	El006G292030, El006G292020
OG0003186	As007G154910	El002G102670
OG0003187	As010G237510	El004G228780
OG0003187	As007G156370	El002G104540
OG0003188	As007G156780	El002G105040
OG0003189	As007G156790	El002G105060
OG0003190	As010G235870	El004G230610
OG0003190	As007G157810	El002G106260
OG0003191	As007G158880	El003G153560
OG0003192	As007G159840	El002G102270
OG0003193	As007G162010	El002G112780
OG0003194	As007G178260	El003G151930, El006G317120
OG0003195	As007G180480	El006G320170, El006G320520, El006G320200
OG0003196	As008G182440	El002G099050
OG0003197	As008G184830	El002G095870
OG0003198	As008G189210	El004G209290
OG0003199	As008G190490	El005G272400, El005G272420
OG0003200	As008G190800	El007G360920
OG0003201	As008G194490	El002G086770, El002G093250
OG0003202	As008G197050	El002G085750, El007G345270
OG0003203	As009G206950	El001G048650
OG0003204	As009G214600	El001G078070, El005G245880
OG0003205	As011G256540	El003G172910
OG0003205	As009G215060	El001G052840
OG0003206	As009G215340	El001G052960
OG0003207	As009G217560	El007G330090
OG0003208	As010G236670, As010G236680	El004G229750
OG0003209	As011G246360	El005G250520
OG0003210	As011G246440	El005G277240
OG0003212	As011G248070	El005G252550, El005G252540
OG0003213	As011G248330	El002G120520, El005G252910
OG0003214	As011G250070	El005G255070
OG0003216	As011G265500	El005G276360, El005G276380, El005G276370, El005G276430
OG0003217	As011G267290	El005G279140
OG0003218	As012G270030	El002G138080, El002G138090
OG0003219	As012G271490	El002G135920
OG0003220	As012G272530	El002G134130
OG0003222	As012G281200	El001G025880, El001G025890
OG0003223	As012G282130	El006G314160, El003G150380
OG0003224	As012G282320, As012G282440	El001G027230
OG0003225	As012G284760	El001G030110, El001G027450
OG0003226	As012G285770	El006G285020
OG0003247	As007G178960	El006G317700
OG0003248	As001G002810, As007G178580	El006G317670
OG0003249	As001G004570	El003G150710, El006G314910
OG0003250	As001G004950	El003G150430, El006G314370
OG0003251	As001G010070	El003G173280, El003G173270
OG0003252	As001G012160	El003G148910
OG0003253	As006G124430, As006G124420, As001G012340	El007G360150
OG0003254	As001G012950, As001G013440	El006G287240
OG0003254	As005G104800, As001G012960	El006G286480
OG0003255	As001G015840	El002G118250
OG0003255	As004G078910	El002G093130
OG0003256	As001G024690	El002G096880, El001G039590
OG0003257	As001G026920	El001G043120
OG0003258	As004G077970	El003G187900
OG0003258	As001G028150	El001G046480
OG0003259	As001G032020, As001G032030	El004G218360, El004G197920, El004G197910
OG0003260	As002G043840	El001G027340, El005G270390
OG0003261	As002G044910	El007G340070
OG0003262	As002G045810	El007G338940
OG0003263	As006G134380	El003G157390
OG0003263	As002G046720	El007G337350
OG0003264	As002G051950	El001G070380, El001G052900
OG0003265	As002G052510	El001G071200
OG0003266	As009G217180	El001G056740
OG0003266	As002G054550	El001G073450
OG0003267	As010G239510	El004G226410
OG0003267	As002G054690	El001G073620
OG0003268	As003G057170	El003G167660, El003G167730
OG0003270	As003G064000	El002G124840
OG0003271	As003G068290	El002G113680
OG0003273	As012G274890	El006G296330
OG0003274	As003G071680	El003G146880
OG0003275	As011G264570	El005G275140
OG0003275	As003G071920	El003G146630
OG0003276	As011G265520	El005G276320
OG0003277	As003G072780	El003G145630, El005G276670
OG0003278	As003G076070	El003G142220
OG0003279	As003G076080	El003G142210
OG0003280	As004G079190	El006G295500
OG0003281	As004G087980	El007G363550
OG0003282	As004G092460	El003G183530, El005G270150
OG0003283	As004G093520	El003G178620, El003G180760
OG0003284	As004G094590	El003G176730
OG0003285	As004G094820	El003G176660
OG0003286	As004G095820	El003G174450, El005G261960, El005G261900, El006G317080
OG0003287	As004G096020	El003G174150, El005G261350
OG0003288	As005G099390	El006G280280
OG0003289	As005G103340	El006G284950
OG0003292	As005G113660, As010G225920	El001G013610
OG0003293	As010G222620	El001G018170
OG0003293	As005G116260	El007G327220
OG0003294	As005G117700	El007G325720
OG0003295	As010G221600	El001G019580
OG0003295	As005G118770	El007G324370
OG0003296	As005G120210	El007G322620
OG0003296	As010G220690	El001G021060
OG0003297	As005G120390	El007G322450
OG0003298	As006G124470	El007G360110
OG0003298	As008G196710	El002G085820
OG0003299	As006G126230	El006G299570, El002G087220
OG0003300	As006G128530	El002G089660, El006G302900
OG0003301	As006G130610	El006G308130, El006G308110
OG0003302	As006G131610	El006G311830, El003G149440
OG0003303	As009G200360, As006G133490	El005G234930
OG0003304	As006G133920	El001G082170
OG0003304	As006G142030	El005G243870
OG0003305	As009G202840	El001G064070
OG0003306	As006G138040	El005G239600
OG0003307	As006G138370	El001G049210
OG0003308	As006G141290	El005G242910, El007G349280
OG0003309	As006G148620, As009G212270	El007G349210, El003G159410
OG0003310	As007G153460	El002G101120
OG0003310	As010G241900	El004G231910
OG0003311	As007G153610	El002G101280, El007G358180
OG0003312	As010G240150	El004G225750
OG0003312	As007G154450	El002G102490
OG0003313	As010G239970, As007G154590	El004G226000
OG0003314	As010G238780, As007G155340	El004G227300, El002G103100
OG0003315	As007G157170	El002G105550
OG0003316	As007G158290	El001G045000, El002G107210, El002G107230
OG0003317	As007G158600	El002G107700
OG0003318	As007G159430	El002G108610, El002G108600
OG0003319	As007G160400	El002G110240, El002G110780
OG0003320	As007G161580	El002G112390
OG0003321	As007G176610	El006G315270
OG0003322	As008G185720	El001G057300, El002G095000
OG0003324	As009G200870, As009G200840	El005G235890
OG0003325	As009G206630, As009G206770	El001G049040
OG0003326	As009G211740	El001G075170
OG0003328	As009G216640	El001G018970
OG0003329	As010G229480	El004G218380
OG0003330	As010G232880	El004G221130, El002G110070
OG0003331	As010G235720	El004G230800
OG0003332	As010G238330	El002G103760, El004G227770
OG0003333	As010G239610	El004G226310, El002G102580
OG0003334	As010G242170	El004G232250, El004G232240
OG0003335	As010G242230	El004G232300
OG0003336	As012G268160, As011G245170	El005G249240
OG0003337	As011G249300	El002G131330
OG0003338	As011G254220	El005G261040, El003G174020
OG0003339	As012G269870	El005G251410
OG0003340	As012G283900	El001G028800
OG0003341	As012G284510, As012G284500	El007G357950, El007G357940, El001G029610, El001G029630
OG0003360	As001G004820	El003G150530
OG0003361	As001G006980	El051G375550
OG0003362	As001G012370	El003G148830
OG0003363	As001G012710	El003G148180
OG0003363	As011G262480	El005G272520
OG0003364	As001G014620	El003G147540, El001G002690
OG0003365	As001G014810	El003G148920
OG0003366	As001G017300, As004G079860	El003G170010, El006G295910
OG0003367	As001G023260	El001G037090, El004G194920, El002G098600
OG0003368	As001G023790	El001G038000, El007G354790, El007G355260, El007G355020, El001G000920
OG0003369	As001G024340	El001G038860
OG0003370	As001G024850	El001G039920
OG0003371	As004G097400	El003G191530
OG0003371	As001G026520	El001G042520
OG0003372	As004G078490	El003G189590
OG0003372	As001G027560	El001G044520
OG0003373	As004G077410	El003G186260
OG0003374	As001G029750	El004G211560
OG0003375	As001G031110	El004G195510
OG0003376	As002G033240, As002G032580	El003G158550
OG0003377	As002G048700	El007G334840
OG0003378	As002G040740	El003G160360, El003G183370
OG0003379	As002G047130	El003G157630
OG0003380	As002G049460	El007G333790
OG0003381	As002G049570	El003G155880, El007G333680
OG0003382	As002G053070	El007G325270, El001G071760
OG0003383	As009G218010	El007G329420
OG0003384	As003G057350	El003G167200, El003G167380
OG0003385	As003G058630, As004G086710	El003G165370
OG0003387	As004G083680	El001G008960
OG0003389	As003G069450	El002G114710
OG0003390	As003G070950	El002G116720, El002G116730
OG0003391	As011G265200, As003G072890	El003G145500
OG0003392	As003G074460	El003G143870
OG0003392	As007G180200	El006G319680
OG0003393	As003G074560	El003G143790
OG0003394	As004G077150	El003G185220
OG0003396	As004G084450	El001G007660
OG0003397	As004G088040	El007G363700
OG0003398	As011G258010	El005G268910
OG0003399	As004G094640	El003G176670
OG0003400	As004G094890	El003G176190, El003G176290, El003G176240, El003G176230
OG0003401	As004G095800	El003G174500
OG0003402	As004G096470	El003G173010
OG0003403	As012G288800	El001G035240
OG0003403	As005G098850	El006G279940
OG0003404	As005G099700	El006G280630, El006G280640
OG0003405	As012G285790, As005G103390	El001G031410
OG0003406	As005G104810	El001G039010
OG0003407	As005G106080, As005G106190	El001G082030
OG0003407	As006G142110	El005G243930
OG0003408	As010G221480	El001G019700
OG0003408	As005G118920	El007G324180
OG0003409	As005G119220	El007G323750, El001G020040
OG0003410	As006G121820	El001G000990
OG0003410	As008G198740	El002G083300
OG0003411	As006G123300	El001G003050
OG0003412	As006G126310	El006G299760
OG0003412	As008G195230	El002G087290
OG0003413	As006G127980	El006G302090
OG0003414	As006G128650	El006G303120
OG0003414	As009G213050	El001G076520
OG0003415	As006G133010, As006G132990	El005G235410
OG0003416	As009G202130	El001G065100
OG0003416	As006G135620	El005G236850
OG0003417	As006G138460	El005G240070
OG0003418	As006G138650	El005G240170, El001G049520
OG0003419	As006G139780	El005G241390
OG0003419	As009G204810	El001G061510
OG0003421	As006G144990	El004G216690
OG0003422	As006G146040	El006G293120
OG0003422	As012G277250	El001G024140
OG0003423	As006G146860	El006G292460
OG0003424	As006G147230	El006G291570
OG0003425	As007G152070	El002G099540
OG0003426	As007G153720	El002G101390
OG0003427	As007G156960	El002G105280
OG0003428	As007G157140	El002G105510, El001G012130
OG0003429	As007G157150	El002G105530
OG0003429	As010G236620	El004G229810
OG0003430	As007G160070	El002G109630
OG0003430	As010G233060	El004G221470
OG0003431	As007G160430	El002G110280
OG0003432	As007G161360	El002G112120
OG0003433	As007G176830	El006G315810
OG0003434	As007G179680	El006G318780
OG0003435	As008G186250	El007G335520
OG0003435	As008G199000	El002G083140
OG0003436	As008G188270, As008G188260	El002G092320
OG0003437	As009G200110	El007G343160
OG0003438	As009G200700	El005G235730, El001G066520
OG0003439	As009G203440	El001G063430
OG0003440	As009G203860	El001G062840
OG0003441	As009G218660	El007G328520, El007G328510
OG0003442	As009G219280	El001G017570, El001G017600
OG0003443	As010G222150	El001G018980
OG0003444	As010G223080	El001G017620
OG0003445	As010G225730	El001G057260
OG0003446	As010G233880	El002G108310
OG0003447	As010G235060	El004G224100
OG0003448	As010G242830	El004G232960, El002G100350
OG0003449	As011G244700	El005G248630
OG0003450	As012G268610	El002G140380
OG0003450	As011G245440	El005G249440
OG0003451	As011G249780, As011G249760	El005G254630
OG0003452	As011G250120	El005G255170, El005G255160
OG0003454	As011G262740	El005G272890
OG0003455	As011G263340	El003G147810, El005G273630
OG0003456	As012G270150	El002G137880
OG0003456	As011G267510	El005G279420
OG0003457	As012G281150	El001G025860
OG0003481	As011G266040	El005G277810
OG0003481	As001G001730	El003G153340
OG0003482	As001G002340	El005G277170
OG0003483	As001G003300	El002G130270
OG0003484	As001G004940	El003G150440, El006G314380
OG0003485	As005G117350, As001G010570	El003G149090
OG0003486	As011G257690	El004G219760
OG0003487	As001G018480	El002G091490, El004G210520
OG0003488	As001G019520	El004G205160, El004G205130
OG0003489	As001G020530	El004G201470, El002G093520
OG0003490	As001G021530	El004G199820
OG0003490	As008G186500	El002G094190
OG0003491	As001G026430	El001G042430, El003G191540
OG0003492	As001G029250	El004G214550, El003G185040
OG0003493	As002G035090	El005G245210, El005G245190
OG0003494	As002G039730	El007G345070
OG0003495	As002G043280, As010G230860	El007G342800
OG0003496	As002G044500	El007G340720
OG0003498	As002G052050	El001G070470
OG0003499	As002G053620	El001G072390, El007G325910
OG0003500	As002G053920	El001G072720
OG0003500	As005G117030	El007G326420
OG0003501	As002G053940	El001G072750, El005G257310
OG0003502	As003G059690	El003G164270, El003G183380
OG0003503	As003G061590	El003G161530
OG0003504	As004G080010	El001G009720
OG0003504	As003G063140	El002G122210
OG0003505	As003G063630	El001G010410
OG0003506	As003G071210	El002G117280
OG0003507	As003G071290	El002G117390
OG0003508	As011G264580	El005G275150
OG0003508	As003G071930	El003G146620
OG0003509	As003G072510, As011G265050	El005G276250, El005G276220, El005G276230
OG0003510	As007G179660	El006G318720
OG0003510	As003G073500	El003G144870
OG0003511	As004G077480	El003G186510
OG0003512	As004G082150	El007G358060, El002G128740
OG0003513	As004G086220	El001G004740
OG0003514	As004G088780	El002G130760, El002G130710, El002G130700
OG0003515	As004G090550	El005G271220, El003G169910
OG0003516	As004G092820, As006G139030	El002G126860, El002G126400, El002G126420
OG0003517	As011G258520, As004G092880	El003G179740, El003G179730
OG0003519	As004G094410	El003G177320
OG0003520	As011G255310, As004G095400, As004G095420	El005G264720, El002G114090, El002G114040, El003G175140
OG0003521	As005G101360	El003G192020
OG0003522	As005G102020, As012G286680	El006G283370, El002G131890
OG0003523	As005G104950	El001G029650
OG0003524	As005G116500	El007G326980
OG0003525	As005G118370	El007G324940
OG0003526	As005G118840	El007G324280
OG0003526	As010G221590	El001G019590
OG0003527	As005G119570	El007G323360, El007G349270
OG0003528	As006G128300	El006G302530, El002G089440
OG0003529	As006G132680	El003G157350
OG0003530	As009G201820	El001G065360
OG0003530	As006G135480	El005G236650
OG0003531	As006G139510	El001G061060
OG0003532	As006G140580	El005G242220, El007G346820
OG0003533	As006G143930, As006G143600	El004G199700, El006G290490
OG0003534	As012G281180, As006G143730	El006G290740
OG0003535	As006G145120	El006G294190, El007G348640
OG0003536	As007G153480	El002G101140
OG0003537	As010G240100	El004G225820
OG0003537	As007G154540	El002G102370
OG0003538	As007G155370	El002G103190
OG0003539	As007G158680	El004G223850
OG0003540	As007G159330	El002G108490, El004G222400
OG0003541	As007G159720	El002G109160
OG0003541	As010G233300	El004G221900
OG0003543	As007G161830, As010G227680	El004G218190
OG0003544	As007G161850	El007G352480, El007G352430, El007G353270, El007G352510, El003G181370
OG0003545	As008G186910	El006G306630, El001G049690
OG0003546	As008G194740	El006G300360, El002G087790
OG0003547	As009G203240	El001G063640
OG0003548	As009G204690	El001G061630
OG0003549	As009G207460, As009G207450	El007G345420
OG0003550	As009G209470	El007G347660
OG0003551	As009G215900	El001G054820, El001G054990, El001G054900, El001G055020, El001G054950, El001G054830
OG0003553	As009G219420	El007G327590, El004G204620
OG0003554	As010G220780, As010G220790	El001G020830
OG0003555	As010G222500	El001G018300
OG0003556	As010G234140	El002G108100, El004G223140
OG0003558	As010G242270	El002G100760
OG0003559	As010G242900	El004G233010, El002G100330
OG0003560	As012G269530	El002G139250
OG0003561	As011G246970	El005G251200
OG0003562	As012G274480	El003G171700
OG0003562	As011G249020	El005G253640
OG0003563	As012G272950	El005G256290
OG0003564	As012G271290	El002G136330
OG0003565	As011G255630, As011G255600	El003G175720
OG0003566	As011G256770	El002G119870
OG0003567	As011G265090	El005G277090, El005G277100, El006G312470
OG0003568	As012G285390	El001G009050
OG0003583	As001G000930	El007G357620, El003G154620
OG0003584	As001G001330	El003G154180, El003G153460
OG0003585	As004G094370, As001G001560	El001G026820
OG0003586	As001G002510	El003G152580
OG0003587	As001G004330	El006G313900
OG0003588	As009G214690, As009G214680	El001G078180
OG0003589	As001G013500	El003G148340
OG0003591	As008G187420	El004G202710
OG0003592	As001G021480	El004G199930, El004G199960
OG0003593	As001G023410	El001G037510, El001G037470
OG0003594	As001G023630	El001G037810, El002G098340
OG0003595	As001G027090, As001G027080	El001G043680
OG0003596	As001G028140	El001G046470
OG0003597	As008G184580	El002G096260
OG0003597	As001G031570	El004G196640
OG0003598	As002G034020	El005G244210, El005G247230, El005G244360
OG0003599	As002G036480	El005G246300, El005G246290
OG0003600	As002G037270	El001G037870, El005G247010
OG0003601	As002G038900	El005G248140
OG0003603	As002G045060	El007G339770
OG0003604	As002G045700	El003G156650
OG0003605	As002G046590	El001G034500
OG0003606	As006G134260	El003G157880
OG0003606	As002G047760	El007G336130
OG0003608	As002G052010	El002G090490, El001G044200
OG0003609	As002G053090, As002G053080	El001G071780, El001G071770
OG0003610	As005G117640, As002G053540	El007G325770
OG0003611	As003G056740	El003G168280
OG0003612	As003G056880	El003G168110
OG0003613	As003G061640	El001G051290
OG0003614	As003G067760	El002G113570, El002G113650
OG0003615	As003G069250	El002G114610
OG0003616	As003G072090	El003G146430
OG0003617	As004G080040	El001G009770
OG0003618	As004G080680	El001G023880
OG0003619	As004G080810	El005G246180
OG0003620	As004G086980	El007G361340, El007G361320
OG0003621	As004G087120	El007G361550
OG0003622	As004G089020	El007G365390, El005G235210
OG0003623	As004G089520	El001G062750
OG0003625	As005G099540	El006G280470, El005G274000
OG0003626	As012G288200	El001G034530
OG0003627	As005G101300	El006G282540
OG0003628	As005G102640	El006G284160
OG0003629	As005G102860	El006G284370
OG0003630	As012G285840	El001G031520
OG0003630	As005G103250	El006G284860
OG0003631	As005G112390	El005G265570, El005G265500, El001G059130
OG0003632	As005G116550	El007G343000, El002G098660
OG0003633	As010G220870	El001G020730
OG0003633	As005G119880	El007G322930
OG0003634	As005G119910	El007G322900
OG0003635	As005G120780	El007G322090
OG0003636	As006G121740	El002G083240
OG0003637	As006G123230	El001G002970, El002G084550
OG0003638	As006G123700	El002G084960, El001G003420
OG0003639	As006G131900	El003G149670, El006G313240
OG0003640	As006G133050	El005G235450
OG0003640	As009G199910	El001G066940
OG0003641	As009G206890	El001G048820
OG0003641	As006G138200	El005G239960
OG0003642	As009G205990, As006G138720	El005G240480
OG0003643	As006G143260	El001G026610
OG0003644	As010G244340	El004G234610
OG0003645	As007G153070	El002G100580
OG0003646	As007G154850	El004G226320
OG0003647	As007G155620	El002G103530
OG0003648	As007G158410	El002G107480
OG0003649	As007G161780	El002G112560, El004G218240
OG0003651	As008G184180	El002G096770
OG0003652	As008G194280, As008G193860	El002G088680, El002G088690
OG0003653	As008G194560, As008G194590, As008G194680, As008G194690, As008G194540	El002G087930
OG0003654	As008G194630, As008G194620, As008G194610	El002G087900
OG0003655	As009G202850	El001G064060
OG0003656	As009G203220	El001G063650, El002G123290
OG0003657	As009G209290	El005G248430
OG0003658	As009G214410	El001G077840
OG0003659	As009G218240	El007G329110
OG0003660	As009G219910	El003G184940, El007G333020
OG0003661	As010G220530	El001G021280, El007G322410
OG0003662	As010G224350	El001G016040, El007G331900
OG0003663	As010G232730	El004G220850, El002G110260
OG0003664	As010G236810	El007G343910, El007G330030
OG0003665	As010G241450	El004G224360
OG0003666	As010G243710	El004G233990, El001G041640
OG0003667	As011G244920	El005G249000
OG0003668	As011G245570	El002G140290
OG0003669	As012G268950	El002G139990
OG0003670	As012G269210, As011G246210, As011G246190	El005G250290
OG0003671	As011G247450	El005G251830
OG0003672	As011G249210	El005G253910
OG0003672	As012G274250	El003G171420
OG0003673	As011G256420	El005G267570
OG0003674	As011G258320	El005G269300
OG0003675	As011G260870	El002G090740, El007G335800, El007G335780
OG0003676	As011G262250	El005G272290
OG0003677	As012G270250	El002G137820
OG0003678	As012G271670	El005G258550
OG0003679	As012G275890	El006G295160
OG0003680	As012G275950	El001G022770
OG0003681	As012G277550	El001G024330
OG0003682	As012G282610	El001G027400
OG0003683	As012G289380	El001G022320
OG0003695	As001G000260	El003G150290, El003G155560
OG0003696	As001G002170	El003G152960
OG0003697	As001G013520	El001G013080, El003G148350
OG0003698	As001G014650	El003G147520
OG0003699	As003G063440	El002G123130
OG0003701	As001G023150	El001G037000
OG0003702	As006G146620, As001G025510	El001G041120
OG0003703	As001G028680	El003G186760
OG0003704	As001G032010	El004G197840, El004G197850, El004G197870
OG0003705	As002G038400, As002G033540, As002G033530, As002G033330, As002G038420	El006G288580
OG0003707	As002G041790	El007G344380
OG0003708	As002G047410	El007G336480
OG0003709	As002G048350	El006G305220, El007G335260
OG0003710	As002G050330	El002G108460, El001G068380
OG0003711	As003G055860	El003G169450
OG0003712	As004G086990	El007G361360
OG0003712	As003G058500	El003G165530
OG0003713	As003G058930	El007G360720, El003G165060
OG0003714	As003G060420	El003G163210
OG0003715	As004G084520, As003G061370	El001G007570
OG0003716	As012G283080	El001G027980
OG0003719	As004G079960	El001G080010
OG0003720	As004G080650	El002G095820, El001G081030
OG0003721	As004G084480	El001G007620
OG0003722	As004G093690	El003G178290
OG0003723	As011G255400	El005G264980
OG0003723	As004G095300	El003G175230, El003G175250
OG0003724	As004G096690	El005G259690, El003G172570
OG0003725	As004G096900	El005G269620
OG0003726	As005G099480	El006G312590, El006G280400
OG0003727	As005G100910	El006G281930
OG0003728	As005G103270	El006G284880
OG0003728	As005G103260	El006G284870
OG0003729	As005G103280	El006G284900, El006G284890
OG0003730	As005G105160	El006G287010
OG0003730	As012G284400	El001G029490
OG0003731	As005G108120	El001G079670
OG0003732	As005G115590	El007G331650, El007G331660
OG0003733	As006G124860	El002G086130, El007G359350
OG0003734	As006G124980	El007G359210
OG0003735	As006G125180	El007G358890, El001G010570
OG0003736	As006G125840	El006G299330
OG0003738	As006G127030	El006G300670
OG0003738	As006G129750	El002G088040
OG0003739	As006G127380	El004G227960, El006G301140
OG0003740	As006G127670	El006G301570, El002G088760
OG0003741	As006G130380	El006G306400, El006G306420
OG0003742	As006G131050	El006G299580, El006G309290
OG0003743	As009G201030, As006G135070	El005G236230
OG0003744	As006G136120	El003G192560, El003G192530
OG0003746	As009G204820	El001G061500
OG0003747	As006G140970	El005G242510
OG0003748	As006G141550	El005G243270
OG0003749	As006G141820	El005G243510
OG0003750	As006G143250	El002G139740, El001G026760, El007G340930, El007G346650
OG0003752	As007G153770, As007G153790	El002G101430
OG0003753	As007G158090	El002G106520
OG0003754	As007G160060	El002G109620
OG0003755	As007G160580	El002G111400, El002G124110
OG0003756	As007G162820	El003G160390, El003G160400
OG0003758	As007G180320	El003G143660, El006G319850
OG0003759	As008G182680	El002G098800
OG0003762	As008G195820	El006G298920, El005G279180
OG0003763	As011G267040	El005G278790
OG0003763	As008G196490	El002G085980
OG0003764	As008G198650	El002G083510
OG0003765	As009G201670	El001G065470, El002G102440
OG0003766	As009G201910	El001G065320
OG0003767	As009G217110	El001G056620, El001G056630, El001G056640
OG0003768	As009G219380	El007G327670
OG0003769	As009G220100	El007G333250
OG0003771	As010G223770	El001G016590, El007G332790
OG0003772	As010G226150	El003G148850, El001G012730
OG0003773	As010G232260	El004G220290
OG0003774	As010G232640	El004G220700
OG0003775	As010G241780, As010G241710	El004G231870
OG0003776	As010G242140	El004G232230
OG0003777	As010G242360	El004G232430, El002G120410
OG0003778	As011G251910, As012G272310, As012G272320	El005G257350
OG0003779	As011G252740	El005G258280
OG0003780	As011G253670	El005G259400, El002G136210, El002G138590
OG0003781	As011G256130	El004G229710, El001G015180, El005G266950, El001G015170
OG0003782	As011G260900	El005G270090
OG0003783	As011G261510	El005G270730
OG0003784	As012G268240	El002G140750
OG0003785	As012G268460	El002G140430, El002G140440, El002G140410
OG0003786	As012G271300	El002G136320
OG0003788	As012G278110	El001G024740
OG0003790	As012G282770	El001G027590
OG0003791	As012G283110	El001G028020, El006G288470
OG0003792	As012G283540	El001G028380
OG0003823	As001G000130	El003G155710
OG0003824	As001G003930	El003G151330
OG0003826	As001G013420	El007G353010, El005G275890, El001G046160
OG0003827	As001G014340	El003G147780, El005G273690
OG0003829	As004G079150	El006G295440
OG0003829	As001G016050	El002G118820
OG0003830	As001G018400	El004G210620
OG0003831	As008G187710, As001G019740	El002G092930
OG0003832	As001G022590	El001G036320, El003G184660
OG0003833	As001G029870	El004G203630
OG0003834	As001G030450	El002G089010, El004G194060
OG0003835	As001G031760	El004G197110
OG0003836	As002G034190	El001G080990
OG0003837	As002G035690	El001G072400
OG0003838	As002G043340	El007G342680, El007G342690
OG0003839	As002G046090	El007G338050
OG0003840	As002G047330	El002G136220, El007G336560
OG0003841	As006G134090	El003G158090
OG0003842	As002G050720	El001G068810
OG0003843	As002G051750	El001G070120
OG0003844	As004G088690, As003G056700	El007G364530
OG0003846	As003G061760, As003G061770	El003G161350
OG0003847	As003G061780	El003G161320
OG0003848	As003G062940, As003G062930	El002G121670
OG0003849	As004G083190, As003G063100	El002G122160
OG0003850	As003G066510	El002G129350
OG0003851	As003G070320	El002G115880
OG0003852	As003G072180	El003G146310
OG0003853	As003G073840	El003G144530
OG0003854	As004G077370	El003G186110
OG0003855	As004G080850	El001G011330
OG0003856	As004G080910	El002G127870
OG0003857	As004G082830	El007G356450
OG0003858	As004G082850	El007G356430, El002G134500
OG0003859	As004G084640	El001G007350, El001G007360
OG0003860	As004G085360, As005G102330	El006G283830, El003G177510, El006G284360
OG0003861	As004G088000	El002G127060, El007G363460, El007G363630, El007G363540
OG0003862	As004G088680	El007G364550
OG0003863	As004G090680	El007G366830
OG0003864	As012G288630	El001G034980, El004G210450
OG0003865	As005G100390	El006G281280
OG0003867	As005G106780, As005G106790	El006G316650
OG0003868	As005G114040	El007G330230, El001G014070
OG0003869	As005G114220	El007G330440, El007G330450
OG0003870	As005G114300	El007G330550
OG0003871	As005G114600, As010G224930	El007G330920, El003G168030
OG0003872	As006G121350	El001G000730, El001G001020, El001G000720
OG0003873	As006G122480	El006G305470, El001G001780
OG0003874	As006G123540	El001G003320
OG0003876	As006G126090	El006G300780
OG0003877	As006G132510	El003G157100
OG0003878	As006G139920	El005G241520
OG0003881	As007G152470	El004G233430
OG0003881	As010G243230	El002G100070
OG0003882	As007G154510	El002G102400
OG0003883	As007G158890	El002G092180, El002G092190
OG0003884	As007G160570	El002G111410
OG0003885	As007G163750	El003G159770, El007G343550
OG0003886	As007G178360	El003G152070, El006G312140
OG0003887	As008G182590	El002G098900
OG0003889	As008G189240	El002G091670
OG0003890	As008G194200	El006G301020
OG0003891	As009G201620	El001G065530
OG0003893	As009G204140	El001G062410
OG0003894	As009G206320	El001G049470
OG0003895	As009G211380, As009G207230, As009G207290, As009G210320	El001G028530
OG0003896	As009G207440	El007G345400, El004G218410
OG0003897	As009G212730	El001G076240
OG0003898	As009G214230	El002G139110, El001G077330
OG0003899	As009G215120	El003G189420
OG0003900	As010G221610	El001G019570, El007G324380
OG0003901	As010G223350	El001G017330
OG0003902	As010G224000	El001G016490, El007G332490
OG0003903	As010G231110	El003G143200
OG0003904	As010G236930	El004G229440
OG0003905	As010G237050	El004G229350
OG0003906	As010G237540	El002G108830
OG0003907	As010G237560, As010G237570	El004G228720
OG0003908	As010G242240	El004G232310
OG0003909	As010G242780	El004G232910
OG0003910	As011G246310	El005G250460, El001G045770, El001G045780, El005G250450, El002G102260
OG0003912	As011G247410	El005G251770
OG0003912	As012G269980	El002G138790, El002G138800
OG0003914	As012G270820	El002G136930
OG0003914	As011G248290	El005G252840
OG0003915	As011G251160	El005G256450
OG0003916	As011G251860	El005G257300
OG0003917	As011G252470	El005G257960
OG0003918	As011G252890	El005G258460
OG0003919	As011G253850	El005G260130, El005G260120
OG0003920	As011G254760	El005G261980
OG0003921	As011G266120	El005G277930, El001G010650
OG0003922	As012G269750	El002G138830, El002G138820, El002G138150
OG0003923	As012G274150	El002G131350, El002G131360
OG0003924	As012G278770	El001G022070
OG0003925	As012G281550	El001G026090, El001G026110
OG0003926	As012G287150	El001G033030
OG0003948	As001G001850	El003G153200
OG0003948	As011G265930	El005G277600
OG0003949	As001G002710	El003G152380
OG0003950	As001G016530	El002G119370
OG0003951	As001G018200, As001G018180, As011G264680	El003G171290
OG0003952	As001G018840	El004G208810
OG0003953	As001G021240	El004G200160
OG0003954	As001G023250	El001G037080
OG0003955	As001G023780	El001G037990
OG0003956	As001G026420	El006G281780
OG0003957	As001G026450	El001G042480
OG0003958	As004G077260	El003G185620
OG0003958	As001G029020	El004G215320
OG0003959	As002G033730	El006G288760
OG0003960	As009G214470, As002G035970	El001G077960
OG0003961	As002G036570	El005G246350
OG0003961	As009G213780	El001G076980
OG0003962	As002G037220	El005G246960
OG0003963	As002G040080	El004G196090
OG0003964	As002G040140	El007G363440
OG0003965	As002G042610	El007G343350
OG0003966	As007G166260, As002G044520	El003G155980
OG0003967	As002G051060	El001G069310
OG0003968	As002G051630	El001G052340, El001G069960
OG0003969	As002G051810	El001G070190
OG0003970	As002G052470	El001G071170, El001G054240
OG0003971	As002G054270	El001G073170
OG0003972	As002G055130	El003G176150, El001G074140
OG0003973	As003G055920, As004G089980	El007G366340
OG0003974	As003G057050	El001G023050, El003G167920
OG0003975	As003G058840	El003G165180
OG0003977	As012G276670, As003G066850	El005G253780, El001G023710
OG0003978	As006G144580, As003G069520	El002G114880
OG0003980	As003G072720	El003G145670
OG0003981	As003G072830	El003G145570
OG0003982	As003G073740	El003G144470, El003G144460
OG0003983	As003G074540	El006G319730
OG0003984	As004G083600	El001G009120
OG0003985	As004G085790	El007G360560, El007G360450, El007G360580, El007G360700, El007G360670, El007G360590, El007G360630, El001G005210
OG0003986	As004G088130	El007G363850
OG0003986	As004G088120	El007G363840
OG0003987	As011G257790	El005G268810
OG0003987	As004G093320	El003G179200
OG0003988	As004G095470	El003G175110
OG0003989	As004G096680	El003G172590
OG0003990	As004G097720	El001G042100, El003G192200
OG0003991	As005G099930	El001G034490, El006G280840
OG0003993	As005G101180, As006G126880	El007G335230, El001G033280
OG0003994	As005G103050, As007G160380	El002G110220
OG0003995	As005G103140	El006G284750
OG0003996	As005G103420	El006G285040
OG0003997	As005G106470	El001G081790
OG0003998	As005G107400	El001G080800
OG0004000	As010G225280	El001G014270
OG0004001	As005G115180	El007G331770
OG0004002	As005G116460	El007G327020
OG0004003	As006G130470, As005G117650	El006G306660
OG0004004	As006G121940	El001G001100
OG0004006	As006G130440	El006G306610
OG0004007	As006G137920	El005G239460
OG0004008	As006G138240, As009G206850	El005G239920
OG0004009	As006G140960	El005G242500
OG0004010	As006G141640, As009G212110	El005G243340
OG0004011	As006G142700	El006G289360
OG0004011	As012G282540	El001G027300
OG0004012	As006G143040	El006G289820
OG0004013	As012G282260, As006G143070	El001G027010
OG0004014	As006G143270	El003G181910, El002G125970
OG0004015	As006G143670	El006G290820
OG0004016	As006G143900	El006G290520
OG0004019	As006G147200	El006G291550
OG0004021	As006G148300	El001G021930, El006G291700
OG0004022	As007G152020, As007G177620	El006G316040
OG0004024	As007G162480, As007G152540	El002G100390
OG0004025	As007G159370	El002G108530
OG0004026	As007G163630	El003G159820, El007G343860
OG0004027	As007G164540	El003G159370, El007G342600
OG0004028	As007G165260	El003G158940
OG0004030	As007G178020	El006G316910
OG0004031	As011G245950, As007G180840, As007G180850	El006G295140
OG0004032	As007G182130	El006G321730
OG0004033	As008G185010	El002G095690, El004G197900
OG0004034	As008G187450	El004G196330
OG0004035	As008G191840	El002G090300, El002G090470
OG0004036	As008G194270	El007G351360, El001G012000
OG0004037	As008G197570	El005G267930, El002G084680, El005G260270
OG0004038	As009G201890, As009G201900	El001G065340
OG0004039	As009G205460	El001G051280
OG0004040	As009G206590	El001G049260, El001G049320
OG0004042	As009G207060	El001G047880, El001G047840, El001G047860
OG0004043	As009G208000	El007G346060, El005G269110
OG0004045	As009G215710	El001G054340
OG0004045	As009G215720	El001G054360
OG0004046	As009G216920	El001G056370, El001G018500
OG0004047	As009G216980	El001G056430, El007G346830
OG0004048	As009G217550	El001G073660, El007G330100
OG0004049	As009G218170	El007G329250
OG0004050	As010G225880	El001G013670
OG0004051	As010G226350	El001G012510
OG0004052	As010G234160	El004G223160
OG0004053	As010G235210	El004G231590, El001G032980
OG0004054	As011G244730	El005G248690, El003G187100
OG0004055	As011G245670	El005G249700, El001G051600
OG0004056	As012G274720, As011G248850	El003G172230
OG0004057	As011G249280	El005G253990
OG0004058	As011G249290	El005G254000
OG0004060	As011G250180	El005G255240, El006G320300
OG0004061	As011G250270	El005G255360, El002G132410
OG0004062	As011G250550, As011G250570, As011G250600, As011G250560	El005G255790
OG0004063	As011G250770	El005G256000
OG0004064	As012G271950	El002G134960
OG0004065	As011G253220	El005G259070
OG0004066	As011G254320	El005G261150
OG0004067	As011G256390	El005G267550, El007G352750
OG0004068	As011G262720	El007G344800, El005G272860
OG0004069	As012G273000	El002G133300
OG0004070	As012G282310	El005G251390
OG0004071	As012G283350	El001G028270, El002G127220
OG0004072	As012G284150	El001G029140, El006G287280
OG0004073	As012G285330	El001G030860
OG0004092	As001G002580	El003G152520
OG0004093	As001G003020	El003G152150
OG0004094	As001G012290	El003G148870
OG0004095	As001G012460	El003G148780
OG0004096	As001G014080	El003G148160
OG0004097	As001G019550	El004G203700, El004G205020, El004G204770, El004G203710
OG0004098	As001G019910, As008G187860	El002G093090
OG0004099	As001G022420	El001G036190
OG0004101	As001G029080	El007G336660, El003G162300
OG0004102	As004G098370	El003G193490
OG0004104	As002G043900	El007G341600
OG0004105	As002G046100	El007G338040
OG0004106	As002G046540, As009G207520	El007G337600
OG0004107	As002G046780	El006G289220
OG0004108	As002G047980	El007G335900
OG0004109	As002G052000	El001G052860, El001G070410
OG0004110	As002G053550	El001G072300
OG0004112	As009G218120	El007G329300
OG0004113	As004G088410, As003G057000	El003G167970
OG0004114	As003G057030, As004G088400	El003G167940
OG0004115	As003G057230	El003G167590
OG0004116	As003G058820	El003G165200
OG0004117	As003G059100	El003G164860
OG0004118	As003G059740	El003G164190
OG0004119	As003G062860	El002G121540
OG0004120	As003G063760	El003G164950
OG0004121	As003G064620	El002G127690
OG0004122	As004G082890, As003G064780	El002G127270
OG0004123	As003G069730	El002G114980
OG0004124	As003G071390	El002G117550
OG0004125	As003G072870	El003G145520
OG0004126	As003G073720	El006G293630, El007G343820
OG0004127	As003G073890	El003G144570
OG0004128	As003G076290	El003G141990
OG0004129	As004G078290	El002G090270
OG0004130	As004G078500	El001G044530
OG0004131	As011G267420, As004G079300	El005G279510
OG0004134	As004G082540	El007G357050, El002G130930
OG0004135	As004G084160	El001G008070, El003G161040
OG0004136	As004G084940	El001G006780
OG0004137	As004G089940	El007G366290
OG0004139	As004G097850	El003G192390
OG0004140	As005G099510	El006G280440
OG0004141	As005G099950, As012G288140	El006G280860
OG0004142	As005G103000	El006G284570
OG0004143	As005G103610	El006G285180
OG0004145	As005G104470	El006G286110
OG0004146	As012G284840, As005G104830	El001G030200
OG0004147	As005G112540	El001G059020, El001G011970
OG0004148	As005G113170	El001G058480
OG0004149	As005G113840	El001G057240
OG0004150	As005G114510, As010G225010	El007G330840
OG0004151	As005G115870	El007G332360
OG0004152	As005G117090	El007G326370
OG0004153	As008G198700	El002G083210
OG0004153	As006G121660	El001G000370
OG0004154	As006G122110	El001G001290
OG0004155	As006G122150	El001G001340
OG0004156	As006G123180	El001G002890
OG0004157	As006G123200	El001G002910
OG0004158	As006G124850	El001G079980, El007G359360
OG0004159	As008G196350	El002G086150
OG0004160	As006G126710	El006G300290
OG0004161	As006G126870	El006G300450
OG0004162	As006G128050	El006G302160
OG0004163	As006G128110	El006G302250
OG0004164	As006G128260	El002G089360, El006G302430
OG0004165	As006G129050	El006G304070, El002G090060
OG0004166	As006G131720	El001G012180
OG0004167	As006G132450	El003G156990
OG0004168	As009G200130	El001G067270
OG0004168	As006G133220	El005G235220, El005G235190
OG0004169	As006G136100	El005G237370
OG0004170	As006G137240	El005G238530
OG0004171	As006G137640	El001G047300, El005G239030
OG0004172	As006G138260	El005G239860
OG0004174	As006G141250	El005G242870
OG0004175	As006G142360	El006G289070
OG0004176	As006G146830	El006G292490
OG0004178	As007G152740	El002G100240
OG0004179	As007G155390	El002G103210
OG0004180	As010G237660, As007G156240	El001G040090
OG0004181	As007G156800	El002G105080
OG0004184	As007G163160	El003G160030
OG0004186	As007G163940	El003G189720, El001G010430
OG0004187	As007G164400	El003G159490
OG0004188	As007G179030, As007G179010	El007G341720, El003G183610
OG0004189	As008G184410	El002G096490, El001G041100
OG0004190	As008G184700, As008G184690	El002G096020
OG0004192	As008G197350	El002G084970, El001G009000
OG0004193	As009G201990	El004G198200
OG0004194	As009G202240	El001G064990, El001G065000, El001G064830
OG0004195	As009G203180	El001G063700, El006G319130
OG0004196	As009G205970	El001G050270
OG0004197	As009G211300	El001G074830
OG0004198	As009G214930	El001G052210, El001G052200
OG0004199	As009G215090, As009G215070	El003G150900, El003G150910
OG0004200	As009G216370	El001G055650, El001G055660
OG0004201	As009G217150	El001G056680
OG0004203	As009G218930	El003G155590
OG0004204	As010G223320	El001G017380
OG0004204	As009G219070	El007G328020
OG0004205	As009G219810	El007G332910
OG0004206	As010G221690	El001G019500, El001G019490
OG0004207	As010G225090, As010G225080, As010G225100, As010G225060, As010G225070	El001G014620
OG0004208	As010G233390	El004G226170, El001G010080
OG0004209	As010G234300	El004G223310
OG0004210	As010G234490	El004G223500
OG0004211	As010G234890	El006G312050, El004G223940
OG0004212	As010G235670	El004G230890
OG0004213	As010G239270	El004G226770
OG0004214	As010G240480	El004G225390, El004G213830, El004G213810
OG0004216	As010G243430	El004G233630
OG0004217	As011G244640	El005G248510
OG0004218	As011G247420	El005G251790
OG0004219	As011G247730	El005G252170
OG0004220	As011G248180, As012G270710	El005G252700
OG0004223	As011G251120	El005G256410
OG0004224	As011G251370, As012G272690	El005G256730
OG0004225	As011G251650	El005G257100
OG0004226	As011G253300	El005G259260
OG0004227	As011G253800	El005G260080
OG0004228	As011G253810	El005G260090
OG0004229	As011G254240	El005G261070
OG0004230	As011G254340	El005G261210
OG0004231	As011G254780	El005G261990
OG0004233	As011G255710	El005G265680
OG0004234	As011G264880	El005G275530
OG0004235	As011G265830	El005G277520
OG0004236	As011G266690	El003G154940, El003G154950
OG0004237	As011G267270, As011G267280	El003G184000, El003G183990
OG0004238	As012G267910	El002G141080
OG0004239	As012G268080	El002G140860, El002G140880
OG0004240	As012G269260	El002G139680
OG0004241	As012G269460	El002G139330
OG0004242	As012G269770	El002G138180
OG0004243	As012G269900	El002G138460
OG0004244	As012G271830	El002G135680
OG0004245	As012G273560, As012G273570	El001G042710
OG0004246	As012G280620, As012G273950	El002G131630
OG0004247	As012G274970	El006G296400
OG0004248	As012G275400, As012G276260	El005G241930
OG0004251	As012G283920	El001G028830
OG0004252	As012G284390	El001G029480, El006G287000
OG0004253	As012G286840	El001G032600, El004G213190, El003G174290
OG0004254	As012G287640	El001G076630, El001G033690
OG0004255	As012G288240	El001G034580
OG0004275	As001G000870	El003G154790
OG0004276	As001G002160	El005G277420
OG0004277	As011G265640, As001G002210	El003G152910
OG0004278	As001G003370	El003G151820
OG0004279	As001G003660	El003G151580
OG0004280	As001G006810	El003G149460
OG0004281	As001G013770	El003G148570
OG0004282	As001G014300	El003G147830, El004G233250
OG0004283	As001G015050	El003G147200
OG0004285	As001G016710	El002G119560
OG0004286	As001G018890, As001G018880	El004G208730, El004G208700
OG0004287	As001G022460	El001G036220
OG0004288	As001G023610	El001G037790
OG0004289	As001G024600	El001G039360
OG0004290	As001G026120	El001G041970
OG0004290	As004G097690	El003G191880
OG0004291	As001G026380, As011G255770	El007G366440
OG0004292	As001G027050	El001G043650
OG0004293	As001G030010	El004G211550
OG0004294	As001G030160	El006G286540
OG0004295	As002G033190	El006G288200
OG0004296	As002G035220	El005G245330
OG0004297	As002G037050	El005G246710
OG0004298	As006G130640, As002G037710	El005G247610
OG0004299	As007G162270, As002G042660	El007G343320
OG0004300	As002G043250	El007G342820
OG0004301	As002G043300	El007G342750
OG0004302	As002G043550	El007G342260
OG0004303	As002G047780	El003G157920
OG0004304	As002G049650	El007G333570
OG0004305	As002G051210	El001G051550
OG0004306	As006G141850, As002G051270	El001G068260
OG0004307	As002G051350	El001G069650
OG0004308	As002G052440	El001G071140
OG0004309	As002G054450	El001G073320
OG0004310	As002G054710	El001G073640
OG0004312	As003G056690	El003G168320
OG0004313	As003G057420	El003G167290
OG0004314	As003G058230	El003G165790
OG0004315	As003G058610	El003G165390
OG0004316	As003G058920	El003G165070
OG0004318	As003G060620	El003G162830, El003G184430
OG0004319	As003G060790, As003G060800	El003G162690
OG0004320	As003G061430, As003G061420	El003G161760
OG0004321	As003G062130	El003G160780
OG0004322	As003G062240, As010G221830	El001G008280
OG0004323	As003G063810	El001G010220
OG0004324	As006G145530, As003G067450	El005G261580
OG0004325	As003G069760	El007G353050, El007G352990, El007G352940, El002G138480
OG0004326	As003G070110	El002G115620
OG0004327	As003G071060	El002G117080
OG0004328	As003G071160	El002G117220
OG0004329	As003G071370, As003G071360	El006G321690, El006G307530, El006G307540
OG0004330	As003G072100	El003G146420
OG0004331	As003G073090	El003G145310
OG0004332	As003G073170	El003G145220
OG0004333	As004G083380	El001G009310
OG0004334	As004G084920	El001G006840, El001G006860, El001G006810
OG0004335	As004G087240	El004G214270, El003G182050
OG0004336	As004G091550	El003G182540
OG0004337	As004G091730	El005G269380, El003G180010
OG0004338	As004G092930	El003G179720, El005G252260
OG0004339	As004G095500, As011G255130	El003G175080
OG0004340	As004G095810	El003G174490
OG0004341	As004G095920	El003G174240, El001G076320
OG0004342	As012G267840, As011G267630, As004G098550	El002G139310
OG0004343	As012G288780, As005G098860	El001G035220
OG0004344	As005G099940	El006G280850
OG0004345	As005G100750	El006G281710
OG0004347	As005G102940	El004G228970
OG0004348	As005G104170	El006G285730
OG0004349	As005G104940	El001G029660
OG0004350	As005G110660	El001G060350
OG0004351	As006G142910, As005G111560	El006G289670
OG0004352	As005G111570	El006G289680
OG0004353	As010G226220, As010G226230, As005G113390	El001G058130
OG0004354	As005G115740	El007G331930
OG0004355	As005G116660	El007G326860
OG0004356	As005G117010	El007G326500
OG0004357	As005G118520	El007G324680
OG0004358	As005G119610	El007G323320
OG0004359	As005G119720	El007G323150
OG0004360	As008G199550	El001G068680, El002G082530
OG0004361	As006G121370	El001G000690
OG0004362	As006G123980	El001G003890
OG0004364	As008G196110, As006G125340	El006G298570
OG0004365	As006G127270, As008G194240	El002G088320
OG0004366	As006G127430	El006G301240
OG0004367	As006G127590	El006G301450
OG0004368	As006G128080	El006G302190
OG0004369	As006G128150	El006G302330
OG0004370	As006G128230, As006G128220	El006G302390
OG0004371	As006G128560	El006G302920
OG0004372	As009G206020, As006G132780	El005G235640, El006G301590
OG0004373	As006G135750	El005G237000
OG0004374	As006G138530	El005G240110
OG0004375	As009G206280, As006G138610, As006G138590	El001G049620, El008G369200, El008G369580
OG0004376	As006G138730	El005G240470
OG0004377	As006G139470	El005G241070
OG0004378	As006G139690	El005G241280, El001G026360
OG0004379	As006G140010	El005G241580
OG0004380	As006G141010	El005G242550
OG0004381	As006G144560	El006G294860
OG0004382	As006G144700	El006G294670
OG0004383	As006G145490	El006G293590
OG0004385	As007G152550, As007G152530	El002G100110
OG0004386	As010G240780, As007G154150	El002G101860
OG0004387	As010G240180, As007G154430	El004G225710, El004G225690
OG0004388	As007G154920	El002G102680, El004G226580
OG0004389	As007G155160	El002G102900
OG0004390	As010G236300	El004G230160
OG0004391	As010G234860	El004G223910
OG0004392	As007G159020	El002G108060, El002G108070
OG0004393	As007G160690, As007G160670	El002G111260
OG0004394	As007G161540	El002G112340
OG0004395	As007G163610	El003G159840
OG0004396	As007G178290	El006G317130, El003G151950
OG0004397	As008G184060	El002G097040
OG0004398	As008G184470	El002G096410
OG0004399	As008G184550	El002G096290
OG0004400	As008G185490	El002G095270
OG0004401	As008G186530	El003G173840, El002G094150
OG0004403	As008G187820	El002G093060
OG0004404	As008G189000	El002G091790
OG0004405	As008G191210	El002G090720
OG0004407	As009G201360	El001G066260
OG0004408	As009G202170	El001G065060
OG0004409	As009G202800	El001G064110
OG0004410	As009G204440	El001G062080
OG0004411	As009G204520	El001G061990
OG0004412	As009G205510	El001G051130, El001G051180
OG0004413	As009G206130	El001G049720
OG0004414	As009G209000	El007G349480
OG0004415	As009G212570	El001G076040, El002G132950
OG0004416	As009G215230	El001G052550, El001G052540
OG0004417	As009G216590	El006G312360
OG0004417	As009G216580	El001G055900
OG0004418	As009G217040	El001G056500
OG0004419	As009G217350	El001G056980
OG0004420	As009G217950	El007G329490
OG0004421	As010G221640	El001G057480, El001G019550
OG0004422	As010G229220, As010G229210	El004G219110
OG0004423	As010G232750	El004G220860
OG0004424	As010G233230	El004G221780
OG0004425	As010G233630	El004G222340
OG0004426	As010G234750	El004G223730
OG0004427	As010G234950	El004G224030, El004G224010
OG0004428	As010G237990	El004G228120
OG0004429	As010G238940, As010G238950	El001G045080, El004G227130
OG0004430	As010G238980	El004G227100, El004G227090
OG0004431	As010G240900	El004G224990
OG0004432	As010G241990	El004G231970
OG0004433	As010G242310	El004G232380
OG0004433	As010G242320	El004G232390
OG0004434	As010G242650	El004G232770
OG0004435	As010G243010	El004G233170
OG0004436	As011G244750	El005G248730
OG0004437	As011G246140	El005G250240
OG0004438	As011G246280	El005G250380
OG0004439	As011G246400	El005G250600
OG0004440	As011G247280	El005G251600
OG0004441	As011G247520	El005G251900
OG0004442	As011G247660	El005G252060
OG0004445	As011G251920	El005G257370, El002G134510
OG0004447	As011G253150	El005G258900
OG0004448	As011G253180, As012G271840	El005G258920
OG0004449	As011G253600	El005G259460
OG0004450	As011G253980	El002G139630, El005G260290
OG0004451	As011G255250	El005G264490
OG0004452	As011G263640	El006G313260, El003G149690
OG0004453	As011G265220	El005G276890
OG0004454	As011G265530	El005G276300
OG0004455	As011G265750	El005G277460
OG0004456	As011G267180	El006G294790
OG0004457	As012G270680	El002G137200, El002G137180, El002G137190
OG0004458	As012G271520	El003G190400, El002G135860
OG0004459	As012G272100	El002G134750
OG0004460	As012G273600	El002G132310
OG0004461	As012G275430	El006G296880, El002G115930
OG0004462	As012G275460	El001G022260
OG0004463	As012G278020	El001G024670
OG0004465	As012G282680	El001G027490
OG0004466	As012G283150	El001G028080
OG0004467	As012G283840	El007G339890, El007G339900
OG0004469	As012G284540	El001G029700
OG0004470	As012G284870	El001G030230
OG0004471	As012G286860	El006G283120
OG0004472	As012G287440	El002G136490, El001G033450
OG0004474	As012G288860	El001G035320
OG0004498	As001G000170	El003G155670
OG0004499	As001G000420	El003G155350
OG0004500	As001G000790	El003G154930
OG0004501	As011G265920, As001G001860	El003G153190
OG0004502	As001G002140, As002G049030	El007G334380
OG0004503	As001G002250	El003G152850
OG0004504	As001G002530	El006G317890, El003G152560
OG0004505	As001G002630	El003G152430
OG0004508	As001G004070	El003G151130
OG0004509	As001G004590, As007G163180	El006G314800
OG0004510	As001G004650	El006G314730
OG0004511	As001G006600	El003G149680
OG0004512	As001G013860	El003G148090
OG0004513	As001G014180, As011G263170	El003G147980
OG0004514	As001G017770, As001G017780	El003G170740
OG0004515	As001G020380, As008G187160	El004G201720
OG0004516	As001G021640	El004G199600, El002G094450
OG0004518	As001G022660	El003G161370
OG0004519	As001G022670	El001G036400
OG0004521	As001G024900	El001G040010
OG0004522	As001G026910	El001G043110, El003G190700
OG0004523	As001G027440	El001G044370
OG0004524	As001G027910	El001G045670
OG0004525	As001G029530	El004G212600
OG0004527	As002G032370	El005G248400
OG0004529	As002G038860	El005G248100
OG0004530	As004G088910	El007G331150
OG0004531	As002G047610	El007G336270
OG0004532	As002G047950	El007G335950
OG0004533	As002G048330, As002G048320	El007G335280
OG0004534	As002G048480	El007G335160
OG0004535	As002G049210	El007G334140
OG0004536	As002G049590	El007G333660
OG0004537	As002G050170	El006G317850
OG0004538	As002G050780	El001G068880
OG0004539	As002G050870	El001G069100
OG0004540	As002G051190	El001G069480
OG0004542	As002G052120	El001G070540
OG0004543	As002G052580	El001G071250
OG0004545	As002G054050	El001G072870
OG0004546	As002G054780	El001G073720
OG0004547	As002G055310	El001G074330
OG0004548	As003G056860	El003G168120
OG0004549	As003G056980	El003G168000
OG0004550	As003G057550	El003G167030
OG0004551	As003G060550, As004G085190	El001G006140
OG0004552	As003G061560	El003G161560
OG0004553	As003G061580	El003G161540
OG0004554	As003G062110	El003G160800
OG0004556	As003G063970	El002G124610
OG0004557	As003G066240	El002G128820
OG0004558	As003G068490	El002G113750
OG0004559	As004G081350, As003G069100	El002G114250
OG0004560	As003G069170	El002G114310
OG0004561	As003G070250	El002G115800
OG0004562	As003G070690	El002G116250
OG0004563	As003G071430	El002G093540, El002G117600
OG0004564	As003G071740	El003G146820
OG0004565	As003G071820	El003G146720
OG0004566	As003G072650	El003G145730
OG0004567	As003G075090	El003G143150
OG0004568	As004G076930	El003G184170
OG0004569	As004G077080	El003G184890, El004G214240
OG0004570	As004G078450	El003G189530
OG0004571	As004G078690	El001G017140
OG0004572	As004G078860	El006G295980
OG0004573	As004G089620	El007G366010
OG0004574	As004G079990	El006G295340
OG0004575	As004G081570	El006G298210
OG0004576	As004G084010	El001G008170
OG0004577	As004G084320	El001G007870
OG0004578	As004G086090	El001G004920, El003G164570
OG0004579	As004G086580, As004G086630	El007G360900, El007G360800
OG0004580	As004G086670	El007G360960
OG0004581	As004G088710	El007G364510
OG0004582	As004G089650	El007G366030
OG0004583	As004G092640	El003G181520, El003G180050
OG0004584	As004G094230, As004G094130, As004G094150, As004G094120	El003G177570
OG0004585	As004G095110	El003G175930
OG0004586	As011G254200, As004G096140	El005G261010, El005G261020
OG0004588	As005G101990	El006G283310
OG0004589	As005G102570	El006G284070
OG0004590	As005G102580	El006G284080
OG0004592	As005G103900	El006G285430
OG0004593	As005G107390	El001G080810
OG0004594	As005G108270	El001G079430
OG0004595	As005G112110	El001G059340
OG0004596	As005G112490	El001G059050
OG0004597	As005G113240	El001G058260
OG0004598	As005G113640	El001G057610
OG0004599	As005G116060	El004G208300, El007G327440
OG0004600	As005G116670	El007G326850
OG0004601	As005G117060, As005G117070	El004G217300
OG0004602	As005G117530	El007G325880
OG0004603	As005G118490	El007G324730
OG0004604	As005G118570	El007G324640
OG0004606	As005G120070	El007G322770
OG0004607	As005G120720, As005G120700	El001G021520
OG0004608	As006G121010	El007G324930
OG0004609	As006G123070	El001G002770
OG0004610	As006G125090	El007G359010, El007G359000
OG0004611	As006G125600	El006G299030
OG0004612	As006G127160	El006G300840
OG0004613	As006G129290	El006G304360
OG0004614	As006G130790	El006G307420
OG0004615	As006G130930	El006G306690, El004G222880
OG0004616	As006G133000, As006G132980	El002G100540, El005G235400
OG0004617	As006G133180	El005G235260, El001G067220
OG0004618	As006G133500	El001G067570
OG0004619	As006G133560	El005G256840
OG0004620	As006G141990, As006G133730	El005G243800
OG0004621	As006G135760, As009G202400	El001G045390, El005G237010
OG0004622	As006G135970	El001G064160, El005G237240
OG0004623	As006G137260	El004G218010, El005G238550, El005G238570
OG0004624	As006G139180	El005G240800
OG0004625	As006G139360	El005G240970
OG0004626	As006G139540	El005G241150
OG0004627	As009G205070	El001G061180
OG0004627	As006G139570	El005G241180
OG0004628	As006G139900	El005G241500
OG0004629	As006G141110, As006G141120	El005G242670
OG0004630	As006G141420	El005G243090
OG0004631	As006G141470	El005G243140
OG0004632	As006G141630	El005G243330
OG0004633	As006G141660	El005G243370
OG0004634	As006G142290	El006G289000
OG0004635	As006G142670	El006G289330
OG0004636	As006G142710	El006G289370
OG0004637	As006G142850	El006G289570
OG0004638	As006G143330	El006G290110, El003G150010
OG0004639	As006G144970	El006G294420
OG0004640	As006G145040	El006G294320
OG0004641	As006G145410	El006G293680
OG0004642	As006G146400	El006G292740
OG0004643	As006G147190	El006G291540
OG0004644	As007G152340	El002G099960
OG0004645	As007G154210, As007G152410	El002G100010
OG0004646	As007G154330	El002G102000
OG0004647	As007G154990	El002G102750
OG0004648	As007G156100	El002G104220
OG0004649	As010G236360, As007G157390	El002G105910
OG0004650	As007G158000	El002G106440
OG0004651	As007G159490	El002G108690
OG0004652	As007G159630, As007G159640	El002G108890
OG0004653	As007G159650	El002G108860
OG0004654	As007G160410	El002G110250
OG0004655	As007G163000, As007G165660	El003G160200
OG0004657	As007G163600	El003G159850
OG0004659	As007G177700	El006G315560
OG0004660	As007G178490, As007G178460	El006G316000, El006G316020
OG0004661	As008G184680	El002G096050
OG0004662	As008G187370	El001G076610, El002G093180
OG0004664	As008G188000	El002G092570
OG0004665	As008G188240	El002G092340
OG0004666	As008G188780	El001G027020, El002G091910
OG0004667	As008G189020	El002G091770
OG0004668	As008G190320	El002G091240
OG0004669	As008G191130	El002G090670
OG0004670	As008G193050	El002G089560
OG0004671	As008G195650	El002G086960
OG0004672	As009G200150	El001G067290
OG0004673	As009G202420	El001G064550
OG0004674	As009G203750	El001G063020
OG0004675	As009G203800	El001G062920
OG0004676	As009G204380	El001G062130
OG0004677	As009G204480	El001G062040
OG0004678	As009G205010	El001G061260
OG0004679	As009G205800	El001G050760
OG0004680	As009G206920	El001G048790
OG0004681	As009G207210	El001G047290
OG0004682	As009G207670, As009G207660, As009G207710, As009G207700	El007G345550, El007G345920, El007G345590, El007G345830, El007G345720
OG0004683	As009G208820	El007G348650
OG0004684	As009G208870	El007G348690
OG0004685	As009G209640	El001G067910
OG0004686	As009G212060	El007G350990
OG0004687	As009G212090	El001G031160, El001G031140, El004G213460
OG0004688	As009G212420, As009G212410	El001G075890
OG0004689	As009G213660	El001G076940
OG0004690	As009G214620	El001G078090
OG0004691	As009G215110	El001G052430
OG0004692	As009G215150	El001G052530
OG0004693	As009G215480	El001G053530
OG0004694	As009G217250	El001G056810
OG0004695	As009G218500	El007G328760
OG0004696	As009G218640	El007G328550
OG0004697	As009G218750	El007G328410
OG0004698	As009G218840	El007G328310
OG0004699	As009G218920	El007G328200
OG0004700	As009G219250	El007G327770
OG0004701	As010G220550	El001G021260
OG0004702	As010G222340	El001G018540
OG0004703	As010G222740	El001G018050
OG0004704	As010G224140	El006G308430, El006G308480, El006G308530, El006G309390, El006G308400
OG0004705	As011G257540, As010G226740	El005G268260
OG0004706	As010G226830	El001G011900
OG0004707	As010G232320	El004G220340
OG0004708	As010G232500	El004G220520
OG0004709	As010G232900	El004G221190
OG0004710	As010G234800	El004G223800
OG0004711	As010G235100	El004G224150
OG0004712	As010G237140	El004G229220
OG0004713	As010G237780	El004G228350, El002G104280
OG0004714	As010G238010	El004G228090
OG0004715	As010G238050, As010G238040	El002G111790
OG0004716	As010G239010	El004G227060
OG0004717	As010G239890	El002G102160
OG0004718	As010G242420	El004G232490
OG0004719	As010G243200	El004G233400
OG0004720	As010G243480	El004G233710
OG0004721	As010G243680	El004G233910
OG0004722	As010G243730	El004G234010
OG0004723	As010G243830	El004G234120
OG0004724	As010G243840	El004G234130
OG0004725	As010G244010	El002G099520
OG0004726	As011G244610	El005G248460
OG0004727	As011G244720	El005G248680
OG0004729	As011G245400	El005G249420
OG0004730	As011G245970	El005G250050
OG0004732	As011G247150	El005G251440
OG0004733	As011G247580	El005G251970
OG0004734	As011G248970	El005G253570
OG0004735	As011G249420	El002G131480, El005G254250
OG0004736	As011G250360	El005G255460
OG0004737	As011G250700	El005G255910
OG0004738	As011G250930	El005G256130
OG0004739	As012G272860, As011G251110	El005G256400
OG0004740	As011G252030	El005G257460
OG0004741	As011G253470	El005G259680
OG0004742	As011G254510	El005G261430
OG0004743	As011G254540	El005G261470
OG0004744	As011G255150	El005G264130
OG0004745	As011G255330	El005G264870
OG0004746	As011G256090	El005G266900
OG0004748	As011G262550, As011G262540	El001G079500, El004G225760
OG0004749	As011G263460	El005G273750
OG0004750	As011G266140	El005G277940
OG0004751	As011G267050	El005G278800
OG0004752	As012G268020	El002G140970
OG0004753	As012G269500	El003G192110
OG0004754	As012G272120	El002G134730
OG0004755	As012G272400	El002G134310, El002G134360, El002G134340
OG0004756	As012G273590	El002G132320
OG0004757	As012G273670	El005G265310
OG0004758	As012G277580	El001G038130
OG0004759	As012G279310	El001G024920
OG0004760	As012G279450	El001G021800
OG0004761	As012G279480	El001G021870
OG0004762	As012G281540	El005G271340, El006G311350
OG0004763	As012G282030	El001G026580
OG0004764	As012G282670	El001G027480
OG0004765	As012G283070	El001G027960
OG0004766	As012G283240	El001G028160
OG0004767	As012G283940	El001G028840
OG0004768	As012G284140	El001G029110
OG0004769	As012G284280	El001G029370
OG0004770	As012G289140	El006G308410, El001G051710
OG0004801	As011G267360, As001G000190	El004G226370
OG0004802	As001G000200	El003G155640
OG0004803	As001G000240	El003G150300
OG0004804	As001G000330	El003G155450
OG0004805	As001G000920	El003G154630
OG0004806	As001G002130	El003G152970
OG0004807	As001G002880	El003G152250
OG0004808	As001G004040	El003G151150
OG0004809	As001G004150	El003G151070
OG0004810	As001G004320	El007G345280
OG0004811	As001G005970	El003G149840
OG0004812	As001G006400	El003G149980
OG0004813	As001G007090	El003G149640
OG0004814	As001G013570	El003G148370
OG0004815	As001G014410	El003G147720
OG0004817	As004G083110, As001G017700	El003G170710
OG0004818	As001G017790	El003G170750
OG0004819	As001G018060	El003G171190
OG0004820	As001G018530	El004G210090, El004G210260
OG0004821	As001G018760	El004G209850, El002G091740
OG0004822	As008G186200	El002G094510
OG0004822	As001G021650	El004G199590
OG0004823	As001G021690	El004G199430
OG0004824	As001G022350	El001G036130, El001G042550
OG0004825	As008G182410, As001G022410	El001G036180
OG0004826	As001G023400	El001G037290
OG0004827	As001G025020	El001G040140
OG0004828	As001G025450	El001G040930, El001G043990
OG0004829	As001G025570	El001G041160
OG0004830	As004G097530, As001G026310	El003G191710
OG0004831	As001G026350	El001G042320
OG0004832	As001G026590, As005G119760	El001G042620
OG0004833	As001G027610	El001G044950
OG0004834	As001G027630	El001G044970
OG0004835	As001G027750	El001G045100
OG0004836	As001G027800	El001G045220
OG0004838	As001G028180	El001G046530
OG0004839	As001G028190	El001G046590, El001G046960, El002G123830
OG0004840	As001G028760	El004G215790
OG0004841	As001G031130	El004G195530
OG0004842	As001G031750	El004G197100, El002G095940
OG0004843	As008G185240, As001G032070	El002G095530
OG0004844	As002G033080	El006G288080
OG0004845	As002G034250	El005G244530
OG0004846	As002G035570	El005G245680, El001G078330
OG0004847	As002G035930	El005G245900
OG0004848	As002G037420	El005G247250
OG0004849	As002G038820	El005G248080
OG0004850	As007G164360, As002G042970	El007G342950
OG0004851	As002G043200	El007G342870
OG0004852	As002G043810, As009G209900	El007G341820
OG0004853	As002G044150	El007G341330
OG0004854	As002G044600	El007G340670
OG0004855	As002G044650	El007G340560
OG0004856	As002G044980	El007G340180
OG0004857	As002G045730	El007G338860
OG0004858	As002G046440	El007G337700
OG0004859	As006G132620	El002G090580, El003G157300
OG0004860	As002G048650	El007G334870
OG0004861	As002G049390	El006G299380, El008G369820, El007G343880, El007G333860
OG0004862	As002G049870, As010G227590	El007G333480
OG0004863	As002G050320	El001G068370
OG0004864	As002G050440	El001G068490
OG0004865	As002G050480	El001G068550
OG0004866	As002G050490	El001G068560
OG0004867	As002G051840	El001G070230
OG0004868	As002G051860, As009G201870	El001G065820
OG0004869	As002G052150	El001G070610
OG0004870	As002G052750	El001G071440
OG0004872	As002G053820	El001G072640
OG0004873	As003G055900	El003G169410
OG0004874	As003G056390	El003G168780
OG0004874	As004G089050	El007G365420
OG0004875	As003G056530	El003G168560
OG0004876	As003G056620, As004G088760	El007G364890
OG0004877	As003G057300	El003G167520
OG0004878	As003G057320	El003G167430
OG0004879	As003G057800	El003G166570
OG0004880	As003G058210	El003G165820
OG0004881	As003G058480	El003G165570
OG0004882	As003G058730	El003G165320
OG0004883	As003G059030	El003G164940
OG0004884	As003G059460	El003G164620
OG0004885	As003G059780	El001G060890, El001G060880, El001G060900
OG0004886	As003G059800	El003G164140
OG0004887	As003G059840	El003G164100
OG0004888	As003G060430	El003G163200
OG0004889	As003G060940	El003G162520
OG0004890	As003G061450	El003G161740
OG0004891	As003G061960	El003G161090
OG0004892	As003G062150	El003G160750
OG0004894	As003G065660	El002G129980
OG0004895	As003G067740	El002G113590
OG0004896	As003G068660	El002G113790
OG0004897	As003G068770	El002G113910
OG0004898	As012G275180	El002G116530
OG0004899	As003G070960	El001G051490, El001G078620
OG0004900	As003G072940	El003G145450
OG0004901	As003G073810	El003G144510
OG0004902	As003G074050	El003G144340
OG0004905	As004G079710	El006G295810
OG0004906	As004G086100	El001G004910
OG0004907	As004G086370	El001G004540
OG0004908	As004G087110, As004G089370, As004G089390	El007G361540
OG0004909	As004G087850, As004G087860	El007G363310
OG0004910	As004G088520	El007G364350
OG0004911	As011G262950, As004G088540	El007G364360
OG0004912	As004G089270	El007G365760
OG0004913	As004G090260	El007G366790
OG0004914	As004G090350	El007G366390
OG0004915	As004G090850	El007G366670
OG0004916	As004G093460	El005G268600
OG0004917	As012G270330	El004G215750
OG0004918	As004G096130	El003G173990, El003G174000
OG0004919	As004G097840	El003G192400
OG0004920	As004G098270	El007G323990
OG0004921	As012G288850	El001G035300
OG0004922	As005G099440, As012G288450	El001G034830
OG0004924	As005G100960	El006G281990, El002G098640
OG0004925	As012G287450, As005G101030	El001G033470
OG0004926	As005G101090	El006G282110
OG0004927	As005G101280	El006G282500
OG0004928	As005G101340	El006G282600
OG0004929	As005G102400	El006G283930
OG0004930	As005G103650	El006G285240
OG0004932	As005G104320	El006G285890
OG0004933	As005G104880	El006G286670
OG0004936	As005G107480	El004G204050, El004G204110, El004G204260, El004G204020, El001G080730
OG0004937	As005G108370	El001G079270
OG0004938	As005G108800	El001G017950, El006G284180
OG0004939	As005G109120	El001G078500
OG0004940	As005G111070	El001G059940
OG0004941	As005G111180	El001G060280
OG0004942	As005G112060	El001G059410
OG0004943	As005G112360	El001G059160
OG0004944	As005G113020	El001G058610
OG0004945	As005G113300	El001G058190
OG0004946	As005G113780	El001G057340
OG0004947	As005G113910	El006G309490, El006G309510, El002G126990
OG0004948	As005G114610	El007G330930
OG0004949	As005G115090	El007G331800
OG0004950	As005G115760	El007G331920
OG0004951	As005G115840	El007G332320
OG0004952	As005G116130	El007G327380, El001G018010
OG0004953	As005G116150	El006G281520
OG0004954	As005G116380	El007G327090
OG0004955	As005G117550	El007G325860
OG0004956	As005G118410	El007G324870
OG0004957	As005G118630	El007G324550, El001G054980
OG0004958	As005G118700	El007G324450
OG0004959	As005G118850	El007G324270
OG0004960	As005G119160	El007G323810
OG0004961	As005G119230	El007G323730
OG0004962	As005G119600	El007G323330
OG0004963	As005G119980	El007G322840
OG0004965	As006G121990	El001G001160
OG0004966	As006G124550	El007G360000
OG0004967	As008G196340	El002G086160
OG0004967	As006G124910	El007G359270
OG0004968	As006G125250	El006G298490
OG0004969	As006G126170	El006G299490
OG0004970	As006G127960	El006G302050
OG0004971	As006G128010	El006G302120
OG0004972	As006G128270	El006G302440
OG0004973	As006G128640	El006G303100, El006G303110
OG0004974	As006G128740	El006G300890, El006G303290, El006G303240
OG0004975	As006G129710	El006G305030
OG0004976	As006G130190	El006G305920
OG0004977	As006G130530	El006G308270
OG0004978	As006G133540, As009G199820	El001G067610
OG0004979	As006G133750, As006G141960	El005G243760
OG0004980	As006G142010	El005G243830
OG0004981	As006G134770	El005G235850
OG0004982	As009G202500, As006G135830	El005G237080
OG0004983	As006G136020	El001G064120
OG0004984	As006G136940	El005G238270
OG0004986	As009G205410, As006G139410	El001G051360
OG0004988	As006G139830, As009G204740	El005G241440
OG0004989	As006G140070, As012G283670	El001G028570
OG0004990	As006G140740	El005G242310
OG0004991	As006G141260	El005G242880
OG0004992	As006G141680	El005G243400
OG0004993	As006G141950	El005G243740
OG0004994	As006G142580	El006G289240
OG0004995	As006G142980	El006G289770
OG0004996	As006G143310	El006G290090
OG0004997	As006G143760	El001G025920
OG0004998	As006G144480	El006G295000
OG0004999	As006G144570	El006G294850
OG0005000	As006G144590	El002G114890
OG0005001	As006G147050	El006G292310
OG0005002	As006G147700	El006G292170
OG0005003	As006G147990	El006G292040
OG0005004	As006G148720	El007G354760
OG0005005	As007G151970	El002G099390, El005G248810
OG0005006	As007G153190	El002G100740
OG0005007	As007G154040, As007G153880	El004G202850, El002G101560
OG0005008	As007G153990	El002G101680
OG0005009	As007G154750	El002G102110
OG0005010	As007G154930	El002G102690
OG0005011	As007G155560	El002G103440
OG0005012	As007G156050	El002G104170
OG0005013	As007G158050	El004G231000
OG0005014	As007G158130	El002G106610
OG0005015	As007G158650	El002G107750
OG0005018	As007G160180	El002G109740
OG0005020	As010G232330, As007G160760	El002G111160
OG0005021	As007G161470, As007G163920	El002G112300
OG0005022	As007G161710	El002G112470
OG0005023	As007G161950	El002G112750
OG0005024	As007G162060, As010G228460	El004G217470
OG0005025	As007G163520	El003G159930
OG0005026	As007G164830	El003G159130
OG0005027	As007G176570	El003G149520
OG0005028	As008G182510	El004G228800
OG0005029	As008G183630	El002G097420
OG0005030	As008G184850	El004G233650
OG0005031	As008G184860	El002G095850
OG0005032	As008G185200	El002G095590
OG0005033	As008G185880	El002G094890, El001G048060
OG0005034	As008G187000	El002G093630
OG0005035	As008G187350	El003G174300, El002G093220
OG0005036	As008G187850	El002G093080
OG0005037	As008G188970	El002G091810
OG0005038	As008G190460	El006G296130
OG0005039	As008G190580	El002G090870
OG0005040	As008G190680	El002G091190
OG0005041	As008G193840	El002G088700
OG0005042	As008G193930, As008G193940	El002G088620
OG0005043	As008G194160	El002G088380
OG0005044	As008G195190	El002G087340
OG0005045	As008G195270, As008G195280	El002G087250
OG0005046	As008G197560	El002G084710
OG0005047	As008G198960	El002G083450, El007G348890, El008G369610
OG0005048	As008G199030	El002G083110
OG0005049	As008G199040	El002G083090, El002G083070
OG0005050	As009G200820	El001G066360
OG0005051	As009G201840	El004G221930, El003G148320, El004G224640
OG0005052	As009G201920	El001G065310
OG0005053	As009G202060	El001G065170
OG0005054	As009G202510	El001G064440
OG0005055	As009G203120	El001G063750
OG0005056	As009G203200	El001G063670
OG0005057	As009G203710	El001G063070
OG0005058	As009G204170	El001G062390
OG0005059	As009G204310	El001G062240
OG0005060	As009G204730	El001G061590
OG0005061	As009G205060	El001G061190
OG0005062	As009G205390	El001G051410
OG0005063	As009G206840	El001G049000
OG0005064	As009G206910	El001G048800
OG0005065	As009G207370	El007G345330
OG0005066	As009G207390	El007G346610, El007G346130
OG0005067	As009G208350	El007G347010
OG0005068	As009G209370	El007G349800
OG0005069	As009G210130	El007G349540
OG0005070	As009G211070	El001G025050
OG0005071	As009G212280	El001G075580, El006G308730
OG0005072	As009G214020	El001G077280
OG0005073	As009G216020	El001G019420
OG0005074	As009G216210, As009G216220	El001G055360, El001G055390
OG0005075	As009G217570	El007G330080
OG0005076	As009G217600	El007G330000
OG0005077	As009G217940	El007G329500
OG0005078	As009G218030	El007G329400
OG0005079	As009G218730	El007G328430
OG0005080	As009G219690	El007G332760
OG0005081	As009G219900	El007G333010
OG0005082	As009G220060	El007G333200
OG0005083	As009G220070	El007G333210
OG0005084	As010G221270	El001G020140
OG0005085	As010G221790	El001G019380
OG0005086	As010G221820	El001G019330
OG0005087	As010G222060	El001G019140
OG0005088	As010G222240	El001G018660
OG0005089	As010G223760	El001G016600
OG0005090	As010G227320	El001G059770, El001G059760
OG0005091	As010G227690	El004G218180
OG0005092	As010G230480	El004G219260
OG0005093	As010G230830	El004G219320
OG0005094	As010G231100	El004G219390
OG0005095	As010G231510	El001G036030
OG0005097	As010G232030	El004G220100
OG0005098	As010G232760	El004G220880
OG0005099	As010G234810	El004G223810
OG0005100	As010G235320	El004G231440
OG0005101	As010G235560, As010G235550	El004G231050
OG0005102	As010G235970	El007G349530
OG0005103	As010G236600	El004G229840
OG0005104	As010G237160	El004G229170, El002G104970
OG0005105	As010G237330	El004G228980
OG0005106	As010G238190	El004G227950
OG0005107	As010G242810	El004G232940
OG0005108	As010G243740	El004G234020
OG0005109	As010G243850	El004G234140
OG0005111	As011G245140	El005G249210, El027G373490, El004G212190, El004G212320
OG0005112	As011G245560	El005G249530
OG0005113	As011G245600	El005G249620
OG0005114	As011G245840	El005G249940
OG0005116	As011G246550, As012G269560	El005G250760
OG0005117	As011G247300	El005G251620
OG0005118	As011G247570	El005G251950
OG0005119	As011G247670	El005G252070
OG0005120	As011G247850	El005G252320
OG0005121	As011G248190	El005G252710
OG0005122	As011G248500	El005G253070
OG0005123	As011G248720	El005G253280
OG0005124	As011G250650	El005G255870
OG0005125	As011G251080	El005G256340
OG0005126	As011G252180	El005G257760
OG0005127	As011G252870	El005G258430
OG0005128	As011G252920	El005G258540
OG0005129	As011G252980	El005G258700
OG0005130	As011G253260	El005G259110
OG0005131	As011G253360	El005G259330
OG0005133	As011G253680	El005G259380
OG0005134	As011G253700	El005G259350
OG0005135	As011G254010	El003G173390, El005G260420
OG0005136	As011G254750	El005G261970
OG0005137	As011G256120	El005G266940
OG0005138	As011G256170	El005G267080
OG0005139	As011G262510	El005G272550
OG0005140	As011G265140	El005G276980
OG0005142	As011G265810	El005G277480
OG0005143	As011G265870	El005G277550
OG0005144	As011G266960	El005G278720
OG0005145	As012G268090	El002G140850
OG0005146	As012G268410	El002G140490, El005G249390
OG0005148	As012G271810	El002G135660
OG0005150	As012G275500	El001G022300
OG0005151	As012G275980	El001G022790
OG0005152	As012G276380	El001G023370
OG0005153	As012G278160	El001G024770
OG0005154	As012G278270	El001G024820
OG0005155	As012G278420	El001G022170
OG0005156	As012G280450	El001G025600
OG0005157	As012G280490	El001G025610
OG0005158	As012G280950	El001G025750
OG0005159	As012G282630	El001G027420
OG0005160	As012G282710	El001G027520
OG0005162	As012G284100	El001G029070
OG0005163	As012G285650	El002G139940, El001G031190
OG0005164	As012G285670	El001G031260
OG0005165	As012G287130	El001G033010
OG0005166	As012G287510	El006G282000
OG0005167	As012G287550	El001G033610
OG0005168	As012G287590	El001G033660, El002G122230
OG0005192	As001G000030	El003G155820
OG0005193	As001G000450	El003G155330
OG0005194	As001G000820	El003G154850, El003G154860
OG0005195	As001G000860	El003G154800
OG0005196	As001G001460	El003G153640
OG0005197	As011G265330, As001G001510	El005G276730
OG0005198	As001G001540	El003G153590
OG0005199	As001G001750	El003G153310
OG0005201	As001G002200	El003G152930
OG0005202	As001G002220	El003G152880
OG0005204	As001G002730, As001G002720	El003G152350
OG0005205	As001G003030	El003G152130
OG0005206	As001G003180	El003G152020
OG0005207	As001G003510	El003G151680
OG0005209	As001G004470	El003G149760
OG0005210	As001G006380	El003G149960
OG0005211	As001G013560	El003G148360
OG0005212	As001G013840	El003G148050
OG0005213	As001G013850	El003G148080
OG0005214	As001G014850	El003G147370
OG0005215	As001G016310	El002G119000
OG0005216	As001G019480, As001G016550	El002G119400
OG0005217	As001G017460	El004G214510, El003G170350
OG0005218	As001G019600	El004G204250, El004G204360, El004G204990, El004G204860, El004G204710
OG0005219	As001G021490	El004G199880
OG0005220	As001G021830	El004G199220
OG0005221	As001G022830	El001G036640
OG0005223	As001G023090	El001G036920
OG0005225	As001G023510	El001G037650
OG0005226	As001G024000	El001G038420, El001G038350
OG0005227	As001G024070	El001G038520
OG0005228	As001G024300	El001G038820
OG0005229	As001G024310	El001G038830
OG0005230	As001G025120	El001G040360
OG0005231	As001G025700	El002G096380
OG0005232	As001G025830	El001G041570
OG0005233	As002G050110, As001G026680	El007G352630, El007G352060
OG0005234	As001G026780	El001G042900, El001G042910
OG0005235	As001G027570	El001G044540
OG0005236	As001G028240	El004G217320
OG0005237	As001G031580	El004G196650
OG0005238	As001G031860	El004G197510
OG0005239	As002G032740	El003G158400
OG0005240	As002G033370	El006G288570
OG0005241	As002G035650	El005G245760
OG0005242	As002G037520	El005G247370
OG0005243	As002G038200	El005G247830, El001G075260
OG0005244	As002G040220	El007G345010
OG0005245	As002G044780	El007G339950
OG0005246	As002G044790	El007G339960
OG0005247	As002G046190	El003G160370
OG0005248	As002G047450	El007G336440
OG0005249	As002G047550	El001G032070
OG0005250	As002G047570	El007G336310
OG0005251	As002G049350	El007G333900
OG0005252	As002G049940	El007G333390
OG0005253	As002G050050	El001G011580, El002G129130
OG0005254	As002G050270	El001G068290
OG0005255	As002G050710	El001G068780
OG0005256	As002G050800	El001G068920
OG0005257	As002G051180	El001G069450
OG0005258	As002G051280	El001G069550
OG0005259	As002G051440	El001G069740
OG0005260	As002G052400	El001G054090
OG0005261	As002G052420	El001G071130
OG0005262	As002G053420	El001G072120
OG0005263	As002G054560	El001G073460
OG0005264	As002G054620	El001G073520
OG0005265	As002G054940	El001G073920
OG0005266	As002G055500	El001G074560
OG0005267	As003G056420	El003G168690, El007G365410
OG0005268	As003G056520	El003G168570
OG0005269	As004G087090, As003G058360	El003G165650
OG0005270	As003G060400	El003G163240
OG0005271	As003G062220	El003G160710
OG0005272	As003G063090, As003G063080	El002G122150
OG0005273	As003G064100	El002G125040
OG0005274	As003G064590, As004G080920	El002G127860
OG0005275	As003G067440	El005G261600
OG0005276	As003G067920	El002G113370
OG0005277	As003G068670	El002G113810
OG0005278	As003G068760	El002G113900
OG0005279	As003G069010	El002G114110
OG0005280	As004G081400, As003G069020	El002G114120
OG0005281	As003G070060	El002G115570
OG0005282	As003G070120	El002G115630
OG0005283	As003G070550, As003G070630, As003G070540	El002G116160
OG0005284	As003G070820	El002G116540
OG0005285	As003G073530	El003G144840
OG0005286	As003G073790, As007G179760	El006G318960
OG0005287	As003G073950	El003G144610
OG0005288	As007G180210, As003G074510	El006G319690
OG0005289	As003G074790	El003G143530
OG0005290	As003G075710	El003G142620
OG0005291	As004G076710	El007G354970, El007G355100, El007G352110, El007G353190, El001G035090, El007G354900, El001G035040, El007G352400, El007G354910
OG0005292	As004G078110	El005G262080, El004G198380, El005G262230, El007G340310, El005G262140
OG0005293	As004G078660	El006G296160
OG0005294	As004G079840	El006G295890
OG0005295	As012G278310, As010G237850	El004G228280
OG0005296	As004G083990	El001G008200
OG0005297	As004G084530	El003G161890
OG0005298	As004G085110	El001G006280
OG0005299	As004G086400, As005G113080	El001G004490
OG0005300	As004G086500	El007G360430, El007G360470
OG0005301	As004G088600	El007G364680
OG0005302	As004G089670	El007G366180
OG0005303	As004G092590	El003G174890
OG0005304	As004G093480	El005G268580
OG0005305	As004G094220	El003G177560
OG0005306	As004G094400	El003G177350
OG0005307	As004G095160	El003G175860
OG0005308	As004G097330	El006G283670
OG0005309	As004G098310	El002G111330
OG0005310	As005G101900	El006G283180
OG0005311	As005G101940	El006G283210
OG0005312	As005G102030	El006G283380
OG0005313	As005G102990	El006G284560
OG0005314	As005G103830	El007G354990, El007G354940, El007G355070, El003G191480
OG0005316	As005G104140	El006G285710
OG0005317	As005G104740	El006G286400
OG0005318	As005G105010	El006G287230
OG0005319	As005G105050	El006G287180
OG0005320	As005G105080	El006G287140
OG0005321	As005G105830	El006G287720
OG0005322	As005G106390	El001G081860
OG0005323	As005G107120	El001G081100
OG0005324	As005G107610	El001G080550
OG0005325	As005G107770	El001G080160
OG0005326	As005G108100	El001G079690
OG0005327	As005G108310	El001G079350
OG0005330	As005G109560	El001G051650
OG0005331	As005G110880	El001G059900
OG0005332	As005G111210	El001G059870
OG0005333	As005G111980	El001G059420
OG0005334	As005G112100	El001G059360
OG0005335	As005G112280	El001G059250
OG0005336	As005G112520	El003G160600
OG0005337	As005G112640	El001G058880
OG0005338	As005G113040, As010G226430	El001G058580
OG0005339	As005G113270	El001G058220
OG0005340	As005G113290	El001G060250
OG0005341	As010G226240, As005G113340	El001G058150
OG0005342	As005G113890	El007G330120
OG0005343	As005G114460	El007G330730
OG0005344	As005G114910	El007G331260
OG0005345	As005G115620	El007G331690
OG0005346	As005G116070	El003G184250, El007G327430
OG0005347	As005G116700	El007G326830
OG0005348	As005G116970	El007G345860, El005G270330, El002G120390, El007G341680
OG0005349	As005G116990	El006G292560, El007G326520
OG0005350	As005G117270	El007G326200
OG0005351	As005G117780	El007G325650
OG0005352	As005G117820	El007G325570
OG0005353	As005G118500	El007G324720
OG0005354	As005G118650	El007G324530
OG0005355	As005G119000	El007G323980
OG0005356	As005G119020	El007G323960
OG0005357	As005G119650	El007G323220
OG0005358	As005G120230	El007G322600
OG0005359	As006G135260, As005G120420	El007G322420, El001G011710
OG0005360	As008G199610	El001G010170
OG0005361	As006G121060	El001G000090
OG0005362	As006G121210	El001G000860
OG0005363	As006G122260	El001G001490
OG0005364	As006G122320	El002G083790
OG0005365	As006G122550	El001G001840
OG0005366	As006G123900	El001G003810
OG0005368	As006G125730	El006G300020
OG0005369	As006G125790	El006G299400
OG0005370	As006G127060	El006G300730
OG0005371	As006G127310	El006G301080
OG0005372	As006G127400	El006G301190
OG0005373	As006G130030	El006G305660
OG0005374	As006G130880	El006G307020
OG0005375	As006G131170	El006G309630
OG0005376	As006G132090	El003G149830
OG0005377	As006G133310	El001G051750, El004G196310, El005G235110
OG0005378	As006G136010	El005G237280
OG0005379	As006G136190	El005G237450
OG0005380	As006G137130, As009G203990	El001G062550
OG0005381	As006G138810	El005G240400
OG0005382	As006G139330	El005G240940
OG0005383	As006G139670	El001G067950
OG0005384	As006G140170	El005G241780
OG0005385	As006G140490	El005G242150
OG0005386	As006G141090	El005G242650
OG0005387	As006G141390	El005G243010, El005G243060
OG0005388	As006G142900	El006G289650
OG0005389	As012G282400, As006G142930	El006G289700
OG0005390	As006G143390	El006G290200
OG0005391	As006G143790	El006G290630
OG0005392	As006G144000	El006G290960
OG0005393	As006G144220	El001G025410
OG0005394	As006G144290	El006G291330
OG0005395	As006G144490	El006G294990
OG0005396	As006G145630	El006G293510
OG0005397	As006G146190	El006G292950
OG0005398	As006G146370	El006G292760
OG0005399	As006G147040	El006G292320
OG0005400	As006G147530, As012G278560	El006G292130
OG0005401	As007G163120, As006G147870	El005G242810
OG0005402	As006G148690	El006G291900
OG0005403	As007G152380	El002G099980
OG0005404	As007G153370	El002G100970
OG0005405	As007G155080	El002G102820
OG0005406	As007G155200	El002G102950
OG0005407	As007G155290	El002G103050
OG0005408	As007G155310	El002G103080
OG0005409	As007G155490	El002G103350
OG0005410	As007G155980, As010G238120	El002G104010, El037G374540
OG0005411	As007G156250	El002G104390
OG0005412	As007G156740	El002G105000
OG0005413	As007G157620	El002G106080
OG0005414	As010G235650, As007G158030	El004G230910
OG0005415	As007G158210	El002G107160
OG0005417	As010G234630, As007G158760	El004G223630
OG0005418	As007G158920	El004G223400
OG0005419	As007G160140	El002G109760
OG0005420	As007G160270	El002G110120
OG0005421	As007G160420	El002G110270
OG0005422	As007G160840	El002G111050, El002G111540
OG0005423	As007G161750	El004G218340, El002G112530
OG0005424	As007G161800	El002G112580
OG0005425	As007G161820	El002G112590
OG0005426	As007G164240	El003G159610
OG0005427	As007G165270	El003G158960
OG0005429	As007G178550	El006G317630
OG0005432	As008G185190	El002G095620
OG0005433	As008G185260	El002G095510
OG0005434	As008G186720	El002G093910
OG0005435	As008G186740	El002G093890
OG0005436	As008G187770	El002G093010
OG0005437	As008G187800	El002G093040
OG0005438	As008G188070	El002G092500
OG0005439	As008G188380	El002G092160
OG0005440	As008G188430	El002G092110
OG0005441	As008G189400	El002G091570
OG0005442	As008G190710	El003G184270
OG0005443	As008G191180	El002G090730
OG0005444	As008G193410	El002G089100
OG0005445	As008G194470, As008G194460	El002G088030
OG0005446	As008G194650	El002G087860
OG0005447	As008G198530	El001G003450, El002G083660
OG0005448	As009G199760	El001G067710
OG0005449	As009G199880	El001G066910
OG0005450	As009G200330	El001G067520
OG0005451	As009G200560	El001G066690, El001G046500
OG0005452	As009G202220	El001G065040
OG0005453	As009G202520	El001G064430
OG0005454	As009G203370	El001G063610
OG0005455	As009G203540	El001G063280
OG0005456	As009G203720	El001G063060
OG0005457	As009G204260	El001G062270
OG0005458	As009G205380	El001G051420
OG0005459	As009G206170	El001G049670
OG0005460	As009G207070	El001G047830, El001G047850
OG0005461	As009G208680	El007G347070
OG0005462	As009G211500	El001G075080
OG0005463	As009G212510	El001G075970
OG0005464	As009G213280	El001G076850
OG0005465	As009G213960	El001G077160
OG0005466	As009G214080	El001G077610
OG0005467	As009G214330	El001G077790
OG0005468	As009G214350	El001G077810
OG0005469	As009G214590	El001G078060
OG0005470	As009G215170	El001G050580, El001G052490, El001G052480
OG0005471	As009G218530	El007G328710
OG0005472	As009G218540	El007G328700
OG0005473	As009G218600	El007G328600
OG0005474	As009G218900, As010G223550	El007G328220
OG0005475	As009G220040	El007G333180
OG0005476	As010G220650	El001G021120
OG0005477	As010G223310	El001G017390
OG0005478	As010G223900, As010G227850	El001G016460
OG0005479	As010G224970	El001G014770, El001G014780
OG0005480	As010G227370	El001G060160
OG0005481	As010G227770	El004G218160
OG0005482	As010G230120	El005G242370
OG0005483	As010G230890	El007G355800
OG0005484	As010G231250	El004G219450
OG0005485	As010G232340	El004G220360
OG0005486	As010G232680	El004G220770
OG0005487	As010G233660	El004G222410
OG0005488	As010G234000	El004G222960
OG0005489	As010G234410	El004G223450
OG0005490	As010G235270	El004G231500
OG0005491	As010G235360	El004G231370
OG0005492	As010G236640	El004G229790
OG0005493	As010G236980	El002G105260
OG0005494	As010G237580	El004G228700
OG0005495	As010G237980	El004G228140
OG0005496	As010G238020	El004G228080
OG0005497	As010G238170	El004G227980
OG0005498	As010G239260	El004G226780
OG0005499	As010G239280	El004G226760
OG0005500	As010G239620	El004G226300
OG0005501	As010G239980	El001G052850
OG0005502	As010G240960	El004G224920
OG0005503	As010G241410	El004G224400
OG0005504	As010G241690	El004G231850
OG0005505	As010G243330	El004G233480
OG0005506	As010G243530	El004G233780
OG0005507	As010G243800	El004G234090
OG0005508	As011G244660, As012G267750	El005G248570
OG0005509	As011G245180	El005G249250
OG0005510	As011G247140	El005G251430
OG0005511	As011G247560	El005G251940
OG0005512	As011G247600	El005G251990
OG0005513	As011G248560	El005G253130
OG0005514	As011G248700	El005G253250
OG0005515	As011G248780	El005G253310
OG0005516	As012G274680, As011G248860	El003G172160
OG0005517	As011G249180	El005G253870
OG0005518	As011G249590	El005G254430
OG0005520	As011G250780	El005G256010
OG0005521	As011G250870	El005G256080
OG0005522	As011G250990	El005G256270
OG0005523	As011G251240, As011G257370	El005G256570
OG0005524	As011G251620	El005G257050
OG0005525	As011G252560	El005G258040
OG0005526	As011G252910	El005G258510
OG0005527	As011G254490	El005G261380, El005G261410
OG0005529	As011G262000, As011G262680	El005G271460
OG0005530	As011G262240	El003G148950, El005G272280
OG0005531	As011G263780	El005G274190
OG0005532	As011G263890	El005G274340
OG0005533	As011G264950	El005G275620
OG0005534	As011G265510	El005G276350
OG0005535	As011G266540	El005G278350
OG0005536	As012G268750	El002G140270
OG0005537	As012G269120	El002G139800
OG0005538	As012G269130	El002G139790
OG0005539	As012G269280	El002G139650
OG0005540	As012G269570	El002G139280
OG0005541	As012G269860	El002G138390
OG0005542	As012G272150	El002G134670
OG0005543	As012G272990	El002G133310
OG0005544	As012G273870	El002G131800
OG0005545	As012G273980	El002G131520
OG0005546	As012G277470	El001G024370
OG0005547	As012G278040	El001G024690
OG0005548	As012G279160	El001G021950
OG0005549	As012G279470	El001G021860
OG0005550	As012G283980	El001G028890
OG0005551	As012G284120	El001G029090
OG0005552	As012G284430	El001G029550
OG0005553	As012G284600	El001G029750
OG0005554	As012G286950	El001G032700
OG0005555	As012G288020	El001G034340
OG0005556	As012G288420	El001G034810
OG0005557	As012G288720	El001G035180
OG0005592	As001G000970	El003G154570
OG0005593	As001G002110	El003G152990
OG0005594	As006G136630, As001G002230	El002G091210
OG0005595	As001G002670	El003G152390
OG0005596	As001G002890	El003G152240
OG0005597	As001G002940	El003G152230
OG0005598	As001G003080	El003G152100
OG0005600	As001G003530	El003G151660
OG0005601	As001G003860	El003G151390
OG0005602	As001G004790	El003G150550
OG0005603	As001G005240	El003G150200
OG0005604	As006G131940, As001G005600	El003G149700
OG0005605	As001G005830	El003G149810
OG0005606	As001G012120	El003G148960
OG0005607	As001G013590	El003G148430
OG0005608	As001G015710	El001G058430
OG0005609	As004G079180, As001G016190	El006G295490
OG0005610	As001G018030	El003G171150
OG0005611	As008G188180, As001G019310	El004G205820
OG0005612	As001G019680	El001G069010, El001G068970
OG0005613	As001G021190	El004G200280
OG0005614	As001G021890	El004G199160
OG0005615	As001G022220	El001G036000
OG0005616	As001G023370	El001G037260
OG0005617	As001G023570	El001G037730
OG0005618	As001G024320	El001G038840
OG0005619	As008G183820, As001G024480	El002G131250, El002G097240, El003G190190, El003G190230, El003G190280
OG0005621	As001G024560	El001G039050
OG0005622	As001G025080	El001G040290
OG0005623	As001G025110	El001G040350
OG0005624	As001G025980	El001G041780
OG0005625	As001G026930	El001G043150
OG0005626	As004G078310, As001G027760	El001G045140
OG0005627	As001G027810	El001G045370
OG0005628	As001G028350	El004G217200
OG0005629	As004G076910	El003G183920
OG0005630	As004G098390	El003G193560
OG0005631	As001G031070	El004G195440
OG0005632	As001G031180, As009G201530	El001G065630
OG0005633	As008G184530, As001G031460	El004G196340
OG0005634	As001G031680	El004G197000
OG0005635	As002G032560	El003G158580
OG0005637	As002G033850	El006G288900
OG0005638	As002G034410	El005G244750
OG0005638	As005G107710	El001G080240, El001G024060
OG0005639	As002G034720, As005G108070	El005G244960
OG0005640	As002G035100	El005G245220
OG0005641	As002G038610	El005G248010
OG0005642	As002G043760	El007G341940
OG0005644	As002G044970	El007G340170
OG0005645	As002G046580	El007G337570
OG0005646	As002G047000	El001G057230, El004G206850
OG0005647	As006G134300, As002G047690	El007G336200
OG0005648	As002G047990	El007G335890
OG0005649	As002G048200	El007G335440
OG0005650	As002G048770	El007G334740
OG0005651	As002G049090	El007G334320
OG0005652	As002G049520	El007G333740, El007G333730
OG0005653	As002G049860	El007G333490
OG0005654	As002G050000	El007G351670
OG0005655	As002G050360	El001G068410
OG0005656	As002G050400	El001G068450
OG0005657	As002G050640	El001G068730
OG0005659	As002G051500	El001G069820
OG0005660	As002G051530	El001G069850
OG0005661	As002G051570	El001G069900, El001G052170
OG0005662	As002G051910	El001G070340
OG0005663	As002G053900	El001G072700
OG0005664	As002G054020	El001G072830
OG0005665	As002G054720	El001G073650
OG0005666	As003G055610	El003G169900
OG0005667	As003G055790	El003G169550
OG0005668	As004G089530, As003G056060	El007G365910
OG0005669	As003G057730	El003G166710
OG0005670	As003G057810	El003G166560
OG0005672	As003G058080, As004G087440	El003G166030
OG0005673	As003G059120	El003G164830
OG0005674	As003G060330	El003G163380
OG0005675	As003G060650	El003G162810
OG0005676	As003G060780	El003G162710
OG0005678	As003G063370	El002G122940
OG0005680	As003G068930	El002G113960
OG0005681	As003G069990	El002G115350, El002G115340
OG0005682	As003G070090	El002G115600
OG0005683	As003G071570	El002G117650
OG0005684	As003G072040	El003G146480
OG0005685	As003G072410	El003G146020
OG0005686	As003G072600	El003G145790
OG0005687	As003G073130	El003G145260
OG0005688	As003G073860, As007G179770	El006G318980
OG0005689	As003G074090	El003G144300
OG0005691	As003G074760	El003G143570
OG0005693	As003G075440	El003G142920
OG0005694	As003G075450	El003G142910
OG0005695	As004G077720	El003G187160
OG0005696	As004G079390	El001G006610
OG0005697	As004G079740	El006G295850
OG0005698	As004G081030	El006G296950
OG0005699	As004G081880	El007G358640
OG0005700	As004G081900	El001G068740
OG0005701	As004G081910	El007G358600
OG0005702	As011G261400, As004G082260	El007G357920
OG0005703	As004G085090	El001G006350
OG0005704	As004G085370	El001G005960
OG0005705	As004G087970, As004G087950	El007G363600, El007G363430, El007G363780
OG0005706	As004G087960	El007G363590, El007G363560
OG0005707	As004G088580	El007G364430
OG0005708	As004G088860, As004G088830	El007G364970, El007G364980
OG0005709	As004G089100	El007G365540
OG0005710	As004G090190	El007G366720
OG0005711	As004G090210	El007G366730
OG0005712	As004G090660	El007G366860
OG0005713	As004G090690	El007G366820
OG0005714	As004G092450	El003G183520
OG0005715	As004G094330	El003G177540
OG0005716	As004G095850	El003G174410
OG0005717	As004G096500	El005G259890
OG0005718	As005G099150	El006G280090
OG0005719	As005G099460	El006G280360
OG0005720	As005G099650	El006G280580
OG0005721	As005G100240	El006G281120
OG0005722	As005G100400	El001G026350, El001G034080
OG0005723	As005G100500	El006G281450
OG0005724	As005G100700, As012G287700	El001G033840
OG0005725	As005G101370	El006G282650
OG0005726	As012G287060, As005G101510	El001G032930
OG0005727	As005G101650	El006G313860, El006G282230, El005G247470, El006G282930, El006G282310
OG0005728	As005G102170	El006G283520
OG0005729	As005G102280	El006G283660
OG0005729	As012G286250	El001G032040
OG0005730	As005G102520	El006G284020
OG0005731	As005G102890	El006G284400
OG0005732	As005G102920	El006G284440, El006G284430
OG0005733	As005G103870	El006G285400
OG0005734	As005G104020	El006G285550
OG0005735	As005G104870	El006G286570
OG0005736	As005G106100	El006G287850
OG0005737	As005G107140	El001G081060
OG0005738	As005G107360	El001G080840
OG0005739	As005G109570	El001G051570
OG0005740	As005G109650	El001G051560, El001G051580
OG0005741	As005G109720	El006G313050
OG0005742	As005G110700	El001G060400
OG0005744	As010G227100, As005G112230	El001G059300
OG0005745	As005G112270	El001G059260
OG0005746	As005G113210	El001G058310, El001G058300
OG0005747	As005G113420	El001G058040
OG0005748	As005G113530	El001G057810, El001G057820
OG0005749	As005G114100	El007G330300
OG0005750	As005G114350	El007G330610
OG0005751	As005G115900	El007G332410
OG0005752	As005G116790	El007G326700
OG0005753	As005G116850	El007G326660
OG0005754	As005G117610	El007G325800
OG0005755	As005G117720	El007G325710
OG0005756	As005G118270	El007G325080
OG0005757	As005G119990	El007G322830
OG0005758	As005G120170	El007G322650
OG0005759	As006G121240	El001G000820
OG0005760	As006G121530	El001G000550
OG0005761	As006G121710, As006G121870	El001G000930, El001G001000
OG0005762	As006G121920	El001G001060
OG0005763	As006G122470	El001G001760
OG0005764	As006G123560	El001G003340
OG0005765	As006G124020	El001G003950
OG0005766	As006G124130	El001G004110
OG0005767	As006G124260	El007G360410
OG0005768	As006G124290	El007G360360
OG0005770	As006G124500	El007G360080
OG0005771	As006G125230	El006G298470
OG0005772	As006G125240	El006G298480
OG0005773	As006G125800	El006G299390
OG0005774	As006G126490	El006G300280
OG0005775	As006G128310	El006G302570
OG0005776	As006G128500	El006G302860
OG0005777	As012G269220, As006G129360	El006G304460
OG0005778	As006G129460	El006G300850
OG0005779	As006G130120	El006G305800
OG0005781	As006G130710	El006G307550
OG0005782	As006G131560	El003G149420
OG0005783	As006G131600	El001G024340
OG0005784	As009G199830, As006G133520	El001G067590
OG0005785	As006G134900	El005G236020
OG0005786	As006G135270	El005G236440, El004G212660
OG0005787	As006G135360	El005G236510
OG0005788	As006G135410	El005G236570
OG0005789	As006G136390	El005G237650
OG0005790	As006G139310	El005G240900
OG0005791	As006G140230	El005G241850
OG0005792	As006G140370	El005G242030
OG0005793	As006G140430	El005G242090
OG0005794	As006G140500	El005G242160
OG0005795	As006G141280	El005G242900
OG0005796	As006G141300	El004G199480, El003G177380
OG0005797	As006G141540	El005G243260, El007G352500
OG0005798	As006G141920	El005G243650
OG0005799	As006G142460	El006G289120, El007G331510
OG0005800	As006G142780	El006G289470
OG0005801	As006G143030	El006G292860
OG0005802	As006G143590	El006G290480
OG0005803	As006G145440	El006G293650
OG0005804	As006G146090	El001G024150
OG0005805	As006G146130	El006G293070
OG0005806	As006G146600	El006G292690
OG0005807	As006G146740	El006G292590
OG0005808	As006G147110	El006G291940
OG0005809	As006G147130	El006G291520
OG0005810	As006G147400	El006G291620
OG0005811	As006G148400	El006G291720
OG0005812	As007G151980	El002G099420
OG0005813	As007G152850	El002G100360
OG0005814	As007G152900, As007G162490	El002G100410, El002G090620
OG0005815	As007G153110	El002G100640
OG0005816	As007G153210	El002G100770
OG0005817	As007G153560	El002G101210
OG0005818	As007G154250, As010G240610	El004G225210
OG0005819	As007G154280, As007G177410	El002G101940
OG0005820	As007G155920	El002G103920
OG0005821	As007G156600	El002G104780
OG0005822	As007G156720	El002G104980
OG0005823	As007G157840	El002G106300
OG0005824	As007G158530	El002G107560
OG0005825	As007G159610	El002G108790
OG0005826	As007G159750	El002G109210
OG0005827	As007G159900	El007G343040, El002G109400
OG0005828	As009G200310, As007G162190	El001G067480
OG0005829	As007G162370	El002G113210
OG0005830	As007G162630	El002G113090
OG0005831	As007G162920	El003G160310
OG0005832	As007G163340	El006G313960
OG0005833	As007G163990	El003G159730
OG0005834	As007G164230	El003G159620
OG0005835	As007G164670	El003G159260, El001G010630
OG0005836	As007G178540	El006G317580
OG0005838	As008G182380	El002G099130
OG0005839	As008G182710	El002G098750
OG0005840	As008G183450	El002G097810
OG0005841	As008G184040	El002G097020
OG0005842	As008G184480	El002G096400
OG0005843	As008G184600	El002G096220
OG0005844	As008G184720	El002G095990
OG0005845	As008G185090	El002G095740
OG0005846	As008G185210	El002G095580
OG0005847	As008G185500	El002G095260
OG0005848	As008G185770	El002G094960
OG0005849	As008G186170	El002G094550
OG0005850	As008G186180	El002G094540
OG0005853	As008G187720	El002G092940
OG0005854	As008G188170	El002G092410
OG0005855	As008G188460	El002G092090
OG0005856	As008G190000	El002G091380
OG0005857	As008G190730	El002G091110
OG0005858	As008G191080	El002G090660
OG0005859	As008G191910	El002G090350
OG0005860	As008G192550	El002G090090
OG0005861	As008G193070	El002G089530
OG0005862	As008G195890	El002G086750
OG0005863	As008G195900	El002G086730
OG0005864	As008G195940	El002G086690, El002G139910
OG0005865	As008G197460	El002G084840
OG0005866	As008G197980	El002G084110
OG0005867	As008G198380	El002G083830
OG0005868	As008G199050	El002G083060
OG0005870	As009G200040	El001G067140
OG0005871	As009G200270	El001G067430
OG0005872	As009G200830	El001G066350
OG0005873	As009G200900	El001G065750
OG0005874	As009G201810	El001G065370
OG0005875	As009G203450	El001G063420
OG0005876	As009G204330	El001G062210
OG0005877	As009G205000	El001G061280
OG0005878	As009G206730	El001G049050
OG0005879	As009G207310	El002G128330, El001G047520
OG0005880	As009G207380	El007G345340
OG0005881	As009G207620	El007G345520
OG0005882	As009G207830	El007G346520
OG0005883	As009G208760	El002G112850, El007G347460
OG0005884	As009G209480	El001G067920
OG0005885	As009G213290	El001G076870
OG0005886	As009G215000, As009G214990	El001G052350
OG0005887	As009G215730	El001G054380
OG0005888	As009G216730	El008G369170, El008G368420, El008G368410, El001G056120
OG0005889	As009G217700	El007G329900
OG0005890	As009G218040	El007G329390
OG0005891	As009G218670	El007G328500
OG0005892	As010G223620	El001G016800
OG0005893	As009G219200	El007G327830
OG0005894	As009G219650	El007G332730
OG0005895	As009G219700	El007G332770
OG0005896	As009G219780	El007G332870
OG0005897	As009G219840	El007G332950
OG0005898	As009G219950	El007G333060
OG0005899	As009G219960	El005G246410
OG0005900	As009G220150	El007G333310
OG0005901	As010G220240	El001G021730
OG0005902	As010G221040	El001G020510
OG0005903	As010G222080	El001G019120
OG0005904	As010G223050	El001G017680
OG0005905	As010G224660	El001G015490
OG0005906	As010G226820	El001G012410, El001G051740
OG0005907	As010G231700	El004G219800
OG0005908	As010G232940	El004G221200
OG0005909	As010G234370	El004G223410, El003G189610
OG0005910	As010G234790	El004G223790
OG0005911	As010G235430	El004G231280
OG0005912	As010G236120	El004G230420
OG0005913	As010G237070	El004G229300
OG0005914	As010G237320	El004G229020
OG0005915	As010G238310	El004G227780
OG0005916	As010G238540, As010G238420	El004G227550
OG0005917	As010G238880	El004G227190
OG0005918	As010G241580	El002G101300
OG0005919	As010G242020	El004G232000
OG0005920	As010G242080	El004G232080
OG0005922	As010G243960	El004G234260
OG0005924	As011G244740	El005G248700
OG0005925	As011G245050	El005G249130
OG0005926	As011G245860	El005G249960
OG0005927	As011G246790	El005G250940
OG0005928	As011G246890	El005G251120
OG0005929	As012G270060, As011G247460	El002G138070
OG0005931	As011G249670	El005G254520
OG0005932	As011G250460	El005G255700
OG0005933	As011G250620, As011G250610	El001G010360, El004G199530, El004G199550
OG0005934	As011G251710	El005G257170
OG0005935	As011G252020	El005G257510
OG0005936	As011G252550	El005G258030
OG0005937	As011G253240	El005G259100
OG0005938	As011G254360	El005G261240
OG0005939	As011G254370	El005G261260
OG0005940	As011G254570	El005G261530
OG0005941	As011G255500	El005G265260, El005G265200
OG0005942	As011G255750	El005G265860
OG0005943	As011G255790	El005G265900
OG0005944	As011G256800	El005G268050
OG0005945	As011G261470	El005G270880
OG0005946	As011G261940, As011G261930	El003G181550
OG0005947	As011G262430	El005G272480
OG0005948	As011G263550	El005G273900
OG0005949	As011G264980	El005G275670
OG0005950	As011G265420	El005G276640
OG0005951	As011G266080	El005G277860
OG0005952	As011G266280	El005G278040
OG0005953	As011G266660	El005G278480
OG0005954	As011G266950	El005G278700
OG0005955	As012G267950	El002G141040
OG0005956	As012G268270	El002G140690
OG0005957	As012G269670	El002G138920
OG0005958	As012G270120	El002G137920, El002G137950
OG0005959	As012G270510	El002G137550
OG0005960	As012G273120	El002G132530
OG0005961	As012G273190	El002G132620
OG0005962	As012G274040	El002G131440
OG0005963	As012G274760	El003G172280
OG0005964	As012G275940	El001G022750
OG0005965	As012G278490	El001G022160
OG0005966	As012G280370	El001G025530
OG0005967	As012G282520	El001G027290
OG0005968	As012G282740	El001G027550
OG0005969	As012G283470	El001G028310
OG0005970	As012G283580	El001G028430
OG0005971	As012G284020	El001G028950
OG0005972	As012G284030	El001G028960
OG0005973	As012G285230	El001G030700
OG0005974	As012G287360	El001G033210
OG0005975	As012G287540	El001G033880, El001G033410
OG0005976	As012G287560	El001G033630
OG0005977	As012G289310	El001G035790
OG0005978	As012G289470	El001G035920
OG0006016	As011G266650, As001G000800	El003G154920
OG0006017	As011G265900, As001G001870	El005G277580
OG0006018	As001G002410	El003G152660
OG0006019	As001G002490, As007G179100	El006G318040
OG0006020	As001G002830	El003G152270
OG0006021	As001G003250	El006G305740, El002G090980
OG0006022	As001G003350	El003G151830
OG0006023	As001G003440	El003G151740
OG0006024	As007G177940, As001G003950	El006G316690, El005G263590
OG0006025	As001G005300	El002G116470
OG0006026	As001G010530	El003G149120
OG0006027	As001G010610	El003G149040
OG0006028	As001G010720	El003G149030, El001G002500
OG0006029	As011G262500, As001G012720	El005G272540
OG0006030	As001G014400	El003G147730
OG0006031	As001G014500	El003G147640
OG0006032	As001G014560	El003G147590
OG0006033	As001G015530	El007G330320
OG0006034	As011G256000, As004G079060, As001G015920	El002G118480
OG0006035	As001G016750	El002G119630
OG0006036	As001G017050	El002G119970
OG0006037	As001G017210	El002G120240
OG0006038	As001G017380	El003G170090
OG0006039	As001G018050	El003G171170
OG0006040	As001G018690	El004G209560, El004G209570
OG0006041	As001G019590	El004G204730
OG0006042	As001G020610	El004G201350, El004G213970
OG0006043	As001G020800	El004G201110
OG0006044	As008G186780, As001G021070	El002G093840
OG0006045	As001G022260	El001G036040
OG0006046	As001G022450, As011G261420	El005G270810
OG0006047	As001G022570	El001G036300
OG0006048	As010G233710	El003G175610, El003G175490, El003G175410
OG0006048	As001G022680	El001G036410
OG0006049	As001G023240	El001G037060
OG0006050	As001G023340	El004G223290
OG0006051	As001G023620	El001G037800
OG0006052	As001G024020	El001G038440
OG0006053	As001G024400	El001G038960
OG0006054	As008G184340, As001G025380, As001G024700	El002G096560
OG0006055	As001G024950	El001G040060
OG0006056	As001G025480	El001G040970
OG0006057	As001G025960	El001G041750
OG0006058	As001G026140	El001G042020
OG0006059	As001G026290	El001G042260
OG0006060	As001G026340	El001G042300
OG0006061	As001G026850	El001G043030
OG0006062	As001G026880	El001G043050
OG0006063	As001G026980	El001G043430
OG0006064	As001G027190	El001G043960
OG0006065	As001G027530	El001G044470
OG0006066	As001G027580	El001G044570
OG0006067	As001G028060	El001G046170
OG0006068	As001G028660	El004G216240
OG0006069	As001G029160	El004G214910
OG0006071	As001G030460	El004G194070
OG0006072	As001G030480	El004G194100
OG0006073	As001G031210	El004G195730
OG0006074	As001G031350	El004G195990
OG0006075	As001G031690	El004G197040
OG0006076	As002G033100, As012G283520	El006G288100
OG0006077	As002G033280	El006G288300
OG0006078	As002G034220	El005G244510
OG0006079	As002G035610	El005G245720
OG0006080	As002G036510	El005G246340
OG0006081	As002G037500, As009G212250	El001G075560
OG0006082	As002G039070	El005G248260
OG0006084	As002G042230	El007G343920
OG0006085	As002G043110	El007G342940
OG0006086	As002G043640	El007G342070
OG0006088	As002G045030	El007G340330
OG0006089	As002G045040	El003G156170
OG0006090	As002G045330	El007G339480
OG0006091	As002G045370	El001G036020
OG0006092	As002G045410	El007G339020, El007G338990
OG0006093	As002G046040	El007G338310
OG0006094	As002G046310, As007G179400	El007G337880
OG0006095	As002G046410	El007G337730
OG0006096	As002G046470	El007G337680
OG0006097	As002G046880	El007G337220
OG0006098	As002G047480	El007G336400
OG0006099	As002G048490	El007G335150
OG0006100	As002G049200	El007G334150
OG0006101	As002G049280	El007G333990
OG0006102	As002G049500	El002G099510
OG0006103	As002G049660, As002G049690	El007G333560
OG0006104	As002G049740, As008G183560	El002G097450
OG0006106	As002G050840	El001G069040, El001G069020
OG0006107	As002G050890	El001G069130
OG0006108	As002G051780	El001G070160
OG0006109	As002G052970	El001G071670
OG0006110	As002G053180	El001G071890
OG0006111	As002G053730	El001G072480
OG0006112	As002G054150	El001G072990
OG0006113	As002G054520	El001G073410
OG0006114	As002G054740	El001G073680
OG0006115	As002G054770	El001G073710
OG0006116	As002G055100	El001G074100
OG0006117	As009G218510, As002G055470	El007G328750
OG0006118	As003G055680	El003G169780
OG0006119	As003G055930	El003G169380
OG0006120	As003G056280	El003G168920
OG0006121	As003G056330	El003G168860
OG0006122	As003G056760	El003G168210
OG0006123	As003G056850	El003G168130
OG0006124	As003G057020	El003G167950
OG0006125	As003G057850	El003G166400
OG0006126	As003G058490	El006G308650
OG0006127	As003G058520	El003G165510
OG0006128	As003G059050	El003G164920
OG0006129	As003G059250, As004G086200	El003G164750
OG0006130	As003G059660	El003G164320
OG0006131	As003G060000	El003G163710
OG0006134	As003G061440	El003G161750
OG0006135	As003G061720	El003G161410
OG0006136	As003G061900	El003G161160
OG0006137	As003G062120	El003G160790
OG0006138	As004G083970	El001G008220
OG0006139	As003G063130	El002G122190
OG0006140	As003G064410, As006G137780	El002G128270
OG0006141	As003G064700	El002G127520
OG0006143	As005G103240, As003G066770	El006G284850
OG0006144	As003G067360	El002G113480
OG0006145	As003G067510	El002G113670
OG0006146	As003G068060	El002G129090
OG0006147	As003G069030	El002G114150
OG0006148	As003G069050	El002G114170
OG0006149	As003G069820	El002G115060
OG0006150	As003G069910	El002G115180
OG0006151	As003G069940	El002G115230
OG0006152	As003G069980	El002G115330
OG0006153	As003G070640, As012G275280	El002G116170
OG0006154	As003G070720	El002G116410, El002G116390
OG0006155	As003G070880	El002G116680
OG0006156	As003G070970	El002G116740
OG0006157	As003G072050	El003G146470
OG0006158	As003G072920	El003G145470
OG0006159	As003G073290	El003G145120
OG0006160	As003G073630	El003G144710, El001G045610
OG0006161	As003G074690	El003G143640, El006G319930
OG0006162	As007G180710	El003G142770
OG0006163	As003G076200	El007G339920
OG0006164	As004G077250	El003G185580, El003G180900, El002G115390
OG0006165	As004G077820	El003G187520
OG0006166	As004G077920	El003G188070
OG0006167	As004G078960	El005G240200
OG0006168	As004G079000	El002G118450
OG0006169	As004G079160	El002G118900
OG0006170	As004G079790, As004G079800	El006G294730
OG0006171	As004G080090	El001G009850, El001G009860
OG0006172	As004G080690, As004G080700	El001G011110
OG0006173	As004G081290	El006G297800
OG0006174	As004G081440	El006G297990
OG0006175	As004G082710	El007G356550, El007G356540
OG0006176	As004G083230	El001G009550
OG0006177	As004G083640	El001G009030
OG0006178	As004G083920, As004G083880	El001G008270, El001G006650, El001G006480
OG0006179	As004G084590	El001G007460
OG0006180	As004G084710	El001G007130
OG0006181	As004G084760	El006G313080, El006G313120
OG0006182	As004G085020	El001G006490, El001G006660
OG0006184	As004G085650	El001G005580
OG0006185	As004G085730	El001G005370
OG0006186	As004G086120	El007G364400, El001G004880
OG0006187	As004G087630	El005G261910, El007G362560
OG0006188	As004G087820	El007G363280
OG0006189	As004G088730	El007G364500
OG0006190	As004G088740	El007G364490
OG0006191	As004G088960	El050G375490, El007G365150, El007G365060
OG0006192	As004G090100	El007G366990
OG0006193	As004G091670	El003G182700
OG0006194	As004G093270	El001G005440, El004G201730
OG0006195	As004G093390, As004G093370, As004G093350	El001G046010, El003G179180
OG0006196	As011G256520, As004G094030	El003G177760
OG0006197	As004G094600	El003G176710
OG0006198	As004G095440, As004G095450	El003G175130
OG0006199	As004G095490	El003G175090
OG0006200	As004G096190	El003G173810
OG0006201	As004G096700	El003G172560
OG0006202	As004G097880	El003G192440
OG0006203	As004G098030	El005G270740, El003G192750
OG0006204	As005G100090	El006G280960
OG0006205	As005G100220	El006G281100
OG0006206	As005G100250	El006G281130
OG0006207	As005G100410	El006G281290
OG0006208	As005G100480	El006G281380
OG0006209	As005G100550, As012G287720	El001G033860
OG0006210	As005G100900	El006G316140, El006G281920
OG0006211	As005G101720	El006G283010
OG0006212	As005G101790	El006G283080
OG0006213	As005G102060	El006G283410
OG0006214	As005G102160	El006G283510
OG0006215	As005G102390	El006G283900
OG0006216	As005G103430	El001G031350
OG0006217	As005G103550	El006G285100
OG0006218	As005G104050	El006G285530
OG0006219	As005G104770	El006G286430
OG0006220	As005G105330	El001G029030
OG0006221	As012G283820, As005G106020	El001G028740
OG0006222	As005G106040	El006G287840
OG0006223	As005G106650	El001G081570
OG0006224	As005G107420	El001G080780
OG0006225	As005G107900	El001G080090
OG0006226	As005G107920	El001G067880
OG0006227	As005G108440	El001G079160
OG0006228	As005G109010	El001G078590
OG0006229	As005G110670	El001G060370
OG0006230	As005G111880	El001G059520
OG0006231	As005G112080	El001G059390
OG0006232	As005G113000	El001G058630
OG0006234	As005G113180	El001G058420
OG0006236	As005G114480	El007G330750
OG0006237	As005G115190, As010G224500	El001G015790
OG0006238	As005G115340	El007G332090
OG0006239	As005G115950	El007G332470
OG0006240	As005G116030	El007G327460
OG0006241	As005G116430	El007G327030
OG0006242	As005G116480	El007G327000
OG0006243	As005G116910	El007G326570
OG0006244	As005G117160, As005G117150	El005G273430, El004G232810
OG0006245	As005G117690	El007G325730
OG0006246	As005G117730	El007G325700
OG0006247	As005G118430	El007G324850
OG0006248	As005G118550	El007G324650
OG0006249	As005G118620	El007G324580
OG0006250	As005G118690	El007G324470
OG0006251	As005G120150	El007G322670
OG0006252	As005G120480	El001G040300
OG0006253	As006G121170	El001G000280
OG0006254	As006G121810, As006G121790	El001G000970
OG0006255	As006G122420	El001G001690
OG0006256	As006G122790	El001G002190
OG0006257	As006G123170	El001G002880
OG0006258	As006G123390	El001G003130
OG0006260	As006G123430	El001G003190
OG0006261	As006G124620	El007G359890
OG0006263	As006G125470	El006G298900
OG0006264	As008G195460, As006G126050	El006G299080
OG0006265	As006G126160	El006G299820
OG0006266	As006G126900	El006G300470
OG0006267	As006G126980, As006G126970, As006G126990	El006G300600
OG0006268	As006G127500	El006G301320
OG0006269	As006G127630	El006G301500
OG0006270	As006G128120	El006G302280
OG0006271	As006G128680	El006G303160
OG0006272	As006G128690	El006G303170
OG0006273	As006G128790	El006G303340
OG0006274	As006G128800	El006G303350
OG0006275	As006G129810	El006G305110
OG0006276	As006G130310	El006G306240
OG0006277	As006G132370, As006G132360	El003G156840
OG0006278	As006G132790	El005G235620
OG0006279	As006G133660	El001G082300
OG0006280	As006G133710	El005G243660
OG0006281	As006G133930	El001G082160
OG0006282	As006G134240	El003G157910, El003G157900
OG0006283	As006G134840	El005G235960
OG0006284	As006G135000	El005G236120
OG0006285	As006G135280	El001G065610
OG0006286	As006G136430	El005G237690
OG0006287	As006G136590	El005G237870, El005G237860
OG0006288	As006G136830	El005G238150
OG0006289	As006G137140	El005G238420
OG0006290	As006G137550	El005G238910
OG0006291	As006G138900	El005G240270
OG0006293	As006G140760	El005G242330
OG0006294	As006G140990	El005G242530
OG0006295	As006G142370	El006G289080
OG0006296	As006G142380	El006G289090
OG0006297	As006G143290	El006G290070, El006G306370
OG0006298	As006G143490	El006G290300
OG0006299	As006G143970	El006G290920
OG0006300	As006G144330	El006G291370
OG0006301	As006G144460	El006G295030
OG0006302	As006G144890, As012G276300	El006G294510
OG0006303	As006G145100	El006G294230, El006G294220
OG0006304	As012G277370	El001G024270
OG0006305	As009G212840, As006G146330	El006G292820
OG0006306	As006G146810	El006G292520
OG0006307	As006G148450	El006G291810
OG0006308	As007G152290	El002G099890
OG0006309	As007G152680	El002G100190
OG0006310	As007G153040	El002G100550
OG0006311	As007G153050	El002G100560
OG0006312	As007G153230	El002G100790
OG0006313	As007G153390	El002G101000
OG0006314	As007G153520	El002G101180
OG0006315	As007G154140, As007G154410	El002G101850
OG0006316	As007G154500	El002G102420
OG0006317	As007G154640	El002G102290
OG0006318	As007G155530	El002G103390
OG0006319	As007G156450	El002G104590
OG0006320	As007G156560	El002G104710, El003G177420
OG0006321	As010G237190, As007G156700	El004G229150
OG0006322	As007G156810, As010G237110	El002G105100
OG0006323	As007G156860	El002G105180
OG0006324	As007G157570	El004G220020
OG0006325	As007G158930	El002G107980
OG0006326	As007G160600	El002G111340
OG0006327	As007G160720	El002G111210
OG0006328	As007G162000	El004G217940
OG0006329	As007G162160	El002G112890
OG0006330	As007G162380	El002G113200
OG0006331	As007G162410	El002G113170
OG0006332	As007G162650	El002G113110
OG0006333	As007G162710	El003G160560
OG0006334	As007G162720	El003G160550
OG0006335	As007G163100	El003G160100
OG0006336	As007G163620	El005G276130, El005G275810, El005G275850, El005G276000, El003G159830
OG0006337	As007G164640	El003G159340
OG0006338	As007G179690	El001G044080
OG0006339	As007G180340	El006G319870
OG0006340	As007G181080, As007G181720, As007G181380	El006G321270
OG0006342	As008G182600	El002G098880
OG0006343	As010G233450, As008G182630	El002G098860
OG0006344	As008G183000	El002G098350
OG0006345	As010G239020, As008G183030	El004G227050
OG0006346	As008G184660	El002G096070
OG0006347	As008G184750	El002G095950
OG0006348	As008G185660	El007G349620
OG0006349	As008G186210	El002G094490, El003G178530
OG0006350	As008G187010	El002G090780
OG0006351	As008G187590	El002G092830
OG0006352	As008G187880	El002G093110
OG0006353	As008G189270	El002G091650
OG0006354	As008G191050	El002G091100
OG0006355	As008G192640	El003G181880, El002G090500
OG0006356	As008G193000	El002G089680
OG0006357	As008G193180	El002G089410
OG0006358	As008G193260	El002G089240
OG0006359	As008G193360	El001G021510
OG0006360	As008G193890, As008G193900	El002G088650
OG0006361	As008G194010	El002G088560
OG0006363	As008G196560	El002G085910
OG0006364	As008G197180	El002G085160
OG0006365	As008G197200	El002G085190, El004G202030
OG0006366	As008G197900	El002G084250
OG0006367	As008G198210	El002G083960
OG0006368	As009G200220	El001G067360
OG0006369	As009G200790	El001G066390
OG0006370	As009G201250	El001G066130
OG0006371	As009G201410	El001G066290
OG0006372	As009G202250	El001G064980
OG0006373	As009G202780	El001G064130
OG0006374	As009G203490	El001G063310
OG0006375	As010G228010, As009G203520	El004G218100
OG0006376	As009G203630	El001G063170
OG0006377	As009G203760	El001G062980
OG0006378	As009G204460	El001G062060
OG0006379	As009G209250	El007G348990
OG0006380	As012G275740	El001G022550
OG0006381	As009G211760	El001G075220
OG0006382	As009G212580	El001G076050
OG0006383	As009G212610	El001G076100
OG0006384	As009G212720	El001G076230
OG0006385	As009G214490	El001G000330
OG0006386	As009G215270	El001G052650
OG0006387	As009G215350	El001G052980
OG0006388	As009G215970	El001G025540
OG0006389	As009G216260	El001G055300
OG0006390	As009G216410	El001G055700
OG0006391	As009G216650	El003G175460, El003G175510
OG0006392	As009G216790	El001G056170
OG0006393	As009G216840	El001G056200, El005G262400
OG0006394	As009G217730	El007G329850
OG0006395	As009G218220	El007G329160
OG0006396	As009G218480	El007G328790
OG0006397	As009G218620	El007G328580
OG0006398	As009G218710	El007G328450
OG0006399	As009G218820	El007G328350
OG0006400	As009G219050	El007G328040
OG0006401	As009G219210	El007G327810
OG0006402	As009G219220	El007G327800
OG0006403	As009G219630	El007G332710
OG0006404	As009G219980	El007G333090
OG0006405	As010G220440	El001G021390
OG0006406	As010G220490	El001G021330
OG0006407	As010G220540	El001G021270
OG0006408	As010G221460	El001G019720
OG0006409	As010G222440	El001G018430
OG0006410	As010G223260	El001G017470
OG0006411	As010G225240	El001G014380
OG0006412	As010G225310	El004G219170
OG0006413	As010G225700	El001G013850
OG0006414	As010G227660	El004G218220
OG0006415	As010G227860	El002G112650
OG0006416	As010G228720	El004G218270
OG0006417	As010G231690	El004G219770
OG0006418	As010G232090	El004G220190
OG0006419	As010G232690	El004G220780
OG0006420	As010G232840	El004G221050
OG0006421	As010G233000	El004G221300
OG0006422	As010G233440	El002G098850
OG0006423	As010G234320	El004G223330
OG0006424	As010G234760	El004G223740
OG0006425	As010G234850	El004G223880
OG0006426	As010G235020	El001G071300
OG0006427	As010G235090	El004G224140
OG0006428	As010G235280	El004G231490
OG0006429	As010G235680	El004G230870
OG0006430	As010G235710	El004G230810
OG0006431	As010G236280	El004G230200, El002G102570
OG0006432	As010G237930	El004G228180
OG0006433	As010G238220	El004G227900
OG0006434	As010G238720	El004G227360
OG0006435	As010G239820	El004G226110
OG0006436	As010G240500	El004G225330
OG0006437	As010G241220	El004G224620
OG0006438	As010G242400	El004G232470
OG0006439	As010G242540	El004G232640
OG0006440	As010G242760	El004G232890, El008G369670
OG0006441	As010G243550	El004G233800
OG0006442	As011G244710	El005G248660
OG0006443	As011G246180	El005G250280, El005G250170
OG0006444	As012G269830, As011G247090	El002G138340
OG0006445	As011G247610	El005G252000
OG0006446	As011G247760	El005G252200
OG0006447	As011G248040	El005G252520
OG0006448	As011G248340	El005G252920
OG0006449	As011G249260	El005G253970
OG0006450	As011G249430, As012G276940	El001G019060
OG0006451	As011G249520	El005G254350
OG0006452	As011G249570	El005G254400
OG0006454	As011G249680	El005G254530
OG0006455	As011G249820	El005G254670
OG0006456	As011G249900	El005G254760
OG0006457	As011G249930, As012G273690	El005G254780
OG0006458	As011G249960	El005G254840
OG0006459	As011G250050	El005G255050
OG0006460	As011G250220	El003G173890
OG0006461	As011G250300	El005G255380
OG0006462	As011G250490	El005G255730
OG0006463	As011G250920	El005G256120
OG0006464	As011G250950	El005G256150, El005G256160, El005G256170
OG0006465	As011G251630	El005G257060
OG0006466	As011G252140	El005G257660
OG0006467	As011G252600	El005G258080
OG0006468	As011G253000, As011G252990	El005G258710
OG0006469	As011G253080	El005G258790
OG0006470	As011G253170	El005G258910
OG0006471	As011G253390	El005G259830
OG0006472	As011G254260	El005G261090
OG0006473	As011G254330	El005G261180
OG0006474	As011G254730	El005G261840
OG0006476	As011G255180	El005G264390
OG0006477	As011G255220	El005G264420
OG0006478	As011G255430	El005G265030
OG0006479	As011G256270	El005G267210, El005G265980
OG0006480	As011G258950	El005G269550
OG0006481	As011G262730	El005G272880
OG0006482	As011G264260	El005G274560
OG0006483	As011G264540	El005G275050
OG0006484	As011G264810	El005G275390
OG0006485	As011G265110	El005G277070
OG0006486	As011G265320	El005G276740
OG0006487	As011G265450	El005G276610, El005G275880
OG0006488	As011G266100	El005G277900
OG0006489	As011G266150	El005G277950
OG0006490	As011G267150	El005G278930
OG0006491	As011G267230	El005G279110
OG0006492	As012G268100	El002G140840
OG0006493	As012G268150	El006G319760, El002G140800
OG0006494	As012G268640	El002G140350
OG0006495	As012G269050	El002G139890
OG0006496	As012G269140	El002G139780
OG0006497	As012G269160	El002G139760
OG0006498	As012G269760	El002G138170
OG0006499	As012G269810	El002G138300
OG0006500	As012G270930	El002G136740
OG0006501	As012G271050	El002G138670, El002G136580
OG0006503	As012G271890	El002G135740
OG0006504	As012G272200	El002G134630
OG0006505	As012G272590	El002G134040
OG0006506	As012G272720	El002G133860
OG0006507	As012G274130	El002G131400
OG0006508	As012G274360	El003G171550
OG0006509	As012G275160	El007G343240, El006G296640
OG0006510	As012G275210	El006G296660
OG0006511	As012G275270	El006G296730
OG0006512	As012G275290	El006G296740
OG0006513	As012G275660	El001G022460
OG0006514	As012G275700	El001G022500
OG0006515	As012G280650	El001G025630
OG0006517	As012G281920, As012G281910, As012G281900	El001G026450
OG0006518	As012G282380	El001G027130, El007G355670
OG0006519	As012G282850	El001G027690
OG0006520	As012G283040	El001G027910
OG0006521	As012G283810	El001G028730
OG0006522	As012G285020	El001G030380
OG0006523	As012G286080	El006G312010, El006G311900, El001G031700
OG0006524	As012G286790	El001G032430
OG0006526	As012G287740	El001G033900
OG0006528	As012G288830, As012G288820	El001G035290
OG0006529	As012G289090	El001G035560
OG0006530	As012G289100	El001G035590
OG0006531	As012G289390	El001G035850
OG0006570	As001G000410	El003G155360
OG0006571	As001G000540	El003G155250
OG0006572	As001G000600	El003G155170
OG0006573	As001G000660	El003G155110
OG0006574	As001G001050	El003G154470
OG0006575	As001G001070	El003G154440
OG0006576	As001G001440	El003G153650
OG0006577	As001G001830	El003G153230
OG0006578	As001G002150	El007G349650
OG0006579	As001G002480	El003G152600
OG0006580	As001G003400	El003G151780
OG0006581	As001G003550	El003G151640
OG0006582	As001G003720	El003G151510
OG0006583	As001G004460	El003G150880
OG0006584	As001G004680	El003G150630
OG0006585	As001G005280	El003G150180
OG0006586	As001G006560, As007G155190	El002G102940
OG0006587	As001G006590	El003G150070
OG0006589	As001G012220	El003G148890
OG0006590	As001G012600	El003G148710
OG0006592	As001G014380	El003G147750
OG0006594	As001G014780	El005G273890, El003G147470
OG0006595	As001G014790	El003G147450
OG0006596	As001G014890	El003G147300
OG0006597	As001G015510	El003G147150
OG0006598	As001G015690	El002G118040
OG0006599	As001G016970	El002G119860
OG0006600	As001G017270	El003G169990
OG0006601	As001G017490	El003G170410
OG0006602	As001G017500	El003G170420
OG0006603	As001G017750	El003G170720
OG0006604	As001G018080	El006G295240
OG0006605	As001G018550	El007G350630, El007G352410
OG0006606	As008G188090, As001G019370	El002G092470
OG0006607	As001G020130	El004G202690
OG0006608	As001G020480	El002G093480
OG0006609	As001G021440	El004G200040
OG0006610	As008G186060	El002G094660
OG0006611	As008G186020, As001G021810	El002G094710
OG0006612	As008G185620, As001G022110	El002G095110
OG0006613	As001G022290	El002G099160
OG0006615	As001G022520	El001G036280
OG0006616	As001G022850	El001G036660
OG0006617	As001G023830	El001G038050
OG0006618	As001G024100, As008G183520	El002G097510
OG0006619	As001G024260	El002G097410
OG0006620	As001G024470	El001G039120
OG0006621	As001G024660	El001G039550
OG0006622	As001G024870	El001G039960
OG0006623	As001G025300	El001G040730
OG0006624	As001G025340	El001G040800
OG0006625	As001G025580	El001G041170
OG0006626	As001G025610	El001G041210
OG0006628	As001G025920	El001G041680
OG0006629	As001G026460	El001G042490
OG0006630	As001G026510	El001G042510
OG0006631	As001G026870	El001G043040
OG0006632	As001G027140	El001G043870
OG0006633	As001G027240	El001G044070
OG0006634	As001G027600	El001G044940
OG0006635	As002G046370, As001G028960	El007G337820
OG0006636	As001G029710	El004G211660
OG0006637	As001G029720	El004G211640
OG0006638	As001G029760	El003G190890
OG0006639	As001G029950	El004G210960, El005G277880
OG0006640	As001G029990	El007G329860
OG0006641	As001G030110	El004G203690, El004G205040
OG0006642	As001G030210	El003G193640
OG0006643	As001G030270	El003G193440
OG0006644	As001G030990	El004G195120
OG0006645	As001G031490	El004G196360
OG0006646	As001G031640	El004G196950
OG0006647	As002G033810	El006G288860
OG0006648	As002G033930	El005G244250
OG0006649	As002G033980	El005G244300, El005G247220
OG0006650	As003G071750, As003G071770, As002G034130	El003G146800
OG0006651	As002G034160	El005G244460
OG0006652	As002G034710	El005G244950
OG0006652	As005G108050	El001G079790
OG0006653	As002G035210	El005G245320
OG0006654	As002G036010	El005G245970
OG0006655	As009G214000, As002G036340	El005G246160
OG0006656	As002G036500	El005G246330
OG0006657	As002G036660	El005G246470
OG0006658	As002G036670	El005G246450
OG0006659	As002G037230	El005G246980
OG0006660	As002G037480	El005G247330
OG0006661	As002G037560	El005G247410
OG0006662	As002G037690, As002G037660	El005G247570
OG0006663	As002G038360, As002G038470	El005G247870
OG0006664	As002G038680	El005G247960
OG0006665	As002G039060	El005G248250
OG0006666	As002G040680	El007G344740
OG0006667	As002G041760	El001G060120
OG0006668	As002G042490, As007G164030	El003G159700
OG0006669	As002G042890	El007G343020
OG0006670	As002G043320	El007G342720
OG0006671	As002G044250	El007G341160
OG0006672	As002G044320, As007G164900	El007G341010
OG0006673	As002G044890	El007G340050
OG0006674	As002G044900	El007G340060
OG0006675	As002G045140	El007G339730
OG0006676	As002G045430	El007G338440
OG0006677	As002G045750	El007G338880
OG0006678	As002G046180	El007G337980
OG0006679	As002G046240	El001G004330, El007G337940, El007G338280
OG0006680	As002G046340	El007G337840
OG0006681	As002G046420	El007G337720
OG0006682	As002G046760	El007G337280
OG0006684	As002G047510	El004G208230, El007G336380
OG0006685	As002G048030	El007G335870
OG0006686	As002G048230	El007G335410
OG0006687	As002G048860	El007G334640
OG0006688	As002G048980	El007G334440
OG0006689	As002G049180	El007G334180
OG0006691	As002G050140	El007G351570
OG0006693	As002G050730	El001G068820
OG0006694	As002G050820	El001G068940
OG0006695	As002G050860	El001G069090
OG0006696	As002G052620	El001G071340
OG0006697	As005G118560, As002G052780	El001G071460
OG0006698	As002G053150	El001G071860
OG0006699	As002G053210	El001G071930
OG0006700	As002G053480	El001G072210
OG0006701	As002G053890	El007G326360
OG0006703	As002G054280	El001G073180
OG0006704	As002G054510	El001G073400
OG0006705	As002G054610	El001G073510
OG0006706	As002G054800	El001G073740
OG0006707	As002G055120	El001G074120
OG0006708	As003G055630	El003G169870
OG0006709	As003G055670	El003G169800
OG0006710	As004G079890, As003G055990	El003G169280
OG0006711	As003G056030	El003G169240
OG0006712	As003G056400	El003G168720
OG0006713	As003G056430	El003G168680
OG0006714	As003G056600	El003G168480
OG0006716	As003G057430	El003G167280
OG0006717	As003G057670	El003G166890
OG0006718	As003G057930	El003G166290
OG0006719	As003G057980	El003G166230
OG0006720	As004G087180, As003G058180	El007G361670
OG0006721	As003G058470, As004G087010	El003G165580
OG0006722	As003G058530	El003G165500
OG0006723	As003G058790	El003G169830
OG0006724	As003G059470	El003G164610
OG0006725	As003G059760	El003G164170
OG0006726	As003G059940	El003G163960
OG0006727	As003G060610	El003G162850
OG0006728	As003G061480	El003G161720
OG0006729	As003G061520	El003G161620
OG0006731	As003G061870	El003G161200
OG0006732	As003G061910	El003G161140
OG0006733	As004G084060, As003G062050	El003G160930
OG0006734	As003G062070	El003G160860
OG0006735	As003G062100	El003G160820
OG0006736	As003G062230	El003G160690
OG0006737	As003G062270	El003G160650
OG0006738	As003G062960	El002G121710
OG0006739	As003G063990	El002G124790
OG0006740	As003G064520	El002G102480
OG0006741	As003G064610	El002G127700
OG0006742	As003G064760	El007G354930, El002G127350
OG0006743	As003G065070	El002G099290
OG0006744	As003G065480	El002G130290
OG0006745	As003G065830	El002G129410
OG0006746	As003G066870	El002G113540
OG0006747	As003G067040, As008G191580	El002G090220
OG0006748	As003G067370	El003G160590
OG0006749	As004G082010, As003G067930	El002G113340
OG0006750	As003G068020, As004G082250	El002G129060
OG0006751	As003G068280	El002G113410
OG0006752	As003G068710, As011G266700	El005G278500
OG0006753	As003G069180	El002G114320
OG0006754	As003G069720	El002G114970
OG0006755	As003G069780	El002G114990
OG0006756	As003G069810	El002G115050
OG0006757	As003G069950	El002G115240
OG0006758	As003G070240	El002G115790
OG0006759	As003G070660	El002G116190
OG0006760	As003G070850	El002G116580
OG0006761	As012G275100, As003G071050	El002G116770
OG0006762	As003G071270	El002G117370
OG0006763	As003G071560	El002G117640
OG0006764	As003G072010	El003G146530
OG0006765	As003G072480	El003G145950
OG0006766	As003G072800	El003G145600
OG0006767	As003G072930	El003G145460
OG0006768	As003G073330	El003G145040
OG0006769	As003G073410	El003G144960
OG0006770	As003G073900	El003G144580
OG0006771	As003G073960	El003G144630
OG0006772	As003G074150, As003G074170, As003G074160	El003G144220
OG0006773	As003G074380, As007G180110	El001G048120
OG0006774	As007G180490	El006G320220
OG0006775	As007G181790, As003G075940	El006G321390
OG0006776	As003G075980, As007G181820, As007G181830	El003G142350
OG0006777	As003G076210	El003G142080
OG0006778	As003G076560	El003G141910
OG0006779	As004G076800	El002G133210
OG0006780	As004G077780	El003G187460
OG0006781	As004G079510	El006G295630
OG0006782	As004G080490	El001G010560
OG0006783	As004G080960, As004G080980	El002G127490
OG0006784	As004G081170	El006G297140
OG0006785	As004G081470	El006G298030
OG0006786	As004G082220	El007G357990
OG0006787	As004G082270	El007G357770, El007G357900, El007G357860, El007G357890
OG0006788	As004G082580	El007G356960
OG0006789	As004G083030	El005G237130
OG0006790	As004G083220, As004G083210, As004G083200	El001G009560
OG0006791	As004G084410	El001G007710
OG0006792	As004G084610	El001G007390
OG0006793	As004G084680	El001G007290
OG0006794	As004G084690	El001G007230
OG0006795	As004G084750	El001G007090
OG0006796	As004G084970	El001G006750
OG0006797	As004G085670	El001G005560, El001G006150
OG0006798	As004G085800, As004G085830	El001G005200
OG0006799	As004G086480	El001G004360
OG0006800	As004G086550	El007G360750
OG0006801	As004G086740	El007G361070
OG0006802	As004G087410	El003G156550
OG0006803	As004G088300	El007G364090
OG0006804	As004G088620	El007G364660
OG0006805	As004G089090	El007G365470, El007G365510, El007G365490
OG0006806	As004G089140	El007G365640
OG0006807	As004G089200	El007G365680
OG0006808	As004G089260	El007G365750
OG0006809	As004G089480	El007G365850
OG0006810	As004G089660	El007G366170
OG0006811	As006G147080, As004G089740	El006G292280
OG0006812	As004G090250	El007G366780
OG0006813	As004G090510	El007G366930
OG0006815	As011G258230	El005G269340
OG0006816	As011G257610, As004G093430	El005G268620
OG0006817	As004G093730	El005G268130
OG0006818	As004G093800	El003G178110
OG0006819	As004G095140	El003G175890
OG0006820	As011G254890	El005G262650
OG0006821	As004G095880	El003G174340
OG0006822	As004G095960	El003G174220, El003G173430
OG0006823	As004G096490	El003G172970
OG0006824	As004G096570	El003G172860
OG0006825	As004G096660	El003G172610
OG0006826	As004G097580	El003G191780
OG0006827	As004G097700	El003G191890
OG0006828	As004G098440	El003G193610
OG0006829	As004G098480	El003G193630
OG0006830	As005G098620	El006G279710
OG0006831	As012G288890, As005G098650	El006G279750
OG0006832	As005G099380	El002G121140
OG0006833	As005G099490	El006G280410
OG0006834	As005G100190	El006G296770
OG0006835	As005G100210	El006G281090
OG0006836	As005G100340	El006G281230
OG0006837	As005G100720	El006G281670
OG0006838	As005G100810	El006G281770
OG0006839	As005G101060	El006G282080
OG0006840	As005G101110	El006G282130
OG0006841	As005G101240	El006G282460, El008G369370
OG0006842	As005G101380	El006G282660
OG0006843	As005G101400	El006G282710
OG0006844	As005G101700	El006G282990
OG0006845	As005G102320, As012G286240	El006G283820
OG0006846	As005G104040	El006G285520
OG0006847	As005G104180	El006G285740
OG0006848	As005G104510	El006G286140
OG0006849	As005G104560	El006G286190
OG0006850	As005G104900	El006G286700, El006G316130
OG0006851	As005G105250	El006G286870
OG0006852	As005G105510	El006G287480
OG0006853	As005G106170	El006G287940
OG0006854	As005G107190	El001G081000
OG0006855	As005G107380	El001G080820
OG0006856	As005G107520	El001G080670
OG0006857	As005G107530	El001G080660
OG0006858	As005G107980	El001G079900
OG0006859	As005G108040	El001G079800
OG0006860	As005G108130	El001G079660
OG0006861	As005G108230	El001G079550
OG0006862	As005G108860	El001G078770
OG0006863	As005G108890	El001G078730
OG0006864	As005G109710	El002G114580
OG0006865	As007G179320, As005G110070	El001G060490
OG0006866	As005G110630	El001G060270
OG0006867	As005G110650	El001G060180
OG0006868	As005G111390	El001G059950
OG0006869	As005G111480	El001G059830
OG0006870	As005G112320, As005G112310	El001G059210
OG0006871	As010G226880, As005G112370	El001G059150
OG0006872	As005G112470, As005G112460	El001G059060
OG0006873	As005G112970	El001G058690
OG0006874	As005G113160	El001G058490
OG0006875	As005G113830, As010G225760	El001G057270
OG0006876	As005G114080, As006G129840	El007G330280
OG0006877	As005G114340	El007G330600
OG0006878	As006G145260, As005G114640	El007G330980
OG0006879	As005G114810	El007G331160
OG0006880	As005G116100	El007G327420
OG0006881	As005G116730	El007G326770
OG0006882	As005G116740	El007G326760
OG0006883	As005G116950	El007G326540
OG0006884	As005G117040	El007G326410
OG0006885	As005G117230	El007G326240
OG0006886	As005G117300	El007G326160
OG0006887	As005G117450	El007G325970
OG0006888	As005G117460	El007G325960
OG0006889	As005G117810	El007G325590
OG0006890	As005G117940	El004G212220, El007G325380
OG0006891	As005G118110	El007G325280
OG0006892	As005G118180	El007G325190
OG0006893	As005G118440	El007G324800
OG0006894	As005G118600	El007G324610
OG0006895	As005G119140	El007G323830, El008G369050
OG0006896	As005G119180	El007G323800, El002G126070
OG0006897	As005G119280	El007G323680
OG0006898	As010G229390, As005G120090	El004G218680, El007G324710
OG0006899	As005G120400	El007G322440
OG0006900	As005G120470	El001G063690
OG0006901	As005G120500	El002G129380, El007G322370
OG0006902	As006G121020	El001G000060
OG0006903	As006G121180, As009G214500	El001G000320
OG0006904	As006G121280	El001G000790
OG0006905	As008G199070, As006G121520	El001G000560
OG0006906	As006G121980	El001G001150
OG0006907	As006G122240	El001G001480
OG0006908	As008G198460	El002G083760
OG0006909	As006G122930	El001G002540, El001G002590, El001G002410, El001G002470
OG0006910	As006G123720	El001G003550
OG0006911	As006G123770	El001G003660
OG0006912	As006G123870	El001G003780
OG0006913	As006G124040	El001G003980
OG0006914	As008G196910, As006G124250	El002G085540
OG0006915	As006G124580	El007G359920
OG0006916	As006G124640	El007G359860
OG0006917	As006G124750	El007G359750
OG0006918	As006G125360	El006G298590
OG0006919	As008G195830	El006G298950
OG0006920	As006G125740	El006G300030
OG0006921	As006G125780, As008G195760	El006G299410
OG0006922	As006G125820	El006G299350
OG0006923	As006G125830	El006G299340
OG0006924	As008G195570, As006G125950	El006G299190
OG0006925	As006G126260	El006G299610
OG0006926	As006G126300	El006G299750
OG0006927	As006G126360	El006G300070
OG0006928	As006G126460	El006G300230
OG0006929	As006G126940	El006G300530
OG0006930	As006G126960	El006G300550
OG0006931	As006G127100	El006G300790
OG0006932	As006G127640	El006G301530
OG0006933	As006G127900	El006G301920
OG0006934	As006G128040	El006G302150
OG0006935	As006G128160	El006G302340
OG0006936	As006G128190	El002G089350
OG0006937	As006G128370	El006G302670
OG0006938	As006G128420	El006G302790
OG0006939	As006G128720	El006G303200
OG0006940	As006G129170, As006G129150	El006G304200
OG0006941	As006G129350	El006G304420
OG0006942	As006G129530	El006G304730
OG0006943	As006G129700	El006G305010
OG0006944	As006G129870	El006G305290
OG0006945	As006G130520	El006G308370
OG0006946	As006G130590	El006G308190
OG0006947	As006G130660	El006G308050
OG0006948	As006G130830	El006G307270
OG0006949	As006G130910	El006G306720
OG0006950	As006G131860	El006G312830
OG0006951	As006G131980	El006G313390
OG0006952	As006G132060	El006G313650
OG0006953	As006G132730	El005G235710
OG0006954	As006G134110	El003G158070
OG0006955	As006G134400	El003G157410
OG0006956	As006G134760	El005G235840
OG0006957	As006G134930	El005G236070
OG0006958	As006G134980	El005G236100
OG0006959	As006G135150	El005G236300
OG0006960	As006G135590	El005G236750
OG0006961	As006G135660	El005G236900
OG0006962	As006G135850	El005G237110
OG0006963	As006G135990	El005G237260
OG0006964	As006G136070	El005G237340
OG0006965	As006G136660	El005G237990
OG0006966	As006G136820	El005G238140
OG0006967	As006G136960	El005G238290
OG0006968	As006G137300	El005G238600, El003G179570
OG0006969	As006G137460	El005G238880
OG0006970	As006G137560	El005G238990
OG0006971	As006G137740, As009G207040	El005G239160
OG0006972	As006G138010	El005G239560
OG0006973	As006G138160	El005G239720
OG0006974	As006G138620	El005G240220
OG0006975	As006G138800	El005G240410
OG0006976	As006G139480	El005G241080
OG0006977	As006G139490	El005G241090
OG0006978	As006G139580	El005G241210
OG0006979	As006G139790	El005G241410
OG0006980	As006G139840	El005G241450
OG0006981	As009G204370, As006G140050	El001G062150
OG0006982	As006G140420	El005G242080
OG0006983	As006G140440	El005G242100
OG0006984	As006G140680	El005G242290
OG0006985	As006G140850	El005G242430
OG0006986	As006G141150	El005G242700
OG0006987	As006G141530	El005G243250
OG0006988	As006G142260	El005G244120
OG0006989	As006G142740	El006G289400
OG0006990	As006G142830	El006G289550
OG0006991	As006G142920	El006G289690
OG0006992	As006G143200	El006G289990
OG0006993	As006G143280	El006G290060
OG0006994	As006G143430	El006G290240
OG0006995	As006G143770	El006G290700
OG0006996	As006G143830	El006G290590
OG0006997	As006G144250	El006G291280
OG0006998	As006G144300	El006G291340
OG0006999	As006G144340	El006G291380
OG0007000	As006G144350	El008G368950, El006G291390
OG0007001	As006G144420	El006G295080
OG0007002	As006G144450	El005G243050, El006G295050
OG0007003	As006G144600	El006G294830
OG0007004	As006G144630	El006G294780
OG0007005	As012G276150, As006G144710	El006G294660
OG0007007	As006G145050	El006G294300
OG0007008	As006G145730	El006G293420
OG0007009	As006G145910	El006G293220
OG0007010	As006G146000, As006G145980, As006G146010	El006G293140
OG0007011	As006G146070	El006G293090
OG0007012	As006G146180	El006G292990
OG0007013	As006G146970	El006G292390
OG0007014	As006G147100	El006G291950
OG0007015	As006G148290	El006G291690
OG0007016	As007G152300	El002G099900, El006G290980, El002G099910
OG0007017	As007G152320	El004G233700
OG0007018	As007G152820	El008G369740, El002G100320
OG0007019	As007G152840	El005G248540
OG0007020	As007G153260	El002G100840
OG0007021	As007G153310	El002G100890
OG0007022	As007G153530	El002G101190
OG0007023	As010G241460, As007G153710	El004G224350
OG0007024	As007G154030	El002G101760
OG0007025	As007G154110, As007G154050	El001G023230, El003G181780, El002G101820
OG0007026	As007G154310	El002G101980
OG0007027	As007G154400	El002G102080
OG0007028	As007G155040	El002G102790
OG0007029	As007G155400	El002G103220
OG0007030	As007G155410	El002G103230
OG0007031	As007G155580	El002G103490
OG0007032	As007G155590	El002G103500
OG0007033	As007G155860	El002G103850, El002G103840
OG0007034	As007G155960	El002G103990, El037G374520
OG0007035	As007G156760	El002G105020
OG0007036	As007G156930, As010G231390	El003G192280, El002G105250
OG0007037	As007G157330	El002G105850
OG0007038	As007G157890	El002G106350
OG0007039	As007G157990	El002G106400, El004G203550
OG0007040	As007G158110	El002G106540
OG0007041	As007G158120	El002G106600
OG0007042	As010G234650, As007G158750	El004G223650
OG0007043	As007G159580	El002G108760
OG0007044	As007G159730	El002G109180, El002G109190
OG0007045	As007G159830, As010G233240	El002G109320
OG0007046	As007G160090	El002G109470, El002G109680
OG0007047	As007G161190	El002G111910
OG0007048	As007G161740	El002G112520
OG0007049	As007G161880	El002G112680
OG0007050	As007G162770	El003G160460
OG0007051	As007G163030	El003G160160
OG0007052	As007G163140	El003G160040
OG0007053	As007G164680	El007G342250
OG0007054	As007G177630, As007G177120	El003G156490, El001G029990
OG0007055	As007G178080	El006G316930
OG0007056	As007G179390	El006G318380
OG0007057	As007G179500	El006G292260
OG0007058	As007G179940	El006G319380
OG0007059	As007G180460	El006G320150
OG0007060	As007G182010	El006G321650
OG0007061	As007G182190	El007G349880
OG0007062	As008G182850	El002G098560
OG0007063	As008G183210, As008G183220	El002G098120
OG0007064	As008G183500	El002G097540
OG0007065	As008G184150	El002G096810
OG0007066	As008G184310	El002G096590
OG0007067	As008G184370	El002G096530
OG0007068	As008G184760	El002G095920
OG0007069	As008G184820	El002G095880
OG0007070	As008G185510	El002G095250
OG0007071	As008G185780	El007G344460
OG0007072	As008G186290	El002G094350
OG0007073	As008G186320	El002G094240
OG0007074	As008G186540	El007G365600, El002G094130
OG0007075	As008G186560	El002G094080
OG0007076	As008G187300	El002G093290
OG0007077	As008G187760	El002G093000
OG0007078	As008G188030	El002G092540
OG0007079	As008G188040	El002G092530
OG0007080	As008G188520	El002G092050
OG0007081	As008G189030	El002G091750, El002G124750
OG0007082	As008G189480	El002G091550
OG0007083	As008G191030	El002G091010
OG0007084	As008G192230	El006G281470
OG0007085	As008G192660	El002G090030, El002G090040
OG0007086	As008G192910	El002G089810
OG0007087	As008G192930	El002G089780
OG0007088	As008G193230	El002G089270
OG0007089	As008G193280	El007G343290
OG0007090	As008G193810	El004G211730
OG0007091	As008G193950	El002G088610
OG0007092	As008G194130, As008G194120	El002G088460
OG0007093	As008G194500	El002G087990
OG0007094	As008G195580	El002G087040
OG0007095	As008G195810	El002G086820
OG0007096	As008G195920	El002G086710
OG0007097	As008G195990	El002G086620
OG0007098	As008G196030	El002G086570
OG0007099	As008G196320	El002G086210
OG0007100	As008G196750	El002G085330
OG0007101	As008G197010	El002G085660
OG0007102	As008G197520	El002G084780
OG0007103	As008G197540	El002G084760
OG0007104	As008G197590	El002G084660
OG0007105	As008G197600	El002G084640
OG0007106	As008G198770	El002G083330
OG0007107	As008G199340	El001G021780
OG0007108	As008G199480	El002G082550
OG0007109	As009G200050	El001G067150
OG0007111	As009G200090	El001G067190
OG0007112	As009G200190	El001G067330
OG0007113	As009G200580	El003G179700, El001G066670
OG0007114	As009G201200	El001G066070
OG0007115	As009G201420	El001G066300
OG0007116	As009G201470	El001G065710
OG0007117	As009G202360	El001G064630
OG0007118	As009G202540	El001G064380
OG0007119	As009G202550	El001G064370
OG0007120	As009G202930	El001G064000
OG0007121	As009G203160	El001G063710
OG0007122	As009G203260	El001G063530
OG0007123	As009G204540	El001G061970
OG0007124	As009G205050	El001G061200
OG0007125	As009G205370	El001G051430
OG0007126	As009G205450	El001G051300
OG0007127	As009G205890	El001G050400
OG0007128	As009G206330	El001G049440
OG0007129	As009G207190	El001G047450
OG0007130	As009G207530	El007G345430
OG0007131	As009G208100	El007G346810
OG0007132	As009G208300	El007G346970
OG0007133	As009G209190	El007G349070
OG0007134	As009G209550	El007G347680
OG0007135	As009G210540	El001G068160
OG0007136	As009G211320	El001G074840
OG0007137	As009G211560	El001G075130
OG0007138	As009G211900	El001G075340
OG0007139	As009G212000	El001G068230
OG0007140	As009G212180	El001G068240
OG0007141	As009G212340	El001G075610
OG0007142	As009G213140	El001G076740
OG0007143	As009G214010	El001G077270
OG0007144	As009G214070	El001G077620
OG0007145	As009G214130	El001G077450
OG0007146	As009G214570	El001G078030
OG0007147	As009G214770	El007G328930, El001G060860
OG0007148	As009G214980	El001G052320
OG0007149	As009G215010	El001G052370
OG0007150	As009G215080	El001G052400
OG0007151	As009G215570	El001G054050
OG0007152	As009G215590	El001G054100
OG0007153	As009G215790	El001G054530
OG0007154	As009G215800	El001G054560
OG0007155	As009G216380	El001G055670
OG0007156	As009G216500	El001G055820
OG0007157	As009G216510	El001G055830
OG0007158	As010G222330, As009G216880	El001G018550
OG0007159	As009G216960	El001G056420
OG0007160	As009G217050	El001G056510
OG0007161	As009G217200	El001G056760
OG0007162	As009G217210	El001G056770
OG0007163	As009G217590	El007G330050
OG0007164	As009G217610	El007G329980
OG0007165	As009G217670	El007G329930
OG0007166	As009G217870	El007G329630
OG0007167	As009G218150	El007G329270
OG0007168	As009G218880	El007G328250
OG0007169	As009G218970	El007G328160
OG0007170	As009G219040	El007G328070
OG0007171	As009G219190	El007G327840
OG0007172	As009G219270	El001G017540
OG0007172	As010G223100	El001G017550
OG0007173	As009G219390	El007G327660
OG0007174	As009G219640	El007G332720
OG0007175	As010G220670	El001G021090
OG0007176	As010G221470	El001G019710
OG0007178	As010G223040	El001G017690
OG0007180	As010G223490	El004G203090
OG0007181	As010G224110	El001G016280
OG0007182	As010G224850	El001G015120
OG0007183	As010G225630	El006G306600
OG0007184	As010G225690	El001G013880
OG0007185	As010G226260	El001G012640
OG0007186	As010G226490	El001G012150
OG0007187	As010G228540, As010G229140	El004G217720
OG0007188	As010G228820	El004G217570
OG0007189	As010G230110	El001G033480
OG0007190	As010G232180	El005G244000
OG0007191	As010G232470	El004G220480
OG0007192	As010G232670	El004G220750
OG0007193	As010G232810	El004G218810
OG0007194	As010G232960	El004G221210
OG0007195	As010G232970	El004G221220
OG0007196	As010G233010	El004G221350
OG0007198	As010G233840	El004G222690
OG0007199	As010G233930	El004G222840
OG0007200	As010G234090	El004G223090
OG0007201	As010G234560	El004G223570
OG0007202	As010G234780	El004G223780
OG0007203	As010G234820	El001G060310
OG0007204	As010G235140	El004G231660
OG0007205	As010G235730	El004G230790
OG0007207	As010G236130	El004G230390
OG0007208	As010G236220	El004G230310
OG0007209	As010G236700	El004G229730
OG0007210	As010G237060	El004G229320
OG0007211	As010G237260	El004G229070
OG0007212	As010G237440	El004G228860
OG0007213	As010G237760	El004G228370
OG0007214	As010G237790	El004G228340
OG0007215	As010G238570	El004G227510
OG0007216	As010G238650	El004G227450
OG0007217	As010G238710	El004G227370
OG0007218	As010G238730	El004G227340
OG0007219	As010G239040	El004G227030
OG0007220	As010G239790	El004G226140
OG0007221	As010G240490	El004G225340
OG0007222	As010G240770	El006G279680
OG0007223	As010G240990	El004G224890
OG0007224	As010G241380	El004G224430
OG0007225	As010G241640	El004G231720
OG0007226	As010G242070	El004G232070
OG0007227	As010G242180	El003G150760, El005G245920
OG0007228	As010G242660	El004G232780
OG0007229	As010G242750	El004G232880
OG0007230	As010G243030	El004G233190
OG0007231	As010G243260	El002G100060, El002G104080, El037G374610
OG0007232	As010G243280, As010G244230	El004G234490, El004G199300
OG0007233	As010G243350	El004G233520
OG0007234	As010G243400	El004G233580
OG0007235	As010G243450	El004G233670
OG0007236	As010G243600	El004G233850
OG0007237	As010G243650	El002G099840
OG0007238	As010G243970	El002G104930
OG0007239	As010G244020	El004G234300
OG0007240	As011G244850	El005G248880
OG0007241	As011G244870	El005G248940
OG0007243	As011G245680	El005G249710
OG0007244	As011G245810	El005G249920
OG0007245	As011G246240	El005G250330
OG0007246	As011G246290	El005G250390
OG0007247	As011G246770	El005G250910
OG0007248	As011G247550	El005G251930
OG0007249	As011G247690	El005G252110
OG0007250	As011G247750	El005G252190
OG0007251	As011G247960	El005G252430
OG0007252	As011G248010	El005G252480
OG0007253	As011G248230	El002G097570, El005G252750
OG0007254	As011G248240, As012G270780	El005G252760
OG0007255	As011G248310	El005G252880
OG0007256	As011G248360	El005G252940
OG0007257	As011G248680	El005G255510, El007G352080
OG0007258	As011G249230	El005G253930
OG0007259	As011G249340	El005G254120
OG0007260	As011G249560	El005G254390
OG0007261	As011G249850	El005G254700
OG0007262	As011G249870	El005G254720
OG0007263	As011G250000	El005G254880
OG0007264	As011G250130	El005G259980, El004G202490, El005G255200
OG0007265	As011G250210	El005G255300
OG0007266	As011G250540	El005G255770
OG0007267	As011G250850	El005G256070
OG0007268	As011G250980	El005G256260
OG0007269	As011G251360	El005G256690
OG0007270	As011G251410	El005G256890
OG0007271	As011G251470	El005G256920
OG0007272	As011G251570	El005G256980
OG0007273	As011G251790, As012G272410	El005G257230
OG0007274	As011G252100	El005G257600
OG0007275	As011G252500	El005G257990
OG0007276	As011G253140	El005G258890
OG0007277	As011G253320	El005G259290
OG0007278	As011G253400	El005G259800
OG0007279	As011G253510	El005G259640
OG0007280	As011G253520	El005G259620
OG0007281	As011G253590, As012G271280	El005G259470
OG0007282	As011G254160	El005G260960
OG0007283	As011G254170	El005G260970
OG0007284	As011G254290	El005G261120
OG0007285	As011G254300	El005G261130
OG0007286	As011G254480	El005G261370
OG0007287	As011G254580	El005G261560
OG0007288	As011G254680	El005G261780
OG0007289	As011G255510	El005G265280
OG0007290	As011G255640	El005G265590, El005G265470
OG0007291	As011G255700	El005G265610, El005G265660
OG0007292	As011G256080	El005G266890
OG0007293	As011G256180	El005G267090, El002G084520
OG0007294	As011G256440	El005G267610
OG0007295	As011G256640	El005G267810
OG0007296	As011G260430	El005G271590
OG0007297	As011G261230	El001G010310, El006G305530
OG0007298	As011G261850	El005G271520
OG0007299	As011G262630	El005G272700
OG0007300	As011G263420	El005G273710
OG0007301	As011G264170	El005G274700
OG0007302	As011G264340	El005G274760
OG0007303	As011G264710	El005G275250
OG0007304	As011G265080	El005G276280
OG0007305	As011G265680	El005G277350
OG0007306	As011G265960	El005G277700
OG0007307	As011G266300	El005G278050
OG0007308	As011G267100	El005G278860
OG0007309	As012G267680	El005G248470
OG0007310	As012G268340	El002G140610
OG0007311	As012G268730	El002G140300
OG0007312	As012G268840	El002G140140
OG0007313	As012G269430	El002G139360
OG0007314	As012G270580	El002G137440
OG0007315	As012G270840	El002G136910
OG0007316	As012G270920	El002G136760
OG0007317	As012G271320	El002G136260
OG0007318	As012G271420	El002G135990
OG0007319	As012G272440	El002G134250
OG0007320	As012G272970	El002G133330
OG0007321	As012G273110	El002G132520
OG0007322	As012G273370	El002G132750
OG0007323	As012G273780	El002G131980, El001G047360
OG0007324	As012G273920	El002G131710
OG0007326	As012G274270	El003G171440
OG0007327	As012G274300	El003G171460
OG0007328	As012G274620	El003G172040
OG0007329	As012G274940	El006G296360
OG0007330	As012G274960	El006G296380, El005G275920
OG0007331	As012G275610	El005G259990
OG0007332	As012G275630	El001G022430
OG0007333	As012G275870	El001G022710
OG0007334	As012G276020	El001G022910
OG0007335	As012G276040	El001G022920
OG0007336	As012G276720	El001G023780
OG0007337	As012G278680	El001G022140
OG0007338	As012G279050	El001G022000
OG0007339	As012G279530	El001G025150
OG0007340	As012G280270	El001G025400
OG0007341	As012G280940	El001G025740
OG0007342	As012G281940	El001G026470
OG0007343	As012G282120	El003G150390
OG0007344	As012G282270	El001G027030
OG0007345	As012G282960	El001G027830
OG0007346	As012G283280	El001G028200
OG0007347	As012G284950	El001G030310
OG0007348	As012G284980	El001G030330
OG0007349	As012G285660	El003G174740, El001G031200
OG0007350	As012G286720	El001G032370
OG0007351	As012G286820	El001G032580
OG0007352	As012G287380	El001G033220
OG0007353	As012G288010	El001G034300
OG0007354	As012G288070	El001G034390
OG0007355	As012G289070	El001G035520
OG0007413	As001G000150	El003G155690
OG0007414	As001G000370	El003G155400
OG0007415	As001G000390	El003G155380
OG0007416	As001G000570	El003G155210
OG0007417	As001G000650	El003G155120
OG0007418	As001G000730	El003G154990
OG0007419	As001G001370	El003G153850, El003G153980
OG0007420	As001G001520	El003G153610
OG0007422	As001G001890	El003G153140
OG0007423	As001G002040	El003G153060
OG0007424	As001G002290	El003G152810
OG0007425	As001G002640	El003G152420
OG0007426	As001G003380	El003G151800
OG0007427	As001G003490	El003G151690
OG0007428	As001G003640	El003G151590
OG0007429	As001G003690	El003G151550
OG0007430	As001G003780	El003G151440
OG0007431	As001G003800	El003G151420
OG0007432	As001G003990	El003G151200
OG0007433	As006G131030, As003G071030, As003G071040, As003G070990, As001G004430, As001G004440, As006G131020, As006G131130	El003G155970
OG0007434	As001G004660	El003G150660
OG0007435	As001G004670	El003G150650
OG0007436	As001G004700	El003G150610
OG0007437	As001G004730	El003G150590
OG0007438	As001G004880	El003G150480
OG0007439	As001G005170	El003G150210
OG0007440	As001G006410	El003G149990
OG0007441	As001G009850	El003G149450
OG0007442	As001G010220	El003G149570
OG0007443	As001G010250, As001G015350	El003G149250
OG0007444	As001G010280, As001G015340	El003G149260
OG0007445	As001G012310	El003G148860
OG0007446	As001G012840	El003G148270
OG0007448	As001G013680	El003G148480
OG0007449	As001G013720	El003G148500
OG0007450	As001G013760	El003G148560
OG0007451	As001G014130	El003G148000
OG0007452	As001G014200, As011G263190	El003G147950
OG0007453	As001G014260	El003G147860
OG0007454	As001G014280	El003G147840
OG0007455	As001G014480	El003G147650
OG0007456	As001G014770	El003G147480
OG0007458	As001G016010, As004G079130	El002G118760
OG0007459	As001G016030	El002G118780
OG0007460	As001G016440	El002G119140
OG0007461	As001G016650	El002G119470
OG0007462	As001G016680	El002G119530
OG0007464	As001G017540	El003G170460
OG0007465	As001G017760	El003G170730
OG0007466	As001G018070	El003G171200
OG0007467	As001G018240	El003G171310
OG0007468	As001G018360	El004G210720
OG0007469	As001G018600	El004G209200
OG0007470	As001G019110	El003G172810
OG0007471	As001G019140	El004G206920
OG0007472	As001G019200	El001G074310
OG0007473	As001G019690	El004G204530
OG0007474	As001G020310	El004G202480
OG0007475	As001G021380	El004G200130
OG0007476	As001G021500	El004G199870
OG0007477	As008G186460, As001G021550	El002G094210
OG0007478	As001G021730	El004G199340
OG0007479	As001G021870	El004G199180
OG0007480	As001G021900	El004G199140
OG0007481	As001G022200	El001G035980
OG0007482	As001G022300	El001G036080
OG0007483	As001G022400	El001G036170
OG0007484	As001G022940, As009G212260	El001G036790
OG0007485	As001G022980, As008G182690	El002G098790
OG0007486	As001G023750	El001G037950
OG0007487	As001G023850	El001G038080
OG0007488	As001G023910	El001G038190
OG0007489	As001G024010	El001G038430
OG0007490	As001G024150	El001G038600
OG0007491	As001G024210	El002G103450
OG0007492	As001G024610	El001G039410
OG0007493	As001G024800	El001G039800
OG0007494	As001G024930	El001G040040
OG0007495	As001G025310	El001G040740
OG0007496	As001G025350	El001G040810
OG0007497	As001G025690	El001G041290
OG0007498	As001G025820	El001G041560
OG0007499	As001G025890	El001G041630, El001G041650
OG0007500	As001G025930	El001G041690
OG0007501	As001G026080	El001G041890
OG0007502	As001G026090	El001G041900
OG0007503	As001G026280	El001G042250
OG0007504	As001G026630, As001G026650	El001G042670
OG0007505	As001G027680	El001G045020
OG0007506	As001G027720	El001G045070
OG0007507	As001G027870	El001G045490, El003G188970
OG0007508	As001G027900	El001G045630
OG0007509	As001G028100	El001G046260
OG0007510	As001G028260	El004G217290
OG0007511	As001G028440	El004G217070
OG0007512	As001G028570	El004G216310
OG0007513	As001G029040	El004G215300
OG0007514	As001G029070	El004G215210
OG0007515	As001G029280	El004G214250
OG0007516	As001G029510	El004G212700
OG0007517	As001G030150	El001G063040, El001G064650
OG0007518	As001G030360	El004G193960
OG0007519	As001G030410	El002G140000
OG0007520	As001G030810	El004G194740
OG0007521	As001G030970	El004G195110
OG0007522	As001G031230	El004G195780
OG0007523	As001G031450	El008G369310, El004G196260, El008G369300
OG0007524	As003G064110, As001G031470	El004G196350, El008G369180
OG0007525	As001G031600	El004G196720
OG0007526	As001G031670	El004G196980
OG0007527	As001G032080	El004G198050
OG0007528	As001G032120	El004G198130
OG0007529	As001G032210	El004G198270
OG0007530	As002G032330	El005G248440
OG0007531	As002G032350	El005G248420
OG0007532	As002G032360	El005G248410
OG0007533	As002G039160	El005G248270
OG0007534	As002G032470	El003G155950
OG0007535	As002G032510	El003G158660
OG0007536	As002G032610	El003G158520
OG0007537	As002G032670	El003G158430
OG0007538	As002G033640	El006G288650
OG0007540	As002G033740	El006G288780
OG0007541	As002G034000	El005G244340
OG0007542	As002G034010	El005G244350
OG0007543	As002G034070	El005G244400
OG0007544	As002G034350	El005G244680
OG0007545	As002G034380	El005G244720
OG0007546	As002G034700	El005G244940
OG0007547	As002G034850	El005G245040
OG0007548	As002G035160, As002G035170	El001G078930
OG0007549	As002G035190	El005G245300
OG0007550	As002G035290	El005G245420
OG0007551	As002G035580	El005G245690
OG0007552	As002G035940, As002G035880	El005G245890
OG0007553	As002G035980	El001G077950
OG0007554	As002G036350	El005G246170
OG0007555	As002G036990	El005G246680
OG0007556	As002G037160	El005G246740
OG0007557	As002G037210	El005G246950
OG0007558	As002G037380	El005G247080
OG0007559	As002G037460	El005G247280
OG0007560	As002G037530	El005G247380
OG0007561	As002G037550	El005G247420
OG0007562	As002G037620	El005G247540
OG0007563	As002G037770	El003G155890
OG0007564	As002G037980	El005G247720
OG0007565	As002G038000	El005G247730
OG0007566	As002G038170	El005G247770
OG0007567	As002G038870	El005G248110
OG0007568	As002G038890	El005G248130
OG0007569	As002G039630	El001G028690
OG0007570	As002G040500	El007G344830
OG0007571	As002G041280, As002G041250, As002G041300, As002G041320, As004G089330	El007G365840
OG0007572	As002G041540, As003G065590	El002G130140
OG0007573	As002G042350	El007G343530
OG0007574	As002G042420	El007G343470
OG0007575	As002G042580	El007G343370
OG0007576	As002G042650	El007G343330
OG0007577	As002G042750	El003G149320
OG0007578	As002G044270	El007G341140
OG0007579	As002G044710	El007G339830
OG0007580	As002G044760	El007G339910
OG0007581	As002G044880	El007G340040
OG0007582	As002G044950	El007G340160
OG0007583	As002G044990	El007G340190
OG0007584	As002G045050	El007G339780, El006G299870
OG0007585	As002G045160	El007G339700
OG0007586	As002G045510	El007G338550
OG0007587	As002G045650	El007G338760
OG0007588	As002G046150	El007G338010
OG0007589	As002G046360	El007G337830
OG0007590	As002G046700	El007G337390
OG0007591	As002G047370	El007G336520
OG0007592	As002G047630, As006G134350	El007G336260
OG0007593	As002G047840	El007G336060
OG0007594	As002G047940	El007G335960
OG0007595	As002G048210, As008G185900	El002G094840
OG0007596	As002G048580	El007G335040
OG0007597	As002G048660	El007G334860
OG0007598	As002G048710	El007G334830
OG0007599	As002G048760	El007G334750
OG0007600	As002G049080	El007G334330
OG0007601	As002G049130	El007G334260
OG0007602	As002G049330	El007G333930
OG0007603	As002G049470	El007G333780
OG0007604	As002G049960	El007G333370
OG0007605	As002G050100	El001G049450
OG0007606	As002G050240	El001G068320
OG0007607	As007G162250, As002G050510	El001G068580
OG0007608	As002G050580	El001G068660
OG0007609	As002G050630	El001G068720
OG0007610	As002G050750	El001G068850
OG0007611	As002G050880	El001G069110
OG0007612	As002G050980	El001G069240
OG0007613	As002G051150	El001G069400
OG0007614	As002G051200	El001G069490
OG0007615	As002G051310	El001G069580
OG0007616	As002G051480	El001G069760
OG0007617	As002G051800	El001G070180
OG0007618	As002G051820	El001G070210
OG0007619	As002G052020	El001G070440
OG0007620	As002G052200	El001G070880
OG0007621	As002G052610	El001G071290
OG0007622	As002G054000	El001G072810
OG0007623	As002G054180	El001G073040
OG0007624	As002G054260	El001G073160
OG0007625	As002G054330	El001G073250
OG0007626	As002G054700	El001G073630
OG0007627	As002G054730	El001G073670
OG0007628	As002G054930	El001G073900
OG0007629	As002G055450	El001G074510
OG0007630	As002G055510	El001G074570
OG0007632	As003G056210	El003G168990
OG0007633	As003G056350	El003G168830
OG0007634	As003G056410	El003G168710
OG0007635	As003G056470	El003G168650
OG0007636	As003G056830	El003G168150
OG0007637	As003G057290	El001G005710
OG0007638	As003G057330	El003G167420
OG0007639	As003G057410	El003G167300
OG0007640	As003G057600	El003G166970
OG0007641	As003G057780	El003G166590
OG0007642	As003G058150	El003G165890
OG0007643	As003G058280	El003G165730
OG0007643	As004G087160	El007G361600
OG0007644	As003G058290	El007G328570
OG0007645	As003G058640	El003G165360
OG0007646	As003G058900	El003G165090
OG0007647	As004G086180, As003G059420	El001G004770
OG0007648	As003G059450	El003G164630
OG0007649	As003G059710	El003G164250
OG0007650	As003G060110	El003G163590
OG0007651	As003G060230	El003G163550
OG0007652	As003G060310	El003G163400
OG0007653	As003G060380	El003G163250
OG0007654	As003G060510	El003G162970
OG0007655	As003G060590	El003G162890
OG0007656	As003G060680, As004G085030	El003G162790
OG0007657	As003G060890	El003G162600
OG0007658	As003G061000	El003G162390
OG0007659	As003G061020	El003G162320
OG0007660	As003G061680	El003G161450
OG0007661	As003G061830	El003G161250
OG0007662	As003G062020	El003G160960
OG0007663	As003G062600, As004G083690	El002G120950
OG0007664	As003G062640	El002G120990
OG0007665	As003G062770	El002G121160
OG0007666	As003G063120	El002G122180
OG0007667	As003G063470	El002G123270
OG0007668	As003G064170	El002G125120
OG0007669	As003G064450	El002G128190
OG0007670	As003G065430	El002G130580
OG0007671	As003G065880	El002G129400
OG0007672	As003G066810	El002G130680
OG0007673	As003G067020, As008G191680	El005G242990
OG0007674	As003G068540	El002G113720
OG0007675	As003G068870	El002G113940
OG0007676	As003G068950, As006G121750, As011G266980	El006G315920
OG0007677	As003G069090	El002G114230
OG0007678	As003G069190	El002G114330
OG0007679	As003G069840	El002G115080
OG0007680	As003G070710	El002G116360
OG0007681	As003G070870	El002G116650
OG0007682	As003G071260, As012G274930	El002G117360
OG0007683	As003G071280	El002G117380
OG0007684	As003G071350	El002G117450
OG0007685	As003G071760	El003G146740
OG0007686	As003G071850, As010G236490	El001G079630
OG0007687	As003G072110	El003G146410
OG0007688	As003G072240	El003G146240
OG0007689	As003G072290	El003G146180
OG0007690	As003G072520	El003G145900
OG0007691	As003G072710	El003G145680
OG0007692	As003G072730, As003G072750	El003G145660
OG0007693	As003G072960	El003G145430
OG0007694	As003G073210	El003G145180
OG0007695	As007G179490, As003G073250	El006G318450
OG0007696	As003G073340	El003G145030
OG0007697	As003G073830	El003G144520
OG0007698	As003G073980	El003G144650
OG0007699	As003G074030	El003G144360
OG0007700	As003G074040	El003G172940, El003G144350
OG0007701	As003G074180	El003G144200
OG0007702	As003G074430	El003G143910
OG0007703	As003G074580	El003G143770
OG0007704	As003G074820	El003G143510
OG0007705	As003G074990	El003G143270
OG0007706	As003G075150	El003G143010
OG0007707	As003G076310, As007G182140	El003G141970
OG0007708	As004G076700	El003G182840
OG0007709	As004G077200	El003G185500
OG0007710	As004G078010	El003G188450
OG0007711	As004G078720	El006G296120
OG0007712	As004G078790	El006G296030
OG0007713	As004G078900	El006G295940
OG0007714	As004G078920	El002G093140
OG0007715	As004G078940	El002G118270
OG0007716	As004G079590	El001G062590
OG0007717	As004G079720	El006G295820
OG0007718	As004G079760	El006G295860
OG0007719	As004G080100	El001G009880
OG0007720	As004G080430	El001G010480
OG0007721	As004G080950	El001G011150
OG0007722	As004G080990	El002G116010
OG0007723	As004G081130	El006G297180
OG0007724	As004G081250	El006G297760
OG0007725	As004G081340	El006G297880
OG0007726	As004G081410	El006G297940
OG0007727	As004G081420	El006G297950
OG0007728	As004G081720	El006G298370
OG0007729	As004G081790	El006G298450
OG0007730	As004G082240	El007G357970
OG0007731	As004G083650	El001G009020
OG0007732	As004G084180	El001G008000
OG0007733	As004G084400	El001G007720
OG0007734	As004G084650	El001G007330
OG0007735	As004G085160	El001G006190
OG0007736	As004G085390	El001G005900
OG0007737	As004G085640	El001G005590
OG0007738	As004G085990	El001G005040
OG0007740	As004G086080	El001G004940
OG0007741	As004G087040	El007G361490
OG0007742	As004G087600	El007G363080, El007G363020, El007G362450
OG0007743	As004G087870	El007G363320
OG0007744	As004G088070	El007G363730
OG0007745	As004G088360	El007G364150
OG0007746	As004G088470	El007G364290
OG0007747	As004G088590	El007G364700
OG0007748	As004G088700	El007G364520
OG0007749	As004G088750	El007G364480
OG0007750	As004G088970	El007G365380
OG0007751	As009G214560, As004G089000	El001G078020
OG0007752	As004G089070	El007G365440
OG0007753	As004G089120	El007G365580
OG0007754	As004G089510	El007G365890
OG0007755	As004G091350, As004G091390	El003G172020, El004G204700
OG0007756	As004G092060	El003G183340
OG0007757	As009G212100, As004G092180	El003G183430
OG0007758	As004G092630	El003G181540, El005G277500
OG0007760	As004G093780	El005G268040
OG0007761	As004G094050	El003G177740
OG0007762	As004G094850	El003G176620
OG0007763	As004G095370, As011G255340	El003G175180
OG0007764	As004G096450, As011G253760	El003G173040
OG0007765	As004G097770	El003G192140
OG0007766	As004G098220	El003G193310
OG0007767	As004G098420	El003G193590
OG0007768	As004G098510	El004G199380
OG0007769	As005G098880	El006G279960
OG0007770	As005G099130, As005G099110, As005G099120	El006G280080
OG0007771	As005G099200, As005G099190	El006G280130
OG0007772	As005G099560	El006G280490
OG0007773	As005G099660	El006G280590
OG0007774	As005G099730	El006G280690
OG0007775	As005G099750	El006G280710
OG0007776	As005G100460	El006G281360
OG0007777	As005G100520	El006G281480
OG0007778	As005G100880	El006G281900
OG0007779	As005G100990	El006G282030
OG0007780	As005G101010	El006G282050
OG0007781	As005G101040	El006G282060
OG0007782	As005G101070	El006G282090
OG0007783	As005G101080	El006G282100
OG0007784	As005G101160	El006G282360
OG0007785	As005G101390	El006G282670
OG0007786	As005G101740	El006G283030
OG0007787	As005G102300	El006G283700
OG0007788	As005G102800	El006G284280
OG0007789	As005G103080	El006G284690
OG0007790	As005G103160	El006G284770
OG0007791	As005G103300	El006G284920
OG0007792	As005G104450	El006G286010
OG0007793	As005G104780	El006G286450
OG0007794	As005G105020	El006G287220
OG0007795	As005G105180	El006G286950
OG0007796	As005G106420, As006G142140	El001G081820
OG0007797	As005G106670	El001G081550
OG0007798	As005G106860	El001G081360
OG0007799	As005G106980	El001G081210
OG0007800	As005G107100	El001G081110
OG0007801	As005G107440	El001G080760
OG0007802	As005G107540	El001G080650
OG0007803	As005G107580	El001G080570
OG0007804	As005G107590	El001G080560
OG0007805	As005G107780	El001G080150
OG0007806	As005G108810, As005G107820	El001G078820
OG0007808	As005G108770	El001G078860
OG0007809	As005G108920	El001G078680
OG0007810	As005G109140, As005G108940	El001G078490
OG0007811	As005G109220	El001G078430
OG0007812	As005G109340	El001G078310
OG0007813	As005G109430	El001G078240
OG0007814	As005G109910	El001G060940
OG0007815	As005G109990	El001G060480
OG0007817	As005G111960	El001G059430
OG0007818	As005G112250	El001G059280
OG0007819	As005G112500	El001G059040
OG0007820	As008G198270, As005G112570	El001G058980
OG0007821	As005G112620	El001G058900
OG0007822	As005G112660	El001G058870
OG0007823	As005G113030	El001G058590
OG0007824	As005G113460	El001G058050
OG0007825	As005G113670	El001G057560
OG0007826	As005G113900	El007G330130
OG0007827	As005G114010	El007G330210
OG0007828	As005G114200	El007G330420
OG0007829	As005G114470	El007G330740
OG0007830	As005G114630	El007G330970
OG0007831	As005G114930	El007G331290
OG0007833	As005G115820	El007G332240
OG0007834	As005G115970	El007G332500
OG0007835	As005G116020	El007G327470
OG0007836	As005G116110	El007G327400
OG0007837	As005G116120	El007G327390
OG0007838	As005G116370	El007G327100, El003G151980
OG0007839	As005G116540	El007G334940
OG0007840	As005G116920	El007G326560
OG0007841	As005G117000	El007G326510
OG0007842	As005G117540	El007G325870
OG0007843	As005G117680	El007G325740
OG0007844	As005G117830	El007G325510
OG0007845	As005G117850	El007G325490
OG0007846	As005G118320	El007G325020
OG0007847	As005G118350	El007G324960
OG0007849	As005G118720	El007G324430
OG0007850	As005G118730	El007G324410
OG0007851	As005G118830	El007G324290, El007G326480
OG0007852	As005G119030	El007G323950
OG0007853	As005G119260	El007G323700
OG0007854	As005G119330, As010G221280	El001G020120
OG0007855	As005G119420	El007G323500
OG0007857	As005G120310	El007G322520
OG0007858	As005G120510	El001G021400
OG0007859	As005G120540	El007G322340
OG0007860	As006G121250	El001G000810
OG0007861	As006G121380	El001G000680
OG0007862	As006G121780	El001G000950
OG0007863	As006G122040	El001G001210
OG0007864	As006G122090	El001G001280
OG0007865	As006G122370	El004G228500, El001G001620
OG0007866	As006G122570	El001G001860
OG0007867	As006G122920	El001G002400
OG0007868	As006G123080	El001G002780
OG0007869	As006G123110	El001G002810
OG0007870	As006G123140	El001G002850
OG0007871	As006G123520	El001G003310
OG0007872	As006G123570	El001G003410
OG0007873	As006G123810	El001G003700
OG0007874	As006G123990	El001G003900
OG0007875	As006G124350	El007G360270
OG0007876	As006G124670	El007G359830
OG0007877	As006G125220	El007G358740
OG0007878	As006G125270	El006G298510
OG0007879	As006G125310, As008G196130	El006G298540
OG0007880	As006G125650	El006G299940
OG0007881	As006G125670	El006G299960
OG0007882	As006G125690	El006G299990
OG0007884	As006G126120	El003G162200, El006G299860
OG0007885	As008G194640, As006G126930	El006G300520
OG0007886	As006G127420	El006G301230
OG0007887	As006G127530	El006G301380
OG0007888	As006G127650	El006G301540
OG0007890	As006G127730, As008G193570	El002G088910
OG0007891	As006G127810	El006G301770
OG0007892	As006G128030	El006G302140
OG0007893	As006G128140	El006G302320
OG0007894	As006G128170	El006G302350
OG0007895	As006G128290	El006G302500
OG0007896	As006G128450	El002G089580
OG0007897	As006G128460	El006G302810
OG0007898	As006G129430	El006G304620
OG0007899	As006G129440	El006G304640
OG0007900	As006G129790	El006G305090
OG0007901	As006G129830	El006G305260
OG0007902	As006G129940	El006G305430
OG0007903	As006G130240	El006G306110
OG0007904	As006G130560	El006G308240
OG0007905	As006G131190	El006G309640
OG0007906	As006G131510	El001G075470, El001G074970
OG0007907	As006G131650	El006G311870
OG0007908	As006G131740	El006G312560
OG0007909	As006G132380	El003G156850
OG0007910	As006G132570	El003G157190
OG0007911	As006G132860, As009G200510	El001G066720
OG0007912	As006G133110	El005G235490
OG0007913	As006G133400	El001G067450
OG0007914	As006G133970	El003G168760, El003G185170
OG0007915	As006G134170	El003G157990
OG0007916	As006G134830	El005G235950
OG0007917	As006G134870	El005G236000
OG0007918	As006G134890, As009G201310	El001G066180
OG0007919	As006G135130	El005G236290
OG0007920	As006G135370	El005G236520
OG0007921	As006G135670	El005G236890, El004G219040, El004G219030, El004G219020, El004G221610
OG0007922	As006G135800	El005G237050
OG0007923	As006G135880	El005G237150
OG0007924	As006G136110	El005G237380
OG0007925	As009G203430, As006G136480	El005G237770
OG0007926	As006G136880	El005G238220
OG0007927	As006G137360	El005G238690
OG0007928	As006G137900	El005G239430
OG0007929	As006G137940	El005G239480
OG0007930	As006G138110	El007G362480, El005G239680
OG0007931	As006G138210	El005G239950
OG0007932	As006G138340	El005G239800
OG0007933	As009G206580, As006G138430	El005G240040
OG0007934	As006G138470	El005G240080
OG0007935	As006G138630	El005G240210
OG0007936	As006G138780	El005G240430
OG0007937	As006G138840	El005G240380
OG0007938	As006G139070	El005G240650
OG0007939	As006G139390	El005G241000
OG0007940	As006G139520	El005G241120
OG0007941	As006G139700	El005G241290
OG0007942	As006G140130	El005G241730
OG0007943	As006G140180	El005G241790
OG0007944	As006G140200	El005G241810
OG0007945	As006G140220	El005G241830
OG0007946	As006G140240	El005G241860
OG0007947	As006G140250	El005G241870
OG0007948	As006G140690	El007G347000
OG0007949	As006G140810	El005G242390
OG0007950	As006G141050	El005G242600
OG0007951	As006G141220	El005G242850
OG0007952	As006G141400	El005G243070
OG0007953	As006G141490	El005G243160
OG0007954	As006G141500	El005G243170
OG0007955	As006G141690	El005G243410
OG0007956	As006G141840	El005G243540
OG0007958	As006G142770	El006G289440
OG0007959	As006G142800	El006G289510, El006G289490
OG0007960	As006G142820	El006G289530
OG0007961	As006G142990	El006G289780
OG0007962	As006G143150	El006G289940
OG0007963	As006G143540	El006G290400, El006G290440
OG0007964	As006G144270	El006G291310
OG0007965	As006G144610	El006G294820
OG0007966	As006G144640	El006G294770
OG0007967	As006G144730	El006G294630
OG0007968	As006G145060	El006G294280
OG0007969	As006G145090	El006G294240
OG0007970	As006G145230	El006G294020
OG0007971	As006G145480	El006G293600
OG0007972	As006G145520	El006G293570
OG0007973	As006G145690	El006G293450
OG0007974	As006G145840	El006G293300
OG0007975	As006G146570	El006G292710
OG0007976	As006G146760	El006G292620
OG0007977	As006G146800	El006G292530
OG0007978	As006G146960	El006G292400
OG0007979	As006G147600	El006G292150
OG0007980	As006G147980	El006G291990
OG0007981	As006G148510	El006G291840
OG0007982	As006G149020	El006G295190
OG0007983	As007G152010	El002G099470
OG0007984	As007G152770	El002G100260
OG0007985	As007G153170	El002G100720
OG0007986	As007G154300	El002G101960
OG0007987	As007G154490	El002G102450
OG0007988	As007G154580	El002G102350
OG0007989	As007G154780	El002G102510
OG0007991	As007G154880	El002G102640
OG0007992	As007G155060	El002G102800
OG0007993	As007G155110	El002G102850
OG0007994	As007G155270	El002G103030
OG0007995	As007G155640	El002G103550
OG0007996	As007G155660	El002G103570
OG0007997	As010G238350, As007G155760	El002G103740
OG0007998	As007G155800	El002G103770
OG0007999	As007G156060	El002G104180
OG0008000	As007G156070	El002G104190
OG0008001	As007G156150	El002G104270
OG0008002	As007G156350	El002G104520
OG0008003	As007G156480	El002G104610
OG0008004	As007G156880	El002G105200
OG0008005	As010G237040, As007G156900	El004G229360
OG0008006	As007G157040	El002G105370
OG0008007	As007G157260	El002G105770
OG0008008	As010G236370, As007G157380	El002G105900
OG0008009	As007G157410	El002G105920
OG0008010	As007G157420, As010G236320	El004G230140
OG0008011	As007G157440	El002G105930
OG0008012	As007G157580	El002G106040
OG0008013	As007G157670	El002G106130
OG0008014	As007G158270	El002G107200
OG0008015	As007G158330	El002G107380
OG0008016	As007G158540	El002G107590, El002G107580
OG0008017	As007G158630	El002G107730
OG0008018	As007G159200	El002G108300
OG0008019	As007G159590	El002G108770
OG0008020	As010G233280, As007G159740	El002G109200
OG0008021	As007G160100	El002G109690
OG0008022	As007G161140	El002G111820
OG0008023	As007G161150	El002G111860
OG0008024	As007G161220	El002G111940
OG0008025	As007G161500	El006G319480, El004G230290, El004G218790
OG0008026	As007G161840	El002G112610
OG0008027	As007G162140	El002G112910
OG0008028	As007G162150	El002G112900
OG0008029	As007G162260	El002G113070
OG0008030	As007G162670	El003G160580
OG0008031	As007G162730	El003G160530
OG0008032	As007G162780	El003G160470
OG0008033	As007G162970	El003G160230
OG0008034	As007G163040	El003G160150
OG0008035	As007G164310	El003G159570
OG0008036	As007G164390	El003G159500
OG0008037	As007G164580	El003G159350
OG0008038	As007G164690	El003G159190
OG0008039	As007G164750	El003G159210
OG0008040	As007G166640	El003G156230
OG0008041	As007G166690	El003G156110
OG0008042	As007G177540	El006G316080, El006G316060
OG0008043	As007G177920	El006G316710
OG0008044	As007G178190, As007G178250	El006G317100, El006G317110
OG0008045	As007G179570	El006G318570
OG0008046	As007G179800	El004G226810
OG0008047	As007G179960	El006G319410
OG0008048	As007G179970	El006G319430
OG0008049	As007G179980	El006G319500
OG0008050	As007G180130	El006G319610
OG0008051	As007G180160	El006G319660
OG0008052	As007G180580	El006G320340
OG0008053	As007G180650	El006G320460
OG0008055	As007G180960	El006G321140
OG0008056	As007G181760	El006G321310
OG0008057	As007G181800	El006G321400
OG0008058	As007G181910	El006G321550
OG0008059	As008G182330	El002G099170
OG0008060	As008G182400	El002G099090
OG0008061	As008G182430	El002G099070
OG0008062	As008G182500	El002G098950
OG0008063	As008G182650	El002G098840
OG0008064	As008G182810	El002G098610
OG0008065	As008G182990	El002G098360
OG0008066	As008G183360	El002G097930
OG0008067	As008G183410	El002G097860
OG0008068	As008G183650	El002G097390
OG0008069	As008G184200	El002G126700
OG0008070	As008G184290	El002G096610
OG0008071	As008G184300	El002G096600
OG0008072	As008G184630	El002G096120
OG0008073	As008G184730	El002G095970
OG0008074	As008G184810	El002G095890
OG0008075	As008G185300	El002G095440
OG0008076	As008G185520	El002G095230
OG0008077	As008G185570	El002G095210
OG0008078	As008G185810	El002G094910
OG0008080	As008G186010	El002G094720
OG0008081	As008G186980	El002G093650
OG0008082	As008G187220	El002G093370
OG0008084	As008G187870	El002G093100
OG0008085	As008G187970	El002G092590
OG0008086	As008G188130	El001G025240
OG0008087	As008G189490	El002G091540
OG0008088	As008G189820	El002G091270
OG0008089	As008G189840	El002G091290
OG0008090	As008G192490	El002G090110
OG0008091	As008G192990	El002G089690
OG0008092	As008G193100	El002G089500
OG0008093	As008G193300	El002G088950
OG0008094	As008G193340	El002G089170
OG0008095	As008G193500	El007G345360, El002G089030
OG0008096	As008G193550	El002G088940
OG0008098	As008G193630	El002G088860
OG0008099	As008G193780, As008G193800	El002G088720
OG0008100	As008G194080	El002G088480
OG0008101	As008G194340	El002G088200
OG0008102	As008G194660	El002G087850
OG0008103	As008G195440	El002G087150
OG0008104	As008G195720	El001G067930
OG0008105	As008G196020	El002G086580
OG0008106	As008G196150	El002G086470
OG0008107	As008G196170	El002G086430
OG0008108	As008G196400	El002G086110
OG0008109	As008G196790	El002G085390
OG0008110	As008G196810	El002G085410
OG0008111	As008G196820	El002G085420
OG0008112	As008G196850	El002G085450
OG0008113	As008G196990	El002G085630
OG0008114	As008G197230	El002G085100
OG0008115	As008G197320	El002G085010
OG0008116	As008G197370	El002G084920
OG0008117	As008G197640	El002G084580
OG0008118	As008G197970	El002G084090
OG0008119	As008G198000	El002G084140
OG0008120	As008G198010	El002G084150
OG0008121	As008G198130	El002G084030
OG0008122	As008G198470	El002G083750
OG0008123	As008G199010	El002G083130
OG0008124	As008G199540	El001G000030
OG0008125	As008G199620	El002G082470
OG0008126	As009G199990	El001G067050
OG0008127	As009G200160	El001G067300
OG0008128	As009G200450	El001G066770
OG0008129	As009G200460	El001G066760
OG0008130	As009G200570	El001G066680
OG0008131	As009G200930	El001G065790
OG0008132	As009G201000	El001G065840
OG0008133	As009G201010	El001G065900
OG0008134	As009G202010	El001G065220
OG0008135	As009G202410	El001G064560
OG0008136	As009G202440	El001G064530
OG0008137	As009G202490	El001G064470
OG0008138	As009G202570	El001G064340
OG0008139	As009G202880	El001G064020
OG0008140	As009G203400	El001G063510
OG0008141	As009G203680	El001G063150
OG0008142	As009G203780	El001G062950
OG0008143	As009G203790	El001G062930
OG0008144	As009G203900	El001G062830
OG0008145	As009G204120	El001G062430
OG0008146	As009G204300	El001G062250
OG0008147	As009G204320	El001G062220
OG0008148	As009G204430	El001G062090
OG0008149	As009G204580	El001G061890
OG0008150	As009G204650	El001G061670
OG0008151	As009G204880	El001G061440
OG0008152	As009G204890	El001G061420
OG0008153	As009G204930	El001G061370
OG0008154	As009G205020	El001G061250
OG0008155	As009G205180	El001G061000
OG0008156	As009G205200	El001G051530
OG0008157	As009G205330	El001G051470
OG0008158	As009G205340	El001G051450
OG0008159	As009G205420	El001G051350
OG0008160	As009G205700	El001G050810
OG0008161	As009G205950	El001G050280
OG0008162	As009G206000	El001G049990
OG0008163	As009G206180	El001G049650
OG0008164	As009G206550	El001G049360
OG0008165	As009G207280	El001G047510, El004G199240
OG0008166	As009G207940	El007G346230
OG0008167	As009G208010	El007G346040
OG0008168	As009G208410	El007G347030
OG0008169	As009G209500	El007G347850, El007G347860, El007G348830
OG0008170	As009G209650	El001G067900
OG0008171	As009G209880	El007G348330
OG0008172	As009G210310	El001G068010, El003G185960
OG0008173	As009G210480	El001G068090
OG0008174	As009G210520	El001G068150
OG0008175	As009G211270	El001G074800
OG0008176	As009G211690	El001G075150
OG0008177	As009G211950	El001G075380
OG0008178	As009G211990	El001G075430
OG0008179	As009G212370	El001G075850
OG0008180	As009G213920	El001G077120
OG0008181	As009G214510	El001G077970
OG0008182	As009G214530	El001G077990
OG0008183	As009G214780	El001G060990
OG0008184	As009G215330	El001G052950
OG0008185	As009G215580	El001G054070
OG0008186	As009G215880	El001G054770
OG0008187	As009G215920	El001G055040
OG0008188	As009G215950	El001G055070, El001G055100
OG0008189	As009G216110	El001G055530
OG0008190	As009G216460	El001G055750
OG0008191	As009G216820	El001G056270
OG0008192	As009G216900	El001G056340
OG0008193	As009G217090	El001G056580
OG0008194	As009G217230	El004G218580
OG0008195	As009G217320	El001G056920
OG0008196	As009G217390	El001G057030
OG0008197	As009G217410	El001G057060
OG0008198	As009G217640	El007G329950
OG0008199	As009G217980	El007G329450
OG0008200	As009G218250	El007G329100
OG0008201	As009G218410	El007G328870
OG0008202	As009G218740	El007G328420
OG0008203	As009G218760	El007G328400
OG0008204	As009G218850	El007G328300
OG0008205	As009G218980	El007G328140
OG0008206	As009G219020	El007G328100
OG0008207	As009G219160	El005G278300, El007G327870
OG0008208	As009G219370	El007G327680
OG0008210	As009G219860	El007G332970
OG0008211	As009G219870	El007G332980
OG0008212	As009G219920	El006G304220, El007G333030
OG0008213	As010G220430	El001G021420
OG0008214	As010G220450	El001G021380
OG0008215	As010G220470	El001G021360
OG0008216	As010G220700	El001G021020
OG0008217	As010G220950	El001G020640
OG0008218	As010G221330, As012G274920	El001G020100
OG0008219	As010G221730	El001G019450
OG0008220	As010G221740	El001G019440
OG0008221	As010G222070	El001G053790, El001G019130
OG0008222	As010G222760	El001G018030
OG0008223	As010G224340	El001G016050
OG0008224	As010G226050	El001G012830, El002G133100
OG0008226	As010G227790	El004G218150
OG0008227	As010G227920	El004G218130
OG0008228	As010G227970	El004G218110
OG0008229	As010G228060, As010G228070	El004G218090, El004G218080
OG0008230	As010G228230	El004G217980
OG0008231	As010G228240	El004G217820, El004G217810
OG0008232	As010G228430	El006G296310
OG0008233	As010G228830	El004G217560
OG0008234	As010G229490	El004G218330
OG0008235	As010G230510	El004G217460
OG0008236	As010G238090, As010G231770	El004G219880
OG0008237	As010G231800	El004G219910
OG0008238	As010G231860	El004G220060
OG0008239	As010G232870	El004G221120
OG0008240	As010G232910	El002G109830
OG0008241	As010G232950, As011G253840	El007G350220, El007G350270, El005G260110
OG0008242	As010G233160	El004G221690
OG0008243	As010G233180	El004G221720
OG0008244	As010G233220	El004G221770
OG0008245	As010G233290	El004G221880
OG0008246	As010G233330	El004G222010
OG0008247	As010G233940	El004G222850
OG0008248	As010G234190	El004G223180
OG0008249	As010G234610	El004G223610
OG0008250	As010G235070	El004G224110
OG0008251	As010G235290	El004G231470
OG0008252	As010G235310	El004G231450
OG0008253	As010G235330	El004G231410
OG0008254	As010G235590	El060G376090, El004G231010
OG0008255	As010G235620	El004G230950
OG0008256	As010G236010	El004G230540
OG0008257	As010G236270	El004G230210
OG0008258	As010G236340	El004G230100
OG0008260	As010G236990	El004G229410
OG0008261	As010G237460	El004G228840
OG0008263	As010G237680	El004G228460
OG0008264	As010G237690	El004G228450
OG0008265	As010G237830	El004G228300
OG0008266	As010G237900	El004G228240
OG0008267	As012G277330, As010G238000	El004G228110
OG0008268	As010G238370	El004G227740
OG0008269	As010G238620	El004G227480
OG0008270	As010G238800	El004G227280
OG0008271	As010G239160	El004G226910
OG0008272	As010G239390	El004G226660
OG0008273	As010G239580	El004G226350
OG0008274	As010G239690	El004G226240
OG0008275	As010G239760	El004G226180
OG0008276	As010G239920	El004G226050
OG0008277	As010G240190	El004G225680
OG0008278	As010G240250	El004G225590
OG0008279	As010G240590	El004G225230
OG0008281	As010G241250	El004G224580
OG0008282	As010G241550	El004G224200
OG0008283	As010G242430	El004G232500
OG0008284	As010G242880	El004G232990
OG0008285	As010G243070	El004G233230
OG0008286	As010G243170	El004G233370
OG0008287	As010G243420	El004G233610
OG0008288	As010G243510	El004G233740
OG0008289	As010G243660	El004G233890
OG0008290	As010G243860	El004G234150
OG0008291	As010G243910	El004G211670
OG0008292	As010G244130	El004G234380
OG0008293	As010G244430	El004G234680
OG0008294	As011G244630	El005G248500
OG0008295	As011G244880	El005G248950
OG0008296	As011G244910	El005G248990
OG0008297	As011G245150	El005G249220
OG0008298	As011G245370	El005G271970
OG0008299	As011G245870	El005G249970
OG0008300	As011G245890	El001G052440
OG0008301	As011G245900	El005G250000
OG0008302	As011G245940	El005G250030, El004G203340, El001G047600
OG0008303	As011G245980	El005G250060
OG0008304	As011G246170	El005G250270
OG0008306	As011G246270	El007G352450, El005G250360, El006G307930, El006G307800
OG0008307	As011G246340	El005G250490
OG0008309	As011G247200	El005G251490
OG0008310	As011G247370	El005G251730
OG0008311	As011G247400	El005G251760
OG0008312	As012G270440, As011G247770	El002G137670
OG0008313	As011G248080	El005G252560
OG0008314	As011G248420	El005G252990
OG0008315	As011G248470	El005G253040
OG0008316	As011G248950	El005G253490
OG0008317	As011G249360	El005G254140
OG0008318	As011G249470	El005G254300
OG0008319	As011G249860	El005G254710
OG0008320	As011G250010	El005G254970
OG0008321	As011G250380	El005G255480
OG0008322	As011G250740	El005G255970
OG0008323	As011G250760	El005G255990
OG0008324	As011G250830	El005G256060
OG0008325	As011G251190	El005G256510
OG0008326	As011G251550	El005G256960
OG0008327	As011G251580	El005G256990
OG0008328	As011G252360	El005G257880
OG0008329	As011G252590	El001G025420
OG0008330	As011G252880	El005G258440
OG0008331	As011G254090	El003G173630
OG0008332	As011G254410	El005G236540
OG0008333	As011G255020	El005G263650
OG0008334	As011G255300	El005G264680
OG0008335	As011G256150	El005G266970
OG0008336	As011G256280	El001G045250
OG0008338	As011G260660	El007G340900
OG0008339	As011G260780	El005G276560, El005G276590, El005G276460
OG0008340	As011G262670	El005G272730
OG0008341	As011G262830	El005G272990
OG0008342	As011G262970	El005G273230
OG0008343	As011G263330	El005G273600
OG0008344	As011G263510	El005G273820
OG0008345	As011G263740	El005G274160
OG0008346	As011G263870	El005G274320
OG0008347	As011G264400	El005G274830
OG0008348	As011G264440	El005G274880
OG0008349	As011G264450	El005G274900
OG0008350	As011G264740	El005G275290
OG0008351	As011G265130	El005G277030, El007G362660
OG0008352	As011G265150	El005G276950
OG0008353	As011G265580	El005G277180
OG0008354	As011G266000	El001G043630
OG0008355	As011G266310	El005G278060
OG0008356	As011G267090	El005G278840
OG0008357	As012G267930	El002G141070
OG0008358	As012G268030	El002G140960
OG0008359	As012G268660	El002G140330
OG0008360	As012G268680	El007G366900
OG0008361	As012G268770	El002G140260
OG0008362	As012G269360	El002G139480
OG0008363	As012G269380	El002G139460
OG0008364	As012G269650	El002G139050
OG0008365	As012G269720	El002G138880
OG0008366	As012G269790	El002G138230
OG0008367	As012G269910	El002G138490
OG0008369	As012G269970	El002G138660, El002G138580, El002G138780
OG0008370	As012G270070	El002G138060
OG0008371	As012G270970	El002G136690
OG0008372	As012G271060	El002G136550, El002G136560
OG0008373	As012G271360	El002G136190
OG0008374	As012G271880	El002G135730
OG0008375	As012G272050	El002G134820
OG0008376	As012G272290	El002G134540
OG0008377	As012G272340	El002G134480
OG0008378	As012G273050	El002G133190
OG0008379	As012G273310	El002G132890
OG0008380	As012G274290	El003G171470
OG0008381	As012G274450	El003G171630
OG0008382	As012G274860	El006G296200
OG0008383	As012G274900	El006G296340
OG0008384	As012G274950	El006G296370, El005G276040, El005G275930
OG0008385	As012G275480	El001G022280
OG0008386	As012G275690	El001G022490
OG0008387	As012G275840	El001G022640
OG0008388	As012G275920	El001G022730
OG0008389	As012G276240	El001G023250
OG0008390	As012G276440	El001G023420
OG0008391	As012G277260	El001G024160
OG0008392	As012G277360	El001G024250
OG0008393	As012G277610	El001G024430
OG0008394	As012G277760	El001G024550
OG0008395	As012G278280	El001G024830
OG0008396	As012G278960	El001G022020
OG0008397	As012G279870	El001G025070
OG0008398	As012G279900	El001G025080
OG0008399	As012G279910	El001G025510
OG0008400	As012G279990	El001G025040
OG0008401	As012G280030	El001G025480
OG0008402	As012G281030	El001G025830
OG0008403	As012G281830	El001G026410
OG0008404	As012G281960, As012G281970, As012G281980	El001G026510
OG0008405	As012G282560	El001G027320
OG0008406	As012G282950	El001G027810
OG0008407	As012G283490	El001G028350
OG0008408	As012G284090	El001G029060
OG0008409	As012G284580	El001G029730
OG0008410	As012G284720	El001G030070
OG0008411	As012G284910	El001G030250
OG0008412	As012G284920	El001G030270
OG0008413	As012G285000	El001G030360
OG0008414	As012G285030	El001G030410
OG0008415	As012G285080	El006G286120, El001G030470
OG0008416	As012G285090	El001G030480
OG0008417	As012G285100	El006G286100
OG0008418	As012G285410	El005G269640
OG0008419	As012G285440	El001G030990
OG0008420	As012G285540	El001G031080
OG0008421	As012G285580	El001G031110
OG0008422	As012G285690	El001G031280
OG0008423	As012G285730	El001G031330
OG0008424	As012G285810	El001G031420
OG0008425	As012G286040	El001G031740
OG0008426	As012G286130	El001G031890
OG0008427	As012G286290	El001G032090
OG0008428	As012G286690	El001G032340
OG0008429	As012G286770	El001G032410
OG0008430	As012G287780	El001G033940
OG0008431	As012G287930	El001G034190
OG0008432	As012G287950	El001G034230
OG0008433	As012G288040	El008G369950, El001G034360, El001G033760
OG0008434	As012G288130	El001G034460
OG0008436	As012G288730	El001G035190
OG0008437	As012G288760	El001G035200
OG0008438	As012G288790	El001G035230
OG0008439	As012G288970	El001G035420
OG0008440	As012G289160	El001G035620
OG0008504	As001G000180	El003G155680
OG0008505	As001G000550	El003G155230
OG0008506	As001G000740	El003G154980
OG0008507	As001G000850	El003G154810
OG0008508	As001G000890	El003G154670
OG0008509	As001G001780	El003G153280
OG0008510	As001G001810	El001G013720, El001G027240, El003G153260
OG0008511	As001G001820	El003G153250
OG0008512	As001G001840	El003G153220
OG0008513	As001G001920	El003G153090
OG0008514	As001G002240	El003G152870
OG0008515	As001G002330	El003G152750
OG0008516	As001G002420, As001G002430	El003G152650
OG0008517	As001G002460	El003G152620
OG0008518	As001G002850	El001G060300
OG0008519	As001G002970	El003G152200
OG0008520	As001G003000	El003G152170
OG0008521	As001G003680	El003G151560
OG0008522	As001G003840	El003G151400
OG0008523	As001G004010	El003G151180
OG0008524	As001G004140	El003G151080
OG0008525	As001G004220	El003G151020
OG0008526	As001G004640	El003G150680
OG0008527	As001G004710	El003G150600
OG0008528	As001G004780	El003G150570
OG0008529	As001G005390	El003G150100
OG0008530	As001G005630	El003G149720
OG0008531	As001G005730	El003G149750
OG0008532	As001G005760	El003G149740
OG0008533	As001G006030	El003G149490
OG0008534	As001G006490	El003G150050
OG0008535	As001G006610	El003G149360
OG0008536	As001G006640	El003G149350
OG0008537	As001G007120	El003G149340
OG0008538	As001G009960	El003G149280
OG0008539	As001G010010	El003G161850
OG0008540	As001G012830, As011G262590	El003G148240
OG0008541	As001G013640	El003G148450
OG0008542	As001G013790	El003G148620
OG0008543	As001G013820	El003G148030
OG0008544	As001G014120	El003G148010
OG0008545	As001G014230	El003G147910
OG0008546	As001G014430	El003G147690
OG0008547	As001G014730	El003G147510
OG0008548	As004G078980, As001G015890	El002G118410
OG0008549	As004G079200, As001G016210	El002G118940
OG0008550	As001G016330	El002G119020
OG0008551	As001G016460	El002G124560, El002G119190
OG0008552	As001G016700	El002G119550
OG0008553	As001G016930	El002G119790
OG0008554	As001G017310	El003G170020
OG0008555	As001G017370	El003G170080
OG0008556	As001G017690	El003G170700
OG0008557	As001G018270	El002G095630
OG0008558	As001G018540	El006G299130
OG0008559	As001G018570	El004G210060
OG0008560	As001G019050	El004G207570, El004G207590
OG0008561	As001G019300, As010G232740	El003G149650
OG0008562	As001G019640	El004G204600
OG0008563	As001G019700	El004G204500
OG0008563	As008G187600	El002G092840
OG0008564	As001G020010	El004G203060
OG0008565	As001G020510	El004G201490
OG0008566	As001G020550	El004G201450
OG0008567	As001G021060	El004G200510
OG0008568	As001G021110	El004G200600
OG0008569	As001G021120, As011G256100	El005G266920
OG0008570	As001G021510	El004G199840
OG0008571	As001G021610	El004G199710
OG0008572	As001G021630	El004G199610
OG0008573	As001G021750	El004G199320
OG0008574	As001G021760	El004G199280
OG0008575	As001G021800	El004G199250
OG0008576	As008G185790, As001G021980	El004G198990
OG0008577	As008G185580	El002G095180
OG0008578	As001G022230	El002G099250
OG0008579	As001G022750	El001G036550
OG0008580	As001G022920	El001G036770
OG0008581	As001G023070	El001G036890
OG0008582	As001G023440	El001G037540
OG0008583	As001G023730	El001G037940
OG0008584	As001G024130	El001G038570
OG0008585	As001G024350	El001G038870
OG0008586	As001G024620	El001G039420
OG0008587	As001G024880	El001G039970
OG0008588	As001G024960	El001G040070
OG0008589	As001G025100	El001G040340
OG0008590	As001G025420	El001G040880
OG0008591	As001G025540	El001G041130
OG0008592	As001G025780	El001G041450
OG0008593	As001G025800	El001G041470
OG0008594	As001G026030	El001G041840
OG0008595	As001G026150	El001G042060
OG0008596	As001G026230	El001G042180
OG0008597	As001G026720	El001G042740
OG0008598	As001G026730	El001G042750
OG0008599	As001G027020	El001G043590
OG0008600	As001G027040	El001G043640
OG0008601	As001G027250	El001G044140
OG0008602	As001G027370	El001G044250
OG0008603	As001G027390	El001G044300
OG0008604	As001G027840	El001G045440, El001G045400, El001G045430
OG0008605	As001G027860	El001G045470
OG0008606	As001G028920	El004G215520
OG0008607	As001G029150	El001G038980
OG0008608	As001G029290	El004G214210
OG0008609	As001G029480	El004G212840
OG0008610	As001G030220	El004G193830
OG0008611	As001G030290	El004G193870
OG0008612	As001G030570	El004G194220
OG0008613	As001G030600	El004G194290
OG0008614	As001G030840	El004G194770
OG0008615	As001G030950	El004G195090
OG0008616	As001G031050	El004G195280, El004G195410
OG0008617	As001G031420, As001G031440	El004G196270, El004G196300
OG0008618	As001G031430	El004G196280, El004G196290, El001G051770
OG0008619	As001G031660	El004G196970
OG0008620	As001G031990	El004G197760
OG0008621	As002G032320	El005G248450
OG0008622	As002G049150, As002G032530	El007G334220
OG0008623	As002G033140, As002G032960	El006G288150
OG0008624	As002G033460	El006G288430
OG0008625	As002G033520	El006G288340
OG0008626	As002G034200	El005G244490
OG0008627	As005G108520	El001G079070
OG0008628	As002G035500	El005G245590
OG0008629	As002G036150	El005G246070
OG0008630	As002G036470	El005G246270
OG0008631	As002G036760	El005G246380
OG0008632	As002G037280	El005G247040
OG0008633	As002G037390	El005G247110
OG0008634	As002G037840	El005G247640
OG0008635	As002G038010	El005G247740
OG0008636	As002G038040	El005G247750
OG0008637	As002G038620	El005G248000
OG0008638	As002G038930	El005G248170
OG0008639	As002G040600	El007G344780
OG0008640	As002G042000	El007G344140
OG0008641	As002G042240	El007G343900
OG0008642	As002G042340	El007G343560
OG0008643	As002G042670	El007G343310
OG0008644	As002G042720	El007G343280
OG0008645	As002G042820	El007G343100
OG0008646	As002G043610	El007G342130
OG0008647	As002G043710, As002G043700	El007G341990
OG0008648	As002G044420	El007G340850
OG0008649	As002G044670	El007G340500
OG0008650	As002G044820	El007G340000
OG0008651	As002G044940	El007G340150
OG0008652	As002G045000	El007G340200
OG0008653	As002G045240	El007G339620
OG0008654	As002G045260	El007G339600
OG0008655	As002G045340	El007G339470
OG0008656	As002G045360	El007G339450
OG0008657	As002G045520	El007G338560
OG0008658	As002G045820	El007G338950
OG0008659	As002G045910	El007G338370
OG0008660	As002G046070	El007G338110
OG0008661	As002G046130	El007G338020
OG0008662	As002G046740	El007G337340
OG0008663	As002G046970	El007G337130, El007G337150
OG0008664	As002G047040	El007G337020
OG0008665	As002G047300	El007G336610
OG0008666	As002G047390	El007G336500
OG0008667	As002G047400	El007G336490
OG0008668	As002G047860	El007G336040
OG0008669	As002G048090	El007G335770
OG0008670	As002G048110	El007G335750
OG0008671	As002G048250	El007G335390
OG0008672	As002G048450	El007G335200
OG0008673	As002G048470	El007G335180
OG0008674	As002G048630	El007G334910
OG0008675	As002G048800	El007G334710
OG0008676	As002G048890	El007G334600
OG0008677	As002G049000	El007G334400
OG0008678	As002G049290	El007G333980
OG0008679	As002G049560	El007G333690
OG0008680	As002G049830	El007G333520
OG0008681	As002G049840	El007G333510
OG0008682	As002G049990	El007G351680
OG0008683	As002G050190	El007G351280
OG0008684	As002G050210	El007G351260
OG0008685	As002G050350	El001G068400
OG0008686	As002G050370	El001G068420
OG0008687	As002G050560	El001G068630
OG0008688	As002G050590	El001G068670
OG0008689	As002G050610	El001G068690
OG0008690	As002G050650	El001G068750
OG0008691	As002G050920	El001G069160
OG0008692	As002G050930	El001G069180
OG0008693	As002G051080	El001G069330
OG0008694	As002G051290	El001G069560
OG0008695	As002G051380	El001G069700
OG0008696	As002G051430	El002G131760, El001G069730
OG0008698	As002G051930	El001G070360
OG0008699	As002G052500	El001G071190
OG0008700	As012G274060, As002G052790	El001G071470
OG0008701	As002G052930	El001G071620
OG0008702	As002G053160	El001G071870
OG0008703	As002G053450	El001G072160
OG0008704	As002G053590	El001G072360
OG0008705	As002G053670	El001G072440
OG0008706	As002G053930	El001G072740
OG0008707	As002G054190	El001G073050
OG0008708	As002G054210	El001G073100
OG0008709	As002G054460	El001G073330
OG0008710	As002G054660	El001G073560
OG0008711	As002G054890	El001G073850
OG0008712	As002G054920	El001G073890
OG0008713	As002G055000	El001G074000
OG0008714	As002G055200	El001G074180
OG0008715	As003G055620	El003G169880
OG0008716	As004G089690, As003G056010	El003G169260
OG0008718	As003G056140	El003G169090
OG0008719	As003G056170	El003G169020
OG0008720	As003G056180	El003G169010
OG0008721	As003G056340	El003G168840
OG0008722	As003G056510	El003G168580
OG0008723	As003G057220	El003G167600
OG0008724	As004G087920	El007G363380
OG0008725	As003G057580	El003G167010
OG0008726	As003G057610	El003G166960
OG0008727	As003G057770	El003G166610
OG0008728	As003G057840	El003G166500
OG0008729	As003G057860	El003G166390
OG0008730	As003G058190	El003G165850
OG0008731	As003G058220	El003G165800
OG0008732	As003G058400	El003G165620
OG0008733	As004G086690, As003G058690, As003G058650	El003G165350
OG0008734	As003G058950	El003G165040
OG0008735	As003G059090	El003G164870
OG0008736	As003G059480	El003G164600
OG0008737	As003G059850	El003G164090
OG0008738	As003G060570	El003G162900
OG0008739	As004G085080, As003G060630	El001G006360
OG0008740	As003G060690	El003G162770
OG0008741	As003G060880	El003G162610
OG0008742	As003G060970	El003G162470
OG0008743	As003G060990	El003G162440
OG0008744	As003G061130	El003G162240
OG0008745	As003G061490	El003G161710
OG0008746	As003G061620	El004G222110
OG0008747	As003G061970	El003G161070
OG0008748	As004G083660, As003G062650	El001G009010
OG0008749	As003G062840, As012G271210	El002G121400
OG0008750	As003G063220	El002G122290
OG0008751	As003G063300	El002G122620, El002G122630
OG0008752	As003G063360	El002G122930
OG0008753	As003G063500	El002G123410
OG0008754	As003G063830	El002G123860
OG0008755	As003G064530	El002G128110
OG0008756	As003G064550	El002G128070
OG0008757	As003G065960, As003G065970	El002G113240
OG0008758	As003G066170	El002G128750
OG0008759	As003G067890	El002G113560
OG0008760	As003G068780	El002G113920
OG0008761	As003G069490, As010G240240	El004G225630
OG0008763	As003G069900	El002G115170
OG0008764	As003G070230	El002G115780
OG0008765	As003G071240	El002G117310
OG0008766	As003G071410	El002G117580
OG0008767	As003G071550	El002G117630
OG0008768	As003G071640	El002G118000
OG0008769	As003G072030	El003G146510
OG0008770	As003G072060	El003G146460
OG0008771	As003G072300	El003G146170
OG0008772	As003G072670	El001G002700, El003G145710
OG0008773	As003G072950	El003G145440
OG0008774	As003G073260	El003G145140
OG0008775	As003G073360	El003G145010
OG0008776	As003G073420	El003G144950
OG0008777	As003G073460	El003G144900
OG0008778	As003G074110	El003G144280
OG0008779	As003G074130	El003G144240
OG0008780	As003G074410	El003G143960
OG0008781	As003G074570	El003G143780
OG0008782	As003G074590	El003G143760
OG0008783	As003G074860	El003G143470
OG0008784	As003G075590	El003G142740
OG0008785	As004G076900	El003G156510
OG0008786	As004G076920	El003G184150
OG0008787	As004G077020	El003G184610, El003G180800
OG0008788	As004G077640	El003G186850
OG0008789	As004G077680	El002G122840, El006G285290
OG0008790	As004G078190	El003G188960
OG0008791	As004G078710	El002G117990
OG0008792	As004G079270	El001G076600
OG0008793	As004G079420	El002G119480
OG0008794	As004G079970	El006G295370
OG0008795	As004G080160	El001G009980
OG0008796	As004G081320	El006G297860
OG0008797	As004G081830	El007G355240
OG0008798	As004G082140	El007G358070
OG0008799	As004G082210	El007G358000
OG0008800	As004G082550	El006G282610
OG0008801	As004G082920	El007G355410, El007G355490
OG0008802	As004G083670	El001G008990
OG0008803	As004G084330	El001G007860
OG0008804	As004G084900	El001G006880, El001G006820
OG0008805	As004G085040	El001G006460
OG0008806	As004G085140	El001G006220
OG0008807	As004G085170	El001G006180
OG0008808	As004G085340	El001G006010
OG0008809	As004G085880	El001G005150
OG0008810	As004G086170	El001G004780
OG0008811	As004G086240	El001G004720, El003G164820
OG0008812	As004G086700	El007G360990
OG0008813	As004G086750	El007G361080
OG0008814	As004G087130	El007G361560
OG0008815	As004G087430	El007G362050
OG0008816	As004G087830	El007G363290
OG0008817	As004G088310	El007G364100
OG0008818	As004G088380	El007G364160
OG0008819	As004G089190	El007G365670
OG0008820	As004G089240	El007G365730
OG0008821	As004G089610	El007G366000
OG0008822	As004G090130	El007G366870
OG0008823	As004G090140	El007G366880
OG0008824	As004G092100	El003G183350
OG0008825	As004G092980	El003G179660
OG0008826	As004G093630	El003G178340
OG0008827	As004G093740	El003G178180
OG0008828	As004G094340	El008G368830, El003G177530
OG0008829	As004G094420	El005G267320
OG0008830	As004G095210	El003G175670
OG0008831	As004G095280	El003G175260
OG0008832	As004G095380	El003G175170
OG0008833	As004G095860	El003G174390
OG0008834	As004G096200	El003G173800, El003G173470
OG0008835	As004G096230	El003G173620
OG0008836	As004G096560	El003G172870
OG0008837	As004G096600	El003G172790
OG0008839	As004G097450, As004G097780	El003G192120, El001G011300
OG0008840	As004G097470, As008G190170	El003G191600
OG0008841	As004G097710	El003G192210
OG0008842	As004G097730	El003G192180
OG0008843	As004G098060	El003G193040
OG0008844	As004G098280	El003G193390
OG0008845	As004G098350	El003G193470
OG0008846	As005G098680	El006G279800
OG0008847	As005G098760	El006G279850
OG0008848	As005G098810	El004G198820, El006G279900
OG0008849	As005G100300	El006G281190
OG0008850	As005G100380	El006G281270
OG0008851	As005G100510	El006G281460
OG0008852	As005G100930	El006G281950
OG0008853	As005G101000	El006G282040
OG0008854	As005G101330	El006G282590
OG0008855	As005G101710	El006G283000
OG0008856	As005G101930	El006G283200
OG0008857	As005G102000	El006G283350
OG0008858	As005G102080	El006G283420
OG0008859	As012G286140, As005G102540	El001G031920
OG0008860	As005G103010	El006G284590
OG0008861	As005G103150	El006G284760
OG0008862	As005G103190	El006G284800
OG0008863	As005G103200	El006G284810
OG0008864	As005G103400	El006G285010
OG0008865	As005G104000	El006G285570
OG0008866	As005G104260	El006G285830
OG0008867	As005G104370	El001G030680
OG0008869	As005G104890	El006G286680
OG0008870	As005G104920	El006G286720
OG0008871	As005G104960	El006G286750
OG0008872	As005G105000	El001G069880
OG0008873	As005G105460	El006G287370
OG0008874	As005G105770	El006G287660
OG0008875	As005G106130	El006G287890
OG0008876	As005G106140	El006G287910
OG0008877	As005G106690	El001G081520
OG0008878	As005G106830	El001G081420, El001G044610
OG0008879	As005G106880	El001G081340
OG0008880	As005G106970, As005G106960	El001G081220
OG0008881	As005G107490	El001G080710
OG0008882	As005G107760	El001G080180
OG0008883	As005G108060	El001G079780
OG0008884	As005G108590	El001G079020
OG0008885	As005G108710	El001G078910
OG0008886	As005G108880	El001G078740
OG0008887	As005G109250	El001G078410, El001G078400
OG0008888	As005G109920	El001G060950
OG0008889	As005G110230	El001G060580
OG0008890	As005G110460	El001G060520
OG0008891	As005G110610	El001G060450
OG0008892	As005G111310	El001G060020
OG0008893	As005G111360	El001G059990
OG0008894	As005G111650	El001G060410
OG0008895	As005G111820	El001G059530
OG0008896	As005G115360, As005G111890, As009G217580, As008G192120	El006G312340
OG0008896	As008G192090	El007G330060
OG0008897	As005G112420	El001G059100
OG0008898	As005G112450	El001G059080
OG0008899	As005G112710	El001G058840
OG0008900	As005G112920	El001G058770
OG0008901	As005G112950	El001G058710
OG0008902	As005G113110	El001G058550
OG0008903	As005G113320	El001G058170
OG0008904	As005G113360	El001G058120
OG0008905	As005G113710	El001G057460
OG0008906	As005G113870	El001G057160
OG0008907	As005G114030	El007G330220
OG0008908	As005G114450	El007G330720
OG0008909	As005G114520	El007G326670
OG0008910	As005G114660	El007G331000
OG0008911	As005G114670	El007G331010
OG0008912	As005G114750	El007G331090
OG0008913	As005G114820	El007G331170
OG0008914	As005G114900	El007G331210
OG0008915	As005G115290	El007G332030
OG0008916	As010G224270, As005G115400	El007G332130
OG0008917	As005G115610	El007G331550
OG0008919	As005G115810	El007G332230
OG0008920	As005G115850	El007G332340
OG0008921	As005G115890	El007G332390
OG0008922	As005G116720	El007G326780
OG0008923	As005G116780	El007G326720
OG0008924	As005G116820	El002G090940
OG0008925	As005G116880	El007G326600
OG0008926	As005G117200	El007G326280
OG0008927	As005G117330	El007G326130
OG0008928	As005G117630	El007G325780
OG0008929	As005G117790	El007G325610
OG0008930	As005G118120	El007G325260
OG0008931	As005G118210	El007G325150
OG0008932	As005G118230	El007G325130
OG0008933	As005G118980	El007G324070
OG0008934	As005G119070	El007G323910
OG0008935	As005G119240	El007G323720
OG0008936	As005G119360	El007G323560
OG0008937	As005G119710	El007G323160
OG0008938	As005G119860	El007G322960
OG0008939	As005G119870	El007G322940
OG0008940	As005G120000	El007G322810
OG0008941	As005G120250	El007G322590
OG0008942	As005G120320	El007G322510
OG0008943	As005G120350	El007G322490
OG0008944	As005G120520	El007G322360
OG0008945	As005G120660	El007G322180
OG0008946	As005G120880	El007G321950
OG0008947	As006G121320	El001G000750
OG0008948	As006G121330	El002G082950
OG0008949	As006G121570	El001G000500
OG0008950	As006G121650	El001G000400
OG0008951	As006G121670	El001G000360
OG0008952	As006G121800	El001G000960
OG0008953	As006G122120	El001G001300
OG0008954	As006G122350	El001G001570
OG0008955	As006G122870	El001G002340
OG0008956	As006G122950	El006G313510
OG0008957	As006G123090	El001G002790
OG0008958	As006G123550	El001G003330
OG0008959	As006G123680	El001G003430
OG0008960	As006G123860	El001G003770
OG0008961	As006G123880	El001G003790
OG0008962	As006G124700, As006G125370	El006G298600
OG0008963	As006G124740	El007G359760
OG0008964	As006G124760	El007G359740
OG0008965	As006G124970	El007G359220, El003G162370
OG0008966	As006G125010	El007G359190
OG0008967	As006G125410	El006G298670
OG0008968	As006G125490	El006G298880, El006G297470, El006G297280
OG0008969	As006G125560	El006G298760
OG0008970	As006G125940	El006G299210
OG0008971	As006G126000	El006G299150
OG0008972	As006G126210	El006G299550
OG0008973	As006G126240	El006G299590
OG0008974	As006G126270	El006G299620
OG0008975	As006G126750, As007G153780	El002G121760, El002G141570
OG0008976	As006G126800	El006G300320, El006G300340
OG0008977	As006G127280	El006G301010
OG0008978	As006G127390	El006G301160
OG0008979	As006G127540	El006G301390
OG0008980	As006G127750	El006G301700
OG0008981	As006G127910	El006G301940
OG0008982	As006G128240	El006G302410, El002G090440
OG0008983	As006G128280	El006G302450, El006G302480
OG0008984	As006G128900	El006G303650
OG0008985	As006G129120	El006G304170
OG0008986	As006G129140	El006G304190
OG0008987	As006G129300	El006G304370
OG0008988	As006G129340	El006G304400
OG0008989	As006G129590	El006G304900
OG0008990	As006G129630	El006G304940
OG0008991	As006G129880	El006G305300
OG0008992	As006G129950	El006G305450
OG0008993	As006G130070	El006G305720
OG0008994	As006G130350	El006G306280
OG0008995	As006G130360	El006G306300
OG0008996	As006G130760	El006G307450
OG0008997	As006G130820	El006G307090, El006G307290
OG0008998	As006G130860	El006G307210
OG0008999	As006G130940	El006G306680
OG0009000	As006G131400	El006G307520
OG0009001	As006G131550	El006G311510
OG0009002	As006G132080	El006G313790
OG0009003	As006G132180	El006G313820
OG0009004	As006G132280	El003G156710
OG0009005	As006G132310	El003G156760
OG0009006	As006G132590	El003G157270
OG0009007	As006G132800	El005G235610
OG0009008	As006G132820	El005G235590
OG0009009	As006G132830	El005G235580
OG0009010	As006G132920, As008G184190	El005G235330
OG0009011	As006G132930	El005G235340
OG0009012	As006G133240	El005G235170
OG0009013	As006G134080	El003G158100
OG0009014	As006G134370	El003G157380
OG0009015	As006G134500	El003G157510
OG0009016	As006G134920	El005G236060, El001G066110
OG0009017	As006G135170	El005G236340
OG0009018	As006G135550	El005G236720
OG0009019	As006G135610	El005G236840
OG0009020	As006G135840	El005G237100
OG0009021	As006G135930	El005G237200
OG0009022	As006G136080	El005G237350
OG0009023	As006G136150	El005G237420
OG0009024	As006G136160	El005G237430
OG0009025	As006G136460	El005G237750
OG0009026	As006G136720	El005G238050
OG0009027	As006G137270	El005G238560
OG0009028	As006G137330	El005G238660
OG0009029	As006G137340	El005G238670
OG0009030	As006G137480	El005G238900
OG0009031	As006G137660	El005G239040
OG0009032	As006G137830	El005G239240
OG0009033	As009G207100, As006G137860	El005G239350
OG0009034	As006G137910	El005G239440
OG0009036	As006G138400	El005G240010
OG0009037	As006G138450	El005G240060
OG0009038	As006G139040	El005G240620
OG0009039	As006G139060	El005G240640
OG0009040	As006G139590	El005G241230
OG0009041	As006G139860	El005G241460
OG0009042	As006G140160	El005G241760
OG0009043	As006G140280	El005G241920
OG0009044	As006G140540	El005G242180
OG0009045	As006G140780, As009G208470	El005G242360
OG0009046	As009G208490, As006G140790	El007G347060
OG0009047	As006G141030	El005G242570
OG0009048	As006G141060	El005G242610
OG0009049	As006G141080	El005G242640
OG0009050	As006G141670	El005G243390
OG0009051	As006G141700	El006G312150
OG0009052	As006G141800	El005G265950, El005G266070
OG0009053	As006G141810	El005G243490
OG0009054	As006G141880	El005G243550
OG0009055	As006G142230	El002G129290
OG0009056	As006G142280	El006G288990
OG0009057	As006G142350	El006G289060
OG0009058	As006G142450	El006G289110
OG0009059	As006G142550	El006G289210
OG0009060	As006G142590	El006G289250
OG0009061	As006G142720	El006G289380
OG0009062	As006G143340	El006G290120
OG0009063	As006G143350	El006G290130
OG0009064	As006G143520	El006G290380
OG0009065	As006G143720	El006G290800
OG0009066	As006G143920	El006G290500
OG0009067	As006G143950	El006G290900
OG0009068	As006G144360	El006G291400
OG0009069	As006G144370	El004G218740
OG0009070	As006G144400	El006G291420
OG0009071	As006G144660	El006G294720
OG0009072	As006G144720	El006G294650
OG0009073	As006G144740	El006G294620
OG0009074	As012G276230, As006G144760	El001G023180
OG0009075	As006G145080	El006G294250
OG0009076	As006G145190	El006G294090
OG0009077	As006G145460	El006G293610
OG0009078	As006G145720	El006G293480
OG0009079	As006G146050	El006G293110
OG0009080	As006G146930	El006G292420
OG0009081	As006G146940	El006G292410
OG0009082	As006G147260	El006G291580
OG0009083	As006G147310	El006G291590
OG0009084	As006G147940	El006G292230
OG0009085	As006G148410	El006G291710
OG0009086	As006G148420	El006G291870
OG0009087	As006G148610	El006G291880
OG0009088	As006G148830	El006G295170
OG0009089	As007G151900	El002G099310
OG0009090	As007G151920	El002G099330
OG0009091	As007G152000	El002G099460
OG0009092	As007G152060	El002G099530
OG0009093	As007G152180	El002G099640
OG0009094	As007G152210	El002G099710
OG0009095	As007G152440	El002G100040
OG0009096	As007G152660	El002G100170
OG0009097	As007G152890, As007G162460	El002G100400
OG0009098	As007G152980	El002G100490
OG0009099	As007G153010	El002G100520
OG0009100	As007G153290	El002G100870
OG0009101	As007G153650, As010G241560	El002G101320
OG0009102	As007G153810	El002G101460
OG0009103	As007G153920	El002G101490
OG0009104	As007G154080	El002G101780
OG0009105	As007G154600	El002G102330
OG0009106	As007G155010	El002G102760
OG0009107	As007G155050	El003G158280
OG0009108	As007G155070	El002G102810
OG0009110	As007G155460	El002G103270
OG0009111	As007G156120	El002G104240
OG0009112	As007G156130	El002G104250
OG0009113	As007G156360	El002G104530
OG0009115	As007G157120	El002G105490
OG0009116	As007G157770	El001G024930
OG0009117	As007G157910	El002G106370
OG0009118	As007G158070	El002G106490
OG0009119	As007G158080	El002G106500
OG0009120	As007G158720	El002G107810
OG0009121	As007G158730	El002G107840
OG0009122	As007G159220	El002G108360
OG0009123	As007G159470	El002G108670
OG0009124	As007G159600	El002G108780
OG0009125	As007G159690	El002G109120, El002G109130, El003G188910
OG0009126	As007G160210	El002G109960, El002G136990
OG0009127	As007G160330	El002G110190
OG0009128	As007G160560	El002G111420
OG0009129	As007G160610	El002G111320
OG0009130	As007G160660, As010G232420	El004G220410
OG0009131	As007G160770	El002G111150
OG0009132	As007G160920	El002G110890
OG0009133	As007G161000	El002G110820, El002G110690
OG0009134	As007G161010	El002G111680
OG0009135	As007G161290	El002G112020
OG0009136	As007G161320	El002G112040
OG0009137	As007G161560	El002G112360
OG0009138	As007G161590	El003G179110, El002G112410
OG0009139	As007G161860	El002G112640
OG0009140	As007G162090, As007G162100	El002G112960
OG0009141	As007G162760	El003G160490
OG0009142	As007G162940	El007G345110
OG0009143	As007G162980	El003G160220
OG0009144	As007G163550	El003G159900
OG0009145	As007G163730	El003G159800
OG0009146	As007G167100	El006G315070
OG0009148	As007G176810, As007G176820	El006G315820
OG0009149	As007G177640	El006G315740
OG0009150	As007G177990	El006G316850
OG0009151	As007G178310	El006G317150
OG0009152	As007G178970	El006G317770
OG0009153	As007G179130	El006G318090
OG0009154	As007G179580	El006G318580
OG0009155	As007G179720	El006G318880
OG0009156	As007G179780	El001G021750
OG0009157	As007G180150	El006G319640
OG0009158	As007G180250	El006G319790
OG0009159	As007G180660	El006G320470
OG0009160	As007G181040	El006G321220
OG0009161	As007G181950	El006G321580
OG0009162	As008G182420	El002G099080
OG0009163	As008G182670	El002G098820
OG0009164	As008G182780	El002G098650
OG0009165	As008G183180	El002G098090
OG0009166	As008G183270	El002G098060
OG0009167	As008G183440	El002G097820
OG0009168	As008G183960	El002G096930
OG0009169	As008G183980	El002G096960
OG0009170	As008G184350	El002G096550
OG0009171	As008G184880	El002G095830
OG0009172	As008G185600	El002G095160
OG0009173	As008G185680	El002G095040
OG0009174	As008G186050	El002G094670
OG0009175	As008G186790	El002G093830
OG0009176	As008G186830	El002G093810
OG0009177	As008G186930	El002G093710
OG0009178	As008G187340	El002G093230
OG0009179	As008G187540	El002G092670
OG0009180	As008G187640	El002G092880
OG0009181	As008G188250	El002G092330
OG0009182	As008G188450	El002G092100
OG0009183	As008G188540	El002G092030
OG0009184	As008G188920	El002G091840
OG0009185	As008G189090	El002G091720
OG0009186	As008G189310	El001G060260
OG0009187	As008G189380	El002G091580
OG0009188	As008G189500	El002G091530
OG0009189	As008G189850	El002G091300
OG0009190	As008G189870	El002G091310
OG0009191	As008G190010	El002G091330
OG0009192	As008G190070	El002G091350
OG0009193	As008G190600	El002G091230
OG0009194	As008G190940	El002G091170
OG0009195	As008G191250	El002G090690
OG0009196	As008G191310	El002G091050
OG0009197	As008G192130	El002G090280
OG0009198	As008G192730	El002G089970
OG0009200	As008G193650	El002G088840
OG0009201	As008G193700	El002G088780
OG0009202	As008G193870	El002G088670
OG0009203	As008G193910	El002G088640
OG0009205	As008G194430	El002G088070
OG0009206	As008G194920	El002G087590
OG0009207	As008G194930	El002G087570
OG0009208	As008G195010	El002G087440
OG0009209	As008G195110, As010G244040	El004G234320
OG0009210	As008G195560	El002G087050
OG0009211	As008G195710	El002G086900
OG0009212	As008G195790	El002G086850
OG0009213	As008G196040	El002G086550
OG0009214	As008G196300	El002G086260
OG0009215	As008G196590	El002G085880
OG0009216	As008G197030	El002G085310
OG0009217	As008G197410	El002G084880
OG0009218	As008G197490	El002G084810
OG0009219	As008G197680	El002G084510
OG0009220	As008G197910, As008G198100	El002G084240
OG0009221	As008G198030	El002G084160
OG0009222	As008G198230	El002G083930
OG0009223	As008G198350	El002G083860
OG0009224	As008G198410	El002G083810
OG0009225	As008G198510	El002G083680
OG0009226	As008G198580	El002G083600
OG0009227	As008G198620	El002G083530
OG0009228	As008G198690	El002G083200
OG0009229	As008G199110	El001G000630
OG0009230	As008G199460	El002G082570
OG0009231	As008G199630	El002G082460
OG0009232	As009G199790	El001G067640
OG0009233	As009G199840	El001G067580
OG0009234	As009G200170	El001G067310
OG0009235	As009G200290	El001G067460
OG0009236	As009G200650	El001G066580
OG0009237	As009G200690	El001G066530
OG0009238	As009G200750	El001G066450
OG0009239	As009G200890	El001G065740
OG0009240	As009G201180	El001G066040
OG0009241	As009G201350	El001G066250
OG0009242	As009G201560	El001G065600
OG0009243	As009G202040	El001G065190
OG0009244	As009G202110	El001G065110
OG0009245	As009G202630	El001G064260
OG0009246	As009G202710	El001G064200
OG0009247	As009G202960	El001G063890
OG0009248	As009G203050	El001G063780
OG0009249	As009G203530	El001G063290
OG0009250	As009G204000	El001G062540
OG0009251	As009G204710	El001G061610
OG0009252	As009G204800	El001G061520
OG0009253	As009G205120	El001G061120
OG0009254	As009G205130	El001G061080
OG0009255	As009G206510	El001G049420
OG0009256	As009G207140	El001G047650
OG0009257	As009G207300, As009G207960	El007G346150
OG0009258	As009G207350	El007G345290
OG0009259	As009G207900	El004G208900, El007G346490, El007G346460
OG0009260	As009G208150	El007G346880
OG0009261	As009G208170	El007G346930
OG0009262	As009G210270	El001G068020
OG0009263	As009G210410	El001G068100
OG0009264	As009G210690	El001G075040
OG0009265	As009G210710	El001G075020
OG0009267	As009G211490	El001G067840
OG0009268	As009G211750	El001G075210
OG0009269	As009G211780	El001G075240
OG0009270	As009G212010	El001G068360
OG0009272	As009G212460	El001G075940
OG0009273	As009G212660	El001G076150
OG0009274	As009G212700	El001G076210
OG0009275	As009G212950	El001G076400
OG0009276	As009G213350	El001G076920
OG0009277	As009G213860	El001G077050
OG0009278	As009G213890	El001G077080
OG0009279	As009G214220	El001G077340
OG0009280	As009G214270	El001G077740
OG0009281	As009G215050	El001G052670
OG0009282	As009G215100	El001G052420
OG0009283	As009G215260	El001G052630
OG0009284	As009G215360	El001G052990
OG0009285	As009G215430	El001G053390
OG0009286	As009G215500	El001G053600, El002G128900
OG0009287	As009G215670	El001G054250
OG0009288	As009G215690	El001G054310
OG0009289	As009G215870	El001G054760
OG0009290	As009G215930	El001G055050
OG0009291	As009G215990	El001G025550
OG0009292	As009G216000	El001G055150
OG0009293	As009G216200	El001G055410, El001G055380
OG0009294	As009G216710	El001G056090
OG0009295	As009G217070	El001G056540
OG0009296	As009G217120	El001G056650
OG0009297	As009G217170	El001G056720
OG0009298	As009G217190	El001G056750
OG0009299	As009G217340	El001G056970
OG0009300	As009G217800	El007G329740
OG0009301	As009G218320	El007G329060
OG0009302	As009G218440	El007G328830
OG0009303	As009G219260	El007G327760
OG0009304	As009G219350, As010G223030	El001G017700
OG0009305	As009G219410	El007G327610
OG0009306	As009G219580	El007G332650
OG0009307	As009G219970	El007G333080
OG0009308	As010G220370	El001G021530
OG0009309	As010G220390	El001G021480
OG0009310	As010G220400	El001G021460
OG0009311	As010G220520	El001G021300
OG0009312	As010G220620	El001G021150
OG0009313	As010G220860	El001G020740
OG0009314	As010G220970	El001G020620
OG0009315	As010G221350	El001G020000
OG0009316	As010G221380	El001G019970
OG0009317	As010G221400	El001G019950
OG0009318	As010G221660	El001G019520
OG0009319	As010G222050	El001G019150
OG0009320	As010G222170	El001G018850
OG0009321	As010G222430	El001G018440
OG0009322	As010G222580	El001G018220
OG0009323	As010G222710	El001G018110
OG0009324	As010G222780, As010G222770	El001G018020
OG0009325	As010G223160	El001G017510
OG0009326	As010G223290	El001G017410
OG0009327	As010G223700	El001G016680
OG0009328	As010G226210	El001G012670
OG0009329	As010G226500	El001G011680
OG0009330	As010G226860	El003G149590
OG0009331	As010G227410	El001G046650
OG0009332	As010G228440	El004G217410
OG0009333	As010G230630	El004G217440
OG0009334	As010G231180	El004G219410
OG0009335	As010G231380	El004G219690
OG0009336	As010G231550	El004G219580
OG0009337	As010G232020	El004G220090
OG0009338	As010G232270	El004G220300
OG0009339	As010G232390	El004G220390
OG0009340	As010G232590	El004G220620
OG0009341	As010G232790	El006G310330
OG0009342	As010G232850	El004G221080
OG0009343	As010G232860	El004G221090
OG0009344	As010G233030	El004G221380
OG0009345	As010G233310	El004G221990
OG0009346	As010G233620	El004G222330
OG0009347	As010G234080	El004G223080
OG0009348	As010G234210	El004G223200
OG0009349	As010G234400	El004G223440
OG0009350	As010G234680	El004G223680
OG0009351	As010G234770	El004G223770
OG0009352	As010G235040	El004G224080
OG0009353	As010G235110	El004G224170
OG0009354	As010G235120	El004G224180
OG0009355	As010G235130	El004G224190
OG0009356	As010G235220	El004G231580
OG0009357	As010G236180	El004G230340
OG0009358	As010G236250	El004G230240
OG0009359	As010G236430	El004G230000
OG0009360	As010G236460	El005G259360
OG0009361	As010G236520	El004G229930
OG0009362	As010G236590	El004G229850
OG0009363	As010G237810	El004G228320
OG0009364	As010G238360	El004G227750
OG0009365	As010G238610	El004G227490
OG0009366	As010G238630	El004G227470
OG0009367	As010G239000	El004G227070
OG0009368	As010G239030	El004G227040
OG0009369	As010G239050	El004G227020
OG0009370	As010G239700	El004G226220
OG0009371	As010G240080	El004G225900
OG0009372	As010G240120	El002G102430
OG0009373	As010G240130	El004G225770
OG0009374	As010G240160	El004G225730
OG0009375	As010G240260	El004G225580
OG0009376	As010G240650	El001G064670, El003G149800, El005G267360
OG0009377	As010G240790	El004G225120
OG0009378	As010G241100	El004G224740
OG0009379	As010G241190	El004G224700
OG0009381	As010G241310	El004G224490
OG0009382	As010G241470	El004G224340
OG0009383	As010G241610	El004G231680
OG0009384	As010G241650	El004G231740
OG0009385	As010G241670	El004G231790
OG0009386	As010G241980	El004G231960
OG0009387	As010G242010	El004G231990
OG0009388	As010G242030	El004G232040
OG0009389	As010G242110	El004G232200
OG0009390	As010G242300	El004G232370
OG0009391	As010G242490	El004G232570
OG0009392	As010G243160	El004G233360
OG0009393	As010G243180	El004G233380
OG0009394	As010G243320	El004G233470
OG0009395	As010G243620	El004G233880
OG0009396	As010G243980	El004G234270
OG0009397	As010G244080	El004G234360
OG0009398	As010G244290	El004G234550
OG0009399	As010G244310	El004G234570
OG0009400	As010G244450	El004G234700
OG0009401	As011G244680	El005G248600
OG0009402	As011G244840	El005G248860
OG0009403	As011G244890	El005G248960
OG0009404	As011G244900	El005G248980
OG0009405	As011G245090	El005G249170
OG0009406	As011G245260	El005G249300
OG0009407	As011G245500	El005G249480
OG0009408	As011G245700	El005G249740
OG0009409	As011G246350	El005G250500
OG0009410	As011G246370	El005G250540
OG0009411	As011G246460	El005G250650
OG0009412	As011G246510	El005G250720
OG0009413	As011G246710	El005G250860
OG0009414	As011G246840	El005G251030
OG0009416	As011G247180	El005G251470
OG0009417	As011G247210	El005G251510
OG0009418	As011G247230	El005G251530
OG0009419	As011G247860	El005G252330
OG0009420	As011G247980	El005G252450
OG0009421	As011G248000	El005G252470
OG0009422	As011G248030	El005G252510
OG0009423	As011G248050	El005G252530
OG0009424	As011G248300	El005G252860
OG0009425	As011G248320	El005G252900
OG0009426	As011G248370	El005G252950
OG0009427	As011G249000	El005G253600
OG0009428	As011G249040	El005G253660
OG0009429	As011G249060	El005G253680
OG0009430	As011G249350	El005G254130
OG0009431	As011G249400	El005G254230
OG0009432	As012G276930	El005G275900
OG0009432	As011G249410	El005G254240
OG0009433	As011G249500	El001G000830
OG0009434	As011G249700, As012G273820	El005G254550
OG0009435	As011G250100	El005G255140
OG0009436	As011G250330	El005G255410
OG0009437	As011G250440	El005G255680
OG0009438	As011G250680	El005G255890
OG0009439	As011G250720	El005G255930
OG0009440	As011G251070	El005G256330
OG0009442	As011G251590	El005G257000
OG0009443	As011G251600	El005G257010
OG0009444	As011G252010	El005G257500
OG0009445	As011G252060	El005G257580
OG0009446	As011G252580	El005G258060
OG0009447	As011G252730	El005G258240
OG0009448	As011G252750	El005G258290
OG0009449	As011G252840	El005G258390
OG0009450	As011G253130	El005G258880
OG0009451	As011G253280	El005G259170
OG0009452	As011G253770	El005G260030
OG0009453	As011G254280	El005G261110
OG0009454	As011G254450	El005G261320
OG0009455	As011G254840	El005G262500
OG0009456	As011G255370	El005G264910
OG0009457	As011G255380	El005G264920
OG0009458	As011G257650	El005G268670, El005G268740
OG0009459	As011G259020	El007G342620
OG0009460	As011G259660	El005G271420
OG0009461	As011G259670	El005G271360
OG0009462	As011G260590	El005G271570
OG0009463	As011G260720	El005G271710
OG0009464	As011G260730	El005G271720
OG0009465	As011G260910	El005G271880
OG0009466	As011G262610	El004G205120, El001G069610
OG0009467	As011G262870	El005G273100
OG0009468	As011G262880	El005G273110
OG0009469	As011G262910	El005G273130
OG0009470	As011G262920	El005G273180
OG0009471	As011G264240	El005G274590
OG0009472	As011G264430	El005G274870
OG0009473	As011G264460	El005G274920
OG0009474	As011G264840	El005G275480
OG0009475	As011G265230	El005G276880
OG0009476	As011G265820	El005G277490, El005G277510
OG0009477	As011G266250	El005G278000
OG0009478	As011G266970	El005G278730
OG0009479	As011G266990	El005G278750
OG0009480	As011G267060	El005G278810
OG0009481	As011G267130	El005G278900
OG0009482	As011G267450	El005G279480
OG0009484	As012G268740	El002G140280
OG0009485	As012G268870	El002G140080
OG0009486	As012G269250	El002G139690
OG0009487	As012G269450	El002G139340
OG0009488	As012G269470	El002G139320
OG0009489	As012G269690	El002G138900
OG0009490	As012G269960	El002G138550, El002G138650
OG0009491	As012G270110	El002G137990
OG0009492	As012G270180	El002G137860
OG0009493	As012G270670	El002G137210
OG0009494	As012G271610	El002G135180
OG0009495	As012G271760	El002G135460
OG0009496	As012G272230	El002G134600
OG0009497	As012G272380	El002G134420
OG0009498	As012G272420	El002G134260
OG0009500	As012G272670	El002G133930
OG0009501	As012G272770	El002G133720
OG0009502	As012G272800	El002G133610
OG0009503	As012G273070	El001G034870
OG0009504	As012G273290	El002G132910
OG0009505	As012G273320	El002G132860
OG0009506	As012G273350	El002G132780
OG0009507	As012G275130	El006G296620
OG0009508	As012G275230	El006G296680
OG0009509	As012G275440	El006G296890
OG0009510	As012G275450	El001G022230
OG0009511	As012G275640	El001G022440
OG0009512	As012G275710	El001G022510
OG0009513	As012G276410	El001G023390
OG0009514	As012G276710	El001G023790
OG0009515	As012G276780	El001G023750
OG0009516	As012G277230	El001G024120
OG0009517	As012G277710	El001G024510
OG0009518	As012G278120	El001G024750
OG0009519	As012G278300	El001G024840
OG0009520	As012G278580	El001G024860
OG0009521	As012G279180, As012G279190	El001G021970
OG0009522	As012G279430	El001G024890
OG0009523	As012G279850	El007G356410, El007G356420, El007G356400
OG0009524	As012G280040	El001G025470
OG0009525	As012G280100	El001G025460
OG0009526	As012G280400	El006G291180
OG0009527	As012G280410	El001G025590
OG0009528	As012G280980	El001G025800
OG0009529	As012G281780	El001G026300
OG0009530	As012G282470	El001G027250
OG0009531	As012G282490	El001G027270
OG0009532	As012G282690	El001G027500
OG0009533	As012G282790	El001G027600
OG0009534	As012G283440	El001G028300
OG0009535	As012G283500	El001G028360
OG0009536	As012G283600	El001G028450
OG0009537	As012G284410	El001G029500
OG0009538	As012G284550	El001G029710
OG0009539	As012G284620	El001G029770
OG0009540	As012G285050	El001G030440
OG0009541	As012G285150	El001G030600
OG0009542	As012G285350	El001G030880
OG0009543	As012G285500	El001G031040
OG0009544	As012G286210	El001G056440, El003G188750
OG0009545	As012G286640	El001G032250
OG0009546	As012G286650	El001G032270
OG0009547	As012G286810	El001G032450
OG0009548	As012G287120	El001G033000
OG0009549	As012G287300	El001G033140
OG0009550	As012G287320	El001G033170
OG0009551	As012G287580	El001G033650
OG0009552	As012G288340	El001G034680
OG0009553	As012G288350	El001G034690
OG0009554	As012G288980	El001G035430
OG0009555	As012G289080	El001G035540
OG0009556	As012G289170	El001G035630
OG0009557	As012G289460	El001G032710
OG0009558	As224G297350	El024G373170, El036G374390, El024G373140, El043G374990, El043G375040, El036G374340, El028G373590
OG0009635	As011G267520	El005G279410
OG0009636	As001G000990, As003G056310	El003G168890, El006G319880
OG0009637	As001G001220, As009G211040	El003G153430, El003G154260
OG0009638	As001G001430	El003G153660
OG0009639	As001G001670	El003G153410
OG0009640	As001G001770	El003G153290
OG0009641	As001G002120	El003G152980, El008G370520
OG0009642	As001G002360	El003G152720
OG0009643	As009G214200, As001G002400	El003G152480
OG0009644	As001G002840	El001G060230
OG0009645	As001G002950	El003G152220
OG0009646	As001G003310	El003G151880
OG0009647	As001G003360	El002G130920
OG0009648	As001G003970	El005G243630, El003G151210
OG0009649	As001G004990	El003G150270
OG0009650	As001G005880	El003G149820
OG0009651	As001G006070	El003G149880
OG0009652	As001G006750	El003G149540
OG0009653	As001G010190	El003G149220
OG0009654	As001G012040, As001G012030	El001G058730
OG0009655	As001G012270	El003G148880
OG0009656	As001G012360	El003G148840
OG0009657	As001G013740	El003G148520
OG0009658	As011G262930	El005G273200
OG0009659	As001G013920	El003G148140
OG0009660	As001G014760	El003G147490
OG0009661	As001G014840	El003G147380
OG0009662	As001G015030	El001G057530, El006G311340
OG0009663	As001G015490	El003G147170
OG0009664	As001G015670	El002G118020
OG0009665	As001G016100, As001G016130, As001G016150, As001G016080	El002G118890
OG0009666	As001G016360	El002G119070
OG0009667	As001G016380	El002G119080
OG0009668	As001G016450	El002G119160
OG0009669	As001G016810	El002G119720
OG0009670	As001G016890	El002G119740
OG0009671	As001G016980	El002G119890
OG0009672	As001G017070	El002G119980
OG0009673	As001G017110	El003G162540
OG0009674	As001G017130, As004G079770	El002G120150
OG0009675	As001G017170	El002G120190
OG0009676	As001G017180	El002G120200
OG0009677	As001G017200	El002G120220
OG0009678	As001G017420	El003G170120
OG0009679	As001G017450	El003G170180
OG0009680	As001G018100	El003G171230
OG0009681	As001G018310	El003G171340
OG0009682	As001G018940	El004G208770, El004G208600
OG0009683	As001G019220	El004G206370
OG0009684	As001G019250	El004G206310
OG0009685	As001G019270	El004G206280
OG0009687	As001G019710	El004G203460
OG0009688	As008G187290, As001G020180	El004G202140
OG0009689	As001G020190, As001G020200	El004G202150
OG0009690	As001G020470	El004G201600
OG0009691	As001G021370, As001G021300	El004G200140
OG0009692	As009G211840, As001G021390	El004G200120
OG0009693	As001G021930	El004G199090
OG0009695	As001G022480	El001G036240
OG0009696	As001G022500	El001G036260
OG0009697	As001G022550	El001G036290
OG0009698	As001G022560	El002G099060
OG0009699	As001G022610	El001G036350
OG0009700	As001G022760	El001G036560
OG0009701	As008G182830, As001G023290	El002G098580
OG0009702	As001G023360	El001G037250
OG0009703	As001G023870	El001G038110
OG0009704	As001G024330	El001G038850
OG0009705	As001G024390	El001G038950
OG0009706	As001G024410	El001G038970
OG0009707	As001G024720	El001G039670
OG0009708	As001G024730	El001G039700
OG0009709	As001G024980	El001G040080
OG0009710	As001G025370	El001G040830
OG0009711	As001G025460	El001G040950
OG0009712	As001G025650	El001G041240
OG0009713	As001G025660	El001G041250
OG0009714	As001G026360	El001G042330
OG0009715	As001G026600	El001G042630
OG0009716	As001G027450	El001G044390
OG0009717	As001G027470	El001G044430
OG0009718	As001G027540	El001G044480
OG0009719	As001G027780	El001G045190
OG0009720	As001G027960	El001G045890
OG0009721	As001G027970	El001G045900
OG0009722	As001G028070	El003G188460
OG0009723	As001G028330	El004G217220
OG0009724	As001G028340	El004G217210
OG0009725	As001G028740	El004G215810
OG0009726	As001G029100	El004G215130
OG0009727	As001G029130	El004G214980
OG0009728	As001G029400	El004G213630
OG0009729	As001G029460	El004G213210
OG0009730	As001G029470	El004G213050
OG0009731	As001G029660	El004G211790
OG0009732	As001G029700	El004G211680
OG0009733	As001G029770	El004G211500
OG0009734	As001G030310	El004G193880
OG0009735	As001G030340	El004G193940
OG0009736	As001G030500	El004G194120
OG0009737	As001G030590	El004G194280
OG0009738	As001G030870	El004G194790
OG0009739	As001G031020	El004G195170
OG0009740	As001G031150	El004G195660
OG0009741	As001G031560	El004G196630
OG0009742	As001G031710	El004G197060
OG0009743	As001G031730	El002G095980
OG0009744	As001G032270	El004G198320
OG0009745	As002G032450	El006G321170
OG0009746	As002G032570	El003G158570
OG0009747	As002G032640	El003G158470, El004G209660
OG0009748	As002G032950, As002G033130	El006G288140
OG0009749	As002G033160	El006G288170
OG0009750	As002G033590	El006G288590
OG0009751	As002G033610	El006G288610
OG0009752	As002G033630	El006G288640
OG0009753	As002G033650	El006G288660
OG0009754	As002G033690	El006G288710
OG0009755	As002G033700	El006G288720
OG0009756	As002G034150, As002G034120	El005G244450
OG0009757	As002G034470, As002G034560, As002G034630	El005G244830
OG0009758	As002G035300	El005G245430
OG0009759	As002G036030	El004G215420
OG0009760	As002G036650	El005G246480
OG0009761	As002G036850	El005G246570
OG0009762	As002G037130	El005G246860
OG0009763	As002G037850	El005G247650
OG0009764	As002G038830	El005G248090
OG0009765	As002G040280	El005G274510
OG0009767	As002G041820	El007G344370
OG0009768	As002G041860	El007G344310
OG0009769	As002G041980	El007G344150
OG0009770	As002G042120	El007G344070
OG0009771	As002G042740	El007G343230
OG0009772	As002G043120	El007G342930, El007G342970
OG0009773	As002G043130	El007G342920
OG0009774	As002G043360	El007G342660
OG0009775	As002G043400	El007G342580
OG0009776	As002G043420	El001G067850
OG0009777	As002G043720	El007G341980
OG0009778	As002G043920	El007G341590
OG0009779	As002G044040	El007G341430
OG0009780	As002G044130	El007G341350
OG0009781	As002G044180	El007G341210
OG0009782	As002G044290	El007G341080
OG0009783	As002G044610	El007G340590, El007G340660
OG0009784	As002G044660	El007G340510
OG0009785	As002G044680	El007G340390, El007G340440
OG0009786	As002G044700	El007G339820
OG0009787	As002G044750	El007G339880, El003G187590
OG0009788	As002G044800	El007G339980
OG0009789	As002G045070	El007G339760
OG0009790	As002G045320	El007G339500
OG0009791	As002G045590	El007G338680
OG0009792	As002G045710	El007G338840
OG0009793	As002G045760	El007G338890
OG0009794	As002G045840	El007G338970
OG0009795	As002G046060	El007G338120
OG0009796	As002G046380	El007G337800
OG0009797	As002G046480	El007G337630
OG0009798	As002G046850	El007G337240
OG0009799	As002G046990	El007G337140, El007G337110
OG0009800	As002G047380	El007G336510
OG0009801	As002G047470	El007G336410
OG0009802	As002G047580	El007G336300
OG0009803	As002G048050	El007G335850
OG0009804	As002G048190	El007G335480
OG0009805	As002G048260	El007G335350
OG0009806	As002G048460	El007G335190
OG0009807	As002G048510	El007G335090
OG0009808	As002G048640	El007G334890
OG0009809	As002G049220	El007G334120
OG0009810	As002G049380	El007G333870
OG0009811	As002G049420	El007G333830
OG0009812	As002G049450	El007G333800
OG0009813	As002G049820	El007G333530
OG0009814	As002G049900	El007G333430
OG0009815	As002G049920	El007G333410
OG0009816	As002G050040	El001G030570
OG0009817	As002G050200	El002G128390
OG0009818	As002G050470	El001G068520
OG0009819	As002G050500	El001G068570
OG0009820	As002G050970	El001G069230
OG0009821	As002G050990	El001G069250
OG0009822	As002G051010	El001G069270
OG0009823	As002G051020	El001G069280
OG0009824	As002G051130	El001G069390
OG0009825	As002G051230	El001G069510
OG0009826	As002G051260	El001G069540
OG0009827	As002G051330	El001G069620
OG0009828	As002G051720	El001G070090
OG0009829	As002G051770	El001G070150
OG0009830	As002G052170	El001G070790, El001G070830, El001G070730
OG0009831	As002G052250	El001G070940
OG0009832	As002G052330	El001G071030
OG0009833	As002G052390	El001G071090
OG0009834	As002G052900, As002G052890	El001G071570
OG0009835	As002G053130	El001G071840
OG0009836	As002G053750	El001G072560
OG0009837	As002G053760	El007G326110
OG0009838	As002G053960	El001G072770
OG0009839	As002G054340	El001G073270
OG0009840	As002G054480	El001G073370
OG0009842	As002G054900	El001G073840
OG0009843	As002G055110	El001G074110
OG0009844	As002G055280	El001G074290
OG0009845	As003G055690	El001G017170
OG0009846	As003G055840	El003G169470
OG0009847	As003G056160	El003G169030
OG0009848	As003G056710	El003G168310
OG0009849	As003G056730	El003G168290
OG0009850	As003G056890	El003G168080
OG0009851	As003G057180	El003G167650
OG0009852	As003G057380	El003G167340
OG0009853	As003G057640	El003G166930
OG0009854	As003G057760	El003G166660
OG0009855	As003G058110	El004G222530, El003G166000
OG0009856	As003G059000	El003G165000
OG0009857	As003G059080	El003G164880
OG0009858	As003G059810	El003G164130
OG0009859	As003G059980	El003G163830
OG0009860	As003G061010	El003G162330
OG0009861	As003G061030	El003G162310
OG0009862	As003G061410	El003G161780
OG0009863	As003G061500	El003G161640
OG0009864	As003G061550, As003G061530, As003G061540	El003G161610, El003G161590
OG0009865	As003G062180	El003G160730
OG0009866	As003G062290	El002G120260
OG0009867	As003G063000	El002G121800
OG0009868	As003G063240	El002G122350
OG0009869	As003G063330	El002G122880
OG0009870	As003G063340	El002G122900, El002G123160, El002G122890, El002G123170
OG0009871	As003G063380	El002G122950
OG0009872	As003G063940	El002G123690
OG0009873	As003G064790	El002G127260
OG0009874	As003G065500	El002G130250
OG0009875	As003G066330	El002G125980
OG0009876	As003G066780	El002G129370
OG0009877	As003G068460	El002G113770
OG0009879	As003G069930	El002G115190
OG0009880	As003G070130	El002G115650
OG0009881	As003G070150	El002G115670
OG0009882	As003G070330	El002G115900
OG0009883	As003G070470	El002G116060
OG0009884	As003G070480	El002G116070
OG0009885	As003G070790	El002G116510, El002G116490
OG0009886	As003G070840	El002G116560
OG0009887	As003G070860	El002G116600
OG0009888	As003G071070	El002G117100
OG0009889	As003G071320	El002G117420, El002G117430
OG0009890	As003G071540	El002G117620
OG0009891	As003G071690	El003G146870
OG0009892	As003G071730	El003G146830
OG0009893	As003G072440	El003G145990
OG0009894	As003G072550	El003G145840
OG0009895	As003G072880	El003G145510
OG0009896	As003G072900	El003G145490
OG0009897	As003G072980	El003G145410
OG0009898	As003G073060	El003G145320
OG0009899	As003G073220	El003G145170
OG0009900	As003G073240	El003G145150
OG0009901	As007G179610	El006G318660
OG0009902	As003G073540	El003G144830
OG0009903	As003G073680, As007G179700	El006G318860
OG0009904	As003G073760	El003G144490
OG0009905	As003G073880	El003G144560
OG0009906	As003G074070	El003G144320
OG0009907	As003G074140	El003G144230
OG0009908	As003G074260	El003G144140
OG0009909	As003G074390	El003G144270, El003G143980, El003G143990
OG0009910	As003G074440	El003G143900
OG0009911	As003G074700	El003G143630
OG0009912	As003G074970	El003G143290
OG0009913	As003G075040	El003G143220
OG0009914	As003G075460	El003G142890
OG0009915	As003G075810	El003G142520
OG0009916	As003G075910	El003G142410
OG0009917	As003G076650	El003G141580
OG0009918	As004G076730	El003G183600
OG0009919	As004G076780	El003G181650
OG0009920	As004G077800	El003G187500
OG0009921	As004G078320	El003G189200
OG0009922	As004G078370	El003G189260
OG0009923	As004G078480	El003G189580
OG0009924	As004G078770	El006G296050
OG0009925	As004G079050	El006G295410
OG0009926	As004G079100	El004G199360
OG0009927	As004G079280	El001G033270
OG0009928	As004G079450	El006G295570
OG0009929	As004G079460	El006G295590
OG0009930	As004G079540	El006G295690
OG0009931	As004G079620	El006G295750
OG0009932	As004G079690	El006G295800
OG0009933	As004G080000	El001G009700
OG0009934	As004G080050	El001G009780
OG0009935	As004G080200	El001G010070
OG0009936	As004G080940	El007G340960
OG0009937	As004G081200	El006G297660
OG0009938	As004G081590	El006G298250
OG0009939	As004G081680	El006G298330
OG0009940	As004G081700	El006G298350
OG0009941	As004G082390	El007G357510
OG0009942	As004G082500	El007G357250
OG0009943	As004G082940	El007G355460
OG0009944	As004G083330	El001G009360
OG0009946	As004G083450	El001G009200
OG0009947	As004G083860	El001G008540
OG0009948	As004G083900	El001G008320
OG0009949	As004G084720	El001G007120
OG0009951	As004G085280	El001G006060
OG0009952	As004G085560	El001G005690
OG0009953	As004G085620	El001G005610
OG0009954	As004G085720	El001G005380
OG0009955	As004G085740	El001G005360
OG0009957	As004G086110	El001G004890
OG0009958	As004G086680	El007G360980
OG0009959	As004G087640	El007G362600
OG0009960	As004G087760	El007G363160
OG0009961	As004G087880	El007G363330
OG0009962	As004G087890	El007G363340
OG0009963	As004G088530	El007G364670
OG0009964	As004G088870	El007G364880, El007G364780, El007G364830, El007G364870, El007G364770
OG0009965	As004G089030	El007G365400
OG0009967	As004G089600	El007G365980
OG0009968	As004G090120, As005G098720	El006G279830
OG0009969	As004G090320	El007G366810
OG0009970	As004G090670	El007G366850
OG0009971	As004G091000	El007G366590
OG0009972	As004G092850	El003G179770
OG0009973	As011G255290, As004G093540	El005G264670
OG0009974	As004G093580	El003G145110
OG0009975	As004G093990	El003G177840, El003G177870
OG0009976	As004G094060	El001G024960
OG0009977	As004G094460	El003G177240
OG0009978	As004G094580	El003G176740
OG0009979	As004G095220	El003G175660
OG0009980	As004G095710	El003G174820
OG0009981	As004G095890	El003G174330
OG0009982	As004G096640	El005G259720
OG0009983	As004G096780	El003G189910
OG0009984	As004G096790	El003G190020
OG0009986	As004G096980	El003G190710
OG0009987	As004G097010, As004G097000	El003G190740, El003G190730
OG0009988	As004G097220	El006G291140
OG0009989	As004G097960	El003G192620
OG0009990	As004G098140	El003G193140
OG0009991	As004G098340	El003G193460
OG0009992	As005G098590	El001G009710
OG0009993	As005G098670	El006G279770
OG0009994	As005G099250	El006G280180
OG0009995	As005G099550	El006G280480
OG0009996	As005G099590	El006G280510
OG0009997	As005G100260	El006G281140
OG0009999	As005G100360	El006G281250
OG0010000	As009G210800	El006G281850
OG0010001	As005G100870	El006G281880
OG0010002	As005G101290	El006G282530
OG0010003	As005G101640	El006G282920
OG0010004	As005G101770	El006G283060
OG0010005	As005G101870	El006G283150
OG0010006	As005G101880	El006G283160
OG0010007	As005G102230	El006G283570
OG0010008	As005G102250	El006G283610
OG0010009	As005G103180, As011G267580	El005G279550
OG0010010	As005G103230	El006G284840, El004G217630
OG0010011	As005G103440	El006G285060
OG0010012	As005G103460	El006G285070
OG0010013	As005G103590	El006G285160
OG0010014	As005G103770	El006G285320
OG0010015	As005G104190	El006G285750
OG0010016	As005G104230	El006G285790
OG0010017	As005G104250	El006G285820
OG0010018	As005G104280	El006G285840
OG0010019	As005G105100	El006G287120
OG0010020	As005G105130	El006G287040
OG0010021	As005G105320	El001G029100
OG0010022	As005G105500	El006G287410
OG0010023	As005G105750, As005G105730, As005G105760	El006G287650
OG0010024	As005G106010	El006G287820
OG0010025	As005G106120	El006G287870
OG0010026	As005G107200	El001G080980
OG0010027	As005G107210	El001G080970
OG0010028	As005G107460	El001G080740
OG0010029	As005G107630	El001G080450
OG0010030	As005G107720	El001G080220
OG0010031	As005G107830	El001G080020
OG0010032	As005G108150	El001G079620
OG0010033	As005G108220	El001G079560
OG0010034	As005G108260	El001G079440
OG0010035	As005G108290	El001G079370
OG0010036	As005G108390	El001G079250
OG0010037	As005G108410	El001G079240
OG0010038	As005G108840	El001G078780
OG0010039	As005G108910	El001G078690
OG0010040	As005G109900	El001G060970
OG0010041	As005G110190	El001G060600
OG0010042	As005G110390	El001G060710
OG0010043	As005G110520	El001G060050
OG0010044	As005G110750	El001G060040
OG0010045	As005G110780	El001G059890
OG0010046	As005G110960	El001G059930
OG0010047	As005G111720	El001G059570
OG0010048	As005G111760	El001G059560
OG0010049	As009G201830, As005G111840	El001G065350
OG0010050	As005G112170	El001G059320
OG0010051	As005G112340	El001G059190
OG0010052	As005G112580	El001G058960
OG0010053	As005G112610	El001G058910
OG0010054	As005G112820	El003G192050
OG0010055	As005G113540	El001G057800
OG0010056	As005G113960	El007G330160
OG0010057	As005G114140, As008G189680, As005G114150	El007G330370
OG0010058	As005G114240	El007G330490
OG0010059	As005G114560	El007G330890
OG0010060	As005G115470	El007G331460
OG0010061	As005G115770	El002G113620
OG0010062	As005G115940	El007G332460, El004G208030, El004G208170, El004G208020
OG0010063	As005G116160	El007G327360
OG0010064	As005G116230	El007G327270
OG0010065	As005G116250	El007G327260
OG0010066	As005G116290	El007G327190
OG0010067	As005G116320	El007G347440, El004G208220, El004G207660, El004G207890, El004G207900, El007G336420
OG0010068	As005G116900	El002G130400
OG0010069	As005G117140	El007G326310
OG0010070	As005G117290	El007G326180
OG0010071	As005G117370	El007G326090
OG0010072	As005G117970	El007G325350, El004G223900
OG0010073	As005G118200	El007G325170
OG0010074	As005G118220	El007G325140
OG0010075	As005G118710	El007G324440
OG0010076	As005G118740	El007G324400
OG0010077	As005G119450	El007G323470
OG0010079	As005G119670	El007G323200
OG0010080	As005G119690	El007G323180
OG0010081	As005G119700	El007G323170
OG0010082	As005G119900	El007G322910
OG0010083	As005G120330	El001G017360
OG0010084	As005G120410	El007G322430
OG0010085	As005G120820	El001G021650
OG0010086	As005G120890	El007G321930
OG0010087	As006G121090	El001G000110
OG0010088	As006G121310	El001G000760
OG0010089	As006G121360	El001G000700
OG0010090	As007G154480	El002G102460
OG0010091	As006G121880	El001G001010
OG0010092	As006G122400	El001G001670
OG0010093	As006G122670	El001G002100
OG0010094	As006G122990	El001G002670
OG0010096	As006G123150	El001G002860
OG0010097	As006G123370	El001G003100
OG0010098	As006G123510	El001G003290
OG0010099	As006G123890	El001G003800
OG0010100	As006G123960	El001G003870
OG0010101	As006G124000	El001G003910
OG0010102	As006G124030	El001G003960
OG0010103	As006G124060	El001G004000
OG0010104	As006G124240	El001G004320
OG0010105	As006G124920	El007G359250
OG0010106	As006G125320	El006G298550
OG0010107	As006G125400	El006G298640
OG0010108	As006G126150	El006G299830
OG0010109	As006G126220	El006G299560, El003G154010
OG0010110	As006G126790	El006G300350
OG0010111	As006G126950	El006G300540
OG0010112	As006G127450	El006G301260
OG0010113	As006G127610	El006G301470
OG0010114	As006G127890	El006G301910
OG0010115	As006G128130	El006G302310
OG0010116	As006G128510	El006G302880
OG0010117	As006G128630	El006G303050, El006G303060
OG0010118	As006G129220	El006G304320
OG0010119	As006G129640	El006G304950
OG0010120	As006G129820	El006G305120
OG0010121	As006G130000	El006G305600
OG0010122	As006G130020	El006G305650
OG0010123	As006G130080	El006G305760
OG0010124	As006G130280	El006G306190
OG0010125	As006G130290	El006G306210
OG0010126	As006G130300	El006G306220
OG0010127	As006G130850	El006G307240
OG0010128	As006G131100	El006G309440
OG0010129	As006G131220	El002G086950
OG0010130	As006G131260	El006G310310
OG0010131	As006G131710	El006G312510
OG0010132	As006G132330	El003G156780
OG0010133	As006G133360	El005G235060
OG0010134	As006G141930, As006G133720	El005G243670
OG0010135	As006G133850	El001G082210
OG0010136	As006G134020	El006G287960
OG0010137	As006G134060	El006G288000
OG0010138	As006G134100	El003G158080
OG0010139	As006G134140	El003G158020
OG0010140	As006G134790	El005G235900
OG0010141	As006G135810	El005G237060
OG0010142	As006G136220	El005G237490
OG0010143	As006G136240	El005G237510
OG0010144	As006G136670	El005G238000
OG0010145	As006G136730	El005G238070
OG0010146	As009G203880, As009G209970, As006G136840	El005G238180
OG0010147	As006G136950	El005G238280
OG0010148	As006G137520	El005G238950
OG0010149	As006G137670	El005G239050
OG0010150	As006G138000	El005G239550
OG0010151	As006G139110	El005G240700
OG0010152	As006G140310	El005G241960
OG0010153	As006G140320	El005G241970
OG0010154	As006G140560	El005G242200
OG0010155	As006G140620	El005G242260
OG0010156	As006G140770	El005G242350
OG0010157	As006G141510	El005G243230
OG0010158	As006G141710	El005G243420
OG0010159	As009G218570, As006G141740	El007G328660
OG0010160	As006G142020	El005G243850
OG0010161	As006G143000	El006G289790
OG0010162	As006G143190	El006G289980
OG0010163	As006G143220	El006G290010
OG0010164	As006G143560	El006G290460
OG0010165	As012G280990	El001G025810
OG0010166	As006G144090, As006G144100	El006G291040
OG0010167	As006G144320	El006G291360
OG0010168	As006G145000	El006G294350
OG0010169	As006G145200	El006G294070, El006G294080
OG0010170	As006G145400	El003G170880, El006G293690
OG0010171	As006G145760	El006G293400
OG0010172	As006G145770	El006G293380
OG0010173	As006G145920	El006G293210
OG0010174	As006G146840	El006G292480
OG0010175	As006G147430, As006G147420	El006G292100
OG0010176	As006G147710	El006G292180
OG0010178	As006G148550	El002G088960
OG0010179	As006G148870	El006G291490
OG0010180	As007G152030	El002G099500
OG0010181	As007G152090	El002G099550
OG0010182	As007G153220	El002G100780
OG0010183	As007G153980	El002G101670
OG0010184	As007G154120	El002G101830
OG0010185	As007G154460	El001G060090
OG0010186	As007G154670	El002G102250
OG0010187	As007G155120	El002G102860
OG0010189	As007G155600	El002G103510
OG0010190	As007G155780	El002G103720
OG0010191	As007G155840	El002G103810
OG0010192	As007G156140	El002G104260
OG0010193	As007G156180	El002G104300
OG0010194	As007G156190	El002G104310
OG0010195	As007G156200	El002G104350
OG0010196	As007G156260	El002G104410
OG0010197	As007G156610	El002G104790
OG0010198	As007G156820	El002G105110
OG0010199	As007G156830	El002G105120
OG0010200	As007G156890	El002G105210
OG0010201	As007G157090	El002G105460
OG0010202	As007G157700	El002G106160
OG0010203	As007G157720	El002G106180
OG0010204	As007G158010	El004G230830, El008G368320
OG0010205	As007G158690	El002G107770
OG0010206	As007G158960, As010G234280	El002G108010
OG0010207	As007G159060	El002G108080
OG0010208	As007G159260, As007G159270	El002G108400
OG0010209	As007G159380	El002G108540
OG0010210	As007G159500, As010G233410	El004G222130
OG0010211	As007G159820	El002G109290
OG0010212	As007G160350	El002G111640, El002G110200
OG0010213	As007G160650	El002G111270
OG0010214	As007G160860	El004G220270
OG0010215	As007G160870	El002G110990, El002G111020, El002G110960, El002G111510
OG0010216	As007G161100	El002G111770
OG0010217	As007G161200	El002G111920
OG0010218	As007G161450	El004G218850
OG0010219	As007G161550	El002G112350
OG0010220	As007G161760	El002G112540
OG0010222	As007G162070	El002G113010
OG0010223	As007G163130	El003G160060
OG0010224	As007G164330	El003G159550
OG0010225	As007G164340	El003G159530
OG0010226	As007G164470	El003G159430
OG0010227	As007G164490	El003G159420
OG0010228	As007G165860	El003G158770
OG0010229	As007G166590	El006G314880
OG0010230	As007G177810	El006G316780
OG0010231	As007G177980	El006G316870
OG0010232	As007G178400, As007G178410	El006G317260
OG0010233	As007G178510	El006G317540
OG0010234	As011G259790	El002G126820
OG0010235	As007G179160	El006G318140
OG0010236	As007G179180	El006G318180
OG0010238	As007G179220	El006G318230
OG0010239	As007G179850	El006G319250
OG0010240	As007G180740	El006G320660
OG0010241	As007G181900	El006G321530
OG0010242	As008G182310	El002G099200
OG0010243	As008G182390	El002G099110
OG0010244	As008G182700	El002G098780
OG0010245	As008G182980	El002G098370
OG0010246	As008G183250	El002G098170
OG0010247	As008G183470	El002G097770
OG0010248	As008G184010	El002G096990
OG0010249	As008G184020	El002G097000
OG0010250	As008G184160	El002G096790
OG0010251	As008G184890	El002G095810
OG0010252	As008G186150	El002G094560, El002G094590
OG0010253	As008G186370	El002G094220
OG0010254	As008G186570	El002G094070
OG0010255	As008G186650	El002G093970
OG0010256	As008G186940	El002G093700
OG0010257	As008G187130	El002G093450
OG0010258	As008G188220	El002G092370
OG0010259	As008G188320	El002G092270
OG0010260	As008G188900	El002G091860
OG0010261	As008G189060	El002G091730
OG0010262	As008G189460	El002G091560
OG0010263	As008G192180	El002G090230
OG0010264	As008G193330	El002G089190
OG0010265	As008G193660	El002G088830
OG0010266	As008G194440	El006G279640
OG0010267	As008G194480	El002G088010
OG0010268	As008G194850	El002G087660
OG0010269	As008G194880	El002G087630
OG0010270	As008G195170	El002G087360
OG0010271	As008G195180	El002G087350
OG0010272	As008G195690	El002G086930
OG0010273	As008G195780	El002G086860
OG0010274	As008G196080	El002G086510
OG0010275	As008G196250	El002G086300
OG0010276	As008G196610	El002G085870
OG0010277	As008G196660	El002G085830
OG0010278	As008G196840	El002G085440
OG0010279	As008G196970	El002G085600
OG0010280	As008G197090	El002G085650
OG0010281	As008G197160	El002G085140
OG0010282	As008G197510	El002G084790
OG0010283	As008G197840	El002G084330
OG0010284	As008G197990	El002G084130
OG0010285	As008G198040	El002G084170
OG0010286	As008G198830	El002G083360
OG0010287	As009G199780	El001G067650
OG0010288	As009G200140	El001G067280
OG0010289	As009G200470	El001G066750
OG0010290	As009G200920	El001G065780
OG0010291	As009G201090	El001G066000
OG0010292	As009G202450	El001G064510
OG0010293	As009G202650	El001G064290
OG0010294	As009G202660	El001G064300
OG0010295	As009G202700	El001G064210
OG0010296	As009G203110	El001G063770
OG0010297	As009G203190	El001G063680
OG0010298	As009G203600	El001G063210
OG0010299	As009G204090	El005G238520
OG0010300	As009G204190	El001G062360
OG0010301	As009G204840	El001G061480
OG0010302	As009G205100	El001G061140
OG0010303	As009G206800	El003G149290
OG0010304	As009G206900	El001G048810
OG0010305	As009G206990	El001G048240
OG0010306	As009G207050	El001G047910
OG0010307	As009G207130	El001G047660
OG0010308	As009G207160	El001G047620
OG0010309	As009G207540	El007G345450
OG0010310	As009G207570	El007G345470
OG0010311	As009G207930	El007G346260
OG0010312	As009G208070	El007G345560, El007G345730, El007G345840, El007G345600
OG0010314	As009G209820	El005G242660
OG0010315	As009G210240	El001G067990
OG0010316	As009G211290	El001G074810
OG0010317	As009G211940	El003G151450
OG0010318	As009G212200	El001G075460
OG0010319	As009G212230	El001G075540
OG0010320	As009G212390	El001G075870
OG0010322	As009G213070	El001G076550
OG0010323	As009G213130	El001G076730
OG0010324	As009G213300	El001G076880
OG0010325	As009G213670	El001G076950
OG0010326	As009G213790	El001G076990
OG0010327	As009G213900	El001G077090
OG0010328	As009G213910	El001G077100
OG0010329	As009G214180	El001G077360
OG0010330	As009G214210	El001G077350
OG0010331	As009G214960	El001G052250
OG0010332	As009G215490	El001G053570
OG0010333	As009G216010	El001G055170
OG0010334	As009G216250	El001G055310
OG0010335	As009G216290	El001G055250
OG0010336	As009G216520	El001G055840
OG0010337	As009G216600	El001G055910
OG0010338	As009G216770	El001G056150
OG0010339	As009G217020	El001G056480
OG0010340	As009G217450	El001G057130
OG0010341	As009G217620	El007G329970
OG0010342	As009G218050	El007G329380
OG0010343	As009G218180	El007G329240
OG0010345	As009G218910	El007G328210
OG0010346	As009G218960	El007G328170
OG0010347	As009G219130	El007G327930
OG0010348	As009G220110	El007G333270
OG0010349	As010G220270	El001G021640
OG0010350	As010G220590	El001G021200
OG0010351	As010G220720	El001G020980
OG0010352	As010G220730	El001G020930
OG0010353	As010G221070	El001G020480
OG0010354	As010G221620	El001G019560
OG0010355	As010G222140	El001G018990
OG0010356	As010G222200	El001G018780
OG0010357	As010G222520	El001G018280
OG0010358	As010G222600	El001G018200
OG0010359	As010G222690	El001G018130
OG0010360	As010G222910	El001G017820
OG0010361	As010G223180	El001G017490
OG0010362	As010G223370	El001G017300
OG0010364	As010G225750	El001G013820
OG0010365	As010G226040	El001G013090
OG0010366	As010G226070	El001G012810
OG0010367	As010G226440	El008G369500, El008G369440, El001G012290
OG0010368	As010G226480	El001G012170
OG0010369	As010G226660	El001G011930
OG0010370	As010G227710	El004G218170
OG0010371	As010G228320	El004G217780
OG0010372	As010G229630	El004G218880
OG0010373	As010G230030	El004G218520
OG0010374	As010G231170	El004G219400
OG0010375	As010G231280	El004G219460
OG0010376	As010G231480	El004G219660
OG0010377	As010G231560	El004G219570
OG0010378	As010G231840	El004G220050
OG0010379	As010G232100	El004G220200
OG0010380	As010G232230	El004G220260
OG0010382	As010G233210	El004G221760
OG0010383	As010G233960	El004G222900
OG0010384	As010G234110	El004G223110
OG0010385	As010G234550	El004G223560
OG0010386	As010G235080, As010G234880	El004G224130
OG0010387	As010G235160	El004G231640
OG0010388	As010G235420	El004G231290
OG0010389	As010G235630	El004G230940, El004G230930
OG0010390	As010G235810	El004G230690
OG0010391	As010G236050	El004G230470
OG0010392	As010G236200	El001G021760
OG0010393	As010G236290	El004G230180
OG0010394	As010G236350	El004G230090
OG0010395	As010G237610	El002G104440
OG0010396	As010G238400	El004G227720
OG0010397	As010G239380	El004G226670
OG0010398	As010G239410	El004G226620
OG0010399	As010G239670	El004G226260
OG0010400	As010G239720	El004G226200
OG0010401	As010G239960	El004G226010
OG0010402	As010G240110	El004G225810
OG0010403	As010G240200	El004G225670
OG0010404	As010G240690	El004G225160
OG0010405	As010G240830	El004G225080
OG0010406	As010G240860	El006G314980
OG0010407	As010G240880	El004G225070
OG0010408	As010G241420	El004G224390
OG0010409	As010G242470	El004G232540
OG0010410	As010G242770	El004G232900
OG0010411	As010G243110	El004G233330
OG0010412	As010G243460	El004G233680
OG0010413	As010G243520	El004G233750, El004G233760
OG0010414	As010G243700	El004G233980
OG0010415	As010G244030	El004G234310
OG0010416	As010G244160	El004G234430
OG0010417	As010G244370	El007G336950
OG0010418	As011G244980	El005G249060
OG0010419	As011G245160	El005G249230
OG0010420	As011G245580	El005G249550
OG0010421	As011G246380	El005G250550
OG0010422	As011G246500	El005G250710
OG0010423	As011G246540	El005G250750
OG0010424	As011G246580	El005G250800
OG0010425	As011G246930	El005G251160
OG0010426	As011G247110	El001G060080
OG0010427	As011G247360	El005G251720
OG0010428	As011G247510	El005G251890
OG0010429	As011G247710	El005G252130
OG0010430	As011G247840	El005G252310
OG0010431	As011G248540	El005G253110
OG0010433	As011G249450	El005G254270
OG0010434	As011G249660	El005G254510
OG0010435	As011G249970	El005G254850
OG0010436	As011G250340	El005G255430
OG0010437	As011G250410	El005G255530
OG0010438	As011G250450	El005G255690
OG0010439	As011G250590	El005G255810
OG0010440	As011G250730	El005G255940
OG0010441	As011G250910	El005G256110
OG0010442	As011G251060	El005G256320
OG0010443	As011G251090	El005G256380
OG0010444	As011G251170	El005G256470
OG0010446	As011G251720	El005G257180
OG0010447	As011G251770	El005G257210
OG0010448	As011G251930	El005G257380
OG0010449	As011G251940	El005G257390
OG0010450	As012G272190, As011G252150	El002G134640
OG0010451	As011G252440	El005G257920
OG0010452	As011G252450	El005G257940
OG0010453	As011G252460	El005G257950
OG0010454	As011G252510	El005G258000
OG0010455	As011G252520	El005G258010
OG0010456	As011G252710	El005G258230
OG0010457	As011G252820	El005G258360
OG0010458	As011G252850	El005G258410
OG0010459	As011G252930	El005G258560
OG0010460	As011G253210	El005G259060
OG0010461	As011G253460	El005G259710
OG0010462	As011G253830	El005G260100
OG0010463	As011G253970	El005G260250
OG0010464	As011G254000	El005G260380
OG0010465	As011G254080	El005G260900
OG0010466	As011G254700	El005G261810
OG0010467	As011G254860, As011G256360	El005G267430
OG0010468	As011G254880	El005G262620
OG0010469	As011G254900	El005G262710
OG0010470	As011G254960	El005G263070, El005G262930
OG0010471	As011G255070	El005G263860
OG0010472	As011G255190	El005G264400
OG0010473	As011G255410	El005G265010
OG0010474	As011G255920	El005G266710
OG0010475	As011G255980	El005G266840, El005G266810
OG0010476	As011G256370	El005G267510, El005G267490, El005G267500, El005G267520, El005G267450
OG0010477	As011G258600	El005G269070
OG0010478	As011G259860	El005G271400
OG0010479	As011G262350	El005G272430
OG0010480	As011G262770	El005G272920
OG0010481	As011G263020	El005G273290
OG0010482	As011G263050	El005G273320
OG0010483	As011G263380	El005G273660
OG0010484	As011G263730	El005G274150
OG0010485	As011G263750	El005G274170
OG0010486	As011G263880	El005G274330
OG0010487	As011G264270	El005G274550
OG0010488	As011G265340	El005G276720
OG0010489	As011G266240	El005G277990
OG0010490	As011G266260	El005G278020
OG0010491	As011G266390	El005G278120
OG0010492	As011G266480	El005G278240
OG0010494	As011G266710	El005G278530
OG0010495	As011G266730	El003G154820
OG0010496	As011G266780	El005G278630
OG0010497	As011G267070	El005G278820
OG0010498	As011G267210	El005G279060
OG0010499	As011G267220	El005G279080
OG0010500	As012G267720	El002G141510
OG0010501	As012G267800	El002G141400
OG0010502	As012G268210	El002G140770
OG0010503	As012G268910	El003G178810
OG0010504	As012G271400	El002G136020
OG0010505	As012G271570	El001G021770
OG0010506	As012G271620	El002G135190
OG0010507	As012G271800	El002G135640
OG0010508	As012G271940	El002G134970
OG0010509	As012G272110	El002G134740
OG0010510	As012G272140	El002G134700
OG0010511	As012G272270	El002G134560
OG0010512	As012G272810	El002G133600
OG0010513	As012G273160	El002G132580
OG0010514	As012G273250	El002G137320, El002G132970
OG0010515	As012G273640	El002G132210, El007G347630
OG0010516	As012G273790	El002G131940, El002G131970
OG0010517	As012G274010	El002G131500
OG0010520	As012G275260	El006G296720
OG0010521	As012G275310	El006G296760
OG0010522	As012G275550	El001G022370
OG0010523	As012G275600	El001G022410
OG0010524	As012G275620	El001G022420
OG0010525	As012G275810	El001G022610
OG0010526	As012G275830	El001G022630
OG0010527	As012G275990	El001G022810
OG0010528	As012G276450	El001G023430
OG0010529	As012G276460	El003G179520, El001G023440
OG0010530	As012G276480	El001G060220
OG0010531	As012G276520	El001G023500
OG0010533	As012G276690	El001G023730
OG0010534	As012G276700	El001G023800
OG0010535	As012G277240	El001G024130
OG0010536	As012G277300	El001G024190
OG0010537	As012G277980	El001G024650, El001G059540, El002G085480, El002G086180, El001G028920
OG0010538	As012G278630	El001G022210
OG0010539	As012G279860	El001G025100
OG0010540	As012G280320	El001G025440
OG0010541	As012G280550	El001G025620
OG0010542	As012G281310	El001G025940
OG0010543	As012G281330	El001G025960
OG0010544	As012G281570	El001G026060
OG0010545	As012G282160	El001G026890
OG0010546	As012G283300	El007G352640, El001G028220
OG0010547	As012G283310	El001G028240
OG0010548	As012G283380	El001G028290
OG0010550	As012G284830	El001G030190
OG0010551	As012G285010	El001G030370
OG0010552	As012G285130	El001G030590
OG0010553	As012G285560	El001G025090
OG0010554	As012G285680	El001G031270
OG0010555	As012G285750	El001G031360
OG0010556	As012G286390	El001G032180
OG0010557	As012G286710	El001G032360
OG0010558	As012G287180	El001G033090
OG0010559	As012G287230, As012G287210	El001G033100
OG0010560	As012G287350	El001G033200
OG0010561	As012G287390	El003G153020, El001G033260
OG0010562	As012G287500	El001G033520
OG0010563	As012G287830	El001G033990
OG0010564	As012G287880	El001G034110
OG0010565	As012G287890	El001G034120
OG0010566	As012G287920	El001G034180
OG0010567	As012G288380	El001G034760, El002G123660
OG0010568	As012G288770	El001G035210
OG0010569	As012G288920	El002G117090
OG0010570	As012G289050	El001G035500
OG0010571	As012G289120	El001G035600
OG0010660	As001G000090	El003G155740
OG0010661	As001G000220	El003G155620
OG0010662	As001G000530	El003G155260
OG0010664	As001G002270	El003G152830
OG0010665	As001G002820	El003G152280
OG0010666	As001G003090	El003G141650
OG0010667	As001G003290	El003G151900
OG0010668	As001G003470	El003G151710
OG0010669	As001G003760	El003G151480
OG0010670	As001G004030	El003G151160
OG0010671	As001G004580	El003G150700
OG0010672	As001G005310	El003G150160
OG0010673	As001G006390	El003G149970
OG0010674	As001G006700	El003G149480
OG0010675	As001G006780	El003G149620
OG0010676	As001G011020, As001G011010, As005G113230	El001G058270
OG0010677	As001G012520	El003G148730
OG0010678	As006G146350, As001G012560	El006G292780
OG0010679	As001G013490, As011G262690	El003G148310, El005G264840
OG0010680	As001G013650	El008G370570, El003G148460
OG0010681	As001G013830	El006G308660, El003G148040
OG0010683	As001G014640	El003G147530
OG0010685	As001G015060	El001G067860
OG0010686	As001G016230	El002G118920
OG0010687	As001G016540	El002G119380
OG0010688	As001G017250	El003G169980
OG0010689	As004G079940, As001G017320	El003G170030
OG0010690	As001G017360	El003G170070
OG0010691	As001G017850, As004G083050	El003G170800
OG0010692	As001G017900	El003G171040
OG0010694	As001G018040	El003G171160
OG0010695	As001G018110	El003G171240
OG0010696	As001G018170	El003G171280
OG0010697	As001G018900	El004G208670, El004G208430, El004G208620, El004G208520
OG0010698	As001G018920	El001G027850
OG0010699	As001G018960	El004G208370, El004G208530
OG0010700	As001G019180	El002G092200, El004G206430
OG0010701	As001G019260	El004G206290
OG0010702	As001G019560	El004G204760
OG0010703	As001G019620	El004G204640
OG0010704	As001G019820	El004G203310
OG0010705	As001G020210	El004G202170
OG0010706	As001G020300	El004G202320
OG0010707	As001G020370	El004G201770
OG0010708	As001G020400	El004G201700
OG0010709	As001G020430	El005G253550, El004G201630
OG0010710	As001G020490	El004G201510
OG0010711	As001G020580	El004G201400
OG0010712	As001G020590	El004G201360
OG0010713	As001G020630	El004G201330
OG0010714	As001G020740	El004G201150
OG0010715	As001G020830	El004G201080
OG0010716	As001G021130	El004G200610, El001G076090
OG0010717	As001G021410	El004G200100
OG0010718	As001G021580	El004G199740
OG0010719	As001G021820	El004G199230
OG0010720	As001G021910	El004G199130
OG0010722	As001G022270	El001G036050
OG0010723	As001G022910	El001G036750
OG0010724	As001G023350	El001G037240
OG0010725	As001G023480	El001G037620
OG0010726	As001G023530	El001G037670
OG0010727	As001G023590	El001G037760
OG0010728	As001G023640	El001G037820
OG0010729	As001G023710	El001G037920
OG0010730	As001G024040	El001G038480
OG0010731	As001G024680	El001G039580, El004G200350
OG0010732	As008G184050, As001G024940	El002G097030
OG0010733	As001G025050	El001G040250
OG0010734	As001G025130, As008G184140	El002G096800
OG0010735	As001G025150	El001G040380
OG0010736	As001G025240	El001G040490
OG0010737	As001G025290	El001G040720
OG0010738	As001G026530	El001G042530
OG0010739	As001G026580	El001G042610
OG0010740	As001G026860	El007G367000, El007G321870
OG0010741	As001G026960	El001G043380
OG0010742	As001G027990	El001G045980
OG0010743	As001G028710	El004G216080
OG0010744	As001G029450	El004G213250
OG0010745	As001G029820	El004G211180
OG0010746	As001G029890, As006G137450	El005G238830
OG0010747	As004G076740	El003G181570
OG0010748	As001G030180	El004G193790
OG0010749	As001G030200	El004G193810
OG0010750	As001G030350	El002G127960
OG0010751	As001G030540	El004G194160
OG0010752	As001G030550	El004G194200
OG0010753	As001G030630	El004G194490, El004G194330
OG0010754	As004G098100, As001G030760	El004G194680
OG0010755	As001G031000	El004G195150, El006G294810
OG0010756	As001G031170, As004G097930	El004G195680
OG0010757	As001G031830	El004G197360
OG0010758	As002G032440	El005G248280
OG0010759	As002G032850	El003G158270
OG0010760	As002G033120, As002G032940	El006G288130
OG0010761	As002G033420	El006G288510
OG0010762	As002G033450	El006G288440
OG0010763	As002G033840	El006G288890
OG0010764	As002G033890	El005G244170
OG0010765	As002G033970	El005G244290
OG0010766	As006G148740, As002G034280	El005G244610
OG0010767	As002G035340	El005G245480
OG0010768	As002G035440	El005G245540
OG0010769	As002G035450	El005G245550
OG0010771	As002G036380	El005G246210
OG0010772	As002G036410	El004G195480
OG0010773	As002G036640	El005G246490
OG0010774	As002G037340	El003G149500
OG0010775	As002G037350	El005G247070
OG0010776	As002G037920	El005G247670
OG0010777	As002G038520	El005G247890
OG0010778	As002G038600	El005G248030
OG0010779	As002G038780	El005G248050
OG0010780	As002G038940	El005G248180
OG0010781	As002G038960	El005G248190
OG0010782	As002G039490	El001G011540
OG0010783	As002G040450, As002G040440, As002G040460, As002G040070	El006G318540
OG0010784	As002G040150	El007G344860
OG0010785	As002G040590	El007G344820, El007G344810
OG0010786	As002G042010	El007G343870
OG0010787	As002G042070	El007G344110
OG0010788	As002G042190	El007G344060
OG0010789	As002G042250	El007G343850
OG0010790	As002G042460	El007G343450
OG0010791	As002G042790	El007G343120
OG0010792	As002G043190	El007G342880
OG0010793	As002G043370	El007G342630
OG0010794	As002G043430	El007G342540
OG0010795	As002G043570	El007G342170
OG0010796	As002G043770	El007G341930
OG0010797	As002G044070	El007G341400
OG0010798	As002G044730	El007G339850
OG0010799	As002G044860	El007G340020
OG0010800	As002G045210	El007G339650
OG0010801	As002G045390	El007G339080
OG0010802	As002G045420, As002G045880	El007G338430
OG0010803	As002G045570	El007G338630, El007G338800
OG0010804	As002G045800	El007G338920
OG0010805	As002G046450	El007G337690
OG0010806	As002G046550	El003G157240
OG0010807	As002G046710, As006G132690	El007G337380
OG0010808	As002G047310	El007G336600
OG0010809	As002G047530	El007G336360, El004G207620
OG0010810	As002G047710	El007G336180
OG0010811	As002G047970	El007G335930
OG0010812	As002G048730	El007G334810
OG0010813	As002G048880	El007G334610
OG0010814	As002G048930	El007G334520
OG0010815	As002G049260	El007G334030
OG0010816	As002G049510	El007G333750
OG0010817	As002G049800	El007G333540
OG0010818	As002G050520	El001G068590
OG0010819	As002G050850	El001G069050
OG0010821	As002G051400	El001G069720
OG0010822	As002G051520	El001G069890
OG0010823	As002G051620	El001G069950
OG0010824	As002G051660	El001G070050
OG0010825	As002G051730	El001G070100
OG0010826	As002G052080	El001G070500
OG0010827	As002G052110	El001G070530
OG0010828	As002G052210	El001G070900
OG0010829	As002G052260	El001G070950, El003G174870
OG0010830	As002G052480	El001G071260
OG0010831	As002G052730	El007G324570
OG0010832	As002G052740	El001G071430
OG0010833	As002G053220	El001G071940
OG0010834	As002G053230	El001G071950
OG0010835	As002G053560	El001G072310
OG0010836	As002G053680	El001G072450
OG0010838	As002G054390	El001G073310
OG0010839	As002G055210	El006G279650
OG0010840	As002G055350	El001G074380
OG0010841	As003G055640	El003G169860
OG0010842	As003G056100	El003G169150
OG0010843	As003G056380	El003G168790
OG0010844	As003G056780	El003G168180
OG0010845	As003G056990	El003G167980
OG0010846	As003G057040	El003G167930
OG0010847	As003G057110	El003G167860
OG0010848	As003G057370	El003G167360
OG0010849	As003G057530	El001G024050, El003G167060, El001G024040
OG0010850	As003G057710	El003G166740
OG0010851	As003G057870	El003G166380, El003G180960
OG0010853	As003G058740	El003G165310
OG0010854	As003G058810	El003G165220
OG0010856	As003G059560	El003G164520
OG0010857	As003G059600	El003G164460
OG0010858	As003G059750	El003G164180
OG0010860	As003G061600	El003G161510
OG0010861	As003G062170	El003G160740
OG0010862	As004G083570, As003G062720	El002G121060
OG0010863	As003G062830	El002G121370, El002G121290
OG0010864	As003G062870	El002G121550
OG0010865	As003G062970, As004G083300	El002G121720
OG0010866	As003G063530, As004G080460	El002G123450
OG0010867	As003G063580	El002G124390
OG0010868	As003G064400	El002G125550
OG0010869	As003G064560	El002G128020
OG0010870	As003G064720	El002G127400
OG0010871	As003G064840	El002G127180
OG0010872	As003G065810	El002G129430
OG0010873	As003G068400	El002G113700
OG0010874	As003G068750	El002G113890
OG0010875	As003G069110	El002G114280
OG0010876	As003G069140	El002G114300
OG0010877	As003G069210	El002G114350
OG0010878	As003G069460	El002G114730, El002G114720
OG0010879	As003G070740	El002G116430
OG0010880	As003G071080	El002G117110
OG0010881	As003G071200	El002G117270, El002G116820, El002G116810, El002G117030
OG0010882	As003G071330	El002G117440
OG0010883	As003G071600	El002G117680
OG0010885	As003G072360	El003G146080
OG0010886	As003G072540	El003G145860
OG0010887	As003G072700, As011G265440	El005G276620
OG0010888	As003G072860	El003G145530
OG0010889	As003G072910	El003G145480
OG0010890	As003G073690	El003G144420
OG0010891	As003G073800	El003G144500
OG0010892	As003G074290	El003G144120, El003G143930
OG0010893	As007G180360, As003G074730	El003G143600
OG0010894	As003G074910	El003G143380
OG0010895	As003G075510	El003G142830
OG0010896	As003G075800	El003G142530
OG0010897	As003G076190	El002G113420
OG0010898	As003G076240	El003G142030
OG0010900	As007G182150, As003G076320	El006G321750
OG0010901	As003G076400	El003G141740
OG0010902	As003G076460	El003G141810
OG0010903	As003G076530	El006G320190
OG0010904	As003G076540	El006G320180, El001G060420
OG0010905	As003G076610	El003G141620, El004G196130
OG0010906	As004G076860	El003G184080
OG0010907	As004G076980	El003G184540
OG0010908	As004G077160	El003G185210
OG0010909	As004G077190	El005G261660, El005G261720, El005G261610, El005G261650, El005G261710
OG0010910	As004G077400	El003G186240
OG0010911	As004G077890	El003G188210
OG0010912	As004G077930	El003G188060
OG0010913	As004G078020	El003G188480
OG0010914	As004G078120	El003G188720
OG0010915	As004G078460	El003G189550
OG0010916	As004G078730	El006G296090
OG0010917	As004G078780	El006G296040
OG0010918	As004G079680	El006G295790
OG0010919	As004G079750	El002G120130
OG0010920	As004G080150	El001G009970, El006G305340
OG0010921	As004G080170	El004G212650
OG0010922	As004G080640	El001G010930
OG0010923	As004G080780	El001G011390
OG0010924	As004G080900	El001G011200
OG0010925	As004G081090	El006G297050
OG0010926	As004G081220	El006G297690, El006G297640
OG0010927	As004G081390	El006G297920
OG0010928	As004G081450	El006G298020
OG0010929	As004G081820	El007G358730
OG0010930	As004G082330	El007G357610
OG0010931	As004G082400	El007G357500
OG0010933	As004G082450	El007G357280
OG0010934	As004G082610	El007G352180, El007G356920
OG0010935	As004G083440	El001G009210
OG0010936	As004G083960	El001G008230
OG0010937	As004G084430	El001G007690
OG0010938	As004G084860	El001G006930
OG0010939	As004G085630	El001G005600
OG0010940	As004G085910	El001G005120
OG0010941	As004G085960	El001G005070
OG0010942	As004G086000	El001G005020, El005G255030
OG0010943	As004G086050	El001G004970
OG0010944	As004G086720	El007G361050
OG0010945	As004G087070	El004G218730
OG0010946	As004G088020	El007G363680, El007G363660
OG0010947	As004G088180	El007G363930
OG0010948	As004G088250	El007G364030
OG0010949	As004G088940	El007G365040
OG0010950	As004G089130	El007G365610
OG0010951	As004G089710	El007G366250
OG0010952	As004G090540	El007G366960
OG0010953	As004G091130	El007G366500
OG0010954	As004G091520, As009G211660	El005G269430
OG0010955	As004G091830	El005G269410
OG0010956	As004G092560	El003G183580
OG0010957	As004G092690, As011G258260	El005G269320
OG0010959	As004G092940	El006G290040
OG0010960	As004G094080	El003G177700
OG0010961	As004G094860	El003G176610, El003G176490, El003G176360
OG0010962	As004G094880	El003G176270, El003G176300, El003G176250
OG0010963	As004G094920, As004G094930	El003G176110
OG0010964	As004G095060	El003G176030, El003G176000
OG0010965	As004G095260	El006G312210, El004G211060
OG0010966	As004G095770	El003G174720
OG0010967	As004G096550	El003G172880
OG0010968	As004G096810	El003G190290
OG0010969	As004G096830	El003G190360
OG0010970	As004G096880	El003G160260, El005G269600
OG0010971	As004G096940	El005G269670
OG0010972	As004G096950	El005G269690
OG0010973	As004G096960	El003G190660
OG0010974	As004G097260	El003G191240
OG0010975	As004G097320	El003G191380
OG0010976	As004G097430	El003G191550
OG0010977	As004G097500	El003G191640
OG0010978	As004G098180	El003G193240
OG0010979	As004G098450	El003G193620
OG0010980	As005G098830	El006G279920
OG0010981	As005G098990	El006G279990
OG0010982	As005G099000	El006G280000
OG0010983	As005G099450	El006G280350
OG0010984	As005G099520	El006G280450
OG0010985	As005G099610	El006G280540
OG0010986	As005G099770	El006G280720
OG0010987	As005G100290	El006G281180
OG0010988	As005G100940	El006G281960
OG0010989	As005G101350	El006G282620
OG0010990	As005G101420	El006G282730
OG0010991	As005G101430	El006G282740
OG0010992	As005G101860	El006G283140
OG0010993	As005G102100	El006G283440
OG0010994	As005G102550	El006G284040
OG0010995	As005G102560	El006G284050
OG0010996	As005G102630	El006G284150
OG0010997	As005G102820	El006G284300
OG0010999	As005G104380	El004G219230
OG0011000	As005G104430	El006G285990
OG0011001	As005G104550	El006G286180
OG0011002	As005G104730	El006G286380
OG0011003	As005G105280	El006G286830
OG0011005	As005G105680	El006G287640, El006G287530
OG0011006	As005G105800	El006G287570, El006G287600, El006G287690
OG0011007	As005G105810	El006G287700
OG0011008	As005G105960	El006G287770
OG0011009	As005G106000	El006G287810
OG0011010	As005G106200	El001G082020
OG0011011	As005G106310	El001G081940
OG0011012	As005G106320	El001G081930
OG0011013	As005G106380	El001G081870
OG0011014	As005G106400	El001G081850
OG0011015	As005G106440	El001G081810
OG0011016	As005G106710	El006G304350, El003G189390
OG0011017	As005G107310	El001G080890
OG0011018	As005G107570	El001G080580
OG0011019	As005G107670	El001G080280
OG0011020	As005G107700	El001G080250
OG0011021	As005G107850	El001G080050, El004G217450
OG0011022	As005G108190	El001G079570
OG0011023	As005G108280	El006G317020
OG0011024	As005G108930	El001G078670
OG0011026	As005G109690	El001G051540
OG0011028	As005G111930, As005G120870	El003G192450
OG0011029	As005G111950	El001G059440
OG0011030	As005G112240	El001G059290
OG0011031	As005G112410	El001G059110
OG0011032	As005G112630	El001G058890
OG0011033	As005G113010, As005G113050, As005G113060	El001G058620
OG0011034	As005G113070	El001G058570
OG0011035	As005G113440	El001G057990
OG0011036	As005G113450	El001G057970
OG0011037	As005G114090	El007G330290
OG0011038	As005G114120	El007G330340
OG0011039	As005G114230	El007G330460
OG0011041	As005G115080	El007G331810
OG0011042	As005G115600	El007G331670
OG0011043	As005G115880	El007G332370
OG0011044	As005G116560	El007G326940
OG0011045	As005G116810	El003G143750, El007G326690
OG0011046	As005G117120	El007G326330
OG0011047	As005G117130	El007G326320
OG0011048	As005G117220	El007G326250
OG0011049	As005G117620	El007G325790
OG0011050	As010G220920, As005G119800	El001G020670
OG0011051	As005G119940	El007G322880
OG0011052	As005G119950	El007G322870
OG0011053	As005G120280	El007G322560
OG0011054	As005G120610	El007G322240
OG0011055	As005G120790	El007G322080
OG0011056	As005G120920	El007G321880
OG0011057	As006G121390	El001G000670
OG0011058	As006G121400	El001G000660
OG0011059	As006G121590	El001G000470, El001G043240
OG0011060	As006G121680	El001G000350
OG0011061	As006G122180	El001G001380
OG0011062	As006G122390	El001G001660
OG0011063	As006G122450	El001G001740, El004G212590
OG0011064	As006G122460	El001G001750
OG0011065	As006G122490	El001G001790
OG0011066	As006G122560	El001G001850
OG0011067	As006G122590	El001G001900
OG0011068	As006G122680	El001G002090
OG0011069	As006G122750	El001G002030
OG0011070	As006G122860	El001G002310
OG0011071	As006G123040	El001G002740
OG0011072	As006G123220, As008G197650	El001G002960
OG0011073	As006G123260	El001G003000
OG0011074	As006G123340	El001G003080
OG0011075	As006G123630	El001G003500
OG0011076	As006G123670	El001G003440
OG0011077	As006G124140	El001G004140
OG0011078	As006G124730	El007G359780
OG0011079	As006G125630	El006G299050
OG0011080	As006G125890	El003G151920
OG0011081	As006G125910	El006G299250
OG0011082	As006G126030	El006G299100
OG0011083	As006G126040	El006G299090
OG0011084	As006G126390	El006G300120
OG0011085	As006G127470	El006G301290
OG0011086	As006G127690	El006G301600, El006G279760
OG0011087	As006G128020	El006G302130
OG0011088	As006G128620	El006G303040
OG0011089	As006G128770	El006G303320
OG0011090	As006G128890	El006G303640
OG0011091	As006G129310	El006G304380
OG0011092	As006G129650	El006G304960
OG0011093	As006G129920	El006G305410, El006G305400
OG0011094	As006G129970	El006G305500
OG0011095	As006G130110	El006G305790
OG0011096	As006G130430	El006G306550
OG0011097	As006G130500	El006G308640, El006G309310
OG0011098	As006G130810	El006G307300
OG0011099	As006G130980	El006G308710
OG0011100	As006G130990	El006G309200
OG0011101	As006G131250	El007G349150, El007G349200, El007G349140
OG0011102	As006G131430	El001G072150
OG0011103	As007G161430, As006G131800	El002G112180
OG0011104	As006G132190	El006G313880
OG0011106	As006G132760	El005G235680
OG0011107	As006G132840	El005G235570
OG0011108	As006G133150	El005G235300
OG0011109	As006G133270	El006G302690
OG0011110	As006G133610	El005G234860
OG0011111	As006G134030	El006G287970
OG0011112	As006G134040	El006G287980
OG0011113	As006G134530	El003G157540
OG0011114	As006G134570	El003G157590
OG0011115	As006G134580	El003G157600
OG0011116	As006G134660	El003G157690
OG0011117	As006G135680	El005G236920
OG0011118	As006G135740	El005G236990
OG0011119	As009G202720, As006G135960	El005G237230
OG0011120	As006G136290	El001G060620
OG0011121	As006G136860	El005G238210
OG0011122	As006G137620	El005G239020
OG0011123	As006G138220	El005G239940
OG0011125	As006G138420	El005G240030
OG0011126	As006G138850	El005G240340
OG0011127	As006G139240	El005G240850
OG0011128	As006G139560	El005G241170
OG0011129	As006G139610	El005G241260
OG0011130	As006G139740	El005G270170
OG0011131	As006G140030	El005G241600
OG0011132	As006G141170	El005G242730
OG0011133	As006G141720	El005G243430
OG0011134	As006G141870	El005G243600
OG0011135	As006G142220	El005G244090
OG0011136	As006G142240	El005G244100
OG0011137	As006G142340	El006G289050
OG0011138	As006G142960	El006G289760
OG0011139	As006G143320	El006G290100
OG0011140	As006G144140	El001G036940, El006G291090
OG0011141	As006G144310	El006G291350
OG0011142	As006G144550	El006G294870
OG0011143	As006G144750	El006G294610
OG0011144	As006G145560	El006G293550
OG0011145	As006G145970	El006G293150
OG0011146	As006G146170	El006G293030
OG0011147	As006G146670	El006G292670
OG0011148	As006G146820	El007G344970
OG0011149	As006G147010	El006G292360
OG0011150	As006G147090	El006G291980
OG0011151	As006G148150	El006G291670
OG0011152	As006G148270	El006G291680
OG0011153	As007G152420	El002G100020
OG0011155	As007G152560	El002G100120
OG0011156	As007G152860	El002G100370
OG0011157	As007G153620	El002G101290
OG0011158	As007G153640, As010G241570	El002G101310
OG0011159	As007G154100	El002G101800
OG0011160	As007G154130	El002G101840
OG0011161	As007G154370	El002G102040
OG0011162	As007G155900	El002G103900
OG0011164	As007G156280	El002G104430
OG0011165	As007G156530	El002G104660
OG0011166	As007G157280	El002G105790
OG0011167	As007G157980	El002G106310
OG0011168	As007G159000	El002G108050
OG0011169	As007G159710	El002G109150
OG0011170	As007G160040	El002G109600
OG0011171	As007G160190	El002G109820
OG0011172	As007G160480	El002G110620, El002G110710
OG0011173	As007G160730	El002G111200
OG0011174	As007G160890	El005G248590
OG0011175	As007G161310	El002G112030
OG0011176	As007G161350	El002G112110
OG0011177	As007G161480	El002G112310
OG0011178	As007G161700	El002G112460
OG0011179	As007G161730	El002G112500
OG0011180	As007G161980	El002G112770, El003G170590
OG0011181	As007G162040	El002G113020, El006G296170
OG0011182	As010G228910, As007G162050	El004G217490
OG0011183	As007G162290	El004G222080, El002G083150
OG0011184	As007G162660	El002G113120
OG0011185	As007G163420	El003G181870
OG0011186	As007G164450	El003G159450
OG0011187	As007G165170	El003G158890
OG0011190	As007G177660	El003G190620, El003G191090, El003G190470
OG0011191	As007G178530	El006G317560
OG0011192	As007G179170	El006G318150
OG0011193	As007G179200	El006G318210
OG0011194	As007G179860	El006G319260
OG0011195	As007G180510	El006G320240
OG0011196	As007G180640	El006G320450
OG0011197	As007G180780	El006G320690
OG0011198	As007G181920	El006G321540
OG0011199	As008G183070	El002G098240
OG0011200	As008G183240	El002G098160
OG0011201	As008G183300	El002G098020
OG0011202	As008G183480	El002G097760, El002G097580
OG0011203	As008G183680	El002G097370
OG0011204	As008G184380	El002G096520
OG0011206	As008G184710	El002G096010
OG0011207	As008G185360	El002G095370
OG0011208	As008G185590	El002G095170
OG0011209	As008G185960	El002G094790
OG0011211	As008G187100	El002G093490
OG0011212	As008G187310	El002G093280
OG0011213	As008G187780	El002G093020
OG0011214	As008G188990	El002G091800
OG0011215	As008G189180	El003G170610
OG0011216	As008G189340	El003G178190, El002G091620
OG0011217	As008G189970	El002G091400
OG0011218	As008G190130	El002G130950
OG0011219	As008G190880	El002G090810
OG0011220	As008G192890	El002G089840
OG0011221	As008G192940	El002G089740
OG0011222	As008G193220	El002G089280
OG0011223	As008G193720	El002G088750
OG0011224	As008G194140	El002G088440
OG0011226	As008G194230	El002G088330
OG0011227	As008G194260	El002G088280
OG0011228	As008G194730	El002G087800
OG0011229	As008G194810	El005G270840, El002G087700
OG0011230	As008G194890	El002G087620
OG0011231	As008G195880	El002G086760
OG0011232	As008G196000	El002G086600
OG0011233	As008G196730	El002G085810
OG0011234	As008G196770	El002G085370
OG0011235	As008G196830	El002G085430
OG0011236	As008G196960	El002G085590
OG0011237	As008G197150	El002G085200
OG0011238	As008G197210	El002G085120
OG0011239	As008G197300	El002G085030
OG0011240	As008G197340	El002G084980
OG0011241	As008G197580	El002G084670
OG0011242	As008G197780	El002G084450
OG0011243	As008G197850	El002G084310
OG0011244	As008G197920	El002G084230
OG0011245	As008G198560	El002G083630
OG0011246	As008G199400	El002G082630
OG0011247	As009G199810	El001G067620
OG0011248	As009G200100	El001G067200
OG0011249	As009G200210	El001G067350
OG0011250	As009G200350	El001G067550
OG0011251	As009G200440	El001G066780
OG0011252	As009G201280	El001G062790, El001G066160
OG0011253	As009G202350	El001G064760, El001G064920
OG0011254	As009G202430	El001G064540
OG0011255	As009G202640	El001G064280, El001G044850
OG0011256	As009G203300	El001G063560
OG0011257	As009G203350, As009G203340, As009G203330	El001G063590
OG0011258	As009G203770	El001G062960
OG0011259	As009G203940	El004G218940
OG0011260	As009G204240	El001G062300
OG0011261	As009G204340	El001G062200
OG0011262	As009G204490	El001G062030
OG0011263	As009G204920	El001G061380
OG0011264	As009G205430	El001G051320
OG0011265	As009G205630	El001G051010
OG0011266	As009G205730	El001G050690
OG0011267	As009G205780	El001G050740
OG0011268	As009G205920	El001G050320
OG0011269	As009G206720	El001G049060, El007G349610
OG0011270	As009G207180	El001G047590
OG0011271	As009G207220	El001G047270
OG0011272	As009G207320	El007G345240
OG0011273	As009G207560	El007G345460
OG0011274	As009G207950	El007G346210
OG0011275	As009G208020	El007G346010
OG0011276	As009G208900	El001G044420
OG0011277	As009G210510	El001G068140
OG0011278	As009G211130, As009G210980	El001G074920
OG0011279	As009G212480	El001G075950
OG0011280	As009G212800	El005G264090, El001G076300
OG0011281	As009G213120	El001G076710
OG0011282	As009G213220	El001G076780
OG0011283	As009G213260	El001G076830
OG0011284	As009G213310	El001G076890
OG0011285	As009G213320	El005G248060
OG0011286	As009G214610	El001G078080
OG0011287	As009G214790	El001G051790
OG0011288	As009G215210	El001G052580
OG0011289	As009G215220	El001G052570
OG0011290	As009G215320	El001G052940
OG0011291	As009G215440	El001G053460
OG0011292	As009G215760	El001G054490, El001G064850
OG0011293	As009G215890	El001G054860, El001G054790, El001G054870, El001G054800
OG0011294	As009G216400	El001G055690
OG0011295	As009G216540	El001G055860
OG0011296	As009G216740	El001G056130, El002G090310
OG0011297	As009G216830	El001G056250
OG0011298	As009G217770	El008G369080, El007G329770
OG0011299	As009G218210	El007G329190
OG0011300	As009G219140	El007G327920
OG0011301	As009G219480	El007G332600
OG0011302	As009G219600	El007G332940, El007G332670, El007G332680
OG0011303	As009G220010	El007G333110
OG0011304	As009G220030	El007G333130
OG0011305	As009G220130	El007G333290
OG0011306	As010G220460	El001G021370
OG0011307	As010G220900	El001G020700
OG0011308	As010G220910	El001G020680
OG0011309	As010G220940	El001G020650
OG0011310	As010G221010	El001G020540
OG0011311	As010G221030	El001G020520
OG0011312	As010G221430	El001G019780
OG0011313	As010G222220	El001G018760
OG0011314	As010G222540	El001G018260
OG0011315	As010G222570	El001G018240
OG0011316	As010G222990	El001G017760
OG0011317	As010G223720	El002G097630
OG0011318	As010G224680	El001G015370
OG0011319	As010G224700	El001G015350
OG0011320	As010G225620, As010G224940	El001G013960, El001G014000, El001G014010, El001G013990
OG0011321	As010G225680	El001G013890
OG0011322	As010G226180	El001G012720
OG0011323	As010G227310	El002G123100
OG0011324	As010G227500	El001G049660, El001G012070
OG0011325	As010G228210	El003G191900
OG0011326	As010G228580	El004G218840
OG0011327	As010G230100	El004G218780
OG0011328	As010G230390	El004G218470
OG0011329	As010G231190	El004G219420
OG0011330	As010G231300	El004G219490
OG0011331	As010G232700	El004G220790
OG0011332	As010G232770	El004G220900
OG0011333	As010G233110	El004G223920
OG0011334	As010G233360	El004G222040
OG0011335	As010G233420	El004G222140
OG0011336	As010G233490	El004G222200
OG0011337	As010G233680	El004G222430
OG0011338	As010G233900	El004G222790
OG0011339	As010G234360	El004G223390
OG0011340	As010G234420	El004G223460
OG0011341	As010G234590	El004G223590
OG0011342	As010G234910	El004G223980
OG0011343	As010G235200	El004G231600
OG0011344	As010G235230	El004G231560
OG0011345	As010G235530	El004G231150
OG0011346	As010G236040	El004G230480
OG0011347	As010G236500	El002G105750
OG0011348	As010G237130	El004G229230
OG0011349	As010G237770	El004G228360
OG0011350	As010G237800	El004G228330
OG0011351	As010G237890	El003G153320
OG0011352	As010G237970	El002G128960
OG0011353	As010G238210	El007G355370
OG0011354	As010G238230	El004G227890
OG0011355	As010G238430	El004G227690
OG0011356	As010G238700	El004G227380
OG0011357	As010G239060	El004G227010
OG0011358	As010G239140	El004G226930
OG0011359	As010G239530	El004G226400
OG0011360	As010G239590	El004G226340
OG0011361	As010G241050	El004G224810
OG0011362	As010G243580	El004G233830
OG0011363	As010G243590	El004G233840
OG0011364	As010G243790	El004G234080
OG0011365	As010G244150	El004G234390
OG0011366	As011G244760	El005G248740
OG0011367	As011G244830	El005G248850
OG0011368	As011G244970	El005G249050
OG0011369	As011G245020	El005G249100
OG0011371	As011G245430	El005G249430
OG0011372	As011G245690	El005G249730
OG0011373	As011G245780	El005G249860
OG0011374	As011G246050	El005G249890
OG0011375	As011G246130	El005G250230
OG0011376	As011G246320	El005G250470
OG0011377	As011G246570	El005G250790
OG0011378	As012G269660, As011G246750, As011G246760	El002G139030
OG0011379	As011G247040	El005G251270
OG0011380	As011G247120	El005G251340
OG0011381	As011G247220	El005G251520
OG0011382	As011G247380	El005G251740
OG0011383	As011G247440	El005G251810
OG0011384	As011G247540	El005G251920
OG0011385	As011G247640	El005G252030
OG0011386	As011G248390	El005G252970
OG0011387	As011G248490	El005G253060
OG0011388	As011G248510, As011G248520	El005G253080
OG0011389	As011G248550	El005G253120
OG0011390	As011G249460	El005G254290
OG0011392	As011G249980	El005G254860
OG0011393	As011G250320	El005G255400
OG0011394	As011G250660	El005G255880
OG0011395	As011G250820	El005G256050
OG0011396	As011G251130	El005G256420
OG0011397	As011G251270	El005G256600
OG0011398	As011G251380	El005G256740
OG0011399	As011G251390	El005G256750
OG0011400	As011G251420	El005G256900, El004G217040
OG0011401	As011G251820	El005G257260
OG0011402	As011G252490	El005G257980
OG0011403	As011G252690	El005G258210
OG0011404	As011G252780	El005G258300
OG0011405	As011G252970	El005G258690
OG0011406	As011G253340	El005G259310
OG0011407	As011G253940	El005G260160
OG0011408	As011G253960	El005G260240, El002G126440
OG0011409	As011G254100	El005G260910
OG0011410	As011G254190	El005G261000
OG0011411	As011G254500	El005G261420
OG0011412	As011G254530	El005G261460
OG0011414	As011G255270	El006G318870
OG0011415	As011G256010	El005G266880
OG0011416	As011G256340	El005G270570
OG0011417	As011G256720	El005G267890
OG0011418	As011G257350	El005G268450
OG0011419	As011G257680	El005G268750, El005G268710
OG0011420	As011G258410, As011G258370, As011G258360	El005G269280
OG0011421	As011G258770	El005G269780
OG0011422	As011G259280	El005G271470
OG0011423	As011G261000	El005G271130
OG0011424	As011G261120	El005G271100
OG0011425	As011G261280	El005G270910
OG0011426	As011G261540	El005G270720
OG0011427	As011G261630	El005G270530
OG0011428	As011G261800	El004G224210
OG0011429	As011G262810	El005G272940
OG0011430	As011G263090	El005G273400
OG0011431	As011G263210	El005G273460
OG0011432	As011G264550	El005G275070
OG0011433	As011G264940	El005G275600
OG0011434	As011G265260	El005G276840
OG0011435	As011G265370	El005G276680
OG0011436	As011G265660	El005G277330
OG0011437	As011G266070	El005G277850
OG0011438	As011G266170	El005G277960
OG0011439	As011G266490	El005G278250
OG0011441	As011G266790	El005G278640
OG0011442	As011G267140	El005G278910
OG0011443	As011G267430	El005G279500
OG0011444	As011G267480	El005G279450
OG0011445	As012G269270	El002G139670
OG0011446	As012G269620	El002G139100
OG0011447	As012G269740	El002G138850
OG0011448	As012G269800	El002G138240
OG0011449	As012G271040	El002G136590
OG0011450	As012G271090	El002G136500
OG0011451	As012G271260	El002G136350
OG0011452	As012G272000	El005G258070
OG0011453	As012G272840	El002G133530
OG0011454	As012G273620	El002G132270
OG0011455	As012G274070	El002G131420
OG0011456	As012G274320	El003G171500
OG0011457	As012G274410	El003G171590
OG0011458	As012G275030	El006G296450
OG0011459	As012G275040	El006G296460
OG0011460	As012G275170	El006G296650
OG0011461	As012G275380	El006G296840
OG0011462	As012G275670	El001G022470
OG0011463	As012G275750	El001G022560
OG0011464	As012G276160	El002G115990
OG0011465	As012G276390	El001G023380
OG0011466	As012G276430	El001G023400
OG0011467	As012G276540	El001G023530
OG0011468	As012G276790	El001G023740, El005G262550
OG0011469	As012G277160	El003G155930
OG0011470	As012G277970	El001G024660
OG0011471	As012G280340	El001G025450
OG0011472	As012G280860	El001G025660
OG0011474	As012G282200	El001G026920
OG0011475	As012G282410	El001G027090
OG0011476	As012G283330	El001G028250
OG0011477	As012G283590	El001G028440
OG0011478	As012G283620	El001G028470
OG0011479	As012G284010	El001G028930
OG0011481	As012G284590	El001G029740
OG0011482	As012G285460	El002G091460
OG0011483	As012G285520	El001G031060
OG0011484	As012G285800	El001G025220
OG0011485	As012G286380	El001G032170
OG0011486	As012G286780	El001G032420
OG0011487	As012G287070	El001G032940
OG0011488	As012G287370	El006G282420
OG0011489	As012G287660	El001G034040, El001G033720
OG0011490	As012G287750	El001G033910
OG0011491	As012G287760	El001G033920
OG0011492	As012G287800	El001G033960
OG0011493	As012G287940	El001G034220
OG0011494	As012G288220	El001G034560
OG0011495	As012G288320	El001G034660
OG0011496	As012G288370	El001G034750
OG0011497	As012G288700	El001G034910
OG0011498	As012G288870	El001G035330
OG0011499	As012G289010	El001G035460
OG0011500	As012G289230	El001G035700
OG0011501	As012G289510	El001G035960
OG0011603	As001G000620	El003G155140
OG0011604	As001G000640	El003G155130
OG0011605	As001G000750	El003G154690
OG0011606	As001G000760	El003G154970
OG0011607	As001G000770, As001G000780	El003G154960
OG0011608	As001G001200	El003G154280
OG0011609	As001G001680, As011G266060	El003G153390
OG0011610	As001G002380, As011G265100	El005G277080
OG0011611	As001G002390	El003G152670
OG0011612	As001G002520	El003G152570
OG0011613	As001G002550	El003G152540
OG0011614	As001G002600	El003G152500
OG0011615	As001G002620	El003G152440
OG0011616	As001G002860	El003G152260
OG0011617	As001G003110	El003G152090
OG0011618	As001G003790	El003G151430
OG0011619	As001G003900	El002G091510
OG0011620	As001G004120	El003G151100
OG0011621	As001G005270	El003G150190
OG0011622	As001G005320	El003G150150
OG0011623	As001G005480	El006G296630, El007G343250
OG0011624	As001G005990	El003G149850
OG0011625	As005G112960, As001G012020	El001G058700
OG0011626	As001G012440	El003G151520
OG0011627	As010G234230, As001G012570	El004G223220
OG0011628	As001G012750	El001G060060
OG0011629	As001G012800	El003G148230
OG0011630	As001G014210, As011G263200	El003G147940
OG0011631	As001G015240, As001G015480, As001G015160	El001G016240
OG0011632	As001G015830	El002G118240
OG0011633	As001G015850, As004G078950	El002G118280
OG0011634	As001G015860	El002G118300
OG0011635	As001G015970	El002G118700
OG0011636	As001G016040	El002G118800
OG0011637	As001G016570	El002G119420
OG0011638	As001G016670	El002G119520
OG0011639	As001G016690	El002G119540
OG0011640	As001G016960	El002G119850
OG0011641	As001G017080	El002G119990
OG0011642	As001G017280	El003G170000
OG0011643	As001G017510	El003G170370
OG0011644	As001G017650	El003G170630
OG0011645	As001G017680	El003G170690
OG0011646	As001G017950	El001G048030, El003G171110
OG0011647	As001G018260	El007G355180, El007G356260
OG0011648	As001G018380	El004G210680
OG0011649	As001G018410	El006G312160
OG0011650	As001G018560	El004G210080
OG0011651	As001G018700	El004G209610
OG0011652	As001G018770	El004G209970
OG0011653	As001G019090	El004G207290
OG0011654	As001G019120	El004G206940
OG0011655	As001G019320	El004G205740
OG0011656	As001G019530	El002G092640
OG0011657	As001G019630	El004G204610
OG0011659	As001G020570	El004G201430
OG0011660	As001G020620	El004G201340
OG0011661	As001G020690	El003G184870
OG0011662	As001G020930	El004G200910
OG0011663	As001G020950	El007G359640
OG0011664	As001G021420	El004G200090
OG0011665	As001G021850	El004G199200
OG0011666	As008G185670, As001G022070	El002G095050
OG0011667	As001G022630	El001G036370
OG0011668	As001G022840	El001G036650
OG0011669	As001G022900	El001G036710
OG0011670	As007G159130	El002G108170
OG0011671	As001G022970	El001G036800
OG0011672	As001G023110	El001G036950
OG0011673	As001G023330	El001G037560, El001G037230
OG0011674	As001G023540	El001G037700
OG0011675	As001G023600, As012G281070	El001G037780
OG0011676	As001G023900	El001G038150
OG0011677	As001G024050	El001G038500
OG0011678	As001G024640	El001G039510
OG0011679	As001G024710	El001G039660
OG0011680	As001G024780	El001G039750
OG0011681	As001G024910	El001G040020
OG0011682	As001G025400, As001G025410	El001G040870
OG0011683	As001G025520	El001G041050
OG0011684	As001G025990	El001G041790
OG0011685	As001G026100	El001G041960
OG0011686	As001G026550, As004G097360, As004G097350	El003G191450
OG0011687	As001G027420	El001G044350
OG0011688	As001G028050	El001G046130
OG0011689	As001G028410	El004G217130
OG0011690	As001G028470	El004G216460
OG0011691	As001G028550	El004G216350
OG0011692	As001G028720	El004G216070
OG0011693	As001G028750	El004G215800
OG0011694	As001G028830	El004G215690
OG0011695	As001G028880	El004G215590
OG0011696	As001G028990	El004G215350
OG0011697	As001G029140	El004G214960, El004G214940
OG0011699	As001G029920	El003G188470
OG0011700	As001G030100	El002G114600
OG0011701	As001G030330	El004G193890
OG0011702	As001G030400	El004G194010
OG0011703	As001G030470	El004G194080
OG0011704	As001G030520	El004G199890, El004G194090, El004G194140
OG0011705	As001G030800	El004G194730
OG0011706	As001G031060	El004G195430
OG0011707	As001G031220	El001G080600
OG0011708	As001G031520	El004G196530
OG0011709	As001G031700	El008G369070, El004G197050
OG0011710	As001G031840	El004G197390
OG0011711	As001G031940	El004G197600
OG0011712	As002G032380	El005G248390
OG0011713	As002G032700	El003G158410
OG0011714	As002G033400	El001G027990
OG0011715	As002G033440, As012G283120	El006G288460, El007G357120
OG0011716	As002G033770	El006G288810
OG0011717	As002G033830	El006G288880
OG0011718	As002G033950	El005G244270
OG0011719	As002G034210	El005G244500
OG0011720	As002G034330	El005G244650
OG0011721	As002G034360	El005G244700
OG0011722	As002G034390	El005G244730
OG0011723	As002G034970	El005G245110
OG0011724	As002G035260	El007G339940
OG0011726	As002G035550	El005G245640
OG0011727	As002G035680	El005G245780
OG0011728	As002G036120	El005G246060
OG0011729	As002G036300	El005G246120
OG0011730	As002G036360	El005G246190
OG0011731	As002G036370	El005G246200
OG0011732	As002G036450	El005G246240
OG0011733	As002G036490	El005G246310
OG0011734	As002G036750	El005G246390
OG0011735	As002G037510	El005G247350
OG0011736	As002G038350	El005G247860
OG0011737	As002G040720	El007G344710
OG0011738	As002G041710	El007G344420
OG0011739	As002G041720	El007G344430
OG0011740	As002G041880	El007G344300
OG0011741	As002G042540	El007G343440
OG0011742	As002G042680	El007G343300
OG0011743	As002G042900	El007G343010
OG0011744	As002G042950	El007G342980
OG0011745	As002G043150	El007G342900
OG0011746	As002G043330	El007G342710
OG0011747	As002G043440	El007G342520
OG0011748	As002G043450	El007G342510
OG0011749	As002G043880	El007G341690
OG0011750	As002G044160	El007G341250
OG0011751	As002G044210	El007G341180
OG0011752	As002G044260	El007G341150
OG0011753	As002G044380	El007G345170
OG0011754	As002G045290, As007G165960	El003G156300
OG0011755	As002G045380	El007G339120
OG0011756	As002G045500	El007G338540
OG0011757	As002G045630	El007G338740
OG0011758	As002G045660	El007G338770
OG0011759	As002G046050	El007G338300
OG0011760	As002G046300	El007G337890
OG0011761	As002G046330	El007G337850
OG0011762	As002G046690	El007G337410
OG0011763	As002G046870	El003G157430
OG0011764	As002G047210	El007G336780
OG0011765	As002G047350	El007G336540
OG0011766	As002G047490	El007G336390
OG0011767	As002G047540	El004G207630, El007G336350
OG0011768	As002G047790	El007G336110
OG0011769	As002G047880	El007G336020
OG0011770	As002G047930	El007G335970
OG0011772	As002G048820	El007G334700
OG0011773	As002G048840	El007G334660
OG0011774	As002G048920	El007G334530
OG0011775	As002G049270	El007G336280, El007G334000
OG0011776	As002G049400	El007G333850
OG0011777	As002G049580	El007G333670
OG0011778	As002G049600	El007G333650
OG0011779	As002G049980, As002G049970	El001G011590
OG0011780	As002G050060	El001G011640
OG0011781	As002G050460	El001G068510
OG0011782	As002G051370	El001G069690
OG0011783	As002G051450	El001G069750
OG0011784	As002G051790	El001G070170
OG0011785	As002G052300	El001G071000
OG0011786	As002G052410	El001G071120
OG0011787	As002G052640	El001G071370
OG0011788	As002G052960	El001G071660
OG0011789	As002G053490	El001G072220
OG0011790	As005G117500, As002G053630	El007G325920
OG0011791	As002G053690	El001G072460
OG0011792	As002G053830	El001G072650
OG0011793	As002G053870	El001G072680
OG0011794	As002G054170	El001G073030
OG0011795	As002G054250	El001G073150
OG0011796	As002G054320	El001G073240
OG0011797	As002G054360	El001G073280
OG0011798	As002G054490	El001G073380
OG0011799	As002G055030	El004G208840, El001G074030
OG0011800	As002G055160	El001G074160
OG0011801	As002G055370	El001G074410
OG0011802	As002G055480	El001G074530
OG0011803	As002G055490	El001G074540
OG0011804	As003G055960	El003G169330
OG0011805	As003G056200	El003G169000
OG0011806	As003G056670	El003G168370
OG0011807	As007G152950, As007G162560, As003G056840	El002G100460
OG0011808	As003G056920	El003G168070
OG0011809	As003G056930	El003G168060
OG0011810	As003G057440	El003G167260
OG0011811	As003G057630	El003G166950
OG0011812	As003G057690	El003G166830
OG0011813	As003G058090	El003G166020
OG0011814	As003G058160	El003G165880
OG0011815	As003G058170	El003G165870
OG0011816	As003G058250	El003G165760
OG0011817	As003G058270	El003G165740
OG0011818	As003G058340	El003G165680
OG0011819	As003G058510	El003G165520, El003G165540, El003G165550
OG0011820	As003G058580	El003G165420
OG0011821	As003G058590	El003G165410
OG0011822	As003G058600	El003G165400
OG0011823	As003G058860	El003G165160
OG0011824	As003G058890	El003G165100
OG0011825	As003G058910	El003G165080
OG0011826	As003G059610	El003G164440
OG0011827	As003G059720	El003G164220
OG0011828	As003G059770	El003G164160
OG0011829	As003G060030	El003G163680
OG0011830	As003G060120	El003G163600
OG0011831	As003G060250	El003G163530
OG0011832	As003G060260	El003G163450
OG0011833	As003G060320	El003G163390
OG0011834	As008G189170, As003G060490	El003G163040
OG0011835	As003G060950	El003G162510
OG0011836	As003G061570	El003G161550
OG0011837	As003G061840	El003G161240
OG0011838	As003G061920	El003G161130
OG0011839	As003G061940	El003G161110
OG0011840	As003G062030	El003G160950
OG0011841	As003G062280	El002G120250
OG0011842	As003G062300	El002G120280
OG0011843	As003G062420, As003G062400	El002G120500
OG0011844	As003G062760	El002G121100
OG0011845	As003G062800	El002G121240
OG0011846	As003G062810	El002G121270
OG0011847	As003G063390	El002G122980, El005G265810
OG0011848	As003G063550	El002G124530
OG0011849	As003G063790	El002G124050, El002G124170
OG0011850	As003G063910	El002G123720
OG0011851	As003G064390	El002G125540
OG0011853	As003G064510, As005G106580	El001G081660
OG0011854	As003G064710	El002G127500
OG0011855	As003G065160	El002G113230
OG0011856	As003G065240	El002G128530
OG0011857	As003G065370	El002G130660
OG0011858	As003G065380	El002G130640, El001G011830
OG0011859	As003G066070	El001G049530
OG0011860	As003G066250	El002G128840
OG0011861	As003G066880	El001G063410
OG0011862	As003G068420	El002G113710
OG0011863	As003G069040	El002G114160
OG0011864	As003G069800	El002G115010
OG0011866	As003G070290	El002G115830
OG0011867	As003G070680	El002G116240
OG0011868	As003G070700	El002G116270
OG0011869	As003G071420	El002G117590
OG0011870	As003G071810	El003G146730
OG0011871	As003G072420	El003G146010
OG0011872	As003G072560	El003G145830
OG0011873	As003G073120	El003G145270
OG0011874	As003G073140	El003G145240
OG0011875	As003G073300	El003G145100
OG0011876	As003G073730	El003G144450
OG0011877	As003G074520	El003G143830
OG0011878	As003G074550	El003G143800
OG0011879	As003G074710	El003G143620
OG0011880	As003G074770	El003G143550, El003G143560
OG0011881	As003G075070	El003G143190
OG0011882	As003G075480	El003G142860
OG0011883	As003G075760	El003G142570
OG0011884	As003G075820	El003G142510
OG0011885	As003G075890	El003G142430
OG0011886	As003G075920	El003G142400
OG0011887	As003G076030	El003G142280
OG0011888	As003G076090	El003G142200
OG0011889	As003G076180	El003G142100
OG0011890	As003G076220	El003G142070
OG0011891	As003G076410	El003G141750
OG0011892	As003G076430	El003G141770
OG0011893	As003G076620	El003G141610, El004G196120, El007G352780
OG0011894	As003G076630	El007G352800
OG0011895	As004G076870	El003G184020
OG0011896	As004G077060	El003G184760
OG0011897	As004G077110	El003G185080
OG0011898	As004G077130	El003G185290
OG0011899	As004G077140	El003G185280
OG0011900	As004G077520	El003G186720, El003G186710
OG0011901	As004G078000	El003G187800
OG0011902	As004G078340	El003G189220
OG0011903	As004G078760	El006G296060
OG0011904	As004G078880	El006G295960
OG0011905	As004G079030	El002G118460
OG0011906	As004G079400	El003G159200
OG0011907	As004G079490	El006G295610
OG0011908	As004G079670	El006G295780
OG0011909	As004G079900	El003G192350
OG0011910	As004G079950	El006G295380
OG0011911	As004G080060	El001G009810
OG0011912	As004G080080	El001G009840
OG0011913	As004G080250	El001G010140
OG0011914	As004G080400	El001G010440
OG0011915	As004G080420	El001G010460
OG0011916	As004G080440	El001G010510
OG0011917	As004G080450	El001G010520
OG0011918	As004G080470	El001G010540
OG0011919	As004G080550	El001G008340
OG0011920	As004G080570	El001G010820
OG0011921	As004G080790	El001G011380
OG0011922	As004G080870	El001G011320
OG0011923	As004G081210	El008G369570, El006G297630, El006G297670
OG0011924	As004G081300	El006G297810
OG0011925	As004G081360	El006G297890
OG0011926	As004G081500	El006G298120
OG0011927	As004G081520	El006G298160
OG0011928	As004G081600	El006G298260
OG0011929	As004G081710	El006G298360
OG0011930	As004G081730	El006G298380
OG0011931	As004G081860	El007G358650
OG0011932	As004G082070	El002G084440
OG0011933	As004G082090	El007G358200
OG0011934	As004G082300	El007G357690
OG0011935	As004G082340	El007G357600
OG0011936	As004G082530	El007G357090
OG0011937	As004G082560	El007G357020
OG0011938	As004G082950	El007G356070
OG0011939	As004G082980	El007G355360
OG0011940	As004G083410	El001G009260
OG0011941	As004G083940	El001G008250
OG0011942	As004G083950	El001G008240
OG0011943	As004G084000	El001G008180
OG0011944	As004G084500	El001G007590
OG0011945	As004G084660	El001G007320
OG0011946	As004G084800	El001G007000
OG0011947	As004G084870	El001G006920
OG0011948	As004G084960	El001G006760
OG0011949	As004G085070	El001G006370
OG0011950	As004G085200	El001G006130
OG0011951	As004G085270	El001G006070
OG0011952	As004G085470	El001G005810
OG0011953	As004G085900	El001G005130
OG0011954	As004G085920	El001G005110
OG0011955	As004G086390	El001G004520
OG0011956	As004G086470	El001G004370
OG0011957	As004G087650	El007G362610
OG0011958	As004G087900	El007G363350
OG0011959	As004G088160	El007G363900
OG0011960	As004G088290	El007G364080
OG0011961	As004G088420	El007G364240
OG0011962	As004G088640	El007G364610
OG0011963	As004G088670	El007G364560
OG0011964	As004G089060	El007G365430
OG0011965	As004G089310	El007G365820
OG0011966	As004G090870	El007G366640
OG0011967	As004G090940	El003G181830
OG0011968	As004G091200	El007G366470
OG0011969	As004G091630	El007G333580
OG0011970	As004G091940	El003G182790
OG0011971	As004G093290	El003G181860
OG0011972	As004G093620	El003G178350
OG0011973	As004G093700	El003G178250
OG0011974	As004G093710	El005G268170
OG0011975	As004G093820	El005G267820
OG0011975	As011G256650	El005G267830
OG0011976	As004G094430	El003G177310
OG0011977	As004G094440	El003G177300
OG0011978	As004G094520	El003G176930
OG0011979	As004G094620	El003G175740
OG0011980	As004G094910	El003G176160
OG0011981	As004G095230	El003G175640
OG0011982	As004G095270	El003G175270
OG0011983	As011G255040, As004G095620, As004G095610	El003G174990
OG0011984	As004G095720	El003G174800
OG0011985	As004G095900	El003G174260
OG0011986	As004G096050	El003G174090
OG0011987	As004G096110	El003G174030
OG0011988	As004G096510	El003G172920
OG0011989	As004G096670	El003G172600
OG0011990	As004G096930	El005G269630
OG0011991	As004G097110	El003G190820
OG0011992	As004G097200	El003G191040
OG0011993	As004G097240	El003G190990, El003G191150, El003G190570
OG0011994	As004G097270	El003G191270
OG0011995	As011G265190, As004G097380	El003G191470
OG0011996	As004G097390	El003G191490
OG0011997	As004G097760	El003G192160
OG0011998	As004G097790	El003G192060
OG0011999	As004G097920	El003G192570
OG0012000	As004G097970	El003G192640
OG0012001	As004G098000	El003G192680
OG0012002	As004G098330	El003G193450
OG0012003	As004G098520	El003G193670
OG0012005	As005G098790	El006G279880
OG0012006	As005G098870, As006G144260	El006G279950
OG0012007	As005G099640	El006G280530
OG0012008	As005G100020	El006G280910
OG0012009	As005G100350	El006G281240
OG0012010	As005G100430	El006G281320
OG0012011	As005G100890	El006G281910
OG0012012	As005G101020	El001G033490
OG0012013	As005G101150	El006G282290, El006G282340
OG0012014	As005G101190	El006G282380
OG0012015	As005G101610	El006G282900
OG0012016	As005G101680	El006G282960
OG0012017	As012G278220, As005G102120	El006G283470
OG0012018	As005G102150	El006G283500
OG0012019	As005G102380	El006G283890, El001G056830, El006G283720
OG0012020	As005G102600	El006G284110
OG0012021	As005G102650	El006G284170
OG0012022	As005G103540	El001G060340
OG0012023	As005G104100	El006G285660
OG0012024	As005G104110	El006G285690, El001G046180
OG0012025	As005G104200	El006G285760
OG0012026	As005G104310	El006G285870
OG0012027	As005G104590	El006G286220
OG0012028	As005G104600	El006G286230
OG0012029	As005G104790	El006G286460
OG0012030	As005G105140	El006G287030
OG0012031	As005G105340, As005G105350	El006G287310
OG0012032	As005G105670	El006G287520
OG0012033	As005G105820	El006G287710
OG0012034	As005G106460	El001G081800
OG0012035	As005G106730, As005G106740, As005G106750	El001G081490
OG0012036	As005G106820	El001G081430
OG0012037	As005G107340	El001G080860
OG0012038	As005G107950	El001G080120, El001G080140
OG0012039	As005G108020	El001G079830
OG0012040	As005G108700	El001G078920
OG0012041	As005G108720	El001G078900
OG0012042	As005G109840	El001G060790
OG0012043	As005G109880	El001G060810
OG0012044	As005G111120	El001G059640
OG0012045	As005G111130	El001G059630
OG0012046	As005G111200	El001G059860
OG0012047	As005G111400	El001G059960
OG0012048	As005G111470	El001G059820
OG0012049	As005G112740	El001G058830
OG0012050	As005G112840	El001G058820
OG0012051	As005G112880	El001G058790
OG0012053	As005G113280	El001G058200
OG0012054	As005G113400	El001G058070
OG0012055	As005G113550	El001G057690
OG0012056	As005G113600	El001G068050
OG0012057	As005G114320	El007G330580
OG0012058	As005G114590, As005G114580	El007G330910
OG0012059	As005G115800	El007G332220
OG0012060	As005G115860	El007G332350
OG0012061	As005G115930	El004G208180, El007G332450
OG0012062	As005G116200	El007G327300
OG0012063	As005G116350	El007G327120
OG0012064	As005G116750, As005G116770	El007G326750
OG0012065	As005G116760	El007G326730
OG0012066	As005G116870	El007G326620
OG0012067	As005G117110	El007G326340, El003G185470
OG0012068	As005G117390	El007G326050
OG0012069	As005G117750	El007G325680
OG0012070	As005G117890	El007G325450, El005G266450
OG0012071	As005G118100	El007G325310
OG0012072	As005G118340	El007G324970
OG0012073	As005G118540	El001G019170, El007G324660
OG0012074	As005G118580	El007G324630
OG0012075	As005G118900	El007G324220
OG0012076	As005G119380	El007G323540
OG0012077	As005G119430	El007G323490
OG0012078	As005G119440	El007G323480
OG0012079	As005G119540	El007G323400
OG0012080	As005G119560	El007G323370
OG0012081	As005G119780	El007G323090
OG0012082	As005G120650	El007G322200
OG0012083	As005G120740	El007G322130
OG0012084	As006G121120	El001G000180
OG0012085	As006G121200	El001G000880
OG0012086	As006G121260, As008G199120	El002G083000
OG0012087	As006G121460	El001G000600
OG0012088	As008G198720, As006G121760	El002G083250
OG0012089	As006G122100	El002G083570
OG0012090	As006G122310	El007G338390
OG0012091	As006G122620	El001G001950
OG0012092	As006G122640	El001G002150
OG0012093	As006G122660	El001G002110
OG0012094	As006G122690	El001G002060
OG0012095	As006G122710	El001G002080
OG0012096	As006G122760	El001G002020
OG0012097	As006G122770	El001G002170
OG0012098	As006G122850	El001G002300
OG0012099	As006G122960	El001G002580
OG0012100	As006G122980	El001G002650
OG0012101	As006G123050	El001G002750
OG0012102	As006G123100	El001G002800
OG0012103	As006G123190	El001G002900
OG0012104	As006G123240	El001G002980, El002G129870
OG0012105	As006G123480	El001G003260
OG0012106	As006G123780	El001G003670
OG0012107	As006G123910	El001G003820
OG0012108	As006G123920	El001G003830
OG0012109	As006G123930	El001G003840
OG0012110	As006G124050	El001G003990
OG0012111	As006G124090	El001G004020
OG0012112	As006G124170	El001G004170
OG0012113	As006G124190	El001G004280
OG0012114	As006G124210	El001G004300
OG0012115	As006G124230, As006G124220	El001G004310
OG0012116	As006G124370	El007G360240
OG0012117	As006G124530	El004G217840, El007G360020
OG0012118	As006G124560	El007G359980
OG0012119	As006G124570	El007G359930
OG0012120	As009G201770, As006G124900	El007G359300
OG0012121	As006G125030	El007G359080
OG0012122	As006G125300	El006G298530
OG0012123	As006G125900	El006G299260
OG0012124	As006G126110	El006G299910
OG0012125	As006G126190	El002G087200, El006G299510
OG0012126	As006G126410	El006G300140
OG0012127	As006G127020	El006G300640
OG0012128	As006G127040	El006G300700
OG0012129	As006G127140	El006G300820
OG0012130	As006G127370	El006G301130
OG0012131	As006G127410	El006G301200
OG0012132	As006G127770	El006G301730
OG0012133	As006G128070	El006G302180
OG0012134	As006G128400	El006G302760
OG0012135	As006G128430	El006G302800
OG0012136	As006G128600	El006G302970
OG0012137	As006G128610	El006G302990
OG0012138	As006G128820	El006G303370
OG0012139	As006G128990	El006G297720
OG0012140	As006G129010	El006G303970
OG0012141	As006G129070	El006G304130
OG0012142	As006G129390, As007G160280	El006G303210
OG0012143	As006G129420	El006G304610
OG0012144	As006G129720	El006G305040
OG0012145	As006G129800	El006G305100
OG0012146	As006G129890	El006G305310
OG0012147	As006G129900	El006G305350
OG0012148	As006G130220	El006G306080
OG0012149	As006G130270	El006G306150
OG0012150	As006G130340	El006G306260
OG0012151	As006G130400	El006G306470
OG0012152	As006G130410	El006G306480
OG0012153	As006G130490	El001G025060
OG0012155	As006G130920	El006G306710
OG0012156	As006G130950	El005G276860, El006G308670
OG0012157	As006G131490	El006G311310
OG0012158	As006G131580	El006G311770
OG0012159	As006G131630	El006G311850
OG0012160	As006G131670	El006G312170
OG0012161	As006G131950	El006G313350
OG0012162	As006G132070	El006G313780
OG0012163	As006G132140	El006G313700
OG0012165	As006G132740	El005G235700
OG0012166	As006G132870	El005G235530
OG0012167	As006G133230	El005G235180
OG0012168	As006G133630	El001G082340
OG0012169	As006G133690	El001G082270
OG0012170	As006G133890	El003G150850
OG0012171	As006G134230	El003G157930
OG0012172	As006G134850	El005G235970
OG0012173	As006G134880	El005G236010
OG0012174	As006G135720	El005G236970
OG0012175	As006G136140	El005G237410
OG0012176	As006G136620	El005G237900
OG0012177	As006G136690	El005G238030
OG0012178	As006G136790	El005G238100
OG0012179	As006G136800	El005G238110
OG0012180	As006G137290	El003G179580, El005G238590
OG0012182	As006G137420	El005G238760
OG0012183	As006G137680	El005G239100
OG0012184	As006G137750	El005G239170
OG0012185	As006G137870	El005G239370
OG0012186	As006G137930	El005G239470
OG0012187	As006G138360	El003G156040, El003G156020, El003G156010, El003G156030, El003G156050
OG0012188	As006G138440	El005G240050
OG0012189	As006G138890	El005G240280
OG0012190	As006G138950	El005G240550
OG0012191	As012G287770, As006G139620	El001G033930
OG0012193	As006G139940	El005G241540
OG0012195	As006G140270	El001G075510
OG0012196	As006G140450	El005G242110
OG0012197	As006G140530	El005G242170
OG0012198	As006G140550	El005G242190
OG0012199	As006G140660	El003G183450
OG0012200	As006G140870	El003G173170, El005G242450
OG0012201	As006G140950	El005G242490
OG0012202	As006G142050	El005G243880
OG0012203	As006G142470	El006G289130
OG0012204	As006G142510	El006G289140
OG0012205	As006G142570, As006G142560	El006G289230
OG0012206	As006G142750	El006G289410
OG0012207	As006G142940	El002G101080, El006G289720
OG0012208	As006G143210	El006G290000
OG0012209	As006G143740	El006G290730
OG0012210	As006G144030	El006G290970
OG0012211	As006G144120	El006G291050
OG0012212	As006G144530	El006G294920
OG0012213	As006G144930	El006G294460
OG0012214	As006G145150	El007G348770
OG0012215	As006G145180	El006G294100
OG0012216	As006G145270	El006G293960
OG0012217	As006G145380	El006G293710
OG0012218	As006G145430	El006G293660
OG0012219	As006G145640	El006G293500
OG0012220	As006G147000	El006G292370
OG0012221	As006G147070	El006G292270
OG0012222	As006G148350	El006G291790
OG0012223	As006G148640, As009G217760	El007G329800
OG0012224	As012G275820, As006G148800	El001G022620
OG0012225	As007G151880	El002G099280
OG0012226	As007G152160	El002G099620
OG0012227	As007G152190	El002G099660
OG0012228	As007G152200, As007G181860	El002G099700
OG0012229	As007G152240	El002G099740
OG0012230	As007G152870	El002G100380
OG0012231	As007G152960	El002G100470
OG0012232	As007G153150	El002G100700
OG0012233	As007G153180	El002G100730
OG0012234	As007G153200	El002G100750
OG0012235	As007G153280	El002G100860
OG0012236	As007G153420	El002G101020
OG0012237	As007G154320	El002G101990
OG0012238	As007G154620	El002G102310
OG0012239	As007G154830	El002G102590
OG0012240	As007G154840	El002G102600
OG0012241	As007G155420	El002G103240
OG0012242	As007G155480	El002G103340
OG0012243	As007G155570	El002G103460
OG0012244	As007G155850	El002G103830
OG0012245	As007G155950	El002G103980, El037G374510
OG0012246	As007G156570	El002G104720
OG0012247	As007G156690	El002G104940
OG0012248	As007G156870	El002G105190
OG0012249	As007G157300	El002G105810
OG0012250	As007G157900	El002G106360
OG0012251	As010G235610, As007G158040	El004G230960
OG0012252	As007G158060	El002G106480
OG0012253	As007G158160	El002G107090, El002G106770
OG0012254	As007G158180	El002G107120
OG0012255	As007G158220	El002G107170
OG0012256	As007G159120	El002G108160
OG0012257	As007G159140	El002G108180
OG0012258	As007G159460	El002G108660
OG0012259	As007G159550	El002G108740
OG0012261	As007G159810	El002G109280
OG0012263	As007G160510	El002G110650
OG0012264	As007G160700	El002G111230
OG0012265	As007G160800	El002G111120
OG0012266	As007G160880	El002G110950
OG0012267	As007G160960	El002G110850
OG0012268	As007G161080	El002G111740
OG0012269	As007G161120	El002G111800
OG0012270	As007G161460	El002G112280
OG0012271	As007G161720	El002G112480
OG0012272	As007G162320	El002G093780
OG0012273	As007G162330	El002G091960
OG0012274	As007G162390, As010G225840	El001G013690
OG0012275	As007G162850	El003G160350
OG0012276	As007G163110	El003G160080
OG0012277	As007G163170	El003G160020
OG0012278	As007G163200	El001G046580, El001G047020
OG0012279	As007G163500	El003G159940
OG0012280	As007G163760	El003G159760
OG0012281	As007G165140	El003G158910
OG0012282	As007G165790	El003G159120
OG0012283	As007G166060	El006G314520
OG0012284	As007G166780	El007G339680
OG0012286	As007G177710	El006G314660
OG0012287	As007G177850	El001G016700
OG0012288	As007G178120	El006G317010
OG0012289	As007G178590	El006G317680
OG0012290	As007G178990	El006G317800
OG0012291	As007G179050	El006G317840
OG0012292	As007G179150	El006G318120
OG0012293	As007G179210	El001G060540
OG0012294	As007G179870	El006G319270
OG0012295	As007G180380	El006G320000, El006G320010
OG0012296	As007G180400	El006G320030
OG0012297	As007G180500	El006G320230
OG0012298	As007G180520	El006G320250
OG0012299	As007G180530	El006G320260
OG0012300	As007G180800	El006G320710
OG0012301	As007G181070, As007G181420, As007G181120	El006G321250
OG0012302	As007G181770	El006G321320
OG0012303	As007G181780	El006G321330, El006G321380
OG0012304	As007G181850	El007G363740
OG0012305	As007G181970	El006G321600
OG0012306	As007G181990	El006G321630
OG0012307	As007G182090	El006G321670
OG0012308	As007G182110	El006G321700
OG0012309	As007G182260	El006G280370
OG0012310	As008G182370	El002G099140
OG0012311	As008G183120	El002G098190
OG0012312	As008G183200	El002G098110
OG0012313	As008G183280	El002G098050
OG0012314	As008G183700	El002G097340
OG0012315	As008G183990	El002G096970
OG0012316	As008G184390	El002G096510
OG0012317	As008G184510	El002G096350
OG0012318	As008G184520	El002G096340
OG0012319	As008G185040	El002G095700
OG0012321	As008G185270	El002G095500
OG0012322	As008G185370	El002G095340
OG0012323	As008G185400	El002G095310
OG0012324	As008G186000	El002G094750
OG0012325	As010G230500, As008G186490	El002G095150
OG0012326	As008G186550	El002G094090
OG0012327	As008G186640	El002G093980
OG0012329	As008G186850	El002G093770
OG0012330	As008G187090	El002G093500
OG0012331	As008G187200	El002G093340
OG0012332	As008G187480	El002G092620
OG0012333	As008G187650	El002G092890
OG0012334	As008G188020	El002G092550
OG0012335	As008G188050	El002G092520
OG0012336	As008G188500	El002G092070
OG0012337	As008G188730	El002G091940
OG0012338	As008G189120	El003G156180
OG0012339	As008G189130, As012G282330	El001G027220
OG0012340	As008G189160	El002G091700
OG0012341	As008G189350	El002G091610
OG0012342	As008G189830	El002G091280
OG0012343	As008G189920	El002G091420
OG0012344	As008G190310	El002G091220
OG0012345	As008G190480	El002G091470
OG0012346	As008G190970	El007G355530, El002G091120
OG0012347	As008G191420	El002G091040
OG0012348	As008G191490	El002G090630
OG0012349	As008G191630	El007G334430
OG0012350	As008G192220	El001G034510
OG0012351	As008G192500	El006G314360, El006G314340
OG0012352	As008G192680	El002G089990
OG0012353	As008G192980	El002G089700
OG0012354	As008G193200	El002G089330
OG0012355	As008G193770	El006G301490
OG0012356	As008G194400	El006G314070
OG0012357	As008G194870	El002G087640
OG0012358	As008G195620	El002G087000
OG0012359	As008G195910	El002G086720
OG0012360	As008G195930	El002G086700
OG0012361	As008G196180	El002G086410
OG0012362	As008G196440	El002G086090
OG0012364	As008G196940	El002G085570
OG0012365	As008G197080	El002G085720
OG0012366	As008G197390	El002G084900
OG0012367	As008G197550	El002G084750
OG0012368	As008G197630	El002G084590
OG0012369	As008G197880	El002G084260
OG0012370	As008G198250	El002G083920
OG0012371	As008G198590	El002G083590
OG0012372	As008G198630	El002G083520
OG0012373	As008G198760	El002G083320
OG0012374	As008G198780	El002G083340
OG0012375	As008G198790	El002G083350
OG0012376	As008G198800	El002G083390
OG0012377	As008G199310	El002G082730
OG0012378	As008G199600	El002G082490
OG0012379	As009G199750	El001G067720
OG0012380	As009G199860	El001G066890
OG0012381	As009G200060	El001G067170
OG0012382	As009G200640	El005G235650
OG0012383	As009G200760	El001G066420
OG0012384	As009G200800	El001G066380
OG0012385	As009G200960	El006G301150
OG0012386	As009G201170	El001G066030
OG0012387	As009G201190	El001G066050
OG0012388	As009G201510, As011G255540	El001G065650
OG0012389	As009G201590	El001G065570
OG0012390	As009G201680	El001G065460
OG0012391	As009G201690	El001G065450
OG0012392	As009G201950	El001G065280
OG0012393	As009G202050	El001G065180
OG0012394	As009G202230	El001G065020, El001G064840
OG0012395	As009G202480	El001G064480
OG0012396	As009G202560	El001G064360
OG0012398	As009G203570	El001G063250
OG0012399	As009G204280, As009G204390	El001G062120
OG0012400	As009G204410	El001G062110
OG0012401	As009G204470	El001G062050
OG0012402	As009G204550	El001G061920
OG0012403	As009G205080	El001G061170
OG0012404	As009G205090	El001G061160
OG0012405	As009G205240	El001G063980
OG0012406	As009G206040	El001G049980
OG0012407	As009G206100	El001G049810
OG0012408	As009G206150	El001G049700
OG0012409	As009G206690, As009G206640	El001G049090
OG0012410	As009G207080	El004G220990
OG0012411	As009G207640	El007G345540
OG0012412	As009G207920	El007G346270
OG0012413	As009G208320	El007G346990
OG0012414	As009G208700	El007G347420
OG0012416	As009G211370	El001G074860
OG0012417	As009G211420	El001G074910
OG0012418	As009G211590	El001G075140
OG0012419	As009G211850	El001G075320
OG0012420	As009G211890	El001G075330
OG0012421	As009G212120	El004G208720, El007G351160
OG0012422	As009G212170	El001G068250
OG0012423	As009G212220	El001G075520
OG0012424	As009G212240	El001G075550
OG0012425	As009G212440	El001G075910
OG0012426	As009G213230	El001G076790
OG0012427	As009G213980	El007G334950
OG0012428	As009G214260	El001G077730
OG0012429	As009G214290	El001G077750
OG0012430	As009G214580	El001G078050
OG0012431	As009G214950	El001G052220
OG0012432	As009G215420	El001G053380
OG0012433	As009G216450	El001G055740
OG0012434	As009G216490	El001G055810
OG0012435	As009G216610	El001G055920
OG0012436	As009G217010	El001G056470
OG0012437	As009G217130	El001G056660
OG0012438	As009G217270	El001G056860
OG0012439	As009G217280	El001G056870
OG0012440	As009G217290	El001G056880
OG0012441	As009G217540	El007G330110
OG0012442	As009G217740	El002G139300
OG0012443	As009G218080	El007G329330
OG0012444	As009G218460	El007G328810
OG0012445	As009G218990	El007G328130
OG0012446	As009G219010	El007G328110
OG0012447	As009G219060	El007G328030
OG0012448	As009G219360	El007G327690
OG0012449	As009G219610	El007G332690
OG0012450	As009G219660	El007G332740
OG0012451	As009G220080	El007G333220
OG0012452	As009G220120	El007G333280
OG0012453	As010G220740	El004G202020, El001G020910
OG0012454	As010G220840	El001G020770
OG0012455	As010G220890	El001G020710
OG0012457	As010G221150	El001G020400
OG0012458	As010G221290	El001G020110
OG0012459	As010G221750	El001G019430
OG0012460	As010G221900	El001G019220
OG0012461	As010G222280	El001G018620
OG0012462	As010G222320	El001G018560
OG0012463	As010G222390	El001G018490
OG0012464	As010G222420	El001G018450
OG0012465	As010G222700	El001G018120
OG0012466	As010G222830, As010G222820, As010G222840	El001G017940
OG0012467	As010G223470	El001G017190
OG0012468	As010G223480	El001G017180
OG0012469	As010G223540	El001G016970
OG0012470	As010G223570	El001G016890
OG0012471	As010G224120	El001G016270
OG0012472	As010G224260	El007G332120
OG0012473	As010G224400	El001G015910
OG0012474	As010G224510	El001G015780
OG0012475	As010G224540	El001G015700
OG0012476	As010G224900	El001G014880
OG0012477	As010G225540	El001G014050
OG0012478	As010G225830	El001G013700
OG0012479	As010G226060	El001G012820
OG0012480	As010G226420	El004G213570, El001G012370
OG0012481	As010G226650	El001G012030
OG0012482	As010G226840	El001G011890
OG0012483	As010G226910	El001G011810
OG0012484	As010G227930	El004G218120
OG0012485	As010G228110	El004G218020
OG0012486	As010G228800	El004G217590
OG0012487	As010G228920	El004G217480
OG0012488	As010G229020	El006G317410
OG0012489	As010G229350	El004G218610, El004G218630
OG0012490	As010G229460	El004G217380
OG0012491	As010G230010	El004G218490
OG0012492	As010G231440	El004G219680
OG0012493	As010G231520	El004G219630
OG0012494	As010G231530	El004G219620
OG0012495	As010G232040	El004G220120
OG0012496	As010G232510	El004G220540
OG0012497	As010G232540	El004G220550
OG0012498	As010G232550	El004G220560
OG0012499	As010G240630, As010G232630	El004G225190
OG0012500	As010G233190	El004G221740
OG0012501	As010G233380	El004G222050
OG0012502	As010G233480	El004G222190
OG0012503	As010G233970	El004G222910
OG0012504	As010G234100	El004G223100
OG0012505	As010G234540	El006G287880, El004G223550
OG0012506	As010G235170	El004G231630
OG0012507	As010G235410	El004G231330
OG0012508	As010G235570	El004G231030
OG0012509	As010G235830	El004G230670
OG0012510	As010G235840	El004G230660
OG0012511	As010G236000	El004G230550
OG0012512	As010G236160	El004G230360
OG0012513	As010G236190	El004G230330
OG0012514	As010G236410	El004G230030
OG0012515	As010G236690	El004G229740
OG0012516	As010G236760	El004G229610
OG0012518	As010G237230	El004G229110
OG0012519	As010G237470	El004G228830
OG0012520	As010G238390	El004G227730
OG0012521	As010G238440	El004G227680
OG0012522	As010G238470	El004G227650
OG0012523	As010G238680	El004G227400
OG0012524	As010G238690	El004G227390
OG0012526	As010G239490	El004G226430
OG0012527	As010G239660, As010G239630	El004G226290
OG0012528	As010G239740	El004G226190
OG0012529	As010G239940	El004G226030
OG0012530	As010G240550	El004G225270
OG0012531	As010G241330	El004G224480
OG0012532	As010G241440	El004G224370
OG0012533	As010G241920, As010G241930	El004G231930
OG0012534	As010G242000	El004G231980
OG0012535	As010G242090	El004G232170
OG0012536	As010G242440	El004G232510
OG0012537	As010G242450	El004G232520
OG0012538	As010G242550	El004G232650
OG0012540	As010G242980	El004G233120
OG0012541	As010G243050	El004G233210
OG0012542	As010G243390	El004G207560, El004G233550
OG0012543	As010G244220	El004G234480
OG0012544	As010G244330	El004G234590
OG0012545	As010G244360	El002G117060, El004G234630
OG0012546	As010G244480	El004G234720
OG0012547	As010G244490	El004G234830
OG0012548	As010G244510	El004G234800
OG0012549	As010G244530	El004G234780
OG0012550	As011G244650	El005G248530
OG0012551	As011G245080	El005G249160
OG0012552	As011G245100	El005G249180
OG0012553	As011G246120	El002G139730
OG0012554	As012G269240, As011G246250	El005G250340
OG0012555	As011G246470	El005G250660
OG0012556	As011G246560	El005G250780
OG0012557	As011G246870	El005G251100
OG0012558	As011G247290	El005G251610
OG0012559	As011G247310	El005G251630
OG0012560	As011G247350	El005G251700
OG0012561	As011G247990	El005G252460
OG0012562	As011G248200	El005G252720
OG0012563	As011G248770	El005G253300
OG0012564	As011G249030	El005G253650
OG0012565	As011G249090	El005G253710
OG0012566	As011G249200	El005G253890
OG0012567	As011G249240	El005G253940
OG0012568	As011G249250	El005G253950
OG0012570	As011G249730	El005G254590
OG0012571	As011G249740	El005G254600
OG0012572	As011G249750	El005G254610
OG0012573	As011G249810	El005G254660
OG0012574	As011G250350	El005G255450
OG0012575	As011G250420	El005G255540
OG0012576	As011G250480	El005G255720
OG0012577	As011G250630	El005G255830
OG0012578	As011G250800	El005G256030
OG0012579	As011G251020	El005G256300
OG0012580	As011G257310, As011G251260	El005G256590
OG0012581	As011G251330	El005G256660
OG0012582	As011G251490	El005G256940
OG0012583	As011G251950	El005G257400
OG0012584	As011G252130	El005G257630
OG0012585	As011G252350	El005G257870, El001G052720
OG0012586	As011G252700	El005G258220
OG0012587	As011G253060	El005G258770
OG0012588	As012G271750, As011G253070	El002G135450
OG0012589	As011G253190	El005G258930
OG0012590	As011G253720	El005G259880
OG0012591	As011G254350	El003G174070
OG0012592	As011G254870	El001G026990
OG0012593	As011G255000	El005G263630
OG0012595	As011G255460	El005G265180
OG0012596	As011G255690	El005G265650
OG0012597	As011G255720	El005G265690
OG0012598	As011G255820	El005G266010
OG0012599	As011G255850	El005G266100, El005G266020, El005G266130
OG0012600	As011G255960	El002G091500
OG0012601	As011G255990	El005G266850
OG0012602	As011G256290	El005G267310
OG0012603	As011G256350	El005G271410
OG0012604	As011G256860	El005G268100
OG0012605	As011G258290	El005G269310
OG0012606	As011G258460	El005G269210, El001G016670
OG0012607	As011G259040, As011G258870	El005G269540
OG0012608	As011G260580	El005G271550
OG0012609	As011G260770	El005G276490
OG0012610	As011G261240	El005G270930
OG0012611	As011G261480	El005G270770
OG0012612	As011G261570	El005G270600
OG0012613	As011G261640	El005G270410, El007G339340
OG0012614	As011G261890	El005G271480
OG0012615	As011G261960	El005G271850
OG0012616	As011G261970	El002G139040
OG0012617	As011G262410	El005G272460
OG0012618	As011G262520	El005G272560
OG0012619	As011G262640	El005G272710
OG0012620	As011G263000	El002G127390, El005G273270
OG0012621	As011G263010	El005G273280
OG0012622	As011G263080	El005G273390
OG0012623	As011G263410	El005G273700
OG0012624	As011G263610	El005G273990
OG0012625	As011G263660	El005G274030
OG0012626	As011G263690	El006G291850
OG0012627	As011G263720	El005G274130
OG0012628	As011G264290	El005G274520
OG0012629	As011G264470	El005G274930
OG0012630	As011G264480	El005G274940
OG0012631	As011G264600	El005G275160
OG0012632	As011G264900	El003G173350, El005G275550
OG0012633	As011G264970	El005G275660
OG0012634	As011G265020	El005G275710
OG0012635	As011G265250, As011G265240	El005G276850
OG0012636	As011G265470	El005G276510
OG0012637	As011G265740	El005G277450
OG0012638	As011G265970	El005G277710
OG0012639	As011G266110	El005G277920
OG0012640	As011G266330	El005G278080
OG0012641	As011G266550	El005G278410
OG0012642	As011G266770	El005G278620
OG0012643	As011G267160	El005G278940
OG0012644	As011G267460	El005G279470
OG0012645	As012G267780	El002G141440
OG0012646	As012G267830	El002G141340
OG0012647	As012G268000	El002G140990
OG0012648	As012G268010	El002G140980
OG0012649	As012G268450	El002G140450
OG0012650	As012G269350	El002G139490
OG0012651	As012G269580	El002G139290
OG0012652	As012G269680	El002G138910
OG0012653	As012G269730	El002G138870
OG0012654	As012G269990	El002G138130
OG0012655	As012G270220, As012G270210	El002G137830, El001G073340
OG0012656	As012G270400	El002G137720, El004G215770
OG0012657	As012G270720	El002G137150
OG0012659	As012G271330	El002G136250
OG0012660	As012G271350	El002G136230
OG0012661	As012G271450	El002G135960
OG0012663	As012G271690	El002G135370
OG0012664	As012G271930	El002G135010
OG0012665	As012G271970	El002G134890
OG0012666	As012G271980	El002G134870
OG0012667	As012G272170, As012G272160	El002G134660
OG0012668	As012G272500	El002G134160
OG0012669	As012G272560	El002G134080
OG0012670	As012G272620	El002G133980
OG0012671	As012G272900	El002G133430
OG0012672	As012G272910	El002G135390
OG0012673	As012G273180	El002G132610
OG0012674	As012G273360	El002G132770, El006G300930
OG0012675	As012G273410	El002G132680
OG0012676	As012G273660	El002G132190
OG0012677	As012G273770	El002G131990
OG0012678	As012G273890	El002G131780
OG0012679	As012G273900	El001G012050, El002G131770
OG0012680	As012G274280	El003G171450
OG0012681	As012G274330	El003G171510
OG0012682	As012G274510	El003G171870
OG0012683	As012G274660	El003G172130
OG0012684	As012G274690	El003G172180
OG0012685	As012G274700	El003G172210
OG0012686	As012G274870	El006G296270
OG0012687	As012G275300	El006G296750
OG0012688	As012G275360	El006G296820, El003G165110
OG0012689	As012G275510	El001G022310
OG0012690	As012G275520	El002G127730, El001G022330
OG0012691	As012G275680	El001G022480
OG0012692	As012G275880	El001G022680, El003G179530
OG0012693	As012G275930	El001G022740
OG0012694	As012G276010	El001G022900
OG0012695	As012G276090	El001G022990
OG0012696	As012G276350, As012G276340, As012G283430	El001G023350
OG0012698	As012G277030	El001G024590, El001G023950
OG0012699	As012G277210	El001G024100
OG0012700	As012G277380, As012G277220	El001G054510, El001G064660
OG0012701	As012G277790	El001G024560
OG0012702	As012G278050	El001G024700
OG0012703	As012G279200	El003G189080
OG0012704	As012G279920	El001G025000
OG0012705	As012G280160	El001G025250
OG0012706	As012G280920	El001G025720
OG0012707	As012G281140	El001G025850
OG0012708	As012G281800	El001G026330
OG0012709	As012G282000	El001G026530
OG0012710	As012G282040	El001G026600
OG0012711	As012G282140	El001G026880
OG0012712	As012G282210	El001G026930
OG0012713	As012G282800	El001G027630
OG0012714	As012G282820	El001G027650
OG0012715	As012G283410, As012G283010	El001G027890
OG0012716	As012G283020	El001G027900
OG0012717	As012G283050	El001G027920
OG0012718	As012G283260	El001G028180
OG0012719	As012G283270	El001G028190
OG0012720	As012G283400	El003G166850
OG0012721	As012G283650	El001G028540
OG0012722	As012G283710	El001G028610
OG0012723	As012G283740	El001G028660
OG0012724	As012G283830	El001G028750
OG0012725	As012G284330	El001G029420
OG0012726	As012G284850	El003G186200, El001G030210
OG0012727	As012G284860	El001G030220
OG0012728	As012G284970	El006G286290
OG0012729	As012G285170	El001G030620
OG0012730	As012G285190	El001G030640
OG0012731	As012G285700	El001G031300
OG0012732	As012G285760	El001G031370
OG0012733	As012G286560, As012G286500	El001G032210
OG0012734	As012G286590	El001G032220
OG0012735	As012G286960	El001G032780
OG0012736	As012G288030	El001G034350
OG0012737	As012G288270	El001G034600
OG0012738	As012G288400	El001G034780
OG0012739	As012G288610	El001G035100
OG0012740	As012G289060	El001G035510
OG0012741	As012G289130	El001G035610
OG0012836	As001G000020	El003G155850
OG0012837	As001G000120	El003G155720
OG0012838	As001G000230	El003G155600
OG0012839	As001G000500	El003G155290
OG0012840	As001G000690	El003G155080
OG0012841	As001G000950	El003G154590
OG0012842	As001G001240	El003G154240
OG0012843	As001G001380	El003G153970, El003G154080
OG0012844	As001G001450	El006G288370
OG0012845	As001G001760	El003G153300
OG0012846	As001G002370	El003G152700
OG0012847	As001G002540	El003G152550
OG0012848	As001G002650	El003G152410
OG0012849	As001G002980	El003G152190
OG0012850	As001G003010	El003G152160
OG0012851	As001G003230	El003G151960
OG0012852	As001G003330	El003G151860
OG0012853	As001G003480	El003G151700
OG0012854	As001G003750	El003G151490
OG0012855	As001G004360	El003G150940
OG0012856	As001G004490	El003G150810
OG0012857	As001G004740, As006G131340	El003G150580
OG0012858	As001G004800	El003G150540
OG0012859	As001G004970	El003G150370
OG0012860	As001G005080	El003G154420
OG0012861	As001G005290	El003G150170
OG0012862	As001G005410	El003G150090
OG0012863	As001G005620	El003G149710
OG0012864	As001G005790	El003G149770
OG0012865	As001G006360	El003G149950
OG0012867	As001G006730	El003G149600
OG0012868	As001G010040, As001G015380	El003G149180
OG0012869	As001G010180	El003G149210
OG0012870	As001G010240	El003G149240
OG0012871	As001G010370	El003G149170
OG0012872	As001G010540	El003G149110
OG0012873	As001G010710	El003G149020
OG0012875	As001G012610	El003G148700
OG0012876	As001G012780	El003G148200
OG0012877	As001G013730	El003G148510
OG0012878	As001G014090	El003G148170
OG0012879	As001G014530	El003G147620
OG0012880	As001G014540	El003G147610
OG0012881	As001G014860	El003G147360
OG0012882	As008G187250, As003G072380, As001G014950	El003G146050
OG0012883	As001G015090	El003G147240
OG0012884	As001G015140	El005G269940
OG0012885	As001G015680	El002G118030
OG0012886	As004G078740, As001G015700	El002G118050
OG0012887	As004G078990, As001G015910	El002G118440
OG0012888	As001G015960	El002G118690
OG0012889	As001G016910	El002G119760
OG0012890	As001G016940	El002G119800
OG0012891	As001G017100	El002G120040
OG0012892	As001G017610	El003G170550
OG0012893	As001G017840	El003G170770
OG0012894	As001G017870	El003G170820
OG0012895	As001G017880	El003G170830
OG0012896	As001G018010, As004G083020	El003G171130
OG0012897	As001G018090	El003G171220
OG0012898	As001G018230	El003G171300
OG0012899	As001G018370	El004G210690
OG0012900	As001G018490	El004G210380
OG0012901	As001G018520	El004G210150
OG0012902	As001G018680	El004G209550
OG0012903	As001G018750	El004G209800
OG0012904	As001G018780	El004G209150
OG0012905	As001G018800	El004G209120
OG0012906	As001G018970	El004G208360
OG0012907	As001G019020	El004G208310
OG0012908	As001G019030	El004G208250
OG0012909	As001G019380	El004G205520
OG0012910	As001G019390	El005G271910
OG0012911	As001G019670	El004G204560
OG0012912	As001G019760	El004G203360
OG0012913	As001G019920	El004G203010
OG0012914	As001G020050, As001G019940	El004G202790
OG0012915	As001G020170	El004G202130
OG0012916	As001G020240	El004G202250, El004G202210
OG0012917	As001G020360	El004G201780
OG0012918	As001G020390	El004G201710
OG0012919	As001G020880	El004G201020
OG0012920	As001G020940	El004G200960, El004G200900
OG0012921	As001G020970	El004G200790
OG0012922	As001G021020	El004G200480
OG0012923	As001G021140	El004G200630
OG0012924	As001G021180	El004G200290
OG0012925	As001G021450	El004G200000
OG0012926	As001G021460	El004G199980
OG0012927	As001G021470	El004G199970
OG0012928	As001G021520	El002G094180
OG0012929	As001G021570	El004G199760
OG0012930	As001G021600	El004G199720
OG0012931	As001G021990	El004G198950
OG0012932	As001G022280	El001G036060
OG0012933	As001G022320	El001G036100
OG0012934	As001G022340	El001G036120
OG0012935	As001G022430	El001G036200
OG0012936	As001G022730	El001G036520
OG0012937	As001G022770	El001G036570
OG0012938	As001G022790	El001G036590
OG0012939	As001G022890	El001G036700
OG0012940	As001G023060	El001G036880
OG0012941	As001G023130	El001G036970
OG0012942	As001G023500	El001G037630
OG0012943	As001G023580	El001G037740
OG0012944	As001G023810	El001G038030
OG0012945	As001G023840	El001G038060
OG0012946	As001G023980, As008G183430	El002G097830
OG0012947	As001G023990	El001G038390
OG0012948	As001G024290	El001G038810
OG0012949	As001G024440	El001G039080
OG0012950	As001G024540	El001G039200
OG0012951	As001G024920	El001G040030
OG0012952	As001G025000	El001G040110
OG0012953	As001G025140	El001G040370
OG0012955	As001G025320	El001G040750
OG0012956	As001G025440	El001G040920
OG0012957	As001G025490	El001G040990
OG0012958	As001G025600	El001G041200
OG0012959	As001G025620, As001G025630	El001G041220
OG0012960	As001G025860	El001G041600
OG0012961	As001G025900	El001G041660
OG0012962	As001G026010	El001G041810
OG0012963	As001G026020, As005G112790	El001G041820
OG0012964	As001G026050	El001G041860
OG0012965	As001G026210	El001G042160
OG0012966	As001G026300, As004G097540	El003G191720
OG0012968	As001G026690	El001G042720
OG0012969	As001G026700	El001G042730
OG0012970	As001G026790	El001G042960
OG0012971	As001G026950	El001G043180
OG0012972	As001G027170	El001G043900
OG0012973	As001G027180	El001G043910
OG0012974	As001G027210	El001G043970
OG0012975	As001G027410	El005G270800
OG0012976	As001G027660	El001G044990
OG0012977	As001G027710	El001G045060
OG0012978	As001G028110	El001G046290
OG0012979	As001G028130	El001G046310
OG0012980	As001G028280, As004G077830	El003G187530
OG0012981	As001G028310	El004G217250
OG0012982	As001G028320	El004G217240
OG0012983	As001G028420	El004G217120
OG0012984	As001G028430, As004G077710	El004G217090
OG0012985	As001G028490	El004G216440
OG0012986	As001G028670	El004G216230
OG0012987	As001G028970	El004G215430
OG0012988	As001G029050	El004G215290
OG0012989	As001G029060	El004G215280
OG0012990	As001G029360	El004G213780
OG0012991	As001G029440	El004G213240
OG0012992	As001G029490	El004G212850
OG0012993	As001G029500	El004G212720
OG0012994	As001G029580	El004G212160
OG0012995	As001G029970	El004G210900
OG0012996	As001G030060	El004G210860
OG0012997	As001G030140	El004G210480
OG0012998	As001G030240	El004G193840
OG0012999	As001G030390	El004G194000
OG0013000	As001G030650	El004G194380
OG0013001	As001G030670	El004G194390
OG0013002	As001G030720	El004G194620
OG0013003	As001G030730	El004G194630
OG0013004	As001G030820, As001G030830	El004G194760
OG0013005	As001G030860	El004G194780
OG0013006	As001G030890	El004G194800
OG0013007	As001G030920	El004G194810
OG0013008	As001G030930	El004G194820
OG0013009	As001G030960	El004G195100
OG0013010	As001G031120	El004G195520
OG0013011	As001G031190	El004G195690
OG0013012	As001G031260	El004G195920
OG0013013	As001G031360	El004G196040
OG0013014	As001G031390	El004G196240
OG0013015	As001G031500	El002G096330
OG0013016	As001G031620	El004G196930
OG0013017	As001G031720	El004G197070
OG0013018	As001G031900	El001G030340, El004G197560
OG0013019	As001G031930	El004G197590
OG0013020	As001G032100	El004G198100
OG0013021	As001G032130, As008G185320	El004G198140
OG0013022	As001G032170	El004G198180
OG0013023	As001G032180	El004G198190
OG0013024	As002G032520	El003G158650
OG0013025	As002G032630	El003G158480
OG0013026	As002G032660	El003G158440
OG0013027	As002G032690	El003G158420
OG0013028	As002G032830	El003G158300
OG0013029	As002G032870	El006G313610, El003G184600
OG0013030	As002G033090, As002G038070	El006G288090
OG0013031	As002G033220	El006G288220
OG0013032	As002G033470	El006G288400
OG0013033	As002G033480	El006G288380
OG0013034	As002G033600	El006G288600
OG0013035	As002G033820	El006G288870
OG0013036	As002G033870	El006G288970
OG0013037	As002G033910	El005G244190
OG0013038	As002G034060, As002G034050	El005G244390
OG0013039	As002G034100	El005G244440
OG0013040	As002G034450	El005G244810
OG0013041	As002G034460, As002G034620, As002G034550	El005G244820
OG0013042	As002G035000	El005G245140
OG0013043	As002G035180	El005G245250
OG0013044	As002G035240	El003G160450
OG0013045	As002G035270	El005G245360
OG0013046	As002G035330	El005G245470
OG0013047	As002G035350	El005G245490
OG0013048	As002G035360	El005G245500
OG0013049	As002G035640	El005G245750
OG0013050	As002G035660	El005G245770
OG0013051	As002G035730	El001G060510
OG0013052	As002G036090	El005G246020
OG0013053	As002G036100	El005G246040
OG0013054	As002G036160	El005G246080
OG0013055	As002G036430	El005G246230
OG0013056	As008G186240, As002G036600	El002G094420
OG0013057	As002G037040	El005G246690
OG0013058	As002G037400	El005G247130
OG0013059	As002G037430	El005G247260
OG0013060	As002G038180	El005G247810
OG0013061	As002G038190	El005G247820
OG0013062	As002G038480	El005G247880
OG0013063	As002G038730	El005G247920
OG0013064	As007G177910, As002G038790	El001G058140
OG0013065	As002G038880	El005G248120
OG0013066	As002G039180	El003G155940
OG0013067	As002G039600	El006G291730
OG0013068	As002G040090	El007G344870
OG0013069	As002G040170	El007G344850
OG0013070	As002G040200	El007G344840
OG0013071	As002G040650	El007G344770
OG0013072	As002G040860	El007G344680
OG0013073	As002G041340	El007G344530
OG0013074	As002G041650	El007G344480
OG0013075	As002G041750	El007G344440
OG0013076	As002G041920	El007G344200
OG0013077	As002G041970	El007G344170
OG0013078	As002G042200	El007G330760
OG0013079	As002G042400	El007G343480
OG0013080	As002G042410, As011G257720	El005G268770
OG0013081	As002G042880	El007G343050
OG0013082	As002G043140	El007G342910
OG0013083	As002G043260	El007G342830
OG0013084	As002G043460	El007G342500
OG0013085	As002G043590	El007G342150
OG0013086	As002G043680	El007G342010
OG0013087	As002G043830	El007G341770
OG0013088	As002G043890	El007G341630
OG0013089	As002G044050	El007G341420
OG0013090	As002G044140	El007G341340
OG0013091	As002G044460	El007G340760
OG0013092	As002G044690	El007G340380
OG0013093	As002G045230	El007G339630
OG0013094	As002G045280	El003G156290
OG0013095	As002G045550	El007G338600
OG0013096	As002G045560	El007G338610
OG0013097	As002G045580	El007G338670
OG0013098	As002G045640	El007G338750
OG0013099	As002G045670	El007G338780
OG0013100	As002G045680	El007G338790
OG0013101	As002G045690	El007G338830
OG0013102	As002G046020	El007G338330
OG0013103	As002G046080	El007G338070
OG0013104	As002G046290	El007G337900
OG0013105	As002G046320	El005G271660
OG0013106	As002G046570	El007G337580
OG0013107	As002G046610	El007G337500
OG0013108	As002G046620	El007G337490
OG0013109	As002G046630	El007G337480
OG0013110	As002G046660	El007G337440
OG0013111	As002G046670	El007G337430
OG0013112	As002G046960, As004G086310, As002G046940, As002G046750	El007G337310, El007G337330
OG0013113	As002G047050	El007G337010
OG0013114	As002G047080, As006G134560	El003G157570
OG0013115	As002G047100	El007G336970
OG0013116	As002G047260	El007G336650
OG0013117	As002G047420	El007G336470
OG0013118	As002G047520	El004G207610, El007G336370
OG0013119	As002G047700	El007G336190
OG0013120	As002G047850	El007G336050
OG0013121	As002G047910	El007G335990
OG0013122	As002G048080	El007G335820
OG0013123	As002G048180	El007G335500
OG0013124	As002G048850	El007G334650
OG0013125	As002G048940	El007G334510
OG0013126	As002G048960	El007G334460
OG0013127	As002G049040	El007G334370
OG0013128	As002G049050	El007G334360
OG0013129	As002G049190	El007G334170
OG0013130	As002G049430	El007G333820
OG0013131	As002G049550	El007G333700
OG0013132	As002G049880	El007G333470
OG0013133	As002G049910	El007G333420
OG0013134	As002G050020	El001G011620
OG0013135	As002G050090	El001G056930
OG0013136	As002G050130	El007G351580
OG0013137	As002G050340	El001G068390
OG0013138	As002G050390	El001G068440
OG0013139	As002G050410	El001G068460
OG0013140	As002G050690	El001G068770
OG0013141	As002G050790	El001G068890
OG0013142	As002G050830	El001G068950
OG0013143	As002G050940	El001G069190
OG0013144	As002G051970, As002G050960	El001G069220
OG0013145	As002G051050	El001G069300
OG0013146	As002G051070	El001G069320
OG0013147	As002G051110	El001G069370
OG0013148	As002G051390	El001G069710
OG0013149	As002G051490	El001G069770, El001G069790
OG0013150	As002G051590	El001G069920
OG0013151	As002G051610	El001G069940
OG0013152	As002G051640	El001G069970
OG0013153	As002G051760	El001G070140
OG0013154	As002G051880	El001G070300
OG0013155	As002G051890	El001G070310
OG0013156	As002G051980	El001G070390
OG0013157	As002G051990	El005G241480, El001G070400
OG0013158	As002G052350	El001G071050
OG0013159	As002G052370	El001G071070
OG0013160	As002G053120	El001G071830
OG0013161	As002G053500	El001G072240
OG0013162	As002G053530	El001G072280
OG0013163	As002G053770	El001G072570
OG0013164	As002G053850	El001G072670
OG0013165	As002G053880	El001G072690
OG0013166	As002G053970	El001G072780
OG0013167	As002G054090	El001G072920
OG0013168	As002G054110	El001G072940
OG0013169	As002G054120	El001G072960
OG0013170	As002G054160	El001G073000
OG0013171	As002G054380	El001G073300
OG0013172	As009G217140, As002G054500	El001G056670
OG0013173	As002G054580	El001G073480
OG0013174	As002G054750	El001G073690
OG0013175	As002G054760	El001G073700
OG0013176	As002G055010	El001G074010
OG0013177	As002G055060	El001G074060
OG0013178	As002G055070	El001G074080
OG0013179	As002G055460	El001G074520
OG0013180	As002G055530	El007G328630
OG0013182	As003G055720	El003G169740
OG0013183	As003G055890	El003G169420
OG0013184	As003G055980	El003G169310, El003G169300
OG0013185	As003G056080	El003G169170
OG0013186	As003G056090	El003G169160
OG0013187	As003G056370	El003G168800
OG0013188	As003G056610	El003G168470
OG0013189	As003G056640	El003G168430
OG0013190	As003G056650	El003G168420
OG0013191	As003G056910	El007G364280
OG0013192	As003G057010	El003G167960
OG0013193	As003G057120	El003G167850
OG0013194	As003G057200	El003G167620
OG0013195	As003G057240	El003G167580
OG0013196	As004G088190, As003G057280	El003G167530
OG0013197	As003G057360	El003G167370
OG0013198	As003G057470	El003G167230
OG0013199	As003G057500	El003G167130
OG0013200	As003G057510	El003G167120
OG0013201	As003G057720	El003G166720
OG0013202	As003G058300	El003G165710
OG0013203	As003G058310	El001G028870
OG0013204	As003G058330	El003G165690
OG0013205	As003G058370	El003G144680
OG0013206	As003G058700, As003G058660	El003G165340
OG0013207	As003G059160	El003G164780
OG0013208	As003G059390	El003G164680
OG0013209	As003G059650	El003G164330
OG0013210	As003G060040	El003G163670
OG0013211	As003G060270	El003G163440
OG0013212	As003G060300	El004G221110
OG0013213	As003G060440	El003G163190
OG0013214	As003G060600	El003G162860
OG0013215	As003G061510	El003G161630
OG0013216	As003G061820	El003G161260
OG0013217	As003G061880	El003G161180
OG0013218	As003G061990	El003G161060
OG0013219	As003G062000	El003G161050
OG0013220	As003G062190	El003G160720
OG0013221	As003G062350	El002G120360
OG0013222	As003G062450	El002G120640
OG0013223	As003G062750	El002G121090
OG0013224	As003G062780	El002G121170
OG0013225	As003G062890	El001G060070
OG0013226	As003G062900	El003G158860
OG0013227	As003G062920	El001G074750
OG0013228	As003G062990	El002G121790
OG0013229	As003G063230	El002G122310
OG0013230	As003G063250	El002G122360
OG0013231	As003G063320	El002G122650
OG0013232	As003G063400	El005G265820, El002G122990
OG0013233	As003G063480	El002G123280
OG0013234	As003G063610	El002G124340, El006G321020
OG0013235	As003G063780	El002G124200
OG0013236	As003G063860	El002G123790
OG0013237	As003G063920, As004G080210	El002G123710
OG0013238	As003G064220	El002G125400
OG0013239	As003G064460	El002G128180
OG0013240	As003G064740	El005G244240, El005G243190, El005G244220
OG0013241	As003G064940	El002G117610
OG0013242	As003G064950	El002G127010
OG0013243	As003G065250	El002G128550
OG0013245	As003G065440	El002G130550
OG0013246	As003G065510	El002G130210
OG0013247	As003G066020	El002G126130
OG0013248	As003G066040	El002G126010
OG0013249	As003G066060	El002G126000
OG0013250	As003G066370, As003G066380	El002G128710
OG0013251	As003G066640	El002G129110
OG0013252	As003G067320	El002G113510
OG0013253	As003G067640	El002G113470
OG0013254	As003G068480	El002G113760
OG0013255	As003G068580	El002G113840
OG0013256	As003G068630	El002G113860
OG0013257	As003G069200	El002G114340
OG0013258	As003G069290	El002G114510
OG0013259	As003G069500	El002G114770
OG0013260	As003G069700	El002G114930
OG0013261	As003G069710	El005G267920
OG0013262	As003G069860	El002G115120
OG0013263	As003G070010	El002G115290
OG0013264	As003G070280	El002G115860
OG0013265	As003G070830	El002G116550
OG0013266	As003G071670	El003G146890
OG0013267	As005G105870, As003G071700	El003G146860
OG0013268	As003G071940	El003G146610
OG0013269	As003G072170	El003G146320
OG0013270	As003G072210	El003G146280
OG0013271	As003G072260	El003G146200
OG0013272	As011G264800, As003G072280	El005G275360
OG0013273	As003G072470	El003G145960
OG0013274	As003G072570	El003G145820
OG0013275	As003G072580	El003G145810
OG0013276	As003G072610	El003G145780
OG0013277	As003G072630	El003G145750
OG0013278	As003G072690	El003G145700
OG0013279	As003G072820	El003G145580
OG0013280	As003G072850	El003G145540
OG0013281	As003G073160	El003G145230
OG0013282	As003G073310	El003G145090
OG0013283	As003G073320	El004G208190, El003G145080, El003G145050
OG0013284	As003G073380	El003G144990
OG0013285	As003G073700	El003G144430
OG0013286	As003G074200	El003G144160
OG0013287	As003G074220	El001G024070
OG0013288	As003G074610	El003G143730
OG0013289	As003G074620	El003G143720
OG0013290	As003G074660	El003G143680
OG0013291	As003G074830	El003G143500
OG0013292	As003G074840	El003G143490
OG0013293	As003G074850	El003G143480
OG0013294	As003G074870	El002G113320
OG0013295	As003G074880	El003G143420
OG0013297	As003G075410	El003G142940
OG0013298	As003G075420	El003G142930
OG0013299	As003G075580, As003G075570	El003G142750
OG0013300	As012G273680, As003G075610	El003G142700
OG0013301	As003G075730	El003G142600
OG0013302	As003G076060	El003G142230
OG0013303	As003G076120	El003G142160
OG0013304	As003G076170	El003G142110
OG0013305	As003G076370	El003G141940
OG0013306	As003G076380	El003G141730
OG0013307	As003G076470	El003G141820
OG0013309	As003G076590	El003G141670
OG0013310	As004G076720	El006G320620
OG0013311	As004G076830	El003G183740
OG0013312	As004G076950	El003G184230
OG0013313	As004G076990	El003G184550
OG0013314	As004G077050	El003G184750
OG0013315	As004G077120	El003G185160
OG0013316	As004G077230	El003G185560
OG0013317	As004G077280	El003G185660
OG0013318	As004G077300	El003G185730
OG0013319	As004G077330	El003G186010
OG0013320	As004G077350	El003G186080
OG0013321	As004G077460	El003G186330
OG0013322	As004G077660	El003G186870
OG0013323	As004G077730	El003G187210
OG0013324	As004G077770	El003G187450, El003G187440
OG0013325	As004G077840	El003G188270
OG0013326	As004G077870	El003G188250
OG0013327	As004G077880	El003G188240
OG0013328	As004G078030	El003G188500, El003G188490
OG0013329	As004G078180	El003G188940
OG0013330	As004G078510	El003G189600
OG0013331	As004G078590	El003G189750
OG0013332	As004G078600	El003G189760
OG0013333	As004G078850	El001G045640, El001G061680
OG0013334	As004G079230	El002G118960
OG0013335	As004G079250	El001G014930
OG0013336	As004G079330	El001G007680
OG0013337	As004G079410	El007G347090
OG0013338	As004G079530	El006G295680
OG0013339	As004G079570	El006G295720
OG0013340	As004G079780	El006G295870
OG0013341	As004G080070	El001G009820
OG0013342	As004G080180	El001G010030
OG0013343	As004G080290	El001G010230
OG0013344	As004G080300	El001G010240
OG0013345	As004G080310	El001G010250
OG0013346	As004G080360	El001G010400
OG0013347	As004G080380	El001G010420
OG0013348	As004G080530	El001G060330
OG0013349	As004G080590	El001G010860
OG0013350	As004G080720	El005G275500
OG0013351	As004G080770	El002G125500
OG0013352	As004G080800	El001G011370
OG0013353	As004G080820	El001G011360
OG0013354	As004G080840	El001G011340
OG0013355	As004G081160	El006G297150
OG0013356	As004G081640	El006G309000
OG0013357	As004G081650	El006G298310
OG0013358	As004G081690	El006G298340
OG0013359	As004G081850	El006G295650
OG0013360	As004G081890	El007G358610
OG0013361	As004G081930	El007G358560
OG0013362	As004G081970	El007G358510
OG0013363	As004G082030	El007G358340
OG0013364	As004G082100	El007G358160
OG0013365	As004G082190	El007G358020
OG0013366	As004G082200	El002G128930
OG0013367	As004G082350	El007G357570
OG0013368	As004G082440	El007G357320
OG0013369	As004G082490	El002G132060
OG0013370	As004G082520	El007G357100
OG0013371	As004G082600	El007G356930
OG0013372	As004G082660	El001G054080
OG0013373	As004G082670	El007G356760
OG0013374	As004G082700	El007G356590
OG0013375	As004G082730	El007G359700
OG0013376	As004G082770	El007G356530
OG0013377	As004G082790	El006G292240
OG0013378	As004G082800	El007G356500
OG0013379	As004G082820	El004G195830
OG0013380	As004G082870	El007G356140
OG0013381	As004G083000	El001G057070
OG0013382	As004G083060	El006G295290
OG0013383	As004G083160	El001G009650
OG0013384	As004G083260	El001G009510
OG0013385	As004G083310	El001G009380
OG0013386	As004G083390	El001G009290
OG0013387	As004G083430	El001G009220
OG0013388	As004G083500	El002G121200
OG0013389	As004G083610	El001G009090
OG0013390	As004G084170	El001G008080
OG0013391	As004G084270	El001G007920
OG0013392	As004G084440	El001G007670
OG0013393	As004G084460	El001G007650
OG0013394	As004G084510	El001G007580
OG0013395	As004G084550	El001G007550
OG0013396	As004G084600	El001G007430, El001G007410
OG0013397	As004G084670	El001G007310
OG0013398	As004G084700	El001G007220
OG0013399	As004G084770	El001G007070
OG0013400	As004G084890	El001G006890
OG0013401	As004G085060	El001G006390
OG0013402	As004G085540	El001G005720
OG0013403	As004G085580	El001G005650
OG0013404	As004G085980	El001G005050
OG0013405	As004G086020	El001G005010
OG0013406	As004G086130	El001G004870
OG0013407	As004G086260	El001G004990
OG0013408	As004G086490	El007G360420
OG0013409	As004G086570, As006G134200	El007G360790
OG0013410	As004G087060	El007G361520
OG0013411	As004G087150	El007G361590
OG0013412	As004G087190	El007G361680
OG0013413	As004G087670	El007G362630
OG0013414	As008G186220, As004G087770	El007G363180
OG0013415	As004G087780, As004G093230	El007G363190
OG0013416	As004G087810	El007G363220
OG0013417	As004G088010	El007G363650, El007G363640
OG0013418	As004G088060	El007G363720
OG0013419	As004G088140	El007G363870
OG0013420	As004G088170	El007G363920
OG0013421	As004G088200	El007G363960
OG0013422	As004G088240	El007G364020
OG0013423	As004G088570	El007G364420
OG0013424	As004G088880	El007G365000
OG0013425	As004G089300	El001G060210
OG0013426	As004G091180	El007G366490
OG0013427	As004G091190	El007G366480
OG0013428	As004G091320	El003G182070
OG0013429	As004G092310, As004G092410	El005G269960
OG0013430	As006G141320, As004G092770	El003G179930
OG0013431	As004G092870	El003G179750
OG0013432	As004G092970, As011G258550	El005G269130
OG0013433	As004G093000	El003G179640
OG0013434	As004G093440, As011G257580	El005G268610
OG0013435	As004G093750	El003G178160
OG0013436	As004G094000, As011G256570	El005G267720
OG0013437	As004G094530	El003G176900
OG0013438	As004G094630	El003G176680
OG0013439	As004G095050	El003G176090
OG0013440	As004G095130	El003G175910
OG0013441	As004G095200	El003G175680
OG0013442	As004G095430	El001G007970
OG0013443	As004G095480	El003G175100
OG0013444	As004G095640	El003G174950, El003G174930
OG0013445	As004G095980	El003G174190, El003G173460
OG0013446	As004G096080	El003G174060
OG0013447	As004G096120	El003G174010
OG0013448	As004G096160	El003G173910
OG0013449	As004G096170	El003G173830
OG0013450	As004G096590	El003G172800
OG0013451	As004G096610	El003G172770
OG0013452	As004G096820	El003G190310
OG0013453	As004G096970	El003G190690
OG0013454	As004G097160	El008G369770, El003G191000
OG0013455	As004G097490	El003G191620
OG0013456	As004G097810	El003G192340
OG0013457	As004G098010	El003G192720
OG0013458	As004G098320	El005G247600, El003G193430
OG0013459	As004G098410	El003G193570, El003G193520
OG0013460	As004G098490	El003G193650
OG0013461	As005G098690	El006G279810
OG0013462	As005G098980	El006G279980
OG0013463	As005G099040	El006G280040
OG0013464	As005G099160	El006G280100
OG0013465	As005G099180	El006G280120
OG0013466	As005G099300	El006G280230
OG0013467	As005G099400	El006G280290
OG0013468	As005G099600	El006G280520
OG0013469	As005G099960	El006G280870
OG0013470	As005G099980	El006G280880
OG0013471	As005G100080, As005G100050, As005G100070, As005G100060	El006G280950
OG0013472	As005G100100	El006G280970
OG0013473	As005G100440	El006G281330
OG0013474	As005G100680	El006G281640
OG0013475	As005G100740	El006G281690
OG0013476	As005G100770	El006G281730
OG0013477	As005G100790	El006G281750
OG0013478	As005G100820	El006G281790
OG0013479	As005G100980	El006G282020
OG0013480	As005G101100	El006G282120
OG0013481	As005G101120	El006G282140
OG0013482	As005G101210	El006G282410
OG0013483	As005G101220	El006G282440
OG0013484	As005G101490	El006G282780
OG0013485	As005G101830	El006G283100
OG0013486	As005G102450	El006G283960
OG0013487	As005G102500, As005G102510	El001G031940
OG0013488	As005G102530	El006G284030
OG0013489	As005G102590	El006G284090
OG0013490	As005G102660	El006G284190
OG0013491	As005G102810	El006G284290
OG0013492	As005G102830	El006G284310
OG0013493	As005G102910	El006G284420
OG0013494	As005G103170	El006G284790
OG0013495	As005G103320	El006G284940
OG0013496	As005G103530	El006G285110, El006G285090
OG0013497	As005G103790	El006G285330
OG0013498	As005G103930	El006G285460
OG0013499	As005G103990	El006G285580
OG0013500	As005G104060	El006G285620
OG0013501	As005G104270	El006G285850
OG0013502	As005G104350	El006G285920
OG0013503	As005G104400	El006G285950
OG0013504	As005G104650	El006G286300
OG0013505	As012G284770, As005G104860	El001G030120
OG0013506	As005G105120	El006G287050
OG0013507	As005G105200	El006G286930
OG0013508	As005G105780	El006G287670
OG0013509	As005G105790	El006G287680
OG0013510	As005G106680, As006G142210	El001G081530
OG0013511	As005G106770	El001G081470
OG0013512	As005G106950	El001G081280
OG0013513	As005G107000	El001G081170
OG0013514	As005G107090	El001G081120
OG0013515	As005G107170	El001G081020
OG0013516	As005G107220	El001G080950
OG0013517	As005G107320	El001G080870
OG0013518	As005G107370	El001G080830
OG0013519	As005G107660	El001G080350, El001G080300
OG0013520	As005G107880	El001G080070
OG0013521	As005G107890	El001G080080
OG0013522	As005G108330	El001G079330
OG0013523	As005G108350	El001G079310
OG0013524	As005G108430	El001G079180
OG0013525	As005G108530	El001G079050
OG0013526	As005G108540	El001G079040
OG0013527	As005G108670	El001G078940
OG0013528	As005G108790	El001G078840
OG0013529	As005G108950	El001G078650
OG0013530	As005G108960	El001G078630, El005G277630
OG0013531	As005G109160	El001G078470
OG0013532	As005G109240	El001G078420
OG0013533	As005G109270	El001G078340
OG0013534	As005G109320	El001G078320
OG0013535	As005G109350	El001G078300
OG0013536	As005G109360	El001G078290
OG0013537	As005G110400	El001G060170
OG0013539	As005G110580	El001G060550
OG0013540	As005G111850	El001G059460, El001G059670
OG0013541	As005G111940	El001G059450, El001G059680
OG0013542	As005G112550	El001G059000
OG0013543	As005G112980	El001G058650
OG0013544	As005G113090	El001G058560
OG0013545	As005G113100	El001G058540
OG0013546	As005G113200	El001G058400
OG0013547	As005G113690	El001G057500
OG0013548	As005G113700	El001G057490
OG0013549	As005G113760, As005G113740	El001G057420
OG0013550	As005G113970	El007G330170
OG0013551	As005G113990	El007G330190
OG0013552	As005G114000	El007G330200
OG0013553	As005G114110	El007G330310
OG0013554	As005G114190	El007G330410
OG0013555	As005G114550	El007G330880
OG0013556	As005G115580	El007G331640
OG0013557	As005G115640	El007G331710, El004G219670
OG0013558	As005G115650	El007G331730
OG0013559	As005G115780	El002G113630
OG0013560	As005G115980	El001G016480
OG0013561	As005G116140	El007G327370
OG0013562	As005G116210	El007G327290
OG0013563	As005G116470	El007G327010
OG0013564	As005G116600	El007G326920
OG0013565	As005G116710	El007G326790
OG0013566	As005G116930	El007G326550
OG0013567	As005G117020	El007G326470
OG0013569	As005G117170	El007G326300
OG0013570	As005G117240	El007G326230
OG0013571	As005G117280	El007G326190
OG0013572	As005G117380	El007G326080
OG0013573	As005G117410	El007G326010
OG0013574	As005G117480	El007G325940
OG0013575	As005G117520	El007G325890
OG0013576	As005G117580	El007G325830
OG0013577	As005G117710	El005G276830
OG0013578	As005G117760	El007G325520, El007G325670
OG0013579	As005G117800	El007G325600
OG0013580	As005G118140	El007G325230
OG0013581	As005G118280	El007G325060
OG0013582	As005G118530	El007G324670
OG0013583	As005G118790	El007G324340
OG0013584	As005G118800	El007G324330
OG0013585	As005G118820	El007G324300
OG0013586	As005G118910	El007G324190, El007G324200
OG0013587	As005G118990	El007G324000, El007G324040
OG0013588	As005G119100	El007G323880
OG0013589	As005G119120	El007G323850
OG0013590	As005G119150	El007G323820
OG0013592	As005G119340	El007G323590, El002G110560
OG0013593	As005G119410	El007G323510
OG0013594	As005G119470	El007G323450
OG0013596	As005G119550	El007G323390
OG0013597	As005G119660	El007G323210
OG0013598	As005G119830	El007G323040, El007G323010
OG0013599	As005G119840	El007G323030, El007G323000
OG0013600	As005G119960	El007G322860
OG0013601	As005G120100	El007G322740, El007G362230
OG0013602	As005G120440	El007G322380
OG0013603	As005G120560	El007G322310
OG0013604	As005G120630	El007G322220
OG0013605	As005G120730	El007G322140
OG0013606	As005G120770	El007G322100
OG0013607	As005G120830	El007G322020
OG0013608	As005G120850, As005G120860	El007G321990, El007G322000
OG0013609	As006G121110	El001G000170
OG0013610	As006G121130	El001G000190
OG0013611	As006G121150	El001G000210
OG0013612	As006G121220	El001G000850
OG0013613	As006G121410	El001G000620
OG0013614	As006G121610	El001G000450
OG0013615	As006G121630	El001G000430
OG0013616	As006G121640	El001G000410
OG0013617	As006G121970	El001G001140
OG0013618	As006G122050	El001G001220
OG0013619	As006G122060	El001G001230
OG0013620	As006G122130	El001G001320
OG0013621	As006G122160	El001G001350
OG0013622	As006G122330	El001G001560
OG0013623	As006G122580	El001G001880
OG0013624	As006G122610	El001G001940
OG0013625	As006G122630	El001G002160
OG0013626	As006G122650	El001G002140
OG0013627	As006G122780	El001G002180
OG0013628	As006G122830	El001G002250
OG0013629	As006G122840	El001G002260
OG0013630	As006G122880	El001G002350
OG0013631	As006G123010	El002G084430
OG0013632	As006G123160	El001G002870
OG0013633	As006G123470	El001G003250
OG0013634	As006G123640	El001G003490
OG0013636	As006G123660	El001G003470
OG0013637	As006G123740	El001G003570
OG0013638	As006G123760	El001G003600
OG0013639	As006G123820	El001G003720
OG0013640	As006G123950	El001G003860
OG0013641	As006G123970	El001G003880
OG0013642	As006G124100	El001G004030
OG0013643	As006G124150	El001G004150
OG0013644	As006G124160	El001G004160
OG0013645	As006G124340	El007G360300
OG0013646	As006G124490	El007G360100
OG0013647	As006G124510	El007G360040
OG0013648	As006G124590	El007G359910
OG0013649	As006G124830	El007G359660
OG0013650	As006G124940	El007G359230
OG0013651	As006G125060	El007G359050
OG0013652	As006G125100	El007G358980
OG0013653	As006G125480	El006G298890
OG0013654	As006G125500	El006G298830
OG0013655	As006G125550	El006G298770
OG0013656	As006G125570	El006G298750
OG0013657	As006G125640	El006G299930
OG0013658	As006G126010	El006G299120
OG0013659	As006G126280	El006G299630
OG0013660	As006G126340	El006G299800
OG0013661	As006G126370	El006G300100
OG0013662	As006G126380	El006G300110
OG0013663	As006G126480	El006G300260
OG0013664	As006G126720	El006G300300
OG0013665	As006G126820	El006G300380
OG0013666	As006G126860	El006G300440
OG0013667	As006G127000	El006G304250, El006G300620
OG0013668	As006G127460	El006G301280
OG0013669	As006G127490	El006G301310
OG0013670	As006G127600	El006G301460
OG0013671	As006G127720	El006G301680
OG0013672	As006G127790	El006G301750
OG0013673	As006G127850	El006G301850
OG0013674	As006G127880	El006G301900
OG0013675	As006G127950	El006G302040
OG0013676	As006G128180	El006G302360
OG0013677	As006G128250	El006G302420
OG0013678	As006G128440	El007G341670
OG0013679	As006G128590	El006G302960
OG0013680	As006G128700	El006G303180
OG0013681	As006G128730	El006G303230
OG0013682	As006G129130	El006G304180
OG0013683	As006G129380	El006G304470
OG0013684	As006G129760	El003G141930
OG0013685	As006G129910	El006G305370
OG0013686	As006G129980	El006G305510
OG0013687	As006G130140	El006G305820
OG0013688	As006G130160	El006G305860
OG0013689	As006G130210	El006G306000, El006G306030
OG0013690	As006G130230	El006G306100
OG0013691	As006G130390	El006G306410
OG0013692	As006G130510	El006G308380
OG0013693	As006G130550	El006G308250
OG0013694	As006G130770	El006G307440
OG0013695	As006G130840	El004G194530, El006G307250
OG0013696	As006G131150, As006G131120	El006G309540
OG0013697	As006G131160, As006G131180	El006G309590
OG0013698	As006G131210	El006G309920
OG0013699	As006G131270	El005G274570
OG0013700	As006G131320	El006G310970
OG0013701	As006G131370	El006G311000
OG0013702	As006G131390	El006G302290
OG0013703	As006G131410	El002G130260
OG0013704	As006G131450	El006G311240
OG0013705	As006G131540	El006G311460
OG0013706	As006G131620	El006G311840
OG0013707	As006G131680	El006G312400
OG0013708	As006G131750	El006G312580
OG0013709	As006G137250, As006G131770	El005G238540
OG0013710	As006G131850	El006G312820
OG0013711	As006G131910	El006G313250
OG0013712	As006G131960	El006G313360
OG0013713	As006G131990	El006G313520, El002G129330
OG0013714	As006G132200	El006G313890
OG0013715	As006G132220	El003G156640
OG0013716	As006G132700	El003G157360
OG0013717	As006G132750	El005G235690
OG0013718	As006G133210	El005G235230
OG0013719	As006G133250	El005G235160
OG0013720	As006G133290	El005G235130
OG0013721	As006G133300	El005G235120
OG0013722	As006G133370	El005G235050
OG0013723	As006G133810	El001G082240
OG0013724	As006G133910	El001G082180
OG0013725	As006G133960	El001G082100
OG0013726	As006G134010	El001G082060
OG0013727	As006G134150	El007G335920, El001G054330
OG0013728	As006G134450	El007G337210
OG0013729	As006G134990	El005G236110
OG0013730	As006G135010	El005G236130
OG0013731	As006G135220	El005G236390
OG0013733	As006G135420	El005G236580
OG0013734	As006G135570	El007G349550
OG0013735	As006G135700	El005G236950
OG0013736	As006G135980	El005G237250
OG0013737	As006G136230	El005G237500
OG0013738	As006G136320	El005G237580
OG0013739	As006G136370	El005G237640
OG0013740	As006G136450	El003G157070
OG0013741	As006G136610	El005G237890
OG0013742	As006G136810	El005G238130
OG0013743	As006G136910	El005G238230
OG0013744	As006G136930	El005G238260
OG0013745	As006G137170	El005G238450
OG0013746	As006G137180	El005G238460
OG0013747	As006G137390	El005G238730
OG0013748	As006G137500	El005G238970
OG0013749	As006G137540	El005G238920
OG0013750	As006G137720	El005G239140
OG0013751	As006G137730	El005G239150
OG0013752	As006G137810, As012G286990	El005G239220
OG0013753	As006G137850	El005G239260
OG0013754	As006G138020	El005G239580
OG0013755	As006G138080	El005G239650
OG0013756	As006G138190	El005G239750
OG0013757	As006G138280	El005G239840
OG0013758	As006G138480, As006G138520	El005G240090
OG0013759	As006G138560	El005G240250
OG0013760	As006G138670	El005G240140
OG0013761	As006G139050	El005G240630
OG0013762	As006G139120	El005G240730, El007G348230
OG0013763	As006G139380	El005G240990
OG0013764	As006G139400	El005G241020
OG0013765	As006G139730	El005G241340
OG0013766	As006G139990	El005G241560
OG0013767	As006G140120	El005G241720
OG0013768	As006G140300	El005G241940
OG0013769	As006G140330	El005G270130
OG0013770	As006G140410	El005G242070
OG0013771	As006G140830	El005G242410
OG0013772	As006G141130	El005G242680
OG0013773	As006G141310	El001G007910
OG0013774	As006G141460	El005G243130
OG0013775	As006G141480	El005G243150
OG0013776	As006G141760	El005G243460
OG0013777	As006G141830	El005G243530
OG0013778	As006G141970	El005G243770
OG0013779	As006G142170	El005G244020
OG0013780	As006G142530	El006G289190
OG0013781	As006G142790	El006G289480
OG0013782	As006G142880	El006G289600
OG0013783	As006G142970	El001G027070
OG0013784	As006G143050	El006G289830
OG0013785	As006G143300	El006G290080
OG0013786	As006G143370	El006G290150
OG0013787	As006G143470	El006G290260
OG0013788	As006G143500	El006G297390, El006G290310
OG0013789	As006G143750	El006G290720
OG0013790	As006G143820	El006G290870
OG0013791	As006G143940	El006G290890
OG0013793	As006G144060	El006G305460
OG0013794	As006G144150	El006G291100
OG0013795	As006G144240	El006G291210
OG0013796	As006G144390	El008G368360, El006G291410
OG0013797	As006G144540	El006G294900
OG0013798	As006G144830	El006G294570
OG0013799	As006G145130	El006G294150
OG0013800	As006G145210	El006G294050
OG0013801	As006G145300	El006G293810
OG0013802	As006G145390	El006G293700
OG0013803	As006G145450	El006G293640
OG0013804	As006G145510	El006G293580
OG0013805	As006G145590	El006G293530
OG0013806	As006G145940	El006G293180
OG0013807	As006G146360	El006G292770
OG0013808	As006G146380	El006G292750
OG0013809	As006G146730	El006G292630
OG0013810	As006G147910	El006G292210
OG0013811	As006G147930	El006G292220, El001G008430
OG0013812	As006G147950	El006G292250
OG0013813	As006G148390	El003G181990
OG0013814	As006G148770	El006G295220
OG0013816	As007G151890	El002G099300
OG0013817	As007G152790	El002G100280
OG0013818	As007G153000, As010G242510	El002G100510
OG0013819	As007G153020	El002G100530
OG0013820	As007G153080	El002G100600, El002G100590
OG0013821	As007G153160	El002G100710
OG0013822	As007G153240	El002G100820
OG0013823	As007G153550	El002G097270
OG0013824	As007G153600	El002G101270
OG0013825	As007G153750	El002G101410
OG0013826	As007G153760	El002G101420
OG0013828	As007G153900	El002G101520
OG0013829	As007G154180	El002G101890
OG0013830	As007G154340	El002G102010
OG0013831	As007G154520	El002G102390
OG0013832	As007G154680	El002G102200, El002G102220, El002G102240
OG0013833	As007G154740	El002G102120
OG0013834	As007G154770	El002G102100
OG0013835	As007G154800	El002G102540
OG0013836	As007G155030	El002G102780
OG0013837	As007G155500	El002G103360
OG0013838	As007G155540	El002G103400
OG0013839	As007G155550	El002G103420
OG0013840	As007G155610	El002G103520
OG0013842	As007G155750	El002G103680
OG0013843	As007G155890	El002G103880
OG0013844	As007G155910	El002G103910
OG0013846	As007G156080	El002G104200
OG0013847	As007G156230	El002G104380
OG0013848	As007G156640	El002G104860
OG0013849	As007G156850	El002G105160
OG0013850	As007G157030	El002G105360
OG0013851	As007G157270	El002G105780
OG0013852	As007G157360	El002G105870
OG0013853	As007G157370	El002G105880, El002G105890
OG0013854	As007G157520	El002G106010
OG0013855	As007G157600	El002G106050
OG0013856	As007G157680, As009G209870	El002G106140
OG0013857	As007G157760	El002G106550, El002G106220
OG0013858	As007G158100	El002G106530
OG0013860	As007G158830	El002G107920
OG0013861	As007G158850	El002G107940
OG0013862	As007G158870, As010G234440	El002G107960
OG0013863	As007G159510	El002G108700
OG0013864	As007G159930, As007G159920	El002G109420
OG0013865	As007G159940	El002G109490
OG0013866	As007G160200, As007G163880	El002G109950
OG0013867	As007G160450	El002G110590, El002G110330
OG0013868	As007G160470	El002G110610, El002G110720
OG0013869	As007G160500	El002G110640
OG0013870	As007G160630	El002G111300
OG0013871	As007G160740	El002G111180
OG0013872	As007G161040	El002G111700
OG0013873	As007G161060	El002G111720, El002G110440
OG0013874	As007G161160	El002G111870
OG0013875	As007G161790	El002G112570
OG0013876	As007G161990	El004G217960
OG0013877	As007G162020	El002G112800
OG0013878	As007G162120	El002G112930
OG0013879	As007G162340	El002G128400
OG0013880	As007G162880	El003G160320
OG0013881	As007G163020	El003G160170
OG0013882	As007G163460	El003G159990
OG0013883	As007G163480	El003G159980
OG0013884	As007G163720	El003G159810
OG0013885	As007G164350	El003G159520
OG0013886	As007G164420	El003G159470
OG0013887	As007G164460	El003G159440
OG0013888	As007G166900	El003G150130
OG0013889	As007G167130	El006G315120
OG0013890	As007G176850	El006G315800
OG0013891	As007G176860	El006G315780
OG0013892	As007G176890	El006G315840
OG0013893	As007G176960	El003G149560
OG0013894	As007G177050	El006G315930
OG0013895	As007G177060	El006G315940
OG0013896	As007G177140	El001G052260
OG0013897	As007G177550	El006G316050
OG0013898	As007G177690	El006G315850, El006G315580
OG0013899	As007G177720	El006G315470
OG0013900	As007G179250	El006G318250
OG0013901	As007G179820	El006G319060
OG0013902	As007G179990, As010G237370	El004G228920
OG0013903	As010G237390, As007G180000	El004G228910
OG0013904	As007G180040	El006G319540
OG0013905	As007G180260	El006G319810
OG0013906	As007G180410	El006G320060
OG0013907	As007G180570	El006G320330
OG0013908	As007G180590	El006G320350
OG0013909	As007G180630	El006G320390
OG0013910	As007G180700	El006G320580
OG0013911	As007G180930	El006G321100
OG0013912	As007G181750, As007G181400	El006G321290
OG0013913	As007G181980	El006G321610
OG0013914	As007G182270	El002G100210
OG0013915	As008G182290	El002G099260
OG0013916	As008G182730	El002G098730
OG0013917	As008G182740	El002G098710
OG0013918	As008G182840	El002G098570
OG0013919	As008G183060	El002G098250
OG0013920	As008G183170	El002G098080
OG0013921	As008G183550	El002G097470
OG0013922	As008G183570	El002G097430
OG0013924	As008G183800	El002G097280, El002G097710
OG0013925	As008G183900	El002G097140
OG0013926	As008G183970	El002G096950
OG0013927	As008G184330	El002G096570
OG0013928	As008G184540	El002G096300
OG0013929	As008G184570	El002G096280
OG0013930	As008G185340	El002G095400
OG0013931	As008G185470	El002G095290
OG0013932	As008G185480	El002G095280
OG0013933	As008G185630	El002G095100
OG0013934	As008G185700	El002G095020
OG0013935	As008G186520	El002G094160
OG0013936	As008G186580	El002G094060
OG0013937	As008G186770	El002G093850
OG0013938	As008G186890	El005G269930
OG0013939	As008G186900	El005G269920
OG0013940	As008G187070	El001G047970
OG0013941	As008G187580	El002G092820
OG0013942	As008G187630	El002G092870
OG0013943	As008G188160	El002G092420
OG0013944	As008G188210	El002G092380
OG0013945	As008G188310	El002G092280
OG0013946	As008G188350	El002G092240
OG0013947	As008G188370	El002G092170
OG0013948	As008G188420	El002G092120
OG0013949	As008G188510	El002G092060
OG0013950	As008G190280	El002G091370
OG0013951	As008G190340	El002G091250
OG0013952	As008G190650	El002G091200
OG0013953	As008G190930	El002G091140
OG0013954	As008G191740	El001G029280
OG0013955	As008G191810	El002G090510
OG0013956	As008G192690	El002G090010
OG0013957	As008G192820	El002G089880
OG0013958	As008G192950	El002G089730
OG0013959	As008G193040	El002G089570
OG0013960	As008G193150	El002G089460
OG0013961	As008G193160	El002G089450
OG0013962	As008G193390	El002G088390, El002G089110
OG0013963	As008G193690	El002G088810
OG0013964	As008G193880	El002G088660
OG0013965	As008G194070	El002G088530
OG0013966	As008G194420	El002G088100
OG0013967	As008G194600	El002G087920
OG0013968	As008G194700	El002G087830
OG0013969	As008G194950	El002G087530
OG0013970	As008G195380	El002G087190
OG0013971	As008G195590	El002G087030
OG0013972	As008G195630	El002G086990, El002G089930
OG0013973	As008G195860	El002G086790
OG0013974	As008G196050	El002G086540
OG0013975	As008G196280	El002G086270
OG0013976	As008G196360	El002G086140
OG0013977	As008G196430	El002G086100
OG0013978	As008G197020	El002G085290
OG0013979	As008G197330	El002G084990
OG0013980	As008G197450	El002G084850
OG0013981	As008G197480	El002G084820
OG0013982	As008G197830	El002G084360
OG0013983	As008G198220	El006G287760
OG0013984	As008G198360	El002G083850
OG0013985	As008G198500	El002G083690
OG0013986	As008G198520	El002G083670
OG0013987	As008G198550	El002G083640
OG0013988	As008G198570	El002G083620
OG0013989	As008G198610	El002G083560
OG0013990	As008G198710	El002G083220
OG0013991	As008G198750	El002G083310
OG0013992	As008G199020	El002G083120
OG0013993	As008G199210	El002G082820
OG0013994	As008G199240	El002G082800
OG0013995	As008G199270	El006G287160
OG0013996	As008G199300	El002G082750
OG0013997	As008G199560	El001G017660
OG0013998	As008G199670	El002G082420
OG0013999	As009G199800	El001G067630
OG0014000	As009G199870	El001G066900
OG0014001	As009G199940	El001G061270
OG0014002	As009G199970	El001G067030
OG0014003	As009G200000	El001G067060
OG0014004	As009G200300	El001G067470
OG0014005	As009G200520	El001G066710
OG0014006	As009G201060	El001G065970
OG0014007	As009G201480	El001G065700
OG0014008	As009G201490	El001G065690
OG0014009	As009G201500	El001G065680
OG0014010	As009G201540	El001G065620
OG0014011	As009G201570	El001G065590
OG0014012	As009G201730	El001G065430
OG0014013	As009G201740	El001G065420
OG0014014	As009G201970	El001G065260
OG0014015	As009G202080	El001G065160
OG0014016	As009G202100	El001G065120
OG0014017	As009G202460	El001G064500
OG0014018	As009G202620	El001G064250
OG0014019	As009G202730	El001G064170
OG0014020	As009G203000	El001G063950
OG0014021	As009G203030	El001G063820
OG0014022	As009G203140	El001G063730
OG0014023	As009G203270	El001G063540
OG0014024	As009G203280	El001G063550
OG0014025	As009G203560	El001G063260
OG0014026	As009G204020	El001G062520
OG0014027	As009G204070	El004G230170
OG0014028	As009G204080	El001G062460
OG0014029	As009G204290	El001G062260
OG0014030	As009G204360	El001G062160
OG0014031	As009G204450	El001G062070
OG0014032	As009G204570	El001G061940, El001G061900
OG0014033	As009G204750	El001G061580
OG0014034	As009G205040	El001G061230
OG0014035	As009G205160	El001G061040
OG0014036	As009G205480	El001G051260
OG0014037	As009G205580	El001G051090
OG0014038	As009G205600	El001G051050
OG0014039	As009G205620	El001G051030
OG0014040	As009G205690	El001G050870
OG0014041	As009G205770	El001G050730
OG0014042	As009G205960	El007G359290
OG0014043	As009G206140	El001G049710
OG0014044	As009G206610	El001G049170, El001G049180, El001G049190
OG0014045	As009G207020	El001G048110
OG0014046	As009G208120	El007G346900
OG0014047	As009G208180	El007G346950
OG0014048	As009G208390	El007G347020
OG0014049	As009G208670	El007G347080
OG0014050	As009G209110	El007G349110
OG0014051	As009G209440	El007G347540
OG0014052	As009G210490	El001G068130
OG0014053	As009G210740	El001G074950
OG0014054	As009G211140	El001G074790
OG0014055	As009G211410	El001G074900
OG0014056	As009G211610	El001G066660
OG0014058	As009G211800	El001G075270
OG0014059	As009G211810	El001G075300
OG0014060	As009G211920	El001G075360
OG0014061	As009G212020	El007G351220
OG0014062	As009G212520	El001G075980
OG0014063	As009G212590	El001G076060
OG0014064	As009G212680	El001G076180
OG0014065	As009G212760	El001G075670, El001G076270
OG0014066	As009G212810	El001G039310
OG0014067	As009G212940	El001G076390
OG0014068	As009G213020	El001G076480
OG0014069	As009G213090	El001G076580
OG0014070	As009G213210	El001G076770
OG0014071	As009G213240	El001G076800, El003G181180
OG0014072	As009G213830	El001G077010
OG0014073	As009G213880	El001G077070
OG0014074	As009G214040	El001G077720
OG0014075	As009G214060	El001G077660
OG0014076	As009G214110	El001G077510, El001G077470
OG0014077	As009G214120	El001G077460, El001G077500
OG0014078	As009G214340	El001G077800
OG0014079	As009G214370	El001G077830
OG0014080	As009G214430	El001G077900
OG0014081	As009G214460	El001G077930
OG0014083	As009G214660	El001G078170
OG0014084	As009G214880	El001G051850
OG0014085	As009G215130	El001G052600
OG0014086	As009G215200	El001G052590
OG0014087	As009G215380	El001G053050
OG0014088	As009G216320, As009G216050	El001G055580
OG0014089	As009G216160, As011G256820	El001G055450
OG0014090	As009G216190	El001G055420
OG0014091	As009G216350	El006G313010, El001G055620
OG0014092	As009G216390	El001G055680
OG0014093	As009G216720	El001G056110
OG0014094	As009G216890	El002G129820
OG0014095	As010G222020, As009G216940	El007G345380
OG0014096	As009G217430	El001G057120
OG0014097	As009G217460	El001G057140
OG0014098	As009G217720	El007G329870
OG0014099	As009G218060	El007G329370
OG0014100	As009G218110	El007G329310
OG0014101	As009G218310	El007G329070
OG0014102	As009G218330	El003G155780
OG0014103	As009G218560	El007G328670
OG0014104	As009G218610	El007G328590
OG0014105	As009G218830	El007G328330
OG0014106	As009G219100	El007G327990
OG0014107	As009G219150	El007G327880
OG0014108	As009G219180	El007G327850
OG0014109	As009G219240	El007G327780
OG0014110	As009G219340	El007G327710
OG0014111	As009G219440	El007G327560
OG0014112	As009G219450	El007G327550
OG0014113	As009G219620	El007G332700
OG0014114	As009G219750	El007G332830
OG0014115	As009G220020	El007G333120
OG0014116	As010G220230	El001G021740
OG0014117	As010G220260	El001G021670
OG0014118	As010G220300	El001G021610
OG0014119	As010G220350	El001G021560
OG0014120	As010G220510	El001G021310
OG0014121	As010G220680	El001G021070
OG0014122	As010G220820	El001G020800
OG0014123	As010G220830	El001G020790
OG0014124	As010G220980	El001G020590
OG0014125	As010G221080	El001G020460, El001G039330
OG0014126	As010G221390	El001G019960
OG0014127	As010G221450	El001G019730
OG0014128	As010G221520	El001G019640
OG0014129	As010G221810	El001G019340
OG0014130	As010G221890	El001G019270
OG0014131	As010G222130	El001G019020
OG0014132	As010G222180	El001G018840
OG0014133	As010G222480	El001G018350
OG0014134	As010G222590	El001G018210
OG0014135	As010G222880	El001G017850
OG0014136	As010G222980	El001G017770
OG0014137	As010G223070	El001G017630
OG0014138	As010G223130	El001G007890
OG0014139	As010G223360	El001G017310, El003G181460
OG0014140	As010G223450	El001G017240
OG0014141	As010G223610	El001G016810
OG0014142	As010G223670	El001G016730
OG0014143	As010G223680	El001G016720
OG0014144	As010G224070	El001G016370, El001G016410
OG0014145	As010G224080	El001G016400, El001G016360
OG0014146	As010G224430	El001G015840
OG0014147	As010G224560	El001G015660
OG0014148	As010G224690	El001G015360
OG0014149	As010G224760, As010G239800	El004G226130
OG0014150	As010G224910	El001G014860
OG0014151	As010G224950	El001G014800
OG0014152	As010G225130	El001G014600
OG0014153	As010G225300	El001G014240
OG0014154	As010G225330	El001G014110
OG0014155	As010G225640	El001G013950
OG0014156	As010G225710	El001G013840
OG0014157	As010G225910	El001G013650
OG0014158	As010G226360	El001G012470
OG0014159	As010G226380	El001G012400
OG0014160	As010G226390	El001G012390
OG0014161	As010G226450	El001G012260
OG0014162	As010G226470	El006G282640
OG0014163	As010G227120	El001G011470
OG0014164	As010G227490	El001G012080
OG0014165	As010G228100	El004G218040
OG0014166	As010G228260	El004G217790
OG0014167	As010G228610	El004G218290
OG0014168	As010G229030	El004G197240
OG0014169	As010G229940	El004G218500
OG0014170	As010G230020	El004G218480
OG0014171	As010G231210	El004G219440
OG0014172	As010G231600	El004G219510
OG0014173	As010G231660	El003G183300, El004G233870
OG0014174	As010G232280	El004G220310
OG0014175	As010G232400	El004G220400
OG0014176	As010G232460	El004G220460
OG0014177	As010G232480	El002G112240, El004G220490
OG0014178	As010G232660	El004G220740
OG0014179	As010G232980	El004G221230
OG0014180	As010G233270	El004G221860
OG0014181	As010G233520	El004G222230
OG0014182	As010G233580	El004G222280
OG0014183	As010G234030	El004G223000
OG0014184	As010G234120	El004G223120
OG0014185	As010G234200	El004G223190
OG0014186	As010G234270	El004G223280
OG0014187	As010G234310	El004G223320
OG0014188	As010G234500	El004G223510
OG0014189	As010G234660	El004G223660
OG0014190	As010G234670	El004G223670
OG0014191	As010G234830	El004G223830
OG0014192	As010G234840	El004G223840
OG0014193	As010G235250	El004G231530
OG0014194	As010G235700	El004G230840
OG0014195	As010G235750	El004G230780
OG0014196	As010G235850	El004G230650
OG0014197	As010G236170	El004G230350
OG0014198	As010G236210	El004G230320
OG0014199	As010G236330	El004G230110
OG0014200	As010G236400	El004G230050
OG0014202	As010G236710	El004G229680
OG0014203	As010G236900	El004G229500
OG0014204	As010G237150	El004G229210, El004G229200
OG0014205	As010G237430	El004G228870
OG0014206	As010G237450	El004G228850
OG0014207	As010G237480	El004G228820
OG0014208	As010G237620	El004G228640
OG0014209	As010G237720, As010G237730	El004G228420
OG0014210	As010G237950	El004G228150
OG0014211	As010G238240	El004G227880
OG0014212	As010G238250	El004G227870
OG0014213	As010G238460	El004G227660
OG0014214	As010G238490	El004G227630
OG0014215	As010G238660	El004G227440
OG0014216	As010G238750	El004G227330
OG0014217	As010G238840	El004G227240
OG0014218	As010G239070	El004G226990
OG0014219	As010G239120	El004G226950
OG0014220	As010G239190	El004G226880
OG0014221	As010G239250	El004G226790
OG0014222	As010G239310	El004G226710
OG0014223	As010G239370	El004G226680
OG0014224	As010G239500	El004G226420
OG0014225	As010G239550	El004G226380
OG0014226	As010G239640	El004G226280
OG0014227	As010G239680	El004G226250
OG0014228	As010G239710	El004G226210
OG0014229	As010G239780	El004G226150
OG0014230	As010G239840	El004G226090
OG0014231	As010G240170	El004G225720
OG0014232	As010G240460	El004G225410
OG0014233	As010G240520	El004G225310
OG0014237	As010G241110	El004G224730
OG0014238	As010G241140	El002G101550
OG0014239	As010G241290	El004G224540
OG0014240	As010G241300	El004G224530
OG0014241	As010G241360	El004G224450
OG0014242	As010G241540	El004G224220
OG0014243	As010G242280	El004G232350
OG0014244	As010G242370	El004G232440
OG0014245	As010G242460	El004G232530
OG0014246	As010G242520	El006G318620, El004G232620
OG0014247	As010G242700	El004G232800
OG0014248	As010G242730	El004G232860
OG0014249	As010G242740	El004G232870
OG0014250	As010G242820	El004G232950, El004G234420
OG0014251	As010G242840	El004G232970
OG0014252	As010G243300	El004G233460
OG0014253	As010G243500	El004G233730
OG0014254	As010G243810	El004G234100
OG0014255	As010G243820	El004G234110
OG0014256	As010G243870	El004G234160
OG0014257	As010G243880	El004G234190
OG0014258	As010G243930	El004G234230
OG0014259	As010G244260	El004G234520
OG0014260	As010G244320	El004G234580
OG0014261	As010G244350	El004G234620, El004G234640
OG0014262	As010G244400	El004G234660
OG0014263	As010G244520	El004G234790
OG0014264	As010G244540	El004G234770
OG0014265	As011G244620	El005G248480
OG0014266	As011G244770	El005G248750
OG0014267	As011G245060	El005G249140
OG0014268	As011G245830	El005G249930
OG0014269	As011G245850	El005G249950
OG0014270	As011G246030	El007G339990
OG0014271	As011G246090	El005G250200
OG0014272	As011G246100	El005G250210
OG0014273	As011G246150	El001G062810, El005G250250
OG0014274	As011G246740	El005G250890
OG0014275	As011G247010	El005G251230
OG0014276	As011G247030	El005G251260
OG0014277	As011G247070	El005G251290
OG0014278	As011G247260	El005G251580
OG0014279	As011G247390	El005G251750
OG0014280	As011G247780	El005G252220
OG0014281	As011G247810	El005G252270
OG0014282	As011G248110	El005G252620
OG0014283	As011G248170	El001G011560
OG0014284	As011G248250	El005G252770
OG0014285	As011G248270	El005G252810
OG0014286	As011G248530	El005G253100
OG0014287	As011G248810	El005G253330
OG0014288	As011G249010	El005G253610
OG0014289	As011G249160	El005G253840
OG0014290	As011G249310	El005G254050
OG0014291	As011G249390	El005G254170
OG0014292	As011G249690	El005G254540
OG0014293	As011G249720	El005G254580
OG0014294	As011G249890	El005G254750
OG0014295	As011G250090	El005G255130, El005G255090
OG0014296	As011G250310	El005G255390
OG0014297	As011G250510	El006G305190
OG0014298	As011G250580	El005G255800
OG0014300	As011G250890	El005G256090
OG0014301	As011G251000	El005G256280
OG0014302	As011G251030	El001G048770
OG0014303	As011G251290	El005G256620
OG0014304	As011G251300	El005G256640
OG0014305	As011G251310	El005G256650
OG0014306	As011G251430, As012G272630	El002G133970
OG0014307	As011G251500	El005G256950
OG0014308	As011G251560	El005G256970
OG0014309	As011G251670, As012G272520	El002G134140
OG0014310	As011G251870	El005G257320
OG0014311	As011G251960	El005G257420
OG0014312	As011G251990	El005G257470
OG0014313	As011G252530	El005G258020
OG0014314	As011G252540	El005G243980
OG0014315	As011G252650	El005G258140
OG0014316	As011G252760	El005G258320
OG0014317	As011G252790	El005G258330
OG0014318	As011G252810	El005G258350
OG0014319	As011G253030	El005G258740
OG0014320	As011G253090	El005G258810
OG0014321	As011G253100	El005G258850
OG0014322	As011G253120	El005G258870
OG0014323	As011G253430	El005G259760
OG0014324	As011G253560	El005G259550
OG0014325	As011G253580	El005G259490
OG0014326	As011G253640	El005G259420
OG0014327	As011G253660	El005G259410
OG0014328	As011G253780	El005G260050
OG0014329	As011G253990	El005G260300
OG0014330	As011G254550	El005G261510
OG0014331	As011G254770	El001G060190, El001G076310
OG0014332	As011G254790	El005G262260, El005G262000
OG0014333	As011G254940	El005G262830
OG0014334	As011G255360	El005G264900
OG0014335	As011G255450	El005G265150, El005G265160
OG0014336	As011G255470	El005G265190
OG0014337	As011G255650	El005G265600
OG0014338	As011G255740	El003G176040, El003G176010
OG0014339	As011G256210, As011G256220	El005G267130
OG0014340	As011G256380	El005G267540
OG0014341	As011G256480	El005G267620
OG0014342	As011G256500	El005G267640
OG0014343	As011G256510	El005G267660
OG0014344	As011G256810	El005G268070
OG0014345	As011G256930	El005G268190
OG0014346	As011G257740	El005G268780
OG0014347	As011G257750	El005G268790
OG0014348	As011G258100	El005G268920
OG0014349	As011G258780	El005G269770, El005G269760
OG0014350	As011G258790	El005G269740
OG0014351	As011G258880	El005G269570
OG0014352	As011G259220	El005G271830
OG0014353	As011G260760	El005G276500
OG0014354	As011G260990	El005G271290
OG0014355	As011G261150	El005G271080
OG0014356	As011G261300	El005G270900
OG0014357	As011G261310	El005G270890
OG0014358	As011G261430	El005G270780
OG0014359	As011G261500	El005G270760
OG0014360	As011G261560	El005G270640
OG0014361	As011G261670	El005G270210
OG0014362	As011G261790	El005G271650
OG0014363	As011G261840	El005G272970
OG0014364	As011G261870	El005G271510
OG0014365	As011G262050	El005G271960
OG0014366	As011G262170	El005G272180
OG0014367	As011G262210	El005G272210
OG0014368	As011G262330	El005G272370
OG0014369	As011G262340	El005G272380
OG0014370	As011G262390	El003G149330
OG0014371	As011G262400	El005G272450
OG0014372	As011G262460	El001G080040
OG0014373	As011G262570	El005G272600
OG0014374	As011G262660	El002G090640
OG0014375	As011G262940	El005G273210
OG0014376	As011G262990	El005G273260
OG0014377	As011G263040	El005G273310
OG0014378	As011G263350	El005G273640
OG0014379	As011G263450	El002G125950
OG0014380	As011G263560	El005G273910
OG0014381	As011G263770	El002G125350, El005G265800
OG0014382	As011G263860	El005G274310
OG0014383	As011G264380	El005G274780
OG0014384	As011G264520	El005G275030
OG0014385	As011G264700	El005G275240
OG0014386	As011G265310	El005G276750, El005G276070
OG0014387	As011G265540	El005G277120
OG0014388	As011G265550	El005G277130
OG0014389	As011G265670	El005G277340
OG0014390	As011G265700	El005G277380
OG0014391	As011G265710	El005G277390
OG0014392	As011G265990	El005G277740
OG0014394	As011G266320	El005G278070
OG0014395	As011G266620	El005G278450
OG0014396	As011G266670	El005G278490
OG0014397	As011G266890	El005G278660
OG0014398	As011G267190	El005G278970
OG0014399	As011G267260	El005G279120
OG0014400	As011G267370	El005G279210
OG0014401	As011G267500	El005G279430
OG0014402	As011G267530	El005G279400
OG0014403	As012G267690	El002G141530
OG0014404	As012G267740	El002G141490
OG0014405	As012G268050	El002G140940
OG0014406	As012G268070	El002G140890
OG0014407	As012G268440	El002G140460
OG0014408	As012G268600	El002G140390
OG0014409	As012G268630	El002G140360
OG0014410	As012G268670	El007G366910
OG0014411	As012G268780	El002G140250
OG0014412	As012G269440	El002G139350
OG0014413	As012G269480	El002G127300, El002G139190
OG0014414	As012G269640	El002G139060
OG0014415	As012G269840	El002G138360
OG0014416	As012G270260, As012G270320	El002G137800
OG0014417	As012G270340, As012G270390	El002G137780
OG0014418	As012G270480	El002G137630
OG0014419	As012G270640	El002G137260
OG0014420	As012G270650	El002G137250
OG0014421	As012G270660	El002G137240
OG0014422	As012G270730	El002G137120
OG0014423	As012G270910	El002G136770
OG0014424	As012G271270	El002G136340
OG0014425	As012G271340	El002G136240
OG0014426	As012G271480	El002G135930
OG0014427	As012G271590	El002G135150
OG0014428	As012G271700	El002G135380
OG0014429	As012G271820	El002G135670
OG0014430	As012G272040	El004G218710
OG0014431	As012G272060	El002G134810
OG0014432	As012G272090	El005G260770, El002G134760
OG0014433	As012G272180	El002G134650
OG0014434	As012G272330	El002G134490
OG0014435	As012G272360	El002G134440
OG0014436	As012G272610	El002G133990
OG0014437	As012G272680	El002G133920
OG0014438	As012G272790	El002G133700
OG0014439	As012G272820	El005G256500
OG0014440	As012G272940	El002G133380
OG0014441	As012G272960	El002G133350
OG0014442	As012G273210	El002G133020
OG0014443	As012G273260	El002G132940
OG0014444	As012G273390	El002G132730
OG0014445	As012G273450	El002G133110
OG0014446	As012G273650	El002G132200
OG0014447	As012G273830	El002G131830, El001G047560
OG0014448	As012G273910	El002G131740
OG0014449	As012G274230	El003G171400
OG0014450	As012G274370	El003G171560
OG0014451	As012G277900, As012G274400	El001G024970
OG0014452	As012G274430	El003G171600
OG0014453	As012G274550	El003G171960
OG0014454	As012G274640	El003G172110
OG0014455	As012G274710	El003G172220, El003G172240
OG0014456	As012G275090	El006G296510
OG0014457	As012G275110	El006G296520
OG0014458	As012G275250	El006G296700
OG0014459	As012G275490	El001G022290
OG0014460	As012G275530	El001G022340
OG0014461	As012G275770	El001G045200
OG0014462	As012G275780	El001G022580
OG0014463	As012G275790	El001G022590
OG0014464	As012G275800	El001G022600
OG0014465	As012G275900	El001G022660
OG0014466	As012G275960	El001G022780
OG0014467	As012G276070	El001G022950
OG0014468	As012G276200	El001G023070
OG0014469	As012G276210	El001G023160
OG0014470	As012G276840	El004G218600, El004G218620
OG0014471	As012G276970	El001G023960
OG0014472	As012G277110	El001G024000
OG0014473	As012G277720	El001G024530
OG0014474	As012G278180	El001G024790
OG0014475	As012G278600	El001G022200
OG0014476	As012G278810	El001G066640
OG0014477	As012G278870	El001G022050
OG0014478	As012G278900	El001G022030
OG0014479	As012G279510	El001G021850
OG0014480	As012G280110	El001G025230, El005G262900
OG0014481	As012G280250	El001G025280
OG0014482	As012G280870	El001G025690
OG0014483	As012G281500	El001G026150, El001G026040
OG0014484	As012G281610	El001G026170
OG0014485	As012G281620	El001G026180
OG0014486	As012G281730	El001G026270
OG0014487	As012G282010	El001G026540
OG0014488	As012G282660	El001G011570, El001G027470
OG0014489	As012G282700	El001G027510
OG0014490	As012G282780	El006G288980
OG0014491	As012G282970	El001G027840
OG0014492	As012G283170	El001G028090
OG0014493	As012G283230	El001G028140
OG0014494	As012G283250	El001G028170
OG0014495	As012G283690, As012G283730	El001G028650
OG0014496	As012G284320	El001G029410
OG0014497	As012G284520	El001G029640
OG0014498	As012G284560	El001G029720
OG0014499	As012G284750	El001G030100
OG0014500	As012G284880	El001G030240
OG0014501	As012G285220	El001G030690
OG0014502	As012G285240	El001G030710
OG0014503	As012G285250	El001G030720
OG0014504	As012G285430	El001G030980
OG0014505	As012G285450	El001G031000
OG0014506	As012G285860	El001G031530
OG0014508	As012G286000	El001G031770
OG0014509	As012G286230	El001G032010
OG0014510	As012G286300	El001G032110
OG0014511	As012G286620	El001G028030
OG0014512	As012G286740	El001G032380
OG0014513	As012G286800	El001G032440
OG0014514	As012G286980, As012G287000	El001G032800
OG0014515	As012G287090	El001G032960
OG0014516	As012G287520	El001G033540
OG0014517	As012G287690	El001G033830
OG0014518	As012G287810	El001G033970
OG0014520	As012G287970	El001G034250
OG0014521	As012G287980	El001G034270
OG0014522	As012G287990	El001G034280
OG0014523	As012G288090	El001G034410
OG0014524	As012G288360	El001G034740
OG0014525	As012G288530	El001G035160
OG0014526	As012G289020	El001G035470
OG0014527	As012G289030	El001G035480
OG0014528	As012G289190	El001G035650
OG0014529	As012G289290	El001G035770
OG0014530	As012G289320	El001G035800
OG0014531	As012G289440	El001G035900
OG0014532	As012G289450	El001G035910
OG0014533	As012G289500	El001G035950
OG0014637	As001G000280	El003G155540
OG0014638	As001G000430	El005G277200
OG0014639	As001G000490	El003G155300
OG0014640	As001G000510	El003G155270
OG0014641	As001G000560	El003G155220
OG0014642	As001G000590	El003G155190
OG0014643	As001G000670	El003G155100
OG0014644	As001G000810	El004G230190
OG0014645	As001G000830	El003G154840
OG0014646	As001G000840	El003G154830
OG0014647	As001G000900	El003G154650
OG0014648	As001G000980	El003G154560
OG0014649	As001G001010	El003G154540
OG0014650	As001G001150	El003G154360
OG0014651	As001G001160	El003G154350
OG0014652	As001G001250	El003G154220
OG0014653	As001G001350	El003G154160
OG0014654	As001G001390	El003G153800, El003G153960
OG0014655	As001G001400	El003G153930, El003G154050
OG0014656	As001G001530	El004G230630
OG0014657	As001G001550	El003G153580
OG0014658	As001G001630, As001G001590	El005G260310
OG0014659	As001G001700	El003G153370
OG0014660	As001G001710	El003G153360
OG0014661	As001G002320	El003G152760
OG0014662	As001G002960	El003G152210
OG0014663	As001G002990	El003G152180
OG0014664	As001G003040	El006G317440
OG0014665	As001G003050	El003G152120
OG0014666	As001G003100	El003G141640
OG0014667	As001G003340	El003G151840
OG0014668	As001G003420	El003G151750
OG0014669	As001G003460	El003G151720
OG0014670	As001G003670	El003G151570
OG0014671	As001G003700	El003G151540
OG0014672	As001G003910	El002G091480
OG0014673	As001G003920	El003G151340
OG0014674	As001G004060	El003G151140
OG0014675	As001G004100	El003G151120
OG0014676	As001G004110	El003G151110
OG0014677	As001G004270	El003G151010
OG0014678	As001G004290	El003G150960
OG0014679	As001G004520	El003G150800
OG0014680	As001G004830	El003G150520
OG0014681	As001G004870	El003G150490
OG0014682	As001G004960	El003G150420
OG0014683	As001G005090	El006G314090
OG0014684	As001G005340	El003G150120
OG0014685	As001G005800	El003G149780
OG0014686	As001G006080	El003G149890
OG0014687	As001G006240	El003G149930
OG0014689	As001G009970	El003G148250
OG0014690	As001G010050	El003G149190
OG0014691	As001G010380	El003G149160
OG0014692	As001G010460	El003G149150
OG0014693	As001G010510	El003G149130
OG0014694	As001G011180	El028G373580
OG0014694	As224G297330	El043G375030, El036G374350, El043G375000
OG0014695	As001G012190	El003G148900
OG0014696	As001G012730	El003G148190
OG0014697	As001G013580	El003G148380
OG0014698	As001G013750	El003G148550, El003G148540
OG0014699	As001G013810	El003G148680
OG0014700	As001G013910	El003G148130
OG0014701	As001G014070	El003G148150
OG0014702	As001G014240	El003G147900
OG0014703	As001G014330	El003G147790
OG0014704	As001G014900, As001G014910, As011G263760	El005G274180
OG0014705	As001G014940, As001G018320	El005G278850
OG0014706	As001G015520	El003G147140
OG0014707	As001G015610	El003G146980
OG0014708	As001G015650	El003G146940
OG0014709	As001G015790	El002G118190
OG0014710	As001G015930	El002G118580, El002G118560
OG0014711	As001G015990	El002G118720
OG0014712	As001G016240	El002G118950
OG0014713	As001G016250	El002G118970
OG0014714	As001G016410	El002G119120
OG0014715	As001G016420	El002G119130
OG0014716	As001G016730	El002G119600
OG0014717	As001G016770	El002G119650
OG0014718	As001G016790	El002G119700
OG0014719	As001G016800	El002G119710
OG0014720	As001G016900	El002G119750
OG0014721	As001G017020	El002G119930
OG0014722	As001G017040	El002G119950
OG0014723	As001G017390	El003G170100
OG0014724	As001G017410	El003G170110
OG0014725	As001G017480	El003G170400
OG0014727	As001G017530	El003G170450
OG0014728	As001G017550	El003G170470
OG0014729	As001G017640	El003G170620
OG0014730	As001G017860	El003G170810
OG0014731	As001G018120	El003G171250
OG0014732	As001G018300	El003G171330
OG0014733	As001G018350	El004G210740
OG0014734	As001G018510	El004G202990
OG0014735	As001G018640	El004G209380
OG0014736	As001G018810	El004G217740
OG0014737	As001G018820	El004G208860
OG0014738	As001G018850	El004G208800
OG0014739	As001G019070	El004G207480
OG0014740	As001G019150	El004G206900
OG0014741	As001G019190	El004G206420
OG0014742	As001G019580	El004G204740
OG0014743	As001G020150	El004G202680
OG0014745	As001G020460	El003G153570
OG0014746	As001G020650	El004G201310
OG0014747	As001G020860	El004G201050
OG0014748	As001G021170	El004G200320
OG0014749	As001G021290	El004G200150
OG0014750	As001G021560	El004G199770
OG0014751	As001G022030	El004G198890
OG0014752	As001G022140	El004G198530
OG0014753	As001G022210	El001G035990
OG0014754	As001G022470	El001G036230
OG0014755	As001G022490	El001G036250
OG0014756	As001G022580	El001G036310
OG0014757	As001G022720	El001G036510
OG0014758	As001G022780	El001G036580
OG0014759	As001G022800	El001G036600
OG0014760	As001G022820	El001G036630
OG0014761	As001G022860	El001G036670
OG0014762	As001G022930	El001G036780
OG0014763	As001G023000	El001G036830
OG0014764	As001G023300	El001G037120
OG0014765	As001G023660	El001G037880
OG0014766	As001G023760	El001G037970
OG0014767	As001G023770	El001G037980
OG0014768	As001G023860	El001G038100
OG0014769	As001G024060	El001G038510
OG0014770	As001G024080	El001G038530
OG0014771	As001G024230	El001G038730
OG0014772	As001G024280	El001G038800
OG0014773	As001G024430	El001G039000
OG0014774	As001G024790	El001G039790
OG0014775	As001G024990	El001G040100
OG0014776	As001G025010	El001G040120
OG0014777	As001G025070	El001G040270
OG0014778	As001G025090	El001G040310
OG0014779	As001G025170	El001G040390
OG0014780	As001G025470	El001G040960
OG0014781	As001G025590	El001G041190
OG0014782	As001G025640	El001G041230
OG0014783	As001G025790	El001G041460
OG0014784	As001G025850	El001G041590
OG0014785	As001G025950	El001G041740
OG0014786	As001G026000	El001G041800
OG0014787	As001G026160	El001G042070
OG0014788	As001G026400	El001G042410
OG0014789	As001G026540	El001G042540
OG0014790	As001G026670	El001G042700
OG0014791	As001G026820	El001G042990
OG0014792	As001G026830	El001G043000
OG0014793	As001G027070	El001G043670
OG0014794	As001G027230	El001G044050
OG0014795	As001G027260	El001G044150
OG0014796	As001G027770, As004G078300	El003G189150
OG0014797	As001G027890	El001G045620
OG0014798	As001G028090	El001G046230
OG0014799	As004G077960, As001G028170	El003G188040
OG0014800	As001G028200	El004G199350
OG0014801	As001G028270	El004G217270
OG0014802	As001G028370	El004G217180
OG0014803	As001G028400	El004G217150
OG0014804	As001G028560	El004G216320
OG0014805	As001G028800	El004G215710
OG0014806	As001G028900	El004G215570
OG0014807	As001G029010	El004G215330
OG0014808	As001G029090	El004G215180
OG0014809	As001G029190	El004G214810
OG0014810	As001G029240	El004G214560
OG0014811	As001G029270	El004G214280
OG0014812	As001G029310	El004G213990
OG0014813	As001G029390	El004G213680
OG0014814	As001G029540	El004G212560
OG0014815	As001G029640	El004G211810
OG0014816	As001G029670	El004G211740
OG0014817	As001G029780	El004G211490
OG0014818	As001G029810	El004G211190
OG0014819	As001G029830	El004G211140
OG0014820	As001G029850	El004G211090
OG0014821	As001G029900	El007G326610
OG0014822	As001G029910	El004G211020
OG0014823	As001G029960	El002G128590
OG0014824	As001G029980	El004G210910
OG0014825	As001G030030	El001G002130
OG0014826	As001G030170	El004G193780
OG0014827	As001G030260	El001G020920
OG0014828	As001G030380	El001G039070
OG0014829	As001G030440	El004G194050
OG0014830	As001G030490	El004G194110
OG0014831	As001G030510	El004G194130
OG0014832	As001G030580	El004G194260
OG0014833	As001G031010	El004G195160
OG0014834	As001G031090	El004G195470
OG0014835	As001G031200	El004G195700
OG0014836	As001G031290	El004G195940
OG0014837	As001G031320	El004G195960
OG0014838	As001G031330, As001G031340	El004G195980
OG0014839	As001G031370	El004G196050
OG0014840	As001G031380	El004G196060
OG0014841	As001G031530	El004G196540
OG0014842	As001G031740	El004G197090
OG0014843	As001G031820	El004G197350
OG0014844	As001G031870	El004G197530
OG0014845	As001G031890	El004G197550
OG0014846	As001G031910	El004G197570
OG0014847	As001G032040	El004G197980
OG0014848	As002G032410	El005G248340
OG0014849	As002G032480	El003G155960
OG0014850	As002G032590	El003G158540
OG0014852	As002G032840	El003G158290
OG0014853	As002G032880	El003G158220
OG0014854	As002G033180	El006G288190
OG0014855	As002G033260	El003G183960, El003G183880, El003G185400, El003G183900, El003G183750, El003G183810
OG0014856	As002G033290	El006G288310
OG0014857	As002G033380	El006G288520
OG0014858	As002G033490	El006G288360
OG0014859	As002G033620	El006G288630
OG0014860	As002G033760	El006G288800
OG0014861	As002G033800	El006G288850
OG0014862	As002G033940	El005G244260
OG0014863	As002G033960	El005G244280
OG0014864	As002G034040	El005G244380
OG0014865	As002G034090	El005G244420
OG0014866	As002G034180	El005G244480
OG0014867	As002G034310	El005G244630
OG0014868	As002G034400	El005G244740
OG0014869	As002G034490	El005G244850
OG0014870	As002G034670	El005G244910
OG0014871	As002G034680	El005G244920
OG0014872	As002G034930	El005G245060
OG0014873	As002G034940	El005G245070
OG0014874	As002G034990	El005G245130
OG0014875	As002G035040, As005G108510	El001G079080
OG0014876	As002G035230	El005G245340
OG0014877	As002G035250	El005G245350
OG0014878	As002G035460	El005G245560
OG0014879	As002G035560	El005G245660
OG0014880	As002G035590	El005G245700
OG0014881	As002G035630	El005G245740
OG0014883	As002G040530, As002G036390	El007G335560
OG0014884	As002G036630	El005G246500
OG0014885	As002G036780	El005G246360
OG0014886	As002G036830	El005G246550
OG0014887	As002G036930	El005G246620
OG0014888	As002G037110, As002G037100	El005G246870
OG0014889	As002G038310	El005G247850
OG0014890	As002G038630	El005G247990
OG0014891	As002G038750	El005G247900
OG0014892	As002G038920	El005G248150
OG0014893	As002G039340	El001G011480
OG0014894	As002G039430	El007G345160
OG0014895	As002G039440	El001G011510
OG0014896	As002G039880	El007G344880
OG0014897	As002G041360	El005G259870
OG0014898	As002G041960	El007G344180
OG0014899	As002G042150	El002G090910
OG0014900	As002G042300	El007G343630
OG0014901	As002G042320	El007G343580
OG0014902	As002G042390	El007G343500
OG0014903	As002G042600	El007G343360
OG0014904	As002G042780	El007G343130
OG0014905	As002G043290	El007G342790
OG0014907	As002G043500	El007G342280
OG0014908	As002G043580	El007G342160
OG0014909	As002G043600	El007G342140
OG0014910	As002G043620	El007G342100
OG0014911	As002G043860	El007G341710
OG0014912	As002G043950	El007G341550
OG0014913	As002G043960	El007G341540
OG0014914	As002G043990	El007G341480
OG0014915	As002G044010	El007G341460
OG0014916	As002G044020	El007G341450
OG0014917	As002G044190	El007G341200
OG0014918	As006G143690, As002G044300	El007G341050
OG0014919	As002G044330	El007G341000
OG0014920	As002G044510	El007G340710
OG0014921	As002G044720	El007G339840
OG0014922	As002G044870	El007G340030
OG0014923	As002G045010	El007G340210
OG0014924	As002G045190	El007G339670
OG0014925	As002G045220	El007G339640
OG0014926	As002G045350	El007G339460
OG0014927	As002G045740	El007G338870
OG0014928	As002G046160	El007G338000
OG0014929	As002G046600	El007G337510
OG0014931	As002G047140	El007G347980
OG0014932	As002G047230	El007G336690
OG0014933	As002G047290	El007G336620
OG0014934	As002G047360	El007G336530
OG0014935	As002G047870	El007G336030
OG0014936	As002G047960	El007G335940
OG0014937	As002G048060	El007G335840
OG0014939	As002G048270	El007G335340
OG0014940	As002G048370	El007G335220
OG0014941	As002G048380	El007G335210
OG0014942	As002G048720	El007G334820
OG0014943	As002G048740	El007G334800
OG0014944	As002G048750	El007G334790
OG0014945	As002G049100	El007G334310
OG0014946	As002G049310	El007G333940
OG0014947	As002G049340	El007G333920
OG0014948	As002G049440	El007G333810
OG0014949	As002G049530	El007G333720
OG0014950	As002G049610	El007G333630
OG0014951	As002G049930	El007G333400
OG0014952	As002G049950	El007G333380
OG0014953	As002G050010	El005G264570
OG0014954	As002G050080	El001G011600
OG0014955	As002G050250	El001G068310
OG0014956	As002G050260	El001G068300
OG0014957	As002G050540	El001G068610
OG0014958	As002G050740	El001G068840
OG0014959	As002G051100	El001G069360
OG0014960	As002G051360	El001G069660
OG0014961	As002G051710, As002G051690	El001G070080, El001G070070, El006G303810, El001G045160
OG0014962	As002G051740	El001G070110
OG0014963	As002G051850	El001G070240
OG0014964	As002G051900	El001G070330
OG0014965	As002G051920	El001G070350
OG0014966	As002G052130	El001G070560
OG0014967	As002G052180	El001G070840
OG0014968	As002G052190	El001G070870
OG0014969	As002G052220	El006G292090
OG0014970	As002G052280	El001G070980
OG0014971	As002G052310	El001G071010
OG0014972	As002G052340	El001G071040
OG0014973	As002G052540	El001G071220
OG0014974	As002G052560	El001G071230
OG0014975	As002G052760	El001G071450
OG0014976	As002G052800	El001G071480
OG0014977	As002G052830	El001G071550
OG0014978	As002G052920	El001G071610
OG0014979	As002G053100	El001G071790
OG0014980	As002G053110	El001G071810
OG0014981	As002G053320	El001G072040
OG0014982	As002G053600	El002G125140, El001G072370
OG0014983	As002G053650	El001G072420
OG0014984	As002G053780	El001G072580
OG0014985	As002G053790	El001G072590
OG0014986	As002G054080	El001G072910
OG0014987	As002G054540	El001G073440
OG0014988	As002G054570	El001G073470
OG0014989	As002G054810	El001G073750
OG0014990	As002G055170	El001G074170
OG0014991	As002G055260	El001G074270
OG0014992	As002G055340	El001G074370
OG0014993	As002G055420	El001G074460
OG0014994	As003G055600	El003G169920
OG0014995	As003G055730	El003G169730
OG0014996	As003G055750	El003G169710
OG0014997	As003G056110	El003G169140
OG0014998	As003G056130	El003G169130
OG0014999	As003G056770	El003G168190
OG0015000	As003G056950	El003G168050
OG0015001	As003G057060	El003G167910
OG0015002	As003G057080	El003G167890
OG0015003	As003G057130	El003G167840
OG0015004	As003G057250	El003G167570
OG0015005	As003G057270	El003G167540
OG0015006	As003G057520	El003G167110
OG0015007	As003G057590	El003G167000
OG0015008	As003G057740	El003G166700
OG0015009	As003G057950	El003G166260
OG0015010	As003G057960	El003G166250
OG0015011	As003G058020	El003G166200
OG0015012	As003G058260	El003G165750
OG0015013	As003G058670, As003G058710	El003G165330
OG0015014	As003G058780	El003G165260
OG0015015	As003G058830	El003G165190
OG0015016	As003G058880	El002G102150
OG0015017	As003G059070	El003G164900
OG0015018	As003G059140	El003G164800
OG0015019	As003G059260, As009G200120	El001G067230
OG0015020	As003G059280	El003G164730
OG0015021	As003G059490	El003G164590
OG0015022	As003G059550	El003G164530
OG0015023	As003G059580	El003G164490
OG0015024	As003G059700	El003G164260
OG0015025	As003G059820	El003G164120
OG0015026	As003G059870	El003G164070
OG0015027	As003G059990	El003G163720
OG0015028	As003G060500	El003G162980
OG0015029	As003G060660	El003G162800
OG0015030	As003G060860	El003G162620
OG0015031	As003G060910	El003G162580
OG0015032	As003G061040	El001G047400
OG0015033	As003G062040	El003G160940
OG0015034	As003G062250	El003G160670
OG0015035	As003G062320	El002G120340
OG0015036	As003G062360	El002G120400
OG0015037	As003G062390	El002G120440
OG0015038	As003G062440	El002G120630
OG0015039	As003G062460	El002G120650
OG0015040	As003G062610	El002G120960
OG0015041	As003G062630	El002G120980
OG0015042	As003G062670	El002G121020
OG0015043	As003G062730	El002G121070
OG0015044	As003G063280	El002G122600
OG0015045	As003G063310	El002G122640
OG0015046	As003G063350	El002G122910
OG0015047	As003G063460	El002G123240
OG0015048	As003G063800	El002G123940
OG0015049	As003G063840	El002G123850
OG0015050	As003G063850	El002G123820
OG0015051	As003G063960	El002G123580
OG0015052	As003G064090	El002G125020
OG0015053	As003G064180	El002G125220
OG0015054	As003G064190	El002G125240
OG0015055	As003G064200	El002G125250
OG0015056	As003G064230	El002G125410
OG0015057	As003G064580	El002G128000
OG0015058	As003G064600	El002G127770
OG0015059	As003G064650	El002G127610
OG0015060	As003G064830	El002G127240
OG0015061	As003G064890	El002G127080
OG0015062	As003G064970	El002G126910
OG0015063	As003G065040	El002G126760, El002G126780
OG0015064	As003G065110	El002G126310
OG0015065	As003G065220	El002G128450
OG0015066	As003G065290	El003G171350
OG0015067	As003G065400	El002G130620
OG0015068	As003G065470	El002G130480, El002G130440
OG0015069	As003G065560	El002G130150
OG0015070	As003G065820	El002G129420
OG0015071	As003G066010	El002G126140
OG0015072	As003G066280	El002G128850
OG0015073	As003G066290	El002G128860
OG0015074	As003G066300	El002G128920
OG0015075	As003G066550	El007G357060
OG0015076	As003G066600	El002G130960
OG0015077	As003G067310	El002G113530
OG0015078	As003G067480	El005G261590
OG0015079	As003G068120	El002G113390
OG0015080	As003G068230	El002G113400
OG0015081	As003G068390, As009G218090	El007G329320
OG0015082	As003G068640	El002G113850
OG0015083	As003G068970	El002G114000
OG0015084	As003G069850	El002G115090
OG0015085	As003G070140	El002G115660
OG0015086	As003G070300	El002G115840
OG0015087	As003G070450	El002G116050
OG0015088	As003G070490	El002G116080
OG0015089	As003G070650	El002G116180
OG0015090	As003G070670	El002G116200
OG0015091	As003G071110	El002G117170
OG0015092	As003G071230	El002G117300
OG0015093	As003G071250	El002G117350
OG0015094	As003G071660	El003G146900
OG0015095	As003G071880	El003G146670
OG0015096	As003G072160	El003G146340
OG0015097	As003G072230	El003G146250
OG0015098	As003G072270	El003G146190, El003G146220
OG0015099	As003G072330	El003G146130
OG0015100	As003G072350	El003G146090
OG0015101	As003G072450	El003G145980
OG0015102	As003G072590	El003G145800
OG0015103	As003G072990	El003G145400
OG0015104	As003G073030	El003G145360
OG0015105	As003G073040	El003G145340
OG0015106	As003G073050	El003G145330
OG0015107	As003G073080	El003G146270
OG0015108	As003G073370	El003G145000
OG0015109	As003G073430	El003G144940
OG0015110	As003G073480	El003G144890
OG0015111	As003G073510	El003G144860
OG0015112	As003G073660	El003G144670
OG0015113	As003G073820	El003G182920
OG0015114	As003G073910	El003G144590
OG0015115	As003G074100	El003G144290
OG0015116	As003G074270	El003G144130
OG0015117	As003G074340	El003G144090
OG0015118	As003G074420	El003G143920
OG0015119	As003G074450	El003G143880
OG0015120	As003G074470	El003G143860
OG0015121	As003G074680	El003G143650
OG0015122	As003G075000	El003G143260
OG0015123	As003G075030	El003G143230
OG0015124	As003G075110	El003G143130
OG0015125	As003G075470	El003G142880
OG0015126	As003G075540	El003G142790
OG0015127	As003G075720	El003G142610
OG0015128	As003G075830	El003G142500
OG0015129	As003G076000	El003G142340
OG0015130	As003G076040	El003G142270
OG0015131	As003G076110	El003G142170
OG0015132	As003G076140	El003G142140
OG0015133	As003G076160	El003G142120
OG0015134	As003G076420	El003G141760
OG0015135	As003G076440	El003G141790
OG0015136	As003G076480	El003G141830
OG0015137	As003G076490	El003G141850
OG0015138	As003G076550	El003G141900
OG0015139	As003G076570	El003G141920
OG0015140	As003G076640	El003G141590
OG0015141	As004G076680	El003G181560
OG0015142	As004G076750	El003G185250
OG0015143	As004G076850	El003G184130
OG0015144	As004G076880	El003G183970
OG0015145	As004G076960	El003G184350
OG0015146	As004G076970	El004G213200
OG0015147	As004G077210	El003G185530
OG0015148	As004G077240	El003G185600
OG0015149	As004G077440	El003G186290
OG0015150	As004G077470	El003G186340
OG0015151	As004G077510	El003G186700
OG0015152	As004G077810	El003G187510
OG0015153	As004G077850	El003G188260
OG0015154	As004G077910	El003G188170
OG0015155	As004G078220	El003G188990
OG0015156	As004G078420	El003G189510, El001G009960, El001G011700
OG0015157	As004G078560	El003G189700
OG0015158	As004G078570	El003G189710
OG0015159	As004G078640	El007G363890
OG0015160	As004G078700	El002G117980
OG0015161	As004G078840	El006G295990
OG0015162	As004G078870	El006G295970
OG0015163	As004G078890	El006G295950
OG0015164	As004G079220	El001G014910
OG0015165	As004G079260	El001G014940
OG0015166	As004G079310	El002G119090
OG0015167	As004G079440	El006G295560
OG0015168	As004G079470	El006G295600
OG0015169	As004G079500	El006G295620
OG0015170	As004G079550	El006G295700
OG0015171	As004G079610	El006G295740
OG0015172	As004G080130	El002G123040
OG0015173	As004G080240	El001G010130
OG0015174	As004G080520	El001G010640
OG0015175	As004G080540	El001G010680
OG0015176	As004G080560	El001G010810
OG0015177	As004G080610	El003G177680, El001G010910
OG0015178	As004G080620	El001G010920
OG0015179	As004G080630	El002G125180
OG0015180	As004G080830	El001G011350
OG0015181	As004G081070	El006G296990
OG0015182	As004G081120	El006G297190
OG0015183	As004G081180	El006G297600
OG0015184	As004G081380	El006G297910
OG0015185	As004G081430	El006G297980
OG0015186	As004G081550	El006G298190
OG0015187	As004G081560	El006G298200
OG0015188	As004G081670	El006G298320
OG0015189	As004G081800	El006G298460
OG0015190	As004G081950	El007G358540
OG0015191	As004G081980	El007G358380
OG0015192	As004G081990	El007G358370
OG0015193	As004G082160	El007G358040
OG0015194	As004G082170	El007G358050
OG0015195	As004G082230	El007G357980
OG0015196	As004G082360	El007G357560
OG0015197	As004G082380	El007G357520
OG0015198	As004G082590	El007G356940
OG0015199	As004G082680	El007G356630
OG0015200	As004G082690	El001G060320
OG0015201	As004G082720	El007G359710
OG0015202	As004G082780	El007G356520
OG0015203	As004G082810	El007G356490
OG0015204	As004G083350	El001G009330
OG0015205	As004G083420	El001G009230
OG0015206	As004G083460	El001G009190
OG0015207	As004G083540	El001G009180
OG0015208	As004G083550	El001G009170
OG0015209	As004G083630	El001G009040
OG0015210	As004G083730	El001G008810
OG0015211	As004G083890	El001G008330
OG0015212	As004G083930	El001G008260
OG0015213	As004G083980	El001G008210
OG0015214	As004G084080	El001G008130
OG0015215	As004G084100	El001G008110
OG0015216	As004G084120	El001G008100
OG0015217	As004G084220	El001G007940
OG0015218	As004G084340	El001G007830
OG0015219	As004G084390	El001G007730
OG0015220	As004G084420	El001G007700
OG0015221	As004G084620	El001G007380
OG0015222	As004G084630	El001G007370
OG0015223	As004G084780	El001G007060
OG0015224	As004G084880	El001G006900
OG0015225	As004G084990	El001G006720
OG0015226	As004G085050	El007G350000
OG0015227	As004G085210	El003G162950
OG0015228	As004G085490	El001G005790
OG0015229	As004G085520	El001G005760
OG0015230	As004G085590	El001G005640
OG0015231	As004G085610	El001G005620
OG0015232	As004G085660	El001G005570
OG0015233	As004G085700	El001G005400
OG0015234	As004G085810	El001G005190
OG0015235	As004G086060	El001G004960
OG0015236	As004G086250	El001G004710
OG0015237	As004G086640	El007G360910
OG0015238	As004G087020	El007G361430
OG0015239	As004G087030	El007G361480
OG0015240	As004G087140	El007G361580
OG0015241	As004G087800	El007G363200
OG0015242	As004G088080	El007G363760
OG0015243	As004G088220	El007G363980
OG0015244	As004G088270	El007G364050
OG0015246	As004G088390, As010G240070	El004G225930
OG0015247	As004G088450	El007G364260
OG0015248	As004G088460	El007G364270
OG0015249	As012G268470, As004G088490	El002G140400
OG0015251	As004G088800	El007G364930
OG0015252	As004G088890	El007G365020
OG0015253	As004G088920	El002G085220
OG0015254	As004G089280	El007G342700
OG0015255	As004G089630	El007G366020
OG0015256	As004G090730	El003G182530
OG0015257	As004G090770	El003G183080
OG0015258	As004G091080	El007G366530
OG0015259	As004G091110	El007G366510
OG0015260	As004G092140	El003G183390
OG0015261	As004G092160	El005G269530
OG0015262	As004G092270	El003G183470
OG0015263	As004G092440	El005G269980
OG0015264	As004G092490	El003G183540
OG0015265	As004G093010	El003G179630
OG0015266	As004G093170	El005G268930
OG0015267	As004G093410	El003G160620
OG0015268	As004G093450	El003G179060
OG0015269	As004G093670	El005G268280
OG0015270	As004G093680	El005G268270
OG0015271	As004G093890	El003G177960
OG0015272	As004G094480	El003G177070
OG0015273	As004G094560	El003G176800
OG0015274	As004G094940	El003G176100
OG0015275	As004G095070	El003G175990
OG0015276	As004G095320	El003G175210
OG0015277	As004G095580	El003G175030
OG0015278	As004G095590	El003G175000
OG0015279	As004G095600, As011G255090	El005G263980
OG0015280	As004G096000	El003G174170
OG0015281	As004G096480	El003G172980
OG0015282	As004G096580	El005G259790
OG0015283	As004G096760	El003G189880
OG0015284	As004G096860	El003G190490
OG0015285	As004G097120	El003G190830
OG0015286	As004G097140	El003G190880
OG0015288	As004G097670	El003G191840
OG0015289	As004G097940	El003G192600
OG0015290	As004G098470	El005G270160
OG0015291	As005G098640	El006G279740
OG0015293	As005G098740	El007G348520
OG0015294	As005G098780	El006G279870
OG0015295	As005G099030	El006G280030
OG0015296	As005G099050	El006G280050
OG0015297	As005G099060	El006G280060
OG0015298	As005G099270	El006G280210
OG0015299	As005G099280	El006G280220
OG0015300	As005G099340	El006G280260
OG0015301	As005G099370	El006G288500
OG0015302	As005G099410	El006G280300
OG0015303	As005G099890	El005G252210
OG0015304	As005G099920	El006G280830
OG0015305	As005G100120	El006G280990
OG0015306	As005G100140	El006G281010
OG0015307	As005G100310	El006G281200
OG0015308	As005G100370	El006G281260
OG0015309	As005G100490	El006G281440
OG0015310	As005G100660	El006G281560
OG0015311	As005G100760	El006G281720
OG0015312	As005G101050	El006G282070
OG0015313	As005G101200	El006G282400
OG0015314	As005G101470	El006G282760
OG0015315	As005G101480	El006G282770
OG0015316	As005G101500	El006G282790
OG0015317	As005G101760	El006G283050
OG0015318	As005G101890	El006G283170
OG0015319	As005G101920	El006G283190
OG0015320	As005G101950	El006G283220
OG0015321	As005G101980	El006G283300
OG0015322	As005G102090	El006G283430
OG0015323	As005G102110	El006G283460
OG0015324	As005G102240	El006G283580
OG0015325	As005G102290	El006G283680
OG0015326	As005G102460	El006G283970
OG0015327	As005G102870	El006G284380
OG0015328	As005G103100	El006G284710
OG0015329	As005G103210	El006G284820
OG0015330	As005G103600	El006G285170
OG0015331	As005G103760	El006G285310
OG0015332	As005G103880	El006G285410
OG0015333	As005G103910	El006G285440
OG0015334	As005G104080	El006G285640
OG0015335	As005G104240	El006G285810
OG0015336	As005G104390	El006G285930
OG0015337	As005G104440	El006G286000
OG0015338	As005G104490	El006G286130
OG0015339	As005G104620	El006G286240
OG0015340	As005G104630	El006G286250
OG0015341	As005G104690	El006G286340
OG0015342	As005G104760	El006G286420
OG0015343	As005G104910	El006G286650
OG0015344	As005G105030	El006G287210
OG0015345	As005G105230	El006G286900
OG0015346	As005G106030	El006G287830
OG0015347	As005G106520	El001G081720
OG0015348	As005G106530	El001G081710
OG0015349	As005G106850	El001G081370
OG0015350	As005G106890	El001G081330
OG0015351	As005G106990	El001G081180
OG0015352	As005G107080	El001G081140
OG0015353	As005G107130	El001G081070
OG0015354	As005G107270	El001G080930
OG0015355	As005G107350	El001G080850
OG0015356	As005G107690	El001G080260
OG0015357	As005G107750	El001G080190
OG0015358	As005G107990	El001G079870
OG0015359	As005G108010	El001G079840
OG0015360	As005G108030	El001G079810
OG0015361	As005G108160	El001G079600
OG0015362	As005G108250	El007G340360
OG0015363	As005G108300	El001G079360
OG0015364	As005G108340	El001G079320
OG0015365	As005G108560	El001G079030
OG0015366	As005G108570	El001G072200
OG0015367	As005G108650	El001G078980
OG0015368	As005G108780	El001G078850
OG0015369	As005G108830	El001G078790
OG0015370	As005G108900	El001G078720
OG0015371	As005G109080	El001G078530
OG0015372	As005G109400	El001G078260
OG0015373	As005G109420	El001G078250
OG0015374	As005G109950	El001G060960
OG0015375	As005G110890	El001G059910
OG0015376	As005G111250	El001G060030
OG0015377	As005G112330	El001G059200
OG0015378	As005G112380	El001G059140
OG0015379	As005G112440	El003G156380
OG0015380	As005G112530	El001G059030
OG0015381	As005G112560	El001G058970
OG0015382	As005G112890	El001G058780
OG0015383	As005G113120	El001G058530
OG0015384	As005G113190	El001G058410
OG0015385	As005G113260	El001G058230
OG0015386	As005G113350	El001G058100
OG0015387	As005G113430	El001G058030
OG0015388	As005G113650	El001G057590
OG0015389	As005G113980	El007G330180
OG0015390	As005G114130	El007G330360
OG0015391	As005G114170	El007G330390
OG0015393	As005G114530	El004G217400
OG0015394	As005G114570	El007G330900
OG0015395	As005G114780	El007G331130
OG0015396	As005G114880	El007G331200
OG0015397	As005G115170	El007G331750
OG0015398	As005G115420	El007G332160
OG0015399	As005G115630	El007G331700
OG0015400	As005G115730	El007G331940
OG0015401	As005G116010	El007G327480
OG0015402	As005G116180	El007G327320
OG0015403	As005G116220	El007G327280
OG0015404	As005G116270	El007G327210
OG0015405	As005G116280	El007G327200
OG0015406	As005G116300	El007G327180
OG0015407	As005G116310	El007G327160
OG0015408	As005G116330	El007G327150
OG0015409	As005G116590	El007G326930
OG0015410	As005G116860	El007G326630
OG0015411	As005G116890	El007G326590
OG0015412	As005G116980	El006G291800
OG0015413	As005G117210	El007G326270
OG0015414	As005G117320	El007G326140
OG0015415	As005G117340	El007G326120
OG0015416	As005G117360	El007G326100
OG0015417	As005G117420	El007G325990
OG0015418	As005G117470	El007G325950
OG0015419	As005G117510	El007G325900
OG0015420	As005G117590	El007G325820
OG0015421	As005G117660	El007G325760
OG0015422	As005G117860	El007G325480
OG0015423	As005G117910	El007G325430
OG0015424	As005G118260	El007G325090
OG0015425	As005G118390	El007G324920
OG0015426	As005G118480	El007G324740
OG0015427	As005G118610	El007G324590
OG0015428	As005G118660	El007G324510
OG0015429	As005G118750	El007G324390
OG0015430	As005G118940	El007G324150
OG0015431	As005G118960	El007G324090
OG0015432	As005G119010	El007G323970
OG0015433	As005G119090	El007G323890
OG0015434	As005G119130	El007G323840
OG0015435	As005G119190	El007G323790
OG0015436	As005G119300	El007G323660
OG0015437	As005G119310	El007G323650
OG0015438	As005G119350	El007G323570
OG0015439	As005G119620	El007G323310
OG0015440	As005G119740	El006G314440
OG0015441	As005G119770	El007G323100
OG0015442	As005G119810	El007G323070
OG0015443	As005G120010	El007G322800
OG0015444	As005G120220	El007G322610
OG0015445	As005G120260	El007G322580
OG0015446	As005G120380	El007G322460
OG0015447	As005G120530	El007G322350
OG0015448	As005G120580	El007G322290
OG0015449	As005G120620	El007G322230
OG0015450	As005G120670	El007G322170
OG0015451	As005G120800	El007G322050
OG0015452	As005G120900	El007G321920
OG0015453	As006G121080	El001G000100
OG0015454	As006G121230	El001G000840
OG0015455	As006G121470	El001G000590
OG0015456	As006G121620	El001G000440
OG0015457	As006G121890	El001G001030
OG0015458	As006G121900	El001G001040
OG0015459	As006G122010	El001G001180
OG0015460	As006G122070	El001G001240
OG0015461	As006G122140	El001G001330
OG0015462	As006G122600	El001G001910
OG0015463	As006G122740	El001G002040
OG0015464	As006G122820	El001G002240
OG0015465	As006G122890	El001G002360
OG0015466	As006G123280	El001G003030
OG0015467	As006G123420	El001G003180
OG0015468	As006G123440	El001G003200
OG0015469	As006G123450	El001G003210
OG0015470	As006G123710	El007G325300
OG0015471	As006G123730	El001G003560
OG0015472	As006G124310	El007G360340
OG0015473	As006G124360	El007G360250
OG0015475	As006G124390	El007G360220
OG0015476	As006G124540	El007G360010
OG0015477	As006G124630	El007G359870
OG0015478	As006G124660	El007G359840
OG0015479	As006G124780	El007G359720
OG0015480	As006G124800	El007G359690
OG0015481	As006G124820	El007G359670
OG0015482	As006G125070	El007G359040
OG0015483	As006G125700	El006G300000
OG0015484	As006G126020	El006G299110
OG0015485	As006G126180	El006G299500
OG0015486	As006G126400	El006G300130
OG0015487	As006G126440	El006G300200
OG0015488	As006G126450	El006G300220
OG0015489	As006G126810	El006G300370
OG0015490	As006G127190	El006G300980
OG0015491	As006G127340	El006G301110
OG0015492	As006G127360	El006G301120
OG0015493	As006G127780	El006G301740
OG0015494	As006G128200	El006G302370
OG0015495	As006G128320	El006G302580
OG0015496	As006G128570	El006G302930
OG0015497	As006G129100	El006G304150
OG0015498	As006G129410	El006G304500
OG0015499	As006G129570	El006G304860
OG0015500	As006G129620	El006G304930
OG0015501	As006G129690	El006G304980
OG0015502	As006G129930	El006G305420
OG0015503	As006G129990	El006G305610
OG0015504	As006G130040	El006G305670
OG0015505	As006G130060	El006G305700
OG0015506	As006G130100	El006G305780
OG0015507	As006G130130	El006G305810
OG0015508	As006G130260	El006G306140
OG0015509	As006G130580	El006G308210
OG0015510	As006G130600	El006G308140
OG0015511	As006G130670	El006G307970
OG0015512	As006G130730	El006G307490
OG0015513	As006G130780	El006G307430
OG0015514	As006G130870	El006G307180
OG0015515	As006G131000	El006G309220
OG0015516	As006G131010	El006G309230
OG0015517	As006G131200	El006G309910
OG0015518	As006G131230	El006G309960
OG0015519	As006G131240	El006G309400
OG0015520	As006G131310	El006G310960
OG0015521	As006G131350	El006G286980
OG0015522	As006G131440	El002G090320
OG0015523	As006G131470	El001G000120
OG0015524	As006G131500	El006G311360
OG0015525	As006G131590	El001G077220
OG0015526	As006G131690	El006G312420
OG0015527	As006G131700	El006G312500
OG0015528	As006G131730	El007G364010
OG0015529	As006G131810	El006G312760
OG0015530	As006G131840	El006G312810
OG0015531	As006G131890	El006G313220
OG0015532	As006G132010	El006G313560
OG0015533	As006G132120	El006G313710
OG0015534	As006G132340	El003G156790
OG0015535	As006G132880	El005G235520
OG0015536	As006G133040	El005G235440
OG0015537	As006G133280	El005G235140
OG0015538	As006G133320	El005G235100
OG0015539	As006G133350	El002G113740
OG0015540	As006G133410	El005G235010
OG0015541	As006G133460	El005G234960
OG0015542	As006G133530	El005G234900, El002G097550
OG0015543	As006G133550	El005G256850
OG0015545	As006G133670	El001G082290
OG0015546	As006G133760	El006G316860
OG0015547	As006G133790	El001G082260
OG0015548	As006G133820	El001G082230
OG0015549	As006G133840	El001G082220
OG0015550	As006G133860	El006G302400
OG0015551	As006G133870	El001G082200
OG0015552	As006G133950	El001G082110
OG0015553	As006G133980	El001G082090
OG0015554	As006G134000	El001G082080
OG0015555	As006G134270	El003G157870
OG0015556	As006G134520	El003G157530
OG0015557	As006G134820	El005G235940
OG0015558	As006G134860	El005G235990
OG0015559	As006G135090	El005G236250
OG0015560	As006G135100	El005G236260
OG0015561	As006G135120	El005G236280
OG0015562	As006G135180	El005G236350
OG0015563	As006G135290	El005G236450
OG0015564	As006G135300	El005G236460
OG0015565	As006G135430	El005G236600
OG0015566	As006G135650	El005G236880
OG0015567	As006G135690	El005G236930
OG0015568	As006G135710	El005G236960
OG0015569	As006G135820	El005G237070
OG0015570	As006G135940	El005G237210
OG0015571	As006G136030	El005G237290
OG0015572	As006G136040	El005G237300
OG0015573	As006G136300	El005G237560
OG0015574	As006G136580	El005G237840
OG0015575	As006G136740	El005G238090
OG0015576	As006G136850	El005G238200
OG0015577	As006G137160	El005G238440
OG0015578	As006G137400	El005G238740
OG0015579	As006G137470	El005G238870
OG0015580	As006G137510	El005G238960
OG0015581	As006G137950	El005G239500
OG0015583	As006G138410	El005G240020
OG0015584	As006G138660	El005G240160
OG0015585	As006G138790	El005G240420
OG0015586	As006G138880	El005G240310
OG0015587	As006G138990	El005G240590
OG0015588	As006G139000	El005G240600
OG0015589	As006G139100	El005G240690
OG0015590	As006G139140	El005G240760
OG0015591	As012G286110	El001G031870
OG0015592	As006G139950	El005G241550
OG0015593	As006G140040	El005G241610
OG0015594	As006G140470	El005G242130
OG0015595	As006G140600	El005G242240
OG0015596	As012G267700, As006G140670	El005G248490
OG0015597	As006G140700	El005G242300
OG0015598	As006G140750	El005G242320
OG0015599	As006G140820	El005G242400
OG0015600	As006G140840	El005G242420
OG0015601	As006G141040	El005G242580
OG0015602	As006G141070	El005G242630
OG0015603	As006G141190	El005G242780
OG0015604	As006G141240	El005G242860
OG0015605	As006G141380	El005G243000
OG0015606	As006G141410	El005G243080
OG0015607	As006G141440	El005G243110
OG0015608	As006G141520	El005G243240
OG0015609	As006G141610	El005G243310
OG0015610	As006G141620	El005G243320
OG0015611	As006G141770	El005G243470
OG0015612	As006G142250	El005G244110
OG0015613	As006G142270	El005G244130
OG0015614	As006G142640	El006G289300
OG0015615	As006G142660	El006G289310
OG0015616	As006G142870	El006G289590
OG0015617	As006G143020	El006G289810
OG0015618	As006G143080	El006G289860
OG0015619	As006G143380	El006G290190
OG0015620	As006G143400	El006G290210
OG0015621	As006G143660	El006G290830
OG0015622	As006G143910	El006G290510
OG0015623	As006G143990	El006G290940
OG0015624	As006G144080, As007G166830	El006G291010
OG0015625	As006G144130	El006G291060
OG0015626	As006G144470	El006G295020
OG0015627	As006G144860	El006G294540
OG0015628	As006G144940	El005G248160
OG0015629	As006G144980	El006G294410
OG0015630	As006G145160	El006G294120
OG0015631	As006G145360	El006G293760
OG0015632	As006G145550	El006G293560
OG0015633	As006G145580	El006G293540
OG0015634	As006G145670	El006G293430
OG0015635	As006G145680	El006G293440
OG0015636	As006G145750, As011G258620	El005G268980
OG0015637	As006G145830	El006G293310
OG0015638	As006G145880	El006G293270
OG0015639	As006G145890	El006G293230
OG0015640	As006G146020	El006G293130
OG0015641	As006G146320, As006G146310	El006G292830
OG0015642	As006G146660	El006G292680
OG0015643	As006G146680	El006G292660
OG0015644	As006G147180	El006G291530
OG0015645	As006G147330	El006G291600
OG0015646	As006G147340	El006G291630
OG0015647	As006G147490	El006G292080
OG0015648	As006G147510	El006G292120
OG0015649	As006G147890	El006G292190
OG0015651	As006G148780	El006G295200
OG0015652	As007G152230	El002G099730
OG0015653	As007G152250	El002G099770
OG0015654	As007G152570	El002G100130
OG0015655	As007G152780, As012G282080	El002G100270
OG0015656	As007G152920	El002G100430
OG0015657	As007G153100	El002G100630
OG0015658	As007G153410	El002G101010
OG0015659	As007G153490	El002G101160
OG0015660	As007G153690	El002G101350
OG0015661	As007G153830	El002G101610
OG0015662	As007G153840	El002G101600
OG0015663	As007G153860	El002G101580
OG0015664	As007G153890	El002G101540
OG0015665	As007G153930	El002G101470
OG0015666	As007G154000	El002G101700
OG0015667	As007G154170	El002G101880
OG0015668	As007G154530	El002G102380
OG0015669	As007G154610	El002G102320
OG0015670	As007G154630	El002G102300
OG0015671	As007G154710	El002G102130
OG0015672	As007G154720	El004G226100
OG0015673	As007G155130	El002G102870
OG0015674	As007G155240	El002G102990
OG0015675	As007G155280	El002G103040
OG0015676	As007G155380	El002G103200
OG0015677	As007G155470	El002G103330
OG0015678	As007G155510	El002G103370
OG0015679	As007G155670	El002G103600
OG0015680	As007G155710	El002G103630
OG0015681	As007G155740	El002G103660
OG0015682	As007G155770	El002G103730
OG0015683	As007G156290	El002G104450
OG0015684	As007G156650	El002G104880
OG0015685	As007G156680	El002G104920
OG0015686	As007G156750	El002G105010
OG0015687	As007G156910	El002G105230
OG0015688	As007G157080	El002G105450
OG0015689	As007G157560	El002G106020
OG0015690	As007G157630	El002G106090
OG0015691	As007G157640	El002G106110
OG0015692	As007G157750	El002G106210
OG0015693	As007G157800	El002G106250
OG0015694	As007G157820	El002G106270
OG0015696	As007G158140	El002G107060, El002G106640
OG0015697	As007G158190	El002G107130
OG0015698	As007G158520	El002G107550
OG0015699	As007G158620	El002G107720
OG0015700	As007G158710	El002G107800
OG0015701	As007G158910	El002G107970
OG0015702	As007G159100	El002G108140
OG0015703	As007G159110	El002G108150
OG0015704	As007G159170	El002G108220
OG0015705	As007G159230	El002G108380
OG0015706	As007G159320	El002G108480
OG0015707	As007G159540	El002G108730
OG0015709	As007G159870	El002G109360
OG0015710	As007G159950	El002G109500
OG0015711	As007G160240	El002G089490
OG0015712	As007G160550	El002G111440
OG0015713	As007G160620	El002G111310
OG0015714	As007G160780	El002G111130
OG0015715	As007G160910	El004G220130
OG0015716	As007G160970	El002G110840
OG0015717	As007G161110	El004G219640
OG0015718	As007G161130	El002G111810
OG0015719	As007G161230	El002G111950
OG0015720	As007G161330	El002G112050
OG0015721	As007G161680	El002G112440
OG0015722	As007G161870	El002G112660
OG0015723	As007G161920	El002G112700
OG0015724	As007G162300	El002G104370
OG0015725	As007G162310	El002G128440
OG0015726	As007G162360	El002G128410
OG0015727	As007G162640	El002G113100
OG0015728	As007G162690	El003G160570
OG0015729	As007G162750	El003G160500
OG0015730	As007G162830	El003G160380
OG0015731	As007G162960	El003G160240
OG0015732	As007G163010	El003G160190
OG0015733	As007G163090	El003G160110
OG0015734	As007G163190	El006G314400
OG0015735	As007G163330	El003G160010
OG0015736	As007G163490	El003G159970
OG0015737	As007G163560	El003G159890
OG0015738	As007G163570	El003G159880
OG0015739	As007G163740	El003G159780
OG0015740	As007G164320	El003G159560
OG0015741	As007G164380	El003G159510
OG0015742	As007G164660	El003G159320
OG0015743	As007G164780	El003G159170
OG0015744	As007G165360	El003G158970
OG0015745	As007G165640	El003G159060
OG0015746	As007G165700	El003G159080
OG0015747	As007G165750	El007G341830
OG0015748	As007G165970	El002G091180
OG0015749	As007G166010	El003G156260
OG0015750	As007G166990	El003G156350
OG0015751	As009G207500, As007G167110	El006G315080
OG0015752	As007G177490	El006G316070
OG0015753	As007G177560	El006G315990
OG0015754	As007G177840	El006G316750
OG0015755	As007G179090	El006G317960
OG0015756	As007G179260	El006G318260
OG0015757	As007G179480	El006G318440
OG0015758	As007G179550	El006G318550
OG0015759	As007G179600	El006G318650
OG0015760	As007G179710	El003G156240
OG0015761	As007G179750	El006G318950
OG0015762	As007G179890	El006G319290
OG0015763	As007G180140	El006G319630
OG0015764	As007G180180	El001G025130
OG0015765	As007G180270	El006G319820
OG0015766	As007G180540	El006G320270
OG0015767	As007G180600	El006G320360
OG0015768	As007G180610	El006G320370
OG0015769	As007G180730	El006G320640
OG0015770	As007G180790	El006G320700
OG0015771	As007G180900	El006G321060
OG0015772	As007G181930	El006G321560
OG0015773	As007G182020	El006G321660
OG0015774	As007G182100	El006G321680
OG0015775	As007G182210	El006G321790
OG0015776	As008G182870	El002G098540
OG0015777	As008G183020	El002G098320
OG0015778	As008G183100	El002G098210
OG0015779	As008G183110	El002G098200
OG0015780	As008G183130	El002G098180
OG0015781	As008G183190	El002G098100
OG0015782	As008G183380	El002G097890
OG0015783	As008G183420	El002G097840
OG0015784	As008G183540	El002G097480
OG0015785	As008G183670	El002G097530
OG0015786	As008G183710	El002G097320
OG0015787	As008G183870	El002G097190
OG0015788	As008G183920	El002G096870
OG0015790	As008G184170	El002G096780
OG0015791	As008G184360	El002G096540
OG0015792	As008G184620	El002G096150
OG0015793	As008G184670	El002G096060
OG0015794	As008G184740	El002G095960
OG0015795	As008G184780	El002G095900
OG0015796	As008G184870	El002G095840
OG0015797	As008G185070	El002G095720
OG0015798	As008G185080	El002G095730
OG0015799	As008G185280	El002G095490
OG0015800	As008G185610	El002G095120
OG0015801	As008G185760	El002G094970
OG0015802	As008G185930	El002G094810
OG0015803	As008G185940	El004G199120
OG0015804	As008G186070	El002G094650
OG0015805	As008G186280	El002G094370
OG0015806	As008G186670	El002G093950
OG0015807	As008G186730	El002G093900
OG0015808	As008G186750	El002G093870
OG0015809	As008G186860	El002G093760
OG0015810	As008G187050	El002G093550
OG0015811	As008G187080	El002G093510
OG0015812	As008G187210	El002G093350
OG0015813	As008G187360	El002G093210
OG0015814	As008G187500	El002G092630
OG0015815	As008G187520	El002G092650
OG0015816	As008G187570	El002G092810
OG0015817	As008G187620	El002G092860
OG0015818	As008G187790	El002G093030
OG0015819	As008G188100	El002G092480
OG0015820	As008G188330	El002G092260
OG0015821	As008G188340	El002G092250
OG0015822	As008G188490	El002G092080
OG0015823	As008G188620	El002G092000
OG0015824	As008G188700	El002G091980
OG0015825	As008G188800	El002G091880
OG0015826	As008G189010	El002G091780
OG0015827	As008G189510	El002G091520
OG0015828	As008G189900	El002G091320
OG0015829	As008G189950	El002G091410
OG0015830	As008G190890	El002G090820
OG0015831	As008G191890	El002G090340
OG0015832	As008G192030	El002G090360
OG0015833	As008G192290	El001G046660
OG0015834	As008G192560	El002G090100
OG0015835	As008G192900	El002G089820
OG0015836	As008G193090	El002G089510
OG0015837	As008G193170	El002G089430
OG0015838	As008G193190	El002G089370
OG0015839	As008G193290	El002G088930
OG0015840	As008G193310	El002G089230
OG0015841	As008G193320	El002G089210
OG0015842	As008G193420	El002G089090
OG0015843	As008G193480	El002G089060
OG0015844	As008G193580	El002G088900
OG0015845	As008G193590	El002G088890
OG0015846	As008G193610	El002G088870
OG0015847	As008G193670	El002G088820
OG0015848	As008G194250	El002G088300
OG0015849	As008G194350	El002G107330, El002G088150
OG0015850	As008G194360	El007G348760
OG0015851	As008G194370	El002G106690, El002G088140
OG0015852	As008G194390	El002G088120
OG0015853	As008G194860	El002G087650
OG0015854	As008G194910	El002G087600
OG0015855	As008G195260	El002G087260
OG0015856	As008G195290	El002G087240
OG0015857	As008G195430	El002G087180
OG0015858	As008G195480	El002G087100
OG0015859	As008G195540	El002G087070
OG0015860	As008G195550	El002G087060
OG0015861	As008G195640	El002G086970
OG0015862	As008G196010	El002G086590
OG0015863	As008G196120	El001G059370
OG0015864	As008G196580	El002G085890
OG0015865	As008G196620	El002G085860
OG0015866	As008G196630	El002G085850
OG0015867	As008G196800	El002G085400
OG0015868	As008G197000	El002G085640
OG0015869	As008G197110	El002G085260
OG0015870	As008G197120	El002G085240
OG0015871	As008G197130	El002G085230
OG0015872	As008G197250	El002G085080
OG0015873	As008G197400	El002G084890
OG0015874	As008G197670	El002G084530
OG0015875	As008G197810	El002G084400
OG0015876	As008G197860	El002G084290
OG0015877	As008G197960	El002G084080
OG0015878	As008G198050	El002G084180
OG0015879	As008G198150	El002G084010
OG0015880	As008G198170	El002G083990
OG0015881	As008G198600	El002G083580
OG0015882	As008G198940	El002G083410
OG0015883	As008G199100	El003G180190, El002G083010
OG0015884	As008G199150	El002G082960
OG0015885	As008G199250	El002G082790
OG0015886	As008G199260	El002G082780
OG0015887	As008G199280	El002G082770
OG0015888	As008G199320	El002G082720
OG0015889	As008G199360	El002G082690
OG0015890	As008G199370	El002G082670
OG0015891	As008G199440	El002G082580
OG0015892	As008G199570	El002G082500
OG0015893	As008G199660	El002G082430
OG0015894	As009G199730	El001G067730
OG0015895	As009G199900	El001G066930
OG0015896	As009G200020	El001G067080
OG0015897	As009G200180	El001G067320
OG0015898	As009G200260	El001G067420
OG0015899	As009G200320	El001G067490
OG0015900	As009G200400	El001G066820
OG0015901	As009G200500	El001G066730
OG0015902	As009G200540	El001G066700
OG0015903	As009G201040	El001G065930
OG0015904	As009G201100	El001G066010
OG0015905	As009G201220	El001G066090
OG0015906	As009G201290	El001G066170
OG0015907	As009G201430	El001G066310
OG0015908	As009G201700	El001G065440
OG0015909	As009G202160, As009G201880	El001G065070
OG0015910	As009G201980	El005G236710
OG0015911	As009G202030	El001G065200
OG0015912	As009G202470	El001G064490
OG0015913	As009G202580	El001G064330
OG0015914	As009G202770	El001G064140
OG0015915	As009G202830	El001G064080
OG0015916	As009G202870	El001G064030
OG0015917	As009G203130	El001G063740
OG0015918	As009G203320	El001G063580
OG0015919	As009G203360	El001G063600
OG0015920	As009G203410	El001G063500
OG0015921	As009G203510	El001G063300
OG0015922	As009G203590	El001G063230
OG0015923	As009G203610	El001G063200
OG0015924	As009G203920	El001G062800
OG0015925	As009G203950	El001G062700
OG0015926	As009G204100	El001G062450
OG0015927	As009G204110	El001G062440
OG0015928	As009G204200	El001G062310
OG0015929	As009G204250	El001G062280
OG0015930	As009G204270	El002G091340
OG0015931	As009G204530	El001G061980
OG0015932	As009G204590	El001G061780
OG0015933	As009G204610	El001G061770
OG0015934	As009G204660	El001G061660
OG0015935	As009G205030	El001G061240
OG0015936	As009G205210	El001G051510
OG0015937	As009G205590	El001G051080
OG0015938	As009G205670, As009G205660	El001G050890
OG0015939	As009G205680	El001G050880
OG0015940	As009G206060	El001G049950
OG0015941	As009G206200	El001G049630
OG0015942	As009G206530	El001G049380
OG0015943	As009G206540	El001G049370
OG0015945	As009G207240	El007G345230
OG0015946	As009G207330	El001G018480
OG0015947	As009G207340	El007G345260
OG0015948	As009G207550	El003G158160
OG0015949	As009G207910	El007G346280
OG0015950	As009G208690	El007G347410
OG0015951	As009G208910	El007G348740
OG0015952	As009G209100	El007G349380
OG0015953	As009G209240	El007G348980
OG0015954	As009G210020	El001G064100
OG0015955	As009G210720	El001G075000
OG0015956	As009G210770	El001G074940
OG0015957	As009G211440	El001G067790
OG0015958	As009G211450	El001G067800
OG0015959	As009G211510	El001G075100
OG0015960	As009G211930	El001G075370
OG0015961	As009G212040	El006G317870
OG0015962	As009G212050	El002G128100
OG0015963	As009G212070	El007G350660
OG0015964	As009G212300	El001G075590
OG0015965	As009G212430	El001G075900
OG0015966	As009G212600	El001G076070
OG0015967	As009G212640	El001G076130
OG0015968	As009G212750	El001G076260
OG0015969	As009G212770	El001G076280
OG0015970	As009G212790	El001G076290
OG0015971	As009G212970	El001G076430
OG0015972	As009G212990	El001G076450
OG0015973	As009G213030	El001G076500
OG0015974	As009G213060	El001G076530
OG0015975	As009G213080	El001G076560
OG0015976	As009G213340	El001G076910
OG0015977	As009G213850	El005G251560
OG0015978	As009G213870	El001G077060
OG0015979	As009G213940	El001G077140
OG0015980	As009G213990	El001G077250
OG0015981	As009G214090	El001G077600
OG0015982	As009G214280	El002G101150
OG0015983	As009G214450	El001G077940
OG0015984	As009G214540	El001G078000
OG0015985	As009G214630	El001G078100
OG0015986	As009G214840	El001G051820
OG0015987	As009G214850	El001G051840
OG0015988	As009G214870	El001G051860
OG0015989	As009G214940	El001G052190
OG0015990	As009G215370	El001G053040
OG0015991	As009G215470	El001G053520
OG0015992	As009G215700	El001G054320
OG0015993	As009G215750	El001G054470
OG0015994	As009G215780	El001G054520
OG0015995	As009G215840	El001G054730
OG0015996	As009G216100	El001G055540
OG0015997	As009G216150	El001G055510
OG0015998	As009G216270	El001G055290
OG0015999	As009G216280	El001G055280
OG0016000	As009G216480	El001G055800
OG0016001	As009G216530	El001G055850
OG0016002	As009G216780	El001G056160
OG0016003	As009G216800	El001G056190
OG0016004	As009G216870	El001G056320
OG0016005	As009G216950	El005G269420
OG0016006	As009G217060	El001G056520
OG0016007	As009G217100	El001G056600
OG0016008	As009G217370	El001G057000
OG0016010	As009G217630	El007G329960
OG0016011	As009G217650	El007G329940
OG0016012	As009G217660	El001G041380
OG0016013	As009G217790	El007G329750
OG0016014	As009G217970	El007G329460
OG0016015	As009G217990	El007G329440
OG0016016	As009G218190	El007G329210
OG0016017	As009G218260	El007G329090
OG0016018	As009G218550	El007G328690
OG0016019	As009G218590	El007G328640
OG0016020	As009G218690	El007G328470
OG0016021	As009G218790	El007G328380
OG0016022	As009G218810	El007G328370
OG0016023	As009G219030	El007G328090
OG0016024	As009G219080	El007G328010
OG0016025	As009G219170	El007G327860
OG0016026	As009G219320	El007G327730
OG0016027	As009G219400	El007G327640
OG0016028	As009G219460	El007G327510
OG0016029	As009G219590	El007G332660
OG0016030	As009G219740	El007G332820
OG0016031	As009G219820	El007G332920
OG0016032	As009G219830	El007G332930
OG0016033	As009G219890	El007G333000
OG0016034	As009G219930	El006G304230, El007G333040
OG0016035	As009G220140	El007G333300
OG0016036	As009G220160	El007G333320
OG0016037	As010G220340	El001G021570
OG0016038	As010G220380	El001G021490
OG0016039	As010G220500	El001G021320
OG0016040	As010G220750	El001G020900
OG0016041	As010G221020	El001G020530
OG0016042	As010G221060	El001G020490
OG0016043	As010G221100	El001G020440
OG0016044	As010G221210	El001G020320
OG0016045	As010G221260	El001G020210
OG0016046	As010G221320	El001G020060
OG0016047	As010G221540	El001G019620
OG0016048	As010G221630	El001G019540
OG0016049	As010G221670	El001G019510
OG0016050	As010G221780	El001G055260
OG0016051	As010G221910	El001G019210
OG0016052	As010G222190	El001G018830
OG0016053	As010G222250	El001G018650
OG0016054	As010G222270	El001G018630
OG0016055	As010G222470	El002G115940
OG0016056	As010G222730	El001G018070
OG0016057	As010G222750	El001G018040
OG0016058	As010G222790	El001G018000
OG0016059	As010G222850	El001G017920
OG0016060	As010G222890	El001G017840
OG0016061	As010G222950	El001G017790
OG0016062	As010G222960	El007G327620
OG0016063	As010G223020	El001G017710
OG0016064	As010G223060	El001G017670
OG0016065	As010G223150	El001G017520
OG0016066	As010G223270	El001G017460
OG0016067	As010G223330	El001G017370
OG0016068	As010G223380	El001G017290
OG0016069	As010G223460	El001G017210
OG0016070	As010G223500	El001G017130
OG0016071	As010G223510	El001G017120
OG0016072	As010G223600	El001G016840
OG0016073	As010G223640	El001G016780
OG0016074	As010G223650	El001G016770
OG0016075	As010G223660	El001G016760
OG0016076	As010G223690	El001G016710
OG0016077	As010G224090	El001G016350
OG0016078	As010G224180	El001G016170
OG0016079	As010G224280	El001G016080
OG0016080	As010G224480	El001G015810
OG0016081	As010G224980	El001G014760
OG0016082	As010G225260	El001G014290
OG0016083	As010G225320	El001G014200, El005G260980
OG0016084	As010G226200	El001G012680
OG0016085	As010G226850	El001G011870
OG0016086	As010G226900	El001G011820
OG0016087	As010G227020	El001G011770
OG0016088	As010G227060	El001G011740
OG0016089	As010G227080	El001G040280
OG0016090	As010G227190	El003G190950
OG0016091	As010G227480	El002G084280
OG0016092	As010G228590	El004G218830
OG0016093	As010G229120	El004G217730
OG0016094	As010G229300	El004G218720
OG0016095	As010G229620	El004G218870
OG0016096	As010G229760	El004G218430
OG0016097	As010G231290	El004G219470
OG0016098	As010G231330	El004G219700
OG0016099	As010G231500	El005G248300
OG0016100	As010G231570	El004G219560
OG0016101	As010G231710	El004G219810
OG0016102	As010G231820	El004G219940
OG0016103	As010G231830	El004G219960
OG0016104	As010G231870	El004G220070
OG0016105	As010G232010	El004G220080
OG0016106	As010G232200	El004G220240
OG0016107	As010G232430	El004G220420
OG0016108	As010G232440	El004G220430
OG0016109	As010G232610	El004G220640
OG0016110	As010G232620	El004G220650
OG0016111	As010G232710	El004G220800, El007G360500
OG0016112	As010G232890	El004G221160
OG0016113	As010G233020	El004G221360
OG0016114	As010G233070	El004G221480
OG0016115	As010G233150	El004G221680
OG0016116	As010G233200	El004G221750
OG0016117	As010G233370	El001G051720
OG0016118	As010G233570	El004G222270
OG0016119	As010G233590	El004G222290
OG0016120	As010G233740	El004G222480
OG0016121	As010G233820	El004G222680
OG0016122	As010G234020	El004G222990
OG0016123	As010G234040	El004G223010
OG0016124	As010G234150	El004G223150
OG0016125	As010G234170	El004G223170
OG0016126	As010G234220	El004G223210
OG0016127	As010G234290	El004G223300
OG0016128	As010G234340	El004G223360
OG0016129	As010G234390	El004G223420
OG0016130	As010G234470	El004G223480
OG0016131	As010G234480	El004G223490
OG0016132	As010G234510	El004G223520
OG0016133	As010G234530	El004G223540
OG0016134	As010G234570	El004G223580
OG0016135	As010G234600	El004G223600
OG0016136	As010G234920	El004G223990
OG0016137	As010G235300	El004G231460
OG0016138	As010G235440	El004G231260
OG0016139	As010G235470	El004G231240
OG0016140	As010G235540	El004G231080
OG0016141	As010G235760	El004G230760
OG0016142	As010G235800	El004G230700
OG0016143	As010G236030	El004G230520
OG0016144	As010G236100	El004G230450
OG0016145	As010G236230	El004G230250
OG0016146	As010G236550	El004G229900
OG0016148	As010G236730	El004G229660
OG0016149	As010G236830	El004G229570
OG0016150	As010G236910	El004G229490
OG0016151	As010G236960	El005G270070
OG0016152	As010G237000	El004G229400
OG0016153	As010G237020	El004G229380
OG0016154	As010G237090	El004G229280
OG0016155	As010G237100	El004G229270
OG0016156	As010G237270	El004G229060
OG0016157	As010G237300	El004G229040
OG0016158	As010G237350	El004G228950
OG0016159	As010G237400	El004G228900
OG0016160	As010G237640	El004G228620
OG0016161	As010G237840	El004G228290
OG0016162	As010G237870	El004G228260
OG0016163	As010G237940	El004G228160
OG0016164	As010G237960	El002G128950
OG0016165	As010G238130	El004G228020
OG0016166	As010G238150	El004G228000
OG0016167	As010G238180	El004G227970
OG0016168	As010G238290	El004G227800
OG0016169	As010G238500	El004G227620
OG0016170	As010G238550	El004G227540
OG0016171	As010G238640	El004G227460
OG0016172	As010G238670	El004G227420
OG0016173	As010G238760	El004G227320
OG0016174	As010G238850	El004G227230
OG0016175	As010G238890	El004G227180
OG0016176	As010G238900	El004G227170
OG0016177	As010G238960	El004G227120
OG0016178	As010G238990	El004G227080
OG0016179	As010G239200	El004G226870
OG0016180	As010G239210	El004G226860
OG0016181	As010G239240	El004G226800
OG0016182	As010G239460	El004G226550
OG0016183	As010G239540	El004G226390
OG0016184	As010G239770	El004G226160
OG0016185	As010G239950	El004G226020
OG0016186	As010G240230	El004G225640
OG0016187	As010G240270	El004G225560
OG0016188	As010G240310	El004G225490
OG0016189	As010G240540	El004G225290
OG0016190	As010G240570	El004G225250
OG0016191	As010G240600	El006G306340, El004G225220
OG0016192	As010G240620	El004G225200
OG0016193	As010G240680, As010G240660	El004G225170
OG0016194	As010G240820	El004G225100
OG0016195	As010G241080	El004G224770
OG0016196	As010G241240	El004G224590
OG0016197	As010G241260	El004G224570
OG0016198	As010G241280	El004G224550
OG0016199	As010G242130	El004G232220
OG0016200	As010G242250	El004G232320
OG0016201	As010G242260	El004G232330
OG0016202	As010G242290	El004G232360
OG0016203	As010G242350	El004G232420
OG0016204	As010G242640, As010G242630	El004G232760
OG0016205	As010G242970	El004G233110
OG0016206	As010G243150	El004G233350
OG0016207	As010G243250	El004G233450
OG0016208	As010G244050	El004G234330
OG0016209	As010G244060	El004G234340
OG0016210	As010G244170	El004G234440
OG0016211	As010G244200	El004G234450
OG0016212	As010G244240	El004G234500
OG0016213	As010G244390	El004G234650
OG0016214	As010G244500	El004G234810
OG0016215	As010G244550	El004G234760
OG0016216	As010G244560	El004G234750
OG0016217	As010G244570	El004G234740
OG0016218	As011G244690	El005G248610
OG0016219	As011G244780	El005G248760
OG0016220	As011G244950	El005G249030
OG0016221	As011G244990	El005G249070
OG0016222	As011G245520	El005G249490
OG0016223	As011G245620	El005G249650
OG0016224	As011G245640	El007G347790
OG0016225	As011G245730	El005G249780
OG0016226	As011G246040	El005G250130
OG0016227	As011G246260	El007G352460, El005G250350
OG0016228	As011G246880	El005G251110
OG0016229	As011G246980	El005G251210
OG0016230	As011G247190	El005G251480
OG0016231	As011G247590	El005G251980
OG0016232	As011G247700	El005G252120
OG0016233	As011G247880	El005G252360
OG0016234	As011G248100	El005G252580
OG0016235	As011G248130	El005G252640
OG0016236	As011G248350	El005G252930
OG0016237	As011G248430	El005G253000
OG0016238	As011G248440	El005G253010
OG0016239	As011G248450	El005G253020
OG0016240	As011G248480	El005G253050
OG0016241	As011G248790, As011G248800	El002G120110, El002G120070
OG0016242	As011G248820	El005G253340
OG0016243	As011G248960	El005G253530
OG0016245	As011G249110	El005G253730
OG0016246	As011G249130	El005G253750
OG0016247	As011G249170	El005G253850
OG0016248	As011G249190	El005G253880
OG0016249	As011G249320	El005G254060
OG0016250	As011G249480	El005G254310
OG0016251	As011G249550	El005G254380
OG0016252	As011G249580	El005G254410
OG0016253	As011G249650	El005G254500
OG0016254	As011G249940	El005G254790
OG0016255	As011G249990	El005G254870
OG0016256	As011G250060	El005G255060
OG0016257	As011G250110	El005G255150
OG0016258	As011G250160	El005G255220
OG0016259	As011G250430	El005G255670
OG0016260	As011G250640	El005G255860
OG0016261	As011G250750	El005G255980
OG0016262	As011G250960	El005G256240, El005G256220, El005G256180
OG0016263	As011G251050	El005G256310
OG0016264	As011G251210	El005G256530
OG0016265	As011G257300, As011G251280	El005G256610
OG0016266	As011G251680	El005G257140
OG0016267	As011G251700	El005G257160
OG0016268	As011G251810	El005G257250
OG0016269	As011G251890	El005G257330
OG0016270	As011G251900	El005G257340
OG0016271	As011G252000	El005G257480
OG0016272	As011G252770	El005G258310
OG0016273	As011G252900	El004G198400, El004G198390
OG0016274	As011G252940	El005G258590
OG0016275	As011G252960	El005G258680
OG0016276	As011G253040	El005G258750
OG0016277	As011G253250	El005G268160
OG0016278	As011G253380	El005G259850
OG0016279	As011G253500	El005G259650
OG0016280	As011G253540	El005G259570
OG0016281	As011G254020	El005G260840
OG0016282	As011G254210	El005G261030
OG0016283	As011G254460	El005G261330
OG0016284	As011G255100	El005G264030
OG0016285	As011G255240	El005G264430
OG0016286	As011G255390	El005G264960
OG0016287	As011G255940	El005G266760
OG0016288	As011G256190	El005G267110
OG0016289	As011G256230	El005G267140
OG0016290	As011G256250	El005G267170
OG0016291	As011G256580	El005G267730
OG0016292	As011G256710	El005G267880
OG0016293	As011G256740	El005G267910
OG0016294	As011G256790	El006G314170
OG0016295	As011G257160	El005G268460
OG0016296	As011G257500	El005G268400
OG0016297	As011G257620	El005G268630
OG0016298	As011G258430	El005G269220
OG0016299	As011G258650	El005G268970
OG0016300	As011G258660	El005G269900
OG0016301	As011G258930	El005G269560
OG0016302	As011G259270	El005G271450
OG0016303	As011G260650	El007G340910
OG0016304	As011G260930	El005G271860
OG0016305	As011G261100	El005G271120
OG0016306	As011G261580	El005G270580, El005G270790
OG0016307	As011G261770	El005G271890
OG0016308	As011G261860	El005G271500
OG0016309	As011G262040	El005G271950
OG0016310	As011G262060	El005G271980
OG0016311	As011G262090	El005G271990
OG0016312	As011G262100	El005G272000
OG0016313	As011G262110	El005G272020
OG0016314	As011G262120	El005G272040
OG0016315	As011G262200	El005G272200
OG0016316	As011G262220	El005G272220
OG0016317	As011G262290	El005G272310
OG0016318	As011G262300	El005G272350
OG0016319	As011G262360	El003G181930
OG0016320	As011G262580	El005G272650
OG0016321	As011G262620	El005G272690
OG0016322	As011G262650	El005G272720
OG0016323	As011G262700	El005G272760
OG0016324	As011G262710	El005G272770
OG0016325	As011G262860	El005G273090
OG0016326	As011G263400	El005G273680
OG0016327	As011G263540	El005G273880
OG0016328	As011G263680	El005G274040
OG0016329	As011G263710	El005G274120
OG0016330	As011G264160	El005G274710
OG0016331	As011G264250	El005G274580
OG0016332	As011G264640	El005G275200
OG0016333	As011G264890	El005G275540
OG0016334	As011G264910	El005G275560
OG0016335	As011G265030	El005G275720
OG0016336	As011G265180	El005G276930
OG0016337	As011G265350	El005G276700
OG0016338	As011G265400	El005G276650
OG0016339	As011G265430	El005G276630
OG0016340	As011G265480	El005G276450
OG0016341	As011G265650	El005G277310
OG0016342	As011G265850	El005G277540
OG0016343	As011G266030	El005G277770
OG0016344	As011G266050	El005G277830
OG0016345	As011G266400	El005G278140
OG0016346	As011G266530	El005G278340
OG0016347	As011G266580	El005G278360
OG0016348	As011G266630	El005G278460
OG0016349	As011G266740	El005G278560
OG0016350	As011G266750	El005G278570
OG0016351	As011G266940	El005G278690
OG0016352	As011G267410	El005G279520
OG0016353	As011G267550	El005G279260
OG0016354	As011G267590	El005G279560
OG0016355	As012G267940	El002G141050
OG0016356	As012G267970	El002G141020
OG0016357	As012G268040	El002G140950
OG0016358	As012G268120	El002G140830
OG0016359	As012G268290	El002G140660
OG0016360	As012G268360	El002G140590
OG0016361	As012G268710	El002G140320
OG0016362	As012G268850	El002G140130
OG0016363	As012G268920	El002G140510, El002G140040
OG0016364	As012G268940	El005G249900
OG0016365	As012G269190	El005G262580, El002G139710
OG0016366	As012G269230	El005G250320
OG0016367	As012G269420	El002G139380
OG0016368	As012G269520	El002G139240
OG0016369	As012G269850	El002G138370
OG0016370	As012G269950	El002G138530
OG0016371	As012G270100	El002G138020
OG0016372	As012G270420	El002G137700
OG0016373	As012G270430	El002G137690
OG0016374	As012G270450	El002G137660
OG0016375	As012G270530	El002G137490
OG0016376	As012G270570	El002G137450
OG0016377	As012G270630	El002G137350
OG0016378	As012G270740	El002G137070
OG0016379	As012G270770	El002G137040
OG0016380	As012G270860	El002G136890
OG0016381	As012G270880	El002G136830
OG0016382	As012G270900	El002G136790
OG0016383	As012G271630	El002G135200
OG0016384	As012G271710	El002G135400
OG0016385	As012G271720	El002G135410
OG0016386	As012G271780	El006G319860
OG0016387	As012G271850	El002G135700
OG0016388	As012G271910	El002G135780
OG0016389	As012G271920	El002G135790
OG0016390	As012G271990	El002G134860
OG0016391	As012G272030	El002G134830
OG0016392	As012G272080	El002G134770
OG0016393	As012G272370	El002G134430
OG0016394	As012G272460	El002G134230
OG0016395	As012G272480	El002G134180
OG0016396	As012G272510	El002G134150
OG0016397	As012G272580	El002G134060
OG0016398	As012G272850	El002G133520
OG0016399	As012G272870	El002G133480
OG0016400	As012G272880	El002G133470
OG0016401	As012G272890	El002G133460
OG0016402	As012G272930	El002G133390
OG0016403	As012G273040	El002G133250
OG0016404	As012G273630	El002G132220
OG0016405	As012G273740	El002G132020
OG0016406	As012G273800	El002G131880
OG0016407	As012G273880	El002G131790
OG0016409	As012G274020	El002G131490
OG0016410	As012G274030	El002G131470
OG0016411	As012G274050	El002G131430
OG0016412	As012G274140	El002G131370
OG0016413	As012G274220	El003G171380
OG0016414	As012G274350	El003G171530
OG0016415	As012G274500	El003G171860
OG0016416	As012G274750	El003G172270
OG0016417	As012G274770	El003G172290
OG0016418	As012G274780	El007G343590
OG0016419	As012G275010	El006G296440
OG0016420	As012G275020	El002G117180
OG0016421	As012G275370	El006G296830
OG0016422	As012G275470	El001G022270
OG0016423	As012G275560	El001G022380
OG0016424	As012G275760	El001G022570
OG0016425	As012G275910	El001G022650
OG0016426	As012G276050	El001G022930
OG0016427	As012G276170	El001G023030
OG0016428	As012G276180	El001G023040
OG0016429	As012G276190	El001G023060
OG0016430	As012G276610	El001G023690
OG0016431	As012G276810, As012G276650	El005G242840
OG0016432	As012G277080	El002G101900
OG0016433	As012G277100	El001G023980
OG0016434	As012G277870	El001G024580
OG0016435	As012G277890	El001G024610, El001G024620
OG0016436	As012G278500	El001G022150
OG0016437	As012G278550	El001G022220
OG0016438	As012G278860	El001G022060
OG0016439	As012G279010	El001G022010
OG0016440	As012G279080	El001G021900
OG0016441	As012G279420	El002G108800
OG0016442	As012G279460	El001G021880
OG0016443	As012G279750	El001G021890
OG0016444	As012G280170	El001G025270
OG0016445	As012G280290	El001G025430
OG0016446	As012G280720	El001G025640
OG0016447	As012G280880	El001G025700
OG0016448	As012G280930	El001G025730
OG0016449	As012G281720	El001G026220
OG0016450	As012G281750	El001G026290
OG0016451	As012G281790	El001G026320
OG0016452	As012G282550	El001G027310
OG0016453	As012G282640	El001G027430
OG0016454	As012G282720	El001G027530
OG0016455	As012G282750	El001G027560
OG0016456	As012G282900	El001G027740
OG0016457	As012G283090	El001G028000
OG0016458	As012G283180	El001G028100
OG0016459	As012G283340	El001G028260
OG0016460	As012G283570	El001G028420
OG0016461	As012G283660	El001G028560
OG0016462	As012G284060	El001G029000
OG0016463	As012G284080	El001G029040
OG0016464	As012G284110	El001G029080
OG0016465	As012G284210	El001G029290
OG0016466	As012G284250	El001G029340
OG0016467	As012G284260	El001G029350
OG0016468	As012G284420	El001G029510
OG0016469	As012G284710	El001G025390
OG0016470	As012G284730	El001G030080
OG0016471	As012G284740	El001G030090
OG0016472	As012G284810	El001G030160
OG0016473	As012G285070	El001G030460
OG0016474	As012G285420	El003G187780
OG0016475	As012G285570	El001G031100
OG0016476	As012G285740	El001G031340
OG0016477	As012G285780	El005G270030
OG0016478	As012G285920	El001G031590
OG0016479	As012G285950	El001G031630
OG0016480	As012G286100	El001G031850
OG0016481	As012G286260	El001G032050
OG0016482	As012G286610	El001G032240
OG0016483	As012G286970	El001G032790
OG0016484	As012G287160	El001G033040
OG0016485	As012G287410	El001G033380
OG0016486	As012G287470	El001G033500
OG0016487	As012G287530	El001G033550
OG0016488	As012G287650	El001G033710
OG0016489	As012G287790	El001G033950
OG0016490	As012G287870	El001G034090
OG0016491	As012G288000	El001G034290
OG0016492	As012G288110	El001G034480
OG0016493	As012G288290	El001G034630
OG0016494	As012G288300	El001G034640
OG0016495	As012G288600	El001G035110
OG0016496	As012G288620	El001G034990
OG0016497	As012G288930	El001G035370
OG0016498	As012G288960	El001G035410
OG0016499	As012G289000	El001G035450
OG0016500	As012G289180	El001G035640
OG0016501	As012G289200	El001G035660
OG0016502	As012G289210	El001G035670
OG0016503	As012G289220	El001G035680
OG0016504	As012G289300	El001G035780
OG0016505	As012G289330	El001G035810
OG0016506	As012G289410	El001G035870
OG0016507	As012G289430	El001G035890
OG0016508	As012G289480	El001G035930
OG0016509	As012G289490	El001G035940
OG0016657	As001G000110	El003G155730
OG0016658	As001G000300	El003G155490
OG0016659	As001G000320	El003G155460
OG0016660	As001G000340	El003G155440
OG0016661	As001G000380	El003G155390
OG0016662	As001G000710	El003G155050
OG0016663	As001G000940	El003G154610
OG0016664	As001G001060	El003G154460
OG0016665	As001G001690	El003G153380
OG0016666	As001G001910	El003G153120
OG0016667	As001G002050	El003G153050
OG0016668	As001G002060	El003G153040
OG0016669	As001G003520	El003G151670
OG0016670	As001G003610	El003G151610
OG0016671	As001G004170	El003G151050
OG0016672	As001G004980	El003G150320
OG0016673	As001G006280	El003G149940
OG0016675	As001G010140	El003G149200
OG0016676	As001G010490	El003G149140
OG0016677	As001G010550	El003G149100
OG0016679	As001G012920	El003G148290
OG0016680	As011G246940, As001G014100	El005G251170
OG0016681	As001G014450	El003G147670
OG0016682	As001G015800	El002G118200
OG0016683	As001G015940	El002G118670
OG0016684	As001G016000	El002G118730
OG0016685	As001G016020	El002G118770
OG0016686	As001G016760	El002G119640
OG0016687	As001G016860	El002G119730
OG0016688	As001G018340	El003G182080
OG0016689	As001G018470	El004G210540
OG0016690	As001G018650	El004G209390
OG0016691	As001G018930	El004G208610
OG0016692	As001G019010	El004G208330
OG0016693	As001G019130	El004G206930
OG0016694	As001G019610	El004G204660
OG0016695	As001G019730	El004G203390
OG0016696	As001G020000	El004G203050
OG0016697	As001G020100	El004G202780
OG0016698	As001G020540	El004G201460
OG0016699	As001G020810	El004G201100
OG0016700	As001G020820	El004G201090
OG0016701	As001G020850	El004G201060
OG0016702	As001G021010	El004G200470
OG0016703	As001G021430	El004G200080
OG0016704	As001G022100	El004G198650
OG0016705	As001G022870	El001G036680
OG0016706	As001G023040	El001G036870
OG0016707	As001G023140	El001G036990
OG0016708	As001G023560	El001G037720
OG0016709	As001G023920	El001G038200
OG0016710	As001G023930	El001G038210
OG0016711	As001G024160	El001G038610
OG0016712	As001G024530	El001G039190
OG0016714	As001G025060	El001G040260
OG0016715	As001G025390	El001G040860
OG0016716	As001G025550	El001G041140
OG0016717	As001G026610	El001G042650
OG0016718	As001G026800	El001G042970
OG0016719	As001G026890	El001G043060
OG0016720	As001G027060	El001G043660
OG0016721	As001G027790	El001G045210
OG0016722	As001G027830, As011G255950	El005G266770
OG0016723	As001G027880	El001G045570
OG0016724	As001G028160	El001G046520
OG0016725	As001G028380	El004G217170
OG0016726	As001G028460	El004G217010
OG0016727	As001G028580	El004G216300
OG0016728	As001G028770	El004G215780
OG0016729	As001G028910	El004G215560
OG0016730	As001G029170	El004G214850
OG0016731	As001G029380	El004G213690
OG0016732	As001G029410	El004G213610
OG0016733	As001G029550	El004G212170
OG0016734	As001G029680	El004G211710
OG0016735	As001G029740	El004G211610
OG0016736	As001G029860	El004G211050
OG0016737	As001G030040	El004G206570
OG0016738	As001G030070	El004G210850
OG0016739	As001G030190	El004G193800
OG0016740	As001G030250	El004G193850
OG0016741	As001G030530	El004G194150
OG0016742	As001G031810	El004G197340
OG0016743	As001G031880	El004G197540
OG0016744	As001G032150	El004G198170
OG0016745	As001G032200	El004G198300
OG0016746	As001G032240	El004G198250
OG0016747	As002G032420	El005G248320
OG0016748	As002G032490	El003G158700
OG0016749	As002G032780	El003G158390
OG0016750	As002G032790	El003G158350
OG0016751	As002G032820	El003G158310
OG0016752	As002G033750	El006G288790
OG0016753	As002G033990	El005G244310
OG0016754	As002G034370	El005G244710
OG0016755	As002G034440	El005G244800
OG0016756	As002G034800	El005G244990
OG0016757	As002G034880	El003G180140, El003G180560, El003G180540, El003G180500, El003G180530, El003G180410, El003G180130, El003G180100, El003G180480, El003G180210, El003G178820, El003G180430, El003G178870, El003G178980, El003G180590, El003G180930, El003G178790
OG0016758	As002G034920	El001G079520
OG0016759	As002G035200	El005G245310
OG0016760	As002G035620	El005G245730
OG0016761	As002G036080	El005G246010
OG0016762	As002G036710, As002G036690	El005G246430
OG0016763	As002G036790	El001G072090
OG0016764	As002G037250	El005G247000
OG0016765	As002G038970	El005G271810
OG0016766	As002G039210	El007G326640
OG0016767	As002G039380	El001G011520
OG0016768	As002G041330	El007G344550
OG0016769	As002G041370	El007G344520
OG0016770	As002G042210	El007G344040
OG0016771	As002G042270	El007G343800
OG0016772	As002G042760	El007G343150
OG0016773	As002G042830	El007G343090
OG0016774	As002G043650	El007G342060
OG0016775	As002G043660	El007G342030
OG0016776	As002G043750	El007G341970
OG0016777	As002G043780	El007G341900, El007G341860
OG0016778	As002G044000	El007G341470
OG0016779	As002G044060	El007G341410
OG0016780	As002G044450	El007G340770
OG0016781	As002G044480	El007G340740
OG0016782	As002G044930	El007G340110
OG0016783	As002G045250	El007G339610
OG0016784	As002G047030	El007G337030
OG0016786	As002G048070, As007G157400	El007G335830
OG0016787	As002G048290	El007G335320
OG0016788	As002G048520	El007G335080
OG0016789	As002G048790	El007G334720
OG0016790	As002G049120	El007G334270
OG0016791	As002G049170	El007G334190
OG0016793	As002G050900	El001G069140
OG0016794	As002G051670	El001G070060
OG0016795	As002G051830	El001G070220
OG0016796	As002G051940	El001G070370
OG0016797	As002G052090	El001G070510
OG0016798	As002G052240	El001G070930
OG0016799	As002G052320	El001G071020
OG0016800	As002G052380	El001G071080
OG0016801	As002G052530	El001G071210
OG0016802	As002G052810	El001G071490
OG0016803	As002G052980	El001G071680
OG0016804	As002G052990	El001G071690
OG0016805	As002G053240	El001G071960
OG0016806	As002G053390	El001G072070
OG0016807	As002G053840	El001G072660
OG0016808	As002G053950	El001G072760
OG0016809	As002G054030	El001G072840
OG0016810	As002G054060	El001G072880
OG0016811	As002G054070	El001G072890
OG0016812	As002G054590	El001G073490
OG0016813	As002G054790	El001G073730
OG0016814	As002G054850	El001G073790
OG0016815	As002G054870	El001G073830
OG0016816	As002G055360	El001G074400
OG0016817	As003G056490	El003G168600
OG0016818	As003G056540	El003G168550
OG0016819	As003G056680	El003G168330
OG0016820	As003G057100	El003G167870
OG0016821	As003G057460	El003G167240
OG0016822	As003G057650	El003G166920
OG0016823	As003G057750	El003G166670
OG0016824	As003G057940	El003G166280
OG0016825	As004G087100, As003G058350	El003G165660
OG0016826	As003G058380	El003G165640
OG0016827	As003G058540	El003G165480
OG0016828	As003G058620	El003G165380
OG0016829	As003G058980	El003G165020
OG0016830	As003G059110	El003G164840
OG0016831	As003G059510	El003G164560
OG0016832	As003G059730	El003G164210
OG0016833	As003G059950	El003G163940
OG0016834	As003G060410	El003G163230
OG0016835	As003G062820	El002G121280
OG0016836	As003G063200	El002G122270
OG0016837	As003G063260	El002G122560
OG0016838	As003G063490	El002G123340
OG0016839	As003G063520	El002G123440
OG0016840	As003G064010	El002G124920
OG0016841	As003G064360	El003G182710
OG0016842	As003G064420	El002G128240
OG0016843	As003G065050	El002G126750
OG0016844	As003G065100	El002G126270
OG0016845	As003G065210	El007G333600
OG0016846	As003G065490	El002G130280
OG0016847	As003G065600	El002G130130
OG0016848	As003G065610	El002G129680
OG0016849	As003G065640	El002G129440
OG0016850	As003G065890	El002G113270
OG0016851	As003G065920	El002G113260
OG0016852	As003G066400	El002G128700
OG0016853	As003G066840	El002G113550
OG0016854	As003G067950	El002G113310
OG0016855	As003G068940	El002G113970
OG0016856	As003G068960	El002G113990
OG0016857	As003G069120, As003G069130	El002G114290
OG0016858	As003G069240	El002G114620
OG0016859	As003G070080	El002G115590
OG0016860	As003G070160	El002G115680
OG0016861	As003G070180	El006G314260
OG0016862	As003G070190	El006G314250
OG0016863	As003G070260	El002G115810
OG0016864	As003G070310	El002G115850
OG0016865	As003G070780	El002G116500
OG0016866	As003G071090	El002G117150
OG0016867	As003G071180	El002G117250
OG0016868	As003G071310	El002G117410
OG0016869	As003G071830	El003G146710
OG0016870	As003G072070	El003G146450
OG0016871	As003G072140	El003G146360
OG0016872	As003G072500	El003G145930
OG0016873	As003G072970	El003G145420
OG0016874	As003G073180	El003G145210
OG0016875	As003G073390	El003G144980
OG0016876	As007G180030, As003G074210	El006G319530
OG0016877	As003G074360	El003G144010
OG0016878	As003G074670	El003G143670
OG0016880	As003G075010	El003G143250
OG0016881	As003G075100	El003G143140
OG0016882	As003G075130	El003G143030
OG0016883	As003G075680	El003G142650
OG0016884	As003G075860	El003G142460
OG0016885	As003G076050	El003G142240
OG0016886	As003G076130	El003G142150
OG0016887	As003G076300	El003G141980
OG0016888	As003G076360	El003G141950
OG0016889	As003G076450	El003G141800
OG0016890	As003G076580	El003G141710
OG0016891	As003G076600	El003G141660
OG0016892	As004G076760	El003G181620
OG0016893	As004G076810	El003G183650
OG0016894	As004G077030	El003G184630, El003G180790, El003G180770
OG0016895	As004G077310	El003G185930
OG0016896	As004G077340	El003G186070
OG0016897	As004G078250	El003G189130
OG0016898	As004G078270	El003G189140
OG0016899	As004G078330	El003G189210
OG0016900	As004G078580	El003G189730
OG0016901	As004G078620	El003G189850
OG0016902	As004G078630	El006G296180
OG0016903	As004G078930	El002G093150
OG0016904	As004G079110	El005G235380
OG0016905	As004G079240	El001G014920
OG0016906	As004G079290	El002G119040
OG0016907	As004G080760	El001G011410
OG0016908	As004G080880	El001G011310
OG0016909	As004G080930	El001G016540
OG0016910	As004G081060	El006G296980
OG0016911	As004G081530	El006G298170
OG0016912	As004G081630	El006G298300
OG0016913	As004G081840	El007G358660
OG0016914	As004G081940	El007G358550
OG0016915	As004G082290	El007G357710
OG0016916	As004G082880	El001G049100
OG0016917	As004G082900	El007G355390
OG0016918	As004G083250	El001G009520
OG0016919	As004G083320	El001G009370
OG0016920	As004G084090	El001G008120
OG0016921	As004G084540	El001G007560
OG0016922	As004G085150	El001G006200
OG0016923	As004G085430	El001G005820
OG0016924	As004G085510	El001G005770
OG0016925	As004G086040	El001G004980
OG0016926	As004G086190	El001G004760
OG0016927	As004G086340	El001G004560
OG0016928	As004G086540	El002G091080
OG0016929	As004G086730	El007G361060
OG0016930	As004G088100	El007G363830
OG0016931	As004G089800	El005G250640
OG0016932	As004G090060	El003G182520
OG0016933	As004G090220	El007G366740
OG0016934	As004G090310	El007G366800
OG0016935	As004G090330	El007G366410
OG0016936	As004G090560	El001G082350
OG0016937	As004G090790	El003G183100
OG0016938	As004G091010	El007G366580
OG0016939	As004G091450	El003G183070
OG0016940	As004G091660	El003G182560
OG0016941	As004G091720	El005G269370
OG0016942	As004G091820	El005G269400
OG0016943	As004G091880	El003G182850
OG0016944	As004G092110	El005G270400
OG0016945	As004G092170	El003G183410
OG0016946	As004G092800	El003G182420
OG0016947	As004G093420	El003G179100
OG0016948	As004G093610	El003G178440
OG0016949	As004G094450	El003G177290
OG0016951	As004G095120	El003G175920
OG0016952	As004G095190	El003G175690
OG0016953	As004G095990	El003G174180
OG0016954	As004G096010	El003G174160
OG0016955	As004G096030	El003G174140
OG0016956	As004G096060	El003G174080
OG0016957	As004G096180	El003G173820
OG0016958	As004G096530	El003G172900
OG0016959	As004G096750	El003G189870
OG0016960	As004G096770	El003G189890
OG0016961	As004G097130	El007G322060
OG0016962	As004G097300	El003G191350
OG0016963	As004G097520	El003G191700
OG0016964	As004G098020	El003G192730
OG0016965	As004G098050	El003G193020
OG0016966	As004G098090	El003G193090
OG0016967	As004G098190	El003G193270
OG0016968	As004G098240	El003G193350
OG0016969	As004G098250	El003G193360
OG0016970	As004G098460	El001G001590
OG0016971	As005G098600, As005G103060	El006G279700
OG0016972	As005G098630	El006G279720
OG0016973	As005G098950	El006G279970
OG0016974	As005G099350	El006G280270
OG0016975	As005G099500	El006G280420
OG0016976	As005G100110	El006G280980
OG0016977	As005G100180	El006G281060
OG0016978	As005G100450	El006G281350
OG0016979	As005G100850	El006G281860
OG0016980	As005G101660	El001G039640, El005G247480, El006G282940
OG0016981	As005G102130	El006G283490
OG0016982	As005G102440, As005G102430	El006G315460
OG0016983	As005G103120	El006G284730
OG0016984	As005G103220	El006G284830
OG0016985	As005G103290	El006G284910
OG0016986	As012G285470, As005G103980	El001G031010
OG0016987	As005G104030	El006G285540
OG0016988	As005G104130	El006G285700
OG0016990	As005G105390	El006G287330
OG0016992	As005G106160	El006G287930
OG0016993	As005G106290	El001G081960
OG0016994	As005G106300	El001G081950
OG0016995	As005G106370	El001G081880
OG0016996	As005G106560	El001G081680
OG0016997	As005G106600	El001G081620
OG0016998	As005G106630	El001G081600
OG0016999	As005G106660	El001G081560
OG0017000	As005G106900	El001G081320
OG0017001	As005G106940	El001G081290
OG0017002	As005G107150	El001G081050
OG0017003	As005G107290	El001G080920
OG0017004	As005G107300	El001G080910
OG0017005	As005G107450	El001G080750
OG0017006	As005G107940	El001G080110
OG0017007	As005G108320	El001G079340
OG0017008	As005G109050	El001G078570
OG0017009	As005G110420	El001G060530
OG0017010	As005G110920	El001G059920
OG0017011	As005G111080	El001G059750
OG0017012	As005G111590	El001G059840
OG0017013	As005G112430	El001G059090
OG0017014	As005G112590	El001G058950
OG0017015	As005G113310	El001G058180
OG0017016	As005G113580	El001G057730
OG0017017	As005G113680	El001G057510
OG0017018	As005G114710	El007G331040
OG0017019	As005G115540	El007G331610
OG0017021	As010G225570, As005G116530	El007G326950
OG0017022	As005G116680	El007G326840
OG0017023	As005G116960	El007G326530
OG0017024	As005G117050	El007G326400
OG0017025	As005G117840	El007G325500
OG0017026	As005G117980	El007G325340
OG0017027	As005G118130	El007G325250
OG0017028	As005G118240	El007G325120
OG0017029	As005G118250	El007G325100
OG0017030	As005G118590	El007G324620
OG0017031	As005G118640	El007G324540
OG0017032	As005G118780	El007G324350
OG0017033	As005G118880	El007G324240
OG0017034	As005G118950	El007G324100
OG0017035	As005G119050	El007G323930
OG0017036	As005G119080	El007G323900
OG0017037	As005G119460	El007G323460
OG0017038	As005G119680	El007G323190
OG0017039	As005G119930	El007G322890
OG0017040	As005G120160	El007G322660
OG0017041	As005G120460	El004G230440
OG0017042	As005G120750	El007G322120
OG0017043	As005G120810	El007G322030
OG0017044	As006G121000	El001G000040
OG0017045	As006G121600	El001G000460
OG0017046	As006G121950	El001G001120
OG0017047	As006G122170	El001G001360
OG0017048	As006G122190	El001G001420
OG0017049	As006G122270, As008G198440	El001G001500
OG0017050	As006G122360	El001G001610
OG0017051	As006G122510	El002G113300
OG0017052	As006G122910	El001G002390
OG0017053	As006G123320	El001G003070
OG0017054	As006G124300	El007G360350
OG0017055	As006G124810	El007G359680
OG0017056	As006G124870	El007G359340
OG0017057	As006G124880	El007G359330
OG0017058	As006G125020	El007G359180
OG0017059	As006G125850	El006G299320
OG0017060	As006G126890	El006G300460
OG0017061	As006G126910	El006G300500
OG0017062	As006G127170	El006G300860
OG0017063	As006G127560	El006G301410
OG0017064	As006G127800	El006G301760
OG0017065	As006G128000	El006G302110
OG0017066	As006G128410	El006G302780
OG0017067	As006G128920	El006G303670, El006G303690
OG0017068	As006G129230	El006G304330
OG0017069	As006G129540	El006G304750
OG0017070	As006G129580	El006G304880
OG0017071	As006G129860	El006G305280
OG0017072	As006G130050	El006G305690
OG0017073	As006G130090	El006G305770
OG0017074	As006G130330	El006G306250
OG0017075	As006G130620	El006G308120
OG0017076	As006G130960	El006G308690
OG0017077	As006G131280	El006G310320
OG0017078	As006G131290	El006G311010
OG0017079	As006G131300	El006G310410
OG0017080	As006G131530	El006G311400
OG0017081	As006G131570	El006G311760
OG0017082	As006G131660	El006G312060
OG0017083	As006G131760	El006G312610
OG0017084	As006G131830	El006G312800
OG0017085	As006G131880	El006G313200
OG0017086	As006G132150	El003G191170
OG0017087	As006G132170	El006G313660
OG0017088	As006G132240	El003G156680
OG0017089	As006G132270	El003G156700
OG0017090	As006G132300	El003G156730
OG0017092	As006G132400	El003G156900
OG0017093	As006G132430	El003G156960
OG0017094	As006G132940	El005G235350
OG0017095	As006G132960	El005G235370
OG0017096	As006G133190	El005G235240
OG0017097	As006G133260	El005G235150
OG0017098	As006G133440	El005G234980
OG0017099	As006G133580	El005G234890
OG0017100	As006G134120	El003G158060
OG0017101	As006G134220	El003G157940
OG0017102	As006G134340	El003G157790
OG0017103	As006G134470	El003G157460
OG0017104	As006G134650	El003G157680
OG0017105	As006G135110	El005G236270
OG0017106	As006G135210	El005G236380
OG0017107	As006G135790	El005G237040
OG0017108	As006G135870	El005G237140
OG0017109	As006G135900	El005G237170
OG0017110	As006G136210	El005G237480
OG0017111	As006G136350	El005G237620
OG0017112	As006G136490	El005G237780
OG0017113	As006G136710	El005G238040
OG0017114	As006G137280	El005G238580
OG0017115	As006G137840	El005G239250
OG0017116	As006G137980	El005G239530
OG0017117	As006G138060	El005G239630
OG0017118	As006G138690	El005G240130
OG0017119	As006G138820	El005G240390
OG0017120	As006G139210	El005G240820
OG0017121	As006G139220	El005G240830
OG0017122	As006G139430	El005G241030
OG0017123	As006G139530	El005G241130
OG0017124	As006G139550	El005G241160
OG0017125	As006G140100	El005G241690
OG0017126	As006G140150	El005G241750
OG0017127	As006G140210	El005G241820
OG0017128	As006G140480	El005G242140
OG0017129	As006G140590	El005G242230
OG0017130	As006G141020	El007G361950, El005G242560
OG0017131	As006G141140	El005G242690
OG0017132	As006G141270	El005G242890
OG0017133	As006G141430	El005G243100
OG0017134	As006G141730	El005G243450
OG0017135	As006G141780	El005G243480
OG0017136	As006G142130	El005G243950
OG0017137	As006G142600	El006G289260
OG0017138	As006G143060	El006G289850
OG0017139	As006G143460	El006G290250
OG0017140	As006G143480	El006G290270
OG0017141	As006G143530	El006G290430, El006G290390
OG0017142	As006G143650	El006G290840
OG0017143	As006G143960	El006G290910
OG0017144	As006G144180	El006G291150
OG0017145	As006G144200	El006G291170
OG0017146	As006G144670	El006G294710
OG0017147	As006G145290	El006G293840
OG0017148	As006G145620	El006G293520
OG0017149	As006G146250	El006G292850
OG0017150	As006G146750	El006G292610
OG0017151	As006G146790	El006G292550
OG0017152	As006G148310	El006G291760
OG0017153	As007G151960	El002G099380
OG0017154	As007G152150	El002G099610
OG0017155	As007G152450	El002G100050
OG0017156	As007G152990	El002G100500
OG0017157	As007G153060	El002G100570
OG0017159	As007G153540	El002G101200
OG0017160	As007G153660	El002G101330
OG0017161	As007G154060	El002G101770
OG0017162	As007G154440	El002G102500
OG0017163	As007G154650	El002G102280
OG0017164	As007G154900	El002G102660
OG0017165	As007G154960	El002G102730
OG0017166	As007G155020	El002G102770
OG0017167	As007G155150	El002G102890
OG0017168	As007G155520	El002G103380
OG0017169	As007G155810	El002G103780
OG0017170	As007G155880	El002G103870
OG0017171	As007G156220	El002G135030
OG0017172	As007G156980	El002G105300
OG0017173	As007G157450	El002G105940
OG0017174	As007G157650	El002G106120
OG0017175	As007G157690	El002G106150
OG0017176	As007G157730	El002G106190
OG0017177	As007G157830	El002G106280
OG0017178	As007G158320	El002G107370
OG0017179	As007G158570	El002G107630
OG0017180	As007G158640	El002G107740
OG0017181	As007G158790	El002G120380
OG0017182	As007G158810	El002G107900
OG0017183	As007G158970	El002G108020
OG0017184	As007G159180	El002G108230
OG0017185	As007G159240	El002G108390
OG0017186	As007G159860	El002G109350
OG0017187	As007G159910	El002G109410
OG0017188	As007G160220	El002G109990
OG0017189	As007G160540	El002G111450
OG0017190	As007G161050	El002G111710
OG0017191	As007G161370	El002G112130
OG0017192	As007G161690	El002G112450
OG0017193	As007G162600	El002G113150
OG0017194	As007G162610	El002G113140
OG0017195	As007G162620	El002G113130
OG0017196	As007G162930	El003G160300
OG0017197	As007G164370	El006G288330
OG0017198	As007G164650	El003G159330
OG0017199	As007G165210	El003G158930
OG0017200	As007G166030	El003G156270
OG0017202	As007G177070	El006G315960
OG0017203	As007G177680	El006G315590
OG0017204	As007G178110	El006G316960
OG0017205	As007G178390	El006G317250
OG0017206	As007G179560	El006G318560
OG0017207	As007G179810	El006G319040
OG0017208	As007G180050	El006G319550
OG0017209	As007G180170	El006G319670
OG0017210	As007G180550	El006G320280
OG0017211	As007G180620	El006G320380
OG0017212	As007G180890	El006G321050
OG0017213	As007G180940	El006G321110
OG0017214	As007G181050	El006G321240
OG0017215	As007G181870	El006G321490
OG0017216	As007G181890	El006G321520
OG0017217	As008G182750	El002G098700
OG0017218	As008G183290	El002G098030
OG0017219	As008G183810	El002G097250
OG0017220	As008G184090	El002G097070, El002G097060
OG0017221	As008G184430	El002G096470
OG0017222	As008G184450	El002G096430
OG0017223	As008G184650	El002G096080
OG0017224	As008G185990	El002G094760
OG0017225	As008G186100	El002G094640
OG0017226	As008G186700	El002G093930
OG0017227	As008G186760	El002G093860
OG0017228	As008G186800	El002G093820
OG0017229	As008G187320	El002G093270
OG0017230	As008G187530	El002G092660
OG0017231	As008G187610	El002G092850
OG0017232	As008G188360	El002G092230
OG0017233	As008G188680	El002G091970
OG0017234	As008G188690	El004G208260
OG0017235	As008G188720	El002G091930
OG0017236	As008G188860	El003G161910, El005G276390, El002G120590, El007G356650, El003G186320, El004G206810
OG0017237	As008G188910	El002G091850
OG0017238	As008G189080	El001G074720
OG0017239	As008G190440	El002G091260
OG0017240	As008G192960	El002G089720
OG0017241	As008G193710	El002G088770
OG0017242	As008G193920	El002G088630
OG0017243	As008G194300	El002G088250
OG0017244	As008G194670	El002G087840
OG0017245	As008G194900	El002G087610
OG0017246	As008G195450	El002G087140
OG0017247	As008G195490	El002G087090
OG0017248	As008G195960	El002G086650
OG0017249	As008G196200	El002G086380, El002G086340
OG0017250	As008G196510	El002G085960
OG0017251	As008G196570	El002G085900
OG0017252	As008G196860	El002G085460
OG0017253	As008G196880	El002G085520
OG0017254	As008G196890	El002G085530
OG0017255	As008G196930	El002G085560
OG0017256	As008G196980	El002G085620
OG0017257	As008G197170	El002G085150
OG0017258	As008G197310	El002G085020
OG0017259	As008G197940	El002G084060
OG0017260	As008G198140	El002G084020
OG0017261	As008G199140	El002G082970
OG0017262	As008G199230	El002G082810
OG0017263	As008G199590	El002G082520
OG0017264	As008G199640	El002G082450
OG0017265	As009G199890	El001G066920
OG0017266	As009G199920	El001G066950
OG0017267	As009G199950	El001G066970
OG0017268	As009G199980	El001G067040
OG0017269	As009G200720	El001G066500
OG0017270	As009G200730	El001G066490
OG0017271	As009G200740	El001G066460
OG0017272	As009G201210	El001G062170, El001G066080, El001G062180
OG0017273	As009G201340	El001G066240
OG0017274	As009G202090	El001G065130
OG0017275	As009G202380	El001G064600
OG0017276	As009G202690	El001G064220
OG0017277	As009G203580	El001G063240
OG0017278	As009G203620	El001G063190
OG0017279	As009G203730	El001G063050
OG0017280	As009G203930	El004G218920
OG0017281	As009G204720	El001G061600
OG0017282	As009G204850	El001G061470
OG0017283	As009G204870	El001G061450
OG0017284	As009G205140	El001G061070
OG0017285	As009G206520	El001G049390
OG0017286	As009G206880	El001G048850
OG0017287	As009G207120	El001G047700
OG0017288	As009G207250	El007G345220
OG0017289	As009G207400	El007G345390
OG0017290	As009G207980	El007G346070, El005G269090
OG0017291	As009G209130	El007G349100
OG0017292	As009G210070	El007G348350
OG0017293	As009G210230	El001G067980
OG0017294	As009G210260	El001G068030
OG0017295	As009G210700	El001G075030
OG0017296	As009G211790	El001G038270
OG0017297	As009G211880	El002G141290
OG0017298	As009G212130	El007G351190
OG0017299	As009G213680	El001G076970
OG0017300	As009G213800	El001G077000
OG0017301	As009G213840	El001G077030
OG0017302	As009G213950	El001G077150
OG0017303	As009G214100	El001G077590
OG0017304	As009G215040	El001G052680
OG0017305	As009G215250	El001G052610
OG0017306	As009G215290	El001G052790
OG0017307	As009G215540	El002G102050
OG0017308	As009G215770	El001G054500
OG0017309	As009G215860	El001G054750
OG0017310	As009G216090	El001G055550
OG0017311	As009G216180	El001G055430
OG0017312	As009G216360	El001G055630
OG0017313	As009G216550	El001G055870
OG0017314	As009G216620	El001G055930
OG0017315	As009G216630	El001G055940
OG0017316	As009G217330	El001G056950
OG0017317	As009G217380	El001G057020
OG0017318	As009G217920	El007G329560
OG0017319	As009G218100	El007G337520
OG0017320	As009G218130	El007G329290
OG0017321	As009G218420	El007G328860
OG0017322	As009G218470	El007G328800
OG0017323	As009G218520	El007G328740
OG0017324	As009G218580	El007G328650
OG0017325	As009G218650	El007G328540
OG0017326	As009G219430	El007G327580
OG0017327	As009G219790	El007G332890
OG0017328	As009G219850	El007G332960
OG0017329	As009G219880	El007G332990
OG0017330	As010G220330	El001G021580
OG0017331	As010G220570	El001G021240
OG0017332	As010G220660	El001G021100
OG0017333	As010G220760	El001G020890
OG0017334	As010G220880	El001G020720
OG0017336	As010G221300	El001G020090
OG0017337	As010G221680	El001G060730
OG0017338	As010G222310	El001G018570
OG0017339	As010G222380	El001G018510
OG0017340	As010G222650	El001G018150
OG0017341	As010G222870	El001G017860
OG0017342	As010G222970	El001G017780
OG0017343	As010G223300	El001G017400
OG0017344	As010G223390	El001G017280
OG0017345	As010G223590	El001G016850
OG0017346	As010G224100	El001G016340
OG0017347	As010G224250	El001G016110
OG0017348	As010G224520	El001G015770
OG0017349	As010G224840	El003G175700
OG0017350	As010G225360	El001G041180, El001G014090
OG0017351	As010G226160	El001G012700
OG0017352	As010G226190	El001G012710
OG0017353	As010G226300	El001G012600
OG0017354	As010G226990	El001G011790
OG0017355	As010G227400	El001G060000
OG0017356	As010G227670	El004G218200
OG0017357	As010G227870	El004G218140
OG0017358	As010G229080	El001G067890
OG0017359	As010G229700	El004G218400
OG0017360	As010G230590	El004G218300
OG0017361	As010G231350	El004G219720
OG0017362	As010G232110	El004G220210
OG0017363	As010G232210	El004G220250
OG0017364	As010G232530	El007G345100
OG0017366	As010G232600	El004G220630
OG0017367	As010G232780	El004G220910
OG0017368	As010G233550	El004G222250
OG0017369	As010G233560	El004G222260
OG0017370	As010G233670	El004G222420
OG0017372	As010G233990	El004G222950
OG0017373	As010G234010	El004G222970
OG0017374	As010G234330	El004G223350
OG0017375	As010G235480	El004G231230
OG0017376	As010G235520	El004G231160
OG0017377	As010G235990	El004G230560
OG0017378	As010G236020	El004G230530
OG0017379	As010G236110	El004G230430
OG0017380	As010G236440	El004G230020
OG0017381	As010G236720	El004G229670
OG0017382	As010G236820	El004G229580
OG0017383	As010G236840	El004G229560
OG0017384	As010G237310	El004G229030
OG0017385	As010G237630	El004G228630
OG0017386	As010G237700	El004G228440
OG0017387	As010G238070	El002G104030, El037G374560
OG0017388	As010G238560	El004G227530
OG0017389	As010G238860	El004G227220
OG0017390	As010G239180	El004G226890
OG0017391	As010G239320	El001G060930
OG0017392	As010G239420	El004G226610
OG0017393	As010G239520	El003G182410
OG0017394	As010G239810	El004G226120
OG0017395	As010G239930	El004G226040
OG0017396	As010G240210	El004G225660
OG0017397	As010G240300	El004G225500
OG0017398	As010G240530	El004G225300
OG0017399	As010G240810	El004G225110
OG0017400	As010G241210	El004G224650
OG0017401	As010G241910	El004G231920
OG0017402	As010G242120	El004G232210
OG0017403	As010G242500	El004G232580
OG0017404	As010G242890	El004G233000
OG0017405	As010G242950	El004G233060
OG0017406	As010G243120	El004G233340
OG0017407	As010G243240	El004G233440
OG0017408	As010G243360	El004G233530
OG0017409	As010G244090	El004G234370
OG0017410	As010G244270	El004G234530
OG0017411	As010G244440	El004G234690
OG0017412	As010G244460	El004G234710
OG0017413	As010G244580	El004G234730
OG0017414	As011G244800	El005G248780
OG0017415	As011G245010	El005G249090
OG0017416	As011G245220	El005G249270
OG0017417	As011G245530	El005G249500
OG0017418	As011G245660	El005G249690
OG0017419	As011G245740	El005G249790
OG0017420	As011G246720	El005G250870
OG0017421	As011G246730	El005G250880
OG0017422	As011G247160	El005G251450
OG0017423	As011G247250	El005G251570
OG0017424	As011G247270	El005G251590
OG0017426	As011G247820	El005G252280
OG0017427	As011G248460	El005G253030
OG0017428	As011G248670	El005G253230
OG0017429	As011G248990	El005G253590
OG0017430	As011G249950	El005G254810
OG0017431	As011G250500	El005G255740
OG0017432	As011G250530	El005G255760
OG0017433	As011G251100	El005G256390
OG0017435	As011G251690	El005G257150
OG0017436	As011G251730	El002G134200, El005G257190
OG0017437	As011G251800	El005G257240
OG0017438	As011G251830	El005G257280
OG0017439	As011G251850	El005G257290
OG0017440	As011G253410	El005G259780
OG0017441	As011G253620	El005G259440
OG0017442	As011G253630	El005G259430
OG0017445	As011G254470	El005G261340
OG0017446	As011G254660	El007G342270
OG0017447	As011G254670	El005G261770
OG0017448	As011G255200	El005G264410
OG0017449	As011G255660	El005G265620
OG0017451	As011G256600	El005G267750
OG0017452	As011G256900	El005G268150
OG0017453	As011G257510	El005G268390
OG0017454	As011G258860	El006G314000
OG0017455	As011G259390	El005G270100
OG0017456	As011G259850	El005G271390
OG0017457	As011G260710	El005G271690
OG0017458	As011G260920	El005G271870
OG0017459	As011G261410	El005G270820
OG0017460	As011G262020	El005G271930
OG0017461	As011G262190	El005G272190
OG0017462	As011G263070	El005G273380
OG0017463	As011G263370	El005G273650
OG0017464	As011G264230	El005G274600
OG0017465	As011G264420	El005G274850
OG0017466	As011G264660	El005G275220
OG0017467	As011G264750	El005G275340
OG0017468	As011G265270	El005G276820
OG0017469	As011G265620	El005G277280
OG0017470	As011G266090	El005G277870
OG0017471	As011G266720	El005G278540
OG0017472	As011G267000	El005G278760
OG0017473	As011G267080	El005G278830
OG0017474	As011G267310	El003G155530
OG0017475	As011G267470	El005G279460
OG0017476	As011G267490	El005G279440
OG0017477	As011G267540	El005G279270
OG0017478	As011G267600	El005G279570
OG0017479	As011G267610	El005G279590
OG0017480	As012G267760	El002G141480
OG0017481	As012G267990	El002G141000
OG0017482	As012G268170	El002G140790
OG0017483	As012G268300	El002G140650
OG0017485	As012G268860	El002G140120
OG0017486	As012G268880	El002G140070
OG0017487	As012G268890	El002G140060
OG0017488	As012G269090	El002G139880
OG0017489	As012G269340	El002G139500
OG0017490	As012G269510	El002G139230
OG0017491	As012G270000	El002G138120
OG0017492	As012G270020	El002G138100
OG0017493	As012G270550	El002G137470
OG0017494	As012G270610	El002G137380
OG0017495	As012G272020	El002G134840
OG0017496	As012G272070	El002G134800
OG0017497	As012G272300	El002G134530
OG0017498	As012G272490	El002G134170
OG0017499	As012G273340	El002G132790
OG0017500	As012G273400	El002G132690
OG0017501	As012G273420	El002G132650
OG0017502	As012G273520	El002G132400
OG0017503	As012G273580	El001G003390
OG0017504	As012G273840	El002G131820
OG0017505	As012G274210	El003G171370
OG0017506	As012G274240	El003G171410
OG0017507	As012G274740	El003G172260
OG0017508	As012G274840	El003G172410
OG0017509	As012G274850	El006G309950, El003G172420
OG0017510	As012G275060	El002G116780
OG0017511	As012G275330	El006G296780
OG0017512	As012G275390	El006G296850
OG0017513	As012G275720	El001G022520
OG0017514	As012G275730	El001G022540
OG0017515	As012G276220	El001G023170
OG0017516	As012G276290	El001G023310
OG0017517	As012G276550	El001G023540
OG0017518	As012G276570	El001G023570
OG0017519	As012G277530	El001G024350
OG0017520	As012G277590	El001G024410
OG0017521	As012G277600	El001G024420
OG0017522	As012G277660	El001G024490
OG0017523	As012G278100	El001G024730
OG0017524	As012G279520	El001G025200
OG0017525	As012G279810	El001G024980
OG0017526	As012G280000	El001G025030
OG0017527	As012G281010	El001G025820
OG0017528	As012G281300	El001G025930
OG0017529	As012G281340	El001G025970
OG0017530	As012G281740	El001G026280
OG0017531	As012G281930	El001G026460
OG0017532	As012G281950	El001G026480
OG0017533	As012G282090	El001G026830
OG0017534	As012G282370	El001G027190
OG0017535	As012G282420	El001G027060
OG0017536	As012G282570	El001G027380
OG0017537	As012G282840	El001G027680
OG0017538	As012G283060	El001G027950
OG0017539	As012G283850	El001G028760
OG0017540	As012G284040	El001G028970
OG0017541	As012G284930	El001G030280
OG0017542	As012G285060	El001G030450
OG0017543	As012G285160	El001G030610
OG0017544	As012G285820	El001G031440
OG0017545	As012G285830	El001G031510
OG0017546	As012G286320	El001G032130
OG0017547	As012G286730	El001G022360
OG0017548	As012G286890	El001G032640
OG0017549	As012G286940	El001G032670
OG0017550	As012G287820	El001G033980
OG0017551	As012G288120	El001G034470
OG0017552	As012G288460	El001G034840
OG0017553	As012G288680	El001G034930
OG0017554	As012G289260	El001G035720
OG0017555	As012G289360	El001G035830
OG0017556	As012G289400	El001G032890
OG0017751	As001G000580	El003G155200
OG0017752	As001G000610	El003G155150
OG0017753	As001G001420	El003G153670
OG0017754	As001G003390	El003G151790
OG0017755	As001G004160	El003G151060
OG0017756	As001G004690	El003G150620
OG0017757	As209G297110	El036G374430
OG0017758	As001G013660	El002G135260
OG0017759	As001G014550	El003G147600
OG0017760	As001G015100	El003G147250
OG0017761	As001G016170	El003G149660
OG0017762	As001G016780	El002G119660
OG0017763	As001G016950	El002G119810
OG0017764	As001G017030	El002G119940
OG0017765	As001G017220	El003G169970
OG0017766	As001G018460	El004G210610
OG0017767	As001G019040	El004G207580, El004G207600
OG0017768	As001G020500	El004G201500
OG0017769	As001G020560	El004G201440
OG0017770	As001G020980	El004G200780
OG0017771	As001G022000	El004G198940
OG0017772	As001G022330	El001G036110
OG0017773	As001G022390	El001G036160
OG0017774	As001G022440	El001G036210
OG0017775	As001G022510	El001G036270
OG0017776	As001G022640	El001G036380
OG0017777	As001G022880	El001G036690
OG0017778	As001G023820	El001G038040
OG0017779	As001G023890	El001G038120
OG0017781	As001G024030	El001G038470
OG0017782	As001G025500	El001G041030
OG0017783	As001G025670	El001G041270
OG0017784	As001G026190	El001G042140
OG0017785	As001G026220	El001G042170
OG0017786	As001G026760	El001G042820
OG0017787	As001G027160	El001G043890
OG0017788	As001G027740	El001G045090
OG0017789	As001G028890	El004G215580
OG0017790	As001G028930	El001G036900
OG0017791	As001G029180	El004G214830
OG0017792	As001G029340	El004G213840
OG0017793	As001G029350	El004G213800
OG0017794	As001G030080	El007G337320
OG0017795	As001G030620	El004G194320
OG0017796	As001G031410	El004G196250
OG0017797	As002G034690	El005G244930
OG0017798	As002G035490	El003G156280
OG0017799	As002G037590	El005G247450
OG0017800	As002G039270	El001G011490
OG0017801	As002G041910	El007G344210
OG0017802	As002G042770	El007G343140
OG0017803	As002G043470	El007G342490
OG0017804	As002G044490	El007G340730
OG0017805	As002G044580	El007G340680
OG0017806	As003G057210, As002G045270	El003G167610
OG0017807	As002G045440	El007G338490, El007G338450
OG0017808	As002G045720	El007G338850
OG0017810	As002G049360	El007G333890
OG0017811	As002G050380	El001G068430
OG0017812	As002G050620	El001G068710
OG0017814	As002G053060	El001G071750
OG0017816	As002G053910	El001G072710
OG0017817	As002G054300	El001G073220
OG0017819	As002G054370	El001G073290
OG0017820	As002G054830	El001G073770
OG0017821	As002G055250	El001G074260
OG0017822	As002G055270	El001G074280
OG0017823	As003G056020	El003G169250
OG0017824	As003G056300	El003G168900
OG0017825	As003G056940	El005G264770
OG0017826	As003G057310	El003G167510, El003G176510
OG0017827	As003G057790	El003G166580
OG0017828	As003G059180	El003G164760
OG0017829	As003G060560	El003G162920
OG0017830	As003G061150	El006G296480
OG0017831	As003G061670	El003G161460
OG0017832	As003G062790	El002G121220
OG0017833	As003G063560	El002G124410, El002G124510, El002G124460
OG0017834	As003G063980	El002G124320
OG0017835	As003G064210	El002G125290
OG0017836	As003G064280	El002G125490
OG0017837	As003G064570	El002G128010
OG0017838	As003G064660	El002G127590
OG0017839	As003G064880	El002G127120
OG0017840	As003G069280	El002G114520
OG0017841	As003G070390	El002G116040
OG0017842	As003G070610	El002G116090, El002G116100, El002G116140, El002G116150
OG0017843	As003G071100	El002G117160
OG0017844	As003G071150	El002G117210
OG0017846	As003G071980	El003G146570
OG0017847	As003G073350	El003G145020
OG0017848	As003G073450	El003G144910
OG0017849	As003G073610	El003G144740
OG0017850	As003G073750	El003G144480
OG0017851	As003G074080	El003G144310
OG0017852	As003G074370	El003G144000
OG0017853	As003G074740	El003G143590
OG0017854	As003G075140	El003G143020
OG0017855	As004G077270	El003G185640
OG0017856	As004G077320	El003G186000
OG0017857	As004G077760	El003G187430
OG0017858	As004G078410	El003G189450
OG0017859	As004G078680	El006G296140
OG0017860	As004G079810	El006G295880
OG0017861	As004G080340	El001G010280
OG0017862	As004G080510	El001G010620
OG0017863	As004G081010	El006G296910, El006G296920
OG0017864	As004G081610	El006G298270
OG0017865	As004G082460	El007G357270
OG0017866	As004G082620	El007G356910
OG0017867	As004G082640	El007G356880
OG0017868	As004G083290	El001G009390
OG0017869	As004G083560	El001G009160
OG0017870	As004G083580	El001G009150
OG0017871	As004G083910	El001G008310
OG0017872	As004G084070	El001G008140
OG0017874	As004G084470	El001G007630
OG0017875	As004G084840	El001G006960
OG0017877	As004G087610	El007G362470
OG0017878	As004G088030	El007G363690
OG0017879	As004G088280	El007G364070
OG0017880	As004G088820	El007G364950
OG0017881	As004G089080	El007G365460
OG0017882	As004G089160	El007G365660
OG0017883	As004G089540	El007G365920
OG0017884	As004G090170	El003G183110
OG0017885	As004G090570	El007G366230
OG0017886	As007G161930, As004G093870, As004G093880, As004G091090, As007G161910, As007G161890	El002G112690
OG0017887	As004G092010	El003G182490
OG0017888	As004G092540	El003G183570
OG0017889	As004G092760	El003G179940
OG0017891	As004G093400	El003G180970
OG0017892	As004G093470	El003G179000, El003G180300
OG0017893	As004G093760	El003G178150
OG0017894	As004G094490	El003G177050
OG0017896	As004G095090	El003G175960
OG0017897	As004G095100	El003G175940
OG0017898	As004G095250	El003G175300
OG0017899	As004G095310	El003G175220
OG0017900	As004G095630	El003G174960
OG0017902	As004G096840	El001G029860
OG0017903	As004G097370	El003G191460
OG0017904	As004G097740	El003G192170
OG0017905	As005G099870	El006G280790
OG0017906	As005G100150	El006G281020
OG0017907	As005G100470	El006G281370
OG0017908	As005G101690	El006G282970
OG0017909	As005G101780	El006G283070
OG0017910	As005G102410	El006G283940, El006G283950
OG0017911	As005G102970	El006G284540
OG0017912	As005G104210	El006G285770
OG0017913	As005G104340	El006G285910
OG0017914	As005G104420	El006G285980
OG0017915	As005G104570	El006G286200
OG0017916	As005G105090	El006G287130
OG0017917	As005G105220	El006G286910
OG0017918	As005G106330	El001G081920
OG0017919	As005G106350	El001G081900
OG0017920	As005G106360	El001G081890
OG0017921	As005G106510	El001G081730
OG0017922	As005G106910	El001G081310
OG0017923	As005G108240	El001G032120
OG0017924	As005G108460	El001G079140
OG0017925	As005G110150	El001G060500
OG0017926	As005G112220	El001G059310
OG0017928	As005G115480	El007G331470
OG0017929	As005G115920	El007G332420
OG0017930	As005G117490	El007G325930
OG0017931	As005G117740	El007G325690
OG0017932	As005G120290	El007G322550
OG0017933	As005G120430	El007G322400
OG0017934	As005G120600	El007G322270
OG0017935	As005G120760, As010G220320	El007G322110
OG0017936	As006G121040	El001G000070
OG0017937	As006G121050	El001G000080
OG0017938	As006G121160	El001G000260
OG0017940	As006G121930	El001G001070
OG0017941	As006G121960	El001G001130
OG0017944	As006G125580	El006G298720
OG0017945	As006G126920	El006G300510
OG0017946	As006G128580	El006G302950
OG0017947	As006G128660	El006G303130
OG0017949	As006G130630	El006G308090
OG0017950	As006G131380	El002G137130
OG0017951	As006G131640	El006G311860
OG0017952	As006G132110	El006G313720
OG0017953	As006G132850	El005G235560
OG0017954	As006G133060	El005G235460
OG0017955	As006G133140, As006G139910	El005G241510
OG0017956	As006G133160	El005G235290
OG0017957	As006G133450	El005G234970
OG0017958	As006G133510	El005G234910
OG0017959	As006G133620	El001G082320
OG0017960	As006G133770	El005G243610
OG0017961	As006G133800	El001G082250
OG0017962	As006G133940	El001G082150
OG0017963	As006G134390	El003G157400
OG0017964	As006G134440	El003G157440
OG0017965	As006G134540	El003G157550
OG0017966	As006G135860	El005G237120
OG0017967	As006G136360	El005G237630
OG0017968	As006G136520	El005G237800
OG0017969	As006G136570	El005G237830
OG0017970	As006G136640	El005G237910
OG0017971	As006G136650	El005G237980
OG0017972	As006G137710	El005G239130
OG0017973	As006G137800	El005G239200
OG0017974	As006G137970	El005G239510
OG0017975	As006G138490	El007G349300
OG0017976	As006G138570	El005G240240
OG0017977	As006G138580	El005G240230
OG0017978	As006G138980	El005G240580
OG0017979	As006G139130	El005G240750
OG0017980	As006G139930	El005G241530
OG0017981	As006G141210	El005G242830
OG0017983	As006G141650	El005G243360
OG0017984	As006G142070	El005G243900
OG0017985	As006G142090	El005G243910
OG0017986	As006G143810	El006G290600
OG0017987	As006G144840	El006G294560
OG0017988	As006G144910, As006G144920	El006G294470
OG0017989	As006G144960	El006G294440
OG0017990	As006G145960	El006G293160
OG0017991	As006G147540	El006G292160
OG0017992	As264G297660, As006G149600	El008G367010
OG0017993	As007G151950	El002G099370
OG0017994	As007G152140	El002G099600
OG0017995	As007G152170	El002G099630
OG0017996	As007G153340	El002G100950
OG0017997	As007G154090	El002G101790
OG0017998	As007G154470	El002G102470
OG0017999	As007G154980	El002G102740
OG0018000	As007G155450	El002G103260
OG0018001	As007G156340	El002G104510
OG0018002	As007G156420	El002G104560
OG0018003	As007G156430	El002G104570
OG0018004	As007G156470	El002G104600
OG0018005	As007G157500	El002G105980
OG0018006	As007G158510	El002G107540
OG0018007	As007G158780	El007G350200
OG0018008	As007G158940	El002G107990
OG0018009	As007G159340	El002G108500
OG0018010	As007G159680	El002G109090
OG0018011	As007G160230	El002G110000
OG0018012	As007G160750	El002G111170
OG0018013	As007G161410	El002G112150
OG0018014	As007G162210	El002G112820
OG0018015	As007G162950	El003G160280
OG0018016	As007G164020	El003G159720
OG0018017	As007G164800	El003G159150
OG0018018	As007G176790	El006G315830
OG0018019	As007G176910	El006G315900, El006G315890
OG0018020	As007G177340	El006G316090
OG0018021	As007G178230	El006G317070
OG0018022	As007G178520	El006G317550
OG0018023	As007G179040	El006G317830
OG0018025	As007G179410	El006G318390
OG0018026	As007G179640	El006G318670
OG0018027	As007G180020	El006G319520
OG0018028	As007G180350	El006G319940
OG0018030	As008G183940	El002G096900
OG0018031	As008G186130	El002G094520
OG0018032	As008G186990	El002G093640
OG0018033	As008G188140	El002G092440
OG0018034	As008G189190	El002G091690
OG0018035	As008G192070	El002G090380
OG0018036	As008G192850	El002G089850
OG0018037	As008G194020	El002G088520
OG0018038	As008G194150	El002G088430
OG0018039	As008G194710	El002G087820
OG0018040	As008G194840	El002G087670
OG0018041	As008G195610	El002G087010
OG0018043	As008G196480	El002G085990
OG0018044	As008G196500	El002G085970
OG0018045	As008G196780	El002G085380
OG0018046	As008G197700	El002G084480
OG0018047	As008G198540	El002G083650
OG0018048	As008G198840	El002G083380
OG0018049	As008G199330	El002G082710
OG0018050	As008G199350	El002G082700
OG0018051	As008G199390	El002G082640
OG0018053	As009G200250	El001G067400
OG0018054	As009G200390	El001G066830
OG0018055	As009G200710	El001G066510
OG0018056	As009G201270	El001G066150
OG0018058	As009G203980	El001G062560
OG0018059	As009G204180	El001G062370
OG0018060	As009G204760	El001G061570
OG0018061	As009G205810	El001G050790
OG0018062	As009G206300	El005G239810, El008G369150
OG0018063	As009G207000	El001G048220
OG0018064	As009G207090	El001G047790
OG0018065	As009G207770	El007G346570
OG0018066	As009G210250	El001G068000
OG0018067	As009G212080	El007G350640
OG0018068	As009G212550	El001G076000
OG0018069	As009G212930	El001G076380
OG0018070	As009G213970	El001G077190
OG0018071	As009G214310	El001G077770
OG0018072	As009G216120	El001G055520
OG0018073	As009G216330	El001G055590
OG0018074	As009G217960	El007G329480
OG0018075	As009G218000	El007G329430
OG0018077	As009G218160	El007G329260
OG0018078	As009G218390	El007G328890
OG0018079	As009G219730	El007G332810
OG0018080	As010G221500	El001G019660
OG0018081	As010G222210	El001G018770
OG0018082	As010G222290	El001G018590
OG0018083	As010G224160	El001G016190
OG0018084	As010G226600	El001G012110
OG0018085	As010G226980	El001G011800
OG0018086	As010G227230	El002G108330
OG0018087	As010G227260	El001G011660, El005G258490
OG0018089	As010G228620	El004G218280
OG0018090	As010G231490	El004G219650
OG0018091	As010G231730	El004G219840
OG0018092	As010G232060	El004G220150
OG0018093	As010G232300	El004G220320
OG0018094	As010G234130	El004G223130
OG0018095	As010G234520	El004G223530
OG0018096	As010G236140	El004G230380
OG0018097	As010G236260	El004G230230
OG0018098	As010G236310	El004G230150
OG0018099	As010G237120	El004G229260
OG0018100	As010G237670	El004G228470
OG0018101	As010G238280	El004G228590, El004G227810
OG0018102	As010G238410	El004G227710
OG0018103	As010G238450	El004G227670
OG0018104	As010G238810	El004G227270
OG0018105	As010G238830	El004G227250
OG0018106	As010G238930	El004G227140
OG0018107	As010G239440	El004G226600
OG0018108	As010G240700	El004G225150
OG0018109	As010G240760	El006G279690
OG0018110	As010G241180	El004G224710
OG0018111	As010G242560	El004G232660
OG0018112	As010G242690	El004G232790
OG0018113	As010G242790	El004G232920
OG0018114	As010G244420	El004G234670
OG0018115	As011G244670	El005G248580
OG0018116	As011G244790	El005G248770
OG0018117	As011G245030	El005G249110
OG0018118	As011G245110	El005G249190
OG0018119	As011G245120	El005G249200
OG0018120	As011G245130	El001G013190
OG0018121	As011G245710	El005G249760
OG0018122	As011G247240	El005G251550
OG0018123	As011G247500	El005G251880
OG0018124	As011G250080	El005G255080
OG0018125	As011G250520	El005G255750
OG0018126	As011G254150	El005G260950
OG0018127	As011G254250	El005G261080
OG0018128	As011G254920	El005G262790
OG0018129	As011G255840	El005G265940
OG0018130	As011G255930	El005G266720
OG0018131	As011G255970	El003G182740
OG0018132	As011G258240	El005G269330
OG0018133	As011G259010	El005G269950
OG0018134	As011G259190	El005G271730
OG0018135	As011G260510	El005G271530
OG0018136	As011G261360	El005G270870
OG0018137	As011G261390	El005G270850, El005G270830
OG0018138	As011G261810	El005G271600
OG0018139	As011G261980	El005G271920
OG0018140	As011G262530	El005G272580
OG0018141	As011G262840	El005G273000
OG0018142	As011G263060	El005G273330
OG0018143	As011G263490	El005G273800
OG0018144	As011G264490	El005G274970
OG0018145	As011G265210	El005G276920
OG0018146	As011G266010	El005G277750
OG0018147	As011G267300	El005G279160
OG0018148	As011G267390	El005G279230
OG0018149	As012G269630	El002G139070
OG0018150	As012G270410	El002G137710
OG0018151	As012G270870	El002G136880
OG0018152	As012G271030	El002G136600
OG0018154	As012G273460	El002G133120
OG0018155	As012G273710	El002G132100
OG0018156	As012G273720	El002G141560
OG0018157	As012G275200	El002G086680
OG0018158	As012G276280	El001G023300
OG0018159	As012G276620	El001G023700
OG0018160	As012G276830	El001G023850
OG0018161	As012G281120	El001G025840
OG0018162	As012G282860	El001G027700
OG0018163	As012G282880	El001G027720
OG0018164	As012G282940	El001G027790
OG0018165	As012G282980	El001G027870
OG0018166	As012G283960	El001G028880
OG0018167	As012G284180	El001G029220
OG0018168	As012G284800	El001G030150
OG0018169	As012G285210	El001G030670
OG0018170	As012G286280	El001G032080
OG0018172	As012G288410	El001G034790
OG0018337	As001G017620	El003G170560
OG0018338	As001G018130	El005G267180
OG0018339	As001G018720	El004G209640
OG0018340	As001G018730	El004G209670
OG0018341	As001G019210	El004G206390
OG0018342	As001G020230	El004G202200
OG0018344	As001G024240	El001G038740
OG0018345	As001G024670	El001G039560
OG0018346	As001G027920	El001G045730
OG0018347	As001G028690	El004G216210
OG0018348	As001G028980	El004G215370
OG0018349	As001G029330	El004G213860
OG0018350	As001G029690	El004G211690
OG0018352	As002G033900, As005G106840	El001G081380
OG0018353	As002G034590, As002G034520, As002G034780, As005G108090, As005G108080	El001G079710, El001G079720, El005G244970
OG0018354	As002G036440	El002G141460
OG0018355	As002G036970	El001G076720
OG0018356	As002G040870	El007G344660
OG0018357	As002G041380	El007G344510
OG0018358	As002G041600	El007G344490
OG0018360	As002G042330	El007G343570
OG0018361	As002G042810	El007G343110
OG0018362	As002G043240	El007G342840
OG0018363	As002G043670	El007G342020
OG0018364	As002G043820	El007G341780
OG0018365	As002G044390	El007G340880
OG0018368	As002G050180	El003G183150
OG0018369	As002G050420	El001G068470
OG0018370	As002G054530	El001G073430
OG0018372	As003G056460	El003G168660
OG0018373	As003G056630	El003G168440
OG0018374	As003G057660	El003G166910
OG0018375	As003G058100	El003G166010
OG0018376	As003G058990	El003G165010
OG0018377	As003G061650	El003G161500, El004G213040, El004G212830
OG0018378	As003G062740	El002G121080
OG0018379	As003G065080	El002G126600
OG0018380	As003G069890	El002G115160
OG0018381	As003G073100	El003G145290
OG0018383	As003G075850	El003G142480
OG0018384	As004G076690	El003G163980
OG0018385	As004G077700	El003G187070
OG0018386	As004G078170	El003G188890
OG0018387	As004G081270	El006G297780
OG0018388	As004G081280	El006G297790
OG0018389	As004G082320	El007G357670
OG0018390	As004G083040	El001G038490
OG0018391	As004G083510	El002G121190
OG0018393	As004G084200	El001G007960
OG0018394	As004G085940	El001G005090
OG0018395	As004G085970	El001G005060, El001G006620
OG0018396	As004G086820, As004G086860	El007G361240
OG0018397	As004G087420	El007G362040
OG0018398	As004G087930	El007G363390
OG0018399	As004G090840	El007G366690
OG0018400	As004G091510	El005G269440
OG0018401	As004G092510	El003G183550
OG0018403	As004G094610	El003G176690
OG0018404	As004G096040	El003G174100
OG0018405	As004G096850	El003G190480
OG0018406	As004G097250	El006G299690, El003G191180, El003G191230
OG0018407	As004G097480	El003G191610
OG0018408	As004G097570	El003G191770
OG0018409	As004G097630	El003G191830
OG0018410	As004G097910	El003G192520
OG0018411	As004G098080	El003G193070
OG0018412	As004G098360	El003G193480
OG0018413	As005G098890, As005G098900	El001G073910
OG0018414	As005G099070	El006G280070
OG0018415	As005G100200	El006G281080
OG0018416	As005G102340	El006G283850
OG0018417	As005G102470	El006G284000
OG0018418	As005G104540	El003G176880
OG0018420	As005G106760	El001G081480
OG0018421	As005G107730	El001G080210
OG0018423	As005G112770	El003G192040
OG0018424	As005G114210	El007G330430
OG0018425	As005G116490	El007G326990
OG0018426	As005G120570	El007G322300
OG0018427	As005G120680	El007G322160
OG0018428	As006G121140	El001G000200
OG0018429	As006G123460	El001G003220
OG0018430	As006G124770	El007G359730
OG0018431	As006G127920	El006G302010
OG0018432	As006G129040	El006G304060
OG0018433	As006G129110	El006G304160
OG0018434	As006G130180	El006G305900
OG0018435	As006G131060	El006G309300
OG0018436	As006G131090	El006G309430
OG0018437	As006G133030	El005G235430
OG0018438	As006G133390	El005G235030
OG0018439	As006G133470	El005G234950
OG0018440	As006G133600	El005G234850, El004G193760
OG0018441	As006G133780	El003G181220, El003G185440
OG0018442	As006G134730	El005G235810
OG0018443	As006G135080	El005G236240
OG0018444	As006G135330	El005G236490
OG0018445	As006G135500	El005G236670
OG0018446	As006G136340	El005G237610
OG0018447	As006G137580	El005G239010
OG0018449	As006G139710	El005G241310
OG0018450	As007G160390	El002G110230
OG0018451	As007G160810	El002G111100
OG0018452	As007G161270	El002G111990
OG0018453	As007G162990	El003G160210
OG0018454	As007G163580	El003G159870
OG0018455	As007G164820	El003G159140
OG0018456	As007G177260	El006G316150
OG0018457	As007G178880	El003G175350
OG0018458	As007G179520	El006G318520
OG0018459	As007G180970	El006G321160
OG0018460	As007G181960	El006G321590
OG0018461	As008G185690	El002G095030
OG0018464	As008G188930	El002G091820
OG0018465	As008G188940	El007G360330
OG0018466	As008G192210	El002G090190
OG0018467	As008G194450	El002G088050
OG0018468	As008G196520	El002G085950
OG0018469	As008G196760	El002G085780
OG0018470	As008G199430	El002G082590
OG0018471	As008G199470	El002G082560
OG0018472	As009G199770	El001G067680
OG0018473	As009G200620	El001G066620
OG0018474	As009G201370	El001G066270
OG0018476	As009G202940	El001G064010
OG0018477	As009G204670	El001G061650
OG0018479	As009G206110	El001G049740
OG0018480	As009G207630	El007G345530
OG0018481	As009G209590	El007G348300
OG0018482	As009G212400	El001G075880
OG0018483	As009G215280	El001G052660
OG0018484	As009G216310, As009G216060, As009G216070	El001G055570
OG0018485	As009G218360	El007G329020
OG0018486	As010G220560	El001G021250
OG0018487	As010G220770	El001G020850
OG0018488	As010G222120	El001G019050
OG0018489	As010G222640	El001G018160
OG0018490	As010G222680	El001G018140
OG0018491	As010G222800	El001G017990
OG0018492	As010G222810	El001G017960
OG0018493	As010G223140	El001G017530
OG0018494	As010G223790	El001G016570
OG0018495	As010G225150	El001G014580
OG0018496	As010G225380, As010G225390	El001G013410
OG0018497	As010G226310	El002G090760
OG0018498	As010G228360	El004G217750
OG0018499	As010G231720	El004G219830
OG0018502	As010G237180	El004G229160
OG0018503	As010G240090	El004G225850
OG0018504	As010G240980	El004G224910
OG0018505	As010G241070	El004G224790
OG0018507	As010G242580	El004G232680
OG0018509	As011G245070	El005G249150
OG0018511	As011G246490	El005G250690
OG0018512	As011G256750	El005G267940
OG0018514	As011G260960	El005G271820
OG0018515	As011G263230	El005G273480
OG0018517	As011G265630, As012G281660	El005G277290
OG0018518	As011G267400	El005G279530
OG0018519	As012G270800	El002G136950
OG0018520	As012G271770	El002G135470
OG0018522	As012G286830	El001G032590
OG0018523	As012G288280	El001G034620
OG0018524	As012G288520	El001G035170
OG0018525	As012G289270	El001G035740
OG0018526	As012G289420	El001G035880
OG0018673	As001G006530	El003G150060
OG0018675	As001G012080	El003G148990, El003G148970
OG0018676	As001G015820	El002G118230
OG0018677	As001G017190	El002G120210
OG0018678	As001G018150	El003G171260
OG0018679	As001G018830	El004G208830
OG0018680	As001G023010	El001G036840
OG0018681	As001G025680	El001G041280
OG0018682	As001G027690	El003G181920
OG0018683	As001G029930	El004G211000
OG0018685	As002G032500	El003G158690
OG0018686	As002G033710	El006G288730
OG0018687	As002G040380	El007G345130
OG0018689	As002G041010	El007G344610
OG0018690	As002G041780	El007G344470
OG0018691	As002G043970	El007G341530
OG0018692	As002G044080	El007G341390
OG0018693	As002G044540	El007G340690
OG0018694	As002G047430	El004G207640, El007G336460
OG0018695	As002G047590	El007G336290
OG0018696	As002G050120	El007G352070
OG0018697	As003G055650	El003G169850
OG0018699	As003G059440	El003G164640
OG0018700	As003G060460	El003G163120
OG0018701	As003G060820	El003G159160
OG0018702	As003G064540	El002G128080
OG0018703	As003G065000	El002G126790
OG0018704	As003G069560	El001G068830
OG0018705	As003G070750	El002G116440
OG0018706	As003G072490	El003G145940
OG0018707	As004G077220	El003G185550
OG0018708	As004G080220	El001G010110
OG0018709	As004G081240	El006G297710
OG0018710	As004G081920	El007G358590
OG0018711	As004G082020	El007G358350
OG0018713	As004G082840	El007G356440
OG0018714	As012G288640	El001G034960
OG0018714	As004G082860	El001G034970
OG0018716	As004G087740	El007G356220, El007G363240
OG0018717	As004G092740	El003G179960
OG0018718	As004G092750	El003G179950
OG0018719	As004G095290	El003G175240
OG0018720	As004G095970	El003G174210
OG0018721	As004G097210	El003G191050
OG0018722	As004G098230	El003G193320
OG0018723	As004G098260	El003G193370
OG0018724	As005G100130	El006G281000
OG0018726	As005G102690	El006G284210
OG0018729	As005G106280	El001G081990
OG0018730	As005G106540	El001G081700
OG0018731	As005G107160	El001G081040
OG0018732	As005G109460	El001G078220
OG0018733	As005G119580	El007G323350
OG0018734	As005G120270	El007G322570
OG0018735	As005G120300	El007G322540
OG0018736	As006G120950	El001G046200
OG0018737	As006G123030	El001G002730
OG0018738	As006G123500	El001G003280
OG0018739	As006G126200	El002G087210, El006G299520
OG0018741	As006G131330	El006G310980
OG0018742	As006G132410	El003G156930
OG0018743	As006G133340	El005G235070
OG0018744	As006G133430	El005G234990
OG0018746	As006G136560	El007G347890
OG0018747	As006G137490	El005G238980
OG0018748	As006G138090	El005G239660
OG0018749	As006G142120	El005G243940
OG0018750	As006G147300	El005G279030
OG0018751	As007G157480	El002G105970, El002G105960
OG0018752	As007G160710	El002G111220
OG0018753	As007G178100	El006G316950
OG0018754	As007G179240	El006G318240
OG0018755	As008G185920	El002G094830
OG0018756	As008G187040	El002G093570
OG0018758	As008G198110	El002G084050
OG0018759	As008G198200	El002G083970
OG0018760	As008G199420	El002G082600
OG0018761	As009G202820	El001G064090
OG0018762	As009G218680	El007G328480
OG0018763	As009G218870	El007G328290
OG0018764	As009G219720	El007G332800
OG0018765	As009G219800	El007G332900
OG0018766	As010G223560	El001G016900
OG0018767	As010G224330	El001G016060
OG0018768	As010G224990	El001G014750
OG0018769	As010G225020	El001G016070, El006G283630
OG0018770	As010G225580	El001G014020
OG0018771	As010G227070	El001G011730
OG0018772	As010G232830	El004G219120
OG0018773	As010G233130	El004G221640
OG0018774	As010G233500	El004G222220, El002G108640
OG0018776	As010G238100	El037G374550, El002G104020
OG0018777	As010G239130	El004G226940
OG0018778	As010G241200	El004G224690
OG0018781	As011G246850	El005G251040
OG0018782	As011G246910	El005G251150
OG0018783	As011G248910	El005G253380
OG0018784	As011G252610	El005G258660, El005G258090
OG0018785	As011G252660	El005G258150
OG0018786	As011G253550	El005G259560
OG0018787	As011G255110	El003G153100, El003G153550
OG0018788	As011G261250	El005G270920
OG0018789	As011G264190	El005G274680
OG0018790	As011G264690	El005G245180
OG0018791	As011G266020	El005G277760
OG0018792	As012G267710	El002G141520
OG0018793	As012G271010	El002G136630
OG0018794	As012G272350	El002G134450
OG0018795	As012G272650	El002G133950
OG0018796	As012G273530	El002G132390
OG0018797	As012G283370	El001G028280
OG0018798	As012G284230	El001G029320
OG0018799	As012G285340	El001G030870
OG0018800	As012G287260, As012G287250	El001G033110
OG0018801	As012G289040	El001G035490
OG0018802	As012G289280	El001G035760
OG0018940	As001G000440	El004G221040
OG0018941	As001G003320	El003G151870
OG0018942	As001G015780	El002G118180
OG0018943	As001G016320	El002G119010
OG0018944	As001G018660	El004G209430
OG0018945	As001G018950	El004G208590
OG0018946	As001G019230	El004G206360
OG0018947	As001G023800	El001G038010
OG0018948	As001G024370	El001G038940
OG0018949	As001G024460	El001G039110
OG0018950	As001G025810	El001G041540
OG0018951	As001G027030	El001G043600, El001G043610
OG0018952	As002G033060	El003G158130
OG0018953	As002G039580	El007G345190
OG0018954	As002G041110	El007G344560
OG0018955	As002G044230	El007G341170
OG0018956	As002G047250	El007G336670
OG0018958	As002G053460	El001G072180
OG0018959	As002G054470	El001G073360
OG0018960	As003G060170, As003G060080	El003G163660
OG0018961	As003G062410	El002G120490
OG0018962	As003G063620	El002G124330
OG0018963	As003G064680	El002G127560
OG0018964	As003G074000	El003G144400
OG0018965	As003G075350	El002G130460, El001G042570
OG0018966	As003G076230	El003G142040
OG0018967	As004G079360	El006G295550
OG0018968	As004G079830	El002G120230
OG0018969	As004G081760	El006G298410
OG0018970	As004G082970	El007G355350
OG0018973	As004G093840	El003G177980
OG0018975	As005G119320	El003G161080
OG0018976	As005G120140	El007G322680
OG0018977	As006G121190	El001G000340
OG0018978	As006G129510	El001G080470, El001G080540
OG0018980	As006G130970	El006G308700
OG0018982	As006G143980	El006G290930
OG0018983	As006G144230	El003G149000
OG0018984	As007G152370	El002G099970
OG0018985	As007G158840	El002G112790
OG0018988	As008G185560	El002G095220
OG0018989	As008G187150	El002G093430
OG0018991	As008G197360	El002G084950
OG0018992	As008G197800	El002G084410
OG0018993	As009G204630	El001G061700
OG0018994	As009G215550	El001G054010
OG0018996	As010G222460	El001G018400
OG0018997	As010G223580	El001G016880
OG0018999	As010G226020	El001G013200
OG0019000	As010G232570	El004G220590
OG0019001	As010G234640	El004G223640
OG0019002	As010G241590	El004G231670
OG0019003	As011G248120	El005G252630
OG0019004	As011G249120	El005G253740
OG0019005	As011G251150	El005G256440
OG0019006	As011G255080	El005G263910
OG0019007	As011G255570	El005G271700
OG0019008	As011G265070	El005G276260
OG0019009	As012G268060	El002G140930
OG0019010	As012G268480	El002G134470
OG0019011	As012G269610	El002G139120
OG0019012	As012G273220	El002G133010
OG0019013	As012G274530	El003G171930
OG0019014	As012G277120	El001G024010
OG0019015	As012G286160	El001G031930
OG0019016	As205G296980, As249G297460, As260G297520, As160G296680, As061G295250, As323G297920, As384G298060	El024G373260
OG0019129	As001G006880	El060G376120
OG0019130	As001G016370	El002G119060
OG0019131	As001G019100	El004G206990
OG0019132	As001G021400	El004G200110
OG0019133	As001G031160	El004G195670
OG0019134	As002G044350	El007G340970
OG0019135	As002G046770	El007G337270
OG0019136	As002G047090	El007G336990
OG0019137	As002G052100	El001G070520
OG0019139	As003G059500	El003G164580
OG0019140	As003G062660	El002G121010
OG0019141	As003G062950	El001G012010
OG0019142	As003G064020	El002G124990
OG0019143	As003G064070	El002G125000
OG0019144	As003G064260	El002G125450
OG0019146	As003G073550	El003G144820
OG0019147	As004G080600	El001G010880
OG0019148	As004G082420	El007G357470
OG0019149	As004G086560	El007G360770
OG0019151	As004G087720	El007G362770
OG0019153	As004G092290	El003G178320
OG0019154	As005G101320	El006G282580
OG0019155	As005G102270	El006G283650
OG0019156	As005G104660	El006G286310
OG0019157	As005G106340	El001G081910
OG0019158	As005G108660	El001G078970
OG0019160	As005G115160	El007G331740
OG0019162	As006G131930	El006G313280
OG0019163	As006G133680	El001G082280
OG0019164	As006G135890	El005G237160
OG0019165	As006G138970	El005G240570
OG0019167	As006G143180	El006G289970
OG0019168	As007G155360	El002G103180
OG0019169	As007G157460	El002G105950
OG0019170	As007G158800	El002G120370
OG0019171	As007G179920	El006G319300
OG0019172	As007G181880	El006G321510
OG0019173	As008G192610	El002G090070
OG0019174	As008G199190	El002G082830
OG0019175	As009G218450	El007G328820
OG0019176	As009G218940, As009G218950	El007G328180
OG0019177	As010G224450, As010G224440	El002G092020
OG0019178	As010G224470, As010G224460	El001G015820
OG0019179	As010G226080	El001G012800
OG0019180	As010G226170	El001G012690
OG0019181	As010G227350	El001G013970
OG0019182	As010G237220	El004G229120
OG0019183	As010G237820	El004G228310
OG0019185	As010G244300	El004G234560
OG0019186	As011G246800	El005G250950
OG0019187	As011G246820	El005G251000
OG0019188	As011G252480	El005G257970
OG0019189	As011G267170	El005G278950
OG0019190	As012G269600	El002G139140
OG0019191	As012G287680	El001G033820
OG0019192	As012G289150	El002G141450
OG0019305	As001G004020	El003G151170
OG0019309	As001G018670	El004G209490
OG0019311	As002G043350	El007G342670
OG0019312	As002G047730	El007G336160
OG0019313	As002G048160, As002G054970, As002G054980	El001G073960
OG0019314	As002G053980	El001G072790
OG0019315	As003G056660	El003G168410
OG0019316	As003G063930	El002G123700
OG0019317	As003G065700	El003G176080
OG0019318	As003G069410, As003G069420	El002G114380
OG0019319	As003G075840	El003G142490
OG0019322	As004G089340	El035G374210
OG0019323	As004G096310	El003G173310
OG0019324	As004G097990	El003G192660
OG0019327	As005G105150	El006G287020
OG0019328	As006G128810	El006G303360
OG0019329	As006G132000	El006G313530
OG0019330	As006G134670	El007G336640
OG0019331	As007G161030	El001G039290, El001G039220
OG0019332	As006G141450	El005G243120
OG0019333	As007G154890	El002G102650
OG0019334	As007G156210	El002G104360
OG0019335	As007G179510	El006G318470
OG0019336	As007G181330, As007G181670	El057G375890, El074G376530, El067G376320
OG0019337	As008G196460	El002G086010
OG0019338	As009G205720	El005G235480
OG0019339	As009G206870	El001G048860
OG0019340	As010G223530	El001G017110
OG0019341	As010G228450	El006G300490
OG0019344	As011G246330	El005G250480
OG0019345	As011G255160, As011G255170	El005G264140
OG0019347	As011G264990	El005G275690
OG0019349	As012G269890	El002G138450
OG0019447	As001G002590	El003G152510
OG0019449	As001G017350	El003G170050
OG0019450	As001G018620	El004G209300
OG0019451	As001G018740	El004G209680
OG0019453	As001G028000	El001G046000
OG0019454	As001G028080	El003G188440
OG0019455	As002G038050	El005G247760
OG0019456	As002G043560	El007G342380, El007G342210
OG0019457	As002G054650	El001G073550
OG0019458	As003G065130	El002G126320
OG0019459	As003G071380, As003G071300	El002G117490
OG0019460	As012G281090, As004G088630	El003G168160, El007G364620
OG0019461	As004G092670	El003G180030
OG0019462	As005G099430	El006G280330
OG0019463	As005G099690	El006G280610
OG0019467	As006G134690	El003G157710
OG0019468	As006G139960	El004G218660
OG0019470	As006G144510	El006G294950
OG0019471	As006G148710	El003G157960
OG0019472	As007G181200, As007G181500	El035G374170
OG0019473	As008G185950	El002G094800
OG0019474	As009G206790	El001G049020
OG0019476	As010G220290	El001G021620
OG0019477	As010G221770	El001G019400
OG0019478	As010G225140	El001G014590
OG0019479	As010G225160	El001G014560
OG0019480	As010G226270	El001G012630
OG0019481	As010G240290	El004G225510, El004G225540
OG0019482	As010G240670	El004G225180
OG0019483	As010G244210	El004G234470
OG0019484	As011G246830	El005G251010
OG0019486	As011G261550	El005G270710
OG0019487	As011G261880	El005G271490
OG0019488	As011G262310	El005G272360
OG0019489	As011G265170	El005G276940
OG0019490	As011G265840	El005G277530, El007G350670
OG0019491	As012G267670	El002G141540
OG0019492	As012G267880	El002G141210, El002G141220
OG0019494	As012G273440	El002G133070
OG0019495	As012G288900	El006G279730
OG0019496	As224G297290	El028G373620
OG0019496	As240G297420	El024G373110, El043G374960, El043G375070, El024G373200
OG0019496	As311G297860	El036G374310
OG0019618	As001G017120	El002G120120
OG0019619	As001G019240	El004G206340
OG0019620	As002G035140	El005G245230
OG0019621	As002G043690	El007G342000
OG0019622	As002G049640	El007G333590
OG0019623	As002G050030	El001G011630
OG0019626	As003G076010	El003G142320
OG0019627	As004G077740	El003G187380, El003G171050
OG0019629	As005G117440	El001G072430
OG0019630	As006G122210	El001G001450
OG0019631	As006G130650	El006G308080
OG0019632	As006G131520	El006G311370
OG0019633	As007G154940	El002G102700
OG0019634	As007G179730	El006G318930
OG0019635	As008G187060	El007G338640
OG0019636	As008G194320	El006G285500
OG0019637	As009G206080, As012G284490	El001G049930
OG0019638	As010G221510	El001G019650
OG0019639	As010G225930	El001G013360
OG0019643	As010G235910	El001G046560, El006G309580
OG0019644	As010G237030	El004G229370
OG0019645	As011G247970	El005G252440
OG0019647	As011G263030	El005G273300
OG0019649	As012G267790	El002G141430
OG0019650	As012G274090	El002G131390
OG0019651	As012G276060	El001G022940
OG0019652	As012G285120	El001G030580
OG0019653	As012G289370	El001G035840
OG0019775	As001G002740	El003G152340
OG0019776	As001G018500	El004G210370
OG0019777	As001G018630	El004G209350
OG0019778	As001G025740	El002G113950
OG0019781	As002G053720	El003G168250
OG0019782	As003G059130	El003G164810
OG0019784	As003G076260	El003G142010
OG0019785	As004G078970	El007G365770, El007G365800
OG0019786	As004G087570	El002G121810
OG0019787	As004G089880, As008G190830	El004G232550
OG0019788	As004G093770	El003G178130
OG0019790	As005G102720, As005G102700	El006G284220
OG0019791	As006G136500	El005G237680
OG0019793	As007G152310	El002G099920
OG0019794	As007G158350	El002G107430
OG0019795	As008G194190	El002G088350
OG0019796	As009G213760, As009G213630	El007G362720, El007G363270
OG0019797	As010G225900	El001G013660
OG0019798	As010G239650	El004G226270
OG0019799	As010G241370	El004G224440
OG0019803	As011G259550	El001G016260
OG0019804	As012G285980	El001G031670
OG0019932	As001G026260	El001G042230
OG0019933	As001G030770	El004G194700
OG0019934	As002G039950	El007G344890
OG0019935	As002G046270	El002G089320
OG0019937	As002G046510	El007G337670
OG0019940	As003G073110	El003G145280
OG0019941	As004G077450	El003G186310
OG0019942	As004G080120	El001G009900
OG0019944	As004G083740	El001G008800
OG0019945	As004G084050	El001G008150
OG0019946	As004G085130	El001G006270
OG0019949	As004G098530	El003G146690
OG0019950	As005G099580	El006G280500
OG0019951	As005G107560	El001G080620
OG0019957	As007G160260	El002G110110
OG0019958	As007G161260	El004G219330, El002G111980
OG0019959	As008G184250, As008G184240	El001G009110
OG0019962	As010G225940	El001G013350
OG0019963	As010G243990	El004G234280
OG0019964	As011G246670, As011G246620, As011G246590	El005G250810
OG0020094	As001G021100	El002G093880
OG0020095	As001G021740	El002G094580
OG0020096	As001G024570, As007G161020	El001G039280, El001G039210
OG0020098	As002G047460	El007G336430, El004G208210
OG0020099	As003G058970	El003G165030
OG0020100	As003G063870	El002G123780
OG0020101	As003G066420	El002G129270
OG0020102	As004G077500	El003G186680
OG0020103	As004G081780	El006G298440
OG0020104	As004G082930	El007G355470
OG0020105	As005G118020, As005G118040, As005G118050, As005G118080, As005G118070	El007G325330
OG0020107	As006G133640	El001G082330
OG0020108	As006G139370	El005G240980
OG0020111	As007G181230, As007G181540	El035G374160
OG0020112	As008G198880	El001G019100
OG0020114	As009G206700	El005G248040
OG0020115	As009G212690	El001G076190
OG0020116	As010G224790	El001G015230
OG0020117	As011G250970	El005G256250
OG0020118	As011G253530	El005G259610
OG0020268	As001G026250, As001G026240	El001G042200, El001G042210
OG0020270	As001G027820	El001G045380
OG0020271	As001G028290	El004G217260
OG0020272	As001G028810	El004G214660
OG0020274	As002G040360, As004G090380	El004G212340, El072G376460
OG0020276	As002G040930	El007G344630
OG0020281	As004G097550	El003G191750
OG0020282	As005G098820	El006G279910
OG0020284	As006G132810	El005G235600
OG0020285	As006G133900	El001G082190
OG0020288	As007G158700	El002G107790
OG0020289	As007G160490	El002G110630
OG0020290	As007G181240, As007G181560	El035G374150
OG0020292	As008G197930	El002G084220
OG0020293	As008G198120	El002G084040
OG0020294	As008G199410	El002G082620
OG0020295	As009G200240, As009G200230	El001G067370
OG0020296	As009G200990	El001G065830
OG0020298	As010G223340	El001G017340
OG0020299	As010G224490	El001G015800
OG0020300	As010G227280	El001G046880
OG0020303	As011G246300	El005G250400, El002G139370, El005G250410
OG0020470	As001G022150	El005G262100, El004G198490
OG0020473	As002G041890	El007G344290
OG0020474	As003G073570	El003G144800
OG0020475	As003G075750	El003G142580
OG0020477	As004G087170	El007G361660, El007G361650
OG0020478	As004G093980	El003G177880, El003G177850
OG0020482	As006G146520, As006G146530, As006G146510, As006G146560, As006G146550, As005G116080, As005G116090, As005G116050, As005G116040	El007G338980
OG0020483	As006G132100	El006G313740
OG0020484	As006G135910	El005G237180
OG0020485	As007G158400	El002G107400, El004G231610
OG0020488	As012G272470	El002G134190
OG0020666	As001G000250	El003G155570
OG0020668	As001G018160	El003G171270
OG0020669	As001G018390	El004G210660
OG0020670	As001G025270	El001G040700
OG0020673	As003G069620	El002G118140
OG0020674	As003G070770	El002G113460
OG0020682	As008G199530	El002G082540
OG0020683	As009G200950	El001G065810
OG0020684	As009G214700	El001G078190, El001G078200
OG0020688	As012G267980	El002G141010
OG0020885	As002G034240	El004G196740
OG0020888	As003G073650, As003G073640	El003G144700, El003G144780
OG0020889	As004G085220	El002G095550
OG0020893	As009G202910	El001G063990
OG0020894	As009G206120	El001G049730, El001G049750
OG0020895	As010G227290	El001G046950, El002G123840
OG0020897	As011G262230	El005G272250
OG0021215	As010G228170, As002G036240, As002G036260, As002G036220	El006G311890
OG0021217	As002G040130	El002G100940
OG0021218	As003G057480	El006G286560
OG0021219	As003G064370	El002G125530
OG0021229	As006G133100	El004G217080
OG0021230	As006G135490	El005G236660
OG0021232	As008G187840	El001G028490
OG0021233	As008G197380	El002G084910
OG0021235	As010G224020	El001G016510
OG0021237	As010G229150	El004G217710
OG0021239	As011G257360	El003G178730, El003G180690
OG0021563	As224G297320, As001G011170	El036G374360
OG0021570	As005G100970	El006G282010
OG0021572	As005G112800	El003G182890
OG0021575	As006G130010	El006G305640
OG0021577	As006G140940	El007G347710
OG0021580	As007G179350, As007G179330	El006G318340
OG0021584	As010G229880	El002G128320
OG0021588	As011G267560	El005G279250
OG0021589	As012G274820	El003G172390
OG0022060	As001G006910	El051G375540
OG0022064	As001G017670	El006G295760
OG0022068	As005G108480	El008G371490
OG0022071	As006G134710	El005G235780
OG0022083	As010G237200	El004G229140
OG0022688	As003G062530	El002G120750
OG0022693	As004G076790	El003G183620
OG0022697	As006G133420	El005G235000
OG0022703	As007G181250	El051G375510, El071G376430
OG0022703	As007G181590	El064G376310, El053G375620
OG0022712	As011G252420	El002G133590
OG0022713	As011G263790	El005G274240
OG0022715	As012G280750	El001G025650
OG0022716	As012G285550	El001G031090
OG0023564	As002G033040	El001G008650
OG0023573	As004G080890	El001G011190
OG0023575	As004G085530	El001G005730
OG0023580	As005G120590	El007G322280
OG0023588	As007G165910	El007G351850
OG0023589	As007G178270	El001G067120
OG0023592	As010G224710	El001G015330
OG0024922	As005G099970	El001G009540
OG0024925	As005G111550	El008G370420, El008G370230
OG0024926	As005G113500	El001G013110
OG0024950	As012G281990	El005G262520, El003G184520
OG0026985	As006G127660	El006G301560
OG0026999	As008G186080	El004G199290
OG0027019	As011G263970	El005G274390
OG0030428	As002G044550	El002G121110
OG0030517	As009G207990	El005G269100
OG0030545	As011G258530	El005G265400
