Orthogroup	Aethionema_saxatile	Cochlearia_excelsa
OG0000000	As006G148660, As007G164610, As002G036700, As010G230770	g33141, g33365, g33163
OG0000000	As001G006630, As006G147610	g53446, g21402, g43378, g33569, g9309, g43377, g33624, g35386, g48663, g21409, g43220, g20888, g26620, g4470, g21492, g48652, g52367, g19951, g32653, g34565, g14368, g48258
OG0000000	As011G257780	g8618, g48844, g29953, g30349, g42202, g45346, g33172, g42917, g5670, g4379, g26806, g26418, g3791, g53423, g17359, g46217, g1846, g24660, g16587, g22593, g42663, g35498
OG0000002	As006G147770, As004G091160	g35474
OG0000002	As006G147780	g46798
OG0000002	As004G091170	g41750, g28791
OG0000003	As008G191470	g33680, g9355, g15407, g21631, g38950, g34586, g21782, g21660, g39023, g15482, g21883, g21100, g15220, g22475, g21086, g11617, g8880, g21791, g21805
OG0000003	As003G066710	g8364, g30181, g15105, g19836
OG0000003	As003G066750	g33901, g33983, g34112, g42538, g25312, g15593
OG0000003	As007G166460	g42395
OG0000003	As012G280070	g8357, g30183, g8315, g48435, g38569, g48098, g21770, g22560
OG0000003	As012G279580	g21054, g49855, g48912, g42470, g38715
OG0000003	As003G066700	g21727
OG0000003	As012G279590	g20618, g30193, g21406, g42425, g33817, g15177
OG0000004	As009G212350	g10434, g43405, g12783, g14416, g3096
OG0000004	As010G231160	g31287
OG0000005	As001G006250	g10582
OG0000005	As012G278720	g14417
OG0000005	As007G177090, As005G111430	g53018, g11716, g40876
OG0000006	As010G228090	g52712, g16483, g596, g51769, g50470, g45886, g4033, g47006, g40546, g42738, g32471, g41913, g42739, g49751, g24749, g9677, g9032, g4218, g35394, g34804, g11663, g32442, g47000, g6208, g23854, g4635, g14489, g35540, g24723, g1457, g1504, g5172, g24823, g23855, g25855, g40547, g43721, g48115, g32111, g42023, g40353, g47960, g40914, g52350, g5266
OG0000008	As009G213820	g25872
OG0000008	As002G039930	g43261
OG0000008	As001G006420	g52586
OG0000010	As012G280540, As003G067340	g43027, g35985
OG0000010	As005G110910	g34294, g16618
OG0000010	As011G258980	g8241, g18650, g26348
OG0000010	As004G091500	g2094
OG0000010	As010G230230	g52910
OG0000010	As010G230410	g43026
OG0000010	As011G260030, As011G260080	g53109, g48054
OG0000010	As002G038660, As004G091490, As006G148670, As002G039770	g30462
OG0000010	As011G259140, As002G039560, As002G039570	g52428
OG0000010	As010G229600	g41484, g8779
OG0000010	As003G066480	g14842
OG0000011	As006G147240	g24724
OG0000011	As007G165830, As002G041210	g42924
OG0000011	As002G042220	g595, g39387, g50471, g45887, g31002, g3488, g4325, g42740, g27504, g48116, g37572, g5173, g42024, g1503, g32112
OG0000012	As007G176710	g15121
OG0000013	As007G165470, As003G067330, As002G039360, As005G111230, As002G039700, As011G257240, As010G228560, As003G066630, As002G039780, As001G012770, As007G167080, As012G280310, As007G176700, As002G039000, As012G279120	g24947, g35918, g53893, g41958
OG0000013	As001G013310	g13558
OG0000014	As007G177950	g43483
OG0000014	As010G230580	g53391
OG0000014	As010G232150, As007G177430, As008G192770	g16697, g10634, g1970, g40835, g10249, g44050, g4521, g17734, g32003, g4816, g28378, g1568, g51668, g10565, g27276, g40834, g40838, g10566
OG0000015	As007G166610	g42099
OG0000015	As007G163280, As004G091800, As011G257210, As008G195330, As004G086610	g53814, g16594, g16764, g14880, g952, g32985, g12170, g24863, g35813, g36776, g26230, g26256, g43592, g5557
OG0000015	As011G257220	g1783, g40287, g27896, g24000, g1778, g40286
OG0000015	As010G225860	g3313, g42908, g24843, g26998, g48095, g12672, g5446, g26670, g41116, g47966, g53567, g15603, g23354, g2748, g31975
OG0000015	As001G010760	g16300
OG0000015	As011G260400	g35814, g36777, g17194, g10206, g42100, g35247, g34265, g40661, g36021, g25817, g53143, g53815, g8558, g14879, g27728, g36346, g32986, g8573
OG0000015	As011G262470	g35684
OG0000017	As003G068220	g4190, g3679, g33003
OG0000017	As009G209200	g3672, g32994, g27829, g41994
OG0000017	As006G147350	g3669, g48346, g48867, g4186, g8266, g18079, g4346, g43594, g39831, g34285
OG0000017	As006G144790, As012G280790	g14557, g17020, g39315
OG0000017	As011G261070, As010G227380	g41997, g33121, g3359, g6214
OG0000019	As009G203070	g36529, g42561, g14492, g51080, g41576
OG0000019	As004G091650	g4839
OG0000019	As010G228470	g43707, g18316, g27825
OG0000019	As001G007070	g24975
OG0000019	As012G281430, As001G013530	g18942, g2713
OG0000019	As001G014580	g16516
OG0000020	As007G165150, As001G010310, As001G015320	g35282, g34309, g41784, g25262, g3253
OG0000020	As009G211210, As012G277620	g7451
OG0000020	As002G039920, As009G211220	g26122
OG0000021	As002G035760, As001G004280	g14063
OG0000021	As001G005040	g34726
OG0000021	As003G071480, As010G232120	g3713, g24107, g3725, g24106, g46643
OG0000023	As004G084560, As004G084580, As004G084570	g25720, g40374
OG0000023	As003G061270	g23907, g24643
OG0000026	As001G006500, As007G166710	g27047
OG0000026	As007G165250	g29188, g6804, g35673, g23908, g6168, g46330, g19145, g15615, g14034, g4585, g1553, g34282, g43477, g2977, g7900, g49409, g28254, g23598, g14578, g6312
OG0000027	As003G071460	g22601
OG0000029	As001G005440	g29817
OG0000029	As004G091740, As005G109110	g4927, g46312, g4324, g3304, g41853, g35534, g53490, g11876, g35797, g48266, g6083, g35531, g12208, g41968
OG0000029	As009G211080	g31822, g37851
OG0000029	As004G091750, As003G064310	g95
OG0000029	As008G192170	g1672
OG0000030	As011G260570, As011G260600, As010G228030, As011G258250	g6306, g40103, g6175, g48553, g8527, g41465, g35926
OG0000030	As001G013020	g6307, g53556
OG0000031	As001G032000	g40889
OG0000031	As009G202600	g5030
OG0000031	As006G134510	g13269, g17118
OG0000033	As003G061230, As003G061200, As003G061190, As003G061240	g23911
OG0000033	As003G059410, As003G059430, As003G059400	g50699, g24014
OG0000033	As003G061210, As003G061160	g23905, g23912
OG0000033	As004G086230	g40468
OG0000034	As011G258840	g15120
OG0000036	As012G279790, As002G038510, As005G109970, As010G231320, As003G065720, As012G280900	g23185, g33000
OG0000037	As009G206430	g1250, g13609
OG0000043	As010G232350	g36350
OG0000043	As011G260020	g48023, g20877, g16667, g2616
OG0000043	As001G006710	g12079, g11527, g13738, g8754, g48037, g48014, g42036
OG0000043	As010G230440, As005G110900	g53889, g53885, g42037
OG0000044	As011G256610, As008G193400, As002G039990, As001G010200, As007G166870, As011G258960, As005G108690, As002G051140, As011G259700, As009G206660, As011G259030, As002G039110	g36166, g25959
OG0000048	As001G017720, As001G017740, As001G017730, As001G017710	g4946, g4940, g29028, g29029, g4944, g4945
OG0000049	As007G177650, As001G000050	g46801
OG0000049	As002G044530	g22934, g376, g47861, g44112, g6602, g36505, g12095, g19466, g919, g7174, g3137, g27324, g24163, g1087, g46399, g46729, g50524, g28511, g54100, g47181, g829, g46775, g28413, g14428, g45388, g13757, g29231, g6871, g32168, g24458, g6376, g43896, g4749, g12068, g44857, g3861, g36846, g23483, g47037, g18721, g11656, g27986, g5166, g50226, g12226, g46640, g41551, g45877, g11828, g49352, g32343
OG0000054	As007G163400	g43259, g25259, g25261, g33494, g3251, g25071, g36457, g12619, g25266, g43262, g33492, g3255, g20304, g43263, g25276, g4234, g41821, g35341, g4130
OG0000059	As001G005030	g6571
OG0000059	As006G146480	g43343
OG0000065	As012G279710, As011G259230, As001G009860, As007G166350, As007G166440, As012G279700, As012G279680, As012G279690, As012G279630, As012G279670, As006G149040, As012G279650, As012G279560	g43174, g26242, g26207
OG0000066	As010G237910, As002G052230, As003G074640, As003G074650	g5393
OG0000066	As002G052910	g45536, g49660, g31166, g45535, g29501, g9719, g5416
OG0000066	As005G118450	g156
OG0000067	As011G256020	g25385, g25390, g25381, g27956, g9895, g5011
OG0000070	As011G259870	g33102, g43981, g14572
OG0000070	As004G090970, As006G149230, As011G259300	g15856, g15924, g26036
OG0000070	As010G229730	g3657
OG0000070	As004G090980, As011G257970	g26415
OG0000078	As004G095030	g46791, g24881
OG0000079	As012G285110	g2000, g18915
OG0000082	As012G278670	g54167, g10536, g16647
OG0000082	As011G260840	g17872, g19303
OG0000083	As006G138550	g46885, g12860, g7705
OG0000085	As001G000080	g50685, g15804
OG0000087	As010G222260	g9991
OG0000087	As002G051000	g5316
OG0000087	As004G086530	g40485, g11055
OG0000087	As003G058850	g17371, g24042
OG0000087	As010G237710	g46232
OG0000088	As010G225400, As010G225450, As010G225490, As010G225520, As010G223920	g11453, g19510, g40516, g11030, g46886
OG0000089	As002G053510	g5448, g29544
OG0000089	As011G250900	g13323, g11989
OG0000090	As003G065330	g46242, g44417
OG0000090	As012G273080	g10675
OG0000093	As012G284680, As012G284700, As012G284660	g2360
OG0000096	As002G036580, As001G019400, As001G019410, As001G019450	g1538, g1535
OG0000096	As004G087370, As004G087300, As004G087270, As004G087380, As004G087360	g18473
OG0000097	As004G086430, As004G086420, As004G086450, As004G086440	g45186, g45201
OG0000098	As008G184800, As008G185150, As008G185550, As008G185540, As008G184910, As008G186330	g49817
OG0000102	As010G228120	g2701, g43502, g42120, g25862
OG0000102	As002G042100	g36431, g4524, g53004, g12636, g24835, g4478, g40702, g34414
OG0000104	As012G271240, As012G271230	g54236
OG0000104	As012G271190, As012G271200	g18497, g54244, g54237, g54238
OG0000104	As006G129190	g37858, g51117, g51119
OG0000107	As011G252300, As011G252330, As011G252210, As011G252280, As011G252200, As011G252220	g6757
OG0000107	As011G252340	g13346, g17783, g17676, g17802, g13363, g6693
OG0000108	As007G178740, As007G178690, As007G178710, As007G178650, As007G179450, As007G178680, As007G178630, As007G178700, As007G178760, As007G178720, As006G126350	g11756, g41770, g25316, g5925, g50857, g50863, g5924
OG0000114	As006G137050, As006G137080	g17433, g4924, g18420
OG0000117	As002G041560	g4175, g24845
OG0000118	As006G122720, As006G121860, As006G121720, As006G121830, As006G121700, As008G188770	g14347, g14348, g14394, g45220, g45247
OG0000123	As008G183750	g17137
OG0000123	As008G183720	g25909, g25905, g25906, g25904, g25912
OG0000125	As005G113770	g41348
OG0000125	As005G114700, As010G224880, As010G224830	g2919, g1294, g28781
OG0000125	As006G129500	g39998
OG0000127	As008G186430, As008G186390, As008G185640	g49766
OG0000130	As005G110830	g34628
OG0000130	As002G040800	g26208, g43583
OG0000133	As004G090110	g19947
OG0000133	As010G227760, As002G038290	g43640, g35382, g42719
OG0000133	As007G165020	g43495
OG0000133	As007G167120, As007G166850, As004G092840, As011G261830	g43464, g33594, g43872, g14817, g4106, g26152, g26059, g19681, g53756, g14659, g35132, g35623, g52434
OG0000136	As005G116580, As005G116570	g43995, g46769, g46768, g46770
OG0000138	As004G077560, As004G078140	g47540, g51162
OG0000138	As004G084820, As010G224060	g46708
OG0000138	As001G027950, As001G027940, As007G161530	g10340
OG0000139	As001G010560	g15900, g14666, g15914
OG0000140	As005G115280, As005G115270, As005G115260, As005G115240, As008G190370	g1248, g28714, g1225, g1252, g28702, g28701
OG0000143	As007G177750	g43612, g53735, g1831
OG0000145	As004G091580	g27099, g45420, g46953
OG0000145	As004G089820	g1501
OG0000145	As003G069750	g45298
OG0000147	As011G265720	g5985, g13932
OG0000147	As001G002190	g23426
OG0000147	As002G049060	g1105
OG0000147	As010G243490	g46563
OG0000147	As010G227330	g11547
OG0000147	As011G259420	g17885, g6339
OG0000149	As010G224590	g2887
OG0000149	As010G224610	g1676, g28755, g28754, g1282, g54232, g17375, g1278, g2888
OG0000150	As010G225180, As010G225220, As010G225210	g11441, g11440
OG0000151	As007G166070	g17072
OG0000151	As006G141980	g7540
OG0000151	As011G263600	g14078
OG0000151	As002G047900	g28546
OG0000154	As007G152520	g27332
OG0000154	As009G210670	g12277
OG0000154	As002G034300	g7492
OG0000154	As005G107550	g54073, g45315, g5784
OG0000155	As003G059350	g23645, g17338, g42046, g47372, g45159
OG0000161	As001G013550, As001G029600, As001G029610	g392, g9880, g24551, g24552, g24222, g24219, g45103, g45101
OG0000162	As012G286440	g1914
OG0000164	As011G264140, As011G262780	g23474
OG0000165	As011G245360	g11180, g53396, g31934, g52929, g53395, g43054, g10670, g12347
OG0000165	As001G011340, As001G010810, As001G010990, As012G282150	g43341, g44494, g3418, g37113, g36035, g37408, g41606, g13909
OG0000166	As010G228020	g32988, g18507, g12785, g438, g473, g49225, g30202, g30203, g20814
OG0000167	As003G057890	g17407, g24121
OG0000168	As008G194570	g43389
OG0000168	As010G230090	g43053, g25582, g6463
OG0000171	As007G159620, As001G020870	g5177
OG0000171	As004G097180	g50297, g32098, g27548
OG0000171	As003G073770	g44698
OG0000171	As009G200410	g29297
OG0000178	As001G013240	g54041, g13306, g2114, g43527, g43534, g43530, g38190
OG0000184	As004G089570	g35558, g35553, g3065, g43650, g15959, g53597, g36626, g53120, g22863, g17905, g44091, g17915, g2401, g5948, g51641, g10990, g27914, g52236, g53121, g53878, g53859, g35463, g48936, g32701, g50735, g44198, g25628, g25240, g11530, g35054, g44991
OG0000187	As001G003940	g35037
OG0000190	As004G085680	g40442, g45169, g45158, g45173
OG0000192	As007G157190	g50732, g27488
OG0000195	As005G112850	g28899, g761
OG0000195	As001G028840	g18117
OG0000204	As011G254640, As011G254620, As011G254600, As011G254610, As011G254630, As011G254590	g11805
OG0000206	As003G068620	g27139, g38106, g44429
OG0000206	As001G006580	g37022
OG0000207	As003G061070	g4045, g4046
OG0000208	As003G075200, As003G075180, As003G075210, As003G060140	g19610
OG0000208	As003G075160	g1632
OG0000213	As002G038840	g28220, g50932, g50935, g50928, g50931, g38464
OG0000215	As011G258310	g16651, g46380, g31873, g44183, g31839
OG0000217	As001G019850	g31539, g1718, g44052
OG0000218	As001G022650	g31564, g49926, g25893, g10793
OG0000219	As001G028500, As001G028480	g13335, g45479, g28368
OG0000219	As003G064990	g311
OG0000221	As002G040520	g52806
OG0000224	As010G235950, As010G235920, As010G235890, As010G235940, As010G235900, As010G235880	g46370
OG0000224	As001G031540	g40852
OG0000225	As003G069680, As003G070050	g27682
OG0000228	As007G159250	g32057
OG0000228	As010G233770, As011G262150, As010G233790, As010G233800	g44676, g44668, g44669, g44677
OG0000231	As004G077900	g46733
OG0000231	As001G028220	g18039
OG0000233	As005G111800	g53703
OG0000233	As005G111810	g53710
OG0000234	As012G281460	g19128
OG0000234	As006G143800	g2235, g51765
OG0000234	As009G210340	g29346
OG0000237	As010G229740	g33179, g33208
OG0000237	As008G190240, As008G190220, As008G190230, As003G067900, As006G149240	g26037
OG0000237	As011G257810	g52606, g16443
OG0000238	As008G190870	g48923, g31881
OG0000242	As008G183340, As008G183330	g14258, g14272, g6162, g31494, g27257, g49902, g31496, g31497, g31498, g31499
OG0000244	As003G059930, As004G085820, As004G085870, As003G059920, As003G059880, As003G059910, As003G059890, As003G059900, As004G085860, As004G085850	g17320
OG0000246	As012G280010	g6324
OG0000248	As001G019970, As001G019960, As001G019950, As001G019930, As001G019460, As001G019420	g41086, g41090, g41083
OG0000249	As012G276740	g43114
OG0000249	As006G145310	g51603
OG0000249	As006G145330, As008G193990, As006G145350, As006G145320	g37185, g43113, g43105, g51605
OG0000253	As003G066460	g15865, g14571, g24991, g33178
OG0000256	As006G142420	g50554
OG0000256	As006G142430	g50556
OG0000257	As002G035710, As012G268510	g22762, g48005
OG0000258	As002G048970	g39309
OG0000264	As004G086270, As010G229170	g25493
OG0000268	As001G023230	g1514
OG0000268	As005G106920	g45297
OG0000268	As012G278370	g19165
OG0000270	As003G075960	g23060, g18216, g18323
OG0000271	As004G086280	g25541
OG0000272	As003G064910	g6807
OG0000272	As006G146450	g54012, g11179
OG0000274	As005G114920	g28758
OG0000274	As006G128840, As006G128830	g39974
OG0000276	As011G256110	g17712, g53651
OG0000276	As007G163350, As007G163430	g17631
OG0000277	As004G096710	g47115
OG0000277	As004G096720	g47117
OG0000279	As001G004840, As010G237280	g53522
OG0000279	As007G165600	g53521
OG0000279	As007G178830	g52217, g11045, g757, g47019, g545, g29414, g50555, g22903, g26848, g30825, g17765, g50710
OG0000280	As004G093300	g35653, g17706, g14479, g49085
OG0000280	As002G035770	g6911, g3091, g34941, g53473, g49339, g12351, g14062, g11985
OG0000282	As002G055220	g45483
OG0000283	As006G125160, As006G125170, As006G125120, As006G125130	g11114, g11113, g39732
OG0000284	As006G139300	g10112
OG0000284	As006G139290	g12521
OG0000291	As008G188960	g34805, g52646, g35477, g52325, g16568, g3759, g25120, g34564, g54048, g7965, g35842, g42625, g43848, g39202, g11597, g52455, g53119, g43960, g15668, g42588, g45080, g15851, g48989, g21527, g25305, g52933, g22068, g42482, g3695, g21935, g49081, g35278, g6425, g43604, g16043, g43632, g43447, g15497, g42794, g22549, g43019, g33226, g42496, g49090, g34886, g25980, g20769, g22618, g34538, g8938, g48008, g43302, g26502, g30154, g48997, g8012, g33661, g9169, g26368, g25961, g48062, g33098, g43399, g42918, g16754, g44245
OG0000294	As011G249490	g6947
OG0000294	As006G122700	g39522, g25429
OG0000294	As008G198060	g26892
OG0000295	As011G246810	g12173, g12193, g12167, g12172
OG0000297	As005G114280	g41326
OG0000299	As010G241870, As010G241880	g53411, g29745
OG0000299	As004G094650, As004G094810, As004G094790, As004G094750, As004G094730, As004G094760, As004G094670, As004G094660, As004G094800	g6206, g50959, g27806
OG0000299	As010G241860, As009G207860	g29744, g53412
OG0000300	As008G194750	g13574, g6349
OG0000303	As003G069740	g14940, g20406, g21339, g26299
OG0000307	As010G227530	g21465, g35885, g35379, g15458
OG0000308	As010G240850, As010G240840, As010G240940, As010G240920	g44591
OG0000310	As005G115910, As001G004860, As001G003850, As005G113880	g19547, g28753
OG0000311	As009G202530	g45737
OG0000311	As012G273730	g36325
OG0000311	As011G249880	g6918, g13293
OG0000311	As004G077290	g46788
OG0000311	As001G029000	g45009
OG0000312	As002G039610	g11348, g13763, g25651, g13342, g5819, g24623, g26314, g5671, g53558, g42177, g3059, g53788, g6280, g11346, g26744, g3332, g4910, g27925, g10009, g53557, g13693, g36821, g40534, g641, g43795, g43779, g1912, g52173, g18350, g4001, g3947, g42789, g46412, g19088, g12441, g11349, g5820, g46271, g13762, g25589, g1910, g24624, g17498, g39373, g16274, g53559, g43778, g42139, g25650, g40665, g640, g18533, g16422, g27342, g28654, g3060, g32480, g40533, g18532, g1911, g25641, g13692, g36424, g10008, g16770, g5672, g27926, g26743, g39996, g13341, g19089, g12440, g46445, g22876, g10749, g27038, g53377, g35855, g10616, g10691, g16713, g27037, g27216, g46411, g44013, g3944, g35900, g7197, g23887, g24954, g24755, g17641, g46410, g41520, g42751, g16209, g47924, g39870, g12807, g10854, g23886, g41519, g23232, g27041, g49023, g6474, g1096, g17860, g23869, g47922, g46907, g14374, g51767, g36589, g17158, g17876, g6303, g25718, g51864, g17580, g36426, g5673, g27343, g26782, g16777, g42750, g25027, g44222, g39654, g18519, g38119, g6343, g24708, g53450, g17211, g35898
OG0000313	As003G058420	g24067
OG0000313	As007G163450, As007G163440	g17626
OG0000314	As008G195840	g26947, g49462
OG0000314	As006G125760	g51309, g30904
OG0000315	As006G137990, As006G137760	g16098
OG0000316	As008G187440, As008G187910	g37360, g37362, g37913, g17870
OG0000319	As006G129730, As005G114310, As008G191530	g28817, g849, g41323, g31094, g49601, g27017
OG0000321	As001G010170	g32189, g14307, g38273, g38276, g46827, g46812, g46809
OG0000322	As009G214030	g46450
OG0000322	As001G014750	g32324
OG0000322	As007G153590	g50458, g51878, g53520
OG0000328	As001G029880	g24521, g24516, g24520
OG0000328	As004G078040, As004G078080, As004G078060, As004G078050, As004G078070	g53328, g37787, g37784, g53311, g53348, g53326, g53330, g46723
OG0000332	As002G033230	g28972, g41419, g666
OG0000332	As011G251780, As012G272450	g54159
OG0000334	As012G277630	g2329
OG0000334	As006G146780	g37230, g16596, g44023
OG0000338	As008G188190, As008G188080, As001G019490, As001G019290	g31209, g27091, g31190, g27095
OG0000339	As005G101130, As012G287430	g52289
OG0000340	As005G103820	g38215
OG0000347	As002G037650	g36126
OG0000348	As002G040050	g18434, g24671, g43329, g4284, g43830, g53724
OG0000350	As003G070220, As003G070200	g32411
OG0000351	As011G246600	g45239
OG0000351	As009G207810, As011G246650	g45238
OG0000352	As007G153380	g31677
OG0000358	As006G124930, As008G196330	g49447, g30863, g26927
OG0000358	As008G196390	g29557, g39719, g45514
OG0000360	As005G119730	g9657, g9656, g9658
OG0000362	As009G205230	g43847
OG0000362	As007G152630	g27336
OG0000368	As003G073560, As003G073580	g22842, g16342
OG0000368	As003G073600, As003G073590	g47982, g47983
OG0000370	As007G153440	g23768, g47536
OG0000371	As005G099710, As005G099720	g7650, g11474, g36060, g3821
OG0000374	As012G273470, As012G273550	g36851, g36855, g36853, g36852, g36854, g54187
OG0000378	As003G067400	g35564, g48279, g42661, g26000, g26728, g3460, g53194, g14340, g35740, g25090, g26814, g49158, g24703, g25124, g34269, g53637, g42660, g42669, g24668, g35251, g4719, g26729, g25031, g48278, g22260, g42670, g42662, g24704, g25123, g34270, g11473, g26727, g19614, g22259, g4718, g35252, g25030, g24614, g4053
OG0000382	As006G122900	g25452, g39537, g49381
OG0000382	As008G188710	g31165
OG0000383	As003G069230	g32362, g32361, g27666
OG0000383	As003G069340, As003G069370, As003G069310, As003G069390, As003G069380	g50490
OG0000386	As001G025230, As001G025220, As011G256850	g10579
OG0000389	As001G003830	g1975
OG0000390	As011G251840	g6787, g13288
OG0000392	As010G221170	g2587
OG0000392	As010G221200, As010G221190, As010G221180	g11310, g11364
OG0000396	As001G026970	g10425
OG0000396	As001G026990, As001G027000, As001G027010	g4323
OG0000397	As003G066740	g20590, g34124, g21030, g9234, g19833, g34190, g21321, g33688, g50770, g21973, g9391, g19874, g39138, g20712, g30574, g26401, g38577, g42624, g20281, g30127, g42694, g26524, g10758, g20952, g22037, g25154, g34098, g38601, g39198, g42403, g34049, g20710, g34058, g33922, g34076, g37456, g5164, g34189, g38912, g8298, g49265, g33592, g8006, g52667, g2229, g47146, g9390, g20268, g16006, g21974, g8836, g20779, g8409, g8534, g30564, g5163, g42428, g21936, g20641, g38849, g20778, g20547, g8327, g38740, g22060, g21946, g9188, g34016, g8291, g34026, g34151, g34055, g22122, g20764, g34089, g20744, g20624, g49007, g20736, g30077, g21031, g39207, g21728, g33972, g21886, g33869, g21932, g22071, g38882, g34075, g37455, g27384, g34048
OG0000398	As012G268810	g27985, g54333
OG0000402	As001G032230, As003G065580, As005G099570, As012G279030, As011G256760, As002G038770, As002G036320, As008G185740, As009G212360, As007G178600, As002G037860, As007G176730, As007G176740, As007G176750, As005G112780, As012G277040, As008G191550, As009G207420, As009G210350	g478, g43406, g12782, g14418
OG0000402	As010G227030, As011G257290	g477
OG0000403	As001G020780, As001G020790	g44123
OG0000404	As012G276100	g51571
OG0000405	As002G037720	g46887, g32218, g47022, g36151, g40695, g39186, g52351, g46888
OG0000405	As004G089460	g13499
OG0000405	As004G093310, As004G097610	g7156, g4021
OG0000406	As006G136090	g5012, g5008, g12661
OG0000409	As001G002920	g23783
OG0000410	As001G021670, As001G021680	g1733, g24568, g44176
OG0000411	As011G261620	g13575
OG0000411	As003G060010	g23976, g17311
OG0000412	As002G046400	g28489
OG0000412	As006G132500	g47623
OG0000412	As012G271680	g36484
OG0000413	As002G048240	g12238
OG0000414	As003G058750, As003G058770, As003G058760	g27592, g50367, g24049, g47348
OG0000415	As005G104640	g4813, g4802
OG0000416	As006G125710	g37911
OG0000416	As006G127220, As008G194210	g49506, g50636
OG0000417	As007G163710, As008G186410	g6467
OG0000420	As010G222670	g23784
OG0000420	As001G015280	g13846
OG0000421	As004G078160, As004G078150	g46706, g53730, g46707
OG0000422	As008G188280, As008G188290, As008G188300	g49629, g49628, g27082, g27081
OG0000423	As010G241040	g12212
OG0000423	As012G269020, As011G245910	g27989, g54339
OG0000429	As009G215310	g598
OG0000429	As002G052030	g45564, g29450
OG0000429	As001G004910	g23276, g47815
OG0000430	As011G263500	g6127
OG0000431	As001G019780	g41054, g44045
OG0000431	As008G187750	g27100, g31232
OG0000432	As002G044400	g39358
OG0000432	As006G134280	g47588, g17129, g23688
OG0000433	As003G075340	g16614
OG0000433	As003G075370, As003G075380, As003G075360, As003G075330, As003G075320, As003G075390, As011G250230, As008G187390, As008G187380, As008G187400	g44024, g44018
OG0000435	As001G004050, As006G138290	g46992, g26157, g46989
OG0000436	As011G266430, As002G048360	g39339, g1080, g28563
OG0000437	As003G062850	g32687
OG0000438	As004G085300	g40411
OG0000439	As008G194170	g49529
OG0000439	As012G285510	g2023
OG0000439	As006G127290	g51246
OG0000440	As006G136440	g12773
OG0000441	As011G248660	g12084, g12086, g12087, g12083
OG0000446	As009G219000	g353, g9852
OG0000446	As008G183010	g27266
OG0000447	As011G247170	g12153, g7121, g13231
OG0000447	As003G069220	g50489, g32357
OG0000448	As004G089550	g10910, g40670, g10911
OG0000449	As010G224860	g19571
OG0000449	As005G114720	g1293, g28780, g41309
OG0000449	As010G224870	g19572
OG0000449	As005G114730	g41304
OG0000452	As001G002300, As001G002310	g47740
OG0000453	As002G033360	g54231, g33385
OG0000454	As002G044440, As002G044430, As002G043530, As002G043510, As002G043520	g890
OG0000457	As008G198890, As008G198870, As008G198860	g28417, g28418
OG0000459	As003G058960	g24037, g24036, g47359
OG0000461	As008G199680	g30720, g1438
OG0000462	As009G214710	g36218, g36226, g36221, g6231
OG0000463	As010G224360, As010G224370	g11422, g2833, g11421
OG0000466	As002G032990, As003G058720, As003G058680, As007G181090, As007G181100, As007G181730, As007G181390, As002G038080, As009G205530, As002G045940, As002G033580, As002G036910, As002G036900, As002G036920, As009G205540, As009G206460, As009G202280, As009G202290, As002G033670	g12390
OG0000468	As012G280020	g19139, g11288
OG0000468	As006G144160	g37303
OG0000471	As003G069540, As003G069550	g27672, g50496, g32378
OG0000472	As004G097070, As004G097040, As004G097060, As004G097030, As004G097050	g46683, g46681
OG0000472	As004G097020	g18100
OG0000481	As001G021880	g40945
OG0000483	As002G047220	g39375
OG0000484	As009G203850	g29022
OG0000487	As006G137570, As008G196100, As006G129680, As006G125350	g12606, g30872, g12810, g7774, g7765
OG0000497	As009G210870, As009G211010	g11659, g23500
OG0000497	As010G233080, As007G164590, As007G163820, As007G164600	g35860, g43698
OG0000497	As002G040610	g53738
OG0000498	As002G045150	g28420, g918
OG0000499	As003G056720	g24192
OG0000499	As011G246530	g13215, g12179
OG0000501	As010G232220	g27874, g32899
OG0000504	As006G143860	g37317
OG0000504	As002G037010, As002G034340	g13045, g12397, g7487
OG0000505	As009G215510	g10041, g580, g10042
OG0000506	As010G234690	g29695, g13576
OG0000509	As001G017890	g24334, g24335
OG0000510	As001G020890, As001G020900	g44132, g41019, g41018, g44133
OG0000511	As001G032060	g40900
OG0000512	As003G061390	g17267, g23904, g24586, g23899, g23901, g23902
OG0000513	As006G146210	g19186
OG0000513	As005G114770	g2921
OG0000514	As011G252640, As011G252630	g6742
OG0000515	As012G267810	g54384
OG0000520	As002G050660, As002G050220, As012G287100	g52272
OG0000521	As003G063570	g32883, g27873
OG0000521	As004G080410	g40242
OG0000521	As010G235150	g46440
OG0000522	As004G083810	g50671, g32646, g50679, g40318
OG0000523	As012G287730	g1820, g1822
OG0000524	As006G141600, As006G141560, As006G141590	g12430
OG0000525	As010G241940	g46461
OG0000525	As007G153430	g27359
OG0000525	As012G269710	g36635
OG0000526	As010G223400	g2744
OG0000526	As010G223440	g19502
OG0000530	As009G203010, As009G203020, As009G203100, As009G203060, As009G202740	g29147, g29150, g29148
OG0000535	As001G023320	g40981
OG0000535	As001G023310	g1517
OG0000536	As010G228630, As004G090520	g3462
OG0000537	As006G124070	g45190
OG0000537	As004G093070	g26286, g46950
OG0000537	As006G141200	g7589, g12972
OG0000538	As005G103710, As005G103700	g37511, g52123, g51516
OG0000539	As005G120910	g8
OG0000540	As006G128870, As006G128860, As006G128850	g51164, g37885, g51161, g51163
OG0000541	As006G128960, As006G128940	g51136
OG0000542	As009G202020	g5064, g45719
OG0000544	As008G195020, As008G195030, As008G195070, As008G195140, As008G195120	g30920, g30919
OG0000545	As010G238530	g44484
OG0000546	As011G264020, As011G264080, As011G264050, As011G264010, As011G264090, As011G264000, As011G264100, As011G263960, As011G264110, As011G263990, As011G264030, As011G264060, As011G263920, As011G264120, As011G263950, As011G263980	g6101
OG0000550	As006G144690	g19237, g11324
OG0000551	As005G117770	g9748, g206
OG0000551	As002G053470	g5442
OG0000552	As012G288190, As005G099880, As007G159560, As003G061630	g2664, g24348, g37712, g50813
OG0000553	As003G063010	g50718
OG0000553	As003G063020, As003G063040	g32710
OG0000553	As003G063070, As003G063050	g32707
OG0000554	As007G157590	g40964
OG0000554	As003G065060, As004G082630	g28219, g36991
OG0000555	As003G067180	g25667
OG0000557	As012G286190	g1926, g18838
OG0000557	As005G102360	g1927
OG0000559	As005G107810	g5764, g45334, g11485, g24218
OG0000560	As005G115530	g28744, g39227
OG0000560	As008G196260, As008G196230	g30866
OG0000561	As005G118160	g9727, g186, g185
OG0000562	As006G139230	g12524, g12903
OG0000562	As009G200380	g29300, g5178
OG0000562	As009G205610	g4833
OG0000563	As007G152350	g2642
OG0000564	As007G177230	g54035, g54031
OG0000565	As010G233050	g18012
OG0000566	As011G250840	g41560
OG0000567	As012G274310	g13274
OG0000570	As006G135060	g7906
OG0000570	As009G217810	g9919
OG0000571	As005G113940	g830
OG0000571	As008G191230	g31103, g31105
OG0000572	As010G240060	g45954, g44613
OG0000572	As010G240020, As010G240030, As010G240050, As010G240010	g17535
OG0000578	As008G187240	g31250
OG0000578	As001G020350	g44098
OG0000579	As002G044410	g887, g41228, g28384
OG0000579	As004G098040	g23738
OG0000582	As005G113410	g797
OG0000582	As006G130460	g40099
OG0000583	As006G127330	g39847
OG0000584	As006G124400	g26911, g11067
OG0000584	As001G000400	g17039, g23547
OG0000585	As012G275350	g32425, g51449, g37082, g7149
OG0000586	As004G082960	g18462
OG0000587	As006G122410	g45222
OG0000587	As005G100170	g50800
OG0000588	As011G247080	g12159
OG0000588	As005G104750	g51276, g52074
OG0000588	As012G269820	g54285
OG0000589	As005G114800	g1289, g41302
OG0000589	As010G224800	g2922
OG0000590	As006G138710	g7700, g53288
OG0000590	As008G197660	g12549
OG0000592	As011G250170	g6901
OG0000592	As010G239910, As007G154690	g50029, g27399, g31749
OG0000593	As008G192880, As010G241820, As010G241840	g25928
OG0000594	As010G222860	g41553, g11391
OG0000595	As010G226120, As010G226090	g19604
OG0000595	As010G226140	g19605
OG0000596	As010G227450	g39380
OG0000600	As001G001180	g17007, g23476
OG0000600	As011G266450	g13897
OG0000601	As009G201050, As006G135040	g5112, g45694, g7907
OG0000601	As001G027850	g16898
OG0000602	As012G276820	g19206
OG0000602	As002G034860	g12391, g7465, g13062
OG0000604	As005G099260	g11148, g37743
OG0000605	As010G239470	g44550
OG0000605	As010G239480	g46113
OG0000606	As012G270700	g54263, g36563
OG0000607	As011G251140	g6843
OG0000613	As006G135470	g12753
OG0000613	As006G132250	g46730
OG0000613	As002G045780	g932, g18086
OG0000615	As003G072430	g47953, g22949, g18248
OG0000616	As012G277180	g37198, g19196
OG0000617	As006G121910	g39480
OG0000618	As010G241950	g46462
OG0000618	As006G132210	g49988, g23624
OG0000619	As006G145810, As006G145800	g38064
OG0000619	As012G277130	g19197, g2358
OG0000620	As010G239430, As007G154950	g27410, g50047, g31787, g44549, g46124
OG0000626	As001G031250	g44259
OG0000627	As006G134640	g23678, g47594
OG0000628	As003G064150, As011G250810	g11992, g13318
OG0000629	As010G229270, As010G229250, As004G090580, As003G067260, As007G166860	g19953, g20499, g52982, g10332, g33223, g34035, g35383, g4108, g45112, g4096, g43641, g34576, g33128, g42643, g24439, g34082, g19927, g25889, g35773, g42718, g21396, g42022, g16172, g34754, g16276, g52450, g34757, g33354, g42959, g21454, g48069, g15351, g9243, g52520, g43642, g34769, g52449, g35367, g21240, g24691, g42325, g34038, g34573, g34755, g35785, g48337, g8828, g33585, g42322, g35795, g3403, g42249, g34085, g48070, g4068, g22188, g19922, g30248, g21519, g48068, g48067, g21535, g48047, g30392, g21520, g30393
OG0000630	As004G077630, As004G077620, As004G077610	g31077
OG0000631	As012G277780	g13616, g18068, g53847, g43154, g43139, g9322, g43155, g13701
OG0000631	As005G118000, As011G255910, As004G089180	g52818
OG0000633	As005G110870	g9749
OG0000634	As005G115030, As005G115050, As005G115070, As005G115040, As005G115020, As005G115010	g50687, g39240
OG0000635	As006G128210	g51197, g37897, g39933
OG0000635	As006G127130	g51257, g39835
OG0000636	As009G212850	g45438, g29704
OG0000645	As001G004340	g16321, g17740
OG0000646	As001G027670	g10368
OG0000646	As006G134940	g12697
OG0000648	As012G288670, As012G288660, As002G053310, As005G099090, As012G288650	g18725, g18726, g18727, g18724, g24725
OG0000649	As003G066660	g53982
OG0000649	As010G237340	g46253
OG0000652	As009G217160	g484, g485, g9960
OG0000658	As009G206090, As012G277750, As001G026410	g10133, g4789
OG0000660	As008G192800	g27009
OG0000660	As010G224220	g2820, g11418
OG0000660	As005G115310	g39246
OG0000661	As010G223120, As006G127120, As006G127080	g51258, g51261, g39834
OG0000662	As009G201630	g5081
OG0000662	As006G135390	g6216, g7879
OG0000663	As007G161620, As007G161610, As007G161660, As007G161640, As007G161630, As007G161650	g44868, g32229
OG0000663	As010G229530	g44869
OG0000664	As011G245420	g6063, g6054
OG0000669	As005G103090	g52160, g37530
OG0000669	As001G022370	g13190, g10812
OG0000672	As007G157950, As006G146270	g1753, g13730, g23019
OG0000672	As004G081100, As011G248400	g27678, g32394
OG0000674	As008G197690	g30793
OG0000674	As005G099330	g50833, g37733
OG0000674	As006G123130	g39558
OG0000675	As007G152400, As006G126430	g31625, g49954, g51289
OG0000676	As010G239230, As007G155100	g46133, g44537
OG0000677	As007G160250	g50336, g50338
OG0000685	As001G001340	g47697
OG0000685	As002G032860	g23710
OG0000686	As001G012430	g23152, g11460, g47857
OG0000687	As001G017930	g17578
OG0000687	As005G101960	g37589
OG0000687	As012G286760	g18804
OG0000689	As007G158860, As003G063160, As004G080020	g40273, g32732
OG0000692	As005G104580	g18931, g1998, g18930
OG0000693	As012G282230	g19066, g19065
OG0000693	As006G143100	g37337, g51826, g51831, g51825, g51828
OG0000694	As007G177770	g50998
OG0000695	As010G239400	g17988, g10088
OG0000702	As009G199960	g45660, g29306
OG0000702	As001G026500	g10477
OG0000702	As006G132970	g7936
OG0000703	As002G035150	g29827
OG0000703	As012G276510	g2392
OG0000704	As003G058000	g17405, g24115, g11011, g11010
OG0000706	As005G117900	g9735
OG0000707	As006G138740	g44848
OG0000708	As008G185890	g27159
OG0000709	As009G203840	g29021
OG0000714	As004G077650	g46750
OG0000714	As001G028540	g41820
OG0000716	As004G088610, As007G165810	g19482, g46826, g46814
OG0000717	As010G227840, As010G227810, As007G157130, As004G091870, As010G236660	g27487
OG0000718	As005G106250, As005G106210, As005G106230, As005G106240, As005G106220	g7358, g12311, g5854
OG0000719	As005G114760	g1290, g28768
OG0000720	As012G288480	g1754
OG0000720	As006G122970	g39542
OG0000721	As008G197760, As012G274520, As011G248980	g6993
OG0000722	As010G232800	g45812
OG0000722	As008G183090	g31518
OG0000723	As009G205300, As009G205260	g18529
OG0000723	As009G205270, As009G205280, As009G205290, As009G205310	g4864
OG0000724	As012G281700, As012G281680, As012G281690, As012G281640	g19102
OG0000730	As001G023940	g10673
OG0000730	As008G183370	g31492
OG0000731	As001G025190, As001G025200, As001G025210	g16643
OG0000732	As002G032800	g23718
OG0000732	As012G276370	g11321
OG0000733	As002G035910	g48909
OG0000733	As007G178640	g26796
OG0000733	As005G110340	g586
OG0000733	As004G088840, As002G035920	g43317, g53596
OG0000734	As002G043480	g41169, g1326, g28342
OG0000735	As002G047800	g28539, g28538
OG0000736	As002G053050	g45529, g29507
OG0000736	As003G074810	g22748
OG0000737	As003G075290, As003G075300, As003G075310, As003G075240, As003G075260	g48007, g38444
OG0000738	As006G125610	g51327, g39758
OG0000739	As009G216850, As008G197070	g30842, g49434
OG0000740	As011G260560	g26827
OG0000741	As012G268430	g36715
OG0000742	As295G297840	g20210, g8039, g48784
OG0000742	As209G297130	g19694, g19721, g20008, g19768, g19695, g19984, g19769, g19741
OG0000749	As008G184000, As001G024820	g10608
OG0000749	As007G161240	g32196
OG0000750	As001G030660	g40831
OG0000752	As009G215650, As009G215640, As011G255520, As009G215610, As009G215620, As009G215600	g18564
OG0000752	As002G052450	g29481
OG0000753	As003G064670	g53790
OG0000754	As003G064750	g28181
OG0000754	As004G082990	g42720, g42742
OG0000755	As004G086160	g25545, g40463
OG0000756	As004G087220	g18411, g47929, g40941, g18484, g18486, g18410
OG0000757	As006G146500	g37224
OG0000758	As010G243380	g46550
OG0000758	As006G126420	g39816
OG0000759	As009G219760	g1202, g28719
OG0000759	As008G193030	g26999
OG0000760	As006G142310	g51911
OG0000760	As012G282830	g19031, g2152
OG0000762	As011G266570	g5941
OG0000763	As012G269290	g27997, g54354, g36680, g36679
OG0000764	As012G271730	g28045, g28051
OG0000765	As012G275540, As012G275570, As012G275590	g1550, g2438, g2440, g2441
OG0000772	As002G037440, As001G027110, As001G015580	g10410
OG0000773	As007G160440, As010G232720, As001G027430	g44749
OG0000774	As002G033010	g47581
OG0000775	As002G035830, As009G214640	g13099, g7430, g12371, g12372, g45399
OG0000776	As009G213010, As002G037060	g13022, g7512
OG0000778	As002G050230	g29359, g5274, g45617
OG0000779	As003G060370	g17303, g47419
OG0000779	As004G085410	g25661
OG0000779	As004G085400	g25660
OG0000780	As003G074900	g22739
OG0000780	As007G180430	g38506, g29511
OG0000781	As004G079650	g37478, g38223
OG0000781	As005G103380, As005G103370	g37524
OG0000783	As005G113140	g772
OG0000783	As010G226400	g29397
OG0000784	As010G225950	g3089
OG0000784	As005G113590	g28866, g807
OG0000785	As007G161520	g18150
OG0000785	As009G214360	g29776
OG0000786	As009G217820, As009G217830	g432, g9918
OG0000788	As010G225660, As010G225670, As010G225650	g3012
OG0000789	As010G242960	g44317
OG0000789	As012G267770	g13146
OG0000798	As001G017630, As003G055740, As004G083120	g24320, g47203
OG0000799	As001G021710	g50344
OG0000800	As001G024200, As001G024190, As001G024170	g41234
OG0000801	As002G035990	g29782
OG0000801	As009G214440	g29780
OG0000801	As002G036000	g13101
OG0000802	As004G088660	g10953
OG0000803	As003G058030	g47325
OG0000803	As007G160300	g17401
OG0000804	As004G097150	g53817
OG0000805	As004G096100, As011G254230	g17702
OG0000806	As005G102850	g18426
OG0000807	As005G102950	g37537
OG0000807	As006G139170, As006G133330	g7952
OG0000808	As006G129450	g39999
OG0000808	As010G224570	g19564, g2880
OG0000808	As005G114980	g1260
OG0000809	As007G160640	g32151, g50360, g27587
OG0000818	As010G221920	g2629
OG0000818	As001G030280	g47643, g40738
OG0000819	As002G036020	g12365
OG0000819	As009G214420	g29778
OG0000819	As012G282730	g2161
OG0000821	As002G043850	g1309, g1310, g41199, g41184, g41183
OG0000823	As004G090360	g40691, g10891
OG0000823	As003G055870	g47213, g24255
OG0000824	As003G062540	g32658, g27798
OG0000824	As004G083720	g40312
OG0000825	As012G287570	g1837
OG0000825	As005G100830	g52299, g37652
OG0000826	As005G102780	g52166, g37548
OG0000827	As012G278780	g985
OG0000827	As005G106720	g47835, g5823
OG0000829	As009G203460, As009G203470	g45753
OG0000830	As007G156440	g31913, g50129
OG0000831	As007G156620, As007G156630	g27461
OG0000832	As008G195870	g44311, g44310
OG0000833	As011G246960	g13227, g7141, g54293
OG0000834	As011G250710	g6862
OG0000834	As012G273380	g54107
OG0000835	As011G251220	g11975, g6829
OG0000835	As012G272760	g36401
OG0000843	As001G029790, As001G029800	g45127
OG0000844	As002G034430	g7481
OG0000844	As005G107840	g29846, g5767
OG0000846	As004G079020, As002G046530, As006G146430	g18149, g23193
OG0000847	As002G053580	g29549
OG0000847	As005G117570	g219
OG0000848	As004G078550, As006G122300	g49348
OG0000849	As005G100320	g1795
OG0000851	As005G105540	g52005, g2106
OG0000853	As006G123840	g25495
OG0000854	As008G191240	g37834, g40042
OG0000855	As010G223210	g11395, g2757
OG0000855	As009G219120	g340
OG0000857	As010G227430, As010G227420	g14408, g6195
OG0000858	As011G255880, As011G255860	g13482
OG0000868	As009G211830	g45455, g5591, g29666
OG0000868	As006G130700, As002G037910	g12305, g7345, g13126
OG0000869	As004G090370	g47214, g17532
OG0000870	As003G068700	g50492, g50452
OG0000871	As006G135520	g7867
OG0000871	As004G077790	g18093
OG0000872	As006G126250	g39803
OG0000875	As008G193510	g31012
OG0000883	As001G014390	g47886
OG0000883	As006G138050	g7738, g12824, g12583
OG0000884	As007G162220, As002G033790, As007G161390, As007G162230, As007G161400	g32204, g27609
OG0000885	As007G158480	g50244
OG0000885	As002G049480	g17066, g23580
OG0000886	As004G082110	g37044
OG0000888	As012G284780	g11209, g1980, g18951
OG0000888	As005G104850	g52055
OG0000889	As005G114990	g2212, g19095
OG0000890	As012G277560	g2336, g19181
OG0000890	As006G146240	g51643, g32141
OG0000891	As007G158460, As007G158450, As007G158470, As007G158440	g32036, g27518
OG0000892	As009G215030, As009G215020	g602
OG0000893	As009G216470	g523
OG0000900	As001G016830, As001G016840	g49875, g31459, g53611
OG0000901	As001G017960, As001G018000, As001G017970, As001G017990, As001G017980	g2658, g2672, g24339, g17581
OG0000902	As002G036680, As002G036460	g12349
OG0000903	As002G052040	g29451
OG0000904	As005G118380, As002G052940	g23312
OG0000905	As002G053040	g29506
OG0000905	As005G118090	g9730
OG0000906	As002G053300	g29526, g45525
OG0000907	As003G057070	g24176, g17469
OG0000907	As004G088350	g40587, g10964
OG0000908	As003G075600, As010G234720	g22696
OG0000909	As007G159890	g50312
OG0000910	As005G114500	g28799, g28800
OG0000911	As005G119970	g19649
OG0000911	As010G220810	g11359, g19349
OG0000912	As006G123380	g45240, g25475, g39592, g49396
OG0000913	As007G159440, As010G233540, As006G125620	g50285, g44694
OG0000914	As006G137220	g7801
OG0000915	As012G276470	g2397
OG0000915	As006G145010	g37165
OG0000916	As008G182940, As008G182910	g27270
OG0000917	As008G184260, As008G184270	g23320
OG0000918	As009G205850	g46686
OG0000919	As011G249370	g6958
OG0000921	As012G272730	g36381, g36403
OG0000930	As011G266460	g13896
OG0000930	As001G001170	g23477, g17008
OG0000931	As002G036870	g12335
OG0000933	As002G044170, As007G165200	g41220, g28366
OG0000935	As004G086290	g25539
OG0000935	As003G059060	g17365, g24033
OG0000937	As003G062060	g23857
OG0000938	As003G075080	g18138, g22721, g2326, g22720
OG0000939	As007G181030, As007G181020, As003G075790	g18311
OG0000940	As004G092040	g11622
OG0000940	As004G090050	g22969
OG0000941	As004G095180	g24567
OG0000941	As008G194780	g49502, g30936
OG0000942	As011G255350, As004G095350, As005G103580	g24536, g6533, g17723
OG0000943	As006G138940	g12872, g7695, g12546
OG0000943	As009G205930	g4794, g10126
OG0000945	As009G202950	g51875, g41357
OG0000945	As005G105910	g47995
OG0000947	As009G200880	g5091
OG0000947	As006G135230	g12689, g7889
OG0000948	As012G281630, As010G224740, As010G224730, As006G143570	g2220
OG0000950	As009G205820	g4810, g10118, g32990
OG0000952	As009G216080	g37515, g52125
OG0000953	As010G221250	g2592
OG0000954	As011G251450	g6806
OG0000962	As001G027150	g45549
OG0000963	As005G107430	g45314, g5792
OG0000964	As002G040430	g26701, g26717
OG0000965	As011G245590, As011G255900	g7238
OG0000965	As003G057680	g47303
OG0000966	As003G057820	g17414, g47314
OG0000967	As003G064080	g27912
OG0000967	As007G158200	g50234, g27514
OG0000968	As004G077430	g16220
OG0000969	As004G086960, As004G086930, As004G086940, As004G086920	g40498
OG0000969	As004G086790, As004G086800	g40496
OG0000970	As005G119400	g18677, g76, g10717
OG0000971	As006G137320	g12613, g2066
OG0000972	As009G205570	g4838, g18527
OG0000972	As006G139250	g12522
OG0000973	As009G204830	g29080, g41449
OG0000973	As006G139760	g7660, g12501
OG0000975	As007G155990	g31877
OG0000977	As010G224030	g1479, g2807
OG0000977	As010G224050	g2808
OG0000979	As012G274790	g47124, g24424, g24425
OG0000986	As004G094360, As001G003430	g47772
OG0000987	As001G016180	g50608
OG0000988	As009G212980	g29708
OG0000988	As002G037150	g13113
OG0000989	As002G043930	g4496, g3840, g28360, g26454, g37017, g37018
OG0000992	As003G075530	g22703
OG0000993	As004G092920	g13525, g11661, g6390
OG0000994	As006G128340, As006G128350, As006G128360	g39943
OG0000995	As006G127150	g51255
OG0000995	As008G194310	g39837, g49522, g30960
OG0000996	As008G193450	g49550, g31018, g26987
OG0000997	As006G137380	g12610
OG0000997	As008G184100	g31457
OG0000998	As006G143360	g37327, g51789, g2194
OG0000999	As007G160930	g27596
OG0001000	As009G200600	g29281
OG0001001	As009G214920	g51023
OG0001002	As011G245250	g7245
OG0001003	As011G247910	g7061, g12110, g13245
OG0001003	As012G270560	g36579
OG0001004	As011G266800, As011G266810, As011G266820, As011G266860, As011G266830, As011G266870	g51862
OG0001005	As012G278820, As012G274490	g6249, g50592, g43746, g32335, g35536, g4447, g23217, g13771, g45, g6248, g39866, g17234, g22309, g14229, g7499, g24583, g43747, g43333, g22365, g6041, g18397, g53074, g35340, g3827, g53269, g39865, g22366, g4437, g7498, g44072, g22306, g40004, g40181, g24710, g16635, g45185, g15784, g44212, g42186, g10259, g44, g35339, g35084, g35099, g12920, g35535, g46919, g53723, g27835, g36043, g22898, g13772, g23218, g5891, g49886, g35271
OG0001008	As001G001100	g23485
OG0001008	As001G001090	g17010
OG0001009	As001G001470	g34447
OG0001010	As003G068260, As001G016390	g27725, g50616
OG0001010	As004G079320	g51531
OG0001011	As001G016600, As001G016620, As001G016630, As001G016640, As001G016610, As001G016590, As001G016580, As001G016560	g27768
OG0001012	As001G019280	g41088, g41084, g41091, g44006
OG0001012	As008G188200	g27090, g49621
OG0001013	As001G029630, As001G029620	g11006
OG0001014	As002G035480	g10270
OG0001015	As007G165030	g47552, g23748
OG0001016	As002G052140	g45562, g29459
OG0001016	As009G215410	g10052
OG0001017	As002G052670, As002G052700	g144
OG0001018	As002G054290	g45502, g29578, g5494, g9985
OG0001019	As003G056000	g47225
OG0001020	As003G056290	g17514, g47245
OG0001020	As004G089150	g40644, g10924
OG0001021	As012G288810	g18748
OG0001021	As005G098840	g37763
OG0001022	As005G099680	g50817
OG0001022	As012G288250	g1762
OG0001023	As005G113850, As005G114020	g13766
OG0001025	As006G127940	g39900, g51220
OG0001026	As006G134780	g12738, g7923
OG0001026	As009G200810	g45683, g29274
OG0001027	As006G142630, As006G142620	g27224
OG0001028	As012G281510	g19114
OG0001029	As006G146260, As007G157960	g32015, g27506
OG0001029	As010G235770	g46377
OG0001030	As007G156040	g31883, g50100
OG0001030	As010G237920	g44444, g46220
OG0001031	As007G156170	g50115
OG0001031	As010G237740	g46230
OG0001032	As010G236850	g46291
OG0001032	As007G157060	g31961, g50165
OG0001034	As010G233610	g50282, g45873, g44690
OG0001036	As010G242060	g46469
OG0001037	As010G243190	g2455, g45188, g13042
OG0001038	As011G244860	g7266
OG0001039	As011G249640	g6935
OG0001040	As012G271380	g28032
OG0001040	As011G253350	g6683
OG0001041	As011G266160	g19512, g19511
OG0001043	As012G271170	g36524
OG0001043	As012G271100, As012G271110	g36525
OG0001044	As012G281870	g25841, g2210, g19086
OG0001051	As011G263630, As005G110590	g6121
OG0001051	As001G014830	g23035
OG0001052	As001G015110, As001G015130, As001G015150	g47909, g47910
OG0001053	As001G019720	g41060
OG0001054	As001G021960, As001G021950	g44203, g40938, g38261
OG0001055	As003G068590, As001G024380	g6371, g16676, g16674
OG0001056	As002G035820	g13098
OG0001056	As009G214650	g5691
OG0001057	As002G045470	g47639
OG0001058	As003G055590	g24289, g17556
OG0001058	As003G072150	g47940, g22966
OG0001059	As004G087590	g40535
OG0001060	As004G094900	g17809, g24580
OG0001060	As011G255760	g6503
OG0001061	As011G254950	g6557
OG0001061	As004G095690	g47060
OG0001063	As006G139260	g47040, g44040
OG0001064	As006G145650	g51622, g19204, g2368
OG0001065	As006G145860	g37200
OG0001065	As012G277190	g2350
OG0001066	As006G145870	g51631, g38065
OG0001066	As012G277200	g2349, g19195
OG0001067	As010G242380	g44345, g46495
OG0001067	As007G153140	g49979, g31659
OG0001068	As010G241390	g44609, g45995
OG0001069	As010G238510	g46181
OG0001069	As007G155720	g50084
OG0001070	As007G161250, As010G231200	g32197
OG0001071	As008G183320	g31500
OG0001072	As009G216760, As010G222230	g19445
OG0001073	As011G250190	g6899, g13299, g54336
OG0001074	As011G252670	g26813, g53638, g42668, g42659, g4054, g3459, g44889
OG0001075	As012G270490	g13240, g12117, g12118
OG0001084	As011G267200	g51025, g13849
OG0001084	As001G000360	g47674
OG0001085	As011G266420	g13898
OG0001086	As001G010350	g23182, g18153
OG0001086	As006G139850, As011G262030	g6220
OG0001087	As001G014350	g47885, g23067
OG0001087	As001G014360	g18215
OG0001088	As001G026740	g10457
OG0001088	As004G097170	g10456, g10455
OG0001089	As001G027320	g10400
OG0001091	As010G222350	g2682, g19439
OG0001091	As002G042730	g1352
OG0001092	As002G047560	g1033
OG0001092	As009G210680	g5587
OG0001093	As005G109890	g41427, g650
OG0001093	As002G051090	g5323, g45586
OG0001094	As002G053280	g29524
OG0001094	As005G118310	g164
OG0001095	As004G093100, As004G093080, As004G093090	g24918
OG0001096	As012G284440	g2044
OG0001096	As005G105060	g52024
OG0001097	As010G224300, As010G224310	g1242
OG0001098	As005G118860	g123
OG0001099	As006G122020	g25399
OG0001100	As006G125750	g37922
OG0001101	As009G200370	g45664
OG0001101	As006G133080	g13606
OG0001102	As006G135240	g7885
OG0001102	As009G201520	g29235
OG0001103	As009G207010	g10167
OG0001105	As010G243540	g46568
OG0001105	As007G152280	g49952, g27323
OG0001106	As007G153300	g49982, g31674
OG0001106	As010G242200	g46483
OG0001107	As007G154350	g50019, g31737
OG0001108	As010G238820	g46159
OG0001109	As010G235960	g46369
OG0001109	As007G157790	g50209, g27495
OG0001110	As010G232990	g45825
OG0001110	As007G160150	g27567
OG0001111	As010G228810	g41690, g44903
OG0001111	As007G162030	g50412
OG0001112	As009G207970	g4581
OG0001114	As009G211960	g26057, g29675, g26080, g14752, g8695
OG0001115	As010G241340	g45996, g31697
OG0001116	As012G271470	g28033
OG0001116	As011G253270	g6688
OG0001117	As012G274810, As012G274800	g24426, g24429
OG0001124	As011G265980	g5968
OG0001124	As012G276130, As001G000460	g17104, g23657, g47621
OG0001125	As001G015980	g45025, g32527
OG0001125	As002G043210, As004G079080	g51533
OG0001126	As003G070440, As011G256560, As003G070420, As003G070430, As003G070400, As001G020030	g44056, g41814, g27885, g44067
OG0001127	As008G182820	g31536
OG0001127	As001G023280	g10732
OG0001128	As001G024510	g10631
OG0001128	As008G183850	g31465, g49877
OG0001129	As001G027480	g10382
OG0001130	As001G028120	g10319, g16265
OG0001130	As004G077980	g46920
OG0001131	As002G032550	g23730
OG0001131	As002G048950	g39310
OG0001132	As005G107970	g29844, g5762
OG0001132	As002G034660	g7476
OG0001133	As002G047010	g1001
OG0001134	As002G050280, As002G050290	g5272, g5271, g45622, g29355
OG0001135	As002G053400	g29536
OG0001136	As003G056250	g47242, g24232, g17506
OG0001136	As004G089250	g40650
OG0001137	As004G087840	g10993
OG0001137	As003G057700	g17436
OG0001138	As003G060280	g23966, g41700, g28050, g40427
OG0001139	As007G162130	g32270
OG0001140	As003G072340	g22956
OG0001140	As011G264830	g13993
OG0001141	As010G224380	g11423, g2867
OG0001142	As004G095910	g11806
OG0001143	As012G286700	g37585
OG0001143	As005G102010	g1906
OG0001144	As012G286050	g1933, g18858
OG0001144	As005G102790	g37547
OG0001146	As005G105940	g37399, g38167
OG0001146	As005G109260	g7437
OG0001147	As005G110350	g652
OG0001148	As005G117560	g9755
OG0001149	As010G220420	g2491, g19321
OG0001149	As005G120550	g19632
OG0001150	As009G202000	g29202
OG0001150	As006G135560	g7865
OG0001151	As006G140390	g12476
OG0001151	As009G208040	g10202
OG0001152	As012G282810	g19032
OG0001152	As006G142300	g51912
OG0001153	As006G144900	g38034
OG0001154	As010G238340	g44475, g46190
OG0001155	As007G156380	g50128
OG0001156	As007G159660	g50299, g32096
OG0001156	As010G233350	g45854, g35995, g22228, g22334, g35994
OG0001157	As008G186030	g31315
OG0001157	As008G186040	g49774, g27152
OG0001158	As010G233690	g35857, g44683, g32060
OG0001159	As010G236770, As010G236800, As010G236780, As010G236790	g44389, g44390
OG0001160	As011G245380	g36717
OG0001160	As012G268400	g7236
OG0001161	As011G253310	g6686
OG0001161	As012G271410	g36513, g54219
OG0001169	As012G283970, As001G006050	g17077
OG0001169	As002G045450, As002G045480	g39433, g28457
OG0001171	As001G021220	g40989
OG0001172	As001G024140	g10660
OG0001172	As008G183530	g49895, g31481
OG0001173	As002G032750	g17141, g17145
OG0001174	As002G036310	g12357
OG0001174	As009G214250	g29755
OG0001175	As002G047920	g1055
OG0001176	As005G118510	g9715
OG0001176	As002G052820	g29498, g45539
OG0001177	As002G054880	g5524, g5527
OG0001178	As002G055020	g29609
OG0001179	As003G057140	g24168
OG0001179	As004G094010	g11721
OG0001180	As003G057900	g47317
OG0001180	As004G087660	g40540
OG0001181	As003G059790	g47399
OG0001181	As004G085930	g40455
OG0001182	As004G081230	g51414
OG0001182	As003G069510	g32375
OG0001183	As003G072080	g47934
OG0001183	As011G264670, As010G236540	g6051, g14007
OG0001184	As012G287840	g1810
OG0001184	As005G100420	g50789
OG0001185	As012G287600	g1835
OG0001185	As005G100800	g37654
OG0001186	As005G104120	g18898
OG0001187	As006G126100	g39793
OG0001187	As008G195000	g26954
OG0001188	As006G128390	g39949
OG0001189	As006G132950	g7940
OG0001189	As009G200010	g5188
OG0001190	As009G204060	g4934, g29034, g41480
OG0001191	As009G206340	g10149
OG0001191	As006G138540	g12854, g12562
OG0001192	As012G274380	g17606
OG0001192	As006G140360	g12941, g12477
OG0001193	As012G282070	g2189
OG0001193	As006G143230	g51812, g37332
OG0001194	As012G282360	g2180
OG0001194	As006G143580	g12991, g7548
OG0001195	As007G153910	g31703
OG0001195	As010G241270	g46000
OG0001196	As010G238520	g44483, g46180
OG0001196	As007G155700	g27431, g50082
OG0001197	As008G186880	g19149
OG0001198	As009G205900	g4797
OG0001199	As012G279220	g26063
OG0001199	As009G212780	g17983, g42090, g42031, g14593, g51137, g34011, g41986, g24868, g35844, g52624, g14353, g4463, g17898, g14596, g35572, g35469, g35464, g14608, g53131, g43493, g16364, g25075, g15646, g8740, g51138, g42032, g35416, g35576, g26548, g35432, g14378, g4339, g48908, g43185, g36258, g25456, g52625, g8247, g16498, g43494, g17899, g35768, g34010, g42091, g43475, g43723, g41985, g26546, g37214, g17984, g41647, g45599, g46956, g4342, g42092, g16497, g46957, g41646, g26545, g37215, g12794, g45598, g35574, g35579
OG0001200	As009G212830	g672
OG0001201	As009G216930	g499
OG0001201	As010G222450	g2696, g19430
OG0001202	As010G221230	g2591
OG0001203	As010G226280	g3287
OG0001205	As012G269930	g36609
OG0001205	As011G247320	g7109, g13232
OG0001206	As011G248610, As011G248600	g12090, g7008
OG0001207	As012G274390	g24396, g17607
OG0001207	As011G249080	g12065
OG0001208	As012G273020	g13325
OG0001208	As011G250940	g6854, g11987
OG0001209	As011G251200	g11976, g6831
OG0001210	As012G272240	g36442
OG0001222	As001G003410	g23348, g16960, g47771
OG0001224	As008G188670	g31167
OG0001224	As001G019000	g27062
OG0001225	As001G025730	g16608, g10542
OG0001228	As002G036800, As010G228140	g36352
OG0001229	As002G049770, As002G049710, As002G049750, As002G047650, As002G047640, As002G048550, As002G048440, As002G048410, As002G048430	g28587, g28582, g28581
OG0001230	As009G218340	g9884
OG0001230	As002G055400	g5551
OG0001231	As009G218430	g391
OG0001231	As002G055440	g29634
OG0001232	As003G057340	g43394, g35005, g1545, g17457, g47293, g35006
OG0001233	As003G060920	g23931, g47447
OG0001233	As004G084810	g40387, g25674
OG0001234	As003G065230	g36180
OG0001235	As010G228510, As011G264390	g6092, g13735
OG0001235	As003G071710	g23002
OG0001236	As004G096250	g47093
OG0001236	As006G125660	g51298
OG0001237	As005G101170	g37633
OG0001237	As012G287400	g1864
OG0001238	As012G287280	g37629, g52280
OG0001239	As012G285940	g18874
OG0001241	As005G103630	g37514
OG0001242	As005G108180	g5744, g45348
OG0001243	As005G110180	g41422, g18038, g658, g29126
OG0001244	As005G111140	g28935
OG0001245	As010G220630	g2517
OG0001245	As005G120340	g25
OG0001246	As006G122500	g39512
OG0001247	As006G123620	g25488
OG0001247	As006G141330	g7578
OG0001249	As006G130480, As006G148330, As006G148320	g51720, g43710, g37274, g43709, g51721
OG0001250	As009G201070	g29244
OG0001250	As006G135030	g12693, g7908
OG0001251	As006G135310	g12687
OG0001251	As009G201580	g29218, g45708
OG0001252	As006G135600	g7863
OG0001253	As006G138960	g7694, g12874
OG0001253	As009G205910, As007G182060	g4796
OG0001254	As012G271900	g36501
OG0001254	As006G148850	g38012
OG0001255	As010G241660	g17932, g46451
OG0001256	As010G241030	g46014
OG0001256	As007G153970	g27373, g50005
OG0001257	As010G240510	g44576, g46050
OG0001257	As007G154290	g31732
OG0001258	As007G155250	g27419
OG0001258	As010G238870	g46154
OG0001259	As007G155870	g50091, g31862
OG0001259	As010G238270	g46192
OG0001261	As008G183080	g27264, g31519, g10688
OG0001262	As008G183230	g27261, g2886, g31511
OG0001263	As008G185060	g49813, g31371, g44235, g18075
OG0001264	As011G245280	g13174, g12242, g7243
OG0001265	As012G271440	g36511
OG0001265	As011G253290	g11879
OG0001274	As007G178240	g50980
OG0001274	As001G003270	g23357
OG0001275	As007G156730	g50146
OG0001275	As001G014870	g23030
OG0001276	As001G021540	g44155
OG0001276	As008G186480	g46965
OG0001277	As001G021700	g40965
OG0001278	As001G026660, As001G026620	g13569
OG0001279	As009G200780	g5139
OG0001279	As001G027360, As006G134750	g29275
OG0001280	As001G027620	g10372
OG0001280	As004G078400	g16891
OG0001281	As003G061850	g47472, g40826
OG0001282	As002G032810	g23716
OG0001282	As002G048530, As008G190450	g39334
OG0001283	As012G283460	g2067
OG0001283	As002G033170	g37382
OG0001284	As002G040880	g26736
OG0001284	As009G219310	g329, g9838
OG0001285	As002G046220	g959
OG0001286	As002G046830	g26849
OG0001286	As002G046800, As002G046810	g28499, g991
OG0001287	As002G047070	g39378, g1006
OG0001288	As002G051870	g45567
OG0001289	As003G055830	g47211, g24261
OG0001289	As004G090340	g10889
OG0001290	As003G061690	g17264, g47466, g23883
OG0001291	As003G062380	g50669
OG0001291	As003G062370	g27794
OG0001292	As006G128480	g37889, g39954
OG0001292	As003G068450, As006G132720	g7926
OG0001293	As012G285310, As003G069570	g18903, g18901
OG0001294	As007G180370	g50894
OG0001294	As003G074750	g18145, g22760
OG0001295	As004G077550, As004G077530, As004G077540, As004G077570	g28333
OG0001296	As004G079870	g36926, g50915, g3731, g34667, g22456, g22457, g22454, g3733, g22455, g37997
OG0001297	As004G085780	g40451
OG0001298	As004G095930	g6577, g47079
OG0001299	As005G100270	g37691, g37690, g37689
OG0001300	As012G284530	g2037
OG0001300	As005G104930	g38182
OG0001301	As012G284300	g2132, g18972
OG0001301	As005G105210	g11224
OG0001302	As005G119060	g9683
OG0001302	As010G221410	g2601
OG0001303	As006G121100	g25341
OG0001303	As008G199380	g37594, g49295
OG0001304	As006G129740	g31093, g40030
OG0001305	As006G138870	g12863, g12556
OG0001306	As009G205940	g4793
OG0001306	As006G138930	g12547, g7697, g12871
OG0001307	As009G208950	g10264
OG0001309	As006G147030	g51683, g37238
OG0001309	As012G278060	g2317
OG0001310	As007G153270	g31671
OG0001310	As010G242210	g46484
OG0001311	As009G206930	g10158
OG0001312	As009G209520	g10242
OG0001313	As010G229670	g44850
OG0001314	As011G245230	g7246
OG0001314	As012G268220, As012G268230	g27980, g54312
OG0001315	As011G247950	g7060, g36576
OG0001316	As012G273940	g54062
OG0001316	As011G249510	g6946, g13282
OG0001317	As012G272280	g36438
OG0001318	As012G274540	g17609
OG0001328	As001G003730	g16953, g23326, g50995
OG0001329	As006G148170, As001G011510	g19710
OG0001329	As001G011520, As384G298040, As010G228770, As010G228760	g19754, g19709
OG0001330	As011G264300	g6114
OG0001330	As001G015630	g13727
OG0001331	As001G019080	g43986, g41089, g41082, g41085
OG0001332	As001G019570	g41073
OG0001332	As008G187940	g31218
OG0001333	As001G021210	g44147, g40990
OG0001333	As008G186610	g31289, g49760, g27134
OG0001334	As008G182480	g31562
OG0001334	As001G022740	g10777
OG0001335	As009G214520	g5680
OG0001335	As002G035960	g12368
OG0001336	As002G037540	g7363, g5596, g29680
OG0001337	As002G045530	g28452
OG0001338	As002G045540	g17082, g945
OG0001339	As002G047440	g26842
OG0001339	As006G134360	g17127, g23683
OG0001340	As002G052060, As002G052070, As010G238380	g5384
OG0001341	As002G052360	g45552, g29474
OG0001342	As002G053260	g45527
OG0001342	As005G118290	g166
OG0001343	As002G054600	g5508, g29591
OG0001343	As009G217260	g472
OG0001344	As003G056040	g47233
OG0001344	As004G089590	g10909, g40671
OG0001345	As003G057260	g47287
OG0001345	As004G088210	g10970
OG0001347	As003G061790	g17261
OG0001348	As011G264720, As003G072120	g6048
OG0001349	As003G072460	g22944, g47955, g47958
OG0001350	As003G074310	g18290, g22800
OG0001351	As004G076770	g17896, g17900, g17918, g17911, g18066
OG0001352	As004G080580	g25932
OG0001353	As004G087990	g16731, g18396
OG0001354	As012G288470	g11149, g18789
OG0001354	As005G099420	g50827
OG0001355	As012G287310	g11168, g18690
OG0001355	As005G101250	g52282, g37630
OG0001356	As012G284960	g1994, g18939
OG0001358	As005G105450	g37416
OG0001358	As012G284050	g2112
OG0001359	As010G224750	g2928
OG0001359	As005G114870	g28762
OG0001360	As006G125720	g51296
OG0001361	As006G125770	g37930
OG0001361	As008G195770	g30901
OG0001362	As011G253020	g6706, g11898
OG0001362	As007G154760	g13370
OG0001362	As006G130570	g40140
OG0001363	As006G132630, As006G132640	g23660
OG0001364	As009G200770	g5140
OG0001364	As006G134740	g12713
OG0001365	As009G201450	g45686, g29273
OG0001366	As009G201800	g5076
OG0001366	As006G135460	g12752, g7871
OG0001367	As009G207270	g10183
OG0001367	As006G140140	g12485
OG0001368	As006G147840	g25048, g36889
OG0001370	As007G157050	g31960
OG0001370	As010G236860	g46290
OG0001372	As009G202990	g12761, g45745, g29153, g5005
OG0001373	As012G273140, As011G250390, As010G231610	g12013, g6885
OG0001374	As010G238300	g44472, g3704, g50089, g26819
OG0001375	As010G243020	g44314
OG0001376	As011G246000	g7193
OG0001376	As012G269100	g54341
OG0001377	As011G248870	g12075
OG0001378	As012G273750	g28105
OG0001378	As011G249840	g6921
OG0001379	As011G252120	g3849, g4807, g43217, g11942
OG0001379	As012G272210	g54171
OG0001380	As012G272130	g36451
OG0001380	As011G252170	g13365
OG0001381	As012G274100	g43687, g43860
OG0001392	As001G014820	g18225
OG0001392	As011G263580	g6122
OG0001393	As011G264210	g13722
OG0001393	As001G015550	g47915
OG0001394	As001G016470, As001G016510, As001G016490	g32551
OG0001395	As002G047740	g39359
OG0001396	As001G019470, As001G019500	g10235, g10220
OG0001397	As008G187330	g31244
OG0001397	As001G020160	g44080, g41049
OG0001398	As001G022600	g10797, g31566
OG0001399	As001G023670	g10696, g31524
OG0001400	As008G183950	g31446, g27219
OG0001401	As009G201390, As009G201400	g5130, g45688
OG0001402	As004G078470	g46691
OG0001402	As001G027550	g10380
OG0001403	As001G031800	g40871
OG0001403	As008G184840	g31381
OG0001404	As001G032050	g40899
OG0001404	As008G185230	g49805
OG0001405	As002G036110	g45412
OG0001406	As003G074300	g22801
OG0001406	As002G039650	g45919, g44655
OG0001407	As002G044620	g895
OG0001407	As007G166220	g17071, g47651
OG0001409	As002G054220	g276, g29575
OG0001410	As004G089220	g10921
OG0001410	As003G056270	g24231, g47243
OG0001411	As003G056550	g17488
OG0001411	As003G056560, As003G056570	g47259
OG0001412	As003G057920	g24120
OG0001412	As004G087620	g11008, g40537
OG0001413	As003G059970	g23977
OG0001414	As003G062700, As003G062680, As003G062690	g50697, g50696
OG0001415	As004G081370	g51404
OG0001415	As003G069080	g50469, g32346
OG0001416	As003G070070	g50512
OG0001417	As003G073020	g18258
OG0001417	As007G179140	g38412
OG0001418	As003G075660	g18306
OG0001418	As007G180870	g50875
OG0001419	As007G162430, As007G154420, As004G077990	g46728, g27600
OG0001420	As004G085760	g25581, g17315
OG0001421	As004G095760	g6561, g13443
OG0001422	As006G138250	g12838
OG0001422	As009G206810, As005G098800	g4780, g10154
OG0001423	As005G102370	g37565
OG0001423	As012G286180	g11186
OG0001424	As005G108730	g29819
OG0001425	As010G227210	g11531
OG0001425	As005G112160	g28922, g733
OG0001427	As006G122030	g39470
OG0001427	As008G198950	g30744
OG0001428	As008G197620	g49392, g30797
OG0001428	As006G123250	g39587
OG0001429	As006G123290	g39588
OG0001429	As012G288690	g1749
OG0001430	As006G125000	g49450, g50693, g39721
OG0001431	As008G195750, As008G195730, As006G125810	g39772
OG0001432	As006G127090	g51260
OG0001433	As008G193560	g26980, g31008
OG0001433	As006G127740	g51229
OG0001434	As006G128970	g51129
OG0001434	As009G212670	g29697
OG0001435	As006G129550	g39988
OG0001436	As009G203670	g28996, g4981
OG0001436	As009G203660, As006G136680	g12623
OG0001437	As009G203910	g4949, g41495, g29026
OG0001437	As006G136920	g12792
OG0001438	As009G206980	g10162
OG0001439	As010G239570	g44554
OG0001439	As007G154870	g50044
OG0001440	As007G157740	g27493
OG0001441	As010G235030	g45964
OG0001441	As007G158560	g50247
OG0001442	As007G159300	g45881, g27544
OG0001443	As007G160370	g32129
OG0001443	As010G232820	g45813, g44727
OG0001444	As007G165570, As007G165610, As007G165550, As007G165560, As007G165580	g17164, g47546
OG0001445	As009G214910, As009G214890, As009G214900	g6096
OG0001446	As009G217780	g5523, g18591
OG0001448	As012G268930	g54338
OG0001448	As011G245790	g7208
OG0001449	As011G246410	g12188, g7168
OG0001449	As012G269390	g11243, g36667
OG0001450	As011G246430, As012G269400	g12185
OG0001451	As012G270080	g12141
OG0001452	As011G247680	g12137, g7075
OG0001453	As012G270500	g54269
OG0001453	As011G247830	g12116, g13242
OG0001454	As011G248090	g13247, g7051
OG0001455	As011G248920	g12074, g6999
OG0001455	As012G274630	g17614, g24406
OG0001456	As011G252110	g13368
OG0001457	As011G252570	g11920
OG0001457	As012G272010	g54201
OG0001464	As001G001740	g16998
OG0001465	As011G265880	g5973
OG0001465	As001G001900	g23443
OG0001466	As001G003810	g23319
OG0001466	As007G177820	g16950
OG0001467	As004G084230	g36049, g3813, g25749
OG0001468	As001G014310	g47866
OG0001469	As001G016070	g50603, g32530
OG0001470	As004G083140	g51539
OG0001470	As001G017590	g24316
OG0001471	As008G186620	g27133, g49758, g31288
OG0001472	As008G182540	g31559
OG0001472	As001G022810	g10770
OG0001473	As001G023680	g10695, g31523
OG0001474	As002G032650, As001G030130	g23723
OG0001475	As008G185330	g49799
OG0001475	As001G032140	g40913, g44224
OG0001477	As002G032720, As002G032730, As002G032710	g41009
OG0001478	As005G107960	g5763
OG0001479	As004G079850, As009G213750, As002G036770, As005G102490	g1928, g18840, g42086
OG0001480	As002G042560	g23805, g17185
OG0001481	As002G050450	g29369
OG0001482	As002G052160	g29463
OG0001482	As009G215450	g585
OG0001483	As009G215740	g568, g10027
OG0001483	As002G052570	g29488
OG0001484	As002G052590	g29490
OG0001485	As002G054040	g29567
OG0001486	As002G054240	g5490
OG0001486	As005G116630, As005G116640	g279
OG0001487	As002G054670	g463
OG0001488	As003G055970	g24248, g47224
OG0001488	As004G089810	g40683, g10899
OG0001489	As004G085500	g40424
OG0001489	As003G060290	g23965
OG0001490	As003G069830	g50501, g32388
OG0001490	As004G081110	g51425
OG0001491	As003G070370	g32424
OG0001492	As007G180810	g50876
OG0001493	As008G195740, As004G082080	g37042
OG0001494	As004G085100	g40403
OG0001495	As004G090990	g40707, g10864
OG0001496	As004G094470, As011G256240	g11730, g24650
OG0001498	As004G098070	g26925, g30860
OG0001499	As012G288560, As005G099220	g18738
OG0001500	As005G099790	g37716
OG0001500	As012G288210	g1765
OG0001501	As005G100230	g50799
OG0001502	As005G102480	g38236
OG0001502	As012G286170	g18839
OG0001503	As012G285910	g18877, g1951
OG0001504	As005G103840	g38213
OG0001505	As012G285480, As005G103960	g37494
OG0001506	As006G142150	g13006, g7528
OG0001506	As005G106410	g5844
OG0001507	As005G115720	g1254, g39243
OG0001508	As005G116340	g298
OG0001509	As010G221530	g2610, g11370
OG0001510	As006G127110	g51259
OG0001510	As008G194330	g49518
OG0001511	As008G191800	g49598, g31085
OG0001511	As006G129670	g40022
OG0001512	As006G130250	g40081
OG0001513	As006G134800	g12739
OG0001514	As006G137350	g7791, g12800, g29039
OG0001515	As006G139150, As006G139160	g5386, g28104
OG0001516	As006G140260	g7634
OG0001517	As012G282480	g2175
OG0001517	As006G142810	g51865
OG0001518	As006G142890	g51849, g19057
OG0001519	As010G239600	g46106
OG0001519	As007G154860	g31778
OG0001520	As010G223010	g19484
OG0001520	As007G155440	g27427
OG0001521	As007G157310	g44370
OG0001522	As010G233860	g45885
OG0001523	As007G159770, As007G159760	g45845
OG0001524	As007G162280	g50413
OG0001524	As009G218400	g9882
OG0001526	As007G177880, As012G287270	g30730, g6246
OG0001527	As010G243610	g44294
OG0001528	As009G200660	g45674
OG0001529	As009G204990, As009G204970, As009G204980	g4879
OG0001530	As009G208130, As009G208140	g4756, g22671, g47028, g4443
OG0001531	As009G212540	g29693
OG0001531	As009G212530	g12318
OG0001532	As009G219500	g46848
OG0001533	As010G220990, As010G221000	g2567
OG0001535	As011G245290	g7242, g13175, g12241
OG0001536	As012G268830, As011G245650	g7220
OG0001537	As012G270460	g54272
OG0001537	As011G247790	g36582
OG0001538	As012G271020	g36534
OG0001540	As012G275340	g51453
OG0001549	As008G189360, As001G000350	g17041, g47673
OG0001550	As001G002750, As002G037190	g39747, g12324
OG0001551	As001G003600	g23335
OG0001551	As007G178090	g38382
OG0001552	As001G004530	g16937, g23288, g38335
OG0001553	As001G020960	g44136
OG0001553	As008G186960	g31267
OG0001554	As008G185750	g27168, g31328
OG0001554	As001G022010	g44204
OG0001555	As008G183910	g27212, g31439
OG0001555	As001G024630	g10625
OG0001556	As006G145370	g37186
OG0001556	As001G025430	g10564
OG0001557	As002G034230	g13040
OG0001558	As002G035840	g29791, g5690
OG0001559	As002G040240	g1495
OG0001559	As007G162740	g23844
OG0001560	As002G040690	g1456
OG0001560	As007G162800	g17218
OG0001561	As002G044310	g23742
OG0001562	As002G047830	g1044
OG0001562	As006G134190, As004G089470, As006G134210	g5656
OG0001563	As002G050910	g41426, g29114, g5312
OG0001564	As002G051580	g37211, g50132
OG0001565	As009G217850	g9917
OG0001566	As004G087940	g40559
OG0001566	As003G057540	g17445
OG0001567	As003G063270	g27809, g32746
OG0001568	As003G069320	g27669, g27668
OG0001569	As004G081080	g51434
OG0001569	As003G070040	g50510
OG0001570	As012G285530	g18886
OG0001570	As004G078650, As003G071580	g32505
OG0001571	As011G264410	g14031
OG0001571	As003G071720	g23001
OG0001572	As003G074600	g22776
OG0001572	As007G180280	g38492
OG0001573	As003G074940	g22737
OG0001574	As003G075700	g22691
OG0001574	As007G180920	g50871
OG0001575	As003G075900	g18320
OG0001576	As004G078100	g46720
OG0001578	As004G090820	g10859
OG0001580	As004G093790	g4310, g2939, g35541, g48289, g43151, g34989, g34992, g33395, g1486, g26179, g53345, g41191, g43306, g16295, g26101, g11670, g53734, g27964, g15623, g51844, g29706, g4249, g52370, g27733, g1485, g26598, g48288, g14789, g26180, g43145, g6203, g14956, g3329, g4656, g19534, g14790, g25227, g15836, g25993, g15821, g53711
OG0001581	As012G288550	g1743
OG0001581	As005G099240	g37744
OG0001582	As005G103130	g52159
OG0001583	As005G105260	g52051
OG0001583	As012G284240	g2127
OG0001585	As012G283760	g2084
OG0001585	As005G106110	g51997
OG0001586	As005G109770, As005G109730, As005G109810	g643
OG0001587	As005G113630, As005G113750, As005G113720	g28856
OG0001588	As010G223930	g28704
OG0001589	As005G116400	g294
OG0001589	As010G222490	g2698
OG0001590	As012G281820	g19093
OG0001590	As006G143440, As005G118810	g131
OG0001591	As006G123270	g45235, g25470
OG0001592	As008G197260	g49410
OG0001592	As006G123590, As006G123580	g45212
OG0001593	As006G125280	g37956
OG0001593	As008G196140	g26938
OG0001594	As006G126140, As008G195160	g30917, g36607
OG0001595	As006G136270, As006G136260, As006G136250	g12652
OG0001596	As009G204010	g41489
OG0001596	As006G137150	g7805
OG0001597	As009G205500, As006G139340	g10110
OG0001598	As006G139870	g7655, g12496
OG0001598	As009G204700	g29074
OG0001599	As006G141340, As006G141350	g12977
OG0001600	As006G145110	g38040, g51591
OG0001601	As007G154270	g50016, g31730
OG0001601	As010G240560	g46035
OG0001602	As007G157510	g27489
OG0001603	As010G233600	g44691
OG0001603	As007G159420	g32067, g50283
OG0001605	As007G159480	g50292
OG0001605	As010G233470	g45863
OG0001606	As007G179310, As007G179300, As007G179340, As007G179380	g38428
OG0001607	As008G184640	g27192, g31396, g40862
OG0001608	As008G186120, As008G186140	g31310
OG0001609	As009G204900	g29088
OG0001609	As008G197240	g30813
OG0001611	As010G238260	g44470
OG0001612	As011G245190	g7249
OG0001613	As012G270010	g36603
OG0001613	As011G247430	g7100
OG0001614	As012G271870	g13377
OG0001615	As011G261220	g6511
OG0001616	As011G264510	g6085, g22996
OG0001617	As011G266230	g13804
OG0001618	As012G267820	g54383, g27975
OG0001619	As012G276530	g2390, g51590
OG0001641	As001G011100	g19746
OG0001642	As001G012500	g23148
OG0001643	As011G263530	g6125
OG0001643	As001G014740	g18224
OG0001644	As001G021040	g41003
OG0001645	As001G024450	g16672
OG0001646	As008G184320	g31422
OG0001647	As005G112760	g16811
OG0001647	As001G026040	g10515
OG0001648	As004G097600	g46660
OG0001648	As001G026180	g16826, g10503
OG0001649	As004G078610	g16877
OG0001649	As001G027380	g10398
OG0001650	As001G028040	g10329
OG0001651	As002G032930	g17138
OG0001651	As002G048310	g39342, g1077
OG0001652	As002G034080	g7509
OG0001653	As002G034830	g12392
OG0001653	As004G080660	g40223
OG0001654	As005G108360	g45356, g5729
OG0001654	As002G034960	g7461, g13063
OG0001655	As009G213200	g29722, g5634
OG0001655	As002G036620	g12338, g7396
OG0001656	As002G039040	g12282, g7311
OG0001657	As006G132670	g23662
OG0001657	As002G046680	g982
OG0001658	As002G047020	g39381, g1002, g23672, g46994
OG0001659	As002G055320	g45478, g5543, g5544
OG0001660	As003G058550	g24062
OG0001661	As004G084980	g25669
OG0001661	As003G060770	g47439, g23945
OG0001662	As003G060900	g23932
OG0001662	As004G084850	g40389
OG0001663	As003G062880, As004G083340	g40283
OG0001663	As007G158950	g50257
OG0001664	As012G275120	g37099
OG0001664	As003G070920	g50534
OG0001665	As012G274990	g37103
OG0001666	As003G072130	g47936, g22968
OG0001666	As011G264730	g6047
OG0001667	As007G179670	g50945
OG0001667	As003G073520	g22846
OG0001668	As003G073870	g47992
OG0001668	As007G179790	g38452
OG0001669	As003G074980	g18141
OG0001670	As003G075970	g18324
OG0001671	As004G080500	g27911, g40234
OG0001672	As009G214760	g50434
OG0001672	As004G081960	g5693
OG0001674	As004G095240	g24557, g24550
OG0001676	As005G102620	g52171
OG0001677	As012G285380	g2018
OG0001677	As005G104070	g38208
OG0001678	As012G285040	g18928
OG0001678	As005G104530	g37465, g52084
OG0001679	As012G284790	g1981, g18950
OG0001679	As005G104840	g52057, g37451
OG0001680	As005G108210	g8209
OG0001681	As010G220710	g19342
OG0001682	As006G123800	g39630
OG0001682	As008G197100	g49416
OG0001683	As008G196540	g30849
OG0001683	As006G124600	g39695
OG0001684	As006G125200	g39735
OG0001685	As006G125210	g39736, g11120
OG0001686	As006G125380	g51344
OG0001686	As008G196070	g30874, g49454
OG0001687	As006G125460	g51330, g39755
OG0001688	As008G193980	g49536
OG0001689	As006G127840	g49548, g31017
OG0001690	As006G128090	g39914, g51209
OG0001690	As008G193250	g31029
OG0001691	As008G193060	g31044
OG0001691	As006G128380	g39948
OG0001693	As008G192240	g49571
OG0001693	As006G129240	g40011
OG0001694	As009G202860	g45742
OG0001694	As006G136060	g12663
OG0001695	As008G190150	g31130
OG0001695	As006G137700	g7754
OG0001696	As009G206860, As006G138230	g12575, g7720, g12840
OG0001697	As006G140340	g12479
OG0001697	As009G207580	g4650
OG0001698	As006G143090	g51832
OG0001698	As012G282250	g19062
OG0001699	As012G277290	g2342
OG0001699	As006G146140	g51635
OG0001700	As010G242590	g44330
OG0001700	As007G152930	g49971
OG0001701	As007G156550	g50133
OG0001701	As010G237360	g44411
OG0001702	As010G236450	g44369
OG0001702	As007G157320	g31990
OG0001703	As007G157920	g32014
OG0001703	As010G235780	g13615
OG0001704	As007G158980	g50262, g42087
OG0001704	As010G234260	g44653
OG0001705	As007G159350	g32064
OG0001706	As007G162110	g32280, g32278, g50406
OG0001707	As008G182520	g50520, g27692
OG0001708	As009G205470	g4853, g12517
OG0001709	As009G219330	g9836
OG0001710	As010G236530	g31977, g44377
OG0001711	As011G248830	g7002
OG0001711	As012G274730	g24419
OG0001712	As012G272750	g28075
OG0001712	As011G251230	g6825, g11974
OG0001713	As011G251610	g6796, g13343
OG0001714	As011G252860	g11904, g28047
OG0001715	As011G256690	g11711, g13512
OG0001730	As001G000160	g23563
OG0001731	As001G002080	g23431, g23435
OG0001732	As001G002180	g23427, g16986, g5984, g13931
OG0001733	As001G002610	g16983
OG0001733	As007G178980	g38402
OG0001734	As001G003070	g23368
OG0001734	As001G003060	g38394
OG0001735	As011G262440	g6189
OG0001735	As001G012490	g23149
OG0001736	As001G015660	g23007
OG0001737	As004G078750	g37120
OG0001737	As001G015720	g27758
OG0001738	As001G016990, As004G079600	g27779
OG0001739	As001G019330	g41079
OG0001739	As008G188120	g27093, g49695
OG0001740	As001G019770	g44044
OG0001740	As008G187740	g49720
OG0001741	As001G020250	g31248, g38257, g28145
OG0001742	As001G020840	g41024
OG0001742	As011G257950, As011G257920, As011G257860	g6402
OG0001743	As001G021590	g31302
OG0001743	As008G186310	g44158, g40971
OG0001744	As001G025880	g46653, g1606
OG0001745	As001G026390	g10488
OG0001745	As004G097440	g16835
OG0001746	As004G096870, As001G027100, As001G027120	g10411
OG0001747	As001G027980, As001G027730, As008G195410, As007G159990, As007G159980	g1403, g1404, g10336
OG0001748	As004G077690	g46749
OG0001748	As001G028450	g44939
OG0001749	As001G030640	g40779
OG0001749	As004G098210	g46630
OG0001750	As004G097820	g16793
OG0001750	As001G031300	g40839
OG0001751	As002G037600	g7353
OG0001752	As002G038710	g16537, g16527, g16543
OG0001753	As002G038810	g7316
OG0001753	As009G211390	g29651
OG0001754	As002G042850	g28309, g23797
OG0001755	As007G165920, As002G044370	g23739, g47556
OG0001756	As002G045020	g41252, g47647
OG0001757	As006G134330	g47591
OG0001758	As002G050810	g29116, g29393
OG0001759	As002G054860	g9922
OG0001760	As004G089920	g40685
OG0001761	As004G088340	g40586
OG0001761	As003G057090	g24174
OG0001762	As003G057400	g17454
OG0001762	As004G088150	g10974
OG0001763	As003G058120	g17397, g24083, g24555
OG0001764	As004G085570	g40431
OG0001764	As003G060240	g17308
OG0001765	As003G061750	g25735, g25734
OG0001766	As004G083700	g40310
OG0001766	As003G062580	g50682
OG0001767	As010G234740	g45981
OG0001767	As003G063410	g27863
OG0001768	As004G081770, As003G068330	g37066, g51363
OG0001769	As011G264820	g13994
OG0001769	As003G072320	g22958, g47950, g18243
OG0001770	As010G221370	g19380, g2598
OG0001771	As007G179930	g50913
OG0001771	As003G074120	g22804
OG0001772	As003G076250	g18347
OG0001773	As004G081020	g41224
OG0001774	As004G082040	g18427
OG0001775	As004G085690	g47406, g23975
OG0001776	As004G087730	g40549, g6267, g6268, g10998
OG0001777	As004G097230	g25441
OG0001778	As005G099210	g37747, g18737
OG0001779	As012G288510	g18717
OG0001779	As005G099320	g37734
OG0001780	As005G102040	g37582
OG0001780	As012G286670	g18807
OG0001781	As012G286010	g18860
OG0001781	As005G102880	g37540, g52163
OG0001782	As005G104290	g37479
OG0001783	As010G227360, As005G111610	g41404
OG0001784	As005G119200	g96
OG0001784	As010G221340	g19378
OG0001785	As006G121560	g45274
OG0001785	As008G198980	g30736
OG0001786	As008G198930	g30743
OG0001786	As006G122000	g25397
OG0001787	As006G122800	g25440
OG0001787	As008G197950	g49363
OG0001788	As006G123000	g39548, g30781
OG0001790	As006G127300	g51244
OG0001791	As006G127700	g39881
OG0001792	As006G128330	g39937
OG0001792	As008G193120	g49559
OG0001793	As008G193020	g31048, g27000
OG0001793	As006G128540	g37884
OG0001794	As008G192750	g31061
OG0001794	As006G128910	g40021
OG0001795	As006G135530, As009G201960	g12683, g5070, g29203
OG0001796	As006G136170	g7831, g12764
OG0001796	As009G203040	g5002
OG0001797	As009G203550	g41499
OG0001797	As006G136600	g12626
OG0001798	As009G205220	g10099
OG0001798	As006G139450	g7678
OG0001799	As009G206190	g4783, g10141
OG0001799	As006G139460	g7677
OG0001800	As006G140000	g12492, g7649
OG0001800	As009G204500	g29064
OG0001801	As009G208280	g10228
OG0001801	As006G140650	g12462, g7614
OG0001802	As006G142180	g41876
OG0001803	As006G145030	g51583
OG0001803	As012G276500	g2393
OG0001804	As010G243090	g46537, g44308
OG0001804	As007G152670	g31638
OG0001805	As010G242220	g46486
OG0001805	As007G153250	g27352
OG0001806	As010G241430	g18004
OG0001806	As007G153740	g49996
OG0001807	As007G155820	g38011, g51543, g50088, g31856
OG0001808	As010G237420	g44414
OG0001808	As007G156490	g31916
OG0001809	As010G233120	g45827
OG0001809	As007G160050	g32076, g50322
OG0001810	As007G160680	g32154, g50363
OG0001811	As007G161490	g44855, g32219
OG0001812	As010G229440	g44864
OG0001812	As007G161600	g50394
OG0001814	As007G180770	g38524
OG0001816	As009G206600	g10153
OG0001817	As009G213110	g5631
OG0001818	As010G221840	g19405
OG0001818	As009G216230	g543
OG0001819	As010G220640	g9630, g19338, g2518
OG0001820	As010G222410	g19435, g2686
OG0001821	As012G270690	g36567, g36570, g36564
OG0001822	As012G271070	g54248
OG0001823	As011G267030	g5913
OG0001824	As012G277520	g38074, g19180
OG0001825	As012G282110	g19071
OG0001826	As012G283200	g19012
OG0001827	As012G283480, As012G283450	g2068, g2069
OG0001828	As012G286120	g52178, g18842
OG0001844	As001G001080	g17011
OG0001844	As011G266470	g5950
OG0001845	As001G002450, As001G002440	g47745
OG0001846	As011G264180	g6106
OG0001846	As001G015540	g47914, g23015
OG0001847	As001G017560	g47180
OG0001847	As001G017570	g24312
OG0001848	As008G187140	g49729
OG0001849	As001G021660	g44174, g40968
OG0001851	As001G026330, As004G097510	g10491
OG0001852	As004G078430	g46697
OG0001852	As001G027590	g10375
OG0001853	As001G028700	g44973
OG0001854	As001G029220, As001G029200, As001G029210, As012G276250	g42006, g45045
OG0001855	As001G029430	g45079, g17383
OG0001856	As001G032090	g44231
OG0001856	As008G185290	g31351
OG0001857	As002G032760	g47578, g17146
OG0001857	As002G048690	g28595
OG0001858	As005G109210	g29802
OG0001858	As002G035530	g13080, g13076
OG0001859	As002G035950	g12369
OG0001861	As002G037140	g12325
OG0001861	As009G212960	g5622
OG0001862	As009G211910	g5592, g29671
OG0001862	As002G046460, As002G037820	g7348, g12306
OG0001863	As007G164570	g17176
OG0001863	As002G043410	g41165, g1333
OG0001864	As002G046260	g28478, g17095
OG0001865	As002G046430	g969
OG0001865	As006G132520	g23654
OG0001866	As002G046650	g979
OG0001866	As006G132650	g23661
OG0001867	As002G049160	g1109, g23732
OG0001868	As002G051160, As005G109830	g644, g41423
OG0001869	As005G118670	g143
OG0001869	As002G052660	g45544
OG0001870	As002G052840	g9717
OG0001870	As005G118470	g29499, g5412, g45537
OG0001871	As005G118300, As002G053270	g165
OG0001872	As002G053430	g5438
OG0001873	As004G079370, As010G237170, As002G053740	g29556, g45516, g45515
OG0001874	As002G054100	g5476, g29571
OG0001875	As002G054680	g5511
OG0001875	As009G217400	g461
OG0001876	As002G054840	g9928, g440
OG0001877	As002G055330	g9887, g5545
OG0001878	As003G055820	g24262
OG0001878	As004G091220	g40692, g10884
OG0001879	As004G089290, As003G056220	g17515
OG0001879	As003G056320, As012G271310	g10926
OG0001880	As004G088810	g24206, g17489
OG0001880	As003G056580, As003G056590	g17487
OG0001881	As010G228130, As003G064030, As003G058940	g24038
OG0001882	As004G086070	g40459
OG0001882	As003G059590	g24003
OG0001883	As004G085890	g25579
OG0001883	As003G059860	g23985
OG0001884	As007G151870	g49932
OG0001884	As003G060870	g19265, g19275
OG0001885	As003G062560	g50681
OG0001885	As004G083710	g40311
OG0001886	As003G063880	g27908
OG0001886	As004G080230	g40261
OG0001887	As003G064240	g40222, g27954, g35903
OG0001888	As003G069790, As004G081190	g50500
OG0001889	As011G265390	g6013
OG0001889	As003G072760, As003G072740	g47970
OG0001890	As003G074350	g22794
OG0001891	As004G079520	g47567, g49736
OG0001892	As004G082000	g11134, g50432
OG0001894	As006G143010, As004G085550	g51840, g40429
OG0001895	As004G091210	g40693, g10883
OG0001896	As004G093180	g12970
OG0001896	As006G141160	g7592
OG0001897	As011G255780	g11743
OG0001898	As011G254720	g11803
OG0001898	As004G095870	g24500
OG0001899	As011G254110	g13407
OG0001900	As004G098200	g16772
OG0001901	As005G099020	g37758
OG0001901	As012G288710	g1751
OG0001902	As012G288050	g1779
OG0001902	As005G100030	g50807
OG0001903	As012G286750	g1900
OG0001903	As005G101970	g37588
OG0001905	As012G285960	g1946
OG0001906	As012G285370	g2015
OG0001907	As010G222720	g2709
OG0001907	As005G116190	g9820
OG0001908	As009G208110, As005G116440, As005G116410, As005G116450	g18637
OG0001909	As006G122730	g39520
OG0001909	As008G198070	g30775
OG0001910	As006G124200	g39651, g25519
OG0001911	As006G125080	g39729
OG0001911	As008G196240	g26932, g30869
OG0001912	As006G126470	g39819
OG0001912	As008G194820	g49500
OG0001913	As008G194510	g49508, g30949
OG0001913	As006G127010	g39829
OG0001914	As006G127230	g44144
OG0001915	As006G127440	g39857, g37904
OG0001915	As008G194000	g49535
OG0001916	As006G128760	g51175
OG0001917	As006G129560	g39987
OG0001918	As006G131460, As006G131480	g38265
OG0001919	As006G132900	g5191
OG0001920	As006G135730	g29194, g7859
OG0001921	As009G202390	g7857
OG0001921	As006G135780	g12673
OG0001922	As006G139010	g12542
OG0001922	As009G205870	g4799
OG0001923	As006G143780	g37316
OG0001923	As012G281320	g2237
OG0001924	As006G145930	g2348
OG0001925	As006G147060	g37239
OG0001926	As006G147410	g51704
OG0001927	As007G152220	g31615, g49947
OG0001928	As010G241680	g46453
OG0001928	As007G153570	g27363
OG0001929	As007G154160	g44581
OG0001929	As010G240740	g46027
OG0001930	As007G155140	g31800
OG0001930	As010G239150	g44533
OG0001931	As010G238790	g44507
OG0001931	As007G155320	g27422, g50058
OG0001932	As007G155730	g50085
OG0001933	As007G157160, As010G236610	g44384
OG0001934	As007G158150	g50228
OG0001934	As010G235460	g46403
OG0001937	As007G160520	g50346
OG0001937	As010G232650	g44755, g45804
OG0001938	As007G162170, As007G162180	g50401
OG0001939	As007G180980	g18310, g38531
OG0001940	As009G200550	g10279, g12664
OG0001944	As009G212500	g7373, g29692
OG0001945	As010G221720	g10022
OG0001946	As010G222400	g2685
OG0001947	As010G225810	g3074, g3073
OG0001948	As010G226330	g3302
OG0001949	As010G227300	g11549, g34680, g35220
OG0001950	As011G245930	g13205
OG0001950	As012G269040	g27990
OG0001951	As011G247100	g7132, g36619
OG0001952	As011G248940	g13270, g6997
OG0001953	As011G251400	g6813
OG0001954	As011G253050	g11895, g6705
OG0001955	As011G253690	g54225, g36517, g6680
OG0001956	As011G262750	g6159, g13696
OG0001957	As012G275050	g51462
OG0001958	As012G285290	g6198, g6199
OG0001959	As012G285720	g11200
OG0001971	As001G001000	g23497
OG0001971	As011G266510	g13812
OG0001972	As001G002350	g47744
OG0001972	As011G265560	g5992
OG0001973	As001G003210	g23361
OG0001973	As007G178320	g50979
OG0001974	As007G178030	g50991
OG0001974	As001G003630	g47780
OG0001975	As011G262160	g13676
OG0001975	As001G010670	g18165
OG0001976	As001G014460	g47894, g23048
OG0001976	As011G263480	g14109
OG0001977	As004G083090	g51540
OG0001977	As001G017810	g17570
OG0001978	As008G186230	g27146, g49770
OG0001979	As001G023520	g10715
OG0001979	As008G182890	g49908
OG0001980	As001G023690	g10694
OG0001980	As008G183040	g31522
OG0001981	As008G184280, As001G025280	g31424, g49863, g27208
OG0001982	As008G184440	g27205
OG0001983	As005G112750	g16813
OG0001984	As001G026200	g10501
OG0001984	As004G097590	g16827
OG0001985	As003G060640, As001G031850	g49818
OG0001986	As012G283190	g11259, g19013
OG0001986	As002G033250	g51975
OG0001987	As005G109150	g5703
OG0001987	As002G035510	g13074
OG0001989	As002G037240, As002G037260	g7380, g45445
OG0001990	As002G046030	g28469
OG0001990	As006G132420	g23640
OG0001991	As002G046910	g28505
OG0001992	As002G047670, As006G134320	g17128
OG0001993	As006G134180	g23695
OG0001994	As002G049230	g17882
OG0001995	As002G051030	g5318, g29401, g645
OG0001996	As002G051550	g5360, g29428, g18545
OG0001997	As002G053610	g29551
OG0001997	As007G179950	g50914
OG0001998	As005G117250	g9776
OG0001999	As002G055150	g29618
OG0002000	As009G218350	g398, g9883
OG0002001	As004G089230	g40646
OG0002001	As003G056260	g17511
OG0002002	As004G087210	g11025
OG0002003	As003G060220	g23971, g47411
OG0002003	As004G085600	g45153, g40432
OG0002004	As004G084930, As003G060850	g23936
OG0002005	As004G084290	g40350
OG0002005	As003G061860	g47473, g17257, g23876
OG0002006	As003G061930	g23870
OG0002006	As004G084140	g25752
OG0002007	As004G084150	g40342
OG0002008	As004G083850	g40320
OG0002008	As003G062340	g27789, g50667
OG0002011	As003G069960	g32400
OG0002012	As003G071790	g22997
OG0002013	As003G071910	g47926
OG0002014	As003G072220	g22963
OG0002015	As003G073000	g5998, g47975
OG0002016	As007G179840	g38456
OG0002016	As003G073990	g18284
OG0002018	As003G075740	g18309, g22686
OG0002019	As004G079010, As004G079040	g38007, g51534
OG0002021	As004G084130	g47482, g23861
OG0002022	As004G088650	g31717, g10955
OG0002023	As011G254830	g11784
OG0002023	As004G095790	g24513
OG0002024	As004G096090	g17705
OG0002024	As011G254270	g11827, g13414
OG0002025	As005G100670	g37664, g37665
OG0002026	As005G102350	g37566
OG0002026	As012G286200	g18836
OG0002027	As012G283860	g2089
OG0002027	As005G105970	g52000
OG0002028	As006G129780	g11561
OG0002028	As005G114290	g2990
OG0002029	As006G122080	g39467
OG0002030	As006G123400	g39593
OG0002030	As008G197470	g30806
OG0002031	As008G195950, As006G125520	g30882
OG0002032	As006G125680	g39788, g37923
OG0002032	As008G194980	g30925
OG0002033	As008G193380	g31021
OG0002033	As006G127930	g39899
OG0002034	As006G129090	g49567, g51123
OG0002035	As006G134600	g47603, g28513
OG0002036	As009G201600	g5083
OG0002037	As009G201610	g5082
OG0002037	As006G135340	g12751
OG0002038	As011G248890	g13267, g12076
OG0002039	As012G282060	g19073
OG0002039	As006G143240	g38133
OG0002040	As006G145140	g51592
OG0002040	As012G276560	g19213, g2387
OG0002041	As006G145740	g51628
OG0002041	As012G277090	g19201, g2359
OG0002042	As006G148500	g51717
OG0002043	As007G151940	g36367
OG0002044	As010G243920	g46590, g44281
OG0002045	As007G152270	g31617
OG0002045	As010G243670	g13599
OG0002046	As007G152480	g31630
OG0002047	As007G152970	g27341
OG0002047	As010G242530	g46505
OG0002048	As007G153870	g31709
OG0002049	As010G240580	g46033
OG0002049	As007G154260	g27394
OG0002050	As007G156920	g31952
OG0002050	As010G237010	g46276
OG0002051	As007G157010	g39849, g52046
OG0002052	As007G157110	g31966
OG0002053	As007G157350	g31994
OG0002054	As007G159150	g27541, g50275
OG0002054	As010G234050	g45907
OG0002055	As007G159360	g32066
OG0002055	As010G233640	g44687, g45875
OG0002056	As007G166910	g51050
OG0002057	As007G167240	g23291, g47802
OG0002058	As007G179060	g38407
OG0002059	As008G195200	g30913
OG0002060	As010G233260	g45844
OG0002060	As009G200610	g5156
OG0002061	As009G216670	g19418
OG0002062	As009G217750	g9924
OG0002063	As009G220000	g29646, g28729, g1167
OG0002064	As010G220250	g2473
OG0002065	As010G234940, As010G234930	g45965
OG0002066	As010G236630	g46314
OG0002067	As010G237600	g46240
OG0002068	As010G242610	g44329
OG0002069	As010G242720	g46520
OG0002069	As010G242710	g14331
OG0002070	As010G242940	g27338
OG0002071	As011G245310	g7240
OG0002071	As012G268370	g54317, g36719
OG0002072	As012G268720	g27983
OG0002072	As011G245540	g7228
OG0002073	As012G269780	g36629
OG0002073	As011G247000	g7138
OG0002074	As012G274260	g24374, g24365
OG0002074	As011G249220	g12059
OG0002075	As011G266590	g1441, g13813, g13872
OG0002075	As011G266600, As011G266610	g13873
OG0002076	As012G267730	g27974
OG0002077	As012G271430	g54217, g13379
OG0002078	As012G282170	g2187, g19068
OG0002091	As007G165330	g43580, g47632, g3363
OG0002091	As007G167310	g47633
OG0002091	As008G190640	g43089
OG0002092	As001G011000	g33114
OG0002093	As011G262560	g14309
OG0002093	As001G012790	g23109
OG0002094	As001G014220	g23080
OG0002095	As011G264280	g6112
OG0002095	As001G015590	g23012
OG0002096	As001G019160	g41103
OG0002097	As001G020040	g44068
OG0002097	As008G187890	g27105
OG0002098	As001G021050, As001G020990	g44142, g41008
OG0002099	As001G021230	g40988
OG0002100	As008G183510	g31483, g27249, g49897
OG0002100	As001G024090	g1549
OG0002101	As001G026130	g10506, g1611
OG0002102	As006G141360, As001G029120	g36013
OG0002102	As008G193520	g12436
OG0002103	As001G030420	g40755, g7662
OG0002104	As001G031080	g40798
OG0002104	As004G097980	g46645
OG0002105	As008G184590	g31400
OG0002105	As001G031610	g40856
OG0002106	As001G032220	g40922
OG0002107	As012G283100	g2134
OG0002107	As002G033430	g37375
OG0002108	As002G033880	g7519
OG0002109	As002G034790	g5751, g12393
OG0002110	As002G034840	g29838, g5743
OG0002111	As005G109170	g5700
OG0002112	As009G214170	g45411
OG0002112	As002G036200	g7415, g12359
OG0002114	As002G045310	g924
OG0002115	As006G134480	g23671, g47607
OG0002116	As002G047280	g39370
OG0002116	As006G134680	g23680
OG0002117	As002G050550	g45613, g32260
OG0002118	As009G214970	g619
OG0002118	As002G051600	g5365, g29430
OG0002119	As002G052490, As009G215680	g29482, g10034
OG0002120	As009G217000	g496
OG0002120	As002G054310	g5495
OG0002121	As002G055430	g29632
OG0002122	As003G055700	g24269
OG0002123	As004G088050	g10981
OG0002123	As003G057490	g17446
OG0002124	As004G087910	g10983
OG0002124	As003G057570	g47299
OG0002125	As004G087050	g40506
OG0002126	As004G086210	g40466
OG0002126	As003G059150	g24023
OG0002127	As004G084210	g40347
OG0002127	As003G061890	g23872
OG0002128	As004G083870	g40324
OG0002128	As003G062310	g50665
OG0002129	As004G083170	g40276
OG0002129	As003G063110	g32729
OG0002131	As003G070530, As007G154020, As007G153030, As008G197820	g39546, g30788
OG0002132	As003G071840	g18229, g22987
OG0002133	As003G071900	g47931
OG0002134	As003G072310	g18238
OG0002135	As003G073010	g22894, g47976
OG0002136	As003G076020	g18328
OG0002137	As004G078390	g46699, g16892
OG0002138	As004G081040	g37085
OG0002139	As004G082130	g11140
OG0002140	As004G083590	g50698, g50700
OG0002141	As004G094840	g47017
OG0002141	As011G255830	g6494
OG0002142	As012G288880	g18755
OG0002142	As005G098660	g37772
OG0002143	As005G098750	g37767
OG0002144	As005G104820	g37452, g38191
OG0002145	As005G105110	g37430, g2046
OG0002146	As010G226030	g3103
OG0002146	As005G113570	g805
OG0002147	As005G114740	g28776
OG0002149	As010G222900	g46985
OG0002149	As005G116000	g319
OG0002150	As005G119390	g2593
OG0002151	As005G119890	g18262
OG0002151	As011G265280	g13956
OG0002152	As008G199170	g49301
OG0002153	As008G199090	g49304
OG0002154	As006G124450	g39682
OG0002154	As008G197060	g30843
OG0002155	As006G124840	g39712
OG0002156	As011G256260	g39752
OG0002157	As006G126130	g39795, g37925
OG0002157	As008G195150	g30918
OG0002158	As006G134420	g23621, g47637
OG0002159	As009G202140	g5059
OG0002161	As006G137820	g7750, g12813
OG0002162	As011G255490	g6516
OG0002162	As006G139680	g12504
OG0002163	As006G140350	g12940
OG0002164	As006G140400	g12943
OG0002165	As006G141860	g29351
OG0002166	As012G282620	g11267
OG0002166	As006G142540	g51881
OG0002167	As006G143510	g41209
OG0002168	As006G144410	g51549
OG0002168	As012G275860	g19259
OG0002169	As006G147220	g51729
OG0002169	As012G279320	g2306
OG0002170	As010G243340	g46547
OG0002171	As007G152690	g31640
OG0002171	As010G243080	g44309
OG0002172	As010G243060	g46536
OG0002173	As010G242570	g46509
OG0002174	As007G155630, As010G238600	g46175, g44490
OG0002175	As007G157000	g46287, g50161, g31957
OG0002176	As007G158590	g32040
OG0002177	As007G159160	g50276
OG0002177	As010G233980	g45900
OG0002178	As007G159520	g32109
OG0002179	As010G228080	g41650
OG0002179	As007G161940	g32254
OG0002181	As007G180290	g23098
OG0002182	As009G217880	g429, g9911
OG0002183	As008G184110	g31458, g10595
OG0002184	As008G185390	g45501, g49790
OG0002185	As008G185450	g27170
OG0002186	As008G186630	g53350, g27131
OG0002187	As008G187990, As008G187980	g31215, g49701, g12988
OG0002188	As008G194770	g30937
OG0002189	As009G212710	g7385, g29700
OG0002190	As009G214050	g12363, g29764
OG0002191	As009G214800, As009G214810, As009G214820, As009G214830	g11892, g6701, g630
OG0002192	As010G226340, As010G226370	g3318
OG0002194	As011G244820	g12255, g13152
OG0002195	As011G245320	g7239
OG0002195	As012G268390, As012G268380	g54318
OG0002196	As012G274610	g24403
OG0002196	As011G248930	g6998
OG0002197	As011G249530	g12048
OG0002197	As012G273930	g36285, g42129
OG0002198	As011G250040	g12024
OG0002198	As012G273610	g36338
OG0002199	As011G250200	g12020
OG0002200	As011G263110, As011G263100, As011G263120, As011G263140	g14214, g6142
OG0002201	As011G263850	g13719, g14053
OG0002202	As011G264220	g14044, g23013
OG0002203	As011G265590	g45429
OG0002204	As011G265910	g5970
OG0002205	As012G272390	g28061
OG0002206	As012G272700	g28069
OG0002207	As012G274600	g17613
OG0002207	As012G274590	g24402
OG0002209	As012G287010	g52248
OG0002219	As011G266500, As001G001030	g23494
OG0002220	As001G001360	g23465
OG0002220	As011G266370	g13810
OG0002221	As001G001410	g17005
OG0002221	As011G266270	g13806
OG0002222	As001G003170	g23270
OG0002223	As001G003220	g23360
OG0002224	As007G177890	g38364
OG0002224	As001G003870	g23318
OG0002225	As001G004480, As007G167250	g47801, g23292
OG0002226	As001G013710	g18193
OG0002226	As011G262760	g6158
OG0002228	As004G079560	g37134
OG0002228	As001G016920	g32613
OG0002230	As001G023120	g1511, g1509
OG0002231	As001G024520	g10630
OG0002231	As008G183860	g49876
OG0002232	As001G025040	g10592
OG0002232	As008G184120	g49874
OG0002234	As004G078540	g16885
OG0002234	As001G027460	g10384
OG0002236	As004G077180	g16744
OG0002236	As001G029110	g45029
OG0002237	As001G029300	g18056
OG0002238	As001G030680	g40832
OG0002239	As001G032110	g44230
OG0002240	As002G048910	g28624
OG0002240	As002G032600	g47565
OG0002241	As005G106870	g5815
OG0002242	As002G035430	g12375
OG0002243	As002G035850	g54325, g46597
OG0002245	As002G043270	g1337
OG0002246	As002G043800	g1314
OG0002247	As002G043870	g28356
OG0002248	As002G046280	g28479
OG0002248	As006G132480	g23650
OG0002249	As002G046860	g993, g39385, g28500
OG0002250	As002G047680	g47590
OG0002251	As006G134130	g23702
OG0002252	As003G068140, As003G068150, As002G049250	g39303, g47558
OG0002253	As002G050570, As007G162200	g29376
OG0002254	As002G050950	g647, g29398, g45590
OG0002255	As002G051240	g29416
OG0002256	As004G088090	g40571, g10975
OG0002256	As003G057450	g17449
OG0002257	As003G060360	g23963
OG0002257	As003G060350	g47418
OG0002258	As003G071400	g32495, g27717
OG0002259	As003G072530	g22937, g18249
OG0002260	As003G073150	g17283
OG0002261	As003G073200	g22883
OG0002262	As003G073490	g22849
OG0002262	As007G179650	g50946
OG0002264	As003G076150	g18338
OG0002265	As004G078230	g16897, g10355
OG0002266	As004G082310	g37031
OG0002267	As004G094550	g24665
OG0002267	As011G256140	g6478
OG0002268	As011G255280	g6539
OG0002268	As004G095460	g24531
OG0002269	As011G254970	g6555, g13451, g11771
OG0002271	As011G254180	g11837
OG0002271	As004G096150	g24481
OG0002272	As004G096630, As011G253440	g47110
OG0002273	As012G287020	g1884
OG0002273	As005G101670	g52250
OG0002274	As005G102930	g37539
OG0002274	As012G285990	g1939
OG0002275	As005G103040	g38225
OG0002276	As012G285930	g1950
OG0002277	As012G284270	g18975
OG0002277	As005G105240	g52045
OG0002278	As012G283950	g2099
OG0002278	As005G105690	g37403
OG0002279	As005G106590	g44736
OG0002279	As006G136200	g12765
OG0002280	As010G225820	g3075
OG0002280	As005G113800	g41343
OG0002281	As010G225790	g3071
OG0002281	As005G113820	g41340
OG0002282	As005G114390	g852, g28813, g851
OG0002283	As005G118460	g9718
OG0002284	As006G121770	g30740, g39488
OG0002285	As008G196900	g30835, g45264
OG0002286	As006G124410	g39681
OG0002287	As008G194720	g49504
OG0002287	As006G126840	g39824
OG0002288	As006G127520	g39863, g26969
OG0002289	As008G192670, As006G143160, As006G129000	g49564, g31068
OG0002291	As006G131820	g47833, g38293
OG0002292	As006G133070	g29301
OG0002293	As006G135020	g12743, g12694
OG0002294	As009G202150	g5058
OG0002294	As006G135640	g12680
OG0002295	As006G135770	g29193
OG0002296	As006G135950	g7840
OG0002297	As009G202760	g29168, g5019
OG0002297	As006G136000	g12668
OG0002298	As006G136540	g3928, g4013, g4988
OG0002299	As009G205760	g10122, g4804
OG0002300	As009G208050	g10201
OG0002300	As006G140380	g7628
OG0002301	As006G140570	g7618, g10219
OG0002302	As006G145700	g51626
OG0002302	As012G276990	g2364
OG0002303	As007G152260	g27312, g31616
OG0002304	As007G152800	g31644
OG0002305	As010G242620	g44328
OG0002305	As007G152910	g31650
OG0002306	As007G153120	g31658
OG0002306	As010G242410	g44343
OG0002307	As007G155170	g31801, g27417
OG0002308	As007G157100	g31965
OG0002308	As010G236750	g46303
OG0002309	As010G235820	g44361, g46375
OG0002310	As007G158020	g50222
OG0002310	As010G235690	g46385
OG0002311	As007G159800	g50305
OG0002311	As010G233250	g44706
OG0002312	As010G233170	g45832
OG0002313	As010G232070	g45777
OG0002314	As007G161970	g32256
OG0002314	As010G228200	g44890
OG0002315	As007G179120	g50965
OG0002316	As008G189100	g49649
OG0002317	As008G191700	g47012, g49600
OG0002319	As008G197710, As008G197720, As008G197740, As008G197730	g26899
OG0002320	As009G203290, As008G198660	g30746, g49328
OG0002321	As009G210450	g7306, g29347
OG0002322	As009G213810	g29734
OG0002323	As010G226620	g42166
OG0002324	As010G234070, As010G234060	g45908
OG0002325	As011G245000	g7257, g13155
OG0002325	As012G267960	g36738
OG0002326	As011G245270	g13173
OG0002326	As012G268280	g36724
OG0002327	As012G269490	g28000
OG0002327	As011G246480	g7164
OG0002328	As011G247870	g12113
OG0002329	As011G250400	g6884
OG0002329	As012G273150	g54097
OG0002330	As012G273200	g6877
OG0002331	As011G253230	g6690
OG0002331	As012G271530	g36507
OG0002333	As011G262900	g14234
OG0002334	As011G267380	g23564
OG0002335	As012G270830	g54255, g7041
OG0002337	As012G276000	g19243
OG0002338	As012G282580	g2169, g51877
OG0002339	As012G283640	g38158, g18999
OG0002348	As001G000290	g17045, g47668
OG0002349	As001G000470	g17032
OG0002349	As011G267120	g13851
OG0002350	As011G266520	g47694
OG0002351	As007G178570	g38398
OG0002351	As001G002790	g47753
OG0002352	As007G178130	g38383
OG0002352	As001G003450	g47774
OG0002353	As001G015080, As001G015070	g23023
OG0002354	As004G079070	g37140
OG0002355	As001G018710	g43909
OG0002356	As001G019650	g41055, g44032
OG0002357	As001G020450	g2053
OG0002357	As008G187120	g27120, g31253
OG0002358	As008G182760, As001G023080	g49916, g31542
OG0002359	As008G182860	g27279
OG0002360	As001G023460, As001G023470	g1521
OG0002361	As001G026270	g10496
OG0002362	As001G026570	g10468
OG0002362	As004G097290	g16842
OG0002363	As001G026840	g10444
OG0002364	As001G029260	g42039, g11052
OG0002365	As001G029650	g18061
OG0002365	As004G076890	g46853
OG0002366	As001G031630	g31397, g49842
OG0002367	As002G048220	g28557
OG0002369	As002G033860	g51922
OG0002371	As002G034980	g45358
OG0002371	As005G108380	g5726
OG0002372	As002G036740	g7400
OG0002372	As009G213590	g45426
OG0002373	As002G038720	g13134
OG0002374	As002G040940	g23824, g47513, g41151
OG0002375	As002G043310	g28329
OG0002376	As007G165370	g47550, g23760
OG0002376	As002G044030	g41207
OG0002377	As006G132320	g17087
OG0002378	As006G132580	g17102
OG0002378	As002G046560	g28491
OG0002379	As002G048600	g1091
OG0002380	As005G117870	g9741, g202
OG0002381	As002G054200	g29573
OG0002381	As005G116610	g280
OG0002382	As009G217890	g9910
OG0002383	As004G088440	g43975
OG0002383	As003G056960	g24183
OG0002384	As004G086770	g11049
OG0002384	As003G058560	g24061
OG0002385	As004G086410	g40475
OG0002385	As003G059010	g17392
OG0002386	As004G085290	g25638, g25648
OG0002387	As003G073440	g22853
OG0002387	As007G179590	g50951
OG0002388	As003G073710	g22832
OG0002389	As003G075930	g18380
OG0002390	As004G079660	g38001
OG0002391	As004G083620	g40302, g25783, g42642
OG0002392	As004G086380	g25537, g40473
OG0002393	As011G257490	g11684, g11678
OG0002394	As004G094020	g24698
OG0002394	As011G256530	g11723
OG0002395	As011G256330, As004G094350	g6459
OG0002396	As004G095390	g47045
OG0002397	As004G097460	g16834, g1619
OG0002398	As012G288950	g18758
OG0002400	As005G100690	g37663
OG0002400	As012G287710	g1824
OG0002401	As005G101260	g52281
OG0002401	As012G287290	g11169
OG0002402	As005G101600	g38244
OG0002403	As005G103330, As010G239880	g44561
OG0002404	As005G103860	g52120
OG0002406	As005G111770	g28930, g11551
OG0002407	As010G227090	g736, g11520
OG0002408	As010G225340	g2995
OG0002408	As005G114180	g41329
OG0002409	As005G117920	g9733
OG0002410	As010G221420	g2602
OG0002410	As005G119040	g109
OG0002411	As010G240950, As006G120970	g44592, g46020
OG0002412	As006G121270	g26867, g25370
OG0002413	As008G198970	g49311
OG0002414	As008G197140	g30820
OG0002414	As006G123790	g39629
OG0002415	As006G124690	g30861
OG0002416	As006G125040	g39724
OG0002417	As008G195600	g30895
OG0002418	As006G126740	g39822
OG0002418	As008G194760	g49503
OG0002419	As008G193350	g31023
OG0002419	As006G127970	g39903
OG0002420	As006G130200	g40076
OG0002421	As006G130420	g40095
OG0002422	As006G132600	g23659
OG0002423	As006G135160	g29241
OG0002424	As006G135400	g7877
OG0002425	As006G135440	g7873
OG0002425	As009G201750	g29213
OG0002426	As006G135510	g7868
OG0002426	As009G201930	g29204
OG0002427	As006G136130	g12658, g7835
OG0002427	As009G202970	g45746
OG0002428	As006G137190	g12617
OG0002428	As009G204040	g29033
OG0002429	As006G139200	g26997
OG0002430	As006G141940, As011G249920	g7544, g12417
OG0002431	As006G143550	g37319, g51779
OG0002432	As006G143880, As006G143890	g38126
OG0002433	As010G243470	g27327
OG0002433	As007G152330	g49953
OG0002435	As010G240000	g46078
OG0002435	As007G154550	g31757
OG0002436	As007G157780	g32008
OG0002436	As010G235980	g46364
OG0002437	As007G158170	g50229
OG0002438	As007G158300	g32025
OG0002439	As010G235050	g45962
OG0002439	As007G158550	g27521
OG0002440	As007G158900, As007G163640	g18712
OG0002441	As007G159190	g50277
OG0002441	As010G233950	g44665
OG0002442	As007G159670	g50300
OG0002443	As010G232560	g44759
OG0002444	As010G231580	g44816
OG0002444	As007G161090	g32187
OG0002445	As007G165530	g47547, g23762
OG0002446	As007G166970	g23614
OG0002447	As007G167050	g16917, g38322
OG0002448	As007G180990, As010G220930	g19359, g2555, g53842
OG0002449	As008G184400	g49856, g31416
OG0002450	As008G190820	g27021
OG0002451	As008G191270	g31098, g49604
OG0002452	As008G192830	g27006
OG0002453	As008G197420	g39602, g49398
OG0002454	As008G197430	g49397, g30809, g39599
OG0002455	As009G202980	g29152
OG0002456	As009G203970, As011G262850	g4937
OG0002458	As009G207430	g19136, g2270
OG0002459	As009G219300	g18625, g18624, g18616
OG0002460	As009G219940	g28726, g1184
OG0002462	As010G236970	g44396
OG0002463	As010G237210	g13625
OG0002464	As010G239170	g46140
OG0002465	As010G244070	g49938, g27299
OG0002466	As011G246020	g12206, g54343
OG0002467	As011G246390	g36668
OG0002468	As012G269940	g36608
OG0002468	As011G247340	g7108
OG0002469	As012G274440	g47133
OG0002469	As011G249070	g12070
OG0002470	As011G249540	g12047
OG0002471	As011G249710	g12038
OG0002472	As012G273760	g12032
OG0002473	As011G250030	g12025, g28101
OG0002475	As011G255010	g24527
OG0002477	As011G267110	g5906, g13852
OG0002478	As012G269880	g54283
OG0002479	As012G275080	g37101, g18481
OG0002480	As012G282910	g38150
OG0002494	As011G267440	g13840
OG0002494	As001G000070	g17056
OG0002495	As001G000720	g47681, g17023
OG0002496	As007G180720, As001G002930	g50880
OG0002497	As002G048780	g28603
OG0002497	As001G003770	g23322, g47784
OG0002498	As001G003890	g23316
OG0002499	As010G226320	g28878
OG0002500	As001G013480	g23119
OG0002502	As001G017090, As004G079730	g27782
OG0002503	As008G189320, As001G018590, As001G018580	g31144
OG0002504	As008G187560	g31222
OG0002505	As001G020220	g44090
OG0002506	As001G020640	g41026
OG0002506	As008G187030	g31259
OG0002507	As008G182970	g49906
OG0002508	As001G023960	g1534
OG0002508	As008G183400	g49901
OG0002510	As008G184420	g31414
OG0002510	As001G025530	g10556
OG0002511	As001G027330	g10360
OG0002512	As001G030940	g1940
OG0002512	As012G268260	g54315
OG0002513	As002G036190	g12360
OG0002513	As009G214160	g5653
OG0002514	As002G036840	g12336
OG0002515	As002G037470	g12317, g7368
OG0002516	As002G044340, As007G164890	g23740
OG0002517	As002G045300	g23612
OG0002518	As002G047320	g39368
OG0002518	As006G134700	g23682, g17125
OG0002519	As002G047340	g17126, g1021
OG0002520	As002G047720	g28536
OG0002521	As002G051220	g5332, g29412, g45584
OG0002522	As002G053700	g5452
OG0002522	As005G117400	g234
OG0002523	As003G055760	g17553
OG0002524	As004G084950	g40392
OG0002525	As004G080270	g40251
OG0002525	As003G063820	g32992
OG0002526	As003G071140	g50545
OG0002526	As007G164530	g23785
OG0002527	As004G078670	g51486
OG0002527	As003G071590	g32506
OG0002528	As011G264850	g13990
OG0002528	As003G072370	g47952
OG0002529	As003G073400	g22866
OG0002529	As007G179540	g38429
OG0002530	As003G073920	g22822
OG0002531	As003G074720	g22763, g38497
OG0002532	As007G180670	g50884, g36958, g36957
OG0002533	As003G076500	g18367
OG0002534	As004G080330, As004G080320	g25869
OG0002535	As004G084730	g25681, g40383
OG0002536	As004G085350	g25652
OG0002537	As004G085480	g40422
OG0002538	As004G095080	g47035
OG0002539	As004G095560	g47047
OG0002539	As004G095510	g47046
OG0002540	As004G096620	g24438
OG0002541	As005G098580	g18757
OG0002542	As005G100920	g37647, g52297, g1841
OG0002543	As005G101310	g52276
OG0002543	As012G287170	g18688
OG0002544	As005G103360	g52133
OG0002544	As008G195470	g1959
OG0002545	As005G105890, As005G105610, As005G105930	g52001
OG0002545	As012G283910	g2090
OG0002547	As012G283750	g18994
OG0002547	As005G106150	g51994
OG0002548	As005G108450	g51723
OG0002549	As005G111540	g51846
OG0002550	As010G227270	g28928, g721
OG0002551	As010G224410	g2870
OG0002551	As005G115520	g28745
OG0002552	As010G222510	g19427
OG0002553	As005G119590	g9662
OG0002553	As010G221160	g2586
OG0002554	As005G120110, As005G120120, As005G120130	g9636
OG0002555	As008G198480	g26876, g30764
OG0002556	As006G122430	g39507
OG0002556	As008G198330	g49357
OG0002557	As006G127180	g30962, g51253
OG0002558	As006G132660	g17106
OG0002559	As009G200430	g29293
OG0002561	As009G202670, As006G135920	g29180, g5029
OG0002562	As009G206940	g10159
OG0002562	As006G138150, As006G138130	g7734
OG0002563	As006G138330	g7724
OG0002565	As006G144620	g19239
OG0002566	As006G146200	g38071
OG0002567	As007G152810	g31645, g27339
OG0002568	As010G238200	g46196
OG0002568	As007G155930	g31867
OG0002569	As010G237410	g44413
OG0002569	As007G156520	g31917
OG0002570	As007G156590	g31920
OG0002571	As010G236920	g44395
OG0002571	As007G156990	g27479, g31956
OG0002572	As007G157610	g31999
OG0002573	As010G233140	g45829
OG0002573	As007G160020	g50321
OG0002574	As007G161070	g32184
OG0002574	As010G231590	g44818
OG0002575	As008G182790	g15801, g27281
OG0002576	As008G184220	g49865, g31434
OG0002577	As008G192700	g49563
OG0002578	As008G193730, As008G193760	g30994
OG0002579	As008G194090, As008G194110	g30975
OG0002580	As008G194790	g51282, g30935
OG0002581	As008G198400, As008G198390	g49354, g49351
OG0002582	As009G213250	g51466
OG0002583	As010G221700	g19395
OG0002583	As009G215910	g553
OG0002584	As009G219490	g1223
OG0002585	As010G224650	g2897, g28757
OG0002586	As010G231040	g19573
OG0002587	As010G238060	g50096, g46205
OG0002588	As010G239220	g46134
OG0002589	As010G241020	g46015
OG0002590	As011G246160	g12201
OG0002590	As010G241320, As012G269200	g36682
OG0002591	As012G268620	g36711, g54321
OG0002592	As012G269150	g36685
OG0002592	As011G246080	g7192
OG0002593	As012G270160	g54278
OG0002593	As011G247650	g13237
OG0002594	As012G270470, As011G247800	g54271
OG0002595	As012G270810, As011G248280	g7043, g13253
OG0002596	As011G248880	g7000
OG0002596	As012G274650	g17615
OG0002597	As011G249380	g6956
OG0002597	As012G274080	g36277
OG0002598	As011G249910	g13295, g36327
OG0002599	As011G253930, As011G253870, As011G253880, As011G253900, As011G253920, As011G253910	g13398
OG0002600	As011G255050	g7878, g45810, g36026, g37948, g36070, g15600
OG0002601	As011G263820	g38326, g23269
OG0002602	As012G267890	g12252
OG0002603	As012G271860	g13374, g28034
OG0002604	As012G273030	g28081
OG0002605	As012G282930	g11261
OG0002606	As012G284350	g2052, g37438
OG0002607	As012G286060, As012G286070	g18857, g1932
OG0002622	As001G000680	g17024, g23530
OG0002623	As001G003260	g23358, g47763
OG0002624	As001G006190	g23241
OG0002625	As289G297790, As160G296640, As419G298080, As205G296950, As240G297400	g19701, g19762
OG0002626	As001G014170	g23085
OG0002627	As001G014270	g23076
OG0002628	As011G263570	g14084
OG0002629	As004G078820	g51497
OG0002629	As001G015750	g32519
OG0002630	As001G016520, As004G079350	g32552
OG0002631	As001G017580	g17561, g24313
OG0002632	As001G019060	g41111, g31172
OG0002633	As008G188110	g31205
OG0002634	As001G019900	g44057
OG0002634	As008G187830	g31236
OG0002635	As001G021860	g31317, g27156
OG0002636	As001G022990	g31548
OG0002637	As008G183390	g31490
OG0002639	As001G025840	g10531
OG0002641	As001G027640	g10370
OG0002642	As001G028250	g44918
OG0002643	As004G077380	g46778
OG0002643	As001G028850	g44986
OG0002645	As002G048900	g28623
OG0002645	As002G032620	g23725
OG0002646	As002G035470	g7441
OG0002647	As007G163080, As007G163060	g47515, g23827
OG0002648	As002G044830	g28408
OG0002649	As004G083470, As002G045400	g19663, g39221
OG0002650	As002G046120	g28477
OG0002651	As002G046390	g964
OG0002651	As006G132490	g23651
OG0002652	As011G265690	g13933
OG0002653	As002G052290	g29472
OG0002653	As009G215520	g10040
OG0002654	As002G052650	g29493
OG0002655	As002G053250	g5430, g29523
OG0002656	As005G117600	g216
OG0002657	As003G056450	g17502
OG0002657	As004G089010	g24464
OG0002658	As003G058870	g24040, g24039
OG0002659	As003G060340	g47415
OG0002660	As004G085180	g40405
OG0002660	As003G060580	g47428
OG0002661	As003G061470	g23892
OG0002661	As004G084490	g40368
OG0002662	As003G063950	g50771
OG0002662	As004G080190	g25851
OG0002663	As003G068530	g32316
OG0002664	As003G072000, As003G071990	g22979
OG0002665	As003G072390	g22952
OG0002665	As011G264930	g6031
OG0002666	As003G072660	g47968
OG0002667	As003G072790	g22917
OG0002667	As011G265360	g6010
OG0002668	As003G073280, As003G073270	g22874
OG0002669	As003G074060	g22810
OG0002670	As007G180820	g22694
OG0002673	As004G080350	g40246
OG0002674	As004G085250	g25634, g25644, g25647, g25637, g25646
OG0002675	As004G086350	g47365
OG0002676	As011G258120, As011G258130	g13523
OG0002678	As004G093530	g46973
OG0002678	As004G094510	g24655
OG0002679	As004G095650	g11770
OG0002680	As004G095740	g47052
OG0002680	As011G254910	g13450
OG0002681	As005G100710	g37662
OG0002681	As012G287670	g50779
OG0002684	As005G105950	g37398
OG0002685	As006G142160, As005G106640	g5828
OG0002686	As005G109060	g5704
OG0002686	As009G201790, As009G201760	g29212
OG0002687	As010G225290	g2988
OG0002687	As005G114330	g28816
OG0002688	As010G224920	g2913
OG0002688	As005G114620	g1300
OG0002689	As005G115500	g28748
OG0002690	As005G115510	g28747
OG0002691	As010G222530	g19424
OG0002691	As005G116360	g296
OG0002692	As006G121510	g25364
OG0002692	As008G199080	g49307, g49305
OG0002693	As006G123750	g39624, g25489
OG0002694	As006G124270	g39672, g11058
OG0002694	As008G196950	g49428
OG0002695	As008G194410	g30954
OG0002696	As006G129490	g49584
OG0002697	As006G142000, As006G133830	g12985
OG0002698	As006G136330	g12649
OG0002698	As009G203310	g29137
OG0002699	As006G136410	g12771
OG0002699	As009G203390	g4991
OG0002700	As009G204050, As006G137200	g7802
OG0002701	As006G140860	g7608
OG0002702	As012G282650	g2167
OG0002702	As006G142520	g51882
OG0002703	As011G265040	g27696, g32449
OG0002704	As006G145710	g38055
OG0002705	As006G148860	g2302
OG0002706	As010G242850	g44321
OG0002706	As007G152830	g49968
OG0002707	As010G240220	g46062
OG0002707	As007G154380	g31741
OG0002708	As007G155940	g46197, g31869
OG0002709	As007G157250	g44376, g31984
OG0002710	As007G158990	g50263
OG0002710	As010G234240	g44654
OG0002711	As007G159880	g50311, g32082
OG0002712	As007G161180	g32191
OG0002712	As010G231310	g44820
OG0002713	As007G161210	g32193
OG0002714	As008G182320	g27293
OG0002715	As008G182490	g10776
OG0002716	As008G187170	g27116, g27111
OG0002717	As009G202340	g29197, g29196
OG0002718	As009G203250, As009G203380	g29141, g45751, g24561
OG0002719	As009G215820	g18082, g18081
OG0002720	As010G220600, As010G220610	g2515, g2514
OG0002722	As010G232310	g46930
OG0002723	As010G235340	g46417
OG0002724	As010G237080	g44400
OG0002725	As011G244940	g7259, g7260
OG0002726	As011G247620	g7080
OG0002727	As011G248410	g7028
OG0002728	As011G251250	g6824, g11972
OG0002729	As011G252830	g11906
OG0002729	As012G271580	g36468
OG0002730	As011G253790	g11859, g6631, g6632
OG0002731	As011G254440	g13423
OG0002732	As012G271000	g28024, g28021
OG0002733	As012G273010	g36385
OG0002734	As012G275240	g51456
OG0002736	As012G278190	g51687, g2310
OG0002737	As012G282920	g2145
OG0002753	As001G000210	g23558
OG0002754	As011G266760	g47690
OG0002755	As001G004000	g51026
OG0002757	As011G263180	g6141
OG0002759	As004G078810	g17611
OG0002759	As001G015740	g32514
OG0002760	As001G017010, As007G159080	g32620
OG0002761	As011G262270, As001G019870, As001G019840, As001G017230, As001G019880, As001G019890	g41048, g44083, g44097, g44081
OG0002762	As008G185820	g31325
OG0002763	As008G182460	g31563
OG0002764	As008G183640	g27247, g49890
OG0002765	As001G025940	g10524
OG0002766	As004G077360	g18119
OG0002767	As001G031510	g40850
OG0002768	As002G032910	g17139
OG0002769	As002G034270	g13044
OG0002770	As002G042380	g17187
OG0002771	As005G118190	g183
OG0002772	As005G116840	g267
OG0002772	As002G054010	g5471
OG0002773	As002G055290	g29627
OG0002773	As009G218230	g407
OG0002774	As004G087290	g11021, g40519
OG0002775	As003G058200	g24077
OG0002776	As003G059570	g24004, g47380
OG0002777	As003G059960	g23980
OG0002778	As003G061140	g23913
OG0002780	As003G064140	g35931, g35932, g35930, g53697
OG0002781	As003G073970	g22819
OG0002782	As003G074780, As007G180390	g22750
OG0002783	As003G075620	g38544
OG0002784	As004G089990	g24251
OG0002785	As004G091710	g46883
OG0002785	As011G259610	g6326
OG0002786	As004G091990	g46878, g25245
OG0002786	As011G261140	g13588
OG0002787	As004G092210	g46863
OG0002787	As011G258720	g11650
OG0002788	As004G095570	g47048
OG0002789	As004G095840	g47067, g17714
OG0002790	As011G254310, As004G096070	g11822, g13418, g6593
OG0002791	As004G096460	g6636
OG0002792	As004G097100	g46680
OG0002793	As005G099990	g37707, g50808
OG0002793	As012G288160	g1772
OG0002794	As005G101850	g11184
OG0002795	As005G102310	g37570
OG0002797	As012G284220	g2126
OG0002797	As005G105270	g37440
OG0002798	As005G105660	g37407
OG0002799	As005G106610	g5830, g45288, g51706
OG0002800	As005G108500	g5721, g45364, g13485
OG0002801	As005G112300, As010G227050	g738
OG0002802	As005G112600	g41374, g750, g28905
OG0002803	As010G224010	g2806
OG0002803	As005G115960	g1227
OG0002804	As010G221140	g2584
OG0002806	As008G198160	g39513
OG0002806	As006G122540	g25421
OG0002807	As006G123850	g39633, g45204, g49417
OG0002808	As006G126320	g51300
OG0002808	As008G195220	g30911
OG0002809	As006G127320	g39846, g30978
OG0002810	As006G127830	g31016
OG0002812	As008G190700	g49693
OG0002813	As006G132910	g5190
OG0002814	As006G135200	g7894
OG0002815	As009G203420	g29130
OG0002817	As006G137530	g7770
OG0002817	As009G204350	g41472
OG0002818	As006G138270	g12836, g7722
OG0002819	As006G139750	g12924, g12500
OG0002820	As006G140110	g7646, g12486
OG0002822	As006G144050	g7751
OG0002823	As006G144770	g19219, g37161
OG0002824	As006G146920	g2324, g51674
OG0002825	As010G243950	g46592
OG0002825	As007G152100	g27306
OG0002826	As010G243210	g46542
OG0002826	As007G152490	g31631
OG0002827	As007G153850	g50002
OG0002828	As007G153940	g50004
OG0002828	As010G241060	g44599, g46011
OG0002829	As007G154360	g31738
OG0002830	As010G238970	g44514
OG0002830	As007G155230	g31809
OG0002831	As010G238770	g44504
OG0002832	As007G156660	g31924
OG0002832	As010G237250	g46264
OG0002833	As007G156670	g31939
OG0002833	As010G237240	g46265
OG0002834	As007G159790	g50304, g32086
OG0002835	As010G232250	g45780
OG0002835	As007G160850	g32164
OG0002836	As007G161170	g50375
OG0002837	As007G161340	g41550, g50381
OG0002838	As007G162790	g23841, g17220
OG0002840	As007G180880	g22693, g50872
OG0002841	As008G195240	g39799, g49487
OG0002842	As008G197280, As008G197290, As008G197270	g26904
OG0002843	As009G217030	g495
OG0002845	As009G204620	g41455, g7654
OG0002846	As009G207360	g1354, g46810, g4672
OG0002847	As009G211870, As009G211860	g27977, g54373
OG0002848	As009G216240	g10014, g11380
OG0002849	As010G221970	g19410
OG0002849	As009G216340	g534
OG0002850	As009G218290	g403
OG0002851	As009G216910	g18583
OG0002851	As010G222370	g2683
OG0002852	As009G216990	g9974
OG0002853	As009G218380	g396
OG0002855	As009G219680	g12732, g1211
OG0002856	As009G219710, As010G223780	g1208
OG0002857	As010G221240	g11366
OG0002859	As010G224720	g19567
OG0002860	As010G226110, As011G263240	g23081, g14206
OG0002861	As010G233890	g49366, g44667
OG0002862	As010G239100	g46141, g44527
OG0002863	As010G243440	g46557, g31622
OG0002864	As011G245390	g13177, g7235
OG0002865	As011G245720	g12217, g13195
OG0002866	As011G245990	g54340
OG0002867	As011G246110	g12202
OG0002867	As012G269170	g36684
OG0002868	As011G247630, As012G270140	g7079, g12140
OG0002869	As012G271540	g28048
OG0002870	As011G260220, As011G260320, As011G260230, As011G260250	g10754
OG0002872	As011G263520	g23978, g14096
OG0002874	As011G267620	g13833, g23576
OG0002876	As012G272980	g36389
OG0002877	As012G281230	g2240, g37314
OG0002878	As012G282870	g2148
OG0002880	As012G283930	g18990, g29712
OG0002890	As011G267320	g13827
OG0002890	As001G000270	g47665
OG0002891	As007G179070	g38409
OG0002891	As001G002500	g23397
OG0002892	As007G176760	g38337, g51036
OG0002892	As001G004370	g16940
OG0002893	As001G004560	g16934, g38334
OG0002894	As010G226250	g11464
OG0002894	As001G005380	g23250
OG0002895	As006G131970	g53184
OG0002895	As001G005770	g23220
OG0002896	As001G012130	g23160
OG0002897	As001G014440	g23058
OG0002898	As001G014610	g14102
OG0002899	As001G016720	g32594
OG0002900	As004G079980	g38008
OG0002901	As001G021000	g41007
OG0002902	As001G021920	g40940
OG0002903	As001G022250	g27296, g27295
OG0002904	As001G023030	g1508
OG0002905	As001G026940	g10433
OG0002906	As001G031240	g40782, g44966, g16790
OG0002907	As002G049140	g28642
OG0002907	As002G032540	g17149
OG0002908	As002G034870, As002G049680	g28676
OG0002909	As002G036070	g13104
OG0002909	As009G214320	g5667
OG0002910	As002G037490	g7367
OG0002911	As002G039050	g7310, g29332
OG0002912	As002G045830	g39444
OG0002913	As002G046250	g23646
OG0002914	As002G047770, As006G134250	g23690
OG0002915	As002G049850	g28682, g39281
OG0002916	As002G050530	g27623
OG0002917	As002G051300	g5336
OG0002918	As002G054630	g469, g45497
OG0002919	As002G055050	g5533
OG0002920	As002G055540	g5564
OG0002921	As003G055710	g24268
OG0002921	As004G091060	g40703
OG0002922	As004G089490	g24242
OG0002923	As003G059680	g23996
OG0002924	As004G085010	g40397
OG0002924	As003G060750	g47436
OG0002925	As003G060930	g23930
OG0002926	As003G062430, As004G083750	g40315
OG0002927	As004G083280, As004G083270	g40280
OG0002927	As003G062980	g50717
OG0002928	As003G063290	g32748
OG0002928	As010G234620	g44634
OG0002929	As003G063510	g50241
OG0002931	As003G071890	g47925, g22984
OG0002932	As003G073230	g22880
OG0002933	As003G073620	g47985, g38445
OG0002934	As003G074190	g47998
OG0002934	As007G180010	g36927
OG0002936	As003G075770	g22683
OG0002937	As003G075880, As003G075870	g18318, g22672
OG0002938	As003G076270	g18349
OG0002938	As007G182120	g50844
OG0002939	As004G080670	g40218, g25941
OG0002940	As004G080970	g40213, g25942
OG0002942	As011G255680	g6510
OG0002943	As004G097800	g14376
OG0002944	As012G288390	g1757
OG0002944	As005G099470	g37730
OG0002945	As011G262010, As005G099620	g44298, g1161
OG0002946	As005G100780	g37656
OG0002947	As012G286270	g11185, g18831
OG0002949	As005G102770	g37550, g37551
OG0002950	As005G102900, As005G120840	g19311
OG0002951	As005G103310	g52138, g52140
OG0002952	As005G103620	g38217
OG0002953	As005G103850	g52121, g37504
OG0002954	As005G103920, As012G285590	g38212
OG0002956	As005G112690	g41372
OG0002957	As005G114440	g28806
OG0002958	As007G178300, As005G115210, As005G115130, As005G115110	g819, g821, g1256, g820
OG0002959	As005G118360	g9720
OG0002960	As005G119270	g19372, g9672, g86
OG0002961	As005G120200	g9633
OG0002962	As006G120960	g37634, g18620, g54015
OG0002964	As006G123120	g25462, g1474
OG0002965	As006G124330	g39675, g11063
OG0002966	As006G124460	g11076, g39683
OG0002967	As008G196470	g30857
OG0002968	As008G196450	g30859
OG0002968	As006G124680	g11089
OG0002969	As008G196060	g30875
OG0002970	As008G195970	g30880
OG0002971	As008G195980	g49459
OG0002971	As006G125540	g51336
OG0002972	As008G195210	g30912
OG0002972	As006G126330	g39798
OG0002973	As008G193960	g49537
OG0002973	As006G127510	g39862
OG0002974	As006G129330	g51113, g49575
OG0002975	As006G132020	g16915
OG0002976	As006G133020	g5184, g7934
OG0002977	As009G200420	g29296, g5176
OG0002978	As006G134070	g39265
OG0002979	As006G134610	g1013, g17123
OG0002980	As009G206310	g10144
OG0002981	As006G139720	g12923
OG0002982	As006G144850	g37163, g51576
OG0002984	As006G145240	g37177
OG0002985	As006G145790, As006G145780	g38063
OG0002986	As006G146440, As006G146490, As012G283220, As012G283210	g5337
OG0002987	As007G152650	g49961, g31637, g49959
OG0002988	As007G155970	g50095, g27436
OG0002990	As007G161280	g27606
OG0002991	As007G165450	g23761
OG0002993	As008G188150	g49620, g31203
OG0002995	As008G197220	g26905
OG0002996	As009G211470	g4855
OG0002996	As009G205440	g4856, g10105
OG0002997	As009G207200	g10179
OG0002998	As009G211120	g5581
OG0002999	As009G213270	g45427
OG0003000	As009G217860	g431
OG0003001	As009G218700	g370
OG0003003	As010G241350	g31698, g44606
OG0003004	As011G246950	g13225
OG0003005	As012G274670	g24408
OG0003005	As011G248900	g7001
OG0003006	As012G274340	g47138
OG0003006	As011G249140	g6985
OG0003007	As011G249150	g47148
OG0003008	As012G273130	g36364
OG0003008	As011G250370	g6887
OG0003009	As012G272550	g36414
OG0003010	As012G271740	g36487
OG0003011	As011G255440	g11754
OG0003012	As011G256320, As011G256300	g6460
OG0003013	As011G263620	g23034
OG0003014	As011G264920	g6032
OG0003015	As011G266410	g13899
OG0003016	As012G271370	g36516
OG0003017	As012G271460	g36510, g54215
OG0003019	As012G282450, As012G282290	g12156
OG0003020	As012G285870	g52153, g1955
OG0003033	As001G000700	g23528
OG0003033	As011G266880	g5922
OG0003034	As002G038300	g47729
OG0003034	As001G002000, As001G001990, As001G001960, As001G001980, As001G001970	g23441
OG0003036	As001G012870	g23117, g14285
OG0003038	As001G015900	g32524
OG0003039	As001G020340	g41045
OG0003040	As001G020420	g44102
OG0003041	As001G021030	g44139
OG0003042	As001G026770	g10453
OG0003044	As008G185100	g31374
OG0003044	As001G031920	g40886
OG0003045	As002G037950, As002G037960	g12300, g13127
OG0003046	As002G045170, As002G045180	g921, g23590
OG0003047	As005G117310	g241
OG0003048	As002G054230	g5488
OG0003049	As003G055940	g10898
OG0003049	As004G089930	g40686
OG0003050	As003G060760	g47437
OG0003052	As003G063420	g32769
OG0003053	As004G080710	g40202
OG0003054	As003G065530	g36243
OG0003054	As004G082430	g28117
OG0003055	As004G081510	g51393
OG0003055	As003G068720	g27652
OG0003057	As003G071950	g22980
OG0003058	As003G073190	g18263
OG0003059	As004G078830	g51498
OG0003060	As004G085950	g40456, g25564, g17817
OG0003061	As004G091040	g10867
OG0003062	As004G091700	g25247, g46884
OG0003063	As011G256870	g6442
OG0003063	As004G093720	g24730
OG0003065	As004G096320	g6603, g11854
OG0003066	As005G098610	g40802
OG0003066	As012G288910	g28238
OG0003067	As005G101750	g37607
OG0003068	As005G103410	g37522, g52132
OG0003069	As005G106180	g37390
OG0003070	As005G112350	g28913
OG0003071	As010G225530	g834
OG0003072	As005G114410	g28811
OG0003073	As005G117990, As006G139190	g10117
OG0003074	As010G221490	g19388
OG0003075	As010G221440	g2604
OG0003076	As005G119750	g2566
OG0003079	As008G199130	g26866
OG0003080	As006G127070	g39830
OG0003080	As008G194380	g30956
OG0003081	As006G127990, As007G162840, As009G218020	g39905
OG0003082	As006G128060	g11581
OG0003083	As008G192920	g27003
OG0003083	As006G128710	g51176
OG0003085	As006G130800	g40121
OG0003086	As011G265890	g45629
OG0003087	As006G136280	g12768
OG0003087	As009G203210	g4993
OG0003088	As006G138140	g6578, g11813, g41802, g11810
OG0003089	As006G139090	g12535
OG0003090	As009G204770, As009G204780	g4897
OG0003090	As006G139800, As006G139810	g12925
OG0003091	As006G147120, As006G147140	g37263
OG0003091	As012G278880	g2459
OG0003092	As208G297030, As006G149250	g20044, g20047, g34723, g22137, g48984, g20480, g34718, g21275, g20470, g22141, g54397, g22133, g22139, g22143, g22134, g54399, g54396, g22142, g22135, g21268, g20036, g48983, g20474, g22264, g22136, g54398, g3772, g22138, g20020, g22144, g22140, g20459, g20042, g48980
OG0003093	As010G243940	g44280
OG0003093	As007G152110	g49943
OG0003094	As007G153470	g31681
OG0003095	As007G153700	g31691
OG0003097	As007G160110	g50327
OG0003098	As008G182610, As008G182620	g27285
OG0003099	As010G221090, As008G186160	g19364, g19363
OG0003100	As008G193240	g26992
OG0003101	As009G200630	g5155
OG0003102	As009G211480	g45628, g5240
OG0003103	As009G218070	g18597
OG0003104	As009G218280	g404
OG0003106	As010G220410	g2490
OG0003108	As010G227010	g739
OG0003109	As010G240450	g32816
OG0003111	As011G245300, As012G268350	g13176, g7241
OG0003112	As012G268700, As011G245490	g7555
OG0003113	As011G248020	g7056
OG0003114	As011G251340, As011G251350, As012G272710	g11967, g6816
OG0003115	As012G271390, As011G253330	g11875
OG0003116	As011G255420	g6528, g6525
OG0003117	As011G257560	g6437, g17884
OG0003118	As011G259380	g39535
OG0003119	As011G263390	g13706, g14198
OG0003120	As011G263430	g47892
OG0003121	As012G269010	g7203, g27988
OG0003122	As012G274910	g51476, g50553
OG0003124	As012G278130	g51685
OG0003139	As001G001020	g23495
OG0003141	As001G013880, As001G013890	g47877
OG0003142	As001G015570	g23014
OG0003143	As001G018020	g47162
OG0003144	As008G186710	g31281
OG0003145	As001G021160	g31282, g40997
OG0003146	As001G023390	g10724
OG0003147	As001G025910	g10526
OG0003148	As004G097620	g16821
OG0003149	As001G027350	g18599
OG0003150	As001G027700	g10367
OG0003151	As001G029590	g18127
OG0003152	As001G030740	g40823
OG0003153	As001G030750	g40822
OG0003154	As004G097870	g16792
OG0003154	As001G031280	g40781
OG0003155	As009G214140, As002G036180	g5657
OG0003156	As002G042480	g36284, g42124
OG0003157	As006G134590, As002G047110	g17122
OG0003158	As002G053170	g29517, g29515, g5427
OG0003159	As004G086760	g47343
OG0003159	As003G058570	g17382
OG0003160	As004G082280	g37039
OG0003160	As003G065950	g32292
OG0003161	As003G074400	g22790, g18291
OG0003162	As004G079140	g18055
OG0003164	As004G094040	g24694
OG0003165	As010G242190, As004G096240	g46482
OG0003166	As012G287420	g1861
OG0003167	As005G101620, As005G101630	g52255
OG0003168	As005G106450, As005G106500	g13010
OG0003169	As005G107740	g13057, g29848, g5781
OG0003170	As005G119110	g104
OG0003171	As006G122380	g39504
OG0003174	As006G124110	g39645
OG0003175	As008G195660	g49468
OG0003176	As006G125980, As006G125970	g18628, g18630
OG0003177	As006G128880	g51160
OG0003178	As009G200280	g5213, g45638
OG0003179	As009G200340	g29325
OG0003180	As009G207110	g10174
OG0003180	As006G137880	g12814
OG0003181	As006G138760	g7702, g12869
OG0003182	As006G142190	g13009, g7525
OG0003183	As006G143710	g6279, g51761
OG0003184	As006G144650	g38026, g51569
OG0003185	As006G148040	g51705
OG0003186	As007G154910	g31785
OG0003186	As010G239450	g27408
OG0003187	As007G156370	g27452, g50127
OG0003188	As007G156780	g27466
OG0003190	As010G235870	g46371
OG0003191	As007G158880	g44387
OG0003193	As007G162010	g32258
OG0003194	As007G178260	g38388
OG0003195	As007G180480	g36937, g38519
OG0003196	As008G182440	g31567
OG0003197	As008G184830	g49819
OG0003198	As008G189210	g49651
OG0003199	As008G190490	g13683
OG0003200	As008G190800	g49687
OG0003201	As008G194490	g49461
OG0003202	As008G197050	g50865
OG0003203	As009G206950	g7710
OG0003204	As009G214600	g5686
OG0003205	As011G256540	g18134, g46111
OG0003206	As009G215340	g18563, g593
OG0003207	As009G217560	g451
OG0003208	As010G236670, As010G236680	g17964
OG0003209	As011G246360	g7169
OG0003210	As011G246440	g7166
OG0003213	As011G248330	g12097, g28015
OG0003214	As011G250070	g12022
OG0003215	As011G250690	g6865, g11999
OG0003216	As011G265500	g6023
OG0003217	As011G267290	g5895
OG0003218	As012G270030	g36167, g36601
OG0003219	As012G271490	g11880
OG0003220	As012G272530	g54153
OG0003221	As012G275000	g51354, g51355
OG0003222	As012G281200	g11285, g36096
OG0003223	As012G282130	g23265, g47816
OG0003224	As012G282320, As012G282440	g2178
OG0003225	As012G284760	g18953
OG0003226	As012G285770	g1962, g11195
OG0003247	As007G178960	g36887
OG0003249	As001G004570	g47803
OG0003250	As001G004950	g16922, g23274, g51040
OG0003251	As001G010070	g47094
OG0003252	As001G012160	g18174, g18180, g18169, g18177, g18172, g18175, g18178, g18176, g18171
OG0003253	As006G124430, As006G124420, As001G012340	g11073, g11068, g11074
OG0003254	As001G012950, As001G013440	g52018
OG0003254	As005G104800, As001G012960	g38192
OG0003255	As004G078910	g31237
OG0003256	As001G024690	g31440, g1571
OG0003257	As001G026920	g10438, g16854
OG0003258	As001G028150	g10315
OG0003260	As002G043840	g19045
OG0003261	As002G044920	g905
OG0003262	As002G045810	g47629
OG0003263	As006G134380	g47612
OG0003263	As002G046720	g986
OG0003264	As002G051950	g5379
OG0003265	As002G052510	g29484
OG0003266	As009G217180	g482
OG0003266	As002G054550	g5505
OG0003267	As002G054690	g29596
OG0003268	As003G057170	g24165
OG0003269	As003G063720, As003G063650, As003G063670, As003G060450, As004G085330	g40412
OG0003270	As003G064000	g50744
OG0003271	As003G068290	g50449
OG0003272	As003G071130	g25929
OG0003273	As012G274890	g32478
OG0003275	As003G071920	g22983
OG0003276	As003G072620	g22926
OG0003276	As011G265520	g6024
OG0003277	As003G072780	g22918, g13960
OG0003278	As003G076070	g18331
OG0003279	As003G076080	g18013, g18332
OG0003280	As004G079190	g37138
OG0003282	As004G092460	g6356, g13572
OG0003283	As004G093520	g24796
OG0003284	As004G094590	g47011
OG0003285	As004G094820	g24608, g47706
OG0003286	As004G095820	g24504, g24502, g11801
OG0003287	As004G096020	g17708, g24495
OG0003289	As005G103340	g37525
OG0003290	As005G107020	g5802
OG0003291	As008G189290	g18494
OG0003291	As005G112190	g41893, g3284, g43928, g32881, g18672, g53160, g35659
OG0003291	As008G189300	g25200, g25562, g37681, g24789
OG0003292	As005G113660, As010G225920	g810
OG0003293	As010G222620	g19420
OG0003293	As005G116260	g9818
OG0003294	As005G117700	g29542
OG0003295	As010G221600	g11375
OG0003295	As005G118770	g9697
OG0003296	As005G120210	g33
OG0003296	As010G220690	g2526
OG0003298	As006G124470	g11077, g39684
OG0003299	As006G126230	g39808, g26953
OG0003300	As006G128530	g51183
OG0003301	As006G130610	g40132, g40134
OG0003302	As006G131610	g38278, g23196
OG0003304	As006G142030	g7537
OG0003305	As009G202840	g29155, g5015
OG0003306	As006G138040	g7739, g10163
OG0003307	As006G138370	g4679
OG0003308	As006G141290	g7579
OG0003309	As006G148620, As009G212270	g17178
OG0003310	As007G153460	g31680
OG0003311	As007G153610	g27367
OG0003312	As010G240150	g46063
OG0003312	As007G154450	g31770
OG0003313	As007G154590	g31755
OG0003314	As010G238780, As007G155340	g44505, g46161
OG0003316	As007G158290	g46427
OG0003317	As007G158600	g50249, g27523
OG0003318	As007G159430	g50284
OG0003319	As007G160400	g27582
OG0003320	As007G161580	g32224
OG0003321	As007G176610	g38336
OG0003322	As008G185720	g31329
OG0003323	As008G192340, As008G192600	g49570
OG0003327	As009G213040	g29713
OG0003328	As009G216640, As010G222160	g18579, g18577, g18575
OG0003329	As010G229480	g41604
OG0003330	As010G232880	g44723, g27574
OG0003331	As010G235720	g13613
OG0003332	As010G238330	g31854, g44474
OG0003333	As010G239610	g46105, g50041
OG0003334	As010G242170	g46480
OG0003336	As012G268160, As011G245170	g13163, g13164
OG0003337	As011G249300	g54036
OG0003338	As011G254220	g11833, g13411
OG0003339	As012G269870	g7129
OG0003340	As012G283900	g18989
OG0003341	As012G284510, As012G284500	g2040
OG0003343	As012G288080	g1320, g1775
OG0003359	As001G004550	g16936
OG0003360	As001G004820	g16924, g23277
OG0003361	As001G006980	g20178, g8144
OG0003362	As001G012370	g23153
OG0003363	As011G262480	g18203
OG0003364	As001G014620	g47897
OG0003365	As001G014810	g24361, g23159
OG0003366	As001G017300, As004G079860	g51503
OG0003367	As001G023260	g10734
OG0003368	As001G023790	g25065, g25042, g10684
OG0003369	As001G024340	g1558
OG0003370	As008G184030	g49873
OG0003370	As001G024850	g10607
OG0003371	As004G097400	g16837
OG0003371	As001G026520	g1625
OG0003372	As004G078490	g16888
OG0003372	As001G027560	g10379
OG0003373	As001G028790	g44980
OG0003373	As004G077410	g46774
OG0003374	As001G029750	g45116
OG0003375	As001G031110	g16788
OG0003375	As004G097950	g46648
OG0003376	As002G033240, As002G032580	g47564, g23728
OG0003378	As002G040740	g47505, g47506
OG0003379	As002G047130	g1008
OG0003380	As002G049460	g1138, g39290, g28659
OG0003381	As002G049570	g39288
OG0003382	As002G053070	g29508
OG0003383	As009G218010	g423
OG0003383	As002G055090	g5535, g29612
OG0003384	As003G057350	g17456
OG0003385	As003G058630, As004G086710	g24054, g17378
OG0003386	As008G183260, As008G183150, As011G253860, As003G060190	g23972
OG0003387	As004G083680	g40309
OG0003387	As003G062620	g50688
OG0003390	As003G070950	g32462
OG0003391	As011G265200, As003G072890	g18256, g22910
OG0003392	As003G074460	g22784, g18297
OG0003393	As003G074560	g18300
OG0003393	As007G180240	g50899
OG0003395	As004G084260	g25748
OG0003396	As004G084450	g43177
OG0003397	As004G088040	g40567
OG0003399	As004G094640	g52014
OG0003400	As004G094890	g17813, g47020
OG0003402	As004G096470	g47104
OG0003403	As012G288800, As005G098850	g18747
OG0003404	As005G099700	g37720
OG0003405	As012G285790, As005G103390	g1961
OG0003406	As005G104810	g10651
OG0003407	As006G142110	g13005
OG0003408	As010G221480	g19387
OG0003409	As005G119220	g9680, g94
OG0003411	As006G123300	g45237, g45241
OG0003412	As008G195230	g30910
OG0003413	As006G127980	g39904, g51218
OG0003414	As009G213050	g29714
OG0003415	As006G133010, As006G132990	g7935
OG0003416	As009G202130	g29198
OG0003417	As006G138460	g4691
OG0003418	As006G138650	g12855, g7711
OG0003419	As009G204810	g29079
OG0003421	As006G144990	g37164
OG0003422	As006G146040	g51633
OG0003422	As012G277250	g2346
OG0003424	As006G147230	g38098
OG0003425	As007G152070	g31602
OG0003426	As007G153720	g31692, g49995
OG0003427	As007G156960	g27478
OG0003428	As007G157140	g50167, g31968
OG0003429	As007G157150	g31971
OG0003430	As007G160070	g32074
OG0003431	As007G160430	g32130
OG0003432	As007G161360	g50384, g41555
OG0003433	As007G176830	g38343, g23298
OG0003434	As007G179680	g36913
OG0003435	As008G186250	g25165
OG0003436	As008G188270, As008G188260	g31185, g27083
OG0003437	As009G200110	g27395, g13348
OG0003438	As009G200700	g7925, g45676
OG0003439	As009G203440	g28985
OG0003440	As009G203860	g5969
OG0003442	As009G219280	g330
OG0003444	As010G223080	g19489, g2762, g50663
OG0003446	As010G233880	g45889
OG0003448	As010G242830	g44322
OG0003449	As011G244700	g12268, g7280
OG0003450	As011G245440	g13189
OG0003451	As011G249780, As011G249760	g13291
OG0003452	As011G250120	g6906
OG0003453	As011G250250	g6893
OG0003454	As011G262740	g6160
OG0003455	As011G263340	g23071, g18213
OG0003456	As011G267510	g5886
OG0003457	As012G281150	g2258
OG0003458	As012G286630, As012G286600	g18818
OG0003481	As001G001730	g47714, g16999
OG0003482	As001G002340	g5991
OG0003483	As001G003300	g36247
OG0003484	As001G004940	g23275
OG0003485	As005G117350	g9767
OG0003486	As006G126730, As006G124720, As004G079930, As001G018450	g28875
OG0003486	As011G253710	g13394
OG0003487	As001G018480	g31135
OG0003488	As001G019520	g41077
OG0003489	As001G020530	g44107
OG0003490	As008G186500	g24766, g31300, g49765
OG0003491	As001G026430	g10485
OG0003492	As001G029250	g46829
OG0003493	As002G035090	g7456, g13597
OG0003495	As002G043280, As010G230860	g1336, g41160
OG0003496	As002G044500	g891
OG0003497	As002G048990	g39308
OG0003498	As002G052050	g5383, g29453
OG0003499	As002G053620	g5449, g229
OG0003500	As005G117030	g256
OG0003501	As002G053940	g6776
OG0003502	As003G059690	g47388, g23995, g23992
OG0003503	As003G061590	g23896
OG0003504	As003G063140	g32731, g50730
OG0003505	As003G063630	g40245, g25875
OG0003506	As003G071210	g50548
OG0003507	As003G071290	g32490
OG0003508	As011G264580	g6053
OG0003508	As003G071930	g22982
OG0003509	As003G072510, As011G265050	g47964
OG0003510	As003G073500	g22848
OG0003511	As004G077480	g46767
OG0003512	As004G082150	g36183
OG0003513	As004G086220	g40467
OG0003515	As004G090550	g40726
OG0003517	As011G258520, As004G092880	g25845, g18080
OG0003518	As004G093510	g11682
OG0003520	As011G255310, As004G095400, As004G095420	g13463
OG0003521	As005G101360	g16812, g37623
OG0003522	As005G102020, As012G286680	g37583
OG0003523	As005G104950	g2039, g11216
OG0003524	As005G116500	g287
OG0003526	As005G118840	g128
OG0003526	As010G221590	g11372
OG0003527	As005G119570	g65
OG0003528	As006G128300	g39934, g51191
OG0003529	As006G132680	g17107
OG0003530	As009G201820	g29211
OG0003530	As006G135480	g7869
OG0003531	As006G139510	g12908
OG0003532	As006G140580	g12465
OG0003533	As006G143930, As006G143600	g51775
OG0003534	As012G281180, As006G143730	g2259
OG0003535	As006G145120	g38041, g37173
OG0003536	As007G153480	g31682
OG0003536	As010G241850, As010G241810	g27360
OG0003537	As007G154540	g31758, g50035
OG0003538	As007G155370	g50059
OG0003539	As007G158680	g45973
OG0003540	As007G159330	g32062
OG0003541	As010G233300	g45851
OG0003542	As007G161510	g18026, g27614, g50390
OG0003544	As007G161850	g46828
OG0003545	As008G186910	g51027, g38358
OG0003546	As008G194740	g51277
OG0003547	As009G203240	g45750
OG0003548	As009G204690	g41451
OG0003549	As009G207460, As009G207450	g12933
OG0003550	As009G209470	g10240
OG0003551	As009G215900	g554, g18567
OG0003552	As009G219230	g16653
OG0003553	As009G219420	g18617
OG0003554	As010G220780, As010G220790	g19347, g19348
OG0003555	As010G222500	g26281, g19428
OG0003556	As010G234140	g50270
OG0003557	As010G239860, As011G256410	g46089
OG0003558	As010G242270	g46489
OG0003559	As010G242900	g44319, g49967
OG0003560	As012G269530	g13214
OG0003561	As011G246970	g7140
OG0003562	As011G249020	g6990
OG0003563	As012G272950	g6849
OG0003564	As011G253610	g6677
OG0003564	As012G271290	g28030
OG0003565	As011G255630, As011G255600	g17770
OG0003566	As011G256770	g41980, g41880, g43825, g24434, g16966, g14627, g23388, g4499, g43299, g26835, g4408, g43358, g11619, g4395
OG0003567	As011G265090	g5994
OG0003568	As012G285390	g18126
OG0003584	As001G001330	g47696
OG0003585	As004G094370, As001G001560	g2188, g4871
OG0003586	As001G002510	g47749, g23394
OG0003587	As001G004330	g32838
OG0003588	As009G214690, As009G214680	g29793
OG0003589	As001G013500	g23120, g47871
OG0003593	As001G023410	g16705
OG0003594	As001G023630	g10700, g27267
OG0003595	As001G027090, As001G027080	g10412
OG0003596	As001G028140	g10316
OG0003597	As008G184580	g49846
OG0003598	As002G034020	g12411
OG0003599	As002G036480	g12345, g7407
OG0003600	As002G037270	g7379
OG0003601	As002G038900	g25052, g25046, g25092, g5960
OG0003603	As002G045060	g41283
OG0003604	As002G045700	g47631, g23628, g28443
OG0003605	As002G046590	g11152
OG0003606	As006G134260	g47586, g23689
OG0003608	As002G052010	g31081
OG0003609	As002G053090, As002G053080	g5422
OG0003610	As005G117640, As002G053540	g214, g9752
OG0003611	As003G056740	g24190
OG0003612	As003G056880	g47272
OG0003613	As003G061640	g10107
OG0003614	As003G067760	g50440
OG0003615	As003G069250	g27670
OG0003616	As003G072090	g47935
OG0003617	As004G080040	g40272
OG0003618	As004G080680	g2367
OG0003619	As004G080810	g13107
OG0003620	As004G086980	g11044, g40499
OG0003621	As004G087120	g40511, g40510
OG0003622	As004G089020	g40634
OG0003624	As004G091020	g10866
OG0003625	As005G099540	g37723
OG0003626	As012G288200	g1766
OG0003627	As005G101300	g38246, g37628
OG0003628	As012G286090, As005G102640	g18855, g18844
OG0003629	As005G102860	g38231
OG0003630	As012G285840	g52144
OG0003631	As005G112390	g41382, g28910
OG0003632	As005G116550	g49911
OG0003633	As010G220870	g47, g2547
OG0003633	As005G119880	g46
OG0003634	As005G119910	g19651
OG0003635	As005G120780	g19314, g2478
OG0003636	As006G121740	g39489
OG0003637	As006G123230	g25468
OG0003638	As006G123700	g39607
OG0003639	As006G131900	g23211
OG0003640	As009G199910	g5181, g29304
OG0003641	As006G138200	g12574, g7718
OG0003644	As007G151930	g27297
OG0003644	As010G244340	g36636
OG0003645	As007G153070	g27347
OG0003646	As007G154850	g50043
OG0003647	As007G155620	g31831
OG0003648	As007G158410	g32033, g50243
OG0003650	As007G164430	g1976
OG0003652	As008G194280, As008G193860	g30992
OG0003653	As008G194560, As008G194590, As008G194680, As008G194690, As008G194540	g30946
OG0003654	As008G194630, As008G194620, As008G194610	g26962
OG0003655	As009G202850	g45741
OG0003656	As009G203220	g45748
OG0003657	As009G209290	g13143, g7294, g12274
OG0003658	As009G214410	g5683, g29777
OG0003659	As009G218240	g406
OG0003660	As009G219910	g1186, g28725
OG0003662	As010G224350	g2823, g19542
OG0003663	As010G232730	g44748, g32132
OG0003665	As010G241450	g45952
OG0003666	As010G243710	g44289
OG0003667	As011G244920	g7261
OG0003668	As011G245570	g12236, g7223
OG0003670	As012G269210, As011G246210, As011G246190	g13211
OG0003671	As011G247450	g7098
OG0003672	As011G249210	g6979
OG0003672	As012G274250	g24373, g24364
OG0003673	As011G256420	g13495, g11725
OG0003674	As011G258320	g13528
OG0003675	As011G260870	g1067
OG0003676	As011G262250	g12460
OG0003678	As012G271670	g11900
OG0003680	As012G275950	g19254
OG0003682	As012G282610	g11268
OG0003695	As001G000260	g47664, g23556
OG0003696	As001G002170	g16988
OG0003697	As001G013520	g23123, g18199
OG0003698	As001G014650	g47899
OG0003699	As003G063440	g38127, g874
OG0003700	As001G017940	g47167
OG0003701	As001G023150	g10737
OG0003702	As006G146620, As001G025510	g10559
OG0003703	As001G028680	g46760
OG0003704	As001G032010	g40891
OG0003705	As002G038400, As002G033540, As002G033530, As002G033330, As002G038420	g51961, g37370
OG0003706	As006G129200	g2895
OG0003706	As002G033350	g54235, g54243
OG0003707	As002G041790	g26795, g1414
OG0003708	As002G047410	g28524
OG0003709	As002G048350	g1079, g39340
OG0003710	As002G050330	g29360
OG0003712	As004G086990	g40500
OG0003713	As003G058930	g40483
OG0003715	As004G084520, As003G061370	g40371
OG0003717	As003G065150	g25375
OG0003718	As012G283390, As003G068900, As012G283000, As012G283420, As003G068910	g54247
OG0003719	As004G079960	g5765, g45343
OG0003720	As004G080650	g5799
OG0003721	As004G084480	g40362
OG0003723	As011G255400	g13469
OG0003724	As004G096690	g13391, g24445
OG0003726	As005G099480	g39241, g28052
OG0003727	As005G100910	g37648
OG0003728	As005G103260	g38224
OG0003729	As005G103280	g52143
OG0003730	As012G284400	g18969
OG0003731	As005G108120	g47315
OG0003732	As005G115590	g28743
OG0003733	As006G124860	g39715
OG0003735	As006G125180	g39733, g11118
OG0003736	As006G125840	g37937
OG0003737	As006G126080	g39760
OG0003738	As006G127030, As006G129750	g51263
OG0003739	As006G127380	g51239
OG0003740	As006G127670	g30996
OG0003741	As006G130380	g37804
OG0003742	As006G131050	g40156
OG0003744	As006G136120	g46647
OG0003746	As006G139770	g12502
OG0003747	As006G140970	g12957, g12448
OG0003748	As006G141550	g12983
OG0003749	As006G141820	g7551, g12421, g12423, g12422
OG0003750	As006G143250	g11277
OG0003752	As007G153770, As007G153790	g31696
OG0003753	As007G158090	g27510
OG0003754	As007G160060	g50323, g32075
OG0003755	As007G160580	g50351, g27585
OG0003756	As007G162820	g47503
OG0003758	As007G180320	g50896
OG0003759	As008G182680	g49920, g27283
OG0003760	As008G188230	g31189, g49624
OG0003761	As008G194990	g26955
OG0003762	As008G195820	g1203
OG0003763	As011G267040	g5912
OG0003763	As008G196490	g30854
OG0003764	As008G198650	g30748
OG0003765	As009G201670	g5080
OG0003766	As009G201910	g30090, g30097, g22343, g22274, g22486, g36091, g22507, g22468, g22287, g36092, g30096, g22485, g22271, g22467, g22506, g22286, g30089
OG0003767	As009G217110	g9962
OG0003768	As009G219380	g326
OG0003769	As009G220100	g28697, g1158
OG0003770	As010G223730	g11406
OG0003771	As010G223770	g1207
OG0003772	As010G226150	g47856
OG0003773	As010G232260	g45781
OG0003774	As010G232640	g44756
OG0003775	As010G241780, As010G241710	g44357
OG0003776	As010G242140	g46478
OG0003777	As010G242360	g44346
OG0003778	As012G272310	g6775
OG0003779	As011G252740	g6720
OG0003780	As011G253670	g54228
OG0003781	As011G256130	g6483
OG0003782	As011G260900	g13571
OG0003783	As011G261510	g13581
OG0003784	As012G268240	g54313
OG0003785	As012G268460	g36713
OG0003786	As012G271300	g36522
OG0003787	As012G272640	g36409
OG0003788	As012G278110	g19171
OG0003789	As012G281210	g11284
OG0003791	As012G283110	g19017
OG0003792	As012G283540, As012G283530	g11257
OG0003823	As001G000130	g17052
OG0003824	As001G003930	g47786, g23314
OG0003826	As001G013420	g50279, g29333
OG0003827	As001G014340	g23068
OG0003829	As001G016050	g32528
OG0003831	As008G187710, As001G019740	g31228
OG0003832	As001G022590	g10798
OG0003833	As001G029870	g51207
OG0003835	As001G031760	g40869
OG0003836	As002G034190	g13038
OG0003837	As002G035690	g29552
OG0003838	As002G043340	g1334
OG0003839	As002G046090	g28472, g950
OG0003840	As002G047330	g1019
OG0003841	As002G048100	g28556
OG0003842	As002G050720	g5297, g29387
OG0003843	As009G215300	g615
OG0003843	As002G051750	g29440
OG0003844	As004G088690, As003G056700	g10950, g40606
OG0003845	As004G088260	g17462
OG0003845	As003G057190	g47279
OG0003846	As003G061760, As003G061770	g23879, g47469
OG0003847	As003G061780	g47470
OG0003848	As003G062940, As003G062930	g32703
OG0003849	As004G083190, As003G063100	g27805, g32722
OG0003850	As003G066510	g28124, g53941
OG0003851	As003G070320	g24483, g32417
OG0003852	As003G072180	g22965, g47942
OG0003853	As003G073840	g47991
OG0003854	As004G077370	g46779
OG0003855	As004G080850	g40210
OG0003856	As004G080910	g28150
OG0003858	As004G082850	g26657, g18459, g36500
OG0003859	As004G084640	g25691
OG0003860	As004G085360, As005G102330	g52195
OG0003861	As004G088000	g18398
OG0003862	As004G088680	g10951
OG0003863	As004G090680	g40718, g10846
OG0003864	As012G288630, As005G099140	g18728
OG0003865	As005G100390	g1809, g38251
OG0003866	As005G101820	g37596
OG0003867	As005G106780, As005G106790	g45292
OG0003868	As005G114040	g832
OG0003869	As005G114220	g28823
OG0003870	As005G114300	g41324, g28818
OG0003871	As005G114600, As010G224930	g28788, g41313
OG0003872	As006G121350	g45270
OG0003873	As006G122480	g5079, g39510
OG0003874	As006G123540	g39604
OG0003875	As008G196530, As006G124610	g26924, g30850, g49444
OG0003876	As006G126090	g39832
OG0003877	As006G132510	g47622
OG0003878	As006G139920	g7652, g12926
OG0003880	As006G148820, As006G148810	g37949, g25033
OG0003881	As007G152470	g44301
OG0003882	As007G154510	g50037
OG0003883	As007G158890	g27398
OG0003884	As007G160570	g32148
OG0003885	As007G163750	g23810, g28282
OG0003887	As008G182590	g31558
OG0003889	As008G189240	g31149, g49652, g27058
OG0003890	As008G194200	g51250, g51247, g26965
OG0003891	As009G201620	g29216
OG0003893	As009G204140	g41477
OG0003894	As009G206320	g10145
OG0003895	As009G211380, As009G207230, As009G207290, As009G210320	g47963, g4983
OG0003896	As009G207440	g4661
OG0003897	As009G212730	g5615, g13116
OG0003898	As009G214230	g29756, g5649
OG0003899	As009G215120	g10074
OG0003900	As010G221610	g11376
OG0003901	As010G223350	g19498
OG0003902	As010G224000	g2805
OG0003903	As010G231110	g41506
OG0003904	As010G236930	g46286
OG0003908	As010G242240	g44350
OG0003910	As011G246310	g7175
OG0003911	As011G246660, As011G246610	g13219
OG0003913	As011G247940	g12109
OG0003914	As011G248290	g7042
OG0003916	As011G251860	g11953, g13345
OG0003917	As011G252470	g6752, g13361, g13362
OG0003918	As011G252890	g6715
OG0003919	As011G253850	g6627, g13397, g6625, g6624, g6613
OG0003920	As011G254760	g11788, g6567, g25753
OG0003921	As011G266120	g5957, g45357
OG0003922	As012G269750	g36631, g11532
OG0003923	As012G274150	g54028, g28110
OG0003924	As012G278770	g2457, g19291
OG0003925	As012G281550	g19113
OG0003926	As012G287150	g52275, g18686, g1874
OG0003948	As001G001850	g23447
OG0003948	As011G265930	g13920
OG0003949	As001G002710	g16974
OG0003950	As001G016530	g32553, g27766
OG0003952	As001G018840	g25482
OG0003953	As001G021240	g40986, g40987
OG0003954	As001G023250	g1516, g10735
OG0003955	As001G023780	g16695, g10685
OG0003956	As001G026420	g10486, g1620
OG0003957	As001G026450	g10479
OG0003958	As004G077260	g46794
OG0003958	As001G029020	g45017
OG0003959	As002G033730	g37365, g38148, g51950
OG0003960	As009G214470, As002G035970	g7424, g12367
OG0003961	As002G036570	g13110, g12342
OG0003962	As002G037220	g13118
OG0003965	As002G042610	g1366, g28295, g22598, g22599
OG0003966	As007G166260, As002G044520	g28393
OG0003967	As002G051060	g29402, g5320
OG0003968	As002G051630	g29433
OG0003969	As002G051810	g29444, g609
OG0003970	As002G052470	g5402
OG0003971	As002G054270	g5492
OG0003972	As002G055130	g45484, g29616
OG0003973	As003G055920	g10895
OG0003973	As004G089980	g40689
OG0003974	As003G057050	g19228
OG0003975	As003G058840	g24044, g17372
OG0003976	As003G060960	g23923
OG0003977	As012G276670, As003G066850	g2382
OG0003978	As006G144580, As003G069520	g27671
OG0003979	As003G071610, As003G071620, As003G071630	g50620, g27762
OG0003980	As003G072720	g22919
OG0003981	As003G072830	g47971
OG0003982	As003G073740	g22830
OG0003983	As003G074540	g36931
OG0003984	As004G083600	g40300
OG0003985	As004G085790	g40452
OG0003986	As004G088130	g18399
OG0003987	As011G257790	g6405
OG0003987	As004G093320	g24852
OG0003988	As004G095470	g17721
OG0003989	As004G096680	g17645, g24444
OG0003990	As004G097720	g16803
OG0003991	As005G099930	g37710
OG0003992	As005G100160	g37700
OG0003993	As005G101180, As006G126880	g1866
OG0003994	As005G103050, As007G160380	g44729, g44728
OG0003995	As005G103140	g37527
OG0003996	As005G103420	g37521
OG0003998	As005G107400	g45313
OG0003999	As005G109390	g12373
OG0004000	As005G114360	g850
OG0004001	As005G115180	g39238
OG0004002	As005G116460	g9813
OG0004004	As006G121940	g25394
OG0004005	As006G127760	g39886
OG0004006	As006G130440	g40098
OG0004007	As006G137920	g12816
OG0004008	As006G138240, As009G206850	g12576
OG0004009	As012G273990, As006G140960	g54049
OG0004010	As006G141640, As009G212110	g7560
OG0004011	As012G282540	g2173
OG0004012	As006G143040	g51836
OG0004013	As012G282260, As006G143070	g19049, g2185
OG0004014	As006G143270	g6473
OG0004015	As006G143670	g51758
OG0004016	As006G143900	g51772
OG0004017	As006G145950	g37205
OG0004021	As006G148300	g2464, g37279
OG0004022	As007G152020, As007G177620	g51031, g38353
OG0004025	As007G159370	g27545, g50280
OG0004026	As007G163630	g23814, g28264
OG0004027	As007G164540	g17177, g23782
OG0004028	As007G165260	g23752
OG0004029	As007G177730	g929
OG0004030	As007G178020	g38381, g50992
OG0004031	As011G245950, As007G180840, As007G180850	g51548
OG0004032	As007G182130	g18352
OG0004033	As008G185010	g31369
OG0004035	As008G191840	g31074
OG0004036	As008G194270	g1069
OG0004037	As008G197570	g49394
OG0004038	As009G201890, As009G201900	g29205
OG0004039	As009G205460	g10108
OG0004040	As009G206590	g4683, g10152
OG0004043	As009G208000	g4634, g10208
OG0004045	As009G215710	g570
OG0004046	As009G216920	g9986
OG0004047	As009G216980	g18585
OG0004048	As009G217550	g452
OG0004049	As009G218170	g416
OG0004050	As010G225880	g28857
OG0004051	As010G226350	g11469
OG0004052	As010G234160	g44658
OG0004053	As010G235210	g46432
OG0004054	As011G244730	g7273
OG0004055	As011G245670	g12221, g7217
OG0004056	As012G274720, As011G248850	g17620, g24418
OG0004057	As011G249280	g12055, g6973
OG0004058	As011G249290	g12051, g6968
OG0004060	As011G250180	g13298
OG0004061	As011G250270	g12018
OG0004062	As011G250550, As011G250570, As011G250600, As011G250560	g6870, g13308
OG0004063	As011G250770	g13316, g11994
OG0004064	As011G252680, As012G271950	g13357
OG0004065	As011G253220	g6691
OG0004066	As011G254320	g11823, g28969
OG0004067	As011G256390	g11399
OG0004068	As011G262720	g13689
OG0004069	As012G273000	g36387, g54123
OG0004070	As012G282310	g12157
OG0004071	As012G283350	g19005
OG0004072	As012G284150	g18977, g52017
OG0004073	As012G285330	g1642, g11201, g2011, g18899
OG0004092	As001G002580	g47750, g16984
OG0004093	As001G003020	g47760
OG0004094	As001G012290	g18182, g23156
OG0004095	As001G012460	g18183, g47859
OG0004096	As001G014080	g47876
OG0004097	As001G019550	g41075
OG0004099	As001G022420	g10808
OG0004100	As001G027270	g16488, g16486
OG0004101	As001G029080	g1016, g39371, g3761
OG0004102	As001G030300	g40740
OG0004102	As004G098370	g16761
OG0004103	As002G037810, As002G037800, As002G037790	g12307
OG0004104	As002G043900	g28358
OG0004105	As002G046100	g39426, g954
OG0004106	As002G046540, As009G207520	g39400, g973
OG0004107	As002G046780	g52237, g37584
OG0004108	As002G047980	g1058, g28551
OG0004109	As002G052000	g29448
OG0004110	As002G053550	g29547
OG0004111	As002G054640	g45496
OG0004112	As002G055140	g29617
OG0004112	As009G218120	g9897
OG0004113	As004G088410, As003G057000	g24178, g47275
OG0004114	As003G057030, As004G088400	g24177
OG0004115	As003G057230	g24160
OG0004116	As003G058820	g47353
OG0004117	As003G059100	g24031, g47369
OG0004118	As003G059740	g17851, g23989
OG0004119	As003G062860	g32690
OG0004120	As003G063760	g47363, g17394
OG0004121	As003G064620	g35943, g53793
OG0004122	As004G082890, As003G064780	g53741, g28200, g28203
OG0004123	As003G069730	g50498
OG0004124	As003G071390	g32494, g27716
OG0004125	As003G072870	g22912
OG0004126	As003G073720	g37190, g51612
OG0004127	As003G073890	g11289, g38477, g25574, g25572, g38454
OG0004128	As003G076290	g18353
OG0004129	As004G078290	g26049, g49582, g49580
OG0004130	As004G078500	g16887, g10378
OG0004131	As011G267420, As004G079300	g14183, g43060, g14177, g14168, g14114, g14140, g14133, g14188, g14171, g14156, g14151, g14185, g32545, g14130, g14126, g14117, g14144, g14153, g14136, g14160, g14127, g14165
OG0004133	As004G082180	g37050
OG0004134	As004G082540	g36266
OG0004135	As004G084160	g23863
OG0004136	As004G084940	g25671
OG0004137	As004G089940	g40687, g10897
OG0004138	As004G095680	g47061
OG0004139	As004G097850	g16795
OG0004140	As005G099510	g37727
OG0004141	As005G099950, As012G288140	g50810, g37708
OG0004142	As005G103000	g52161
OG0004143	As005G103610	g38218, g52124
OG0004144	As005G104410	g52092
OG0004145	As005G104470	g37468
OG0004146	As012G284840	g1984
OG0004146	As005G104830	g18945
OG0004147	As005G112540	g745
OG0004148	As005G113170	g28885, g773
OG0004149	As005G113840	g827, g826, g825
OG0004150	As005G114510, As010G225010	g28798
OG0004151	As005G115870	g39259, g1234
OG0004153	As006G121660	g25350
OG0004154	As006G122110	g25402, g45262
OG0004155	As006G122150	g25404
OG0004156	As006G123180	g39583
OG0004157	As006G123200	g25467
OG0004158	As006G124850	g39714
OG0004159	As008G196350	g30862
OG0004160	As006G126710	g39821
OG0004161	As006G126870	g51272
OG0004162	As006G128050	g39911
OG0004163	As006G128110	g39915
OG0004164	As006G128260	g5558, g37895
OG0004165	As006G129050	g40017, g31069, g49565
OG0004166	As006G131720	g38289
OG0004167	As006G132450	g50103, g31546, g25051, g24456, g23643
OG0004168	As009G200130	g45656
OG0004169	As006G136100	g12660
OG0004170	As006G137240	g7800, g12615
OG0004171	As006G137640	g10180
OG0004172	As006G138260	g7721, g12837
OG0004174	As006G141250	g12974, g12438
OG0004175	As006G142360	g51907
OG0004176	As006G146830	g51666, g38086
OG0004177	As006G147500	g51702
OG0004178	As007G152740	g49964
OG0004179	As007G155390	g50060
OG0004180	As010G237660, As007G156240	g31897
OG0004181	As007G156800	g27467
OG0004182	As010G233100, As007G158660	g45969
OG0004183	As007G163050	g17205, g23828
OG0004184	As007G163160	g23823
OG0004185	As007G163590	g23817
OG0004186	As007G163940	g40244
OG0004187	As007G164400	g17181, g23790, g47531
OG0004188	As007G179030, As007G179010	g1307
OG0004189	As008G184410	g31415, g10557
OG0004190	As008G184700, As008G184690	g31390, g49824
OG0004192	As008G197350	g19346, g49404
OG0004193	As009G201990	g45718, g3836
OG0004194	As009G202240	g5053
OG0004195	As009G203180	g29505, g4996
OG0004196	As009G205970	g10128, g51931, g51929, g51936, g4791
OG0004197	As009G211300	g5574, g5570, g2956
OG0004198	As009G214930	g10087, g18549, g14920, g18550
OG0004199	As009G215090, As009G215070	g41630, g41629
OG0004200	As009G216370	g18571
OG0004202	As009G217710	g441
OG0004203	As009G218930	g9856, g356
OG0004204	As009G219070	g9850, g344
OG0004205	As009G219810	g1198
OG0004206	As010G221690	g19394
OG0004207	As010G225090, As010G225080, As010G225100, As010G225060, As010G225070	g2944
OG0004208	As010G233390	g46093
OG0004209	As010G234300	g45927
OG0004210	As010G234490	g45934, g44642
OG0004211	As010G234890	g45968, g19479
OG0004212	As010G235670	g46387
OG0004213	As010G239270	g44541
OG0004214	As010G240480	g46053
OG0004215	As010G241600, As010G241620	g46442
OG0004216	As010G243430	g46556
OG0004217	As011G244640	g7289
OG0004218	As011G247420	g13233, g12143
OG0004219	As011G247730	g7073
OG0004220	As011G248180, As012G270710	g7046
OG0004221	As011G250150	g6903
OG0004223	As011G251120	g13327
OG0004224	As011G251370, As012G272690	g6815, g11961
OG0004225	As011G251650	g6789, g11956
OG0004226	As011G253300	g11877, g6687
OG0004227	As011G253800	g6630
OG0004228	As011G253810	g13396, g6629
OG0004229	As011G254240	g11832, g11831
OG0004230	As011G254340	g4678, g6590, g13422
OG0004231	As011G254780	g13441, g11787
OG0004232	As011G255480	g11753
OG0004233	As011G255710	g6505, g13475
OG0004234	As011G264880	g6035
OG0004235	As011G265830	g5975, g13925, g53828
OG0004236	As011G266690	g47684, g23521
OG0004237	As011G267270, As011G267280	g25108
OG0004239	As012G268080	g54361, g36735
OG0004240	As012G269260	g36681
OG0004241	As012G269460	g36663, g54304
OG0004242	As012G269770	g54291
OG0004243	As012G269900	g36614
OG0004244	As012G271830	g36493
OG0004245	As012G273560, As012G273570	g28099, g45806
OG0004246	As012G280620, As012G273950	g54052
OG0004247	As012G274970	g51470
OG0004248	As012G275400, As012G276260	g12936, g12481
OG0004249	As012G280760	g5346
OG0004250	As012G281060	g44291
OG0004251	As012G283920	g11242, g18988, g2091
OG0004252	As012G284390	g37437
OG0004253	As012G286840	g18714
OG0004254	As012G287640	g11165, g1834
OG0004255	As012G288240	g36017
OG0004275	As001G000870	g47688, g23511
OG0004276	As001G002160	g18202, g23107
OG0004277	As011G265640, As001G002210	g47737, g23424
OG0004279	As001G003660	g23331
OG0004280	As001G006810	g47839
OG0004281	As001G013770	g23141
OG0004282	As001G014300	g18209, g23074
OG0004283	As001G015050	g23021
OG0004285	As001G016710	g27775
OG0004286	As001G018890, As001G018880	g41123
OG0004287	As001G022460	g10806
OG0004289	As001G024600	g10626
OG0004290	As001G026120	g10507
OG0004291	As001G026380, As011G255770	g6500
OG0004292	As001G027050	g10414
OG0004293	As001G030010	g17888
OG0004294	As001G030160	g52056
OG0004295	As002G033190	g37381
OG0004297	As002G037050	g7390, g12329
OG0004298	As006G130640, As002G037710	g12308, g7349
OG0004299	As007G162270, As002G042660	g41158, g28297, g1365
OG0004300	As002G043250	g28327
OG0004301	As002G043300	g28328
OG0004302	As002G043550	g41171
OG0004303	As002G047780	g23692, g28537
OG0004304	As002G049650	g39285, g1142
OG0004305	As002G051210	g18531
OG0004306	As006G141850, As002G051270	g5270, g29354
OG0004307	As002G051350	g29424, g5343
OG0004309	As002G054450	g29585
OG0004310	As002G054710	g29598, g5513
OG0004311	As003G056500	g24210
OG0004312	As003G056690	g17480
OG0004313	As003G057420	g17452
OG0004314	As003G058230	g24074
OG0004315	As003G058610	g24057, g17379
OG0004316	As003G058920	g47357
OG0004317	As003G059020	g17393, g48347
OG0004318	As003G060620	g23947, g17284
OG0004319	As003G060790, As003G060800	g23941
OG0004321	As003G062130	g23851
OG0004322	As003G062240, As010G221830	g40329, g25780
OG0004324	As006G145530, As003G067450	g13431
OG0004325	As003G069760	g36612
OG0004326	As003G070110	g32405
OG0004327	As003G071060	g32469
OG0004328	As003G071160	g50546, g32475
OG0004330	As003G072100	g18234, g22972
OG0004331	As003G073090	g18260, g22890
OG0004332	As003G073170	g22884
OG0004333	As004G083380	g40289
OG0004335	As004G087240	g11022
OG0004336	As004G091550	g46902
OG0004337	As004G091730	g11658
OG0004338	As004G092930	g46942, g46811
OG0004339	As004G095500, As011G255130	g17720, g24529, g41858, g1827
OG0004341	As004G095920	g24498
OG0004343	As012G288780, As005G098860	g18745
OG0004344	As005G099940	g37709, g50812, g38255
OG0004345	As005G100750	g50778, g37658
OG0004347	As005G102940	g37538
OG0004348	As005G104170	g52108, g37487
OG0004349	As005G104940	g36157, g19942, g11215, g19943, g36158, g2038
OG0004350	As005G110660	g41418, g28970, g669, g33107
OG0004351	As006G142910, As005G111560	g51847
OG0004352	As005G111570	g37345
OG0004353	As010G226220, As010G226230, As005G113390	g41360
OG0004354	As005G115740	g1255
OG0004355	As005G116660	g9810
OG0004356	As005G117010	g9789
OG0004357	As005G118520	g9714, g29497
OG0004358	As005G119610	g63
OG0004359	As005G119720	g53, g9659
OG0004360	As008G199550	g49287, g30727
OG0004361	As006G121370	g38232
OG0004363	As006G125290	g37955, g39743, g51358
OG0004364	As008G196110, As006G125340	g51350
OG0004365	As006G127270, As008G194240	g49525
OG0004366	As006G127430	g51237, g39856
OG0004368	As006G128080	g39913, g51210
OG0004369	As006G128150	g39924, g51204
OG0004370	As006G128230, As006G128220	g51195, g39926
OG0004372	As009G206020, As006G132780	g19669, g54387
OG0004373	As006G135750	g7858, g12758, g12675
OG0004374	As006G138530	g7713, g12853
OG0004375	As009G206280, As006G138610, As006G138590	g4781
OG0004376	As006G138730	g53285, g7701, g12870
OG0004377	As006G139470	g12512, g7675
OG0004378	As006G139690	g7661
OG0004379	As006G140010	g7648, g12491
OG0004380	As006G141010	g12446, g7602
OG0004381	As006G144560	g37146, g51562
OG0004382	As006G144700	g37150
OG0004383	As006G145490	g51617
OG0004385	As007G152550, As007G152530	g49957, g31632
OG0004386	As010G240780, As007G154150	g50015, g31723, g27383
OG0004387	As007G154430	g44568
OG0004388	As007G154920	g50045
OG0004389	As007G155160	g50051
OG0004390	As007G157430	g31996
OG0004391	As010G234860	g45971
OG0004393	As007G160690, As007G160670	g50362, g32153
OG0004394	As007G161540	g32221, g27615
OG0004395	As007G163610	g13728, g13731
OG0004396	As007G178290	g38390
OG0004397	As008G184060	g27222
OG0004398	As008G184470	g49848, g31410
OG0004399	As008G184550	g49847, g31402
OG0004400	As008G185490	g49787, g31344
OG0004401	As008G186530	g49762
OG0004402	As008G186970	g31266
OG0004403	As008G187820	g49721
OG0004404	As008G189000	g49640, g31156
OG0004405	As008G191210	g31099
OG0004407	As009G201360	g5129
OG0004408	As009G202170	g45724, g5057
OG0004409	As009G202800	g5016, g29159
OG0004410	As009G204440	g29051, g29055, g4914
OG0004411	As009G204520	g41459
OG0004412	As009G205510	g10111, g4851
OG0004413	As009G206130	g4787, g10135
OG0004414	As009G209000	g10281
OG0004415	As009G212570	g5610
OG0004416	As009G215230	g610, g10064
OG0004418	As009G217040	g9971, g494
OG0004419	As009G217350	g464
OG0004420	As009G217950	g427
OG0004422	As010G229220, As010G229210	g41557
OG0004423	As010G232750	g45811
OG0004424	As010G233230	g45843
OG0004425	As010G233630	g45874, g44688
OG0004426	As010G234750	g45980
OG0004427	As010G234950	g44618
OG0004428	As010G237990	g44451, g46212
OG0004429	As010G238940, As010G238950	g17986
OG0004430	As010G238980	g46148, g46147
OG0004431	As010G240900	g44588
OG0004432	As010G241990	g46464
OG0004433	As010G242320	g46493
OG0004434	As010G242650	g46513
OG0004435	As010G243010	g44315
OG0004436	As011G244750	g13149, g12259
OG0004437	As011G246140	g13209
OG0004438	As011G246280	g7182
OG0004440	As011G247280	g7113, g12146
OG0004441	As011G247520	g13234, g7089
OG0004442	As011G247660	g12139
OG0004443	As011G248380	g13259
OG0004444	As011G250670	g6866, g12000
OG0004445	As011G251920	g11948
OG0004446	As011G252160	g13366
OG0004447	As011G253150	g11886
OG0004448	As011G253180, As012G271840	g11884, g6694
OG0004449	As011G253600	g6676
OG0004450	As011G253980	g11855
OG0004451	As011G255250	g13460
OG0004452	As011G263640	g38303
OG0004453	As011G265220	g13953
OG0004454	As011G265530	g13979, g6025
OG0004455	As011G265750	g5981
OG0004456	As011G267180	g13850
OG0004458	As012G271520	g36508, g54186
OG0004459	As012G272100	g54177
OG0004460	As012G273600	g36339, g28100
OG0004462	As012G275460	g2442
OG0004463	As012G278020	g2320
OG0004464	As012G281490	g11281
OG0004466	As012G283150	g19015
OG0004467	As012G283840	g912
OG0004468	As012G284460	g2043
OG0004469	As012G284540	g18961
OG0004470	As012G284870	g18944, g1987
OG0004471	As012G286860	g52223
OG0004472	As012G287440	g1859, g1860
OG0004474	As012G288860	g18753
OG0004498	As001G000170	g23565, g17050
OG0004499	As001G000420	g23545, g17037
OG0004500	As001G000790	g23520
OG0004501	As011G265920	g13921
OG0004501	As001G001860	g23446
OG0004502	As001G002140, As002G049030	g28635, g1100
OG0004503	As001G002250	g23421
OG0004504	As001G002530	g23392
OG0004505	As001G002630	g16982, g23386, g47751
OG0004506	As001G002870	g16971, g47756
OG0004507	As001G003820	g18959
OG0004507	As012G284650	g11214
OG0004508	As001G004070	g16943
OG0004510	As001G004650	g16931, g23283
OG0004511	As001G006600	g23212
OG0004512	As001G013860	g47878
OG0004513	As001G014180, As011G263170	g47881
OG0004514	As001G017770, As001G017780	g24328
OG0004515	As001G020380, As008G187160	g44099, g41042
OG0004516	As001G021640	g44173
OG0004518	As001G022660	g23880
OG0004519	As001G022670	g10792
OG0004520	As001G024360	g50387
OG0004521	As001G024900	g10603
OG0004522	As001G026910	g10439
OG0004523	As001G027440	g10394
OG0004524	As001G027910	g10349
OG0004525	As001G029530	g25098
OG0004526	As001G031770, As008G184770	g31385
OG0004527	As002G032370	g7301, g12275
OG0004528	As002G048010, As002G048020, As002G035600, As002G048000	g28552
OG0004529	As002G038860	g7319, g12288
OG0004530	As004G088910	g1287
OG0004530	As002G043980	g10831
OG0004531	As002G047610	g1036, g28529, g39360
OG0004532	As002G047950	g1056
OG0004533	As002G048330, As002G048320	g39341
OG0004534	As002G048480	g28565, g120
OG0004536	As002G049590	g28668
OG0004537	As002G050170	g10303
OG0004538	As002G050780	g29391, g5300
OG0004539	As002G050870	g5310
OG0004540	As002G051190	g29410
OG0004542	As002G052120	g29458
OG0004542	As009G215390	g10055
OG0004543	As002G052580	g45547, g29489
OG0004544	As005G118330, As002G053000	g29504
OG0004545	As002G054050	g45508, g29569
OG0004546	As002G054780	g29601, g5518
OG0004547	As002G055310	g29628
OG0004548	As003G056860	g17478, g47271
OG0004549	As003G056980	g24180
OG0004550	As003G057550	g47298
OG0004551	As003G060550, As004G085190	g17289
OG0004552	As003G061560	g47461
OG0004553	As003G061580	g47463
OG0004554	As003G062110	g17232
OG0004555	As010G223860, As010G223820, As010G223840, As010G223870, As003G062910	g11409
OG0004557	As003G066240	g53976
OG0004558	As003G068490	g32318
OG0004559	As004G081350, As003G069100	g32351, g50474
OG0004560	As003G069170	g32354, g50484
OG0004561	As003G070250	g32413
OG0004562	As003G070690	g50526, g32445
OG0004563	As003G071430	g32497, g27719
OG0004564	As003G071740	g22999
OG0004565	As003G071820	g22991, g47725
OG0004566	As003G072650	g22924
OG0004567	As003G075090	g22718, g25970
OG0004568	As004G076930	g46845
OG0004569	As004G077080	g46833
OG0004570	As004G078450	g47917
OG0004571	As004G078690	g19507
OG0004572	As004G078860	g51500
OG0004573	As004G089620	g40673, g10905
OG0004574	As004G079990	g38009, g51538
OG0004575	As004G081570	g37073
OG0004576	As004G084010	g25766, g25730
OG0004577	As004G084320	g40351, g25741
OG0004578	As004G086090	g25549
OG0004579	As004G086580, As004G086630	g40490
OG0004580	As004G086670	g11053
OG0004581	As004G088710	g40608
OG0004582	As004G089650	g10903
OG0004583	As004G092640	g17612
OG0004584	As004G094170, As004G094230, As004G094130, As004G094150, As004G094120	g17880
OG0004585	As004G095110	g17774, g47036, g24573
OG0004586	As011G254200, As004G096140	g11835
OG0004587	As005G101410	g52266
OG0004588	As005G101990	g37587, g38243
OG0004589	As005G102570	g52183, g37562
OG0004590	As005G102580	g52182, g37561
OG0004591	As005G102610	g52172
OG0004592	As005G103900	g37502
OG0004593	As005G107390	g29857
OG0004594	As005G108270	g5737
OG0004595	As005G112110	g730, g28923
OG0004596	As005G112490	g41380
OG0004597	As005G113240	g28879, g786
OG0004598	As005G113640	g28865, g808
OG0004599	As005G116060	g9824
OG0004600	As005G116670	g9809, g275
OG0004601	As005G117060, As005G117070	g9787
OG0004602	As005G117530	g222
OG0004603	As005G118490	g154, g9716
OG0004604	As005G118570	g9711, g149
OG0004605	As005G119490	g18678, g69
OG0004606	As005G120070	g9638, g19646
OG0004607	As005G120720, As005G120700	g2486, g19318
OG0004609	As006G123070	g39553
OG0004610	As006G125090	g11111
OG0004611	As006G125600	g51325, g37953
OG0004612	As006G127160	g37906, g51254, g39838
OG0004613	As006G129290	g51115, g49572
OG0004614	As006G130790	g36766
OG0004615	As006G130930	g40105
OG0004616	As006G133000, As006G132980	g54308
OG0004617	As006G133180	g18346
OG0004618	As006G133500	g5221
OG0004619	As006G133560	g12725
OG0004620	As006G141990, As006G133730	g7539, g12413, g12986
OG0004621	As006G135760, As009G202400	g12674
OG0004622	As006G135970	g7838
OG0004624	As006G139180	g7687
OG0004625	As006G139360	g12905
OG0004626	As006G139540	g7665
OG0004627	As006G139570	g12508
OG0004628	As006G139900	g7653, g12494
OG0004629	As006G141110, As006G141120	g7594
OG0004630	As006G141420	g12435, g7573
OG0004631	As006G141470	g7570
OG0004632	As006G141630	g12984, g7561
OG0004633	As006G141660	g7558
OG0004634	As006G142290	g51914
OG0004635	As006G142670	g37349
OG0004636	As006G142710	g51871, g37350
OG0004637	As006G142850	g38139, g51861
OG0004638	As006G143330	g51801
OG0004639	As006G144970	g51579
OG0004640	As006G145040	g51584
OG0004641	As006G145410	g51609, g38050
OG0004642	As006G146400	g51651
OG0004643	As006G147190	g38100
OG0004644	As007G152340	g27328
OG0004645	As007G154210, As007G152410	g27331, g31626, g49955
OG0004646	As007G154330	g31736, g27397
OG0004647	As007G154990	g50049, g31788
OG0004648	As007G156100	g50108
OG0004649	As010G236360, As007G157390	g50193
OG0004650	As007G158000	g32018, g27508
OG0004651	As007G159490	g32110, g50293
OG0004652	As007G159630, As007G159640	g32095
OG0004653	As007G159650	g50298, g32097
OG0004654	As007G160410	g32138
OG0004655	As007G163000, As007G165660	g17206
OG0004656	As007G163530	g47522, g23820
OG0004657	As007G163600	g23816, g17192
OG0004658	As007G165800	g17155, g45193
OG0004659	As007G177700	g51034
OG0004661	As008G184680	g49825, g31391
OG0004662	As008G187370	g49724
OG0004663	As008G187730	g49719
OG0004664	As008G188000	g27096, g31214
OG0004665	As008G188240	g31188, g27086
OG0004667	As008G189020	g27060
OG0004668	As008G190320	g49674, g31123
OG0004669	As008G191130	g31097
OG0004670	As008G193050	g31045
OG0004671	As008G195650	g30899, g49469
OG0004672	As009G200150	g45655
OG0004673	As009G202420	g5045
OG0004674	As009G203750	g29013, g4963
OG0004675	As009G203800	g29020
OG0004676	As009G204380	g29048, g41467
OG0004677	As009G204480	g29062
OG0004678	As009G205010	g29094, g4880
OG0004679	As009G205800	g18520
OG0004680	As009G206920	g10157
OG0004681	As009G207210	g10181
OG0004682	As009G207670, As009G207660, As009G207710, As009G207700	g10199, g4640
OG0004683	As009G208820	g10260
OG0004685	As009G209640	g28125, g5248, g29338
OG0004686	As009G212060	g10295
OG0004687	As009G212090	g2027, g18883
OG0004688	As009G212420, As009G212410	g45451, g5602, g29689
OG0004689	As009G213660	g5642, g45425
OG0004690	As009G214620	g45400, g29790, g5688
OG0004691	As009G215110	g35651, g614, g14925, g18555
OG0004692	As009G215150	g611
OG0004693	As009G215480	g10046
OG0004694	As009G217250	g479
OG0004695	As009G218500	g387, g9877
OG0004696	As009G218640	g375
OG0004697	As009G218750	g365, g18604
OG0004698	As009G218840	g362
OG0004699	As009G218920	g357, g18607
OG0004700	As009G219250	g332
OG0004701	As010G220550	g19336
OG0004702	As010G222340	g19440, g19452, g2681
OG0004703	As010G222740	g2715
OG0004704	As010G224140	g19532
OG0004705	As011G257540, As010G226740	g13520
OG0004706	As010G226830	g11503
OG0004707	As010G232320	g45787, g44766
OG0004708	As010G232500	g44764, g45796
OG0004709	As010G232900	g44716
OG0004710	As010G234800	g44622
OG0004711	As010G235100	g45957
OG0004712	As010G237140	g13626
OG0004713	As010G237780	g44438
OG0004715	As010G238050, As010G238040	g27598, g50369
OG0004716	As010G239010	g44515
OG0004717	As010G239890	g50028
OG0004718	As010G242420	g44342
OG0004719	As010G243200	g46541
OG0004720	As010G243480	g46562
OG0004721	As010G243680	g46573
OG0004722	As010G243730	g44288
OG0004723	As010G243830	g44284
OG0004724	As010G243840	g44283
OG0004725	As010G244010	g49941
OG0004727	As011G244720	g12260, g7275
OG0004728	As012G267920	g13154
OG0004730	As011G245970	g12211, g7199
OG0004732	As011G247150	g13230, g7122
OG0004733	As011G247580	g7083
OG0004734	As011G248970	g13271
OG0004735	As011G249420	g54043
OG0004737	As011G250700	g6864
OG0004738	As011G250930	g6855
OG0004739	As012G272860, As011G251110	g13326, g11978
OG0004740	As011G252030	g6761
OG0004741	As011G253470	g6670, g6669
OG0004742	As011G254510	g11817, g6580, g13426
OG0004743	As011G254540	g6579, g13429
OG0004744	As011G255150	g6546, g11763
OG0004745	As011G255330	g6535, g11759
OG0004746	As011G256090	g11733, g6485
OG0004747	As011G256630	g13508, g42982, g5979, g11715
OG0004748	As011G262550, As011G262540	g46064
OG0004749	As011G263460	g13708
OG0004750	As011G266140	g5956
OG0004751	As011G267050	g5911, g13858
OG0004752	As012G268020	g36737
OG0004754	As012G272120	g28054
OG0004755	As012G272400	g36429
OG0004756	As012G273590	g36340
OG0004757	As012G273670	g13472
OG0004758	As012G277580	g1528, g10676
OG0004759	As012G279310	g19163, g2305
OG0004760	As012G279450	g2467, g19305
OG0004761	As012G279480	g19298
OG0004762	As012G281540	g38266
OG0004763	As012G282030	g2190, g19078
OG0004764	As012G282670	g11270, g11266
OG0004765	As012G283070	g2137
OG0004766	As012G283240	g2057
OG0004767	As012G283940	g18987
OG0004768	As012G284140	g2121, g18978
OG0004769	As012G284280	g18974, g2131
OG0004770	As012G289140	g18775
OG0004801	As011G267360, As001G000190	g47661, g23560
OG0004802	As001G000200	g23559, g24087
OG0004803	As001G000240	g16408, g47173
OG0004804	As001G000330	g47672
OG0004805	As001G000920	g23507, g17014
OG0004806	As001G002130	g16989, g23428
OG0004807	As001G002880	g47757
OG0004808	As001G004040	g50910, g43007, g47792
OG0004809	As001G004150	g23303
OG0004811	As001G005970	g16912, g23237
OG0004812	As001G006400	g23246
OG0004813	As001G007090	g47832
OG0004814	As001G013570	g18198, g47869
OG0004815	As001G014410	g23064, g47891
OG0004816	As001G016270, As001G016260, As001G016300	g50611
OG0004817	As004G083110, As001G017700	g24326
OG0004818	As001G017790	g17569, g24331
OG0004819	As001G018060	g17584
OG0004820	As001G018530	g43881
OG0004821	As001G018760	g31153
OG0004822	As008G186200	g27147
OG0004822	As001G021650	g40969
OG0004823	As001G021690	g40966, g44178
OG0004824	As001G022350	g10813
OG0004825	As008G182410, As001G022410	g10809
OG0004826	As001G023400	g10723
OG0004827	As001G025020	g10594
OG0004828	As001G025450	g10563
OG0004829	As001G025570	g10553
OG0004830	As004G097530, As001G026310	g46663
OG0004831	As001G026350	g16555
OG0004832	As001G026590, As005G119760	g10466
OG0004833	As001G027610	g10373, g4233
OG0004834	As001G027630	g10371
OG0004835	As001G027750	g10363
OG0004836	As001G027800, As004G078240	g10357
OG0004837	As001G028020	g10334
OG0004838	As001G028180	g10313
OG0004839	As001G028190	g10311
OG0004840	As001G028760	g44977
OG0004841	As001G031140	g40796
OG0004842	As001G031750	g44241
OG0004843	As008G185240, As001G032070	g49801
OG0004844	As002G033080	g51988
OG0004845	As002G034250	g7495
OG0004847	As002G035930	g7426
OG0004848	As002G037420	g7372
OG0004849	As002G038820	g7317, g12289
OG0004850	As007G164360, As002G042970	g28317, g1341
OG0004851	As002G043200	g28324
OG0004852	As002G043810, As009G209900	g1311, g28354
OG0004853	As002G044150	g41219
OG0004854	As002G044600	g41241
OG0004855	As002G044650	g28395
OG0004856	As002G044980	g28398
OG0004857	As002G045730	g936, g36082
OG0004858	As002G046440	g39404, g970
OG0004859	As002G046640	g28494
OG0004860	As002G048650	g39329, g1094
OG0004861	As002G049390	g1130
OG0004862	As002G049870, As010G227590	g1150
OG0004863	As002G050320	g5276
OG0004864	As002G050440	g5285, g29368
OG0004865	As002G050480	g29382, g5287
OG0004866	As002G050490	g5288, g29381
OG0004868	As002G051860, As009G201870	g45699
OG0004869	As002G052150	g5391, g29462
OG0004870	As002G052750	g5408, g45543, g29494
OG0004871	As005G118010, As002G053290	g29525
OG0004872	As002G053820	g5455
OG0004873	As003G055900	g24252, g47215, g47220
OG0004874	As004G089050	g40636
OG0004875	As003G056530	g47258, g17491
OG0004876	As003G056620, As004G088760	g40611, g10948
OG0004877	As003G057300	g47289
OG0004878	As003G057320	g47290
OG0004879	As003G057800	g24126
OG0004880	As003G058210	g24076
OG0004881	As003G058480	g24065
OG0004882	As003G058730	g47347
OG0004883	As003G059030	g17366, g47364
OG0004884	As003G059460	g24013
OG0004885	As003G059780	g29115
OG0004886	As003G059800	g23987
OG0004887	As003G059840	g23986, g47401
OG0004888	As003G060430	g23959, g47423
OG0004889	As003G060940	g17274
OG0004890	As003G061450	g47457, g23890
OG0004891	As003G061960	g23864, g17250, g47478
OG0004894	As003G065660	g28120, g36229
OG0004895	As003G067740	g50447, g50444, g27643
OG0004896	As003G068660	g50450
OG0004897	As003G068770	g50459
OG0004898	As012G275180	g50528
OG0004899	As003G070960	g45379
OG0004900	As003G072940	g22905
OG0004901	As003G073810	g22827
OG0004902	As003G074050	g22811
OG0004903	As007G180230	g50903
OG0004903	As003G074530	g18298
OG0004904	As003G076520	g18366
OG0004905	As004G079710	g51513
OG0004906	As004G086100	g10832, g40729
OG0004907	As004G086370	g25538
OG0004908	As004G087110, As004G089370, As004G089390	g40509, g11035
OG0004910	As004G088520	g10959, g40596
OG0004911	As011G262950, As004G088540	g40597
OG0004912	As004G089270	g40652
OG0004913	As004G090260	g10852, g40714
OG0004914	As004G090350	g10890
OG0004915	As004G090850	g10862
OG0004916	As004G093460	g11674
OG0004917	As004G095730, As012G270330	g47056
OG0004918	As004G096130	g17700, g17701, g17699
OG0004919	As004G097840	g46824, g46815
OG0004920	As004G098270	g9686
OG0004921	As012G288850	g18752
OG0004921	As005G098730	g37769
OG0004922	As005G099440, As012G288450	g1755, g18790
OG0004923	As005G100860	g6695
OG0004924	As005G100960	g31538, g49910
OG0004925	As012G287450, As005G101030	g1858
OG0004926	As005G101090	g37639
OG0004927	As005G101280	g52279
OG0004928	As005G101340	g37626, g52274
OG0004929	As005G102400	g37564
OG0004930	As005G103690	g37512
OG0004930	As005G103650	g37513
OG0004932	As005G104320	g38202, g37476
OG0004933	As005G104880	g37447
OG0004934	As005G105190, As012G284310	g52040
OG0004935	As007G164940, As007G164950, As005G107250, As005G107260, As005G107240, As005G107230	g23747
OG0004936	As005G107480	g5789
OG0004937	As005G108370	g5727
OG0004938	As005G108800	g52168
OG0004939	As005G109120	g29803, g45387, g16335, g16338, g16343, g17943, g24741
OG0004940	As005G111070	g28947, g41405
OG0004941	As005G111180	g673
OG0004942	As005G112060	g28925
OG0004943	As005G112360	g741, g41384
OG0004944	As005G113020	g28890
OG0004945	As005G113300	g791
OG0004946	As005G113780	g817, g28853
OG0004947	As005G113910	g18092, g11110
OG0004948	As005G114610	g41312, g28787
OG0004949	As005G115090	g1265
OG0004950	As005G115760	g1259
OG0004951	As005G115840	g1237
OG0004952	As005G116130	g9821
OG0004953	As005G116150	g50780, g37669
OG0004954	As005G116380	g295
OG0004955	As005G117550	g9758, g221
OG0004956	As005G118410	g159
OG0004957	As005G118630	g18666
OG0004958	As005G118700	g9701
OG0004959	As005G118850	g127, g9696
OG0004960	As005G119160	g99
OG0004961	As005G119230	g93, g9674
OG0004962	As005G119600	g64
OG0004963	As005G119980	g39
OG0004964	As010G220480, As005G120450	g19333
OG0004965	As006G121990	g25395, g39471
OG0004966	As006G124550	g39690
OG0004967	As008G196340	g49446
OG0004968	As006G125250	g39741
OG0004969	As006G126170	g51307
OG0004970	As006G127960	g39902
OG0004971	As006G128010	g51217, g39908
OG0004972	As006G128270	g39927
OG0004973	As006G128640	g37881
OG0004974	As006G128740	g37877
OG0004975	As006G129710	g40026, g37842
OG0004976	As006G130190	g40075, g53438
OG0004977	As006G130530	g40144
OG0004978	As006G133540, As009G199820	g45634
OG0004979	As006G133750	g12415
OG0004981	As006G134770	g7924
OG0004982	As009G202500, As006G135830	g7854
OG0004983	As006G136020	g5017
OG0004985	As006G138770	g4790
OG0004986	As009G205410, As006G139410	g10104, g4859
OG0004988	As006G139830, As009G204740	g7658, g12497
OG0004989	As006G140070, As012G283670	g18998, g2083
OG0004990	As006G140740	g12948
OG0004991	As006G141260	g12975, g12437, g7582
OG0004992	As006G141680	g7557, g12997
OG0004993	As006G141950	g12987
OG0004994	As006G142580	g51879, g37355
OG0004995	As006G142980	g51842, g37341
OG0004996	As006G143310	g51810
OG0004997	As006G143760	g2239, g19129, g11283
OG0004998	As006G144480	g38023, g51555
OG0004999	As006G144570	g37147, g38025
OG0005000	As006G144590	g32377
OG0005001	As006G147050	g51686
OG0005002	As006G147700	g51694, g37251
OG0005003	As006G147990	g37258
OG0005005	As007G151970	g31591, g49935
OG0005006	As007G153190	g31663, g27350
OG0005007	As007G154040, As007G153880	g31708
OG0005008	As007G153990	g50008, g31716
OG0005009	As007G154750	g31744, g50026
OG0005010	As007G154930	g31786, g27409
OG0005011	As007G155560	g31824
OG0005012	As007G156050	g50104, g31886
OG0005013	As007G158050	g46390
OG0005014	As007G158130	g32020, g27513
OG0005015	As007G158650	g27524
OG0005016	As007G160000	g32078
OG0005017	As007G160010	g17892
OG0005018	As007G160180	g32115
OG0005020	As010G232330	g50366, g32160
OG0005021	As007G161470, As007G163920	g32212, g50388
OG0005022	As007G161710	g32240, g50395
OG0005023	As007G161950	g32255
OG0005024	As007G162060, As010G228460	g44908
OG0005025	As007G163520	g17196
OG0005026	As007G164830	g23764
OG0005027	As007G176570	g23202
OG0005029	As008G183630	g49893
OG0005030	As008G184850	g46558
OG0005031	As008G184860	g31380
OG0005032	As008G185200	g49806
OG0005034	As008G187000	g27122
OG0005035	As008G187350	g27108
OG0005036	As008G187850	g49722
OG0005037	As008G188970	g31158
OG0005038	As008G190460	g51487
OG0005039	As008G190580	g49607, g27024
OG0005040	As008G190680	g31122, g49685
OG0005041	As008G193840	g49542
OG0005042	As008G193930, As008G193940	g49539
OG0005043	As008G194160	g49530, g30971, g30966
OG0005044	As008G195190	g30914
OG0005045	As008G195270, As008G195280	g49486
OG0005046	As008G197560	g30801
OG0005047	As008G198960	g44113, g36008, g35172, g49327, g30745, g3709
OG0005050	As009G200820	g5135
OG0005051	As009G201840	g45713
OG0005052	As009G201920	g5071, g45716
OG0005053	As009G202060	g5060, g45720
OG0005054	As009G202510	g45736
OG0005055	As009G203120	g29145
OG0005056	As009G203200	g4994, g29142
OG0005057	As009G203710	g29009, g29007
OG0005058	As009G204170	g4932, g29038
OG0005059	As009G204310	g29045
OG0005060	As009G204730	g29077
OG0005061	As009G205060	g29099, g41434
OG0005062	As009G205390	g10103, g4860
OG0005063	As009G206840	g18504
OG0005064	As009G206910	g4716
OG0005065	As009G207370	g4669, g10186
OG0005066	As009G207390	g10234
OG0005067	As009G208350	g10223
OG0005068	As009G209370	g10288
OG0005069	As009G210130	g10284
OG0005070	As009G211190, As009G211070	g2298
OG0005071	As009G212280	g5598, g6454, g11172
OG0005072	As009G214020	g29750, g5646
OG0005073	As009G216020	g2625, g19399
OG0005075	As009G217570	g9944
OG0005076	As009G217600	g446
OG0005077	As009G217940	g9907
OG0005078	As009G218030	g422, g18593
OG0005079	As009G218730	g9866
OG0005080	As009G219690	g1210
OG0005081	As009G219900	g28724, g1187
OG0005082	As009G220060	g1160
OG0005083	As009G220070	g1159
OG0005084	As010G221270	g2594, g19367
OG0005085	As010G221790	g2626
OG0005086	As010G221820	g19400
OG0005087	As010G222060	g2632, g11381
OG0005088	As010G222240	g2653
OG0005089	As010G223760	g2797, g11407
OG0005090	As010G227320	g716
OG0005091	As010G227690	g41602, g41623
OG0005092	As010G230480	g44839
OG0005093	As010G230830	g44834
OG0005094	As010G231100	g41508, g44831
OG0005095	As010G231510	g10824
OG0005096	As010G231540	g44805
OG0005097	As010G232030	g45775, g44780
OG0005098	As010G232760	g44738
OG0005099	As010G234810	g45975
OG0005100	As010G235320	g46419
OG0005101	As010G235560, As010G235550	g46395
OG0005102	As010G235970	g10283
OG0005103	As010G236600	g46311, g44383
OG0005104	As010G237160	g44404, g31943
OG0005105	As010G237330	g46255
OG0005106	As010G238190	g44465
OG0005107	As010G242810	g44324
OG0005108	As010G243740	g46579
OG0005109	As010G243850	g46585
OG0005111	As012G268130	g54309, g36727
OG0005112	As011G245560	g7224
OG0005113	As011G245600	g13191, g13192
OG0005114	As011G245840	g12213
OG0005115	As011G246010	g36688
OG0005116	As011G246550, As012G269560	g7160
OG0005117	As011G247300	g7111
OG0005118	As011G247570	g7084
OG0005119	As011G247670	g7076
OG0005120	As011G247850	g13243
OG0005121	As011G248190	g7045
OG0005122	As011G248500	g7017
OG0005123	As011G248720	g7006
OG0005124	As011G250650	g12002, g6868
OG0005125	As011G251080	g11981
OG0005126	As011G252180	g13364
OG0005128	As011G252920	g6713
OG0005129	As011G252980	g6708
OG0005130	As011G253260	g13378
OG0005131	As011G253360	g13381
OG0005132	As011G253420	g6664
OG0005133	As011G253680	g11873
OG0005134	As011G253700	g13382
OG0005135	As011G254010	g24466
OG0005136	As011G254750	g6568
OG0005137	As011G256120	g6484
OG0005138	As011G256170	g6472, g13479
OG0005140	As011G265140	g5999
OG0005141	As011G265790, As011G265760, As011G265800, As011G265780, As011G265770	g5980
OG0005142	As011G265810	g13926, g5977
OG0005143	As011G265870	g13923
OG0005144	As011G266960	g13861, g5917
OG0005145	As012G268090	g36734
OG0005146	As012G268410	g36716
OG0005147	As012G270750	g54258
OG0005148	As012G271810	g28039
OG0005149	As012G273270, As012G273280	g36373
OG0005150	As012G275500	g19282
OG0005151	As012G275980	g11329
OG0005153	As012G278160	g11304
OG0005154	As012G278270	g19167, g2309
OG0005155	As012G278420	g2452, g19286
OG0005156	As012G280450	g19133, g2268
OG0005157	As012G280490	g19132
OG0005158	As012G280950	g50609, g27924, g2250
OG0005159	As012G282630	g19044
OG0005160	As012G282710	g19038
OG0005161	As012G282890	g19027, g2147
OG0005162	As012G284100	g2119
OG0005163	As012G285650	g2028
OG0005164	As012G285670	g18881
OG0005166	As012G287510	g1843
OG0005167	As012G287550	g1839
OG0005168	As012G287590	g24221
OG0005192	As001G000030	g23575, g17063
OG0005193	As001G000450	g47676, g23544
OG0005194	As001G000820	g47686
OG0005195	As001G000860	g17021
OG0005196	As001G001460	g23460
OG0005197	As011G265330, As001G001510	g6007
OG0005198	As001G001540	g47702
OG0005199	As001G001750	g16997
OG0005200	As001G001880	g47723
OG0005201	As001G002200	g23425, g47734
OG0005202	As001G002220	g23423
OG0005203	As001G002680, As001G002700, As001G002690	g16975
OG0005204	As001G002730, As001G002720	g23384
OG0005205	As001G003030	g23366
OG0005206	As001G003180	g23363
OG0005207	As001G003510	g23342
OG0005208	As001G003980, As008G184210	g49866
OG0005209	As001G004470	g47826
OG0005210	As001G006380	g23245, g47823
OG0005211	As001G013560	g47870, g23134
OG0005212	As001G013840	g23097
OG0005213	As001G013850	g47879, g23099
OG0005214	As001G014850	g23032
OG0005215	As001G016310	g50612
OG0005216	As001G019480	g27767
OG0005216	As001G016550	g50622
OG0005217	As001G017460	g47189
OG0005218	As001G019600	g44027
OG0005219	As001G021490	g36835, g40978
OG0005220	As001G021830	g38262
OG0005221	As001G022830	g10766
OG0005222	As001G023020	g1507, g16060
OG0005223	As001G023090	g10740
OG0005224	As001G023270	g10733
OG0005225	As001G023510	g10716
OG0005226	As001G024000	g10669
OG0005227	As001G024070	g16679
OG0005229	As001G024310	g10657
OG0005230	As001G025120	g10586
OG0005231	As001G025700	g31407
OG0005232	As001G025830	g10532
OG0005234	As001G026780	g10452
OG0005235	As001G027570	g10377
OG0005236	As001G028240	g44917
OG0005237	As001G031580	g40854
OG0005238	As001G031860	g40879
OG0005239	As002G032740	g47575, g17147
OG0005240	As002G033370	g51962, g37371
OG0005241	As002G035650	g13088, g7434
OG0005242	As002G037520	g12312
OG0005243	As002G038200	g7337
OG0005244	As002G040220	g26658
OG0005245	As002G044780	g28410
OG0005246	As002G044790	g28409
OG0005247	As002G046190	g47504
OG0005248	As002G047450	g1027
OG0005249	As002G047550	g18827, g1922
OG0005250	As002G047570	g39362
OG0005251	As002G049350	g1124
OG0005252	As002G049940	g1153, g28688
OG0005254	As002G050270	g45621, g29356
OG0005255	As002G050710	g45603, g29386
OG0005257	As002G051180	g5330, g29407
OG0005258	As002G051280	g5334
OG0005259	As002G051440	g5348
OG0005260	As002G052400	g579, g5399
OG0005261	As002G052420	g29476
OG0005262	As002G053420	g5437, g29537
OG0005263	As002G054560	g29589
OG0005264	As002G054620	g29593, g45498
OG0005265	As002G054940	g5532, g29605
OG0005266	As002G055500	g5561
OG0005267	As003G056420	g24225
OG0005268	As003G056520	g17493
OG0005269	As003G058360	g47335
OG0005270	As003G060400	g23961, g47421, g17296
OG0005271	As003G062220	g23848
OG0005272	As003G063090, As003G063080	g32721
OG0005274	As003G064590, As004G080920	g28151, g53837
OG0005275	As003G067440	g13432
OG0005276	As003G067920	g50435, g32294, g27639
OG0005277	As003G068670	g32321
OG0005278	As003G068760	g50457
OG0005279	As003G069010	g32340, g50464
OG0005280	As004G081400, As003G069020	g27656
OG0005281	As003G070060	g50511
OG0005282	As003G070120	g27687
OG0005283	As003G070550, As003G070630, As003G070540	g32433
OG0005284	As003G070820	g50530
OG0005285	As003G073530	g22845
OG0005287	As003G073950	g22821
OG0005288	As007G180210, As003G074510	g50904
OG0005289	As003G074790	g22749
OG0005290	As003G075710	g22690
OG0005291	As004G076710	g1744
OG0005292	As004G078110	g898
OG0005293	As004G078660	g37114, g13661
OG0005294	As004G079840	g51504, g37123
OG0005295	As004G082570	g46222
OG0005295	As012G278310, As010G237850	g44441
OG0005296	As004G083990	g25773
OG0005297	As004G084530	g17269, g17266
OG0005298	As004G085110	g40404
OG0005299	As004G086400, As005G113080	g36283
OG0005300	As004G086500	g40482
OG0005301	As004G088600	g40601
OG0005302	As004G089670	g10901
OG0005303	As004G092590	g47062
OG0005304	As004G093480, As011G256940	g6433
OG0005305	As004G094220	g24670, g24617, g24622, g24676
OG0005306	As004G094400	g46998
OG0005307	As004G095160	g17771
OG0005308	As004G097330	g16841
OG0005309	As004G098310	g50359
OG0005310	As005G101900	g41166
OG0005311	As005G101940	g37590, g52229
OG0005313	As005G102990	g38227, g37533
OG0005314	As005G103830	g7361, g52122
OG0005316	As005G104140	g37490
OG0005317	As005G104740	g52075, g38193
OG0005318	As005G105010	g52019
OG0005319	As005G105050	g52023, g37421
OG0005320	As005G105080	g52025
OG0005321	As005G105830	g52002
OG0005323	As005G107120	g5800
OG0005324	As005G107610	g5782
OG0005325	As005G107770	g45339, g5780
OG0005327	As005G108310	g5732
OG0005328	As005G108610	g29828
OG0005329	As005G109100	g19112
OG0005330	As005G109560	g635
OG0005331	As005G110880	g28944, g709
OG0005332	As005G111210	g28942, g712
OG0005333	As005G111980	g725
OG0005334	As005G112100	g729
OG0005335	As005G112280	g28916
OG0005336	As005G112520	g23847, g47490
OG0005337	As005G112640	g758, g28902
OG0005338	As005G113040, As010G226430	g28889
OG0005339	As005G113270	g789, g43751
OG0005340	As005G113290	g684, g28964
OG0005341	As010G226240, As005G113340	g28872
OG0005342	As005G113890	g28851
OG0005343	As005G114460	g28804
OG0005344	As005G114910	g39224, g28759
OG0005345	As010G224420, As005G115620	g39233, g28740
OG0005346	As005G116070	g2724
OG0005347	As005G116700	g36059, g36057
OG0005348	As005G116970	g4083
OG0005349	As005G116990	g258
OG0005350	As005G117270	g9775
OG0005351	As005G117780	g205
OG0005352	As005G117820	g203
OG0005353	As005G118500	g152
OG0005354	As005G118650	g9703, g145
OG0005355	As005G119000	g9685, g18674
OG0005356	As005G119020	g111
OG0005357	As005G119650	g18680
OG0005358	As005G120230	g31
OG0005359	As006G135260, As005G120420	g19636, g19641, g54378
OG0005360	As006G120980	g25332
OG0005361	As006G121060	g25337
OG0005362	As006G121210	g25376, g39460
OG0005363	As006G122260	g45265
OG0005364	As008G198420	g49349
OG0005365	As006G122550	g25422, g45224
OG0005366	As006G123900	g39635, g25502
OG0005368	As006G125730	g39786
OG0005369	As006G125790	g51311
OG0005370	As006G127060	g37907
OG0005371	As006G127310	g39845
OG0005372	As006G127400	g39853
OG0005373	As006G130030	g40064
OG0005374	As006G130880	g40109, g40110
OG0005375	As006G131170	g40174
OG0005376	As006G132090	g23236
OG0005377	As006G133310	g40845
OG0005378	As006G136010	g12667
OG0005379	As006G136190	g7830
OG0005380	As006G137130	g29030
OG0005380	As009G203990	g41490
OG0005381	As006G138810	g12554
OG0005382	As006G139330	g12519, g7690
OG0005383	As009G209390, As006G139670	g5252, g29341
OG0005384	As006G140170	g12483
OG0005385	As006G140490	g12468
OG0005386	As006G141090	g7596
OG0005387	As006G141390	g7574
OG0005389	As012G282400, As006G142930	g37344
OG0005390	As006G143390	g37325
OG0005391	As006G143790	g51764
OG0005392	As006G144000	g37308, g43581
OG0005393	As006G144220	g2275
OG0005394	As006G144290	g37295
OG0005395	As006G144490	g51558
OG0005397	As006G146190	g37216
OG0005398	As006G146370	g51649
OG0005399	As006G147040	g51684
OG0005400	As006G147530, As012G278560	g51699
OG0005401	As007G163120, As006G147870	g7588
OG0005402	As006G148690	g51713
OG0005403	As007G152380	g31623, g27329
OG0005404	As007G153370	g49984
OG0005405	As007G155080	g27414
OG0005406	As007G155200	g31806
OG0005407	As007G155290	g27421
OG0005408	As007G155310	g31814
OG0005409	As007G155490	g50064
OG0005410	As007G155980, As010G238120	g31871
OG0005411	As007G156250	g31898
OG0005412	As007G156740	g31944, g50148
OG0005413	As007G157620	g50204
OG0005414	As010G235650, As007G158030	g46389
OG0005415	As007G158210	g50235
OG0005416	As007G158310	g50240
OG0005418	As007G158920	g44649
OG0005419	As007G160140	g32117, g27570
OG0005420	As007G160270	g32127
OG0005421	As007G160420	g27581
OG0005422	As007G160840	g27593
OG0005423	As007G161750	g50396
OG0005424	As007G161800	g32247
OG0005425	As007G161820	g50397
OG0005426	As007G164240	g47528
OG0005427	As007G165270	g23759
OG0005429	As007G178550	g50967, g38397
OG0005431	As008G182660	g31552, g52269
OG0005432	As008G185190	g31358
OG0005433	As008G185260	g27182
OG0005434	As008G186720	g49753, g31280
OG0005435	As008G186740	g31279
OG0005436	As008G187770	g31234
OG0005437	As008G187800	g31235
OG0005438	As008G188070	g49697, g31210
OG0005439	As008G188380	g31180
OG0005440	As008G188430	g27071, g49636
OG0005441	As008G189400	g31140
OG0005442	As008G190710	g49611
OG0005443	As008G191180	g27019
OG0005444	As008G193410	g49551, g19212
OG0005445	As008G194470, As008G194460	g49513
OG0005446	As008G194650	g26961
OG0005447	As008G198530	g51489, g49345
OG0005448	As009G199760	g29329
OG0005449	As009G199880	g5179, g29302
OG0005450	As009G200330	g5219, g29324
OG0005451	As009G200560	g5159, g41470, g27881
OG0005452	As009G202220	g5056
OG0005453	As009G202520	g29184
OG0005454	As009G203370	g29140, g45752
OG0005455	As009G203540	g41500, g28990
OG0005456	As009G203720	g29010, g29008
OG0005457	As009G204260	g29043, g4038, g4919
OG0005458	As009G205380	g35552, g48284, g35557, g18528
OG0005459	As009G206170	g10137, g10127
OG0005460	As009G207070	g4730
OG0005461	As009G208680	g1634
OG0005462	As009G211500	g29656
OG0005463	As009G212510	g5608
OG0005464	As009G213280	g29727, g5638
OG0005465	As009G213960	g29746, g45416
OG0005466	As009G214080	g29761
OG0005467	As009G214330	g29773
OG0005468	As009G214350	g29775
OG0005469	As009G214590	g45403, g5685
OG0005470	As009G215170	g10072
OG0005471	As009G218530	g9875, g386
OG0005472	As009G218540	g385
OG0005473	As009G218600	g9872
OG0005474	As009G218900, As010G223550	g9858
OG0005475	As009G220040	g1162
OG0005476	As010G220650	g19340, g2522
OG0005478	As010G223900, As010G227850	g2804
OG0005479	As010G224970	g2940
OG0005480	As010G227370	g41414
OG0005481	As010G227770	g41635
OG0005482	As010G230120	g12950
OG0005484	As010G231250	g45754
OG0005485	As010G232340	g45788
OG0005486	As010G232680	g45807
OG0005487	As010G233660	g45876
OG0005488	As010G234000	g44664
OG0005489	As010G234410	g44646, g45931
OG0005490	As010G235270	g46425
OG0005491	As010G235360	g46416
OG0005492	As010G236640	g46315
OG0005493	As010G236980	g50159, g31953
OG0005494	As010G237580	g46241
OG0005495	As010G237980	g44448, g46214
OG0005496	As010G238020	g46206
OG0005497	As010G238170	g44463, g46198
OG0005498	As010G239260	g44540
OG0005499	As010G239280	g44542
OG0005500	As010G239620	g46104
OG0005501	As010G239980	g18557
OG0005502	As010G240960	g46019
OG0005503	As010G241410	g45993
OG0005504	As010G241690	g46454
OG0005505	As010G243330	g46546
OG0005506	As010G243530	g46565
OG0005507	As010G243800	g46582, g44286
OG0005508	As011G244660, As012G267750	g7285
OG0005509	As011G245180	g7250
OG0005510	As011G247140	g7123, g12155
OG0005511	As011G247560	g13235, g7085
OG0005512	As011G247600	g13236
OG0005513	As011G248560	g2155, g7009
OG0005514	As011G248700	g7007
OG0005516	As011G248860	g47126, g17616
OG0005517	As011G249180	g13273
OG0005518	As011G249590	g6940
OG0005520	As011G250780	g6859
OG0005521	As011G250870	g11991
OG0005522	As011G250990	g11984
OG0005523	As011G251240, As011G257370	g11973
OG0005524	As011G251620	g13344
OG0005525	As011G252560	g11922
OG0005526	As011G252910	g6714
OG0005527	As011G254490	g6582, g11818
OG0005529	As011G262000, As011G262680	g41349
OG0005530	As011G262240	g47848
OG0005531	As011G263780	g13718, g14058
OG0005532	As011G263890	g13720, g6099
OG0005533	As011G264950	g6030
OG0005534	As011G265510	g18253
OG0005535	As011G266540	g13876
OG0005536	As012G268750	g36706, g54331
OG0005537	As012G269120	g54346
OG0005538	As012G269130	g54347, g36686
OG0005539	As012G269280	g54353
OG0005540	As012G269570	g36660, g7154
OG0005541	As012G269860	g36616
OG0005542	As012G272150	g36447, g54173
OG0005543	As012G272990	g36388
OG0005544	As012G273870	g36302
OG0005545	As012G273980	g54060, g54050
OG0005546	As012G277470	g19179
OG0005547	As012G278040	g2319
OG0005548	As012G279160	g2463
OG0005550	As012G283980	g2105
OG0005551	As012G284120	g18980
OG0005552	As012G284430	g18967
OG0005553	As012G284600	g2034
OG0005554	As012G286950	g1889
OG0005556	As012G288420	g18794
OG0005557	As012G288720	g18741
OG0005592	As001G000970	g23501
OG0005593	As001G002110	g16990
OG0005594	As006G136630, As001G002230	g49677
OG0005595	As001G002670	g23382
OG0005596	As001G002890	g47758, g16970
OG0005597	As001G002940	g23379
OG0005598	As001G003080	g16968
OG0005599	As001G003160	g16967, g23365
OG0005600	As001G003530	g23341, g47778
OG0005601	As001G003860	g16948
OG0005602	As001G004790	g47805
OG0005603	As001G005240	g23258, g47817
OG0005604	As006G131940	g23213
OG0005604	As001G005600	g47829
OG0005605	As001G005830	g16911
OG0005606	As001G012120	g47849
OG0005607	As001G013590	g23136
OG0005608	As001G015710	g775
OG0005609	As004G079180, As001G016190	g37139, g38005
OG0005610	As001G018030	g2668, g2662, g24344, g24347, g2669, g2663
OG0005611	As008G188180, As001G019310	g41078, g44021
OG0005612	As001G019680	g45601, g28386
OG0005613	As001G021190	g40994
OG0005614	As001G021890	g40944
OG0005615	As001G022220	g10827
OG0005616	As001G023370	g10726
OG0005617	As001G023570	g10707
OG0005618	As001G024320	g10656
OG0005619	As008G183820, As001G024480	g16660
OG0005620	As001G024500	g47082
OG0005621	As001G024560	g10646
OG0005622	As001G025080	g1584
OG0005623	As001G025110	g10587
OG0005624	As001G025980	g1608, g10521
OG0005625	As001G026930	g10435
OG0005626	As004G078310, As001G027760	g10362
OG0005627	As001G027810	g28414
OG0005628	As001G028350	g44920
OG0005629	As004G076910	g25112
OG0005630	As001G030320	g40745
OG0005631	As001G031070	g40799
OG0005632	As001G031180, As009G201530	g29223
OG0005634	As001G031680	g40865
OG0005635	As002G032560	g47561, g23729
OG0005637	As002G033850	g51923
OG0005638	As002G034410	g13055
OG0005639	As002G034720, As005G108070	g12394
OG0005640	As002G035100	g7455
OG0005641	As002G038610	g12291, g13135
OG0005642	As002G043760	g1317
OG0005643	As002G044740	g914
OG0005644	As002G044970	g28399
OG0005645	As002G046580	g975
OG0005646	As002G047000	g39383, g28508
OG0005647	As006G134300, As002G047690	g28535, g1038
OG0005648	As002G047990	g39353
OG0005649	As002G048200	g1075
OG0005650	As002G048770	g28602
OG0005651	As002G049090	g1107, g28639, g28637
OG0005652	As002G049520	g28663
OG0005653	As002G049860	g1149
OG0005654	As002G050000	g10307
OG0005655	As002G050360	g29363
OG0005656	As002G050400	g29367
OG0005657	As002G050640	g29372
OG0005659	As002G051500	g5357
OG0005660	As002G051530	g5358
OG0005661	As002G051570	g29429, g5362
OG0005662	As002G051910	g5376
OG0005663	As002G053900	g5465
OG0005664	As002G054020	g5472
OG0005665	As002G054720	g45492
OG0005666	As003G055610	g24288
OG0005667	As003G055790	g17539, g24265
OG0005668	As004G089530, As003G056060	g10912, g40668
OG0005669	As003G057730	g47306
OG0005670	As003G057810	g47312
OG0005671	As003G058060	g24094
OG0005672	As003G058080, As004G087440	g24090
OG0005673	As003G059120	g24029, g17360
OG0005674	As003G060330	g47414, g17305, g28308
OG0005675	As003G060650	g47431
OG0005676	As003G060780	g47442, g23944
OG0005677	As003G061730, As004G084350	g47468
OG0005678	As003G063370	g27815, g27850
OG0005679	As003G065460	g54010
OG0005680	As003G068930	g50463
OG0005681	As003G069990	g50507
OG0005682	As003G070090	g32402
OG0005683	As003G071570	g50568
OG0005684	As003G072040	g18233
OG0005685	As003G072410	g22951
OG0005686	As003G072600	g18252, g22928
OG0005687	As003G073130	g22887
OG0005688	As003G073860, As007G179770	g36915
OG0005689	As003G074090	g22807
OG0005690	As003G074250	g48000
OG0005691	As003G074760	g22759
OG0005693	As003G075440	g22710
OG0005694	As003G075450	g22709
OG0005695	As004G077720	g46912
OG0005696	As004G079390	g51529
OG0005697	As004G079740	g51507
OG0005698	As004G081030	g18606
OG0005699	As004G081880	g11124, g37061
OG0005700	As004G081900	g29371
OG0005701	As004G081910	g11126
OG0005702	As011G261400, As004G082260	g53957
OG0005703	As004G085090	g40402
OG0005704	As004G085370	g40415, g25654
OG0005705	As004G087970, As004G087950	g16724
OG0005706	As004G087960	g16723
OG0005707	As004G088580	g40599
OG0005708	As004G088860, As004G088830	g40622, g10946
OG0005710	As004G090190	g10858
OG0005711	As004G090210	g10857, g40710
OG0005712	As004G090660	g40720
OG0005713	As004G090690	g10847
OG0005714	As004G092450	g13567
OG0005715	As004G094330	g26156, g46993
OG0005716	As004G095850	g24501, g47068
OG0005717	As004G096500	g6660
OG0005718	As005G099150	g37750
OG0005719	As005G099460	g37731
OG0005720	As005G099650	g50819
OG0005721	As005G100240	g38253, g50798
OG0005722	As005G100400	g37676
OG0005723	As005G100500	g50784
OG0005724	As005G100700, As012G287700	g11163
OG0005725	As005G101370	g52270
OG0005726	As012G287060, As005G101510	g1883
OG0005727	As005G101650	g52253
OG0005728	As005G102170	g37571, g52218
OG0005729	As012G286250	g18833, g1923
OG0005730	As005G102520	g38235
OG0005732	As005G102920	g38228
OG0005733	As005G103870	g37503
OG0005734	As005G104020	g37498
OG0005735	As005G104870	g38185, g52054
OG0005736	As005G106100	g37392
OG0005737	As005G107140	g45307
OG0005738	As005G107360	g29859
OG0005739	As005G109570	g636
OG0005740	As005G109650	g637
OG0005741	As005G109720	g642
OG0005742	As005G110700	g28973, g665
OG0005743	As005G111620	g28042
OG0005744	As010G227100, As005G112230	g735
OG0005745	As005G112270	g41389, g737
OG0005746	As005G113210	g783
OG0005747	As005G113420	g799
OG0005748	As005G113530	g41355
OG0005749	As005G114100	g841
OG0005750	As005G114350	g28815
OG0005751	As005G115900	g1231, g28709
OG0005752	As005G116790	g269
OG0005753	As005G116850	g9797, g265
OG0005754	As005G117610	g9754
OG0005755	As005G117720	g18646
OG0005756	As005G118270	g168
OG0005757	As005G119990	g19648, g9639
OG0005759	As006G121240	g25372
OG0005760	As006G121530	g45272, g25362
OG0005761	As006G121710, As006G121870	g39485
OG0005762	As006G121920	g39479, g25392
OG0005763	As006G122470	g25417, g25420, g39509
OG0005764	As006G123560	g39606
OG0005765	As006G124020	g39638
OG0005766	As006G124130	g45189
OG0005767	As006G124260	g39671, g3045, g3038, g11057
OG0005768	As006G124290	g3030, g11059
OG0005770	As006G124500	g39686
OG0005771	As006G125230	g39739
OG0005772	As006G125240	g51360
OG0005773	As006G125800	g39773
OG0005774	As006G126490	g51281
OG0005775	As006G128310	g39935
OG0005776	As006G128500	g51185
OG0005777	As012G269220, As006G129360	g51109
OG0005778	As006G129460	g39839
OG0005779	As006G130120	g40070, g37817, g53389
OG0005780	As006G130690	g40127
OG0005781	As006G130710	g40126
OG0005782	As006G131560	g18148, g23194
OG0005783	As006G131600	g38277
OG0005784	As009G199830, As006G133520	g5224
OG0005785	As006G134900	g7915
OG0005786	As006G135270	g12688
OG0005787	As006G135360	g12686
OG0005788	As006G135410	g12684, g7876
OG0005789	As006G136390	g7827
OG0005790	As006G139310	g4842, g12904
OG0005791	As006G140230	g7637, g12929
OG0005792	As006G140370	g12942
OG0005793	As006G140430	g12474
OG0005794	As006G140500	g12944
OG0005795	As006G141280	g7580
OG0005796	As006G141300	g44177, g40967
OG0005797	As006G141540	g7566
OG0005798	As006G141920	g7547, g12419
OG0005799	As006G142460	g51885, g38142
OG0005800	As006G142780	g51867
OG0005801	As006G143030	g51644
OG0005802	As006G143590	g51776
OG0005803	As006G145440	g51611
OG0005804	As006G146090	g19192, g2345, g47905
OG0005805	As006G146130	g37210
OG0005806	As006G146600	g51659
OG0005807	As006G146740	g37229
OG0005808	As006G147110	g51711
OG0005809	As006G147130	g51733, g37290
OG0005810	As006G147400	g38091, g51726, g37285
OG0005811	As006G148400	g37277
OG0005812	As007G151980	g31594
OG0005814	As007G152900, As007G162490	g31649
OG0005815	As007G153110	g27349
OG0005816	As007G153210	g31665
OG0005817	As007G153560	g31686
OG0005818	As007G154250, As010G240610	g44578
OG0005819	As007G154280, As007G177410	g41587, g31731
OG0005820	As007G155920	g50094, g31866
OG0005821	As007G156600	g50140, g31921, g27460
OG0005822	As007G156720	g50145
OG0005823	As007G157840	g32012, g27498
OG0005824	As007G158530	g50246
OG0005825	As007G159610	g32099
OG0005826	As007G159750	g32090
OG0005827	As007G159900	g50313
OG0005828	As009G200310, As007G162190	g5214, g29322
OG0005829	As007G162370	g50418, g40518
OG0005830	As007G162630	g32283, g50414
OG0005832	As007G163340	g38321
OG0005833	As007G163990	g23808
OG0005834	As007G164230	g17184, g23804
OG0005835	As007G164670	g47537
OG0005836	As007G178540	g50971
OG0005837	As009G216810, As007G179080	g50966
OG0005838	As008G182380	g31572
OG0005839	As008G182710	g49918
OG0005840	As008G183450	g27252
OG0005841	As008G184040	g31452
OG0005842	As008G184480	g27198, g31409
OG0005843	As008G184600	g49845, g31399
OG0005844	As008G184720	g27190
OG0005845	As008G185090	g49815
OG0005846	As008G185210	g31357, g27186
OG0005847	As008G185500	g49786, g31340
OG0005848	As008G185770	g31326
OG0005849	As008G186170	g31309
OG0005850	As008G186180	g31308, g27149
OG0005851	As008G187020	g49732, g31260
OG0005852	As008G187110	g27121, g31255
OG0005853	As008G187720	g49718
OG0005854	As008G188170	g31191
OG0005855	As008G188460	g31179
OG0005856	As008G190000	g27034, g31131, g49663
OG0005857	As008G190730	g31116
OG0005858	As008G191080	g27018
OG0005859	As008G191910	g27013, g49589
OG0005860	As008G192550	g31070, g49568
OG0005861	As008G193070	g31043
OG0005862	As008G195890	g26945
OG0005863	As008G195900	g30885
OG0005864	As008G195940	g30883
OG0005865	As008G197460	g30807
OG0005866	As008G197980	g49367
OG0005867	As008G198380	g49355
OG0005868	As008G199050	g49306, g49308
OG0005869	As009G199930	g45661
OG0005870	As009G200040	g29312
OG0005871	As009G200270	g5212, g5210
OG0005872	As009G200830	g5134, g45685
OG0005873	As009G200900	g5098
OG0005874	As009G201810	g25077
OG0005875	As009G203450	g28987, g4989
OG0005876	As009G204330	g4917
OG0005877	As009G205000	g4884
OG0005878	As009G206730	g18509
OG0005879	As009G207310	g4755
OG0005880	As009G207380	g10188, g4666
OG0005881	As009G207620	g10194
OG0005882	As009G207830	g10218
OG0005883	As009G208760	g10238, g1637
OG0005884	As009G209480	g5249
OG0005885	As009G213290	g29729
OG0005886	As009G215000, As009G214990	g10085, g617
OG0005887	As009G215730	g10028, g569
OG0005888	As009G216730	g18580, g36086
OG0005889	As009G217700	g442
OG0005890	As009G218040	g9900
OG0005891	As009G218670	g9869, g372
OG0005892	As010G223620	g19514, g2774
OG0005893	As009G219200	g9842
OG0005895	As009G219700	g1209
OG0005896	As009G219780	g1201, g28720
OG0005897	As009G219840	g1195
OG0005898	As009G219950	g28727, g39279
OG0005900	As009G220150	g28692
OG0005901	As010G220240	g2471
OG0005902	As010G221040	g2572
OG0005903	As010G222080	g19414
OG0005904	As010G223050	g19487
OG0005905	As010G224660	g11436
OG0005906	As010G226820	g3387, g10097
OG0005907	As010G231700	g44789
OG0005908	As010G232940	g18016
OG0005909	As010G234370	g45929
OG0005910	As010G234790	g44623
OG0005911	As010G235430	g46405
OG0005912	As010G236120	g46349
OG0005913	As010G237070	g46273
OG0005914	As010G237320	g46258, g44408
OG0005915	As010G238310	g44473, g46191
OG0005916	As010G238540, As010G238420	g44485
OG0005917	As010G238880	g46153
OG0005918	As010G241580	g31687
OG0005919	As010G242020	g46467, g44355
OG0005920	As010G242080	g44353
OG0005921	As010G243410	g46553
OG0005922	As010G243960	g44279
OG0005923	As010G244110	g27298
OG0005924	As011G244740	g7272
OG0005925	As011G245050	g7256, g12248
OG0005926	As011G245860	g7206, g13204
OG0005927	As011G246790	g7148
OG0005928	As011G246890	g13224
OG0005929	As012G270060, As011G247460	g36600
OG0005931	As011G249670	g12042
OG0005932	As011G250460	g6879
OG0005933	As011G250620, As011G250610	g46658
OG0005935	As011G252020	g6768
OG0005936	As011G252550	g6746
OG0005937	As011G253240	g11881, g6689
OG0005938	As011G254360	g6587
OG0005939	As011G254370	g6586
OG0005940	As011G254570	g6575, g13430
OG0005941	As011G255500	g6515
OG0005942	As011G255750	g6504
OG0005943	As011G255790	g6499
OG0005944	As011G256800	g6447, g13514
OG0005945	As011G261470	g6369
OG0005945	As011G261460	g6370
OG0005946	As011G261940, As011G261930	g17887
OG0005947	As011G262430	g13682
OG0005948	As011G263550	g14086
OG0005949	As011G264980	g6069, g6029
OG0005950	As011G265420	g6016
OG0005951	As011G266080	g33351, g33353
OG0005952	As011G266280	g13904
OG0005953	As011G266660	g13870, g5937
OG0005954	As011G266950	g5918
OG0005955	As012G267950	g36739
OG0005956	As012G268270	g36725
OG0005957	As012G269670	g29460
OG0005958	As012G270120	g36596, g54280
OG0005959	As012G270510	g28010
OG0005960	As012G273120	g36357
OG0005961	As012G273190	g23338, g23339, g54099
OG0005962	As012G274040	g54040, g42114
OG0005964	As012G275940	g19257
OG0005965	As012G278490	g2453
OG0005966	As012G280370	g11287
OG0005967	As012G282520	g19050
OG0005968	As012G282740	g19036, g3762, g2160
OG0005969	As012G283470	g2065
OG0005970	As012G283580	g2072
OG0005971	As012G284020	g2111
OG0005972	As012G284030	g18985
OG0005973	As012G285230	g18907, g2006
OG0005974	As012G287360	g1869
OG0005976	As012G287560	g1838
OG0005977	As012G289310	g18693, g18694
OG0005978	As012G289470	g18708
OG0006016	As011G266650, As001G000800	g47685
OG0006017	As011G265900, As001G001870	g13922, g5971
OG0006018	As001G002410	g23407
OG0006019	As001G002490, As007G179100	g36893
OG0006020	As001G002830	g47754
OG0006021	As001G003250	g49615
OG0006022	As001G003350	g47767
OG0006023	As001G003440	g47773, g23344
OG0006024	As007G177940, As001G003950	g36891
OG0006025	As001G005300	g32450
OG0006026	As001G010530	g23169
OG0006027	As001G010610	g47844, g23165
OG0006028	As001G010720	g23164
OG0006029	As011G262500, As001G012720	g36064
OG0006030	As001G014400	g23065
OG0006031	As001G014500	g23045
OG0006032	As001G014560	g23042
OG0006033	As001G015530	g18226
OG0006034	As011G256000, As004G079060, As001G015920	g50591
OG0006035	As001G016750	g32598, g50632
OG0006036	As001G017050	g50653
OG0006037	As001G017210	g32635, g13331
OG0006038	As001G017380	g24304
OG0006039	As001G018050	g24350
OG0006040	As001G018690	g43903
OG0006041	As001G019590	g41072
OG0006042	As001G020610	g41028
OG0006043	As001G020800	g44124
OG0006044	As008G186780, As001G021070	g27128, g31276
OG0006045	As001G022260	g10823
OG0006047	As001G022570	g10800
OG0006049	As001G023240	g10736
OG0006050	As001G023340	g45925
OG0006051	As001G023620	g10701
OG0006052	As001G024020	g10667
OG0006053	As001G024400	g10649
OG0006054	As008G184340, As001G025380, As001G024700	g31421, g49859
OG0006055	As001G024950	g1580, g10600
OG0006056	As001G025480	g10562
OG0006057	As001G025960	g10522
OG0006059	As001G026290	g10494, g1617
OG0006060	As001G026340	g1618
OG0006061	As001G026850	g10443
OG0006062	As001G026880	g10440
OG0006063	As001G026980	g10418
OG0006064	As001G027190	g10405
OG0006065	As001G027530	g16482
OG0006066	As001G027580	g10376
OG0006067	As001G028060	g10325
OG0006068	As001G028660	g18048, g18047
OG0006069	As001G029160	g45041
OG0006070	As001G029370	g45068
OG0006071	As001G030460	g40759
OG0006072	As001G030480	g40761
OG0006073	As001G031210	g44260, g40785
OG0006074	As001G031350	g44254
OG0006075	As001G031690	g40866
OG0006076	As002G033100	g38157
OG0006077	As002G033280	g51974
OG0006078	As002G034220	g13039, g7501, g12400
OG0006079	As002G035610	g13084
OG0006080	As002G036510	g12343, g7403
OG0006081	As002G037500, As009G212250	g29683
OG0006082	As002G039070	g12281, g7308
OG0006083	As002G040490	g15812, g15912, g16207, g15852, g15899, g27890, g33101, g33068, g14570, g34933, g30761, g14655, g24992, g3656, g4180, g53234, g14661, g26417, g15826, g15853, g15813, g15877, g15923, g15864, g15913, g15814, g15827, g15901, g15854
OG0006084	As002G042230	g1396
OG0006085	As002G043110	g28319
OG0006086	As002G043640	g28349
OG0006087	As002G044240	g17160
OG0006088	As002G045030	g28396
OG0006090	As002G045330	g28431
OG0006091	As002G045370	g10825
OG0006092	As002G045410	g35314, g35038, g28438
OG0006093	As002G046040	g949
OG0006094	As002G046310, As007G179400	g28485
OG0006095	As002G046410	g966
OG0006096	As002G046470	g39402
OG0006097	As002G046880	g994
OG0006098	As002G047480	g28526
OG0006099	As002G048490	g28566
OG0006100	As002G049200	g1111, g28646
OG0006101	As002G049280	g28649, g1117
OG0006102	As002G049500	g31600
OG0006104	As002G049740, As008G183560	g31478
OG0006105	As002G049810	g28678
OG0006106	As002G050840	g5304, g29395
OG0006107	As002G050890	g45594, g45595
OG0006108	As002G051780	g5370, g45569
OG0006109	As002G052970	g29503, g5419
OG0006110	As002G053180	g29516, g29518
OG0006111	As002G053730	g5453, g45517
OG0006112	As002G054150	g5480, g45505
OG0006113	As002G054520	g5504
OG0006114	As002G054740	g29599
OG0006115	As002G054770	g5517
OG0006116	As002G055100	g29613
OG0006117	As009G218510, As002G055470	g9876
OG0006118	As003G055680	g24270
OG0006119	As003G055930	g47223, g47218, g47219, g24250
OG0006120	As003G056280	g47244
OG0006121	As003G056330	g17516, g47247
OG0006122	As003G056760	g47264, g24188
OG0006123	As003G056850	g47266
OG0006124	As003G057020	g17470
OG0006125	As003G057850	g17410
OG0006126	As003G058490	g40149
OG0006127	As003G058520	g17385
OG0006128	As003G059050	g24034
OG0006129	As003G059250, As004G086200	g47371
OG0006130	As003G059660	g47387, g24001
OG0006131	As003G060000	g17312
OG0006132	As003G060720, As012G283800, As003G060730, As003G060740	g47435
OG0006133	As003G060830	g35309, g34354, g35032
OG0006134	As003G061440	g23889
OG0006135	As003G061720	g47467, g23881
OG0006136	As003G061900	g47474, g23871
OG0006137	As003G062120	g47483, g23852
OG0006138	As004G083970	g40334
OG0006139	As003G063130	g27807
OG0006140	As003G064410, As006G137780	g36168
OG0006141	As003G064700	g28176
OG0006142	As003G065310	g17225
OG0006143	As005G103240, As003G066770	g52145
OG0006144	As003G067360	g32300, g32301, g32297, g50438
OG0006145	As003G067510	g27646
OG0006146	As003G068060	g28134, g36200
OG0006147	As003G069030	g50466, g32345
OG0006148	As003G069050	g50468
OG0006149	As003G069820	g32387
OG0006150	As003G069910	g32393
OG0006151	As003G069940	g32398
OG0006152	As003G069980	g50506
OG0006153	As003G070640, As012G275280	g32435
OG0006154	As003G070720	g32448
OG0006156	As003G070970	g50537
OG0006157	As003G072050	g22975
OG0006158	As003G072920	g22907
OG0006159	As003G073290	g22873
OG0006160	As003G073630	g18281
OG0006161	As003G074690	g22765
OG0006162	As003G075560, As007G180710	g22701
OG0006163	As003G076200	g18342
OG0006164	As004G077250	g46803, g18123
OG0006165	As004G077820	g46739
OG0006166	As004G077920	g46732
OG0006167	As004G078960	g7709, g12856
OG0006168	As004G079000	g27748
OG0006169	As004G079160	g50604, g50607
OG0006170	As004G079790, As004G079800	g37148
OG0006171	As004G080090	g40267
OG0006172	As004G080690, As004G080700	g40216
OG0006173	As004G081290	g51410
OG0006174	As004G081440	g51397
OG0006175	As004G082710	g18451
OG0006176	As004G083230	g40277
OG0006177	As004G083640	g40305
OG0006179	As004G084590	g25699, g25710, g40375
OG0006180	As004G084710	g40381, g25170, g40167, g40164
OG0006181	As004G084760	g25676
OG0006182	As004G085020	g40398
OG0006184	As004G085650	g45154
OG0006185	As004G085730	g45174
OG0006186	As004G086120	g43697, g40462
OG0006187	As004G087630	g11007
OG0006188	As004G087820	g40554
OG0006189	As004G088730	g40609
OG0006190	As004G088740	g40610
OG0006191	As004G088960	g40633
OG0006192	As004G090100	g40730, g10830
OG0006193	As004G091670	g27130
OG0006194	As004G093270	g30983
OG0006195	As004G093390, As004G093370, As004G093350	g24839
OG0006196	As011G256520, As004G094030	g46987, g24697
OG0006197	As004G094600	g47013
OG0006198	As004G095440, As004G095450	g24532
OG0006199	As004G095490	g41859, g42722, g1828, g24530
OG0006200	As004G096190	g24480
OG0006201	As004G096700	g5208, g15976, g47111
OG0006202	As004G097880	g44967, g18118
OG0006203	As004G098030	g16780, g16782, g16775
OG0006204	As005G100090	g37702
OG0006205	As005G100220	g37697
OG0006206	As005G100250	g37696
OG0006207	As005G100410	g37675
OG0006208	As005G100480	g50785, g37672
OG0006209	As005G100550, As012G287720	g1823
OG0006210	As005G100900	g38247
OG0006211	As005G101720	g37609
OG0006212	As005G101790	g37604
OG0006213	As005G102060	g38241, g37580
OG0006214	As005G102160	g37573, g52219
OG0006215	As005G102390	g52192
OG0006216	As005G103430	g52131
OG0006217	As005G103550	g37517, g52127, g38220
OG0006218	As005G104050	g52114
OG0006219	As005G104770	g52063, g52070
OG0006220	As005G105330	g2116
OG0006221	As012G283820, As005G106020	g2086
OG0006222	As005G106040	g51998
OG0006223	As005G106650	g5827
OG0006224	As005G107420	g16718, g5095
OG0006225	As005G107900	g5776
OG0006226	As005G107920	g5245, g29337
OG0006228	As005G109010	g29804
OG0006229	As005G110670	g667
OG0006230	As005G111880	g41400
OG0006231	As005G112080	g41394
OG0006232	As005G113000	g41366, g28891
OG0006234	As005G113180	g41362
OG0006235	As005G114160, As010G225350	g28827
OG0006236	As005G114480	g858
OG0006237	As005G115190, As010G224500	g19548
OG0006238	As005G115340	g28706
OG0006239	As005G115950	g39260
OG0006240	As005G116030	g317
OG0006241	As005G116430	g18641
OG0006242	As005G116480	g289
OG0006243	As005G116910	g9794
OG0006244	As005G117160, As005G117150	g13705, g14213
OG0006246	As005G117730	g210, g18647
OG0006247	As005G118430	g158
OG0006248	As005G118550	g150, g9712
OG0006249	As005G118620	g9706
OG0006250	As005G118690	g9702
OG0006251	As005G120150	g9634
OG0006253	As006G121170	g45278
OG0006254	As006G121810, As006G121790	g45256, g39486
OG0006255	As006G122420	g39506
OG0006256	As006G122790	g25439, g39527
OG0006257	As006G123170	g25465
OG0006258	As006G123390	g25476
OG0006259	As006G123410	g39594
OG0006260	As006G123430	g39596
OG0006261	As006G124620	g39696
OG0006262	As006G125260	g51359
OG0006263	As006G125470	g39754
OG0006264	As008G195460, As006G126050	g39762
OG0006265	As006G126160	g39796
OG0006266	As006G126900	g51270
OG0006267	As006G126980, As006G126970, As006G126990	g37914
OG0006268	As006G127500	g39861
OG0006269	As006G127630	g39877
OG0006270	As006G128120	g51205
OG0006271	As006G128680	g39966
OG0006272	As006G128690	g51178
OG0006273	As006G128790	g39970
OG0006274	As006G128800	g51173, g39971
OG0006275	As006G129810	g40033, g37841
OG0006276	As006G130310	g40087
OG0006277	As006G132370, As006G132360	g17088, g23637
OG0006278	As006G132790	g12963
OG0006279	As006G133660	g45281
OG0006281	As006G133930	g5865
OG0006282	As006G134240	g23691
OG0006283	As006G134840	g7920
OG0006284	As006G135000	g12695
OG0006285	As009G201550, As006G135280	g5085
OG0006286	As006G136430	g12772
OG0006288	As006G136830	g12789
OG0006289	As006G137140	g12803, g7806
OG0006290	As006G137550	g7780
OG0006291	As006G138900	g7704
OG0006292	As010G227200, As006G140640, As006G140630	g37126, g37124
OG0006293	As006G140760	g12457
OG0006293	As009G208460	g12949
OG0006294	As006G140990	g12960
OG0006295	As006G142370	g51903
OG0006296	As006G142380	g51902
OG0006297	As006G143290	g38132
OG0006298	As006G143490	g51784, g37322
OG0006299	As006G143970	g51753
OG0006300	As006G144330	g37292
OG0006301	As006G144460	g51554
OG0006302	As006G144890, As012G276300	g38033
OG0006303	As006G145100	g51589
OG0006304	As006G146220	g2337
OG0006304	As012G277370	g19184
OG0006305	As009G212840, As006G146330	g38073, g37220
OG0006306	As006G146810	g51665
OG0006307	As006G148450	g51718
OG0006308	As007G152290	g27325, g31619
OG0006309	As007G152680	g27337, g31639
OG0006310	As007G153040	g31656
OG0006311	As007G153050	g49975
OG0006312	As007G153230	g31667
OG0006313	As007G153390	g31678
OG0006314	As007G153520	g49990
OG0006315	As007G154140, As007G154410	g31722
OG0006316	As007G154500	g31763
OG0006318	As007G155530	g31821
OG0006319	As007G156450	g31914
OG0006320	As007G156560	g50134
OG0006321	As010G237190, As007G156700	g44406
OG0006322	As007G156810, As010G237110	g50150
OG0006323	As007G156860	g50154
OG0006324	As007G157570	g50201
OG0006325	As007G158930	g50255
OG0006326	As007G160600	g44760
OG0006327	As007G160720	g50364
OG0006328	As007G162000	g41654
OG0006329	As007G162160	g50402, g32263
OG0006330	As007G162380	g27636
OG0006331	As007G162410	g50417
OG0006332	As007G162650	g32285
OG0006333	As007G162710	g47494
OG0006334	As007G162720	g47495, g26070, g26093
OG0006335	As007G163100	g47514
OG0006336	As007G163620	g17190
OG0006337	As007G164640	g47535
OG0006338	As007G179690	g10401
OG0006339	As007G180340	g38495, g50895
OG0006340	As007G181080, As007G181720, As007G181380	g38535
OG0006341	As008G182300	g31577
OG0006342	As008G182600	g49922, g31556
OG0006343	As010G233450, As008G182630	g49921, g31555
OG0006344	As008G183000	g27268
OG0006345	As010G239020, As008G183030	g44517
OG0006346	As008G184660	g49837, g49832, g49827
OG0006347	As008G184750	g31387
OG0006348	As008G185660	g10286
OG0006349	As008G186210	g49771
OG0006350	As008G187010	g31102
OG0006351	As008G187590	g27097
OG0006352	As008G187880	g27104
OG0006353	As008G189270	g27057
OG0006354	As008G191050	g31115, g49690
OG0006355	As008G192640	g49596, g27969
OG0006356	As008G193000	g31049
OG0006357	As008G193180	g31037
OG0006358	As008G193260	g31028, g49555
OG0006359	As008G193360	g19319
OG0006360	As008G193890, As008G193900	g26972, g49540
OG0006361	As008G194010	g30981
OG0006362	As008G195300, As008G195320	g49485
OG0006363	As008G196560	g30848, g49443
OG0006364	As008G197180	g49413
OG0006365	As008G197200	g30818, g49414
OG0006366	As008G197900	g49379
OG0006367	As008G198210	g26882
OG0006368	As009G200220	g29319, g45652
OG0006369	As009G200790	g45680
OG0006370	As009G201250	g5119
OG0006371	As009G201410	g45687
OG0006372	As009G202250	g45726
OG0006373	As009G202780	g5018
OG0006374	As009G203490	g28989
OG0006375	As010G228010, As009G203520	g41643
OG0006376	As009G203630	g4982, g28995
OG0006377	As009G203760	g4957
OG0006378	As009G204460	g29060
OG0006379	As009G209250	g10272
OG0006380	As009G210400	g2422
OG0006381	As009G211760	g45458
OG0006382	As009G212580	g5611, g45447
OG0006383	As009G212610	g5613
OG0006384	As009G212720	g29701, g5614
OG0006385	As009G214490	g25349
OG0006386	As009G215270	g10069, g603
OG0006387	As009G215350	g10059
OG0006388	As009G215970	g2271
OG0006389	As009G216260	g544
OG0006390	As009G216440, As009G216430, As009G216420	g524
OG0006391	As009G216650	g41758
OG0006392	As009G216790	g507
OG0006393	As009G216840	g506
OG0006394	As009G217730	g9926
OG0006395	As009G218220	g9890, g409
OG0006396	As009G218480	g9879
OG0006398	As009G218710	g9868
OG0006399	As009G218820	g9861
OG0006400	As009G219050	g346
OG0006401	As009G219210	g9841
OG0006402	As009G219220	g9840
OG0006403	As009G219630	g28717
OG0006404	As009G219980	g1171
OG0006405	As010G220440	g19324, g11354
OG0006406	As010G220490	g2506
OG0006407	As010G220540	g19335, g2509
OG0006408	As010G221460	g19386
OG0006409	As010G222440	g2690, g19434
OG0006410	As010G223260	g19494
OG0006411	As010G225240	g27831, g2971
OG0006412	As010G225310	g41554
OG0006413	As010G225700	g3014
OG0006415	As010G227860	g32252
OG0006416	As010G228720	g18036
OG0006417	As010G231690	g44790
OG0006418	As010G232090	g44776
OG0006419	As010G232690	g45808
OG0006420	As010G232840	g44726
OG0006421	As010G233000	g45826
OG0006422	As010G233440	g31554
OG0006423	As010G234320	g44652
OG0006424	As010G234760	g45977
OG0006425	As010G234850	g45972, g44620
OG0006426	As010G235020	g5406
OG0006427	As010G235090	g45960
OG0006428	As010G235280	g46424
OG0006429	As010G235680	g46386
OG0006430	As010G235710	g27509
OG0006431	As010G236280	g44365
OG0006432	As010G237930	g44447
OG0006433	As010G238220	g46195
OG0006434	As010G238720	g44499
OG0006435	As010G239820	g44558
OG0006436	As010G240500	g46051
OG0006437	As010G241220	g46005
OG0006438	As010G242400	g46497
OG0006439	As010G242540	g46506
OG0006440	As010G242760	g46517
OG0006441	As010G243550	g46569
OG0006442	As011G244710	g13148
OG0006443	As011G246180	g12200
OG0006444	As011G247090	g54284, g36620
OG0006445	As011G247610	g7081
OG0006446	As011G247760	g7067
OG0006447	As011G248040	g1451, g12107, g7054
OG0006448	As011G248340	g12096, g7038
OG0006449	As011G249260	g12057, g6975
OG0006450	As011G249430, As012G276940	g2640, g36001, g19415
OG0006451	As011G249520	g13283, g6945
OG0006452	As011G249570	g6941
OG0006453	As011G249600	g6937
OG0006454	As011G249680	g12041
OG0006455	As011G249820	g12034, g12033
OG0006456	As011G249900	g6916, g13294
OG0006457	As011G249930, As012G273690	g6915
OG0006458	As011G249960	g12030, g6914
OG0006459	As011G250050	g6910
OG0006460	As011G250220	g17688
OG0006461	As011G250300	g12016
OG0006462	As011G250490	g13307, g916
OG0006463	As011G250920	g6856
OG0006464	As011G250950	g6853
OG0006465	As011G251630	g6793
OG0006466	As011G252140	g11941, g6755
OG0006467	As011G252600	g11918
OG0006468	As011G253000, As011G252990	g6707
OG0006469	As011G253080	g13372
OG0006470	As011G253170	g11885
OG0006471	As011G253390	g11862, g13393
OG0006472	As011G254260	g13413
OG0006473	As011G254330	g6591, g11820
OG0006474	As011G254730	g6569
OG0006475	As011G254800	g6564
OG0006476	As011G255180	g6545
OG0006477	As011G255220	g6543
OG0006478	As011G255430	g11755
OG0006479	As011G256270	g13486, g6468
OG0006480	As011G258950	g13547, g11653
OG0006481	As011G262730	g13695
OG0006482	As011G264260	g6110, g14042
OG0006483	As011G264540	g14013
OG0006484	As011G264810	g6043
OG0006485	As011G265110	g13949
OG0006486	As011G265320	g13959
OG0006487	As011G265450	g13973, g6019, g36032
OG0006488	As011G266100	g5959, g13913
OG0006489	As011G266150	g5955, g13911
OG0006491	As011G267230	g5900, g13848
OG0006492	As012G268100	g54306
OG0006494	As012G268640	g36710
OG0006495	As012G269050	g27992
OG0006496	As012G269140	g54348
OG0006497	As012G269160	g54349
OG0006498	As012G269760	g36630, g54292
OG0006499	As012G269810	g36621
OG0006500	As012G270930	g36548
OG0006501	As012G271050	g36531
OG0006502	As012G271790	g36492
OG0006503	As012G271890	g36496
OG0006504	As012G272200	g36443
OG0006505	As012G272590	g36412
OG0006506	As012G272720	g28074
OG0006507	As012G274130	g28109
OG0006508	As012G274360	g24392
OG0006509	As012G275160	g51458
OG0006510	As012G275210	g37096
OG0006511	As012G275270	g51454
OG0006512	As012G275290	g37093
OG0006513	As012G275660	g2429
OG0006514	As012G275700	g2425, g19277
OG0006515	As012G280650	g2265
OG0006516	As012G281890	g2199, g19085
OG0006517	As012G281920, As012G281910, As012G281900	g2196
OG0006518	As012G282380	g2182
OG0006519	As012G282850	g2151, g19029
OG0006520	As012G283040	g19019
OG0006521	As012G283810	g2085
OG0006522	As012G285020	g18932
OG0006523	As012G286080	g18856
OG0006524	As012G286790	g1898
OG0006526	As012G287740	g1819
OG0006527	As012G287960	g11160
OG0006528	As012G288830, As012G288820	g18750
OG0006529	As012G289090	g18772
OG0006530	As012G289100	g11968
OG0006531	As012G289390	g18704
OG0006570	As001G000410	g17038
OG0006571	As001G000540	g23538
OG0006572	As001G000600	g17028, g23534
OG0006574	As001G001050	g23488
OG0006575	As001G001070	g23486
OG0006576	As001G001440	g23461
OG0006577	As001G001830	g23451, g47722
OG0006578	As001G002150	g10287
OG0006579	As001G002480	g17816
OG0006580	As001G003400	g47770, g16961
OG0006581	As001G003550	g23340, g23336
OG0006582	As001G003720	g47783, g23327
OG0006583	As001G004460	g23293
OG0006584	As001G004680	g23280
OG0006585	As001G005280	g23256
OG0006586	As001G006560, As007G155190	g50052
OG0006587	As001G006590	g23248
OG0006589	As001G012220	g18181
OG0006590	As001G012600	g23147, g18185
OG0006592	As001G014380	g23066
OG0006593	As001G014570	g47895
OG0006594	As001G014780	g47902
OG0006595	As001G014790	g23037
OG0006596	As001G014890	g47906
OG0006597	As001G015510	g23017, g47912
OG0006598	As001G015690	g32513
OG0006599	As001G016970	g50637, g32618
OG0006600	As001G017270	g17558, g24293
OG0006601	As001G017490	g24307
OG0006602	As001G017500	g24308
OG0006603	As001G017750	g47172
OG0006604	As001G018080	g51542
OG0006605	As001G018550	g4754
OG0006606	As008G188090, As001G019370	g27094
OG0006607	As001G020130	g41050
OG0006608	As001G020480	g13859
OG0006609	As001G021440	g40980
OG0006610	As001G021770, As008G186060	g31313
OG0006611	As008G186020, As001G021810	g31316, g27155
OG0006612	As008G185620, As001G022110	g49779
OG0006613	As001G022290	g31573, g27292
OG0006615	As001G022520	g18963
OG0006616	As001G022850	g10764
OG0006617	As001G023830	g10681
OG0006618	As001G024100, As008G183520	g31482, g49896
OG0006619	As001G024260	g49892
OG0006620	As001G024470	g10638
OG0006621	As001G024660	g16648
OG0006622	As001G024870	g10606
OG0006623	As001G025300	g10574
OG0006624	As001G025340	g1589
OG0006625	As001G025580	g10552
OG0006626	As001G025610	g1598
OG0006628	As001G025920	g10525
OG0006629	As001G026460	g10478
OG0006630	As001G026510	g10476
OG0006631	As001G026870	g10441
OG0006632	As001G027140	g10409
OG0006633	As001G027240	g10402
OG0006634	As001G027600	g10374
OG0006635	As002G046370, As001G028960	g39407
OG0006636	As001G029710	g41687, g44897
OG0006637	As001G029720	g26022
OG0006639	As001G029950	g18070
OG0006640	As001G029990	g17889
OG0006641	As001G030110	g43701
OG0006642	As001G030210	g46619
OG0006643	As001G030270	g16767
OG0006644	As001G030990	g40805
OG0006645	As001G031490	g40848
OG0006647	As002G033810	g37363, g51943
OG0006648	As002G033930	g7516
OG0006649	As002G033980	g12409
OG0006650	As003G071750, As003G071770, As002G034130	g22998
OG0006651	As002G034160	g12405
OG0006652	As005G108050	g5753
OG0006653	As002G035210	g13068, g7449
OG0006654	As002G036010	g12366
OG0006655	As009G214000, As002G036340	g12356
OG0006656	As002G036500	g7404
OG0006657	As002G036660	g7398
OG0006658	As002G036670	g7399
OG0006659	As002G037230	g7381
OG0006660	As002G037480	g13122, g12316
OG0006661	As002G037560	g7360
OG0006662	As002G037690, As002G037660	g13125
OG0006663	As002G038360, As002G038470	g7334
OG0006664	As002G038680	g12293
OG0006665	As002G039060	g13140
OG0006666	As002G040680	g1459
OG0006667	As002G041760	g695
OG0006668	As002G042490, As007G164030	g23806, g47526
OG0006669	As002G042890	g1344
OG0006670	As002G043320	g28331
OG0006671	As002G044250	g28370, g41222
OG0006672	As002G044320, As007G164900	g883
OG0006673	As002G044890	g906, g41268
OG0006674	As002G044900	g28404
OG0006675	As002G045140	g46820, g917
OG0006676	As002G045430	g947
OG0006677	As002G045750	g934
OG0006678	As002G046180	g958
OG0006679	As002G046240	g963
OG0006680	As002G046340	g39414, g28487
OG0006681	As002G046420	g41744, g39405
OG0006682	As002G046760	g39395
OG0006684	As002G047510	g1029, g39364
OG0006685	As002G048030	g28553, g1060
OG0006686	As002G048230	g39345
OG0006687	As002G048860	g28619
OG0006688	As002G048980	g28630
OG0006689	As002G049180	g28643
OG0006690	As002G049300	g1119
OG0006691	As002G050140	g10304
OG0006692	As002G050670	g29384
OG0006693	As002G050730	g5298, g29388
OG0006694	As002G050820	g29394, g5303
OG0006695	As002G050860	g5309
OG0006696	As002G052620	g45546
OG0006697	As005G118560, As002G052780	g29495, g45541
OG0006698	As002G053150	g5425
OG0006699	As002G053210	g5428
OG0006700	As002G053480	g29541, g5444
OG0006701	As002G053890	g250
OG0006703	As002G054280	g45061, g5493
OG0006704	As002G054510	g5503
OG0006705	As002G054610	g29592
OG0006706	As002G054800	g5519
OG0006707	As002G055120	g5536
OG0006708	As003G055630	g47199
OG0006709	As003G055670	g24271
OG0006710	As003G055990	g24246
OG0006711	As003G056030	g47227, g17530
OG0006712	As003G056400	g24228
OG0006713	As003G056430	g17504
OG0006714	As003G056600	g17486
OG0006715	As003G056970	g24182
OG0006716	As003G057430	g17451
OG0006717	As003G057670	g17437, g24138
OG0006718	As003G057930	g24119
OG0006719	As003G057980	g24116
OG0006720	As004G087180, As003G058180	g11029
OG0006721	As003G058470, As004G087010	g47336, g24066
OG0006722	As003G058530	g24063
OG0006723	As003G058790	g24278
OG0006724	As003G059470	g24009
OG0006725	As003G059760	g47397, g27191
OG0006726	As003G059940	g17319
OG0006727	As003G060610	g17286
OG0006728	As003G061480	g47458
OG0006729	As003G061520	g23894
OG0006731	As003G061870	g23874
OG0006732	As003G061910	g47475
OG0006733	As004G084060, As003G062050	g23858
OG0006734	As003G062070	g23856
OG0006735	As003G062100	g23853, g17235
OG0006736	As003G062230	g17228
OG0006737	As003G062270	g17226
OG0006738	As003G062960	g32704, g50715
OG0006739	As003G063990	g50773
OG0006741	As003G064610	g53812
OG0006742	As003G064760	g53742
OG0006743	As003G065070	g31581, g46551
OG0006744	As003G065480	g36257, g36250
OG0006745	As003G065830	g53985, g36228
OG0006746	As003G066870	g32303, g32299
OG0006747	As003G067040, As008G191580	g31073
OG0006748	As003G067370	g47491
OG0006749	As004G082010, As003G067930	g50431
OG0006750	As004G082250	g53958, g28135, g36199
OG0006751	As003G068280	g50437, g27640
OG0006752	As003G068710, As011G266700	g5936, g13865
OG0006753	As003G069180	g27665
OG0006754	As003G069720	g27675
OG0006755	As003G069780	g27676
OG0006756	As003G069810	g32384, g27677
OG0006757	As003G069950	g32399
OG0006758	As003G070240	g50515, g32412
OG0006759	As003G070660	g32441
OG0006760	As003G070850	g27699, g32456
OG0006761	As012G275100, As003G071050	g50538, g32467
OG0006762	As003G071270	g32482
OG0006763	As003G071560	g32504
OG0006764	As003G072010	g22978
OG0006765	As003G072480	g22942
OG0006766	As003G072800	g22916
OG0006767	As003G072930	g22906, g18257
OG0006768	As003G073330	g22871
OG0006769	As003G073410	g22862
OG0006770	As003G073900	g22826
OG0006771	As003G073960	g22820
OG0006772	As003G074150, As003G074170, As003G074160	g18286
OG0006773	As003G074380, As007G180110	g38482
OG0006774	As007G180490	g38508
OG0006775	As007G181790, As003G075940	g38541
OG0006776	As003G075980, As007G181820, As007G181830	g18325
OG0006777	As003G076210	g18343
OG0006778	As003G076560	g18359
OG0006780	As004G077780	g46742, g18094
OG0006781	As004G079510	g51523
OG0006782	As004G080490	g40235
OG0006783	As004G080960, As004G080980	g28178
OG0006784	As004G081170	g37088, g51432
OG0006785	As004G081470	g51395, g37969
OG0006786	As004G082220	g37055
OG0006787	As004G082270	g37040
OG0006788	As004G082580	g36998, g18841
OG0006789	As004G083030	g7851
OG0006791	As004G084410	g40357
OG0006792	As004G084610	g40379, g25693
OG0006793	As004G084680	g25687
OG0006794	As004G084690	g40168, g40377, g47808, g14960, g40380
OG0006795	As004G084750	g25680, g40384
OG0006796	As004G084970	g25670
OG0006797	As004G085670	g40441
OG0006799	As004G086480	g25524
OG0006800	As004G086550	g40486
OG0006801	As004G086740	g11050
OG0006802	As004G087410	g17079, g23622
OG0006803	As004G088300	g10967
OG0006804	As004G088620	g10957
OG0006805	As004G089090	g40639
OG0006806	As004G089140	g40643
OG0006807	As004G089200	g40645
OG0006808	As004G089260	g10919
OG0006809	As004G089480	g10914
OG0006810	As004G089660	g10902, g40679
OG0006811	As006G147080, As004G089740	g51689, g37240
OG0006812	As004G090250	g40713
OG0006813	As004G090510	g10841
OG0006815	As004G092680, As011G258230	g35820
OG0006816	As011G257610, As004G093430	g6421
OG0006817	As004G093730	g6443
OG0006818	As004G093800	g46978
OG0006819	As004G095140	g24570
OG0006820	As004G095750	g24515
OG0006821	As007G164520, As004G095880	g24499
OG0006822	As004G095960	g47080
OG0006823	As004G096490	g17658, g24460
OG0006824	As004G096570	g24452
OG0006825	As004G096660	g24442
OG0006826	As004G097580	g16828
OG0006827	As004G097700	g16815
OG0006828	As004G098440	g16758
OG0006829	As004G098480	g46621
OG0006830	As005G098620	g37777
OG0006831	As012G288890, As005G098650	g37774
OG0006832	As005G099380	g47005
OG0006833	As005G099490	g37729
OG0006834	As005G100190	g37080
OG0006835	As005G100210	g37698
OG0006836	As005G100340	g37682
OG0006837	As005G100720	g37661
OG0006838	As005G100810	g38248
OG0006839	As005G101060	g52292
OG0006840	As005G101110	g52291, g37637
OG0006841	As005G101240	g52283
OG0006842	As005G101380	g37622
OG0006843	As005G101400	g37620
OG0006844	As005G101700	g37611
OG0006845	As005G102320, As012G286240	g37569
OG0006846	As005G104040	g52115
OG0006847	As005G104180	g52107
OG0006848	As005G104510	g52085, g38197
OG0006849	As005G104560	g52083, g37464
OG0006850	As005G104900	g37445
OG0006851	As005G105250	g52047
OG0006853	As005G106170	g51992
OG0006854	As005G107190	g45310, g40742
OG0006856	As005G107520	g5787
OG0006857	As005G107530	g5786
OG0006858	As005G107980	g5761
OG0006859	As005G108040	g5754
OG0006860	As005G108130	g5750
OG0006861	As005G108230	g5742
OG0006862	As005G108860	g29810
OG0006863	As005G108890	g29808
OG0006864	As005G109710	g22267
OG0006865	As007G179320, As005G110070	g41421, g660
OG0006867	As005G110650	g28963
OG0006868	As005G111390	g41406
OG0006869	As005G111480	g41559, g41403
OG0006870	As005G112320, As005G112310	g41387
OG0006871	As010G226880, As005G112370	g28912, g41383
OG0006872	As005G112470, As005G112460	g28908
OG0006873	As005G112970	g28896
OG0006874	As005G113160	g28886
OG0006875	As005G113830, As010G225760	g41335
OG0006878	As006G145260, As005G114640	g28785
OG0006879	As005G114810	g41301, g28765
OG0006880	As005G116100	g9823, g316
OG0006881	As005G116730	g273
OG0006882	As005G116740	g272
OG0006883	As005G116950	g9791
OG0006884	As005G117040	g255, g9788
OG0006885	As005G117230	g243
OG0006886	As005G117300	g242, g9773
OG0006887	As005G117450	g9763, g232
OG0006888	As005G117460	g18645
OG0006889	As005G117810	g18654, g204
OG0006890	As005G117940	g201
OG0006891	As005G118110	g9729
OG0006892	As005G118180	g184
OG0006893	As005G118440	g157
OG0006894	As005G118600	g9708
OG0006895	As005G119140	g101
OG0006896	As005G119180	g98
OG0006897	As005G119280	g85
OG0006898	As010G229390, As005G120090	g44863
OG0006899	As005G120400	g19643
OG0006900	As005G120470	g4995
OG0006901	As005G120500	g19633
OG0006902	As006G121020	g25335
OG0006903	As006G121180, As009G214500	g39451
OG0006904	As006G121280	g25369
OG0006905	As008G199070, As006G121520	g25363
OG0006906	As006G121980	g39472
OG0006907	As006G122240	g39462
OG0006908	As008G198460	g26878
OG0006909	As006G122930	g39539
OG0006910	As006G123720	g39622, g45209
OG0006911	As006G123770	g25494
OG0006912	As006G123870	g25500
OG0006913	As006G124040	g39641
OG0006914	As008G196910, As006G124250	g30837
OG0006915	As006G124580	g39693, g11085
OG0006916	As006G124640	g39698, g11087
OG0006917	As006G124750	g39705
OG0006918	As006G125360	g51349
OG0006919	As006G125430, As008G195830	g51328, g39757
OG0006920	As006G125740	g39785
OG0006921	As006G125780, As008G195760	g51310, g39774, g37931
OG0006922	As006G125820	g51314
OG0006924	As008G195570, As006G125950	g51318, g39766
OG0006925	As006G126260	g37929
OG0006926	As006G126300	g51301
OG0006927	As006G126360	g51294
OG0006928	As006G126460	g39818
OG0006929	As006G126940	g51268
OG0006930	As006G126960	g51266
OG0006931	As006G127100	g39833
OG0006932	As006G127640	g51232
OG0006933	As006G127900	g39896
OG0006934	As006G128040	g51212, g39910
OG0006935	As006G128160	g51202
OG0006936	As006G128190	g26994, g49557
OG0006937	As006G128370	g39944
OG0006938	As006G128420	g39950
OG0006939	As006G128720	g39967
OG0006940	As006G129170, As006G129150	g37859
OG0006942	As006G129530	g37847
OG0006943	As006G129700	g40024
OG0006944	As006G129870	g37840
OG0006945	As006G130520	g40145
OG0006946	As006G130590	g40138
OG0006947	As006G130660	g40129
OG0006948	As006G130830	g40118
OG0006949	As006G130910	g40107
OG0006950	As006G131860	g38296
OG0006951	As006G131980	g38306
OG0006952	As006G132060	g36837
OG0006953	As009G200680	g12735
OG0006953	As006G132730	g47732
OG0006954	As006G134110	g17134, g47583
OG0006955	As006G134400	g17109
OG0006956	As006G134760	g12710
OG0006957	As006G134930	g7913
OG0006958	As006G134980	g7912, g12696
OG0006959	As006G135150	g7897
OG0006960	As006G135590	g7864, g12681
OG0006961	As006G135660	g12678
OG0006962	As006G135850	g12759
OG0006963	As006G135990	g12760
OG0006964	As006G136070	g7837
OG0006965	As006G136660	g7819
OG0006966	As006G136820	g7813
OG0006967	As006G136960	g7807
OG0006968	As006G137300	g7794
OG0006969	As006G137460	g7782
OG0006970	As006G137560	g7766, g7775
OG0006971	As006G137740, As009G207040	g12596
OG0006974	As006G138620	g7707
OG0006975	As006G138800	g12552
OG0006976	As006G139480	g12906, g12511
OG0006977	As006G139490	g12907, g12510
OG0006978	As006G139580	g12507
OG0006979	As006G139790	g12498
OG0006980	As006G139840	g7657
OG0006981	As009G204370, As006G140050	g29047
OG0006982	As006G140420	g7626
OG0006983	As006G140440	g7625
OG0006984	As006G140680	g12945, g7613, g12461
OG0006985	As006G140850	g12450
OG0006986	As006G141150	g7593
OG0006987	As006G141530	g12432
OG0006988	As006G142260	g7521
OG0006989	As006G142740	g51870
OG0006990	As006G142830	g51863
OG0006991	As006G142920	g38137
OG0006992	As006G143200	g51464, g51814
OG0006993	As006G143280	g37330
OG0006994	As006G143430	g38129
OG0006995	As006G143770	g37315
OG0006996	As006G143830	g38125
OG0006997	As006G144250	g38109, g37297
OG0006998	As006G144300	g51739
OG0006999	As006G144340	g37291
OG0007000	As006G144350	g51738
OG0007002	As006G144450	g51551
OG0007003	As006G144600	g51564
OG0007004	As006G144630	g23508, g51568
OG0007005	As012G276150, As006G144710	g37151
OG0007006	As006G144820	g38031
OG0007007	As006G145050	g51585
OG0007008	As006G145730	g37196
OG0007009	As006G145910	g37203
OG0007010	As006G146000, As006G145980, As006G146010	g37207
OG0007011	As006G146070	g37209
OG0007012	As006G146180	g37212
OG0007013	As006G146970	g51678
OG0007014	As006G147100	g51710, g37261
OG0007015	As006G148290	g37280
OG0007016	As007G152300	g31620
OG0007017	As007G152320	g46561
OG0007018	As007G152820	g27340
OG0007019	As007G152840	g7288
OG0007020	As007G153260	g31670
OG0007021	As007G153310	g49983, g31675
OG0007022	As007G153530	g31685, g49991
OG0007023	As010G241460, As007G153710	g44611
OG0007024	As007G154030	g50010
OG0007025	As007G154110, As007G154050	g31720
OG0007026	As007G154310	g50017, g31734
OG0007027	As007G154400	g31742
OG0007028	As007G155040	g31790
OG0007029	As007G155400	g50061
OG0007030	As007G155410	g50062, g27425
OG0007031	As007G155580	g31826
OG0007032	As007G155590	g50070, g31827
OG0007033	As007G155860	g31861
OG0007035	As007G156760	g31946, g27465
OG0007037	As007G157330	g31993
OG0007038	As007G157890	g32013
OG0007039	As007G157990	g50220
OG0007040	As007G158110	g50227
OG0007042	As010G234650, As007G158750	g44633
OG0007043	As007G159580	g27546
OG0007044	As007G159730	g50302
OG0007045	As007G159830, As010G233240	g50308, g32085
OG0007046	As007G160090	g27566, g50325
OG0007047	As007G161190	g50376
OG0007048	As007G161740	g32243
OG0007049	As007G161880	g32253
OG0007050	As007G162770	g17219, g1673
OG0007051	As007G163030	g23830
OG0007052	As007G163140	g17202
OG0007053	As007G164680	g28346
OG0007054	As007G177630, As007G177120	g23618
OG0007055	As007G178080	g50984
OG0007056	As007G179390	g50953
OG0007057	As007G179500	g51691
OG0007058	As007G179940	g38470
OG0007059	As007G180460	g50892, g38507
OG0007060	As007G182010	g50849
OG0007061	As007G182190	g10290
OG0007062	As008G182850	g27280
OG0007064	As008G183500	g27250
OG0007065	As008G184150	g27210
OG0007066	As008G184310	g31423
OG0007067	As008G184370	g49858
OG0007068	As008G184760	g49821
OG0007069	As008G184820	g49820
OG0007070	As008G185510	g49785, g31339
OG0007071	As008G185780	g11092
OG0007072	As008G186290	g27144
OG0007073	As008G186320	g31301
OG0007074	As008G186540	g27137
OG0007075	As008G186560	g31296
OG0007076	As008G187300	g31247
OG0007077	As008G187760	g31233
OG0007078	As008G188030	g31212
OG0007079	As008G188040	g49698
OG0007080	As008G188520	g27068, g31175
OG0007081	As008G189030	g31154
OG0007082	As008G189480	g31138
OG0007083	As008G191030	g49617
OG0007084	As008G192230	g50782
OG0007085	As008G192660	g31067
OG0007086	As008G192910	g31056, g27004
OG0007087	As008G192930	g31055
OG0007088	As008G193230	g31031
OG0007089	As008G193280	g28299
OG0007090	As008G193810	g23205
OG0007091	As008G193950	g26970
OG0007092	As008G194130, As008G194120	g49533
OG0007093	As008G194500	g30950
OG0007094	As008G195580	g49478
OG0007095	As008G195810	g26948, g30903
OG0007096	As008G195920	g26943
OG0007097	As008G195990	g49457
OG0007098	As008G196030	g49456
OG0007099	As008G196320	g49448
OG0007100	As008G196750	g49435
OG0007101	As008G197010	g30841
OG0007103	As008G197540	g49395, g30802
OG0007104	As008G197590	g49393
OG0007106	As008G198770	g30742
OG0007107	As008G199340	g2469, g19306
OG0007108	As008G199480	g49289
OG0007109	As009G200050	g5192
OG0007110	As009G200070	g29313, g5194
OG0007111	As009G200090	g5198
OG0007112	As009G200190	g5207
OG0007113	As009G200580	g5157
OG0007114	As009G201200	g5117, g29257
OG0007115	As009G201420	g5131
OG0007116	As009G201470	g29236
OG0007117	As009G202360	g29195
OG0007118	As009G202540	g29182
OG0007119	As009G202550	g5033
OG0007120	As009G202930	g29154, g13733
OG0007121	As009G203160	g29144
OG0007122	As009G203260	g29133
OG0007123	As009G204540	g4913
OG0007124	As009G205050	g29098
OG0007125	As009G205370	g4862
OG0007126	As009G205450	g10106
OG0007127	As009G205890	g4798
OG0007128	As009G206330	g10147
OG0007130	As009G207530	g10190
OG0007131	As009G208100	g4536, g10233
OG0007132	As009G208300	g18500, g10226, g17978
OG0007133	As009G209190	g10274
OG0007134	As009G209550	g10241, g1646, g1654
OG0007135	As009G210540	g29350
OG0007136	As009G211320	g5575, g45467
OG0007137	As009G211560	g29659, g45460
OG0007138	As009G211900	g29670
OG0007139	As009G212000	g5268
OG0007140	As009G212180	g5269
OG0007141	As009G212340	g5600
OG0007142	As009G213140	g5632
OG0007143	As009G214010	g5647, g29749
OG0007144	As009G214070	g29762
OG0007145	As009G214130	g5658, g29759
OG0007146	As009G214570	g29789
OG0007147	As009G214770	g29117
OG0007148	As009G214980	g618
OG0007149	As009G215010	g10078, g616
OG0007150	As009G215080	g10077
OG0007151	As009G215570	g10038
OG0007152	As009G215590	g10035
OG0007153	As009G215790	g563
OG0007154	As009G215800	g562
OG0007156	As009G216500	g522
OG0007157	As009G216510	g9996
OG0007158	As010G222330, As009G216880	g2680
OG0007159	As009G216960	g498
OG0007160	As009G217050	g493, g18587
OG0007161	As009G217200	g9958
OG0007162	As009G217210	g9957
OG0007163	As009G217590	g9943
OG0007164	As009G217610	g445, g9941
OG0007165	As009G217670	g443, g9932
OG0007166	As009G217870	g9912
OG0007167	As009G218150	g417
OG0007168	As009G218880	g9860
OG0007169	As009G218970	g9855
OG0007170	As009G219040	g347
OG0007171	As009G219190	g334
OG0007172	As009G219270, As010G223100	g2759
OG0007173	As009G219390	g325
OG0007174	As009G219640	g1217
OG0007175	As010G220670	g2524
OG0007176	As010G221470	g2609
OG0007178	As010G223040	g19486
OG0007179	As010G223220	g18615
OG0007181	As010G224110	g2812, g19526
OG0007182	As010G224850	g28770
OG0007183	As010G225630	g3005
OG0007184	As010G225690	g11446
OG0007185	As010G226260	g11467
OG0007186	As010G226490	g19616, g11500
OG0007187	As010G228540, As010G229140	g41688
OG0007188	As010G228820	g44904
OG0007191	As010G232470	g45794
OG0007192	As010G232670	g44753
OG0007193	As010G232810	g44854
OG0007194	As010G232960	g45822, g44715
OG0007195	As010G232970	g45823
OG0007197	As010G233720	g18009
OG0007198	As010G233840	g45884
OG0007199	As010G233930	g45893
OG0007200	As010G234090	g45909
OG0007201	As010G234560	g44636
OG0007202	As010G234780	g44624
OG0007203	As010G234820	g28966, g41417
OG0007204	As010G235140	g46441
OG0007205	As010G235730	g46384
OG0007206	As010G235790	g11000, g40543, g6261
OG0007207	As010G236130	g46348
OG0007208	As010G236220	g44364
OG0007209	As010G236700	g44386
OG0007210	As010G237060	g44399, g46274
OG0007211	As010G237260	g46263
OG0007212	As010G237440	g44416
OG0007213	As010G237760	g44436, g43487
OG0007214	As010G237790	g44440
OG0007215	As010G238570	g46177, g44489
OG0007216	As010G238650	g44496
OG0007217	As010G238710	g44498
OG0007218	As010G238730	g44501
OG0007219	As010G239040	g44519, g46142
OG0007220	As010G239790	g46091
OG0007221	As010G240490	g44575, g46052
OG0007222	As010G240770	g52162
OG0007223	As010G240990	g46018
OG0007224	As010G241380	g44608
OG0007225	As010G241640	g46443
OG0007226	As010G242070	g46470
OG0007227	As010G242180	g7425
OG0007228	As010G242660	g46514
OG0007229	As010G242750	g44327
OG0007230	As010G243030	g44313, g46533
OG0007231	As010G243260	g46545
OG0007232	As010G243280, As010G244230	g46600
OG0007233	As010G243350	g46548
OG0007234	As010G243400	g46552
OG0007235	As010G243450	g46559
OG0007236	As010G243600	g44295
OG0007237	As010G243650	g27313
OG0007238	As010G243970	g19596
OG0007239	As010G244020	g44278
OG0007240	As011G244850	g7267
OG0007241	As011G244870	g7265
OG0007243	As011G245680	g12220
OG0007244	As011G245810	g13201
OG0007245	As011G246240	g7186, g12197
OG0007246	As011G246290	g7179
OG0007247	As011G246770	g12175, g13221
OG0007248	As011G247550	g7086
OG0007249	As011G247690	g7074
OG0007250	As011G247750	g13238
OG0007252	As011G248010	g12108, g7057
OG0007253	As011G248230	g13250
OG0007254	As011G248240, As012G270780	g12102
OG0007255	As011G248310	g7040
OG0007256	As011G248360	g12094, g7036
OG0007257	As011G248680	g6883
OG0007258	As011G249230	g6978, g12058
OG0007259	As011G249340	g6959
OG0007260	As011G249560	g12046, g6944, g13287
OG0007261	As011G249850	g6919
OG0007262	As011G249870	g12031
OG0007263	As011G250000	g6913
OG0007264	As011G250130	g6905
OG0007265	As011G250210	g13300
OG0007266	As011G250540	g6872, g12007
OG0007267	As011G250850	g13321
OG0007268	As011G250980	g6850
OG0007269	As011G251360	g11962
OG0007270	As011G251410	g11960
OG0007271	As011G251470	g13336
OG0007272	As011G251570	g6799, g13338
OG0007273	As012G272410	g6779
OG0007274	As011G252100	g6758
OG0007275	As011G252500	g6750
OG0007276	As011G253140	g11888
OG0007277	As011G253320	g6685
OG0007278	As011G253400	g6663
OG0007279	As011G253510	g6672
OG0007280	As011G253520	g6673
OG0007281	As011G253590, As012G271280	g11870
OG0007282	As011G254160	g6596, g13410
OG0007283	As011G254170	g6595
OG0007284	As011G254290	g13415
OG0007286	As011G254480	g13425
OG0007287	As011G254580	g6573
OG0007288	As011G254680	g13434
OG0007289	As011G255510	g6513
OG0007290	As011G255640	g11750
OG0007291	As011G255700	g13474, g6507
OG0007292	As011G256080	g11734
OG0007293	As011G256180	g13478
OG0007294	As011G256440	g11724
OG0007295	As011G256640	g6450, g13510
OG0007296	As011G260430	g6301
OG0007297	As011G261230	g40058
OG0007298	As011G261850	g6310
OG0007299	As011G262630	g6171
OG0007300	As011G263420	g14182, g14181, g14193
OG0007301	As011G264170	g14045
OG0007302	As011G264340	g14033
OG0007303	As011G264710	g14006
OG0007304	As011G265080	g6026
OG0007305	As011G265680	g13934
OG0007306	As011G265960	g13918, g13802
OG0007307	As011G266300	g13808
OG0007308	As011G267100	g13853, g5907
OG0007309	As012G267680	g13144, g7292
OG0007310	As012G268340	g36721
OG0007311	As012G268730	g27984
OG0007312	As012G268840	g36700, g54335
OG0007313	As012G269430	g36665
OG0007314	As012G270580	g36577
OG0007315	As012G270840	g54254, g36559
OG0007316	As012G270920	g36553
OG0007317	As012G271320	g36521, g28031
OG0007318	As012G271420	g36512, g54218
OG0007319	As012G272440	g36422
OG0007320	As012G272970	g36391
OG0007321	As012G273110	g28098, g36356
OG0007322	As012G273370	g36369
OG0007323	As012G273780	g36322
OG0007324	As012G273920	g54063
OG0007325	As012G274190, As012G274180, As012G274200	g54024
OG0007326	As012G274270	g24366, g24375
OG0007327	As012G274300	g17593, g47141
OG0007328	As012G274620	g47128
OG0007329	As012G274940	g51474
OG0007330	As012G274960	g51471
OG0007331	As012G275610	g2433
OG0007332	As012G275630	g2431, g19278
OG0007333	As012G275870	g19262
OG0007334	As012G276020	g19242
OG0007335	As012G276040	g19241
OG0007336	As012G276720	g19208
OG0007337	As012G278680	g19289, g2456
OG0007338	As012G279050	g19294
OG0007339	As012G279530	g2292, g11298
OG0007340	As012G280270	g2276
OG0007341	As012G280940	g2246, g19131
OG0007342	As012G281940	g19083, g2195
OG0007343	As012G282120	g23266, g16918
OG0007344	As012G282270	g19061
OG0007345	As012G282960	g2141
OG0007346	As012G283280	g2059
OG0007347	As012G284950	g18940, g1992
OG0007348	As012G284980	g18938, g1995
OG0007349	As012G285660	g2029
OG0007350	As012G286720	g18805
OG0007351	As012G286820	g1893
OG0007352	As012G287380	g1868
OG0007353	As012G288010	g1524, g18682
OG0007354	As012G288070	g1776
OG0007355	As012G289070	g18770
OG0007413	As001G000150	g17051, g23567
OG0007414	As001G000370	g23550, g47675
OG0007415	As001G000390	g23548, g17040
OG0007416	As001G000570	g47677
OG0007417	As001G000650	g23531
OG0007418	As001G000730	g47682
OG0007420	As001G001520	g23459, g17002
OG0007421	As001G001720	g23457
OG0007422	As001G001890	g47724
OG0007423	As001G002040	g23439
OG0007424	As001G002290	g47739
OG0007425	As001G002640	g47752
OG0007426	As001G003380	g23350, g47769
OG0007427	As001G003490	g47777, g16959
OG0007428	As001G003640	g47781
OG0007429	As001G003690	g47782, g16955
OG0007430	As001G003780	g23321
OG0007431	As001G003800	g16951
OG0007432	As001G003990	g23309, g16946
OG0007433	As006G131030, As003G071030, As003G071040, As003G070990, As001G004430, As001G004440, As006G131020, As006G131130	g40155
OG0007434	As001G004660	g23282
OG0007435	As001G004670	g23281
OG0007436	As001G004700	g47804
OG0007437	As001G004730	g16929
OG0007438	As001G004880	g53374, g36754
OG0007439	As001G005170	g23260
OG0007440	As001G006410	g23247
OG0007441	As001G009850	g47840
OG0007442	As001G010220	g23204
OG0007443	As001G010250, As001G015350	g23180
OG0007444	As001G010280, As001G015340	g23181
OG0007445	As001G012310	g23155
OG0007446	As001G012840	g23116
OG0007448	As001G013680	g23137
OG0007449	As001G013720	g47863
OG0007450	As001G013760	g23140
OG0007451	As001G014130	g23086, g47880
OG0007452	As001G014200, As011G263190	g23083
OG0007453	As001G014260	g47883
OG0007454	As001G014280	g23075
OG0007455	As001G014480	g23047
OG0007456	As001G014770	g23038
OG0007457	As001G015760, As001G015770	g27757
OG0007458	As001G016010, As004G079130	g50599
OG0007459	As001G016030	g27736
OG0007460	As001G016440	g27722
OG0007462	As001G016680	g50630
OG0007463	As001G016740	g32597
OG0007464	As001G017540	g47183
OG0007465	As001G017760	g24327
OG0007466	As001G018070	g24355, g2666
OG0007467	As001G018240	g17590
OG0007468	As001G018360	g43827
OG0007469	As001G018600	g41135
OG0007470	As001G019110	g24448
OG0007471	As001G019140	g41105
OG0007473	As001G019690	g41062
OG0007474	As001G020310	g49726
OG0007475	As001G021380	g40983
OG0007476	As001G021500	g40977
OG0007477	As008G186460, As001G021550	g27142
OG0007478	As001G021730	g40961
OG0007479	As001G021870	g40946
OG0007480	As001G021900	g44195
OG0007481	As001G022200	g10829
OG0007482	As001G022300	g51421
OG0007483	As001G022400	g10810
OG0007484	As001G022940, As009G212260	g10761
OG0007485	As001G022980, As008G182690	g31550
OG0007486	As001G023750	g16698
OG0007487	As001G023850	g10678
OG0007488	As001G023910	g10674, g16694
OG0007489	As001G024010	g10668
OG0007490	As001G024150	g10659
OG0007493	As001G024800	g10610
OG0007495	As001G025310	g10573
OG0007496	As001G025350	g1590
OG0007497	As001G025690	g10545
OG0007498	As001G025820	g10533
OG0007499	As001G025890	g10528
OG0007501	As001G026080	g10513
OG0007502	As001G026090	g10512
OG0007503	As001G026280	g10495
OG0007504	As001G026630, As001G026650	g10462
OG0007506	As001G027720	g10365
OG0007507	As001G027870	g16904
OG0007508	As001G027900	g10350
OG0007509	As001G028100	g10321
OG0007510	As001G028260	g41777
OG0007511	As001G028440	g41818
OG0007512	As001G028570	g44970
OG0007513	As001G029040	g45018
OG0007514	As001G029070	g45021
OG0007515	As001G029280	g45049
OG0007516	As001G029510	g45091
OG0007517	As009G203740	g29012
OG0007518	As001G030360	g40749
OG0007519	As001G030410	g36693
OG0007520	As001G030810	g40819
OG0007521	As001G030970	g40806
OG0007522	As001G031230	g40783
OG0007523	As001G031450	g40847
OG0007524	As003G064110, As001G031470	g45107
OG0007525	As001G031600	g40855
OG0007526	As001G031670	g44244, g40864
OG0007527	As001G032080	g40903
OG0007528	As001G032120	g40912, g44225
OG0007529	As001G032210	g40924, g37947
OG0007530	As002G032330	g7293
OG0007531	As002G032350	g7295
OG0007532	As002G032360	g7300
OG0007533	As002G039160	g7307
OG0007534	As002G032470	g17115, g17070
OG0007535	As002G032510	g23734, g17150
OG0007536	As002G032610	g47566
OG0007537	As002G032670	g47572
OG0007538	As002G033640	g51955
OG0007539	As002G033720	g37366
OG0007540	As002G033740	g51947, g38146
OG0007541	As002G034000	g13021
OG0007542	As002G034010	g13015
OG0007543	As002G034070	g7510
OG0007544	As002G034350	g13050
OG0007545	As002G034380	g13054, g7484
OG0007546	As002G034700	g13061
OG0007547	As002G034850	g7466
OG0007548	As002G035160, As002G035170	g45368
OG0007549	As002G035190	g12387
OG0007550	As002G035290	g13070
OG0007551	As002G035580	g7436
OG0007552	As002G035940, As002G035880	g7427
OG0007553	As002G035980	g5681, g29785
OG0007554	As002G036350	g7413, g12355
OG0007555	As002G036990	g12331
OG0007556	As002G037160	g12327
OG0007557	As002G037210	g12322, g7384
OG0007558	As002G037380	g12320
OG0007559	As002G037460	g7369
OG0007560	As002G037530	g7364
OG0007561	As002G037550	g7359
OG0007562	As002G037620	g13124
OG0007563	As002G037770	g17064
OG0007564	As002G037980	g12298, g7343
OG0007565	As002G038000	g12297, g13129
OG0007566	As002G038170	g7341
OG0007568	As002G038890	g12286
OG0007569	As002G039630	g47872, g18201
OG0007570	As002G040500	g1468
OG0007571	As002G041280, As002G041250, As002G041300, As002G041320, As004G089330	g10915
OG0007572	As002G041540, As003G065590	g54003
OG0007573	As002G042350	g28285
OG0007574	As002G042420	g1382
OG0007575	As002G042580	g1369
OG0007576	As002G042650	g28296
OG0007577	As002G042750	g18151
OG0007578	As002G044270	g882
OG0007579	As002G044710	g41280
OG0007581	As002G044880	g28405
OG0007582	As002G044950	g28400
OG0007583	As002G044990	g28397, g41255
OG0007584	As002G045050	g41282
OG0007585	As002G045160	g28421
OG0007586	As002G045510	g28456
OG0007587	As002G045650	g940, g28448
OG0007588	As002G046150	g956
OG0007589	As002G046360	g28488, g39413
OG0007590	As002G046700	g28496
OG0007591	As002G047370	g39367, g28521
OG0007592	As002G047630, As006G134350	g28530
OG0007593	As002G047840	g1046
OG0007594	As002G047940	g28548
OG0007595	As002G048210, As008G185900	g27158
OG0007596	As002G048580	g28575
OG0007598	As002G048710	g28596
OG0007599	As002G048760	g28794, g28601
OG0007600	As002G049080	g39307
OG0007601	As002G049130	g28641
OG0007602	As002G049330	g28650
OG0007603	As002G049470	g1139, g28660
OG0007604	As002G049960	g1155
OG0007605	As002G050100	g10146
OG0007606	As002G050240	g5273
OG0007607	As007G162250, As002G050510	g5289
OG0007608	As002G050580	g29375, g45610
OG0007609	As002G050630	g29373, g5293
OG0007610	As002G050750	g29389
OG0007611	As002G050880	g45597
OG0007612	As002G050980	g45589
OG0007613	As002G051150	g5326, g45585
OG0007614	As002G051200	g5331
OG0007615	As002G051310	g29420
OG0007616	As002G051480	g5350
OG0007617	As002G051800	g5371, g29443
OG0007618	As002G051820	g5372, g29445, g45568
OG0007619	As002G052020	g29449
OG0007620	As002G052200	g29467, g5392
OG0007621	As002G052610	g5405
OG0007622	As002G054000	g5470
OG0007623	As002G054180	g45504, g5486
OG0007624	As002G054260	g29577
OG0007625	As002G054330	g29581
OG0007626	As002G054700	g45493
OG0007627	As002G054730	g5515
OG0007628	As002G054930	g29604
OG0007629	As002G055450	g5555
OG0007630	As002G055510	g5562
OG0007631	As003G055770, As004G091120	g47206
OG0007632	As003G056210	g47240
OG0007633	As003G056350	g47248, g24229
OG0007634	As003G056410	g24226
OG0007635	As003G056470	g24223, g17496
OG0007637	As003G057290	g13150, g40428
OG0007638	As003G057330	g47292
OG0007639	As003G057410	g17453
OG0007640	As003G057600	g47300
OG0007641	As003G057780	g17425, g24128
OG0007642	As003G058150	g24079
OG0007643	As004G087160	g40514
OG0007645	As003G058640	g47344
OG0007646	As003G058900	g47355
OG0007647	As004G086180, As003G059420	g25544
OG0007648	As003G059450	g47375
OG0007649	As003G059710	g23990
OG0007650	As003G060110	g17309
OG0007651	As003G060230	g23969
OG0007652	As003G060310	g47413
OG0007653	As003G060380	g17302
OG0007654	As003G060510	g17294
OG0007655	As003G060590	g23949
OG0007656	As003G060680, As004G085030	g17282
OG0007657	As003G060890	g23933
OG0007658	As003G061000	g47450
OG0007659	As003G061020	g47451, g23918
OG0007660	As003G061680	g23884
OG0007661	As003G061830	g23878
OG0007662	As003G062020	g23860
OG0007663	As003G062600, As004G083690	g50683
OG0007664	As003G062640	g50690
OG0007665	As003G062770	g32666
OG0007666	As003G063120	g32730
OG0007667	As003G063470	g50756, g32837
OG0007668	As003G064170	g27921
OG0007669	As003G064450	g53907, g35965
OG0007670	As003G065430	g36262
OG0007671	As003G065880	g53983
OG0007672	As003G066810	g54016
OG0007673	As003G067020, As008G191680	g7576
OG0007675	As003G068870	g32331
OG0007677	As003G069090	g32350, g50473
OG0007678	As003G069190	g50486, g32356
OG0007679	As003G069840	g32389
OG0007681	As003G070870	g27700
OG0007682	As003G071260, As012G274930	g27710
OG0007683	As003G071280	g32487
OG0007684	As003G071350	g32492
OG0007685	As003G071760	g22993
OG0007686	As003G071850, As010G236490	g29839
OG0007687	As003G072110	g18235
OG0007688	As003G072240	g47946
OG0007689	As003G072290	g22961
OG0007690	As003G072520	g47965, g22938
OG0007693	As003G072960	g22902
OG0007694	As003G073210	g47979
OG0007695	As007G179490, As003G073250	g38431
OG0007696	As003G073340	g22870
OG0007698	As003G073980	g22818
OG0007699	As003G074030	g22814
OG0007700	As003G074040	g22812
OG0007701	As003G074180	g18287
OG0007702	As003G074430	g22787
OG0007703	As003G074580	g22779
OG0007704	As003G074820	g22747
OG0007705	As003G074990	g22732
OG0007706	As003G075150	g22713
OG0007707	As003G076310, As007G182140	g18354
OG0007708	As004G076700	g46880
OG0007709	As004G077200	g16745
OG0007710	As004G078010	g43901
OG0007711	As004G078720	g37118
OG0007712	As004G078790	g37122
OG0007713	As004G078900	g37993
OG0007714	As004G078920	g31238, g27106
OG0007715	As004G078940	g27754
OG0007716	As004G079590	g41491
OG0007717	As004G079720	g51509
OG0007718	As004G079760	g51506, g37999
OG0007719	As004G080100	g40266
OG0007720	As004G080430	g40241
OG0007721	As004G080950	g40215
OG0007722	As004G080990	g32423
OG0007723	As004G081130	g51430
OG0007724	As004G081250	g51413
OG0007725	As004G081340	g51405
OG0007726	As004G081410	g51400
OG0007727	As004G081420	g51399
OG0007728	As004G081720	g51366
OG0007729	As004G081790	g37065
OG0007730	As004G082240	g11141
OG0007731	As004G083650	g40306
OG0007732	As004G084180	g40343
OG0007733	As004G084400	g40356, g25728
OG0007734	As004G084650	g25690
OG0007735	As004G085160	g25603
OG0007736	As004G085390	g40416
OG0007737	As004G085640	g40436
OG0007738	As004G085990	g25556, g40457
OG0007739	As004G086010	g687
OG0007740	As004G086080	g40460
OG0007741	As004G087040	g40504
OG0007742	As004G087600	g11009
OG0007743	As004G087870	g10986
OG0007744	As004G088070	g10979, g40569
OG0007745	As004G088360	g10963
OG0007746	As004G088470	g40594, g10960
OG0007747	As004G088590	g40600
OG0007748	As004G088700	g40607
OG0007749	As004G088750	g10949
OG0007750	As004G088970	g10941
OG0007751	As009G214560, As004G089000	g29788
OG0007752	As004G089070	g10938, g4617
OG0007753	As004G089120	g40641
OG0007754	As004G089510	g40666
OG0007755	As004G091350, As004G091390	g10833
OG0007756	As004G092060	g46872
OG0007757	As009G212100, As004G092180	g46865
OG0007758	As004G092630	g4052
OG0007759	As004G093490, As011G257150	g11675
OG0007760	As004G093780	g11701, g13513
OG0007761	As004G094050	g46988, g26202, g26237
OG0007762	As004G094850	g24594
OG0007763	As004G095370, As011G255340	g47043, g36161, g24535
OG0007764	As004G096450, As011G253760	g47103
OG0007765	As004G097770	g46654
OG0007766	As004G098220	g16771
OG0007767	As004G098420	g16759
OG0007768	As004G098510	g44477
OG0007769	As005G098880	g50837
OG0007770	As005G099130, As005G099110, As005G099120	g37751
OG0007771	As005G099200, As005G099190	g50834
OG0007772	As005G099560	g50823
OG0007773	As005G099660	g50818
OG0007774	As005G099730	g50815
OG0007776	As005G100460	g50786, g37673
OG0007777	As005G100520	g50781
OG0007778	As005G100880	g37649
OG0007779	As005G100990	g37643
OG0007780	As005G101010	g52294
OG0007781	As005G101040	g37642
OG0007782	As005G101070	g37641
OG0007783	As005G101080	g37640
OG0007784	As005G101160	g37635
OG0007785	As005G101390	g37621
OG0007786	As005G101740	g37608
OG0007787	As005G102300	g52196
OG0007788	As005G102800	g52165
OG0007789	As005G103080	g37531
OG0007790	As005G103160	g52157
OG0007791	As005G103300	g52141
OG0007792	As005G104450	g37469
OG0007793	As005G104780	g52062
OG0007794	As005G105020	g52020
OG0007795	As005G105180	g52039
OG0007796	As005G106420, As006G142140	g5843
OG0007797	As005G106670	g5825
OG0007798	As005G106860	g5816
OG0007799	As005G106980	g5806
OG0007800	As005G107100	g45304
OG0007801	As005G107440	g29856
OG0007802	As005G107540	g5785
OG0007803	As005G107580	g45316
OG0007804	As005G107590	g45317
OG0007805	As005G107780	g5779
OG0007806	As005G108810, As005G107820	g5714, g29816
OG0007807	As005G108000	g5759
OG0007808	As005G108770	g5716, g45373
OG0007809	As005G108920	g29807
OG0007810	As005G109140, As005G108940	g45390
OG0007811	As005G109220	g5699, g29801
OG0007812	As005G109340	g29800
OG0007813	As005G109430	g29796
OG0007814	As005G109910	g29113
OG0007815	As005G109990	g41420
OG0007816	As005G110060	g28977
OG0007817	As005G111960	g28926
OG0007818	As005G112250	g28918
OG0007819	As005G112500	g41379
OG0007820	As008G198270, As005G112570	g746
OG0007821	As005G112620	g28904, g756
OG0007822	As005G112660	g759
OG0007823	As005G113030	g41365
OG0007824	As005G113460	g798
OG0007825	As005G113670	g28862, g811
OG0007826	As005G113900	g28850
OG0007827	As005G114010	g41331
OG0007828	As005G114200	g41328
OG0007829	As005G114470	g28803
OG0007830	As005G114630	g1299
OG0007831	As005G114930	g39225, g1284
OG0007832	As005G115250	g45088, g1251
OG0007833	As005G115820	g1239
OG0007834	As005G115970	g39264
OG0007835	As005G116020	g318, g9825
OG0007836	As005G116110	g314
OG0007837	As005G116120	g18631
OG0007838	As005G116370	g9814
OG0007839	As005G116540	g28589
OG0007840	As005G116920	g9793
OG0007841	As005G117000	g9790
OG0007842	As005G117540	g36015, g18644, g36014
OG0007843	As005G117680	g9750, g212
OG0007844	As005G117830	g9745
OG0007845	As005G117850	g9743
OG0007846	As005G118320	g9722
OG0007847	As005G118350	g9721
OG0007848	As005G118400	g45533
OG0007849	As005G118720	g9699
OG0007850	As005G118730	g141
OG0007851	As005G118830	g129
OG0007852	As005G119030	g9684, g110
OG0007853	As005G119260	g87
OG0007854	As005G119330, As010G221280	g81
OG0007855	As005G119420	g9667, g74
OG0007857	As005G120310	g28
OG0007858	As005G120510	g19323
OG0007859	As005G120540	g9629
OG0007860	As006G121250	g25371
OG0007861	As006G121380	g25368
OG0007862	As006G121780	g39487
OG0007863	As006G122040	g25400
OG0007864	As006G122090	g45261
OG0007865	As006G122370	g39494
OG0007866	As006G122570	g25423
OG0007867	As006G122920	g39538
OG0007868	As006G123080	g39554
OG0007869	As006G123110	g39557
OG0007870	As006G123140	g25464
OG0007871	As006G123520	g39603
OG0007872	As006G123570	g25487
OG0007873	As006G123810	g39631
OG0007874	As006G123990	g25510, g39637
OG0007875	As006G124350	g39677
OG0007876	As006G124670	g39699
OG0007877	As006G125220	g39738
OG0007878	As006G125270	g39742
OG0007879	As006G125310, As008G196130	g51352
OG0007880	As006G125650	g39790
OG0007881	As006G125670	g39789
OG0007882	As006G125690	g51297
OG0007883	As006G126070	g39761
OG0007884	As006G126120	g51299
OG0007885	As008G194640, As006G126930	g51269
OG0007887	As006G127530	g39868
OG0007888	As006G127650	g39878
OG0007889	As006G127680	g39879
OG0007891	As006G127810	g39890, g39889
OG0007892	As006G128030	g39909, g51213
OG0007893	As006G128140	g39917
OG0007894	As006G128170	g51201
OG0007895	As006G128290	g51193
OG0007896	As006G128450	g26996
OG0007897	As006G128460	g39952
OG0007898	As006G129430	g51098
OG0007899	As006G129440	g40000
OG0007900	As006G129790	g51078
OG0007901	As006G129830	g40036
OG0007902	As006G129940	g40046
OG0007903	As006G130240	g40080
OG0007904	As006G130560	g40141
OG0007905	As006G131190	g40175
OG0007907	As006G131650	g38279, g36807
OG0007908	As006G131740	g38291
OG0007909	As006G132380	g23638, g17089
OG0007910	As006G132570	g23655
OG0007911	As006G132860, As009G200510	g29287, g5162
OG0007912	As006G133110	g12716
OG0007914	As006G133970	g16736
OG0007915	As006G134170	g23696
OG0007916	As006G134830	g12741
OG0007917	As006G134870	g7918
OG0007918	As006G134890, As009G201310	g29261
OG0007919	As006G135130	g7901
OG0007920	As006G135370	g7880, g6215, g12685
OG0007921	As006G135670	g12679
OG0007922	As006G135800	g12671
OG0007923	As006G135880	g7848
OG0007924	As006G136110	g12659
OG0007925	As009G203430, As006G136480	g7824, g12634
OG0007926	As006G136880	g12622, g12790
OG0007927	As006G137360	g12612, g7790
OG0007928	As006G137900	g12815
OG0007929	As006G137940	g12589, g7743
OG0007930	As006G138110	g12833, g7736
OG0007931	As006G138210	g7719, g12842
OG0007932	As006G138340	g7725, g42578, g12835
OG0007934	As006G138470	g12847
OG0007935	As006G138630	g12857
OG0007937	As006G138840	g12864
OG0007938	As006G139070	g12877
OG0007939	As006G139390	g7682
OG0007940	As006G139520	g7669
OG0007941	As006G139700	g12921
OG0007942	As006G140130	g12928
OG0007943	As006G140180	g7641
OG0007944	As006G140200	g7640
OG0007945	As006G140220	g7638
OG0007946	As006G140240	g7636, g12930
OG0007947	As006G140250	g12931
OG0007948	As006G140690	g10224
OG0007949	As006G140810	g12453
OG0007950	As006G141050	g7598, g12445
OG0007951	As006G141220	g7584
OG0007952	As006G141400	g12978
OG0007953	As006G141490	g7568
OG0007954	As006G141500	g12433
OG0007955	As006G141690	g12996, g12426
OG0007956	As006G141840	g7549
OG0007957	As006G142100	g7532
OG0007958	As006G142770	g51868
OG0007960	As006G142820	g37352
OG0007961	As006G142990	g37339
OG0007962	As006G143150	g37336, g51823
OG0007963	As006G143540	g37320
OG0007964	As006G144270	g37296
OG0007965	As006G144610	g51565
OG0007967	As006G144730	g38029
OG0007968	As006G145060	g51586
OG0007969	As006G145090	g38039
OG0007970	As006G145230	g38046
OG0007971	As006G145480	g51616
OG0007972	As006G145520	g51619
OG0007973	As006G145690	g37194
OG0007974	As006G145840	g51630
OG0007975	As006G146570	g51657, g38075
OG0007976	As006G146760	g38081
OG0007977	As006G146800	g51664, g38085
OG0007978	As006G146960	g51677
OG0007979	As006G147600	g51695, g37252
OG0007980	As006G147980	g51709
OG0007981	As006G148510	g51716
OG0007982	As006G149020	g51545
OG0007983	As007G152010	g49939, g31597
OG0007984	As007G152770	g49965, g31642
OG0007985	As007G153170	g31661
OG0007986	As007G154300	g27396
OG0007987	As007G154490	g31766
OG0007988	As007G154580	g31756
OG0007989	As007G154780	g31772
OG0007990	As007G154790	g50039
OG0007991	As007G154880	g31779
OG0007992	As007G155060	g31795
OG0007993	As007G155110	g31797
OG0007994	As007G155270	g31811
OG0007995	As007G155640	g31834
OG0007996	As007G155660	g31835, g50079
OG0007997	As010G238350, As007G155760	g31851
OG0007998	As007G155800	g50087
OG0007999	As007G156060	g31887
OG0008000	As007G156070	g50105
OG0008001	As007G156150	g27446
OG0008002	As007G156350	g50125
OG0008003	As007G156480	g31915, g50131
OG0008004	As007G156880	g50157, g27470
OG0008005	As010G237040, As007G156900	g44398
OG0008006	As007G157040	g31958
OG0008007	As007G157260	g31985
OG0008008	As010G236370, As007G157380	g50192
OG0008009	As007G157410	g31995, g50197
OG0008010	As007G157420, As010G236320	g46324
OG0008011	As007G157440	g31997
OG0008012	As007G157580	g50202
OG0008013	As007G157670	g27491
OG0008014	As007G158270	g32024
OG0008015	As007G158330	g32027
OG0008016	As007G158540	g32039
OG0008017	As007G158630	g32045
OG0008018	As007G159200	g32046, g50278
OG0008019	As007G159590	g32101
OG0008020	As010G233280, As007G159740	g27555
OG0008021	As007G160100	g50326
OG0008022	As007G161140	g50372
OG0008023	As007G161150	g50373, g32190
OG0008024	As007G161220	g32194
OG0008025	As007G161500	g44856
OG0008026	As007G161840	g32249
OG0008027	As007G162140	g32269, g50404
OG0008028	As007G162150	g27629
OG0008029	As007G162260	g27633
OG0008030	As007G162670	g23846, g47492
OG0008031	As007G162730	g47497
OG0008032	As007G162780	g47501
OG0008033	As007G162970	g23834
OG0008034	As007G163040	g23829
OG0008035	As007G164310	g23802, g17183
OG0008036	As007G164390	g23791, g47530
OG0008037	As007G164580	g47534
OG0008038	As007G164690	g47539, g23767
OG0008039	As007G164750	g17175
OG0008040	As007G166640	g23605
OG0008041	As007G166690	g23589
OG0008042	As007G177540	g38354
OG0008043	As007G177920	g50996, g38362
OG0008044	As007G178190, As007G178250	g38387
OG0008045	As007G179570	g38436
OG0008046	As007G179800	g44538, g46132
OG0008047	As007G179960	g38471, g36918
OG0008048	As007G179970	g38472, g43539
OG0008049	As007G179980	g38476
OG0008050	As007G180130	g38483
OG0008051	As007G180160	g38486
OG0008052	As007G180580	g50888
OG0008053	As007G180650	g38517
OG0008054	As007G180680	g50883
OG0008055	As007G180960	g38528, g50866
OG0008056	As007G181760	g38537
OG0008057	As007G181800	g38310, g38542
OG0008058	As007G181910	g50852
OG0008059	As008G182330	g31574
OG0008060	As008G182400	g49928
OG0008061	As008G182430	g31569
OG0008062	As008G182500	g27286
OG0008063	As008G182650	g31553, g27284
OG0008064	As008G182810	g31537
OG0008065	As008G182990	g27269, g31527
OG0008066	As008G183360	g31493
OG0008067	As008G183410	g27256
OG0008068	As008G183650	g31476
OG0008069	As008G184200	g49867
OG0008070	As008G184290	g49862
OG0008071	As008G184300	g49861
OG0008072	As008G184630	g49830, g49835, g49841
OG0008073	As008G184730	g31388, g49823
OG0008074	As008G184810	g27188, g31383
OG0008075	As008G185300	g49800, g31350
OG0008076	As008G185520	g31338, g49784
OG0008077	As008G185570	g31337
OG0008078	As008G185810	g27163
OG0008079	As008G185980	g31321
OG0008080	As008G186010	g49777
OG0008081	As008G186980	g31264
OG0008082	As008G187220	g31249
OG0008083	As008G187430	g31241
OG0008084	As008G187870	g49723
OG0008085	As008G187970	g49702
OG0008086	As008G188130	g19151
OG0008087	As008G189490	g49657
OG0008088	As008G189820	g49672, g31124
OG0008089	As008G189840	g49671, g31126
OG0008090	As008G192490	g27010, g31071
OG0008091	As008G192990	g31050
OG0008092	As008G193100	g49561
OG0008093	As008G193300	g31011
OG0008094	As008G193340	g49552
OG0008095	As008G193500	g49547
OG0008096	As008G193550	g31010
OG0008098	As008G193630	g31005
OG0008099	As008G193780, As008G193800	g30993
OG0008100	As008G194080	g30976
OG0008101	As008G194340	g49517
OG0008102	As008G194660	g30942
OG0008103	As008G195440	g30906
OG0008104	As008G195720	g5250
OG0008105	As008G196020	g26939, g30877
OG0008106	As008G196150	g26937
OG0008107	As008G196170	g30871
OG0008108	As008G196400	g26926
OG0008109	As008G196790	g49422
OG0008110	As008G196810	g30833
OG0008111	As008G196820	g30834, g26920
OG0008112	As008G196850	g49424
OG0008113	As008G196990	g49430
OG0008115	As008G197320	g26903
OG0008116	As008G197370	g49402
OG0008117	As008G197640	g49390, g30796
OG0008118	As008G197970	g26890, g49365
OG0008119	As008G198000	g49369
OG0008120	As008G198010	g30772
OG0008121	As008G198130	g26888
OG0008122	As008G198470	g49346, g30769
OG0008123	As008G199010	g26870
OG0008124	As008G199540	g25333
OG0008125	As008G199620	g26856, g30725, g49277
OG0008126	As009G199990	g29308, g34695, g43308
OG0008127	As009G200160	g29318, g5202
OG0008128	As009G200450	g29291, g5171
OG0008129	As009G200460	g5170
OG0008130	As009G200570	g45672
OG0008131	As009G200930	g5099, g29240
OG0008132	As009G201000	g45697
OG0008133	As009G201010	g5102
OG0008134	As009G202010	g29201
OG0008135	As009G202410	g45730
OG0008136	As009G202440	g45733
OG0008137	As009G202490	g5042, g29189
OG0008138	As009G202570	g29181
OG0008139	As009G202880	g45743
OG0008140	As009G203400	g4990
OG0008141	As009G203680	g4980, g29005
OG0008142	As009G203780	g29016
OG0008143	As009G203790	g29017, g4950
OG0008144	As009G203900	g29023
OG0008145	As009G204120	g41478
OG0008146	As009G204300	g29044
OG0008147	As009G204320	g29046
OG0008148	As009G204430	g29054, g29050
OG0008149	As009G204580	g4906
OG0008150	As009G204650	g29073
OG0008151	As009G204880	g41730, g41445
OG0008152	As009G204890	g29082
OG0008153	As009G204930	g29092, g4891
OG0008154	As009G205020	g29095
OG0008155	As009G205180	g29108
OG0008156	As009G205200	g18530
OG0008157	As009G205330	g10100
OG0008158	As009G205340	g4863
OG0008159	As009G205420	g4858
OG0008160	As009G205700	g4811
OG0008161	As009G205950	g4792
OG0008162	As009G206000	g10130
OG0008163	As009G206180	g18513
OG0008164	As009G206550	g4686
OG0008165	As009G207280	g10182
OG0008166	As009G207940	g10212
OG0008167	As009G208010	g10205
OG0008168	As009G208410	g10221
OG0008169	As009G209500	g10245
OG0008170	As009G209650	g5247
OG0008171	As009G209880	g10253
OG0008172	As009G210310	g29342, g5258
OG0008173	As009G210480	g5263
OG0008174	As009G210520	g5265
OG0008175	As009G211270	g45469
OG0008177	As009G211950	g29674
OG0008178	As009G211990	g45453
OG0008179	As009G212370	g29685, g5601
OG0008180	As009G213920	g29740
OG0008181	As009G214510	g45406, g29787
OG0008182	As009G214530	g5679, g5678
OG0008183	As009G214780	g29109
OG0008184	As009G215330	g10062
OG0008185	As009G215580	g10036
OG0008186	As009G215880	g10023, g558
OG0008187	As009G215920	g552
OG0008188	As009G215950	g10021
OG0008189	As009G216110	g540
OG0008190	As009G216460	g9997
OG0008191	As009G216820	g503
OG0008192	As009G216900	g9987, g18582
OG0008193	As009G217090	g9969, g490
OG0008194	As009G217230	g44867
OG0008195	As009G217320	g468
OG0008196	As009G217390	g462
OG0008197	As009G217410	g9953
OG0008198	As009G217640	g444
OG0008199	As009G217980	g424, g9904
OG0008201	As009G218410	g394
OG0008202	As009G218740	g367, g366
OG0008203	As009G218760	g9865
OG0008204	As009G218850	g361, g9863
OG0008205	As009G218980	g9854
OG0008206	As009G219020	g352
OG0008208	As009G219370	g327
OG0008209	As009G219470	g9827
OG0008210	As009G219860	g28723
OG0008211	As009G219870	g1190
OG0008212	As009G219920	g39278
OG0008213	As010G220430	g19322
OG0008214	As010G220450	g19330
OG0008215	As010G220470	g2496
OG0008216	As010G220700	g19341, g2540
OG0008217	As010G220950	g2557
OG0008218	As010G221330, As012G274920	g2595, g19370
OG0008219	As010G221730	g2622, g19396
OG0008220	As010G221740	g2624
OG0008221	As010G222070	g2633, g19413, g11382
OG0008222	As010G222760	g19463
OG0008223	As010G224340	g2822
OG0008224	As010G226050	g3128
OG0008225	As011G258480	g43578
OG0008226	As010G227790	g41637
OG0008227	As010G227920	g44885, g41641
OG0008228	As010G227970	g44888
OG0008229	As010G228060, As010G228070	g18037, g41644
OG0008230	As010G228230	g44891
OG0008231	As010G228240	g44892
OG0008232	As010G228430	g37108, g51477
OG0008233	As010G228830	g41691
OG0008234	As010G229490	g44877
OG0008235	As010G230510	g44913
OG0008236	As010G238090, As010G231770	g44785, g45763
OG0008237	As010G231800	g44784
OG0008238	As010G231860	g44782, g45769
OG0008239	As010G232870	g45819
OG0008240	As010G232910	g27573, g32123
OG0008241	As010G232950, As011G253840	g6626
OG0008242	As010G233160	g45831
OG0008243	As010G233180	g45833
OG0008244	As010G233220	g45842
OG0008245	As010G233290	g45850
OG0008246	As010G233330	g44699
OG0008247	As010G233940	g45894
OG0008248	As010G234190	g45915
OG0008249	As010G234610	g45949
OG0008250	As010G235070	g45961
OG0008251	As010G235290	g46422
OG0008252	As010G235310	g46420
OG0008253	As010G235330	g46418
OG0008254	As010G235590	g46391, g44358
OG0008255	As010G235620	g44360
OG0008256	As010G236010	g46366
OG0008257	As010G236270	g46334
OG0008258	As010G236340	g46323
OG0008259	As010G236570	g46309
OG0008260	As010G236990	g46278
OG0008261	As010G237460	g46248
OG0008262	As010G237520	g46243
OG0008263	As010G237680	g44432, g31895
OG0008264	As010G237690	g46233
OG0008265	As010G237830	g46226
OG0008266	As010G237900	g44442
OG0008267	As012G277330, As010G238000	g46211, g44452
OG0008268	As010G238370	g46188
OG0008269	As010G238620	g46174
OG0008270	As010G238800	g44508
OG0008271	As010G239160	g44534
OG0008272	As010G239390	g44546
OG0008273	As010G239580	g46107
OG0008274	As010G239690	g46099
OG0008275	As010G239760	g44556, g46094
OG0008276	As010G239920	g46085
OG0008278	As010G240250	g44573
OG0008279	As010G240590	g46032
OG0008280	As010G240750	g44582
OG0008281	As010G241250	g46002
OG0008282	As010G241550	g44615
OG0008283	As010G242430	g44341
OG0008284	As010G242880	g13603
OG0008285	As010G243070	g14406
OG0008286	As010G243170	g46539
OG0008287	As010G243420	g46554
OG0008288	As010G243510	g44297
OG0008289	As010G243660	g46572
OG0008290	As010G243860	g46586
OG0008291	As010G243910	g44282
OG0008292	As010G244130	g44273
OG0008293	As010G244430	g46610
OG0008294	As011G244630	g7290, g13145
OG0008295	As011G244880	g7264
OG0008296	As011G244910	g12251
OG0008298	As011G245370	g7237
OG0008299	As011G245870	g7205
OG0008300	As011G245890	g10075
OG0008301	As011G245900	g7202
OG0008302	As011G245940	g7201
OG0008303	As011G245980	g7198
OG0008304	As011G246170	g13210, g7189
OG0008305	As011G246220	g12199
OG0008306	As011G246270	g13212
OG0008307	As011G246340	g12194, g7173
OG0008309	As011G247200	g12151, g7119
OG0008310	As011G247370	g7104
OG0008311	As011G247400	g7101
OG0008312	As012G270440, As011G247770	g54274
OG0008313	As011G248080	g1453, g12106, g7052
OG0008314	As011G248420	g7027
OG0008315	As011G248470	g7020
OG0008316	As011G248950	g6996, g12073
OG0008317	As011G249360	g6957
OG0008318	As011G249470	g6949
OG0008320	As011G250010	g12027
OG0008321	As011G250380	g6886
OG0008322	As011G250740	g6860
OG0008323	As011G250760	g13315, g11995
OG0008324	As011G250830	g13320
OG0008325	As011G251190	g11977, g6832
OG0008326	As011G251550	g13337
OG0008327	As011G251580	g6798
OG0008329	As011G252590	g3597, g30084, g36100, g30085
OG0008330	As011G252880	g11902
OG0008331	As011G254090	g47092
OG0008332	As011G254410	g6584
OG0008333	As011G255020	g11768
OG0008334	As011G255300	g11761
OG0008335	As011G256150	g6477
OG0008336	As011G256280	g11728
OG0008337	As011G257630	g6417
OG0008338	As011G260660	g41227
OG0008339	As011G260780	g6022
OG0008340	As011G262670	g14306
OG0008341	As011G262830	g14236
OG0008342	As011G262970	g6150
OG0008343	As011G263330	g6139
OG0008344	As011G263510	g14103
OG0008345	As011G263740	g13716
OG0008346	As011G263870	g6098
OG0008347	As011G264400	g6091, g14032
OG0008348	As011G264440	g6088, g14027
OG0008349	As011G264450	g14025
OG0008350	As011G264740	g6046
OG0008351	As011G265130	g5997
OG0008352	As011G265150	g6000
OG0008353	As011G265580	g13947
OG0008354	As011G266000	g5967
OG0008355	As011G266310	g13903
OG0008356	As011G267090	g13856, g13822
OG0008357	As012G267930	g54369
OG0008358	As012G268030	g54365
OG0008359	As012G268660	g36708
OG0008360	As012G268680	g40723
OG0008361	As012G268770	g36705
OG0008363	As012G269380	g49904, g36669
OG0008364	As012G269650	g54301
OG0008365	As012G269720	g36634
OG0008366	As012G269790	g36625
OG0008367	As012G269910	g36611
OG0008368	As012G269920	g36610
OG0008369	As012G269970	g36605
OG0008370	As012G270070	g36599
OG0008371	As012G270970	g54250
OG0008372	As012G271060	g36527
OG0008373	As012G271360	g54226
OG0008374	As012G271880	g54188
OG0008375	As012G272050	g36455, g54209
OG0008376	As012G272290	g36435
OG0008377	As012G272340	g28057, g54163
OG0008378	As012G273050	g54122
OG0008379	As012G273310	g28084
OG0008380	As012G274290	g17594, g24387
OG0008381	As012G274450	g24399
OG0008382	As012G274860	g51482, g37110
OG0008383	As012G274900	g37107
OG0008385	As012G275480	g19285
OG0008386	As012G275690	g11335
OG0008387	As012G275840	g2416
OG0008388	As012G275920	g19258
OG0008389	As012G276240	g2409
OG0008390	As012G276440	g2398, g19217
OG0008391	As012G277260	g2344
OG0008392	As012G277360	g19185, g2338
OG0008393	As012G277610	g19174
OG0008394	As012G277760	g2327
OG0008395	As012G278280	g19166
OG0008396	As012G278960	g2460
OG0008397	As012G279870	g2296, g11300
OG0008398	As012G279900	g2295, g19157
OG0008399	As012G279910	g19137
OG0008400	As012G279990	g19159
OG0008401	As012G280030	g2272
OG0008402	As012G281030	g2254
OG0008403	As012G281830	g19092
OG0008404	As012G281960, As012G281970, As012G281980	g19081
OG0008405	As012G282560	g2171
OG0008406	As012G282950	g2144
OG0008407	As012G283490	g2070
OG0008408	As012G284090	g18982, g2118
OG0008409	As012G284580	g2035
OG0008410	As012G284720	g1978
OG0008411	As012G284910	g1989
OG0008412	As012G284920	g1990
OG0008413	As012G285000	g1997
OG0008414	As012G285030	g18929
OG0008415	As012G285080	g18920
OG0008416	As012G285090	g11204
OG0008417	As012G285100	g52089
OG0008418	As012G285410	g16857
OG0008419	As012G285440	g18896, g2021
OG0008420	As012G285540	g2024
OG0008421	As012G285580	g2025
OG0008422	As012G285690	g18879
OG0008423	As012G285730	g11199
OG0008424	As012G285810	g1960
OG0008425	As012G286040	g18859
OG0008426	As012G286130	g11192
OG0008427	As012G286290	g18826
OG0008429	As012G286770	g18803
OG0008430	As012G287780	g1815
OG0008431	As012G287930	g1788
OG0008432	As012G287950	g1786
OG0008433	As012G288040	g1780
OG0008434	As012G288130	g1768
OG0008436	As012G288730	g18742
OG0008437	As012G288760	g18743
OG0008438	As012G288790	g18746
OG0008439	As012G288970	g11146, g1742
OG0008440	As012G289160	g11145
OG0008504	As001G000180	g23566
OG0008505	As001G000550	g23537
OG0008506	As001G000740	g47683
OG0008507	As001G000850	g23512
OG0008508	As001G000890	g17016
OG0008509	As001G001780	g47716
OG0008510	As001G001810	g47717
OG0008511	As001G001820	g23453
OG0008512	As001G001840	g23448
OG0008513	As001G001920	g47726
OG0008514	As001G002240	g23422
OG0008515	As001G002330	g16985, g23414
OG0008516	As001G002420, As001G002430	g23398
OG0008517	As001G002460	g47746
OG0008518	As001G002850	g671
OG0008519	As001G002970	g23376
OG0008520	As001G003000	g23374
OG0008521	As001G003680	g23329
OG0008522	As001G003840	g16949
OG0008523	As001G004010	g47790
OG0008524	As001G004140	g47795
OG0008525	As001G004220	g47796
OG0008526	As001G004640	g23284, g16932
OG0008527	As001G004710	g16930, g23278
OG0008528	As001G004780	g16926
OG0008529	As001G005390	g23249
OG0008530	As001G005630	g23219
OG0008531	As001G005730	g23234
OG0008532	As001G005760	g47827
OG0008533	As001G006030	g23200
OG0008534	As001G006490	g47820
OG0008535	As001G006610	g23191
OG0008536	As001G006640	g23190
OG0008537	As001G007120	g23189
OG0008538	As001G009960	g23183
OG0008539	As001G010010	g24718, g27420, g38400, g25573, g16569, g39614, g31505, g3615, g5092
OG0008540	As001G012830, As011G262590	g47874
OG0008541	As001G013640	g47865
OG0008542	As001G013790	g18186
OG0008543	As001G013820	g23095
OG0008544	As001G014120	g18208
OG0008545	As001G014230	g23077
OG0008546	As001G014430	g23059
OG0008547	As001G014730	g47900
OG0008548	As004G078980	g32523
OG0008550	As001G016330	g32540
OG0008551	As001G016460	g32549
OG0008553	As001G016930	g32614
OG0008554	As001G017310	g24301
OG0008555	As001G017370	g47194
OG0008556	As001G017690	g24325, g17565
OG0008557	As001G018270	g27187
OG0008558	As001G018540	g43893
OG0008559	As001G018570	g41134
OG0008560	As001G019050	g41112
OG0008561	As001G019300, As010G232740	g47831
OG0008562	As001G019640	g44031
OG0008563	As001G019700, As008G187600	g31224
OG0008564	As001G020010	g38259
OG0008565	As001G020510	g44106
OG0008566	As001G020550	g41032
OG0008567	As001G021060	g41002
OG0008568	As001G021110	g40999
OG0008570	As001G021510	g44154
OG0008571	As001G021610	g44167
OG0008572	As001G021630	g40970
OG0008573	As001G021750	g44180
OG0008574	As001G021760	g40952
OG0008575	As001G021800	g44186
OG0008576	As008G185790	g27164
OG0008577	As008G185580	g49782, g31336
OG0008578	As001G022230	g31578
OG0008579	As001G022750	g10775
OG0008580	As001G022920	g10762
OG0008581	As001G023070	g10742
OG0008582	As001G023440	g10721
OG0008583	As001G023730	g16701
OG0008584	As001G024130	g10661
OG0008585	As001G024350	g10653
OG0008586	As001G024620	g1563
OG0008587	As001G024880	g10605
OG0008588	As001G024960	g10599
OG0008589	As001G025100	g10588
OG0008590	As001G025420	g10567
OG0008591	As001G025540	g10555
OG0008592	As001G025780	g10541
OG0008593	As001G025800	g1601
OG0008594	As001G026030	g10516
OG0008595	As001G026150	g10505
OG0008596	As001G026230	g10498
OG0008597	As001G026720	g10459
OG0008598	As001G026730	g10458
OG0008599	As001G027020	g10417
OG0008600	As001G027040	g10415
OG0008601	As001G027250	g4295, g16503
OG0008602	As001G027370	g10399
OG0008603	As001G027390	g10397
OG0008604	As001G027840	g10356
OG0008605	As001G027860	g10354
OG0008606	As001G028920	g45004
OG0008607	As001G029150	g45030
OG0008609	As001G029480	g45087, g46844
OG0008610	As001G030220	g44262
OG0008611	As001G030290	g40739
OG0008612	As001G030570	g40768
OG0008613	As001G030600	g40775
OG0008614	As001G030840	g40818
OG0008615	As001G030950	g40808
OG0008616	As001G031050	g40801
OG0008617	As001G031420, As001G031440	g44248
OG0008618	As001G031430	g40846
OG0008619	As001G031660	g40863
OG0008620	As001G031990	g40890, g44232
OG0008621	As002G032320	g12272
OG0008622	As002G049150, As002G032530	g39304
OG0008624	As002G033460	g38151
OG0008625	As002G033520	g51972
OG0008626	As002G034200	g12402
OG0008627	As005G108520	g5720
OG0008628	As002G035500	g13073
OG0008629	As002G036150	g7418
OG0008630	As002G036470	g12348
OG0008631	As002G036760	g7402
OG0008632	As002G037280	g7377
OG0008633	As002G037390	g12319
OG0008634	As002G037840	g7347
OG0008635	As002G038010	g13130
OG0008636	As002G038040	g7342
OG0008637	As002G038620	g12292
OG0008638	As002G038930	g13139
OG0008639	As002G040600	g41149
OG0008640	As002G042000	g26831
OG0008641	As002G042240	g28260
OG0008642	As002G042340	g28281
OG0008643	As002G042670	g1364
OG0008644	As002G042720	g1362, g28300
OG0008645	As002G042820	g28304
OG0008646	As002G043610	g41193, g41175
OG0008647	As002G043710, As002G043700	g28350
OG0008648	As002G044420	g28385, g888
OG0008649	As002G044670	g41247
OG0008650	As002G044820	g907
OG0008651	As002G044940	g901
OG0008652	As002G045000	g41254
OG0008653	As002G045240	g28425, g922
OG0008654	As002G045260	g28426, g41291
OG0008655	As002G045340	g28432
OG0008656	As002G045360	g927, g28433
OG0008657	As002G045520	g28455
OG0008658	As002G045820	g28441
OG0008659	As002G045910	g948
OG0008660	As002G046070	g28471
OG0008661	As002G046130	g955
OG0008662	As002G046740	g28497
OG0008663	As002G046970	g28507
OG0008664	As002G047040	g28510
OG0008665	As002G047300	g28515
OG0008666	As002G047390	g28523
OG0008667	As002G047400	g1024
OG0008668	As002G047860	g28542, g39357
OG0008669	As002G048090	g28555
OG0008670	As002G048110	g1068
OG0008671	As002G048250	g28558
OG0008672	As002G048450	g39338
OG0008673	As002G048470	g1083
OG0008674	As002G048630	g28592
OG0008675	As002G048800	g28609
OG0008676	As002G048890	g28622
OG0008677	As002G049000	g28632
OG0008678	As002G049290	g1118
OG0008679	As002G049560	g28666
OG0008680	As002G049830	g28680
OG0008681	As002G049840	g28681
OG0008682	As002G049990	g10306
OG0008683	As002G050190	g10301
OG0008684	As002G050210	g10300
OG0008685	As002G050350	g29362, g5282
OG0008686	As002G050370	g29364
OG0008687	As002G050560	g29378
OG0008688	As002G050590	g29374
OG0008689	As002G050610	g45609
OG0008690	As002G050650	g5295
OG0008691	As002G050920	g45593, g5313
OG0008692	As002G050930	g45592
OG0008693	As002G051080	g45587
OG0008694	As002G051290	g5335, g29418
OG0008695	As002G051380	g5344
OG0008696	As002G051430	g5347
OG0008698	As002G051930	g5377
OG0008699	As002G052500	g29483, g5403
OG0008700	As012G274060, As002G052790	g45540
OG0008701	As002G052930	g45534
OG0008702	As002G053160	g5426, g29513
OG0008703	As002G053450	g29540
OG0008704	As002G053590	g29550
OG0008705	As002G053670	g29554
OG0008706	As002G053930	g29566
OG0008707	As002G054190	g45503
OG0008708	As002G054210	g29574
OG0008709	As002G054460	g5500, g29586
OG0008710	As002G054660	g5509
OG0008711	As002G054890	g5526
OG0008712	As002G054920	g5531
OG0008713	As002G055000	g29607
OG0008714	As002G055200	g29621
OG0008715	As003G055620	g24286
OG0008716	As004G089690, As003G056010	g24244, g47226
OG0008717	As003G056050	g47235
OG0008718	As003G056140	g24235
OG0008719	As003G056170	g47239, g17520
OG0008720	As003G056180	g24233, g17519
OG0008721	As003G056340	g24230
OG0008722	As003G056510	g47257, g24209
OG0008723	As003G057220	g47283
OG0008724	As004G087920	g10982
OG0008725	As003G057580	g24151
OG0008726	As003G057610	g24148, g47302
OG0008727	As003G057770	g17428, g24129
OG0008728	As003G057840	g24124
OG0008729	As003G057860	g17409
OG0008730	As003G058190	g47328
OG0008731	As003G058220	g24075
OG0008732	As003G058400	g24068
OG0008733	As004G086690, As003G058690, As003G058650	g24053
OG0008734	As003G058950	g47358
OG0008735	As003G059090	g47368, g17363
OG0008736	As003G059480	g24008
OG0008737	As003G059850	g47402
OG0008738	As003G060570	g47430
OG0008739	As004G085080, As003G060630	g40401
OG0008740	As003G060690	g47434
OG0008741	As003G060880	g17275
OG0008742	As003G060970	g23922
OG0008743	As003G060990	g17272
OG0008744	As003G061130	g47452
OG0008745	As003G061490	g23893, g47459
OG0008746	As003G061620	g44697
OG0008747	As003G061970	g17249
OG0008748	As004G083660, As003G062650	g40307, g25782
OG0008749	As003G062840, As012G271210	g32680
OG0008750	As003G063220	g32738
OG0008751	As003G063300	g32749, g27810
OG0008752	As003G063360	g50753, g32767
OG0008753	As003G063500	g32851
OG0008754	As003G063830	g32993
OG0008755	As003G064530	g35950, g53898
OG0008756	As003G064550	g28144
OG0008757	As003G065960, As003G065970	g32291, g50420
OG0008758	As003G066170	g36186
OG0008759	As003G067890	g32305
OG0008760	As003G068780	g50460
OG0008761	As003G069490, As010G240240	g44572
OG0008762	As003G069870	g50503
OG0008763	As003G069900	g32392
OG0008764	As003G070230	g27689
OG0008765	As003G071240	g50552
OG0008766	As003G071410	g50565
OG0008767	As003G071550	g32502
OG0008768	As003G071640	g50569
OG0008769	As003G072030	g47932
OG0008770	As003G072060	g22974
OG0008771	As003G072300	g22960
OG0008772	As003G072670	g22922
OG0008773	As003G072950	g47974, g22904
OG0008774	As003G073260	g22878
OG0008775	As003G073360	g22869
OG0008776	As003G073420	g22855
OG0008777	As003G073460	g22851
OG0008778	As003G074110	g22806
OG0008779	As003G074130	g22803
OG0008780	As003G074410	g22789
OG0008781	As003G074570	g22780
OG0008782	As003G074590	g22778, g22777
OG0008783	As003G074860	g22743
OG0008784	As003G075590	g18304, g38522
OG0008785	As004G076900	g23619
OG0008787	As004G077020	g46839
OG0008788	As004G077640	g46758
OG0008789	As004G077680	g37509
OG0008790	As004G078190	g16905
OG0008791	As004G078710	g32509
OG0008792	As004G079270	g29720
OG0008793	As004G079420	g32578
OG0008794	As004G079970	g51536
OG0008795	As004G080160	g40264
OG0008796	As004G081320	g51406
OG0008797	As004G081830	g37062
OG0008798	As004G082140	g37048
OG0008799	As004G082210	g37052
OG0008800	As004G082550	g52273, g37625
OG0008801	As004G082920	g18465, g18424
OG0008802	As004G083670	g40308
OG0008803	As004G084330	g40354
OG0008804	As004G084900	g45142
OG0008805	As004G085040	g40399, g25668
OG0008806	As004G085140	g25602
OG0008807	As004G085170	g25604
OG0008809	As004G085880	g25580
OG0008810	As004G086170	g40464
OG0008811	As004G086240	g25542
OG0008812	As004G086700	g40493
OG0008813	As004G086750	g40495
OG0008814	As004G087130	g11033
OG0008815	As004G087430	g40531
OG0008816	As004G087830	g40555
OG0008817	As004G088310	g10966
OG0008818	As004G088380	g40588
OG0008819	As004G089190	g10922
OG0008820	As004G089240	g40647
OG0008821	As004G089610	g10906
OG0008822	As004G090130	g40721, g10844
OG0008823	As004G090140	g40722
OG0008824	As004G092100	g46871, g25206
OG0008825	As004G092980	g46946
OG0008826	As004G093630	g24752, g24757
OG0008827	As004G093740	g46652
OG0008828	As004G094340	g24635, g46995
OG0008829	As004G094420	g13490
OG0008830	As004G095210	g24562
OG0008831	As004G095280	g17726
OG0008832	As004G095380	g24534
OG0008833	As004G095860	g47075
OG0008834	As004G096200	g17684
OG0008835	As004G096230	g24471
OG0008836	As004G096560	g36165, g14875, g52876, g43248, g47105
OG0008837	As004G096600	g47106
OG0008838	As004G097080	g16849
OG0008839	As004G097450, As004G097780	g46655
OG0008840	As004G097470, As008G190170	g46664
OG0008841	As004G097710	g16802
OG0008842	As004G097730	g46651, g16804
OG0008843	As004G098060	g16779, g16781
OG0008844	As004G098280	g46626
OG0008845	As004G098350	g46622
OG0008846	As005G098680	g5965
OG0008847	As005G098760	g37766
OG0008848	As005G098810	g37764
OG0008849	As005G100300	g37686
OG0008850	As005G100380	g50790
OG0008851	As005G100510	g50783
OG0008852	As005G100930	g52296
OG0008853	As005G101000	g52295
OG0008854	As005G101330	g37627
OG0008855	As005G101710	g37610
OG0008856	As005G101930	g37591, g52228
OG0008857	As005G102000	g37586
OG0008858	As005G102080	g37579, g52241
OG0008859	As012G286140, As005G102540	g1930
OG0008860	As005G103010	g38226
OG0008861	As005G103150	g52158
OG0008862	As005G103190	g52151, g52149
OG0008863	As005G103200	g52148
OG0008864	As005G103400	g37523
OG0008865	As005G104000	g37496
OG0008866	As005G104260	g52094
OG0008867	As005G104370	g18909
OG0008868	As005G104670	g52077
OG0008869	As005G104890	g37446
OG0008870	As005G104920	g38183
OG0008871	As005G104960	g37443
OG0008872	As005G105000	g5361
OG0008873	As005G105460	g52010
OG0008874	As005G105770	g37402
OG0008875	As005G106130	g51995
OG0008876	As005G106140	g37391
OG0008877	As005G106690	g45289
OG0008878	As005G106830	g45294
OG0008879	As005G106880	g5814
OG0008880	As005G106970, As005G106960	g5807
OG0008881	As005G107490	g5788
OG0008882	As005G107760	g29847
OG0008883	As005G108060	g5752
OG0008884	As005G108590	g29831
OG0008885	As005G108710	g5717
OG0008886	As005G108880	g29809
OG0008887	As005G109250	g5698
OG0008888	As005G109920	g29112
OG0008889	As005G110230	g656, g29127
OG0008890	As005G110460	g653, g28980
OG0008891	As005G110610	g28975
OG0008892	As005G111310	g704
OG0008893	As005G111360	g705
OG0008894	As005G111650	g664
OG0008895	As005G111820	g41401, g28929
OG0008896	As008G192090	g448
OG0008897	As005G112420	g28909
OG0008898	As005G112450	g743
OG0008899	As005G112710	g28901
OG0008900	As005G112920	g763
OG0008901	As005G112950	g28897
OG0008902	As005G113110	g770
OG0008903	As005G113320	g28873
OG0008904	As005G113360	g28871
OG0008905	As005G113710	g816
OG0008906	As005G113870	g41333
OG0008907	As005G114030	g831
OG0008908	As005G114450	g855, g28805
OG0008909	As005G114520	g266
OG0008910	As005G114660	g1295
OG0008911	As005G114670	g28783
OG0008912	As005G114750	g41303
OG0008913	As005G114820	g28763
OG0008914	As005G114900	g28761
OG0008915	As005G115290	g39245
OG0008916	As010G224270, As005G115400	g1245, g39248
OG0008917	As005G115610	g28746
OG0008918	As005G115750	g1257, g28700
OG0008919	As005G115810	g1240
OG0008920	As005G115850	g1236
OG0008921	As005G115890	g1232
OG0008922	As005G116720	g274
OG0008923	As005G116780	g9799, g270
OG0008924	As005G116820	g49612
OG0008925	As005G116880	g9796
OG0008927	As005G117330	g9770, g240
OG0008928	As005G117630	g9753
OG0008929	As005G117790	g9746
OG0008930	As005G118120	g197, g18663
OG0008931	As005G118210	g177
OG0008932	As005G118230	g9724
OG0008933	As005G118980	g117, g9687
OG0008934	As005G119070	g107
OG0008935	As005G119240	g88
OG0008936	As005G119360	g9669
OG0008937	As005G119710	g9660
OG0008938	As005G119860	g9644
OG0008939	As005G119870	g19653
OG0008940	As005G120000	g19647, g38
OG0008941	As005G120250	g19644
OG0008942	As005G120320	g27
OG0008944	As005G120520	g11353
OG0008945	As005G120660	g14, g9626
OG0008947	As006G121320	g45269
OG0008948	As006G121330	g26863
OG0008949	As006G121570	g25358
OG0008950	As006G121650	g25351
OG0008951	As006G121670	g39452
OG0008952	As006G121800	g45255
OG0008954	As006G122350	g39492
OG0008955	As006G122870	g39536, g25449
OG0008956	As006G122950	g39540
OG0008957	As006G123090	g39555
OG0008958	As006G123550	g39605
OG0008959	As006G123680	g39611
OG0008960	As006G123860	g25496
OG0008961	As006G123880	g39634
OG0008962	As006G124700, As006G125370	g51348
OG0008963	As006G124740	g39704
OG0008964	As006G124760	g39706
OG0008965	As006G124970	g46869
OG0008966	As006G125010	g39723, g11107
OG0008967	As006G125410	g51341, g39748
OG0008968	As006G125490	g51335
OG0008969	As006G125560	g39750
OG0008970	As006G125940	g39767
OG0008971	As006G126000	g51321
OG0008973	As006G126240	g39807
OG0008974	As006G126270	g51304
OG0008975	As006G126750, As007G153780	g27970, g49271, g5
OG0008976	As006G126800	g37920, g37919
OG0008977	As006G127280	g51251
OG0008978	As006G127390	g39850
OG0008979	As006G127540	g39869
OG0008981	As006G127910	g39897
OG0008982	As006G128240	g51194
OG0008984	As006G128900	g51139
OG0008985	As006G129120	g40015
OG0008986	As006G129140	g51120
OG0008987	As006G129300	g37849
OG0008988	As006G129340	g40003
OG0008989	As006G129590	g37845, g39981
OG0008990	As006G129630	g51090
OG0008991	As006G129880	g40038
OG0008992	As006G129950	g40048
OG0008993	As006G130070	g53382
OG0008994	As006G130350	g40089
OG0008995	As006G130360	g40090
OG0008996	As006G130760	g40125
OG0008997	As006G130820	g40119
OG0008998	As006G130860	g40115
OG0008999	As006G130940	g40102
OG0009001	As006G131550	g38272
OG0009002	As006G132080	g51068
OG0009003	As006G132180	g36847
OG0009004	As006G132280	g23632
OG0009005	As006G132310	g17086
OG0009006	As006G132590	g23658
OG0009007	As006G132800	g49985
OG0009008	As006G132820	g7929
OG0009009	As006G132830	g7930
OG0009010	As006G132920, As008G184190	g7942
OG0009011	As006G132930	g7941
OG0009012	As006G133240	g7946
OG0009013	As006G134080	g23704
OG0009014	As006G134370	g47613
OG0009015	As006G134500	g47605
OG0009016	As006G134920	g7914
OG0009017	As006G135170	g7896
OG0009018	As006G135550	g7866
OG0009019	As006G135610	g7862
OG0009020	As006G135840	g7852
OG0009021	As006G135930	g7842
OG0009022	As006G136080	g12662
OG0009023	As006G136150	g7833
OG0009024	As006G136160	g7832
OG0009025	As006G136460	g12635
OG0009026	As006G136720	g12780
OG0009027	As006G137270	g12801
OG0009028	As006G137330	g7793
OG0009029	As006G137340	g7792
OG0009030	As006G137480	g7781
OG0009031	As006G137660	g7772, g7763
OG0009032	As006G137830	g7749
OG0009033	As009G207100, As006G137860	g12592
OG0009034	As006G137910	g12591
OG0009035	As006G138100	g12582
OG0009036	As006G138400	g12844
OG0009037	As006G138450	g7714
OG0009038	As006G139040	g12875
OG0009039	As006G139060	g7686
OG0009041	As006G139860	g7656
OG0009042	As006G140160	g7642
OG0009043	As006G140280	g12935, g12482
OG0009044	As006G140540	g7622
OG0009045	As006G140780, As009G208470	g7610
OG0009047	As006G141030	g7600
OG0009048	As006G141060	g7597
OG0009049	As006G141080	g12965
OG0009050	As006G141670	g25028
OG0009051	As006G141700	g38281
OG0009052	As006G141800	g26908
OG0009053	As006G141810	g7552, g12992
OG0009054	As006G141880	g12420
OG0009055	As006G142230	g53945
OG0009056	As006G142280	g51915
OG0009057	As006G142350	g51909
OG0009058	As006G142450	g51886
OG0009060	As006G142590	g51468
OG0009061	As006G142720	g37351
OG0009062	As006G143340	g51800
OG0009063	As006G143350	g51793
OG0009064	As006G143520	g38128
OG0009065	As006G143720	g51763
OG0009066	As006G143920	g51774
OG0009067	As006G143950	g51756
OG0009068	As006G144360	g51737
OG0009069	As006G144370	g44860
OG0009070	As006G144400	g51735
OG0009071	As006G144660	g37149
OG0009072	As006G144720	g38028, g37156
OG0009073	As006G144740	g37160
OG0009075	As006G145080	g51587
OG0009076	As006G145190	g51599
OG0009077	As006G145460	g51613
OG0009078	As006G145720	g51623
OG0009079	As006G146050	g51634
OG0009080	As006G146930	g51675
OG0009081	As006G146940	g51676
OG0009082	As006G147260	g37287, g51728
OG0009083	As006G147310	g51727
OG0009084	As006G147940	g51692
OG0009085	As006G148410	g37278
OG0009086	As006G148420	g37269
OG0009087	As006G148610	g51714
OG0009088	As006G148830	g51547
OG0009089	As007G151900	g31585
OG0009090	As007G151920	g31586
OG0009091	As007G152000	g31596
OG0009092	As007G152060	g49942
OG0009093	As007G152180	g31610
OG0009094	As007G152210	g31614, g49946
OG0009095	As007G152440	g31628
OG0009096	As007G152660	g49962
OG0009097	As007G152890, As007G162460	g49970
OG0009098	As007G152980	g27345, g31653
OG0009099	As007G153010	g31654
OG0009100	As007G153290	g27357
OG0009101	As007G153650, As010G241560	g49994
OG0009102	As007G153810	g31699
OG0009103	As007G153920	g31702
OG0009104	As007G154080	g50012
OG0009105	As007G154600	g31754
OG0009106	As007G155010	g27412
OG0009107	As007G155050	g47579, g25029
OG0009110	As007G155460	g31816
OG0009111	As007G156120	g31889
OG0009112	As007G156130	g31890
OG0009113	As007G156360	g50126
OG0009115	As007G157120	g50166
OG0009116	As007G157770	g19162
OG0009117	As007G157910	g50211
OG0009118	As007G158070	g50225
OG0009119	As007G158080	g32019
OG0009120	As007G158720	g27527
OG0009121	As007G158730	g50251, g27528
OG0009122	As007G159220	g32047
OG0009123	As007G159470	g50291
OG0009124	As007G159600	g32100
OG0009125	As007G159690	g27554
OG0009126	As007G160210	g50335
OG0009127	As007G160330	g27580
OG0009128	As007G160560	g50349, g32146
OG0009130	As007G160660, As010G232420	g45791
OG0009131	As007G160770	g32161
OG0009132	As007G160920	g32170
OG0009133	As007G161000	g27597
OG0009134	As007G161010	g50368, g32180
OG0009135	As007G161290	g32200, g27607
OG0009137	As007G161560	g27616
OG0009138	As007G161590	g32225
OG0009139	As007G161860	g50398
OG0009140	As007G162090, As007G162100	g50407, g32279
OG0009141	As007G162760	g47500
OG0009142	As007G162940	g1500
OG0009143	As007G162980	g23833
OG0009144	As007G163550	g47523
OG0009145	As007G163730	g17188
OG0009146	As007G167100	g51038
OG0009148	As007G176810, As007G176820	g38345
OG0009149	As007G177640	g38340
OG0009150	As007G177990	g50993
OG0009151	As007G178310	g38391
OG0009152	As007G178970	g38401, g27289
OG0009153	As007G179130	g38411
OG0009154	As007G179580	g38437, g50952
OG0009155	As007G179720	g36914
OG0009156	As007G179780	g19308
OG0009157	As007G180150	g38485
OG0009158	As007G180250	g50898
OG0009159	As007G180660	g36955
OG0009160	As007G181040	g50862
OG0009162	As008G182420	g31570
OG0009163	As008G182670	g31551
OG0009164	As008G182780	g31541
OG0009165	As008G183180	g31508
OG0009166	As008G183270	g31506
OG0009167	As008G183440	g31486
OG0009168	As008G183960	g31447
OG0009169	As008G183980	g31449
OG0009170	As008G184350	g31420
OG0009171	As008G184880	g31378
OG0009172	As008G185600	g49781
OG0009173	As008G185680	g31331
OG0009174	As008G186050	g49773
OG0009175	As008G186790	g27127
OG0009176	As008G186830	g49745
OG0009177	As008G186930	g31269
OG0009178	As008G187340	g31243
OG0009179	As008G187540	g31221
OG0009180	As008G187640	g31226, g49713
OG0009181	As008G188250	g49626
OG0009182	As008G188450	g49637, g27069
OG0009183	As008G188540	g31174
OG0009184	As008G188920	g49638
OG0009185	As008G189090	g31152
OG0009186	As008G189310	g28965
OG0009187	As008G189380	g31141
OG0009188	As008G189500	g49658
OG0009189	As008G189850	g49670
OG0009190	As008G189870	g27030
OG0009191	As008G190010	g31128
OG0009192	As008G190070	g27032, g31129
OG0009193	As008G190600	g49675
OG0009194	As008G190940	g27026
OG0009196	As008G191310	g49694
OG0009199	As008G193010	g27001
OG0009200	As008G193650	g31003
OG0009201	As008G193700	g26975
OG0009202	As008G193870	g30991
OG0009203	As008G193910	g30990
OG0009204	As008G194220	g49527
OG0009205	As008G194430	g49515
OG0009206	As008G194920	g30927, g49493
OG0009207	As008G194930	g49492
OG0009208	As008G195010	g30923
OG0009209	As008G195110, As010G244040	g32231
OG0009210	As008G195560	g30893
OG0009211	As008G195710	g49465
OG0009212	As008G195790	g49464
OG0009213	As008G196040	g30876
OG0009214	As008G196300	g30865
OG0009215	As008G196590	g30845
OG0009216	As008G197030	g26906
OG0009217	As008G197410	g49399
OG0009218	As008G197490	g30805
OG0009219	As008G197680	g30794
OG0009220	As008G197910, As008G198100	g49378
OG0009221	As008G198030	g30773
OG0009222	As008G198230	g49358
OG0009223	As008G198350	g49356
OG0009224	As008G198410	g49350
OG0009225	As008G198510	g30762
OG0009226	As008G198580	g49341
OG0009227	As008G198620	g26875
OG0009228	As008G198690	g30737
OG0009229	As008G199110	g49303
OG0009231	As008G199630	g30721
OG0009232	As009G199790	g45632, g5229
OG0009233	As009G199840	g5223
OG0009234	As009G200170	g5203
OG0009235	As009G200290	g45637
OG0009236	As009G200650	g45673
OG0009237	As009G200690	g29278
OG0009238	As009G200750	g5142
OG0009239	As009G200890	g5093, g29238
OG0009240	As009G201180	g45692
OG0009241	As009G201350	g5128
OG0009242	As009G201560	g29220
OG0009243	As009G202040	g5062
OG0009244	As009G202110	g45723
OG0009245	As009G202630	g29178
OG0009246	As009G202710	g45739
OG0009247	As009G202960	g5004
OG0009248	As009G203050	g5000
OG0009249	As009G203530	g4987, g3922, g4018, g3921
OG0009250	As009G204000	g29031
OG0009251	As009G204710	g29075, g4901
OG0009252	As009G204800	g29078
OG0009253	As009G205120	g4877
OG0009254	As009G205130	g29106, g4872
OG0009255	As009G206510	g10150
OG0009256	As009G207140	g10176
OG0009257	As009G207300, As009G207960	g4115, g4116, g22330, g35991
OG0009258	As009G207350	g10184
OG0009259	As009G207900	g10216
OG0009260	As009G208150	g10232
OG0009261	As009G208170	g5770, g5771, g10230
OG0009262	As009G210270	g45626, g29343
OG0009263	As009G210410	g45623
OG0009264	As009G210690	g45462, g29655
OG0009265	As009G210710	g29653
OG0009267	As009G211490	g5241, g45627
OG0009268	As009G211750	g29662
OG0009269	As009G211780	g5589
OG0009270	As009G212010	g50766, g13773, g5275
OG0009271	As009G212450	g29691, g45450
OG0009272	As009G212460	g5607
OG0009273	As009G212660	g29696
OG0009274	As009G212700	g29699
OG0009275	As009G212950	g45436, g5621
OG0009276	As009G213350	g29731
OG0009277	As009G213860	g29735
OG0009278	As009G213890	g29737
OG0009279	As009G214220	g29757
OG0009280	As009G214270	g29767, g5662
OG0009281	As009G215050	g10071
OG0009283	As009G215260	g604
OG0009284	As009G215360	g10058
OG0009285	As009G215430	g10049
OG0009286	As009G215500	g581
OG0009287	As009G215670	g578
OG0009288	As009G215690	g577, g10033
OG0009289	As009G215870	g10024
OG0009290	As009G215930	g551
OG0009291	As009G215990	g19135
OG0009292	As009G216000	g549
OG0009293	As009G216200	g10016, g10013
OG0009294	As009G216710	g511
OG0009295	As009G217070	g492
OG0009296	As009G217120	g9961, g488
OG0009297	As009G217170	g483
OG0009298	As009G217190	g9959
OG0009299	As009G217340	g465
OG0009300	As009G217800	g9920
OG0009301	As009G218320	g399
OG0009302	As009G218440	g390
OG0009303	As009G219260	g331
OG0009304	As009G219350, As010G223030	g19485
OG0009305	As009G219410	g51953
OG0009306	As009G219580	g1221
OG0009307	As009G219970	g1177
OG0009308	As010G220370	g19317
OG0009309	As010G220390	g2489
OG0009310	As010G220400	g11352
OG0009311	As010G220520	g2508
OG0009312	As010G220620	g19337, g2516
OG0009313	As010G220860	g19353
OG0009314	As010G220970	g2563
OG0009315	As010G221350	g19379
OG0009316	As010G221380	g11367
OG0009317	As010G221400	g2599, g19383
OG0009318	As010G221660	g2620
OG0009319	As010G222050	g2631
OG0009320	As010G222170	g2644
OG0009321	As010G222430	g2689
OG0009322	As010G222580	g2704
OG0009323	As010G222710	g19461
OG0009324	As010G222780, As010G222770	g19465, g19464
OG0009325	As010G223160	g19496
OG0009326	As010G223290	g2752, g19491
OG0009327	As010G223700	g11405, g11398
OG0009328	As010G226210	g19609
OG0009329	As010G226500	g11522, g19620
OG0009330	As010G226860	g23206
OG0009331	As010G227410	g10308
OG0009332	As010G228440	g41728
OG0009333	As010G230630	g44915
OG0009334	As010G231180	g41505
OG0009335	As010G231380	g44801
OG0009336	As010G231550	g44813
OG0009337	As010G232020	g44781
OG0009338	As010G232270	g44767
OG0009339	As010G232390	g45789
OG0009340	As010G232590	g45800
OG0009341	As010G232790	g40188
OG0009342	As010G232850	g44724
OG0009343	As010G232860	g45817
OG0009344	As010G233030	g44708
OG0009345	As010G233310	g45853, g44701
OG0009346	As010G233620	g44689
OG0009347	As010G234080	g44662
OG0009348	As010G234210	g44656, g45917
OG0009349	As010G234400	g44647
OG0009350	As010G234680	g45991
OG0009351	As010G234770	g45976
OG0009352	As010G235040	g45963
OG0009353	As010G235110	g45956
OG0009354	As010G235120	g45955
OG0009355	As010G235130	g18007
OG0009356	As010G235220	g46431
OG0009357	As010G236180	g46339
OG0009358	As010G236250	g46336
OG0009359	As010G236430	g44367
OG0009360	As010G236460	g6682, g11874
OG0009361	As010G236520	g44375
OG0009362	As010G236590	g44382, g46310
OG0009363	As010G237810	g46228
OG0009364	As010G238360	g46189
OG0009366	As010G238630	g44491
OG0009367	As010G239000	g46145
OG0009368	As010G239030	g46143, g44518
OG0009369	As010G239050	g44520
OG0009370	As010G239700	g46098
OG0009371	As010G240080	g46076
OG0009372	As010G240120	g31765
OG0009373	As010G240130	g44565
OG0009374	As010G240160	g44566
OG0009375	As010G240260	g44574
OG0009376	As010G240650	g28801
OG0009377	As010G240790	g44583, g46026
OG0009378	As010G241100	g46008
OG0009379	As010G241190	g44601
OG0009380	As010G241230	g46004
OG0009381	As010G241310	g44605
OG0009382	As010G241470	g45953, g44612
OG0009383	As010G241610	g18501
OG0009385	As010G241670	g46452
OG0009386	As010G241980	g46463, g44356
OG0009387	As010G242010	g46466
OG0009388	As010G242030	g44354
OG0009389	As010G242110	g46476
OG0009390	As010G242300	g44349, g46492
OG0009391	As010G242490	g46501
OG0009392	As010G243160	g44307
OG0009393	As010G243180	g46540
OG0009395	As010G243620	g44292, g46571
OG0009396	As010G243980	g46593
OG0009397	As010G244080	g44276
OG0009398	As010G244290	g46604
OG0009399	As010G244310	g46605
OG0009400	As010G244450	g39222
OG0009402	As011G244840	g7268
OG0009403	As011G244890	g7263
OG0009404	As011G244900	g7262
OG0009405	As011G245090	g12247, g7254
OG0009406	As011G245260	g13166
OG0009407	As011G245500	g7232
OG0009408	As011G245700	g7216
OG0009410	As011G246370	g12192
OG0009411	As011G246460	g12183
OG0009412	As011G246510	g12180, g7163
OG0009413	As011G246710	g12176, g13220
OG0009414	As011G246840	g12166
OG0009415	As011G246860	g7144
OG0009416	As011G247180	g7120
OG0009417	As011G247210	g7118, g12150
OG0009418	As011G247230	g7116
OG0009419	As011G247860	g7063, g13244
OG0009421	As011G248000	g7058
OG0009422	As011G248030	g7055
OG0009423	As011G248050	g7053
OG0009424	As011G248300	g13255
OG0009425	As011G248320	g12098
OG0009426	As011G248370	g17949
OG0009427	As011G249000	g6991
OG0009428	As011G249040	g6988
OG0009429	As011G249060	g6987
OG0009430	As011G249350	g13278
OG0009431	As011G249400	g6954
OG0009432	As012G276930, As011G249410	g6953
OG0009433	As011G249500	g25373
OG0009434	As011G249700, As012G273820	g12039
OG0009435	As011G250100	g6908
OG0009436	As011G250330	g12015
OG0009437	As011G250440	g12009
OG0009438	As011G250680	g13310
OG0009439	As011G250720	g13313
OG0009440	As011G251070	g6846
OG0009442	As011G251590	g13339
OG0009443	As011G251600	g6797
OG0009444	As011G252010	g13351
OG0009445	As011G252060	g6760
OG0009446	As011G252580	g6744
OG0009447	As011G252730	g36449
OG0009448	As011G252750	g6719, g25984, g13356
OG0009449	As011G252840	g6716
OG0009450	As011G253130	g11889
OG0009452	As011G253770	g6635
OG0009453	As011G254280	g11826
OG0009454	As011G254450	g13424
OG0009456	As011G255370	g6531, g13467
OG0009457	As011G255380	g6530
OG0009459	As011G259020	g41163
OG0009460	As011G259660	g6338
OG0009461	As011G259670	g6585
OG0009462	As011G260590	g6302
OG0009463	As011G260720	g6254
OG0009464	As011G260730	g6245
OG0009465	As011G260910	g14691
OG0009466	As011G262610	g29422
OG0009467	As011G262870	g13698
OG0009468	As011G262880	g13699
OG0009469	As011G262910	g6153
OG0009470	As011G262920	g13700
OG0009471	As011G264240	g13724, g14043
OG0009472	As011G264430	g14028
OG0009473	As011G264460	g14024, g6086
OG0009474	As011G264840	g13992
OG0009475	As011G265230	g6002
OG0009476	As011G265820	g5976
OG0009477	As011G266250	g5953, g13905
OG0009478	As011G266970	g5916
OG0009479	As011G266990	g5915, g13860
OG0009480	As011G267060	g13857
OG0009481	As011G267130	g13823
OG0009482	As011G267450	g13841
OG0009484	As012G268740	g36707
OG0009485	As012G268870	g36696
OG0009486	As012G269250	g27994
OG0009487	As012G269450	g54305
OG0009488	As012G269470	g36662
OG0009489	As012G269690	g35868
OG0009491	As012G270110	g36597
OG0009492	As012G270180	g28008
OG0009494	As012G271610	g36471
OG0009495	As012G271760	g36489
OG0009496	As012G272230	g54166
OG0009497	As012G272380	g28059
OG0009498	As012G272420	g28062, g36428
OG0009499	As012G272570	g5251
OG0009500	As012G272670	g54149
OG0009501	As012G272770	g28076
OG0009502	As012G272800	g54138
OG0009503	As012G273070	g18788
OG0009504	As012G273290	g54111
OG0009505	As012G273320	g54110
OG0009506	As012G273350	g36371
OG0009507	As012G275130	g51460
OG0009510	As012G275450	g2443
OG0009511	As012G275640	g2430
OG0009512	As012G275710	g2424
OG0009513	As012G276410	g2404
OG0009515	As012G276780	g2377
OG0009516	As012G277230	g2347
OG0009517	As012G277710	g2328
OG0009518	As012G278120	g19170
OG0009519	As012G278300	g11303
OG0009520	As012G278580	g11301
OG0009521	As012G279180, As012G279190	g2462
OG0009522	As012G279430	g12979
OG0009523	As012G279850	g36976
OG0009524	As012G280040	g19140
OG0009525	As012G280100	g19141
OG0009526	As012G280400	g51741
OG0009527	As012G280410	g19134
OG0009528	As012G280980	g2251
OG0009529	As012G281780	g2214
OG0009530	As012G282470	g2176
OG0009531	As012G282490	g2174
OG0009532	As012G282690	g11265
OG0009533	As012G282790	g19035
OG0009534	As012G283440	g19003
OG0009535	As012G283500	g19002, g2071
OG0009536	As012G283600	g36131, g19000
OG0009537	As012G284410	g18968
OG0009538	As012G284550	g18960
OG0009539	As012G284620	g2033
OG0009540	As012G285050	g18927
OG0009541	As012G285150	g2003, g18913
OG0009542	As012G285350	g2013
OG0009543	As012G285500	g2022
OG0009544	As012G286210	g497
OG0009545	As012G286640	g18816
OG0009546	As012G286650	g18809
OG0009547	As012G286810	g18800, g1896
OG0009548	As012G287120	g1878
OG0009549	As012G287300	g1872
OG0009550	As012G287320	g1871
OG0009551	As012G287580	g1836
OG0009553	As012G288350	g18691
OG0009554	As012G288980	g18763
OG0009555	As012G289080	g18771
OG0009556	As012G289170	g18776
OG0009557	As012G289460	g1888
OG0009558	As224G297350	g19989, g19782, g20911, g19734, g19776, g19687, g19728
OG0009635	As011G267520	g13842, g5887
OG0009636	As001G000990, As003G056310	g52221
OG0009637	As001G001220, As009G211040	g23473
OG0009639	As001G001670	g47708
OG0009640	As001G001770	g16995
OG0009641	As001G002120	g47730
OG0009642	As001G002360	g23411
OG0009643	As009G214200, As001G002400	g16981, g48901
OG0009644	As001G002840	g41416
OG0009645	As001G002950	g23378
OG0009646	As001G003310	g16964
OG0009647	As001G003360	g36265
OG0009648	As001G003970	g23310
OG0009649	As001G004990	g23268
OG0009650	As001G005880	g23235
OG0009651	As001G006070	g23239
OG0009652	As001G006750	g23203
OG0009653	As001G010190	g18159
OG0009654	As001G012040, As001G012030	g28898, g41369
OG0009655	As001G012270	g23157
OG0009656	As001G012360	g23154
OG0009657	As001G013740	g23139
OG0009658	As011G262930	g6152
OG0009659	As001G013920	g18206
OG0009660	As001G014760	g23039
OG0009661	As001G014840	g23033
OG0009662	As001G015030	g41351
OG0009663	As001G015490	g47911, g23018
OG0009664	As001G015670	g50571, g24905
OG0009665	As001G016100, As001G016130, As001G016150, As001G016080	g32531
OG0009668	As001G016450	g32548, g50618
OG0009669	As001G016810	g32608
OG0009670	As001G016890	g50634
OG0009671	As001G016980	g17521, g50648
OG0009672	As001G017070	g32630
OG0009673	As001G017110	g23928
OG0009674	As001G017130, As004G079770	g32632
OG0009675	As001G017170	g32633
OG0009676	As001G017180	g50659
OG0009677	As001G017200	g27786
OG0009678	As001G017420	g47191
OG0009679	As001G017450	g24306
OG0009680	As001G018100	g2667, g24356
OG0009681	As001G018310	g24363, g24372
OG0009682	As001G018940	g41121
OG0009683	As001G019220	g43998
OG0009684	As001G019250	g44005
OG0009685	As001G019270	g41092
OG0009686	As001G019540	g41076
OG0009687	As001G019710	g41061
OG0009688	As008G187290, As001G020180	g44096, g41047
OG0009689	As001G020190, As001G020200	g44094
OG0009690	As001G020470	g41187, g41202
OG0009691	As001G021370, As001G021300	g40984
OG0009693	As001G021930	g40939
OG0009694	As001G022310	g10817
OG0009695	As001G022480	g10804
OG0009696	As001G022500	g10802
OG0009697	As001G022550	g18964
OG0009698	As001G022560	g31568
OG0009699	As001G022610	g10796
OG0009700	As001G022760	g41113
OG0009701	As008G182830, As001G023290	g31535
OG0009702	As001G023360	g10727
OG0009703	As001G023870	g1526
OG0009704	As001G024330	g10655
OG0009705	As001G024390	g10650
OG0009706	As001G024410	g10648
OG0009707	As001G024720	g1572
OG0009708	As001G024730	g10620
OG0009709	As001G024980	g10598
OG0009710	As001G025370	g16640
OG0009711	As001G025460	g1594
OG0009712	As001G025650	g10549
OG0009713	As001G025660	g10548
OG0009714	As001G026360	g10489, g16560
OG0009715	As001G026600	g10465
OG0009716	As001G027450	g10391
OG0009717	As001G027470	g10383
OG0009718	As001G027540	g10381
OG0009719	As001G027780	g10359
OG0009720	As001G027960	g10339
OG0009721	As001G027970	g10337
OG0009722	As001G028070	g46726
OG0009723	As001G028330	g41797
OG0009724	As001G028340	g41798
OG0009725	As001G028740	g44976
OG0009726	As001G029100	g45027
OG0009727	As001G029130	g45039
OG0009729	As001G029460	g45084
OG0009730	As001G029470	g45086
OG0009731	As001G029660	g42004
OG0009732	As001G029700	g44898
OG0009733	As001G029770	g45126
OG0009734	As001G030310	g40741
OG0009735	As001G030340	g40747
OG0009736	As001G030500	g40763
OG0009737	As001G030590	g40774
OG0009738	As001G030870	g40815
OG0009739	As001G031020	g40803
OG0009740	As001G031310	g50758
OG0009740	As001G031150	g40793
OG0009741	As001G031560	g40853
OG0009742	As001G031710	g49836, g49831, g40867
OG0009743	As001G031730	g31389
OG0009744	As001G032270	g44214
OG0009745	As002G032450	g38530
OG0009746	As002G032570	g47562
OG0009747	As002G032640	g47569
OG0009748	As002G032950, As002G033130	g38156
OG0009749	As002G033160	g38155
OG0009750	As002G033590	g51960
OG0009751	As002G033610	g51958
OG0009752	As002G033630	g51956
OG0009753	As002G033650	g51954
OG0009754	As002G033690	g51952
OG0009755	As002G033700	g51951
OG0009756	As002G034150, As002G034120	g13029
OG0009757	As002G034470, As002G034560, As002G034630	g13058
OG0009758	As002G035300	g12383
OG0009759	As002G036030	g13102
OG0009760	As002G036650	g12339
OG0009762	As002G037130	g13115, g7387
OG0009763	As002G037850	g7346
OG0009764	As002G038830	g7318
OG0009765	As002G040280	g1502
OG0009767	As002G041820	g41154
OG0009768	As002G041860	g41155
OG0009769	As002G041980	g1409
OG0009770	As002G042120	g28253
OG0009771	As002G042740	g1351
OG0009772	As002G043120	g28320
OG0009773	As002G043130	g28321
OG0009774	As002G043360	g41162
OG0009775	As002G043400	g41164
OG0009776	As002G043420	g29335
OG0009777	As002G043720	g1319, g28351
OG0009778	As002G043920	g1301, g28359
OG0009779	As002G044040	g41208
OG0009780	As002G044130	g28364
OG0009781	As002G044180	g880
OG0009782	As002G044290	g28374, g41225
OG0009783	As002G044610	g41242
OG0009784	As002G044660	g41246
OG0009785	As002G044680	g41249
OG0009786	As002G044700	g41281
OG0009787	As002G044750	g41275, g913
OG0009788	As002G044800	g911
OG0009789	As002G045070	g41284
OG0009790	As002G045320	g28430
OG0009791	As002G045590	g28450
OG0009792	As002G045710	g28442
OG0009793	As002G045760	g933
OG0009794	As002G045840	g28440
OG0009795	As002G046060	g39428
OG0009796	As002G046380	g39406
OG0009797	As002G046480	g37054
OG0009798	As002G046850	g992, g39386
OG0009799	As002G046990	g39384, g39388
OG0009800	As002G047380	g39366
OG0009801	As002G047470	g39365
OG0009802	As002G047580	g39361
OG0009803	As002G048050	g1061
OG0009805	As002G048260	g28561
OG0009806	As002G048460	g28564
OG0009807	As002G048510	g28571
OG0009808	As002G048640	g1093
OG0009809	As002G049220	g1112
OG0009810	As002G049380	g28655
OG0009811	As002G049420	g1134
OG0009812	As002G049450	g1136
OG0009813	As002G049820	g28679
OG0009814	As002G049900	g28685
OG0009815	As002G049920	g39282
OG0009816	As002G050040	g2001
OG0009817	As002G050200	g28143
OG0009818	As002G050470	g5286
OG0009819	As002G050500	g29380, g45615
OG0009820	As002G050970	g5314
OG0009821	As002G050990	g5315, g29400
OG0009822	As002G051010	g5317
OG0009824	As002G051130	g29406
OG0009825	As002G051230	g29413
OG0009826	As002G051260	g5333
OG0009827	As002G051330	g5339
OG0009828	As002G051720	g29437
OG0009829	As002G051770	g5369
OG0009830	As002G052170	g29464
OG0009832	As002G052330	g5396, g45555
OG0009833	As002G052390	g5398
OG0009834	As002G052900, As002G052890	g29500
OG0009835	As002G053130	g5424
OG0009836	As002G053750	g29558
OG0009837	As002G053760	g238
OG0009838	As002G053960	g5467
OG0009839	As002G054340	g29582
OG0009840	As002G054480	g45500
OG0009842	As002G054900	g5525
OG0009843	As002G055110	g45485, g29614
OG0009844	As002G055280	g29626
OG0009845	As003G055690	g2733, g19505
OG0009846	As003G055840	g47212
OG0009847	As003G056160	g24234
OG0009849	As003G056730	g24191
OG0009850	As003G056890	g47273
OG0009851	As003G057180	g17465
OG0009852	As003G057380	g24154
OG0009853	As003G057640	g24141
OG0009854	As003G057760	g17429
OG0009855	As003G058110	g24085
OG0009856	As003G059000	g24035
OG0009857	As003G059080	g24032
OG0009858	As003G059810	g47400
OG0009859	As003G059980	g17317
OG0009860	As003G061010	g23919
OG0009861	As003G061030	g23917
OG0009862	As003G061410	g23898
OG0009864	As003G061550, As003G061530, As003G061540	g23895
OG0009865	As003G062180	g47487, g23850
OG0009866	As003G062290	g50662
OG0009867	As003G063000	g27804
OG0009868	As003G063240	g32742, g50739
OG0009869	As003G063330	g32766
OG0009870	As003G063340	g50747
OG0009871	As003G063380	g27852
OG0009872	As003G063940	g32973
OG0009873	As003G064790	g53740
OG0009874	As003G065500	g36246, g54005
OG0009875	As003G066330	g11667
OG0009876	As003G066780	g36227
OG0009877	As003G068460	g32320
OG0009878	As003G069330, As008G190140	g32358
OG0009879	As003G069930	g50504
OG0009880	As003G070130	g32408
OG0009881	As003G070150	g27688, g32410
OG0009882	As003G070330	g27691
OG0009883	As003G070470	g32429, g27693
OG0009884	As003G070480	g32430
OG0009885	As003G070790	g32451
OG0009886	As003G070840	g27698
OG0009887	As003G070860	g32457
OG0009888	As003G071070	g27703
OG0009890	As003G071540	g50567
OG0009891	As003G071690	g23004
OG0009892	As003G071730	g23000
OG0009893	As003G072440	g22948
OG0009894	As003G072550	g22933
OG0009895	As003G072880	g22911
OG0009896	As003G072900	g22909
OG0009897	As003G072980	g22900
OG0009898	As003G073060	g22892
OG0009899	As003G073220	g22882
OG0009900	As003G073240	g22879
OG0009901	As007G179610	g36912
OG0009902	As003G073540	g22844
OG0009903	As003G073680, As007G179700	g50943
OG0009904	As003G073760	g22829
OG0009905	As003G073880	g47993
OG0009906	As003G074070	g22809
OG0009907	As003G074140	g22802
OG0009909	As003G074390	g22791
OG0009910	As003G074440	g52912, g18295, g52911
OG0009911	As003G074700	g22764
OG0009912	As003G074970	g22733
OG0009913	As003G075040	g22724
OG0009914	As003G075460	g22705
OG0009915	As003G075810	g18312
OG0009916	As003G075910	g18321
OG0009917	As003G076650	g18384
OG0009918	As004G076730	g47433, g46857
OG0009919	As004G076780	g17919, g46929
OG0009920	As004G077800	g46741
OG0009921	As004G078320	g46702
OG0009922	As004G078370	g46700
OG0009923	As004G078480	g46690
OG0009924	As004G078770	g51494
OG0009925	As004G079050	g38006
OG0009926	As004G079100	g40963
OG0009927	As004G079280	g1867
OG0009928	As004G079450	g51527
OG0009929	As004G079460	g51526
OG0009930	As004G079540	g51519, g37136
OG0009932	As004G079690	g38000
OG0009934	As004G080050	g40271
OG0009935	As004G080200	g40262
OG0009936	As004G080940	g38331
OG0009937	As004G081200	g51423, g37089
OG0009938	As004G081590	g51382
OG0009939	As004G081680	g51370
OG0009940	As004G081700	g51368
OG0009941	As004G082390	g37026
OG0009942	As004G082500	g37015
OG0009943	As004G082940	g37137
OG0009944	As004G083330	g25839
OG0009945	As004G083400	g40291
OG0009946	As004G083450	g40295
OG0009947	As004G083860	g40321
OG0009948	As004G083900	g40327
OG0009949	As004G084720	g40382
OG0009950	As004G084790	g25675
OG0009951	As004G085280	g40410
OG0009952	As004G085560	g40430
OG0009953	As004G085620	g40435, g16067, g25593
OG0009954	As004G085720	g40445, g25585
OG0009955	As004G085740	g40447
OG0009956	As004G085750	g40448
OG0009957	As004G086110	g40461
OG0009958	As004G086680	g40492
OG0009959	As004G087640	g40538
OG0009960	As004G087760	g10997
OG0009961	As004G087880	g10985
OG0009962	As004G087890	g10984
OG0009963	As004G088530	g40602
OG0009964	As004G088870	g40627
OG0009965	As004G089030	g40635
OG0009967	As004G089600	g40672, g10908
OG0009968	As004G090120, As005G098720	g37770
OG0009969	As004G090320	g10851, g40717
OG0009970	As004G090670	g40719
OG0009971	As004G091000	g40706, g10865
OG0009972	As004G092850	g46940
OG0009973	As011G255290, As004G093540	g6538
OG0009974	As004G093580	g18267
OG0009975	As004G093990	g24705
OG0009976	As004G094060	g2304
OG0009977	As004G094460	g47004
OG0009978	As004G094580	g47009
OG0009979	As004G095220	g47039
OG0009980	As004G095710	g24522
OG0009981	As004G095890	g47077
OG0009982	As004G096640	g6665
OG0009983	As004G096780	g43419, g43418
OG0009984	As004G096790	g16872, g16873
OG0009985	As004G096800	g16871
OG0009986	As004G096980	g16850
OG0009987	As004G097010, As004G097000	g4318
OG0009988	As004G097220	g37301
OG0009989	As004G097960	g16787
OG0009990	As004G098140	g50169
OG0009991	As004G098340	g16765
OG0009992	As005G098590	g40274
OG0009993	As005G098670	g37771
OG0009994	As005G099250	g37745
OG0009995	As005G099550	g50824
OG0009996	As005G099590	g50822
OG0009997	As005G100260	g37695
OG0009998	As005G100280	g37688
OG0009999	As005G100360	g50792
OG0010000	As009G210800, As005G100840	g37651
OG0010001	As005G100870	g37650
OG0010002	As005G101290	g52278
OG0010003	As005G101640	g52254
OG0010004	As005G101770	g37606
OG0010005	As005G101870	g52224
OG0010006	As005G101880	g52225
OG0010007	As005G102230	g52208, g38239, g976
OG0010008	As005G102250	g52198
OG0010009	As005G103180, As011G267580	g13838
OG0010010	As005G103230	g52146
OG0010011	As005G103440	g52130
OG0010012	As005G103460	g52129
OG0010013	As005G103590	g52126
OG0010015	As005G104190	g52106
OG0010016	As005G104230	g38203
OG0010017	As005G104250	g52095
OG0010018	As005G104280	g52093
OG0010019	As005G105100	g52027
OG0010020	As005G105130	g52031, g37435
OG0010021	As005G105320	g18979
OG0010022	As005G105500	g37411
OG0010023	As005G105750, As005G105730, As005G105760	g38168
OG0010024	As005G106010	g37394
OG0010025	As005G106120	g51996
OG0010026	As005G107200	g5798
OG0010027	As005G107210	g5797
OG0010028	As005G107460	g5790
OG0010029	As005G107630	g45329
OG0010030	As005G107720	g45337
OG0010031	As005G107830	g5766
OG0010033	As005G108220	g29836
OG0010034	As005G108260	g5738
OG0010035	As005G108290	g5734
OG0010036	As005G108390	g5725
OG0010037	As005G108410	g5724
OG0010038	As005G108840	g29811
OG0010039	As005G108910	g45376
OG0010040	As005G109900	g29110
OG0010041	As005G110190	g657
OG0010042	As005G110390	g29123
OG0010043	As005G110520	g703
OG0010045	As005G110780	g711
OG0010046	As005G110960	g28946
OG0010047	As005G111720	g28932
OG0010048	As005G111760	g28931, g41402
OG0010049	As009G201830, As005G111840	g5072, g29206
OG0010050	As005G112170	g734
OG0010051	As005G112340	g41386
OG0010052	As005G112580	g748, g28906
OG0010053	As005G112610	g755
OG0010054	As005G112820	g16809
OG0010055	As005G113540	g41353
OG0010056	As005G113960	g28849
OG0010057	As005G114140, As008G189680, As005G114150	g843, g28828
OG0010058	As005G114240	g41327
OG0010059	As005G114560	g861
OG0010060	As005G115470	g1276
OG0010061	As005G115770	g27644
OG0010062	As005G115940	g28710, g1228
OG0010063	As005G116160	g312
OG0010064	As005G116230	g9819
OG0010065	As005G116250	g305
OG0010066	As005G116290	g302
OG0010067	As005G116320	g1028
OG0010068	As005G116900	g13707
OG0010069	As005G117140	g9781
OG0010070	As005G117290	g9774
OG0010071	As005G117370	g236
OG0010072	As005G117970	g18662, g200
OG0010073	As005G118200	g178, g9725
OG0010074	As005G118220	g176
OG0010075	As005G118710	g9700
OG0010076	As005G118740	g140, g9698
OG0010077	As005G119450	g72
OG0010078	As005G119630	g61
OG0010079	As005G119670	g59
OG0010080	As005G119690	g54
OG0010081	As005G119700	g9661
OG0010082	As005G119900	g41, g19652
OG0010083	As005G120330	g26
OG0010084	As005G120410	g19642
OG0010085	As005G120820	g2476, g19313
OG0010086	As005G120890	g24055
OG0010087	As006G121090	g25339
OG0010089	As006G121360	g45271
OG0010090	As007G154480	g31767
OG0010091	As006G121880	g39482
OG0010092	As006G122400	g25415, g25418, g45221
OG0010093	As006G122670	g25433
OG0010094	As006G122990	g39547
OG0010095	As006G123020	g39549
OG0010096	As006G123150	g45233
OG0010097	As006G123370	g25471, g39591
OG0010098	As006G123510	g25479
OG0010099	As006G123890	g25501
OG0010100	As006G123960	g39636
OG0010101	As006G124000	g25511
OG0010102	As006G124030	g39639, g26907
OG0010103	As006G124060	g39643, g45192
OG0010104	As006G124240	g39668
OG0010105	As006G124920	g11102
OG0010106	As006G125320	g51351
OG0010107	As006G125400	g51342
OG0010109	As006G126220	g51305, g35972
OG0010110	As006G126790	g51278
OG0010111	As006G126950	g37915
OG0010112	As006G127450	g39858
OG0010113	As006G127610	g51233, g39873
OG0010114	As006G127890	g39895
OG0010115	As006G128130	g39916
OG0010116	As006G128510	g39957
OG0010118	As006G129220	g40013
OG0010119	As006G129640	g39976
OG0010120	As006G129820	g51077, g40034
OG0010121	As006G130000	g40059
OG0010122	As006G130020	g40063
OG0010123	As006G130080	g40067
OG0010124	As006G130280	g40084
OG0010125	As006G130290	g40085
OG0010126	As006G130300	g40086
OG0010127	As006G130850	g40116
OG0010128	As006G131100	g40158
OG0010129	As006G131220	g40178
OG0010130	As006G131260	g40185
OG0010131	As006G131710	g38288
OG0010132	As006G132330	g23634
OG0010133	As006G133360	g12721
OG0010134	As006G141930, As006G133720	g7546
OG0010135	As006G133850	g3249
OG0010136	As006G134020	g37389
OG0010137	As006G134060	g37387
OG0010138	As006G134100	g23703
OG0010139	As006G134140	g17131
OG0010140	As006G134790	g12703
OG0010141	As006G135810	g7856
OG0010142	As006G136220	g12655
OG0010143	As006G136240	g12653
OG0010144	As006G136670	g7818
OG0010145	As006G136730	g12781
OG0010146	As009G203880, As009G209970	g7812
OG0010147	As006G136950	g12620
OG0010148	As006G137520	g7778, g7769
OG0010149	As006G137670	g7762
OG0010150	As006G138000	g12822
OG0010151	As006G139110	g12533
OG0010152	As006G140310	g12938
OG0010153	As006G140320	g7630
OG0010154	As006G140560	g7620
OG0010155	As006G140620	g7615, g7324
OG0010156	As006G140770	g12456
OG0010157	As006G141510	g12982
OG0010158	As006G141710	g12425
OG0010159	As009G218570, As006G141740	g9874, g382
OG0010160	As006G142020	g13000
OG0010161	As006G143000	g51841
OG0010162	As006G143190	g51820
OG0010163	As006G143220	g51813, g37335
OG0010164	As006G143560	g51778
OG0010165	As006G143680, As006G143700	g2252
OG0010166	As006G144090, As006G144100	g51748
OG0010167	As006G144320	g37293
OG0010169	As006G145200	g38045
OG0010170	As006G145400	g51608
OG0010171	As006G145760	g38062
OG0010172	As006G145770	g37197
OG0010173	As006G145920	g38069
OG0010174	As006G146840	g51670, g51669
OG0010175	As006G147430, As006G147420	g51703
OG0010176	As006G147710	g51693
OG0010177	As006G147860	g53816, g8559, g14878, g48050, g30477, g35647, g8575, g12168, g16595, g16763, g32987, g36345, g27730, g36020, g40660, g25816, g25852, g30409, g48051
OG0010178	As006G148550	g26986
OG0010179	As006G148870	g38103
OG0010181	As007G152090	g27305, g31603
OG0010182	As007G153220	g31666
OG0010183	As007G153980	g50007, g31715
OG0010184	As007G154120	g50014
OG0010185	As007G154460	g41411
OG0010186	As007G154670	g31751
OG0010187	As007G155120	g31798
OG0010188	As007G155180	g31805
OG0010189	As007G155600	g31829
OG0010190	As007G155780	g50086
OG0010191	As007G155840	g31859
OG0010192	As007G156140	g50112
OG0010193	As007G156180	g31891
OG0010194	As007G156190	g27447
OG0010195	As007G156200	g31892
OG0010196	As007G156260	g50116
OG0010197	As007G156610	g50141
OG0010198	As007G156820	g27468
OG0010199	As007G156830	g27469
OG0010200	As007G156890	g27474
OG0010201	As007G157090	g31964
OG0010203	As007G157720	g27492
OG0010204	As007G158010	g14076
OG0010205	As007G158690	g27526
OG0010206	As010G234280	g27535
OG0010207	As007G159060	g50264
OG0010209	As007G159380	g50281
OG0010210	As007G159500, As010G233410	g45860
OG0010212	As007G160350	g32128
OG0010213	As007G160650	g50361, g32152
OG0010214	As007G160860	g44772
OG0010215	As007G160870	g32165
OG0010216	As007G161100	g32188
OG0010217	As007G161200	g32192
OG0010218	As007G161450	g41569
OG0010219	As007G161550	g32222, g50391
OG0010220	As007G161760	g32244
OG0010221	As007G161770	g32245
OG0010222	As007G162070	g27626
OG0010223	As007G163130	g17203
OG0010224	As007G164330	g23800
OG0010225	As007G164340	g17182
OG0010226	As007G164470	g23787
OG0010227	As007G164490	g23786
OG0010228	As007G165860	g17156
OG0010229	As007G166590	g38333
OG0010230	As007G177810	g38369
OG0010231	As007G177980	g38371, g38375, g38379
OG0010232	As007G178400, As007G178410	g50976
OG0010233	As007G178510	g50973
OG0010234	As011G259790	g42712
OG0010234	As007G178860	g4162
OG0010234	As007G178850, As009G210030	g39184, g40698, g36149, g43130, g47025, g32216
OG0010234	As009G210040	g52353
OG0010235	As007G179160	g50960
OG0010236	As007G179180	g5010, g38422
OG0010237	As007G179190	g36900
OG0010239	As007G179850	g50905
OG0010240	As007G180740	g38523, g50878
OG0010241	As007G181900	g50854
OG0010242	As008G182310	g31576
OG0010243	As008G182390	g27288
OG0010244	As008G182700	g49919
OG0010245	As008G182980	g49905, g31528
OG0010246	As008G183250	g31513
OG0010247	As008G183470	g49900, g27251, g31485
OG0010248	As008G184010	g31451
OG0010249	As008G184020	g27221
OG0010250	As008G184160	g31436
OG0010251	As008G184890	g31377
OG0010252	As008G186150	g27151
OG0010253	As008G186370	g49768
OG0010254	As008G186570	g31295
OG0010255	As008G186650	g31284
OG0010256	As008G186940	g49735
OG0010257	As008G187130	g49730, g31251
OG0010258	As008G188220	g49623
OG0010259	As008G188320	g31182
OG0010260	As008G188900	g31161
OG0010261	As008G189060	g27059
OG0010262	As008G189460	g31139
OG0010263	As008G192180	g49574
OG0010264	As008G193330	g31025
OG0010265	As008G193660	g31001
OG0010266	As008G194440	g43231
OG0010267	As008G194480	g30952
OG0010268	As008G194850	g49499
OG0010269	As008G194880	g30930
OG0010270	As008G195170	g49488
OG0010271	As008G195180	g30915
OG0010272	As008G195690	g30900
OG0010273	As008G195780	g30902
OG0010274	As008G196080	g30873
OG0010275	As008G196250	g30867
OG0010276	As008G196610	g49440
OG0010277	As008G196660	g49437
OG0010278	As008G196840	g26918
OG0010279	As008G196970	g30840
OG0010280	As008G197090	g49432
OG0010281	As008G197160	g30815
OG0010282	As008G197510	g30803
OG0010283	As008G197840	g30780
OG0010284	As008G197990	g49368
OG0010285	As008G198040	g49376
OG0010286	As008G198830	g49322
OG0010287	As009G199780	g29328
OG0010288	As009G200140	g5201, g29315
OG0010289	As009G200470	g5169
OG0010290	As009G200920	g29239
OG0010291	As009G201090	g29245
OG0010292	As009G202450	g5043, g45734
OG0010293	As009G202650	g45738
OG0010294	As009G202660	g5028
OG0010295	As009G202700	g5021
OG0010296	As009G203110	g4999
OG0010297	As009G203190	g29143
OG0010298	As009G203600	g4985
OG0010299	As009G204090	g12616
OG0010300	As009G204190	g41475
OG0010301	As009G204840	g4896, g29081
OG0010302	As009G205100	g29101
OG0010303	As009G206800	g23187
OG0010304	As009G206900	g4715
OG0010305	As009G206990	g10165
OG0010306	As009G207050	g10168
OG0010307	As009G207130	g10175
OG0010308	As009G207160	g10177
OG0010309	As009G207540	g10191
OG0010310	As009G207570	g10193
OG0010311	As009G207930	g10213
OG0010312	As009G208070	g4639
OG0010313	As009G209680	g10256
OG0010314	As009G209820	g7595, g12444
OG0010315	As009G210240	g5256
OG0010316	As009G211290	g45468
OG0010317	As009G211940	g53940, g53981
OG0010318	As009G212200	g29678
OG0010319	As009G212230	g29681, g5597
OG0010320	As009G212390	g29687
OG0010321	As009G213000	g29710
OG0010322	As009G213070	g29719
OG0010325	As009G213670	g5643
OG0010326	As009G213790	g5644
OG0010327	As009G213900	g29738
OG0010328	As009G213910	g29739
OG0010329	As009G214180	g5652
OG0010330	As009G214210	g45409, g5650
OG0010331	As009G214960	g622
OG0010332	As009G215490	g583
OG0010334	As009G216250	g10017
OG0010335	As009G216290	g18568
OG0010337	As009G216600	g514
OG0010338	As009G216770	g508
OG0010339	As009G217020	g9973
OG0010340	As009G217450	g458
OG0010341	As009G217620	g3987, g9940
OG0010342	As009G218050	g421
OG0010343	As009G218180	g415
OG0010344	As009G218720	g368
OG0010345	As009G218910	g358, g9857
OG0010346	As009G218960	g355
OG0010347	As009G219130	g338
OG0010348	As009G220110	g28696
OG0010349	As010G220270	g2477
OG0010350	As010G220590	g2513
OG0010351	As010G220720	g2541
OG0010352	As010G220730	g19343, g2543
OG0010353	As010G221070	g19362
OG0010354	As010G221620	g2618
OG0010355	As010G222140	g11385
OG0010356	As010G222200	g2647
OG0010357	As010G222520	g19426
OG0010358	As010G222600	g19422
OG0010359	As010G222690	g2708
OG0010360	As010G222910	g19470, g2727
OG0010361	As010G223180	g2758
OG0010362	As010G223370	g2746
OG0010363	As010G224960	g11437
OG0010364	As010G225750	g11447, g3062
OG0010365	As010G226040	g3118, g19603
OG0010366	As010G226070	g3131
OG0010367	As010G226440	g3435
OG0010368	As010G226480	g19613
OG0010370	As010G227710	g41628
OG0010371	As010G228320	g41685
OG0010372	As010G229630	g13637
OG0010373	As010G230030	g44870
OG0010374	As010G231170	g44826
OG0010375	As010G231280	g13636
OG0010376	As010G231480	g44803
OG0010377	As010G231560	g13635
OG0010378	As010G231840	g44783, g45768, g36533
OG0010380	As010G232230	g44773
OG0010382	As010G233210	g45836
OG0010383	As010G233960	g45896
OG0010384	As010G234110	g45911
OG0010385	As010G234550	g44638, g45944
OG0010386	As010G235080, As010G234880	g44617
OG0010387	As010G235160	g46437
OG0010388	As010G235420	g46406
OG0010389	As010G235630	g17959
OG0010390	As010G235810	g46376
OG0010391	As010G236050	g46352
OG0010392	As010G236200	g19307
OG0010393	As010G236290	g46327
OG0010394	As010G236350	g46322
OG0010395	As010G237610	g50119, g27450
OG0010396	As010G238400	g46186
OG0010398	As010G239410	g44547
OG0010399	As010G239670	g46101
OG0010400	As010G239720	g46096
OG0010401	As010G239960	g46081
OG0010402	As010G240110	g46068, g44564
OG0010404	As010G240690	g44580
OG0010405	As010G240830	g46025
OG0010406	As010G240860	g44590
OG0010407	As010G240880	g46024
OG0010408	As010G241420	g44610
OG0010409	As010G242470	g46500, g44337
OG0010410	As010G242770	g13605
OG0010411	As010G243110	g13602
OG0010413	As010G243520	g46564
OG0010414	As010G243700	g44290
OG0010415	As010G244030	g44277
OG0010417	As010G244370	g39377
OG0010419	As011G245160	g12243
OG0010420	As011G245580	g12235
OG0010421	As011G246380	g12191
OG0010423	As011G246540	g12178
OG0010425	As011G246930	g12162, g7143
OG0010426	As011G247110	g701
OG0010427	As011G247360	g7105
OG0010429	As011G247710	g12134
OG0010430	As011G247840	g12115
OG0010431	As011G248540	g7015
OG0010432	As012G274470, As011G249050	g24400
OG0010434	As011G249660	g6931
OG0010435	As011G249970	g12029
OG0010436	As011G250340	g13305
OG0010437	As011G250410	g6882
OG0010438	As011G250450	g6880, g12008
OG0010439	As011G250590	g12005
OG0010440	As011G250730	g6861
OG0010441	As011G250910	g13324
OG0010442	As011G251060	g6847
OG0010443	As011G251090	g11980, g6845
OG0010444	As011G251170	g6834
OG0010445	As011G251180, As012G272830	g28077
OG0010446	As011G251720	g6781
OG0010447	As011G251770	g6780
OG0010448	As011G251930	g6774
OG0010449	As011G251940	g6773, g11947
OG0010450	As012G272190, As011G252150	g36444
OG0010451	As011G252440	g11933
OG0010452	As011G252450	g11925
OG0010453	As011G252460	g6753
OG0010454	As011G252510	g6749
OG0010455	As011G252520	g6748
OG0010456	As011G252710	g6724
OG0010457	As011G252820	g11907
OG0010459	As011G252930	g6711, g6717
OG0010460	As011G253210	g6692
OG0010461	As011G253460	g11867
OG0010462	As011G253830	g6628
OG0010463	As011G253970	g13401
OG0010464	As011G254000	g11847
OG0010465	As011G254080	g6597
OG0010466	As011G254700	g11804
OG0010467	As011G254860, As011G256360	g6458
OG0010468	As011G254880	g11780
OG0010469	As011G254900	g13447
OG0010470	As011G254960	g6556
OG0010471	As011G255070	g6549, g11766
OG0010472	As011G255190	g6544
OG0010473	As011G255410	g13470
OG0010474	As011G255920	g6491
OG0010475	As011G255980	g11735
OG0010476	As011G256370	g13494
OG0010477	As011G258600	g6392
OG0010478	As011G259860	g6333
OG0010479	As011G262350	g14345
OG0010480	As011G262770	g14257, g14260
OG0010481	As011G263020	g6147
OG0010482	As011G263050	g13703
OG0010483	As011G263380	g39572, g6387
OG0010484	As011G263730	g14060
OG0010485	As011G263750	g6120
OG0010486	As011G263880	g14050
OG0010487	As011G264270	g14041
OG0010488	As011G265340	g6008
OG0010489	As011G266240	g13906
OG0010490	As011G266260	g13805
OG0010491	As011G266390	g13901
OG0010492	As011G266480	g13895
OG0010493	As011G266560	g13874
OG0010494	As011G266710	g5935
OG0010495	As011G266730	g23513
OG0010496	As011G266780	g5929
OG0010497	As011G267070	g5909
OG0010499	As011G267220	g5901
OG0010501	As012G267800	g54385
OG0010502	As012G268210	g36726
OG0010503	As012G268910	g24798
OG0010504	As012G271400	g36514
OG0010505	As012G271570	g2470
OG0010506	As012G271620	g36164
OG0010507	As012G271800	g28040
OG0010508	As012G271940	g54198
OG0010509	As012G272110	g28053
OG0010510	As012G272140	g28055
OG0010511	As012G272270	g36439, g54165
OG0010512	As012G272810	g54136
OG0010513	As012G273160	g28095
OG0010514	As012G273250	g28083
OG0010515	As012G273640	g54084
OG0010516	As012G273790	g54076
OG0010517	As012G274010	g54047, g28108
OG0010519	As012G274830	g47118
OG0010520	As012G275260	g37095, g37076
OG0010521	As012G275310	g37079
OG0010522	As012G275550	g2437
OG0010523	As012G275600	g19279
OG0010524	As012G275620	g2432
OG0010525	As012G275810	g19272
OG0010526	As012G275830	g2417
OG0010527	As012G275990	g2412
OG0010528	As012G276450	g19216
OG0010530	As012G276480	g685
OG0010531	As012G276520	g2391
OG0010533	As012G276690	g2381
OG0010534	As012G276700	g2370
OG0010535	As012G277240	g19194, g11309
OG0010536	As012G277300	g2341
OG0010537	As012G277980	g19172
OG0010539	As012G279860	g2293
OG0010540	As012G280320	g19146
OG0010541	As012G280550	g2266
OG0010543	As012G281330	g2236
OG0010544	As012G281570	g2231
OG0010545	As012G282160	g19069
OG0010546	As012G283300	g2061, g19007
OG0010547	As012G283310	g2062
OG0010548	As012G283380	g19004
OG0010549	As012G284820	g1982
OG0010550	As012G284830	g1983, g18946
OG0010551	As012G285010	g11206
OG0010552	As012G285130	g18914
OG0010553	As012G285560	g2294, g19156
OG0010554	As012G285680	g18880
OG0010555	As012G285750	g1965
OG0010556	As012G286390	g18820
OG0010557	As012G286710	g18806
OG0010558	As012G287180	g18689
OG0010559	As012G287230, As012G287210	g1873
OG0010560	As012G287350	g1870
OG0010562	As012G287500	g1844
OG0010563	As012G287830	g11161
OG0010564	As012G287880	g1802
OG0010565	As012G287890	g1796
OG0010566	As012G287920	g1794
OG0010567	As012G288380	g18796
OG0010568	As012G288770	g18744
OG0010570	As012G289050	g18768
OG0010571	As012G289120	g18773
OG0010660	As001G000090	g17055
OG0010661	As001G000220	g47662
OG0010662	As001G000530	g23539
OG0010663	As001G001190	g23475
OG0010664	As001G002270	g23420
OG0010665	As001G002820	g23380
OG0010666	As001G003090	g18381
OG0010667	As001G003290	g47764, g23356
OG0010668	As001G003470	g23343
OG0010670	As001G004030	g47791
OG0010671	As001G004580	g23286
OG0010672	As001G005310	g23254
OG0010673	As001G006390	g47822
OG0010674	As001G006700	g23199
OG0010675	As001G006780	g47834, g23208
OG0010676	As001G011020, As001G011010, As005G113230	g785
OG0010677	As001G012520	g18184
OG0010678	As006G146350, As001G012560	g51648
OG0010679	As001G013490, As011G262690	g18200
OG0010680	As001G013650	g18194
OG0010681	As001G013830	g23096
OG0010682	As001G014630	g41727
OG0010683	As001G014640	g47898
OG0010684	As001G015020	g47908
OG0010685	As001G015060	g29336
OG0010686	As001G016230	g32533
OG0010687	As001G016540	g32554
OG0010688	As001G017250	g17557
OG0010689	As004G079940, As001G017320	g24302
OG0010690	As001G017360	g47195
OG0010691	As001G017850, As004G083050	g17575, g24332
OG0010692	As001G017900	g17577
OG0010694	As001G018040	g17582, g24349
OG0010695	As001G018110	g24357
OG0010696	As001G018170	g17588
OG0010697	As001G018900	g41122
OG0010698	As001G018920	g19021
OG0010699	As001G018960	g43970
OG0010700	As001G019180	g41095
OG0010701	As001G019260	g41093
OG0010703	As001G019620	g24716
OG0010704	As001G019860, As001G019820	g44048
OG0010706	As001G020300	g44084
OG0010707	As001G020370	g41037, g41039
OG0010708	As001G020400	g41043
OG0010709	As001G020430	g44103
OG0010710	As001G020490	g41036
OG0010711	As001G020580	g41031
OG0010712	As001G020590	g44111
OG0010713	As001G020630	g41027
OG0010714	As001G020740	g41025
OG0010716	As001G021130	g40998
OG0010717	As001G021410	g40982
OG0010718	As001G021580	g44157
OG0010719	As001G021820	g44188
OG0010720	As001G021910	g44196
OG0010721	As001G022020	g40935
OG0010722	As001G022270	g10822
OG0010723	As001G022910	g10763
OG0010724	As001G023350	g10728
OG0010725	As001G023480	g16704
OG0010726	As001G023530	g10710, g10714
OG0010727	As001G023590	g10705
OG0010728	As001G023640	g10699
OG0010729	As001G023710	g10693
OG0010730	As001G024040	g10665
OG0010731	As001G024680	g1564
OG0010732	As008G184050, As001G024940	g31453
OG0010733	As001G025050	g10591
OG0010734	As001G025130, As008G184140	g49870
OG0010735	As001G025150	g10585
OG0010736	As001G025240	g10578
OG0010737	As001G025290	g1588
OG0010738	As001G026530	g10475
OG0010739	As001G026580	g10467
OG0010740	As001G026860	g10442
OG0010741	As001G026960	g10431
OG0010742	As001G027990	g10335
OG0010743	As001G028710	g18050
OG0010744	As001G029450	g45083
OG0010745	As001G029820	g45128
OG0010746	As001G029890	g12795
OG0010747	As004G076740	g17890
OG0010748	As001G030180	g40732
OG0010749	As001G030200	g40735
OG0010750	As001G030350	g40748
OG0010752	As001G030550	g40767
OG0010753	As001G030630	g40777
OG0010754	As004G098100, As001G030760	g40821
OG0010755	As001G031000	g40804
OG0010756	As001G031170, As004G097930	g40792
OG0010757	As001G031830	g44240
OG0010758	As002G032440	g12278
OG0010759	As002G032850	g23711
OG0010760	As002G033120, As002G032940	g51980
OG0010761	As002G033420	g37374
OG0010762	As002G033450	g37376
OG0010763	As002G033840	g51924
OG0010764	As002G033890	g13013
OG0010765	As002G033970	g13020
OG0010766	As006G148740, As002G034280	g7493
OG0010767	As002G035340	g13071
OG0010768	As002G035440	g7444
OG0010769	As002G035450	g7443
OG0010770	As004G087000, As002G035720	g47337
OG0010772	As002G036410	g22915
OG0010773	As002G036640	g7397
OG0010774	As002G037340	g47838
OG0010775	As002G037350	g7375
OG0010776	As002G037920	g12301
OG0010777	As002G038520	g7332
OG0010779	As002G038780	g7320
OG0010780	As002G038940	g7313
OG0010781	As002G038960	g7312
OG0010782	As002G039490	g41148
OG0010783	As002G040450, As002G040440, As002G040460, As002G040070	g1475
OG0010784	As002G040150	g1481
OG0010785	As002G040590	g1461
OG0010786	As002G042010	g28262
OG0010787	As002G042070	g28250, g26853
OG0010788	As002G042190	g1405
OG0010789	As002G042250	g28306, g28267
OG0010790	As002G042460	g28288
OG0010791	As002G042790	g1345, g23799
OG0010792	As002G043190	g1340, g28323
OG0010794	As002G043430	g1331
OG0010795	As002G043570	g41172
OG0010796	As002G043770	g1316
OG0010797	As002G044070	g872
OG0010798	As007G166130	g28416
OG0010798	As002G044730	g41278
OG0010799	As002G044860	g28407
OG0010800	As002G045210	g41288
OG0010801	As002G045390	g28436, g35041, g35317
OG0010802	As002G045420, As002G045880	g39432
OG0010803	As002G045570	g28445
OG0010804	As002G045800	g931
OG0010805	As002G046450	g971
OG0010806	As002G046550	g23656
OG0010808	As002G047310	g28516
OG0010809	As002G047530	g1031
OG0010810	As002G047710	g1040
OG0010811	As002G047970	g1057
OG0010812	As002G048730	g39327
OG0010813	As002G048880	g1099
OG0010814	As002G048930	g39317, g39322, g28626
OG0010815	As002G049260	g1116
OG0010816	As002G049510	g28662
OG0010817	As002G049800	g28677
OG0010818	As002G050520	g5291
OG0010819	As002G050850	g29396
OG0010820	As002G051170	g5327
OG0010821	As002G051400	g5345
OG0010822	As002G051520	g45574
OG0010823	As002G051620	g29431
OG0010824	As002G051660	g29435
OG0010825	As002G051730	g29438
OG0010826	As002G052080	g5385
OG0010827	As002G052110	g5388
OG0010828	As002G052210	g29469
OG0010829	As002G052260	g29470
OG0010830	As002G052480	g5404
OG0010831	As002G052730	g9704
OG0010832	As002G052740	g5407
OG0010833	As002G053220	g5429, g29520
OG0010834	As002G053230	g29521
OG0010835	As002G053560	g29548
OG0010836	As002G053680	g45518, g5451
OG0010837	As005G117180, As002G053860	g246
OG0010838	As002G054390	g5499
OG0010839	As002G055210	g37778
OG0010840	As002G055350	g5547
OG0010841	As003G055640	g24284, g24283
OG0010842	As003G056100	g24238
OG0010844	As003G056780	g24185
OG0010845	As003G056990	g24179
OG0010846	As003G057040	g47277
OG0010847	As003G057110	g24173
OG0010848	As003G057370	g24155
OG0010849	As003G057530	g47296
OG0010851	As003G057870	g24123
OG0010852	As003G058050	g24095
OG0010853	As003G058740	g24050, g36081
OG0010854	As003G058810	g17373
OG0010855	As003G059170	g24021
OG0010856	As003G059560	g24005
OG0010857	As003G059600	g47384
OG0010858	As003G059750	g47396
OG0010861	As003G062170	g47486
OG0010862	As004G083570, As003G062720	g50702
OG0010863	As003G062830	g32679
OG0010864	As003G062870	g32692
OG0010865	As003G062970, As004G083300	g50716, g32705
OG0010866	As003G063530, As004G080460	g27868
OG0010867	As003G063580	g32891
OG0010868	As003G064400	g27961
OG0010869	As003G064560	g53850
OG0010870	As003G064720	g28180, g53743, g53744
OG0010871	As003G064840	g28205
OG0010873	As003G068400	g32312
OG0010874	As003G068750	g50456
OG0010875	As003G069110	g32353
OG0010876	As003G069140	g27658
OG0010877	As003G069210	g50488
OG0010878	As003G069460	g32373
OG0010880	As003G071080	g32470
OG0010881	As003G071200	g50547
OG0010882	As003G071330	g27713
OG0010883	As003G071600	g27720
OG0010884	As011G264650, As003G071970	g18230
OG0010885	As003G072360	g22955
OG0010886	As003G072540	g22935
OG0010887	As003G072700, As011G265440	g13972
OG0010888	As003G072860	g47973
OG0010889	As003G072910	g22908
OG0010890	As003G073690	g22833, g47988
OG0010891	As003G073800	g22828
OG0010892	As003G074290	g18289
OG0010894	As003G074910	g22738
OG0010895	As003G075510	g25989
OG0010897	As003G076190	g18341
OG0010898	As003G076240	g18345
OG0010899	As003G076280	g50843
OG0010900	As007G182150, As003G076320	g50842
OG0010901	As003G076400	g18376
OG0010902	As003G076460	g18371
OG0010903	As003G076530	g18365
OG0010904	As003G076540	g18364
OG0010905	As003G076610	g19274, g19268
OG0010906	As004G076860	g46850
OG0010907	As004G076980	g16733, g46843
OG0010908	As004G077160	g45037, g46819
OG0010909	As004G077190	g13433
OG0010910	As004G077400	g46777
OG0010911	As004G077890	g46734
OG0010912	As004G077930	g46731
OG0010913	As004G078020	g46724
OG0010914	As004G078120	g46714
OG0010915	As004G078460	g16889
OG0010916	As004G078730	g37119
OG0010917	As004G078780	g51495
OG0010918	As004G079680	g37131, g51514
OG0010919	As004G079750	g32631
OG0010920	As004G080150	g40265
OG0010921	As004G080170	g40263
OG0010922	As004G080640	g40224
OG0010923	As004G080780	g40204
OG0010924	As004G080900	g40214
OG0010925	As004G081090	g23749, g37087
OG0010926	As004G081220	g51420
OG0010928	As004G081450	g51396
OG0010929	As004G081820	g11121
OG0010930	As004G082330	g49150
OG0010931	As004G082400	g37025
OG0010932	As004G082410	g18440
OG0010933	As004G082450	g1353
OG0010934	As004G082610	g36997
OG0010935	As004G083440	g40294
OG0010936	As004G083960	g40333, g25776
OG0010937	As004G084430	g40358
OG0010938	As004G084860	g40390
OG0010939	As004G085630	g16068
OG0010940	As004G085910	g25577
OG0010941	As004G085960	g25558
OG0010942	As004G086000	g40458
OG0010943	As004G086050	g25551
OG0010944	As004G086720	g18419, g16317
OG0010945	As004G087070	g44861
OG0010948	As004G088250	g40577
OG0010949	As004G088940	g40632
OG0010950	As004G089130	g40642
OG0010951	As004G089710	g10900
OG0010952	As004G090540	g40725
OG0010953	As004G091130	g40699
OG0010954	As004G091520, As009G211660	g13536
OG0010955	As004G091830	g13533
OG0010956	As004G092560	g46858
OG0010957	As004G092690, As011G258260	g13529, g35823
OG0010958	As004G092860	g46941
OG0010959	As004G092940	g24717
OG0010960	As004G094080	g17859
OG0010961	As004G094860	g47018
OG0010962	As004G094880	g24590
OG0010963	As004G094920, As004G094930	g24577
OG0010964	As004G095060	g17777
OG0010965	As004G095260	g6415
OG0010966	As004G095770	g47051
OG0010967	As004G096550	g24453, g17657
OG0010968	As004G096810	g46684, g43410, g53075
OG0010970	As004G096880	g16859
OG0010971	As004G096940	g16855
OG0010972	As004G096950	g16851
OG0010973	As004G096960	g16852
OG0010974	As004G097260	g46674
OG0010975	As004G097320	g6156
OG0010976	As004G097430	g16836
OG0010977	As004G097500	g16833
OG0010978	As004G098180	g16774
OG0010979	As004G098450	g14048
OG0010980	As005G098830	g50838
OG0010981	As005G098990	g37760
OG0010982	As005G099000	g37759
OG0010983	As005G099450	g37732
OG0010984	As005G099520	g37726
OG0010985	As005G099610	g50820
OG0010987	As005G100290	g37687
OG0010989	As005G101350	g37624
OG0010990	As005G101420	g37618
OG0010991	As005G101430	g52265
OG0010993	As005G102100	g37578, g52243
OG0010994	As005G102550	g52185, g37563
OG0010995	As005G102560	g52184
OG0010996	As005G102630	g52170
OG0010997	As005G102820	g37546
OG0010998	As005G103970	g18893
OG0010999	As005G104380	g41546
OG0011000	As005G104430	g37472
OG0011001	As005G104550	g38196
OG0011002	As005G104730	g52076
OG0011003	As005G105280	g37442
OG0011004	As005G105490	g52006
OG0011005	As005G105680	g37405
OG0011007	As005G105810	g52004
OG0011008	As005G105960	g38166
OG0011009	As005G106000	g37397
OG0011010	As005G106200	g5855
OG0011011	As005G106310	g5852
OG0011012	As005G106320	g5851
OG0011013	As005G106380	g5846
OG0011014	As005G106400	g5845
OG0011015	As005G106440	g5838, g5842, g5840, g5836
OG0011016	As005G106710	g7745
OG0011017	As005G107310	g5795
OG0011018	As005G107570	g30086, g36099, g5783
OG0011019	As005G107670	g45332
OG0011021	As005G107850	g5769
OG0011022	As005G108190	g29837
OG0011023	As005G108280	g5735
OG0011024	As005G108930	g5709
OG0011025	As005G108970	g29805
OG0011026	As005G109690	g638
OG0011027	As012G277170	g707
OG0011027	As005G111460	g41407
OG0011028	As005G111930, As005G120870	g10
OG0011029	As005G111950	g28927
OG0011030	As005G112240	g28919
OG0011031	As005G112410	g41381
OG0011032	As005G112630	g41373, g28903
OG0011033	As005G113010, As005G113050, As005G113060	g767
OG0011034	As005G113070	g768
OG0011035	As005G113440	g41356, g28867
OG0011036	As005G113450	g800
OG0011037	As005G114090	g28831
OG0011038	As005G114120	g842, g28829
OG0011039	As005G114230	g844
OG0011040	As005G114250	g846
OG0011041	As005G115080	g1264
OG0011042	As005G115600	g28742
OG0011043	As005G115880	g1233
OG0011044	As005G116560	g283
OG0011045	As005G116810	g268
OG0011046	As005G117120	g9783
OG0011047	As005G117130	g9782, g247
OG0011048	As005G117220	g244
OG0011049	As005G117620	g215
OG0011050	As010G220920, As005G119800	g2554
OG0011051	As005G119940	g40
OG0011052	As005G119950	g9641
OG0011053	As005G120280	g29
OG0011055	As005G120790	g19624
OG0011056	As005G120920	g7
OG0011058	As006G121400	g39457
OG0011059	As006G121590	g45275
OG0011060	As006G121680	g45277
OG0011061	As006G122180	g39463
OG0011062	As006G122390	g40789, g39505
OG0011063	As006G122450	g39508
OG0011064	As006G122460	g45223
OG0011066	As006G122560	g39514
OG0011067	As006G122590	g25425
OG0011068	As006G122680	g25432
OG0011069	As006G122750	g39518
OG0011070	As006G122860	g39533, g25448
OG0011071	As006G123040	g39551
OG0011072	As006G123220, As008G197650	g39585
OG0011073	As006G123260	g25469
OG0011074	As006G123340	g39590
OG0011075	As006G123630	g39620
OG0011076	As006G123670	g45218
OG0011077	As006G124140	g39647
OG0011078	As006G124730	g39703
OG0011079	As006G125630	g39759
OG0011080	As006G125890	g11176
OG0011081	As006G125910	g39768
OG0011082	As006G126030	g39764
OG0011083	As006G126040	g39763
OG0011084	As006G126390	g39812, g51291
OG0011085	As006G127470	g51236
OG0011086	As006G127690	g51231
OG0011087	As006G128020	g51216
OG0011088	As006G128620	g39965, g39962
OG0011089	As006G128770	g39969
OG0011090	As006G128890	g51158
OG0011091	As006G129310	g51114, g40010
OG0011092	As006G129650	g39975, g37844
OG0011093	As006G129920	g40044
OG0011094	As006G129970	g40052
OG0011095	As006G130110	g40069
OG0011096	As006G130430	g40096
OG0011097	As006G130500	g40148
OG0011098	As006G130810	g40120
OG0011099	As006G130980	g40153
OG0011101	As006G131250	g1675
OG0011102	As006G131430	g44148
OG0011104	As006G132190	g38317
OG0011105	As006G132710	g23663
OG0011106	As006G132760	g12733
OG0011107	As006G132840	g7931
OG0011108	As006G133150	g7943
OG0011109	As006G133270	g39946
OG0011110	As006G133610	g12728
OG0011111	As006G134030	g38161, g38159, g38163
OG0011112	As006G134040	g37388
OG0011114	As006G134570	g17120
OG0011115	As006G134580	g23676
OG0011116	As006G134660	g23679
OG0011117	As006G135680	g12756
OG0011118	As006G135740	g12676
OG0011119	As009G202720, As006G135960	g7839
OG0011120	As006G136290	g659
OG0011121	As006G136860	g7810
OG0011122	As006G137620	g7773, g7764
OG0011123	As006G138220	g12841
OG0011124	As006G138300	g12577
OG0011126	As006G138850	g7703
OG0011127	As006G139240	g12523
OG0011129	As006G139610	g12505, g12917
OG0011130	As006G139740	g6352
OG0011131	As006G140030	g12489
OG0011132	As006G141170	g10255
OG0011133	As006G141720	g12995
OG0011134	As006G141870	g12989
OG0011135	As006G142220	g13011
OG0011136	As006G142240	g13012
OG0011137	As006G142340	g51910
OG0011138	As006G142960	g51843
OG0011139	As006G143320	g51809
OG0011140	As006G144140	g37306
OG0011141	As006G144310	g37294
OG0011142	As006G144550	g37145
OG0011143	As006G144750	g38030
OG0011144	As006G145560	g38053
OG0011145	As006G145970	g51632
OG0011146	As006G146170	g51636
OG0011147	As006G146670	g37226, g51661
OG0011148	As006G146820	g37231
OG0011149	As006G147010	g51681
OG0011150	As006G147090	g37260
OG0011151	As006G148150	g37281
OG0011152	As006G148270	g51724
OG0011153	As007G152420	g31627
OG0011154	As007G152510	g49956
OG0011155	As007G152560	g31633, g27742, g27335
OG0011156	As007G152860	g31647
OG0011158	As007G153640, As010G241570	g27368
OG0011159	As007G154100	g27374
OG0011160	As007G154130	g31721
OG0011161	As007G154370	g31739
OG0011162	As007G155900	g50092
OG0011163	As007G156020	g27441
OG0011164	As007G156280	g50118, g31901
OG0011165	As007G156530	g27457
OG0011166	As007G157280	g50187
OG0011167	As007G157980	g27499
OG0011168	As007G159000	g27537
OG0011169	As007G159710	g32091
OG0011170	As007G160040	g27565, g32077
OG0011171	As007G160190	g32122, g50333, g27571
OG0011173	As007G160730	g50365
OG0011174	As007G160890	g7283
OG0011176	As007G161350	g32202
OG0011177	As007G161480	g50389
OG0011178	As007G161700	g32239
OG0011179	As007G161730	g32242
OG0011180	As007G161980	g32257
OG0011181	As007G162040	g27625
OG0011182	As010G228910, As007G162050	g44906
OG0011183	As007G162290	g26871
OG0011184	As007G162660	g32287
OG0011185	As007G163420	g46931
OG0011186	As007G164450	g23788
OG0011191	As007G178530	g38396
OG0011192	As007G179170	g38421
OG0011193	As007G179200	g38423
OG0011194	As007G179860	g50906
OG0011195	As007G180510	g38509
OG0011196	As007G180640	g38516
OG0011197	As007G180780	g38525
OG0011198	As007G181920	g50853
OG0011199	As008G183070	g31520
OG0011200	As008G183240	g31512
OG0011201	As008G183300	g31503
OG0011202	As008G183480	g49899
OG0011203	As008G183680	g49885
OG0011204	As008G184380	g49857
OG0011205	As008G184460	g49849
OG0011207	As008G185360	g27179
OG0011208	As008G185590	g31335
OG0011209	As008G185960	g31323
OG0011211	As008G187100	g31256
OG0011212	As008G187310	g31246
OG0011213	As008G187780	g27102
OG0011214	As008G188990	g31157, g49639, g51874
OG0011215	As008G189180	g47177
OG0011216	As008G189340	g49654
OG0011217	As008G189970	g31132
OG0011218	As008G190130	g54017
OG0011219	As008G190880	g31106, g49606
OG0011220	As008G192890	g31058
OG0011221	As008G192940	g27002
OG0011222	As008G193220	g26993
OG0011223	As008G193720	g30995
OG0011224	As008G194140	g30973, g30969, g49531
OG0011225	As008G194180	g49528
OG0011227	As008G194260	g30964, g49524
OG0011228	As008G194730	g30938
OG0011229	As008G194810	g30933
OG0011230	As008G194890	g30929
OG0011231	As008G195880	g49460, g26946
OG0011232	As008G196000	g30879
OG0011233	As008G196730	g49436
OG0011234	As008G196770	g49420
OG0011235	As008G196830	g49423
OG0011236	As008G196960	g49429
OG0011237	As008G197150	g30819
OG0011238	As008G197210	g30814
OG0011239	As008G197300	g30811
OG0011240	As008G197340	g49405
OG0011241	As008G197580	g30798
OG0011242	As008G197780	g49387
OG0011243	As008G197850	g30779
OG0011244	As008G197920	g30776, g49377
OG0011246	As008G199400	g49294
OG0011247	As009G199810	g5227
OG0011248	As009G200100	g5199
OG0011249	As009G200210	g45653, g5209
OG0011251	As009G200440	g29292, g5175
OG0011252	As009G201280	g5121
OG0011253	As009G202350	g5047
OG0011254	As009G202430	g5044
OG0011255	As009G202640	g29179
OG0011256	As009G203300	g29136
OG0011257	As009G203350, As009G203340, As009G203330	g29139
OG0011258	As009G203770	g4955, g32267, g4953
OG0011259	As009G203940	g44849
OG0011260	As009G204240	g4921
OG0011261	As009G204340	g4916
OG0011262	As009G204490	g29063
OG0011263	As009G204920	g4892
OG0011264	As009G205430	g4857
OG0011265	As009G205630	g4828
OG0011266	As009G205730	g4803
OG0011267	As009G205780	g10120, g4806
OG0011268	As009G205920	g4795
OG0011269	As009G206720	g4770
OG0011270	As009G207180	g4743
OG0011271	As009G207220	g4746
OG0011272	As009G207320	g4764
OG0011273	As009G207560	g10192
OG0011274	As009G207950	g4500
OG0011275	As009G208020	g10203
OG0011277	As009G210510	g29348
OG0011278	As009G211130, As009G210980	g5580
OG0011279	As009G212480	g45449
OG0011280	As009G212800	g5618, g45439
OG0011281	As009G213120	g29721
OG0011282	As009G213220	g29724
OG0011283	As009G213260	g45428
OG0011284	As009G213310	g5639
OG0011285	As009G213320	g13136
OG0011286	As009G214610	g5687
OG0011287	As009G214790	g10096
OG0011288	As009G215210	g607
OG0011289	As009G215220	g10065, g608
OG0011290	As009G215320	g597
OG0011291	As009G215440	g10048
OG0011292	As009G215760	g565
OG0011293	As009G215890	g18566
OG0011294	As009G216400	g525
OG0011296	As009G216740	g18581, g18101
OG0011297	As009G216830	g505
OG0011298	As009G217770	g9921
OG0011299	As009G218210	g411
OG0011300	As009G219140	g9844
OG0011301	As009G219480	g1224
OG0011302	As009G219600	g1218
OG0011303	As009G220010	g1166
OG0011304	As009G220030	g1163
OG0011305	As009G220130	g28694
OG0011306	As010G220460	g2501, g2500, g2499
OG0011307	As010G220900	g19358
OG0011308	As010G220910	g2553
OG0011309	As010G220940	g35946
OG0011310	As010G221010	g2568
OG0011311	As010G221030	g2571
OG0011312	As010G221430	g19384
OG0011313	As010G222220	g2649
OG0011314	As010G222540	g19423
OG0011315	As010G222570	g2703
OG0011316	As010G222990	g19483
OG0011317	As010G223720	g31484
OG0011318	As010G224680	g19565
OG0011319	As010G224700	g2935, g2911
OG0011320	As010G225620, As010G224940	g3004
OG0011321	As010G225680	g19594
OG0011322	As010G226180	g3138
OG0011323	As010G227310	g11548
OG0011324	As010G227500	g54380, g54376
OG0011325	As010G228210	g16814
OG0011326	As010G228580	g41570
OG0011327	As010G230100	g41575
OG0011328	As010G230390	g44872
OG0011329	As010G231190	g44825
OG0011330	As010G231300	g44821
OG0011331	As010G232700	g45809
OG0011333	As010G233110	g45970
OG0011334	As010G233360	g45855, g36216
OG0011335	As010G233420	g45861
OG0011336	As010G233490	g45868
OG0011337	As010G233680	g45879
OG0011338	As010G233900	g45890
OG0011340	As010G234420	g45932, g44645
OG0011341	As010G234590	g45945
OG0011342	As010G234910	g45966
OG0011343	As010G235200	g46433
OG0011344	As010G235230	g46430
OG0011345	As010G235530	g46397
OG0011346	As010G236040	g46353
OG0011347	As010G236500	g50181
OG0011348	As010G237130	g46267
OG0011349	As010G237770	g44437
OG0011350	As010G237800	g46229
OG0011351	As010G237890	g47715
OG0011352	As010G237970	g53963
OG0011353	As010G238210	g17858
OG0011354	As010G238230	g46194
OG0011355	As010G238430	g44479
OG0011356	As010G238700	g44497
OG0011357	As010G239060	g17987
OG0011358	As010G239140	g44532
OG0011359	As010G239530	g46109
OG0011360	As010G239590	g44555
OG0011361	As010G241050	g44598
OG0011362	As010G243580	g44296
OG0011364	As010G243790	g46581
OG0011365	As010G244150	g46595
OG0011366	As011G244760	g12258
OG0011367	As011G244830	g12254
OG0011369	As011G245020	g13158
OG0011370	As011G245040	g13160
OG0011371	As011G245430	g13188, g7233
OG0011372	As011G245690	g12219
OG0011373	As011G245780	g7209
OG0011374	As011G246050	g13207
OG0011375	As011G246130	g13208
OG0011376	As011G246320	g16703, g12195
OG0011379	As011G247040	g7135
OG0011380	As011G247120	g7131
OG0011381	As011G247220	g7117
OG0011382	As011G247380	g7103
OG0011383	As011G247440	g7099
OG0011384	As011G247540	g7087
OG0011385	As011G247640	g7078
OG0011386	As011G248390	g7033
OG0011387	As011G248490	g7018
OG0011388	As011G248510, As011G248520	g13260, g12091
OG0011389	As011G248550	g7010, g13261
OG0011390	As011G249460	g6952, g6950
OG0011392	As011G249980	g13296
OG0011393	As011G250320	g6889
OG0011394	As011G250660	g12001
OG0011395	As011G250820	g13319
OG0011396	As011G251130	g13328
OG0011397	As011G251270	g6822
OG0011398	As011G251380	g6814
OG0011400	As011G251420	g6812
OG0011402	As011G252490	g13359
OG0011403	As011G252690	g11915
OG0011404	As011G252780	g6718
OG0011405	As011G252970	g6709
OG0011406	As011G253340	g6684
OG0011407	As011G253940	g6604
OG0011408	As011G253960	g13400
OG0011409	As011G254100	g13406, g11844
OG0011410	As011G254190	g11836
OG0011411	As011G254500	g6581
OG0011412	As011G254530	g11815, g13428
OG0011413	As011G255030	g13453
OG0011414	As011G255270	g13461
OG0011415	As011G256010	g6519
OG0011416	As011G256340	g13493
OG0011417	As011G256720	g6448
OG0011418	As011G257350	g11683
OG0011419	As011G257680	g6412
OG0011420	As011G258410, As011G258370, As011G258360	g6377
OG0011421	As011G258770	g6362
OG0011422	As011G259280	g6345
OG0011423	As011G261000	g13596
OG0011424	As011G261120	g13594
OG0011425	As011G261280	g11571
OG0011426	As011G261540	g13580
OG0011427	As011G261630	g11630
OG0011428	As011G261800	g11602
OG0011429	As011G262810	g14256
OG0011430	As011G263090	g6143
OG0011431	As011G263210	g14212
OG0011432	As011G264550	g6078, g14012
OG0011433	As011G264940	g13986
OG0011434	As011G265260	g13954
OG0011435	As011G265370	g6012
OG0011436	As011G265660	g13937
OG0011437	As011G266070	g5963
OG0011438	As011G266170	g5954
OG0011439	As011G266490	g13811
OG0011440	As011G266640	g13815
OG0011441	As011G266790	g13818
OG0011442	As011G267140	g5905
OG0011443	As011G267430	g13839
OG0011444	As011G267480	g5931
OG0011446	As012G269620	g36640
OG0011448	As012G269800	g35646, g54286
OG0011449	As012G271040	g54249
OG0011450	As012G271090	g28027
OG0011451	As012G271260	g28028
OG0011452	As012G272000	g6743
OG0011454	As012G273620	g36337
OG0011455	As012G274070	g54037
OG0011456	As012G274320	g24388
OG0011457	As012G274410	g24397
OG0011458	As012G275030	g37102, g51463
OG0011459	As012G275040	g37983
OG0011460	As012G275170	g51457
OG0011461	As012G275380	g51447
OG0011462	As012G275670	g2428
OG0011463	As012G275750	g2421
OG0011464	As012G276160	g32421
OG0011465	As012G276390	g11320
OG0011466	As012G276430	g2400
OG0011467	As012G276540	g2389
OG0011468	As012G276790	g2378
OG0011469	As012G277160	g17067
OG0011470	As012G277970	g2321
OG0011471	As012G280340	g2273
OG0011472	As012G280860	g2241
OG0011474	As012G282200	g19067
OG0011475	As012G282410	g19058
OG0011477	As012G283590	g2073, g19001
OG0011478	As012G283620	g2076
OG0011479	As012G284010	g18986
OG0011480	As012G284480	g2042
OG0011482	As012G285460	g49662
OG0011483	As012G285520	g18887
OG0011484	As012G285800	g2290
OG0011485	As012G286350, As012G286340, As012G286360	g1916
OG0011485	As012G286380	g18821
OG0011486	As012G286780	g1899
OG0011487	As012G287070	g1882
OG0011488	As012G287370	g37632, g52284
OG0011489	As012G287660	g1832
OG0011490	As012G287750	g1818
OG0011491	As012G287760	g1817
OG0011492	As012G287800	g1814
OG0011493	As012G287940	g1787
OG0011494	As012G288220	g1763, g1764
OG0011495	As012G288320	g1760
OG0011496	As012G288370	g1758
OG0011497	As012G288700	g1750
OG0011498	As012G288870	g18754
OG0011499	As012G289010	g18765
OG0011500	As012G289230	g1739
OG0011500	As012G289250	g1740
OG0011501	As012G289510	g5675
OG0011603	As001G000620	g23533
OG0011604	As001G000640	g23532, g17026
OG0011605	As001G000750	g23509
OG0011606	As001G000760	g23524
OG0011607	As001G000770, As001G000780	g23523, g23522
OG0011608	As001G001200	g47695
OG0011609	As001G001680, As011G266060	g47710
OG0011610	As001G002380, As011G265100	g5996
OG0011611	As001G002390	g23408
OG0011612	As001G002520	g23393
OG0011613	As001G002550	g23390
OG0011615	As001G002620	g23389
OG0011616	As001G002860	g47755
OG0011617	As001G003110	g47762
OG0011618	As001G003790	g16952
OG0011619	As001G003900	g49659
OG0011620	As001G004120	g23304, g47794
OG0011621	As001G005270	g23257
OG0011622	As001G005320	g47818, g23253
OG0011623	As001G005480	g51459
OG0011624	As001G005990	g23238, g16913
OG0011625	As005G112960, As001G012020	g765
OG0011626	As001G012440	g47858, g23151
OG0011627	As010G234230, As001G012570	g45920
OG0011628	As001G012750	g28952, g41410
OG0011629	As001G012800	g23115
OG0011630	As001G014210, As011G263200	g23082
OG0011631	As001G015240, As001G015480, As001G015160	g23020
OG0011632	As001G015830	g27756
OG0011633	As001G015850, As004G078950	g50581
OG0011634	As001G015860	g27751
OG0011635	As001G015970	g27745, g50596
OG0011636	As001G016040	g27735
OG0011637	As001G016570	g32555, g50623
OG0011638	As001G016670	g50628
OG0011639	As001G016690	g50631
OG0011640	As001G016960	g27778
OG0011641	As001G017080	g27781
OG0011643	As001G017510	g47187
OG0011644	As001G017650	g24323
OG0011645	As001G017680	g47175, g16410
OG0011646	As001G017950	g24338, g2671, g2657
OG0011647	As001G018260	g50893
OG0011648	As001G018380	g43837
OG0011649	As001G018410	g38282
OG0011650	As001G018560	g1685
OG0011651	As001G018700	g1691
OG0011652	As001G018770	g41128
OG0011653	As001G019090	g43987
OG0011654	As001G019120	g41107, g33426
OG0011655	As001G019320	g44020
OG0011656	As001G019530	g31219
OG0011657	As001G019630	g36042, g47807, g893, g47810
OG0011658	As001G020110	g44069
OG0011659	As001G020570	g44109
OG0011660	As001G020620	g44121
OG0011661	As001G020690	g46834
OG0011662	As001G020930	g41017
OG0011663	As001G020950	g39713
OG0011664	As001G021420	g44150
OG0011665	As001G021850	g40948
OG0011666	As001G022070	g40930
OG0011667	As001G022630	g10795
OG0011668	As001G022840	g10765
OG0011669	As001G022900	g1506
OG0011670	As007G159130	g50273, g46041
OG0011670	As001G022950	g46042
OG0011671	As001G022970	g10756
OG0011672	As001G023110	g1510
OG0011673	As001G023330	g10729
OG0011674	As001G023540	g10709
OG0011675	As001G023600, As012G281070	g10704
OG0011676	As001G023900	g1529
OG0011677	As001G024050	g1543
OG0011679	As001G024710	g10621
OG0011680	As001G024780	g10613
OG0011681	As001G024910	g10602
OG0011682	As001G025400, As001G025410	g16639
OG0011683	As001G025520	g10558
OG0011684	As001G025990	g10520
OG0011685	As001G026100	g16584
OG0011686	As001G026550, As004G097360, As004G097350	g16840
OG0011687	As001G027420	g10395
OG0011688	As001G028050	g10327
OG0011689	As001G028410	g44929
OG0011690	As001G028470	g44952
OG0011691	As001G028550	g44963, g44955
OG0011692	As001G028720	g18051
OG0011693	As001G028750	g41881
OG0011694	As001G028830	g18052
OG0011695	As001G028880	g44994
OG0011696	As001G028990	g45008
OG0011697	As001G029140	g45040
OG0011698	As001G029230, As008G196310	g30864
OG0011699	As001G029920	g45034
OG0011700	As001G030100	g44747
OG0011701	As001G030330	g40746
OG0011702	As001G030400	g40754
OG0011703	As001G030470	g40760
OG0011704	As001G030520	g40765
OG0011705	As001G030800	g40820
OG0011706	As001G031060	g40800
OG0011708	As001G031520	g44246
OG0011709	As001G031700	g44243
OG0011710	As001G031840	g44239
OG0011711	As001G031940	g44236
OG0011712	As002G032380	g12276
OG0011713	As002G032700	g47574
OG0011714	As002G033400	g2136
OG0011715	As002G033440, As012G283120	g51966
OG0011716	As002G033770	g38144
OG0011717	As002G033830	g51933, g51926, g51925
OG0011718	As002G033950	g13018
OG0011719	As002G034210	g12401
OG0011720	As002G034330	g7490
OG0011721	As002G034360	g7486, g13053
OG0011722	As002G034390	g7483
OG0011723	As002G034970	g13064, g7460
OG0011724	As002G035260	g41274
OG0011725	As002G035370	g12376
OG0011726	As002G035550	g7440
OG0011727	As002G035680	g7433
OG0011728	As002G036120	g7419
OG0011729	As002G036300	g12358
OG0011730	As002G036360	g7411
OG0011731	As002G036370	g7410
OG0011732	As002G036450	g12350
OG0011733	As002G036490	g12344
OG0011734	As002G036750	g7401
OG0011735	As002G037510	g12315
OG0011736	As002G038350	g7335, g13133
OG0011737	As002G040720	g1455
OG0011738	As002G041710	g1418
OG0011739	As002G041720	g1420
OG0011741	As002G042540	g1380
OG0011742	As002G042680	g1363, g28298
OG0011743	As002G042900	g28313
OG0011744	As002G042950	g28316
OG0011745	As002G043150	g41159
OG0011746	As002G043330	g28332
OG0011748	As002G043450	g1330
OG0011749	As002G043880	g28357
OG0011750	As002G044160	g878
OG0011751	As002G044210	g881, g41221
OG0011752	As002G044260	g41223
OG0011753	As002G044380	g24656
OG0011754	As002G045290	g47644
OG0011754	As007G165960	g17076
OG0011755	As002G045380	g28435
OG0011756	As002G045500	g946
OG0011757	As002G045630	g941
OG0011758	As002G045660	g28447
OG0011759	As002G046050	g28470
OG0011760	As002G046300	g28484, g39417
OG0011761	As002G046330	g28486
OG0011762	As002G046690	g28495, g983
OG0011763	As002G046870	g47609
OG0011764	As002G047210	g1012
OG0011765	As002G047350	g1022
OG0011766	As002G047490	g28527
OG0011767	As002G047540	g1032
OG0011768	As002G047790	g1043
OG0011769	As002G047880	g28544
OG0011770	As002G047930	g39355
OG0011771	As002G048300	g1076
OG0011772	As002G048820	g28611
OG0011773	As002G048840	g28617
OG0011774	As002G048920	g28625
OG0011775	As002G049270	g39235
OG0011776	As002G049400	g1131
OG0011777	As002G049580	g28667
OG0011778	As002G049600	g39287
OG0011779	As002G049980, As002G049970	g26011
OG0011780	As002G050060	g41146
OG0011781	As002G050460	g53780, g29370
OG0011782	As002G051370	g45580
OG0011783	As002G051450	g5349
OG0011784	As002G051790	g29442
OG0011785	As002G052300	g45556
OG0011786	As002G052410	g29475
OG0011787	As002G052640	g45545, g29492
OG0011788	As002G052960	g5418
OG0011789	As002G053490	g5445
OG0011790	As005G117500, As002G053630	g230
OG0011791	As002G053690	g29555
OG0011792	As002G053830	g5456
OG0011793	As002G053870	g29563
OG0011794	As002G054170	g5485
OG0011795	As002G054250	g5491
OG0011796	As002G054320	g29580
OG0011797	As002G054360	g29584
OG0011798	As002G054490	g29587
OG0011799	As002G055030	g29610
OG0011800	As002G055160	g29619, g29620
OG0011801	As002G055370	g5549, g29631
OG0011802	As002G055480	g29636
OG0011803	As002G055490	g29639
OG0011804	As003G055960	g24249
OG0011805	As003G056200	g17518
OG0011806	As003G056670	g24193
OG0011807	As007G152950, As007G162560	g54067
OG0011808	As003G056920	g47274, g44156
OG0011809	As003G056930	g24184
OG0011810	As003G057440	g47294
OG0011811	As003G057630	g24142
OG0011812	As003G057690	g47304
OG0011813	As003G058090	g24089
OG0011814	As003G058160	g24078
OG0011815	As003G058170	g17395
OG0011816	As003G058250	g24073
OG0011817	As003G058270	g47330, g24072
OG0011818	As003G058340	g24070
OG0011819	As003G058510	g47340
OG0011820	As003G058580	g24059
OG0011821	As003G058590	g17381
OG0011822	As003G058600	g24058, g17380
OG0011823	As003G058860	g24041, g17370
OG0011824	As003G058890	g47354
OG0011825	As003G058910	g47356
OG0011826	As003G059610	g24002
OG0011827	As003G059720	g47394
OG0011828	As003G059770	g23988
OG0011829	As003G060030	g47407
OG0011830	As003G060120	g47410
OG0011832	As003G060260	g23968
OG0011833	As003G060320	g17306
OG0011834	As008G189170, As003G060490	g17295
OG0011835	As003G060950	g17273
OG0011836	As003G061570	g47462
OG0011837	As003G061840	g23877, g47471
OG0011838	As003G061920	g47476
OG0011839	As003G061940	g47477
OG0011840	As003G062030	g23859
OG0011841	As003G062280	g32636
OG0011842	As003G062300	g50664
OG0011843	As003G062420, As003G062400	g32648
OG0011844	As003G062760	g50703
OG0011845	As003G062800	g32677
OG0011846	As003G062810	g32678
OG0011847	As003G063390	g27859
OG0011848	As003G063550	g50757
OG0011849	As003G063790	g50759
OG0011851	As003G064390	g27962
OG0011853	As003G064510, As005G106580	g5832
OG0011854	As003G064710	g28177
OG0011855	As003G065160	g50419
OG0011856	As003G065240	g28141
OG0011857	As003G065370	g36264
OG0011858	As003G065380	g36263
OG0011859	As003G066070	g28247
OG0011860	As003G066250	g36194
OG0011861	As003G066880	g28988
OG0011862	As003G068420	g32313
OG0011863	As003G069040	g50467
OG0011864	As003G069800	g32382
OG0011865	As003G070100	g32403
OG0011866	As003G070290	g50516
OG0011867	As003G070680	g32443, g50523
OG0011868	As003G070700	g32447
OG0011869	As003G071420	g27718
OG0011870	As003G071810	g22992
OG0011871	As003G072420	g22950
OG0011872	As003G072560	g22932
OG0011873	As003G073120	g18261
OG0011874	As003G073140	g22886
OG0011875	As003G073300	g18268
OG0011876	As003G073730	g22831
OG0011877	As003G074520	g22781
OG0011878	As003G074550	g18299
OG0011879	As003G074710	g48003
OG0011880	As003G074770	g22758
OG0011881	As003G075070	g22722
OG0011882	As003G075480	g22704
OG0011883	As003G075760	g22684
OG0011884	As003G075820	g22681
OG0011885	As003G075890	g18319
OG0011886	As003G075920	g18322
OG0011887	As003G076030	g18329
OG0011888	As003G076090	g18333
OG0011890	As003G076220	g18344
OG0011891	As003G076410	g12981
OG0011892	As003G076430	g18374
OG0011893	As003G076620	g19273, g19269
OG0011894	As003G076630	g19270
OG0011895	As004G076870	g25101
OG0011896	As004G077060	g16734
OG0011899	As004G077140	g16743
OG0011900	As004G077520	g46761
OG0011901	As004G078000	g18085
OG0011902	As004G078340	g46701
OG0011903	As004G078760	g51493
OG0011904	As004G078880	g37992, g51501
OG0011906	As004G079400	g23766
OG0011907	As004G079490	g51524
OG0011908	As004G079670	g37132
OG0011909	As004G079900	g16800
OG0011910	As004G079950	g51535
OG0011911	As004G080060	g40269
OG0011912	As004G080080	g40268
OG0011913	As004G080250	g25854
OG0011914	As004G080400	g40243
OG0011916	As004G080440	g40240
OG0011917	As004G080450	g40239
OG0011918	As004G080470	g25918, g40237
OG0011919	As004G080550	g40325
OG0011920	As004G080570	g40228
OG0011921	As004G080790	g40205
OG0011922	As004G080870	g40211
OG0011923	As004G081210	g51422
OG0011924	As004G081300	g51409
OG0011925	As004G081360	g37075
OG0011926	As004G081500	g51394, g37074, g37967
OG0011927	As004G081520	g51391
OG0011928	As004G081600	g37965
OG0011929	As004G081710	g51367
OG0011930	As004G081730	g37960
OG0011931	As004G081860	g11122
OG0011932	As004G082070	g26897
OG0011933	As004G082090	g11139
OG0011934	As004G082300	g37033
OG0011935	As004G082340	g37030
OG0011936	As004G082530	g37014
OG0011937	As004G082560	g37008
OG0011938	As004G082950	g18464, g36982, g36981
OG0011939	As004G082980	g45859
OG0011940	As004G083410	g25838
OG0011941	As004G083940	g40331
OG0011942	As004G083950	g40332
OG0011943	As004G084000	g42686
OG0011944	As004G084500	g40369
OG0011945	As004G084660	g40378
OG0011946	As004G084800	g40386
OG0011947	As004G084870	g45141
OG0011948	As004G084960	g45144
OG0011949	As004G085070	g25666, g36569, g36568, g36566
OG0011950	As004G085200	g40406
OG0011951	As004G085270	g40409
OG0011952	As004G085470	g40420
OG0011953	As004G085900	g25578
OG0011954	As004G085920	g25566
OG0011955	As004G086390	g40474
OG0011956	As004G086470	g40481, g25523
OG0011957	As004G087650	g40539
OG0011958	As004G087900	g40556
OG0011959	As004G088160	g40574
OG0011960	As004G088290	g40581
OG0011961	As004G088420	g40589
OG0011962	As004G088640	g10956
OG0011963	As004G088670	g10952
OG0011964	As004G089060	g10939
OG0011965	As004G089310	g10916
OG0011966	As004G090870	g40708
OG0011967	As004G090940	g36055
OG0011968	As004G091200	g10882
OG0011969	As004G091630	g28672
OG0011970	As004G091940	g16856
OG0011971	As004G093290	g17920
OG0011972	As004G093620	g46974
OG0011973	As004G093700	g46977
OG0011974	As004G093710	g6439, g11699
OG0011975	As011G256650	g13511
OG0011976	As004G094430	g47001
OG0011977	As004G094440	g47002
OG0011978	As004G094520	g24663
OG0011979	As004G094620	g47038
OG0011980	As004G094910	g24579
OG0011981	As004G095230	g17756
OG0011982	As004G095270	g24539
OG0011983	As011G255040, As004G095620, As004G095610	g47063
OG0011984	As004G095720	g47057
OG0011985	As004G095900	g47078
OG0011986	As004G096050	g47083
OG0011987	As004G096110	g47086
OG0011988	As004G096510	g24457
OG0011989	As004G096670	g17647
OG0011990	As004G096930	g16858
OG0011991	As004G097110	g16848
OG0011992	As004G097200	g46677, g16844
OG0011993	As004G097240	g46676
OG0011994	As004G097270	g46673
OG0011995	As011G265190, As004G097380	g16839
OG0011996	As004G097390	g16838, g46670
OG0011997	As004G097760	g16806
OG0011998	As004G097790	g16808, g46657
OG0011999	As004G097920	g44965, g16789
OG0012000	As004G097970	g46646
OG0012001	As004G098000	g16784
OG0012002	As004G098330	g16766
OG0012003	As004G098520	g46618
OG0012004	As005G098770	g53413
OG0012005	As005G098790	g50840
OG0012006	As005G098870, As006G144260	g37762
OG0012007	As005G099640	g50821
OG0012008	As005G100020	g37705
OG0012009	As005G100350	g37678
OG0012010	As005G100430	g50788
OG0012012	As005G101020	g11167
OG0012014	As005G101190	g52288
OG0012015	As005G101610	g37613
OG0012016	As005G101680	g37612
OG0012017	As012G278220, As005G102120	g37576
OG0012019	As005G102380	g52193
OG0012020	As005G102600	g52177
OG0012021	As005G102650	g52169
OG0012023	As005G104100	g37491
OG0012025	As005G104200	g37486
OG0012027	As005G104590	g37463, g52081
OG0012028	As005G104600	g37462
OG0012029	As005G104790	g37459, g52061
OG0012030	As005G105140	g37436
OG0012031	As005G105340, As005G105350	g52016, g37417
OG0012032	As005G105670	g37406
OG0012033	As005G105820	g52003
OG0012034	As005G106460	g5839, g5837, g5841, g5835
OG0012035	As005G106730, As005G106740, As005G106750	g45290
OG0012036	As005G106820	g5818
OG0012037	As005G107340	g5793
OG0012038	As005G107950	g45341
OG0012039	As005G108020	g5756
OG0012040	As005G108700	g29821
OG0012041	As005G108720	g29820
OG0012042	As005G109840	g29120
OG0012043	As005G109880	g29119
OG0012044	As005G111120	g28938, g717
OG0012045	As005G111130	g718
OG0012046	As005G111200	g713
OG0012047	As005G111400	g28949
OG0012048	As005G111470	g715
OG0012049	As005G112740	g28900
OG0012050	As005G112840	g760
OG0012051	As005G112880	g762
OG0012052	As010G226520, As005G112940	g764
OG0012053	As005G113280	g790, g43749
OG0012054	As005G113400	g796
OG0012055	As005G113550	g803
OG0012056	As005G113600	g29344
OG0012057	As005G114320	g41321
OG0012058	As005G114590, As005G114580	g864
OG0012059	As005G115800	g39255
OG0012060	As005G115860	g1235
OG0012061	As005G115930	g1229
OG0012062	As005G116200	g308
OG0012063	As005G116350	g297, g9815
OG0012064	As005G116750, As005G116770	g9800
OG0012065	As005G116760	g271
OG0012066	As005G116870	g262
OG0012067	As005G117110	g248
OG0012068	As005G117390	g235
OG0012069	As005G117750	g208
OG0012070	As005G117890	g9740
OG0012071	As005G118100	g198
OG0012072	As005G118340	g5421
OG0012073	As005G118540	g18665
OG0012074	As005G118580	g9710
OG0012075	As005G118900	g9692
OG0012076	As005G119380	g77
OG0012077	As005G119430	g9666
OG0012078	As005G119440	g73
OG0012079	As005G119540	g67
OG0012080	As005G119560	g9663
OG0012081	As005G119780	g9652
OG0012082	As005G120650	g15
OG0012083	As005G120740	g19626
OG0012084	As006G121120	g39450
OG0012085	As006G121200	g25380
OG0012086	As006G121260, As008G199120	g26868
OG0012087	As006G121460	g25365
OG0012088	As008G198720, As006G121760	g49317, g30739
OG0012089	As006G122100	g49335
OG0012090	As006G122310	g25408
OG0012091	As006G122620	g39515
OG0012092	As006G122640	g39525
OG0012093	As006G122660	g25434
OG0012094	As006G122690	g39521
OG0012095	As006G122710	g39523
OG0012096	As006G122760	g25428
OG0012097	As006G122770	g25436
OG0012098	As006G122850	g25445
OG0012099	As006G122960	g39541
OG0012101	As006G123050	g39552
OG0012102	As006G123100	g39556
OG0012103	As006G123190	g25466
OG0012104	As006G123240	g39586
OG0012105	As006G123480	g39601
OG0012106	As006G123780	g39628
OG0012107	As006G123910	g25503
OG0012108	As006G123920	g45194
OG0012109	As006G123930	g25507
OG0012110	As006G124050	g39642, g25514
OG0012111	As006G124090	g25515
OG0012112	As006G124170	g39648
OG0012113	As006G124190	g39650
OG0012114	As006G124210	g3053
OG0012115	As006G124230, As006G124220	g25520
OG0012116	As006G124370	g39678
OG0012117	As006G124530	g39689
OG0012119	As006G124570	g11084
OG0012120	As009G201770, As006G124900	g11100
OG0012121	As006G125030	g46867
OG0012122	As006G125300	g51353
OG0012123	As006G125900	g51315
OG0012124	As006G126110	g39794
OG0012125	As006G126190	g39810
OG0012126	As006G126410	g39815
OG0012127	As006G127020	g51264
OG0012129	As006G127140	g39836
OG0012130	As006G127370	g51240
OG0012131	As006G127410	g39854
OG0012132	As006G127770	g39887
OG0012133	As006G128070	g39912
OG0012134	As006G128400	g5560, g37893
OG0012135	As006G128430	g39951
OG0012136	As006G128600	g39960
OG0012137	As006G128610	g39961
OG0012138	As006G128820	g51172
OG0012139	As006G128990	g40018
OG0012140	As006G129010	g37870
OG0012141	As006G129070	g40016
OG0012142	As006G129390, As007G160280	g37878
OG0012143	As006G129420	g40001, g37848
OG0012144	As006G129720	g40029
OG0012145	As006G129800	g40032
OG0012146	As006G129890	g50841
OG0012147	As006G129900	g43769
OG0012148	As006G130220	g40078
OG0012149	As006G130270	g40082
OG0012150	As006G130340	g37810
OG0012151	As006G130400	g37803
OG0012152	As006G130410	g40094
OG0012153	As006G130490	g2297
OG0012154	As006G130900	g40108
OG0012155	As006G130920	g40106
OG0012156	As006G130950	g40150
OG0012157	As006G131490	g50660
OG0012158	As006G131580	g36793
OG0012159	As006G131630	g27620
OG0012160	As006G131670	g38283
OG0012161	As006G131950	g38304
OG0012162	As006G132070	g51069
OG0012163	As006G132140	g38311
OG0012164	As006G132610	g17105
OG0012165	As006G132740	g12714
OG0012166	As006G132870	g7932
OG0012167	As006G133230	g7945
OG0012168	As006G133630	g45280
OG0012169	As006G133690	g39333, g45282
OG0012170	As006G133890	g47800
OG0012171	As006G134230	g23693
OG0012172	As006G134850	g12701
OG0012173	As006G134880	g7917
OG0012174	As006G135720	g12677
OG0012175	As006G136140	g7834, g12657
OG0012176	As006G136620	g12775
OG0012177	As006G136690	g12779
OG0012178	As006G136790	g7815
OG0012179	As006G136800	g12787
OG0012180	As006G137290	g7795
OG0012182	As006G137420	g12796
OG0012183	As006G137680	g12811
OG0012184	As006G137750	g7752
OG0012185	As006G137870	g7746
OG0012186	As006G137930	g12590
OG0012188	As006G138440	g7715
OG0012189	As006G138890	g12861
OG0012190	As006G138950	g12873
OG0012191	As012G287770, As006G139620	g1816
OG0012193	As006G139940	g7651
OG0012194	As006G140090	g7647
OG0012195	As006G140270	g29679
OG0012196	As006G140450	g7624
OG0012197	As006G140530	g12466
OG0012198	As006G140550	g7621
OG0012199	As006G140660	g13527
OG0012201	As006G140950	g12449, g7604
OG0012202	As006G142050	g13001, g7536
OG0012203	As006G142470	g51884
OG0012204	As006G142510	g41156
OG0012205	As006G142570, As006G142560	g37356
OG0012206	As006G142750	g51869
OG0012207	As006G142940	g38136
OG0012208	As006G143210	g51465
OG0012209	As006G143740	g38122
OG0012210	As006G144030	g38114
OG0012211	As006G144120	g51745
OG0012212	As006G144530	g51560
OG0012213	As006G144930	g38037
OG0012214	As006G145150	g10269
OG0012215	As006G145180	g38044
OG0012216	As006G145270	g37178
OG0012217	As006G145380	g51606
OG0012218	As006G145430	g51610
OG0012219	As006G145640	g37193
OG0012221	As006G147070	g51690
OG0012222	As006G148350	g51719
OG0012223	As006G148640, As009G217760	g9923
OG0012224	As012G275820, As006G148800	g11334, g19271
OG0012225	As007G151880	g31580
OG0012226	As007G152160	g31604
OG0012227	As007G152190	g31611
OG0012228	As007G152200, As007G181860	g49945
OG0012229	As007G152240	g27310, g49949
OG0012230	As007G152870	g31648
OG0012231	As007G152960	g49973
OG0012232	As007G153150	g49980
OG0012233	As007G153180	g31662
OG0012234	As007G153200	g31664
OG0012235	As007G153280	g49981
OG0012236	As007G153420	g49987
OG0012237	As007G154320	g31735
OG0012238	As007G154620	g50033
OG0012239	As007G154830	g50042
OG0012240	As007G154840	g31775, g27404
OG0012241	As007G155420	g27426
OG0012242	As007G155480	g31817
OG0012243	As007G155570	g31825
OG0012244	As007G155850	g31860
OG0012245	As007G155950	g31870
OG0012246	As007G156570	g31918
OG0012247	As007G156690	g31941, g27462
OG0012248	As007G156870	g31949
OG0012249	As007G157300	g31987, g50188
OG0012250	As007G157900	g50210
OG0012251	As010G235610, As007G158040	g17954
OG0012254	As007G158180	g50230
OG0012255	As007G158220	g50236
OG0012256	As007G159120	g50272, g27539
OG0012257	As007G159140	g50274
OG0012259	As007G159550	g32102
OG0012261	As007G159810	g50306
OG0012262	As007G159850	g50310
OG0012263	As007G160510	g32142
OG0012264	As007G160700	g32156
OG0012265	As007G160800	g27591
OG0012266	As007G160880	g32166
OG0012267	As007G160960	g32172
OG0012268	As007G161080	g32186
OG0012269	As007G161120	g50370
OG0012270	As007G161460	g32211
OG0012271	As007G161720	g32241
OG0012272	As007G162320	g27126
OG0012273	As007G162330	g31168
OG0012274	As007G162390, As010G225840	g3076
OG0012275	As007G162850	g47507
OG0012276	As007G163110	g47512
OG0012277	As007G163170	g47516
OG0012278	As007G163200	g19540
OG0012279	As007G163500	g23822
OG0012280	As007G163760	g23809
OG0012281	As007G165140	g17161
OG0012282	As007G165790	g17166
OG0012283	As007G166060	g36873
OG0012284	As007G166780	g28422
OG0012286	As007G177710	g38332
OG0012287	As007G177850	g2786
OG0012288	As007G178120	g50982
OG0012289	As007G178590	g38399
OG0012290	As007G178990	g36892, g38403
OG0012291	As007G179050	g24721, g38406
OG0012292	As007G179150	g50964, g38413
OG0012293	As007G179210	g28982
OG0012294	As007G179870	g50907, g36917
OG0012296	As007G180400	g36934
OG0012298	As007G180520	g50891
OG0012299	As007G180530	g50890
OG0012301	As007G181070, As007G181420, As007G181120	g38533
OG0012302	As007G181770	g38538
OG0012303	As007G181780	g38539
OG0012304	As007G181850	g10978, g40570
OG0012305	As007G181970	g38555
OG0012306	As007G181990	g44596
OG0012307	As007G182090	g50847
OG0012308	As007G182110	g50845
OG0012309	As007G182260	g38557
OG0012310	As008G182370	g27291
OG0012311	As008G183120	g31515
OG0012312	As008G183200	g31510
OG0012313	As008G183280	g49903
OG0012314	As008G183700	g49883
OG0012315	As008G183990	g31450
OG0012316	As008G184390	g27207
OG0012318	As008G184520	g27197, g27195
OG0012319	As008G185040	g31370
OG0012321	As008G185270	g31353
OG0012322	As008G185370	g31348
OG0012323	As008G185400	g31346
OG0012324	As008G186000	g31318
OG0012325	As010G230500, As008G186490	g31334
OG0012326	As008G186550	g27136, g31297
OG0012327	As008G186640	g49757
OG0012329	As008G186850	g31271
OG0012330	As008G187090	g31257
OG0012331	As008G187200	g27117
OG0012332	As008G187480	g49703
OG0012333	As008G187650	g31227
OG0012334	As008G188020	g49699
OG0012335	As008G188050	g31211
OG0012336	As008G188500	g31177
OG0012337	As008G188730	g31163
OG0012338	As008G189120	g23599
OG0012339	As012G282330	g2179
OG0012340	As008G189160	g31151
OG0012341	As008G189350	g49655
OG0012342	As008G189830	g31125
OG0012343	As008G189920	g31133
OG0012344	As008G190310	g49676
OG0012345	As008G190480	g49661
OG0012346	As008G190970	g31117
OG0012347	As008G191420	g31113
OG0012348	As008G191490	g31096
OG0012349	As008G191630	g28631
OG0012350	As012G288180, As008G192220	g11151
OG0012351	As008G192500	g51046
OG0012353	As008G192980	g31051
OG0012354	As008G193200	g31036
OG0012355	As008G193770	g39876
OG0012356	As008G194400	g38324
OG0012357	As008G194870	g49497
OG0012358	As008G195620	g26949, g30897
OG0012359	As008G195910	g26944
OG0012360	As008G195930	g30884
OG0012361	As008G196180	g30870
OG0012362	As008G196440	g49445
OG0012363	As008G196920	g49427
OG0012364	As008G196940	g30839
OG0012365	As008G197080	g26910
OG0012366	As008G197390	g49401
OG0012367	As008G197550	g25022
OG0012368	As008G197630	g49391
OG0012369	As008G197880	g49380
OG0012370	As008G198250	g26880
OG0012371	As008G198590	g49337, g30758
OG0012372	As008G198630	g30749
OG0012373	As008G198760	g26873, g30741
OG0012374	As008G198780	g49320
OG0012375	As008G198790	g49321
OG0012376	As008G198800	g49324
OG0012377	As008G199310	g49297
OG0012379	As009G199750	g29330
OG0012380	As009G199860	g45663
OG0012381	As009G200060	g5193
OG0012383	As009G200760	g29276
OG0012384	As009G200800	g45681
OG0012385	As009G200960	g24281
OG0012386	As009G201170	g5115
OG0012387	As009G201190	g5116
OG0012388	As009G201510, As011G255540	g5086
OG0012389	As009G201590	g5084, g29217
OG0012390	As009G201680	g5078
OG0012391	As009G201690	g5077
OG0012392	As009G201950	g45717
OG0012393	As009G202050	g5061
OG0012394	As009G202230	g5054, g45725
OG0012395	As009G202480	g45735
OG0012396	As009G202560	g5032
OG0012397	As009G202610	g29176
OG0012398	As009G203570	g28991
OG0012399	As009G204280, As009G204390	g41466
OG0012400	As009G204410	g29049
OG0012401	As009G204470	g29061
OG0012402	As009G204550	g29069, g4912
OG0012403	As009G205080	g41433
OG0012404	As009G205090	g4878
OG0012405	As009G205240	g5009
OG0012406	As009G206040	g10131
OG0012407	As009G206100	g10134
OG0012408	As009G206150	g10136
OG0012409	As009G206690, As009G206640	g4769
OG0012410	As009G207080	g44735, g44730
OG0012411	As009G207640	g10195
OG0012412	As009G207920	g10214
OG0012413	As009G208320	g10225
OG0012414	As009G208700	g10237
OG0012416	As009G211370	g5576
OG0012417	As009G211420	g5579
OG0012418	As009G211590	g29660
OG0012419	As009G211850	g29667
OG0012420	As009G211890	g29669
OG0012421	As009G212120	g10296
OG0012422	As009G212170	g29353
OG0012423	As009G212220	g5595
OG0012424	As009G212240	g29682
OG0012425	As009G212440	g29690
OG0012426	As009G213230	g29725
OG0012427	As009G213980	g39331
OG0012428	As009G214260	g29766
OG0012429	As009G214290	g45414, g40769
OG0012431	As009G214950	g623, g10086
OG0012432	As009G215420	g10051
OG0012433	As009G216450	g9998
OG0012434	As009G216490	g18573
OG0012435	As009G216610	g513
OG0012436	As009G217010	g18586
OG0012437	As009G217130	g487
OG0012438	As009G217270	g471
OG0012440	As009G217290	g470
OG0012441	As009G217540	g453, g9950
OG0012442	As009G217740	g9925
OG0012444	As009G218460	g388
OG0012445	As009G218990	g354, g9853
OG0012446	As009G219010	g9851
OG0012447	As009G219060	g345
OG0012448	As009G219360	g9834, g328
OG0012449	As009G219610	g28715
OG0012450	As009G219660	g1212
OG0012452	As009G220120	g28695
OG0012453	As010G220740	g19345
OG0012454	As010G220840	g19352
OG0012455	As010G220890	g2548
OG0012456	As010G221110	g11363, g2583
OG0012457	As010G221150	g2585
OG0012458	As010G221290	g19369
OG0012459	As010G221750	g19398
OG0012460	As010G221900	g19409
OG0012461	As010G222280	g2676, g19456, g19444
OG0012462	As010G222320	g19441, g19453
OG0012463	As010G222390	g19438
OG0012464	As010G222420	g2688
OG0012465	As010G222700	g19419
OG0012466	As010G222830, As010G222820, As010G222840	g2723
OG0012467	As010G223470	g2734
OG0012468	As010G223480	g19504
OG0012469	As010G223540	g19513, g2731
OG0012470	As010G223570	g2729
OG0012471	As010G224120	g19527, g2813
OG0012472	As010G224260	g28708
OG0012473	As010G224400	g19545
OG0012474	As010G224510	g19551
OG0012475	As010G224540	g11432
OG0012476	As010G224900	g2914
OG0012477	As010G225540	g3000
OG0012478	As010G225830	g11449
OG0012479	As010G226060	g3130
OG0012480	As010G226420	g3427
OG0012481	As010G226650	g3495
OG0012482	As010G226840	g1612
OG0012483	As010G226910	g11510
OG0012484	As010G227930	g44887
OG0012485	As010G228110	g41652
OG0012486	As010G228800	g44902
OG0012487	As010G228920	g41725, g44907
OG0012488	As010G229020	g38395
OG0012489	As010G229350	g44866
OG0012490	As010G229460	g41765
OG0012491	As010G230010	g18034
OG0012492	As010G231440	g44802
OG0012494	As010G231530	g45756
OG0012495	As010G232040	g45776
OG0012496	As010G232510	g44763
OG0012497	As010G232540	g45797
OG0012498	As010G232550	g44762
OG0012499	As010G240630, As010G232630	g46029
OG0012500	As010G233190	g45834
OG0012501	As010G233380	g45856
OG0012502	As010G233480	g44695
OG0012503	As010G233970	g45897
OG0012504	As010G234100	g45910
OG0012505	As010G234540	g45943
OG0012506	As010G235170	g46436
OG0012508	As010G235570	g46393
OG0012509	As010G235830	g46374
OG0012510	As010G235840	g46373
OG0012511	As010G236000	g17961
OG0012512	As010G236160	g46341
OG0012513	As010G236190	g46338
OG0012514	As010G236410	g17962
OG0012515	As010G236690	g44385
OG0012516	As010G236760	g46302, g44388
OG0012517	As010G236880	g46289
OG0012518	As010G237230	g44407
OG0012519	As010G237470	g46247
OG0012520	As010G238390	g46187
OG0012521	As010G238440	g46184
OG0012522	As010G238470	g46182
OG0012523	As010G238680	g46170
OG0012524	As010G238690	g46169
OG0012525	As010G238920	g46152
OG0012526	As010G239490	g17989
OG0012527	As010G239660, As010G239630	g46103
OG0012528	As010G239740	g46095
OG0012529	As010G239940	g46083
OG0012531	As010G241330	g45997
OG0012532	As010G241440	g45951
OG0012533	As010G241920, As010G241930	g46460
OG0012534	As010G242000	g46465
OG0012535	As010G242090	g44352
OG0012536	As010G242440	g46498, g44340
OG0012537	As010G242450	g46499, g44339
OG0012538	As010G242550	g46507
OG0012539	As010G242600	g46511
OG0012541	As010G243050	g46535
OG0012544	As010G244330	g36648
OG0012545	As010G244360	g46607
OG0012547	As010G244490	g44264
OG0012548	As010G244510	g13829
OG0012549	As010G244530	g1633
OG0012550	As011G244650	g12269
OG0012551	As011G245080	g7255
OG0012552	As011G245100	g12246
OG0012553	As011G246120	g36683
OG0012554	As012G269240, As011G246250	g7185
OG0012555	As011G246470	g7165
OG0012556	As011G246560	g12177
OG0012558	As011G247290	g7112
OG0012559	As011G247310	g12144
OG0012560	As011G247350	g7107
OG0012561	As011G247990	g7059
OG0012562	As011G248200	g12103
OG0012563	As011G248770	g13262, g7004
OG0012564	As011G249030	g6989
OG0012565	As011G249090	g12064
OG0012566	As011G249200	g6980
OG0012567	As011G249240	g6977
OG0012568	As011G249250	g13275
OG0012569	As011G249440	g13281
OG0012570	As011G249730	g12036
OG0012571	As011G249740	g6927
OG0012572	As011G249750	g12035
OG0012573	As011G249810	g6923
OG0012574	As011G250350	g12014
OG0012575	As011G250420	g12010
OG0012576	As011G250480	g6876
OG0012577	As011G250630	g12003
OG0012578	As011G250800	g11993, g13317
OG0012579	As011G251020	g11982
OG0012580	As011G257310, As011G251260	g6823
OG0012581	As011G251330	g13333
OG0012582	As011G251490	g11958
OG0012583	As011G251950	g6772
OG0012584	As011G252130	g6756
OG0012585	As011G252350	g11935, g6754
OG0012586	As011G252700	g6731
OG0012587	As011G253060	g11894
OG0012588	As012G271750, As011G253070	g36488, g28043
OG0012589	As011G253190	g13373
OG0012590	As011G253720	g11861
OG0012591	As011G254350	g47085
OG0012592	As011G254870	g6560
OG0012593	As011G255000	g11769
OG0012594	As011G255140	g6547
OG0012595	As011G255460	g6523
OG0012596	As011G255690	g6509
OG0012597	As011G255720	g13476
OG0012598	As011G255820	g11741
OG0012599	As011G255850	g6493
OG0012600	As011G255960	g31136
OG0012601	As011G255990	g6488
OG0012602	As011G256290	g11727, g13488, g6464
OG0012603	As011G256350	g6337
OG0012604	As011G256860	g6444
OG0012605	As011G258290	g6368
OG0012606	As011G258460	g13526
OG0012607	As011G259040, As011G258870	g11654
OG0012608	As011G260580	g6305
OG0012609	As011G260770	g6021
OG0012610	As011G261240	g11578
OG0012611	As011G261480	g11603
OG0012612	As011G261570	g11615
OG0012613	As011G261640	g11631
OG0012614	As011G261890	g13659
OG0012615	As011G261960	g6222
OG0012616	As011G261970	g13668
OG0012617	As011G262410	g6191
OG0012618	As011G262520	g6187
OG0012619	As011G262640	g6165
OG0012620	As011G263000	g6149
OG0012621	As011G263010	g14216, g6148
OG0012622	As011G263080	g14215
OG0012623	As011G263410	g6140, g14194
OG0012624	As011G263610	g14077
OG0012625	As011G263660	g13713
OG0012626	As011G263690	g37271, g51715
OG0012627	As011G263720	g14073
OG0012628	As011G264290	g14040
OG0012629	As011G264470	g14023
OG0012630	As011G264480	g14022
OG0012631	As011G264600	g14008
OG0012632	As011G264900	g6034
OG0012633	As011G264970	g13759
OG0012634	As011G265020	g13983
OG0012635	As011G265250, As011G265240	g6003
OG0012638	As011G265970	g13917
OG0012639	As011G266110	g5958
OG0012640	As011G266330	g13809
OG0012641	As011G266550	g5939
OG0012642	As011G266770	g5930
OG0012643	As011G267160	g13824
OG0012645	As012G267780	g5875, g6176
OG0012646	As012G267830	g54377, g54381, g54382
OG0012647	As012G268000	g5961, g25047, g25050
OG0012650	As012G269350	g36675, g54358
OG0012651	As012G269580	g36659
OG0012652	As012G269680	g54298
OG0012653	As012G269730	g36633, g54296
OG0012654	As012G269990	g36604
OG0012655	As012G270220, As012G270210	g28009
OG0012656	As012G270400	g54275
OG0012657	As012G270720	g54262
OG0012659	As012G271330	g54230
OG0012660	As012G271350	g36520
OG0012661	As012G271450	g54216
OG0012662	As012G271640	g36482
OG0012663	As012G271690	g36485
OG0012664	As012G271930	g28049
OG0012665	As012G271970	g36460
OG0012666	As012G271980	g54199
OG0012667	As012G272170, As012G272160	g36446
OG0012668	As012G272500	g28064
OG0012669	As012G272560	g36413
OG0012670	As012G272620	g54152, g36410
OG0012671	As012G272900	g54132
OG0012672	As012G272910	g54193
OG0012673	As012G273180	g54098
OG0012674	As012G273360	g54108
OG0012675	As012G273410	g28090
OG0012676	As012G273660	g54083
OG0012677	As012G273770	g36323
OG0012678	As012G273890	g54069, g36301
OG0012679	As012G273900	g54068
OG0012680	As012G274280	g47142
OG0012681	As012G274330	g24389
OG0012682	As012G274510	g47130
OG0012683	As012G274660	g24407
OG0012684	As012G274690	g24410
OG0012685	As012G274700	g24416
OG0012686	As012G274870	g51481
OG0012687	As012G275300	g37078
OG0012688	As012G275360	g37981
OG0012689	As012G275510	g11338
OG0012690	As012G275520	g11337
OG0012691	As012G275680	g2427
OG0012692	As012G275880	g11333
OG0012693	As012G275930	g11330
OG0012695	As012G276090	g11325
OG0012696	As012G276350, As012G276340, As012G283430	g2406
OG0012697	As012G276580	g11319
OG0012698	As012G277030	g2362, g19202
OG0012699	As012G277210	g11311
OG0012700	As012G277380, As012G277220	g29124
OG0012701	As012G277790	g2325
OG0012702	As012G278050	g2318
OG0012703	As012G279200	g2461
OG0012704	As012G279920	g2301
OG0012705	As012G280160	g19150
OG0012706	As012G280920	g2244
OG0012707	As012G281140	g2257
OG0012708	As012G281800	g19094
OG0012709	As012G282000	g2193
OG0012710	As012G282040	g19074
OG0012711	As012G282140	g19070
OG0012712	As012G282210	g11273, g28268, g2186
OG0012713	As012G282800	g6211, g19033
OG0012714	As012G282820	g2158
OG0012715	As012G283410, As012G283010	g2139
OG0012716	As012G283020	g19020
OG0012717	As012G283050	g19018
OG0012718	As012G283260	g19010
OG0012719	As012G283270	g19009
OG0012720	As012G283400	g17923
OG0012721	As012G283650	g2080
OG0012722	As012G283710	g18997
OG0012723	As012G283740	g18995
OG0012724	As012G283830	g2087
OG0012725	As012G284330	g2133
OG0012726	As012G284850	g1985
OG0012727	As012G284860	g1986
OG0012728	As012G284970	g52079, g48947
OG0012729	As012G285170	g2004
OG0012730	As012G285190	g18911
OG0012731	As012G285700	g2030
OG0012732	As012G285760	g1963
OG0012733	As012G286560, As012G286500	g1913
OG0012734	As012G286590	g18819
OG0012735	As012G286960	g1887
OG0012736	As012G288030	g1781
OG0012737	As012G288270	g1761
OG0012738	As012G288400	g18795
OG0012739	As012G288610	g18729
OG0012740	As012G289060	g18769
OG0012741	As012G289130	g18774
OG0012836	As001G000020	g23578
OG0012837	As001G000120	g17053
OG0012838	As001G000230	g47663
OG0012839	As001G000500	g23541
OG0012840	As001G000690	g23529
OG0012841	As001G000950	g47691
OG0012842	As001G001240	g23471
OG0012843	As001G001380	g47699
OG0012844	As001G001450	g37378, g51969
OG0012845	As001G001760	g16996
OG0012846	As001G002370	g23410
OG0012847	As001G002540	g23391
OG0012848	As001G002650	g16977
OG0012849	As001G002980	g23375
OG0012850	As001G003010	g47759
OG0012851	As001G003230	g23359
OG0012852	As001G003330	g47766
OG0012853	As001G003480	g47776
OG0012854	As001G003750	g23325
OG0012855	As001G004360	g16941
OG0012856	As001G004490	g16938
OG0012857	As001G004740, As006G131340	g16928
OG0012858	As001G004800	g16925
OG0012859	As001G004970	g23272
OG0012860	As001G005080	g23264
OG0012862	As001G005410	g47819
OG0012863	As001G005620	g16907
OG0012864	As001G005790	g16908
OG0012865	As001G006360	g47824
OG0012866	As001G006470	g47821
OG0012867	As001G006730	g23207
OG0012868	As001G010040, As001G015380	g23176
OG0012869	As001G010180	g47841
OG0012870	As001G010240	g23179
OG0012871	As001G010370	g23175
OG0012872	As001G010540	g23168
OG0012873	As001G010710	g23163
OG0012874	As209G297120, As001G011160	g19739, g19692, g19723, g19771
OG0012875	As001G012610	g23146
OG0012876	As001G012780	g23108
OG0012877	As001G013730	g23138
OG0012878	As001G014090	g23104
OG0012880	As001G014540	g23044
OG0012881	As001G014860	g23031
OG0012882	As008G187250, As003G072380, As001G014950	g22953
OG0012883	As001G015090	g23024
OG0012884	As001G015140	g13566
OG0012885	As001G015680	g50572
OG0012886	As004G078740, As001G015700	g50573
OG0012887	As004G078990, As001G015910	g50589
OG0012888	As001G015960	g27746
OG0012889	As001G016910	g32612
OG0012890	As001G016940	g32616
OG0012891	As001G017100	g50654, g50655
OG0012892	As001G017610	g24319
OG0012894	As001G017870	g47171
OG0012895	As001G017880	g47170
OG0012896	As001G018010, As004G083020	g47163
OG0012897	As001G018090	g17586
OG0012898	As001G018230	g17589
OG0012899	As001G018370	g43836
OG0012900	As001G018490	g41132
OG0012901	As001G018520	g1684
OG0012902	As001G018680	g41129
OG0012903	As001G018750	g43906
OG0012904	As001G018780	g41127
OG0012905	As001G018800	g41126
OG0012906	As001G018970	g43971
OG0012907	As001G019020	g41118
OG0012908	As001G019030	g41114
OG0012909	As001G019380	g44016
OG0012910	As001G019390	g44015
OG0012911	As001G019670	g41068
OG0012912	As001G019760	g44042
OG0012913	As001G019920	g38258
OG0012914	As001G020050, As001G019940	g41053
OG0012915	As001G020170	g41046
OG0012916	As001G020240	g44088
OG0012917	As001G020360	g41040
OG0012918	As001G020390	g44100
OG0012919	As001G020880	g41021
OG0012920	As001G020940	g41016
OG0012921	As001G020970	g44137
OG0012922	As001G021020	g41004
OG0012923	As001G021140	g44138
OG0012924	As001G021180	g40995
OG0012925	As001G021450	g44152
OG0012926	As001G021460	g40979
OG0012927	As001G021470	g44153
OG0012929	As001G021570	g40972
OG0012930	As001G021600	g44166
OG0012931	As001G021990	g40937
OG0012932	As001G022280	g10821
OG0012933	As001G022320	g10816
OG0012934	As001G022340	g10814
OG0012935	As001G022430	g10807
OG0012936	As001G022730	g10778
OG0012937	As001G022770	g10774
OG0012938	As001G022790	g10772
OG0012940	As001G023060	g10743
OG0012941	As001G023130	g10739
OG0012942	As001G023500	g1522
OG0012943	As001G023580	g10706
OG0012944	As001G023810	g10683
OG0012945	As001G023840	g10680
OG0012946	As001G023980, As008G183430	g27253
OG0012947	As001G023990	g16680
OG0012948	As001G024290	g10658
OG0012949	As001G024440	g10643
OG0012950	As001G024540	g10628
OG0012951	As001G024920	g10601
OG0012952	As001G025000	g1581
OG0012953	As001G025140	g1585
OG0012954	As001G025180	g1587
OG0012955	As001G025320	g10572
OG0012956	As001G025440	g1593
OG0012957	As001G025490	g1595
OG0012958	As001G025600	g1597
OG0012959	As001G025620, As001G025630	g10551
OG0012960	As001G025860	g10530
OG0012961	As001G025900	g10527
OG0012962	As001G026010	g10518
OG0012963	As001G026020, As005G112790	g10517
OG0012965	As001G026210	g10500
OG0012966	As001G026300	g46662
OG0012968	As001G026690	g10460
OG0012970	As001G026790	g16570
OG0012971	As001G026950	g10432
OG0012972	As001G027170	g10407
OG0012973	As001G027180	g10406
OG0012974	As001G027210	g4296
OG0012975	As001G027410	g10396
OG0012977	As001G027710	g10366
OG0012978	As001G028110	g10320
OG0012979	As001G028130	g10318
OG0012980	As001G028280, As004G077830	g46738
OG0012981	As001G028310	g41791
OG0012982	As001G028320	g44919
OG0012983	As001G028420	g44930
OG0012984	As001G028430, As004G077710	g44931
OG0012985	As001G028490	g44953
OG0012986	As001G028670	g44972
OG0012987	As001G028970	g45006
OG0012988	As001G029050	g45019
OG0012989	As001G029060	g45020
OG0012990	As001G029360	g51957
OG0012991	As001G029440	g45082
OG0012992	As001G029490	g18059
OG0012993	As001G029500	g45090
OG0012994	As001G029580	g18060
OG0012995	As001G029970	g17927
OG0012996	As001G030060	g41131
OG0012997	As001G030140	g6527
OG0012998	As001G030240	g40736
OG0012999	As001G030390	g40753
OG0013001	As001G030670	g41067, g40780
OG0013002	As001G030720	g40825
OG0013003	As001G030730	g40824
OG0013004	As001G030820, As001G030830	g43513
OG0013005	As001G030860	g40817
OG0013006	As001G030890	g40814
OG0013007	As001G030920	g40810
OG0013008	As001G030930	g40809
OG0013009	As001G030960	g40807
OG0013010	As001G031120	g44261
OG0013011	As001G031190	g40791
OG0013012	As001G031260	g44255
OG0013013	As001G031360	g40842
OG0013014	As001G031390	g40844
OG0013015	As001G031500	g31404
OG0013016	As001G031620	g40860
OG0013017	As001G031720	g44242
OG0013018	As001G031900	g44237
OG0013019	As001G031930	g40887
OG0013020	As001G032100	g40905
OG0013021	As001G032130, As008G185320	g27180
OG0013022	As001G032170	g40919
OG0013023	As001G032180	g40920
OG0013024	As002G032520	g47559, g23733
OG0013025	As002G032630	g23724
OG0013026	As002G032660	g23721
OG0013027	As002G032690	g47573
OG0013028	As002G032830	g23713
OG0013029	As002G032870	g46840
OG0013030	As002G033090, As002G038070	g37384
OG0013031	As002G033220	g51976
OG0013032	As002G033470	g37377
OG0013033	As002G033480	g51968
OG0013034	As002G033600	g51959
OG0013035	As002G033820	g51927, g51942
OG0013036	As002G033870	g38143
OG0013037	As002G033910	g7517
OG0013038	As002G034060, As002G034050	g13023
OG0013039	As002G034100	g13028
OG0013040	As002G034450	g7480
OG0013041	As002G034460, As002G034620, As002G034550	g7479
OG0013042	As002G035000	g7458, g12389
OG0013043	As002G035180	g13067
OG0013044	As002G035240	g47502
OG0013045	As002G035270	g13069
OG0013046	As002G035330	g12381
OG0013048	As002G035360	g7445
OG0013049	As002G035640	g13087
OG0013050	As002G035660	g13089
OG0013051	As002G035730	g28979
OG0013052	As002G036090	g13106
OG0013053	As002G036100	g12362
OG0013054	As002G036160	g7417
OG0013055	As002G036430	g7408
OG0013056	As008G186240, As002G036600	g31305, g49769
OG0013057	As002G037040	g12330
OG0013058	As002G037400	g7374
OG0013059	As002G037430	g7371
OG0013060	As002G038180	g13132
OG0013061	As002G038190	g7338
OG0013062	As002G038480	g7333
OG0013063	As002G038730	g12294, g7331
OG0013064	As007G177910, As002G038790	g39859
OG0013065	As002G038880	g12287
OG0013066	As002G039180	g23582
OG0013068	As002G040090	g37835
OG0013069	As002G040170	g26734
OG0013070	As002G040200	g1476
OG0013071	As002G040650	g1460
OG0013072	As002G040860	g1449
OG0013073	As002G041340	g26787
OG0013074	As002G041650	g1427
OG0013075	As002G041750	g1421
OG0013076	As002G041920	g1413
OG0013077	As002G041970	g26817
OG0013078	As002G042200	g28257, g1401
OG0013079	As002G042400	g1383
OG0013080	As002G042410, As011G257720	g6410
OG0013081	As002G042880	g28311
OG0013082	As002G043140	g28322
OG0013083	As002G043260	g28326
OG0013084	As002G043460	g1328
OG0013085	As002G043590	g41174, g41192
OG0013086	As002G043680	g1321
OG0013087	As002G043830	g28355
OG0013088	As002G043890	g1303
OG0013089	As002G044050	g871
OG0013090	As002G044140	g877
OG0013091	As002G044460	g28388, g36025
OG0013092	As002G044690	g41250
OG0013093	As002G045230	g41289, g41290
OG0013094	As002G045280	g17074, g23610
OG0013095	As002G045550	g39441
OG0013096	As002G045560	g28451
OG0013097	As002G045580	g944
OG0013098	As002G045640	g28449
OG0013099	As002G045670	g938
OG0013100	As002G045680	g28446, g38451
OG0013101	As002G045690	g28444
OG0013102	As002G046020	g28466
OG0013103	As002G046080	g39427
OG0013104	As002G046290	g28483
OG0013105	As002G046320	g6255, g6277, g3081
OG0013106	As002G046570	g28492
OG0013107	As002G046610	g39396
OG0013108	As002G046620	g978
OG0013109	As002G046630	g28493
OG0013110	As002G046660	g980
OG0013111	As002G046670	g981
OG0013113	As002G047050	g1005
OG0013114	As002G047080, As006G134560	g23675
OG0013115	As002G047100	g28512
OG0013116	As002G047260	g1017
OG0013117	As002G047420	g28525
OG0013118	As002G047520	g39363
OG0013119	As002G047700	g1039
OG0013120	As002G047850	g28541
OG0013121	As002G047910	g1054
OG0013122	As002G048080	g1064
OG0013123	As002G048180	g1073
OG0013124	As002G048850	g28618
OG0013125	As002G048940	g39316
OG0013126	As002G048960	g28629
OG0013127	As002G049040	g1103, g28636
OG0013128	As002G049050	g1104
OG0013129	As002G049190	g28644
OG0013130	As002G049430	g1135
OG0013131	As002G049550	g28665
OG0013132	As002G049880	g28684
OG0013133	As002G049910	g28686
OG0013134	As002G050020	g24287
OG0013135	As002G050090	g467
OG0013136	As002G050130	g10305
OG0013137	As002G050340	g29361
OG0013138	As002G050390	g45616, g29366
OG0013139	As002G050410	g5283
OG0013140	As002G050690	g29385
OG0013141	As002G050790	g29392
OG0013142	As002G050830	g45602
OG0013143	As002G050940	g45591, g18351
OG0013144	As002G051970, As002G050960	g29399
OG0013145	As002G051050	g5319
OG0013146	As002G051070	g45588
OG0013147	As002G051110	g5324
OG0013148	As002G051390	g29425
OG0013149	As002G051490	g5351
OG0013150	As002G051590	g5364
OG0013151	As002G051610	g5366
OG0013152	As002G051640	g45570
OG0013153	As002G051760	g5368
OG0013154	As002G051880	g45566
OG0013155	As002G051890	g5375
OG0013156	As002G051980	g5380
OG0013157	As002G051990	g5381
OG0013158	As002G052350	g45554
OG0013159	As002G052370	g45551
OG0013160	As002G053120	g29510
OG0013161	As002G053500	g29543
OG0013162	As002G053530	g29546
OG0013163	As002G053770	g29559
OG0013164	As002G053850	g5457
OG0013165	As002G053880	g29564
OG0013166	As002G053970	g5468
OG0013167	As002G054090	g5475
OG0013168	As002G054110	g29572
OG0013169	As002G054120	g45506
OG0013170	As002G054160	g5484
OG0013171	As002G054380	g5498
OG0013172	As009G217140, As002G054500	g486
OG0013174	As002G054750	g29600, g45491
OG0013175	As002G054760	g5516
OG0013176	As002G055010	g29608
OG0013177	As002G055060	g45488, g29611
OG0013178	As002G055070	g5534
OG0013179	As002G055460	g29635, g5556
OG0013180	As002G055530	g380
OG0013181	As002G055570	g45474
OG0013182	As003G055720	g47202
OG0013183	As003G055890	g17531
OG0013184	As003G055980	g24247
OG0013185	As003G056080	g24241
OG0013186	As003G056090	g24240
OG0013187	As003G056370	g47255
OG0013188	As003G056610	g47261
OG0013189	As003G056640	g47262
OG0013190	As003G056650	g23964, g47263
OG0013191	As003G056910	g40590
OG0013192	As003G057010	g47276
OG0013193	As003G057120	g17466, g24172
OG0013194	As003G057200	g47281
OG0013195	As003G057240	g47285
OG0013196	As004G088190, As003G057280	g47288
OG0013197	As003G057360	g24156
OG0013198	As003G057470	g17447
OG0013202	As003G058300	g24071
OG0013203	As003G058310	g2103
OG0013204	As003G058330	g47333
OG0013205	As003G058370	g18283
OG0013206	As003G058700, As003G058660	g47345
OG0013207	As003G059160	g24022
OG0013208	As003G059390	g47373
OG0013209	As003G059650	g47386
OG0013210	As003G060040	g23974
OG0013211	As003G060270	g23967
OG0013212	As003G060300	g45818
OG0013213	As003G060440	g23958
OG0013214	As003G060600	g17287
OG0013217	As003G061880	g23873
OG0013218	As003G061990	g17248
OG0013219	As003G062000	g47479
OG0013220	As003G062190	g23849
OG0013221	As003G062350	g27790
OG0013223	As003G062750	g32665
OG0013224	As003G062780	g32667
OG0013225	As003G062890	g702, g28953
OG0013226	As003G062900	g23741
OG0013228	As003G062990	g27803
OG0013229	As003G063230	g27808
OG0013230	As003G063250	g50742
OG0013231	As003G063320	g32765
OG0013232	As003G063400	g27860
OG0013233	As003G063480	g27865
OG0013234	As003G063610	g32900, g27876
OG0013235	As003G063780	g32970
OG0013236	As003G063860	g37798
OG0013237	As003G063920, As004G080210	g46638
OG0013238	As003G064220	g35910
OG0013239	As003G064460	g53899
OG0013240	As003G064740	g13017
OG0013241	As003G064940	g50566
OG0013242	As003G064950	g28214
OG0013243	As003G065250	g28140
OG0013245	As003G065440	g36261
OG0013246	As003G065510	g36244
OG0013247	As003G066020	g28239, g28242
OG0013248	As003G066040	g53719
OG0013249	As003G066060	g53718
OG0013250	As003G066370, As003G066380	g28139
OG0013251	As003G066640	g36201
OG0013252	As003G067320	g32302, g32298
OG0013253	As003G067640	g32271, g32296
OG0013254	As003G068480	g32319
OG0013255	As003G068580	g50451
OG0013256	As003G068630	g27651
OG0013257	As003G069200	g50487
OG0013258	As003G069290	g32363
OG0013259	As003G069500	g32374
OG0013260	As003G069700	g27673
OG0013261	As003G069710	g11705
OG0013262	As003G069860	g32390
OG0013263	As003G070010	g50508
OG0013264	As003G070280	g50519
OG0013265	As003G070830	g27697
OG0013266	As003G071670	g23005
OG0013267	As005G105870, As003G071700	g23003
OG0013268	As003G071940	g22981
OG0013269	As003G072170	g47941
OG0013270	As003G072210	g47944
OG0013271	As003G072260	g47948
OG0013272	As011G264800, As003G072280	g13997
OG0013273	As003G072470	g22943
OG0013274	As003G072570	g22931
OG0013275	As003G072580	g22930
OG0013276	As003G072610	g22927
OG0013277	As003G072630	g22925
OG0013278	As003G072690	g22921
OG0013279	As003G072820	g22914
OG0013280	As003G072850	g18255
OG0013281	As003G073160	g22885
OG0013283	As003G073320	g22872
OG0013284	As003G073380	g18269
OG0013285	As003G073700	g47989
OG0013286	As003G074200	g47999
OG0013287	As003G074220	g2351
OG0013288	As003G074610	g22774
OG0013289	As003G074620	g22773
OG0013290	As003G074660	g22770
OG0013291	As003G074830	g22746
OG0013292	As003G074840	g22745
OG0013293	As003G074850	g22744
OG0013294	As003G074870	g32293
OG0013295	As003G074880	g18142
OG0013296	As003G075400	g47842
OG0013297	As003G075410	g22712
OG0013298	As003G075420	g22711
OG0013299	As003G075580, As003G075570	g22700
OG0013300	As012G273680, As003G075610	g22695
OG0013301	As003G075730	g18308
OG0013302	As003G076060	g18330
OG0013303	As003G076120	g18335
OG0013304	As003G076170	g18340
OG0013305	As003G076370	g18356
OG0013306	As005G111710	g18377
OG0013307	As003G076470	g18370
OG0013309	As003G076590	g22661
OG0013310	As004G076720	g50881
OG0013311	As004G076830	g25121
OG0013312	As004G076950	g18129, g25096
OG0013313	As004G076990	g46842
OG0013314	As004G077050	g46838
OG0013315	As004G077120	g16738
OG0013316	As004G077230	g46804, g18124
OG0013317	As004G077280	g18121
OG0013318	As004G077300	g46787
OG0013319	As004G077330	g18120
OG0013320	As004G077350	g46780
OG0013321	As004G077460	g18116
OG0013322	As004G077660	g18114
OG0013323	As004G077730	g18098
OG0013324	As004G077770	g46744
OG0013325	As004G077840	g46737
OG0013326	As004G077870	g18089
OG0013327	As004G077880	g46735
OG0013328	As004G078030	g18084
OG0013329	As004G078180	g16906
OG0013330	As004G078510	g16886
OG0013331	As004G078590	g46688
OG0013332	As004G078600	g16882
OG0013333	As004G078850	g4903
OG0013334	As004G079230	g32535
OG0013335	As004G079250	g2916
OG0013336	As004G079330	g25722
OG0013337	As004G079410	g1636
OG0013338	As004G079530	g51520, g25983
OG0013339	As004G079570	g38002
OG0013340	As004G079780	g37128
OG0013341	As004G080070	g25844
OG0013342	As004G080180	g25850
OG0013343	As004G080290	g40250
OG0013344	As004G080300	g40249
OG0013345	As004G080310	g40248
OG0013346	As004G080360	g25874
OG0013347	As004G080380	g25892
OG0013348	As004G080530	g670
OG0013349	As004G080590	g40226
OG0013350	As004G080720	g6042
OG0013351	As004G080770	g35895
OG0013352	As004G080800	g40206
OG0013353	As004G080820	g40207
OG0013354	As004G080840	g40209
OG0013355	As004G081160	g37973
OG0013356	As004G081640	g51372
OG0013357	As004G081650	g37961
OG0013358	As004G081690	g51369
OG0013359	As004G081850	g51521
OG0013360	As004G081890	g11125
OG0013361	As004G081930	g11128
OG0013362	As004G081970	g37059
OG0013363	As004G082030	g11137
OG0013364	As004G082100	g37043
OG0013365	As004G082190	g13632
OG0013366	As004G082200	g53970
OG0013367	As004G082350	g37029
OG0013368	As004G082440	g37019
OG0013369	As004G082490	g36324
OG0013370	As004G082520	g18442
OG0013371	As004G082600	g17172
OG0013372	As004G082660	g36970
OG0013374	As004G082700	g11142
OG0013375	As004G082730	g11098, g11091
OG0013376	As004G082770	g18452
OG0013377	As004G082790	g38088
OG0013378	As004G082800	g36975
OG0013379	As004G082820	g18456
OG0013380	As004G082870	g18463
OG0013381	As004G083000	g460
OG0013382	As004G083060	g51541
OG0013383	As004G083160	g40275
OG0013384	As004G083260	g40279
OG0013385	As004G083310	g40282
OG0013386	As004G083390	g40290
OG0013387	As004G083430	g40293
OG0013388	As004G083500	g32671
OG0013389	As004G083610	g40301
OG0013390	As004G084170	g40340
OG0013391	As004G084270	g40349
OG0013392	As004G084440	g40359
OG0013393	As004G084460	g43191
OG0013394	As004G084510	g40370
OG0013395	As004G084550	g40373
OG0013396	As004G084600	g40376
OG0013397	As004G084670	g25689
OG0013398	As004G084700	g25682
OG0013399	As004G084770	g25677
OG0013400	As004G084890	g25673
OG0013401	As004G085060	g40400
OG0013402	As004G085540	g25600
OG0013403	As004G085580	g25598
OG0013404	As004G085980	g25557
OG0013405	As004G086020	g25555
OG0013407	As004G086260	g25552
OG0013408	As004G086490	g11056
OG0013409	As004G086570, As006G134200	g40488
OG0013410	As004G087060	g40508, g11037
OG0013411	As004G087150	g40513
OG0013412	As004G087190	g11028
OG0013414	As008G186220, As004G087770	g40551
OG0013415	As004G087780, As004G093230	g40552
OG0013416	As004G087810	g10994
OG0013418	As004G088060	g40568
OG0013419	As004G088140	g40572
OG0013420	As004G088170	g10973
OG0013421	As004G088200	g10971
OG0013422	As004G088240	g43976
OG0013423	As004G088570	g40598
OG0013424	As004G088880	g40628
OG0013425	As004G089300	g686
OG0013426	As004G091180	g10872
OG0013427	As004G091190	g10873
OG0013428	As004G091320	g17924
OG0013429	As004G092310, As004G092410	g6360
OG0013430	As006G141320, As004G092770	g4767
OG0013431	As004G092870	g45553
OG0013432	As004G092970, As011G258550	g13524
OG0013433	As004G093000	g25004
OG0013434	As004G093440, As011G257580	g6422
OG0013435	As004G093750	g24729
OG0013436	As004G094000, As011G256570	g6453
OG0013437	As004G094530	g24664
OG0013438	As004G094630	g47015
OG0013439	As004G095050	g47029
OG0013440	As004G095130	g24571
OG0013441	As004G095200	g24563
OG0013442	As004G095430	g40346
OG0013443	As004G095480	g36067
OG0013444	As004G095640	g24525
OG0013445	As004G095980	g17710
OG0013446	As004G096080	g24492
OG0013447	As004G096120	g47087
OG0013448	As004G096160	g17689
OG0013449	As004G096170	g17687
OG0013450	As004G096590	g24446
OG0013451	As004G096610	g47109
OG0013452	As004G096820	g16863
OG0013453	As004G096970	g16853
OG0013454	As004G097160	g16845
OG0013455	As004G097490	g46665
OG0013457	As004G098010	g16783
OG0013458	As004G098320	g16768
OG0013459	As004G098410	g16760
OG0013460	As004G098490	g16757
OG0013461	As005G098690	g51578
OG0013462	As005G098980	g37761
OG0013463	As005G099040	g37133
OG0013464	As005G099160	g37749
OG0013465	As005G099180	g50835
OG0013466	As005G099300	g37735
OG0013467	As005G099400	g50830
OG0013469	As005G099960	g47693
OG0013470	As005G099980	g50809
OG0013471	As005G100080, As005G100050, As005G100070, As005G100060	g37703
OG0013472	As005G100100	g50806
OG0013473	As005G100440	g50787
OG0013474	As005G100680	g38249
OG0013475	As005G100740	g37660
OG0013476	As005G100770	g37657
OG0013477	As005G100790	g37655
OG0013478	As005G100820	g37653
OG0013479	As005G100980	g37644
OG0013480	As005G101100	g37638
OG0013481	As005G101120	g52290, g37636
OG0013482	As005G101210	g52285
OG0013483	As005G101220	g37631
OG0013484	As005G101490	g52262
OG0013485	As005G101830	g52222
OG0013486	As005G102450	g38238
OG0013487	As005G102500, As005G102510	g1929
OG0013488	As005G102530	g52186
OG0013489	As005G102590	g37559, g52181
OG0013490	As005G102660	g38234, g37553
OG0013491	As005G102810	g52164
OG0013492	As005G102830	g37545
OG0013493	As005G102910	g38229
OG0013494	As005G103170	g52152
OG0013495	As005G103320	g52134
OG0013496	As005G103530	g38221
OG0013497	As005G103790	g37506
OG0013498	As005G103930	g38211
OG0013499	As005G103990	g37495
OG0013500	As005G104060	g52113
OG0013501	As005G104270	g37482
OG0013502	As005G104350	g38200
OG0013503	As005G104400	g38198, g37475
OG0013504	As005G104650	g52078
OG0013505	As012G284770, As005G104860	g18952
OG0013506	As005G105120	g52030
OG0013507	As005G105200	g52041
OG0013508	As005G105780	g37401
OG0013510	As005G106680, As006G142210	g5824
OG0013511	As005G106770	g45291
OG0013512	As005G106950	g45300
OG0013513	As005G107000	g5804
OG0013514	As005G107090	g45302, g5801
OG0013515	As005G107170	g45309
OG0013516	As005G107220	g45311
OG0013517	As005G107320	g5794
OG0013518	As005G107370	g29858
OG0013519	As005G107660	g29854
OG0013520	As005G107880	g45342
OG0013521	As005G107890	g5775
OG0013522	As005G108330	g5731
OG0013524	As005G108430	g5723
OG0013525	As005G108530	g5719, g29833
OG0013526	As005G108540	g45365
OG0013527	As005G108670	g29826
OG0013528	As005G108790	g5715
OG0013529	As005G108950	g29806, g45378
OG0013530	As005G108960	g5708
OG0013531	As005G109160	g5702
OG0013532	As005G109240	g45391
OG0013533	As005G109270	g45393
OG0013535	As005G109350	g45394, g5696
OG0013536	As005G109360	g29799
OG0013537	As005G110400	g688
OG0013538	As009G209790	g15170, g42430, g42830, g8817, g42848
OG0013538	As005G110560	g22130, g49217, g21220, g30708, g8769, g21056
OG0013539	As005G110580	g28983, g655
OG0013540	As005G111850	g722
OG0013541	As005G111940	g723
OG0013542	As005G112550	g28907
OG0013543	As005G112980	g28895
OG0013544	As005G113090	g769
OG0013545	As005G113100	g41364
OG0013546	As005G113200	g777
OG0013547	As005G113690	g28859
OG0013548	As005G113700	g28858
OG0013549	As005G113760, As005G113740	g28855
OG0013550	As005G113970	g28844, g9693
OG0013551	As005G113990	g28843
OG0013552	As005G114000	g28842
OG0013553	As005G114110	g28830
OG0013554	As005G114190	g28824
OG0013555	As005G114550	g41314
OG0013556	As005G115580	g39232
OG0013557	As005G115640	g39234
OG0013558	As005G115650	g1270, g39237
OG0013559	As005G115780	g27645
OG0013560	As005G115980	g19521
OG0013561	As005G116140	g313
OG0013562	As005G116210	g307
OG0013563	As005G116470	g9811
OG0013564	As005G116600	g281, g41951
OG0013565	As005G116710	g9801
OG0013566	As005G116930	g9792
OG0013567	As005G117020	g257
OG0013568	As005G117080	g252
OG0013569	As005G117170	g9780
OG0013570	As005G117240	g9777
OG0013571	As005G117280	g2754
OG0013572	As005G117380	g9765
OG0013573	As005G117410	g9764
OG0013574	As005G117480	g9761, g231
OG0013575	As005G117520	g227
OG0013576	As005G117580	g218
OG0013577	As005G117710	g13765
OG0013578	As005G117760	g207
OG0013580	As005G118140	g187
OG0013581	As005G118280	g167
OG0013582	As005G118530	g9713
OG0013583	As005G118790	g133
OG0013585	As005G118820	g130
OG0013586	As005G118910	g9691
OG0013587	As005G118990	g116
OG0013588	As005G119100	g105
OG0013589	As005G119120	g103
OG0013590	As005G119150	g100
OG0013591	As005G119290	g84
OG0013592	As005G119340	g9670
OG0013593	As005G119410	g75
OG0013594	As005G119470	g9665
OG0013595	As005G119530, As005G119920, As005G119520, As005G119510	g68
OG0013596	As005G119550	g9664, g66
OG0013597	As005G119660	g60
OG0013598	As005G119830	g9647
OG0013599	As005G119840	g9646
OG0013600	As005G119960	g9640
OG0013601	As005G120100	g9637
OG0013605	As005G120730	g19627
OG0013606	As005G120770	g12
OG0013607	As005G120830	g19622
OG0013609	As006G121110	g25343
OG0013610	As006G121130	g25345
OG0013612	As006G121220	g25374
OG0013613	As006G121410	g25366
OG0013614	As006G121610	g25355
OG0013615	As006G121630	g25353, g45276
OG0013616	As006G121640	g25352
OG0013617	As006G121970	g39473
OG0013618	As006G122050	g39469
OG0013619	As006G122060	g25401
OG0013620	As006G122130	g25403
OG0013621	As006G122160	g25405
OG0013622	As006G122330	g39490
OG0013623	As006G122580	g25424
OG0013624	As006G122610	g25426
OG0013625	As006G122630	g39526
OG0013626	As006G122650	g39524
OG0013627	As006G122780	g25437
OG0013628	As006G122830	g25443
OG0013629	As006G122840	g25444
OG0013630	As006G122880	g25450
OG0013631	As006G123010	g49386
OG0013633	As006G123470	g39600
OG0013634	As006G123640	g39619
OG0013635	As006G123650	g39615
OG0013636	As006G123660	g39613
OG0013637	As006G123740	g39623
OG0013638	As006G123760	g39626, g25492
OG0013639	As006G123820	g39632
OG0013640	As006G123950	g25508
OG0013641	As006G123970	g25509
OG0013642	As006G124100	g39644
OG0013644	As006G124160	g25518
OG0013645	As006G124340	g11064
OG0013646	As006G124490	g39685
OG0013647	As006G124510	g39687
OG0013648	As006G124590	g39694
OG0013649	As006G124830	g39711
OG0013650	As006G124940	g11103
OG0013651	As006G125060	g39726
OG0013652	As006G125100	g39731
OG0013653	As006G125480	g51332
OG0013654	As006G125500	g39753
OG0013655	As006G125550	g39751
OG0013656	As006G125570	g51338
OG0013657	As006G125640	g39791
OG0013658	As006G126010	g39765
OG0013659	As006G126280	g37928
OG0013660	As006G126340	g39797
OG0013661	As006G126370	g39811
OG0013662	As006G126380	g51293
OG0013663	As006G126480	g51283
OG0013664	As006G126720	g51279
OG0013665	As006G126820	g39823
OG0013666	As006G126860	g51273
OG0013667	As006G127000	g37912
OG0013669	As006G127490	g39860
OG0013670	As006G127600	g39872
OG0013671	As006G127720	g39883
OG0013672	As006G127790	g39888
OG0013673	As006G127850	g37901
OG0013674	As006G127880	g39894
OG0013675	As006G127950	g39901
OG0013676	As006G128180	g37898
OG0013677	As006G128250	g37896
OG0013678	As006G128440	g1305
OG0013680	As006G128700	g51177
OG0013681	As006G128730	g39968
OG0013682	As006G129130	g51121
OG0013683	As006G129380	g51107
OG0013684	As006G129760	g18357
OG0013685	As006G129910	g40039
OG0013686	As006G129980	g40056
OG0013687	As006G130140	g53400
OG0013688	As006G130160	g40073
OG0013689	As006G130210	g40077
OG0013690	As006G130230	g53440, g40079
OG0013691	As006G130390	g40092
OG0013692	As006G130510	g40146
OG0013693	As006G130550	g40142
OG0013694	As006G130770	g36775
OG0013695	As006G130840	g40117
OG0013696	As006G131150, As006G131120	g40161
OG0013697	As006G131160, As006G131180	g40162
OG0013698	As006G131210	g40177
OG0013699	As006G131270	g40186
OG0013700	As006G131320	g40199
OG0013701	As006G131370	g40201
OG0013702	As006G131390	g38263
OG0013703	As006G131410	g37176
OG0013704	As006G131450	g38264
OG0013705	As006G131540	g14624, g38271
OG0013706	As006G131620	g36799
OG0013707	As006G131680	g38284
OG0013708	As006G131750	g36813
OG0013709	As006G137250, As006G131770	g7799
OG0013710	As006G131850	g38295
OG0013711	As006G131910	g38302
OG0013712	As006G131960	g38305
OG0013713	As006G131990	g53220
OG0013714	As006G132200	g38318
OG0013715	As006G132220	g23627
OG0013716	As006G132700	g17108
OG0013717	As006G132750	g12734
OG0013719	As006G133250	g7947
OG0013721	As006G133300	g7950
OG0013722	As006G133370	g7953
OG0013723	As006G133810	g1748
OG0013725	As006G133960	g5863
OG0013726	As006G134010	g5859
OG0013727	As006G134150	g39354
OG0013728	As006G134450	g995
OG0013729	As006G134990	g7911
OG0013730	As006G135010	g12742
OG0013731	As006G135220	g7892, g36219
OG0013732	As006G135250	g7883
OG0013733	As006G135420	g7875
OG0013734	As006G135570	g10285
OG0013735	As006G135700	g7861
OG0013737	As006G136230	g12766, g12654
OG0013738	As006G136320	g12650
OG0013739	As006G136370	g7828
OG0013740	As006G136450	g47624
OG0013741	As006G136610	g12624
OG0013742	As006G136810	g12788
OG0013743	As006G136910	g12791
OG0013744	As006G136930	g12793
OG0013745	As006G137170	g7804
OG0013746	As006G137180	g7803
OG0013747	As006G137390	g12797
OG0013748	As006G137500	g12609, g7767, g7776
OG0013749	As006G137540	g7771
OG0013750	As006G137720	g12598
OG0013751	As006G137730	g12597
OG0013752	As006G137810, As012G286990	g12595
OG0013753	As006G137850	g7747
OG0013754	As006G138020	g7741
OG0013755	As006G138080	g7737
OG0013756	As006G138190	g12578
OG0013757	As006G138280	g7723
OG0013758	As006G138480, As006G138520	g12564
OG0013759	As006G138560	g12859
OG0013760	As006G138670	g7712
OG0013761	As006G139050	g12536
OG0013762	As006G139120	g12531
OG0013763	As006G139380	g12515
OG0013764	As006G139400	g7681
OG0013765	As006G139730	g12499
OG0013767	As006G140120	g7645
OG0013768	As006G140300	g7632
OG0013770	As006G140410	g7627
OG0013771	As006G140830	g12451
OG0013772	As006G141130	g12968
OG0013774	As006G141460	g7571
OG0013775	As006G141480	g7569
OG0013776	As006G141760	g7553
OG0013777	As006G141830	g7550
OG0013778	As006G141970	g7541, g12414
OG0013779	As006G142170	g13007
OG0013780	As006G142530	g37357
OG0013781	As006G142790	g38140
OG0013782	As006G142880	g51856
OG0013783	As006G142970	g19060
OG0013784	As006G143050	g51835
OG0013785	As006G143300	g37329
OG0013786	As006G143370	g51788
OG0013787	As006G143470	g51786
OG0013788	As006G143500	g51780
OG0013789	As006G143750	g38123
OG0013790	As006G143820	g51757, g37310
OG0013791	As006G143940	g37309
OG0013792	As006G144040	g51749
OG0013793	As006G144060	g37829
OG0013794	As006G144150	g37305
OG0013795	As006G144240	g51740
OG0013796	As006G144390	g51736
OG0013797	As006G144540	g51561
OG0013798	As006G144830	g51575
OG0013799	As006G145130	g38042
OG0013800	As006G145210	g51600
OG0013801	As006G145300	g51602
OG0013802	As006G145390	g51607
OG0013803	As006G145450	g38051
OG0013804	As006G145510	g51618
OG0013805	As006G145590	g51621
OG0013806	As006G145940	g37204
OG0013807	As006G146360	g37223
OG0013808	As006G146380	g51650
OG0013809	As006G146730	g38080
OG0013810	As006G147910	g37242
OG0013811	As006G147930	g37241
OG0013812	As006G147950	g38087
OG0013813	As006G148390	g25300
OG0013814	As006G148770	g37141
OG0013816	As007G151890	g31584
OG0013817	As007G152790	g31643
OG0013819	As007G153020	g31655
OG0013820	As007G153080	g49978
OG0013821	As007G153160	g31660
OG0013822	As007G153240	g31668
OG0013824	As007G153600	g27365
OG0013825	As007G153750	g49997, g31694
OG0013826	As007G153760	g31695
OG0013828	As007G153900	g31704
OG0013829	As007G154180	g31727
OG0013830	As007G154340	g50018
OG0013831	As007G154520	g50036
OG0013832	As007G154680	g31750
OG0013833	As007G154740	g50027
OG0013834	As007G154770	g31743
OG0013835	As007G154800	g50040
OG0013836	As007G155030	g27413
OG0013837	As007G155500	g50066, g31818
OG0013838	As007G155540	g50068
OG0013839	As007G155550	g50069, g27429
OG0013840	As007G155610	g31830
OG0013841	As007G155650	g50072
OG0013842	As007G155750	g27432
OG0013843	As007G155890	g31865
OG0013844	As007G155910	g50093
OG0013845	As007G156030	g27442
OG0013846	As007G156080	g27443
OG0013847	As007G156230	g31896
OG0013848	As007G156640	g50142
OG0013849	As007G156850	g50153
OG0013850	As007G157030	g27480
OG0013851	As007G157270	g31986
OG0013852	As007G157360	g50190
OG0013853	As007G157370	g50191
OG0013854	As007G157520	g50200
OG0013855	As007G157600	g50203, g31998
OG0013856	As007G157680, As009G209870	g50207
OG0013857	As007G157760	g27494
OG0013858	As007G158100	g27511
OG0013860	As007G158830	g50252
OG0013861	As007G158850	g27533
OG0013862	As007G158870, As010G234440	g50253, g27534
OG0013863	As007G159510	g50294
OG0013864	As007G159930, As007G159920	g32080
OG0013865	As007G159940	g50314
OG0013866	As007G160200, As007G163880	g50334
OG0013867	As007G160450	g32140
OG0013868	As007G160470	g27583
OG0013869	As007G160500	g50345
OG0013870	As007G160630	g32150
OG0013871	As007G160740	g32158
OG0013872	As007G161040	g32181
OG0013873	As007G161060	g32183
OG0013874	As007G161160	g50374
OG0013875	As007G161790	g27617, g32246
OG0013876	As007G161990	g41653
OG0013877	As007G162020	g32259
OG0013878	As007G162120	g50405
OG0013879	As007G162340	g36169
OG0013880	As007G162880	g47508
OG0013881	As007G163020	g23831
OG0013882	As007G163460	g17198, g47517
OG0013883	As007G163480	g47518
OG0013884	As007G163720	g17189
OG0013885	As007G164350	g23796
OG0013886	As007G164420	g23789
OG0013887	As007G164460	g17179
OG0013888	As007G166900	g23252
OG0013889	As007G167130	g51037
OG0013890	As007G176850	g38342
OG0013891	As007G176860	g38341
OG0013892	As007G176890	g38347
OG0013893	As007G176960	g47836
OG0013894	As007G177050	g51033
OG0013895	As007G177060	g38349
OG0013897	As007G177550	g51029
OG0013898	As007G177690	g36878
OG0013899	As007G177720	g38338
OG0013900	As007G179250	g38424
OG0013901	As007G179820	g36916
OG0013902	As007G179990, As010G237370	g46250
OG0013903	As010G237390, As007G180000	g44412
OG0013904	As007G180040	g38479
OG0013905	As007G180260	g38488
OG0013906	As007G180410	g38504
OG0013907	As007G180570	g36942
OG0013908	As007G180590	g50887, g38511
OG0013909	As007G180630	g38514
OG0013911	As007G180930	g50867
OG0013913	As007G181980	g50850
OG0013914	As007G182230	g38556
OG0013915	As008G182290	g31579
OG0013916	As008G182730	g31545
OG0013917	As008G182740	g31544, g49917
OG0013918	As008G182840	g31534
OG0013919	As008G183060	g27265
OG0013920	As008G183170	g31507
OG0013921	As008G183550	g31480
OG0013922	As008G183570	g27248
OG0013923	As008G183690	g49884
OG0013924	As008G183800	g31474
OG0013925	As008G183900	g31460
OG0013926	As008G183970	g31448
OG0013927	As008G184330	g49860
OG0013928	As008G184540	g27194
OG0013929	As008G184570	g31401
OG0013930	As008G185340	g49798, g27181
OG0013932	As008G185480	g49788
OG0013933	As008G185630	g31333
OG0013934	As008G185700	g31330
OG0013935	As008G186520	g31299
OG0013936	As008G186580	g49761
OG0013937	As008G186770	g31277, g27129
OG0013938	As008G186890	g13565
OG0013939	As008G186900	g11647
OG0013940	As008G187070	g4728
OG0013941	As008G187580	g31223
OG0013942	As008G187630	g49709
OG0013943	As008G188160	g31202
OG0013944	As008G188210	g27087
OG0013945	As008G188310	g31183
OG0013946	As008G188350	g27076
OG0013947	As008G188370	g27075
OG0013948	As008G188420	g27072, g49635
OG0013949	As008G188510	g31176
OG0013950	As008G190280	g27033
OG0013951	As008G190340	g49673
OG0013952	As008G190650	g49678
OG0013953	As008G190930	g31119
OG0013954	As008G191740	g26331, g26323, g26328, g46959
OG0013955	As008G191810	g31083
OG0013956	As008G192690	g31066
OG0013957	As008G192820	g27008
OG0013958	As008G192950	g31052
OG0013959	As008G193040	g26995
OG0013960	As008G193150	g31041
OG0013961	As008G193160	g31040
OG0013962	As008G193390	g31019
OG0013963	As008G193690	g30999
OG0013964	As008G193880	g49541
OG0013965	As008G194070	g30980, g30970
OG0013966	As008G194420	g30953
OG0013967	As008G194600	g30945
OG0013968	As008G194700	g49505
OG0013969	As008G194950	g26956
OG0013970	As008G195380	g49484
OG0013971	As008G195590	g30894, g26950
OG0013972	As008G195630	g30898
OG0013973	As008G195860	g30855
OG0013974	As008G196050	g49455
OG0013975	As008G196280	g26931
OG0013978	As008G197020	g30826
OG0013979	As008G197330	g49406
OG0013980	As008G197450	g30808
OG0013981	As008G197480	g26902
OG0013982	As008G197830	g49383, g26895
OG0013983	As008G198220	g26881
OG0013984	As008G198360	g26879
OG0013985	As008G198500	g30763
OG0013986	As008G198520	g30760
OG0013987	As008G198550	g30759
OG0013988	As008G198570	g49343
OG0013989	As008G198610	g49333
OG0013990	As008G198710	g30738, g49316
OG0013991	As008G198750	g26872
OG0013992	As008G199020	g30735
OG0013993	As008G199210	g49300
OG0013994	As008G199240	g49299
OG0013995	As008G199270	g38176
OG0013996	As008G199300	g26861
OG0013997	As008G199560	g44478
OG0013998	As008G199670	g49274
OG0013999	As009G199800	g5228
OG0014000	As009G199870	g45662
OG0014001	As009G199940	g4883
OG0014002	As009G199970	g29307
OG0014003	As009G200000	g29310
OG0014004	As009G200300	g45636
OG0014005	As009G200520	g29286
OG0014006	As009G201060	g29243
OG0014007	As009G201480	g5090
OG0014009	As009G201500	g5088
OG0014010	As009G201540	g29222
OG0014011	As009G201570	g29219
OG0014012	As009G201730	g45712
OG0014013	As009G201740	g29214
OG0014014	As009G201970	g5065
OG0014015	As009G202080	g45721
OG0014016	As009G202100	g29199
OG0014017	As009G202460	g29191
OG0014018	As009G202620	g29177
OG0014019	As009G202730	g29169
OG0014020	As009G203000	g5007
OG0014021	As009G203030	g29146
OG0014022	As009G203140	g4997
OG0014023	As009G203270	g29134
OG0014024	As009G203280	g29135
OG0014025	As009G203560	g4986
OG0014026	As009G204020	g41481
OG0014027	As009G204070	g46326
OG0014028	As009G204080	g29035
OG0014029	As009G204290	g41473
OG0014030	As009G204360	g4915
OG0014031	As009G204450	g29059
OG0014032	As009G204570	g4907
OG0014033	As009G204750	g4899
OG0014034	As009G205040	g29097
OG0014035	As009G205160	g29107
OG0014036	As009G205480	g10109
OG0014037	As009G205580	g4837
OG0014038	As009G205600	g10116
OG0014039	As009G205620	g4832
OG0014040	As009G205690	g4824
OG0014041	As009G205770	g4805
OG0014042	As009G205960	g11101
OG0014043	As009G206140	g18515
OG0014045	As009G207020	g4727
OG0014046	As009G208120	g4452
OG0014047	As009G208180	g10229
OG0014048	As009G208390	g10222
OG0014049	As009G208670	g18499
OG0014050	As009G209110	g10276
OG0014051	As009G209440	g1644
OG0014052	As009G210490	g5264
OG0014053	As009G210740	g45463
OG0014054	As009G211140	g29648
OG0014055	As009G211410	g5578
OG0014056	As009G211610	g29280
OG0014057	As009G211770	g45457
OG0014058	As009G211800	g29665
OG0014059	As009G211810	g45456
OG0014060	As009G211920	g29672
OG0014061	As009G212020	g10299
OG0014062	As009G212520	g5609
OG0014063	As009G212590	g5612
OG0014064	As009G212680	g29698
OG0014065	As009G212760	g29703
OG0014067	As009G212940	g5620, g45437
OG0014068	As009G213020	g29711
OG0014069	As009G213090	g5630
OG0014070	As009G213210	g29723
OG0014071	As009G213240	g5636
OG0014072	As009G213830	g29733
OG0014073	As009G213880	g29736
OG0014074	As009G214040	g29765
OG0014075	As009G214060	g29763
OG0014076	As009G214110	g5659
OG0014078	As009G214340	g25857, g29774
OG0014079	As009G214370	g5676
OG0014080	As009G214430	g29779, g45407
OG0014081	As009G214460	g29783
OG0014082	As009G214480	g29786
OG0014083	As009G214660	g5692
OG0014084	As009G214880	g10093, g624
OG0014085	As009G215130	g606
OG0014086	As009G215200	g10066
OG0014087	As009G215380	g18562, g10057
OG0014088	As009G216320, As009G216050	g10005
OG0014089	As009G216160, As011G256820	g542
OG0014090	As009G216190	g10012
OG0014091	As009G216350	g10001
OG0014092	As009G216390	g526
OG0014093	As009G216720	g509
OG0014094	As009G216890	g9988
OG0014095	As010G222020, As009G216940	g13534
OG0014096	As009G217430	g9951
OG0014097	As009G217460	g457
OG0014098	As009G217720	g9927
OG0014099	As009G218060	g9898
OG0014100	As009G218110	g419
OG0014101	As009G218310	g9885
OG0014102	As009G218330	g23572, g47658
OG0014103	As009G218560	g383
OG0014104	As009G218610	g9871
OG0014105	As009G218830	g364
OG0014106	As009G219100	g341
OG0014107	As009G219150	g337
OG0014108	As009G219180	g335
OG0014109	As009G219240	g333
OG0014110	As009G219340	g9835
OG0014111	As009G219440	g322, g9831
OG0014112	As009G219450	g321, g9830
OG0014113	As009G219620	g28716
OG0014114	As009G219750	g1204
OG0014115	As009G220020	g1165
OG0014116	As010G220230	g19309
OG0014117	As010G220260	g2474
OG0014118	As010G220300	g19315
OG0014119	As010G220350	g2485
OG0014120	As010G220510	g2507
OG0014121	As010G220680	g2525
OG0014122	As010G220820	g19351
OG0014123	As010G220830	g18254
OG0014124	As010G220980	g2565
OG0014125	As010G221080	g2581
OG0014126	As010G221390	g19382
OG0014127	As010G221450	g19385, g2605
OG0014128	As010G221520	g19391
OG0014129	As010G221810	g2627
OG0014130	As010G221890	g19407
OG0014131	As010G222130	g11386
OG0014132	As010G222180	g2645
OG0014133	As010G222480	g11387
OG0014134	As010G222590	g2705
OG0014135	As010G222880	g2725
OG0014136	As010G222980	g2728
OG0014137	As010G223070	g2763
OG0014138	As010G223130	g25747
OG0014139	As010G223360	g19499
OG0014140	As010G223450	g2736
OG0014141	As010G223610	g2773
OG0014142	As010G223670	g2781
OG0014143	As010G223680	g2782, g2784
OG0014144	As010G224070	g2809
OG0014145	As010G224080	g11410
OG0014146	As010G224430	g11431
OG0014147	As010G224560	g2879
OG0014148	As010G224690	g19566
OG0014149	As010G224760, As010G239800	g46090
OG0014150	As010G224910	g19581
OG0014151	As010G224950	g19582
OG0014152	As010G225130	g2945
OG0014153	As010G225300	g2991
OG0014154	As010G225330	g11444
OG0014155	As010G225640	g3008
OG0014156	As010G225710	g3015
OG0014157	As010G225910	g19600
OG0014158	As010G226360	g11470
OG0014159	As010G226380	g3411
OG0014160	As010G226390	g3412
OG0014161	As010G226450	g19612
OG0014162	As010G226470	g52271
OG0014163	As010G227120	g25943
OG0014164	As010G227490	g36740
OG0014165	As010G228100	g41651
OG0014166	As010G228260	g44895
OG0014167	As010G228610	g41616
OG0014168	As010G229030	g40870
OG0014169	As010G229940	g44871
OG0014170	As010G230020	g41588, g41586
OG0014171	As010G231210	g45755, g41504
OG0014172	As010G231600	g44819
OG0014173	As010G231660	g44293
OG0014174	As010G232280	g45784
OG0014175	As010G232400	g45790
OG0014176	As010G232460	g45793
OG0014177	As010G232480	g45795
OG0014178	As010G232660	g44754
OG0014179	As010G232980	g18015
OG0014180	As010G233270	g45848
OG0014181	As010G233520	g45869
OG0014182	As010G233580	g45871
OG0014183	As010G234030	g45905
OG0014184	As010G234120	g44661
OG0014185	As010G234200	g45916
OG0014186	As010G234270	g3816, g45923, g3817
OG0014187	As010G234310	g45928
OG0014188	As010G234500	g44639
OG0014189	As010G234660	g44630
OG0014190	As010G234670	g45992
OG0014191	As010G234830	g45974
OG0014192	As010G234840	g44621
OG0014193	As010G235250	g46428
OG0014194	As010G235700	g17960
OG0014195	As010G235750	g13614
OG0014196	As010G235850	g46372
OG0014197	As010G236170	g46340
OG0014198	As010G236210	g46337
OG0014199	As010G236330	g13618
OG0014200	As010G236400	g46306
OG0014201	As010G236510	g44374
OG0014202	As010G236710	g46319
OG0014203	As010G236900	g46288
OG0014204	As010G237150	g44401
OG0014205	As010G237430	g44415
OG0014207	As010G237480	g46246
OG0014208	As010G237620	g44419, g46239
OG0014209	As010G237720, As010G237730	g46231
OG0014210	As010G237950	g46215
OG0014211	As010G238240	g46193
OG0014212	As010G238250	g44469
OG0014213	As010G238460	g44480
OG0014215	As010G238660	g46173
OG0014216	As010G238750	g44503
OG0014217	As010G238840	g44511
OG0014218	As010G239070	g44521
OG0014219	As010G239120	g44530
OG0014220	As010G239190	g44535
OG0014221	As010G239250	g46131
OG0014222	As010G239310	g46128, g44543
OG0014223	As010G239370	g46125
OG0014224	As010G239500	g46110
OG0014225	As010G239550	g46108
OG0014226	As010G239640	g46102
OG0014227	As010G239680	g46100
OG0014228	As010G239710	g46097
OG0014229	As010G239780	g46092
OG0014230	As010G239840	g44560
OG0014231	As010G240170	g44567
OG0014232	As010G240460	g46055
OG0014233	As010G240520	g46049
OG0014235	As010G241000	g46017
OG0014236	As010G241090	g46009
OG0014237	As010G241110	g46007
OG0014238	As010G241140	g27372
OG0014239	As010G241290	g45998
OG0014240	As010G241300	g44604
OG0014241	As010G241360	g44607
OG0014242	As010G241540	g44614
OG0014243	As010G242280	g36056, g46490, g22310
OG0014244	As010G242370	g46494
OG0014245	As010G242460	g44338
OG0014246	As010G242520	g46504
OG0014248	As010G242730	g46519
OG0014249	As010G242740	g46518
OG0014250	As010G242820	g44323
OG0014251	As010G242840	g25757
OG0014252	As010G243300	g44300
OG0014254	As010G243810	g46583
OG0014255	As010G243820	g44285
OG0014256	As010G243870	g46587
OG0014257	As010G243880	g46588
OG0014258	As010G243930	g46591
OG0014259	As010G244260	g46602
OG0014260	As010G244320	g46606
OG0014262	As010G244400	g46609
OG0014263	As010G244520	g44266
OG0014264	As010G244540	g14654, g17996
OG0014265	As011G244620	g7291
OG0014266	As011G244770	g12257
OG0014267	As011G245060	g13161
OG0014268	As011G245830	g13202
OG0014269	As011G245850	g7207
OG0014270	As011G246030	g908
OG0014271	As011G246090	g12204
OG0014272	As011G246100	g12203
OG0014273	As011G246150	g7191
OG0014274	As011G246740	g7150
OG0014275	As011G247010	g7137
OG0014276	As011G247030	g7136
OG0014277	As011G247070	g19161
OG0014278	As011G247260	g12147
OG0014279	As011G247390	g7102
OG0014280	As011G247780	g7066
OG0014281	As011G247810	g7065
OG0014282	As011G248110	g12105
OG0014283	As011G248170	g26001
OG0014284	As011G248250	g13251
OG0014285	As011G248270	g7044
OG0014286	As011G248530	g7016
OG0014287	As011G248810	g13263
OG0014288	As011G249010	g12072
OG0014289	As011G249160	g6983
OG0014290	As011G249310	g13277
OG0014291	As011G249390	g13280
OG0014292	As011G249690	g6929
OG0014293	As011G249720	g13292
OG0014294	As011G249890	g6917
OG0014295	As011G250090	g12021
OG0014296	As011G250310	g6890
OG0014297	As011G250510	g40035
OG0014298	As011G250580	g12006
OG0014300	As011G250890	g11990
OG0014301	As011G251000	g11983
OG0014303	As011G251290	g11970
OG0014304	As011G251300	g6820
OG0014305	As011G251310	g6819
OG0014306	As011G251430, As012G272630	g54151
OG0014307	As011G251500	g11957
OG0014308	As011G251560	g6800
OG0014309	As011G251670, As012G272520	g54154
OG0014310	As011G251870	g11952
OG0014311	As011G251960	g6771
OG0014313	As011G252530	g11924
OG0014314	As011G252540	g6747
OG0014315	As011G252650	g6740
OG0014316	As011G252760	g11913, g25078
OG0014317	As011G252790	g11912
OG0014318	As011G252810	g11909
OG0014319	As011G253030	g11897
OG0014320	As011G253090	g11893
OG0014321	As011G253100	g11891
OG0014322	As011G253120	g6699
OG0014324	As011G253560	g6674
OG0014325	As011G253580	g13388
OG0014326	As011G253640	g13384
OG0014327	As011G253660	g6678, g13383
OG0014328	As011G253780	g6634
OG0014330	As011G254550	g11807
OG0014331	As011G254770	g41415
OG0014332	As011G254790	g6565
OG0014333	As011G254940	g6558
OG0014334	As011G255360	g11757
OG0014335	As011G255450	g6524
OG0014336	As011G255470	g6521
OG0014337	As011G255650	g11749
OG0014338	As011G255740	g24576
OG0014339	As011G256210, As011G256220	g13484
OG0014340	As011G256380	g11726
OG0014341	As011G256480	g13586
OG0014342	As011G256500	g6456
OG0014343	As011G256510	g6455
OG0014344	As011G256810	g13515
OG0014345	As011G256930	g13518
OG0014346	As011G257740	g6409
OG0014347	As011G257750	g13522, g6408
OG0014348	As011G258100	g6398
OG0014349	As011G258780	g13562
OG0014350	As011G258790	g6366
OG0014351	As011G258880	g13550
OG0014352	As011G259220	g13666
OG0014353	As011G260760	g6020
OG0014354	As011G260990	g7478
OG0014355	As011G261150	g11579
OG0014356	As011G261300	g13417
OG0014357	As011G261310	g13416
OG0014358	As011G261430	g11596, g13584
OG0014359	As011G261500	g13582
OG0014360	As011G261560	g13579
OG0014361	As011G261670	g13573
OG0014362	As011G261790	g13672
OG0014363	As011G261840	g14242
OG0014364	As011G261870	g13664
OG0014365	As011G262050	g14569
OG0014366	As011G262170	g14450
OG0014367	As011G262210	g13679
OG0014368	As011G262330	g6196
OG0014369	As011G262340	g13684
OG0014370	As011G262390	g23188
OG0014371	As011G262400	g6192
OG0014372	As011G262460	g6188
OG0014373	As011G262570	g13686
OG0014374	As011G262660	g31095
OG0014375	As011G262940	g6151
OG0014376	As011G262990	g14232
OG0014378	As011G263350	g39562, g6137
OG0014379	As011G263450	g28246
OG0014380	As011G263560	g14085
OG0014381	As011G263770	g14059
OG0014382	As011G263860	g14051
OG0014383	As011G264380	g6094
OG0014384	As011G264520	g6081
OG0014385	As011G264700	g6050
OG0014386	As011G265310	g13958
OG0014387	As011G265540	g13782
OG0014388	As011G265550	g5993
OG0014389	As011G265670	g13936
OG0014390	As011G265700	g5987
OG0014391	As011G265710	g5986
OG0014392	As011G265990	g13916
OG0014393	As011G266210	g13910
OG0014394	As011G266320	g13902
OG0014395	As011G266620	g13871
OG0014396	As011G266670	g13869
OG0014397	As011G266890	g5921, g13862
OG0014398	As011G267190	g5903
OG0014399	As011G267260	g13847, g5897
OG0014400	As011G267370	g13844
OG0014401	As011G267500	g5876
OG0014402	As011G267530	g5888
OG0014403	As012G267690	g27972
OG0014404	As012G267740	g39449
OG0014405	As012G268050	g36736, g54363
OG0014406	As012G268070	g54362
OG0014407	As012G268440	g54320
OG0014408	As012G268600	g36712
OG0014409	As012G268630	g54322
OG0014410	As012G268670	g10843
OG0014411	As012G268780	g36704
OG0014412	As012G269440	g36664
OG0014413	As012G269480	g54303
OG0014414	As012G269640	g36637
OG0014415	As012G269840	g36618
OG0014417	As012G270340, As012G270390	g54277
OG0014418	As012G270480	g54270
OG0014419	As012G270640	g36574
OG0014420	As012G270650	g36573
OG0014421	As012G270660	g36572
OG0014422	As012G270730	g36562
OG0014423	As012G270910	g36554
OG0014424	As012G271270	g36523
OG0014425	As012G271340	g54229
OG0014426	As012G271480	g54214
OG0014427	As012G271590	g36470
OG0014428	As012G271700	g54194
OG0014429	As012G271820	g28036
OG0014430	As012G272040	g44862
OG0014431	As012G272060	g54181, g36454
OG0014434	As012G272330	g36430, g54164
OG0014435	As012G272360	g28058
OG0014436	As012G272610	g36411
OG0014437	As012G272680	g43449, g36405
OG0014438	As012G272790	g54139
OG0014439	As012G272820	g6833
OG0014440	As012G272940	g36395
OG0014441	As012G272960	g54124
OG0014442	As012G273210	g36382
OG0014443	As012G273260	g36374
OG0014444	As012G273390	g54106
OG0014445	As012G273450	g54118
OG0014446	As012G273650	g36328
OG0014447	As012G273830	g36321
OG0014448	As012G273910	g28107
OG0014449	As012G274230	g47147
OG0014450	As012G274370	g24393
OG0014451	As012G277900, As012G274400	g2303
OG0014452	As012G274430	g24398
OG0014453	As012G274550	g17610
OG0014454	As012G274640	g47127
OG0014455	As012G274710	g24417
OG0014456	As012G275090	g37100
OG0014457	As012G275110	g51461
OG0014458	As012G275250	g51455
OG0014459	As012G275490	g11339
OG0014460	As012G275530	g11336
OG0014461	As012G275770	g3237
OG0014462	As012G275780	g2420
OG0014463	As012G275790	g2419
OG0014464	As012G275800	g2418
OG0014465	As012G275900	g2414
OG0014466	As012G275960	g19251
OG0014467	As012G276070	g19240
OG0014468	As012G276200	g19226
OG0014469	As012G276210	g19224
OG0014470	As012G276840	g13638
OG0014471	As012G276970	g11314
OG0014472	As012G277110	g19198
OG0014473	As012G277720	g11305
OG0014474	As012G278180	g19168
OG0014475	As012G278600	g2445
OG0014476	As012G278810	g29282
OG0014477	As012G278870	g19293
OG0014478	As012G278900	g11341
OG0014479	As012G279510	g19304
OG0014480	As012G280110	g2289
OG0014481	As012G280250	g11297
OG0014482	As012G280870	g2242
OG0014483	As012G281500	g2233
OG0014484	As012G281610	g2222
OG0014485	As012G281620	g2221, g19108
OG0014486	As012G281730	g19100
OG0014487	As012G282010	g2192
OG0014488	As012G282660	g2165
OG0014489	As012G282700	g2163
OG0014490	As012G282780	g51920
OG0014492	As012G283170	g19014
OG0014493	As012G283230	g2055
OG0014494	As012G283250	g2058
OG0014495	As012G283690, As012G283730	g18996
OG0014496	As012G284320	g18971
OG0014497	As012G284520	g11222
OG0014499	As012G284750	g18954
OG0014500	As012G284880	g1988
OG0014501	As012G285220	g2005
OG0014502	As012G285240	g2007
OG0014503	As012G285250	g18906
OG0014504	As012G285430	g2020
OG0014505	As012G285450	g18895
OG0014506	As012G285860	g1957
OG0014507	As012G285900	g1952
OG0014508	As012G286000	g18870
OG0014509	As012G286230	g1925
OG0014510	As012G286300	g18825
OG0014511	As012G286620	g19016
OG0014512	As012G286740	g1901
OG0014513	As012G286800	g1897, g18801
OG0014514	As012G286980, As012G287000	g1885
OG0014515	As012G287090	g1880
OG0014516	As012G287520	g1842
OG0014517	As012G287690	g1826
OG0014518	As012G287810	g1813
OG0014520	As012G287970	g11159
OG0014521	As012G287980	g11158
OG0014522	As012G287990	g11157
OG0014523	As012G288090	g1774
OG0014524	As012G288360	g11150
OG0014525	As012G288530	g18740
OG0014526	As012G289020	g18766
OG0014527	As012G289030	g1741
OG0014528	As012G289190	g18780
OG0014529	As012G289290	g18787
OG0014530	As012G289320	g18699
OG0014531	As012G289440	g44659
OG0014532	As012G289450	g44660
OG0014533	As012G289500	g18711
OG0014637	As001G000280	g23555
OG0014638	As001G000430	g17034, g44093
OG0014639	As001G000490	g23543
OG0014640	As001G000510	g23540
OG0014641	As001G000560	g23536
OG0014643	As001G000670	g17025
OG0014644	As001G000810	g44366
OG0014645	As001G000830	g23515
OG0014646	As001G000840	g23514
OG0014647	As001G000900	g17015
OG0014648	As001G000980	g23498
OG0014649	As001G001010	g23496
OG0014650	As001G001150	g23484
OG0014651	As001G001160	g23478
OG0014652	As001G001250	g23469
OG0014653	As001G001350	g23466
OG0014654	As001G001390	g23463
OG0014655	As001G001400	g23462
OG0014656	As001G001530	g25217
OG0014657	As001G001550	g47703
OG0014659	As001G001700	g17001
OG0014660	As001G001710	g17000
OG0014661	As001G002320	g23415
OG0014662	As001G002960	g23377
OG0014663	As001G002990	g16969
OG0014665	As001G003050	g23367
OG0014666	As001G003100	g53552
OG0014667	As001G003340	g23351
OG0014668	As001G003420	g23346
OG0014669	As001G003460	g47775
OG0014670	As001G003670	g23330
OG0014671	As001G003700	g23328
OG0014672	As001G003910	g31134
OG0014673	As001G003920	g23315
OG0014674	As001G004060	g23308
OG0014675	As001G004100	g23306
OG0014676	As001G004110	g47793
OG0014677	As001G004270	g23297
OG0014678	As001G004290	g23295
OG0014679	As001G004520	g23289
OG0014680	As001G004830	g16923
OG0014682	As001G004960	g23273
OG0014683	As001G005090	g38325
OG0014684	As001G005340	g23251
OG0014685	As001G005800	g16909
OG0014686	As001G006080	g23240
OG0014687	As001G006240	g23242
OG0014689	As001G009970	g47873
OG0014690	As001G010050	g23177
OG0014691	As001G010380	g23174
OG0014692	As001G010460	g18162
OG0014693	As001G010510	g23170
OG0014694	As001G011180	g20667
OG0014694	As224G297330	g19686, g20910, g19729, g19781, g19777, g19733, g20907
OG0014695	As001G012190	g23158
OG0014696	As001G012730	g23106
OG0014697	As001G013580	g18197
OG0014698	As001G013750	g776
OG0014699	As001G013810	g23143
OG0014700	As001G013910	g18207
OG0014701	As001G014070	g18204
OG0014702	As001G014240	g47882
OG0014703	As001G014330	g23069
OG0014704	As001G014900, As001G014910	g13717
OG0014705	As001G014940, As001G018320	g36245
OG0014706	As001G015520	g23016
OG0014707	As001G015610	g23011
OG0014708	As001G015650	g23008
OG0014709	As001G015790	g50578
OG0014710	As001G015930	g32525
OG0014711	As001G015990	g27743
OG0014712	As001G016240	g50610
OG0014713	As001G016250	g32539
OG0014714	As001G016410	g27724
OG0014715	As001G016420	g27723
OG0014716	As001G016730	g32595
OG0014717	As001G016770	g32600
OG0014718	As001G016790	g32606
OG0014719	As001G016800	g50633
OG0014720	As001G016900	g32611
OG0014721	As001G017020	g32621
OG0014722	As001G017040	g27780
OG0014723	As001G017390	g24305
OG0014724	As001G017410	g47193
OG0014725	As001G017480	g47188
OG0014726	As001G017520	g47185
OG0014727	As001G017530	g47184
OG0014728	As001G017550	g47182
OG0014729	As001G017640	g24322
OG0014730	As001G017860	g24333
OG0014731	As001G018120	g24358
OG0014732	As001G018300	g47156
OG0014733	As001G018350	g43822
OG0014734	As001G018510	g43873
OG0014735	As001G018640	g41130
OG0014736	As001G018810	g44899
OG0014737	As001G018820	g41125
OG0014738	As001G018850	g1695
OG0014740	As001G019150	g41104
OG0014742	As001G019580	g1712
OG0014743	As001G020150	g44071
OG0014744	As001G020320, As001G020330	g37236
OG0014745	As001G020460	g47704
OG0014746	As001G020650	g44122
OG0014747	As001G020860	g41022
OG0014748	As001G021170	g44143
OG0014749	As001G021290	g40985
OG0014750	As001G021560	g40975
OG0014751	As001G022030	g40934
OG0014752	As001G022140	g40929
OG0014753	As001G022210	g10828
OG0014754	As001G022470	g10805
OG0014755	As001G022490	g10803
OG0014756	As001G022580	g10799
OG0014758	As001G022780	g10773
OG0014759	As001G022800	g10771
OG0014760	As001G022820	g10767
OG0014761	As001G022860	g50606
OG0014763	As001G023000	g10746
OG0014764	As001G023300	g10731
OG0014765	As001G023660	g10697
OG0014766	As001G023760	g10687
OG0014767	As001G023770	g10686
OG0014768	As001G023860	g10677
OG0014769	As001G024060	g1544
OG0014770	As001G024080	g10663
OG0014771	As001G024230	g1551
OG0014772	As001G024280	g1557
OG0014773	As001G024430	g10647
OG0014774	As001G024790	g10612
OG0014775	As001G024990	g10597
OG0014776	As001G025010	g10596
OG0014777	As001G025070	g1583
OG0014778	As001G025090	g10589
OG0014779	As001G025170	g10584
OG0014780	As001G025470	g16613
OG0014781	As001G025590	g1596
OG0014782	As001G025640	g10550
OG0014783	As001G025790	g10539
OG0014784	As001G025850	g1604
OG0014785	As001G025950	g10523
OG0014786	As001G026000	g10519
OG0014787	As001G026160	g10504
OG0014788	As001G026400	g16566
OG0014789	As001G026540	g10474
OG0014790	As001G026670	g18228
OG0014791	As001G026820	g4326
OG0014792	As001G026830	g10450
OG0014793	As001G027070	g4305
OG0014794	As001G027230	g10403
OG0014795	As001G027260	g4294
OG0014797	As001G027890	g10351
OG0014798	As001G028090	g10324
OG0014800	As001G028200	g40962
OG0014801	As001G028270	g41782
OG0014802	As001G028370	g44921
OG0014803	As001G028400	g44928, g44927
OG0014804	As001G028560	g41833
OG0014806	As001G028900	g45001
OG0014807	As001G029010	g45016
OG0014808	As001G029090	g45023
OG0014809	As001G029190	g41914
OG0014810	As001G029240	g42007
OG0014811	As001G029270	g45046
OG0014812	As001G029310	g45056
OG0014813	As001G029390	g45071
OG0014814	As001G029540	g45099
OG0014815	As001G029640	g45102
OG0014816	As001G029670	g53640
OG0014817	As001G029780	g49534
OG0014819	As001G029830	g45130
OG0014820	As001G029850	g18065
OG0014821	As001G029900	g45138
OG0014822	As001G029910	g45140
OG0014823	As001G029960	g41232
OG0014824	As001G029980	g45234
OG0014825	As001G030030	g53688
OG0014826	As001G030170	g40731
OG0014827	As001G030260	g19344
OG0014828	As001G030380	g10644
OG0014829	As001G030440	g40757
OG0014830	As001G030490	g40762
OG0014831	As001G030510	g40764
OG0014832	As001G030580	g40770
OG0014833	As001G031010	g44263
OG0014834	As001G031090	g40797
OG0014835	As001G031200	g40786
OG0014836	As001G031290	g1736
OG0014837	As001G031320	g40840
OG0014838	As001G031330, As001G031340	g40841
OG0014839	As001G031370	g37127
OG0014840	As001G031380	g40843
OG0014841	As001G031530	g40851
OG0014842	As001G031740	g40868
OG0014844	As001G031870	g40882
OG0014845	As001G031890	g40884
OG0014846	As001G031910	g40885
OG0014847	As001G032040	g40892
OG0014848	As002G032410	g13141
OG0014849	As002G032480	g23583
OG0014850	As002G032590	g23727
OG0014852	As002G032840	g23712
OG0014853	As002G032880	g17140
OG0014854	As002G033180	g51978
OG0014855	As002G033260	g46852
OG0014856	As002G033290	g38153
OG0014857	As002G033380	g51965
OG0014858	As002G033490	g51970
OG0014859	As002G033620	g37369
OG0014860	As002G033760	g51946
OG0014861	As002G033800	g51944
OG0014862	As002G033940	g7515
OG0014863	As002G033960	g12410
OG0014864	As002G034040	g7511
OG0014865	As002G034090	g7508
OG0014866	As002G034180	g12403
OG0014867	As002G034310	g7491
OG0014868	As002G034400	g7482
OG0014869	As002G034490	g13059
OG0014870	As002G034670	g7475
OG0014871	As002G034680	g7474
OG0014872	As002G034930	g7464
OG0014873	As002G034940	g7463
OG0014874	As002G034990	g7459
OG0014875	As002G035040, As005G108510	g29834
OG0014876	As002G035230	g7447
OG0014877	As002G035250	g7446
OG0014878	As002G035460	g7442
OG0014879	As002G035560	g13082, g7438
OG0014880	As002G035590	g7435
OG0014881	As002G035630	g13086
OG0014882	As002G036170	g7416
OG0014883	As002G040530, As002G036390	g1071
OG0014885	As002G036780	g13111
OG0014886	As002G036830	g12337
OG0014887	As002G036930	g12334
OG0014888	As002G037110, As002G037100	g7386
OG0014889	As002G038310	g7336
OG0014891	As002G038750	g12295
OG0014892	As002G038920	g7314
OG0014893	As002G039340	g25946
OG0014894	As002G039430	g1505
OG0014895	As002G039440	g25976
OG0014896	As002G039880	g1482
OG0014897	As002G041360	g13395
OG0014898	As002G041960	g1410
OG0014899	As002G042150	g31111
OG0014900	As002G042300	g1390
OG0014901	As002G042320	g28280
OG0014902	As002G042390	g1388
OG0014903	As002G042600	g1367
OG0014904	As002G042780	g1346
OG0014905	As002G043290	g41161
OG0014906	As002G043490	g41170
OG0014907	As002G043500	g28344
OG0014908	As002G043580	g41173
OG0014909	As002G043600	g28348
OG0014910	As002G043620	g44216
OG0014911	As002G043860	g1306
OG0014912	As002G043950	g865
OG0014913	As002G043960	g866
OG0014914	As002G043990	g868
OG0014915	As002G044010	g870
OG0014916	As002G044020	g28362
OG0014917	As002G044190	g28367
OG0014918	As006G143690, As002G044300	g41226
OG0014919	As002G044330	g884
OG0014920	As002G044510	g892
OG0014921	As002G044720	g41279
OG0014922	As002G044870	g28406
OG0014923	As002G045010	g41253
OG0014924	As002G045190	g28423
OG0014925	As002G045220	g28424
OG0014926	As002G045350	g41294
OG0014927	As002G045740	g935
OG0014928	As002G046160	g957
OG0014929	As002G046600	g977
OG0014930	As002G046980	g31808
OG0014931	As002G047140	g39376
OG0014932	As002G047230	g39374
OG0014933	As002G047290	g1018
OG0014934	As002G047360	g28517
OG0014935	As002G047870	g28543
OG0014936	As002G047960	g28550
OG0014937	As002G048060	g1062
OG0014939	As002G048270	g28562
OG0014940	As002G048370	g1081
OG0014941	As002G048380	g1082
OG0014942	As002G048720	g1098
OG0014943	As002G048740	g39326
OG0014944	As002G048750	g28600
OG0014945	As002G049100	g1108
OG0014946	As002G049310	g39299
OG0014947	As002G049340	g1120
OG0014949	As002G049530	g1140
OG0014950	As002G049610	g28669
OG0014951	As002G049930	g28687
OG0014952	As002G049950	g1154
OG0014953	As002G050010	g41147
OG0014954	As002G050080	g45666
OG0014955	As002G050250	g29358
OG0014956	As002G050260	g29357
OG0014957	As002G050540	g45614
OG0014958	As002G050740	g5299
OG0014959	As002G051100	g29403
OG0014960	As002G051360	g45581
OG0014962	As002G051740	g29439
OG0014963	As002G051850	g5373
OG0014964	As002G051900	g29447
OG0014965	As002G051920	g45565
OG0014966	As002G052130	g5389
OG0014967	As002G052180	g29465
OG0014968	As002G052190	g29466
OG0014969	As002G052220	g51700
OG0014970	As002G052280	g29471
OG0014971	As002G052310	g5394
OG0014973	As002G052540	g29486
OG0014974	As002G052560	g29487
OG0014975	As002G052760	g45542
OG0014976	As002G052800	g5409
OG0014977	As002G052830	g45538
OG0014979	As002G053100	g5423
OG0014980	As002G053110	g29509
OG0014981	As002G053320	g5432
OG0014982	As002G053600	g45520
OG0014983	As002G053650	g5450
OG0014984	As002G053780	g29560
OG0014985	As002G053790	g29561
OG0014986	As002G054080	g5474
OG0014987	As002G054540	g29588
OG0014988	As002G054570	g5506
OG0014989	As002G054810	g29602
OG0014990	As002G055170	g5537
OG0014991	As002G055260	g5540, g29625
OG0014992	As002G055340	g5546
OG0014993	As002G055420	g5552
OG0014994	As003G055600	g17555
OG0014995	As003G055730	g24267
OG0014996	As003G055750	g47204
OG0014997	As003G056110	g17526
OG0014998	As003G056130	g24236
OG0014999	As003G056770	g47265
OG0015000	As003G056950	g17479
OG0015001	As003G057060	g47278
OG0015002	As003G057080	g24175
OG0015003	As003G057130	g24171
OG0015004	As003G057250	g47286
OG0015005	As003G057270	g17459
OG0015006	As003G057520	g47295
OG0015007	As003G057590	g43474, g24150
OG0015008	As003G057740	g47311, g17432
OG0015009	As003G057950	g47318
OG0015010	As003G057960	g24117
OG0015011	As003G058020	g24108
OG0015012	As003G058260	g17387
OG0015013	As003G058670, As003G058710	g47346
OG0015014	As003G058780	g47349
OG0015016	As003G058880	g31747
OG0015017	As003G059070	g47367
OG0015018	As003G059140	g24024
OG0015019	As003G059260, As009G200120	g5200
OG0015020	As003G059280	g24016
OG0015021	As003G059490	g24007
OG0015022	As003G059550	g47378
OG0015023	As003G059580	g47381
OG0015024	As003G059700	g23991
OG0015025	As003G059820	g17321
OG0015026	As003G059870	g23984
OG0015027	As003G059990	g47404, g17313
OG0015029	As003G060660	g47432
OG0015030	As003G060860	g17277
OG0015031	As003G060910	g47446
OG0015032	As003G061040	g23916
OG0015034	As003G062250	g17227
OG0015035	As003G062320	g32637
OG0015036	As003G062360	g27793
OG0015037	As003G062390	g50670
OG0015038	As003G062440	g32649
OG0015039	As003G062460	g27796
OG0015040	As003G062610	g27800
OG0015041	As003G062630	g50689
OG0015042	As003G062670	g50692
OG0015043	As003G062730	g32664
OG0015044	As003G063280	g32747
OG0015045	As003G063310	g27812
OG0015046	As003G063350	g50751
OG0015047	As003G063460	g27864
OG0015048	As003G063800	g27884
OG0015049	As003G063840	g33009
OG0015050	As003G063850	g33023
OG0015051	As003G063960	g27910
OG0015052	As003G064090	g27913
OG0015053	As003G064180	g35929, g27923
OG0015054	As003G064190	g27928
OG0015055	As003G064200	g35928
OG0015056	As003G064230	g27955
OG0015057	As003G064580	g53844
OG0015058	As003G064600	g28155
OG0015059	As003G064650	g28173
OG0015060	As003G064830	g28204
OG0015061	As003G064890	g35934
OG0015062	As003G064970	g32290
OG0015063	As003G065040	g28217
OG0015064	As003G065110	g28237
OG0015065	As003G065220	g36175
OG0015066	As003G065290	g47154
OG0015067	As003G065400	g54011
OG0015068	As003G065470	g36259
OG0015069	As003G065560	g28118
OG0015070	As003G065820	g53986
OG0015071	As003G066010	g28240, g28241
OG0015072	As003G066280	g36195
OG0015073	As003G066290	g36196
OG0015074	As003G066300	g28136
OG0015075	As003G066550	g37009
OG0015076	As003G066600	g54023
OG0015077	As003G067310	g27642
OG0015078	As003G067480	g6572
OG0015079	As003G068120	g50436
OG0015080	As003G068230	g32295
OG0015081	As003G068390, As009G218090	g420
OG0015082	As003G068640	g27650
OG0015083	As003G068970	g32339
OG0015084	As003G069850	g50502
OG0015085	As003G070140	g32409
OG0015086	As003G070300	g50517
OG0015087	As003G070450	g32428
OG0015088	As003G070490	g32431
OG0015089	As003G070650	g32436
OG0015090	As003G070670	g27694
OG0015091	As003G071110	g32472
OG0015092	As003G071230	g50551
OG0015093	As003G071250	g32479
OG0015094	As003G071660	g23006, g18227
OG0015095	As003G071880	g22986
OG0015096	As003G072160	g18236
OG0015097	As003G072230	g47943
OG0015098	As003G072270	g47949
OG0015099	As003G072330	g22957
OG0015100	As003G072350	g47951
OG0015101	As003G072450	g47954
OG0015102	As003G072590	g22929
OG0015103	As003G072990	g22899
OG0015105	As003G073040	g47977
OG0015106	As003G073050	g22893
OG0015107	As003G073080	g18259
OG0015108	As003G073370	g22868
OG0015109	As003G073430	g22854
OG0015110	As003G073480	g22850
OG0015111	As003G073510	g22847
OG0015113	As003G073820	g13016
OG0015114	As003G073910	g22823
OG0015115	As003G074100	g18285
OG0015116	As003G074270	g48002
OG0015117	As003G074340	g22796
OG0015118	As003G074420	g22788
OG0015119	As003G074450	g18296
OG0015120	As003G074470	g22783
OG0015121	As003G074680	g22766
OG0015122	As003G075000	g22729
OG0015123	As003G075030	g22725
OG0015124	As003G075110	g18303
OG0015125	As003G075470	g18125
OG0015126	As003G075540	g22702
OG0015128	As003G075830	g18313
OG0015129	As003G076000	g18326
OG0015130	As003G076040	g41010
OG0015131	As003G076110	g18334
OG0015132	As003G076140	g18337
OG0015133	As003G076160	g18339
OG0015134	As003G076420	g18375
OG0015135	As003G076440	g18373
OG0015136	As003G076480	g18369
OG0015137	As003G076490	g18368
OG0015138	As003G076550	g18363
OG0015139	As003G076570	g18358
OG0015140	As003G076640	g18383
OG0015141	As004G076680	g13984
OG0015142	As004G076750	g16742
OG0015143	As004G076850	g46922
OG0015144	As004G076880	g46851
OG0015145	As004G076960	g25094
OG0015146	As004G076970	g45085
OG0015147	As004G077210	g46807
OG0015148	As004G077240	g46802
OG0015149	As004G077440	g46772
OG0015150	As004G077470	g18115
OG0015151	As004G077510	g46762
OG0015152	As004G077810	g46740
OG0015154	As004G077910	g18087
OG0015155	As004G078220	g16901
OG0015157	As004G078560	g16884
OG0015158	As004G078570	g16883
OG0015159	As004G078640	g40573
OG0015160	As004G078700	g32508
OG0015161	As004G078840	g51499
OG0015162	As004G078870	g37991
OG0015163	As004G078890	g51502
OG0015164	As004G079220	g2915
OG0015165	As004G079260	g2917
OG0015166	As004G079310	g50615
OG0015167	As004G079440	g51528
OG0015168	As004G079470	g51525
OG0015169	As004G079500	g38003
OG0015170	As004G079550	g51518
OG0015171	As004G079610	g25858
OG0015172	As004G080130	g27862
OG0015173	As004G080240	g40260
OG0015174	As004G080520	g40231
OG0015175	As004G080540	g40230
OG0015176	As004G080560	g40229
OG0015178	As004G080620	g40225
OG0015179	As004G080630	g27922
OG0015180	As004G080830	g40208
OG0015181	As004G081070	g37086
OG0015182	As004G081120	g51429
OG0015183	As004G081180	g51424
OG0015184	As004G081380	g51403
OG0015185	As004G081430	g51398
OG0015186	As004G081550	g51389
OG0015187	As004G081560	g51388
OG0015188	As004G081670	g51371
OG0015190	As004G081950	g11129
OG0015191	As004G081980	g37058, g11131
OG0015192	As004G081990	g11133
OG0015193	As004G082160	g37049
OG0015194	As004G082170	g18431
OG0015195	As004G082230	g37056
OG0015196	As004G082360	g37028
OG0015197	As004G082380	g37027
OG0015198	As004G082590	g18443
OG0015199	As004G082680	g36971
OG0015200	As004G082690	g28968
OG0015201	As004G082720	g39707
OG0015202	As004G082780	g18453
OG0015203	As004G082810	g18454
OG0015204	As004G083350	g40284
OG0015205	As004G083420	g40292
OG0015206	As004G083460	g40296
OG0015207	As004G083540	g40297
OG0015208	As004G083550	g40298
OG0015209	As004G083630	g40303
OG0015210	As004G083730	g40313
OG0015211	As004G083890	g40326
OG0015212	As004G083930	g40330
OG0015213	As004G083980	g40335
OG0015214	As004G084080	g40338
OG0015215	As004G084100	g40339
OG0015216	As004G084120	g25763
OG0015217	As004G084220	g40348
OG0015218	As004G084340	g40355
OG0015219	As004G084390	g25729
OG0015220	As004G084420	g25724
OG0015221	As004G084620	g25695
OG0015222	As004G084630	g25698
OG0015223	As004G084780	g40385
OG0015224	As004G084880	g40391
OG0015225	As004G084990	g45145
OG0015226	As004G085050	g10291
OG0015227	As004G085210	g17290
OG0015228	As004G085490	g40423
OG0015229	As004G085520	g40426
OG0015231	As004G085610	g40434
OG0015232	As004G085660	g45155
OG0015233	As004G085700	g40443
OG0015234	As004G085810	g40454
OG0015235	As004G086060	g25550
OG0015236	As004G086250	g18512
OG0015237	As004G086640	g40491
OG0015238	As004G087020	g11040
OG0015239	As004G087030	g11039
OG0015240	As004G087140	g11031
OG0015241	As004G087800	g40553
OG0015242	As004G088080	g10976
OG0015243	As004G088220	g40575
OG0015244	As004G088270	g10968
OG0015245	As004G088320	g40585
OG0015246	As004G088390, As010G240070	g17994
OG0015247	As004G088450	g43974
OG0015248	As004G088460	g10961
OG0015249	As012G268470, As004G088490	g27982
OG0015251	As004G088800	g41838
OG0015252	As004G088890	g10945
OG0015253	As004G088920	g10834
OG0015254	As004G089280	g19043
OG0015255	As004G089630	g10904
OG0015256	As004G090730	g17928
OG0015257	As004G090770	g46877
OG0015258	As004G091080	g10869
OG0015259	As004G091110	g10870
OG0015260	As004G092140	g25187
OG0015261	As004G092160	g11655
OG0015262	As004G092270	g46862
OG0015263	As004G092440	g11645
OG0015264	As004G092490	g25132
OG0015265	As004G093010	g46947
OG0015266	As004G093170	g6397
OG0015267	As004G093410	g17223
OG0015268	As004G093450	g24822
OG0015269	As004G093670	g6436
OG0015270	As004G093680	g11693
OG0015271	As004G093890	g46986
OG0015272	As004G094480	g24651
OG0015273	As004G094560	g47007
OG0015274	As004G094940	g17808
OG0015275	As004G095070	g47034
OG0015276	As004G095320	g24537
OG0015277	As004G095580	g24528
OG0015278	As004G095590	g47049
OG0015279	As004G095600, As011G255090	g11764
OG0015280	As004G096000	g17709
OG0015281	As004G096480	g24461
OG0015282	As004G096580	g24451
OG0015283	As004G096760	g16874
OG0015284	As004G096860	g16862
OG0015285	As004G097120	g16847
OG0015286	As004G097140	g46679
OG0015287	As004G097280	g46672
OG0015288	As004G097670	g16817
OG0015289	As004G097940	g46649
OG0015290	As004G098470	g46790
OG0015291	As005G098640	g37775
OG0015292	As005G098710	g22970
OG0015293	As005G098740	g37768
OG0015294	As005G098780	g37765
OG0015295	As005G099030	g37756
OG0015296	As005G099050	g37755
OG0015297	As005G099060	g37754
OG0015298	As005G099270	g37742
OG0015299	As005G099280	g37741
OG0015300	As005G099340	g50832
OG0015301	As005G099370	g12729
OG0015302	As005G099410	g50829
OG0015303	As005G099890	g13239
OG0015304	As005G099920	g37711
OG0015305	As005G100120	g50805
OG0015306	As005G100140	g50804
OG0015307	As005G100310	g38252
OG0015308	As005G100370	g37677
OG0015310	As005G100660	g37667
OG0015311	As005G100760	g52300
OG0015312	As005G101050	g52293
OG0015313	As005G101200	g52286
OG0015314	As005G101470	g37617
OG0015315	As005G101480	g52263
OG0015316	As005G101500	g37616
OG0015318	As005G101890	g52226
OG0015319	As005G101920	g37593
OG0015320	As005G101950	g52230
OG0015321	As005G101980	g52231
OG0015322	As005G102090	g38240
OG0015323	As005G102110	g37577
OG0015324	As005G102240	g52203
OG0015325	As005G102290	g52197
OG0015326	As005G102460	g38237
OG0015327	As005G102870	g38230
OG0015329	As005G103210	g52147
OG0015330	As005G103600	g38219
OG0015331	As005G103760	g37508
OG0015332	As005G103880	g52118
OG0015333	As005G103910	g37501
OG0015334	As005G104080	g38207
OG0015335	As005G104240	g37484
OG0015336	As005G104390	g38199
OG0015337	As005G104440	g37470
OG0015338	As005G104490	g37466
OG0015339	As005G104620	g38195
OG0015340	As005G104630	g37461
OG0015342	As005G104760	g52071
OG0015343	As005G104910	g37448
OG0015344	As005G105030	g52021
OG0015345	As005G105230	g52044
OG0015346	As005G106030	g37393
OG0015347	As005G106520	g18090
OG0015348	As005G106530	g45286
OG0015349	As005G106850	g5817
OG0015350	As005G106890	g5813
OG0015351	As005G106990	g5805
OG0015352	As005G107080	g45301
OG0015353	As005G107130	g45306
OG0015354	As005G107270	g5796
OG0015355	As005G107350	g29860
OG0015356	As005G107690	g45333
OG0015357	As005G107750	g45338
OG0015358	As005G107990	g29843
OG0015359	As005G108010	g29841
OG0015360	As005G108030	g5755
OG0015361	As005G108160	g5745
OG0015362	As005G108250	g5739
OG0015363	As005G108300	g5733
OG0015364	As005G108340	g5730
OG0015365	As005G108560	g29832, g45366
OG0015366	As005G108570	g5443
OG0015367	As005G108650	g45367
OG0015368	As005G108780	g29818
OG0015369	As005G108830	g29813
OG0015370	As005G108900	g5710
OG0015372	As005G109400	g29798
OG0015373	As005G109420	g5695
OG0015374	As005G109950	g29111
OG0015375	As005G110890	g708
OG0015376	As005G111250	g41408
OG0015377	As005G112330	g28914
OG0015378	As005G112380	g28911
OG0015379	As005G112440	g47640
OG0015380	As005G112530	g744
OG0015381	As005G112560	g747
OG0015382	As005G112890	g41370
OG0015383	As005G113120	g771
OG0015384	As005G113190	g41361
OG0015385	As005G113260	g788
OG0015386	As005G113350	g795
OG0015387	As005G113430	g41359
OG0015388	As005G113650	g809
OG0015389	As005G113980	g41332
OG0015390	As005G114130	g41330
OG0015391	As005G114170	g28826
OG0015393	As005G114530	g44916
OG0015394	As005G114570	g863
OG0015395	As005G114780	g28766
OG0015396	As005G114880	g1631
OG0015397	As005G115170	g28731
OG0015398	As005G115420	g1243
OG0015399	As005G115630	g28739
OG0015400	As005G115730	g39242
OG0015401	As005G116010	g9826
OG0015402	As005G116180	g309
OG0015404	As005G116270	g304
OG0015405	As005G116280	g303
OG0015406	As005G116300	g9816
OG0015407	As005G116310	g300
OG0015408	As005G116330	g299
OG0015409	As005G116590	g282
OG0015410	As005G116860	g263
OG0015411	As005G116890	g261
OG0015412	As005G116980	g37273
OG0015413	As005G117210	g245
OG0015414	As005G117320	g9771
OG0015415	As005G117340	g239, g9769
OG0015416	As005G117360	g9766, g237
OG0015417	As005G117420	g233
OG0015418	As005G117470	g9762
OG0015419	As005G117510	g228
OG0015420	As005G117590	g217
OG0015421	As005G117660	g213
OG0015422	As005G117860	g9742
OG0015423	As005G117910	g9734
OG0015424	As005G118260	g9723
OG0015425	As005G118390	g161
OG0015426	As005G118480	g155
OG0015427	As005G118610	g9707
OG0015429	As005G118750	g138
OG0015430	As005G118940	g9689
OG0015431	As005G118960	g9688
OG0015432	As005G119010	g112
OG0015433	As005G119090	g9682
OG0015434	As005G119130	g102
OG0015435	As005G119190	g97
OG0015436	As005G119300	g83
OG0015437	As005G119310	g82
OG0015438	As005G119350	g78
OG0015439	As005G119620	g62
OG0015440	As005G119740	g36850
OG0015441	As005G119770	g9653
OG0015442	As005G119810	g50
OG0015443	As005G120010	g37
OG0015444	As005G120220	g32
OG0015445	As005G120260	g30
OG0015446	As005G120380	g19
OG0015448	As005G120580	g9627
OG0015449	As005G120620	g19628
OG0015450	As005G120670	g9625
OG0015451	As005G120800	g19623
OG0015452	As005G120900	g9
OG0015454	As006G121230	g39458
OG0015455	As006G121470	g39456
OG0015456	As006G121620	g25354
OG0015457	As006G121890	g39481
OG0015459	As006G122010	g25398
OG0015460	As006G122070	g45259
OG0015462	As006G122600	g45226
OG0015463	As006G122740	g39519
OG0015465	As006G122890	g25451
OG0015466	As006G123280	g45236
OG0015467	As006G123420	g39595
OG0015468	As006G123440	g39597
OG0015469	As006G123450	g39598
OG0015470	As006G123710	g45210
OG0015471	As006G123730	g45207
OG0015472	As006G124310	g11061
OG0015473	As006G124360	g11065
OG0015474	As006G124380	g39679
OG0015475	As006G124390	g39680
OG0015476	As006G124540	g11081
OG0015477	As006G124630	g39697
OG0015478	As006G124660	g11088
OG0015479	As006G124780	g11090
OG0015480	As006G124800	g39708
OG0015481	As006G124820	g39710
OG0015482	As006G125070	g39728
OG0015483	As006G125700	g39787
OG0015484	As006G126020	g51322
OG0015485	As006G126180	g51306
OG0015486	As006G126400	g51290
OG0015487	As006G126440	g51288
OG0015490	As006G127190	g51252
OG0015491	As006G127340	g39848
OG0015492	As006G127360	g51241
OG0015493	As006G127780	g51228
OG0015494	As006G128200	g51198
OG0015495	As006G128320	g39936
OG0015496	As006G128570	g51181
OG0015497	As006G129100	g51122
OG0015498	As006G129410	g40002
OG0015499	As006G129570	g39985
OG0015500	As006G129620	g39977
OG0015501	As006G129690	g37843
OG0015502	As006G129930	g40045
OG0015503	As006G129990	g40062
OG0015504	As006G130040	g37821
OG0015505	As006G130060	g40066
OG0015506	As006G130100	g40068
OG0015507	As006G130130	g40071
OG0015508	As006G130260	g37812, g53449
OG0015509	As006G130580	g40139
OG0015510	As006G130600	g40137
OG0015511	As006G130670	g40128
OG0015512	As006G130730	g43660
OG0015513	As006G130780	g40122
OG0015514	As006G130870	g40114
OG0015515	As006G131000	g40154
OG0015516	As006G131010	g37795
OG0015517	As006G131200	g40176
OG0015518	As006G131230	g40179
OG0015519	As006G131240	g40180
OG0015520	As006G131310	g40191
OG0015521	As006G131350	g315
OG0015522	As006G131440	g17214
OG0015523	As006G131470	g25340
OG0015524	As006G131500	g38267
OG0015525	As006G131590	g36795
OG0015526	As006G131690	g38286
OG0015527	As006G131700	g38287
OG0015528	As006G131730	g38290
OG0015529	As006G131810	g36818
OG0015530	As006G131840	g36822
OG0015531	As006G131890	g38301
OG0015533	As006G132120	g51074
OG0015534	As006G132340	g23635
OG0015535	As006G132880	g32638
OG0015536	As006G133040	g12718
OG0015537	As006G133280	g7949
OG0015538	As006G133320	g7951
OG0015539	As006G133350	g27649
OG0015540	As006G133410	g12723
OG0015541	As006G133460	g7954
OG0015542	As006G133530	g3021
OG0015543	As006G133550	g12724
OG0015544	As006G133590	g12727
OG0015545	As006G133670	g17247
OG0015546	As006G133760	g5871
OG0015547	As006G133790	g45283
OG0015548	As006G133820	g45284
OG0015549	As006G133840	g5872
OG0015550	As006G133860	g5869
OG0015551	As006G133870	g5868
OG0015552	As006G133950	g5864
OG0015553	As006G133980	g42871, g5861
OG0015554	As006G134000	g5860
OG0015555	As006G134270	g47587
OG0015556	As006G134520	g47604, g23673
OG0015557	As006G134820	g7921
OG0015558	As006G134860	g7919
OG0015559	As006G135090	g7904
OG0015560	As006G135100	g12748
OG0015561	As006G135120	g7902
OG0015562	As006G135180	g7895
OG0015563	As006G135290	g7881
OG0015564	As006G135300	g7882
OG0015565	As006G135430	g7874
OG0015566	As006G135650	g45761
OG0015567	As006G135690	g12757
OG0015568	As006G135710	g7860
OG0015569	As006G135820	g7855
OG0015570	As006G135940	g7841
OG0015571	As006G136030	g12665
OG0015573	As006G136300	g12651
OG0015574	As006G136580	g7820
OG0015575	As006G136740	g7816
OG0015576	As006G136850	g7811
OG0015577	As006G137160	g12802
OG0015578	As006G137400	g7784
OG0015579	As006G137470	g7783
OG0015580	As006G137510	g7777, g7768
OG0015581	As006G137950	g7742
OG0015582	As006G138030	g7740
OG0015583	As006G138410	g12846
OG0015584	As006G138660	g12560
OG0015585	As006G138790	g12551
OG0015586	As006G138880	g12862
OG0015587	As006G138990	g12543
OG0015588	As006G139000	g7693
OG0015589	As006G139100	g12534
OG0015590	As006G139140	g12528
OG0015592	As006G139950	g12493
OG0015593	As006G140040	g12488
OG0015594	As006G140470	g12470
OG0015595	As006G140600	g12464
OG0015596	As012G267700, As006G140670	g12271
OG0015597	As006G140700	g12946
OG0015598	As006G140750	g12458
OG0015599	As006G140820	g12452
OG0015600	As006G140840	g12954
OG0015601	As006G141040	g7599
OG0015603	As006G141190	g7590
OG0015604	As006G141240	g12973
OG0015605	As006G141380	g7575
OG0015606	As006G141410	g12980
OG0015607	As006G141440	g12434
OG0015608	As006G141520	g7567
OG0015609	As006G141610	g7563
OG0015610	As006G141620	g12428
OG0015611	As006G141770	g12994
OG0015612	As006G142250	g7523
OG0015613	As006G142270	g7520
OG0015614	As006G142640	g37348
OG0015616	As006G142870	g38138
OG0015617	As006G143020	g51837
OG0015618	As006G143080	g51833
OG0015619	As006G143380	g37326
OG0015620	As006G143400	g51787
OG0015621	As006G143660	g37312
OG0015622	As006G143910	g51773
OG0015623	As006G143990	g51752
OG0015625	As006G144130	g51744
OG0015626	As006G144470	g38021
OG0015627	As006G144860	g38032
OG0015628	As006G144940	g1678
OG0015629	As006G144980	g51580
OG0015630	As006G145160	g51593
OG0015631	As006G145360	g38047
OG0015632	As006G145550	g38052
OG0015633	As006G145580	g51620
OG0015634	As006G145670	g38056
OG0015635	As006G145680	g37195
OG0015636	As006G145750, As011G258620	g6395
OG0015637	As006G145830	g37199
OG0015638	As006G145880	g37202
OG0015639	As006G145890	g38066
OG0015641	As006G146320, As006G146310	g37219
OG0015642	As006G146660	g51660
OG0015643	As006G146680	g38078
OG0015644	As006G147180	g51732
OG0015645	As006G147330	g37286
OG0015646	As006G147340	g37284
OG0015647	As006G147490	g37257
OG0015648	As006G147510	g51701
OG0015649	As006G147890	g37248
OG0015650	As006G148120	g20611, g20608, g8340, g21630, g21085, g22561, g48434
OG0015651	As006G148780	g51544
OG0015652	As007G152230	g49948
OG0015653	As007G152250	g49950
OG0015654	As007G152570	g31634
OG0015655	As007G152780, As012G282080	g49966
OG0015656	As007G152920	g31651
OG0015657	As007G153100	g31657
OG0015658	As007G153410	g31679
OG0015659	As007G153490	g31684
OG0015660	As007G153690	g27369
OG0015661	As007G153830	g50003
OG0015662	As007G153840	g31711
OG0015663	As007G153860	g31710
OG0015664	As007G153890	g27371
OG0015665	As007G153930	g49998
OG0015666	As007G154000	g50009, g31718
OG0015667	As007G154170	g31726
OG0015668	As007G154530	g31762
OG0015669	As007G154610	g31753
OG0015670	As007G154630	g50032
OG0015671	As007G154710	g31745
OG0015672	As007G154720	g44559
OG0015673	As007G155130	g31799
OG0015674	As007G155240	g50056
OG0015675	As007G155280	g31812
OG0015676	As007G155380	g31815
OG0015677	As007G155470	g27428
OG0015678	As007G155510	g31819
OG0015679	As007G155670	g31836
OG0015680	As007G155710	g50083
OG0015681	As007G155740	g31844
OG0015682	As007G155770	g27433
OG0015683	As007G156290	g50120
OG0015685	As007G156680	g31940
OG0015686	As007G156750	g31945
OG0015687	As007G156910	g31951
OG0015688	As007G157080	g31963
OG0015689	As007G157560	g27490
OG0015690	As007G157630	g50205
OG0015691	As007G157640	g50206
OG0015692	As007G157750	g32007
OG0015693	As007G157800	g32010
OG0015694	As007G157820	g27496
OG0015695	As007G157860, As007G157970, As007G157870	g30926
OG0015696	As007G158140	g32023
OG0015697	As007G158190	g50233
OG0015698	As007G158520	g32038
OG0015699	As007G158620	g32044
OG0015700	As007G158710	g50250
OG0015701	As007G158910	g50254
OG0015702	As007G159100	g27538
OG0015703	As007G159110	g50271
OG0015704	As007G159170	g27542
OG0015706	As007G159320	g32061
OG0015707	As007G159540	g32103
OG0015708	As007G159780	g32087
OG0015709	As007G159870	g32083
OG0015710	As007G159950	g32079
OG0015711	As007G160240	g49560
OG0015712	As007G160550	g32145
OG0015713	As007G160620	g32149
OG0015714	As007G160780	g32162
OG0015715	As007G160910	g44779
OG0015716	As007G160970	g32173
OG0015717	As007G161110	g45757
OG0015718	As007G161130	g50371
OG0015719	As007G161230	g32195
OG0015720	As007G161330	g32201
OG0015721	As007G161680	g32230
OG0015722	As007G161870	g50399
OG0015723	As007G161920	g27621
OG0015724	As007G162300	g31894
OG0015725	As007G162310	g53933
OG0015726	As007G162360	g28142
OG0015727	As007G162640	g32284
OG0015728	As007G162690	g47493
OG0015729	As007G162750	g47499
OG0015730	As007G162830	g17217
OG0015731	As007G162960	g17207
OG0015732	As007G163010	g23832
OG0015733	As007G163090	g23826
OG0015734	As007G163190	g38329
OG0015735	As007G163330	g17200
OG0015736	As007G163490	g47519
OG0015737	As007G163560	g47524
OG0015738	As007G163570	g23819
OG0015739	As007G163740	g23811
OG0015740	As007G164320	g23801
OG0015741	As007G164380	g23792
OG0015742	As007G164660	g23779
OG0015743	As007G164780	g47544
OG0015744	As007G165360	g47551
OG0015745	As007G165640	g17165
OG0015747	As007G165750	g28353
OG0015748	As007G165970	g49686
OG0015749	As007G166010	g23608
OG0015750	As007G166990	g47642
OG0015751	As009G207500, As007G167110	g36876
OG0015752	As007G177490	g38356
OG0015753	As007G177560	g51032
OG0015754	As007G177840	g38368
OG0015755	As007G179090	g38410
OG0015756	As007G179260	g38425
OG0015757	As007G179480	g38432
OG0015758	As007G179550	g38434
OG0015759	As007G179600	g38438
OG0015760	As007G179710	g47646
OG0015761	As007G179750	g38448
OG0015762	As007G179890	g38458
OG0015763	As007G180140	g38484
OG0015764	As007G180180	g19155
OG0015765	As007G180270	g50897
OG0015767	As007G180600	g38512
OG0015768	As007G180610	g38513
OG0015769	As007G180730	g38521
OG0015770	As007G180790	g50877
OG0015771	As007G180900	g38527
OG0015773	As007G182020	g50848
OG0015774	As007G182100	g50846
OG0015775	As007G182210	g45706
OG0015776	As008G182870	g27275
OG0015777	As008G183020	g31525
OG0015778	As008G183100	g27263
OG0015779	As008G183110	g31517
OG0015780	As008G183130	g31514
OG0015781	As008G183190	g31509
OG0015782	As008G183380	g31491
OG0015783	As008G183420	g27254
OG0015784	As008G183540	g49894
OG0015785	As008G183670	g49898
OG0015786	As008G183710	g31475
OG0015787	As008G183870	g31464
OG0015788	As008G183920	g27213
OG0015789	As008G184080	g31455
OG0015790	As008G184170	g49869
OG0015791	As008G184360	g31419
OG0015792	As008G184620	g31398
OG0015793	As008G184670	g31392
OG0015794	As008G184740	g49822
OG0015795	As008G184780	g31384
OG0015796	As008G184870	g31379
OG0015797	As008G185070	g31372
OG0015798	As008G185080	g49814
OG0015799	As008G185280	g31352
OG0015801	As008G185760	g31327
OG0015802	As008G185930	g27157
OG0015803	As008G185940	g40942
OG0015804	As008G186070	g27154
OG0015805	As008G186280	g27145
OG0015806	As008G186670	g49756
OG0015807	As008G186730	g49752
OG0015808	As008G186750	g31278
OG0015809	As008G186860	g31270
OG0015810	As008G187050	g49731
OG0015811	As008G187080	g31258
OG0015812	As008G187210	g49725
OG0015813	As008G187360	g27107
OG0015814	As008G187500	g49704
OG0015815	As008G187520	g31220
OG0015817	As008G187620	g49708
OG0015818	As008G187790	g27103
OG0015819	As008G188100	g31208
OG0015820	As008G188330	g31181
OG0015821	As008G188340	g27077
OG0015822	As008G188490	g31178
OG0015823	As008G188620	g27064
OG0015824	As008G188700	g31169
OG0015825	As008G188800	g27061
OG0015826	As008G189010	g49641
OG0015827	As008G189510	g27050
OG0015828	As008G189900	g49665
OG0015829	As008G189950	g27044
OG0015830	As008G190890	g27020
OG0015832	As008G192030	g31079
OG0015833	As008G192290	g40604
OG0015834	As008G192560	g49569
OG0015835	As008G192900	g31057
OG0015836	As008G193090	g31042
OG0015837	As008G193170	g31039
OG0015838	As008G193190	g49558
OG0015839	As008G193290	g31009
OG0015840	As008G193310	g49554
OG0015841	As008G193320	g31027
OG0015842	As008G193420	g26990
OG0015843	As008G193480	g49549
OG0015844	As008G193580	g26979
OG0015845	As008G193590	g26978
OG0015846	As008G193610	g31006
OG0015847	As008G193670	g31000
OG0015848	As008G194250	g26964
OG0015849	As008G194350	g30958
OG0015850	As008G194360	g10266
OG0015851	As008G194370	g30957
OG0015852	As008G194390	g30955
OG0015853	As008G194860	g30931
OG0015854	As008G194910	g49494
OG0015855	As008G195260	g30909
OG0015856	As008G195290	g30908
OG0015857	As008G195430	g26952
OG0015858	As008G195480	g30890
OG0015859	As008G195540	g30891
OG0015860	As008G195550	g30892
OG0015861	As008G195640	g49470
OG0015862	As008G196010	g30878
OG0015863	As008G196120	g17619
OG0015864	As008G196580	g30846
OG0015865	As008G196620	g26921
OG0015866	As008G196630	g49439
OG0015867	As008G196800	g30832
OG0015868	As008G197000	g49431
OG0015870	As008G197120	g30824
OG0015871	As008G197130	g49415
OG0015872	As008G197250	g30812
OG0015873	As008G197400	g49400
OG0015874	As008G197670	g26901
OG0015875	As008G197810	g26896
OG0015876	As008G197860	g30778
OG0015877	As008G197960	g49364
OG0015878	As008G198050	g26891
OG0015879	As008G198150	g49359
OG0015880	As008G198170	g26887
OG0015881	As008G198600	g49336
OG0015882	As008G198940	g26874
OG0015883	As008G199100	g30733
OG0015884	As008G199150	g26864
OG0015885	As008G199250	g49298
OG0015886	As008G199260	g30729
OG0015887	As008G199280	g26862
OG0015888	As008G199320	g49296
OG0015889	As008G199360	g26859
OG0015890	As008G199370	g26858
OG0015891	As008G199440	g49290
OG0015892	As008G199570	g30726
OG0015893	As008G199660	g27755
OG0015894	As009G199730	g29331
OG0015895	As009G199900	g29303
OG0015896	As009G200020	g45658
OG0015897	As009G200180	g45654
OG0015898	As009G200260	g45649
OG0015899	As009G200320	g5216
OG0015900	As009G200400	g29298
OG0015901	As009G200500	g29288
OG0015902	As009G200540	g5160
OG0015903	As009G201040	g5103
OG0015904	As009G201100	g5113
OG0015905	As009G201220	g5118
OG0015906	As009G201290	g45690
OG0015907	As009G201430	g29271
OG0015908	As009G201700	g45711
OG0015910	As009G201980	g12682
OG0015911	As009G202030	g5063
OG0015912	As009G202470	g29190
OG0015913	As009G202580	g5031
OG0015914	As009G202770	g29167
OG0015915	As009G202830	g29156
OG0015916	As009G202870	g5013
OG0015917	As009G203130	g4998
OG0015918	As009G203320	g29138
OG0015919	As009G203360	g4992
OG0015920	As009G203410	g29132
OG0015921	As009G203510	g41501
OG0015922	As009G203590	g28993
OG0015923	As009G203610	g28994
OG0015924	As009G203920	g4948
OG0015925	As009G203950	g4947
OG0015926	As009G204100	g41479
OG0015927	As009G204110	g4933
OG0015928	As009G204200	g4922
OG0015929	As009G204250	g4920
OG0015930	As009G204270	g27031
OG0015931	As009G204530	g29067
OG0015932	As009G204590	g41456, g29072
OG0015933	As009G204610	g4904
OG0015934	As009G204660	g4902
OG0015935	As009G205030	g29096
OG0015936	As009G205210	g4865
OG0015937	As009G205590	g10115, g4836
OG0015938	As009G205670, As009G205660	g18525
OG0015939	As009G205680	g4825, g18524
OG0015940	As009G206060	g18517
OG0015941	As009G206200	g10142
OG0015942	As009G206530	g4689
OG0015943	As009G206540	g4688
OG0015944	As009G206970	g10161
OG0015945	As009G207240	g4763
OG0015946	As009G207330	g19437
OG0015947	As009G207340	g4673
OG0015948	As009G207550	g7062
OG0015949	As009G207910	g10215
OG0015950	As009G208690	g10236
OG0015951	As009G208910	g10263
OG0015952	As009G209100	g10277
OG0015953	As009G209240	g10271
OG0015954	As009G210020	g29158
OG0015955	As009G210720	g29652
OG0015956	As009G210770	g5582
OG0015957	As009G211440	g5239
OG0015958	As009G211450	g29334
OG0015959	As009G211510	g29657
OG0015960	As009G211930	g29673
OG0015961	As009G212040	g10298
OG0015962	As009G212050	g1258
OG0015963	As009G212070	g10294
OG0015964	As009G212300	g45452
OG0015965	As009G212430	g5603
OG0015966	As009G212600	g45446
OG0015967	As009G212640	g45443
OG0015968	As009G212750	g45442
OG0015969	As009G212770	g5616
OG0015970	As009G212790	g45440
OG0015971	As009G212970	g5626
OG0015972	As009G212990	g45432
OG0015974	As009G213060	g5628
OG0015975	As009G213080	g5629
OG0015977	As009G213850	g12148
OG0015978	As009G213870	g45418
OG0015979	As009G213940	g29742
OG0015980	As009G213990	g29748
OG0015981	As009G214090	g5661
OG0015982	As009G214280	g49989
OG0015983	As009G214450	g29784
OG0015984	As009G214540	g45405
OG0015985	As009G214630	g5689
OG0015986	As009G214840	g10095
OG0015987	As009G214850	g625
OG0015988	As009G214870	g18544
OG0015989	As009G214940	g18548, g14919
OG0015990	As009G215370	g589
OG0015991	As009G215470	g10047
OG0015992	As009G215700	g576
OG0015993	As009G215750	g567
OG0015994	As009G215780	g564
OG0015995	As009G215840	g18565
OG0015996	As009G216100	g539
OG0015997	As009G216150	g541
OG0015998	As009G216270	g546
OG0015999	As009G216280	g547
OG0016001	As009G216530	g9995
OG0016002	As009G216780	g9992
OG0016003	As009G216800	g9990
OG0016004	As009G216870	g501
OG0016005	As009G216950	g13535
OG0016006	As009G217060	g9970
OG0016007	As009G217100	g9968
OG0016009	As009G217420	g9952
OG0016010	As009G217630	g9939
OG0016011	As009G217650	g9938
OG0016012	As009G217660	g9937
OG0016013	As009G217790	g435
OG0016014	As009G217970	g9905
OG0016015	As009G217990	g9901
OG0016016	As009G218190	g413
OG0016017	As009G218260	g9888
OG0016018	As009G218550	g384
OG0016019	As009G218590	g9873
OG0016020	As009G218690	g371
OG0016021	As009G218790	g359
OG0016022	As009G218810	g18605
OG0016023	As009G219030	g348
OG0016024	As009G219080	g343
OG0016026	As009G219320	g9837
OG0016027	As009G219400	g324
OG0016028	As009G219460	g9828
OG0016029	As009G219590	g1219
OG0016030	As009G219740	g1205
OG0016031	As009G219820	g1197
OG0016032	As009G219830	g1196
OG0016033	As009G219890	g1188
OG0016034	As009G219930	g1185
OG0016035	As009G220140	g28693
OG0016036	As009G220160	g1156
OG0016037	As010G220340	g19316
OG0016038	As010G220380	g11345
OG0016039	As010G220500	g19334
OG0016040	As010G220750	g2544
OG0016041	As010G221020	g2569
OG0016042	As010G221060	g19361
OG0016043	As010G221100	g2582
OG0016044	As010G221210	g2588
OG0016045	As010G221260	g19366
OG0016046	As010G221320	g19374
OG0016047	As010G221540	g19392
OG0016048	As010G221630	g19393
OG0016049	As010G221670	g2621
OG0016050	As010G221780	g548
OG0016051	As010G221910	g2628
OG0016052	As010G222190	g2646
OG0016053	As010G222250	g2674
OG0016054	As010G222270	g2675
OG0016055	As010G222470	g32418
OG0016056	As010G222730	g2711
OG0016057	As010G222750	g2717
OG0016058	As010G222790	g2718
OG0016059	As010G222850	g11390
OG0016060	As010G222890	g19469
OG0016061	As010G222950	g19480
OG0016062	As010G222960	g18623
OG0016063	As010G223020	g11393
OG0016064	As010G223060	g2767
OG0016065	As010G223150	g19497
OG0016066	As010G223270	g19493
OG0016067	As010G223330	g2751
OG0016068	As010G223380	g19500
OG0016069	As010G223460	g19503
OG0016070	As010G223500	g19508
OG0016071	As010G223510	g2732
OG0016072	As010G223600	g2772
OG0016073	As010G223640	g2776
OG0016074	As010G223650	g19515
OG0016075	As010G223660	g2780
OG0016076	As010G223690	g2785
OG0016077	As010G224090	g2811
OG0016078	As010G224180	g2818
OG0016079	As010G224280	g11420
OG0016080	As010G224480	g2871
OG0016081	As010G224980	g2941
OG0016082	As010G225260	g2987
OG0016083	As010G225320	g2992
OG0016084	As010G226200	g3208, g19607
OG0016085	As010G226850	g36968
OG0016086	As010G226900	g11508
OG0016087	As010G227020	g19619
OG0016088	As010G227060	g5023
OG0016089	As010G227080	g11518
OG0016090	As010G227190	g11523
OG0016091	As010G227480	g49382
OG0016092	As010G228590	g41574
OG0016093	As010G229120	g44900
OG0016094	As010G229300	g41577
OG0016095	As010G229620	g44852
OG0016096	As010G229760	g44875
OG0016097	As010G231290	g44824
OG0016098	As010G231330	g44797
OG0016099	As010G231500	g7305
OG0016100	As010G231570	g44814
OG0016101	As010G231710	g44788
OG0016102	As010G231820	g45766
OG0016103	As010G231830	g45767
OG0016104	As010G231870	g45770
OG0016105	As010G232010	g45771
OG0016106	As010G232200	g44775
OG0016107	As010G232430	g45792
OG0016109	As010G232610	g44758, g45802
OG0016110	As010G232620	g44757
OG0016111	As010G232710	g44750
OG0016112	As010G232890	g44717
OG0016113	As010G233020	g18014
OG0016114	As010G233070	g45828
OG0016115	As010G233150	g45830
OG0016116	As010G233200	g45835
OG0016117	As010G233370	g18542
OG0016118	As010G233570	g18010
OG0016119	As010G233590	g45872
OG0016120	As010G233740	g45882
OG0016121	As010G233820	g45883
OG0016122	As010G234020	g45904
OG0016123	As010G234040	g45906
OG0016124	As010G234150	g45913
OG0016125	As010G234170	g45914
OG0016126	As010G234220	g45918
OG0016127	As010G234290	g45926
OG0016128	As010G234340	g44650
OG0016130	As010G234470	g45933
OG0016131	As010G234480	g44644
OG0016132	As010G234510	g45940
OG0016133	As010G234530	g45942
OG0016134	As010G234570	g44635
OG0016135	As010G234600	g45946
OG0016136	As010G234920	g44619
OG0016137	As010G235300	g46421
OG0016138	As010G235440	g46404
OG0016139	As010G235470	g46402
OG0016140	As010G235540	g46396
OG0016141	As010G235760	g46379
OG0016143	As010G236030	g44362
OG0016146	As010G236550	g44378
OG0016147	As010G236650	g46316
OG0016148	As010G236730	g46304
OG0016149	As010G236830	g46301
OG0016150	As010G236910	g44394
OG0016151	As010G236960	g45136
OG0016152	As010G237000	g46277
OG0016153	As010G237020	g46275
OG0016154	As010G237090	g46269
OG0016155	As010G237100	g46268
OG0016156	As010G237270	g46260
OG0016158	As010G237350	g46252, g44410
OG0016159	As010G237400	g46249
OG0016160	As010G237640	g44420
OG0016161	As010G237840	g46223
OG0016162	As010G237870	g46221
OG0016163	As010G237940	g46216
OG0016164	As010G237960	g53964
OG0016165	As010G238130	g46204
OG0016166	As010G238150	g44456
OG0016167	As010G238180	g44464
OG0016168	As010G238290	g44471
OG0016169	As010G238500	g44481
OG0016170	As010G238550	g46178
OG0016171	As010G238640	g44495
OG0016172	As010G238670	g46171
OG0016173	As010G238760	g46168
OG0016174	As010G238850	g44512
OG0016175	As010G238890	g44513
OG0016176	As010G238900	g17981
OG0016177	As010G238960	g46149
OG0016178	As010G238990	g46146
OG0016179	As010G239200	g44536
OG0016180	As010G239210	g46135
OG0016181	As010G239240	g44539
OG0016182	As010G239460	g46115
OG0016183	As010G239540	g44553
OG0016185	As010G239950	g46082
OG0016186	As010G240230	g44571
OG0016187	As010G240270	g46061
OG0016188	As010G240310	g46060
OG0016189	As010G240540	g46045
OG0016190	As010G240570	g46034
OG0016191	As010G240600	g46031
OG0016192	As010G240620	g46030
OG0016193	As010G240680, As010G240660	g46028
OG0016194	As010G240820	g44584
OG0016195	As010G241080	g46010
OG0016196	As010G241240	g46003
OG0016197	As010G241260	g46001
OG0016198	As010G241280	g45999
OG0016199	As010G242130	g46477
OG0016201	As010G242260	g46488
OG0016202	As010G242290	g46491
OG0016203	As010G242350	g44347
OG0016204	As010G242640, As010G242630	g46512
OG0016205	As010G242970	g44316
OG0016206	As010G243150	g13601
OG0016207	As010G243250	g46544
OG0016209	As010G244060	g46594
OG0016210	As010G244170	g44272
OG0016211	As010G244200	g46596
OG0016212	As010G244240	g46601
OG0016213	As010G244390	g46608
OG0016214	As010G244500	g44265
OG0016215	As010G244550	g44267
OG0016216	As010G244560	g44268
OG0016217	As010G244570	g45244
OG0016218	As011G244690	g7282
OG0016219	As011G244780	g12256
OG0016220	As011G244950	g13153, g7258
OG0016221	As011G244990	g12249
OG0016222	As011G245520	g7231
OG0016223	As011G245620	g7222
OG0016224	As011G245640	g7221
OG0016225	As011G245730	g12216
OG0016226	As011G246040	g13206
OG0016227	As011G246260	g7184
OG0016228	As011G246880	g13223
OG0016229	As011G246980	g7139
OG0016230	As011G247190	g12152
OG0016231	As011G247590	g7082
OG0016232	As011G247700	g12135
OG0016233	As011G247880	g12111
OG0016234	As011G248100	g7050
OG0016235	As011G248130	g7049
OG0016236	As011G248350	g7037
OG0016237	As011G248430	g12093
OG0016238	As011G248440	g12092
OG0016239	As011G248450	g7024
OG0016240	As011G248480	g7019
OG0016241	As011G248790, As011G248800	g19130
OG0016242	As011G248820	g12081
OG0016243	As011G248960	g6995
OG0016244	As011G249100	g12063
OG0016245	As011G249110	g6986, g13272
OG0016246	As011G249130	g12062
OG0016247	As011G249170	g6982
OG0016248	As011G249190	g12060
OG0016250	As011G249480	g6948
OG0016251	As011G249550	g13286
OG0016252	As011G249580	g12044
OG0016253	As011G249650	g6934
OG0016255	As011G249990	g12028
OG0016256	As011G250060	g12023
OG0016257	As011G250110	g6907
OG0016258	As011G250160	g6902
OG0016259	As011G250430	g6881
OG0016260	As011G250640	g6869
OG0016261	As011G250750	g11996
OG0016262	As011G250960	g6852
OG0016263	As011G251050	g6848
OG0016264	As011G251210	g6830
OG0016265	As011G257300, As011G251280	g6821
OG0016266	As011G251680	g6785
OG0016267	As011G251700	g6784
OG0016268	As011G251810	g6778
OG0016269	As011G251890	g11951
OG0016270	As011G251900	g11950
OG0016271	As011G252000	g11945
OG0016272	As011G252770	g11914
OG0016273	As011G252900	g44208
OG0016274	As011G252940	g13369
OG0016275	As011G252960	g6710
OG0016276	As011G253040	g11896
OG0016277	As011G253250	g11700
OG0016278	As011G253380	g6662
OG0016279	As011G253500	g13389
OG0016280	As011G253540	g11868
OG0016281	As011G254020	g13405
OG0016282	As011G254210	g11834
OG0016283	As011G254460	g6583
OG0016284	As011G255100	g6548
OG0016285	As011G255240	g6542
OG0016286	As011G255390	g13468
OG0016287	As011G255940	g13480
OG0016288	As011G256190	g6470
OG0016289	As011G256230	g11731
OG0016290	As011G256250	g11729
OG0016291	As011G256580	g6452
OG0016292	As011G256710	g11707
OG0016293	As011G256740	g11706
OG0016294	As011G256790	g51051
OG0016295	As011G257160	g6434
OG0016296	As011G257500	g11685
OG0016297	As011G257620	g6420
OG0016298	As011G258430	g6382
OG0016299	As011G258650	g6396
OG0016300	As011G258660	g11648
OG0016301	As011G258930	g13549
OG0016302	As011G259270	g17495
OG0016303	As011G260650	g885
OG0016304	As011G260930	g6226
OG0016305	As011G261100	g13595
OG0016306	As011G261580	g11620
OG0016307	As011G261770	g14690
OG0016308	As011G261860	g13663
OG0016309	As011G262040	g6218
OG0016310	As011G262060	g13671
OG0016311	As011G262090	g14487
OG0016312	As011G262100	g14464
OG0016313	As011G262110	g13674
OG0016314	As011G262120	g13675
OG0016315	As011G262200	g6201
OG0016316	As011G262220	g14425
OG0016317	As011G262290	g13680
OG0016318	As011G262300	g6197
OG0016319	As011G262360	g46927
OG0016320	As011G262580	g6181
OG0016321	As011G262620	g6172
OG0016322	As011G262650	g6164
OG0016323	As011G262700	g13688
OG0016324	As011G262710	g6163
OG0016326	As011G263400	g14197
OG0016327	As011G263540	g14087
OG0016328	As011G263680	g14074
OG0016329	As011G263710	g13714
OG0016330	As011G264160	g14046
OG0016331	As011G264250	g6109
OG0016332	As011G264640	g13746
OG0016333	As011G264890	g13988
OG0016334	As011G264910	g6033
OG0016335	As011G265030	g13982
OG0016336	As011G265180	g13952
OG0016337	As011G265350	g6009
OG0016339	As011G265430	g6017
OG0016340	As011G265480	g13974
OG0016341	As011G265650	g5988
OG0016342	As011G265850	g13924
OG0016343	As011G266030	g13915
OG0016344	As011G266050	g5964
OG0016345	As011G266400	g13900
OG0016346	As011G266530	g5944
OG0016347	As011G266580	g13875
OG0016348	As011G266630	g5938
OG0016349	As011G266740	g5933
OG0016350	As011G266750	g13864
OG0016351	As011G266940	g5919
OG0016353	As011G267550	g5890
OG0016354	As011G267590	g13837
OG0016355	As012G267940	g54368
OG0016356	As012G267970	g54367
OG0016357	As012G268040	g54364
OG0016358	As012G268120	g54307
OG0016359	As012G268290	g54316
OG0016360	As012G268360	g36720
OG0016361	As012G268710	g54324
OG0016362	As012G268850	g36699
OG0016363	As012G268920	g36694
OG0016364	As012G268940	g12215
OG0016365	As012G269190	g54351
OG0016366	As012G269230	g12198
OG0016368	As012G269520	g28001
OG0016369	As012G269850	g36617
OG0016370	As012G269950	g36606
OG0016371	As012G270100	g54281
OG0016372	As012G270420	g36584
OG0016373	As012G270430	g36583
OG0016374	As012G270450	g54273
OG0016375	As012G270530	g54267
OG0016376	As012G270570	g36578
OG0016377	As012G270630	g54264
OG0016379	As012G270770	g36561
OG0016380	As012G270860	g36558
OG0016381	As012G270880	g36557
OG0016382	As012G270900	g54252
OG0016383	As012G271630	g54197
OG0016384	As012G271710	g28046
OG0016385	As012G271720	g36486
OG0016386	As012G271780	g28041
OG0016387	As012G271850	g36495
OG0016388	As012G271910	g3855, g36503
OG0016389	As012G271920	g36504
OG0016390	As012G271990	g36456
OG0016391	As012G272030	g54208
OG0016392	As012G272080	g54178
OG0016393	As012G272370	g54162
OG0016394	As012G272460	g36420
OG0016395	As012G272480	g36417
OG0016396	As012G272510	g36416
OG0016397	As012G272580	g28066
OG0016398	As012G272850	g54135
OG0016400	As012G272880	g54133
OG0016401	As012G272890	g36396
OG0016403	As012G273040	g28082
OG0016404	As012G273630	g36329
OG0016406	As012G273800	g54075
OG0016407	As012G273880	g54070
OG0016408	As012G273970, As022G292030	g54051
OG0016409	As012G274020	g54044
OG0016410	As012G274030	g54042
OG0016411	As012G274050	g54038
OG0016412	As012G274140	g36276
OG0016413	As012G274220	g47149
OG0016414	As012G274350	g24390, g47137
OG0016415	As012G274500	g24401, g17608
OG0016416	As012G274750	g17621
OG0016418	As012G274780	g24423
OG0016419	As012G275010	g51469
OG0016420	As012G275020	g32473
OG0016421	As012G275370	g51448
OG0016422	As012G275470	g11340
OG0016423	As012G275560	g2436
OG0016424	As012G275760	g19276
OG0016425	As012G275910	g2415
OG0016426	As012G276050	g11328
OG0016427	As012G276170	g19230
OG0016428	As012G276180	g19229
OG0016429	As012G276190	g19227
OG0016430	As012G276610	g2384
OG0016431	As012G276810, As012G276650	g7609
OG0016432	As012G277080	g31728
OG0016433	As012G277100	g19200
OG0016434	As012G277870	g2323
OG0016436	As012G278500	g2454
OG0016437	As012G278550	g2444
OG0016438	As012G278860	g19292
OG0016439	As012G279010	g11342
OG0016440	As012G279080	g11344
OG0016441	As012G279420	g50296
OG0016442	As012G279460	g19297
OG0016443	As012G279750	g2465, g19296
OG0016444	As012G280170	g2285
OG0016445	As012G280290	g19147
OG0016446	As012G280720	g2264
OG0016447	As012G280880	g2243
OG0016448	As012G280930	g2245
OG0016449	As012G281720	g2218
OG0016450	As012G281750	g2215, g19099
OG0016451	As012G281790	g2211
OG0016452	As012G282550	g2172
OG0016453	As012G282640	g2168
OG0016454	As012G282720	g2162
OG0016455	As012G282750	g2159
OG0016456	As012G282900	g2146
OG0016457	As012G283090	g2135
OG0016459	As012G283340	g19006
OG0016460	As012G283570	g11256
OG0016461	As012G283660	g2082
OG0016462	As012G284060	g2113
OG0016463	As012G284080	g2117
OG0016464	As012G284110	g2120
OG0016465	As012G284210	g24775
OG0016466	As012G284250	g18976
OG0016467	As012G284260	g2130
OG0016468	As012G284420	g2049
OG0016469	As012G284710	g2278
OG0016470	As012G284730	g11210
OG0016471	As012G284740	g1979
OG0016472	As012G284810	g18948
OG0016473	As012G285070	g1999
OG0016474	As012G285420	g2019
OG0016475	As012G285570	g18885
OG0016476	As012G285740	g1966
OG0016477	As012G285780	g6359
OG0016478	As012G285920	g18876
OG0016479	As012G285950	g1947
OG0016480	As012G286100	g18843
OG0016481	As012G286260	g18832
OG0016482	As012G286610	g1907
OG0016483	As012G286970	g1886
OG0016484	As012G287160	g18687
OG0016485	As012G287410	g1862
OG0016486	As012G287470	g1857
OG0016487	As012G287530	g11166
OG0016488	As012G287650	g1833
OG0016489	As012G287790	g11162
OG0016490	As012G287870	g1808
OG0016492	As012G288110	g1767
OG0016493	As012G288290	g18684
OG0016494	As012G288300	g18685
OG0016495	As012G288600	g18731
OG0016496	As012G288620	g1746
OG0016497	As012G288930	g50711
OG0016498	As012G288960	g11147
OG0016499	As012G289000	g18764
OG0016500	As012G289180	g18779
OG0016501	As012G289200	g18781
OG0016502	As012G289210	g18782
OG0016503	As012G289220	g18783
OG0016505	As012G289330	g18701
OG0016506	As012G289410	g18705
OG0016507	As012G289430	g18707
OG0016508	As012G289480	g18709
OG0016509	As012G289490	g18710
OG0016657	As001G000110	g23569
OG0016658	As001G000300	g47669
OG0016659	As001G000320	g17043
OG0016660	As001G000340	g17042
OG0016661	As001G000380	g23549
OG0016662	As001G000710	g23527
OG0016663	As001G000940	g23506
OG0016664	As001G001060	g23487
OG0016665	As001G001690	g47711
OG0016666	As001G001910	g16993
OG0016667	As001G002050	g23438
OG0016668	As001G002060	g23433
OG0016669	As001G003520	g16957
OG0016670	As001G003610	g23333
OG0016671	As001G004170	g23299
OG0016672	As001G004980	g16920
OG0016673	As001G006280	g23243
OG0016677	As001G010550	g18163
OG0016679	As001G012920	g23118
OG0016680	As011G246940, As001G014100	g7142
OG0016681	As001G014450	g23057
OG0016682	As001G015800	g50579
OG0016683	As001G015940	g32526
OG0016684	As001G016000	g50598
OG0016685	As001G016020	g27737
OG0016687	As001G016860	g32609
OG0016688	As001G018340	g17925
OG0016689	As001G018470	g43870
OG0016690	As001G018650	g43899
OG0016691	As001G018930	g43954, g43920
OG0016692	As001G019010	g41119
OG0016693	As001G019130	g41106
OG0016694	As001G019610	g1714
OG0016697	As001G020100	g41052
OG0016698	As001G020540	g41430, g41033
OG0016699	As001G020810	g44125
OG0016700	As001G020820	g44126
OG0016701	As001G020850	g41023
OG0016702	As001G021010	g41006
OG0016704	As001G022100	g44207
OG0016706	As001G023040	g10745
OG0016707	As001G023140	g10738
OG0016708	As001G023560	g10708
OG0016709	As001G023920	g16693
OG0016710	As001G023930	g1531
OG0016712	As001G024530	g10629
OG0016714	As001G025060	g10590
OG0016715	As001G025390	g10569
OG0016716	As001G025550	g10554
OG0016717	As001G026610	g10464
OG0016718	As001G026800	g10451
OG0016720	As001G027060	g10413
OG0016721	As001G027790	g10358
OG0016722	As001G027830, As011G255950	g6489
OG0016723	As001G027880	g10352
OG0016724	As001G028160	g10314
OG0016725	As001G028380	g41799
OG0016726	As001G028460	g44940
OG0016727	As001G028580	g44971
OG0016728	As001G028770	g44978
OG0016729	As001G028910	g45003
OG0016730	As001G029170	g45043
OG0016731	As001G029380	g45069
OG0016732	As001G029410	g45072
OG0016734	As001G029680	g18064
OG0016735	As001G029740	g45115
OG0016736	As001G029860	g18067
OG0016737	As001G030040	g41101
OG0016738	As001G030070	g43628
OG0016739	As001G030190	g40734
OG0016740	As001G030250	g40737
OG0016741	As001G030530	g40766
OG0016742	As001G031810	g40874
OG0016743	As001G031880	g40883
OG0016744	As001G032150	g40918
OG0016745	As001G032200	g44215
OG0016746	As001G032240	g40921
OG0016747	As002G032420	g7304
OG0016748	As002G032490	g23736
OG0016749	As002G032780	g23720
OG0016750	As002G032790	g23719
OG0016751	As002G032820	g23715
OG0016752	As002G033750	g38145
OG0016754	As002G034370	g7485
OG0016756	As002G034800	g7469
OG0016758	As002G034920	g5740
OG0016759	As002G035200	g12386
OG0016760	As002G035620	g13085
OG0016761	As002G036080	g13105
OG0016763	As002G036790	g45524
OG0016764	As002G037250	g13119
OG0016765	As002G038970	g6243
OG0016766	As002G039210	g264
OG0016767	As002G039380	g25982
OG0016768	As002G041330	g26786
OG0016769	As002G041370	g26789
OG0016770	As002G042210	g28258
OG0016771	As002G042270	g28274
OG0016772	As002G042760	g1349
OG0016773	As002G042830	g28305
OG0016774	As002G043650	g1325
OG0016775	As002G043660	g1323
OG0016776	As002G043750	g28352
OG0016777	As002G043780	g1315
OG0016778	As002G044000	g869
OG0016779	As002G044060	g28363
OG0016780	As002G044450	g28387
OG0016781	As002G044480	g28389
OG0016782	As002G044930	g902
OG0016783	As002G045250	g923
OG0016784	As002G047030	g39379
OG0016785	As002G047600	g1034
OG0016786	As002G048070, As007G157400	g1063
OG0016787	As002G048290	g39343
OG0016788	As002G048520	g1085
OG0016789	As002G048790	g28604
OG0016790	As002G049120	g39306
OG0016791	As002G049170	g1110
OG0016792	As002G049630	g39286
OG0016793	As002G050900	g5311
OG0016794	As002G051670	g29436
OG0016795	As002G051830	g29446
OG0016796	As002G051940	g5378
OG0016797	As002G052090	g29456
OG0016798	As002G052240	g45557
OG0016799	As002G052320	g5395
OG0016800	As002G052380	g45550
OG0016801	As002G052530	g29485
OG0016802	As002G052810	g29496
OG0016803	As002G052980	g5420
OG0016805	As002G053240	g29522
OG0016806	As002G053390	g5436
OG0016808	As002G053950	g5466
OG0016809	As002G054030	g45509
OG0016810	As002G054060	g45507
OG0016811	As002G054070	g29570
OG0016812	As002G054590	g29590
OG0016815	As002G054870	g29603
OG0016816	As002G055360	g5548
OG0016817	As003G056490	g24212
OG0016818	As003G056540	g17490
OG0016819	As003G056680	g17481
OG0016820	As003G057100	g17467
OG0016821	As003G057460	g17448
OG0016822	As003G057650	g24140
OG0016823	As003G057750	g24130
OG0016824	As003G057940	g24118
OG0016825	As004G087100, As003G058350	g47334
OG0016826	As003G058380	g17386
OG0016828	As003G058620	g24056
OG0016829	As003G058980	g47360
OG0016830	As003G059110	g24030
OG0016831	As003G059510	g17335
OG0016832	As003G059730	g47395
OG0016835	As003G062820	g27802
OG0016836	As003G063200	g32734
OG0016837	As003G063260	g32743
OG0016838	As003G063490	g27866
OG0016839	As003G063520	g32852
OG0016840	As003G064010	g53615
OG0016841	As003G064360	g27963
OG0016842	As003G064420	g35967, g53929
OG0016843	As003G065050	g28218
OG0016844	As003G065100	g28235
OG0016845	As003G065210	g28671
OG0016846	As003G065490	g36248
OG0016847	As003G065600	g54002
OG0016848	As003G065610	g28121
OG0016849	As003G065640	g28122
OG0016850	As003G065890	g50423
OG0016851	As003G065920	g50422
OG0016852	As003G066400	g36182
OG0016853	As003G066840	g32304
OG0016854	As003G067950	g50429
OG0016855	As003G068940	g27654
OG0016856	As003G068960	g27655
OG0016857	As003G069120, As003G069130	g27657
OG0016858	As003G069240	g50493
OG0016859	As003G070080	g50513
OG0016861	As003G070180	g51048
OG0016862	As003G070190	g51049
OG0016863	As003G070260	g32415
OG0016864	As003G070310	g50518
OG0016866	As003G071090	g50543
OG0016867	As003G071180	g32476
OG0016868	As003G071310	g50557
OG0016869	As003G071830	g22988
OG0016870	As003G072070	g22973
OG0016871	As003G072140	g22967
OG0016873	As003G072970	g22901
OG0016874	As003G073180	g27074
OG0016875	As003G073390	g22867
OG0016876	As007G180030, As003G074210	g38478
OG0016877	As003G074360	g22793
OG0016878	As003G074670	g22769
OG0016880	As003G075010	g22728
OG0016881	As003G075100	g22717
OG0016882	As003G075130	g22715
OG0016883	As003G075680	g22692
OG0016884	As003G075860	g18317, g22675
OG0016886	As003G076130	g18336
OG0016888	As003G076360	g18355
OG0016889	As003G076450	g18372
OG0016890	As003G076580	g18379
OG0016892	As004G076760	g17895
OG0016893	As004G076810	g46855
OG0016894	As004G077030	g25064
OG0016895	As004G077310	g46786
OG0016896	As004G077340	g46784
OG0016897	As004G078250	g16896
OG0016898	As004G078270	g16895
OG0016899	As004G078330	g16894
OG0016901	As004G078620	g16875
OG0016903	As004G078930	g31239
OG0016904	As004G079110	g7937
OG0016905	As004G079240	g19580
OG0016906	As004G079290	g32541
OG0016907	As004G080760	g40203
OG0016908	As004G080880	g40212
OG0016909	As004G080930	g2798
OG0016911	As004G081530	g51390
OG0016912	As004G081630	g37067
OG0016913	As004G081840	g37064
OG0016915	As004G082290	g37038
OG0016916	As004G082880	g36980
OG0016918	As004G083250	g25842
OG0016919	As004G083320	g25840
OG0016921	As004G084540	g40372
OG0016923	As004G085430	g40419
OG0016924	As004G085510	g40425
OG0016926	As004G086190	g40465, g25543
OG0016927	As004G086340	g40470
OG0016928	As004G086540	g49692
OG0016929	As004G086730	g11051
OG0016931	As004G089800	g12184
OG0016932	As004G090060	g46903
OG0016933	As004G090220	g5777
OG0016934	As004G090310	g40716
OG0016935	As004G090330	g10885
OG0016936	As004G090560	g40727
OG0016937	As004G090790	g46876
OG0016938	As004G091010	g40705
OG0016939	As004G091450	g25241
OG0016940	As004G091660	g46901, g25283
OG0016941	As004G091720	g6367
OG0016942	As004G091820	g13532
OG0016943	As004G091880	g46879
OG0016944	As004G092110	g11634
OG0016945	As004G092170	g46866
OG0016946	As004G092800	g25296
OG0016947	As004G093420	g24838
OG0016948	As004G093610	g24785
OG0016949	As004G094450	g47003
OG0016950	As004G094570	g24609
OG0016952	As004G095190	g24564
OG0016953	As004G095990	g24497
OG0016954	As004G096010	g24496
OG0016955	As004G096030	g24494
OG0016957	As004G096180	g17685
OG0016958	As004G096530	g24455
OG0016959	As004G096750	g46687
OG0016960	As004G096770	g46685
OG0016961	As004G097130	g11
OG0016962	As004G097300	g46671
OG0016963	As004G097520	g16831
OG0016966	As004G098090	g46636
OG0016967	As004G098190	g16773
OG0016971	As005G098600, As005G103060	g31127
OG0016972	As005G098630	g37776
OG0016973	As005G098950	g10050
OG0016975	As005G099500	g37728
OG0016976	As005G100110	g37701
OG0016977	As005G100180	g37699
OG0016978	As005G100450	g38250
OG0016980	As005G101660	g52252
OG0016981	As005G102130	g52244
OG0016984	As005G103220	g37526
OG0016985	As005G103290	g52142
OG0016986	As012G285470, As005G103980	g18894
OG0016987	As005G104030	g38210
OG0016988	As005G104130	g38205
OG0016989	As005G104480	g52087
OG0016990	As005G105390	g52011
OG0016991	As005G105990	g51999, g38165
OG0016992	As005G106160	g51993
OG0016994	As005G106300	g5853
OG0016995	As005G106370	g5847
OG0016996	As005G106560	g45287
OG0016997	As005G106600	g5831
OG0016998	As005G106630	g5829
OG0016999	As005G106660	g5826
OG0017000	As005G106900	g5810
OG0017001	As005G106940	g45299
OG0017002	As005G107150	g45308
OG0017003	As005G107290	g45312
OG0017005	As005G107450	g5791
OG0017006	As005G107940	g5778
OG0017007	As005G108320	g45355
OG0017008	As005G109050	g5705
OG0017009	As005G110420	g28981
OG0017010	As005G110920	g28945
OG0017011	As005G111080	g28939
OG0017013	As005G112430	g742
OG0017014	As005G112590	g749
OG0017015	As005G113310	g792
OG0017016	As005G113580	g806
OG0017017	As005G113680	g813
OG0017018	As005G114710	g41310
OG0017019	As005G115540	g39230
OG0017020	As005G115990	g320
OG0017021	As010G225570, As005G116530	g284
OG0017022	As005G116680	g9804
OG0017023	As005G116960	g259
OG0017024	As005G117050	g254
OG0017025	As005G117840	g9744
OG0017026	As005G117980	g199
OG0017027	As005G118130	g192
OG0017028	As005G118240	g171
OG0017029	As005G118250	g170
OG0017030	As005G118590	g9709
OG0017031	As005G118640	g18667
OG0017032	As005G118780	g134
OG0017033	As005G118880	g121
OG0017034	As005G118950	g118
OG0017035	As005G119050	g108
OG0017036	As005G119080	g106
OG0017038	As005G119680	g55
OG0017039	As005G119930	g19650
OG0017041	As005G120460	g9628
OG0017042	As005G120750	g13
OG0017044	As006G121000	g25334
OG0017045	As006G121600	g25356
OG0017046	As006G121950	g39476
OG0017047	As006G122170	g39464
OG0017051	As006G122510	g27637
OG0017052	As006G122910	g25453, g25461
OG0017054	As006G124300	g11060
OG0017055	As006G124810	g39709
OG0017056	As006G124870	g39716
OG0017057	As006G124880	g39717
OG0017058	As006G125020	g11112
OG0017059	As006G125850	g39770
OG0017060	As006G126890	g51271
OG0017061	As006G126910	g37917
OG0017062	As006G127170	g39840
OG0017063	As006G127560	g51234
OG0017064	As006G127800	g51226
OG0017065	As006G128000	g39907
OG0017066	As006G128410	g37891
OG0017068	As006G129230	g40012
OG0017069	As006G129540	g39989
OG0017070	As006G129580	g39983
OG0017071	As006G129860	g40037
OG0017072	As006G130050	g37820
OG0017073	As006G130090	g37818
OG0017074	As006G130330	g40088
OG0017075	As006G130620	g40133
OG0017076	As006G130960	g40151
OG0017077	As006G131280	g40187
OG0017078	As006G131290	g40189
OG0017079	As006G131300	g40190
OG0017080	As006G131530	g38270
OG0017081	As006G131570	g36792, g36789
OG0017082	As006G131660	g38280
OG0017083	As006G131760	g38292
OG0017084	As006G131830	g38294
OG0017085	As006G131880	g38300
OG0017086	As006G132150	g36838
OG0017087	As006G132170	g38308
OG0017088	As006G132240	g47630
OG0017089	As006G132270	g23631
OG0017090	As006G132300	g17084
OG0017091	As006G132390	g23639
OG0017092	As006G132400	g17090
OG0017093	As006G132430	g17093
OG0017094	As006G132940	g12719
OG0017095	As006G132960	g7939
OG0017096	As006G133190	g7944
OG0017097	As006G133260	g7948
OG0017098	As006G133440	g5138
OG0017099	As006G133580	g12726
OG0017100	As006G134120	g17133
OG0017101	As006G134220	g23694
OG0017102	As006G134340	g47592
OG0017103	As006G134470	g23670
OG0017104	As006G134650	g17124
OG0017105	As006G135110	g12690, g7903
OG0017106	As006G135210	g7893
OG0017109	As006G135900	g7843
OG0017110	As006G136210	g12656
OG0017111	As006G136350	g12642
OG0017112	As006G136490	g7823
OG0017113	As006G136710	g7817
OG0017114	As006G137280	g7796
OG0017116	As006G137980	g12821
OG0017117	As006G138060	g12830
OG0017118	As006G138690	g12561
OG0017119	As006G138820	g12555
OG0017120	As006G139210	g12526
OG0017121	As006G139220	g12525
OG0017122	As006G139430	g12514
OG0017123	As006G139530	g12509
OG0017125	As006G140100	g12487
OG0017126	As006G140150	g7643
OG0017127	As006G140210	g7639
OG0017128	As006G140480	g12469
OG0017129	As006G140590	g7617
OG0017130	As006G141020	g7601
OG0017131	As006G141140	g12443
OG0017132	As006G141270	g7581
OG0017133	As006G141430	g7572
OG0017134	As006G141730	g7554
OG0017135	As006G141780	g12993
OG0017136	As006G142130	g7531
OG0017137	As006G142600	g37354
OG0017138	As006G143060	g51834
OG0017139	As006G143460	g37323
OG0017140	As006G143480	g51785
OG0017142	As006G143650	g37311
OG0017143	As006G143960	g51755
OG0017144	As006G144180	g51743
OG0017145	As006G144200	g51742
OG0017146	As006G144670	g51570
OG0017147	As006G145290	g51601
OG0017148	As006G145620	g38054
OG0017151	As006G146790	g38084
OG0017152	As006G148310	g37275
OG0017153	As007G151960	g31590
OG0017154	As007G152150	g49944
OG0017155	As007G152450	g31629
OG0017157	As007G153060	g49976
OG0017159	As007G153540	g49992
OG0017160	As007G153660	g31690
OG0017161	As007G154060	g50011
OG0017162	As007G154440	g31771
OG0017163	As007G154650	g50030
OG0017164	As007G154900	g31784
OG0017165	As007G154960	g50048
OG0017167	As007G155150	g27415
OG0017168	As007G155520	g31820
OG0017169	As007G155810	g31855
OG0017170	As007G155880	g27434
OG0017171	As007G156220	g36465
OG0017174	As007G157650	g32000
OG0017175	As007G157690	g32001
OG0017176	As007G157730	g32005
OG0017177	As007G157830	g27497
OG0017178	As007G158320	g32026
OG0017179	As007G158570	g50248
OG0017181	As007G158790	g27791
OG0017182	As007G158810	g27530
OG0017183	As007G158970	g50258
OG0017184	As007G159180	g27543
OG0017185	As007G159240	g32053
OG0017186	As007G159860	g32084
OG0017187	As007G159910	g32081
OG0017188	As007G160220	g32125
OG0017189	As007G160540	g50348
OG0017190	As007G161050	g32182
OG0017191	As007G161370	g50386
OG0017192	As007G161690	g32238
OG0017194	As007G162610	g27635
OG0017195	As007G162620	g27634
OG0017196	As007G162930	g23837
OG0017197	As007G164370	g37379
OG0017198	As007G164650	g23780
OG0017199	As007G165210	g23751
OG0017200	As007G166030	g23609
OG0017202	As007G177070	g38351
OG0017203	As007G177680	g38339
OG0017204	As007G178110	g50983
OG0017205	As007G178390	g50977
OG0017206	As007G179560	g38435
OG0017207	As007G179810	g38453, g25576
OG0017208	As007G180050	g38480
OG0017209	As007G180170	g36929
OG0017210	As007G180550	g38510
OG0017211	As007G180620	g36944
OG0017216	As007G181890	g50855
OG0017217	As008G182750	g31543
OG0017218	As008G183290	g31504
OG0017219	As008G183810	g49879
OG0017220	As008G184090	g31456
OG0017222	As008G184450	g31412
OG0017223	As008G184650	g31393
OG0017224	As008G185990	g31319
OG0017225	As008G186100	g31311
OG0017228	As008G186800	g31273
OG0017230	As008G187530	g49706
OG0017231	As008G187610	g31225
OG0017233	As008G188680	g27063
OG0017234	As008G188690	g41115
OG0017235	As008G188720	g31164
OG0017237	As008G188910	g31160
OG0017238	As008G189080	g5568
OG0017239	As008G190440	g27028
OG0017240	As008G192960	g49562
OG0017241	As008G193710	g49544
OG0017242	As008G193920	g30989
OG0017243	As008G194300	g30961
OG0017244	As008G194670	g30941
OG0017245	As008G194900	g49495
OG0017247	As008G195490	g49479
OG0017248	As008G195960	g30881
OG0017249	As008G196200	g26934
OG0017250	As008G196510	g30852
OG0017251	As008G196570	g30847
OG0017252	As008G196860	g26912
OG0017253	As008G196880	g30836
OG0017255	As008G196930	g30838
OG0017256	As008G196980	g23551
OG0017258	As008G197310	g30810
OG0017259	As008G197940	g26889
OG0017261	As008G199140	g26865
OG0017263	As008G199590	g49286
OG0017264	As008G199640	g19281
OG0017265	As009G199890	g5180
OG0017266	As009G199920	g29305
OG0017267	As009G199950	g5183
OG0017268	As009G199980	g5185
OG0017269	As009G200720	g5147
OG0017270	As009G200730	g5146
OG0017271	As009G200740	g5143
OG0017272	As009G201210	g45691
OG0017273	As009G201340	g5127
OG0017274	As009G202090	g45722
OG0017275	As009G202380	g5046
OG0017277	As009G203580	g28992
OG0017278	As009G203620	g4984
OG0017279	As009G203730	g29011
OG0017280	As009G203930	g18018
OG0017281	As009G204720	g29076
OG0017282	As009G204850	g41448
OG0017283	As009G204870	g41447
OG0017284	As009G205140	g4870
OG0017285	As009G206520	g10151
OG0017286	As009G206880	g4707
OG0017287	As009G207120	g4732
OG0017288	As009G207250	g4757
OG0017289	As009G207400	g10189, g4662
OG0017291	As009G209130	g10275
OG0017292	As009G210070	g10254
OG0017293	As009G210230	g5255
OG0017294	As009G210260	g5259
OG0017295	As009G210700	g29654
OG0017296	As009G211790	g1533
OG0017297	As009G211880	g27978
OG0017298	As009G212130	g10297
OG0017299	As009G213680	g29732
OG0017302	As009G213950	g29743
OG0017303	As009G214100	g5660
OG0017305	As009G215250	g10067
OG0017306	As009G215290	g600
OG0017307	As009G215540	g31740
OG0017308	As009G215770	g10026
OG0017309	As009G215860	g10025
OG0017310	As009G216090	g538
OG0017311	As009G216180	g10011
OG0017312	As009G216360	g533
OG0017314	As009G216620	g512
OG0017315	As009G216630	g9993
OG0017316	As009G217330	g466
OG0017317	As009G217380	g9954
OG0017318	As009G217920	g428
OG0017319	As009G218100	g39397
OG0017320	As009G218130	g418
OG0017321	As009G218420	g393
OG0017322	As009G218470	g9881
OG0017323	As009G218520	g18603
OG0017324	As009G218580	g381
OG0017325	As009G218650	g374, g46967
OG0017327	As009G219790	g28721
OG0017328	As009G219850	g28722
OG0017329	As009G219880	g1189
OG0017330	As010G220330	g52844, g52834
OG0017331	As010G220570	g2511
OG0017333	As010G220760	g2545
OG0017334	As010G220880	g19354
OG0017335	As010G221220	g2589
OG0017336	As010G221300	g2596
OG0017338	As010G222310	g2679
OG0017339	As010G222380	g2684
OG0017340	As010G222650	g2706
OG0017341	As010G222870	g19468
OG0017342	As010G222970	g19481
OG0017343	As010G223300	g19490
OG0017344	As010G223390	g19501
OG0017345	As010G223590	g2770
OG0017346	As010G224100	g19525
OG0017347	As010G224250	g11419
OG0017348	As010G224520	g19552
OG0017349	As010G224840	g24566
OG0017350	As010G225360	g2996
OG0017351	As010G226160	g11462
OG0017352	As010G226190	g19606
OG0017353	As010G226300	g3292
OG0017354	As010G226990	g11512
OG0017355	As010G227400	g10309
OG0017356	As010G227670	g44881
OG0017357	As010G227870	g44882
OG0017358	As010G229080	g5246
OG0017360	As010G230590	g41605
OG0017361	As010G231350	g44792
OG0017362	As010G232110	g45779
OG0017363	As010G232210	g44774
OG0017364	As010G232530	g38487
OG0017365	As010G232580	g43213
OG0017366	As010G232600	g45801
OG0017367	As010G232780	g44737
OG0017368	As010G233550	g44693
OG0017369	As010G233560	g44692
OG0017370	As010G233670	g45878
OG0017371	As010G233870	g45888
OG0017372	As010G233990	g45901
OG0017373	As010G234010	g45902
OG0017374	As010G234330	g44651
OG0017375	As010G235480	g46400
OG0017376	As010G235520	g13611
OG0017377	As010G235990	g46365
OG0017378	As010G236020	g46358
OG0017379	As010G236110	g46350
OG0017380	As010G236440	g46307
OG0017381	As010G236720	g46305
OG0017382	As010G236820	g44391
OG0017384	As010G237310	g17972
OG0017385	As010G237630	g46238
OG0017386	As010G237700	g44433
OG0017388	As010G238560	g44487
OG0017390	As010G239180	g46137
OG0017391	As010G239320	g648
OG0017392	As010G239420	g44548
OG0017393	As010G239520	g17926
OG0017394	As010G239810	g44557
OG0017395	As010G239930	g46084
OG0017396	As010G240210	g44570
OG0017398	As010G240530	g46046
OG0017400	As010G241210	g46006
OG0017401	As010G241910	g46459
OG0017402	As010G242120	g44351
OG0017403	As010G242500	g46502
OG0017404	As010G242890	g44320
OG0017407	As010G243240	g46543
OG0017408	As010G243360	g46549
OG0017411	As010G244440	g44271
OG0017412	As010G244460	g44270
OG0017414	As011G244800	g7269
OG0017415	As011G245010	g13156
OG0017416	As011G245220	g7248
OG0017417	As011G245530	g7230
OG0017420	As011G246720	g7152
OG0017421	As011G246730	g7151
OG0017422	As011G247160	g12154
OG0017423	As011G247250	g7115
OG0017424	As011G247270	g7114
OG0017425	As011G247530	g7088
OG0017427	As011G248460	g7021
OG0017429	As011G248990	g6992
OG0017431	As011G250500	g6875
OG0017432	As011G250530	g6873
OG0017433	As011G251100	g11979
OG0017434	As011G251320, As011G257260	g6818
OG0017438	As011G251830	g6777
OG0017439	As011G251850	g11954
OG0017440	As011G253410	g13392
OG0017441	As011G253620	g11872
OG0017443	As011G253740	g6659
OG0017444	As011G253750	g6637
OG0017445	As011G254470	g11819
OG0017446	As011G254660	g28345
OG0017449	As011G255660	g6512
OG0017451	As011G256600	g13501, g11720
OG0017452	As011G256900	g6441
OG0017453	As011G257510	g11686
OG0017454	As011G258860	g38323
OG0017455	As011G259390	g13570
OG0017456	As011G259850	g6332
OG0017458	As011G260920	g13667
OG0017459	As011G261410	g13587
OG0017460	As011G262020	g6221
OG0017461	As011G262190	g13678
OG0017462	As011G263070	g6144
OG0017463	As011G263370	g14201
OG0017464	As011G264230	g6108
OG0017467	As011G264750	g13999
OG0017468	As011G265270	g6004
OG0017469	As011G265620	g13945
OG0017470	As011G266090	g13803
OG0017471	As011G266720	g5934
OG0017472	As011G267000	g5914
OG0017473	As011G267080	g5908
OG0017474	As011G267310	g47666
OG0017475	As011G267470	g47383
OG0017476	As011G267490	g5932
OG0017477	As011G267540	g5889
OG0017478	As011G267600	g13836
OG0017479	As011G267610	g13834
OG0017480	As012G267760	g17980
OG0017481	As012G267990	g54366
OG0017482	As012G268170	g54310
OG0017483	As012G268300	g36722
OG0017484	As012G268760	g54332
OG0017485	As012G268860	g36697
OG0017486	As012G268880	g36695
OG0017489	As012G269340	g36676
OG0017490	As012G269510	g36661
OG0017492	As012G270020	g36602
OG0017493	As012G270550	g36580
OG0017495	As012G272020	g54207
OG0017497	As012G272300	g36432
OG0017498	As012G272490	g28063
OG0017499	As012G273340	g54109
OG0017500	As012G273400	g36366
OG0017501	As012G273420	g54101
OG0017502	As012G273520	g54086
OG0017503	As012G273580	g54085
OG0017504	As012G273840	g28106
OG0017505	As012G274210	g47150
OG0017506	As012G274240	g17592
OG0017508	As012G274840	g17638
OG0017509	As012G274850	g17639
OG0017510	As012G275060	g50539
OG0017512	As012G275390	g51446
OG0017515	As012G276220	g19223
OG0017516	As012G276290	g11323
OG0017517	As012G276550	g2388
OG0017518	As012G276570	g19211
OG0017519	As012G277530	g2335
OG0017520	As012G277590	g19176
OG0017521	As012G277600	g19175
OG0017523	As012G278100	g2316
OG0017524	As012G279520	g19152
OG0017525	As012G279810	g19160
OG0017526	As012G280000	g2299
OG0017527	As012G281010	g2253
OG0017528	As012G281300	g2238
OG0017529	As012G281340	g11282
OG0017530	As012G281740	g2216
OG0017532	As012G281950	g19082
OG0017533	As012G282090	g11276
OG0017534	As012G282370	g2181
OG0017535	As012G282420	g2183
OG0017536	As012G282570	g2170
OG0017537	As012G282840	g19030
OG0017538	As012G283060	g2138
OG0017539	As012G283850	g2088
OG0017541	As012G284930	g18943
OG0017542	As012G285060	g18921
OG0017543	As012G285160	g11202
OG0017544	As012G285820	g1958
OG0017547	As012G286730	g19280
OG0017548	As012G286890	g1891
OG0017549	As012G286940	g1890
OG0017550	As012G287820	g1812
OG0017551	As012G288120	g11155
OG0017553	As012G288680	g1747
OG0017555	As012G289360	g18702
OG0017751	As001G000580	g17030
OG0017753	As001G001420	g17004
OG0017754	As001G003390	g23349
OG0017755	As001G004160	g23300
OG0017757	As209G297110	g19691, g19738
OG0017758	As001G013660	g1825
OG0017759	As001G014550	g23043
OG0017760	As001G015100	g47907
OG0017763	As001G016950	g32617
OG0017764	As001G017030	g50649
OG0017765	As001G017220	g24291
OG0017766	As001G018460	g43853
OG0017767	As001G019040	g43985
OG0017768	As001G020500	g44104
OG0017769	As001G020560	g44108
OG0017771	As001G022000	g40936
OG0017772	As001G022330	g10815
OG0017773	As001G022390	g10811
OG0017775	As001G022510	g10801
OG0017776	As001G022640	g10794
OG0017778	As001G023820	g10682
OG0017779	As001G023890	g1527
OG0017780	As001G023950	g16690
OG0017781	As001G024030	g1542
OG0017783	As001G025670	g10547
OG0017784	As001G026190	g1616, g10502
OG0017785	As001G026220	g10499, g10575
OG0017786	As001G026760	g10454
OG0017787	As001G027160	g10408
OG0017788	As001G027740	g10364
OG0017789	As001G028890	g44997
OG0017791	As001G029180	g45044
OG0017792	As001G029340	g18057
OG0017793	As001G029350	g45066
OG0017794	As001G030080	g28498
OG0017795	As001G030620	g40776
OG0017797	As002G034690	g7473, g13060
OG0017798	As002G035490	g47645
OG0017799	As002G037590	g7354
OG0017800	As002G039270	g25952
OG0017801	As002G041910	g26815
OG0017802	As002G042770	g28301
OG0017803	As002G043470	g1327
OG0017804	As002G044490	g28390
OG0017805	As002G044580	g894
OG0017806	As003G057210, As002G045270	g47282
OG0017808	As002G045720	g937
OG0017809	As002G048870	g28620
OG0017810	As002G049360	g39298
OG0017811	As002G050380	g29365
OG0017812	As002G050620	g5292
OG0017813	As002G051650	g29434
OG0017814	As002G053060	g45528
OG0017816	As002G053910	g29565
OG0017817	As002G054300	g29579
OG0017818	As002G054350	g29583
OG0017819	As002G054370	g5497
OG0017820	As002G054830	g5520
OG0017821	As002G055250	g5539
OG0017822	As002G055270	g5541
OG0017824	As003G056300	g47246
OG0017825	As003G056940	g6536
OG0017826	As003G057310	g24157
OG0017827	As003G057790	g24127
OG0017829	As003G060560	g47427
OG0017832	As003G062790	g32674
OG0017834	As003G063980	g50509
OG0017835	As003G064210	g27929
OG0017838	As003G064660	g28174
OG0017839	As003G064880	g35935
OG0017840	As003G069280	g32364
OG0017841	As003G070390	g32426
OG0017842	As003G070610	g32432
OG0017843	As003G071100	g50544
OG0017844	As003G071150	g32474
OG0017845	As003G071800	g22994
OG0017846	As003G071980	g47930
OG0017847	As003G073350	g47980
OG0017848	As003G073450	g22852
OG0017849	As003G073610	g47984
OG0017850	As003G073750	g47990
OG0017852	As003G074370	g22792
OG0017853	As003G074740	g22761
OG0017854	As003G075140	g22714
OG0017855	As004G077270	g46793
OG0017857	As004G077760	g18096
OG0017858	As004G078410	g16890
OG0017860	As004G079810	g51505
OG0017861	As004G080340	g40247
OG0017862	As004G080510	g40233
OG0017863	As004G081010	g51442
OG0017864	As004G081610	g51374
OG0017865	As004G082460	g37016
OG0017866	As004G082620	g36992
OG0017867	As004G082640	g18446
OG0017868	As004G083290	g40281
OG0017869	As004G083560	g40299
OG0017871	As004G083910	g40328
OG0017872	As004G084070	g40337
OG0017873	As004G084110	g25764
OG0017874	As004G084470	g40361
OG0017875	As004G084840	g40388
OG0017880	As004G088820	g40620
OG0017883	As004G089540	g40669
OG0017884	As004G090170	g25207
OG0017885	As004G090570	g10838
OG0017887	As004G092010	g25284
OG0017888	As004G092540	g46861
OG0017889	As004G092760	g46935
OG0017890	As004G093190	g46958
OG0017891	As004G093400	g54007
OG0017892	As004G093470	g24799
OG0017893	As004G093760	g24728
OG0017894	As004G094490	g24654
OG0017895	As004G094830	g24596, g47016
OG0017896	As004G095090	g24575
OG0017897	As004G095100	g24574
OG0017900	As004G095630	g24526
OG0017904	As004G097740	g16805
OG0017905	As005G099870	g37713
OG0017906	As005G100150	g50802
OG0017908	As005G101690	g52249
OG0017909	As005G101780	g37605
OG0017911	As005G102970	g37535
OG0017914	As005G104420	g37473
OG0017915	As005G104570	g52082
OG0017916	As005G105090	g52026
OG0017918	As005G106330	g5850
OG0017920	As005G106360	g5848
OG0017923	As005G108240	g18824
OG0017924	As005G108460	g45360
OG0017926	As005G112220	g28920
OG0017927	As005G114540	g28796, g28775
OG0017928	As005G115480	g1275
OG0017931	As005G117740	g209
OG0017932	As005G120290	g9631
OG0017933	As005G120430	g19635
OG0017934	As005G120600	g19629
OG0017936	As006G121040	g47143
OG0017940	As006G121930	g39478
OG0017942	As006G122340	g25409
OG0017943	As006G123210	g39584
OG0017944	As006G125580	g39749
OG0017945	As006G126920	g37916
OG0017946	As006G128580	g39959
OG0017948	As006G129660	g49597, g31084
OG0017949	As006G130630	g40131
OG0017950	As006G131380	g54260
OG0017951	As006G131640	g36800
OG0017952	As006G132110	g38316
OG0017954	As006G133060	g12717
OG0017956	As006G133160	g11241
OG0017958	As006G133510	g16992
OG0017959	As006G133620	g27965
OG0017963	As006G134390	g47610
OG0017964	As006G134440	g23669
OG0017965	As006G134540	g17119
OG0017967	As006G136360	g12641
OG0017968	As006G136520	g12633
OG0017969	As006G136570	g7821
OG0017970	As006G136640	g12776
OG0017971	As006G136650	g12777
OG0017972	As006G137710	g7753
OG0017973	As006G137800	g12812
OG0017974	As006G137970	g12588
OG0017975	As006G138490	g7421
OG0017976	As006G138570	g12858
OG0017977	As006G138580	g7706
OG0017978	As006G138980	g12544
OG0017979	As006G139130	g12878
OG0017982	As006G141370	g7577
OG0017983	As006G141650	g7559
OG0017984	As006G142070	g13004
OG0017985	As006G142090	g7533
OG0017986	As006G143810	g51768
OG0017987	As006G144840	g37162
OG0017988	As006G144910, As006G144920	g38035, g51577
OG0017990	As006G145960	g37206
OG0017994	As007G152140	g27307
OG0017995	As007G152170	g31605
OG0017998	As007G154470	g31769
OG0017999	As007G154980	g27411
OG0018000	As007G155450	g50063
OG0018001	As007G156340	g50124
OG0018002	As007G156420	g27454
OG0018003	As007G156430	g27455
OG0018004	As007G156470	g50130
OG0018005	As007G157500	g50199
OG0018006	As007G158510	g32037
OG0018007	As007G158780	g27792
OG0018008	As007G158940	g50256
OG0018009	As007G159340	g32063
OG0018010	As007G159680	g32093
OG0018011	As007G160230	g32126
OG0018012	As007G160750	g32159
OG0018013	As007G161410	g489
OG0018014	As007G162210	g27632
OG0018015	As007G162950	g23836
OG0018016	As007G164020	g23807
OG0018017	As007G164800	g17170
OG0018018	As007G176790	g38346
OG0018019	As007G176910	g38348
OG0018021	As007G178230	g38386
OG0018023	As007G179040	g38405
OG0018024	As007G179270	g36911
OG0018026	As007G179640	g38440
OG0018027	As007G180020	g50916
OG0018028	As007G180350	g38496
OG0018030	As008G183940	g31441
OG0018031	As008G186130	g27148
OG0018032	As008G186990	g27123
OG0018033	As008G188140	g27092
OG0018034	As008G189190	g49650
OG0018036	As008G192850	g31059
OG0018037	As008G194020	g26967
OG0018038	As008G194150	g30972
OG0018039	As008G194710	g26960
OG0018040	As008G194840	g30932
OG0018041	As008G195610	g30896
OG0018042	As008G195700	g49466
OG0018043	As008G196480	g30856
OG0018044	As008G196500	g30853
OG0018045	As008G196780	g49421
OG0018046	As008G197700	g30791
OG0018048	As008G198840	g49323
OG0018050	As008G199350	g26860
OG0018051	As008G199390	g26857
OG0018053	As009G200250	g45651
OG0018054	As009G200390	g29299
OG0018055	As009G200710	g29279
OG0018056	As009G201270	g29260
OG0018057	As009G203700, As009G203690	g4967, g4966
OG0018058	As009G203980	g4936
OG0018060	As009G204760	g4898
OG0018061	As009G205810	g4809
OG0018063	As009G207000	g10166
OG0018064	As009G207090	g10172
OG0018066	As009G210250	g5257
OG0018067	As009G212080	g10293
OG0018068	As009G212550	g29694
OG0018069	As009G212930	g29705
OG0018071	As009G214310	g5666
OG0018074	As009G217960	g9906
OG0018076	As009G218140	g18598
OG0018077	As009G218160	g9892
OG0018078	As009G218390	g395
OG0018079	As009G219730	g1206
OG0018080	As010G221500	g19389
OG0018081	As010G222210	g2648
OG0018082	As010G222290	g2677
OG0018083	As010G224160	g11411
OG0018084	As010G226600	g3469
OG0018085	As010G226980	g11511
OG0018086	As010G227230	g19462
OG0018087	As010G227260	g1045
OG0018088	As010G227610	g3080
OG0018091	As010G231730	g45762
OG0018092	As010G232060	g44777
OG0018093	As010G232300	g45786
OG0018094	As010G234130	g45912
OG0018095	As010G234520	g45941
OG0018096	As010G236140	g46347
OG0018098	As010G236310	g46325
OG0018100	As010G237670	g46234
OG0018102	As010G238410	g44476
OG0018103	As010G238450	g46183
OG0018104	As010G238810	g46160
OG0018105	As010G238830	g44510
OG0018106	As010G238930	g46151
OG0018107	As010G239440	g46123
OG0018109	As010G240760	g31526
OG0018111	As010G242560	g46508
OG0018113	As010G242790	g44325
OG0018115	As011G244670	g7284
OG0018116	As011G244790	g7270
OG0018117	As011G245030	g13159
OG0018118	As011G245110	g7253
OG0018120	As011G245130	g3094
OG0018121	As011G245710	g12218
OG0018122	As011G247240	g12149
OG0018124	As011G250080	g6909
OG0018125	As011G250520	g6874
OG0018126	As011G254150	g13409
OG0018128	As011G254920	g6559
OG0018130	As011G255930	g6490
OG0018131	As011G255970	g37364
OG0018132	As011G258240	g35821
OG0018133	As011G259010	g6361
OG0018134	As011G259190	g6244
OG0018135	As011G260510	g6309
OG0018136	As011G261360	g11108
OG0018138	As011G261810	g13665
OG0018139	As011G261980	g13670
OG0018140	As011G262530	g14318
OG0018141	As011G262840	g14235
OG0018142	As011G263060	g13704
OG0018144	As011G264490	g14021, g53180
OG0018145	As011G265210	g6001
OG0018147	As011G267300	g13826
OG0018148	As011G267390	g13843
OG0018149	As012G269630	g36638
OG0018150	As012G270410	g36585
OG0018151	As012G270870	g54253
OG0018152	As012G271030	g36532
OG0018156	As012G273720	g27971
OG0018158	As012G276280	g19218
OG0018159	As012G276620	g2383
OG0018160	As012G276830	g19205
OG0018161	As012G281120	g2255
OG0018162	As012G282860	g2150, g19028
OG0018164	As012G282940	g19024
OG0018165	As012G282980	g11260
OG0018166	As012G283960	g2104
OG0018168	As012G284800	g18949
OG0018169	As012G285210	g18910
OG0018170	As012G286280	g1917
OG0018171	As012G287480	g1856
OG0018172	As012G288410	g1756
OG0018337	As001G017620	g17562
OG0018338	As001G018130	g18195
OG0018339	As001G018720	g1693
OG0018340	As001G018730	g43912, g52811
OG0018341	As001G019210	g41094
OG0018342	As001G020230	g44089
OG0018343	As001G023050	g10744
OG0018346	As001G027920	g10346
OG0018348	As001G028980	g45007
OG0018349	As001G029330	g45064
OG0018350	As001G029690	g45104
OG0018351	As001G031790	g36896
OG0018354	As002G036440	g17979
OG0018356	As002G040870	g1446
OG0018358	As002G041600	g1430
OG0018361	As002G042810	g28303
OG0018362	As002G043240	g28325
OG0018363	As002G043670	g1322
OG0018364	As002G043820	g41177
OG0018365	As002G044390	g886
OG0018367	As002G048570	g39332
OG0018368	As002G050180	g10302
OG0018369	As002G050420	g5284
OG0018371	As002G055380	g5550
OG0018372	As003G056460	g47256
OG0018373	As003G056630	g17483
OG0018374	As003G057660	g24139
OG0018376	As003G058990	g47361
OG0018377	As003G061650	g6253, g23885
OG0018379	As003G065080	g28231
OG0018380	As003G069890	g32391
OG0018382	As003G074010	g24653, g22815
OG0018383	As003G075850	g22680
OG0018385	As004G077700	g18102
OG0018386	As004G078170	g46705
OG0018387	As004G081270	g51411
OG0018390	As004G083040	g10664
OG0018391	As004G083510	g50706
OG0018392	As004G084040	g25765
OG0018394	As004G085940	g25565
OG0018396	As004G086820, As004G086860	g18412
OG0018397	As004G087420	g40530
OG0018398	As004G087930	g40557
OG0018400	As004G091510, As004G092660	g13537
OG0018401	As004G092510	g47084
OG0018402	As004G094190	g24642, g24636
OG0018403	As004G094610	g47014
OG0018405	As004G096850	g16861
OG0018406	As004G097250	g46675
OG0018407	As004G097480	g15791, g3690
OG0018409	As004G097630	g16820
OG0018411	As004G098080	g46642
OG0018412	As004G098360	g16762
OG0018414	As005G099070	g37752
OG0018416	As005G102340	g37567
OG0018418	As005G104540	g24611
OG0018420	As005G106760	g5822
OG0018421	As005G107730	g29850
OG0018425	As005G116490	g288
OG0018427	As005G120680	g9624
OG0018428	As006G121140	g45279
OG0018431	As006G127920	g39898
OG0018434	As006G130180	g40074
OG0018437	As006G133030	g7933
OG0018439	As006G133470	g46666
OG0018443	As006G135080	g12691
OG0018444	As006G135330	g41080
OG0018446	As006G136340	g12770
OG0018448	As006G138680	g10148
OG0018450	As007G160390	g32147
OG0018451	As007G160810	g32163
OG0018452	As007G161270	g32199
OG0018453	As007G162990	g47510
OG0018454	As007G163580	g23818
OG0018456	As007G177260	g38360
OG0018458	As007G179520	g38430
OG0018459	As007G180970	g38529
OG0018463	As008G188790	g31162
OG0018464	As008G188930	g31159
OG0018465	As008G188940	g39674
OG0018466	As008G192210	g49573
OG0018467	As008G194450	g49514
OG0018468	As008G196520	g30851
OG0018469	As008G196760	g30828
OG0018470	As008G199430	g49291
OG0018472	As009G199770	g45631
OG0018478	As009G205650	g4827
OG0018479	As009G206110	g4788
OG0018480	As009G207630	g4648
OG0018482	As009G212400	g29688
OG0018483	As009G215280	g10070
OG0018484	As009G216310, As009G216060, As009G216070	g535
OG0018485	As009G218360	g397
OG0018488	As010G222120	g19416
OG0018490	As010G222680	g2707
OG0018491	As010G222800	g2719, g2722
OG0018494	As010G223790	g19518
OG0018497	As010G226310	g31101
OG0018501	As010G236390	g46321
OG0018502	As010G237180	g44405
OG0018506	As010G241890	g46458
OG0018507	As010G242580	g46510
OG0018508	As010G243750	g46580
OG0018511	As011G246490	g12181
OG0018512	As011G256750	g11704
OG0018513	As011G259580	g24214
OG0018514	As011G260960	g6242
OG0018517	As011G265630, As012G281660	g13944
OG0018524	As012G288520	g12666
OG0018525	As012G289270	g11144
OG0018526	As012G289420	g18706
OG0018676	As001G015820	g50580
OG0018678	As001G018150	g24359, g17587
OG0018681	As001G025680	g10546
OG0018682	As001G027690	g46928
OG0018683	As001G029930	g18069
OG0018685	As002G032500	g23735
OG0018687	As002G040380	g26633
OG0018688	As002G040990	g14663
OG0018689	As002G041010	g1444, g26781
OG0018690	As002G041780	g1423
OG0018691	As002G043970	g867
OG0018692	As002G044080	g41212
OG0018695	As002G047590	g28528
OG0018697	As003G055650	g24282
OG0018698	As003G059190	g24019
OG0018699	As003G059440	g47374
OG0018700	As003G060460	g47425
OG0018701	As003G060820	g23765
OG0018703	As003G065000	g11308
OG0018706	As003G072490	g22941
OG0018707	As004G077220	g46805
OG0018710	As004G081920	g11127
OG0018711	As004G082020	g11135
OG0018712	As004G082060, As004G082050, As007G162680	g11138
OG0018713	As004G082840	g18457
OG0018716	As004G087740	g6263, g10999
OG0018717	As004G092740	g46933
OG0018718	As004G092750	g46934
OG0018720	As004G095970	g17711, g53650
OG0018721	As004G097210	g16843
OG0018725	As005G102140	g52220
OG0018726	As005G102690	g52167
OG0018728	As005G104330	g38201
OG0018731	As005G107160	g11552
OG0018734	As005G120270	g9632
OG0018736	As006G120950	g25331
OG0018737	As006G123030	g39550
OG0018740	As006G131110	g40159
OG0018741	As006G131330	g40200
OG0018745	As006G135050	g12692
OG0018746	As006G136560	g12632
OG0018750	As006G147300	g13825
OG0018751	As007G157480	g50198
OG0018752	As007G160710	g32157
OG0018757	As008G187960	g31217
OG0018758	As008G198110	g49362
OG0018760	As008G199420	g49292
OG0018761	As009G202820	g29157
OG0018763	As009G218870	g9864
OG0018765	As009G219800	g1199
OG0018766	As010G223560	g2730
OG0018767	As010G224330	g2821
OG0018769	As010G225020	g19541
OG0018770	As010G225580	g19593
OG0018771	As010G227070	g11513
OG0018772	As010G232830	g44843
OG0018774	As010G233500	g50286
OG0018775	As010G235260	g46426
OG0018776	As010G238100	g27438
OG0018777	As010G239130	g44531
OG0018781	As011G246850	g12165
OG0018782	As011G246910	g12163
OG0018783	As011G248910	g13266
OG0018784	As011G252610	g11916
OG0018786	As011G253550	g11869
OG0018789	As011G264190	g6107
OG0018790	As011G264690	g12388
OG0018791	As011G266020	g5966
OG0018792	As012G267710	g27973
OG0018795	As012G272650	g54150
OG0018796	As012G273530	g36347
OG0018798	As012G284230	g11225
OG0018799	As012G285340	g2012
OG0018800	As012G287260, As012G287250	g11183
OG0018801	As012G289040	g18767
OG0018802	As012G289280	g18786
OG0018940	As001G000440	g17033
OG0018941	As001G003320	g23352
OG0018948	As001G024370	g16673
OG0018949	As001G024460	g10641
OG0018950	As001G025810	g1603
OG0018951	As001G027030	g10416
OG0018952	As002G033060	g47582
OG0018953	As002G039580	g16246
OG0018954	As002G041110	g1439
OG0018955	As002G044230	g28369
OG0018956	As002G047250	g1015
OG0018958	As002G053460	g5441
OG0018959	As002G054470	g5501
OG0018960	As003G060170, As003G060080	g47409
OG0018964	As003G074000	g22817
OG0018966	As003G076230	g22662
OG0018969	As004G081760	g51364
OG0018970	As004G082970	g45858
OG0018971	As004G084190	g40345
OG0018973	As004G093840	g17862
OG0018976	As005G120140	g9635
OG0018979	As006G129600	g39978
OG0018980	As006G130970	g40152
OG0018986	As007G161570	g50392
OG0018987	As007G181610, As007G181270	g48645, g21371, g48605, g48597
OG0018991	As008G197360	g49403
OG0018993	As009G204630	g41454
OG0018994	As009G215550	g10039
OG0018998	As010G225770	g19595
OG0018999	As010G226020	g19602
OG0019000	As010G232570	g45799, g27827
OG0019005	As011G251150	g6842
OG0019006	As011G255080	g11765
OG0019011	As012G269610	g36645
OG0019012	As012G273220	g36378
OG0019016	As205G296980, As249G297460, As260G297520, As160G296680, As061G295250, As323G297920, As384G298060	g19707, g19756
OG0019129	As001G006880	g8118, g20151, g48800, g8024, g20197
OG0019130	As001G016370	g32542
OG0019131	As001G019100	g41110
OG0019135	As002G046770	g989
OG0019136	As002G047090	g1007
OG0019137	As002G052100	g29457
OG0019142	As003G064020	g53679
OG0019144	As003G064260	g27949
OG0019146	As003G073550	g22843
OG0019147	As004G080600	g25933
OG0019148	As004G082420	g37021
OG0019149	As004G086560	g40487
OG0019151	As004G087720	g11003
OG0019152	As004G089450	g13500, g3201, g14564, g44116, g3199, g35805, g1770, g3200, g35806, g44118, g44117, g19039, g1771, g35807, g44119, g35808, g3204, g14565, g25903
OG0019157	As005G106340	g5849
OG0019159	As011G252240	g11883
OG0019164	As006G135890	g12669
OG0019165	As006G138970	g12545
OG0019168	As007G155360	g27423
OG0019171	As007G179920	g50909
OG0019172	As007G181880	g50856
OG0019173	As008G192610	g49566
OG0019175	As009G218450	g389
OG0019180	As010G226170	g3198
OG0019183	As010G237820	g46227
OG0019184	As010G242670	g43855, g17707
OG0019188	As011G252480	g13360
OG0019306	As001G006950	g20167, g8133
OG0019307	As012G281450, As004G089900	g292
OG0019307	As001G011420	g35467
OG0019308	As001G017440	g47190
OG0019309	As001G018670	g43900
OG0019312	As002G047730	g1041
OG0019313	As002G048160, As002G054970, As002G054980	g29606
OG0019318	As003G069410, As003G069420	g32359
OG0019321	As004G080260	g40252, g40254
OG0019322	As004G089340	g48740, g8084
OG0019327	As005G105150	g52032
OG0019329	As006G132000	g36836
OG0019333	As007G154890	g31780
OG0019334	As007G156210	g31893
OG0019336	As007G181330, As007G181670	g21377, g48611
OG0019337	As008G196460	g30858
OG0019338	As009G205720	g10123
OG0019339	As009G206870	g10156
OG0019340	As010G223530	g19509
OG0019346	As011G260490	g16627, g25280, g3207, g43739, g14424, g24897, g26632, g53084, g38285, g32683, g4603, g1650, g33021, g16228, g37816, g53488, g24758, g14009
OG0019348	As012G269370	g54359
OG0019453	As001G028000	g36402
OG0019456	As002G043560	g28347
OG0019459	As003G071380, As003G071300	g27715
OG0019460	As012G281090, As004G088630	g40603
OG0019463	As005G099690	g37722
OG0019464	As005G113220	g784
OG0019466	As006G124010	g25512
OG0019467	As006G134690	g23681
OG0019468	As006G139960	g44865
OG0019469	As006G140730	g12947
OG0019470	As006G144510	g38024
OG0019472	As007G181200, As007G181500	g48620, g21349
OG0019476	As010G220290	g2479
OG0019479	As010G225160	g2968
OG0019480	As010G226270	g3267
OG0019482	As010G240670	g44579
OG0019483	As010G244210	g46598
OG0019485	As011G249630	g6936
OG0019487	As011G261880	g13662
OG0019496	As240G297420	g19785, g19976, g19774
OG0019618	As001G017120	g50658
OG0019625	As003G073670	g22835, g47986
OG0019626	As003G076010	g18327
OG0019627	As004G077740	g46748
OG0019628	As004G089500	g10913
OG0019631	As006G130650	g40130
OG0019632	As006G131520	g38268
OG0019635	As008G187060	g47705
OG0019636	As008G194320	g50870
OG0019638	As010G221510	g19390
OG0019640	As010G229580	g14244, g11566, g17340, g48964, g49739, g3445, g21560, g1433, g25055, g17635, g3345, g26020, g26449, g42952, g16437, g14528
OG0019642	As010G234900	g19478
OG0019643	As010G235910	g50577
OG0019645	As011G247970	g13246
OG0019646	As011G258990	g13568
OG0019647	As011G263030	g13702
OG0019651	As012G276060	g11326
OG0019653	As012G289370	g18703
OG0019776	As001G018500	g41133
OG0019779	As002G033560	g52946
OG0019780	As002G040670	g1271, g48242, g48235, g42110, g4128, g53761, g13312, g41638, g25286, g54290, g44161, g54056, g5342, g26595, g49538
OG0019784	As003G076260	g18348
OG0019785	As004G078970	g40653
OG0019787	As004G089880	g27199, g14280
OG0019787	As008G190830	g11071
OG0019791	As006G136500	g7826
OG0019793	As007G152310	g27326
OG0019794	As007G158350	g51059, g32032
OG0019797	As010G225900	g19599
OG0019932	As001G026260	g10497
OG0019939	As002G049240	g28648
OG0019940	As003G073110	g22888
OG0019944	As004G083740	g40314
OG0019945	As004G084050	g40336
OG0019947	As004G086840, As004G086900	g40497
OG0019954	As006G134410	g17110
OG0019956	As007G153330	g27358
OG0019957	As007G160260	g50339
OG0019958	As007G161260	g41517, g32198
OG0019960	As009G201850, As009G200980	g45698, g29242
OG0019961	As009G213500, As009G213410	g52174, g36590, g39745, g44011, g27215, g10617
OG0019964	As011G246670, As011G246620, As011G246590	g7153
OG0020097	As002G045990	g28465
OG0020099	As003G058970	g17369
OG0020102	As004G077500	g46766
OG0020104	As004G082930	g18466
OG0020105	As005G118020, As005G118040, As005G118050, As005G118080, As005G118070	g9731
OG0020106	As006G131360	g29576
OG0020109	As006G146720	g19535, g19529, g19528, g18516
OG0020111	As007G181230, As007G181540	g48618
OG0020112	As008G198880	g25846
OG0020114	As009G206700	g18510, g7321
OG0020117	As011G250970	g11986
OG0020269	As001G026370	g16561
OG0020271	As001G028290	g41790
OG0020273	As002G040040	g53542, g43330, g35199, g18437, g43829, g4293
OG0020274	As002G040360, As004G090380	g8066, g48759, g41706
OG0020277	As002G048500	g39337
OG0020280	As004G082470	g11143
OG0020281	As004G097550	g16829
OG0020282	As005G098820	g50839
OG0020283	As005G109380	g24812
OG0020285	As006G133900	g301
OG0020290	As007G181240, As007G181560	g48617
OG0020296	As009G200990	g5101
OG0020297	As009G217510	g456
OG0020300	As010G227280	g11539
OG0020469	As001G016850	g50729
OG0020471	As001G029420	g13642
OG0020475	As003G075750	g22685
OG0020478	As004G093980	g47736, g24706
OG0020479	As004G094110	g10209, g33424, g33420, g33421, g31343, g25003, g6805, g17017, g31761
OG0020483	As006G132100	g36839
OG0020485	As007G158400	g51058
OG0020488	As012G272470	g36418
OG0020489	As311G297880	g19763, g19700
OG0020666	As001G000250	g23557
OG0020670	As001G025270	g11457
OG0020672	As002G049410	g1132
OG0020674	As003G070770	g42589, g34679, g35221
OG0020676	As006G131870	g38297
OG0020678	As007G176680	g26639
OG0020678	As011G258060	g53888, g53896, g53886, g44968, g24944
OG0020681	As008G190390	g4383, g25270, g25272, g25264
OG0020884	As001G030370	g40750
OG0020885	As002G034240	g7500
OG0020887	As002G050070	g36016, g4829
OG0020889	As004G085220	g25617, g25618
OG0020892	As008G192760	g1490, g15948, g36627
OG0020893	As009G202910	g45744
OG0020895	As010G227290	g2984
OG0020898	As012G276140	g19231
OG0021214	As001G026320	g10492
OG0021215	As010G228170, As002G036240, As002G036260, As002G036220	g36348
OG0021222	As004G086620	g37986
OG0021224	As005G100540	g37670
OG0021225	As005G115300	g11416
OG0021228	As006G130150	g40072
OG0021230	As006G135490	g12754
OG0021232	As008G187840	g11255
OG0021236	As010G228970	g35226, g42587, g49169
OG0021237	As010G229150	g41689
OG0021239	As011G257360	g46972, g26751
OG0021562	As001G006870	g48799
OG0021563	As224G297320, As001G011170	g19685
OG0021565	As003G064320	g3054
OG0021568	As004G083840, As006G137960	g28073
OG0021571	As005G110410	g34054, g38850, g20711, g38738, g20666, g34057, g47144
OG0021575	As006G130010	g37822
OG0021579	As007G165460	g30463
OG0021579	As010G226780	g45669
OG0021580	As007G179350, As007G179330	g50958
OG0021584	As010G229880	g15576, g15531, g42954, g42681, g8238
OG0021586	As011G258270	g4518, g11487, g42085
OG0021589	As012G274820	g24430
OG0021591	As289G297810, As311G297850, As224G297300, As240G297430	g8064, g48761
OG0022059	As001G005160	g50265, g11493, g16508, g6972
OG0022061	As001G006960, As001G006930	g8141, g20175
OG0022063	As001G010520	g14486
OG0022063	As009G209540	g35319, g35043, g42713
OG0022064	As001G017670	g25859
OG0022067	As002G041680	g14208, g41947
OG0022071	As006G134710	g4835
OG0022078	As007G164100	g15541, g14897, g34937, g34446
OG0022081	As010G227820	g16646, g19301, g17873
OG0022086	As011G261530	g8606, g24748, g30545, g29943, g38808
OG0022087	As224G297360	g20004, g19784
OG0022674	As001G006920, As005G110490	g8142, g20176
OG0022675	As001G010930, As001G010850, As001G010950	g34266, g35249
OG0022696	As006G124280	g3043, g3033
OG0022702	As007G181190	g35510
OG0022702	As007G181490	g48750, g8074
OG0023566	As002G039760	g3505
OG0023567	As002G041590	g14485, g40697
OG0023585	As006G142080	g7534
OG0023599	As012G279980	g32348, g2448, g14344, g45985
OG0023602	As012G284890	g35656
OG0024907	As002G045890, As002G043030	g39442, g41251
OG0024910	As003G065030	g35321
OG0024910	As011G261330	g14482
OG0024913	As005G098560, As003G076670	g3031
OG0024918	As004G092320	g8051, g48772
OG0024932	As008G193540, As006G148600	g26981
OG0024943	As009G212740	g29702
OG0026966	As002G046730	g987
OG0027006	As009G203080	g22500, g22358
OG0027013	As010G241400	g51383
OG0027016	As011G259060	g25737, g33647
OG0030457	As004G096540	g24454
OG0030506	As007G182170	g43323
OG0030520	As009G209800	g35146
OG0030551	As012G278350	g27819
OG0030557	As012G283160	g53709
