Orthogroup	Aethionema_saxatile	Arabidopsis_thaliana
OG0000005	As001G006250	ATMG01250.1
OG0000006	As010G228090	AT2G13770.1
OG0000008	As002G039930, As006G149000, As001G006420	AT5G28780.1
OG0000011	As002G041210	AT5G52547.1
OG0000019	As009G203070, As004G091650	AT1G18050.1
OG0000019	As012G281430, As001G013530, As001G014580	AT5G15685.1
OG0000021	As001G004280	AT1G43760.1
OG0000023	As003G061360	AT4G23320.3, AT4G23290.2
OG0000023	As003G061290	AT4G23240.1
OG0000023	As004G084560, As004G084580, As004G084570	AT4G11530.1, AT4G11521.1
OG0000023	As003G061270	AT4G23190.1, AT4G23300.1
OG0000031	As001G032000	AT1G63400.1, AT1G62590.1, AT1G63150.1, AT1G62910.1, AT1G63130.1, AT1G62680.1
OG0000031	As009G202600	AT5G16640.1
OG0000031	As006G134510	AT5G41170.1, AT3G16710.1, AT4G26800.2
OG0000033	As003G061230, As003G061200, As003G061190, As003G061240	AT4G23180.1
OG0000033	As003G059410, As003G059430, As003G059400	AT4G21400.1, AT4G21410.3
OG0000033	As003G061210, As003G061160	AT4G23270.3, AT4G23280.1, AT4G23310.1, AT4G23130.2, AT3G45860.1
OG0000033	As004G086230	AT4G05200.2
OG0000043	As001G006710	ATMG00750.1
OG0000048	As006G137100, As006G137070, As006G137030	AT3G03830.1
OG0000048	As006G136970	AT3G03820.1
OG0000048	As006G137110, As006G137010, As006G136980	AT3G03850.1
OG0000048	As001G017720, As001G017740, As001G017730, As001G017710	AT2G21200.1, AT5G18060.1, AT5G18050.1, AT5G18010.1, AT5G18020.1, AT5G18080.1, AT5G18030.1
OG0000054	As007G163390, As001G010300	AT3G30739.1
OG0000054	As004G090600, As007G163400, As011G258570, As001G015330, As001G010290, As001G006440	AT3G30730.2
OG0000055	As001G022050	AT3G46950.1
OG0000066	As002G052230	AT4G40030.2, AT5G10980.1, AT4G40040.1, AT1G75600.1, AT1G13370.1
OG0000066	As007G156090	AT1G19890.1
OG0000066	As005G118450	AT5G65350.1, AT3G27360.1, AT1G09200.1, AT5G10390.1, AT5G10400.1, AT5G65360.1
OG0000067	As011G256070, As011G256050	AT5G05430.2
OG0000073	As006G137430	AT4G16960.1, AT4G16940.2, AT4G16900.1, AT4G16857.2, AT4G16957.1, AT4G16950.1, AT4G16860.1, AT4G16920.2, AT4G16890.1, AT5G51630.1, AT5G17970.1
OG0000073	As002G034500, As002G034570, As002G034640	AT5G22690.2
OG0000079	As012G285110	AT3G03040.1, AT3G03030.1, AT3G58930.1, AT5G38391.1, AT3G58940.1, AT3G58890.1, AT3G58950.1, AT3G58900.4, AT3G58880.1, AT3G59000.1, AT5G38390.1, AT5G38386.1, AT1G52650.1, AT4G13960.1, AT5G38396.1, AT3G58820.1
OG0000083	As006G138550	AT1G71390.2, AT1G71400.1, AT3G23010.1, AT3G23110.1, AT3G23120.1, AT3G05370.1, AT3G05360.1
OG0000086	As009G216030, As009G216300, As009G216040	AT5G34908.1, AT3G44115.1, AT1G57760.1, AT1G45215.1, AT1G45221.1, AT1G45223.1, AT1G57777.1, AT1G57775.1, AT4G07515.1, AT4G08025.1, AT5G42567.1, AT5G34883.1, AT5G34885.1, AT5G34905.1, AT5G34881.1, AT5G34887.1, AT3G30383.1, AT3G30385.1, AT3G30387.1, AT5G34882.1, AT5G42957.1, AT5G42955.1
OG0000087	As010G222260	AT5G23860.1
OG0000087	As006G128780	AT2G29550.1
OG0000087	As002G051000	AT5G12250.1
OG0000087	As004G086530	AT5G44340.1
OG0000087	As003G058850	AT4G20890.1
OG0000087	As010G237710	AT1G75780.1
OG0000088	As010G225400, As010G225450, As010G225490, As010G225520, As010G223920	AT3G47570.1, AT3G47090.1, AT3G47580.1
OG0000088	As010G223910	AT3G47110.1
OG0000089	As002G053510	AT5G09810.1
OG0000089	As011G250900	AT3G18780.2
OG0000089	As006G146590, As012G277570	AT2G37620.1
OG0000089	As010G224530, As005G115200	AT5G59370.1, AT3G46520.1
OG0000090	As004G082910	AT5G42190.1
OG0000090	As003G065330	AT1G75950.1
OG0000090	As012G273080	AT3G60010.1, AT4G34210.1, AT3G25650.1, AT2G03170.1, AT2G20160.1, AT2G03190.1, AT1G10230.1
OG0000093	As012G284680, As012G284700, As012G284660	AT3G58360.1, AT3G58400.1, AT2G05400.3, AT3G58350.1, AT3G58250.1, AT2G05420.1, AT2G05410.2
OG0000096	As004G087370, As004G087300, As004G087270	AT5G44900.1
OG0000097	As004G086430, As004G086420, As004G086450, As004G086440	AT4G05460.1
OG0000098	As008G184800, As008G185150, As008G185550, As008G185540, As008G184910, As008G186330	AT1G12290.1, AT4G10780.1, AT1G12280.1, AT1G12220.1, AT1G12210.1
OG0000104	As006G129180, As006G129160	AT2G29000.1
OG0000104	As012G271240, As012G271230	AT1G51810.1
OG0000104	As012G271190, As012G271200	AT1G51830.2, AT1G51850.2, AT1G51820.1, AT1G51805.1
OG0000104	As006G129190	AT2G28990.1, AT2G28970.1
OG0000106	As002G041170, As002G041390, As002G041440	AT3G49980.2, AT3G18320.1, AT3G44120.1, AT2G07140.1, AT3G18330.1, AT3G18910.1, AT3G19410.1, AT3G18905.1, AT3G18980.1
OG0000107	As011G252300, As011G252330, As011G252210, As011G252280, As011G252200, As011G252220	AT3G20140.1
OG0000107	As011G252340	AT3G20120.4, AT3G20110.1, AT4G15330.1, AT5G42580.1, AT3G20960.2, AT3G20090.2, AT4G15360.1, AT2G05180.1, AT3G20130.1
OG0000108	As007G178740, As007G178690, As007G178710, As007G178650, As007G179450, As007G178680, As007G178630, As007G178700, As007G178760, As007G178720, As006G126350	AT2G14500.1, AT5G25290.1, AT5G25300.1, AT4G10820.1, AT1G27550.1, AT1G27580.1, AT1G27540.1, AT2G24080.1, AT2G14290.1
OG0000111	As002G048150	AT4G15075.1
OG0000112	As011G262130, As011G262140, As009G217680, As009G217690	AT5G36662.1, AT5G36739.1, AT5G36480.1, AT5G36320.1, AT5G36658.1, AT5G36738.1, AT5G36661.1, AT5G36440.1, AT5G36470.1, AT5G36410.1, AT5G36450.1, AT5G36420.1, AT5G36400.1, AT5G36380.1, AT5G36350.1, AT5G36550.1, AT5G36310.1, AT5G36340.1, AT5G36330.1, AT5G36540.1, AT5G36520.1, AT5G36500.1, AT5G36490.1, AT5G36390.1, AT5G36460.1, AT5G36360.1, AT5G36430.1, AT5G36370.1, AT3G42565.1, AT4G09545.1, AT5G42895.1, AT5G36659.1, AT5G44495.1, AT5G36657.1
OG0000114	As006G137050, As006G137080	AT3G04210.1, AT1G69550.1, AT3G04220.3, AT5G11250.2, AT5G44510.1, AT2G14080.1, AT1G57650.1, AT3G25505.1, AT1G65850.2, AT5G38340.1, AT5G38350.1
OG0000118	As006G122720, As006G121860, As006G121720, As006G121830, As006G121700, As008G188770	AT4G01380.1
OG0000123	As008G183790, As008G183770	AT5G43690.1
OG0000123	As008G183730, As008G183740	AT2G27570.1, AT3G45080.1, AT3G45070.2
OG0000123	As008G183750	AT4G26280.1
OG0000123	As008G183720	AT1G13420.1, AT2G14920.1, AT1G13430.1, AT3G51210.1
OG0000125	As012G277440	AT2G37470.1
OG0000125	As005G107620	AT3G09480.1, AT5G02570.1
OG0000125	As005G113770	AT5G22880.1
OG0000125	As005G114700, As010G224880	AT5G59910.1
OG0000125	As006G129500	AT2G28720.1
OG0000127	As008G186430, As008G186390, As008G185640	AT1G11145.1
OG0000133	As004G090110, As010G227760, As002G038290, As007G165020	AT4G03728.1
OG0000135	As001G004200	AT3G27590.1
OG0000135	As001G005020	AT1G34440.1
OG0000136	As001G028730	AT1G66620.1, AT1G66630.1, AT1G66610.1
OG0000138	As001G027950, As001G027940, As007G161530	AT3G29670.1
OG0000140	As005G115230	AT5G59100.1
OG0000140	As005G115280, As005G115270, As005G115260, As005G115240, As008G190370	AT5G59130.4, AT5G58830.1, AT5G58820.1, AT5G58840.1, AT5G59090.1, AT5G59120.1
OG0000146	As002G047180	AT5G55340.1
OG0000146	As002G047190	AT5G55360.1, AT5G55350.1
OG0000147	As011G265720	AT2G18960.1
OG0000147	As001G002190	AT4G30190.2
OG0000147	As002G049060	AT5G57350.1
OG0000147	As010G243490	AT1G80660.1
OG0000147	As010G227330	AT3G42640.1
OG0000147	As011G259420	AT2G07560.1
OG0000149	As010G224590	AT3G46350.1
OG0000149	As010G224610	AT5G59670.1, AT5G59660.3, AT5G59680.1, AT5G59650.2, AT3G46330.1
OG0000150	As010G225180, As010G225220, As010G225210	AT3G43750.1, AT2G16520.1, AT3G45525.1, AT3G45560.1, AT3G45570.1, AT3G45580.1, AT2G26135.1, AT2G26130.1, AT3G45540.1
OG0000151	As007G166070	AT4G27960.2
OG0000151	As006G141980, As006G133740	AT3G08690.1
OG0000151	As011G263600	AT2G16740.1
OG0000151	As002G047900	AT5G56150.1
OG0000151	As001G030700	AT5G41700.4, AT1G64230.4
OG0000154	As007G152520	AT1G16030.1
OG0000154	As009G210670	AT3G12580.1
OG0000154	As002G034300	AT3G09440.1
OG0000154	As005G107550	AT5G02500.1
OG0000155	As003G059350	AT4G27290.2, AT1G65800.1, AT1G65790.1, AT4G21380.1
OG0000156	As012G287040, As012G287050	AT3G61035.1
OG0000156	As005G101590, As008G189910, As005G101570, As005G101560, As005G101580	AT2G45560.1
OG0000156	As001G028010	AT3G61040.1
OG0000161	As001G013550, As001G029600, As001G029610	AT5G61940.2, AT5G61950.1, AT1G52450.1, AT1G52430.1, AT5G51530.1, AT2G27630.1, AT2G27650.1, AT5G02660.1, AT1G65200.1
OG0000162	As012G286400, As012G286420, As012G286480, As012G286450, As012G286430, As012G286540, As012G286510, As012G286530, As012G286410, As012G286470, As012G286550, As012G286570	AT3G60470.1
OG0000162	As005G102210	AT2G44930.1, AT2G28580.2
OG0000164	As011G264140, As011G262780	AT4G29370.1
OG0000166	As011G260470, As002G040840	AT4G29090.1
OG0000167	As003G057890	AT4G19590.2
OG0000171	As007G159620, As001G020870	AT1G10630.1
OG0000171	As009G200410	AT5G14670.1
OG0000175	As010G220360	AT3G51300.1
OG0000175	As007G156270	AT1G20090.1
OG0000175	As011G263590	AT4G35020.1
OG0000175	As011G264780, As003G072250	AT2G17800.1
OG0000187	As001G003940	AT4G31660.1
OG0000190	As004G085680	AT4G04490.1, AT4G04510.2, AT4G04500.1, AT4G04570.1, AT4G04540.1
OG0000191	As007G152760	AT3G16590.1
OG0000195	As004G077390, As001G028840	AT5G37780.3, AT1G66410.2
OG0000200	As008G194290	AT3G49610.1
OG0000204	As011G254640, As011G254620, As011G254600, As011G254610, As011G254630, As011G254590	AT3G22650.2
OG0000207	As003G061070	AT1G78740.1, AT1G69630.1, AT1G78750.1, AT1G78760.1, AT1G66300.1, AT1G66310.1, AT1G66290.1, AT1G66320.1, AT1G66640.1, AT4G13985.1, AT1G78730.1, AT1G16940.1
OG0000208	As003G075160	AT5G02900.1, AT4G39510.1
OG0000213	As002G038840	AT2G22980.4, AT2G22970.3, AT2G22920.2, AT2G23000.1, AT2G22990.3, AT2G23010.1, AT3G12203.1
OG0000217	As001G019850	AT1G58400.2, AT1G58410.1, AT1G58848.1, AT1G59218.1, AT1G58807.1, AT1G59124.2, AT1G58602.1, AT1G58390.1
OG0000217	As007G177020	AT1G59780.1
OG0000218	As001G022650	AT1G14930.1, AT1G14940.1, AT1G14950.1, AT1G14960.1, AT3G26450.1, AT3G26460.1, AT4G14060.1, AT2G01530.1, AT2G01520.1
OG0000219	As001G028500, As001G028480	AT1G66870.2, AT1G66852.1, AT4G16165.1, AT1G66855.1
OG0000219	As003G064990	AT5G63230.1, AT5G63225.1
OG0000224	As010G235950, As010G235920, As010G235890, As010G235940, As010G235900, As010G235880	AT1G77530.1, AT1G77520.1
OG0000224	As001G031540	AT5G37170.1, AT1G63140.4
OG0000225	As003G069680, As003G070050	AT1G29510.1, AT1G29440.1, AT5G27780.1, AT1G29430.1, AT1G29420.2, AT1G29460.2, AT1G29500.1
OG0000228	As007G159250	AT5G28010.1, AT5G28000.1
OG0000228	As010G233770, As011G262150, As010G233790, As010G233800	AT1G70890.1, AT1G70840.1
OG0000231	As004G077900	AT5G38690.1
OG0000231	As001G028220	AT1G67780.1, AT1G67270.1
OG0000232	As002G036540, As006G139020	AT3G05650.1, AT3G05660.1, AT3G11080.1, AT5G27060.2, AT3G11010.2, AT2G15080.1, AT5G25910.1, AT2G15042.1, AT3G28890.1
OG0000234	As012G281460	AT3G55100.1
OG0000234	As006G143800	AT3G55090.1, AT2G39350.1
OG0000234	As009G210340	AT5G13580.1
OG0000237	As010G229740, As008G190240, As008G190220, As008G190230, As003G067900, As006G149240, As011G257810	AT1G42190.1
OG0000242	As008G183340, As008G183330	AT2G15350.1, AT2G15370.1, AT2G15360.1, AT2G15390.2, AT1G14080.1, AT1G14100.1, AT1G14110.1
OG0000244	As003G059930	AT4G21860.1
OG0000244	As004G085820	AT4G04800.1
OG0000244	As004G085870	AT4G04840.1
OG0000244	As003G059920, As003G059880, As003G059910, As003G059890, As003G059900	AT4G21840.1, AT4G21830.1, AT4G21850.1
OG0000244	As004G085860, As004G085850	AT4G04810.1, AT4G04830.1
OG0000248	As001G019970, As001G019960, As001G019950, As001G019930, As001G019460, As001G019420	AT1G57790.1
OG0000249	As006G145310	AT2G36750.1
OG0000249	As006G145330, As008G193990, As006G145350, As006G145320	AT2G36790.1, AT2G36800.1
OG0000253	As003G066460	AT2G12880.1
OG0000256	As006G142430	AT2G40440.1, AT3G29740.1
OG0000257	As002G035710, As012G268510	AT3G10455.1
OG0000258	As002G048970	AT5G57260.1
OG0000264	As004G086270, As010G229170	AT4G05230.1
OG0000268	As001G023230	AT2G02040.1
OG0000268	As001G023220, As001G023200	AT1G62200.3
OG0000268	As005G106920	AT5G01180.1
OG0000268	As012G278370	AT3G54140.1
OG0000270	As010G237880	AT1G75630.2
OG0000271	As004G086280	AT4G05320.2
OG0000273	As007G156970	AT5G51470.1
OG0000273	As012G273480	AT1G48660.2, AT1G48670.1
OG0000274	As005G114920	AT5G59720.1
OG0000274	As006G128840, As006G128830	AT2G29500.1
OG0000276	As009G205840, As009G205860, As003G058460, As001G005010, As004G093920	AT4G13310.1, AT4G13290.1
OG0000276	As011G256110	AT5G42590.1
OG0000276	As007G163350, As007G163430	AT4G20235.1
OG0000277	As004G096710	AT4G15700.1, AT4G15690.1
OG0000282	As002G055220	AT5G07550.1
OG0000283	As006G125160, As006G125170, As006G125120, As006G125130	AT5G43360.1, AT5G43370.1, AT5G43350.1
OG0000284	As006G139300	AT5G26630.1
OG0000284	As006G139290	AT5G27810.1, AT5G48670.1
OG0000293	As008G188650, As004G094780, As002G042500, As003G064050	AT5G32613.1
OG0000294	As011G249490	AT3G17390.1
OG0000294	As006G145420	AT2G36880.1
OG0000294	As006G122700	AT4G01850.1
OG0000294	As008G198060	AT1G02500.1
OG0000297	As008G198730	AT4G36590.1
OG0000297	As005G114280	AT5G60440.1
OG0000299	As010G241870, As010G241880	AT3G44970.1
OG0000299	As004G094650, As004G094810, As004G094790, As004G094750, As004G094730, As004G094760, As004G094670, As004G094660, As004G094800	AT1G78490.1
OG0000299	As012G267900	AT1G55940.2
OG0000303	As003G069740	AT2G19365.1, AT2G20625.2
OG0000308	As010G240850, As010G240840, As010G240940, As010G240920	AT5G48770.1, AT1G72860.2, AT4G09360.1, AT5G40100.1, AT1G17600.1, AT1G72840.2, AT4G09430.1
OG0000310	As005G115910, As001G004860, As001G003850, As005G113880	AT1G21620.1, AT1G35850.1, AT5G59280.1
OG0000311	As009G202530	AT5G16570.1
OG0000311	As012G273730	AT1G48470.1
OG0000311	As011G249880	AT3G17820.1
OG0000311	As004G077290	AT5G37600.1
OG0000311	As001G029000	AT1G66200.3
OG0000313	As003G058420	AT3G29190.1, AT4G20200.1, AT4G20230.2, AT1G66020.1
OG0000314	As008G195840	AT1G04750.1
OG0000314	As006G125760	AT1G04760.1
OG0000314	As006G125440	AT2G32670.1
OG0000319	As006G129730, As005G114310, As008G191530	AT1G07940.1, AT1G07920.1, AT1G07930.1, AT5G60390.1
OG0000321	As001G010170	AT5G37400.2, AT5G37650.1, AT4G09440.1, AT5G37920.1, AT5G37430.1, AT5G37410.2, AT4G16530.1, AT5G37420.1, AT5G37470.2, AT5G37460.1
OG0000321	As010G230550	AT2G03010.1
OG0000322	As009G214030	AT1G78400.1
OG0000322	As007G153590	AT2G26620.1, AT2G15470.1, AT2G15450.1, AT2G15460.1, AT4G13760.1, AT2G40310.1, AT1G43100.1, AT1G43090.1, AT1G43080.1
OG0000323	As002G045490	AT5G54145.1
OG0000323	As005G112480	AT4G27652.1
OG0000327	As008G195090, As008G195100, As011G263130	AT1G23720.2
OG0000328	As001G029880	AT4G14630.1
OG0000329	As007G180560	AT2G44700.1, AT2G44630.1, AT4G02310.1
OG0000332	As001G030000	AT1G64740.1
OG0000332	As002G033230	AT5G19770.1, AT5G19780.1
OG0000332	As011G251780, As012G272450	AT4G14960.2, AT1G04820.1, AT1G50010.1
OG0000334	As012G277630	AT3G53810.1
OG0000334	As006G146780	AT2G37710.1, AT4G02420.1, AT4G02410.1
OG0000339	As003G061400	AT4G23400.1
OG0000339	As006G121550	AT4G00430.1
OG0000339	As005G101130, As012G287430	AT3G61430.1
OG0000340	As005G103820	AT2G43510.1
OG0000340	As005G103800, As005G103810	AT2G43535.1
OG0000349	As003G071960	AT1G65735.1
OG0000350	As003G070220, As003G070200	AT1G29740.1
OG0000351	As011G246700, As011G246690	AT3G29410.1
OG0000351	As007G177900	AT1G31950.3, AT3G14520.1, AT3G14540.1
OG0000352	As007G153380	AT1G16930.1
OG0000358	As006G124930, As008G196330	AT1G04270.1, AT5G09510.1
OG0000358	As008G196390	AT5G43640.1, AT5G09500.1, AT1G33850.1, AT5G09490.1
OG0000359	As012G275420	AT2G34430.1
OG0000360	As005G119730	AT5G66890.1, AT5G66900.2
OG0000368	As003G073560, As003G073580	AT4G37330.1, AT4G37320.1
OG0000368	As003G073600, As003G073590	AT1G66540.1, AT4G37340.1, AT4G37360.1, AT4G37370.1
OG0000370	As007G153440	AT1G17020.1, AT1G17010.1, AT4G25310.1, AT4G25300.1
OG0000371	As005G099710, As005G099720	AT1G26540.1, AT2G47230.2, AT1G03300.1, AT1G11420.1, AT2G47220.1
OG0000372	As006G132540, As006G132550	AT4G27170.1, AT4G27140.1, AT4G27160.1, AT4G27150.1
OG0000377	As001G021080	AT1G60750.1
OG0000377	As001G021090	AT1G10810.1
OG0000382	As006G122900	AT3G62560.1, AT4G02080.1
OG0000382	As008G188710	AT1G09180.1
OG0000383	As003G069230	AT1G28590.1, AT1G28610.2, AT1G28600.1, AT1G31550.2, AT2G27360.1
OG0000383	As003G069340, As003G069370, As003G069310, As003G069390, As003G069380	AT1G28570.1, AT1G28580.1
OG0000384	As011G247740	AT1G52810.1
OG0000386	As001G025230, As001G025220, As011G256850	AT3G26200.1, AT3G26190.1
OG0000386	As012G276900, As012G276880	AT3G53290.1, AT3G53305.1, AT3G53300.1, AT5G35715.1
OG0000390	As001G012620	AT2G02290.1, AT5G23470.1
OG0000390	As011G251840	AT2G04930.1, AT3G19595.1, AT3G17550.1
OG0000391	As007G158340, As007G158380, As007G158390, As007G158370, As007G158360	AT1G22340.1
OG0000392	As010G221170	AT3G50290.1
OG0000392	As010G221200, As010G221190, As010G221180	AT5G38130.1, AT3G50300.1
OG0000396	As001G026970	AT3G28345.1
OG0000396	As001G026990, As001G027000, As001G027010	AT3G28415.2, AT3G28380.1, AT3G28390.1, AT3G28360.1
OG0000398	As012G268810	AT1G55210.1
OG0000403	As001G020780, As001G020790	AT1G60240.1
OG0000404	As012G276100	AT3G11510.1, AT2G36160.1, AT3G52580.1
OG0000405	As002G037720, As002G037730, As004G089460, As004G093310, As004G097610	AT4G20220.1
OG0000406	As006G136090	AT5G16970.1, AT5G16980.2, AT5G16990.1, AT5G17000.1, AT3G59845.1, AT5G38000.1, AT5G37940.1, AT5G37980.1, AT3G03080.1
OG0000407	As009G201130, As009G201860	AT1G31000.1, AT4G11590.1, AT5G15670.1, AT5G15660.1, AT1G26515.1, AT1G26510.1, AT1G47800.1, AT1G47810.1
OG0000410	As001G021670, As001G021680	AT1G61550.1, AT1G61500.3, AT1G61480.1, AT1G61490.1, AT1G61430.1, AT1G61400.2, AT1G61440.2, AT1G61420.2, AT1G61460.1
OG0000411	As001G022090	AT1G62040.1
OG0000411	As004G085710	AT4G04620.1
OG0000411	As003G060010	AT4G21980.2
OG0000412	As002G046400	AT5G54640.1
OG0000412	As006G132500	AT4G27230.1
OG0000413	As011G245460	AT3G13520.1
OG0000413	As002G048240	AT4G26320.1, AT5G56540.1
OG0000413	As012G268650	AT1G55330.1
OG0000414	As003G058750, As003G058770, As003G058760	AT1G26390.1, AT1G26410.1, AT1G26380.1, AT1G26400.1, AT1G26420.1, AT4G20800.1
OG0000415	As005G104640	AT5G12090.1, AT5G27510.1, AT2G42550.1
OG0000416	As006G125710	AT2G31862.1, AT2G31720.1, AT2G18810.1
OG0000416	As006G127220, As008G194210	AT1G05615.1, AT2G24670.1
OG0000417	As007G163710, As008G186410	AT3G23950.1, AT3G23970.1, AT1G15680.1
OG0000420	As001G015280	AT2G20620.1
OG0000421	As004G078160, As004G078150	AT5G39150.1, AT5G39180.1, AT5G39120.1, AT5G39110.1, AT5G39100.1, AT5G39160.1, AT5G39190.1, AT5G39130.1
OG0000422	As008G188280, As008G188290, As008G188300	AT1G09500.1, AT1G09510.1, AT1G09480.1, AT1G09490.1
OG0000423	As010G241040	AT1G72730.1
OG0000423	As012G269020	AT1G54270.1
OG0000429	As009G215310	AT5G25400.1
OG0000429	As002G052030	AT5G11230.1
OG0000429	As001G004910	AT4G32390.1, AT2G25520.1
OG0000430	As011G263500	AT2G16600.1
OG0000430	As001G014590	AT4G34870.1
OG0000430	As007G181940	AT2G21130.1
OG0000431	As001G019780	AT1G58360.1
OG0000431	As008G187750	AT1G10010.2
OG0000432	As002G044400	AT5G52640.1
OG0000432	As002G047750	AT5G56030.2, AT5G56010.1, AT5G56000.1
OG0000433	As003G075370, As003G075380, As003G075360, As003G075330, As003G075320, As003G075390, As011G250230, As008G187390, As008G187380, As008G187400	AT1G57750.1
OG0000435	As001G004050, As006G138290	AT1G18770.1
OG0000436	As011G266430, As002G048360	AT4G26230.1, AT5G56710.1, AT2G19740.1
OG0000437	As003G062850	AT1G33590.2
OG0000439	As008G194170	AT1G06020.1, AT1G06030.1
OG0000439	As012G285510	AT3G59480.1
OG0000439	As006G127290	AT2G31390.1
OG0000440	As006G136440	AT2G36180.1, AT5G17470.1, AT3G03400.1
OG0000441	As011G248660	AT3G16460.1
OG0000441	As011G248650	AT3G16450.1, AT3G16440.2
OG0000446	As009G219000	AT5G62540.1
OG0000446	As001G023650	AT2G02760.1
OG0000446	As008G183010	AT1G14400.1
OG0000447	As011G247170	AT3G15060.1
OG0000447	As004G081330	AT2G33870.1
OG0000447	As003G069220	AT1G28550.1
OG0000448	As004G089550	AT5G46960.1, AT5G46950.1, AT5G46940.1, AT5G46930.1, AT5G46970.1
OG0000449	As010G224860	AT3G46010.2
OG0000449	As005G114720	AT5G59890.1
OG0000449	As010G224870	AT3G46000.2
OG0000449	As005G114730	AT5G59880.1
OG0000452	As001G002300, As001G002310	AT5G48070.1
OG0000454	As002G044440, As002G044430, As002G043530, As002G043510, As002G043520	AT5G52750.1, AT5G52760.1, AT5G52770.1
OG0000455	As007G178440	AT1G34795.1, AT1G34830.1, AT1G34815.1, AT1G34840.1, AT1G34850.1, AT1G34810.1, AT1G34820.1, AT1G34800.1, AT1G34805.1, AT1G34825.1, AT1G34792.1, AT1G34860.1, AT1G34930.1, AT1G35035.1, AT1G21835.1, AT1G21925.1, AT1G21928.1, AT1G21866.1, AT1G21864.1, AT5G38378.1, AT5G36805.1, AT5G36720.1, AT3G24465.1, AT1G54775.1, AT1G58242.1, AT5G34828.1, AT1G58245.1, AT1G58248.1
OG0000459	As003G058960	AT4G21080.1, AT4G21040.1, AT4G21030.1, AT4G21050.1
OG0000460	As005G099100	AT1G60090.1, AT1G60270.1, AT1G60260.1
OG0000461	As008G199680	AT1G02205.3
OG0000462	As009G214710	AT2G23142.1, AT2G23148.1, AT5G38435.1, AT5G38440.1
OG0000463	As010G224360, As010G224370	AT3G46720.1, AT3G46700.1, AT3G46690.1, AT3G46650.1, AT3G46680.1
OG0000466	As002G032990, As003G058720, As003G058680, As007G181090, As007G181100, As007G181730, As007G181390, As002G038080, As009G205530, As002G045940, As002G033580, As002G036910, As002G036900, As002G036920, As009G205540, As009G206460, As009G202280, As009G202290, As002G033670	AT5G03390.1, AT1G68960.1
OG0000467	As004G088230, As012G284990	AT4G18730.1, AT5G45775.2, AT3G58700.1
OG0000468	As012G280020	AT3G54700.1
OG0000468	As006G125920	AT2G32830.1
OG0000468	As006G144160	AT2G38940.1
OG0000471	As003G069540, As003G069550	AT1G29080.1, AT1G29110.1
OG0000472	As004G097070, As004G097040, As004G097060, As004G097030, As004G097050	AT5G40240.2
OG0000472	As004G097020	AT5G40230.1
OG0000474	As009G216860, As011G261780, As010G222300	AT3G48930.1, AT4G30800.1
OG0000477	As003G057970	AT5G58420.1
OG0000477	As004G084280, As009G211280	AT5G07090.1, AT2G17360.1
OG0000481	As001G021880	AT1G61730.1, AT4G00390.1
OG0000482	As004G077750, As001G028390	AT1G67090.1
OG0000483	As002G047220	AT5G55410.2
OG0000484	As009G203850	AT4G36140.1, AT5G45050.1, AT5G45260.1, AT5G17890.1
OG0000487	As006G137570, As008G196100, As006G129680, As006G125350	AT3G04400.1
OG0000495	As001G001610, As001G001580, As001G001640, As001G001650	AT2G25150.1
OG0000495	As007G179430, As007G177930	AT2G23510.1
OG0000496	As002G041620, As001G004760	AT2G10975.1
OG0000496	As001G012100, As004G090800	AT3G29645.1
OG0000496	As001G012090	AT3G29637.2, AT1G36675.1
OG0000497	As010G233090	AT4G08267.1
OG0000498	As002G045150	AT5G53400.1
OG0000499	As003G056720	AT4G18360.1
OG0000499	As011G246530	AT3G14415.2
OG0000499	As012G269540	AT3G14420.1
OG0000500	As004G087530, As004G087510, As004G087540, As004G087560, As004G087480	AT5G45080.1
OG0000501	As010G232220	AT1G35190.1
OG0000504	As006G143860	AT5G02610.2, AT2G39390.1
OG0000504	As002G037010, As002G034340	AT3G09500.1
OG0000505	As009G215510	AT5G25180.1, AT5G25130.1, AT5G25120.1, AT5G25140.1
OG0000506	As010G234690	AT5G43610.1, AT2G14670.1, AT1G66570.1, AT5G06170.1, AT1G71890.1
OG0000510	As001G020890, As001G020900	AT1G60500.1, AT1G60530.1
OG0000511	As011G254140	AT3G22120.2
OG0000511	As001G032060	AT1G62500.1
OG0000512	As003G061390	AT4G23350.1, AT4G23355.1, AT4G23360.1, AT4G23365.1, AT4G23370.1, AT4G23373.1, AT2G20170.1, AT4G23390.1, AT4G23380.1
OG0000513	As006G146210	AT3G53610.1
OG0000513	As005G114770	AT3G46060.1, AT5G59840.1
OG0000514	As011G252640, As011G252630	AT3G20360.1
OG0000515	As012G267810	AT1G56140.1, AT1G56130.2
OG0000521	As003G063570	AT1G35160.2
OG0000521	As004G080410	AT4G09000.2
OG0000521	As007G158420	AT1G78300.1
OG0000522	As004G083810	AT1G32940.1, AT1G32950.1, AT1G32960.1, AT4G10540.1, AT4G10510.3, AT4G10550.3
OG0000523	As005G100530	AT2G46495.1
OG0000523	As012G287730	AT5G36001.1, AT2G25410.1
OG0000524	As006G141600, As006G141560, As006G141590	AT3G07820.1, AT5G48140.1
OG0000525	As010G241940	AT1G78570.1
OG0000525	As011G246900	AT3G14790.2
OG0000525	As012G269710	AT1G53500.1
OG0000526	As010G223400	AT3G47780.1
OG0000526	As010G223440	AT3G47740.1
OG0000529	As010G223810, As010G223800, As010G223830	AT3G47250.1, AT3G47200.1
OG0000529	As005G113510, As005G113490, As005G113470	AT5G22560.1, AT5G22550.2
OG0000530	As009G203010, As009G203020, As009G203100, As009G203060, As009G202740	AT5G17100.1, AT5G17110.1, AT5G17150.1, AT5G17120.1, AT5G17090.1
OG0000533	As007G180830	AT2G21580.1
OG0000533	As011G263320	AT2G16360.1
OG0000534	As007G167300, As001G022180, As001G022190, As001G022170, As001G016060	AT1G62225.1, AT1G62220.1, AT1G62000.1, AT1G62080.1, AT1G62060.1
OG0000535	As001G023320	AT1G61070.1
OG0000535	As001G023310	AT2G02130.1
OG0000537	As006G124070	AT4G03290.1
OG0000537	As004G093070	AT4G12860.1
OG0000537	As006G141200	AT3G07490.1
OG0000538	As005G103710, As005G103700	AT2G43590.1, AT2G43580.1
OG0000539	As005G120910	AT5G65940.1
OG0000540	As006G128870, As006G128860, As006G128850	AT2G29490.1, AT2G29480.1, AT2G29470.1, AT2G29460.1
OG0000542	As009G202020	AT5G16130.1
OG0000542	As012G273170	AT1G48830.1
OG0000543	As007G177800	AT2G24285.2, AT3G42940.1, AT2G24480.1, AT3G28620.1, AT5G43200.1, AT2G24460.1
OG0000544	As008G195020, As008G195030, As008G195070, As008G195140, As008G195120	AT1G05250.1, AT1G05240.1
OG0000545	As010G238530	AT1G75050.1
OG0000546	As011G264020, As011G264080, As011G264050, As011G264010, As011G264090, As011G264000, As011G264100, As011G263960, As011G264110, As011G263990, As011G264030, As011G264060, As011G263920, As011G264120, As011G263950, As011G263980	AT2G17080.1, AT2G17070.1
OG0000550	As006G144690	AT2G36170.1, AT3G52590.1
OG0000551	As005G117770	AT5G64740.1
OG0000551	As003G075520	AT4G39350.1
OG0000551	As007G180690	AT2G21770.1
OG0000551	As002G053470	AT5G09870.1
OG0000552	As007G159560, As003G061630	AT1G23410.1
OG0000553	As003G063010	AT1G33950.1
OG0000553	As003G063020, As003G063040	AT1G33890.1
OG0000553	As003G063070, As003G063050	AT1G33880.1, AT1G33830.1, AT2G26820.3, AT1G33870.1, AT1G33900.1, AT1G33910.1, AT1G33930.1
OG0000555	As003G067180	AT4G12150.1, AT4G12140.1, AT4G12220.1, AT4G12210.1, AT4G05350.1, AT4G12190.1
OG0000556	As004G093660	AT4G13170.1
OG0000556	As006G140800	AT5G48760.1
OG0000557	As012G286190	AT3G60270.1, AT3G60280.1
OG0000559	As005G107810	AT5G02910.1, AT5G02930.1, AT5G02920.1, AT3G28410.1, AT5G02700.1
OG0000560	As005G115530	AT5G59530.1, AT5G59540.1
OG0000560	As008G196260, As008G196230	AT1G04350.1
OG0000561	As005G118160	AT1G77080.8, AT5G65050.3, AT5G65060.1, AT5G65080.2, AT5G65070.3
OG0000562	As006G139230	AT3G05840.1
OG0000562	As009G200380	AT5G14640.1
OG0000562	As009G205610	AT5G26751.1
OG0000563	As007G152350	AT1G15890.1
OG0000564	As007G177230	AT5G27100.1, AT4G31710.2
OG0000565	As010G233050	AT5G15025.1
OG0000565	As010G233040	AT1G24200.1
OG0000566	As011G250840	AT5G20330.1, AT5G20340.1, AT1G33220.1
OG0000567	As012G274310	AT4G16195.1
OG0000570	As006G135060	AT3G02080.1
OG0000570	As009G217810	AT5G61170.1
OG0000571	As005G113940	AT5G60770.1
OG0000571	As008G191230	AT1G08090.1, AT1G08100.1
OG0000572	As010G240020, As010G240030, As010G240050, As010G240010	AT3G46190.2
OG0000573	As012G270960, As012G270950, As012G270940	AT5G49850.1, AT5G49870.1, AT1G52110.1
OG0000578	As008G187240	AT1G10430.1
OG0000578	As001G020350	AT1G59830.1
OG0000579	As002G044410	AT5G52650.1, AT4G25740.1
OG0000579	As004G098040	AT5G41520.1
OG0000580	As005G102980	AT2G44220.1
OG0000582	As005G113410	AT1G08360.1, AT5G22440.1
OG0000582	As006G130460	AT2G27530.1
OG0000583	As006G127330	AT1G06135.1, AT2G31345.1
OG0000583	As006G127350	AT2G31335.1
OG0000584	As006G124400	AT5G44140.1
OG0000584	As001G000400	AT4G28510.1, AT2G20530.1
OG0000585	As012G275350	AT3G14600.1, AT2G34480.2, AT1G29965.1
OG0000586	As011G263800	AT2G16980.4, AT2G16970.2
OG0000586	As004G082960	AT5G42210.1
OG0000587	As006G122410	AT4G01480.1
OG0000587	As005G100170	AT2G46860.1
OG0000587	As008G198370	AT1G01050.1
OG0000588	As011G247080	AT3G14940.1
OG0000588	As005G104750	AT2G42600.1
OG0000588	As012G269820	AT1G53310.1
OG0000589	As005G114800	AT5G59820.1
OG0000589	As010G224800	AT3G46090.1, AT3G46080.1, AT3G46070.1
OG0000590	As006G138710	AT3G05560.1
OG0000590	As009G205980	AT5G27770.1
OG0000590	As008G197660	AT1G02830.1
OG0000592	As011G250170	AT3G18130.1
OG0000592	As010G239910, As007G154690	AT1G18080.1
OG0000593	As011G252190, As011G252250, As011G252270, As011G252260	AT5G42600.1
OG0000594	As010G222860	AT3G48280.1, AT3G48270.1, AT3G48290.2, AT3G48310.1, AT3G48320.1
OG0000595	As010G226140	AT3G44540.1
OG0000596	As010G227450	AT5G55190.1
OG0000600	As002G048280	AT5G56600.1
OG0000600	As001G001180	AT4G29350.1
OG0000601	As009G201050, As006G135040	AT5G15490.1
OG0000601	As001G027850	AT5G39320.1, AT3G29360.1
OG0000602	As012G276820	AT3G53230.1
OG0000602	As002G034860	AT3G09840.1
OG0000604	As005G099260	AT2G47610.1
OG0000604	As007G163770, As012G288540	AT3G62870.1
OG0000605	As010G239470	AT1G74020.1
OG0000605	As010G239480	AT1G74000.1
OG0000606	As011G248160	AT3G15980.5
OG0000606	As010G244280	AT1G79990.1
OG0000606	As012G270700	AT1G52360.2
OG0000607	As011G251140	AT3G19020.1
OG0000607	As011G262980	AT2G15880.1
OG0000608	As012G284160	AT3G57710.1
OG0000608	As012G284170, As012G284200	AT3G57730.1
OG0000613	As006G135470	AT3G02480.1
OG0000613	As002G045780	AT5G53820.1, AT5G38760.1
OG0000614	As002G054140, As005G116690, As002G054130	AT5G08680.1
OG0000615	As011G264960	AT2G18020.1
OG0000615	As003G072430	AT4G36130.1
OG0000616	As005G114070	AT5G60670.1
OG0000616	As012G277180	AT2G37190.1, AT3G53430.1
OG0000617	As006G121910	AT4G01220.1
OG0000618	As010G241950	AT1G78580.1
OG0000618	As006G132210	AT1G17000.1, AT1G16980.1, AT4G27550.1
OG0000619	As006G145810, As006G145800	AT2G37170.2, AT2G37180.1
OG0000619	As012G277130	AT3G53420.1
OG0000620	As010G239430, As007G154950	AT1G18540.1, AT1G74060.1, AT1G74050.1
OG0000625	As006G135190	AT3G02190.1
OG0000626	As001G031250	AT1G63570.2, AT1G63550.1, AT1G63600.1
OG0000627	As006G134640	AT1G66970.2, AT4G26690.1
OG0000627	As002G047240	AT5G55480.1
OG0000628	As003G064150, As011G250810	AT1G36240.1
OG0000630	As004G077630, As004G077620, As004G077610	AT5G38160.1, AT5G38170.1, AT5G38180.1, AT5G38195.1, AT5G38197.1, AT3G57310.1
OG0000632	As012G286880, As012G286870	AT3G60770.1
OG0000634	As005G115030, As005G115050, As005G115070, As005G115040, As005G115020, As005G115010	AT5G59320.1, AT5G59310.1
OG0000635	As006G128210	AT2G30310.1, AT2G30220.1
OG0000635	As006G127130	AT2G24560.1, AT2G31540.1, AT1G58430.1, AT2G31550.1
OG0000636	As009G212850	AT5G05870.1, AT5G05890.1, AT5G05880.1, AT5G05900.1
OG0000646	As001G027670	AT3G29160.1
OG0000646	As006G134940	AT3G01090.2
OG0000647	As002G034480, As005G107800	AT3G09680.1
OG0000648	As012G288670, As012G288660, As002G053310, As005G099090, As012G288650	AT4G27830.1, AT4G27820.1, AT3G62750.2, AT3G62740.1
OG0000649	As003G066660	AT1G41830.1
OG0000649	As010G237340	AT1G76160.1
OG0000650	As004G088550	AT5G46040.1
OG0000651	As005G115100	AT3G48400.1
OG0000651	As005G114680, As005G114690	AT5G59940.1, AT5G59930.1
OG0000652	As009G217160	AT5G23360.1, AT5G23350.1, AT5G23370.1
OG0000658	As009G206090, As012G277750, As001G026410	AT5G27700.1, AT3G53890.1
OG0000660	As010G224220	AT3G46830.1
OG0000660	As005G115310	AT5G59150.1
OG0000661	As010G223120, As006G127120, As006G127080	AT5G35530.1, AT3G53870.1, AT2G31610.1
OG0000662	As009G201630	AT5G15840.1
OG0000662	As006G135390	AT3G02380.1
OG0000662	As009G201640	AT5G15850.1
OG0000663	As007G161620, As007G161610, As007G161660, As007G161640, As007G161630, As007G161650	AT1G67990.1, AT1G24735.2
OG0000663	As010G229530	AT1G67980.1
OG0000664	As011G245420	AT3G59130.1
OG0000664	As011G245410	AT3G11390.1, AT3G11385.1, AT3G11370.1, AT3G11402.1
OG0000669	As005G103090	AT2G44120.2
OG0000669	As001G022370	AT3G13580.1, AT2G01250.1
OG0000670	As003G061610, As003G061660	AT4G23590.1, AT4G23600.1
OG0000671	As004G078130	AT5G39090.1
OG0000672	As007G157950, As006G146270	AT1G78720.1
OG0000672	As004G081100, As011G248400	AT1G29310.1
OG0000674	As008G197690	AT1G02810.1
OG0000674	As005G099330	AT2G47550.1
OG0000674	As006G123130	AT4G02330.1
OG0000675	As007G152400, As006G126430	AT1G15930.1
OG0000676	As008G193080	AT1G07070.1
OG0000676	As012G282240	AT1G74270.1
OG0000677	As007G160250	AT1G27030.1, AT1G27020.1
OG0000685	As001G001340	AT4G29480.1
OG0000685	As002G032860	AT4G26210.1
OG0000686	As001G012430	AT4G33830.1, AT4G33840.1, AT4G33860.1
OG0000687	As001G017930	AT4G16520.1
OG0000687	As005G101960	AT2G45170.1
OG0000687	As012G286760	AT3G60640.1
OG0000688	As001G023430	AT2G02310.1
OG0000688	As001G023420	AT2G02240.1
OG0000689	As007G158860, As003G063160, As004G080020	AT1G34030.1, AT1G22780.1, AT4G09800.1
OG0000690	As007G154700, As003G065860, As008G196720, As010G226610	AT5G33330.1
OG0000692	As005G104580	AT3G58740.1, AT3G58750.1, AT2G42790.1
OG0000693	As012G282230	AT3G55740.1
OG0000693	As006G143100	AT2G36590.1, AT2G39890.1
OG0000694	As007G177770	AT2G24645.3, AT4G00260.1, AT2G13985.1
OG0000695	As010G239400	AT1G74090.1
OG0000696	As012G270790, As011G248260	AT3G16080.1
OG0000697	As012G271560	AT1G51538.1
OG0000702	As009G199960	AT5G14480.1
OG0000702	As001G026500	AT3G27540.1
OG0000702	As006G132970	AT3G01620.1
OG0000703	As002G035150	AT5G03690.1
OG0000703	As006G145070	AT2G36460.1
OG0000703	As012G276510	AT3G52930.1
OG0000704	As003G058000	AT4G19690.2
OG0000705	As005G103510, As005G103480	AT2G43730.1, AT2G43740.1
OG0000706	As005G117900	AT5G64870.1
OG0000707	As006G138740	AT3G50845.1
OG0000707	As007G161420	AT3G09380.1
OG0000708	As008G185890	AT1G11580.2
OG0000709	As009G203840	AT5G45060.1, AT5G45250.1, AT3G51570.1, AT5G17880.1
OG0000714	As004G077650	AT5G38210.2
OG0000716	As004G088610, As007G165810	AT5G37280.1, AT5G37270.1, AT5G37250.2, AT5G37230.1, AT5G37220.1
OG0000718	As005G106250, As005G106210, As005G106230, As005G106240, As005G106220	AT3G11740.1, AT5G01750.2
OG0000719	As005G114760	AT5G59845.1
OG0000720	As012G288480	AT3G62660.1
OG0000720	As006G122970	AT4G02130.1
OG0000720	As008G197790	AT1G02720.1
OG0000721	As006G123060	AT4G02230.1
OG0000721	As008G197760, As012G274520, As011G248980	AT3G16780.1
OG0000722	As010G232800	AT1G66580.1
OG0000722	As008G183090	AT1G14320.1
OG0000723	As009G205300, As009G205260	AT2G04190.1, AT2G04170.1
OG0000723	As009G205270, As009G205280, As009G205290, As009G205310	AT5G26300.1, AT5G26280.3, AT5G26260.1, AT5G26320.1
OG0000724	As012G281700, As012G281680, As012G281690, As012G281640	AT2G17845.1
OG0000730	As001G023940	AT2G03240.1
OG0000730	As008G183370	AT1G14040.1
OG0000731	As001G025190, As001G025200, As001G025210	AT3G26170.1, AT3G26180.1, AT3G26160.1, AT3G26150.1
OG0000732	As002G032800	AT4G26140.7
OG0000732	As012G276370	AT3G52840.2
OG0000734	As009G218770, As010G223710	AT3G47370.1
OG0000734	As002G043480	AT5G62300.1, AT3G45030.1
OG0000735	As002G047800	AT5G56060.1, AT5G25030.1, AT5G56075.1
OG0000736	As002G053050	AT5G10260.1
OG0000736	As003G074810	AT4G39890.1
OG0000737	As003G075290, As003G075300, As003G075310, As003G075240, As003G075260	AT4G39480.1, AT4G39490.1, AT2G23180.1
OG0000738	As006G125610	AT2G33050.1
OG0000739	As009G216850, As008G197070	AT1G65660.1
OG0000741	As012G268430	AT1G55490.1
OG0000742	As209G297130	ATCG00860.1, ATCG01280.1
OG0000749	As008G184000	AT1G13320.1
OG0000749	As007G161240	AT1G25490.1
OG0000750	As001G030660	AT5G41720.1, AT1G64290.1, AT1G64295.1, AT2G05360.1
OG0000751	As005G108820, As002G035280	AT5G64140.1
OG0000752	As009G215650, As009G215640, As011G255520, As009G215610, As009G215620, As009G215600	AT5G25010.1, AT5G25020.1, AT5G24990.1
OG0000752	As002G052450	AT5G10750.1
OG0000753	As003G064670	AT1G43910.1
OG0000754	As003G064750	AT1G43780.1
OG0000754	As004G082990	AT5G42240.1, AT5G42230.1
OG0000755	As004G086160	AT4G05110.2, AT4G05120.1, AT4G05140.1, AT4G05130.1
OG0000756	As004G087220	AT4G35670.1, AT5G27530.1, AT5G44830.1, AT5G44840.1
OG0000757	As005G107510	AT5G02450.1
OG0000757	As006G146500	AT3G53740.2, AT2G37600.1
OG0000758	As010G243380	AT1G80780.3
OG0000758	As006G126420	AT2G32070.1
OG0000759	As009G219760	AT5G58590.1
OG0000759	As006G128470	AT2G30060.1
OG0000759	As008G193030	AT1G07140.1
OG0000760	As006G142310	AT2G40510.1, AT2G40590.1
OG0000760	As012G282830	AT3G56340.1
OG0000762	As011G266570	AT2G19930.1
OG0000763	As012G269290	AT1G54000.1, AT1G54010.1, AT1G54020.2
OG0000764	As012G271730	AT1G51120.1, AT1G50680.1
OG0000765	As012G275540, As012G275570, As012G275590	AT3G52010.1, AT3G52000.1, AT2G05850.1, AT3G52020.1
OG0000772	As002G037440, As001G027110, As001G015580	AT3G28510.1, AT3G28520.1, AT3G28540.1
OG0000774	As002G033010	AT4G26300.5
OG0000776	As009G213010, As002G037060	AT3G11250.1, AT3G09200.1
OG0000778	As002G050230	AT5G13370.1, AT5G13360.3, AT5G13380.1, AT5G13350.1
OG0000779	As003G060370	AT4G22310.1
OG0000779	As004G085410	AT4G05590.2
OG0000779	As004G085400	AT4G14695.1
OG0000780	As003G074900	AT4G39800.1
OG0000780	As007G180430	AT2G22240.1, AT5G10170.1
OG0000781	As004G079650	AT2G43820.1
OG0000781	As005G103380, As005G103370	AT2G43840.1
OG0000782	As005G107060, As005G106550	AT3G21210.1, AT1G34480.1, AT5G01480.1
OG0000783	As005G113140	AT5G22060.1
OG0000783	As010G226400	AT3G44110.1
OG0000784	As010G225950	AT3G44750.1
OG0000784	As005G113590	AT5G22650.1
OG0000785	As007G161520	AT4G33300.1
OG0000785	As009G214360	AT5G04720.1
OG0000786	As009G217820, As009G217830	AT5G61180.1, AT3G61028.2, AT3G60940.1, AT3G62210.1
OG0000787	As010G222930, As010G222920	AT3G12470.1
OG0000788	As010G225660, As010G225670, As010G225650	AT3G45060.1
OG0000789	As010G242960	AT1G79550.1
OG0000789	As012G267770	AT3G12780.1, AT1G56190.1
OG0000798	As001G017630, As003G055740, As004G083120	AT4G17390.1
OG0000799	As001G021720, As005G104360	AT1G26795.1, AT1G26796.1
OG0000799	As001G021710	AT1G26799.1, AT1G26798.1, AT1G26797.1
OG0000800	As001G024200, As001G024190, As001G024170	AT2G03550.1
OG0000800	As004G080730, As010G231950, As010G231900, As010G231970, As010G231990, As010G231910	AT3G48700.1
OG0000801	As002G035990	AT3G10560.1, AT5G04630.1
OG0000801	As009G214440	AT5G04660.1
OG0000801	As002G036000	AT3G10570.1
OG0000802	As004G088660	AT5G46170.1
OG0000802	As003G070730	AT1G30200.1
OG0000802	As003G056750	AT4G18380.1
OG0000803	As003G058030	AT4G19810.1
OG0000803	As003G070410, As003G065450	AT4G19750.1, AT4G19760.1
OG0000803	As007G160300	AT4G19770.1, AT4G19800.1
OG0000804	As004G097150	AT5G40320.1
OG0000805	As004G096100, As011G254230	AT4G15000.1
OG0000806	As005G102850	AT2G28270.1, AT2G44380.1, AT2G44390.1, AT5G43520.1
OG0000807	As005G102950	AT2G44260.2
OG0000807	As006G139170, As006G133330	AT3G01880.1, AT3G01870.1
OG0000808	As006G129450	AT2G28760.4
OG0000808	As010G224570	AT3G46440.1
OG0000808	As005G114980	AT5G59290.2
OG0000809	As007G160640	AT1G26630.1
OG0000809	As008G183460	AT1G13950.1
OG0000810	As012G271550	AT1G50750.1
OG0000818	As010G221920	AT3G49310.1
OG0000818	As001G030280	AT4G27720.1, AT1G64650.1
OG0000819	As002G036020	AT1G66240.1
OG0000819	As012G282730	AT3G56240.1
OG0000820	As002G041080	AT3G05890.1
OG0000821	As002G043850	AT5G51950.1, AT5G51930.1
OG0000823	As004G090360	AT5G47210.1
OG0000823	As003G055870	AT4G17520.1
OG0000824	As003G062540	AT1G33140.1, AT1G33120.1
OG0000824	As004G083720	AT4G10450.1
OG0000825	As012G287570	AT3G61600.1
OG0000825	As005G100830	AT2G46260.1
OG0000826	As005G102780	AT2G44450.1
OG0000827	As012G278780	AT5G54960.1
OG0000827	As005G106720	AT4G33070.1, AT5G01330.1, AT5G01320.1
OG0000828	As012G285140, As006G125590	AT2G33300.1, AT2G33090.1
OG0000829	As006G136530	AT3G03480.1
OG0000829	As009G203460, As009G203470	AT5G17540.1
OG0000830	As007G156440	AT4G38510.5, AT1G76030.1, AT1G20260.1
OG0000831	As007G156620, As007G156630	AT1G20500.1, AT1G20490.1, AT5G38120.1
OG0000833	As011G246960	AT3G14840.2, AT1G53420.1
OG0000834	As011G250710	AT3G18610.1
OG0000835	As011G251220	AT3G19130.1
OG0000835	As012G272760	AT1G49600.2
OG0000836	As012G283770, As012G283780, As012G283790	AT3G57260.2
OG0000842	As001G025250	AT3G26230.1, AT3G26220.1, AT3G26280.2, AT3G26270.1
OG0000843	As001G029790, As001G029800	AT1G64900.1, AT1G64940.1, AT1G64950.1, AT2G12190.1, AT1G64930.1, AT5G61320.1
OG0000844	As002G034430	AT3G09630.1
OG0000844	As005G107840	AT5G02870.1
OG0000845	As002G042280	AT5G50460.1
OG0000845	As010G222560	AT3G48570.1
OG0000846	As004G079020, As002G046530, As006G146430	AT4G33260.1, AT4G33270.1
OG0000847	As002G053580	AT5G09730.1
OG0000847	As005G117570	AT5G64570.1
OG0000848	As004G078550, As006G122300	AT1G01100.1
OG0000849	As006G122200	AT4G00880.1
OG0000849	As005G100320	AT3G61900.1
OG0000850	As005G101230	AT2G45840.1
OG0000851	As005G105540	AT2G41790.1, AT3G57470.2
OG0000853	As006G123840	AT4G03070.1, AT4G03050.1
OG0000854	As008G191240	AT2G28340.1, AT1G08010.1, AT1G08000.1
OG0000855	As010G223210	AT3G47960.1
OG0000855	As009G219120	AT5G62680.1
OG0000857	As010G227430, As010G227420	AT3G32980.1
OG0000858	As011G255880, As011G255860	AT3G28870.1, AT3G24260.1
OG0000867	As007G161960, As001G028870	AT1G66380.1
OG0000868	As009G211830	AT5G06600.1
OG0000868	As006G130700, As002G037910	AT3G11910.1
OG0000869	As004G090370	AT5G47200.1
OG0000869	As003G055880	AT4G17530.1
OG0000870	As003G068700	AT1G28230.1
OG0000870	As004G081540	AT2G33750.1
OG0000871	As006G135520	AT3G02520.1
OG0000871	As009G201940	AT5G16050.1
OG0000871	As004G077790	AT5G38480.1
OG0000872	As006G126250	AT2G32540.1, AT2G32530.1
OG0000873	As010G233530, As006G137440, As009G204210	AT3G04230.1
OG0000875	As008G193510	AT1G06620.1
OG0000876	As009G217470, As009G217500, As009G217530	AT5G23010.2, AT5G23020.1
OG0000883	As001G014390	AT4G34670.1
OG0000883	As006G138050	AT3G04840.1
OG0000884	As007G162220, As002G033790, As007G161390, As007G162230, As007G161400	AT1G25370.1
OG0000885	As007G158480	AT1G22450.1
OG0000885	As002G049480	AT5G57815.1, AT4G28060.1
OG0000886	As004G082110	AT5G43010.1
OG0000887	As005G099860	AT2G47130.1
OG0000888	As012G284780	AT3G58500.1
OG0000888	As005G104850	AT2G42500.1
OG0000889	As010G224550	AT3G46460.1
OG0000890	As012G277560	AT3G53670.1
OG0000890	As006G146240	AT2G37480.1
OG0000891	As007G158460, As007G158450, As007G158470, As007G158440	AT4G22110.1, AT1G22430.1, AT1G22440.1
OG0000892	As009G215030, As009G215020	AT5G25470.1, AT5G25475.4
OG0000894	As010G223940, As010G223960	AT3G46800.1
OG0000895	As011G258420	AT2G04040.1
OG0000897	As012G277910, As012G277930	AT3G53960.1, AT2G37900.1
OG0000900	As001G016830, As001G016840	AT1G13470.1, AT1G13520.1, AT1G13480.1
OG0000901	As001G017960, As001G018000, As001G017970, As001G017990, As001G017980	AT4G16500.1
OG0000902	As009G213330	AT5G05370.1
OG0000902	As002G036680, As002G036460	AT3G10860.1
OG0000903	As002G052040	AT1G64870.1, AT5G11220.1
OG0000904	As005G118380, As002G052940	AT4G31700.1
OG0000905	As002G053040	AT5G10270.1
OG0000905	As005G118090	AT5G64960.1
OG0000906	As002G053300	AT5G10010.1
OG0000907	As003G057070	AT4G18596.2
OG0000907	As004G088350	AT5G45880.1
OG0000908	As003G075600, As010G234720	AT4G39235.1
OG0000909	As007G159890	AT1G24070.1
OG0000909	As004G083080	AT4G13410.1
OG0000910	As005G114500	AT5G60142.1
OG0000911	As005G119970	AT5G66710.1
OG0000911	As010G220810	AT3G50730.1, AT3G50720.1
OG0000912	As006G123380	AT4G02570.1, AT1G02980.1, AT1G43140.1
OG0000913	As007G159440, As010G233540, As006G125620	AT1G12960.1
OG0000915	As012G276470	AT3G52910.1
OG0000915	As006G145010	AT2G36400.1
OG0000918	As009G205850	AT4G13300.1, AT4G13280.2
OG0000919	As011G249370	AT3G17227.1, AT3G17230.1, AT3G17225.1
OG0000920	As012G269320, As012G269300	AT1G53970.1, AT5G40990.1, AT1G53940.2
OG0000921	As012G272730	AT1G49650.1, AT1G49640.1, AT1G49660.1
OG0000930	As011G266460	AT2G19770.1
OG0000930	As001G001170	AT4G29340.1
OG0000931	As002G036870	AT3G11130.1
OG0000932	As004G079170, As002G037970	AT2G37270.1
OG0000933	As002G044170, As007G165200	AT5G52360.1
OG0000935	As004G086290	AT4G05330.1
OG0000935	As003G059060	AT4G21160.1
OG0000936	As003G059620	AT4G21590.1
OG0000936	As003G059640	AT4G21585.6
OG0000937	As003G062060	AT4G24000.1
OG0000938	As003G075080	AT1G69820.1, AT4G39650.1, AT4G39640.1
OG0000939	As007G181030, As007G181020, As003G075790	AT2G21390.1
OG0000940	As004G092040	AT2G05710.1
OG0000940	As004G090050	AT4G35830.1
OG0000941	As004G095180	AT4G14160.1
OG0000941	As008G194780	AT1G05520.1
OG0000943	As006G138940	AT3G05590.1, AT5G27850.1
OG0000945	As005G105910	AT1G03720.1
OG0000946	As005G106490, As005G106480	AT5G01560.1
OG0000947	As006G135230	AT3G02230.1
OG0000950	As009G205820	AT5G26860.1, AT3G05780.1, AT3G05790.1
OG0000951	As010G227570, As010G227580, As010G227540, As009G214750	AT5G46890.1, AT5G46900.1
OG0000952	As009G216080	AT3G28250.1
OG0000953	As010G221250	AT3G50120.1, AT3G50170.1, AT3G50200.1, AT3G50160.1, AT3G50150.1
OG0000954	As011G251450	AT3G19390.1
OG0000961	As002G047500, As010G227170, As010G227150, As010G227180, As010G227140, As009G213740, As001G020280, As001G020290, As001G020270, As001G020260, As010G243570, As001G014010, As001G014040, As001G013950	AT1G80590.1, AT1G66600.1, AT1G66560.1, AT1G66550.1
OG0000962	As001G027150	AT5G40000.1, AT3G28600.1, AT3G28610.1
OG0000963	As002G034260	AT5G02380.1
OG0000964	As002G040430	AT5G49760.1, AT5G49770.1, AT5G49780.2
OG0000965	As011G245590, As011G255900	AT3G13640.1
OG0000965	As003G057680	AT4G19210.1
OG0000966	As003G057820	AT4G19510.4, AT4G19470.1
OG0000967	As003G064080	AT1G36050.1
OG0000967	As007G158200	AT1G22200.1
OG0000968	As004G077430	AT5G37810.1
OG0000969	As004G086960, As004G086930, As004G086940, As004G086920	AT5G44585.1, AT5G44582.1, AT5G44580.1
OG0000969	As004G086790, As004G086800	AT5G44565.2, AT5G44578.1
OG0000970	As005G119400	AT5G67240.1, AT3G50090.1, AT3G50100.1
OG0000971	As006G137320	AT3G25960.1, AT3G55650.1, AT3G55810.1, AT3G04050.1
OG0000972	As009G205570	AT5G26620.1
OG0000972	As006G139250	AT3G05858.1
OG0000973	As009G204830	AT5G19000.2
OG0000973	As006G139760	AT3G06190.1
OG0000974	As006G144950	AT2G36340.1, AT5G41530.1
OG0000975	As007G155990	AT1G19770.1
OG0000975	As010G238030	AT1G75470.1
OG0000977	As010G224030	AT3G47040.2
OG0000977	As010G224040	AT3G47050.1, AT3G47010.1
OG0000977	As010G224050	AT3G47000.1
OG0000978	As010G225030, As010G225040, As010G225050	AT3G45720.1
OG0000979	As012G274790	AT4G15755.1
OG0000986	As012G268180	AT4G26870.1
OG0000986	As004G094360, As001G003430	AT4G31180.1
OG0000987	As001G016180	AT1G31740.1
OG0000988	As009G212980	AT5G05800.1
OG0000988	As002G037150	AT2G19220.1, AT3G11310.1, AT3G11300.1, AT3G11290.1
OG0000989	As002G043930	AT5G52070.1, AT5G42670.1
OG0000990	As004G088950, As003G056480, As006G141100	AT4G18100.1
OG0000991	As003G062520	AT1G33080.1
OG0000992	As003G075530	AT4G39340.1
OG0000993	As004G092920	AT3G25520.1, AT5G39740.1
OG0000994	As005G113560	AT2G30150.2
OG0000994	As006G128340, As006G128350, As006G128360	AT2G30140.1
OG0000995	As006G127150	AT2G31510.1
OG0000995	As008G194310	AT1G05890.2
OG0000996	As008G193450	AT1G06700.1
OG0000996	As006G127870	AT2G30730.2
OG0000997	As006G137380	AT3G04120.1
OG0000997	As008G184100	AT1G13440.1
OG0000998	As006G143360	AT2G39700.1, AT3G55500.1
OG0000999	As007G160930	AT1G26250.1
OG0001000	As009G200600	AT2G16890.2, AT5G14860.1
OG0001002	As011G245250	AT3G13350.1
OG0001003	As011G247910	AT3G15710.1
OG0001003	As012G270560	AT1G52600.1
OG0001004	As011G266800, As011G266810, As011G266820, As011G266860, As011G266830, As011G266870	AT4G03170.1, AT1G20600.1
OG0001008	As001G001100	AT4G29270.1
OG0001008	As001G001090	AT4G29260.1
OG0001009	As001G001490	AT4G29700.1
OG0001009	As001G001470	AT4G29690.1
OG0001010	As003G068260, As001G016390	AT1G31880.2, AT2G21030.1
OG0001010	As004G079320	AT2G35600.1
OG0001011	As001G016600, As001G016620, As001G016630, As001G016640, As001G016610, As001G016590, As001G016580, As001G016560	AT1G32100.1
OG0001011	As004G079380	AT4G13660.1
OG0001012	As001G019280	AT1G57620.1
OG0001012	As008G188200	AT1G09580.1
OG0001013	As001G029630, As001G029620	AT1G65165.1, AT1G65170.1, AT1G65140.1, AT1G65160.1
OG0001015	As007G165030	AT4G25630.1
OG0001015	As002G044280	AT5G52470.1
OG0001016	As002G052140	AT5G11090.1
OG0001017	As002G052670, As002G052700	AT5G65600.1, AT5G10530.1
OG0001018	As002G054290	AT5G08520.1, AT5G23650.1
OG0001019	As003G056000	AT4G17640.1
OG0001020	As003G056290	AT4G17900.1
OG0001020	As004G089150	AT5G46710.1
OG0001021	As012G288810	AT3G62960.1
OG0001021	As005G098840	AT2G47880.1
OG0001022	As005G099680	AT2G47250.1
OG0001022	As012G288250	AT3G62310.1
OG0001023	As005G113850, As005G114020	AT5G22990.1
OG0001024	As006G127250, As006G127210, As006G127200	AT2G31430.1
OG0001026	As006G134780	AT3G01270.1
OG0001026	As009G200810	AT5G15110.1
OG0001028	As006G143850	AT2G39380.1
OG0001028	As012G281510	AT3G55150.1
OG0001029	As006G146260, As007G157960	AT1G21920.1
OG0001029	As010G235770	AT1G77660.1
OG0001030	As007G156040	AT1G19840.1
OG0001030	As010G237920	AT1G75590.1
OG0001031	As007G156170	AT1G19970.1
OG0001031	As010G237740	AT1G75760.1
OG0001032	As010G236850	AT1G76600.1
OG0001032	As007G157060	AT1G21010.1
OG0001034	As010G233610	AT1G70680.1, AT1G23240.4, AT1G23250.1, AT1G70670.1
OG0001036	As010G242060	AT1G78680.1
OG0001036	As010G242050	AT1G78670.1
OG0001038	As011G244860	AT3G13030.1
OG0001039	As011G249640	AT3G17580.1
OG0001040	As012G271380	AT1G51660.1
OG0001040	As011G253350	AT3G21220.1
OG0001041	As011G266160	AT3G47590.1
OG0001042	As012G270980	AT1G52100.1, AT5G35950.1, AT5G35940.1
OG0001043	As012G271170	AT1G51860.1, AT1G51870.2
OG0001043	As012G271100, As012G271110	AT1G51880.3, AT1G51890.2
OG0001044	As012G281870	AT3G55430.1
OG0001051	As011G263630, As005G110590	AT2G16770.1
OG0001051	As001G014830	AT4G35040.1
OG0001052	As001G015110, As001G015130, As001G015150	AT4G35210.1
OG0001053	As001G019720	AT1G58290.1
OG0001054	As001G021960, As001G021950	AT1G61810.3, AT1G61820.1
OG0001056	As002G035820	AT3G10470.1
OG0001056	As009G214650	AT5G04390.1
OG0001057	As002G045470	AT4G27660.1, AT5G54148.1, AT5G54150.1
OG0001058	As003G055590	AT4G17170.1
OG0001058	As003G072150	AT4G35860.1
OG0001059	As004G087590	AT5G45100.1
OG0001060	As004G094900	AT4G13940.1
OG0001060	As011G255760	AT3G23810.1
OG0001061	As011G254950	AT3G23000.1
OG0001061	As004G095690	AT4G14580.1
OG0001062	As005G119250	AT5G67380.1
OG0001063	As006G139260	AT2G28700.1
OG0001064	As006G145650	AT2G37040.1, AT3G53260.1
OG0001065	As006G145860	AT2G37210.2
OG0001065	As012G277190	AT3G53450.1
OG0001066	As006G145870	AT2G37220.1
OG0001066	As012G277200	AT3G53460.4
OG0001067	As010G242380	AT1G79000.2
OG0001067	As007G153140	AT1G16710.1
OG0001068	As010G241390	AT1G72370.1
OG0001069	As010G238510	AT1G75080.1
OG0001069	As007G155720	AT1G19350.3
OG0001070	As007G161250	AT1G25480.1
OG0001070	As010G231200	AT1G68600.1, AT2G17470.2
OG0001071	As008G183320	AT1G14120.1
OG0001072	As009G216760	AT5G23900.1
OG0001072	As010G222230	AT3G48960.1
OG0001073	As011G250190	AT1G57820.1, AT1G57800.2, AT5G39550.1, AT1G66040.1, AT1G66050.1
OG0001074	As011G252670	AT1G67623.1
OG0001075	As012G270490	AT1G52710.1, AT3G15640.1
OG0001084	As011G267200	AT2G20550.1, AT2G20560.1
OG0001084	As001G000360	AT4G28480.1
OG0001085	As011G266420	AT2G19730.1
OG0001085	As001G001230	AT4G29410.1
OG0001086	As001G010350	AT4G33430.2
OG0001086	As006G139850, As011G262030	AT2G13790.1, AT2G13800.1
OG0001087	As001G014350	AT4G34640.1
OG0001087	As001G014360	AT4G34650.1
OG0001088	As001G026740	AT3G27840.1
OG0001088	As004G097170	AT3G27850.1, AT3G27830.1
OG0001089	As001G027320	AT3G28790.1
OG0001090	As001G027490, As001G027520, As001G027510	AT2G14060.1, AT3G21950.2, AT5G38020.1
OG0001091	As010G222350	AT3G45450.1, AT3G48870.1
OG0001091	As002G042730	AT5G50920.1
OG0001092	As002G047560	AT5G06811.1
OG0001092	As009G210680	AT5G06810.1
OG0001093	As005G109890	AT5G19360.1
OG0001093	As002G051090	AT5G12180.1
OG0001094	As002G053280	AT5G10030.1
OG0001094	As005G118310	AT5G65210.1
OG0001095	As004G093100, As004G093080, As004G093090	AT4G12890.1, AT4G12870.1, AT4G12960.2, AT4G12900.1
OG0001096	As012G284440	AT3G58040.1
OG0001096	As005G105060	AT2G41980.1
OG0001097	As005G115430	AT5G59270.2
OG0001098	As010G221570	AT3G49700.1
OG0001098	As005G118860	AT5G65800.1
OG0001099	As006G122020	AT1G01390.2, AT1G01420.2, AT4G01070.1
OG0001100	As006G125750	AT2G32210.1, AT2G32190.1
OG0001100	As008G195360, As008G194940	AT1G05340.1
OG0001101	As009G200370	AT5G14620.1
OG0001101	As006G133080	AT5G15380.1
OG0001102	As006G135240	AT3G02250.1
OG0001102	As009G201520	AT5G15740.1
OG0001103	As009G207010	AT5G28490.1
OG0001103	As006G137690	AT3G04510.1
OG0001104	As006G138120, As009G206960	AT5G28060.1
OG0001105	As010G243540	AT1G80610.1
OG0001105	As007G152280	AT1G15800.1
OG0001106	As007G153300	AT1G16890.3
OG0001106	As010G242200	AT1G78870.2
OG0001107	As007G154350	AT1G17880.1
OG0001107	As010G240470	AT1G73230.1
OG0001108	As007G155300	AT1G18870.1
OG0001109	As010G235960	AT1G77510.1
OG0001109	As007G157790	AT1G21750.1
OG0001110	As010G232990	AT1G69920.1
OG0001110	As007G160150	AT1G27140.1, AT1G27130.1
OG0001111	As010G228810	AT1G67430.1
OG0001111	As007G162030	AT1G27400.1
OG0001112	As009G207970	AT5G49160.1
OG0001113	As009G210730	AT5G06860.1
OG0001114	As009G211960	AT5G06500.1
OG0001115	As010G241340	AT1G72430.1, AT1G17345.1
OG0001116	As012G271470	AT1G51560.1
OG0001116	As011G253270	AT3G21140.1
OG0001117	As012G274810, As012G274800	AT4G15740.1
OG0001124	As011G265980	AT2G20450.1
OG0001124	As012G276130, As001G000460	AT4G27090.1
OG0001125	As001G015980	AT1G31450.1
OG0001125	As002G043210, As004G079080	AT2G35615.1
OG0001126	As003G070440, As011G256560, As003G070420, As003G070430, As003G070400, As001G020030	AT3G43570.1, AT1G58725.1, AT1G59030.1, AT1G59406.1, AT1G58525.1
OG0001127	As008G182820	AT1G14580.3
OG0001127	As001G023280	AT2G02080.1
OG0001128	As001G024510	AT2G04038.1
OG0001128	As008G183850	AT1G13600.1
OG0001129	As001G027480	AT3G28940.1, AT3G28930.1
OG0001130	As001G028120	AT3G30390.1
OG0001130	As004G077980	AT5G38820.2
OG0001131	As002G032550	AT4G25850.2
OG0001131	As002G048950	AT5G57240.3
OG0001132	As005G107970	AT5G03040.1
OG0001132	As002G034660	AT3G09710.2
OG0001133	As002G047010	AT5G55160.2
OG0001134	As002G050280, As002G050290	AT5G13430.1, AT5G13440.1
OG0001135	As005G117880	AT5G64850.1
OG0001135	As002G053400	AT5G09960.1
OG0001136	As003G056250	AT4G17870.1
OG0001136	As004G089250	AT5G46790.1
OG0001137	As004G087840	AT5G45340.1
OG0001137	As003G057700	AT4G19230.2
OG0001138	As003G060280	AT4G22220.1, AT3G01020.1, AT4G04080.1
OG0001139	As003G067410	AT1G27970.2
OG0001139	As007G162130	AT1G27310.1
OG0001140	As003G072340	AT4G36040.1
OG0001140	As011G264830	AT2G17880.1
OG0001141	As010G224380	AT3G46670.1, AT3G46660.1
OG0001141	As004G077490	AT5G38040.1, AT5G37950.1, AT5G38010.1
OG0001142	As004G095910	AT4G14800.2
OG0001143	As005G102010	AT3G60580.1
OG0001144	As012G286050	AT3G60120.1
OG0001146	As005G105940	AT2G41630.1
OG0001147	As005G110350	AT5G19550.1, AT1G62800.2
OG0001148	As005G117560	AT5G64560.1
OG0001149	As010G220420	AT3G51160.1
OG0001149	As005G120550	AT5G66280.1
OG0001150	As009G202000	AT5G16110.1
OG0001150	As006G135560	AT3G02555.1
OG0001151	As006G140390	AT3G06750.1
OG0001151	As009G208040	AT5G49280.1
OG0001152	As012G282810	AT3G56320.1
OG0001152	As006G142300	AT2G40520.1
OG0001153	As012G276310	AT2G36320.1
OG0001154	As010G238340	AT1G75220.1
OG0001154	As007G155790	AT1G19450.1
OG0001155	As007G156380	AT1G20220.1
OG0001156	As007G159660	AT1G23540.1
OG0001156	As010G233350	AT1G70460.1
OG0001157	As008G186030	AT1G11410.4
OG0001157	As008G186040	AT1G11340.1
OG0001158	As010G233690	AT3G11880.2, AT1G70770.1, AT1G23170.2
OG0001159	As010G236770, As010G236800, As010G236780, As010G236790	AT1G76650.1, AT1G76640.1
OG0001160	As011G245380	AT1G55520.1
OG0001160	As012G268400	AT3G13445.1
OG0001161	As011G253310	AT3G21190.1
OG0001161	As012G271410	AT1G51630.1
OG0001169	As002G045450, As002G045480	AT5G54160.1
OG0001170	As022G292050, As022G292140, As048G294600, As012G279330, As012G280590, As009G206290, As001G015180	AT3G05310.1
OG0001171	As001G021220	AT1G60950.1
OG0001171	As008G186600	AT1G10960.1
OG0001172	As001G024140	AT2G03505.1
OG0001172	As008G183530	AT1G13830.2
OG0001173	As002G032750	AT4G26120.2, AT1G64280.1
OG0001174	As002G036310	AT3G10740.2
OG0001174	As009G214250	AT5G26120.1
OG0001175	As002G047920	AT5G56170.1
OG0001176	As005G118510	AT5G65430.3
OG0001176	As002G052820	AT5G10450.4
OG0001177	As002G054880	AT5G07980.1, AT5G07940.1, AT5G07970.1
OG0001178	As002G055020	AT5G07800.1
OG0001178	As009G217930	AT5G61290.1
OG0001179	As003G057140	AT4G18670.1
OG0001179	As011G256550	AT3G24480.1
OG0001180	As003G057900	AT4G19600.1
OG0001180	As004G087660	AT5G45190.2
OG0001181	As003G059790	AT4G21750.1
OG0001181	As004G085930	AT4G04890.1
OG0001182	As004G081230	AT2G34070.1
OG0001182	As003G069510	AT1G29050.1
OG0001183	As003G072080	AT4G35780.1
OG0001183	As011G264670, As010G236540	AT2G17700.1
OG0001184	As012G287840	AT3G61850.4
OG0001184	As005G100420	AT2G46590.2
OG0001185	As012G287600	AT3G61630.1
OG0001185	As005G100800	AT2G46310.1
OG0001186	As012G285360	AT3G59310.2
OG0001186	As005G104120	AT3G59340.2
OG0001187	As006G126100	AT2G32340.1
OG0001187	As008G195000	AT1G05270.1
OG0001188	As006G128390	AT2G30110.1
OG0001189	As006G132950	AT3G01650.1
OG0001189	As009G200010	AT5G14420.1
OG0001190	As006G137230	AT3G03940.1
OG0001190	As009G204060	AT5G18190.1
OG0001191	As009G206340	AT5G27430.1
OG0001191	As006G138540	AT3G05230.1
OG0001192	As012G274380	AT4G16143.1
OG0001192	As006G140360	AT3G06720.1
OG0001193	As012G282070	AT3G55610.1
OG0001193	As006G143230	AT2G39800.1
OG0001194	As012G282360	AT3G55940.1
OG0001194	As006G143580	AT3G08510.1
OG0001195	As007G153910	AT1G17400.1
OG0001195	As010G241270	AT1G72490.3
OG0001196	As010G238520	AT1G75060.1
OG0001196	As007G155700	AT1G19330.3
OG0001197	As008G186880	AT3G54540.1
OG0001200	As009G212830	AT5G19870.1
OG0001200	As012G268800	AT1G55240.1
OG0001200	As012G268790	AT1G55230.1
OG0001201	As009G216930	AT5G23660.1
OG0001201	As010G222450	AT3G48740.1
OG0001202	As010G221230	AT3G50210.1, AT3G49620.1, AT3G49630.1
OG0001203	As010G226280	AT3G44310.1, AT3G44300.1, AT3G44320.1
OG0001204	As010G226550	AT5G47980.1
OG0001205	As012G269930	AT1G53170.1
OG0001205	As011G247320	AT3G15210.1
OG0001206	As011G248610, As011G248600	AT2G33070.3, AT3G16390.1, AT3G16400.1
OG0001207	As012G274390	AT4G16141.1
OG0001207	As011G249080	AT3G16870.1
OG0001208	As012G273020	AT1G49300.1
OG0001208	As011G250940	AT3G18820.1
OG0001209	As011G251200	AT3G19100.1
OG0001210	As011G252070	AT3G19980.1
OG0001210	As012G272240	AT1G50370.1
OG0001222	As001G003410	AT4G31170.1
OG0001222	As007G178150	AT2G24360.1
OG0001223	As011G262960	AT2G15830.1
OG0001223	As001G013780	AT4G33960.1
OG0001224	As008G188670	AT1G09210.1
OG0001224	As001G019000	AT1G56340.1
OG0001225	As001G025730	AT3G26840.1, AT3G26820.1
OG0001226	As001G026900	AT3G28080.1, AT3G28070.1, AT3G28100.1, AT3G28130.2
OG0001227	As002G034420	AT3G09600.1
OG0001227	As005G107870	AT5G02840.1
OG0001228	As002G036230, As002G036270, As002G036250, As002G036610, As002G034750, As002G034740, As002G034770, As002G034600, As002G034530, As002G036820, As002G036590, As002G036810	AT3G45220.1
OG0001228	As002G036800, As010G228140	AT2G26390.1
OG0001229	As002G049770, As002G049710, As002G049750, As002G047650, As002G047640, As002G048550, As002G048440, As002G048410, As002G048430	AT5G56910.1, AT5G56920.1
OG0001230	As009G218340	AT5G61780.1
OG0001230	As002G055400	AT5G07350.2
OG0001231	As009G218430	AT5G61890.1
OG0001231	As002G055440	AT5G07310.1
OG0001232	As003G057340	AT4G35370.1, AT4G18900.1, AT4G18905.2
OG0001233	As003G060920	AT4G22910.1
OG0001233	As004G084810	AT4G11920.1
OG0001234	As010G238140	AT1G75440.1
OG0001234	As003G065230	AT1G45050.1
OG0001234	As004G082120	AT5G42990.1
OG0001235	As010G228510, As011G264390	AT2G17390.1
OG0001235	As003G071710	AT4G35450.5
OG0001236	As004G096250	AT4G15210.1
OG0001236	As006G125660	AT2G32290.1
OG0001237	As005G101170	AT2G45900.1
OG0001237	As012G287400	AT3G61380.1
OG0001238	As012G287280	AT2G45800.1
OG0001238	As005G101270	AT3G61230.1
OG0001239	As012G285940	AT3G59970.3
OG0001239	As005G103030	AT2G44160.1
OG0001240	As005G103570	AT2G43700.1
OG0001241	As005G103630	AT2G43610.1
OG0001242	As005G108180	AT5G03290.1
OG0001243	As005G110180	AT5G19580.1, AT1G67290.1
OG0001244	As005G111140	AT5G54000.2
OG0001245	As010G220630	AT3G50920.1
OG0001245	As005G120340	AT5G66450.3
OG0001246	As008G198180	AT1G02300.1
OG0001246	As006G122500	AT4G01610.1
OG0001247	As006G123620	AT4G02840.2
OG0001247	As006G141330	AT3G07590.1
OG0001248	As006G129030, As006G129020, As008G192650	AT2G29140.1, AT2G29200.1, AT2G29190.1
OG0001249	As006G130480, As006G148330, As006G148320	AT2G38430.1
OG0001250	As009G201070	AT5G15470.1
OG0001250	As006G135030	AT3G01040.2
OG0001251	As006G135310	AT3G02310.1
OG0001251	As009G201580	AT5G15800.2
OG0001252	As009G202070	AT3G02590.1
OG0001252	As006G135600	AT3G02580.1
OG0001253	As006G138960	AT3G05610.1
OG0001253	As009G205910, As007G182060	AT5G27870.1
OG0001254	As012G271900	AT1G51420.2
OG0001254	As006G148850	AT2G35840.1
OG0001255	As010G241660	AT1G78410.1
OG0001255	As007G153580	AT1G17147.1
OG0001256	As010G241030	AT1G72740.1
OG0001256	As007G153970	AT1G17520.2
OG0001257	As010G240510	AT1G73190.1
OG0001257	As007G154290	AT1G17810.1
OG0001258	As007G155250	AT1G18835.1
OG0001258	As010G238870	AT1G74660.1
OG0001259	As007G155870	AT1G19570.1, AT1G19550.1
OG0001259	As010G238270	AT1G75270.1
OG0001261	As008G183080	AT1G14330.1, AT2G02870.1
OG0001262	As008G183230	AT1G14230.1, AT1G14250.1, AT1G14240.1
OG0001263	As008G185060	AT1G12240.1, AT1G62660.1
OG0001264	As011G245280	AT3G13390.1
OG0001264	As012G268320	AT1G55570.1
OG0001265	As012G271440	AT1G51590.1
OG0001265	As011G253290	AT3G21160.1
OG0001274	As007G178240	AT2G24320.2
OG0001274	As001G003270	AT4G31020.1
OG0001275	As007G156730	AT1G20630.1
OG0001275	As001G014870	AT4G35090.1
OG0001276	As001G021540	AT1G61170.1
OG0001276	As008G186480	AT1G11125.1
OG0001277	As006G125870	AT1G61566.1, AT1G61563.1, AT2G22055.1
OG0001278	As001G026660, As001G026620	AT2G05070.1, AT2G05100.2
OG0001279	As009G200780	AT5G15080.1
OG0001279	As006G134750	AT3G01300.1
OG0001280	As001G027620	AT3G29075.1
OG0001281	As003G061850	AT1G64220.1
OG0001281	As004G098150	AT5G41685.1
OG0001282	As002G032810	AT4G26150.1
OG0001283	As012G283460	AT3G56960.1
OG0001283	As002G033170	AT2G41210.1
OG0001284	As002G040880	AT5G49990.1
OG0001284	As009G219310	AT5G62890.1
OG0001285	As002G046220	AT5G54430.3
OG0001285	As006G132440	AT4G27320.1
OG0001286	As002G046800, As002G046810	AT5G55050.1
OG0001287	As006G134550	AT4G26760.1
OG0001287	As002G047070	AT5G55230.2
OG0001288	As002G051870	AT5G11420.1
OG0001289	As003G055830	AT4G17490.1
OG0001289	As004G090340	AT5G47230.1
OG0001290	As004G084370	AT4G11220.1
OG0001290	As003G061690	AT4G23630.1
OG0001291	As003G062380	AT1G32928.1
OG0001291	As003G062370	AT1G32920.1
OG0001292	As006G128480	AT2G30050.1
OG0001292	As003G068450, As006G132720	AT3G01340.1
OG0001293	As012G285310, As003G069570	AT3G59220.1, AT3G59260.1
OG0001294	As007G180370	AT2G22330.2
OG0001294	As003G074750	AT4G39950.2
OG0001295	As004G077550, As004G077530, As004G077540, As004G077570	AT5G37990.1, AT5G37970.1
OG0001296	As004G079870	AT2G22740.1, AT2G35160.1
OG0001297	As004G085780	AT4G04750.3, AT4G04760.1
OG0001298	As004G095930	AT4G14815.1
OG0001298	As011G254560	AT3G22600.1
OG0001299	As005G100270	AT2G46760.1, AT2G46750.1, AT2G46740.1
OG0001300	As012G284530	AT3G58120.1
OG0001300	As005G104930	AT2G42380.2
OG0001301	As012G284300	AT3G57890.2
OG0001301	As005G105210	AT2G42230.2
OG0001302	As005G119060	AT5G67560.1
OG0001302	As010G221410	AT3G49870.1
OG0001303	As006G121100	AT4G00110.1
OG0001303	As008G199380	AT2G45310.1, AT1G02000.1
OG0001304	As006G129740	AT1G07900.1, AT2G28500.1
OG0001305	As006G138870	AT3G05420.2
OG0001305	As009G206160	AT5G27630.3
OG0001306	As009G205940	AT5G27840.4
OG0001306	As006G138930	AT3G05580.1
OG0001309	As006G147030	AT2G37940.1
OG0001309	As012G278060	AT3G54020.1
OG0001310	As007G153270	AT1G16860.1
OG0001310	As010G242210	AT1G78880.1
OG0001311	As009G206930	AT5G28030.1
OG0001312	As009G209520	AT5G48655.1
OG0001314	As011G245230	AT3G13340.1
OG0001314	As012G268220, As012G268230	AT1G55680.1
OG0001315	As011G247950	AT3G15730.1, AT1G52570.1
OG0001316	As012G273940	AT1G48220.1, AT1G48210.1
OG0001316	As011G249510	AT3G17410.1
OG0001317	As012G272280	AT1G50310.1, AT3G19940.1
OG0001318	As012G274540	AT4G16000.1, AT4G16024.1
OG0001328	As001G003730	AT4G31440.1, AT2G24530.1
OG0001329	As384G298040, As010G228770, As010G228760	ATCG00350.1
OG0001330	As011G264300	AT2G17290.1
OG0001330	As001G015630	AT4G35310.1
OG0001332	As001G019570	AT1G58080.1
OG0001332	As008G187940	AT1G09795.1
OG0001333	As008G186610	AT1G10950.1
OG0001334	As008G182480	AT1G14910.1
OG0001334	As001G022740	AT2G01600.1
OG0001335	As009G214520	AT5G04540.1
OG0001335	As002G035960	AT3G10550.1
OG0001336	As002G037540	AT3G11700.1, AT5G06390.1
OG0001337	As002G045530	AT5G54100.1
OG0001338	As002G045540	AT4G27580.1, AT5G54095.1
OG0001339	As002G047440	AT5G55660.1
OG0001339	As006G134360	AT4G26630.1
OG0001341	As009G215560	AT5G25100.2
OG0001341	As002G052360	AT5G10840.1
OG0001342	As002G053260	AT5G10050.1
OG0001342	As005G118290	AT5G65205.1
OG0001343	As002G054600	AT5G08300.1
OG0001343	As009G217260	AT5G23250.1
OG0001344	As003G056040	AT4G17690.1
OG0001344	As004G089590	AT5G47000.1
OG0001345	As003G057260	AT4G18800.1
OG0001345	As004G088210	AT5G45750.1
OG0001346	As003G058800	AT4G20840.1
OG0001347	As003G061790	AT4G23710.1
OG0001347	As006G132770	AT3G01390.1
OG0001348	As011G264720	AT2G17720.1
OG0001348	As003G072120	AT4G35810.1
OG0001349	As011G265000	AT2G18080.1
OG0001349	As003G072460	AT4G36190.1, AT4G36195.1
OG0001350	As003G074310	AT4G37940.1
OG0001351	As004G076770	AT5G33340.1, AT1G64830.1
OG0001352	As004G080580	AT1G36150.1
OG0001353	As004G087990	AT5G45500.1
OG0001354	As012G288470	AT3G62650.1
OG0001354	As005G099420	AT2G47485.1
OG0001355	As012G287310	AT3G61260.1
OG0001355	As005G101250	AT2G45820.1
OG0001356	As005G104680	AT2G42680.1
OG0001356	As012G284960	AT3G58680.1
OG0001357	As005G105170	AT2G42190.1
OG0001358	As005G105450	AT2G41860.1
OG0001358	As012G284050	AT3G57530.1
OG0001359	As010G224750	AT3G46130.1
OG0001359	As005G114870	AT5G59780.3
OG0001360	As006G125720	AT2G32240.1
OG0001361	As006G125770	AT2G32690.1
OG0001361	As008G195770	AT1G04800.1
OG0001362	As011G253020	AT3G20770.1
OG0001362	As006G130570	AT2G27050.1
OG0001363	As006G132630, As006G132640	AT4G27030.1, AT2G22890.1, AT1G62190.1
OG0001364	As009G200770	AT5G15070.2
OG0001364	As006G134740	AT3G01310.1
OG0001365	As006G134810	AT3G01220.1
OG0001365	As009G201450	AT5G15150.1
OG0001366	As009G201800	AT5G15950.1
OG0001366	As006G135460	AT3G02470.1
OG0001367	As009G207270	AT5G49620.2
OG0001368	As006G147840	AT5G14280.1
OG0001370	As007G157050	AT1G21000.1
OG0001370	As010G236860	AT1G76590.1
OG0001372	As009G202990	AT3G03110.1, AT5G17020.1
OG0001373	As012G273140	AT1G48770.1
OG0001373	As011G250390, As010G231610	AT3G18295.1
OG0001374	As010G238300	AT1G75250.1, AT1G19510.1
OG0001375	As010G243020	AT1G79590.3
OG0001376	As011G246000	AT3G13980.1
OG0001376	As012G269100	AT1G54200.1
OG0001377	As011G248870	AT3G16660.2
OG0001378	As012G273750	AT1G48440.1
OG0001378	As011G249840	AT3G17780.1
OG0001379	As011G252120	AT3G20010.1
OG0001379	As012G272210	AT1G50410.1
OG0001380	As011G252170	AT3G20060.1
OG0001381	As012G274100	AT3G27999.1, AT1G11593.1, AT4G03945.1, AT1G50325.1, AT1G50340.1, AT1G11362.1, AT1G48010.1
OG0001392	As001G014820	AT4G35010.1
OG0001392	As011G263580	AT2G16730.1
OG0001393	As011G264210	AT2G17150.1
OG0001393	As001G015550	AT4G35270.1
OG0001395	As001G018280	AT4G26560.1
OG0001397	As008G187330	AT1G10290.1
OG0001397	As001G020160	AT1G59610.1
OG0001398	As001G022600	AT2G01480.1, AT1G14970.1
OG0001399	As001G023670	AT2G02790.1, AT1G14380.1
OG0001400	As001G024770	AT3G25730.1
OG0001400	As008G183950	AT1G13260.1
OG0001401	As001G027400	AT5G39850.1
OG0001401	As009G201390, As009G201400	AT5G15200.1
OG0001402	As004G078470	AT5G39670.1
OG0001402	As001G027550	AT3G29000.1
OG0001403	As001G031800	AT1G62880.1
OG0001403	As008G184840	AT1G12340.1, AT1G12390.1
OG0001404	As001G032050	AT1G62510.1
OG0001404	As008G185230	AT1G12090.1
OG0001405	As002G036110	AT5G04870.1
OG0001406	As003G074300	AT4G37930.1
OG0001406	As002G039650	AT5G26780.2
OG0001407	As002G044620	AT5G52882.1
OG0001407	As007G166220	AT4G28000.2
OG0001409	As002G054220	AT5G63680.1, AT5G08570.1
OG0001410	As004G089220	AT5G46750.1
OG0001410	As003G056270	AT4G17890.1
OG0001411	As003G056550	AT4G18205.1, AT4G18197.1
OG0001411	As003G056560, As003G056570	AT4G18195.1
OG0001412	As003G057920	AT4G19640.1
OG0001412	As004G087620	AT5G45130.2
OG0001413	As003G059970	AT4G21903.2, AT4G21910.2
OG0001415	As004G081370	AT2G33850.1
OG0001415	As003G069080	AT1G28400.1
OG0001416	As003G070070	AT1G29530.1
OG0001417	As003G073020	AT4G36820.1
OG0001417	As007G179140	AT2G23790.1
OG0001418	As003G075660	AT4G39190.1
OG0001418	As007G180870	AT2G21560.1
OG0001419	As007G162430, As007G154420, As004G077990	AT5G38830.1, AT3G56300.1
OG0001420	As004G085760	AT4G04740.2, AT4G04720.1, AT4G21940.2
OG0001421	As004G095760	AT4G14640.1, AT3G22930.1
OG0001422	As006G138250	AT3G05030.1
OG0001422	As009G206810, As005G098800	AT5G27150.1
OG0001423	As005G102370	AT2G44770.1
OG0001423	As012G286180	AT3G60260.1
OG0001425	As010G227210	AT3G42880.1
OG0001425	As005G112160	AT5G20690.1
OG0001426	As005G116420	AT1G68905.1
OG0001427	As006G122030	AT4G01060.1
OG0001427	As008G198950	AT1G01380.1
OG0001428	As006G123250	AT4G02450.1
OG0001429	As006G123290	AT4G02500.1
OG0001429	As012G288690	AT3G62720.1
OG0001430	As006G125000	AT1G04300.3, AT5G43560.1
OG0001431	As008G195730	AT1G04810.1
OG0001432	As006G127090	AT3G53860.1, AT2G31600.1
OG0001433	As008G193560	AT1G06540.1
OG0001433	As006G127740	AT2G30930.1
OG0001434	As006G128970	AT2G29260.1
OG0001434	As009G212670	AT5G06060.1
OG0001435	As006G129550	AT2G28680.1
OG0001436	As009G203670	AT5G17700.1
OG0001436	As009G203660, As006G136680	AT3G03620.1
OG0001437	As009G203910	AT5G17920.1
OG0001437	As006G136920	AT3G03780.1
OG0001438	As009G206980	AT5G28150.1
OG0001438	As006G138070	AT3G04860.1
OG0001439	As010G239570	AT1G73950.1
OG0001439	As007G154870	AT1G18470.1
OG0001440	As007G157740	AT1G21720.1
OG0001441	As010G235030	AT1G72150.1
OG0001441	As007G158560	AT1G22530.1
OG0001442	As007G159300	AT1G70800.1, AT1G70810.1, AT1G23140.1
OG0001443	As007G160370	AT1G26920.1
OG0001443	As010G232820	AT1G69760.1
OG0001444	As007G165570, As007G165610, As007G165550, As007G165560, As007G165580	AT4G25490.1, AT4G25470.1, AT4G25480.1
OG0001445	As009G214910, As009G214890, As009G214900	AT2G16225.1, AT1G10715.1, AT1G27135.1, AT1G10717.1
OG0001446	As009G217780	AT5G08000.2, AT5G61130.1
OG0001448	As012G268930	AT1G55110.1
OG0001448	As011G245790	AT3G13810.2
OG0001449	As011G246410	AT3G14300.1
OG0001449	As012G269390	AT1G53840.1
OG0001450	As011G246430, As012G269400	AT1G53830.1
OG0001451	As012G270080	AT1G53035.2
OG0001451	As011G247470	AT3G15358.1
OG0001452	As012G270190	AT1G52880.1
OG0001452	As011G247680	AT3G15510.1
OG0001453	As012G270500	AT1G52700.2
OG0001453	As011G247830	AT3G15650.2
OG0001454	As011G248090	AT3G15890.1
OG0001454	As012G270620	AT1G52540.1
OG0001455	As011G248920	AT3G16690.3
OG0001455	As012G274630	AT4G15920.1
OG0001456	As011G252110	AT3G20000.1
OG0001456	As012G272220	AT1G50400.1
OG0001457	As011G252570	AT3G20310.1
OG0001457	As012G272010	AT1G50640.1
OG0001464	As001G001740	AT4G29850.1
OG0001465	As011G265880	AT2G19170.1
OG0001465	As001G001900	AT4G30020.1
OG0001466	As001G003810	AT4G31550.1
OG0001466	As007G177820	AT2G24570.1
OG0001467	As004G084230	AT4G11100.1
OG0001469	As001G016070	AT1G31660.1
OG0001470	As004G083140	AT2G35700.1
OG0001471	As001G021200	AT1G60940.1
OG0001471	As008G186620	AT1G10940.2
OG0001472	As008G182540	AT1G14860.1
OG0001472	As001G022810	AT2G01670.1
OG0001473	As001G023680	AT2G02800.1, AT1G14370.1
OG0001475	As008G185330	AT1G12010.1
OG0001475	As001G032140	AT1G62380.1
OG0001476	As002G032390	AT3G09455.1, AT5G02502.1, AT3G12587.1
OG0001477	As002G032720, As002G032730, As002G032710	AT5G07200.1, AT1G60980.1
OG0001478	As002G034580, As002G034650, As002G034510	AT3G09700.1
OG0001478	As005G107960	AT5G03030.2
OG0001479	As004G079850, As009G213750, As002G036770, As005G102490	AT3G10950.1
OG0001480	As002G042560	AT4G25010.1
OG0001481	As002G050450	AT5G13210.1, AT3G24780.1
OG0001482	As002G052160	AT5G11060.1
OG0001482	As009G215450	AT5G25220.1
OG0001483	As009G215740	AT5G24880.1
OG0001483	As002G052570	AT5G10660.2
OG0001484	As002G052590	AT5G10625.1
OG0001485	As002G054040	AT5G09220.1
OG0001486	As002G054240	AT5G08560.1
OG0001487	As002G054670	AT5G23130.1
OG0001488	As003G055970	AT4G17615.3
OG0001488	As004G089810	AT5G47100.1
OG0001489	As004G085500	AT4G04020.1
OG0001489	As003G060290	AT4G22240.1
OG0001490	As003G069830	AT1G29250.1
OG0001490	As004G081110	AT2G34160.1
OG0001491	As003G070370	AT1G29962.1, AT1G28450.1, AT1G28460.1, AT1G54760.1
OG0001492	As007G180810	AT2G21600.1
OG0001493	As008G195740, As004G082080	AT5G43060.1
OG0001494	As004G085100	AT4G12320.1, AT4G12310.1, AT4G12300.1
OG0001495	As004G090990	AT5G47490.1, AT5G47480.1
OG0001496	As004G094470, As011G256240	AT3G24020.1, AT4G13580.1
OG0001497	As004G096260	AT4G15236.1, AT4G15233.1, AT4G15230.1, AT4G15215.11
OG0001498	As004G098070	AT1G04170.1, AT2G18720.1, AT4G18330.2
OG0001499	As012G288560, As005G099220	AT2G47640.1, AT3G62840.1
OG0001500	As005G099790	AT2G47160.2
OG0001500	As012G288210	AT3G62270.1
OG0001501	As005G100230	AT2G46800.1
OG0001502	As005G102480	AT2G44680.1
OG0001502	As012G286170	AT3G60250.1
OG0001503	As012G285910	AT3G59920.1
OG0001503	As005G103110	AT2G44100.1
OG0001504	As005G103840	AT2G43500.2
OG0001505	As012G285480	AT3G59450.1, AT3G59440.1
OG0001505	As005G103960	AT2G43290.1
OG0001506	As006G142150	AT3G08890.1
OG0001506	As005G106410	AT5G01610.1
OG0001507	As010G224170	AT3G46880.1
OG0001507	As005G115720	AT5G59080.1
OG0001508	As010G222610	AT3G48520.1
OG0001508	As005G116340	AT5G63450.2
OG0001509	As010G221530	AT3G49720.1
OG0001509	As005G118870	AT5G65810.1
OG0001510	As006G127110	AT2G31560.1
OG0001510	As008G194330	AT1G05870.1
OG0001511	As008G191800	AT1G07870.2
OG0001511	As006G129670	AT2G28590.1
OG0001512	As006G130250	AT2G27860.1
OG0001513	As006G134800	AT3G01240.1
OG0001514	As006G137350	AT3G04080.1, AT5G18280.1
OG0001515	As006G139150, As006G139160	AT1G54300.1, AT3G05770.1
OG0001516	As006G140260	AT3G06620.1
OG0001517	As012G282480	AT3G55980.2
OG0001517	As006G142810	AT2G40140.1
OG0001518	As006G142890	AT2G40095.1, AT3G55880.2
OG0001519	As010G239600	AT1G73920.1
OG0001519	As007G154860	AT1G18460.1
OG0001520	As010G223010	AT3G48180.1
OG0001520	As007G155440	AT1G19020.1
OG0001521	As007G157310	AT1G21380.1, AT1G76970.1
OG0001522	As007G159210	AT1G23080.1
OG0001522	As010G233860	AT1G70940.1
OG0001523	As007G159770, As007G159760	AT1G70310.1
OG0001524	As007G162280	AT1G27440.1
OG0001524	As009G218400	AT5G61840.1
OG0001526	As007G177880, As012G287270	AT1G01800.1, AT3G61220.3, AT2G24190.2
OG0001527	As009G200200	AT5G14200.1, AT1G31180.2
OG0001527	As010G243610	AT1G80560.1
OG0001528	As009G200660	AT5G14920.1
OG0001530	As009G208130, As009G208140	AT3G42473.1, AT5G32619.1, AT1G54445.1, AT1G56233.1, AT4G13955.1, AT5G48945.1
OG0001531	As009G212540	AT5G06200.1
OG0001531	As009G212530	AT3G11550.1
OG0001533	As010G220990, As010G221000	AT3G50480.1, AT3G50450.1, AT3G50460.1
OG0001535	As012G268330	AT1G55560.1
OG0001535	As011G245290	AT3G13400.1
OG0001536	As012G268830	AT1G55200.1
OG0001537	As012G270460	AT1G52740.1
OG0001538	As011G248690	AT3G16480.1
OG0001538	As012G271020	AT1G51980.1
OG0001539	As011G257640	AT3G25170.1
OG0001540	As012G275340	AT2G34500.1, AT2G28850.1, AT2G28860.1, AT2G34490.1
OG0001541	As012G288500	AT3G62680.1
OG0001549	As008G189360, As001G000350	AT2G20580.1, AT4G28470.1
OG0001550	As002G037190	AT5G06000.1
OG0001551	As001G003600	AT4G31340.1
OG0001551	As007G178090	AT2G24420.1
OG0001552	As001G004530	AT4G32070.1, AT2G25290.1
OG0001553	As001G020960	AT1G60590.1
OG0001553	As008G186960	AT1G10640.1
OG0001554	As008G185750	AT1G11670.1
OG0001554	As001G022010	AT1G61890.1
OG0001555	As008G183910	AT1G13210.1
OG0001555	As001G024630	AT3G25610.1
OG0001556	As006G145370	AT2G36830.1
OG0001556	As001G025430	AT3G26520.1
OG0001557	As002G034230	AT3G09360.1, AT2G01280.1
OG0001558	As002G035840	AT5G04410.1, AT3G10500.1
OG0001559	As002G040240	AT5G49720.1
OG0001560	As002G040690	AT5G49945.1
OG0001560	As007G162800	AT4G24330.1
OG0001562	As002G047830	AT5G56080.1
OG0001562	As006G134190, As004G089470, As006G134210	AT5G04950.1
OG0001563	As002G050910	AT5G19420.2, AT5G12350.1
OG0001564	As002G051580	AT2G37410.1, AT1G20350.1
OG0001565	As002G054950	AT5G07880.1
OG0001565	As009G217850	AT5G61210.1
OG0001566	As004G087940	AT5G45430.1
OG0001566	As003G057540	AT4G19110.2
OG0001567	As003G063270	AT1G34190.1, AT1G34180.2
OG0001568	As003G069320	AT1G28650.1, AT1G28640.1, AT1G28660.1, AT1G28670.1
OG0001569	As004G081080	AT2G34300.1
OG0001569	As003G070040	AT1G29470.1
OG0001570	As012G285530	AT3G59500.1
OG0001570	As004G078650, As003G071580	AT1G30890.1
OG0001571	As011G264410	AT2G17420.1
OG0001571	As003G071720	AT4G35460.1
OG0001572	As003G074600	AT4G40060.1
OG0001572	As007G180280	AT2G22430.1
OG0001573	As003G074940	AT4G39770.1
OG0001573	As007G180450	AT2G22190.1
OG0001574	As003G075700	AT4G39150.1
OG0001574	As007G180920	AT2G21510.2
OG0001575	As003G075900	AT4G38970.1
OG0001576	As004G078100	AT5G38990.1, AT5G39000.1
OG0001577	As004G078360	AT5G39450.1, AT5G39460.1, AT5G39480.1, AT5G39490.1
OG0001578	As004G090820	AT5G47550.1
OG0001581	As012G288550	AT3G62860.1
OG0001581	As005G099240	AT2G47630.1
OG0001582	As012G285890	AT3G59900.1
OG0001582	As005G103130	AT2G44080.1
OG0001583	As005G105260	AT2G42300.1
OG0001583	As012G284240	AT3G57800.1
OG0001584	As012G284070, As005G105400	AT2G41880.5
OG0001585	As012G283760	AT3G57220.1
OG0001585	As005G106110	AT2G41490.1
OG0001586	As005G109770, As005G109730, As005G109810	AT5G19520.1
OG0001587	As005G113630, As005G113750, As005G113720	AT3G28680.1, AT5G22860.1
OG0001588	As010G223930	AT3G46820.1
OG0001589	As005G116400	AT5G63510.2
OG0001589	As010G222490	AT3G48680.1
OG0001590	As012G281820	AT3G55410.1
OG0001590	As006G143440, As005G118810	AT5G65750.1
OG0001591	As006G123270	AT1G02890.1, AT4G02480.1
OG0001592	As008G197260	AT1G03210.2
OG0001592	As006G123590, As006G123580	AT4G02860.1
OG0001593	As006G125280	AT2G33420.1
OG0001593	As008G196140	AT1G04470.1
OG0001594	As006G126140	AT2G32380.1
OG0001594	As008G195160	AT1G05220.1
OG0001595	As006G136270, As006G136260, As006G136250	AT3G03240.1, AT3G03230.1
OG0001596	As009G204010	AT5G18130.1
OG0001596	As006G137150	AT3G03870.2
OG0001597	As009G205500, As006G139340	AT5G26670.1, AT3G05910.1
OG0001598	As006G139870	AT3G06300.1
OG0001598	As009G204700	AT5G18900.1
OG0001599	As006G141340, As006G141350	AT5G48290.3, AT3G07600.1
OG0001600	As006G145110	AT2G36530.1
OG0001601	As007G154270	AT1G17790.1
OG0001601	As010G240560	AT1G73150.1
OG0001602	As007G157510	AT1G21530.2, AT1G21540.1, AT1G77240.1
OG0001603	As010G233600	AT1G70660.1
OG0001603	As007G159420	AT1G23260.1
OG0001604	As007G159450	AT1G23310.1
OG0001605	As007G159480	AT1G23340.1
OG0001605	As010G233470	AT1G70550.1
OG0001606	As007G179370	AT2G23620.1
OG0001606	As007G179310, As007G179300, As007G179340, As007G179380	AT2G23590.1, AT2G23600.2, AT2G23610.1
OG0001607	As008G184640	AT1G12610.1, AT1G63030.1
OG0001608	As008G186120, As008G186140	AT1G11330.2
OG0001609	As009G204900	AT5G19070.1
OG0001609	As008G197240	AT1G03260.1
OG0001610	As009G214300	AT5G04800.1, AT2G04390.1, AT2G05220.1
OG0001611	As010G238260	AT1G75280.1
OG0001612	As011G245190	AT3G13320.1
OG0001612	As012G268200	AT1G55720.1
OG0001613	As012G270010	AT1G53100.1
OG0001613	As011G247430	AT3G15350.1
OG0001614	As012G271870	AT1G51400.1
OG0001614	As011G253200	AT3G21055.2
OG0001615	As011G261220	AT2G31670.1
OG0001616	As011G264510	AT2G17540.1, AT4G35510.1
OG0001617	As011G266230	AT2G19520.1, AT4G29730.1
OG0001618	As012G267820	AT1G56110.1
OG0001619	As012G276530	AT3G52950.1, AT2G36500.1
OG0001642	As011G262450	AT2G14860.1
OG0001642	As001G012500	AT4G33905.1
OG0001643	As011G263530	AT2G16660.1
OG0001643	As001G014740	AT4G34950.1
OG0001644	As001G021040	AT1G60780.1
OG0001644	As008G186840	AT1G10730.1
OG0001645	As001G024450	AT2G03980.1
OG0001646	As001G025330	AT3G26400.1
OG0001646	As008G184320	AT1G13020.1
OG0001647	As005G112760	AT5G40890.1
OG0001647	As001G026040	AT3G27170.1
OG0001648	As004G097600	AT5G40770.1
OG0001648	As001G026180	AT3G27280.1
OG0001649	As004G078610	AT5G39860.1
OG0001649	As001G027380	AT3G28857.1
OG0001650	As001G028040	AT3G30180.1
OG0001650	As004G078090	AT5G38970.1
OG0001651	As002G032930	AT4G26270.1
OG0001651	As002G048310	AT5G56630.1
OG0001652	As002G034080	AT3G09240.3
OG0001652	As005G107010	AT5G01060.1
OG0001653	As002G034830	AT3G09800.6
OG0001653	As004G080660	AT4G08520.1
OG0001654	As005G108360	AT5G03470.1
OG0001654	As002G034960	AT3G09880.1
OG0001655	As009G213200	AT5G05520.1
OG0001655	As002G036620	AT3G11070.1
OG0001656	As002G039040	AT3G12390.1
OG0001657	As006G132670	AT4G27000.1
OG0001657	As002G046680	AT5G54900.1
OG0001658	As002G047020	AT5G55180.2, AT4G26830.2
OG0001659	As002G055320	AT5G07430.1, AT5G07420.1
OG0001660	As003G058550	AT4G20360.1
OG0001661	As004G084980	AT4G12080.1
OG0001661	As003G060770	AT4G22770.1
OG0001662	As003G060900	AT4G22890.1
OG0001662	As004G084850	AT4G11960.1
OG0001663	As003G062880, As004G083340	AT4G10040.1
OG0001663	As007G158950	AT1G22840.1
OG0001664	As012G275120	AT2G34660.1
OG0001664	As003G070920	AT1G30400.1
OG0001665	As012G274990	AT1G30590.2, AT2G39240.1, AT2G34750.1
OG0001666	As003G072130	AT4G35840.2
OG0001666	As011G264730	AT2G17730.2
OG0001667	As007G179670	AT2G23270.1
OG0001667	As003G073520	AT4G37290.1
OG0001668	As003G073870	AT4G37580.1
OG0001668	As007G179790	AT2G23060.1
OG0001669	As007G180470	AT2G22170.1
OG0001669	As003G074980	AT4G39730.1
OG0001670	As003G075970	AT4G38910.2
OG0001670	As007G181810	AT2G21240.1
OG0001671	As004G080500	AT1G35710.1, AT4G08850.1
OG0001672	As009G214760	AT1G27730.1
OG0001674	As004G095240	AT4G14230.1, AT4G14240.1
OG0001675	As005G100000	AT2G46990.1
OG0001676	As005G102620	AT2G44560.1, AT2G44540.1, AT2G44550.1
OG0001677	As012G285380	AT3G59360.1
OG0001677	As005G104070	AT2G43240.1
OG0001678	As012G285040	AT3G58780.4
OG0001678	As005G104530	AT2G42830.2
OG0001679	As012G284790	AT3G58510.1
OG0001679	As005G104840	AT2G42520.1
OG0001681	As005G120190	AT5G66570.1
OG0001681	As010G220710	AT3G50820.1
OG0001682	As006G123800	AT4G03010.1
OG0001682	As008G197100	AT1G03440.1
OG0001683	As008G196540	AT1G04070.1
OG0001683	As006G124600	AT5G43970.1
OG0001684	As006G125200	AT5G43330.1
OG0001684	As008G196190	AT1G04410.1
OG0001685	As008G196160	AT1G04440.1
OG0001685	As006G125210	AT5G43320.1
OG0001686	As006G125380	AT2G33340.1
OG0001686	As008G196070	AT1G04510.1
OG0001687	As006G125460	AT2G33150.1
OG0001688	As008G193980	AT1G06180.1
OG0001688	As006G127480	AT2G31180.1
OG0001689	As006G127840	AT1G06680.1
OG0001690	As006G128090	AT2G30440.1
OG0001690	As008G193250	AT1G06870.1
OG0001691	As008G193060	AT1G07090.1
OG0001692	As006G128520	AT2G30000.1, AT1G07170.1
OG0001693	As008G192240	AT1G07570.3
OG0001694	As009G202860	AT5G16910.1
OG0001694	As006G136060	AT3G03050.1
OG0001695	As008G190150	AT1G08630.1
OG0001695	As006G137700	AT3G04520.1
OG0001696	As009G206860, As006G138230	AT5G27140.2, AT5G27120.1, AT3G05060.1
OG0001697	As006G140340	AT3G06670.2
OG0001697	As009G207580	AT5G49390.1
OG0001698	As006G143090	AT2G39900.1
OG0001698	As012G282250	AT3G55770.7
OG0001699	As012G277290	AT3G53560.2
OG0001699	As006G146140	AT2G37400.1
OG0001700	As010G242590	AT1G79230.1
OG0001700	As007G152930	AT1G16460.2
OG0001701	As007G156550	AT1G20380.1
OG0001701	As010G237360	AT1G76140.1
OG0001702	As010G236450	AT1G76980.1
OG0001702	As007G157320	AT1G21390.1
OG0001703	As007G157920	AT1G21910.1
OG0001703	As010G235780	AT1G77640.1
OG0001704	As007G158980	AT1G22870.1
OG0001704	As010G234260	AT1G71410.1
OG0001705	As007G159350	AT1G23205.1, AT1G70720.2
OG0001706	As010G227390	AT1G27350.1, AT1G27330.1
OG0001707	As008G182520	AT1G29870.1, AT1G29880.1
OG0001708	As009G205470	AT5G26690.1, AT3G05920.1
OG0001709	As009G219330	AT5G62910.1
OG0001709	As010G223090	AT3G48070.2
OG0001710	As010G236530	AT1G76930.1
OG0001711	As011G248830	AT3G16570.1
OG0001711	As012G274730	AT4G15800.1
OG0001712	As012G272750	AT1G49620.3
OG0001712	As011G251230	AT3G19150.1
OG0001713	As012G272600	AT1G49840.1
OG0001713	As011G251610	AT3G19540.1
OG0001714	As011G252860	AT3G20560.1, AT1G50950.2
OG0001715	As011G256690	AT3G24550.1, AT3G24540.1
OG0001730	As001G000160	AT5G42110.1, AT4G28290.1
OG0001731	As001G002090	AT4G30120.1
OG0001731	As001G002080	AT4G30110.1
OG0001732	As001G002180	AT4G30180.1, AT2G18969.1
OG0001733	As001G002610	AT4G30560.1
OG0001733	As007G178980	AT2G23980.2
OG0001734	As001G003070	AT4G30910.2, AT4G30920.1
OG0001734	As001G003060	AT2G24200.1
OG0001735	As011G262440	AT2G14850.1
OG0001735	As001G012490	AT4G33890.1
OG0001736	As001G015660	AT4G35360.1
OG0001736	As011G264330	AT2G17340.1
OG0001737	As004G078750	AT2G35020.1
OG0001737	As001G015720	AT1G31070.2
OG0001738	As001G016990, As004G079600	AT2G35370.1
OG0001739	As001G019330	AT1G57720.1
OG0001739	As008G188120	AT1G09640.1
OG0001740	As001G019770	AT1G58350.1
OG0001740	As008G187740	AT1G09980.1
OG0001741	As001G020250	AT1G10390.1, AT1G59660.1
OG0001742	As011G257950, As011G257920, As011G257860	AT3G25260.1
OG0001743	As001G021590	AT1G11180.2
OG0001743	As008G186310	AT1G61250.1
OG0001744	As001G025880	AT5G41050.1, AT3G26960.1
OG0001745	As001G026390	AT3G27430.2
OG0001745	As004G097440	AT5G40580.1
OG0001746	As004G096870, As001G027100, As001G027120	AT3G28500.1
OG0001747	As001G027980, As001G027730, As008G195410	AT3G29780.1
OG0001748	As004G077690	AT5G38300.1
OG0001748	As001G028450	AT1G67035.2
OG0001749	As001G030640	AT1G64330.1
OG0001749	As004G098210	AT5G41790.1
OG0001750	As001G031300	AT1G63480.1, AT1G63470.1
OG0001751	As002G037600	AT3G11770.1
OG0001751	As009G212190	AT5G06450.1
OG0001753	As002G038810	AT3G12250.4
OG0001753	As009G211390	AT5G06950.1
OG0001754	As002G042850	AT5G51060.1, AT4G25090.1
OG0001755	As007G165920, As002G044370	AT4G25700.1, AT5G52570.1
OG0001756	As002G045020	AT5G52990.1, AT4G27840.1
OG0001757	As006G134330	AT4G26610.1
OG0001758	As002G050810	AT5G19450.1, AT5G12480.1
OG0001759	As002G054860	AT5G08005.1, AT5G61100.1, AT5G61110.1
OG0001760	As003G055950	AT4G17600.1
OG0001760	As004G089920	AT5G47110.1
OG0001762	As003G057400	AT4G18970.2
OG0001762	As004G088150	AT5G45670.1
OG0001763	As003G058120	AT4G19960.3
OG0001764	As004G085570	AT4G04260.2
OG0001764	As003G060240	AT4G22140.1
OG0001765	As003G061750	AT4G11180.1, AT4G11190.1, AT4G11210.1
OG0001766	As004G083700	AT4G10430.1
OG0001767	As010G234740	AT1G71900.2
OG0001767	As003G063410	AT1G34470.1
OG0001768	As004G081770, As003G068330	AT2G33510.2, AT1G28070.1
OG0001769	As011G264820	AT2G17870.1
OG0001769	As003G072320	AT4G36020.1
OG0001770	As003G073930	AT5G67510.1
OG0001770	As010G221370	AT3G49910.1
OG0001771	As007G179930	AT2G22795.1
OG0001771	As003G074120	AT4G37820.1
OG0001772	As003G076250	AT4G38570.1
OG0001773	As004G081020	AT5G52450.1, AT2G34360.1
OG0001774	As004G082040	AT5G43110.1, AT5G43090.1, AT4G08560.1
OG0001775	As004G085690	AT4G21990.1, AT4G04610.1
OG0001776	As004G087730	AT5G45240.1
OG0001777	As004G097230	AT4G01970.2, AT5G40390.1
OG0001778	As005G099210	AT2G47650.2, AT3G62830.1
OG0001779	As012G288510	AT3G62690.1
OG0001779	As005G099320	AT2G47560.1
OG0001780	As005G102040	AT2G45080.1
OG0001780	As012G286670	AT3G60550.1
OG0001781	As012G286010	AT3G60100.2
OG0001781	As005G102880	AT2G44350.2
OG0001782	As005G104290	AT2G43020.1
OG0001783	As010G227360, As005G111610	AT5G20290.1
OG0001784	As005G119200	AT5G67420.1
OG0001784	As010G221340	AT3G49940.1
OG0001785	As006G121560	AT4G00400.1
OG0001785	As008G198980	AT1G01610.1
OG0001786	As008G198930	AT1G01440.1
OG0001786	As006G122000	AT4G01090.1
OG0001787	As006G122800	AT4G01960.1
OG0001787	As008G197950	AT1G02380.1
OG0001788	As006G123000	AT4G02170.1, AT5G38700.1
OG0001789	As006G123310	AT2G02930.1, AT4G02520.1
OG0001790	As006G127300	AT2G31370.1
OG0001791	As006G127700	AT2G30950.4
OG0001792	As006G128330	AT2G30160.1
OG0001792	As008G193120	AT1G07030.1
OG0001793	As008G193020	AT1G07180.1
OG0001793	As006G128540	AT2G29990.1
OG0001794	As008G192750	AT1G07420.1
OG0001794	As006G128910	AT2G29390.1
OG0001795	As006G135530, As009G201960	AT3G02530.1, AT5G16070.1
OG0001796	As006G136170	AT3G03160.1
OG0001796	As009G203040	AT5G17190.1
OG0001797	As009G203550	AT5G17600.1
OG0001797	As006G136600	AT3G03550.1
OG0001798	As009G205220	AT5G26250.1
OG0001798	As006G139450	AT3G05960.1
OG0001799	As009G206190	AT5G27600.1
OG0001799	As006G139460	AT3G05970.1
OG0001800	As006G140000	AT3G06400.3
OG0001800	As009G204500	AT5G18620.2
OG0001801	As009G208280	AT5G48900.1
OG0001801	As006G140650	AT3G07010.1
OG0001802	As006G142180	AT1G66720.1, AT1G66690.1, AT1G66700.1
OG0001803	As006G145030	AT2G36410.1
OG0001803	As012G276500	AT3G52920.1
OG0001804	As010G243090	AT1G79660.1
OG0001804	As007G152670	AT1G16170.1
OG0001805	As010G242220	AT1G78890.1
OG0001805	As007G153250	AT1G16840.1
OG0001806	As010G241430	AT1G72330.3
OG0001806	As007G153740	AT1G17290.1
OG0001807	As007G155820	AT2G35765.1, AT1G19500.1
OG0001808	As010G237420	AT1G76090.1
OG0001808	As007G156490	AT1G20330.1
OG0001809	As010G233120	AT1G70090.1
OG0001809	As007G160050	AT1G24170.1
OG0001810	As007G160680	AT1G26600.2
OG0001811	As007G161490	AT1G68170.2, AT1G25270.1
OG0001812	As010G229440	AT1G68060.1
OG0001812	As007G161600	AT1G24764.3
OG0001814	As007G180770	AT2G21650.1
OG0001815	As009G204510	AT5G18630.1
OG0001816	As009G206600	AT5G27330.1
OG0001817	As009G213110	AT5G05600.1, AT3G11180.2
OG0001818	As010G221840	AT3G49370.1
OG0001818	As009G216230	AT5G24430.1
OG0001819	As010G220640	AT5G66480.1, AT3G50910.1
OG0001820	As010G222410	AT3G48780.1, AT3G48790.1
OG0001821	As012G270690	AT1G52380.1
OG0001821	As011G248150	AT3G15970.1
OG0001822	As011G253570	AT3G21351.1, AT3G21352.1
OG0001822	As012G271070	AT1G51915.1
OG0001823	As011G267030	AT2G20340.1
OG0001824	As012G277520	AT2G37550.1, AT3G53710.1
OG0001825	As012G282110	AT3G55646.1
OG0001826	As012G283200	AT3G56760.1
OG0001827	As012G283480, As012G283450	AT3G56970.1
OG0001828	As012G286120	AT2G44590.3, AT3G60190.1
OG0001844	As001G001080	AT4G29240.1
OG0001844	As011G266470	AT2G19780.1
OG0001846	As011G264180	AT2G17130.1
OG0001846	As001G015540	AT4G35260.1
OG0001847	As001G017560	AT4G16770.1
OG0001847	As001G017570	AT4G16765.1
OG0001848	As001G020410	AT1G59940.2
OG0001848	As008G187140	AT1G10470.1
OG0001849	As001G021660	AT1G61380.1, AT1G61370.1, AT1G61390.1
OG0001850	As001G025970	AT3G27080.1
OG0001850	As005G112810	AT5G40930.1
OG0001851	As001G026330, As004G097510	AT5G40650.1, AT3G27380.1
OG0001852	As004G078430	AT5G39610.1
OG0001852	As001G027590	AT3G29035.1
OG0001853	As010G225870, As007G162400, As010G225890	AT3G44840.1
OG0001854	As001G029220, As001G029200, As001G029210, As012G276250	AT1G66120.1
OG0001855	As001G029430	AT1G65480.2, AT4G20370.1
OG0001856	As001G032090	AT1G62440.1
OG0001856	As008G185290	AT1G12040.1
OG0001857	As002G032760	AT4G26100.1
OG0001857	As002G048690	AT5G57015.1
OG0001858	As005G109210	AT5G04170.1
OG0001858	As002G035530	AT3G10300.6
OG0001859	As002G035950	AT3G10540.1
OG0001859	As009G214550	AT5G04510.1
OG0001860	As009G213100	AT5G05610.1
OG0001861	As002G037140	AT3G11320.1
OG0001861	As009G212960	AT5G05820.1
OG0001862	As009G211910	AT5G06560.1
OG0001862	As002G046460, As002G037820	AT3G11850.1
OG0001863	As007G164570	AT4G25240.1
OG0001863	As002G043410	AT5G51480.1
OG0001864	As002G046260	AT4G27270.1
OG0001865	As002G046430	AT5G54670.1
OG0001865	As006G132520	AT4G27180.1
OG0001866	As002G046650	AT5G54870.1
OG0001866	As006G132650	AT4G27020.1
OG0001867	As002G049160	AT5G57480.1, AT4G25835.1
OG0001868	As002G051160, As005G109830	AT5G19510.1, AT5G12110.1
OG0001869	As005G118670	AT5G65620.2
OG0001869	As002G052660	AT5G10540.1
OG0001870	As002G052840	AT5G65390.1
OG0001870	As005G118470	AT5G10430.1
OG0001871	As005G118300	AT5G65207.1
OG0001871	As002G053270	AT5G10040.1
OG0001872	As002G053430	AT5G09900.3
OG0001873	As004G079370, As010G237170, As002G053740	AT5G09530.1, AT5G09520.1
OG0001874	As002G054100	AT5G08730.1
OG0001875	As002G054680	AT5G08190.1
OG0001875	As009G217400	AT5G23090.1
OG0001876	As002G054840	AT5G61000.1, AT5G08020.1
OG0001877	As002G055330	AT5G07410.1, AT1G69940.1
OG0001878	As003G055820	AT4G17486.1
OG0001878	As004G091220	AT5G47310.1
OG0001879	As003G056320, As012G271310	AT5G46680.1
OG0001880	As003G056580, As003G056590	AT4G18220.1, AT4G18210.1
OG0001881	As010G228130, As003G064030, As003G058940	AT4G21000.1, AT4G20990.1
OG0001882	As004G086070	AT4G05000.1
OG0001882	As003G059590	AT4G21560.1
OG0001883	As004G085890	AT4G04860.1
OG0001883	As003G059860	AT4G21810.1
OG0001884	As007G151870	AT1G15210.1
OG0001884	As003G060870	AT1G59870.1
OG0001885	As003G062560	AT1G33170.1
OG0001885	As004G083710	AT4G10440.1
OG0001886	As003G063880	AT1G35580.1
OG0001886	As004G080230	AT4G09510.1
OG0001887	As003G064240	AT4G08510.1, AT1G36990.1
OG0001888	As003G069790, As004G081190	AT2G34140.1
OG0001889	As011G265390	AT2G18330.1
OG0001889	As003G072760, As003G072740	AT4G36580.1
OG0001890	As003G074350	AT4G37990.1
OG0001891	As004G079520	AT4G25960.1, AT1G10680.1
OG0001892	As004G082000	AT5G43130.2, AT1G27720.1
OG0001893	As004G083780, As004G083830	AT4G10490.1
OG0001894	As006G143010, As004G085550	AT2G39960.1, AT4G04200.1
OG0001895	As004G091210	AT5G47340.1, AT5G47330.1
OG0001896	As004G093180	AT4G27990.1
OG0001896	As006G141160	AT3G07430.1
OG0001897	As011G255780	AT3G23830.1
OG0001897	As004G094870	AT4G13850.1
OG0001898	As011G254720	AT3G22790.1
OG0001898	As004G095870	AT4G14760.1
OG0001899	As011G254110	AT3G22110.1
OG0001900	As004G098200	AT5G41770.1
OG0001901	As005G099020	AT2G47800.1
OG0001901	As012G288710	AT3G62700.1
OG0001902	As012G288050	AT3G62090.2
OG0001902	As005G100030	AT2G46970.1
OG0001903	As012G286750	AT3G60630.1
OG0001903	As005G101970	AT2G45160.1
OG0001904	As005G102050	AT2G45070.1
OG0001905	As012G285960	AT3G59990.1
OG0001905	As005G103020	AT2G44180.1
OG0001906	As012G285370	AT3G59350.6
OG0001906	As005G104090	AT2G43230.2
OG0001907	As010G222720	AT3G48450.1
OG0001907	As005G116190	AT5G63270.1
OG0001909	As006G122730	AT4G01820.1, AT4G01830.1
OG0001909	As008G198070	AT1G02530.1, AT1G02520.1
OG0001910	As006G124200	AT4G03520.1
OG0001910	As008G196870	AT1G03680.1
OG0001911	As006G125080	AT5G43410.1
OG0001911	As008G196240	AT1G04370.1
OG0001912	As006G126470	AT2G32010.1
OG0001912	As008G194820	AT1G05470.1
OG0001913	As008G194510	AT1G05710.10
OG0001913	As006G127010	AT2G31730.1
OG0001914	As006G127230	AT2G31420.1
OG0001915	As006G127440	AT2G31220.2
OG0001915	As008G194000	AT1G06170.1
OG0001916	As006G128760	AT2G29570.1
OG0001917	As006G129560	AT2G28670.1
OG0001918	As006G131460, As006G131480	AT2G26560.1
OG0001919	As009G200030	AT5G14380.1
OG0001919	As006G132900	AT3G01700.1
OG0001920	As006G135730	AT5G16400.1, AT3G02730.1
OG0001921	As009G202390	AT5G16440.1
OG0001921	As006G135780	AT3G02780.1
OG0001922	As006G139010	AT3G05640.1
OG0001922	As009G205870	AT5G27930.1
OG0001923	As006G143780	AT2G39300.1
OG0001923	As012G281320	AT3G55060.1
OG0001924	As006G145930	AT3G53480.1, AT2G37280.3
OG0001925	As006G147060	AT2G37975.1
OG0001925	As012G278170	AT3G54085.1
OG0001926	As006G147410	AT2G38170.3
OG0001926	As012G278430	AT3G51860.2
OG0001927	As007G152220	AT1G15690.1
OG0001928	As010G241680	AT1G78430.1
OG0001928	As007G153570	AT1G17140.1
OG0001929	As007G154160, As010G240740	AT1G73030.1
OG0001930	As007G155140	AT1G18690.1
OG0001930	As010G239150	AT1G74380.1
OG0001931	As010G238790	AT1G74740.1
OG0001931	As007G155320	AT1G18890.1
OG0001932	As007G155730	AT1G19360.1
OG0001932	As010G238480	AT1G75110.1, AT1G75120.1
OG0001933	As007G157160	AT1G21190.1
OG0001934	As007G158150	AT1G22150.1
OG0001934	As010G235460	AT1G78000.1
OG0001935	As007G159310	AT1G23150.1
OG0001936	As007G160030	AT4G29050.2
OG0001937	As007G160520	AT1G26770.2
OG0001937	As010G232650	AT1G69530.3
OG0001939	As007G180980	AT2G21410.1
OG0001940	As009G200550	AT5G03780.1
OG0001941	As009G204950, As009G204960	AT5G19100.1
OG0001942	As012G269080, As012G281590, As012G269060	AT4G13266.1, AT3G13950.1
OG0001944	As009G212500	AT3G11570.1, AT5G06230.1
OG0001945	As010G221720	AT3G49550.1
OG0001946	As010G222400	AT3G48800.1
OG0001947	As010G225810	AT3G44910.1, AT3G44930.1, AT3G44920.1
OG0001948	As010G226330	AT3G44260.1
OG0001949	As010G227300	AT3G42670.4
OG0001950	As011G245930	AT3G13930.1
OG0001950	As012G269040	AT1G54220.1
OG0001951	As011G247100	AT3G14960.1, AT1G53290.1
OG0001952	As012G274580	AT4G15975.1
OG0001952	As011G248940	AT3G16720.1
OG0001953	As011G251400	AT3G19320.1
OG0001953	As012G272660	AT1G49750.1
OG0001954	As011G253050	AT3G20800.1
OG0001955	As011G253690	AT1G51690.5
OG0001957	As012G275050	AT2G34710.1
OG0001958	As012G285290	AT2G14610.1, AT2G14580.1
OG0001959	As012G285720	AT3G59700.1
OG0001971	As001G001000	AT4G29160.1
OG0001971	As011G266510	AT2G19830.2
OG0001972	As001G002350	AT4G30340.1
OG0001972	As011G265560	AT2G18730.1
OG0001973	As001G003210	AT4G30980.2
OG0001973	As007G178320	AT2G24260.1
OG0001974	As007G178030	AT2G24440.1
OG0001974	As001G003630	AT4G31360.1
OG0001975	As011G262160	AT2G14120.3
OG0001976	As001G014460	AT4G34760.1
OG0001976	As011G263480	AT2G16580.1
OG0001977	As004G083090	AT2G35710.1
OG0001977	As001G017810	AT4G16600.1
OG0001978	As001G021620	AT1G61290.1
OG0001978	As008G186230	AT1G11250.1
OG0001979	As001G023520	AT2G02470.1
OG0001979	As008G182890	AT1G14510.1
OG0001980	As001G023690	AT2G02810.1
OG0001980	As008G183040	AT1G14360.1
OG0001981	As008G184280	AT1G13060.2
OG0001981	As001G025280	AT3G26340.1
OG0001982	As001G025560	AT3G26690.1
OG0001982	As008G184440	AT1G12880.1
OG0001983	As001G026070	AT3G27190.1
OG0001983	As005G112750	AT5G40870.1
OG0001984	As001G026200	AT3G27300.4
OG0001984	As004G097590	AT5G40760.1
OG0001985	As003G060640, As001G031850	AT1G12310.1
OG0001986	As012G283190	AT3G56750.1
OG0001986	As002G033250	AT2G41150.2
OG0001987	As005G109150	AT5G04130.1
OG0001987	As002G035510	AT3G10270.2
OG0001988	As002G037170, As012G276490	AT3G11270.1
OG0001989	As002G037240, As002G037260	AT3G11450.1, AT5G06110.1
OG0001990	As002G046030	AT5G54240.1
OG0001990	As006G132420	AT4G27350.1
OG0001991	As002G046910	AT4G26880.1
OG0001992	As002G047670, As006G134320	AT4G26600.5
OG0001993	As002G047890	AT5G56140.1
OG0001993	As006G134180	AT4G26480.1
OG0001994	As002G049230	AT5G57560.1, AT4G25810.1
OG0001995	As002G051030	AT5G12230.1, AT5G19480.1
OG0001996	As002G051550	AT5G11730.1, AT5G25970.1
OG0001997	As002G053610	AT5G09660.4
OG0001997	As007G179950	AT2G22780.1
OG0001998	As002G053810	AT5G09440.1
OG0001998	As005G117250	AT5G64260.1
OG0001999	As002G055150	AT5G07620.1
OG0002000	As009G218350	AT5G61790.1
OG0002000	As002G055410	AT5G07340.2
OG0002001	As004G089230	AT5G46760.1
OG0002001	As003G056260	AT4G17880.1
OG0002002	As004G087210	AT4G19975.1
OG0002003	As003G060220	AT4G22120.1
OG0002003	As004G085600	AT4G04340.1
OG0002004	As004G084930	AT4G12030.2
OG0002004	As003G060850	AT4G22840.1
OG0002005	As004G084290	AT4G11140.1
OG0002005	As003G061860	AT4G23750.1
OG0002006	As003G061930	AT4G23850.1
OG0002006	As004G084140	AT4G11030.1
OG0002007	As004G084150	AT4G11020.1
OG0002007	As003G061950	AT4G23870.1
OG0002008	As004G083850	AT4G10590.1, AT4G10570.1
OG0002008	As003G062340	AT1G32850.1
OG0002009	As003G065730	AT1G47395.1, AT1G47400.1
OG0002010	As003G069430	AT2G34030.1
OG0002010	As003G069440	AT1G29020.2
OG0002011	As003G069960	AT1G29340.1
OG0002012	As011G264500	AT2G17530.1
OG0002012	As003G071790	AT4G35500.2
OG0002013	As011G264560	AT2G17620.1
OG0002013	As003G071910	AT4G35620.1
OG0002014	As003G072220	AT4G35920.1, AT2G17780.1
OG0002015	As003G073000	AT2G18600.1, AT4G36800.1
OG0002016	As007G179840	AT2G22900.1
OG0002016	As003G073990	AT4G37690.1, AT4G38310.1
OG0002017	As007G180300	AT2G22425.1
OG0002018	As007G180950	AT2G21480.1
OG0002018	As003G075740	AT4G39110.1
OG0002019	As004G079010, As004G079040	AT1G31340.1
OG0002020	As004G084030	AT1G11470.1
OG0002021	As004G084130	AT4G23920.1, AT4G10960.1
OG0002022	As004G088650	AT1G17560.1, AT5G46160.1
OG0002023	As011G254830	AT3G22890.1
OG0002023	As004G095790	AT4G14680.2
OG0002024	As004G096090	AT4G14990.1
OG0002024	As011G254270	AT3G22270.1
OG0002026	As005G102350	AT2G44800.1
OG0002026	As012G286200	AT3G60290.1
OG0002027	As012G283860	AT3G57330.1
OG0002027	As005G105970	AT2G41560.1
OG0002029	As008G198670	AT1G01360.1
OG0002029	As006G122080	AT4G01026.1
OG0002030	As006G123400	AT4G02590.1
OG0002030	As008G197470	AT1G03040.3
OG0002031	As008G195950, As006G125520	AT2G33220.2, AT1G04630.1
OG0002032	As006G125680	AT2G32270.1
OG0002032	As008G194980	AT1G05300.1
OG0002033	As008G193380	AT1G06750.2
OG0002033	As006G127930	AT2G30630.2
OG0002034	As006G129090	AT1G07510.1, AT2G29080.1
OG0002035	As006G134600	AT5G55290.1
OG0002036	As009G201600	AT5G15810.1
OG0002036	As006G135320	AT3G02320.1
OG0002037	As009G201610	AT5G15820.1
OG0002037	As006G135340	AT3G02340.1
OG0002038	As011G248890	AT3G16640.1
OG0002038	As006G138750	AT3G05540.1
OG0002039	As012G282060	AT3G55605.1
OG0002039	As006G143240	AT2G39795.1
OG0002040	As006G145140	AT2G36580.1
OG0002040	As012G276560	AT3G52990.1
OG0002041	As006G145740	AT2G37120.1
OG0002041	As012G277090	AT3G53370.1
OG0002042	As006G148500	AT2G38390.1, AT2G38380.1
OG0002043	As007G151940	AT1G48900.1
OG0002044	As007G152130	AT1G15500.1
OG0002044	As010G243920	AT1G80300.1
OG0002045	As007G152270	AT1G15760.1
OG0002045	As010G243670	AT1G80520.1
OG0002046	As007G152480	AT1G16010.1
OG0002046	As010G243220	AT1G80900.1
OG0002047	As007G152970	AT1G16500.1
OG0002047	As010G242530	AT1G79160.1
OG0002048	As007G153870	AT1G17455.1
OG0002048	As010G241130, As010G241120	AT1G72630.1
OG0002049	As010G240580	AT1G73130.1
OG0002049	As007G154260	AT2G16575.1, AT1G17780.2
OG0002050	As007G156920	AT1G20880.1
OG0002050	As010G237010	AT1G76460.1
OG0002051	As007G157010	AT1G20960.1, AT2G42270.1
OG0002052	As007G157110	AT1G21080.3
OG0002052	As010G236740	AT1G76700.1
OG0002053	As007G157350	AT1G21410.1
OG0002053	As010G236420	AT1G77000.1
OG0002054	As007G159150	AT1G22985.1
OG0002054	As010G234050	AT1G71130.1
OG0002055	As007G159360	AT1G23210.1
OG0002055	As010G233640	AT1G70710.1
OG0002056	As007G166910	AT2G25590.1
OG0002059	As008G195200	AT1G05180.1
OG0002060	As010G233260	AT1G70300.1
OG0002060	As009G200610	AT5G14880.1
OG0002062	As009G217750	AT5G61070.1, AT5G61060.2
OG0002063	As009G220000	AT5G07070.1, AT5G58380.1
OG0002064	As010G220250	AT3G51430.1, AT3G51450.1, AT3G51420.1, AT3G51440.1
OG0002065	As010G234940, As010G234930	AT1G72110.1
OG0002066	As010G236630	AT1G76810.1
OG0002067	As010G237600	AT1G75880.1
OG0002069	As010G242720	AT1G79340.1
OG0002069	As010G242710	AT1G79330.1
OG0002070	As010G242940	AT1G16300.1, AT1G79530.1
OG0002071	As011G245310	AT3G13420.3
OG0002071	As012G268370	AT1G55535.1
OG0002072	As012G268720	AT1G55310.3
OG0002072	As011G245540	AT3G13570.1
OG0002073	As012G269780	AT1G53380.1
OG0002073	As011G247000	AT3G14870.1
OG0002075	As011G266590	AT2G19980.1
OG0002075	As011G266600, As011G266610	AT2G19970.1
OG0002076	As012G267730	AT1G54320.1
OG0002077	As012G271430	AT1G51600.1, AT3G21175.1
OG0002078	As012G282170	AT3G55710.1, AT3G55700.1
OG0002079	As012G289110	AT5G23790.1, AT4G26250.1
OG0002093	As011G262560	AT2G15000.4
OG0002093	As001G012790	AT4G34265.3
OG0002094	As001G014220	AT4G34520.1
OG0002095	As011G264280	AT2G17260.1
OG0002095	As001G015590	AT4G35290.1
OG0002096	As001G019160	AT1G56600.1
OG0002096	As008G188390	AT1G09350.1
OG0002097	As001G020040	AT1G59510.1
OG0002097	As008G187890	AT1G10150.1
OG0002098	As001G021050, As001G020990	AT1G60850.1, AT1G60620.1
OG0002099	As008G186590	AT1G10970.1
OG0002099	As001G021230	AT1G60960.1
OG0002100	As008G183510	AT1G13880.2
OG0002100	As001G024090	AT2G03470.1
OG0002101	As004G097680	AT5G40810.1
OG0002101	As001G026130	AT3G27240.1
OG0002102	As008G193520	AT3G07610.3
OG0002103	As001G030420	AT5G28540.1, AT5G42020.3
OG0002104	As001G031080	AT1G63830.1
OG0002104	As004G097980	AT5G41390.1
OG0002105	As008G184590	AT1G12710.2
OG0002105	As001G031610	AT1G63090.1
OG0002106	As001G032220	AT1G62320.3
OG0002106	As008G185350	AT1G11960.1
OG0002107	As012G283100	AT3G56660.1
OG0002107	As002G033430	AT2G40950.1
OG0002108	As005G106800	AT5G01280.1
OG0002108	As002G033880	AT3G09000.1
OG0002109	As002G034790	AT5G03200.1, AT3G09770.1
OG0002110	As002G034840	AT3G09820.1, AT5G03300.1
OG0002111	As005G109170	AT5G04160.1
OG0002112	As009G214170	AT5G04970.1
OG0002112	As002G036200	AT3G10720.2
OG0002113	As010G226410, As002G055080, As009G211550, As002G036950	AT1G48150.1, AT1G50780.1
OG0002114	As002G045310	AT5G53530.1
OG0002115	As006G134480	AT4G26850.1
OG0002115	As002G046920	AT5G55120.1
OG0002116	As002G047280	AT5G55510.1
OG0002116	As006G134680	AT4G26670.1
OG0002117	As002G050550	AT5G13110.1, AT1G24280.1
OG0002118	As009G214970	AT5G25880.1
OG0002118	As002G051600	AT5G11670.1
OG0002119	As002G052490, As009G215680	AT5G10740.1, AT5G24940.1
OG0002120	As009G217000	AT5G23575.1
OG0002120	As002G054310	AT5G08500.1
OG0002121	As009G218370	AT5G61810.1
OG0002121	As002G055430	AT5G07320.1
OG0002122	As004G091050	AT5G47440.1
OG0002122	As003G055700	AT4G17350.1
OG0002123	As004G088050	AT5G45560.1
OG0002123	As003G057490	AT4G19040.2
OG0002124	As004G087910	AT5G45400.1
OG0002124	As003G057570	AT4G19130.2
OG0002125	As003G058390	AT4G20170.1
OG0002125	As004G087050	AT5G44670.1
OG0002126	As004G086210	AT4G05180.1
OG0002126	As003G059150	AT4G21280.2
OG0002127	As004G084210	AT4G11080.1
OG0002127	As003G061890	AT4G23800.1
OG0002128	As004G083870	AT4G10610.1
OG0002128	As003G062310	AT1G32790.2
OG0002129	As004G083170	AT4G09900.1
OG0002129	As003G063110	AT1G33990.1
OG0002130	As003G063540	AT2G27780.1, AT5G27310.1, AT2G13640.1
OG0002131	As003G070530, As007G154020, As007G153030, As008G197820	AT4G02150.1, AT1G02690.2
OG0002132	As003G071840	AT4G35570.1
OG0002132	As011G264530	AT2G17560.1
OG0002133	As003G071900	AT4G35610.1, AT4G35700.1
OG0002134	As003G072310	AT4G36010.1
OG0002135	As003G073010	AT2G18620.1, AT4G36810.1
OG0002136	As003G076020	AT4G38860.1
OG0002137	As004G078390	AT5G39520.1, AT5G39530.1
OG0002138	As004G081040	AT2G34355.1
OG0002138	As004G081050	AT2G34350.1
OG0002139	As004G082130	AT5G42980.1
OG0002140	As004G083590	AT4G10270.1, AT4G10265.1
OG0002141	As004G094840	AT4G13800.1
OG0002141	As011G255830	AT3G23870.1
OG0002142	As012G288880	AT3G63030.1
OG0002142	As005G098660	AT4G22745.1
OG0002143	As012G288840	AT3G62990.1
OG0002143	As005G098750	AT2G47950.2
OG0002144	As005G104820	AT2G42530.1, AT2G42540.2
OG0002145	As005G105110	AT2G42080.1, AT3G58020.1
OG0002146	As010G226030	AT3G44720.1
OG0002146	As005G113570	AT5G22630.1
OG0002147	As005G114740	AT5G59870.1
OG0002149	As010G222900	AT5G35600.1
OG0002149	As005G116000	AT5G63110.1
OG0002150	As005G119390	AT3G50080.1
OG0002151	As005G119890	AT5G66760.1
OG0002151	As011G265280	AT2G18450.1
OG0002152	As006G121340	AT4G00630.2
OG0002152	As008G199170	AT1G01790.1
OG0002153	As008G199090	AT1G01710.1
OG0002153	As006G121420, As006G121450, As006G121430, As006G121440	AT4G00520.2
OG0002154	As006G124450	AT5G44110.1
OG0002154	As008G197060	AT1G03905.1
OG0002155	As006G124840	AT5G43760.1
OG0002155	As008G196370	AT1G04220.1
OG0002156	As006G125510	AT2G33210.1
OG0002156	As011G256260	AT3G23990.1
OG0002157	As006G126130	AT2G32370.1
OG0002157	As008G195150	AT1G05230.1
OG0002158	As006G134420	AT4G27610.1, AT4G27620.1
OG0002159	As006G135630	AT3G02630.1
OG0002159	As009G202140	AT5G16240.1
OG0002161	As006G137820	AT3G04620.1
OG0002162	As011G255490	AT3G23610.3
OG0002162	As006G139680	AT3G06110.2
OG0002164	As006G140400	AT5G49230.1
OG0002165	As006G141860	AT5G13490.1, AT3G08580.1
OG0002166	As012G282620	AT3G56110.1
OG0002166	As006G142540	AT2G40380.1
OG0002167	As006G143510	AT2G39530.1
OG0002168	As006G144410	AT2G35860.1
OG0002168	As012G275860	AT3G52370.2
OG0002169	As006G147220	AT2G38630.1
OG0002170	As007G152430	AT1G15960.1
OG0002170	As010G243340	AT1G80830.1
OG0002171	As007G152690	AT1G16190.1
OG0002171	As010G243080	AT1G79650.4
OG0002172	As007G152710	AT1G16220.1
OG0002172	As010G243060	AT1G79630.1
OG0002175	As007G157000	AT1G76550.1, AT1G20950.1
OG0002176	As007G158590	AT1G22550.1
OG0002177	As007G159160	AT1G22990.1
OG0002177	As010G233980	AT1G71050.1
OG0002178	As010G233400	AT1G70510.2
OG0002178	As007G159520	AT1G23380.2
OG0002179	As010G228080	AT1G67640.1
OG0002179	As007G161940	AT1G24400.1
OG0002181	As007G180290	AT4G34400.1
OG0002182	As008G183490	AT1G13910.1
OG0002183	As008G184110	AT1G13450.1, AT3G25990.1
OG0002184	As008G185390	AT1G30350.1, AT1G11920.1
OG0002185	As008G185450	AT1G62290.1
OG0002186	As008G186630	AT1G60930.1, AT1G10930.1
OG0002187	As008G187990, As008G187980	AT1G09780.1, AT3G08590.1
OG0002188	As008G194770	AT1G05530.1
OG0002189	As009G212710	AT3G11397.1, AT5G05987.1
OG0002190	As009G214050	AT3G10640.1, AT5G04850.2
OG0002191	As009G214800, As009G214810, As009G214820, As009G214830	AT3G20850.1, AT5G26070.1, AT5G26080.1
OG0002192	As010G226340, As010G226370	AT3G44190.1, AT5G22140.1
OG0002193	As010G227440	AT5G19990.1
OG0002194	As012G267860	AT1G56020.1
OG0002194	As011G244820	AT3G12970.1
OG0002195	As011G245320	AT3G13430.1
OG0002195	As012G268390, As012G268380	AT1G55530.1
OG0002196	As012G274610	AT4G15940.1
OG0002196	As011G248930	AT3G16700.1
OG0002197	As011G249530	AT3G17430.1
OG0002197	As012G273930	AT1G48230.1
OG0002198	As011G250040	AT3G18000.1
OG0002198	As012G273610	AT1G48600.2
OG0002199	As011G250200	AT3G18160.3
OG0002199	As012G273540	AT1G48635.2
OG0002200	As011G263110, As011G263100, As011G263120, As011G263140	AT2G16130.1, AT2G16120.1
OG0002201	As011G263850	AT2G17000.1, AT2G17010.1
OG0002202	As011G264220	AT2G17200.1, AT2G17190.1
OG0002203	As011G265590	AT2G18770.2
OG0002204	As011G265910	AT2G19190.1, AT4G29990.1, AT2G19210.1, AT2G19230.1
OG0002205	As012G272390	AT1G50090.1
OG0002206	As012G272700	AT1G49710.1, AT3G19280.1
OG0002207	As012G274600	AT4G15955.3
OG0002207	As012G274590	AT4G15960.1
OG0002209	As012G287010	AT2G45440.1, AT3G60880.2
OG0002219	As011G266500, As001G001030	AT4G29190.1
OG0002220	As001G001360	AT4G29510.1
OG0002220	As011G266370	AT2G19670.1
OG0002221	As001G001410	AT4G29610.1
OG0002221	As011G266270	AT2G19570.1
OG0002222	As001G003170	AT4G32470.1
OG0002223	As001G003220	AT4G30990.3
OG0002224	As007G177890	AT2G24590.1
OG0002225	As001G004480, As007G167250	AT4G32020.1, AT2G25250.1
OG0002226	As001G013710	AT4G34040.1
OG0002226	As011G262760	AT2G15530.4
OG0002227	As011G264310	AT2G17300.1
OG0002228	As004G079560	AT2G35390.2
OG0002228	As001G016920	AT1G32380.1
OG0002229	As001G022380	AT2G01260.1
OG0002230	As008G182770	AT1G14670.1
OG0002230	As001G023120	AT2G01970.1
OG0002231	As001G024520	AT3G25540.1
OG0002231	As008G183860	AT1G13580.2
OG0002232	As001G025040	AT3G26020.4
OG0002232	As008G184120	AT1G13460.1
OG0002233	As004G096740	AT3G28715.1
OG0002234	As004G078540	AT5G39760.1
OG0002234	As001G027460	AT3G28920.1
OG0002235	As001G028650	AT1G64820.1
OG0002236	As004G077180	AT5G37475.1
OG0002237	As004G077070	AT5G36970.1
OG0002237	As001G029300	AT1G65690.1
OG0002238	As001G030680	AT1G64300.1, AT5G41730.1
OG0002239	As001G032110	AT1G62422.1
OG0002240	As002G048910	AT5G57200.1
OG0002240	As002G032600	AT4G25940.1
OG0002241	As005G106870	AT5G01225.1
OG0002241	As002G033920	AT3G09032.1
OG0002242	As002G035430	AT3G10200.2, AT5G04060.1
OG0002243	As002G035850	AT1G80070.1
OG0002244	As002G037570	AT5G62980.1, AT3G11750.1, AT3G21730.1
OG0002245	As007G164410	AT4G25150.1
OG0002245	As002G043270	AT5G51260.1
OG0002246	As002G043800	AT5G51870.3
OG0002246	As002G043790	AT5G51860.1
OG0002247	As002G043870	AT5G51980.1
OG0002248	As002G046280	AT5G54510.1
OG0002248	As006G132480	AT4G27260.1
OG0002249	As002G046860	AT5G55070.1
OG0002249	As006G134430	AT4G26910.1
OG0002250	As006G134310	AT4G26590.1
OG0002251	As002G048040	AT5G56280.1
OG0002251	As006G134130	AT4G26430.1
OG0002252	As003G068140, As003G068150, As002G049250	AT5G57580.1, AT4G25800.1
OG0002253	As002G050570, As007G162200	AT1G24270.1
OG0002254	As002G050950	AT5G19430.4, AT5G12310.1
OG0002255	As005G109480	AT5G26150.2
OG0002255	As002G051240	AT5G12000.1
OG0002256	As004G088090	AT5G45620.1
OG0002256	As003G057450	AT4G19006.2
OG0002257	As003G060360	AT4G22305.1
OG0002257	As003G060350	AT4G22300.1
OG0002258	As003G071400	AT1G30810.1, AT2G34880.1
OG0002259	As003G072530	AT4G36290.1, AT4G36270.1, AT4G36280.1
OG0002260	As003G073150	AT4G22700.1, AT5G35900.1
OG0002261	As003G073200	AT4G37140.1, AT4G37150.1
OG0002262	As003G073490	AT4G37260.1
OG0002262	As007G179650	AT2G23290.1
OG0002263	As003G074930	AT4G39780.1
OG0002263	As007G180440	AT2G22200.1
OG0002264	As003G076150	AT2G21060.1, AT4G38680.1
OG0002265	As004G078230	AT5G39340.2, AT3G29350.1, AT4G04402.1
OG0002266	As004G082310	AT5G42790.1
OG0002267	As004G094550	AT4G13640.2
OG0002267	As011G256140	AT3G24120.2
OG0002268	As011G255280	AT3G23270.2
OG0002268	As004G095460	AT4G14368.1
OG0002269	As004G095670	AT4G14560.1
OG0002269	As011G254970	AT3G23030.2
OG0002270	As004G095780	AT3G22900.1
OG0002271	As011G254180	AT3G22180.1
OG0002271	As004G096150	AT4G15080.1
OG0002272	As004G096630, As011G253440	AT3G21500.3
OG0002273	As012G287020	AT3G60900.1
OG0002273	As005G101670	AT2G45470.1
OG0002274	As005G102930	AT2G44280.1
OG0002274	As012G285990	AT3G60070.1
OG0002275	As005G103040	AT2G44150.1
OG0002276	As005G103070	AT2G44140.1
OG0002276	As012G285930	AT3G59950.1
OG0002277	As012G284270	AT3G57860.1
OG0002277	As005G105240	AT2G42260.1
OG0002278	As012G283950	AT3G57410.1
OG0002278	As005G105690	AT2G41740.1
OG0002279	As005G106590	AT5G01430.1, AT3G49420.1
OG0002280	As010G225820	AT3G44900.1
OG0002280	As005G113800	AT5G22900.1
OG0002281	As010G225790	AT3G44940.1
OG0002281	As005G113820	AT5G22930.1
OG0002282	As005G114390	AT5G60300.3, AT5G60310.1
OG0002283	As005G118460	AT5G65380.1
OG0002284	As006G121770	AT1G01540.2, AT4G01330.2
OG0002285	As006G124180	AT4G03460.1, AT4G03500.1
OG0002285	As008G196900	AT1G03670.1, AT4G03495.1
OG0002286	As006G124410	AT5G44130.1
OG0002287	As008G194720	AT1G05580.1
OG0002287	As006G126840	AT2G31910.1
OG0002288	As006G127520	AT2G31140.1, AT1G06200.2
OG0002289	As008G192670, As006G143160, As006G129000	AT1G07480.3, AT1G07470.1
OG0002290	As006G130740	AT2G27210.1
OG0002291	As006G131820	AT4G33050.5, AT2G26190.1
OG0002292	As009G199850	AT5G14610.1
OG0002292	As006G133070	AT3G01540.2
OG0002293	As006G135020	AT3G01050.1
OG0002293	As009G201080	AT5G15460.1
OG0002294	As009G202150	AT5G16250.1
OG0002294	As006G135640	AT3G02640.1
OG0002295	As006G135770	AT5G16450.1, AT3G02770.1
OG0002296	As006G135950	AT3G02930.1
OG0002297	As009G202760	AT5G16800.3
OG0002297	As006G136000	AT3G02980.1
OG0002298	As006G136540	AT3G03490.1
OG0002299	As009G205760	AT5G26990.1
OG0002299	As006G139080	AT3G05700.1
OG0002300	As009G208050	AT5G49300.1
OG0002301	As006G140570	AT3G06930.2, AT5G49020.1
OG0002302	As006G145700	AT2G37070.1
OG0002302	As012G276990	AT3G53320.1
OG0002303	As010G243690	AT1G80490.2
OG0002303	As007G152260	AT1G15750.1
OG0002304	As007G152800	AT1G16310.1
OG0002304	As010G242920	AT1G79520.2
OG0002305	As010G242620	AT1G79250.1
OG0002305	As007G152910	AT1G16440.1
OG0002306	As007G153120	AT1G16680.1
OG0002306	As010G242410	AT1G79030.1
OG0002307	As007G155170	AT1G18720.1
OG0002307	As010G239080	AT1G74440.1
OG0002308	As007G157100	AT1G21070.1
OG0002308	As010G236750	AT1G76670.1
OG0002309	As007G157880	AT1G21870.1
OG0002309	As010G235820	AT1G77610.1
OG0002310	As007G158020	AT1G21980.1
OG0002310	As010G235690	AT1G77740.1
OG0002311	As007G159800	AT1G23880.1
OG0002311	As010G233250	AT1G70280.2
OG0002312	As010G233170	AT1G70170.1
OG0002313	As007G160900	AT1G26310.1
OG0002313	As010G232070	AT1G69120.1
OG0002314	As007G161970	AT1G24350.3
OG0002314	As010G228200	AT1G67600.1
OG0002315	As007G179120	AT4G30430.1
OG0002317	As008G191700	AT1G07910.2
OG0002320	As009G203290, As008G198660	AT1G01350.1, AT5G06420.1
OG0002321	As009G210450	AT3G12520.1, AT5G13550.1
OG0002322	As009G213810	AT5G35920.1
OG0002324	As010G234070, As010G234060	AT1G71140.1
OG0002325	As011G245000	AT3G13160.1
OG0002325	As012G267960	AT1G55890.1
OG0002326	As011G245270	AT3G13380.1
OG0002326	As012G268280	AT1G55610.1
OG0002327	As012G269490	AT1G53700.1
OG0002327	As011G246480	AT3G14370.1
OG0002328	As011G247870	AT3G15690.2
OG0002328	As012G270520	AT1G52670.1
OG0002329	As011G250400	AT3G18300.1
OG0002329	As012G273150	AT1G48780.1
OG0002330	As012G273200	AT3G18410.1, AT1G49140.1
OG0002331	As011G253230	AT3G21090.1
OG0002331	As012G271530	AT1G51500.1
OG0002332	As011G259980	AT4G05360.1
OG0002333	As011G262900	AT4G34420.1
OG0002334	As011G267380	AT2G20700.1, AT4G28280.2
OG0002335	As012G270830	AT1G52245.1, AT3G16120.1
OG0002336	As012G270850	AT1G52230.1
OG0002337	As012G276000	AT3G52470.1
OG0002338	As012G282580	AT3G56090.1, AT2G40300.1
OG0002339	As012G283640	AT3G57090.1
OG0002348	As001G000290	AT2G20630.2, AT4G28400.1
OG0002349	As001G000470	AT4G28550.1
OG0002349	As011G267120	AT2G20440.1
OG0002350	As011G266520	AT4G29130.1
OG0002350	As001G000960	AT2G19860.1
OG0002351	As007G178570	AT2G24060.1
OG0002351	As001G002790	AT4G30690.1
OG0002352	As007G178130	AT2G24370.1
OG0002352	As001G003450	AT4G31230.1
OG0002353	As001G015080, As001G015070	AT4G35160.1
OG0002354	As001G015950	AT1G31420.1
OG0002354	As004G079070	AT2G35620.1
OG0002355	As001G018710	AT1G54870.2, AT3G05260.1
OG0002356	As008G188060	AT1G09710.2
OG0002356	As001G019650	AT1G58220.1
OG0002357	As001G020450	AT3G57940.1
OG0002357	As008G187120	AT1G10490.1
OG0002358	As008G182760, As001G023080	AT2G01930.1
OG0002359	As008G182860	AT1G14530.2
OG0002359	As001G023380	AT2G02180.1
OG0002360	As001G023460, As001G023470	AT2G02390.3, AT2G02380.1
OG0002361	As004G097560	AT5G40720.1
OG0002361	As001G026270	AT3G27330.1
OG0002362	As001G026570	AT3G27630.1
OG0002362	As004G097290	AT5G40460.1
OG0002363	As001G026840	AT3G27970.1, AT5G40310.2
OG0002364	As001G029260	AT1G65810.1, AT1G65780.1
OG0002365	As001G029650	AT1G65090.2
OG0002365	As004G076890	AT5G36100.1
OG0002366	As001G031630	AT1G12640.1, AT1G63050.1
OG0002367	As002G048220	AT5G56520.1
OG0002368	As002G033500, As002G033510	AT2G41060.1
OG0002369	As002G033860	AT2G40600.1
OG0002370	As005G107180	AT5G02100.1
OG0002371	As002G034980	AT3G09900.1
OG0002371	As005G108380	AT5G03520.1
OG0002372	As002G036740	AT3G10980.1
OG0002372	As009G213590	AT5G05350.1
OG0002373	As002G038720	AT3G12130.1
OG0002374	As002G040940	AT4G24630.1, AT5G50020.2
OG0002375	As003G061380	AT4G23340.1
OG0002375	As002G043310	AT5G51310.1
OG0002376	As002G044030	AT5G52200.1
OG0002377	As006G132320	AT4G27440.1
OG0002377	As002G045900	AT5G54190.1
OG0002378	As006G132580	AT4G27100.1
OG0002378	As002G046560	AT5G54780.1
OG0002379	As002G048600	AT5G56950.1
OG0002380	As005G117870	AT5G64840.1
OG0002380	As002G053410	AT5G09930.1
OG0002381	As002G054200	AT5G08590.1
OG0002381	As005G116610	AT5G63650.1
OG0002382	As002G054990	AT5G07830.1
OG0002382	As009G217890	AT5G61250.1
OG0002383	As004G088440	AT5G45930.1
OG0002383	As003G056960	AT4G18480.1
OG0002384	As004G086770	AT5G44560.1
OG0002385	As004G086410	AT4G05450.1
OG0002385	As003G059010	AT4G21090.1
OG0002387	As007G179590	AT2G23340.1
OG0002389	As003G075930	AT4G38220.2
OG0002390	As004G079660	AT2G35330.1, AT1G32530.1
OG0002392	As004G086380	AT4G21100.1, AT4G05420.1
OG0002393	As011G257490	AT3G24870.1, AT3G24880.1
OG0002394	As004G094020	AT4G13345.4
OG0002394	As011G256530	AT3G24460.1
OG0002395	As011G256330, As004G094350	AT4G13480.1
OG0002396	As011G255320	AT3G23310.1
OG0002396	As004G095390	AT4G14350.1
OG0002397	As004G097460	AT5G40600.1, AT3G27420.1
OG0002398	As005G098570	AT2G48150.1
OG0002398	As012G288950	AT3G63080.1
OG0002399	As005G099170	AT2G47690.1
OG0002400	As005G100690	AT2G46420.1
OG0002400	As012G287710	AT3G61700.2
OG0002401	As005G101260	AT2G45810.1
OG0002401	As012G287290	AT3G61240.1
OG0002402	As005G101600	AT2G45540.2
OG0002402	As012G287030	AT3G60920.2
OG0002403	As005G103330, As010G239880	AT1G73690.1
OG0002404	As005G103860	AT2G43480.1
OG0002404	As009G216560	AT5G24070.1
OG0002406	As005G111770	AT5G20510.1, AT3G42790.1
OG0002407	As010G227090	AT3G43110.1
OG0002408	As010G225340	AT3G45240.1
OG0002408	As005G114180	AT5G60550.1
OG0002409	As005G117920	AT5G64890.1
OG0002410	As010G221420	AT3G49850.1
OG0002410	As005G119040	AT5G67580.1
OG0002411	As007G154010	AT1G17590.1
OG0002411	As010G240950, As006G120970	AT1G72830.2
OG0002412	As006G121270	AT1G01740.1, AT4G00710.1
OG0002413	As008G198970	AT1G01600.1
OG0002414	As008G197140	AT1G03365.1
OG0002414	As006G123790	AT4G03000.1
OG0002415	As006G124690	AT5G43890.1, AT1G04180.1
OG0002416	As006G125040	AT5G43460.1
OG0002416	As008G196270	AT1G04340.1
OG0002417	As006G125930	AT2G32840.1
OG0002417	As008G195600	AT1G04930.2
OG0002418	As006G126740	AT2G31960.1
OG0002418	As008G194760	AT1G05570.1
OG0002419	As008G193350	AT1G06770.1
OG0002419	As006G127970	AT2G30580.1
OG0002420	As006G130200	AT2G27960.1
OG0002422	As006G132600	AT5G54810.1
OG0002423	As006G135160	AT3G02160.1, AT5G15570.1
OG0002424	As009G201660	AT5G15860.1
OG0002424	As006G135400	AT3G02410.1
OG0002425	As006G135440	AT3G02460.1
OG0002425	As009G201750	AT5G15930.1
OG0002426	As006G135510	AT3G02510.1
OG0002426	As009G201930	AT5G16040.1
OG0002427	As006G136130	AT3G03120.1
OG0002427	As009G202970	AT5G17060.1
OG0002428	As006G137190	AT3G03910.1
OG0002428	As009G204040	AT5G18170.1
OG0002430	As006G141940, As011G249920	AT3G08640.1
OG0002431	As012G281710	AT3G55320.1
OG0002431	As006G143550	AT2G39480.1
OG0002433	As007G152330	AT1G15860.3
OG0002434	As007G153130	AT1G16700.1
OG0002435	As010G240000	AT1G73620.1
OG0002435	As007G154550	AT1G18250.2
OG0002436	As007G157780	AT1G21740.1
OG0002436	As010G235980	AT1G77500.1
OG0002437	As007G158170	AT1G22170.1
OG0002438	As007G158300	AT1G22270.1, AT1G78190.1
OG0002439	As010G235050	AT1G72170.1
OG0002440	As007G158900, As007G163640	AT3G45140.1
OG0002441	As007G159190	AT1G23030.1
OG0002441	As010G233950	AT1G71020.1
OG0002442	As010G233340	AT1G70440.1
OG0002442	As007G159670	AT1G23550.1
OG0002443	As007G160590	AT1G26690.1
OG0002443	As010G232560	AT1G69460.1
OG0002444	As010G231580	AT1G68710.3
OG0002444	As007G161090	AT1G26130.2
OG0002445	As007G165530	AT4G25500.1
OG0002446	As007G166970	AT4G27680.1
OG0002447	As007G167050	AT4G32610.1, AT2G25670.1
OG0002448	As007G180990, As010G220930	AT3G50580.1, AT1G44191.1
OG0002449	As008G184400	AT1G12920.1, AT3G26618.1
OG0002450	As008G190820	AT1G08130.1
OG0002451	As008G191270	AT1G08040.1
OG0002452	As008G192830	AT1G07360.1
OG0002453	As008G197420	AT4G02690.1, AT1G03070.1
OG0002454	As008G197430	AT1G03060.1, AT4G02660.2
OG0002455	As009G202980	AT5G17050.1
OG0002456	As009G203970, As011G262850	AT5G18090.1
OG0002457	As009G205150	AT1G33607.1, AT5G08055.1, AT5G08315.1
OG0002458	As009G207430	AT3G54760.1
OG0002459	As009G219300	AT3G48060.2, AT3G48050.1
OG0002460	As009G219940	AT5G07120.1, AT5G58440.1
OG0002461	As010G220310	AT3G51330.1
OG0002462	As010G236970	AT1G76510.3
OG0002463	As010G237210	AT1G76300.1
OG0002464	As010G239170	AT1G74360.1
OG0002465	As010G244070	AT1G15380.1, AT1G80160.3
OG0002466	As011G246020	AT3G14000.1, AT1G54180.1
OG0002467	As011G246390	AT1G53850.1, AT3G14290.1
OG0002468	As012G269940	AT1G53165.3
OG0002468	As011G247340	AT3G15220.1
OG0002469	As012G274440	AT4G16120.1
OG0002469	As011G249070	AT3G16860.1
OG0002470	As011G249540	AT3G17440.1
OG0002471	As011G249710	AT5G45450.1, AT3G17650.1
OG0002471	As012G273810	AT1G48370.1
OG0002472	As011G249830	AT3G17770.1
OG0002472	As012G273760	AT1G48430.1
OG0002473	As011G250030	AT3G17980.1, AT1G48590.2
OG0002474	As011G254520	AT3G22530.1
OG0002475	As011G255010	AT4G14500.1, AT3G23080.1
OG0002477	As011G267110	AT2G20430.1, AT4G28556.1
OG0002478	As012G282460	AT3G15020.1
OG0002478	As012G269880	AT1G53240.1
OG0002479	As012G275080	AT2G34690.1
OG0002480	As012G282910	AT3G56420.1, AT2G40790.1
OG0002494	As011G267440	AT2G20825.1
OG0002494	As001G000070	AT4G28190.2
OG0002495	As001G000720	AT4G28800.2, AT4G28815.1, AT4G28811.1, AT4G28790.1
OG0002496	As007G180720, As001G002930	AT4G39280.1
OG0002497	As001G003770	AT4G31490.1, AT4G31480.3
OG0002498	As001G003890	AT4G31590.1, AT2G24630.1
OG0002499	As010G226320	AT3G44280.1
OG0002500	As001G013480	AT4G34200.1
OG0002502	As004G079730	AT2G35240.1
OG0002503	As008G189320, As001G018590, As001G018580	AT1G54690.1, AT1G08880.1
OG0002504	As001G019510	AT1G57870.3
OG0002504	As008G187560	AT1G09840.1
OG0002505	As008G187280	AT1G10350.1
OG0002505	As001G020220	AT1G59725.1
OG0002506	As001G020640	AT2G10625.1, AT1G60220.1
OG0002506	As008G187030	AT1G10570.1
OG0002507	As008G182970	AT2G02510.1
OG0002508	As001G023960	AT2G03040.1, AT2G03290.1
OG0002508	As008G183400	AT1G14010.1
OG0002509	As001G024220	AT2G03530.4
OG0002510	As008G184420	AT1G12900.5
OG0002510	As001G025530	AT3G26650.1
OG0002511	As001G027330	AT3G28810.1, AT3G28820.1, AT3G28980.1
OG0002512	As001G030940	AT3G60050.1
OG0002512	As012G268260	AT1G55630.1
OG0002513	As002G036190	AT3G10710.1
OG0002513	As009G214160	AT5G04960.1
OG0002514	As009G213190	AT5G05550.2
OG0002515	As009G212380	AT5G06290.1
OG0002515	As002G037470	AT3G11630.1
OG0002516	As002G044340, As007G164890	AT4G25660.1, AT4G25680.1
OG0002517	As002G045300	AT4G27730.1, AT5G53510.1
OG0002518	As002G047320	AT5G55550.10
OG0002518	As006G134700	AT4G26650.1
OG0002519	As002G047340	AT4G26640.2
OG0002520	As002G047720	AT5G55970.1
OG0002521	As002G051220	AT5G12030.1, AT5G12020.1
OG0002522	As002G053700	AT5G09570.1
OG0002522	As005G117400	AT5G64400.2
OG0002523	As003G055760	AT4G17420.1
OG0002523	As004G091100	AT5G47420.1
OG0002524	As004G084950	AT4G12050.1
OG0002524	As003G060810	AT4G22810.1
OG0002525	As004G080270	AT4G09180.1
OG0002525	As003G063820	AT1G35460.1
OG0002526	As003G071140	AT1G30560.1
OG0002526	As007G164530	AT4G25220.1
OG0002527	As004G078670	AT2G34940.1
OG0002527	As003G071590	AT1G30900.1
OG0002528	As011G264850	AT2G17930.1
OG0002528	As003G072370	AT4G36080.1
OG0002529	As003G073400	AT4G36940.1
OG0002529	As007G179540	AT2G23420.1
OG0002530	As003G073920	AT4G37640.1
OG0002531	As003G074720	AT2G22360.1, AT4G39960.1
OG0002532	As007G180670	AT2G21790.1
OG0002533	As003G076500	AT3G45970.1, AT3G45960.2, AT4G38400.1
OG0002534	As004G080330, As004G080320	AT4G09120.1, AT4G09110.1, AT4G09130.1
OG0002535	As004G084730	AT4G11800.1, AT4G23000.1
OG0002536	As004G085350	AT4G12590.1
OG0002537	As004G085480	AT4G03960.1
OG0002538	As004G095080	AT4G14040.1, AT4G14030.1
OG0002539	As004G095560	AT4G14440.1
OG0002539	As004G095510	AT4G14430.1
OG0002540	As004G096620	AT4G15550.1
OG0002541	As012G288940	AT3G63070.1
OG0002541	As005G098580	AT2G48160.2
OG0002542	As005G100920	AT2G46170.1, AT3G61560.1
OG0002543	As012G287170	AT3G61180.1
OG0002544	As005G103360	AT2G43850.1
OG0002544	As008G195470	AT3G59830.1
OG0002545	As005G105890, As005G105610, As005G105930	AT2G41640.1
OG0002545	As012G283910	AT3G57380.1
OG0002546	As005G105700, As005G105720	AT5G24640.1, AT2G41730.1
OG0002547	As012G283750	AT3G57200.1
OG0002547	As005G106150	AT2G41451.1
OG0002548	As005G108450	AT2G38460.1, AT5G03570.3
OG0002549	As005G111540	AT2G40020.4
OG0002550	As010G227270	AT5G20570.2, AT3G42830.1
OG0002551	As010G224410	AT3G46620.1
OG0002551	As005G115520	AT5G59550.2
OG0002552	As010G222510	AT3G48660.1
OG0002552	As005G116390	AT5G63500.1
OG0002553	As005G119590	AT5G67080.1
OG0002553	As010G221160	AT3G50310.1
OG0002554	As005G120110, As005G120120, As005G120130	AT5G66610.2
OG0002555	As006G122230	AT4G00850.1
OG0002555	As008G198480	AT1G01160.2
OG0002556	As006G122430	AT4G01510.5
OG0002556	As008G198330	AT1G01020.1
OG0002557	As006G127180	AT1G05900.2, AT2G31450.1
OG0002559	As006G133130	AT3G01516.1
OG0002559	As009G200430	AT5G14690.1
OG0002560	As009G201240	AT5G15320.1
OG0002561	As009G202670	AT5G16650.2
OG0002562	As009G206940	AT5G28040.1
OG0002562	As006G138150, As006G138130	AT3G04930.1
OG0002563	As006G138330	AT4G03645.1
OG0002564	As006G139890	AT5G18790.1, AT3G06320.1
OG0002565	As006G144620	AT2G36060.2
OG0002566	As006G146200	AT2G37460.1, AT2G37450.2
OG0002567	As007G152810	AT1G16320.1, AT1G79510.1
OG0002568	As010G238200	AT1G75370.2
OG0002568	As007G155930	AT1G19650.1
OG0002569	As010G237410	AT1G76100.2
OG0002569	As007G156520	AT1G20340.1
OG0002571	As010G236920	AT1G76540.1
OG0002571	As007G156990	AT1G20930.1
OG0002572	As007G157610	AT1G77310.1, AT1G21610.3
OG0002573	As010G233140	AT1G70140.1
OG0002573	As007G160020	AT1G24150.1
OG0002574	As007G161070	AT1G26150.1
OG0002574	As010G231590	AT1G68690.1
OG0002575	As008G182790	AT1G14610.1
OG0002576	As008G184220	AT1G13110.1
OG0002577	As008G192700	AT1G07440.1
OG0002578	As008G193730, As008G193760	AT1G06360.2, AT1G06350.1
OG0002580	As008G194790	AT2G31985.1, AT1G05510.1
OG0002581	As008G198400, As008G198390	AT1G01070.1, AT1G11460.1, AT1G11450.3
OG0002582	As009G213250	AT2G40290.1
OG0002583	As010G221700	AT3G49560.1
OG0002583	As009G215910	AT5G24650.1
OG0002584	As009G219490	AT5G58787.1
OG0002585	As010G224650	AT3G46290.1, AT5G59700.1
OG0002586	As010G231040	AT1G68560.1, AT3G45940.1
OG0002587	As010G238060	AT1G19740.1, AT1G75460.1
OG0002588	As010G239220	AT1G74310.1
OG0002589	As010G241020	AT1G72750.1
OG0002590	As011G246160	AT3G14100.1
OG0002590	As010G241320, As012G269200	AT1G54080.2
OG0002591	As011G245450	AT3G13510.1
OG0002591	As012G268620	AT1G55360.1
OG0002592	As012G269150	AT1G54130.1
OG0002592	As011G246080	AT3G14050.1
OG0002593	As012G270160	AT1G52910.1
OG0002593	As011G247650	AT3G15480.1
OG0002594	As012G270470	AT1G52730.1
OG0002594	As011G247800	AT3G15610.1
OG0002595	As012G270810, As011G248280	AT3G16100.1
OG0002596	As011G248880	AT3G16650.1
OG0002596	As012G274650	AT4G15900.1
OG0002597	As011G249380	AT3G17240.1
OG0002597	As012G274080	AT1G48030.1
OG0002598	As011G249910	AT3G17850.1, AT1G48490.4
OG0002600	As011G255050	AT3G02400.1, AT4G14490.1
OG0002601	As011G263820	AT2G25600.1, AT4G32500.1
OG0002602	As012G267890	AT1G55960.1, AT3G13062.2
OG0002603	As012G271860	AT3G20970.1, AT1G51390.1
OG0002604	As012G273030	AT1G49290.1
OG0002605	As012G282930	AT3G56440.1, AT2G40810.1
OG0002606	As012G284350	AT3G57950.1, AT2G42180.1
OG0002607	As012G286060, As012G286070	AT3G60130.1
OG0002622	As011G266930	AT2G20260.1
OG0002622	As001G000680	AT4G28750.1
OG0002623	As001G003260	AT2G24290.1, AT4G30996.1
OG0002624	As006G132160	AT2G25820.1
OG0002624	As001G006190	AT4G32800.1
OG0002625	As289G297790, As160G296640, As419G298080, As205G296950, As240G297400	ATCG00680.1
OG0002626	As001G014170	AT4G34450.1
OG0002627	As001G014270	AT4G34570.1
OG0002627	As011G263300	AT2G16370.1
OG0002628	As001G014800	AT4G35000.1
OG0002629	As004G078820	AT2G35060.2
OG0002629	As001G015750	AT1G31120.1
OG0002631	As004G083150	AT2G35690.1
OG0002631	As001G017580	AT4G16760.1
OG0002632	As001G019060	AT1G56450.1
OG0002633	As008G188110	AT1G09645.1
OG0002634	As001G019900	AT1G58520.1
OG0002634	As008G187830	AT1G10090.1
OG0002635	As001G021860	AT1G11475.1, AT1G61700.1
OG0002636	As001G022990	AT1G14720.1
OG0002637	As008G183390	AT1G14020.1
OG0002637	As001G023970	AT2G03280.2
OG0002638	As001G024740	AT3G25717.1
OG0002638	As008G183930	AT1G13245.1
OG0002639	As001G025840	AT3G26940.1
OG0002639	As005G107930	AT5G02800.1
OG0002640	As001G027310	AT3G28840.1
OG0002641	As004G078380	AT5G39510.1
OG0002641	As001G027640	AT3G29100.3
OG0002642	As001G028250	AT1G67250.1, AT1G62920.1, AT5G38650.1
OG0002643	As004G077380	AT5G37770.1
OG0002643	As001G028850	AT1G66400.1
OG0002644	As001G029730	AT1G65010.1
OG0002645	As002G048900	AT5G57190.1
OG0002645	As002G032620	AT4G25970.1
OG0002646	As002G035470	AT3G10250.1
OG0002647	As007G163080, As007G163060	AT4G24590.4
OG0002647	As002G039660	AT5G49710.3
OG0002648	As002G044830	AT5G53160.2, AT4G27920.1
OG0002649	As004G083470, As002G045400	AT5G11412.1
OG0002650	As002G046120	AT5G54370.1
OG0002651	As002G046390	AT5G54630.1
OG0002651	As006G132490	AT4G27240.1
OG0002652	As002G049070	AT5G57360.2
OG0002652	As011G265690	AT2G18915.2
OG0002653	As002G052290	AT5G10930.1
OG0002653	As009G215520	AT5G25110.1
OG0002654	As005G118680	AT5G65630.1
OG0002654	As002G052650	AT5G10550.1
OG0002655	As002G053250	AT5G10060.1, AT5G65180.1
OG0002656	As005G117600	AT5G64610.1
OG0002656	As002G053570	AT5G09740.1
OG0002657	As003G056450	AT4G18050.2
OG0002657	As004G089010	AT5G46540.1
OG0002658	As003G058870	AT4G20910.1, AT4G20920.2
OG0002659	As003G060340	AT4G22290.1
OG0002660	As004G085180	AT4G12430.1
OG0002660	As003G060580	AT4G22590.1
OG0002661	As003G061470	AT4G23460.1
OG0002661	As004G084490	AT4G11380.2
OG0002662	As003G063950	AT1G35670.1
OG0002662	As004G080190	AT4G09570.1
OG0002663	As004G081750	AT2G33530.1
OG0002663	As003G068530	AT1G28110.1
OG0002664	As003G072000, As003G071990	AT4G35710.1, AT4G35690.1
OG0002665	As011G264930	AT2G17990.3
OG0002666	As003G072660	AT4G36500.1
OG0002667	As003G072790	AT4G36610.1
OG0002667	As011G265360	AT2G18360.1
OG0002668	As003G073280, As003G073270	AT4G37070.2, AT4G37060.2
OG0002669	As007G179900	AT2G22830.1
OG0002669	As003G074060	AT4G37760.1
OG0002670	As007G180820	AT2G21590.1
OG0002670	As003G075640	AT4G39210.1
OG0002671	As004G077580	AT5G40360.1
OG0002672	As004G078520	AT5G39720.1
OG0002673	As004G080350	AT4G09060.2
OG0002674	As004G085250	AT4G12520.1, AT4G12510.1
OG0002675	As004G086350	AT4G21140.1, AT4G05400.1
OG0002676	As004G093110	AT4G12910.1
OG0002676	As011G258120, As011G258130	AT3G25420.1
OG0002677	As004G093500	AT4G13080.1, AT4G13090.1
OG0002678	As004G093530	AT3G24100.1
OG0002678	As004G094510	AT4G13615.1
OG0002679	As004G095650	AT4G14550.2
OG0002679	As011G254990	AT3G23050.1
OG0002680	As004G095740	AT4G14620.1
OG0002680	As011G254910	AT3G22970.1
OG0002681	As005G100710	AT2G46410.1
OG0002683	As012G284450	AT3G58050.2
OG0002684	As005G105950	AT2G41620.1, AT3G57350.1
OG0002685	As006G142160, As005G106640	AT5G01390.1
OG0002686	As005G109060	AT5G04070.1
OG0002686	As009G201790, As009G201760	AT5G15940.2
OG0002687	As010G225290	AT3G45310.1
OG0002687	As005G114330	AT5G60360.3
OG0002688	As010G224920	AT3G45810.1
OG0002688	As005G114620	AT5G60010.1
OG0002689	As005G115500	AT5G59580.1, AT5G59590.1
OG0002690	As010G224390	AT3G46640.3
OG0002690	As005G115510	AT5G59570.1
OG0002691	As010G222530	AT3G48590.1
OG0002691	As005G116360	AT5G63470.1
OG0002692	As006G121510	AT4G00460.2
OG0002692	As008G199080	AT1G01700.4
OG0002693	As006G123750	AT4G02930.1
OG0002694	As006G124270	AT5G44280.2
OG0002694	As008G196950	AT1G03770.2
OG0002695	As006G127050	AT2G31680.1
OG0002695	As008G194410	AT1G05810.2
OG0002696	As006G129490	AT1G07795.1, AT2G28725.1
OG0002697	As006G142000, As006G133830	AT3G08720.1
OG0002698	As006G136330	AT3G03290.1
OG0002698	As009G203310	AT5G17390.1
OG0002699	As006G136410	AT3G03340.2
OG0002699	As009G203390	AT5G17440.1
OG0002700	As009G204050, As006G137200	AT3G03920.1
OG0002701	As006G140860	AT3G07170.1, AT5G48680.1
OG0002702	As012G282650	AT3G56140.1
OG0002702	As006G142520	AT2G40400.1
OG0002703	As011G265040	AT1G30230.2, AT2G18110.1
OG0002704	As006G145710	AT2G37060.1
OG0002705	As006G148860	AT3G54250.1, AT2G38700.1
OG0002706	As010G242850	AT1G79470.1
OG0002706	As007G152830	AT1G16350.1
OG0002707	As010G240220	AT1G73390.1
OG0002707	As007G154380	AT1G17940.1
OG0002708	As007G155940	AT1G75380.1, AT1G19660.1
OG0002709	As007G157250	AT1G76940.1, AT1G21320.1
OG0002710	As007G158990	AT1G22880.1
OG0002710	As010G234240	AT1G71380.1
OG0002711	As007G159880	AT1G24050.1
OG0002712	As007G161180	AT1G25550.1
OG0002715	As008G182490	AT1G14900.1
OG0002716	As008G187170	AT1G10370.1, AT1G10360.1
OG0002717	As009G202340	AT5G16340.1, AT5G16370.1, AT1G75960.1
OG0002718	As009G203250, As009G203380	AT5G17340.1
OG0002719	As009G215820	AT5G24780.1, AT5G24770.1
OG0002721	As010G221870, As010G221880	AT3G49360.1
OG0002722	As010G232310	AT1G69290.1
OG0002723	As010G235340	AT1G78090.1, AT1G22210.1
OG0002724	As010G237080	AT1G20816.1
OG0002725	As011G244940	AT3G13100.1, AT3G13090.1
OG0002726	As011G247620	AT3G15450.1
OG0002727	As011G248410	AT3G16240.1
OG0002728	As012G272740	AT1G49630.1
OG0002728	As011G251250	AT3G19170.1
OG0002729	As011G252830	AT3G20540.2
OG0002729	As012G271580	AT1G50840.2
OG0002730	As011G253790	AT3G21690.1
OG0002731	As011G254440	AT3G22425.2
OG0002732	As012G271000	AT1G52050.1, AT1G52060.1, AT1G52070.1
OG0002733	As012G273010	AT1G49310.1
OG0002734	As012G275240	AT2G34590.1
OG0002735	As012G276980	AT3G53310.1
OG0002736	As012G278190	AT2G37980.1, AT3G54100.1
OG0002737	As012G282920	AT3G56430.1
OG0002753	As001G000210	AT4G28320.1
OG0002753	As011G267350	AT2G20680.1
OG0002754	As001G000880	AT4G29040.1
OG0002754	As011G266760	AT2G20140.1
OG0002757	As011G263180	AT2G16230.1
OG0002758	As011G263700	AT2G16850.1
OG0002759	As004G078810	AT4G15970.1
OG0002762	As001G021940	AT1G61800.2
OG0002762	As008G185820	AT4G03950.1
OG0002763	As008G182460	AT1G14920.1
OG0002764	As008G183640	AT1G13730.1
OG0002764	As001G024270	AT2G03640.4
OG0002766	As004G077360	AT5G37720.1
OG0002766	As001G028940	AT1G66260.1
OG0002767	As001G031510	AT1G63180.1
OG0002768	As002G032910	AT4G26260.2
OG0002769	As002G034270	AT3G09410.1
OG0002770	As002G042380	AT5G50720.1
OG0002771	As002G053190	AT5G10120.1
OG0002771	As005G118190	AT5G65100.1
OG0002772	As005G116840	AT5G63880.2
OG0002772	As002G054010	AT5G09260.1
OG0002773	As002G055290	AT5G07470.1
OG0002773	As009G218230	AT5G61640.2
OG0002774	As003G058130	AT4G19950.1
OG0002774	As004G087290	AT5G44860.1
OG0002775	As003G058200	AT4G20010.1, AT5G44785.2
OG0002776	As003G059570	AT4G21540.1, AT4G21534.1
OG0002777	As003G059960	AT4G21895.1
OG0002778	As003G061140	AT4G23120.1, AT2G25120.1, AT3G43990.1
OG0002779	As003G063190, As003G063150, As003G063170	AT1G34060.1
OG0002780	As003G064140	AT1G36180.1, AT1G36160.1
OG0002781	As007G179830	AT2G22910.1
OG0002781	As003G073970	AT4G37670.2
OG0002782	As003G074780, As007G180390	AT2G22310.1
OG0002783	As003G075620	AT2G21237.1, AT4G38905.1
OG0002784	As004G089990	AT4G17560.1, AT5G47190.1
OG0002785	As004G091710	AT5G35390.1
OG0002785	As011G259610	AT2G07040.1
OG0002786	As004G091990, As011G261140	AT2G06520.1
OG0002787	As004G092210	AT5G35732.2
OG0002787	As011G258720	AT2G04795.1
OG0002788	As004G095570	AT4G14450.1
OG0002788	As011G255120	AT3G23170.1
OG0002789	As011G254740	AT3G22810.1
OG0002789	As004G095840	AT4G14740.1
OG0002790	As011G254310, As004G096070	AT3G22310.1, AT3G22330.1
OG0002791	As004G096460	AT4G15415.1, AT3G21650.1
OG0002792	As004G097100	AT5G40260.1
OG0002793	As005G099990	AT2G47000.1
OG0002793	As012G288160	AT3G62150.1
OG0002794	As005G101850	AT2G45290.1
OG0002794	As012G286850	AT3G60750.1
OG0002795	As005G102310	AT3G60320.1
OG0002796	As005G103720, As005G103730	AT2G43570.1
OG0002797	As012G284220	AT3G57785.1
OG0002797	As005G105270	AT2G42310.1
OG0002798	As005G105660	AT2G41770.1, AT3G57420.1
OG0002799	As005G106610	AT2G38230.1
OG0002800	As005G108500	AT5G03610.1
OG0002801	As005G112300, As010G227050	AT3G43190.1
OG0002802	As005G112600	AT3G43740.2, AT5G21090.1
OG0002803	As010G224010	AT3G47060.1
OG0002803	As005G115960	AT5G58870.1
OG0002804	As005G119640	AT5G67020.1
OG0002805	As006G121540, As006G128670	AT2G29680.1
OG0002806	As006G122540	AT4G01630.1
OG0002807	As006G123850	AT4G03080.1, AT1G03445.1
OG0002808	As006G126320	AT2G32440.1
OG0002808	As008G195220	AT1G05160.1
OG0002809	As006G127320	AT2G31350.1, AT1G06130.1
OG0002810	As006G127830	AT1G06670.1
OG0002812	As008G190700	AT1G08340.1
OG0002813	As006G132910	AT3G01690.1
OG0002814	As009G200910	AT5G15610.1
OG0002814	As006G135200	AT3G02200.2
OG0002815	As006G136420	AT3G03341.1
OG0002816	As006G137410	AT3G04180.1, AT3G04190.1
OG0002817	As009G204350	AT5G18480.1
OG0002818	As006G138270	AT3G05010.1
OG0002818	As009G206780	AT5G27210.1
OG0002819	As009G204860	AT5G19025.2
OG0002819	As006G139750	AT3G06180.1
OG0002820	As006G140110	AT3G06470.1, AT3G06460.1
OG0002821	As006G140460	AT3G06830.1, AT5G49180.1
OG0002822	As006G144050	AT3G04600.1
OG0002823	As006G144770	AT3G52750.1, AT2G36250.1
OG0002824	As006G146920	AT3G53930.2, AT2G37840.1
OG0002825	As010G243950	AT1G80270.1
OG0002825	As007G152100	AT1G15480.1
OG0002826	As010G243210	AT1G80910.1
OG0002826	As007G152490	AT1G16020.1
OG0002827	As007G153850	AT1G17470.1, AT1G72660.1
OG0002828	As007G153940	AT1G17500.1
OG0002828	As010G241060	AT1G72700.1
OG0002829	As007G154360	AT1G73250.1
OG0002830	As010G238970	AT1G74560.3
OG0002830	As007G155230	AT1G18800.1
OG0002831	As010G238770	AT1G74770.1
OG0002831	As007G155350	AT1G18910.1
OG0002832	As007G156660	AT1G20540.1
OG0002832	As010G237250	AT1G76260.1
OG0002833	As007G156670	AT1G20550.1
OG0002833	As010G237240	AT1G76270.1
OG0002834	As007G159790	AT1G23870.1, AT1G70290.1
OG0002835	As010G232250	AT1G69240.1
OG0002835	As007G160850	AT1G26360.1
OG0002836	As007G161170	AT1G68840.1, AT1G25560.1
OG0002837	As007G161340	AT1G68440.1, AT1G25400.1
OG0002838	As007G162790	AT4G24280.1, AT5G49910.1
OG0002840	As007G180880	AT4G39180.1, AT2G21540.1
OG0002841	As008G195240	AT2G32480.1, AT1G05140.1
OG0002842	As008G197280, As008G197290, As008G197270	AT1G03230.1, AT1G03220.1
OG0002843	As008G197610	AT5G27607.1
OG0002844	As009G200670	AT5G14930.2
OG0002845	As009G204620	AT5G18800.1, AT3G06310.1
OG0002846	As009G207360	AT5G49530.1
OG0002847	As009G211870, As009G211860	AT1G56070.1
OG0002848	As009G216240	AT5G24450.1, AT3G49410.1
OG0002849	As010G221970	AT3G49290.1
OG0002849	As009G216340	AT5G24310.1
OG0002850	As009G218290	AT5G61740.1
OG0002850	As009G216690	AT5G61700.1
OG0002851	As009G216910	AT5G23700.3
OG0002851	As010G222370	AT3G48860.2
OG0002852	As009G216990	AT5G23580.1
OG0002853	As009G218380	AT5G61820.1
OG0002854	As009G219520, As009G219510, As009G219570, As009G219550	AT5G58782.2, AT5G58780.1, AT2G23410.1, AT2G23400.1
OG0002855	As009G219680	AT3G01400.1, AT5G58680.1
OG0002856	As009G219710, As010G223780	AT3G47295.1
OG0002857	As010G221240	AT3G50130.1, AT3G50140.1, AT3G50190.1
OG0002858	As010G222090, As010G222100, As010G222110	AT3G49200.1
OG0002859	As010G224720	AT3G46180.1
OG0002860	As010G226110, As011G263240	AT4G34510.1, AT2G16280.1
OG0002861	As010G233890	AT1G02405.1, AT1G70990.1
OG0002862	As010G239100	AT1G74430.1
OG0002863	As010G243440	AT1G80720.2, AT1G15870.1
OG0002864	As012G268420	AT1G55500.5
OG0002864	As011G245390	AT3G13460.1
OG0002865	As012G268900	AT1G55130.1
OG0002865	As011G245720	AT3G13772.1
OG0002866	As011G245990	AT1G54210.1
OG0002867	As011G246110	AT3G14070.1
OG0002867	As012G269170	AT1G54115.1
OG0002868	As011G247630, As012G270140	AT3G15460.1, AT1G52930.1
OG0002869	As012G271540	AT1G50740.1
OG0002869	As011G252800	AT3G20510.1
OG0002871	As011G262600	AT2G15130.1
OG0002872	As011G263520	AT4G21900.1, AT2G16650.1
OG0002873	As011G265610	AT2G18840.1
OG0002874	As011G267620	AT2G20900.1, AT4G28130.1
OG0002875	As012G271600	AT1G50900.1
OG0002876	As012G272980	AT1G49340.1
OG0002877	As012G281230	AT3G55020.1, AT2G39280.2
OG0002878	As012G282870	AT3G56380.2
OG0002879	As012G283630	AT3G57080.1, AT2G41340.1
OG0002880	As012G283930	AT3G57340.1, AT5G05750.1
OG0002890	As011G267320	AT2G20650.1
OG0002890	As001G000270	AT4G28370.1
OG0002891	As007G179070	AT2G23910.1
OG0002891	As001G002500	AT4G30470.1
OG0002892	As007G176760	AT2G25190.1
OG0002893	As001G004560	AT4G32120.1, AT2G25300.1
OG0002894	As010G226250	AT3G44340.1
OG0002894	As001G005380	AT4G32640.1
OG0002895	As006G131970	AT2G25940.1
OG0002895	As001G005770	AT4G32940.1
OG0002896	As001G012130	AT4G33700.1
OG0002896	As011G262260	AT2G14520.1
OG0002897	As001G014440	AT4G34740.1
OG0002897	As011G263470	AT2G16570.1
OG0002898	As001G014610	AT3G16620.1
OG0002899	As001G016720	AT1G32210.1, AT2G35520.2
OG0002900	As004G079980	AT2G35658.2
OG0002900	As001G017470	AT4G16840.1
OG0002901	As001G021000	AT1G60810.1
OG0002902	As001G021920	AT1G61790.1
OG0002903	As001G022250	AT1G15160.1, AT1G15150.1, AT1G15180.1, AT1G15170.1
OG0002904	As008G182720	AT1G14700.1
OG0002904	As001G023030	AT2G01890.1
OG0002905	As001G026940	AT3G28200.1
OG0002906	As001G031240	AT1G63640.3, AT5G41310.1
OG0002907	As002G049140	AT5G57440.1
OG0002907	As002G032540	AT4G25840.1
OG0002908	As002G034870, As002G049680	AT5G58003.1
OG0002909	As002G036070	AT3G10600.1
OG0002909	As009G214320	AT5G04770.1
OG0002910	As009G212330	AT5G06330.1, AT5G05657.1
OG0002910	As002G037490	AT3G11660.1
OG0002911	As002G039050	AT3G12400.2, AT5G13860.1
OG0002912	As002G045830	AT5G53760.1
OG0002912	As006G132290	AT1G26700.1
OG0002913	As002G046250	AT5G54490.1, AT4G27280.1
OG0002914	As002G047770, As006G134250	AT4G26540.1
OG0002915	As002G049850	AT5G58050.1, AT5G58170.1
OG0002916	As002G050530	AT1G27430.1, AT1G24300.1
OG0002917	As002G051300	AT5G11950.1, AT5G26140.2
OG0002918	As002G054630	AT5G23200.1, AT5G08270.1
OG0002919	As002G055050	AT5G07740.2
OG0002920	As002G055540	AT5G62100.1
OG0002921	As003G055710	AT4G17360.1
OG0002921	As004G091060	AT5G47435.1
OG0002922	As004G089490	AT5G46870.1
OG0002923	As003G059680	AT4G21650.1, AT4G21640.1, AT4G21630.1
OG0002924	As004G085010	AT4G12110.1
OG0002924	As003G060750	AT4G22756.1
OG0002925	As003G060930	AT4G11911.1
OG0002926	As003G062430, As004G083750	AT1G33040.1, AT4G10480.1
OG0002927	As004G083280, As004G083270	AT4G09990.1
OG0002927	As003G062980	AT1G33800.1
OG0002928	As003G063290	AT1G34210.1
OG0002928	As010G234620	AT1G71830.1
OG0002929	As003G063510	AT1G34760.1
OG0002930	As003G069000	AT1G28350.1
OG0002931	As003G071890	AT4G35600.2
OG0002932	As003G073230	AT4G37100.1
OG0002932	As007G179420	AT2G23520.1
OG0002933	As003G073620	AT4G37390.1, AT1G59500.1, AT2G23170.1
OG0002934	As003G074190	AT4G37880.1
OG0002934	As007G180010	AT2G22690.1
OG0002936	As003G075770	AT4G39090.1
OG0002937	As003G075880, As003G075870	AT4G39000.1, AT4G38990.2
OG0002938	As003G076270	AT4G38550.2
OG0002938	As007G182120	AT2G20950.7
OG0002939	As004G080670	AT4G08500.1
OG0002940	As004G080970	AT2G34210.1, AT4G08350.1
OG0002941	As004G092810	AT4G12731.1, AT4G12735.1
OG0002942	As004G095150	AT4G14130.1
OG0002942	As011G255680	AT3G23730.1
OG0002943	As004G097800	AT5G41120.3, AT5G41130.3
OG0002944	As012G288390	AT3G62570.1
OG0002944	As005G099470	AT2G47440.1
OG0002945	As011G262010, As005G099620	AT1G15720.1
OG0002946	As005G100780	AT2G46330.1
OG0002946	As012G287630	AT3G61640.1
OG0002947	As012G286270	AT3G60350.1
OG0002947	As005G102260	AT2G44900.1
OG0002948	As005G102730, As005G102740	AT5G24550.1, AT5G24540.1
OG0002949	As005G102770	AT2G44460.1, AT2G44470.3
OG0002950	As005G102900, As005G120840	AT5G66020.1
OG0002951	As005G103310	AT2G43880.1
OG0002952	As005G103620	AT2G43630.1, AT3G59640.1
OG0002953	As005G103850	AT2G43490.1
OG0002953	As012G285610	AT3G59570.3
OG0002955	As005G106570	AT5G01460.1
OG0002956	As005G112690	AT5G21030.2, AT5G21150.1
OG0002957	As010G225170	AT3G45600.1
OG0002957	As005G114440	AT5G60220.1
OG0002958	As007G178300, As005G115210, As005G115130, As005G115110	AT5G60000.1, AT5G22970.3
OG0002959	As005G118360	AT5G10350.1
OG0002960	As005G119270	AT5G67360.1
OG0002961	As005G120200	AT5G66560.1, AT3G50840.1
OG0002962	As006G120960	AT1G28700.1, AT1G28710.1, AT1G28695.1
OG0002963	As006G122220	AT4G00860.1
OG0002963	As008G198490	AT1G01170.1
OG0002964	As006G123120	AT4G02300.1
OG0002965	As006G124330	AT5G44210.1
OG0002966	As008G197040	AT1G03930.1
OG0002966	As006G124460	AT5G44100.1
OG0002967	As006G124650	AT5G43930.4
OG0002967	As008G196470	AT1G04140.2
OG0002968	As008G196450	AT1G04160.1
OG0002968	As006G124680	AT5G43900.3
OG0002969	As008G196060	AT1G04520.1
OG0002969	As006G125390	AT2G33330.1
OG0002970	As006G125530	AT2G33230.1
OG0002970	As008G195970	AT1G04610.1
OG0002971	As008G195980	AT1G04600.1
OG0002971	As006G125540	AT2G33240.1
OG0002972	As008G195210	AT1G05170.2
OG0002972	As006G126330	AT2G32430.1
OG0002973	As008G193960	AT1G06190.5
OG0002973	As006G127510	AT2G31150.1
OG0002974	As006G129330	AT2G28890.1, AT1G07630.1
OG0002975	As006G132020	AT4G32830.1, AT2G25880.3
OG0002976	As006G133020	AT5G14500.2, AT3G01590.1
OG0002977	As006G133120	AT3G01520.1
OG0002977	As009G200420	AT5G14680.1
OG0002978	As006G134070	AT5G58850.1, AT5G11050.1
OG0002979	As006G134610	AT5G55400.1, AT4G26700.1
OG0002980	As006G138640	AT3G05290.1
OG0002980	As009G206310	AT5G27520.1
OG0002981	As006G139720	AT5G19060.1
OG0002982	As006G144850	AT2G36300.1
OG0002983	As006G145220	AT2G36680.1
OG0002983	As012G276680	AT3G53120.1
OG0002984	As006G145240	AT2G36710.1, AT2G36700.1
OG0002985	As006G145790, As006G145780	AT2G37160.2
OG0002987	As007G152650	AT1G16110.1, AT1G16120.1, AT1G16160.1
OG0002988	As010G238160	AT1G75420.1
OG0002988	As007G155970	AT1G19710.1
OG0002989	As007G160830, As007G160820	AT4G24974.1, AT4G24975.1, AT4G24973.1, AT1G04645.1
OG0002990	As010G229850, As007G161280	AT1G25450.1
OG0002991	As007G165450	AT4G25520.1, AT4G25515.1
OG0002992	As008G185970	AT2G20805.1, AT2G20613.1, AT1G11510.1
OG0002993	As008G188150	AT1G09620.1
OG0002994	As008G195400	AT5G40170.1
OG0002995	As008G197220	AT1G03280.1
OG0002996	As009G211470	AT5G26730.1
OG0002997	As009G207200	AT5G28900.1, AT5G28850.2
OG0002998	As009G211120	AT5G06910.1
OG0002999	As009G213270	AT5G05450.1
OG0003000	As009G217860	AT5G61220.1
OG0003001	As009G218700	AT5G62230.1
OG0003002	As010G225190	AT3G45577.1, AT3G45590.1
OG0003003	As010G241350	AT1G17350.2, AT1G72420.1
OG0003004	As011G246950	AT1G53450.1, AT3G14830.1
OG0003005	As011G248900	AT3G16630.1
OG0003006	As012G274340	AT4G16155.1
OG0003006	As011G249140	AT3G16950.2
OG0003007	As011G249150	AT3G16980.1
OG0003008	As012G273130	AT1G48760.1
OG0003009	As011G251640	AT3G19570.2
OG0003009	As012G272550	AT1G49890.1
OG0003010	As012G271740	AT1G51130.1
OG0003010	As011G253010	AT3G20760.1
OG0003011	As011G255440	AT3G23550.1, AT3G23560.1
OG0003012	As011G256320, As011G256300	AT3G24300.1
OG0003013	As011G263620	AT2G16780.1, AT4G35050.1
OG0003014	As011G264920	AT2G17980.1
OG0003015	As011G266410	AT2G19720.1
OG0003016	As012G271370	AT1G51680.1, AT3G21240.1
OG0003017	As012G271460	AT1G51570.1
OG0003018	As012G281520	AT3G55180.1, AT2G39400.1
OG0003019	As012G282450, As012G282290	AT3G15000.1
OG0003020	As012G285870	AT2G44040.1, AT3G59890.1
OG0003033	As001G000700	AT4G28770.2
OG0003033	As011G266880	AT2G20230.1
OG0003034	As001G002000, As001G001990, As001G001960, As001G001980, As001G001970	AT4G30067.1, AT4G30064.1, AT2G29045.1
OG0003035	As001G005220	AT3G32380.1
OG0003036	As001G012870	AT4G34220.1, AT2G15300.1
OG0003038	As001G015900	AT1G31310.1, AT2G35640.1
OG0003039	As001G020340	AT1G59820.1
OG0003040	As001G020420	AT1G59950.1, AT1G59960.1
OG0003041	As001G021030	AT1G60783.1
OG0003041	As008G186920	AT1G10690.1
OG0003042	As001G026770	AT3G27880.1
OG0003044	As008G185100	AT1G12270.1
OG0003044	As001G031920	AT1G62740.1
OG0003046	As002G045170, As002G045180	AT5G53430.1, AT4G27910.1
OG0003048	As005G116650	AT5G63670.1
OG0003048	As002G054230	AT5G08565.1
OG0003049	As004G089930	AT5G47120.1
OG0003050	As003G060760	AT4G22758.1
OG0003051	As003G060980	AT4G22990.2
OG0003051	As004G084740	AT4G11810.1
OG0003052	As004G080140	AT4G09630.1
OG0003052	As003G063420	AT1G34550.1
OG0003053	As004G080710	AT4G08180.1
OG0003053	As003G064290	AT2G31020.1
OG0003054	As003G065530	AT1G47500.1, AT1G47490.1
OG0003055	As003G068720	AT1G28240.1
OG0003056	As003G068860	AT2G33790.1
OG0003057	As003G071950	AT4G35655.1
OG0003057	As011G264610	AT2G17660.1
OG0003058	As007G179280	AT2G23630.2
OG0003058	As003G073190	AT4G37160.1
OG0003059	As004G078830	AT2G35100.1
OG0003059	As004G087400	AT5G44930.1
OG0003060	As004G085950	AT4G04910.1
OG0003061	As004G091040	AT5G47450.1
OG0003062	As004G091700	AT5G35380.1, AT2G07020.1
OG0003063	As011G256870	AT3G24670.1
OG0003063	As004G093720	AT4G13210.2
OG0003064	As004G095360	AT3G23325.1
OG0003065	As004G096320	AT4G15250.1, AT3G21880.2
OG0003066	As005G098610	AT1G63900.1
OG0003066	As012G288910	AT1G59560.1
OG0003067	As012G286910	AT3G60800.1
OG0003068	As005G103410	AT3G59790.1
OG0003070	As010G226890	AT3G43430.1
OG0003071	As010G225530	AT3G45210.1
OG0003072	As005G114410	AT5G60270.1
OG0003073	As005G117990, As006G139190	AT3G05810.1
OG0003074	As010G221490	AT3G49750.1
OG0003074	As005G118890	AT5G65830.1
OG0003075	As005G118970	AT5G65920.1
OG0003075	As010G221440	AT3G49810.1
OG0003076	As005G119750	AT5G66880.1, AT3G50500.2
OG0003078	As005G120710, As005G120690	AT5G66140.1
OG0003079	As006G121290	AT4G00680.2
OG0003079	As008G199130	AT1G01750.2
OG0003080	As006G127070	AT2G31650.1
OG0003080	As008G194380	AT1G05830.1
OG0003081	As009G218020	AT5G61412.1
OG0003082	As006G128060	AT2G30490.1
OG0003083	As008G192920	AT1G07300.3
OG0003084	As006G130370	AT2G27710.1
OG0003085	As006G130800	AT2G27285.1, AT1G55928.1, AT2G27280.1
OG0003087	As006G136280	AT3G03250.2
OG0003087	As009G203210	AT5G17310.2
OG0003088	As006G138140	AT3G22560.1
OG0003089	As006G139090	AT3G05710.2, AT5G26980.1
OG0003090	As009G204770, As009G204780	AT5G18960.1
OG0003090	As006G139800, As006G139810	AT3G06250.1
OG0003091	As012G278880	AT3G51770.2
OG0003093	As010G243940	AT1G80280.1
OG0003093	As007G152110	AT1G15490.1
OG0003094	As007G153470	AT1G17050.1
OG0003095	As007G153700	AT1G17270.1, AT5G50420.1
OG0003096	As007G159050	AT5G42500.1, AT5G42510.1, AT1G22900.1
OG0003097	As007G160110	AT1G27190.1, AT1G69990.1
OG0003099	As010G221090, As008G186160	AT5G51360.1, AT3G50373.1
OG0003100	As008G193240	AT2G30460.1
OG0003101	As009G200630	AT5G14895.1
OG0003101	As009G206010	AT3G01430.1
OG0003102	As009G211480	AT5G13825.1
OG0003103	As009G218070	AT5G61460.1, AT5G07660.1
OG0003104	As009G218270	AT5G61690.2
OG0003104	As009G218280	AT5G61730.2
OG0003105	As010G223280, As009G219090	AT3G47890.1, AT3G47910.2
OG0003106	As010G220410	AT3G51180.1
OG0003107	As010G223630	AT3G47460.2
OG0003108	As010G227010	AT3G43220.1
OG0003109	As010G240450	AT1G73260.1
OG0003110	As010G243040	AT1G54370.1
OG0003112	As012G268700, As011G245490	AT3G07980.1
OG0003113	As011G248020	AT3G15830.1, AT3G15820.1
OG0003115	As012G271390, As011G253330	AT1G51650.1
OG0003116	As011G255420	AT3G23530.1, AT3G23510.1
OG0003117	As011G257560	AT3G24790.2, AT4G13190.1
OG0003118	As011G259380	AT4G02050.1
OG0003119	As011G263390	AT2G16430.2
OG0003120	As011G263430	AT2G16500.1
OG0003121	As012G269010	AT3G13900.1, AT1G54280.1
OG0003122	As012G274910	AT2G34820.1, AT1G30670.1
OG0003124	As012G278130	AT2G37960.1
OG0003139	As001G001020	AT4G29180.2, AT4G29450.1
OG0003141	As001G013880, As001G013890	AT4G34370.1
OG0003142	As001G015570	AT4G35280.1
OG0003143	As004G083010	AT2G35740.1
OG0003143	As001G018020	AT4G16480.1
OG0003144	As008G186710	AT1G10850.1
OG0003144	As001G021150	AT1G60630.1
OG0003145	As001G021160	AT1G10870.2, AT1G60860.1
OG0003146	As001G023390	AT2G02220.1
OG0003147	As005G112830	AT5G41000.1
OG0003147	As001G025910	AT3G27020.1
OG0003148	As004G097620	AT5G40780.1
OG0003149	As001G027350	AT5G61720.1
OG0003150	As001G027700	AT3G29180.1
OG0003150	As004G078350	AT5G39430.1
OG0003151	As001G029590	AT5G36230.2
OG0003152	As001G030740	AT1G64190.1
OG0003152	As004G098120	AT5G41670.1
OG0003153	As001G030750	AT1G64185.1, AT5G41650.1
OG0003154	As004G097870	AT5G41260.1
OG0003154	As001G031280	AT1G63500.1
OG0003155	As009G214140, As002G036180	AT5G04940.1
OG0003156	As002G042480	AT1G48175.1
OG0003157	As006G134590, As002G047110	AT5G55260.2
OG0003158	As002G053170	AT5G10140.1
OG0003159	As003G058570	AT4G20380.8
OG0003160	As004G082280	AT5G42820.1
OG0003162	As004G079140	AT1G60740.1, AT1G65970.1
OG0003163	As004G085770	AT4G04745.1
OG0003164	As004G094040	AT4G13360.1
OG0003164	As011G256430	AT3G24360.1
OG0003165	As010G242190, As004G096240	AT1G78860.1, AT1G78850.1
OG0003166	As005G101140	AT2G45950.2
OG0003166	As012G287420	AT3G61415.1
OG0003167	As005G101620, As005G101630	AT2G44890.1, AT2G45510.1
OG0003168	As005G106450, As005G106500	AT3G08943.1, AT3G08947.1
OG0003169	As005G107740	AT3G09590.1, AT5G02730.1
OG0003170	As005G119110	AT5G67500.1
OG0003171	As006G122380	AT4G01450.2
OG0003172	As006G122440	AT4G01550.1
OG0003174	As006G124110	AT4G03340.1, AT1G03520.1
OG0003175	As008G195660	AT1G04860.1
OG0003175	As006G125860	AT2G32780.1
OG0003176	As006G125980, As006G125970	AT2G32870.1, AT2G32880.1
OG0003177	As006G128880	AT2G29450.1, AT2G29440.1
OG0003178	As006G133380	AT3G01930.2
OG0003178	As009G200280	AT5G14120.1
OG0003179	As006G133480	AT3G02020.1
OG0003179	As009G200340	AT5G14060.1
OG0003180	As009G207110	AT5G28680.1
OG0003180	As006G137880	AT3G04690.1
OG0003181	As006G138760	AT1G09100.1, AT3G05530.1
OG0003182	As006G142190	AT3G08940.2, AT5G01530.1
OG0003183	As006G143710	AT2G39210.1
OG0003184	As006G144650	AT2G36100.1
OG0003185	As006G148040	AT2G38185.4, AT2G38220.1, AT2G38195.1
OG0003186	As007G154910	AT1G18500.1
OG0003186	As010G239450	AT1G74040.1
OG0003187	As010G237510	AT1G75990.1
OG0003187	As007G156370	AT1G20200.1
OG0003188	As007G156780	AT1G20693.1
OG0003189	As007G156790	AT1G20700.1
OG0003190	As010G235870	AT1G77540.1
OG0003190	As007G157810	AT1G21770.1
OG0003193	As007G162010	AT1G24330.1
OG0003194	As007G178260	AT4G31000.1, AT2G24300.3
OG0003195	As007G180480	AT2G22140.1, AT2G21800.2
OG0003197	As008G184830	AT1G12400.3
OG0003199	As008G190490	AT2G14720.1, AT2G14740.1
OG0003200	As008G190800	AT1G08430.1
OG0003201	As008G194490	AT1G50920.1, AT1G10300.1
OG0003202	As008G197050	AT1G03910.2
OG0003203	As009G206950	AT5G28050.3, AT3G05300.1
OG0003204	As009G214600	AT5G04460.1
OG0003206	As009G215340	AT5G25360.3
OG0003207	As009G217560	AT5G60840.1
OG0003208	As010G236670, As010G236680	AT1G76770.1
OG0003209	As011G246360	AT3G14250.1
OG0003210	As011G246440	AT3G19140.1
OG0003212	As011G248070	AT3G15870.1
OG0003213	As011G248330	AT3G16175.1, AT1G52191.1
OG0003214	As011G250070	AT3G18030.1
OG0003215	As011G250690	AT1G48940.1
OG0003216	As011G265500	AT2G18190.1, AT2G18193.1
OG0003217	As011G267290	AT2G20610.1
OG0003218	As012G270030	AT1G53060.1, AT1G53070.1
OG0003219	As012G271490	AT1G51540.1
OG0003220	As012G272530	AT1G49910.1
OG0003221	As012G275000	AT5G51845.1, AT5G23212.1
OG0003222	As012G281200	AT3G55000.1, AT3G55005.1
OG0003223	As012G282130	AT4G32530.2, AT2G25610.2
OG0003224	As012G282320, As012G282440	AT3G55960.1
OG0003225	As012G284760	AT3G56150.1
OG0003226	As012G285770	AT2G43795.2
OG0003247	As001G002660	AT4G30620.1
OG0003247	As007G178960	AT2G24020.1
OG0003248	As001G002810, As007G178580	AT2G24050.1
OG0003249	As001G004570	AT4G32130.1, AT2G25310.1
OG0003250	As001G004950	AT4G32410.1, AT2G25540.1
OG0003251	As001G010070	AT4G15280.2, AT4G15260.1
OG0003252	As001G012160	AT4G33720.1
OG0003253	As006G124430, As006G124420, As001G012340	AT5G44120.3
OG0003254	As001G012950, As001G013440	AT2G41930.1
OG0003255	As001G015840	AT1G31200.1
OG0003255	As004G078910	AT1G10155.1
OG0003256	As001G024690	AT1G13230.1, AT3G25670.1
OG0003257	As001G026920	AT3G28150.1, AT5G40180.1
OG0003258	As004G077970	AT5G38790.1
OG0003258	As001G028150	AT3G30580.1
OG0003259	As001G032020, As001G032030	AT1G62540.2, AT1G62560.1, AT1G65860.1, AT1G62570.1
OG0003260	As002G043840	AT3G56060.1
OG0003261	As002G044910	AT5G53100.1
OG0003263	As006G134380	AT4G26960.1
OG0003263	As002G046720	AT5G54970.1
OG0003264	As002G051950	AT5G11300.1, AT5G25380.4
OG0003265	As002G052510	AT5G10720.1
OG0003266	As009G217180	AT5G23320.2
OG0003266	As002G054550	AT5G08335.1
OG0003267	As002G054690	AT5G08180.1
OG0003268	As003G057170	AT4G18690.1
OG0003271	As003G068290	AT1G28060.1, AT3G55930.1
OG0003272	As003G071130	AT1G30550.2, AT1G30545.2
OG0003273	As012G274890	AT2G34840.1
OG0003274	As003G071680	AT4G35410.2
OG0003275	As011G264570	AT2G17630.1
OG0003275	As003G071920	AT4G35630.1
OG0003276	As003G072620	AT4G36450.1
OG0003276	As011G265520	AT2G18170.1
OG0003277	As003G072780	AT2G18340.1
OG0003278	As003G076070	AT4G38790.1
OG0003279	As003G076080	AT4G38770.1
OG0003280	As004G079190	AT2G35605.1
OG0003281	As004G087980	AT5G45440.1
OG0003282	As004G092460	AT5G35753.1, AT2G05230.1, AT2G05250.1
OG0003283	As004G093520	AT4G13100.2
OG0003284	As004G094590	AT4G13710.1, AT3G24230.1
OG0003285	As004G094820	AT4G13780.1
OG0003286	As004G095820	AT4G14723.1, AT3G22820.1
OG0003287	As004G096020	AT4G14880.1, AT3G22460.1
OG0003288	As005G099390	AT2G47510.1
OG0003289	As005G103340	AT2G43860.1
OG0003290	As005G107020	AT5G01050.1, AT5G01040.1
OG0003293	As005G116260	AT5G63370.1
OG0003295	As010G221600	AT3G49670.1
OG0003295	As005G118770	AT5G65700.1
OG0003296	As005G120210	AT5G49560.1
OG0003296	As010G220690	AT3G50850.1
OG0003297	As005G120390	AT5G66410.1
OG0003298	As006G124470	AT5G44090.2
OG0003298	As008G196710	AT1G03960.1
OG0003299	As006G126230	AT2G32580.1, AT1G05070.1
OG0003300	As006G128530	AT1G07175.1, AT2G29995.1
OG0003301	As006G130610	AT2G27100.1
OG0003302	As006G131610	AT2G26450.1, AT4G33230.1
OG0003304	As006G133920	AT5G01870.1
OG0003304	As006G142030	AT3G08770.2
OG0003305	As009G202840	AT5G16880.1
OG0003306	As006G138040	AT3G04830.1, AT5G28220.1
OG0003307	As006G138370	AT5G27320.1
OG0003308	As006G141290	AT3G07580.1, AT5G48335.1
OG0003309	As006G148620, As009G212270	AT4G00130.1, AT4G25210.1
OG0003310	As007G153460	AT1G17040.2
OG0003310	As010G241900	AT1G78540.2
OG0003311	As007G153610	AT1G17180.1
OG0003312	As010G240150	AT1G73500.1
OG0003312	As007G154450	AT1G18350.1
OG0003313	As010G239970	AT1G73640.1
OG0003313	As007G154590	AT1G18200.1
OG0003314	As010G238780, As007G155340	AT1G74750.1, AT1G18900.3
OG0003315	As007G157170	AT1G21200.1
OG0003316	As007G158290	AT1G22260.1, AT1G22275.1
OG0003317	As007G158600	AT1G22590.2
OG0003318	As007G159430	AT1G23280.1
OG0003319	As007G160400	AT1G69670.1
OG0003320	As007G161580	AT1G24909.1, AT1G24807.1, AT1G25155.1, AT1G25083.1
OG0003321	As007G176610	AT2G25220.2
OG0003322	As008G185720	AT1G11680.1
OG0003323	As008G192340, As008G192600	AT2G14510.2, AT2G14440.1
OG0003324	As009G200870, As009G200840	AT3G01260.1
OG0003325	As009G206630, As009G206770	AT5G27220.1
OG0003326	As009G211740	AT5G06720.1
OG0003327	As009G213040	AT3G55870.3
OG0003329	As010G229480	AT1G67870.1
OG0003330	As010G232880	AT1G69850.1, AT1G27040.1
OG0003331	As010G235720	AT1G77700.1
OG0003332	As010G238330	AT1G19480.1, AT1G75230.2
OG0003333	As010G239610	AT1G73890.1
OG0003334	As010G242170	AT1G78830.1, AT1G78820.1
OG0003335	As010G242230	AT1G78895.1
OG0003336	As012G268160, As011G245170	AT3G13290.1, AT3G13300.1
OG0003337	As012G274170	AT1G47970.1
OG0003338	As011G254220	AT3G22220.1, AT4G15020.1
OG0003339	As012G269870	AT3G15010.1
OG0003340	As012G283900	AT3G57360.1
OG0003341	As012G284510, As012G284500	AT1G65870.1
OG0003342	As012G284940	AT2G42650.1
OG0003343	As012G288080	AT3G62120.1
OG0003359	As001G004550	AT4G32090.1
OG0003360	As001G004820	AT4G32330.1, AT2G25480.2
OG0003361	As001G006980	ATMG00510.1
OG0003362	As001G012370	AT2G14690.1, AT4G33810.2, AT4G33820.1
OG0003363	As001G012710	AT4G34290.1
OG0003363	As011G262480	AT2G14880.1
OG0003364	As001G014620	AT4G34900.1, AT4G34890.1
OG0003366	As001G017300, As004G079860	AT4G17080.1, AT2G35170.1
OG0003367	As001G023260	AT2G02061.1, AT1G14590.1
OG0003368	As001G023790	AT1G42615.1, AT2G02955.1
OG0003370	As008G184030	AT1G13350.3, AT3G53640.1
OG0003370	As001G024850	AT3G25840.1
OG0003371	As004G097400	AT5G40540.1
OG0003371	As001G026520	AT3G27560.1
OG0003372	As001G027560	AT3G29010.1
OG0003373	As004G077410	AT5G37800.1
OG0003374	As001G029750	AT1G64990.1
OG0003375	As001G031110	AT1G63800.1
OG0003376	As002G033240, As002G032580	AT4G25900.1
OG0003377	As002G048700	AT5G57020.1
OG0003378	As002G040740	AT5G49980.1, AT4G24390.1
OG0003380	As002G049460	AT5G57800.1
OG0003381	As002G049570	AT4G28085.1, AT5G57887.1
OG0003382	As002G053070	AT5G65010.2, AT5G10240.1
OG0003383	As009G218010	AT5G61410.1
OG0003384	As003G057350	AT4G19030.1, AT4G18910.1
OG0003385	As003G058630, As004G086710	AT4G20440.1
OG0003386	As008G183260, As008G183150, As011G253860, As003G060190	AT4G22105.1, AT4G22115.1
OG0003387	As004G083680	AT4G10390.1
OG0003389	As003G069450	AT3G19515.2, AT1G29030.1
OG0003390	As003G070950	AT1G30410.1, AT1G30420.1
OG0003391	As011G265200, As003G072890	AT4G36690.1
OG0003392	As003G074460	AT4G38080.1
OG0003392	As007G180200	AT2G22510.1
OG0003393	As003G074560	AT4G40100.1
OG0003394	As004G077150	AT5G37340.2
OG0003396	As004G084450	AT4G11320.1, AT4G11310.1
OG0003397	As004G088040	AT5G45550.1
OG0003398	As011G258010	AT3G25290.1
OG0003399	As004G094640	AT4G13770.1
OG0003400	As004G094890	AT4G13930.1, AT4G13890.1
OG0003401	As004G095800	AT4G14710.5
OG0003402	As004G096470	AT4G15417.2
OG0003403	As012G288800	AT3G62950.1
OG0003403	As005G098850	AT2G47870.1
OG0003404	As005G099700	AT2G47240.1
OG0003405	As012G285790, As005G103390	AT2G43810.1, AT3G59810.1
OG0003406	As005G104810	AT2G03850.1
OG0003407	As005G106080, As005G106190	AT5G01770.1
OG0003407	As006G142110	AT3G08850.1
OG0003408	As010G221480	AT3G49760.1
OG0003409	As005G119220	AT5G67400.1, AT3G49960.1
OG0003410	As006G121820	AT4G01280.2
OG0003410	As008G198740	AT1G01520.1
OG0003411	As006G123300	AT4G02510.1
OG0003412	As006G126310	AT2G32450.1
OG0003412	As008G195230	AT1G05150.1
OG0003413	As006G127980	AT2G30570.1
OG0003414	As006G128650	AT2G29700.1
OG0003414	As009G213050	AT5G05710.1
OG0003415	As006G133010, As006G132990	AT3G01600.1, AT5G14490.3
OG0003416	As009G202130	AT5G16230.1
OG0003416	As006G135620	AT3G02620.2, AT3G02610.2
OG0003418	As006G138650	AT3G05280.1, AT5G27490.1
OG0003419	As006G139780	AT3G06210.1
OG0003419	As009G204810	AT5G18980.1
OG0003420	As006G142690, As006G142680	AT2G40250.1
OG0003421	As006G144990	AT1G66950.1
OG0003422	As006G146040	AT2G37360.1
OG0003422	As012G277250	AT3G53510.1
OG0003423	As006G146860	AT2G37800.1, AT2G37805.1, AT2G37810.1
OG0003424	As006G147230	AT2G38620.2
OG0003425	As007G152070	AT1G15460.1, AT1G74810.1
OG0003426	As007G153720	AT1G17280.4
OG0003427	As007G156960	AT1G20920.1
OG0003428	As007G157140	AT1G21140.1, AT3G43660.1, AT3G43630.1
OG0003429	As007G157150	AT1G21170.2
OG0003429	As010G236620	AT1G76850.1
OG0003430	As007G160070	AT1G24190.3
OG0003430	As010G233060	AT1G70060.1
OG0003431	As007G160430	AT1G26870.1
OG0003432	As007G161360	AT1G25380.1
OG0003433	As007G176830	AT2G25080.1, AT4G31870.1
OG0003434	As007G179680	AT2G23200.1
OG0003435	As008G199000	AT1G01640.1
OG0003436	As008G188270, As008G188260	AT1G09520.1
OG0003437	As009G200110	AT5G50960.1
OG0003438	As009G200700	AT3G01330.1, AT5G14960.1
OG0003439	As009G203440	AT5G17510.1
OG0003440	As009G203860	AT4G08580.1, AT5G17900.1
OG0003441	As009G218660	AT5G62180.1
OG0003442	As009G219280	AT3G48040.1
OG0003443	As010G222150	AT3G49140.1
OG0003444	As010G223080	AT3G48090.1, AT3G48080.1
OG0003445	As010G225730	AT5G22950.1
OG0003446	As010G233880	AT1G70985.1, AT1G23050.1
OG0003447	As010G235060	AT1G72175.1
OG0003448	As010G242830	AT1G79450.1, AT1G16360.2
OG0003449	As011G244700	AT3G12830.1
OG0003450	As012G268610	AT1G55365.1
OG0003450	As011G245440	AT3G13500.1
OG0003451	As011G249780, As011G249760	AT3G17700.1
OG0003452	As011G250120	AT3G18080.1, AT3G18070.1
OG0003453	As011G250250	AT3G18180.1
OG0003454	As011G262740	AT2G15490.1, AT2G15480.2
OG0003455	As011G263340	AT4G34600.1, AT2G16385.1
OG0003456	As012G270150	AT1G52920.1
OG0003456	As011G267510	AT2G20770.1
OG0003457	As012G281150	AT3G54980.1
OG0003458	As012G286630, As012G286600	AT3G12990.1
OG0003481	As001G001730	AT4G29840.1
OG0003482	As011G265570	AT4G30330.1
OG0003482	As001G002340	AT2G18740.1
OG0003483	As001G003300	AT1G47578.1
OG0003484	As001G004940	AT4G32400.1
OG0003485	As005G117350, As001G010570	AT4G33580.2
OG0003486	As011G253710, As011G257690	AT1G68845.1
OG0003487	As001G018480	AT1G08730.1, AT1G54560.1
OG0003488	As001G019520	AT1G57980.1, AT1G57990.1
OG0003489	As001G020530	AT1G60030.1, AT1G10540.1
OG0003490	As008G186500	AT1G11120.1
OG0003491	As001G026430	AT3G27460.4, AT5G40550.3
OG0003492	As001G029250	AT1G65820.3
OG0003493	As002G035090	AT3G09970.1, AT3G09960.1
OG0003494	As002G039730	AT5G49700.1
OG0003495	As002G043280, As010G230860	AT5G51270.1
OG0003496	As002G044500	AT5G52820.1
OG0003498	As002G052050	AT5G11180.2
OG0003499	As002G053620	AT5G09650.1
OG0003500	As002G053920	AT5G09350.1
OG0003500	As005G117030	AT5G64070.1
OG0003501	As002G053940	AT5G09320.1, AT3G19770.1
OG0003502	As003G059690	AT4G21660.3, AT1G11520.1
OG0003503	As003G061590	AT4G23560.1, AT4G09740.1, AT3G42153.1
OG0003504	As004G080010	AT4G09810.1
OG0003504	As003G063140	AT1G34020.1
OG0003505	As003G063630	AT1G35230.1, AT4G09030.1
OG0003506	As003G071210	AT1G30620.1
OG0003507	As003G071290	AT1G30720.1
OG0003508	As011G264580	AT2G17640.1
OG0003508	As003G071930	AT4G35640.1
OG0003510	As003G073500	AT4G37270.1
OG0003511	As004G077480	AT5G37930.1
OG0003512	As004G082150	AT5G42960.1, AT1G45170.1
OG0003513	As004G086220	AT4G05190.1, AT4G21270.1
OG0003514	As004G088780	AT1G47760.1
OG0003515	As004G090550	AT4G17190.1
OG0003517	As011G258520, As004G092880	AT4G12770.1, AT4G12780.1
OG0003518	As011G257380	AT3G25040.1
OG0003519	As004G094410	AT4G13520.1
OG0003520	As011G255310, As004G095400, As004G095420	AT3G23300.1, AT4G14360.1
OG0003521	As005G101360	AT5G49200.1, AT5G40880.1
OG0003522	As005G102020, As012G286680	AT2G45110.1, AT1G65681.1
OG0003523	As005G104950	AT3G58100.2
OG0003524	As005G116500	AT5G63570.1
OG0003525	As005G118370	AT5G65270.1
OG0003526	As010G221590	AT3G49680.1
OG0003527	As005G119570	AT5G67100.1
OG0003528	As006G128300	AT2G30210.1
OG0003529	As006G132680	AT4G26990.1
OG0003530	As009G201820	AT5G15980.1
OG0003530	As006G135480	AT3G02490.1
OG0003531	As006G139510	AT5G19310.1
OG0003533	As006G143930, As006G143600	AT1G61280.1, AT2G39445.1
OG0003534	As012G281180, As006G143730	AT2G39250.1
OG0003535	As006G145120	AT2G36540.1
OG0003536	As007G153480	AT1G17060.1
OG0003537	As010G240100	AT1G73570.1
OG0003537	As007G154540	AT1G18260.1
OG0003538	As007G155370	AT1G18950.2
OG0003539	As007G158680	AT1G72000.1
OG0003540	As007G159330	AT1G23190.1, AT1G70730.3
OG0003541	As007G159720	AT1G23760.1
OG0003541	As010G233300	AT1G70370.1
OG0003544	As007G161850	AT5G37190.1, AT4G00930.1
OG0003545	As008G186910	AT5G25780.1, AT5G27640.2
OG0003546	As008G194740	AT2G31945.1, AT1G05575.1
OG0003547	As009G203240	AT5G17330.1
OG0003549	As009G207460, As009G207450	AT5G49460.1
OG0003550	As009G209470	AT5G48660.1
OG0003551	As009G215900	AT5G24660.1, AT5G24655.1
OG0003553	As009G219420	AT5G63030.1
OG0003554	As010G220780, As010G220790	AT3G50740.1
OG0003555	As010G222500	AT4G01780.1, AT3G48670.1
OG0003556	As010G234140	AT1G22920.1, AT1G71230.1
OG0003558	As010G242270	AT1G16780.1
OG0003559	As010G242900	AT1G79500.1, AT1G16340.4
OG0003560	As012G269530	AT1G53660.3
OG0003561	As011G246970	AT3G14850.2
OG0003562	As011G249020	AT3G16830.1
OG0003563	As012G272950	AT3G18880.1
OG0003564	As012G271290	AT1G51770.1
OG0003565	As011G255630, As011G255600	AT4G14150.1
OG0003567	As011G265090	AT2G18680.1, AT2G18690.1
OG0003568	As012G285390	AT4G10320.1
OG0003584	As001G001330	AT4G29470.1
OG0003585	As004G094370, As001G001560	AT3G55620.1
OG0003586	As001G002510	AT4G30480.2
OG0003587	As001G004330	AT2G25710.1
OG0003588	As009G214690, As009G214680	AT5G04350.1
OG0003588	As001G010330, As001G025770	AT5G04347.2
OG0003589	As001G013500	AT1G44542.1, AT4G34180.1
OG0003591	As008G187420	AT1G10210.1
OG0003591	As001G020120	AT1G59580.1
OG0003592	As001G021480	AT1G61120.1
OG0003593	As001G023410	AT2G02360.1
OG0003594	As001G023630	AT2G02740.1, AT1G14410.1
OG0003595	As001G027090, As001G027080	AT3G28480.2
OG0003596	As001G028140	AT3G30530.1
OG0003597	As008G184580	AT1G12740.2
OG0003598	As002G034020	AT3G09190.1, AT3G09035.1
OG0003599	As002G036480	AT3G10900.1, AT3G30540.1, AT3G10890.1
OG0003600	As002G037270	AT2G02765.1, AT3G11470.1
OG0003601	As002G038900	AT3G12340.1
OG0003603	As002G045060	AT5G53360.1
OG0003604	As002G045700	AT4G27530.1, AT5G53895.1
OG0003605	As002G046590	AT3G62230.1
OG0003606	As006G134260	AT4G26550.1
OG0003606	As002G047760	AT5G56020.1
OG0003608	As002G052010	AT1G07830.1
OG0003609	As002G053090, As002G053080	AT5G10220.1, AT5G10230.1
OG0003610	As005G117640, As002G053540	AT5G09770.1, AT5G64650.1
OG0003611	As003G056740	AT4G18372.1
OG0003612	As003G056880	AT4G18440.1, AT1G36280.1
OG0003613	As003G061640	AT5G26710.1
OG0003614	As003G067760	AT1G27940.1, AT1G28010.1
OG0003615	As003G069250	AT1G28960.1
OG0003616	As003G072090	AT4G35785.2
OG0003617	As004G080040	AT4G09760.1
OG0003618	As004G080680	AT3G53270.1
OG0003619	As004G080810	AT3G10780.1
OG0003620	As004G086980	AT5G44600.1, AT5G44590.1
OG0003621	As004G087120	AT5G44720.1
OG0003622	As004G089020	AT5G46550.1
OG0003623	As004G089520	AT5G17950.1
OG0003625	As005G099540	AT2G47370.1, AT5G28660.1, AT2G16760.1
OG0003626	As012G288200	AT3G62260.2
OG0003627	As005G101300	AT2G45760.1
OG0003628	As005G102640	AT2G44525.1
OG0003629	As005G102860	AT2G44370.1
OG0003630	As012G285840	AT3G59870.1
OG0003630	As005G103250	AT2G43945.1
OG0003631	As005G112390	AT5G20920.1
OG0003632	As005G116550	AT1G14650.1
OG0003633	As010G220870	AT3G50650.1
OG0003633	As005G119880	AT5G66770.1
OG0003635	As005G120780	AT5G66080.1
OG0003636	As006G121740	AT1G01560.2
OG0003637	As006G123230	AT4G02430.4, AT1G02840.1
OG0003638	As006G123700	AT1G03130.1, AT4G02770.1
OG0003639	As006G131900	AT4G33010.1, AT2G26080.1
OG0003640	As006G133050	AT3G01560.1
OG0003640	As009G199910	AT5G14540.1
OG0003641	As006G138200	AT3G05100.1
OG0003642	As009G205990, As006G138720	AT3G05550.1
OG0003643	As006G143260	AT3G55590.1
OG0003644	As010G244340	AT1G79920.1, AT1G79930.1
OG0003645	As007G153070	AT1G16610.3, AT1G79100.1
OG0003647	As007G155620	AT5G45180.1, AT1G19250.1
OG0003648	As007G158410	AT1G22410.1
OG0003649	As007G161780	AT1G67800.2
OG0003650	As007G164430	AT3G58330.1
OG0003651	As008G184180	AT1G13160.1
OG0003652	As008G194280, As008G193860	AT1G06290.1, AT1G06310.1
OG0003653	As008G194560, As008G194590, As008G194680, As008G194690, As008G194540	AT1G05680.1, AT1G05675.1
OG0003655	As009G202850	AT5G16890.1
OG0003656	As009G203220	AT5G17320.1, AT1G34650.1
OG0003657	As009G209290	AT3G12630.1
OG0003658	As009G214410	AT5G04690.2, AT5G04680.1, AT5G04700.1
OG0003659	As009G218240	AT5G61650.1
OG0003660	As009G219910	AT5G58460.1, AT5G37060.1
OG0003661	As010G220530	AT3G51020.1, AT5G66370.1
OG0003662	As010G224350	AT3G46740.1, AT1G35860.1
OG0003663	As010G232730	AT1G69640.1
OG0003664	As010G236810	AT5G60900.1
OG0003665	As010G241450	AT1G17300.2
OG0003666	As010G243710	AT5G51280.1
OG0003667	As011G244920	AT3G13080.1
OG0003668	As011G245570	AT1G55290.1
OG0003669	As012G268950	AT1G55080.1
OG0003669	As011G245800	AT1G29580.1
OG0003670	As012G269210, As011G246210, As011G246190	AT3G14150.1, AT3G14130.1
OG0003671	As011G247450	AT3G15356.1, AT3G16530.1
OG0003672	As011G249210	AT2G18790.1
OG0003672	As012G274250	AT4G16250.1
OG0003673	As011G256420	AT3G24350.2
OG0003675	As011G260870	AT1G08065.1, AT5G56330.1
OG0003677	As012G270250	AT1G52855.1, AT3G15534.1
OG0003678	As012G271670	AT3G20650.1
OG0003679	As012G275890	AT3G52300.1
OG0003680	As012G275950	AT3G52430.1
OG0003681	As012G277550	AT3G53680.2
OG0003682	As012G282610	AT3G56100.1
OG0003683	As012G289380	AT3G51970.1
OG0003695	As001G000260	AT4G32490.1, AT4G28365.1
OG0003696	As001G002170	AT4G30170.1
OG0003698	As001G014650	AT4G34920.1
OG0003699	As003G063440	AT3G15750.1, AT1G34570.1
OG0003701	As001G023150	AT2G02000.1, AT2G02010.2
OG0003702	As006G146620, As001G025510	AT3G26620.1, AT3G26660.1
OG0003703	As001G028680	AT5G38110.1
OG0003704	As001G032010	AT1G62620.1, AT1G63370.1, AT1G62600.1
OG0003705	As002G038400, As002G033540, As002G033530, As002G033330, As002G038420	AT2G40890.1
OG0003706	As002G033350	AT1G51840.1
OG0003707	As002G041790	AT5G50200.1
OG0003708	As002G047410	AT5G55630.1
OG0003709	As002G048350	AT5G56680.1, AT1G70980.1
OG0003710	As002G050330	AT1G23160.1, AT5G13320.2
OG0003712	As003G058500	AT4G20300.2
OG0003713	As003G058930	AT5G44320.1, AT4G20980.1
OG0003714	As003G060420	AT4G22285.1, AT4G22350.2
OG0003715	As004G084520, As003G061370	AT4G11420.1
OG0003716	As012G283080	AT1G34540.1, AT3G56630.1
OG0003718	As012G283390, As003G068900, As012G283000, As012G283420, As003G068910	AT2G14830.1
OG0003719	As004G079960	AT5G02890.1
OG0003720	As004G080650	AT1G12350.1, AT5G02080.5
OG0003721	As004G084480	AT4G11360.1, AT4G11370.1
OG0003722	As004G093690	AT4G13195.1
OG0003723	As011G255400	AT3G23450.1
OG0003723	As004G095300	AT4G14301.1
OG0003724	As004G096690	AT3G21465.2, AT4G15640.1
OG0003726	As005G099480	AT2G47430.1
OG0003727	As005G100910	AT2G46180.1
OG0003728	As005G103260	AT2G43940.1
OG0003729	As005G103280	AT2G43910.1, AT2G43920.1
OG0003730	As012G284400	AT3G57990.1
OG0003731	As005G108120	AT5G03220.1
OG0003732	As005G115590	AT5G59490.1
OG0003733	As006G124860	AT5G43720.1, AT1G04230.1
OG0003734	As006G124980	AT5G43580.1
OG0003735	As006G125180	AT4G08878.1, AT5G43340.1, AT4G08895.1
OG0003736	As006G125840	AT2G32765.1
OG0003738	As006G127030	AT2G31710.1
OG0003738	As006G129750	AT1G05780.1
OG0003739	As006G127380	AT2G31305.1
OG0003740	As006G127670	AT2G30980.1, AT1G06390.1
OG0003741	As006G130380	AT2G27680.1
OG0003742	As006G131050	AT2G32560.1, AT2G26850.1
OG0003743	As009G201030, As006G135070	AT3G02090.2
OG0003744	As006G136120	AT5G41360.1, AT5G41370.1
OG0003747	As006G140970	AT3G07220.1
OG0003748	As006G141550	AT3G07810.2
OG0003749	As006G141820	AT3G08040.1
OG0003750	As006G143250	AT1G54110.2, AT3G55600.1
OG0003752	As007G153770, As007G153790	AT1G17340.1
OG0003753	As007G158090	AT1G22050.1
OG0003754	As007G160060	AT1G24180.1
OG0003755	As007G160580	AT1G26730.1, AT1G35350.1
OG0003756	As007G162820	AT4G24350.1, AT4G24340.1
OG0003758	As007G180320	AT2G22420.1
OG0003759	As008G182680	AT1G14750.3
OG0003762	As008G195820	AT2G33130.1, AT2G20660.1
OG0003763	As008G196490	AT1G04120.1
OG0003764	As008G198650	AT1G01340.2
OG0003765	As009G201670	AT5G15870.1, AT1G18310.1
OG0003766	As009G201910	AT5G16020.1
OG0003767	As009G217110	AT5G23420.1
OG0003768	As009G219380	AT3G28956.10, AT5G62950.1
OG0003769	As009G220100	AT5G58290.1
OG0003770	As010G223730	AT3G47360.1, AT3G47350.2
OG0003771	As010G223770	AT3G47300.1, AT5G58640.1
OG0003772	As010G226150	AT4G33790.1
OG0003773	As010G232260	AT1G69250.1
OG0003774	As010G232640	AT1G69523.1
OG0003775	As010G241780, As010G241710	AT1G78460.1
OG0003776	As010G242140	AT1G16910.1, AT1G78815.1
OG0003777	As010G242360	AT1G78990.1, AT1G32910.1
OG0003778	As011G251910, As012G272310, As012G272320	AT3G19820.1
OG0003779	As011G252740	AT3G20460.1
OG0003780	As011G253670	AT3G21280.1, AT1G51710.1
OG0003781	As011G256130	AT5G18990.1, AT3G24130.1
OG0003782	As011G260900	AT2G05160.1
OG0003783	As011G261510	AT2G05840.1
OG0003784	As012G268240	AT1G55670.1
OG0003785	As012G268460	AT5G51795.1, AT1G55460.1
OG0003786	As012G271300	AT1G51760.1
OG0003788	As012G278110	AT3G54040.2
OG0003791	As012G283110	AT3G56680.1, AT2G40960.1
OG0003792	As012G283540, As012G283530	AT3G57010.1
OG0003823	As001G000130	AT4G28240.1
OG0003824	As001G003930	AT4G31610.2
OG0003827	As001G014340	AT4G34630.1, AT5G48420.1
OG0003829	As001G016050	AT1G31650.1
OG0003830	As001G018400	AT1G54520.1
OG0003831	As008G187710, As001G019740	AT1G09950.1, AT1G58330.1
OG0003832	As001G022590	AT5G50650.1, AT5G50550.1, AT2G01470.1
OG0003833	As001G029870	AT2G30410.1
OG0003834	As001G030450	AT1G64520.1
OG0003835	As001G031760	AT1G62950.1
OG0003836	As002G034190	AT5G02120.1
OG0003837	As002G035690	AT5G09640.1
OG0003838	As002G043340	AT5G51380.1, AT5G51370.2
OG0003839	As002G046090	AT5G54300.1
OG0003840	As002G047330	AT5G55560.1
OG0003841	As006G134090	AT4G26390.1
OG0003841	As002G048100	AT5G56350.1
OG0003842	As002G050720	AT5G12940.1
OG0003843	As002G051750	AT5G11530.1
OG0003844	As004G088690, As003G056700	AT5G46210.1
OG0003845	As004G088260	AT4G18710.1
OG0003846	As003G061760, As003G061770	AT4G23690.1
OG0003847	As003G061780	AT4G23700.1
OG0003848	As003G062940, As003G062930	AT1G33760.1
OG0003849	As004G083190, As003G063100	AT1G33980.2
OG0003850	As003G066510	AT1G47210.2
OG0003851	As003G070320	AT1G29850.3
OG0003852	As003G072180	AT4G35890.1
OG0003853	As003G073840	AT4G37560.1, AT4G37550.5
OG0003854	As004G077370	AT5G37740.2
OG0003855	As004G080850	AT1G44780.1, AT4G08310.1
OG0003856	As004G080910	AT1G44170.1
OG0003857	As004G082830	AT5G42300.1
OG0003858	As004G082850	AT5G42270.1, AT1G50250.1
OG0003859	As004G084640	AT4G11650.1
OG0003860	As004G085360, As005G102330	AT2G44820.1
OG0003861	As004G088000	AT5G45510.1
OG0003862	As004G088680	AT5G46190.2, AT4G18375.2
OG0003863	As004G090680	AT5G47650.2
OG0003864	As012G288630, As005G099140	AT3G62770.1
OG0003865	As005G100390	AT2G46620.1
OG0003868	As005G114040	AT5G60690.1
OG0003869	As005G114220	AT5G60500.1, AT5G60510.1
OG0003870	As005G114300	AT5G60400.3
OG0003871	As005G114600, As010G224930	AT5G60030.1, AT1G75335.1
OG0003872	As006G121350	AT4G00620.1, AT4G00600.1
OG0003873	As006G122480	AT4G01590.1, AT4G35685.1
OG0003874	As006G123540	AT4G02720.1
OG0003876	As006G126090	AT2G31580.1, AT2G32320.2
OG0003878	As006G139920	AT3G06350.1
OG0003880	As006G148820, As006G148810	AT4G00920.1, AT2G02770.1, AT1G30060.1, AT2G01800.1, AT4G00580.1
OG0003881	As007G152470	AT1G80890.1
OG0003881	As010G243230	AT1G16000.1
OG0003882	As007G154510	AT1G18280.1
OG0003883	As007G158890	AT1G09400.1, AT1G17990.1, AT1G18020.1
OG0003884	As007G160570	AT1G26740.1
OG0003885	As007G163750	AT4G24940.1, AT5G50580.2, AT5G50680.1
OG0003886	As007G178360	AT4G30940.1
OG0003887	As008G182590	AT1G14850.1
OG0003888	As008G189140	AT1G23147.1, AT1G23145.1
OG0003889	As008G189240	AT1G08920.2
OG0003890	As008G194200	AT2G31400.1
OG0003891	As009G201620	AT5G15830.1
OG0003893	As009G204140	AT5G18250.1
OG0003894	As009G206320	AT5G27470.1
OG0003896	As009G207440	AT5G49470.2, AT1G67890.1
OG0003897	As009G212730	AT5G05970.2
OG0003898	As009G214230	AT5G05010.1
OG0003899	As009G215120	AT5G25757.1, AT5G25754.1
OG0003900	As010G221610	AT3G49660.1
OG0003901	As010G223350	AT3G47833.1
OG0003902	As010G224000	AT3G47070.1
OG0003903	As010G231110	AT4G39670.1
OG0003904	As010G236930	AT1G76530.1, AT1G76520.1
OG0003905	As010G237050	AT1G76430.1
OG0003906	As010G237540	AT1G23500.1
OG0003907	As010G237560, As010G237570	AT1G75920.1
OG0003908	As010G242240	AT1G78900.1
OG0003909	As010G242780	AT1G79410.1
OG0003910	As011G246310	AT3G14210.1
OG0003911	As011G246660, As011G246610	AT3G14510.1
OG0003912	As012G269980	AT1G53130.1
OG0003914	As012G270820	AT1G52260.1
OG0003914	As011G248290	AT3G16110.1
OG0003915	As011G251160	AT3G19030.1
OG0003916	As011G251860	AT3G19760.1
OG0003917	As011G252470	AT3G20210.1
OG0003918	As011G252890	AT3G20600.1, AT3G20590.1
OG0003919	As011G253850	AT3G21750.1
OG0003920	As011G254760	AT3G22840.1
OG0003921	As011G266120	AT2G19470.1, AT4G08800.1
OG0003922	As012G269750	AT1G53440.1, AT1G53430.1
OG0003923	As012G274150	AT1G47980.1
OG0003924	As012G278770	AT3G51800.2
OG0003925	As012G281550	AT3G55220.1, AT3G55200.1
OG0003926	As012G287150	AT3G61160.2
OG0003948	As001G001850	AT4G29950.1
OG0003948	As011G265930	AT2G19240.2
OG0003949	As001G002710	AT4G30640.1
OG0003950	As001G016530	AT1G32060.1
OG0003951	As001G018200, As001G018180, As011G264680	AT4G16380.3
OG0003952	As001G018840	AT1G56220.3
OG0003953	As001G021240	AT1G60989.1
OG0003954	As001G023250	AT2G02060.1
OG0003955	As001G023780	AT2G02950.1
OG0003956	As001G026420	AT2G46290.1, AT2G46280.1, AT5G57650.1
OG0003957	As001G026450	AT3G27520.1
OG0003958	As004G077260	AT5G37540.1
OG0003958	As001G029020	AT1G66180.1
OG0003959	As002G033730	AT2G40750.1
OG0003960	As009G214470, As002G035970	AT5G04590.1
OG0003961	As009G213780	AT5G05300.1
OG0003962	As002G037220	AT3G11420.1
OG0003963	As002G040080	AT1G63310.1
OG0003964	As002G040140	AT4G19080.1
OG0003965	As002G042610	AT5G50830.2
OG0003966	As002G044520	AT4G28005.1
OG0003967	As002G051060	AT5G12210.1
OG0003968	As002G051630	AT5G11630.1
OG0003969	As002G051810	AT5G11470.1
OG0003970	As002G052470	AT5G10745.1, AT5G24980.1
OG0003971	As002G054270	AT5G08535.1, AT3G52350.1
OG0003972	As002G055130	AT5G07630.1
OG0003973	As003G055920, As004G089980	AT5G47180.1
OG0003974	As003G057050	AT3G52630.1, AT4G18590.1
OG0003975	As003G058840	AT4G20880.1
OG0003976	As003G060960	AT4G22970.3, AT5G28550.1
OG0003977	As012G276670, As003G066850	AT3G53110.1
OG0003978	As006G144580, As003G069520	AT4G14600.1, AT1G29060.1
OG0003980	As003G072720	AT4G36550.1
OG0003981	As003G072830	AT4G36640.1
OG0003982	As003G073740	AT4G37470.1
OG0003983	As003G074540	AT2G22480.1
OG0003984	As004G083600	AT4G10290.1
OG0003985	As004G085790	AT4G04770.1
OG0003986	As004G088130	AT5G45650.1
OG0003986	As004G088120	AT5G45640.1
OG0003987	As011G257790	AT3G25250.1
OG0003987	As004G093320	AT4G13000.1
OG0003988	As004G095470	AT4G14380.1
OG0003989	As004G096680	AT4G15620.1
OG0003990	As004G097720	AT3G56520.1, AT5G41090.1
OG0003991	As005G099930	AT3G62220.1, AT2G47060.4
OG0003993	As005G101180, As006G126880	AT3G61370.1, AT4G07940.1
OG0003995	As005G103140	AT2G44065.1
OG0003996	As005G103420	AT2G43780.4
OG0003997	As005G106470	AT5G01570.1
OG0003998	As005G107400	AT5G02310.1
OG0004000	As010G225280	AT3G45320.1
OG0004001	As005G115180	AT5G59380.1
OG0004002	As005G116460	AT5G63530.1
OG0004003	As006G130470, As005G117650	AT2G27510.1
OG0004004	As006G121940	AT4G01150.1
OG0004006	As006G130440	AT2G27550.1
OG0004008	As006G138240, As009G206850	AT3G05050.1
OG0004010	As006G141640, As009G212110	AT3G07890.1
OG0004011	As006G142700	AT2G40240.1
OG0004011	As012G282540	AT3G56030.1
OG0004012	As006G143040	AT2G39940.1
OG0004013	As012G282260, As006G143070	AT3G55780.1
OG0004014	As006G143270	AT1G42440.1
OG0004015	As006G143670	AT2G39200.1
OG0004016	As006G143900	AT2G39430.1
OG0004017	As006G145950	AT2G37300.2
OG0004019	As006G147200	AT2G38640.1
OG0004020	As384G298050	ATCG00430.1
OG0004021	As006G148300	AT3G51640.1, AT3G51650.1
OG0004022	As007G152020, As007G177620	AT2G24840.1
OG0004024	As007G162480, As007G152540	AT1G16400.1, AT1G16410.1
OG0004025	As007G159370	AT1G23220.1
OG0004026	As007G163630	AT4G24890.1, AT5G50400.1
OG0004027	As007G164540	AT4G25230.1, AT5G51450.2
OG0004028	As007G165260	AT4G25570.2
OG0004030	As007G178020	AT2G24450.1
OG0004031	As011G245950, As007G180840, As007G180850	AT2G35810.1, AT2G35830.2, AT2G35820.2
OG0004032	As007G182130	AT2G20930.1
OG0004033	As008G185010	AT1G12200.1, AT1G63340.1, AT1G62580.1
OG0004034	As008G187450	AT1G10455.1, AT3G28853.1
OG0004035	As008G191840	AT1G07810.1, AT1G07670.1
OG0004036	As008G194270	AT5G47880.1
OG0004037	As008G197570	AT1G02920.1, AT1G02930.1
OG0004038	As009G201890, As009G201900	AT5G16010.1
OG0004039	As009G205460	AT5G26700.1
OG0004040	As009G206590	AT5G27350.1, AT5G27360.3
OG0004041	As009G217840, As009G206830	AT5G61190.5
OG0004042	As009G207060	AT5G28630.1
OG0004043	As009G208000	AT5G49210.1
OG0004045	As009G215710	AT5G24910.1
OG0004046	As009G216920	AT5G23690.1, AT3G48830.1
OG0004047	As009G216980	AT5G23610.2
OG0004048	As009G217550	AT5G08141.1, AT5G60830.1
OG0004049	As009G218170	AT5G61550.2
OG0004050	As010G225880	AT3G44850.1
OG0004051	As010G226350	AT3G44220.1
OG0004052	As010G234160	AT1G71250.1
OG0004053	As010G235210	AT1G78240.1
OG0004054	As011G244730	AT3G12900.1
OG0004055	As011G245670	AT3G13720.1, AT3G13710.1
OG0004056	As012G274720, As011G248850	AT4G15802.1
OG0004057	As011G249280	AT3G17120.1
OG0004058	As011G249290	AT3G17130.1
OG0004060	As011G250180	AT3G18140.1, AT2G22040.1
OG0004061	As011G250270	AT3G18200.2
OG0004062	As011G250550, As011G250570, As011G250600, As011G250560	AT3G18490.1
OG0004063	As011G250770	AT3G18690.1
OG0004064	As012G271950	AT1G50700.2
OG0004065	As011G253220	AT3G21070.3
OG0004066	As011G254320	AT3G22320.1
OG0004067	As011G256390	AT3G24340.1
OG0004068	As011G262720	AT2G15400.1, AT2G15430.1
OG0004069	As012G273000	AT1G49320.1
OG0004070	As012G282310	AT3G14990.1
OG0004071	As012G283350	AT3G56910.1
OG0004072	As012G284150	AT3G57690.1, AT2G41905.1
OG0004073	As012G285330	AT3G59280.1
OG0004092	As001G002580	AT4G30530.1
OG0004093	As001G003020	AT4G30870.1
OG0004094	As001G012290	AT4G33770.1
OG0004095	As001G012460	AT4G33880.1
OG0004096	As001G014080	AT4G34320.1
OG0004097	As001G019550	AT1G58060.1, AT1G58050.1
OG0004098	As001G019910, As008G187860	AT1G10120.1
OG0004099	As001G022420	AT2G01300.1
OG0004100	As001G027270	AT3G28770.1, AT5G48575.1
OG0004101	As001G029080	AT5G55490.1
OG0004102	As001G030300	AT1G64630.1
OG0004102	As004G098370	AT5G41990.1
OG0004103	As002G037810, As002G037800, As002G037790	AT3G11840.1
OG0004104	As002G043900	AT5G52050.1
OG0004105	As002G046100	AT5G54310.1
OG0004106	As002G046540, As009G207520	AT5G54770.1
OG0004107	As002G046780	AT2G40360.1
OG0004108	As002G047980	AT5G56240.2
OG0004109	As002G052000	AT5G11260.2
OG0004110	As002G053550	AT5G09760.2
OG0004112	As009G218120	AT5G61500.1
OG0004113	As004G088410, As003G057000	AT4G18530.1
OG0004114	As003G057030, As004G088400	AT4G18570.1
OG0004115	As003G057230	AT4G18770.1
OG0004116	As003G058820	AT4G20860.1
OG0004117	As003G059100	AT4G21200.1
OG0004118	As003G059740	AT4G21710.1
OG0004119	As003G062860	AT1G33680.1
OG0004120	As003G063760	AT4G21110.1
OG0004121	As003G064620	AT1G44100.1
OG0004122	As004G082890, As003G064780	AT1G43710.1
OG0004123	As003G069730	AT1G29140.1
OG0004124	As003G071390	AT1G30800.1
OG0004125	As003G072870	AT4G36670.1
OG0004126	As003G073720	AT2G36900.1, AT5G50440.1
OG0004127	As003G073890	AT4G37608.1
OG0004128	As003G076290	AT4G38540.1, AT5G05320.1
OG0004129	As004G078290	AT4G16162.1, AT1G07650.2
OG0004130	As004G078500	AT3G29020.2
OG0004133	As004G082180	AT1G56630.1
OG0004134	As004G082540	AT1G47830.1
OG0004135	As004G084160	AT4G11010.1, AT4G23900.1
OG0004136	As004G084940	AT4G12040.1
OG0004137	As004G089940	AT5G47140.1
OG0004139	As004G097850	AT5G41190.1
OG0004140	As005G099510	AT2G47400.1
OG0004141	As005G099950, As012G288140	AT2G47030.1, AT2G47040.1
OG0004142	As005G103000	AT2G44200.1
OG0004143	As005G103610	AT2G43640.1
OG0004145	As005G104470	AT2G42870.1
OG0004147	As005G112540	AT5G21010.1, AT3G43700.1
OG0004148	As005G113170	AT5G22090.1
OG0004150	As005G114510, As010G225010	AT5G60120.2
OG0004151	As005G115870	AT5G58950.1
OG0004152	As005G117090	AT5G64120.1
OG0004153	As006G121660	AT4G00300.1
OG0004154	As006G122110	AT4G00990.1
OG0004155	As006G122150	AT4G00910.1
OG0004156	As006G123180	AT4G02380.3
OG0004157	As006G123200	AT4G02400.1
OG0004158	As006G124850	AT5G02940.2, AT5G43745.1
OG0004159	As008G196350	AT1G04250.1
OG0004160	As006G126710	AT2G31980.1
OG0004161	As006G126870	AT2G31880.1
OG0004162	As006G128050	AT2G30500.1
OG0004163	As006G128110	AT2G30400.1
OG0004164	As006G128260	AT1G06960.1, AT2G30260.1
OG0004165	As006G129050	AT2G29125.1, AT1G07490.1
OG0004166	As006G131720	AT3G43930.1
OG0004167	As006G132450	AT4G27310.1
OG0004168	As009G200130	AT5G14270.2
OG0004168	As006G133220	AT3G01770.1
OG0004169	As006G136100	AT3G03090.1
OG0004170	As006G137240	AT3G03960.1
OG0004171	As006G137640	AT3G04470.1
OG0004172	As006G138260	AT3G05020.1
OG0004174	As006G141250	AT3G07560.1
OG0004175	As006G142360	AT2G40475.1
OG0004176	As006G146830	AT2G37770.2
OG0004178	As007G152740	AT1G16250.1
OG0004179	As007G155390	AT1G18970.1, AT1G18980.1
OG0004180	As010G237660, As007G156240	AT3G25940.1
OG0004181	As007G156800	AT1G20720.2
OG0004184	As007G163160	AT4G24690.1
OG0004185	As007G163590	AT4G24820.1
OG0004186	As007G163940	AT5G39800.1, AT5G40080.1
OG0004187	As007G164400	AT4G25140.1
OG0004188	As007G179030, As007G179010	AT5G51960.1
OG0004189	As008G184410	AT1G12910.1, AT3G26640.1
OG0004190	As008G184700, As008G184690	AT1G12550.1
OG0004192	As008G197350	AT1G03140.1, AT1G54590.1
OG0004194	As009G202240	AT5G16300.1
OG0004195	As009G203180	AT5G17270.1, AT5G37130.1
OG0004196	As009G205970	AT5G27820.1
OG0004197	As009G211300	AT5G07000.1, AT5G07010.1
OG0004198	As009G214930	AT5G25930.1
OG0004199	As009G215090, As009G215070	AT4G31980.1
OG0004200	As009G216370	AT5G24280.1
OG0004201	As009G217150	AT5G23380.1
OG0004202	As009G217710	AT5G60990.1
OG0004203	As009G218930	AT4G28360.1, AT1G52370.1
OG0004204	As009G219070	AT5G62620.1
OG0004205	As009G219810	AT5G58560.1
OG0004206	As010G221690	AT3G49580.1, AT3G49570.1
OG0004207	As010G225090, As010G225080, As010G225100, As010G225060, As010G225070	AT3G45650.2, AT3G45660.2
OG0004208	As010G233390	AT1G73790.1, AT4G09550.1
OG0004209	As010G234300	AT1G71450.1
OG0004210	As010G234490	AT1G71710.1
OG0004211	As010G234890	AT1G72050.3
OG0004212	As010G235670	AT1G77760.1
OG0004213	As010G239270	AT1G74220.1
OG0004214	As010G240480	AT1G73220.1
OG0004215	As010G241600, As010G241620	AT1G78360.1
OG0004216	As010G243430	AT1G80730.1
OG0004217	As011G244640	AT3G12700.1
OG0004218	As011G247420	AT3G15340.1, AT5G36690.1, AT5G36780.1
OG0004219	As011G247730	AT3G15540.1
OG0004220	As011G248180, As012G270710	AT3G15990.1
OG0004223	As011G251120	AT3G19000.1
OG0004224	As011G251370, As012G272690	AT3G19290.3
OG0004225	As011G251650	AT3G19580.1
OG0004226	As011G253300	AT3G21180.1
OG0004227	As011G253800	AT3G21700.3
OG0004228	As011G253810	AT3G21710.2
OG0004229	As011G254240	AT3G22240.1
OG0004230	As011G254340	AT3G22380.2
OG0004231	As011G254780	AT3G22845.1
OG0004233	As011G255710	AT3G23770.1
OG0004234	As011G264880	AT2G17950.1
OG0004235	As011G265830	AT2G19110.1
OG0004236	As011G266690	AT4G28880.1, AT4G28860.1
OG0004237	As011G267270, As011G267280	AT5G36160.1
OG0004238	As012G267910	AT1G55920.1
OG0004239	As012G268080	AT1G55790.1, AT1G55800.1
OG0004240	As012G269260	AT1G54060.1
OG0004241	As012G269460	AT1G53750.1
OG0004242	As012G269770	AT1G53390.1
OG0004243	As012G269900	AT1G53210.1
OG0004246	As012G280620, As012G273950	AT1G48200.1
OG0004247	As012G274970	AT2G34770.1
OG0004248	As012G275400, As012G276260	AT3G66656.1
OG0004251	As012G283920	AT3G57390.1
OG0004252	As012G284390	AT3G57980.2, AT2G42150.1
OG0004253	As012G286840	AT3G60740.1
OG0004254	As012G287640	AT5G05620.1, AT3G61650.1
OG0004255	As012G288240	AT3G62300.2
OG0004275	As001G000870	AT4G29020.1
OG0004276	As001G002160	AT3G25580.1, AT2G18990.1
OG0004277	As011G265640, As001G002210	AT4G30210.3
OG0004279	As001G003660	AT4G31380.1
OG0004280	As001G006810	AT4G33210.1
OG0004281	As001G013770	AT4G33980.2
OG0004282	As001G014300	AT4G34590.1
OG0004283	As001G015050	AT4G35180.1
OG0004284	As001G015880	AT1G31290.1
OG0004285	As001G016710	AT1G32200.1
OG0004286	As001G018890, As001G018880	AT1G56240.1, AT1G56250.1
OG0004287	As001G022460	AT2G01340.1
OG0004288	As001G023610	AT2G02720.1
OG0004289	As001G024600	AT3G25590.1
OG0004290	As001G026120	AT3G27230.1
OG0004290	As004G097690	AT5G40830.1
OG0004291	As001G026380, As011G255770	AT5G47320.1
OG0004292	As001G027050	AT3G28455.1
OG0004294	As001G030160	AT1G54380.1, AT2G42510.2
OG0004295	As002G033190	AT2G41190.1
OG0004296	As002G035220	AT3G10050.1
OG0004297	As002G037050	AT3G11230.2
OG0004298	As006G130640, As002G037710	AT3G11830.1
OG0004299	As007G162270, As002G042660	AT5G50850.1
OG0004300	As002G043250	AT5G51230.1
OG0004301	As002G043300	AT5G51300.1
OG0004302	As002G043550	AT5G51590.1
OG0004303	As002G047780	AT4G26510.1
OG0004304	As002G049650	AT5G57990.1
OG0004305	As002G051210	AT5G26210.1
OG0004306	As006G141850, As002G051270	AT5G13450.1
OG0004307	As002G051350	AT3G14390.1, AT5G11880.1
OG0004308	As002G052440	AT5G10770.1
OG0004309	As002G054450	AT5G08420.1
OG0004310	As002G054710	AT5G08160.1
OG0004311	As003G056500	AT4G18140.1
OG0004312	As003G056690	AT4G18340.1
OG0004313	As003G057420	AT4G18980.1
OG0004314	As003G058230	AT4G20040.1
OG0004315	As003G058610	AT4G20420.1
OG0004316	As003G058920	AT4G20970.1
OG0004317	As003G059020	AT4G21105.1
OG0004318	As003G060620	AT4G22710.1, AT4G22690.1
OG0004319	As003G060790, As003G060800	AT4G22790.1
OG0004320	As003G061430, As003G061420	AT4G23420.3
OG0004321	As003G062130	AT4G24060.1
OG0004322	As003G062240, As010G221830	AT4G10670.1, AT4G10710.1
OG0004323	As003G063810	AT4G09170.1
OG0004324	As006G145530, As003G067450	AT3G22660.1
OG0004325	As003G069760	AT1G53200.1
OG0004326	As003G070110	AT1G29640.1
OG0004327	As003G071060	AT1G30470.1
OG0004328	As003G071160	AT1G30580.1
OG0004329	As003G071370, As003G071360	AT2G20970.2
OG0004330	As003G072100	AT4G35790.1
OG0004331	As003G073090	AT4G37240.1
OG0004332	As003G073170	AT4G37180.2
OG0004333	As004G083380	AT4G10080.1
OG0004334	As004G084920	AT4G12020.2
OG0004335	As004G087240	AT5G35810.1, AT3G54065.1, AT5G35830.1, AT3G54070.1
OG0004336	As004G091550	AT5G35320.1
OG0004337	As004G091730	AT2G04280.1, AT4G12700.1
OG0004338	As004G092930	AT4G12790.1
OG0004339	As004G095500, As011G255130	AT4G14420.1
OG0004340	As004G095810	AT4G14713.1
OG0004341	As004G095920	AT4G14805.1
OG0004342	As012G267840, As011G267630, As004G098550	AT1G53720.1, AT1G56085.1
OG0004343	As012G288780, As005G098860	AT3G62930.1
OG0004344	As005G099940	AT2G47050.1
OG0004345	As005G100750	AT2G46370.4
OG0004347	As005G102940	AT2G44270.1, AT1G76170.7
OG0004348	As005G104170	AT2G43140.2
OG0004349	As005G104940	AT3G58110.1
OG0004350	As005G110660	AT5G19820.1
OG0004352	As005G111570	AT2G40080.1
OG0004353	As010G226220, As010G226230, As005G113390	AT5G22380.1
OG0004354	As005G115740	AT5G59050.1
OG0004355	As005G116660	AT5G63690.1
OG0004356	As005G117010	AT5G64040.2
OG0004357	As005G118520	AT5G65440.3
OG0004358	As005G119610	AT5G67060.1
OG0004359	As005G119720	AT5G66920.1
OG0004360	As008G199550	AT1G02090.1
OG0004361	As006G121370	AT4G00585.1
OG0004363	As006G125290	AT2G33410.1
OG0004364	As008G196110, As006G125340	AT2G33380.1
OG0004365	As006G127270, As008G194240	AT1G05960.2
OG0004366	As006G127430	AT2G31230.1
OG0004367	As006G127590	AT2G31081.1, AT1G06225.1
OG0004368	As006G128080	AT2G30470.1
OG0004369	As006G128150	AT2G30360.1
OG0004370	As006G128230, As006G128220	AT2G30300.1
OG0004371	As006G128560	AT2G29980.1
OG0004372	As009G206020, As006G132780	AT3G01420.1
OG0004373	As006G135750	AT3G02750.3
OG0004374	As006G138530	AT3G05220.1
OG0004375	As009G206280, As006G138610, As006G138590	AT5G27550.1
OG0004376	As006G138730	AT3G05545.1
OG0004377	As006G139470	AT3G05975.1
OG0004378	As006G139690	AT3G06120.1
OG0004379	As006G140010	AT3G06410.1
OG0004381	As006G144560	AT2G36010.2
OG0004382	As006G144700	AT2G36190.1
OG0004383	As006G145490	AT2G36950.1
OG0004385	As007G152550, As007G152530	AT1G16040.1
OG0004386	As010G240780, As007G154150	AT1G17720.1
OG0004387	As010G240180, As007G154430	AT1G73450.1, AT1G73460.1
OG0004388	As007G154920	AT1G18510.1, AT1G74045.1
OG0004389	As007G155160	AT1G18710.1
OG0004390	As010G236300	AT1G77130.1
OG0004391	As010G234860	AT1G72020.1
OG0004392	As007G159020	AT1G22885.2, AT5G36907.1, AT1G22890.1, AT5G44568.1
OG0004393	As007G160690, As007G160670	AT1G26610.1
OG0004394	As007G161540	AT1G25260.1
OG0004395	As007G163610	AT4G24840.1
OG0004396	As007G178290	AT2G24280.1
OG0004397	As008G184060	AT1G13390.1
OG0004398	As008G184470	AT1G12840.1
OG0004399	As008G184550	AT1G12760.1
OG0004400	As008G185490	AT1G11890.1
OG0004401	As008G186530	AT4G15100.1, AT1G11080.2
OG0004402	As008G186970	AT1G70450.1
OG0004403	As008G187820	AT1G10070.1
OG0004404	As008G189000	AT1G09040.1, AT1G09050.1
OG0004405	As008G191210	AT1G08050.1
OG0004406	As008G191790	AT1G07890.1
OG0004407	As009G201360	AT2G16930.1, AT5G15220.1
OG0004408	As009G202170	AT5G16270.1
OG0004409	As009G202800	AT5G16840.2
OG0004410	As009G204440	AT5G18560.1
OG0004411	As009G204520	AT5G18650.1
OG0004412	As009G205510	AT5G26660.1
OG0004413	As009G206130	AT5G27670.1
OG0004414	As009G209000	AT5G48270.1
OG0004415	As009G212570	AT5G06160.1
OG0004416	As009G215230	AT5G25610.1
OG0004417	As009G216580	AT5G24040.1
OG0004418	As009G217040	AT5G23535.1
OG0004419	As009G217350	AT5G23140.1
OG0004420	As009G217950	AT5G61340.2
OG0004421	As010G221640	AT3G49645.2
OG0004422	As010G229220, As010G229210	AT1G68370.1
OG0004423	As010G232750	AT1G69680.1
OG0004424	As010G233230	AT1G70260.1
OG0004425	As010G233630	AT1G70700.3
OG0004426	As010G234750	AT1G71910.1
OG0004427	As010G234950	AT1G72125.1, AT1G72120.1
OG0004428	As010G237990	AT1G75520.1
OG0004429	As010G238940, As010G238950	AT1G74590.1
OG0004430	As010G238980	AT1G74550.1, AT1G74540.1
OG0004431	As010G240900	AT1G72880.1
OG0004432	As010G241990	AT1G78600.2
OG0004433	As010G242310	AT1G78950.2
OG0004433	As010G242320	AT1G78955.1
OG0004434	As010G242650	AT1G79270.1
OG0004435	As010G243010	AT1G79580.1
OG0004436	As011G244750	AT3G12920.1
OG0004437	As011G246140	AT3G14080.1
OG0004438	As011G246280	AT3G14200.1
OG0004440	As011G247280	AT3G15170.1
OG0004441	As011G247520	AT3G15355.1
OG0004442	As011G247660	AT3G15490.1
OG0004444	As011G250670	AT3G18570.1
OG0004445	As011G251920	AT3G19830.1, AT1G50260.1
OG0004447	As011G253150	AT3G20898.1
OG0004448	As011G253180, As012G271840	AT3G20920.1
OG0004449	As011G253600	AT3G21320.1
OG0004450	As011G253980	AT3G21865.1
OG0004451	As011G255250	AT3G23250.1
OG0004452	As011G263640	AT2G26060.1, AT4G32990.1
OG0004453	As011G265220	AT2G18510.1
OG0004454	As011G265530	AT2G18160.1
OG0004455	As011G265750	AT2G19060.1, AT2G19050.1
OG0004456	As011G267180	AT2G20510.2, AT2G36070.1
OG0004457	As012G270680	AT1G52400.1
OG0004458	As012G271520	AT1G51510.1
OG0004459	As012G272100	AT1G50560.1, AT1G50520.1
OG0004460	As012G273600	AT1G48610.1
OG0004461	As012G275430	AT2G34410.1, AT1G29890.2
OG0004462	As012G275460	AT3G51910.1
OG0004463	As012G278020	AT3G53990.1
OG0004466	As012G283150	AT3G56710.1
OG0004467	As012G283840	AT5G53270.1, AT5G53260.1
OG0004469	As012G284540	AT2G27340.2, AT3G58130.1
OG0004470	As012G284870	AT3G58610.1
OG0004471	As012G286860	AT2G45300.1, AT1G48860.1
OG0004472	As012G287440	AT3G61440.1
OG0004473	As012G288260	AT5G48350.1, AT3G62320.1
OG0004474	As012G288860	AT3G63010.1
OG0004498	As001G000170	AT4G28270.1
OG0004499	As001G000420	AT4G28530.1
OG0004500	As001G000790	AT4G28890.1
OG0004501	As011G265920, As001G001860	AT4G29960.1
OG0004502	As001G002140, As002G049030	AT5G57330.1
OG0004503	As001G002250	AT4G30240.1
OG0004504	As001G002530	AT2G23940.1, AT4G30500.1
OG0004505	As001G002630	AT4G30590.1
OG0004506	As001G002870	AT4G30770.1
OG0004508	As001G004070	AT4G31800.1
OG0004509	As001G004590, As007G163180	AT2G25340.1
OG0004510	As001G004650	AT4G32175.1, AT2G25355.1
OG0004511	As001G006600	AT4G33000.1
OG0004512	As001G013860	AT4G34380.1
OG0004513	As001G014180, As011G263170	AT4G34460.1
OG0004514	As001G017770, As001G017780	AT4G16620.1
OG0004515	As001G020380, As008G187160	AT1G59890.2
OG0004516	As001G021640	AT1G61350.1
OG0004518	As001G022660	AT4G23680.1
OG0004519	As001G022670	AT2G01540.1
OG0004521	As001G024900	AT3G25882.1
OG0004522	As001G026910	AT3G28140.1, AT5G40190.1
OG0004523	As001G027440	AT3G28910.1
OG0004524	As001G027910	AT3G29575.1
OG0004525	As001G029530	AT1G65270.1
OG0004526	As001G031770, As008G184770	AT1G12440.1
OG0004529	As002G038860	AT3G12280.1
OG0004530	As004G088910	AT5G59810.1
OG0004531	As002G047610	AT5G55850.2
OG0004532	As002G047950	AT5G56200.1
OG0004533	As002G048330, As002G048320	AT5G56660.1, AT5G56650.1
OG0004534	As002G048480	AT5G56780.1
OG0004535	As002G049210	AT5G57530.1
OG0004536	As002G049590	AT5G57910.1
OG0004537	As002G050170	AT5G47890.1
OG0004538	As002G050780	AT5G12870.1
OG0004539	As002G050870	AT5G12400.1
OG0004540	As002G051190	AT5G12050.1
OG0004542	As002G052120	AT5G11110.1
OG0004543	As002G052580	AT5G10650.1
OG0004545	As002G054050	AT5G08790.1
OG0004546	As002G054780	AT5G08080.3
OG0004547	As002G055310	AT5G07440.1
OG0004548	As004G088510	AT4G18430.1
OG0004549	As003G056980	AT4G18510.1
OG0004550	As003G057550	AT4G19120.1
OG0004551	As003G060550, As004G085190	AT4G12440.2
OG0004552	As003G061560	AT4G23530.1
OG0004553	As003G061580	AT4G23550.1
OG0004554	As003G062110	AT4G24040.1
OG0004555	As010G223860, As010G223820, As010G223840, As010G223870, As003G062910	AT3G47170.1
OG0004556	As003G063970	AT1G36340.1
OG0004557	As003G066240	AT1G45201.3
OG0004558	As003G068490	AT1G28130.1
OG0004559	As004G081350, As003G069100	AT1G28440.1
OG0004560	As003G069170	AT1G28490.1
OG0004561	As003G070250	AT1G29770.1
OG0004562	As003G070690	AT1G30110.1
OG0004563	As003G071430	AT1G30840.1
OG0004564	As003G071740	AT4G35480.1
OG0004565	As003G071820	AT4G35550.1
OG0004566	As003G072650	AT4G36470.1
OG0004567	As003G075090	AT4G39630.1
OG0004568	As004G076930	AT5G36260.1
OG0004569	As004G077080	AT5G37020.1
OG0004570	As004G078450	AT5G39650.1, AT1G09157.1
OG0004571	As004G078690	AT3G47630.2
OG0004572	As004G078860	AT2G35120.1
OG0004573	As004G089620	AT5G47030.1
OG0004574	As004G079990	AT2G35680.1
OG0004575	As004G081570	AT2G33730.1
OG0004576	As004G084010	AT1G66770.1, AT4G10850.1
OG0004577	As004G084320	AT4G11150.1
OG0004578	As004G086090	AT4G05020.2, AT4G21490.1
OG0004579	As004G086580, As004G086630	AT5G44400.1
OG0004580	As004G086670	AT5G44450.2
OG0004581	As004G088710	AT5G46230.1
OG0004582	As004G089650	AT5G47050.1
OG0004583	As004G092640	AT4G12720.4
OG0004584	As004G094230, As004G094130, As004G094150, As004G094120	AT4G13420.1
OG0004585	As004G095110	AT4G14080.1
OG0004586	As011G254200, As004G096140	AT3G22200.2
OG0004588	As005G101990	AT2G45140.1
OG0004589	As005G102570	AT2G44620.1
OG0004590	As005G102580	AT2G44610.1
OG0004592	As005G103900	AT2G43430.1
OG0004593	As005G107390	AT5G02290.1
OG0004594	As005G108270	AT5G03380.1
OG0004595	As005G112110	AT5G20680.1
OG0004596	As005G112490	AT5G20970.1
OG0004597	As005G113240	AT5G22270.1
OG0004598	As005G113640	AT5G22740.1
OG0004599	As005G116060	AT5G63140.1
OG0004600	As005G116670	AT5G63700.1
OG0004601	As005G117060, As005G117070	AT5G64100.1
OG0004602	As005G117530	AT5G64530.1
OG0004603	As005G118490	AT5G65410.1
OG0004604	As005G118570	AT5G65480.1
OG0004605	As005G119490	AT5G67160.1
OG0004606	As005G120070	AT5G66650.1
OG0004607	As005G120720, As005G120700	AT3G51280.1
OG0004608	As006G121010	AT4G01710.1, AT5G65274.1
OG0004609	As006G123070	AT4G02250.1
OG0004610	As006G125090	AT5G43390.1, AT5G43400.1
OG0004611	As006G125600	AT2G33040.1
OG0004612	As006G127160	AT2G31500.1
OG0004613	As006G129290	AT2G28920.1
OG0004614	As006G130790	AT2G27260.1
OG0004615	As006G130930	AT2G27490.1
OG0004616	As006G133000, As006G132980	AT3G01610.2
OG0004617	As006G133180	AT3G01740.1, AT5G14290.1
OG0004618	As006G133500	AT5G14030.1
OG0004619	As006G133560	AT3G19330.1
OG0004620	As006G141990, As006G133730	AT3G08710.1
OG0004621	As006G135760, As009G202400	AT3G02760.1
OG0004622	As006G135970	AT5G16790.1, AT3G02950.1
OG0004623	As006G137260	AT3G03980.1
OG0004624	As006G139180	AT3G05800.1
OG0004625	As006G139360	AT3G05930.1
OG0004626	As006G139540	AT3G06035.1
OG0004627	As009G205070	AT5G19200.1
OG0004627	As006G139570	AT3G06060.2
OG0004628	As006G139900	AT3G06330.1
OG0004629	As006G141110, As006G141120	AT3G07390.1
OG0004630	As006G141420	AT3G07680.1
OG0004631	As006G141470	AT3G07730.1, AT4G01170.1
OG0004632	As006G141630	AT3G07880.1
OG0004633	As006G141660	AT3G07910.1
OG0004634	As006G142290	AT2G40530.1
OG0004635	As006G142670	AT2G40260.1
OG0004636	As006G142710	AT2G40230.1
OG0004637	As006G142850	AT2G40116.1
OG0004638	As006G143330	AT2G39720.1
OG0004639	As006G144970	AT2G36360.4
OG0004640	As006G145040	AT2G36420.1
OG0004641	As006G145410	AT2G36870.1
OG0004642	As006G146400	AT2G37590.1
OG0004643	As006G147190	AT2G38650.1
OG0004644	As007G152340	AT1G15880.1
OG0004645	As007G154210, As007G152410	AT1G15940.1
OG0004646	As007G154330	AT1G17860.1
OG0004647	As007G154990	AT1G18570.1
OG0004648	As007G156100	AT1G19900.1
OG0004649	As010G236360, As007G157390	AT1G21460.1
OG0004650	As007G158000	AT1G21970.1
OG0004651	As007G159490	AT1G23350.1
OG0004652	As007G159630, As007G159640	AT1G23560.1
OG0004653	As007G159650	AT1G23530.1
OG0004654	As007G160410	AT1G26840.1
OG0004655	As007G163000, As007G165660	AT4G24520.1
OG0004657	As007G163600	AT4G24830.1
OG0004659	As007G177700	AT2G25170.3
OG0004660	As007G178490, As007G178460	AT2G24850.1
OG0004661	As008G184680	AT1G12560.1
OG0004662	As008G187370	AT1G10220.2
OG0004664	As008G188000	AT1G09770.1
OG0004665	As008G188240	AT1G09540.1
OG0004666	As008G188780	AT3G55790.1, AT1G09176.1
OG0004667	As008G189020	AT1G09020.1
OG0004668	As008G190320	AT1G08510.1
OG0004669	As008G191130	AT1G07990.1
OG0004670	As008G193050	AT1G07110.1
OG0004671	As008G195650	AT1G04880.1
OG0004672	As009G200150	AT5G14250.1
OG0004673	As009G202420	AT5G16470.1
OG0004674	As009G203750	AT5G17800.1
OG0004675	As009G203800	AT5G17870.2
OG0004676	As009G204380	AT5G18520.1
OG0004677	As009G204480	AT5G18600.1
OG0004678	As009G205010	AT5G19140.1
OG0004679	As009G205800	AT5G26920.1
OG0004680	As009G206920	AT5G27990.1
OG0004681	As009G207210	AT5G28960.1, AT5G28910.2
OG0004682	As009G207670, As009G207660, As009G207710, As009G207700	AT5G49330.1
OG0004683	As009G208820	AT2G10930.1, AT5G48500.1
OG0004684	As009G208870	AT5G48480.1
OG0004685	As009G209640	AT5G13750.1
OG0004686	As009G212060	AT5G48030.1
OG0004687	As009G212090	AT3G59550.1
OG0004688	As009G212420, As009G212410	AT5G06270.1
OG0004689	As009G213660	AT5G05340.1
OG0004690	As009G214620	AT5G04430.2
OG0004691	As009G215110	AT5G25770.3
OG0004692	As009G215150	AT5G25620.2
OG0004693	As009G215480	AT5G25190.1
OG0004694	As009G217250	AT5G23260.4
OG0004695	As009G218500	AT5G61970.1
OG0004696	As009G218640	AT5G62165.1
OG0004697	As009G218750	AT5G62280.1
OG0004698	As009G218840	AT5G62380.1
OG0004699	As009G218920	AT5G62470.2
OG0004700	As009G219250	AT5G62850.1
OG0004701	As010G220550	AT3G51000.1
OG0004702	As010G222340	AT3G48880.1
OG0004703	As010G222740	AT3G48430.1
OG0004704	As010G224140	AT2G26975.1
OG0004705	As011G257540, As010G226740	AT3G24800.1
OG0004706	As010G226830	AT3G43590.1, AT3G43490.1
OG0004707	As010G232320	AT1G69295.1
OG0004708	As010G232500	AT1G69420.1
OG0004709	As010G232900	AT1G69870.1
OG0004710	As010G234800	AT1G71960.1
OG0004711	As010G235100	AT1G72210.1
OG0004712	As010G237140	AT1G76360.1
OG0004713	As010G237780	AT1G75717.1
OG0004714	As010G238010	AT1G75500.1
OG0004715	As010G238050, As010G238040	AT1G26110.1
OG0004716	As010G239010	AT1G74510.1
OG0004717	As010G239890	AT1G18070.3
OG0004718	As010G242420	AT1G79040.1
OG0004719	As010G243200	AT1G80920.1
OG0004720	As010G243480	AT1G80670.1
OG0004721	As010G243680	AT1G80510.1
OG0004722	As010G243730	AT1G80460.1
OG0004723	As010G243830	AT1G80380.2
OG0004724	As010G243840	AT1G80370.1
OG0004725	As010G244010	AT1G15430.1
OG0004726	As011G244610	AT3G12660.1
OG0004727	As011G244720	AT3G12890.1
OG0004729	As011G245400	AT3G13480.1
OG0004730	As011G245970	AT3G13960.1
OG0004732	As011G247150	AT3G15040.1
OG0004733	As011G247580	AT3G15400.1
OG0004734	As011G248970	AT3G16770.1
OG0004735	As011G249420	AT1G48110.1, AT3G17330.1
OG0004736	As011G250360	AT3G18280.2
OG0004737	As011G250700	AT3G18600.1
OG0004738	As011G250930	AT3G18810.1
OG0004739	As012G272860, As011G251110	AT3G18990.2
OG0004740	As011G252030	AT3G19930.1
OG0004741	As011G253470	AT3G21460.1
OG0004742	As011G254510	AT3G22520.1
OG0004743	As011G254540	AT3G22550.1
OG0004744	As011G255150	AT3G23180.1
OG0004745	As011G255330	AT3G23380.1
OG0004746	As011G256090	AT3G24160.1
OG0004747	As011G256630	AT3G24508.1, AT3G24513.1, AT3G24510.1
OG0004748	As011G262550, As011G262540	AT1G73510.1
OG0004749	As011G263460	AT1G72590.1, AT2G16530.3
OG0004750	As011G266140	AT2G19480.1
OG0004751	As011G267050	AT2G20360.1
OG0004752	As012G268020	AT1G55850.1
OG0004753	As012G269500	AT5G41010.1
OG0004754	As012G272120	AT1G50500.2
OG0004755	As012G272400	AT1G50060.1, AT1G50050.1
OG0004756	As012G273590	AT1G48620.1
OG0004757	As012G273670	AT3G23640.3
OG0004758	As012G277580	AT2G03120.1
OG0004759	As012G279310	AT3G54200.1
OG0004760	As012G279450	AT3G51550.1
OG0004761	As012G279480	AT3G51600.1
OG0004762	As012G281540	AT2G26540.1
OG0004763	As012G282030	AT3G55560.1
OG0004764	As012G282670	AT3G56180.2
OG0004765	As012G283070	AT3G56620.1
OG0004766	As012G283240	AT3G56810.1
OG0004767	As012G283940	AT3G57400.1, AT5G52500.1
OG0004768	As012G284140	AT3G57670.1
OG0004769	As012G284280	AT3G57870.1
OG0004770	As012G289140	AT5G26110.1
OG0004801	As011G267360, As001G000190	AT4G28300.1
OG0004802	As001G000200	AT4G28310.1, AT1G52270.1
OG0004803	As001G000240	AT4G32480.1
OG0004804	As001G000330	AT4G28440.1
OG0004805	As001G000920	AT4G29100.1
OG0004806	As001G002130	AT4G30160.2
OG0004807	As001G002880	AT4G30780.1
OG0004808	As001G004040	AT4G31780.3
OG0004809	As001G004150	AT4G31840.1
OG0004810	As001G004320	AT5G49550.1
OG0004811	As001G005970	AT4G32860.1
OG0004812	As001G006400	AT4G32730.2
OG0004813	As001G007090	AT4G33040.1
OG0004814	As001G013570	AT4G34150.1
OG0004815	As001G014410	AT4G34700.1
OG0004817	As004G083110, As001G017700	AT4G16650.1
OG0004818	As001G017790	AT4G16610.1
OG0004819	As001G018060	AT4G16447.1
OG0004820	As001G018530	AT1G54630.1, AT1G54580.1
OG0004821	As001G018760	AT1G54960.1, AT1G09000.1
OG0004822	As001G021650	AT1G61360.1
OG0004823	As001G021690	AT1G61560.1
OG0004824	As001G022350	AT2G01220.2, AT3G27610.1
OG0004825	As008G182410, As001G022410	AT2G01290.1
OG0004826	As001G023400	AT2G02230.1
OG0004827	As001G025020	AT3G26000.1
OG0004828	As001G025450	AT3G26560.1
OG0004829	As001G025570	AT3G26700.1
OG0004830	As004G097530, As001G026310	AT5G40670.1
OG0004831	As001G026350	AT3G27400.2
OG0004832	As001G026590, As005G119760	AT3G27650.1
OG0004833	As001G027610	AT3G29070.1
OG0004834	As001G027630	AT3G29090.1
OG0004835	As001G027750	AT3G29240.1
OG0004836	As001G027800	AT3G29310.1
OG0004837	As001G028020	AT2G10440.1
OG0004838	As001G028180	AT3G30775.1
OG0004839	As001G028190	AT3G30841.1, AT4G09520.1
OG0004840	As001G028760	AT5G43620.1, AT1G66500.1
OG0004841	As001G031130	AT1G63770.3
OG0004842	As001G031750	AT1G62960.1
OG0004843	As008G185240, As001G032070	AT1G12080.2
OG0004844	As002G033080	AT2G41310.1, AT2G07440.1
OG0004845	As002G034250	AT3G09370.3
OG0004846	As002G035570	AT3G10340.1, AT5G04230.2
OG0004847	As002G035930	AT3G10525.1
OG0004848	As002G037420	AT3G11580.3
OG0004849	As002G038820	AT3G12260.1
OG0004850	As007G164360, As002G042970	AT5G51120.2
OG0004851	As002G043200	AT5G51190.1
OG0004852	As002G043810, As009G209900	AT5G51890.1
OG0004853	As002G044150	AT5G52300.1
OG0004854	As002G044600	AT5G52870.1
OG0004855	As002G044650	AT5G52900.1
OG0004856	As002G044980	AT5G53045.1
OG0004857	As002G045730	AT5G53870.1
OG0004858	As002G046440	AT5G54680.1
OG0004859	As006G132620	AT4G27040.1
OG0004860	As002G048650	AT5G57000.1
OG0004861	As002G049390	AT5G57720.1
OG0004862	As002G049870, As010G227590	AT5G58070.1
OG0004863	As002G050320	AT5G13330.1
OG0004864	As002G050440	AT5G13220.7
OG0004865	As002G050480	AT5G13180.1
OG0004866	As002G050490	AT5G13170.1
OG0004867	As002G051840	AT5G11440.1
OG0004868	As002G051860, As009G201870	AT5G15550.1
OG0004869	As002G052150	AT5G11070.1
OG0004870	As002G052750	AT5G10510.3
OG0004872	As002G053820	AT5G09430.1
OG0004873	As003G055900	AT4G17550.1
OG0004874	As004G089050	AT5G46570.1
OG0004875	As003G056530	AT4G18170.1
OG0004876	As003G056620, As004G088760	AT5G46290.3
OG0004877	As003G057300	AT4G18830.1
OG0004878	As003G057320	AT4G18880.1
OG0004879	As003G057800	AT4G19450.1
OG0004880	As003G058210	AT4G20020.1
OG0004881	As003G058480	AT4G20270.1
OG0004882	As003G058730	AT4G20780.1
OG0004883	As003G059030	AT4G21120.1
OG0004884	As003G059460	AT4G21440.1
OG0004885	As003G059780	AT5G19440.1
OG0004886	As003G059800	AT4G21760.2
OG0004887	As003G059840	AT4G21790.1
OG0004888	As003G060430	AT4G22360.1
OG0004889	As003G060940	AT4G22950.1
OG0004890	As003G061450	AT4G23450.2
OG0004891	As003G061960	AT4G23880.1
OG0004892	As003G062150	AT4G24080.1
OG0004894	As003G065660	AT1G47380.1
OG0004895	As003G067740	AT1G27950.1
OG0004896	As003G068660	AT1G28160.1
OG0004897	As003G068770	AT1G28270.1
OG0004898	As012G275180	AT1G30270.1
OG0004899	As003G070960	AT5G04010.1
OG0004900	As003G072940	AT4G36740.2
OG0004901	As003G073810	AT4G37520.1, AT4G37530.1
OG0004902	As003G074050	AT4G37750.1
OG0004904	As003G076520	AT4G38420.1
OG0004905	As004G079710	AT2G35270.1
OG0004906	As004G086100	AT4G05030.1
OG0004907	As004G086370	AT4G21130.1, AT4G05410.1
OG0004908	As004G087110, As004G089370, As004G089390	AT5G44710.1
OG0004910	As004G088520	AT5G46020.1
OG0004911	As011G262950, As004G088540	AT5G46030.1
OG0004912	As004G089270	AT5G46800.1
OG0004913	As004G090260	AT5G47620.4
OG0004914	As004G090350	AT5G47220.1
OG0004915	As004G090850	AT5G47520.1
OG0004916	As004G093460	AT3G25120.1
OG0004917	As012G270330	AT1G52825.1
OG0004918	As004G096130	AT4G15040.1
OG0004919	As004G097840	AT5G41240.1, AT5G41220.1, AT5G41210.1
OG0004920	As004G098270	AT5G67630.1
OG0004921	As012G288850	AT3G63000.1
OG0004921	As005G098730	AT2G47970.1
OG0004922	As005G099440, As012G288450	AT3G62630.1
OG0004923	As005G100860	AT1G26530.1
OG0004924	As005G100960	AT1G14620.1
OG0004925	As012G287450, As005G101030	AT3G61460.1
OG0004926	As005G101090	AT2G46000.1
OG0004927	As005G101280	AT2G45790.1
OG0004928	As005G101340	AT2G45740.1
OG0004929	As005G102400	AT2G44740.1
OG0004930	As005G103650	AT2G43600.2
OG0004932	As005G104320	AT2G43000.1
OG0004933	As005G104880	AT2G42430.1
OG0004936	As005G107480	AT5G02420.1
OG0004937	As005G108370	AT5G03510.1
OG0004938	As005G108800	AT2G44510.1
OG0004939	As005G109120	AT5G04110.2
OG0004940	As005G111070	AT5G20190.1
OG0004941	As005G111180	AT5G19875.1
OG0004942	As005G112060	AT5G20635.1
OG0004943	As005G112360	AT5G20890.1
OG0004944	As005G113020	AT5G21280.1
OG0004945	As005G113300	AT5G22330.1
OG0004946	As005G113780	AT5G22890.1
OG0004947	As005G113910	AT1G43600.1, AT1G43610.1
OG0004948	As005G114610	AT5G60020.1
OG0004949	As005G115090	AT5G59350.1
OG0004950	As005G115760	AT5G59030.1
OG0004951	As005G115840	AT5G52370.1, AT5G58990.1
OG0004952	As005G116130	AT5G63190.1, AT3G48390.1
OG0004953	As005G116150	AT2G46490.1
OG0004954	As005G116380	AT5G63490.1
OG0004955	As005G117550	AT5G64550.1
OG0004956	As005G118410	AT5G65300.1
OG0004957	As005G118630	AT5G65560.1
OG0004958	As005G118700	AT5G65660.1
OG0004959	As005G118850	AT5G65790.1
OG0004960	As005G119160	AT5G67450.1
OG0004961	As005G119230	AT5G67390.1
OG0004962	As005G119600	AT5G67070.1
OG0004963	As005G119980	AT5G66700.1
OG0004965	As006G121990	AT4G01100.2
OG0004966	As006G124550	AT5G44020.1
OG0004967	As008G196340	AT1G04260.1
OG0004968	As006G125250	AT2G33450.1
OG0004969	As006G126170	AT2G27402.1
OG0004970	As006G127960	AT2G30590.1
OG0004971	As006G128010	AT2G30540.1
OG0004972	As006G128270	AT2G30250.1
OG0004973	As006G128640	AT2G29710.1, AT2G29730.1
OG0004974	As006G128740	AT2G29590.1
OG0004975	As006G129710	AT2G28520.1
OG0004976	As006G130190	AT2G28000.1
OG0004977	As006G130530	AT2G27020.2
OG0004978	As006G133540, As009G199820	AT5G13990.1
OG0004979	As006G133750, As006G141960	AT3G08670.1
OG0004980	As006G142010	AT3G08740.1
OG0004981	As006G134770	AT3G01280.1
OG0004982	As009G202500, As006G135830	AT3G02830.1
OG0004983	As006G136020	AT5G16830.1
OG0004986	As009G205410, As006G139410	AT5G26742.2
OG0004988	As006G139830, As009G204740	AT3G06260.1
OG0004989	As006G140070, As012G283670	AT3G57150.1
OG0004990	As006G140740	AT3G07050.1
OG0004991	As006G141260	AT3G07565.4
OG0004992	As006G141680	AT3G07940.1
OG0004993	As006G141950	AT3G08650.2
OG0004994	As006G142580	AT2G40330.1
OG0004995	As006G142980	AT2G39990.1
OG0004996	As006G143310	AT2G39730.1
OG0004997	As006G143760	AT3G55030.1
OG0004998	As006G144480	AT2G35930.1
OG0004999	As006G144570	AT2G36020.1
OG0005000	As006G144590	AT1G29070.1
OG0005001	As006G147050	AT2G37970.1
OG0005002	As006G147700	AT2G38090.1
OG0005003	As006G147990	AT2G38180.1
OG0005005	As007G151970	AT1G15340.1
OG0005006	As007G153190	AT1G16760.2
OG0005007	As007G154040, As007G153880	AT1G17450.2
OG0005008	As007G153990	AT1G17550.1
OG0005009	As007G154750	AT1G17980.1
OG0005010	As007G154930	AT1G18520.1
OG0005011	As007G155560	AT1G19180.1
OG0005012	As007G156050	AT1G19850.1
OG0005013	As007G158050	AT1G77840.1
OG0005014	As007G158130	AT1G22110.1
OG0005015	As007G158650	AT1G22640.1
OG0005016	As007G160000	AT1G24147.1
OG0005018	As007G160180	AT1G27150.1
OG0005019	As007G160320	AT1G26945.1
OG0005020	As010G232330, As007G160760	AT1G26480.1
OG0005021	As007G161470, As007G163920	AT1G25280.1
OG0005022	As007G161710	AT1G24620.1
OG0005023	As007G161950	AT1G24360.1
OG0005024	As007G162060, As010G228460	AT1G67340.1
OG0005025	As007G163520	AT4G24770.1
OG0005026	As007G164830	AT4G25410.1
OG0005027	As007G176570	AT4G33150.1
OG0005028	As008G182510	AT1G76020.1
OG0005029	As008G183630	AT1G13750.1
OG0005030	As008G184850	AT1G80710.1
OG0005031	As008G184860	AT1G12380.1
OG0005032	As008G185200	AT1G12120.1
OG0005033	As008G185880	AT5G28237.1
OG0005034	As008G187000	AT1G10590.3
OG0005035	As008G187350	AT1G10270.1
OG0005036	As008G187850	AT1G10095.1
OG0005037	As008G188970	AT1G09070.1
OG0005038	As008G190460	AT3G02270.1, AT4G18300.1, AT2G34970.1
OG0005039	As008G190580	AT1G08160.1
OG0005040	As008G190680	AT1G08465.1
OG0005041	As008G193840	AT1G06320.1
OG0005042	As008G193930, As008G193940	AT1G06230.1
OG0005043	As008G194160	AT1G06040.1
OG0005044	As008G195190	AT1G05190.1
OG0005045	As008G195270, As008G195280	AT1G05120.2
OG0005046	As008G197560	AT1G02950.5
OG0005047	As008G198960	AT1G01370.1
OG0005048	As008G199030	AT1G01670.1
OG0005049	As008G199040	AT1G01680.1
OG0005050	As009G200820	AT5G15120.1
OG0005051	As009G201840	AT1G72550.1
OG0005052	As009G201920	AT5G16030.3
OG0005053	As009G202060	AT5G16170.1
OG0005054	As009G202510	AT5G16550.1
OG0005055	As009G203120	AT5G17230.3
OG0005056	As009G203200	AT5G17300.1
OG0005057	As009G203710	AT5G17760.1
OG0005058	As009G204170	AT5G18270.1
OG0005059	As009G204310	AT5G18450.1
OG0005060	As009G204730	AT5G18930.1
OG0005061	As009G205060	AT5G19190.1
OG0005062	As009G205390	AT5G26667.1
OG0005063	As009G206840	AT3G05040.2
OG0005064	As009G206910	AT5G27980.1
OG0005065	As009G207370	AT5G49520.1
OG0005066	As009G207390	AT5G49010.1
OG0005067	As009G208350	AT5G48850.1
OG0005068	As009G209370	AT5G48170.1
OG0005069	As009G210130	AT5G48230.2
OG0005070	As009G211070	AT3G54300.1
OG0005071	As009G212280	AT5G06350.1, AT5G27010.1
OG0005072	As009G214020	AT5G05070.1
OG0005073	As009G216020	AT3G49490.1
OG0005074	As009G216210, As009G216220	AT5G24420.1
OG0005075	As009G217570	AT5G60850.1
OG0005076	As009G217600	AT5G60910.1
OG0005077	As009G217940	AT5G61330.2
OG0005078	As009G218030	AT5G61420.2
OG0005079	As009G218730	AT5G62260.1
OG0005080	As009G219690	AT5G58670.1
OG0005081	As009G219900	AT5G58470.1
OG0005082	As009G220060	AT5G58330.1
OG0005083	As009G220070	AT5G58320.2
OG0005084	As010G221270	AT3G50070.1
OG0005085	As010G221790	AT3G49430.1
OG0005086	As010G221820	AT3G49390.1
OG0005087	As010G222060	AT3G49250.1
OG0005088	As010G222240	AT3G49000.1
OG0005089	As010G223760	AT3G47340.1
OG0005090	As010G227320	AT5G20350.1
OG0005091	As010G227690	AT1G67750.1
OG0005092	As010G230480	AT1G68490.1
OG0005093	As010G230830	AT1G68550.1
OG0005094	As010G231100	AT1G68570.1
OG0005095	As010G231510	AT2G01110.1
OG0005097	As010G232030	AT1G69050.1
OG0005098	As010G232760	AT1G69690.1
OG0005099	As010G234810	AT1G71970.1
OG0005100	As010G235320	AT1G78110.1
OG0005101	As010G235560, As010G235550	AT1G77885.1
OG0005102	As010G235970	AT5G48240.3
OG0005103	As010G236600	AT1G76880.1
OG0005104	As010G237160	AT1G76340.1
OG0005105	As010G237330	AT1G76180.1
OG0005106	As010G238190	AT1G75390.1
OG0005107	As010G242810	AT1G79430.2
OG0005108	As010G243740	AT1G80450.1
OG0005109	As010G243850	AT1G80360.1
OG0005110	As011G248220	AT3G16040.1
OG0005110	As010G244380	AT1G15270.1
OG0005111	As011G245140	AT3G13230.1
OG0005112	As011G245560	AT3G13600.1
OG0005113	As011G245600	AT3G13670.1
OG0005114	As011G245840	AT3G13870.1
OG0005116	As011G246550, As012G269560	AT3G14440.1
OG0005117	As011G247300	AT3G15190.1
OG0005118	As011G247570	AT3G15390.1
OG0005119	As011G247670	AT3G15500.1
OG0005120	As011G247850	AT3G15670.1
OG0005121	As011G248190	AT3G16000.1
OG0005122	As011G248500	AT3G16330.1
OG0005123	As011G248720	AT3G16500.1
OG0005124	As011G250650	AT3G18550.3
OG0005125	As011G251080	AT3G18950.1
OG0005126	As011G252180	AT3G20070.1
OG0005127	As011G252870	AT3G20570.1
OG0005128	As011G252920	AT3G20640.1
OG0005129	As011G252980	AT3G20740.1
OG0005130	As011G253260	AT3G21110.1
OG0005131	As011G253360	AT3G21230.1
OG0005133	As011G253680	AT3G21270.1
OG0005134	As011G253700	AT3G21250.4
OG0005135	As011G254010	AT4G15240.1
OG0005136	As011G254750	AT3G22830.1
OG0005137	As011G256120	AT3G24140.1
OG0005138	As011G256170	AT3G24090.1
OG0005139	As011G262510	AT2G14900.1
OG0005140	As011G265140	AT2G18570.1, AT2G18560.1
OG0005142	As011G265810	AT2G19080.1
OG0005143	As011G265870	AT2G19160.1
OG0005144	As011G266960	AT2G20300.1
OG0005145	As012G268090	AT1G55775.1
OG0005146	As012G268410	AT1G55510.1, AT3G13450.1
OG0005148	As012G271810	AT1G51340.2
OG0005150	As012G275500	AT3G51950.1
OG0005151	As012G275980	AT3G52450.1
OG0005152	As012G276380	AT3G52850.1
OG0005153	As012G278160	AT3G54080.1
OG0005154	As012G278270	AT3G54110.1
OG0005155	As012G278420	AT3G51850.1
OG0005156	As012G280450	AT3G54800.1
OG0005157	As012G280490	AT3G54810.1
OG0005158	As012G280950	AT3G54900.1
OG0005159	As012G282630	AT3G56120.1
OG0005160	As012G282710	AT3G56220.1
OG0005161	As012G282890	AT3G56400.1
OG0005162	As012G284100	AT3G57610.1
OG0005163	As012G285650	AT1G54250.1, AT3G59600.1
OG0005164	As012G285670	AT3G59650.2
OG0005165	As012G287130	AT3G61140.1
OG0005166	As012G287510	AT2G46110.1
OG0005167	As012G287550	AT3G61580.1
OG0005168	As012G287590	AT3G61620.1
OG0005192	As001G000030	AT4G28140.1
OG0005193	As001G000450	AT4G28540.1
OG0005194	As001G000820	AT4G28940.1
OG0005195	As001G000860	AT4G29010.1
OG0005196	As001G001460	AT4G29680.1
OG0005197	As011G265330, As001G001510	AT2G18390.1
OG0005198	As001G001540	AT4G29735.2
OG0005199	As001G001750	AT4G29870.1
OG0005200	As001G001880	AT1G69190.1
OG0005201	As001G002200	AT4G30200.2
OG0005202	As001G002220	AT4G30220.2
OG0005204	As001G002730, As001G002720	AT4G30660.1
OG0005205	As001G003030	AT4G30890.1
OG0005206	As001G003180	AT4G30960.1
OG0005207	As001G003510	AT4G31300.2
OG0005209	As001G004470	AT4G32915.1
OG0005210	As001G006380	AT4G32760.2
OG0005211	As001G013560	AT4G34160.1
OG0005212	As001G013840	AT4G34410.1
OG0005213	As001G013850	AT4G34390.1
OG0005214	As001G014850	AT4G35070.1
OG0005215	As001G016310	AT1G31812.1
OG0005216	As001G019480, As001G016550	AT1G32080.1
OG0005217	As001G017460	AT4G16850.1
OG0005218	As001G019600	AT1G58120.1
OG0005219	As001G021490	AT1G61130.1
OG0005220	As001G021830	AT1G61670.1
OG0005221	As001G022830	AT2G01690.2
OG0005222	As001G023020	AT2G01880.1
OG0005223	As001G023090	AT2G01940.3
OG0005225	As001G023510	AT2G02450.2
OG0005226	As001G024000	AT3G11810.1, AT2G03330.1
OG0005227	As001G024070	AT2G03440.1
OG0005228	As001G024300	AT2G03680.1
OG0005229	As001G024310	AT2G03690.1
OG0005230	As001G025120	AT3G26110.1
OG0005231	As008G184490, As001G025700	AT1G12810.2
OG0005232	As001G025830	AT3G26935.1
OG0005233	As002G050110, As001G026680	AT5G47840.1
OG0005234	As001G026780	AT3G27890.1
OG0005235	As001G027570	AT3G29030.1
OG0005236	As001G028240	AT1G67260.1
OG0005237	As001G031580	AT1G63110.1, AT1G12730.1
OG0005238	As001G031860	AT1G62810.1, AT3G43670.1
OG0005239	As002G032740	AT4G26080.1
OG0005240	As002G033370	AT2G40900.1
OG0005241	As002G035650	AT3G10410.1
OG0005242	As002G037520	AT3G11680.2
OG0005243	As002G038200	AT3G12030.1, AT5G06660.1
OG0005244	As002G040220	AT5G49740.1, AT5G49730.1
OG0005245	As002G044780	AT5G53210.1
OG0005246	As002G044790	AT5G53200.1
OG0005247	As002G046190	AT4G24380.3
OG0005248	As002G047450	AT5G55670.1
OG0005249	As002G047550	AT3G60360.1
OG0005250	As002G047570	AT5G55810.2
OG0005251	As002G049350	AT5G57685.1
OG0005252	As002G049940	AT5G58140.1
OG0005253	As002G050050	AT4G06746.1, AT1G46768.1
OG0005254	As002G050270	AT5G13420.1
OG0005255	As002G050710	AT5G12960.1, AT5G12950.1
OG0005256	As002G050800	AT5G12840.1
OG0005257	As002G051180	AT5G12080.1
OG0005258	As002G051280	AT5G11970.1
OG0005259	As002G051440	AT5G11810.1
OG0005260	As002G052400	AT5G25060.1, AT5G10800.1
OG0005261	As002G052420	AT5G10780.2
OG0005262	As002G053420	AT5G09920.1
OG0005263	As002G054560	AT5G08330.1
OG0005264	As002G054620	AT5G08280.1
OG0005265	As002G054940	AT5G07890.1
OG0005266	As002G055500	AT5G07250.1
OG0005267	As003G056420	AT4G18030.1
OG0005268	As003G056520	AT4G18160.1
OG0005269	As004G087090, As003G058360	AT4G20150.1
OG0005270	As003G060400	AT4G22330.1
OG0005271	As003G062220	AT4G24120.1
OG0005272	As003G063090, As003G063080	AT1G33970.1
OG0005273	As003G064100	AT1G36070.1
OG0005274	As003G064590, As004G080920	AT1G44160.1
OG0005275	As003G067440	AT3G22680.1
OG0005276	As003G067920	AT1G27740.1
OG0005277	As003G068670	AT1G28190.1
OG0005278	As003G068760	AT1G28260.1
OG0005279	As003G069010	AT1G28360.1
OG0005280	As004G081400, As003G069020	AT1G28370.2
OG0005281	As003G070060	AT1G29520.1
OG0005282	As003G070120	AT1G29660.1
OG0005283	As003G070550, As003G070630, As003G070540	AT1G30040.1
OG0005284	As003G070820	AT1G30280.1
OG0005285	As003G073530	AT4G37295.1
OG0005286	As003G073790, As007G179760	AT2G23090.1
OG0005287	As003G073950	AT4G37650.1
OG0005288	As007G180210, As003G074510	AT2G22500.1
OG0005289	As003G074790	AT4G39900.1
OG0005290	As003G075710	AT4G39140.1
OG0005291	As004G076710	AT3G62800.1
OG0005292	As004G078110	AT5G53000.1
OG0005293	As004G078660	AT2G34930.1
OG0005294	As004G079840	AT2G35190.1
OG0005295	As012G278310, As010G237850	AT1G75660.1
OG0005296	As004G083990	AT4G10810.1
OG0005297	As004G084530	AT4G23330.1
OG0005298	As004G085110	AT4G12340.1
OG0005299	As004G086400, As005G113080	AT4G05440.1
OG0005300	As004G086500	AT5G44310.2
OG0005301	As004G088600	AT5G46090.1
OG0005302	As004G089670	AT5G47070.1
OG0005303	As004G092590	AT4G14540.1
OG0005304	As004G093480	AT3G25100.1
OG0005306	As004G094400	AT4G13510.1
OG0005307	As004G095160	AT4G14145.1
OG0005308	As004G097330	AT2G44860.1
OG0005309	As004G098310	AT1G26665.1, AT5G41910.1
OG0005310	As005G101900	AT2G45220.1
OG0005311	As005G101940	AT2G45190.1
OG0005312	As005G102030	AT1G65680.1
OG0005313	As005G102990	AT2G44210.2
OG0005314	As005G103830	AT5G40520.2
OG0005316	As005G104140	AT2G43160.1
OG0005317	As005G104740	AT2G42610.1
OG0005318	As005G105010	AT2G41940.1
OG0005319	As005G105050	AT2G41970.1
OG0005320	As005G105080	AT2G42040.1
OG0005321	As005G105830	AT2G41660.1
OG0005322	As005G106390	AT5G01630.1, AT4G00020.2
OG0005323	As005G107120	AT5G02030.1
OG0005324	As005G107610	AT5G02550.1
OG0005325	As005G107770	AT5G02760.1
OG0005326	As005G108100	AT5G03210.2
OG0005327	As005G108310	AT5G03430.1
OG0005329	As005G109100	AT3G45800.1, AT2G11620.1, AT2G29850.1, AT2G29605.1, AT2G11623.1, AT4G07675.1, AT1G49700.1
OG0005330	As005G109560	AT5G26170.1
OG0005331	As005G110880	AT5G20240.1
OG0005332	As005G111210	AT5G20270.1
OG0005333	As005G111980	AT5G20630.1
OG0005334	As005G112100	AT5G20670.1
OG0005335	As005G112280	AT5G20820.1
OG0005336	As005G112520	AT4G24190.1
OG0005337	As005G112640	AT5G21130.1
OG0005338	As005G113040, As010G226430	AT5G22000.1
OG0005339	As005G113270	AT5G22310.1
OG0005340	As005G113290	AT5G19900.1
OG0005341	As010G226240, As005G113340	AT5G22360.1
OG0005342	As005G113890	AT5G60800.2
OG0005343	As005G114460	AT5G60200.1
OG0005344	As005G114910	AT5G59730.1
OG0005345	As005G115620	AT5G59460.1
OG0005346	As005G116070	AT5G63150.1
OG0005347	As005G116700	AT5G63720.1
OG0005348	As005G116970	AT1G32880.1, AT5G52000.1, AT5G49305.1
OG0005349	As005G116990	AT2G37720.1, AT5G64020.1
OG0005350	As005G117270	AT5G64270.1
OG0005351	As005G117780	AT5G64750.1
OG0005352	As005G117820	AT5G64810.1
OG0005353	As005G118500	AT5G65420.3
OG0005354	As005G118650	AT5G65590.1
OG0005355	As005G119000	AT5G67620.1
OG0005356	As005G119020	AT5G67600.1
OG0005357	As005G119650	AT5G66990.1
OG0005358	As005G120230	AT5G66550.2
OG0005359	As006G135260, As005G120420	AT5G66380.1
OG0005360	As008G199610	AT4G09320.1
OG0005361	As006G121060	AT4G00050.1
OG0005362	As006G121210	AT4G00755.1
OG0005363	As006G122260	AT4G00830.1
OG0005364	As008G198420, As006G122320	AT1G01090.1
OG0005365	As006G122550	AT4G01650.1
OG0005366	As006G123900	AT4G03120.1
OG0005368	As006G125730	AT2G32235.1
OG0005369	As006G125790	AT2G32710.1
OG0005370	As006G127060	AT2G31660.1
OG0005371	As006G127310	AT2G31360.1
OG0005372	As006G127400	AT2G31270.1
OG0005373	As006G130030	AT2G28160.1
OG0005374	As006G130880	AT2G27430.1
OG0005375	As006G131170	AT2G26750.1, AT2G26740.1
OG0005376	As006G132090	AT4G32870.1
OG0005377	As006G133310	AT1G63290.1, AT3G01850.1
OG0005378	As006G136010	AT3G02990.1
OG0005379	As006G136190	AT3G03170.1
OG0005380	As006G137130, As009G203990	AT5G18110.1
OG0005381	As006G138810	AT3G05490.1
OG0005382	As006G139330	AT3G05900.1
OG0005383	As006G139670	AT5G13710.1
OG0005384	As006G140170	AT3G06530.4
OG0005385	As006G140490	AT3G06860.1
OG0005386	As006G141090	AT3G07360.1
OG0005387	As006G141390	AT3G07650.1
OG0005388	As006G142900	AT2G40090.1
OG0005389	As012G282400, As006G142930	AT2G40060.1
OG0005390	As006G143390	AT2G39660.1
OG0005391	As006G143790	AT2G39340.1
OG0005392	As006G144000	AT2G39080.1
OG0005393	As006G144220	AT3G54620.1
OG0005394	As006G144290	AT2G38800.1
OG0005395	As006G144490	AT2G35940.1
OG0005396	As006G145630	AT2G37030.1
OG0005397	As006G146190	AT2G37440.1
OG0005398	As006G146370	AT2G37580.1
OG0005400	As006G147530, As012G278560	AT2G38120.1
OG0005401	As007G163120, As006G147870	AT3G07510.3
OG0005402	As006G148690	AT2G38310.1
OG0005403	As007G152380	AT1G15910.1, AT4G00380.1
OG0005404	As007G153370	AT1G16920.1
OG0005405	As007G155080	AT1G18640.2
OG0005406	As007G155200	AT1G18750.3
OG0005407	As007G155290	AT1G18860.1
OG0005408	As007G155310	AT1G18880.1
OG0005409	As007G155490	AT1G19110.1
OG0005410	As007G155980, As010G238120	AT1G19715.3
OG0005411	As007G156250	AT1G20070.1
OG0005412	As007G156740	AT1G20640.1
OG0005413	As007G157620	AT1G21630.2
OG0005414	As010G235650, As007G158030	AT1G77770.1
OG0005415	As007G158210	AT1G22220.1
OG0005417	As010G234630, As007G158760	AT1G71840.1
OG0005418	As007G158920	AT1G71530.1
OG0005419	As007G160140	AT1G27120.1
OG0005420	As007G160270	AT1G27000.1
OG0005421	As007G160420	AT1G26850.1
OG0005422	As007G160840	AT1G26370.1
OG0005423	As007G161750	AT1G67856.1, AT1G24580.1
OG0005424	As007G161800	AT1G24530.1
OG0005425	As007G161820	AT1G24520.1
OG0005426	As007G164240	AT4G25040.1
OG0005427	As007G165270	AT4G25550.1
OG0005429	As007G178550	AT2G24090.1
OG0005432	As008G185190	AT1G12140.1
OG0005433	As008G185260	AT1G12064.1
OG0005434	As008G186720	AT1G10840.1
OG0005435	As008G186740	AT1G10820.2
OG0005436	As008G187770	AT1G10030.1
OG0005437	As008G187800	AT1G10060.5
OG0005438	As008G188070	AT1G09700.1
OG0005439	As008G188380	AT1G09380.1
OG0005440	As008G188430	AT1G09330.1
OG0005441	As008G189400	AT1G08820.1
OG0005442	As008G190710	AT3G42550.1
OG0005443	As008G191180	AT1G08060.3
OG0005444	As008G193410	AT1G06720.2
OG0005445	As008G194470, As008G194460	AT1G05770.1
OG0005446	As008G194650	AT1G05630.1
OG0005447	As008G198530	AT4G07950.1, AT1G01210.1
OG0005448	As009G199760	AT5G13910.1
OG0005449	As009G199880	AT5G14580.1
OG0005450	As009G200330	AT5G14070.1
OG0005451	As009G200560	AT5G14780.1
OG0005452	As009G202220	AT5G16280.1
OG0005453	As009G202520	AT5G16560.1
OG0005454	As009G203370	AT5G17350.1
OG0005455	As009G203540	AT5G17590.1
OG0005456	As009G203720	AT5G17770.1
OG0005457	As009G204260	AT5G18420.2
OG0005458	As009G205380	AT5G26594.1
OG0005459	As009G206170	AT5G27620.2
OG0005460	As009G207070	AT5G28640.1
OG0005461	As009G208680	AT5G48810.1
OG0005462	As009G211500	AT5G06800.2
OG0005463	As009G212510	AT5G06220.2
OG0005464	As009G213280	AT5G05440.1
OG0005465	As009G213960	AT5G05140.1
OG0005466	As009G214080	AT5G04890.1
OG0005467	As009G214330	AT5G04760.1
OG0005468	As009G214350	AT5G04740.1
OG0005469	As009G214590	AT5G04470.1
OG0005470	As009G215170	AT5G25640.1
OG0005471	As009G218530	AT5G62000.1
OG0005472	As009G218540	AT5G62020.1
OG0005473	As009G218600	AT5G62130.2
OG0005474	As009G218900, As010G223550	AT5G62440.1
OG0005475	As009G220040	AT5G58350.1
OG0005476	As010G220650	AT3G50900.1
OG0005478	As010G223900, As010G227850	AT3G47120.1
OG0005479	As010G224970	AT3G45750.1
OG0005480	As010G227370	AT5G19980.1
OG0005481	As010G227770	AT1G67740.1
OG0005482	As010G230120	AT3G07100.1
OG0005484	As010G231250	AT1G68620.1
OG0005485	As010G232340	AT1G69310.1
OG0005486	As010G232680	AT1G69580.2
OG0005487	As010G233660	AT1G70740.1
OG0005488	As010G234000	AT1G71070.1
OG0005489	As010G234410	AT1G71692.1
OG0005490	As010G235270	AT1G78170.1
OG0005491	As010G235360	AT1G78080.1
OG0005492	As010G236640	AT1G76800.1
OG0005493	As010G236980	AT1G20900.1
OG0005494	As010G237580	AT1G75900.1
OG0005495	As010G237980	AT1G75540.1
OG0005496	As010G238020	AT1G75490.1
OG0005497	As010G238170	AT1G75410.1
OG0005498	As010G239260	AT1G74230.1
OG0005499	As010G239280	AT1G74210.1
OG0005500	As010G239620	AT1G73885.1
OG0005501	As010G239980	AT1G65550.1, AT5G25420.1
OG0005502	As010G240960	AT1G72820.1
OG0005503	As010G241410	AT1G72350.1
OG0005504	As010G241690	AT1G78440.1
OG0005505	As010G243330	AT1G80840.1, AT3G32090.1
OG0005506	As010G243530	AT1G80620.1
OG0005507	As010G243800	AT1G80410.2
OG0005508	As011G244660, As012G267750	AT3G12760.1
OG0005509	As011G245180	AT3G13310.1
OG0005510	As011G247140	AT3G15030.1
OG0005511	As011G247560	AT3G15380.1
OG0005512	As011G247600	AT3G15420.1, AT1G80745.1
OG0005513	As011G248560	AT3G16380.1
OG0005514	As011G248700	AT3G16490.1
OG0005516	As012G274680, As011G248860	AT4G15880.1
OG0005517	As011G249180	AT3G17020.1
OG0005518	As011G249590	AT3G17510.1
OG0005520	As011G250780	AT3G18710.1
OG0005521	As011G250870	AT3G18773.1
OG0005522	As011G250990	AT3G18860.1
OG0005523	As011G251240, As011G257370	AT3G19160.1
OG0005524	As011G251620	AT3G19550.1
OG0005525	As011G252560	AT3G20300.1
OG0005526	As011G252910	AT3G20630.1
OG0005527	As011G254490	AT3G22500.1, AT3G22490.1
OG0005530	As011G262240	AT4G33680.1
OG0005531	As011G263780	AT2G16950.1
OG0005532	As011G263890	AT2G17040.1
OG0005533	As011G264950	AT2G18010.1
OG0005534	As011G265510	AT2G18180.1
OG0005535	As011G266540	AT2G19880.2
OG0005536	As012G268750	AT1G55270.1
OG0005537	As012G269120	AT1G54160.1
OG0005538	As012G269130	AT1G54150.1
OG0005539	As012G269280	AT1G54030.1
OG0005540	As012G269570	AT1G53650.1
OG0005541	As012G269860	AT1G53250.1
OG0005542	As012G272150	AT1G50460.1
OG0005543	As012G272990	AT1G49330.1
OG0005544	As012G273870	AT1G48320.1
OG0005545	As012G273980	AT1G48160.1
OG0005546	As012G277470	AT3G53720.1
OG0005547	As012G278040	AT3G54000.1
OG0005548	As012G279160	AT2G15670.1, AT3G51670.1
OG0005549	As012G279470	AT3G51590.1
OG0005550	As012G283980	AT3G57450.1
OG0005551	As012G284120	AT3G57650.1
OG0005552	As012G284430	AT3G58030.1
OG0005553	As012G284600	AT3G58180.1
OG0005554	As012G286950	AT3G60820.1
OG0005555	As012G288020	AT3G62060.2
OG0005556	As012G288420	AT3G62600.1
OG0005557	As012G288720	AT3G62900.1
OG0005592	As001G000970	AT4G29140.1
OG0005593	As001G002110	AT4G30140.1
OG0005594	As006G136630, As001G002230	AT1G08480.1
OG0005595	As001G002670	AT4G30630.1
OG0005596	As001G002890	AT4G30790.1
OG0005597	As001G002940	AT4G30810.1
OG0005598	As001G003080	AT4G30930.1
OG0005600	As001G003530	AT4G31320.1
OG0005601	As001G003860	AT4G31570.1
OG0005602	As001G004790	AT4G32300.1
OG0005603	As001G005240	AT4G32551.2
OG0005604	As006G131940, As001G005600	AT4G32980.1
OG0005605	As001G005830	AT4G32890.1
OG0005606	As001G012120	AT4G33670.1
OG0005607	As001G013590	AT4G34120.1
OG0005608	As001G015710	AT5G22100.1
OG0005609	As004G079180, As001G016190	AT2G35610.1
OG0005610	As001G018030	AT4G16470.1
OG0005611	As008G188180, As001G019310	AT1G57680.1
OG0005613	As001G021190	AT1G60900.1
OG0005614	As001G021890	AT1G61740.1
OG0005615	As001G022220	AT2G01080.1
OG0005616	As001G023370	AT2G02170.1
OG0005617	As001G023570	AT2G02560.1
OG0005618	As001G024320	AT2G03710.1
OG0005619	As008G183820, As001G024480	AT2G04032.1
OG0005620	As001G024500	AT2G04046.1, AT2G04045.1
OG0005621	As001G024560	AT2G03870.1
OG0005622	As001G025080	AT3G26070.1, AT3G26080.2
OG0005623	As001G025110	AT3G26100.2
OG0005624	As001G025980	AT3G27090.1
OG0005625	As001G026930	AT3G28180.1
OG0005626	As004G078310, As001G027760	AT3G29270.1
OG0005627	As001G027810	AT3G29320.1
OG0005628	As001G028350	AT1G67120.2
OG0005629	As004G076910	AT5G35980.1
OG0005630	As004G098390	AT5G42000.1
OG0005631	As001G031070	AT1G63840.1
OG0005632	As001G031180, As009G201530	AT5G15750.1
OG0005633	As008G184530, As001G031460	AT1G63245.1
OG0005634	As001G031680	AT1G63000.1
OG0005635	As002G032560	AT4G25870.1
OG0005636	As012G283610	AT3G57062.1
OG0005637	As002G033850	AT2G40610.1
OG0005639	As002G034720, As005G108070	AT3G09760.1
OG0005640	As002G035100	AT3G09980.1
OG0005641	As002G038610	AT3G12160.1
OG0005642	As002G043760	AT5G51830.1
OG0005644	As002G044970	AT5G53050.4
OG0005645	As002G046580	AT5G54800.1
OG0005647	As006G134300, As002G047690	AT5G55940.1
OG0005648	As002G047990	AT5G56250.1
OG0005649	As002G048200	AT5G56510.1
OG0005650	As002G048770	AT5G57090.1
OG0005651	As002G049090	AT5G57380.1
OG0005652	As002G049520	AT5G57840.1
OG0005653	As002G049860	AT5G58060.2
OG0005654	As002G050000	AT5G47820.1
OG0005655	As002G050360	AT5G13290.2
OG0005656	As002G050400	AT5G13250.1
OG0005657	As002G050640	AT5G13020.1
OG0005659	As002G051500	AT5G11770.1
OG0005660	As002G051530	AT5G11750.2, AT4G11630.1, AT1G24240.1
OG0005661	As002G051570	AT5G11700.2
OG0005662	As002G051910	AT5G11340.1
OG0005663	As002G053900	AT5G09370.1
OG0005664	As002G054020	AT5G09240.2, AT5G09250.4
OG0005665	As002G054720	AT5G08150.1
OG0005666	As003G055610	AT4G17210.1
OG0005667	As003G055790	AT4G17440.3
OG0005668	As004G089530, As003G056060	AT5G46910.1
OG0005669	As003G057730	AT4G19380.2
OG0005670	As003G057810	AT4G19460.1
OG0005672	As003G058080, As004G087440	AT4G19860.1
OG0005673	As003G059120	AT4G21215.2
OG0005674	As003G060330	AT4G22270.1
OG0005675	As003G060650	AT4G22720.1
OG0005676	As003G060780	AT4G22780.1
OG0005678	As003G063370	AT1G34350.2
OG0005680	As003G068930	AT1G28310.2
OG0005681	As003G069990	AT1G29395.1, AT1G29390.1
OG0005682	As003G070090	AT1G29550.1, AT1G29590.1
OG0005683	As003G071570	AT1G30880.1
OG0005684	As003G072040	AT4G35740.1
OG0005685	As003G072410	AT4G36110.1
OG0005686	As003G072600	AT4G36430.1
OG0005687	As003G073130	AT4G37210.1
OG0005688	As003G073860, As007G179770	AT2G23070.1
OG0005689	As003G074090	AT4G37790.1
OG0005691	As003G074760	AT4G39940.1
OG0005693	As003G075440	AT4G39410.1
OG0005694	As003G075450	AT4G39400.1
OG0005695	As004G077720	AT5G38360.1
OG0005697	As004G079740	AT2G35230.1
OG0005698	As004G081030	AT2G34357.1
OG0005699	As004G081880	AT5G43260.1
OG0005700	As004G081900	AT5G13010.1
OG0005701	As004G081910	AT5G43230.1
OG0005703	As004G085090	AT4G12270.1, AT4G12290.1
OG0005704	As004G085370	AT4G12610.2
OG0005705	As004G087970, As004G087950	AT5G45480.1
OG0005706	As004G087960	AT5G45470.1
OG0005707	As004G088580	AT5G46070.1
OG0005708	As004G088860, As004G088830	AT5G46370.1
OG0005709	As004G089100	AT5G46630.2
OG0005710	As004G090190	AT5G47560.1
OG0005711	As004G090210	AT5G47570.1
OG0005712	As004G090660	AT5G47670.1
OG0005713	As004G090690	AT5G47640.1
OG0005714	As004G092450	AT5G35750.1
OG0005715	As004G094330	AT4G13450.1
OG0005716	As004G095850	AT4G14746.1
OG0005717	As004G096500, As011G253730	AT3G21610.1
OG0005718	As005G099150	AT2G47710.1
OG0005719	As005G099460	AT2G47460.1
OG0005720	As005G099650	AT2G47270.1
OG0005721	As005G100240	AT2G46790.1, AT2G46670.1
OG0005722	As005G100400	AT2G46610.1
OG0005723	As005G100500	AT2G46520.1
OG0005724	As005G100700, As012G287700	AT3G61690.1
OG0005725	As005G101370	AT2G45695.1, AT3G61113.1
OG0005726	As012G287060, As005G101510	AT3G61050.1
OG0005727	As005G101650	AT2G45490.1
OG0005728	As005G102170	AT2G44940.1
OG0005729	As012G286250	AT3G60330.1
OG0005730	As005G102520	AT2G44670.1
OG0005731	As005G102890	AT2G44340.1
OG0005732	As005G102920	AT2G44290.1, AT2G44300.1
OG0005733	As005G103870	AT2G43470.1
OG0005734	As005G104020	AT2G43340.1
OG0005735	As005G104870	AT2G42490.1
OG0005736	As005G106100	AT2G41500.1, AT2G05720.1
OG0005737	As005G107140	AT5G02050.1
OG0005738	As005G107360	AT5G02260.1
OG0005739	As005G109570	AT5G26180.1
OG0005740	As005G109650	AT5G26200.1
OG0005742	As005G110700	AT5G19760.1
OG0005744	As010G227100, As005G112230	AT5G20720.1
OG0005745	As005G112270	AT5G20810.2
OG0005746	As005G113210	AT5G22220.2
OG0005747	As005G113420	AT5G22460.1
OG0005748	As005G113530	AT5G22570.1
OG0005749	As005G114100	AT5G60640.1
OG0005750	As005G114350	AT5G60335.1
OG0005751	As005G115900	AT5G58920.1
OG0005752	As005G116790	AT5G63860.1
OG0005753	As005G116850	AT5G63900.1
OG0005754	As005G117610	AT5G64620.1
OG0005755	As005G117720	AT5G64690.1
OG0005756	As005G118270	AT5G65170.1
OG0005757	As005G119990	AT5G66690.1, AT5G26310.1
OG0005758	As005G120170	AT5G66580.1
OG0005759	As006G121240	AT4G00730.1
OG0005760	As006G121530	AT4G00440.2
OG0005761	As006G121710, As006G121870	AT4G01270.1, AT4G01245.1
OG0005762	As006G121920	AT4G01210.1
OG0005763	As006G122470	AT4G01575.1
OG0005764	As006G123560	AT4G02730.1
OG0005765	As006G124020	AT4G03240.1
OG0005766	As006G124130	AT4G03390.1
OG0005767	As006G124260	AT5G44290.1
OG0005768	As006G124290	AT5G44260.1
OG0005770	As006G124500	AT5G44070.1
OG0005771	As006G125230	AT2G33470.1
OG0005772	As006G125240	AT2G33460.1
OG0005773	As006G125800	AT2G32720.1
OG0005774	As006G126490	AT2G31990.2
OG0005775	As006G128310	AT2G30200.1
OG0005776	As006G128500	AT2G30020.1
OG0005777	As012G269220, As006G129360	AT2G28840.1
OG0005778	As006G129460	AT2G31490.1
OG0005779	As006G130120	AT2G28085.1
OG0005781	As006G130710	AT2G27180.1
OG0005782	As006G131560	AT4G33250.1
OG0005783	As006G131600	AT3G53690.1
OG0005784	As009G199830, As006G133520	AT5G14010.1
OG0005785	As006G134900	AT3G01140.1
OG0005786	As006G135270	AT3G02280.1
OG0005787	As006G135360	AT3G02350.1
OG0005788	As006G135410	AT3G02420.1
OG0005789	As006G136390	AT3G03330.1
OG0005790	As006G139310	AT3G05870.3
OG0005791	As006G140230	AT3G06590.1
OG0005792	As006G140370	AT3G06730.1
OG0005793	As006G140430	AT3G06780.1
OG0005794	As006G140500	AT3G06868.1
OG0005795	As006G141280	AT3G07570.1
OG0005796	As006G141300	AT1G61520.1
OG0005797	As006G141540	AT3G07800.1
OG0005798	As006G141920	AT3G08600.1
OG0005799	As006G142460	AT2G40430.2
OG0005800	As006G142780	AT3G51810.1, AT2G40170.1
OG0005801	As006G143030	AT2G37500.1
OG0005802	As006G143590	AT2G39450.1
OG0005803	As006G145440	AT2G36890.2
OG0005804	As006G146090	AT3G53520.4
OG0005805	As006G146130	AT2G37390.1
OG0005806	As006G146600	AT2G37630.1
OG0005807	As006G146740	AT2G37690.1
OG0005808	As006G147110	AT2G38290.1
OG0005809	As006G147130	AT2G38670.1
OG0005810	As006G147400	AT2G38560.1
OG0005811	As006G148400	AT2G38470.1
OG0005812	As007G151980	AT1G15360.1
OG0005813	As007G152850	AT1G16370.1
OG0005814	As007G152900, As007G162490	AT1G16430.1, AT1G07950.2
OG0005815	As007G153110	AT1G16670.1
OG0005816	As007G153210	AT1G16790.1
OG0005817	As007G153560	AT1G17130.2
OG0005818	As007G154250, As010G240610	AT1G73100.1
OG0005819	As007G154280, As007G177410	AT1G17800.1
OG0005820	As007G155920	AT1G19640.1
OG0005821	As007G156600	AT1G20470.1
OG0005822	As007G156720	AT1G20620.6
OG0005823	As007G157840	AT1G21830.1
OG0005824	As007G158530	AT1G22490.2
OG0005825	As007G159610	AT1G23460.1
OG0005826	As007G159750	AT1G23800.1
OG0005827	As007G159900	AT5G51080.1, AT1G24090.1
OG0005828	As009G200310, As007G162190	AT5G14090.1
OG0005829	As007G162370	AT1G27600.1
OG0005830	As007G162630	AT1G27450.3
OG0005831	As007G162920	AT4G24440.1
OG0005832	As007G163340	AT2G25680.1
OG0005833	As007G163990	AT4G24970.1
OG0005834	As007G164230	AT4G25030.1
OG0005835	As007G164670	AT4G25315.1
OG0005836	As007G178540	AT2G24120.1
OG0005838	As008G182380	AT1G15060.1
OG0005839	As008G182710	AT1G14710.1
OG0005840	As008G183450	AT1G13960.1
OG0005841	As008G184040	AT1G13360.1
OG0005842	As008G184480	AT1G12830.1
OG0005843	As008G184600	AT1G12680.1
OG0005844	As008G184720	AT1G12530.1
OG0005845	As008G185090	AT1G12260.1
OG0005846	As008G185210	AT1G12110.1
OG0005847	As008G185500	AT1G11880.1
OG0005848	As008G185770	AT1G11655.1
OG0005849	As008G186170	AT1G11310.1
OG0005850	As008G186180	AT1G11300.1, AT1G11303.1
OG0005853	As008G187720	AT1G09960.1
OG0005854	As008G188170	AT1G09600.1
OG0005855	As008G188460	AT1G09310.1
OG0005856	As008G190000	AT1G08650.1
OG0005857	As008G190730	AT1G08380.1
OG0005858	As008G191080	AT1G07985.1
OG0005859	As008G191910	AT1G07720.2
OG0005860	As008G192550	AT1G07520.3
OG0005861	As008G193070	AT1G07080.1
OG0005862	As008G195890	AT1G04690.1
OG0005863	As008G195900	AT1G04680.1
OG0005864	As008G195940	AT1G04640.1
OG0005865	As008G197460	AT1G03050.1
OG0005866	As008G197980	AT1G02410.1
OG0005867	As008G198380	AT1G01060.1
OG0005868	As008G199050	AT1G01690.1
OG0005870	As009G200040	AT5G14370.1
OG0005871	As009G200270	AT5G14130.2
OG0005872	As009G200830	AT5G15130.1
OG0005873	As009G200900	AT5G15630.1
OG0005874	As009G201810	AT5G15970.1, AT5G15960.1
OG0005875	As009G203450	AT5G17520.1, AT5G17523.1
OG0005876	As009G204330	AT5G18470.1
OG0005877	As009G205000	AT5G19120.1
OG0005878	As009G206730	AT5G27230.1
OG0005879	As009G207310	AT5G30490.1
OG0005880	As009G207380	AT5G49510.1
OG0005881	As009G207620	AT5G49360.1
OG0005882	As009G207830	AT5G49030.3
OG0005883	As009G208760	AT5G48720.2
OG0005884	As009G209480	AT5G13740.1
OG0005885	As009G213290	AT5G05410.1
OG0005886	As009G215000, As009G214990	AT5G25820.1
OG0005887	As009G215730	AT5G24890.1
OG0005888	As009G216730	AT5G23910.2
OG0005889	As009G217700	AT5G60980.2
OG0005890	As009G218040	AT5G61430.1
OG0005891	As009G218670	AT5G62190.1
OG0005892	As010G223620	AT3G47470.1
OG0005893	As009G219200	AT5G62790.2
OG0005894	As009G219650	AT5G58700.1
OG0005895	As009G219700	AT5G58660.1
OG0005896	As009G219780	AT5G58580.1
OG0005897	As009G219840	AT5G58530.1
OG0005898	As009G219950	AT5G58430.1
OG0005899	As009G219960	AT3G10985.1
OG0005900	As009G220150	AT5G58230.1
OG0005901	As010G220240	AT3G51470.1
OG0005902	As010G221040	AT3G50410.1
OG0005903	As010G222080	AT3G49220.3
OG0005904	As010G223050	AT3G48140.1
OG0005906	As010G226820	AT3G44170.1
OG0005907	As010G231700	AT1G68870.1
OG0005908	As010G232940	AT1G69880.1
OG0005909	As010G234370	AT1G71680.1
OG0005910	As010G234790	AT1G71950.1
OG0005911	As010G235430	AT1G78020.1
OG0005912	As010G236120	AT1G77350.1
OG0005913	As010G237070	AT1G76410.1
OG0005914	As010G237320	AT1G76200.1
OG0005915	As010G238310	AT1G75240.1
OG0005916	As010G238540, As010G238420	AT1G75020.1
OG0005917	As010G238880	AT1G74650.1
OG0005918	As010G241580	AT1G17200.1
OG0005919	As010G242020	AT1G78630.1
OG0005920	As010G242080	AT1G78700.1
OG0005921	As010G243410	AT1G80760.1
OG0005922	As010G243960	AT4G00695.3, AT1G80245.1
OG0005924	As011G244740	AT3G12910.1
OG0005925	As011G245050	AT3G13200.1
OG0005926	As011G245860	AT3G13882.2
OG0005927	As011G246790	AT3G14610.1
OG0005928	As011G246890	AT3G14770.1
OG0005929	As012G270060, As011G247460	AT1G53050.1
OG0005931	As011G249670	AT3G17609.2
OG0005932	As011G250460	AT3G18400.1
OG0005933	As011G250620, As011G250610	AT1G61450.1
OG0005934	As011G251710	AT3G19640.1
OG0005935	As011G252020	AT3G19920.2
OG0005936	As011G252550	AT3G20290.1
OG0005937	As011G253240	AT3G21100.3
OG0005938	As011G254360	AT3G22400.1
OG0005939	As011G254370	AT3G22410.1
OG0005940	As011G254570	AT3G22620.1
OG0005941	As011G255500	AT3G23620.1
OG0005942	As011G255750	AT3G23805.1
OG0005943	As011G255790	AT3G23820.1
OG0005944	As011G256800	AT3G24620.1
OG0005945	As011G261470	AT2G06020.1
OG0005946	As011G261940, As011G261930	AT5G32440.3
OG0005947	As011G262430	AT2G14835.1
OG0005948	As011G263550	AT2G16710.3
OG0005949	As011G264980	AT2G18040.1
OG0005950	As011G265420	AT2G18300.3
OG0005951	As011G266080	AT2G19410.2
OG0005952	As011G266280	AT2G19580.1
OG0005953	As011G266660	AT2G20030.1
OG0005954	As011G266950	AT2G20280.1
OG0005955	As012G267950	AT1G55900.1
OG0005956	As012G268270	AT1G55620.2
OG0005957	As012G269670	AT1G53530.1
OG0005958	As012G270120	AT1G52980.1
OG0005959	As012G270510	AT1G52680.1
OG0005960	As012G273120	AT1G48750.1
OG0005961	As012G273190	AT1G48850.1
OG0005962	As012G274040	AT1G48090.2
OG0005963	As012G274760	AT4G15770.1
OG0005964	As012G275940	AT3G52400.1
OG0005965	As012G278490	AT3G51840.1
OG0005966	As012G280370	AT3G54740.2
OG0005967	As012G282520	AT3G56010.1
OG0005968	As012G282740	AT3G56250.3
OG0005969	As012G283470	AT3G56950.2
OG0005970	As012G283580	AT3G57040.1
OG0005971	As012G284020	AT3G57500.1
OG0005972	As012G284030	AT3G57510.1
OG0005973	As012G285230	AT3G59110.1
OG0005974	As012G287360	AT3G61310.1
OG0005975	As012G287540	AT5G03435.1, AT3G61720.1
OG0005976	As012G287560	AT3G61590.4
OG0005977	As012G289310	AT3G63410.1
OG0005978	As012G289470	AT3G63520.1
OG0006016	As011G266650, As001G000800	AT4G28910.1
OG0006017	As011G265900, As001G001870	AT2G19180.1
OG0006018	As001G002410	AT4G30400.1
OG0006019	As001G002490, As007G179100	AT2G23820.2
OG0006020	As001G002830	AT4G30710.1, AT4G30740.1
OG0006021	As001G003250	AT2G27120.2, AT1G08260.1
OG0006022	As001G003350	AT4G31120.1
OG0006023	As001G003440	AT4G31210.1
OG0006024	As007G177940, As001G003950	AT2G24640.1
OG0006025	As001G005300	AT1G30240.2
OG0006026	As001G010530	AT4G33550.1
OG0006027	As001G010610	AT4G33625.1
OG0006028	As001G010720	AT4G33630.1
OG0006029	As011G262500, As001G012720	AT2G14890.1
OG0006030	As001G014400	AT4G34680.1
OG0006031	As001G014500	AT4G34790.1
OG0006032	As001G014560	AT4G34850.1
OG0006033	As001G015530	AT5G60620.1
OG0006034	As004G079060, As001G015920	AT1G31350.2
OG0006035	As001G016750	AT1G32240.1
OG0006036	As001G017050	AT1G32540.1
OG0006037	As001G017210	AT1G32750.1, AT3G19040.2
OG0006038	As001G017380	AT4G17030.1
OG0006039	As001G018050	AT4G16450.1
OG0006040	As001G018690	AT1G54850.1
OG0006041	As001G019590	AT1G58110.1
OG0006042	As001G020610	AT1G60170.1
OG0006043	As001G020800	AT1G60420.1
OG0006044	As008G186780, As001G021070	AT1G10770.1
OG0006045	As001G022260	AT2G01120.2
OG0006046	As001G022450, As011G261420	AT2G05990.1
OG0006047	As001G022570	AT2G01450.1
OG0006048	As010G233710	AT4G14226.1
OG0006048	As001G022680	AT2G01554.1
OG0006049	As001G023240	AT2G02050.1
OG0006050	As001G023340	AT1G71430.1
OG0006051	As001G023620	AT2G02730.1
OG0006052	As001G024020	AT2G03350.1
OG0006053	As001G024400	AT2G03800.2
OG0006054	As008G184340, As001G025380, As001G024700	AT1G12990.1
OG0006055	As001G024950	AT3G25910.1
OG0006056	As001G025480	AT5G38030.1, AT3G26590.1
OG0006057	As001G025960	AT3G27060.1
OG0006058	As001G026140	AT3G27250.1
OG0006059	As001G026290	AT3G27350.2
OG0006060	As001G026340	AT3G27390.1
OG0006061	As001G026850	AT3G28007.1
OG0006062	As001G026880	AT3G28050.1
OG0006063	As001G026980	AT3G28370.5
OG0006064	As001G027190	AT3G28690.2
OG0006065	As001G027530	AT3G28960.1
OG0006066	As001G027580	AT3G29034.1
OG0006067	As001G028060	AT3G30260.1
OG0006068	As001G028660	AT1G66760.2
OG0006069	As001G029160	AT1G65930.1
OG0006071	As001G030460	AT1G64510.2
OG0006072	As001G030480	AT5G42060.1, AT1G64490.1
OG0006073	As001G031210	AT1G63670.1
OG0006074	As001G031350	AT1G63440.1
OG0006075	As001G031690	AT1G62990.1
OG0006076	As012G283520	AT2G41290.1
OG0006077	As002G033280	AT2G41130.1
OG0006078	As002G034220	AT3G09350.1
OG0006079	As002G035610	AT3G10380.1
OG0006080	As002G036510	AT3G10920.1
OG0006081	As002G037500, As009G212250	AT5G06360.1
OG0006082	As002G039070	AT3G12490.2
OG0006084	As002G042230	AT5G50375.2
OG0006085	As002G043110	AT5G51130.1
OG0006086	As002G043640	AT5G51740.2
OG0006088	As002G045030	AT5G52980.1
OG0006089	As002G045040	AT4G27870.2
OG0006090	As002G045330	AT5G53560.1
OG0006091	As002G045370	AT2G01100.1
OG0006092	As002G045410	AT5G53730.1
OG0006093	As002G046040	AT5G54250.1
OG0006095	As002G046410	AT5G54650.1
OG0006096	As002G046470	AT5G54730.1
OG0006097	As002G046880	AT5G55090.2
OG0006098	As002G047480	AT5G55710.1
OG0006099	As002G048490	AT5G56790.1
OG0006100	As002G049200	AT5G57520.1
OG0006101	As002G049280	AT5G57620.1
OG0006102	As002G049500	AT1G15420.1
OG0006103	As002G049660, As002G049690	AT5G58000.2
OG0006104	As002G049740, As008G183560	AT1G13790.1
OG0006105	As002G049810	AT5G58010.1
OG0006106	As002G050840	AT5G12440.10
OG0006107	As002G050890	AT5G12370.1
OG0006108	As002G051780	AT5G11500.1
OG0006109	As002G052970	AT5G10310.2
OG0006110	As002G053180	AT5G10130.1
OG0006111	As002G053730	AT5G09550.1
OG0006112	As002G054150	AT5G08660.1
OG0006113	As002G054520	AT5G08370.1
OG0006114	As002G054740	AT5G08130.8
OG0006115	As002G054770	AT5G08100.1
OG0006116	As002G055100	AT5G07690.1
OG0006117	As009G218510, As002G055470	AT5G61980.1
OG0006118	As003G055680	AT4G17330.1
OG0006119	As003G055930	AT4G17570.2
OG0006120	As003G056280	AT4G17895.1
OG0006121	As003G056330	AT4G17920.1
OG0006122	As003G056760	AT4G18390.1
OG0006123	As003G056850	AT4G18425.1
OG0006124	As003G057020	AT4G18550.2
OG0006125	As003G057850	AT4G19540.1
OG0006126	As003G058490	AT2G26950.1
OG0006127	As003G058520	AT4G20320.1
OG0006128	As003G059050	AT4G21150.1
OG0006129	As003G059250, As004G086200	AT4G21330.1
OG0006130	As003G059660	AT4G21620.1
OG0006131	As003G060000	AT4G21970.1
OG0006133	As003G060830, As003G060840	AT4G22830.2
OG0006134	As003G061440	AT4G23440.1
OG0006135	As003G061720	AT4G23650.1
OG0006136	As003G061900	AT4G23810.1
OG0006137	As003G062120	AT4G24050.1
OG0006138	As004G083970	AT4G10790.1
OG0006139	As003G063130	AT1G34010.2
OG0006140	As003G064410, As006G137780	AT1G44835.2
OG0006141	As003G064700	AT1G43890.1
OG0006143	As005G103240, As003G066770	AT2G43950.1
OG0006144	As003G067360	AT1G27850.1
OG0006145	As003G067510	AT1G28050.1
OG0006146	As003G068060	AT1G45976.1
OG0006147	As003G069030	AT1G28380.1
OG0006148	As003G069050	AT1G28395.1
OG0006150	As003G069910	AT1G29290.1
OG0006151	As003G069940	AT1G29320.2
OG0006152	As003G069980	AT1G29380.1
OG0006153	As003G070640, As012G275280	AT1G30050.1
OG0006154	As003G070720	AT1G30190.1
OG0006156	As003G070970	AT1G30440.1
OG0006157	As003G072050	AT4G35750.1
OG0006158	As003G072920	AT4G36720.1
OG0006159	As003G073290	AT4G37050.1
OG0006160	As003G073630	AT4G37400.1
OG0006161	As003G074690	AT4G39990.1
OG0006162	As007G180710	AT4G39300.1
OG0006163	As003G076200	AT4G38630.1
OG0006164	As004G077250	AT5G37510.2
OG0006165	As004G077820	AT5G38530.1
OG0006166	As004G077920	AT5G38720.2
OG0006167	As004G078960	AT3G05320.1
OG0006168	As004G079000	AT1G31330.1
OG0006169	As004G079160	AT1G31730.1
OG0006170	As004G079790, As004G079800	AT2G36120.1
OG0006171	As004G080090	AT4G09670.1
OG0006172	As004G080690, As004G080700	AT4G08460.1
OG0006173	As004G081290	AT2G34000.1
OG0006174	As004G081440	AT2G33810.1
OG0006175	As004G082710	AT5G42360.1, AT5G42350.1
OG0006176	As004G083230	AT4G09960.4
OG0006177	As004G083640	AT4G10340.1
OG0006178	As004G083920, As004G083880	AT4G10720.1
OG0006179	As004G084590	AT4G11560.1
OG0006180	As004G084710	AT4G11780.1
OG0006182	As004G085020	AT4G12120.1
OG0006183	As004G085420	AT4G05530.1
OG0006184	As004G085650	AT4G04460.1
OG0006185	As004G085730	AT4G04640.1
OG0006186	As004G086120	AT4G05090.1
OG0006187	As004G087630	AT5G45140.1
OG0006188	As004G087820	AT5G45320.1
OG0006189	As004G088730	AT5G46240.1
OG0006190	As004G088740	AT5G46250.1
OG0006191	As004G088960	AT5G46460.1, AT5G46440.1
OG0006192	As004G090100	AT5G47780.1
OG0006193	As004G091670	AT5G35360.3
OG0006194	As004G093270	AT1G06220.1, AT5G25230.1
OG0006195	As004G093390, As004G093370, As004G093350	AT4G13010.1
OG0006196	As011G256520, As004G094030	AT4G13350.1
OG0006197	As004G094600	AT4G13720.2
OG0006198	As004G095440, As004G095450	AT4G14365.1
OG0006199	As004G095490	AT4G14410.1
OG0006200	As004G096190	AT4G15130.1
OG0006201	As004G096700	AT4G15650.1
OG0006202	As004G097880	AT5G41270.1
OG0006203	As004G098030	AT5G41480.1
OG0006204	As005G100090	AT2G46940.1
OG0006205	As005G100220	AT2G46810.1
OG0006206	As005G100250	AT2G46780.1
OG0006207	As005G100410	AT2G46600.1
OG0006208	As005G100480	AT2G46535.1
OG0006209	As005G100550, As012G287720	AT3G61710.1
OG0006210	As005G100900	AT2G46200.1
OG0006211	As005G101720	AT2G45410.1
OG0006212	As005G101790	AT2G45340.1
OG0006213	As005G102060	AT2G45060.1
OG0006214	As005G102160	AT2G44950.1
OG0006215	As005G102390	AT2G44745.1
OG0006217	As005G103550	AT2G43710.1
OG0006218	As005G104050	AT2G43360.1
OG0006219	As005G104770	AT2G42580.1
OG0006220	As005G105330	AT3G57560.1
OG0006221	As012G283820, As005G106020	AT3G57290.1
OG0006222	As005G106040	AT2G41510.2
OG0006223	As005G106650	AT5G01380.1
OG0006224	As005G107420	AT5G02370.1
OG0006225	As005G107900	AT5G02810.1
OG0006226	As005G107920	AT5G13780.1
OG0006227	As005G108440	AT5G03560.2
OG0006228	As005G109010	AT5G04040.1
OG0006229	As005G110670	AT5G19790.1
OG0006230	As005G111880	AT5G20540.1
OG0006231	As005G112080	AT5G20650.1
OG0006232	As005G113000	AT5G21960.1
OG0006234	As005G113180	AT5G22110.1
OG0006236	As005G114480	AT5G60170.2
OG0006237	As005G115190, As010G224500	AT3G46560.1
OG0006238	As005G115340	AT5G59180.1
OG0006239	As005G115950	AT5G58880.1
OG0006240	As005G116030	AT5G63135.1
OG0006241	As005G116430	AT5G63520.1
OG0006242	As005G116480	AT5G63550.2
OG0006243	As005G116910	AT5G63970.1
OG0006244	As005G117160, As005G117150	AT2G16190.1
OG0006245	As005G117690	AT5G64680.3
OG0006246	As005G117730	AT5G64700.1
OG0006247	As005G118430	AT5G65310.1
OG0006248	As005G118550	AT5G65470.1
OG0006249	As005G118620	AT5G65530.1
OG0006250	As005G118690	AT5G65640.1
OG0006251	As005G120150	AT5G66600.1
OG0006253	As006G121170	AT4G00220.1
OG0006254	As006G121810, As006G121790	AT4G01290.1
OG0006255	As006G122420	AT4G01500.1
OG0006256	As006G122790	AT4G01950.2
OG0006257	As006G123170	AT4G02370.1
OG0006258	As006G123390	AT4G02580.1
OG0006259	As006G123410	AT4G02600.1
OG0006260	As006G123430	AT4G02620.1
OG0006261	As006G124620	AT5G43960.1
OG0006263	As006G125470	AT2G33160.1
OG0006264	As008G195460, As006G126050	AT2G32960.1
OG0006265	As006G126160	AT2G32400.1
OG0006266	As006G126900	AT2G31865.2
OG0006267	As006G126980, As006G126970, As006G126990	AT2G31750.2
OG0006268	As006G127500	AT2G31160.1
OG0006269	As006G127630	AT2G31035.1
OG0006270	As006G128120	AT2G30395.1
OG0006271	As006G128680	AT2G29670.1
OG0006272	As006G128690	AT2G29660.1
OG0006274	As006G128800	AT2G29530.3
OG0006275	As006G129810	AT2G28440.1
OG0006276	As006G130310	AT2G27775.2
OG0006277	As006G132370, As006G132360	AT4G27420.1
OG0006278	As006G132790	AT3G01435.2
OG0006279	As006G133660	AT5G01990.1
OG0006280	As006G133710	AT3G08610.1
OG0006281	As006G133930	AT5G01860.1
OG0006282	As006G134240	AT4G26520.1, AT4G26530.1
OG0006283	As006G134840	AT3G01190.1
OG0006284	As006G135000	AT3G01070.1
OG0006285	As006G135280	AT5G15770.1
OG0006286	As006G136430	AT3G03380.1
OG0006287	As006G136590	AT3G03540.1, AT3G03530.1
OG0006288	As006G136830	AT3G03720.1
OG0006289	As006G137140	AT3G03860.1
OG0006290	As006G137550	AT3G04300.1
OG0006291	As006G138900	AT3G05380.2
OG0006293	As006G140760	AT3G07070.1
OG0006294	As006G140990	AT3G07255.1
OG0006295	As006G142370	AT2G40470.1
OG0006296	As006G142380	AT2G40460.1
OG0006297	As006G143290	AT2G39750.1
OG0006298	As006G143490	AT2G39560.1
OG0006299	As006G143970	AT2G39110.1
OG0006300	As006G144330	AT2G38760.1
OG0006301	As006G144460	AT2G35910.1
OG0006302	As006G144890, As012G276300	AT2G36310.1
OG0006303	As006G145100	AT2G36490.1
OG0006304	As012G277370	AT3G53630.2
OG0006305	As009G212840, As006G146330	AT2G37540.1
OG0006306	As006G146810	AT2G37750.1
OG0006307	As006G148450	AT2G38400.2
OG0006308	As007G152290	AT1G15820.1
OG0006309	As007G152680	AT1G16180.1
OG0006310	As007G153040	AT1G16560.1
OG0006311	As007G153050	AT1G16570.2
OG0006312	As007G153230	AT1G16810.1
OG0006313	As007G153390	AT1G16950.1
OG0006314	As007G153520	AT1G17100.1
OG0006315	As007G154140, As007G154410	AT1G17710.1
OG0006316	As007G154500	AT1G18290.1
OG0006317	As007G154640	AT1G18150.1
OG0006318	As007G155530	AT1G19140.2
OG0006319	As007G156450	AT1G20270.1
OG0006320	As007G156560	AT1G20410.1
OG0006321	As010G237190, As007G156700	AT1G76310.3
OG0006322	As007G156810, As010G237110	AT1G20760.1
OG0006323	As007G156860	AT1G20823.1
OG0006325	As007G158930	AT1G22810.1
OG0006326	As007G160600	AT1G26670.1
OG0006327	As007G160720	AT1G26560.1
OG0006328	As007G162000	AT1G67570.1
OG0006329	As007G162160	AT1G24260.2
OG0006330	As007G162380	AT1G27595.1
OG0006331	As007G162410	AT1G27530.1
OG0006332	As007G162650	AT1G27461.1
OG0006333	As007G162710	AT4G24220.1
OG0006334	As007G162720	AT4G24230.6
OG0006335	As007G163100	AT4G24620.1
OG0006336	As007G163620	AT4G24880.1
OG0006337	As007G164640	AT4G25260.1
OG0006338	As007G179690	AT3G28740.1
OG0006339	As007G180340	AT2G22400.1
OG0006340	As007G181080, As007G181720, As007G181380	AT2G21340.1
OG0006342	As008G182600	AT1G14830.1
OG0006343	As010G233450, As008G182630	AT1G14810.1
OG0006344	As008G183000	AT1G14420.1
OG0006345	As010G239020, As008G183030	AT1G74490.1
OG0006346	As008G184660	AT1G12580.1
OG0006347	As008G184750	AT1G12470.1
OG0006348	As008G185660	AT5G48210.1
OG0006349	As008G186210	AT1G11260.1
OG0006350	As008G187010	AT1G08080.1
OG0006351	As008G187590	AT1G09870.1
OG0006352	As008G187880	AT1G10140.1
OG0006353	As008G189270	AT1G08910.1
OG0006354	As008G191050	AT1G08370.1
OG0006355	As008G192640	AT1G07840.1
OG0006356	As008G193000	AT1G07210.1
OG0006357	As008G193180	AT1G06980.1
OG0006358	As008G193260	AT1G06850.1
OG0006359	As008G193360	AT3G51270.1
OG0006360	As008G193890, As008G193900	AT1G06260.1
OG0006361	As008G194010	AT1G06160.1
OG0006362	As008G195300, As008G195320	AT1G05087.1
OG0006363	As008G196560	AT1G04040.1
OG0006364	As008G197180	AT1G03330.1
OG0006365	As008G197200	AT1G03350.1
OG0006366	As008G197900	AT1G02580.1
OG0006367	As008G198210	AT1G02280.1
OG0006368	As009G200220	AT5G14170.1
OG0006369	As009G200790	AT5G15090.1
OG0006370	As009G201250	AT5G15310.1
OG0006371	As009G201410	AT5G15190.1
OG0006372	As009G202250	AT5G16310.1
OG0006373	As009G202780	AT5G16820.1
OG0006374	As009G203490	AT5G17560.1
OG0006375	As010G228010, As009G203520	AT1G67650.1, AT1G67680.1
OG0006376	As009G203630	AT5G17690.3
OG0006377	As009G203760	AT5G17820.2
OG0006378	As009G204460	AT5G18580.1
OG0006379	As009G209250	AT5G48385.1
OG0006380	As012G275740	AT3G52180.1
OG0006381	As009G211760	AT5G06700.1
OG0006382	As009G212580	AT5G06150.1
OG0006383	As009G212610	AT5G06120.1
OG0006384	As009G212720	AT5G05980.1
OG0006385	As009G214490	AT4G00231.1
OG0006386	As009G215270	AT5G25510.1
OG0006387	As009G215350	AT5G25350.1
OG0006388	As009G215970	AT3G54750.3
OG0006389	As009G216260	AT5G24470.1
OG0006390	As009G216410	AT5G24230.1
OG0006391	As009G216650	AT5G23950.2
OG0006392	As009G216790	AT5G23870.3
OG0006393	As009G216840	AT5G23810.1
OG0006394	As009G217730	AT5G61030.1
OG0006395	As009G218220	AT5G61620.1
OG0006396	As009G218480	AT5G61960.1
OG0006397	As009G218620	AT5G62150.1
OG0006398	As009G218710	AT5G62240.1
OG0006399	As009G218820	AT5G62350.1
OG0006400	As009G219050	AT5G62600.1
OG0006401	As009G219210	AT5G62810.1
OG0006402	As009G219220	AT5G62820.1
OG0006403	As009G219630	AT5G58720.1
OG0006404	As009G219980	AT5G58400.1, AT5G58390.1
OG0006405	As010G220440	AT3G51130.1
OG0006406	As010G220490	AT5G33210.1
OG0006407	As010G220540	AT3G51010.1
OG0006408	As010G221460	AT3G49790.1
OG0006409	As010G222440	AT3G48750.1
OG0006410	As010G223260	AT3G47940.1
OG0006411	As010G225240	AT5G07640.1
OG0006412	As010G225310	AT1G68430.1
OG0006413	As010G225700	AT3G45020.1
OG0006414	As010G227660	AT1G67785.1
OG0006415	As010G227860	AT1G24460.1
OG0006416	As010G228720	AT1G67810.1
OG0006417	As010G231690	AT1G68850.1
OG0006418	As010G232090	AT1G69160.1
OG0006419	As010G232690	AT1G69588.1
OG0006420	As010G232840	AT1G69780.1
OG0006421	As010G233000	AT1G69930.1
OG0006422	As010G233440	AT1G14790.1
OG0006424	As010G234760	AT1G71920.2, AT5G10330.1
OG0006425	As010G234850	AT1G72010.1
OG0006426	As010G235020	AT5G10610.1, AT5G10600.1
OG0006427	As010G235090	AT1G72200.1
OG0006428	As010G235280	AT1G78160.2
OG0006429	As010G235680	AT1G77750.1
OG0006430	As010G235710	AT1G77710.1
OG0006431	As010G236280	AT1G77180.1
OG0006432	As010G237930	AT1G75580.1
OG0006433	As010G238220	AT1G75350.1
OG0006434	As010G238720	AT1G74830.1
OG0006435	As010G239820	AT1G73730.1
OG0006436	As010G240500	AT1G73200.1
OG0006437	As010G241220	AT1G72540.1
OG0006438	As010G242400	AT1G79020.1
OG0006439	As010G242540	AT1G79180.2
OG0006440	As010G242760	AT1G79390.1
OG0006441	As010G243550	AT1G80600.1
OG0006442	As011G244710	AT3G12870.1
OG0006443	As011G246180	AT3G14120.1
OG0006444	As012G269830, As011G247090	AT1G53300.1
OG0006445	As011G247610	AT3G15430.1
OG0006446	As011G247760	AT3G15570.1
OG0006447	As011G248040	AT3G15850.1
OG0006448	As011G248340	AT3G16180.1
OG0006449	As011G249260	AT3G17100.1
OG0006450	As011G249430, As012G276940	AT3G49180.1
OG0006451	As011G249520	AT3G17420.1
OG0006452	As011G249570	AT3G17465.1
OG0006454	As011G249680	AT3G17611.1
OG0006455	As011G249820	AT3G17720.1, AT3G17760.1
OG0006456	As011G249900	AT3G17840.1
OG0006457	As011G249930, As012G273690	AT3G17860.1
OG0006458	As011G249960	AT3G17900.1
OG0006459	As011G250050	AT3G18010.1
OG0006460	As011G250220	AT4G15093.1
OG0006461	As011G250300	AT3G18215.1
OG0006462	As011G250490	AT3G18430.1
OG0006463	As011G250920	AT3G18800.1
OG0006464	As011G250950	AT3G18830.1
OG0006465	As011G251630	AT3G19553.1
OG0006466	As011G252140	AT3G20020.3
OG0006467	As011G252600	AT3G20340.1
OG0006468	As011G253000, As011G252990	AT3G20750.1
OG0006469	As011G253080	AT3G20820.1
OG0006470	As011G253170	AT3G20910.1
OG0006471	As011G253390	AT3G21560.1
OG0006472	As011G254260	AT3G22260.2
OG0006473	As011G254330	AT3G22370.1
OG0006474	As011G254730	AT3G22800.1
OG0006475	As011G254800	AT3G22880.1
OG0006476	As011G255180	AT3G23200.1
OG0006477	As011G255220	AT3G23230.1
OG0006478	As011G255430	AT3G23540.1
OG0006479	As011G256270	AT3G23980.1
OG0006480	As011G258950	AT2G04550.1
OG0006481	As011G262730	AT2G15440.1
OG0006482	As011G264260	AT2G17240.1
OG0006483	As011G264540	AT2G17570.1
OG0006484	As011G264810	AT2G17840.1
OG0006485	As011G265110	AT2G18660.1
OG0006486	As011G265320	AT2G18400.1
OG0006487	As011G265450	AT2G18260.1
OG0006488	As011G266100	AT2G19450.1
OG0006489	As011G266150	AT2G19490.1, AT3G32920.1
OG0006490	As011G267150	AT2G20490.1
OG0006491	As011G267230	AT2G20585.6
OG0006492	As012G268100	AT1G55770.1
OG0006493	As012G268150	AT1G55750.1
OG0006494	As012G268640	AT1G55340.1
OG0006495	As012G269050	AT1G54217.2
OG0006496	As012G269140	AT1G54140.1
OG0006497	As012G269160	AT1G54120.1
OG0006498	As012G269760	AT1G53400.1
OG0006499	As012G269810	AT1G53320.1
OG0006500	As012G270930	AT1G52140.1
OG0006501	As012G271050	AT1G51950.1
OG0006503	As012G271890	AT1G51410.1
OG0006504	As012G272200	AT1G50420.1
OG0006505	As012G272590	AT1G49850.1
OG0006506	As012G272720	AT1G49670.2
OG0006507	As012G274130	AT1G48020.1
OG0006508	As012G274360	AT4G16146.1
OG0006509	As012G275160	AT2G34630.2
OG0006510	As012G275210	AT2G34610.1
OG0006511	As012G275270	AT2G34560.2
OG0006512	As012G275290	AT2G34555.1
OG0006513	As012G275660	AT3G52110.1
OG0006514	As012G275700	AT3G52140.4
OG0006515	As012G280650	AT3G54826.1
OG0006517	As012G281920, As012G281910, As012G281900	AT3G55450.2
OG0006518	As012G282380	AT3G55890.1
OG0006519	As012G282850	AT3G56360.1
OG0006520	As012G283040	AT3G56590.2
OG0006521	As012G283810	AT3G57280.1
OG0006522	As012G285020	AT3G58730.1
OG0006523	As012G286080	AT3G60140.1
OG0006524	As012G286790	AT3G60670.1
OG0006525	As012G287080	AT3G61070.1
OG0006526	As012G287740	AT5G36000.1, AT3G61730.1
OG0006528	As012G288830, As012G288820	AT3G62980.1
OG0006529	As012G289090	AT3G63210.1
OG0006530	As012G289100	AT3G63220.2
OG0006531	As012G289390	AT3G63460.1
OG0006570	As001G000410	AT4G28520.1
OG0006571	As001G000540	AT4G28610.1
OG0006572	As001G000600	AT4G28700.1
OG0006573	As001G000660	AT4G28730.1
OG0006574	As001G001050	AT4G29210.1
OG0006575	As001G001070	AT4G29230.1
OG0006576	As001G001440	AT4G29670.2
OG0006577	As001G001830	AT4G29930.3
OG0006578	As001G002150	AT5G48180.1
OG0006579	As001G002480	AT4G30460.1
OG0006580	As001G003400	AT4G31160.1
OG0006581	As001G003550	AT4G31330.1
OG0006582	As001G003720	AT4G31430.2
OG0006583	As001G004460	AT4G31990.3
OG0006584	As001G004680	AT4G32250.1, AT4G32230.1
OG0006585	As001G005280	AT4G32570.1
OG0006586	As001G006560, As007G155190	AT1G18740.1
OG0006587	As001G006590	AT4G32680.1
OG0006589	As001G012220	AT4G33740.1
OG0006590	As001G012600	AT4G33920.1
OG0006592	As001G014380	AT4G34660.1
OG0006594	As001G014780	AT4G34980.1
OG0006595	As001G014790	AT4G34990.1
OG0006596	As001G014890	AT4G35110.3
OG0006597	As001G015510	AT4G35240.1
OG0006598	As001G015690	AT1G31040.1
OG0006599	As001G016970	AT1G32450.1
OG0006600	As001G017270	AT4G17090.1
OG0006601	As001G017490	AT4G16830.1
OG0006602	As001G017500	AT4G16820.1
OG0006603	As001G017750	AT4G16640.1
OG0006604	As001G018080	AT2G35760.1
OG0006605	As001G018550	AT1G54770.1, AT5G30495.1
OG0006606	As008G188090, As001G019370	AT1G09660.1
OG0006607	As001G020130	AT1G59590.1
OG0006608	As001G020480	AT1G10510.1
OG0006609	As001G021440	AT1G61080.5
OG0006610	As008G186060	AT1G11390.1
OG0006611	As008G186020, As001G021810	AT1G11430.1
OG0006612	As008G185620, As001G022110	AT1G11755.1
OG0006613	As001G022290	AT1G15100.1
OG0006614	As001G022360	AT2G01240.1
OG0006615	As001G022520	AT2G01430.1
OG0006616	As001G022850	AT2G01720.1
OG0006617	As001G023830	AT2G02990.1
OG0006618	As001G024100, As008G183520	AT1G13870.1
OG0006619	As001G024260	AT1G13740.1
OG0006620	As001G024470	AT2G04030.1
OG0006621	As001G024660	AT3G25640.2
OG0006622	As001G024870	AT3G25860.1
OG0006623	As001G025300	AT3G26360.1
OG0006624	As001G025340	AT3G26410.1
OG0006625	As001G025580	AT3G26710.1
OG0006626	As001G025610	AT3G26740.1
OG0006628	As001G025920	AT3G27025.1
OG0006629	As001G026460	AT3G27530.1
OG0006630	As001G026510	AT3G27550.2
OG0006631	As001G026870	AT3G28040.1
OG0006632	As001G027140	AT3G28580.1
OG0006633	As001G027240	AT3G28730.1
OG0006634	As001G027600	AT3G29060.1
OG0006635	As002G046370, As001G028960	AT5G54590.2
OG0006636	As001G029710	AT1G65030.1
OG0006637	As001G029720	AT1G65020.1
OG0006638	As001G029760	AT1G64980.2
OG0006639	As001G029950	AT1G64760.1, AT2G19440.1
OG0006640	As001G029990	AT5G61020.1
OG0006641	As001G030110	AT1G58030.1
OG0006642	As001G030210	AT5G42090.1
OG0006643	As001G030270	AT5G41940.1
OG0006644	As001G030990	AT1G63970.1
OG0006645	As001G031490	AT1G63220.1
OG0006647	As002G033810	AT2G40650.1
OG0006648	As002G033930	AT3G09050.1
OG0006649	As002G033980	AT3G09090.1
OG0006650	As003G071750, As003G071770, As002G034130	AT4G35490.1
OG0006651	As002G034160	AT3G09290.1
OG0006652	As005G108050	AT5G03160.1
OG0006653	As002G035210	AT3G10040.1
OG0006654	As002G036010	AT3G10572.1
OG0006655	As009G214000, As002G036340	AT3G10760.1
OG0006656	As002G036500	AT3G10915.7
OG0006657	As002G036660	AT3G11020.1
OG0006658	As002G036670	AT3G11000.2
OG0006659	As002G037230	AT3G11440.1
OG0006660	As002G037480	AT3G11650.1
OG0006661	As002G037560	AT3G11720.3
OG0006662	As002G037690, As002G037660	AT3G11820.1
OG0006663	As002G038360, As002G038470	AT3G12060.1
OG0006664	As002G038680	AT3G12140.3
OG0006665	As002G039060	AT3G12480.1
OG0006666	As002G040680	AT5G49940.1
OG0006667	As002G041760	AT5G20040.3
OG0006668	As002G042490, As007G164030	AT4G24990.1
OG0006669	As002G042890	AT4G00650.1
OG0006670	As002G043320	AT5G51330.1
OG0006671	As002G044250	AT5G52420.1
OG0006672	As002G044320, As007G164900	AT5G52540.1
OG0006673	As002G044890	AT5G53120.6
OG0006674	As002G044900	AT5G53110.1
OG0006675	As002G045140	AT5G53390.1
OG0006676	As002G045430	AT5G54170.1
OG0006677	As002G045750	AT5G53850.5
OG0006678	As002G046180	AT5G54440.1
OG0006679	As002G046240	AT5G54480.1
OG0006680	As002G046340	AT5G54580.1
OG0006681	As002G046420	AT5G54660.1
OG0006682	As002G046760	AT5G55020.1
OG0006683	As002G046950, As002G046930	AT5G66970.1
OG0006684	As002G047510	AT5G55730.1
OG0006685	As002G048030	AT5G56270.1
OG0006686	As002G048230	AT5G56530.1
OG0006687	As002G048860	AT5G57150.4
OG0006688	As002G048980	AT5G57270.1
OG0006689	As002G049180	AT5G57500.1
OG0006690	As002G049300	AT5G57565.4
OG0006691	As002G050140	AT5G47870.1
OG0006692	As002G050670	AT5G12990.1
OG0006693	As002G050730	AT5G12930.1
OG0006694	As002G050820	AT5G12470.1
OG0006695	As002G050860	AT5G12410.1
OG0006696	As002G052620	AT5G10580.3
OG0006697	As005G118560, As002G052780	AT5G10490.1
OG0006698	As002G053150	AT5G10160.1
OG0006699	As002G053210	AT5G10100.1
OG0006700	As002G053480	AT5G09850.1
OG0006701	As002G053890	AT5G64130.3
OG0006703	As002G054280	AT5G08530.1
OG0006704	As002G054510	AT5G08380.1
OG0006705	As002G054610	AT5G08290.1
OG0006706	As002G054800	AT5G08060.1
OG0006707	As002G055120	AT5G07670.1
OG0006708	As003G055630	AT4G17230.1
OG0006709	As003G055670	AT4G17300.2
OG0006710	As004G079890, As003G055990	AT4G17620.1
OG0006711	As003G056030	AT4G17670.1
OG0006712	As003G056400	AT4G18010.1
OG0006713	As003G056430	AT4G18040.1
OG0006714	As003G056600	AT4G18230.1
OG0006715	As003G056970	AT4G18490.3
OG0006716	As003G057430	AT4G18990.1
OG0006717	As003G057670	AT4G19200.1
OG0006718	As003G057930	AT4G19645.1
OG0006719	As003G057980	AT4G19680.2
OG0006720	As004G087180, As003G058180	AT5G44790.1
OG0006721	As003G058470, As004G087010	AT4G20260.4
OG0006722	As003G058530	AT4G20325.1
OG0006723	As003G058790	AT4G17260.1
OG0006724	As003G059470	AT4G21445.1
OG0006725	As003G059760	AT4G21740.1
OG0006726	As003G059940	AT4G21870.1
OG0006727	As003G060610	AT4G22670.1
OG0006728	As003G061480	AT4G23470.1
OG0006729	As003G061520	AT4G23500.1
OG0006731	As003G061870	AT4G23760.1
OG0006732	As003G061910	AT4G23820.1
OG0006733	As004G084060, As003G062050	AT4G23980.1
OG0006734	As003G062070	AT4G24015.1
OG0006735	As003G062100	AT4G24020.1
OG0006736	As003G062230	AT4G24130.1
OG0006737	As003G062270	AT4G24150.1
OG0006738	As003G062960	AT1G33770.1
OG0006739	As003G063990	AT1G35720.1
OG0006740	As003G064520	AT1G18340.1
OG0006741	As003G064610	AT1G44110.1
OG0006742	As003G064760	AT1G43770.2
OG0006743	As003G065070	AT1G15220.1
OG0006745	As003G065830	AT1G47270.1
OG0006746	As003G066870	AT1G27910.1
OG0006747	As003G067040, As008G191580	AT1G07615.1
OG0006748	As003G067370	AT4G24200.1
OG0006749	As004G082010, As003G067930	AT1G27710.1
OG0006750	As003G068020, As004G082250	AT1G45688.1
OG0006751	As003G068280	AT1G27760.3
OG0006752	As003G068710, As011G266700	AT2G20060.1
OG0006753	As003G069180	AT1G28510.1
OG0006754	As003G069720	AT1G29120.5
OG0006755	As003G069780	AT1G29150.1
OG0006756	As003G069810	AT1G29195.1
OG0006757	As003G069950	AT1G29330.1
OG0006758	As003G070240	AT1G29760.1
OG0006759	As003G070660	AT1G30080.1
OG0006760	As003G070850	AT1G30320.1
OG0006761	As012G275100, As003G071050	AT1G30450.1
OG0006762	As003G071270	AT1G30700.1
OG0006763	As003G071560	AT1G30870.1
OG0006764	As003G072010	AT4G35720.1
OG0006765	As003G072480	AT4G36220.1
OG0006766	As003G072800	AT4G36620.1
OG0006767	As003G072930	AT4G36730.1
OG0006768	As003G073330	AT4G37000.1
OG0006769	As003G073410	AT4G36930.1
OG0006770	As003G073900	AT4G37610.1
OG0006771	As003G073960	AT4G37660.1
OG0006772	As003G074150, As003G074170, As003G074160	AT4G37850.1
OG0006774	As007G180490	AT2G22125.1
OG0006775	As007G181790, As003G075940	AT2G21270.3
OG0006776	As003G075980, As007G181820, As007G181830	AT4G38900.1
OG0006777	As003G076210	AT4G38620.1
OG0006778	As003G076560	AT4G38470.1
OG0006779	As004G076800	AT1G49245.1
OG0006781	As004G079510	AT2G35470.1
OG0006782	As004G080490	AT4G08870.1, AT4G08900.1
OG0006783	As004G080960, As004G080980	AT1G43850.1
OG0006784	As004G081170	AT2G34200.1
OG0006785	As004G081470	AT2G33793.1
OG0006786	As004G082220	AT5G42890.1
OG0006787	As004G082270	AT5G42830.1
OG0006788	As004G082580	AT5G42520.1
OG0006789	As004G083030	AT3G02870.1
OG0006791	As004G084410	AT4G11260.1
OG0006792	As004G084610	AT4G11600.1
OG0006793	As004G084680	AT4G11690.1
OG0006794	As004G084690	AT4G11720.1
OG0006795	As004G084750	AT4G11820.2
OG0006796	As004G084970	AT4G12070.1
OG0006797	As004G085670	AT4G04480.1
OG0006798	As004G085800, As004G085830	AT4G04780.1
OG0006799	As004G086480	AT4G03610.4
OG0006800	As004G086550	AT5G44350.1
OG0006801	As004G086740	AT5G44540.1
OG0006802	As004G087410	AT4G27600.1
OG0006803	As004G088300	AT5G45830.1
OG0006804	As004G088620	AT5G46110.4
OG0006805	As004G089090	AT5G46620.1
OG0006806	As004G089140	AT5G46700.1
OG0006807	As004G089200	AT5G46740.1
OG0006808	As004G089260	AT5G46795.1
OG0006809	As004G089480	AT5G46860.1
OG0006810	As004G089660	AT5G47060.1
OG0006811	As006G147080, As004G089740	AT2G37990.1
OG0006812	As004G090250	AT5G47610.1
OG0006813	As004G090510	AT5G47740.2
OG0006815	As011G258230	AT2G04240.1
OG0006816	As011G257610, As004G093430	AT3G25140.1
OG0006817	As004G093730	AT3G24660.1
OG0006818	As004G093800	AT4G13250.1
OG0006819	As004G095140	AT4G14110.1
OG0006820	As011G254890	AT3G22950.1
OG0006821	As004G095880	AT4G14770.1
OG0006822	As004G095960	AT4G14819.1
OG0006823	As004G096490	AT4G15430.1
OG0006824	As004G096570	AT4G15480.1
OG0006825	As004G096660	AT4G15570.1
OG0006826	As004G097580	AT5G40740.1
OG0006827	As004G097700	AT5G40840.2
OG0006828	As004G098440	AT5G42050.1
OG0006829	As004G098480	AT5G42080.1
OG0006830	As005G098620	AT2G48090.2
OG0006831	As012G288890, As005G098650	AT2G48060.2
OG0006832	As005G099380	AT1G33390.1
OG0006833	As005G099490	AT2G47420.1
OG0006834	As005G100190	AT2G34520.1
OG0006835	As005G100210	AT2G46820.1
OG0006836	As005G100340	AT2G46680.1
OG0006837	As005G100720	AT2G46400.1
OG0006838	As005G100810	AT2G46300.1
OG0006839	As005G101060	AT2G46040.2
OG0006840	As005G101110	AT2G45980.1
OG0006841	As005G101240	AT2G45830.1
OG0006842	As005G101380	AT2G45690.1
OG0006843	As005G101400	AT2G45670.1
OG0006844	As005G101700	AT2G45430.1
OG0006845	As005G102320, As012G286240	AT2G44830.1
OG0006846	As005G104040	AT2G43370.1
OG0006847	As005G104180	AT2G43130.1
OG0006848	As005G104510	AT2G42840.1
OG0006849	As005G104560	AT2G42810.2
OG0006850	As005G104900	AT2G42400.1
OG0006851	As005G105250	AT2G42280.3
OG0006852	As005G105510	AT2G41800.1
OG0006853	As005G106170	AT2G41430.1
OG0006854	As005G107190	AT5G02110.1
OG0006855	As005G107380	AT5G02280.1
OG0006856	As005G107520	AT5G02460.1
OG0006857	As005G107530	AT5G02470.1
OG0006858	As005G107980	AT5G03050.1
OG0006859	As005G108040	AT5G03150.1
OG0006860	As005G108130	AT5G03230.1
OG0006861	As005G108230	AT5G03330.1
OG0006862	As005G108860	AT5G03880.1
OG0006863	As005G108890	AT5G03905.1
OG0006864	As005G109710	AT1G28815.1
OG0006865	As007G179320, As005G110070	AT5G19680.1
OG0006866	As005G110630	AT5G19880.1
OG0006867	As005G110650	AT5G19960.1
OG0006868	As005G111390	AT5G20180.1
OG0006869	As005G111480	AT5G20310.1
OG0006870	As005G112320, As005G112310	AT5G20850.1
OG0006871	As010G226880, As005G112370	AT5G20900.1
OG0006872	As005G112470, As005G112460	AT5G20960.1
OG0006873	As005G112970	AT5G21940.1
OG0006874	As005G113160	AT5G22080.1
OG0006875	As005G113830, As010G225760	AT5G22940.2
OG0006876	As005G114080, As006G129840	AT5G60660.1
OG0006877	As005G114340	AT5G60340.1
OG0006878	As006G145260, As005G114640	AT5G59980.2
OG0006879	As005G114810	AT5G59800.1
OG0006880	As005G116100	AT5G63160.1
OG0006881	As005G116730	AT5G63790.2
OG0006882	As005G116740	AT5G63800.1
OG0006883	As005G116950	AT5G64000.1
OG0006884	As005G117040	AT5G64080.1
OG0006885	As005G117230	AT5G64240.2
OG0006886	As005G117300	AT5G64300.1
OG0006887	As005G117450	AT5G64430.1
OG0006888	As005G117460	AT5G64440.1
OG0006889	As005G117810	AT5G64790.1
OG0006890	As005G117940	AT5G64905.1
OG0006891	As005G118110	AT5G65000.1
OG0006892	As005G118180	AT5G65090.1
OG0006893	As005G118440	AT5G65340.1
OG0006894	As005G118600	AT5G65500.2
OG0006895	As005G119140	AT5G67470.1, AT3G25493.1
OG0006896	As005G119180	AT5G67440.1
OG0006897	As005G119280	AT5G67350.1
OG0006898	As010G229390, As005G120090	AT1G68070.1
OG0006899	As005G120400	AT5G66400.1
OG0006900	As005G120470	AT5G17280.1
OG0006901	As005G120500	AT5G66320.1
OG0006902	As006G121020	AT4G00026.1
OG0006903	As006G121180, As009G214500	AT4G00230.1
OG0006904	As006G121280	AT4G00700.1
OG0006905	As008G199070, As006G121520	AT4G00450.1
OG0006906	As006G121980	AT4G01110.1
OG0006907	As006G122240	AT4G00840.1
OG0006908	As008G198460	AT1G01120.1
OG0006909	As006G122930	AT4G02110.1
OG0006910	As006G123720	AT4G02880.2
OG0006911	As006G123770	AT4G02980.1
OG0006912	As006G123870	AT4G03100.1
OG0006913	As006G124040	AT4G03260.1
OG0006914	As008G196910, As006G124250	AT1G03730.1, AT4G03600.1
OG0006915	As006G124580	AT5G43990.2
OG0006916	As006G124640	AT5G43940.2
OG0006917	As006G124750	AT5G43860.1
OG0006918	As006G125360	AT2G33360.1
OG0006919	As008G195830	AT2G33100.1
OG0006920	As006G125740	AT2G32230.1
OG0006921	As006G125780, As008G195760	AT2G32700.7
OG0006922	As006G125820	AT2G32750.2
OG0006923	As006G125830	AT2G32760.1
OG0006924	As008G195570, As006G125950	AT2G32860.2
OG0006925	As006G126260	AT2G32520.2
OG0006926	As006G126300	AT2G32460.1
OG0006927	As006G126360	AT2G32170.2, AT2G32160.3
OG0006928	As006G126460	AT2G32020.1
OG0006929	As006G126940	AT2G31810.1
OG0006930	As006G126960	AT2G31790.1
OG0006931	As006G127100	AT2G31570.1
OG0006932	As006G127640	AT2G31010.1
OG0006933	As006G127900	AT2G30700.1
OG0006934	As006G128040	AT2G30505.1
OG0006935	As006G128160	AT2G30350.2
OG0006936	As006G128190	AT1G06950.1
OG0006937	As006G128370	AT2G30130.1
OG0006938	As006G128420	AT2G30090.1
OG0006939	As006G128720	AT2G29640.1
OG0006940	As006G129170, As006G129150	AT2G29020.1
OG0006941	As006G129350	AT2G28870.1
OG0006942	As006G129530	AT2G28710.1
OG0006943	As006G129700	AT2G28550.3
OG0006944	As006G129870	AT2G28390.1
OG0006945	As006G130520	AT2G26990.1
OG0006946	As006G130590	AT2G27080.1
OG0006947	As006G130660	AT2G27140.1
OG0006948	As006G130830	AT2G27310.1
OG0006949	As006G130910	AT2G27460.1
OG0006950	As006G131860	AT2G26140.1
OG0006951	As006G131980	AT2G25930.1
OG0006952	As006G132060	AT2G25840.2
OG0006953	As006G132730	AT3G01350.1
OG0006954	As006G134110	AT4G26410.1
OG0006955	As006G134400	AT4G26940.1
OG0006956	As006G134760	AT3G01290.1
OG0006957	As006G134930	AT3G01100.4
OG0006958	As006G134980	AT3G01085.3
OG0006959	As006G135150	AT3G02150.2
OG0006960	As006G135590	AT3G02570.1
OG0006961	As006G135660	AT3G02660.1
OG0006962	As006G135850	AT3G02850.1
OG0006963	As006G135990	AT3G02970.1
OG0006964	As006G136070	AT3G03060.1
OG0006965	As006G136660	AT3G03600.1
OG0006966	As006G136820	AT3G03710.1
OG0006967	As006G136960	AT3G03810.1
OG0006968	As006G137300	AT3G04030.3
OG0006969	As006G137460	AT3G04280.1
OG0006970	As006G137560	AT3G04380.1
OG0006971	As006G137740, As009G207040	AT3G04570.1
OG0006972	As006G138010	AT3G04790.1
OG0006973	As006G138160	AT3G04940.1
OG0006974	As006G138620	AT3G05330.1
OG0006975	As006G138800	AT3G05500.1
OG0006976	As006G139480	AT3G05980.1
OG0006977	As006G139490	AT3G05990.1
OG0006978	As006G139580	AT3G06070.1
OG0006979	As006G139790	AT3G06240.1
OG0006980	As006G139840	AT3G06270.1
OG0006981	As009G204370, As006G140050	AT5G18500.1
OG0006982	As006G140420	AT3G06778.1
OG0006983	As006G140440	AT3G06790.1
OG0006984	As006G140680	AT3G07020.1
OG0006985	As006G140850	AT3G07160.2
OG0006986	As006G141150	AT3G07420.1
OG0006987	As006G141530	AT3G07790.1
OG0006988	As006G142260	AT3G08980.1
OG0006989	As006G142740	AT2G40200.1
OG0006990	As006G142830	AT2G40120.1
OG0006991	As006G142920	AT2G40070.1
OG0006992	As006G143200	AT2G39830.2
OG0006993	As006G143280	AT2G39760.1
OG0006994	As006G143430	AT2G39630.1
OG0006995	As006G143770	AT2G39290.1
OG0006996	As006G143830	AT2G39370.1
OG0006997	As006G144250	AT2G38840.1
OG0006998	As006G144300	AT2G38790.1
OG0006999	As006G144340	AT2G38750.1
OG0007000	As006G144350	AT2G38740.1
OG0007001	As006G144420	AT2G35880.1
OG0007002	As006G144450	AT2G35900.1
OG0007003	As006G144600	AT2G36026.1
OG0007004	As006G144630	AT2G36080.1
OG0007005	As012G276150, As006G144710	AT2G36200.2
OG0007007	As006G145050	AT2G36430.1
OG0007008	As006G145730	AT2G37110.1
OG0007009	As006G145910	AT2G37250.1
OG0007010	As006G146000, As006G145980, As006G146010	AT2G37330.1
OG0007011	As006G146070	AT2G37380.1
OG0007012	As006G146180	AT2G37430.1
OG0007013	As006G146970	AT2G37890.1
OG0007014	As006G147100	AT2G38280.1
OG0007015	As006G148290	AT2G38490.1
OG0007016	As007G152300	AT1G15825.1
OG0007017	As007G152320	AT1G80680.1
OG0007018	As007G152820	AT1G16330.1
OG0007019	As007G152840	AT3G12730.1
OG0007020	As007G153260	AT1G16850.1
OG0007021	As007G153310	AT1G16900.1
OG0007022	As007G153530	AT1G17110.2
OG0007023	As010G241460, As007G153710	AT1G72310.1
OG0007024	As007G154030	AT1G17620.1
OG0007025	As007G154110, As007G154050	AT1G17680.1
OG0007026	As007G154310	AT1G17840.1
OG0007027	As007G154400	AT1G17950.1
OG0007028	As007G155040	AT1G18610.1
OG0007029	As007G155400	AT1G18990.1
OG0007030	As007G155410	AT1G19000.1
OG0007031	As007G155580	AT1G19210.1
OG0007032	As007G155590	AT1G19220.1
OG0007033	As007G155860	AT1G19540.1
OG0007034	As007G155960	AT1G19700.1
OG0007035	As007G156760	AT1G20670.1
OG0007036	As007G156930, As010G231390	AT1G20890.1
OG0007037	As007G157330	AT1G21400.5
OG0007038	As007G157890	AT1G21880.2
OG0007039	As007G157990	AT1G21930.1, AT3G42150.1
OG0007040	As007G158110	AT1G22065.1
OG0007041	As007G158120	AT1G22100.1, AT1G59312.1, AT1G58936.1, AT1G58643.1
OG0007042	As010G234650, As007G158750	AT1G71865.1
OG0007043	As007G159580	AT1G23420.2
OG0007044	As007G159730	AT1G23770.1, AT1G23780.1
OG0007045	As007G159830, As010G233240	AT1G23980.1
OG0007046	As007G160090	AT1G27210.1
OG0007047	As007G161190	AT1G25540.1
OG0007048	As007G161740	AT1G24575.1
OG0007049	As007G161880	AT1G24440.1
OG0007050	As007G162770	AT4G24310.1
OG0007051	As007G163030	AT4G24550.2
OG0007052	As007G163140	AT4G24680.1
OG0007053	As007G164680	AT5G51600.1
OG0007054	As007G177630, As007G177120	AT4G27650.1, AT3G58390.1
OG0007055	As007G178080	AT2G24430.1
OG0007056	As007G179390	AT2G23540.1
OG0007057	As007G179500	AT2G38010.2
OG0007058	As007G179940	AT2G22790.1
OG0007059	As007G180460	AT2G22180.1
OG0007060	As007G182010	AT2G21050.1
OG0007061	As007G182190	AT5G48150.1
OG0007062	As008G182850	AT1G14540.1
OG0007063	As008G183210, As008G183220	AT1G14220.1
OG0007064	As008G183500	AT1G13900.1
OG0007065	As008G184150	AT1G13195.1
OG0007066	As008G184310	AT1G13030.1
OG0007067	As008G184370	AT1G12950.1
OG0007068	As008G184760	AT1G12450.1
OG0007069	As008G184820	AT1G12410.1
OG0007070	As008G185510	AT1G11870.2
OG0007071	As008G185780	AT2G43220.1
OG0007072	As008G186290	AT1G11190.1
OG0007073	As008G186320	AT1G11170.1
OG0007074	As008G186540	AT1G11060.1
OG0007075	As008G186560	AT1G11040.1
OG0007076	As008G187300	AT1G10330.1
OG0007077	As008G187760	AT1G10020.1
OG0007078	As008G188030	AT1G09740.1
OG0007079	As008G188040	AT1G09730.1
OG0007080	As008G188520	AT1G09270.1
OG0007081	As008G189030	AT1G09010.1
OG0007082	As008G189480	AT1G08800.1
OG0007083	As008G191030	AT1G08290.1
OG0007084	As008G192230	AT2G46505.1
OG0007085	As008G192660	AT1G07473.1, AT1G07476.1
OG0007086	As008G192910	AT1G07310.1
OG0007087	As008G192930	AT1G07290.1
OG0007088	As008G193230	AT1G06900.1
OG0007089	As008G193280	AT5G50890.1
OG0007091	As008G193950	AT1G06210.1
OG0007092	As008G194130, As008G194120	AT1G06080.1
OG0007093	As008G194500	AT1G05720.1
OG0007094	As008G195580	AT1G04945.3
OG0007095	As008G195810	AT5G22794.2, AT1G04770.1
OG0007096	As008G195920	AT1G04660.1
OG0007097	As008G195990	AT1G04590.2
OG0007098	As008G196030	AT1G04555.1
OG0007099	As008G196320	AT1G04280.1
OG0007100	As008G196750	AT1G03940.1
OG0007101	As008G197010	AT1G03850.1
OG0007102	As008G197520	AT1G02990.3
OG0007103	As008G197540	AT1G02970.1
OG0007104	As008G197590	AT1G02900.1
OG0007105	As008G197600	AT2G44750.2, AT1G02880.6
OG0007106	As008G198770	AT1G01490.4
OG0007107	As008G199340	AT3G51520.1
OG0007108	As008G199480	AT1G02080.1
OG0007109	As009G200050	AT5G14360.1
OG0007110	As009G200070	AT5G14340.1
OG0007111	As009G200090	AT5G14320.1
OG0007112	As009G200190	AT5G14210.2
OG0007113	As009G200580	AT5G14800.1
OG0007114	As009G201200	AT5G15350.1
OG0007115	As009G201420	AT5G15180.1
OG0007116	As009G201470	AT5G15680.1
OG0007117	As009G202360	AT5G16390.1
OG0007118	As009G202540	AT5G16590.1
OG0007119	As009G202550	AT5G16600.1
OG0007120	As009G202930	AT5G16950.1
OG0007121	As009G203160	AT5G17260.1
OG0007122	As009G203260	AT5G17430.1
OG0007123	As009G204540	AT5G18670.1
OG0007124	As009G205050	AT5G19180.1
OG0007125	As009G205370	AT5G26570.1
OG0007126	As009G205450	AT5G26720.1
OG0007127	As009G205890	AT5G27920.1
OG0007128	As009G206330	AT5G27450.1
OG0007129	As009G207190	AT5G28840.1
OG0007130	As009G207530	AT5G49450.1
OG0007131	As009G208100	AT5G48970.1
OG0007132	As009G208300	AT5G48890.1
OG0007133	As009G209190	AT5G48380.1
OG0007134	As009G209550	AT5G48657.5
OG0007135	As009G210540	AT5G13500.1
OG0007136	As009G211320	AT5G06990.1
OG0007137	As009G211560	AT5G06760.1
OG0007138	As009G211900	AT5G06570.3
OG0007139	As009G212000	AT5G13480.2
OG0007140	As009G212180	AT5G13470.1
OG0007141	As009G212340	AT5G06320.1
OG0007142	As009G213140	AT5G05560.2
OG0007143	As009G214010	AT5G05080.1
OG0007144	As009G214070	AT5G04885.2
OG0007145	As009G214130	AT5G04930.1
OG0007146	As009G214570	AT5G04490.1
OG0007147	As009G214770	AT5G19470.2, AT5G19460.1
OG0007148	As009G214980	AT5G25830.1
OG0007149	As009G215010	AT5G25810.1
OG0007150	As009G215080	AT5G25800.2
OG0007151	As009G215570	AT5G25090.1
OG0007152	As009G215590	AT5G25040.2, AT5G25050.1
OG0007153	As009G215790	AT5G24810.2
OG0007154	As009G215800	AT5G24800.1
OG0007155	As009G216380	AT5G24270.1
OG0007156	As009G216500	AT5G24120.1
OG0007157	As009G216510	AT5G24110.1
OG0007158	As010G222330, As009G216880	AT3G48890.1
OG0007159	As009G216960	AT5G23630.1
OG0007160	As009G217050	AT5G23530.1
OG0007161	As009G217200	AT5G23300.1
OG0007162	As009G217210	AT5G23290.1
OG0007163	As009G217590	AT5G60880.1
OG0007164	As009G217610	AT5G60920.1
OG0007165	As009G217670	AT5G60970.1
OG0007166	As009G217870	AT5G61230.1
OG0007167	As009G218150	AT5G61530.1
OG0007168	As009G218880	AT5G62420.1
OG0007169	As009G218970	AT5G62500.1
OG0007170	As009G219040	AT5G62580.1
OG0007171	As009G219190	AT5G62770.1
OG0007172	As009G219270	AT3G48030.1
OG0007173	As009G219390	AT5G62960.1
OG0007174	As009G219640	AT5G58710.1
OG0007175	As010G220670	AT3G50870.1
OG0007176	As010G221470	AT3G49780.1
OG0007178	As010G223040	AT3G48150.1
OG0007179	As010G223220	AT3G47950.1
OG0007181	As010G224110	AT3G46940.2
OG0007182	As010G224850	AT3G46020.1
OG0007183	As010G225630	AT3G45100.1
OG0007184	As010G225690	AT3G45040.1
OG0007185	As010G226260	AT3G44330.1
OG0007186	As010G226490	AT3G43860.1
OG0007187	As010G228540, As010G229140	AT1G67480.1
OG0007188	As010G228820	AT1G67420.4
OG0007190	As010G232180	AT3G08900.1
OG0007191	As010G232470	AT1G69390.1
OG0007192	As010G232670	AT1G69570.1
OG0007193	As010G232810	AT1G68180.1
OG0007194	As010G232960	AT1G69890.1
OG0007195	As010G232970	AT1G69900.1
OG0007196	As010G233010	AT1G69970.1
OG0007198	As010G233840	AT1G70920.1
OG0007199	As010G233930	AT1G71010.1
OG0007200	As010G234090	AT1G71180.1
OG0007201	As010G234560	AT1G71780.1
OG0007202	As010G234780	AT1G71940.2
OG0007203	As010G234820	AT5G19855.1
OG0007204	As010G235140	AT1G78310.1
OG0007205	As010G235730	AT1G77690.1
OG0007206	As010G235790	AT5G45230.1
OG0007207	As010G236130	AT1G77330.1
OG0007208	As010G236220	AT1G77250.1
OG0007209	As010G236700	AT1G76750.1
OG0007210	As010G237060	AT1G76420.1
OG0007211	As010G237260	AT1G76250.1
OG0007212	As010G237440	AT1G76070.1
OG0007213	As010G237760	AT1G75730.1
OG0007214	As010G237790	AT1G75710.1
OG0007215	As010G238570	AT1G74970.1
OG0007216	As010G238650	AT1G74910.1
OG0007217	As010G238710	AT1G74840.1
OG0007218	As010G238730	AT1G74800.1
OG0007219	As010G239040	AT1G74470.1
OG0007220	As010G239790	AT1G73760.1
OG0007221	As010G240490	AT1G73210.1
OG0007222	As010G240770	AT2G48120.1
OG0007223	As010G240990	AT1G72790.1
OG0007224	As010G241380	AT1G72390.1
OG0007225	As010G241640	AT1G78380.1
OG0007226	As010G242070	AT1G78690.1
OG0007227	As010G242180	AT3G10530.1
OG0007228	As010G242660	AT1G79280.2
OG0007229	As010G242750	AT1G79380.1
OG0007230	As010G243030	AT1G79600.1
OG0007231	As010G243260	AT1G15990.1, AT1G19780.1
OG0007232	As010G243280, As010G244230	AT1G80040.1
OG0007233	As010G243350	AT1G80820.1
OG0007234	As010G243400	AT1G80770.6
OG0007235	As010G243450	AT1G80700.1, AT1G80980.1
OG0007236	As010G243600	AT2G26000.2
OG0007237	As010G243650	AT1G15780.2
OG0007238	As010G243970	AT1G20570.3, AT1G80260.1
OG0007239	As010G244020	AT1G80210.1, AT3G06820.2
OG0007240	As011G244850	AT3G13000.2
OG0007241	As011G244870	AT3G13040.1
OG0007242	As011G245550	AT3G13590.1
OG0007243	As011G245680	AT3G13730.1
OG0007244	As011G245810	AT3G13850.1
OG0007245	As011G246240	AT3G14172.1
OG0007246	As011G246290	AT3G14205.1
OG0007247	As011G246770	AT3G14595.1
OG0007248	As011G247550	AT3G15370.2
OG0007249	As011G247690	AT3G15518.1
OG0007250	As011G247750	AT3G15550.1
OG0007251	As011G247960	AT3G15760.1
OG0007252	As011G248010	AT3G15810.1
OG0007253	As011G248230	AT3G16050.1
OG0007254	As011G248240, As012G270780	AT3G16060.1
OG0007255	As011G248310	AT3G16150.1
OG0007256	As011G248360	AT3G16200.1
OG0007257	As011G248680	AT3G18310.1
OG0007258	As011G249230	AT3G17060.1
OG0007259	As011G249340	AT3G17205.1
OG0007260	As011G249560	AT3G17460.1
OG0007261	As011G249850	AT3G17790.1
OG0007262	As011G249870	AT3G17810.1
OG0007263	As011G250000	AT3G17940.1
OG0007264	As011G250130	AT3G18090.1, AT3G23780.1
OG0007265	As011G250210	AT3G18165.1
OG0007266	As011G250540	AT3G18480.1
OG0007267	As011G250850	AT3G18770.1
OG0007268	As011G250980	AT3G18850.1
OG0007269	As011G251360	AT3G19270.2
OG0007270	As011G251410	AT3G19360.1
OG0007271	As011G251470	AT3G19420.1
OG0007272	As011G251570	AT3G19490.1
OG0007273	As011G251790, As012G272410	AT3G19680.1
OG0007274	As011G252100	AT3G19990.2
OG0007275	As011G252500	AT3G20240.1
OG0007276	As011G253140	AT3G20890.1
OG0007277	As011G253320	AT3G21200.1
OG0007278	As011G253400	AT3G21550.1
OG0007279	As011G253510	AT3G21420.1
OG0007280	As011G253520	AT3G21400.1
OG0007281	As011G253590, As012G271280	AT3G21330.1
OG0007282	As011G254160	AT3G22160.1
OG0007283	As011G254170	AT3G22170.1
OG0007284	As011G254290	AT3G22290.1
OG0007285	As011G254300	AT3G22300.1
OG0007286	As011G254480	AT3G22480.1
OG0007287	As011G254580	AT3G22640.1
OG0007288	As011G254680	AT3G22750.1
OG0007289	As011G255510	AT3G23630.1
OG0007290	As011G255640	AT3G23690.1
OG0007291	As011G255700	AT3G23750.1
OG0007292	As011G256080	AT3G24170.1
OG0007293	As011G256180	AT3G24080.1
OG0007294	As011G256440	AT3G24420.1
OG0007295	As011G256640	AT3G24520.1
OG0007296	As011G260430	AT2G12400.1
OG0007297	As011G261230	AT4G09070.1, AT2G28230.1
OG0007298	As011G261850	AT2G11520.1
OG0007299	As011G262630	AT2G15240.1
OG0007300	As011G263420	AT2G16485.1
OG0007301	As011G264170	AT2G17120.1
OG0007302	As011G264340	AT2G17350.1
OG0007303	As011G264710	AT2G17710.1
OG0007304	As011G265080	AT2G18140.1, AT2G18150.1
OG0007305	As011G265680	AT2G18910.1
OG0007306	As011G265960	AT2G19260.1
OG0007307	As011G266300	AT2G19590.1
OG0007308	As011G267100	AT2G20420.1
OG0007309	As012G267680	AT3G12670.1
OG0007310	As012G268340	AT1G55550.1
OG0007311	As012G268730	AT1G55300.2
OG0007312	As012G268840	AT1G55190.1
OG0007313	As012G269430	AT1G53800.2
OG0007314	As012G270580	AT1G52580.1
OG0007315	As012G270840	AT1G52240.1
OG0007316	As012G270920	AT1G52150.2
OG0007317	As012G271320	AT1G51745.1
OG0007318	As012G271420	AT1G51610.1
OG0007319	As012G272440	AT1G50020.1
OG0007320	As012G272970	AT1G49350.1
OG0007321	As012G273110	AT1G48745.1
OG0007322	As012G273370	AT1G48930.1
OG0007323	As012G273780	AT1G48410.2
OG0007324	As012G273920	AT1G48260.1
OG0007326	As012G274270	AT4G16220.1, AT4G16230.1, AT4G16233.1
OG0007327	As012G274300	AT4G16190.1
OG0007328	As012G274620	AT4G15930.1
OG0007329	As012G274940	AT2G34810.1
OG0007330	As012G274960	AT2G34780.1
OG0007331	As012G275610	AT3G21640.1
OG0007332	As012G275630	AT3G52090.2
OG0007333	As012G275870	AT3G52360.1
OG0007334	As012G276020	AT3G52490.1
OG0007335	As012G276040	AT3G52500.1
OG0007336	As012G276720	AT3G53180.1
OG0007337	As012G278680	AT3G51820.1
OG0007338	As012G279050	AT3G51730.1
OG0007339	As012G279530	AT3G54400.1
OG0007340	As012G280270	AT3G54610.1
OG0007341	As012G280940	AT3G54890.1
OG0007342	As012G281940	AT3G55470.1
OG0007343	As012G282120	AT4G32520.1
OG0007344	As012G282270	AT3G55800.1
OG0007345	As012G282960	AT3G56490.1
OG0007346	As012G283280	AT3G56850.1
OG0007347	As012G284950	AT3G58670.1
OG0007348	As012G284980	AT3G58690.1
OG0007349	As012G285660	AT3G59630.1
OG0007350	As012G286720	AT3G60600.1
OG0007351	As012G286820	AT3G60720.3
OG0007352	As012G287380	AT3G61320.3
OG0007353	As012G288010	AT3G62030.2
OG0007354	As012G288070	AT3G62110.1
OG0007355	As012G289070	AT3G63190.1
OG0007413	As001G000150	AT4G28250.1
OG0007414	As001G000370	AT4G28485.2
OG0007415	As001G000390	AT4G28500.1
OG0007416	As001G000570	AT4G28660.2
OG0007417	As001G000650	AT4G28720.1
OG0007418	As001G000730	AT4G28820.3
OG0007419	As001G001370	AT4G29520.1
OG0007420	As001G001520	AT4G29720.1
OG0007422	As001G001890	AT4G30010.1
OG0007423	As001G002040	AT4G30080.1
OG0007424	As001G002290	AT4G30270.1
OG0007425	As001G002640	AT4G30600.1
OG0007426	As001G003380	AT4G31140.1
OG0007427	As001G003490	AT4G31290.1
OG0007428	As001G003640	AT4G31370.1
OG0007429	As001G003690	AT4G31410.1
OG0007430	As001G003780	AT4G31510.1
OG0007431	As001G003800	AT4G31540.1
OG0007432	As001G003990	AT4G31730.1
OG0007433	As006G131030, As003G071030, As003G071040, As003G070990, As001G004430, As001G004440, As006G131020, As006G131130	AT4G28010.1
OG0007434	As001G004660	AT4G32180.1
OG0007435	As001G004670	AT4G32190.1
OG0007436	As001G004700	AT4G32270.1
OG0007437	As001G004730	AT4G32280.1
OG0007438	As001G004880	AT4G32360.1
OG0007439	As001G005170	AT4G32540.2
OG0007440	As001G006410	AT4G32720.1
OG0007441	As001G009850	AT4G33220.1
OG0007442	As001G010220	AT4G33110.1, AT4G33120.1
OG0007443	As001G010250, As001G015350	AT4G33450.1
OG0007444	As001G010280, As001G015340	AT4G33440.1
OG0007445	As001G012310	AT4G33780.1
OG0007446	As001G012840	AT4G34230.1
OG0007448	As001G013680	AT4G34050.3
OG0007449	As001G013720	AT4G34030.1
OG0007451	As001G014130	AT4G34440.1
OG0007452	As001G014200, As011G263190	AT4G34490.2
OG0007453	As001G014260	AT4G34560.1
OG0007454	As001G014280	AT4G34580.1
OG0007455	As001G014480	AT4G34770.1
OG0007456	As001G014770	AT4G34970.1
OG0007458	As001G016010, As004G079130	AT1G31480.1
OG0007459	As001G016030	AT1G31500.7
OG0007460	As001G016440	AT1G31930.1
OG0007461	As001G016650	AT1G32127.1
OG0007462	As001G016680	AT1G32170.1
OG0007464	As001G017540	AT4G16790.1
OG0007465	As001G017760	AT4G16630.1
OG0007466	As001G018070	AT4G16444.1
OG0007467	As001G018240	AT4G16360.1
OG0007468	As001G018360	AT1G54460.1
OG0007469	As001G018600	AT1G54710.1
OG0007470	As001G019110	AT4G15510.1
OG0007471	As001G019140	AT1G56580.1
OG0007472	As001G019200	AT5G07460.1
OG0007473	As001G019690	AT1G58250.2
OG0007474	As001G020310	AT1G59640.2
OG0007475	As001G021380	AT1G61000.1
OG0007476	As001G021500	AT1G61140.1
OG0007477	As008G186460, As001G021550	AT1G11130.1
OG0007478	As001G021730	AT1G61610.1
OG0007479	As001G021870	AT1G61720.1
OG0007480	As001G021900	AT1G61760.1
OG0007481	As001G022200	AT2G01060.1
OG0007482	As001G022300	AT2G01170.1
OG0007483	As001G022400	AT2G01275.3
OG0007484	As001G022940, As009G212260	AT2G01820.1
OG0007485	As001G022980, As008G182690	AT1G14740.1
OG0007486	As001G023750	AT2G02860.1
OG0007487	As001G023850	AT2G03060.2
OG0007488	As001G023910	AT2G03200.1
OG0007489	As001G024010	AT2G03340.1
OG0007490	As001G024150	AT2G03510.1
OG0007491	As001G024210	AT1G19190.1
OG0007492	As001G024610	AT3G25597.1
OG0007493	As001G024800	AT3G25790.1
OG0007494	As001G024930	AT3G25905.1
OG0007495	As001G025310	AT3G26370.1
OG0007496	As001G025350	AT3G26420.1
OG0007497	As001G025690	AT3G26790.1
OG0007498	As001G025820	AT3G26932.1
OG0007499	As001G025890	AT3G27000.1
OG0007500	As001G025930	AT3G27030.1
OG0007501	As001G026080	AT3G27200.1
OG0007502	As001G026090	AT3G27210.1
OG0007503	As001G026280	AT3G27340.1
OG0007504	As001G026630, As001G026650	AT3G27700.1
OG0007505	As001G027680	AT3G29170.1
OG0007506	As001G027720	AT3G29200.1
OG0007507	As001G027870	AT3G29370.1, AT5G39240.1
OG0007508	As001G027900	AT3G29400.1
OG0007509	As001G028100	AT3G30340.1
OG0007510	As001G028260	AT1G67230.1
OG0007511	As001G028440	AT1G67040.2
OG0007512	As001G028570	AT1G66820.1
OG0007513	As001G029040	AT1G66170.1
OG0007514	As001G029070	AT1G66140.1
OG0007515	As001G029280	AT1G65720.1
OG0007516	As001G029510	AT1G65295.1
OG0007517	As001G030150	AT5G17790.1
OG0007518	As001G030360	AT1G64590.1
OG0007519	As001G030410	AT1G55090.1
OG0007520	As001G030810	AT1G64140.1
OG0007521	As001G030970	AT1G63980.1
OG0007522	As001G031230	AT1G63650.1
OG0007523	As001G031450	AT1G63250.1, AT2G07750.1
OG0007524	As003G064110, As001G031470	AT1G63240.1
OG0007525	As001G031600	AT1G63100.2
OG0007526	As001G031670	AT1G63010.5
OG0007527	As001G032080	AT1G62450.1
OG0007528	As001G032120	AT1G62400.1
OG0007529	As001G032210	AT1G62310.1
OG0007530	As002G032330	AT3G12640.2
OG0007531	As002G032350	AT3G12620.1
OG0007532	As002G032360	AT3G12610.1
OG0007533	As002G032460, As002G039160	AT3G12500.1
OG0007534	As002G032470	AT4G28025.1
OG0007535	As002G032510	AT4G25820.1
OG0007536	As002G032610	AT4G25950.1
OG0007537	As002G032670	AT4G26050.1
OG0007538	As002G033640	AT2G40820.4
OG0007540	As002G033740	AT2G40730.1
OG0007541	As002G034000	AT3G09150.2
OG0007542	As002G034010	AT3G09180.1
OG0007543	As002G034070	AT3G09230.1
OG0007544	As002G034350	AT3G09520.1
OG0007545	As002G034380	AT3G09560.1
OG0007546	As002G034700	AT3G09740.1
OG0007547	As002G034850	AT3G09830.1
OG0007548	As002G035160, As002G035170	AT5G03730.1
OG0007549	As002G035190	AT3G10020.1
OG0007550	As002G035290	AT3G10120.1
OG0007551	As002G035580	AT3G10350.2
OG0007552	As002G035940, As002G035880	AT3G10520.1
OG0007553	As002G035980	AT5G04600.1
OG0007554	As002G036350	AT3G10770.1
OG0007555	As002G036990	AT3G11210.1
OG0007556	As002G037160	AT3G11280.1
OG0007557	As002G037210	AT3G11410.1
OG0007558	As002G037380	AT3G11530.1
OG0007559	As002G037460	AT3G11620.1
OG0007560	As002G037530	AT3G11690.1
OG0007561	As002G037550	AT3G11730.1
OG0007562	As002G037620	AT3G11800.1
OG0007563	As002G037770	AT4G28080.1
OG0007564	As002G037980	AT3G11945.2
OG0007565	As002G038000	AT3G11950.1
OG0007566	As002G038170	AT3G11980.1
OG0007567	As002G038870	AT3G12290.1
OG0007568	As002G038890	AT3G12320.1
OG0007569	As002G039630	AT3G57230.1
OG0007570	As002G040500	AT5G49890.1
OG0007571	As002G041280, As002G041250, As002G041300, As002G041320, As004G089330	AT5G46850.2
OG0007572	As002G041540, As003G065590	AT1G47420.1
OG0007573	As002G042350	AT5G50700.1, AT5G50600.1
OG0007574	As002G042420	AT5G50760.1
OG0007575	As002G042580	AT5G50810.1
OG0007576	As002G042650	AT5G50840.2
OG0007577	As002G042750	AT4G33380.1
OG0007578	As002G044270	AT5G52440.1
OG0007579	As002G044710	AT5G53330.1
OG0007580	As002G044760	AT5G53250.1
OG0007581	As002G044880	AT5G53130.1
OG0007582	As002G044950	AT5G53060.1
OG0007583	As002G044990	AT5G53040.1
OG0007584	As002G045050	AT5G53350.1
OG0007585	As002G045160	AT5G53420.1
OG0007586	As002G045510	AT5G54130.2
OG0007587	As002G045650	AT5G53950.1
OG0007588	As002G046150	AT5G54390.1
OG0007589	As002G046360	AT5G54585.1
OG0007590	As002G046700	AT5G54930.1
OG0007591	As002G047370	AT5G55590.1
OG0007592	As002G047630, As006G134350	AT5G55860.1
OG0007593	As002G047840	AT5G56090.1
OG0007594	As002G047940	AT5G56190.7
OG0007595	As002G048210, As008G185900	AT1G11572.1
OG0007596	As002G048580	AT5G56890.1
OG0007597	As002G048660	AT5G57010.1
OG0007598	As002G048710	AT5G57030.1
OG0007599	As002G048760	AT5G57070.1
OG0007600	As002G049080	AT5G57370.1
OG0007601	As002G049130	AT5G57420.1
OG0007602	As002G049330	AT5G57660.1
OG0007603	As002G049470	AT5G57810.1
OG0007604	As002G049960	AT5G58160.1
OG0007605	As002G050100	AT5G27460.1
OG0007606	As002G050240	AT5G13390.2
OG0007607	As007G162250, As002G050510	AT5G13150.1
OG0007608	As002G050580	AT5G13080.1
OG0007609	As002G050630	AT5G13030.1
OG0007610	As002G050750	AT5G12900.1
OG0007611	As002G050880	AT5G12390.1
OG0007612	As002G050980	AT5G12270.1
OG0007613	As002G051150	AT5G12120.1
OG0007614	As002G051200	AT5G12040.1
OG0007615	As002G051310	AT5G11930.1
OG0007616	As002G051480	AT5G11790.1
OG0007617	As002G051800	AT5G11480.1
OG0007618	As002G051820	AT5G11460.1
OG0007619	As002G052020	AT5G11240.1
OG0007620	As002G052200	AT5G11010.2
OG0007621	As002G052610	AT5G10620.1
OG0007622	As002G054000	AT5G09270.1
OG0007623	As002G054180	AT5G08630.1
OG0007624	As002G054260	AT5G08540.1
OG0007625	As002G054330	AT5G08480.2
OG0007626	As002G054700	AT5G08170.1
OG0007627	As002G054730	AT5G08139.1
OG0007628	As002G054930	AT5G07910.1
OG0007629	As002G055450	AT5G07300.1
OG0007630	As002G055510	AT5G07240.2
OG0007632	As003G056210	AT4G17840.1
OG0007633	As003G056350	AT4G17950.1
OG0007634	As003G056410	AT4G18020.1
OG0007635	As003G056470	AT4G18070.1
OG0007636	As003G056830	AT4G18422.1
OG0007637	As003G057290	AT4G04190.1
OG0007638	As003G057330	AT4G18890.1
OG0007639	As003G057410	AT4G18975.1
OG0007640	As003G057600	AT4G19160.2
OG0007641	As003G057780	AT4G19430.1
OG0007642	As003G058150	AT4G19980.1
OG0007643	As003G058280	AT4G20080.1
OG0007643	As004G087160	AT5G44760.1
OG0007644	As003G058290	AT5G62160.1
OG0007645	As003G058640	AT4G20460.1
OG0007646	As003G058900	AT4G20940.1
OG0007647	As004G086180, As003G059420	AT4G05160.1
OG0007648	As003G059450	AT4G21430.1
OG0007649	As003G059710	AT4G21680.1
OG0007650	As003G060110	AT4G22080.1, AT4G22090.1
OG0007651	As003G060230	AT4G22130.1
OG0007652	As003G060310	AT4G22250.1
OG0007653	As003G060380	AT4G22320.1
OG0007654	As003G060510	AT4G22540.1
OG0007655	As003G060590	AT4G22620.1
OG0007656	As003G060680, As004G085030	AT4G22740.1
OG0007657	As003G060890	AT4G22880.1
OG0007658	As003G061000	AT4G23030.1
OG0007659	As003G061020	AT4G23060.1
OG0007660	As003G061680	AT4G23620.2
OG0007661	As003G061830	AT4G23730.3
OG0007662	As003G062020	AT4G23930.1
OG0007663	As003G062600, As004G083690	AT1G33240.1
OG0007664	As003G062640	AT1G33270.1
OG0007665	As003G062770	AT1G33400.2
OG0007666	As003G063120	AT1G34000.1
OG0007667	As003G063470	AT1G34630.1
OG0007668	As003G064170	AT1G36310.1
OG0007669	As003G064450	AT1G44800.1
OG0007670	As003G065430	AT1G47670.1
OG0007671	As003G065880	AT1G47260.1
OG0007672	As003G066810	AT1G47750.1
OG0007673	As003G067020, As008G191680	AT3G07630.1
OG0007674	As003G068540	AT1G28100.4
OG0007675	As003G068870	AT1G28300.1
OG0007676	As003G068950, As006G121750, As011G266980	AT5G37350.1, AT2G24990.1
OG0007677	As003G069090	AT1G28420.1
OG0007678	As003G069190	AT1G28520.1
OG0007679	As003G069840	AT1G29240.1
OG0007680	As003G070710	AT1G30135.1
OG0007681	As003G070870	AT1G30360.1
OG0007682	As003G071260, As012G274930	AT1G30690.1
OG0007683	As003G071280	AT1G30710.1
OG0007684	As003G071350	AT1G30760.2
OG0007685	As003G071760	AT4G35530.1
OG0007686	As003G071850, As010G236490	AT5G03250.1
OG0007687	As003G072110	AT4G35800.1
OG0007688	As003G072240	AT4G35940.1
OG0007689	As003G072290	AT4G35985.1
OG0007690	As003G072520	AT4G36260.1
OG0007691	As003G072710	AT4G36540.1
OG0007692	As003G072730, As003G072750	AT4G36570.1
OG0007693	As003G072960	AT4G36760.2
OG0007694	As003G073210	AT4G37130.1
OG0007695	As007G179490, As003G073250	AT2G23450.1
OG0007696	As003G073340	AT4G36990.1
OG0007697	As003G073830	AT4G37540.1
OG0007698	As003G073980	AT4G37680.3, AT4G38320.1
OG0007699	As003G074030	AT4G37730.1
OG0007700	As003G074040	AT4G37740.1
OG0007701	As003G074180	AT4G37870.1
OG0007702	As003G074430	AT4G38060.2
OG0007703	As003G074580	AT4G40080.1
OG0007704	As003G074820	AT4G39880.1
OG0007705	As003G074990	AT4G39720.2
OG0007706	As003G075150	AT4G39520.1
OG0007707	As003G076310, As007G182140	AT4G38520.1
OG0007708	As004G076700	AT5G35430.1
OG0007709	As004G077200	AT5G37478.1
OG0007710	As004G078010	AT5G38865.1
OG0007711	As004G078720	AT2G34980.1
OG0007712	As004G078790	AT2G35050.1
OG0007713	As004G078900	AT2G35155.1
OG0007714	As004G078920	AT1G10170.4
OG0007715	As004G078940	AT1G31220.1
OG0007716	As004G079590	AT5G18070.1
OG0007717	As004G079720	AT2G35260.1
OG0007718	As004G079760	AT2G35215.1
OG0007719	As004G080100	AT4G09650.1
OG0007720	As004G080430	AT4G08960.1
OG0007721	As004G080950	AT4G08455.1
OG0007722	As004G080990	AT1G29960.1, AT1G23465.1
OG0007723	As004G081130	AT2G34180.1
OG0007724	As004G081250	AT2G34050.1
OG0007725	As004G081340	AT2G33860.1
OG0007726	As004G081410	AT2G33835.1
OG0007727	As004G081420	AT2G33830.2
OG0007728	As004G081720	AT2G33550.1
OG0007729	As004G081790	AT2G33490.1
OG0007730	As004G082240	AT5G42870.1
OG0007731	As004G083650	AT4G10350.1
OG0007732	As004G084180	AT4G11040.1
OG0007733	As004G084400	AT4G11240.1
OG0007734	As004G084650	AT4G11660.1
OG0007735	As004G085160	AT4G12410.1
OG0007736	As004G085390	AT4G12620.1, AT4G14700.1
OG0007737	As004G085640	AT4G04450.1
OG0007738	As004G085990	AT4G04950.1
OG0007740	As004G086080	AT4G05010.1
OG0007741	As004G087040	AT5G44660.1
OG0007742	As004G087600	AT5G45110.1
OG0007743	As004G087870	AT5G45360.1
OG0007744	As004G088070	AT5G45590.1
OG0007745	As004G088360	AT5G45890.1
OG0007746	As004G088470	AT5G45970.1
OG0007747	As004G088590	AT5G46080.1
OG0007748	As004G088700	AT5G46220.1
OG0007749	As004G088750	AT5G46280.1
OG0007750	As004G088970	AT5G46530.1
OG0007751	As009G214560, As004G089000	AT5G04500.1
OG0007752	As004G089070	AT5G46590.1
OG0007753	As004G089120	AT5G46650.1
OG0007754	As004G089510	AT5G46880.1
OG0007755	As004G091350, As004G091390	AT4G15950.1
OG0007756	As004G092060	AT5G35620.1
OG0007757	As009G212100, As004G092180	AT5G35700.1
OG0007758	As004G092630	AT4G12730.1
OG0007761	As004G094050	AT4G13370.1
OG0007762	As004G094850	AT4G13830.2
OG0007763	As004G095370, As011G255340	AT4G14330.1
OG0007764	As004G096450, As011G253760	AT4G15410.1
OG0007765	As004G097770	AT5G41040.1
OG0007766	As004G098220	AT5G41800.1
OG0007767	As004G098420	AT5G42030.2
OG0007768	As004G098510	AT1G61570.1
OG0007769	As005G098880	AT2G47850.1
OG0007770	As005G099130, As005G099110, As005G099120	AT2G47730.1
OG0007771	As005G099200, As005G099190	AT2G47670.1
OG0007772	As005G099560	AT2G47350.1
OG0007773	As005G099660	AT2G47260.1
OG0007774	As005G099730	AT2G47210.1
OG0007775	As005G099750	AT2G47190.1
OG0007776	As005G100460	AT2G46550.1
OG0007777	As005G100520	AT2G46500.1
OG0007778	As005G100880	AT2G46220.1
OG0007779	As005G100990	AT2G46090.1
OG0007780	As005G101010	AT2G46070.3
OG0007781	As005G101040	AT2G46060.1
OG0007783	As005G101080	AT2G46020.2
OG0007784	As005G101160	AT2G45910.1
OG0007785	As005G101390	AT2G45680.1
OG0007786	As005G101740	AT2G45400.1
OG0007787	As005G102300	AT2G44840.1
OG0007788	As005G102800	AT2G44440.1
OG0007789	As005G103080	AT2G44130.1
OG0007790	As005G103160	AT2G44050.1
OG0007791	As005G103300	AT2G43890.1
OG0007792	As005G104450	AT2G42890.1
OG0007793	As005G104780	AT2G42570.1
OG0007794	As005G105020	AT2G41945.3
OG0007795	As005G105180	AT2G42200.1
OG0007796	As005G106420, As006G142140	AT5G01600.1
OG0007797	As005G106670	AT5G01360.1
OG0007798	As005G106860	AT5G01230.1
OG0007799	As005G106980	AT5G01090.1
OG0007800	As005G107100	AT5G02020.1
OG0007801	As005G107440	AT5G02390.1
OG0007802	As005G107540	AT5G02480.1
OG0007803	As005G107580	AT5G02530.1
OG0007804	As005G107590	AT5G02540.1
OG0007805	As005G107780	AT5G02770.1
OG0007806	As005G108810, As005G107820	AT5G03840.1
OG0007807	As005G108000	AT5G03080.1
OG0007808	As005G108770	AT5G03795.1
OG0007809	As005G108920	AT1G76705.1, AT5G03960.2
OG0007810	As005G109140, As005G108940	AT5G04120.1
OG0007811	As005G109220	AT5G04180.1
OG0007812	As005G109340	AT5G04250.1
OG0007813	As005G109430	AT5G04310.1
OG0007814	As005G109910	AT5G19400.1
OG0007815	As005G109990	AT5G19690.1
OG0007817	As005G111960	AT5G20610.1
OG0007818	As005G112250	AT5G20740.2
OG0007819	As005G112500	AT5G20980.1
OG0007820	As008G198270, As005G112570	AT5G21050.1
OG0007821	As005G112620	AT5G21105.1
OG0007822	As005G112660	AT5G21140.1
OG0007823	As005G113030	AT5G21990.1
OG0007824	As005G113460	AT5G22450.1
OG0007825	As005G113670	AT5G22790.1
OG0007826	As005G113900	AT5G60790.1
OG0007827	As005G114010	AT5G60710.1
OG0007828	As005G114200	AT5G60530.1
OG0007829	As005G114470	AT5G60190.1
OG0007830	As005G114630	AT5G59990.1
OG0007831	As005G114930	AT5G59710.1
OG0007832	As005G115250	AT5G59110.1
OG0007833	As005G115820	AT5G59000.1
OG0007834	As005G115970	AT5G58860.1
OG0007835	As005G116020	AT5G63130.1
OG0007836	As005G116110	AT5G63170.1
OG0007837	As005G116120	AT5G63180.1
OG0007838	As005G116370	AT5G63480.1
OG0007839	As005G116540	AT5G56940.1
OG0007840	As005G116920	AT5G63980.1
OG0007841	As005G117000	AT5G64030.1
OG0007842	As005G117540	AT5G64540.1
OG0007843	As005G117680	AT5G64670.1
OG0007844	As005G117830	AT5G64813.1
OG0007845	As005G117850	AT5G64820.1
OG0007846	As005G118320	AT5G65220.1
OG0007847	As005G118350	AT5G65250.1
OG0007849	As005G118720	AT5G65683.1
OG0007850	As005G118730	AT5G65690.2
OG0007851	As005G118830	AT5G65770.2, AT5G65780.2
OG0007852	As005G119030	AT5G67590.1
OG0007853	As005G119260	AT5G67370.1
OG0007854	As005G119330, As010G221280	AT5G67300.1
OG0007855	As005G119420	AT5G67220.1
OG0007857	As005G120310	AT5G66470.1
OG0007858	As005G120510	AT3G51140.1
OG0007859	As005G120540	AT5G66290.2
OG0007860	As006G121250	AT4G00720.1
OG0007861	As006G121380	AT4G00570.1
OG0007862	As006G121780	AT4G01320.1
OG0007863	As006G122040	AT4G01050.2
OG0007864	As006G122090	AT3G06455.1, AT4G01000.1
OG0007865	As006G122370	AT4G01440.1
OG0007866	As006G122570	AT4G01670.1
OG0007867	As006G122920	AT4G02100.1
OG0007868	As006G123080	AT4G02260.1
OG0007869	As006G123110	AT4G02290.1
OG0007870	As006G123140	AT4G02340.1
OG0007871	As006G123520	AT4G02715.1
OG0007872	As006G123570	AT4G02760.3
OG0007873	As006G123810	AT4G03020.1
OG0007874	As006G123990	AT4G03210.1
OG0007875	As006G124350	AT5G44190.1
OG0007876	As006G124670	AT5G43910.2
OG0007877	As006G125220	AT5G43310.1
OG0007879	As006G125310, As008G196130	AT2G33390.1
OG0007880	As006G125650	AT2G32300.2
OG0007881	As006G125670	AT2G32280.1
OG0007882	As006G125690	AT2G32260.1
OG0007884	As006G126120	AT2G32360.1
OG0007885	As008G194640, As006G126930	AT2G31820.1
OG0007886	As006G127420	AT2G31240.1
OG0007887	As006G127530	AT2G31130.1
OG0007888	As006G127650	AT2G30990.1
OG0007890	As006G127730, As008G193570	AT1G06530.1
OG0007891	As006G127810	AT2G30860.1
OG0007892	As006G128030	AT2G30520.1
OG0007893	As006G128140	AT2G30370.1
OG0007894	As006G128170	AT2G30340.2
OG0007895	As006G128290	AT2G30230.1
OG0007896	As006G128450	AT1G07130.1
OG0007897	As006G128460	AT2G30070.1
OG0007898	As006G129430	AT2G28790.2
OG0007899	As006G129440	AT2G28780.1
OG0007900	As006G129790	AT2G28470.1
OG0007901	As006G129830	AT2G28410.1
OG0007902	As006G129940	AT2G28315.1
OG0007903	As006G130240	AT2G27900.1
OG0007904	As006G130560	AT2G27040.1
OG0007905	As006G131190	AT2G26730.1
OG0007906	As006G131510	AT5G06430.1
OG0007907	As006G131650	AT2G26410.1
OG0007908	As006G131740	AT2G26250.1
OG0007909	As006G132380	AT4G27410.3
OG0007910	As006G132570	AT4G27120.1
OG0007911	As006G132860, As009G200510	AT5G14750.1
OG0007912	As006G133110	AT3G01530.1
OG0007913	As006G133400	AT5G14110.1
OG0007914	As006G133970	AT5G37290.1
OG0007915	As006G134170	AT4G26470.3
OG0007916	As006G134830	AT3G01200.1
OG0007917	As006G134870	AT3G01160.1
OG0007918	As006G134890, As009G201310	AT5G15270.1
OG0007919	As006G135130	AT3G02140.1
OG0007920	As006G135370	AT3G02360.1
OG0007921	As006G135670	AT3G02650.1
OG0007922	As006G135800	AT3G02800.1
OG0007923	As006G135880	AT3G02880.1
OG0007924	As006G136110	AT3G03100.1
OG0007925	As009G203430, As006G136480	AT3G03440.1
OG0007926	As006G136880	AT3G03770.1
OG0007927	As006G137360	AT3G04090.1
OG0007928	As006G137900	AT3G04700.1
OG0007929	As006G137940	AT3G04730.1
OG0007930	As006G138110	AT3G04910.1
OG0007931	As006G138210	AT3G05090.1
OG0007932	As006G138340	AT3G04980.2
OG0007933	As009G206580, As006G138430	AT3G05160.1
OG0007934	As006G138470	AT3G05200.1
OG0007935	As006G138630	AT3G05327.1
OG0007936	As006G138780	AT3G05520.2
OG0007937	As006G138840	AT3G05470.1
OG0007938	As006G139070	AT3G05690.2
OG0007939	As006G139390	AT3G05937.1
OG0007940	As006G139520	AT3G06020.1
OG0007941	As006G139700	AT3G06130.1
OG0007942	As006G140130	AT3G06483.1
OG0007943	As006G140180	AT3G06540.1
OG0007944	As006G140200	AT3G06550.2
OG0007945	As006G140220	AT3G06580.1
OG0007946	As006G140240	AT3G06600.1
OG0007947	As006G140250	AT3G06610.1
OG0007948	As006G140690	AT5G48870.1
OG0007949	As006G140810	AT3G07120.1
OG0007950	As006G141050	AT3G07320.1
OG0007951	As006G141220	AT3G07540.1
OG0007952	As006G141400	AT3G07660.1
OG0007953	As006G141490	AT3G07750.1
OG0007954	As006G141500	AT3G07760.3
OG0007955	As006G141690	AT3G07950.1
OG0007956	As006G141840	AT3G08500.1
OG0007957	As006G142100	AT3G08840.7
OG0007958	As006G142770	AT2G40180.1
OG0007959	As006G142800	AT2G40150.1
OG0007960	As006G142820	AT2G40130.2
OG0007961	As006G142990	AT2G39980.1
OG0007962	As006G143150	AT2G39870.1
OG0007963	As006G143540	AT2G39490.1
OG0007964	As006G144270	AT2G38820.2
OG0007965	As006G144610	AT2G36050.1
OG0007966	As006G144640	AT2G36090.1
OG0007967	As006G144730	AT2G36220.1
OG0007968	As006G145060	AT2G36450.1
OG0007969	As006G145090	AT2G36480.1
OG0007970	As006G145230	AT2G36690.1, AT2G06960.1
OG0007971	As006G145480	AT2G36930.1
OG0007972	As006G145520	AT2G36970.1
OG0007973	As006G145690	AT2G37080.1
OG0007974	As006G145840	AT2G37200.2
OG0007975	As006G146570	AT2G37610.1
OG0007976	As006G146760	AT2G37678.1
OG0007977	As006G146800	AT2G37740.1
OG0007978	As006G146960	AT2G37880.1
OG0007979	As006G147600	AT2G38110.1
OG0007980	As006G147980	AT2G38250.1
OG0007981	As006G148510	AT2G38370.2
OG0007982	As006G149020	AT2G35790.1
OG0007983	As007G152010	AT1G15400.3
OG0007984	As007G152770	AT1G16270.1
OG0007985	As007G153170	AT1G16740.1
OG0007986	As007G154300	AT1G17820.1
OG0007987	As007G154490	AT1G18320.1, AT3G10110.1
OG0007988	As007G154580	AT1G18210.1
OG0007989	As007G154780	AT1G18370.1
OG0007991	As007G154880	AT1G18480.1
OG0007992	As007G155060	AT1G18620.2
OG0007993	As007G155110	AT1G18660.4
OG0007994	As007G155270	AT1G18840.1
OG0007995	As007G155640	AT1G19270.1
OG0007996	As007G155660	AT1G19300.1
OG0007997	As010G238350, As007G155760	AT1G19440.1
OG0007998	As007G155800	AT1G19485.1
OG0007999	As007G156060	AT1G19860.2
OG0008000	As007G156070	AT1G19870.1
OG0008001	As007G156150	AT1G19960.1
OG0008002	As007G156350	AT1G20180.1
OG0008003	As007G156480	AT1G20310.1
OG0008004	As007G156880	AT1G20840.1
OG0008005	As010G237040, As007G156900	AT1G76440.1
OG0008006	As007G157040	AT1G20990.1
OG0008007	As007G157260	AT1G21340.1
OG0008008	As010G236370, As007G157380	AT1G21450.1
OG0008009	As007G157410	AT1G21480.1
OG0008010	As007G157420, As010G236320	AT1G77120.1
OG0008011	As007G157440	AT1G21500.1
OG0008012	As007G157580	AT1G21590.1
OG0008013	As007G157670	AT1G21660.1
OG0008014	As007G158270	AT1G22250.1
OG0008015	As007G158330	AT1G22330.1
OG0008016	As007G158540	AT1G22500.1
OG0008017	As007G158630	AT1G22620.1
OG0008018	As007G159200	AT1G23040.1
OG0008019	As007G159590	AT1G23440.1
OG0008020	As010G233280, As007G159740	AT1G23790.1
OG0008021	As007G160100	AT1G27200.1
OG0008022	As007G161140	AT1G25988.1, AT1G25682.1
OG0008023	As007G161150	AT1G25580.1
OG0008024	As007G161220	AT1G25510.1
OG0008025	As007G161500	AT1G68160.1
OG0008026	As007G161840	AT1G24490.1
OG0008027	As007G162140	AT1G27300.1
OG0008028	As007G162150	AT1G27290.1
OG0008029	As007G162260	AT1G27435.1
OG0008030	As007G162670	AT4G24204.3
OG0008031	As007G162730	AT4G24250.1
OG0008032	As007G162780	AT4G24290.2
OG0008033	As007G162970	AT4G24490.1
OG0008034	As007G163040	AT4G24560.1
OG0008035	As007G164310	AT4G25050.2
OG0008036	As007G164390	AT4G25130.1
OG0008037	As007G164580	AT4G25250.1
OG0008038	As007G164690	AT4G25320.1
OG0008039	As007G164750	AT4G25340.1
OG0008040	As007G166640	AT4G27810.1
OG0008041	As007G166690	AT4G27940.1
OG0008042	As007G177540	AT2G24820.1
OG0008043	As007G177920	AT2G24610.2
OG0008044	As007G178190, As007G178250	AT2G24310.1
OG0008045	As007G179570	AT2G23360.1
OG0008046	As007G179800	AT1G74260.1
OG0008047	As007G179960	AT2G22770.1
OG0008048	As007G179970	AT2G22760.1
OG0008049	As007G179980	AT2G22720.2
OG0008050	As007G180130	AT2G22600.1
OG0008051	As007G180160	AT2G22540.1
OG0008052	As007G180580	AT2G22000.1
OG0008053	As007G180650	AT2G21870.1
OG0008055	As007G180960	AT2G21470.2
OG0008056	As007G181760	AT2G21300.1
OG0008057	As007G181800	AT2G21260.1, AT2G21250.1
OG0008058	As007G181910	AT2G21150.1
OG0008059	As008G182330	AT1G15110.2
OG0008060	As008G182400	AT1G15020.2
OG0008061	As008G182430	AT1G15000.1
OG0008062	As008G182500	AT1G14890.1
OG0008063	As008G182650	AT1G14780.1
OG0008064	As008G182810	AT1G14600.1
OG0008065	As008G182990	AT1G14430.1
OG0008066	As008G183360	AT1G14060.1
OG0008067	As008G183410	AT1G14000.1
OG0008068	As008G183650	AT1G13710.1
OG0008070	As008G184290	AT1G13050.1
OG0008071	As008G184300	AT1G13040.1
OG0008072	As008G184630	AT1G12630.1
OG0008073	As008G184730	AT1G12500.1
OG0008074	As008G184810	AT1G12420.1
OG0008075	As008G185300	AT1G12030.1
OG0008076	As008G185520	AT1G11860.3
OG0008077	As008G185570	AT1G11840.6
OG0008078	As008G185810	AT1G11600.1
OG0008080	As008G186010	AT1G11440.1
OG0008081	As008G186980	AT1G10610.1
OG0008082	As008G187220	AT1G10410.1
OG0008084	As008G187870	AT1G10130.1
OG0008085	As008G187970	AT1G09790.1
OG0008086	As008G188130	AT3G54470.1
OG0008087	As008G189490	AT1G08790.1
OG0008088	As008G189820	AT1G08540.1
OG0008089	As008G189840	AT1G08560.1
OG0008090	As008G192490	AT1G07540.1
OG0008091	As008G192990	AT1G07220.1
OG0008092	As008G193100	AT1G07050.2
OG0008094	As008G193340	AT1G06780.2
OG0008095	As008G193500	AT1G06660.1
OG0008096	As008G193550	AT1G06560.1
OG0008097	As008G193600	AT2G30942.1, AT1G06515.1
OG0008098	As008G193630	AT1G06490.1
OG0008099	As008G193780, As008G193800	AT1G06340.1
OG0008100	As008G194080	AT1G06110.1
OG0008101	As008G194340	AT1G05850.1
OG0008102	As008G194660	AT1G05620.1
OG0008103	As008G195440	AT1G05020.1
OG0008104	As008G195720	AT5G13730.1
OG0008105	As008G196020	AT1G04560.1
OG0008106	As008G196150	AT1G04450.1
OG0008107	As008G196170	AT1G04430.1
OG0008108	As008G196400	AT1G04210.1
OG0008109	As008G196790	AT1G03550.1
OG0008110	As008G196810	AT1G03590.1
OG0008111	As008G196820	AT1G03600.1
OG0008112	As008G196850	AT1G03630.1
OG0008113	As008G196990	AT1G03820.1
OG0008114	As008G197230	AT1G03270.1
OG0008115	As008G197320	AT1G03170.1
OG0008116	As008G197370	AT1G03110.1
OG0008117	As008G197640	AT1G02860.1
OG0008118	As008G197970	AT1G02400.1
OG0008119	As008G198000	AT1G02430.1, AT1G02440.1
OG0008120	As008G198010	AT1G02450.1
OG0008121	As008G198130	AT1G02340.1
OG0008122	As008G198470	AT1G01140.3
OG0008123	As008G199010	AT1G01650.1
OG0008125	As008G199620	AT1G02140.1
OG0008126	As009G199990	AT5G14440.1
OG0008127	As009G200160	AT5G14240.1
OG0008128	As009G200450	AT5G14710.1
OG0008129	As009G200460	AT5G14720.1
OG0008130	As009G200570	AT5G14790.1
OG0008131	As009G200930	AT5G15580.1
OG0008132	As009G201000	AT5G15540.1
OG0008133	As009G201010	AT5G15530.1
OG0008134	As009G202010	AT5G16120.4
OG0008135	As009G202410	AT5G16460.1
OG0008136	As009G202440	AT5G16490.1
OG0008137	As009G202490	AT5G16530.1
OG0008138	As009G202570	AT5G16620.1
OG0008139	As009G202880	AT5G16930.1
OG0008140	As009G203400	AT5G17450.1
OG0008141	As009G203680	AT5G17710.2
OG0008142	As009G203780	AT5G17850.1
OG0008143	As009G203790	AT5G17860.1
OG0008144	As009G203900	AT5G17910.1
OG0008145	As009G204120	AT5G18230.4
OG0008146	As009G204300	AT5G18440.1
OG0008147	As009G204320	AT5G18460.1
OG0008148	As009G204430	AT5G18550.1
OG0008149	As009G204580	AT5G18700.1, AT1G33940.1
OG0008150	As009G204650	AT5G18830.3
OG0008151	As009G204880	AT5G19040.1
OG0008152	As009G204890	AT5G19050.1
OG0008153	As009G204930	AT5G19090.1
OG0008154	As009G205020	AT5G19150.1
OG0008155	As009G205180	AT5G19340.1
OG0008156	As009G205200	AT5G26230.1
OG0008157	As009G205330	AT5G26330.1
OG0008158	As009G205340	AT5G26340.1
OG0008159	As009G205420	AT5G26740.1
OG0008160	As009G205700	AT5G26850.1
OG0008162	As009G206000	AT5G27740.1
OG0008163	As009G206180	AT5G27610.1
OG0008164	As009G206550	AT5G27380.1
OG0008165	As009G207280	AT5G30510.1
OG0008166	As009G207940	AT5G49120.1
OG0008167	As009G208010	AT5G49220.1
OG0008168	As009G208410	AT5G48830.2
OG0008169	As009G209500	AT5G48640.1
OG0008170	As009G209650	AT5G13760.1
OG0008171	As009G209880	AT5G48545.1
OG0008172	As009G210310	AT5G13650.2
OG0008173	As009G210480	AT5G13570.2
OG0008174	As009G210520	AT5G13510.1
OG0008175	As009G211270	AT5G07030.1
OG0008176	As009G211690	AT5G06740.2
OG0008177	As009G211950	AT5G06530.1
OG0008178	As009G211990	AT5G06470.1
OG0008179	As009G212370	AT5G06300.1
OG0008180	As009G213920	AT5G05180.1
OG0008181	As009G214510	AT5G04550.1
OG0008182	As009G214530	AT5G04530.1
OG0008183	As009G214780	AT5G19350.1
OG0008184	As009G215330	AT5G25370.1
OG0008185	As009G215580	AT5G25080.1
OG0008186	As009G215880	AT5G24690.1
OG0008187	As009G215920	AT5G24630.6
OG0008188	As009G215950	AT5G24600.1
OG0008189	As009G216110	AT5G24330.1
OG0008190	As009G216460	AT5G24165.1
OG0008191	As009G216820	AT5G23750.3
OG0008192	As009G216900	AT5G23710.1
OG0008193	As009G217090	AT5G23450.3
OG0008194	As009G217230	AT1G68010.2
OG0008195	As009G217320	AT5G23190.1
OG0008196	As009G217390	AT5G23100.1
OG0008197	As009G217410	AT5G23080.1
OG0008198	As009G217640	AT5G60950.1
OG0008199	As009G217980	AT5G61380.1
OG0008200	As009G218250	AT5G61660.1
OG0008201	As009G218410	AT5G61850.2
OG0008202	As009G218740	AT5G62270.2
OG0008203	As009G218760	AT5G62290.1
OG0008204	As009G218850	AT5G62390.1
OG0008205	As009G218980	AT5G62520.1
OG0008206	As009G219020	AT5G62560.1
OG0008207	As009G219160	AT5G62740.1
OG0008208	As009G219370	AT5G62940.1
OG0008210	As009G219860	AT5G58510.1
OG0008211	As009G219870	AT5G58500.1
OG0008212	As009G219920	AT5G37055.1
OG0008213	As010G220430	AT3G51150.2
OG0008214	As010G220450	AT3G51120.1
OG0008215	As010G220470	AT3G51090.1
OG0008216	As010G220700	AT3G50830.1
OG0008217	As010G220950	AT3G50560.1
OG0008218	As010G221330, As012G274920	AT3G50040.1
OG0008219	As010G221730	AT3G49540.1
OG0008220	As010G221740	AT3G49530.1
OG0008221	As010G222070	AT3G49240.1
OG0008222	As010G222760	AT3G48420.1
OG0008223	As010G224340	AT3G46750.1
OG0008224	As010G226050	AT3G44620.2
OG0008226	As010G227790	AT1G67730.1
OG0008227	As010G227920	AT1G67710.1
OG0008228	As010G227970	AT1G67690.1
OG0008229	As010G228060, As010G228070	AT1G67660.1
OG0008230	As010G228230	AT1G67590.1
OG0008231	As010G228240	AT1G67560.1
OG0008232	As010G228430	AT2G34860.1
OG0008233	As010G228830	AT1G67410.1
OG0008234	As010G229490	AT1G67850.1
OG0008235	As010G230510	AT1G67330.1
OG0008236	As010G238090, As010G231770	AT1G68910.1
OG0008237	As010G231800	AT1G68920.1
OG0008238	As010G231860	AT1G69010.1
OG0008239	As010G232870	AT1G69840.1
OG0008240	As010G232910	AT1G27090.1
OG0008241	As010G232950, As011G253840	AT3G21740.1
OG0008242	As010G233160	AT1G70160.1
OG0008243	As010G233180	AT1G70180.2
OG0008244	As010G233220	AT1G70230.1
OG0008245	As010G233290	AT1G70350.1
OG0008246	As010G233330	AT1G70430.3
OG0008247	As010G233940	AT1G71015.1
OG0008248	As010G234190	AT1G71270.1, AT1G71300.1
OG0008249	As010G234610	AT1G71820.2
OG0008250	As010G235070	AT1G72180.1
OG0008251	As010G235290	AT1G78140.1
OG0008252	As010G235310	AT1G78120.1
OG0008253	As010G235330	AT1G78100.1
OG0008254	As010G235590	AT1G77850.2
OG0008255	As010G235620	AT1G77800.3
OG0008256	As010G236010	AT1G77470.1
OG0008257	As010G236270	AT1G77200.1
OG0008258	As010G236340	AT1G77100.1
OG0008260	As010G236990	AT1G76490.1
OG0008261	As010G237460	AT1G76060.1
OG0008263	As010G237680	AT1G75810.1
OG0008264	As010G237690	AT1G75800.1
OG0008265	As010G237830	AT1G75680.1
OG0008266	As010G237900	AT1G75620.1
OG0008267	As012G277330, As010G238000	AT1G75510.1
OG0008268	As010G238370	AT1G75200.1
OG0008269	As010G238620	AT1G74940.1
OG0008270	As010G238800	AT1G74730.1
OG0008271	As010G239160	AT1G74370.1
OG0008272	As010G239390	AT1G74100.1
OG0008273	As010G239580	AT1G73940.1
OG0008274	As010G239690	AT1G73840.1
OG0008275	As010G239760	AT1G73805.1
OG0008276	As010G239920	AT1G73680.2
OG0008277	As010G240190	AT1G73430.1
OG0008278	As010G240250	AT1G73360.1
OG0008279	As010G240590	AT1G73120.1
OG0008281	As010G241250	AT2G09970.1, AT1G72510.1
OG0008282	As010G241550	AT1G72250.3
OG0008283	As010G242430	AT1G79050.1
OG0008284	As010G242880	AT1G79480.1
OG0008285	As010G243070	AT1G79640.1
OG0008286	As010G243170	AT1G80950.1
OG0008287	As010G243420	AT1G80750.1
OG0008288	As010G243510	AT1G80640.1
OG0008289	As010G243660	AT1G80530.1
OG0008290	As010G243860	AT1G80350.1
OG0008291	As010G243910	AT1G80310.1
OG0008292	As010G244130	AT1G80130.1
OG0008293	As010G244430	AT1G79870.1
OG0008294	As011G244630	AT3G12690.1
OG0008295	As011G244880	AT3G13050.1
OG0008296	As011G244910	AT3G13070.1
OG0008297	As011G245150	AT3G13235.1
OG0008298	As011G245370	AT3G13440.1
OG0008299	As011G245870	AT3G13890.1
OG0008300	As011G245890	AT5G25760.1
OG0008301	As011G245900	AT3G13910.2
OG0008302	As011G245940	AT3G13940.1
OG0008304	As011G246170	AT3G14110.3
OG0008305	As011G246220	AT3G14140.1
OG0008306	As011G246270	AT3G14190.1
OG0008307	As011G246340	AT3G14230.1
OG0008309	As011G247200	AT3G15090.1
OG0008310	As011G247370	AT3G15270.1
OG0008311	As011G247400	AT3G15300.1
OG0008312	As012G270440, As011G247770	AT1G52760.1
OG0008313	As011G248080	AT3G15880.2
OG0008314	As011G248420	AT3G16250.1
OG0008315	As011G248470	AT3G16300.1
OG0008316	As011G248950	AT3G16730.1
OG0008317	As011G249360	AT3G17220.1
OG0008318	As011G249470	AT3G17365.2
OG0008319	As011G249860	AT3G17800.2
OG0008320	As011G250010	AT3G17950.1
OG0008321	As011G250380	AT3G18290.1
OG0008323	As011G250760	AT3G18680.2
OG0008324	As011G250830	AT3G18760.1
OG0008325	As011G251190	AT3G19090.2
OG0008326	As011G251550	AT3G19460.3
OG0008327	As011G251580	AT3G19500.1
OG0008328	As011G252360	AT3G20155.1
OG0008329	As011G252590	AT3G54630.1
OG0008330	As011G252880	AT3G20580.1
OG0008331	As011G254090	AT4G15180.1
OG0008332	As011G254410	AT3G22420.3
OG0008333	As011G255020	AT3G23090.3
OG0008334	As011G255300	AT3G23290.2
OG0008335	As011G256150	AT3G24110.1
OG0008336	As011G256280	AT3G23940.1
OG0008338	As011G260660	AT5G52600.1
OG0008339	As011G260780	AT2G18230.1
OG0008340	As011G262670	AT2G15290.1
OG0008341	As011G262830	AT2G15620.1
OG0008342	As011G262970	AT2G15860.2
OG0008343	As011G263330	AT2G16365.1
OG0008344	As011G263510	AT2G16630.1
OG0008345	As011G263740	AT2G16910.1
OG0008346	As011G263870	AT2G17030.1
OG0008347	As011G264400	AT2G17410.1
OG0008348	As011G264440	AT2G17450.1
OG0008349	As011G264450	AT2G17480.1
OG0008350	As011G264740	AT2G17760.1
OG0008351	As011G265130	AT2G18630.1
OG0008352	As011G265150	AT2G18550.1
OG0008353	As011G265580	AT2G18750.1
OG0008354	As011G266000	AT3G28430.1
OG0008355	As011G266310	AT2G19600.1
OG0008356	As011G267090	AT2G20400.2
OG0008357	As012G267930	AT1G55915.2
OG0008358	As012G268030	AT1G55840.1
OG0008359	As012G268660	AT1G55325.2
OG0008360	As012G268680	AT5G47710.1
OG0008361	As012G268770	AT1G55260.1
OG0008362	As012G269360	AT1G53885.1, AT1G53903.1
OG0008363	As012G269380	AT1G53860.1
OG0008364	As012G269650	AT1G53580.1
OG0008365	As012G269720	AT1G53490.1
OG0008366	As012G269790	AT1G53345.1
OG0008367	As012G269910	AT1G53190.1
OG0008369	As012G269970	AT1G53140.1
OG0008370	As012G270070	AT1G53040.1
OG0008371	As012G270970	AT1G52080.1
OG0008372	As012G271060	AT1G51940.1
OG0008373	As012G271360	AT1G51700.1
OG0008374	As012G271880	AT1G51405.1
OG0008375	As012G272050	AT1G50610.1
OG0008376	As012G272290	AT1G50300.1
OG0008377	As012G272340	AT1G50200.2
OG0008378	As012G273050	AT1G49230.1
OG0008379	As012G273310	AT1G49000.1
OG0008380	As012G274290	AT4G16180.2
OG0008381	As012G274450	AT4G16110.1
OG0008382	As012G274860	AT2G34910.1
OG0008383	As012G274900	AT2G34830.2
OG0008384	As012G274950	AT2G34790.1
OG0008385	As012G275480	AT3G51930.1
OG0008387	As012G275840	AT3G52270.1
OG0008388	As012G275920	AT3G52380.1
OG0008389	As012G276240	AT3G52740.1
OG0008390	As012G276440	AT3G52890.1
OG0008391	As012G277260	AT3G53530.2
OG0008392	As012G277360	AT3G53620.1
OG0008393	As012G277610	AT3G53780.2
OG0008394	As012G277760	AT3G53900.2
OG0008395	As012G278280	AT3G54120.1
OG0008396	As012G278960	AT3G51750.1
OG0008397	As012G279870	AT3G54320.1
OG0008398	As012G279900	AT3G54340.1
OG0008399	As012G279910	AT3G54720.1
OG0008400	As012G279990	AT3G54290.1
OG0008401	As012G280030	AT3G54690.1
OG0008402	As012G281030	AT3G54950.1
OG0008403	As012G281830	AT3G55420.1
OG0008404	As012G281960, As012G281970, As012G281980	AT3G55510.1
OG0008405	As012G282560	AT3G56050.1
OG0008406	As012G282950	AT3G56480.1
OG0008407	As012G283490	AT3G56990.1
OG0008408	As012G284090	AT3G57600.1
OG0008409	As012G284580	AT3G58160.1
OG0008410	As012G284720	AT3G58450.1
OG0008411	As012G284910	AT3G58630.1
OG0008412	As012G284920	AT3G58640.1
OG0008413	As012G285000	AT3G58710.1
OG0008414	As012G285030	AT3G58760.3
OG0008415	As012G285080	AT3G58840.1
OG0008416	As012G285090	AT3G58850.1
OG0008417	As012G285100	AT2G42880.1
OG0008418	As012G285410	AT2G04660.1
OG0008419	As012G285440	AT3G59400.1
OG0008420	As012G285540	AT3G59510.1
OG0008421	As012G285580	AT3G59530.1
OG0008422	As012G285690	AT3G59670.1
OG0008423	As012G285730	AT3G59710.2
OG0008424	As012G285810	AT3G59820.2
OG0008425	As012G286040	AT3G60110.1
OG0008426	As012G286130	AT3G60200.1
OG0008427	As012G286290	AT3G60380.1
OG0008428	As012G286690	AT3G60570.1
OG0008429	As012G286770	AT3G60650.1
OG0008430	As012G287780	AT3G61770.1
OG0008431	As012G287930	AT3G61930.1
OG0008432	As012G287950	AT3G61960.1
OG0008433	As012G288040	AT3G62080.2
OG0008434	As012G288130	AT3G62180.2
OG0008437	As012G288760	AT3G62910.1
OG0008438	As012G288790	AT3G62940.2
OG0008439	As012G288970	AT3G63095.1
OG0008440	As012G289160	AT3G63250.1
OG0008504	As001G000180	AT4G28260.1
OG0008505	As001G000550	AT4G28640.2
OG0008506	As001G000740	AT4G28830.1
OG0008507	As001G000850	AT4G29000.1
OG0008508	As001G000890	AT4G29070.1
OG0008509	As001G001780	AT4G29900.1
OG0008510	As001G001810	AT4G29910.2
OG0008511	As001G001820	AT4G29920.2
OG0008512	As001G001840	AT4G29940.1
OG0008513	As001G001920	AT4G30060.1
OG0008514	As001G002240	AT4G30230.1
OG0008515	As001G002330	AT4G30320.1
OG0008516	As001G002420, As001G002430	AT4G30410.1
OG0008518	As001G002850	AT5G19860.1
OG0008519	As001G002970	AT4G30830.1
OG0008520	As001G003000	AT4G30850.1
OG0008521	As001G003680	AT4G31400.1
OG0008522	As001G003840	AT4G31560.1
OG0008523	As001G004010	AT4G31750.1
OG0008524	As001G004140	AT4G31830.1
OG0008525	As001G004220	AT4G31880.1
OG0008526	As001G004640	AT4G32160.1
OG0008527	As001G004710	AT4G32272.2
OG0008528	As001G004780	AT4G32290.1
OG0008529	As001G005390	AT4G32650.1
OG0008530	As001G005630	AT4G32950.1
OG0008531	As001G005730	AT4G32920.1
OG0008532	As001G005760	AT4G32930.2
OG0008533	As001G006030	AT4G33180.1
OG0008534	As001G006490	AT4G32700.2
OG0008535	As001G006610	AT4G33330.2
OG0008536	As001G006640	AT4G33350.1
OG0008537	As001G007120	AT4G33355.1
OG0008538	As001G009960	AT4G33420.2
OG0008540	As001G012830, As011G262590	AT4G34250.1
OG0008541	As001G013640	AT4G34100.1
OG0008542	As001G013790	AT4G33950.1
OG0008543	As001G013820	AT4G34419.1
OG0008544	As001G014120	AT4G34430.4
OG0008545	As001G014230	AT4G34530.1
OG0008546	As001G014430	AT4G34730.1
OG0008547	As001G014730	AT4G34940.1
OG0008548	As004G078980, As001G015890	AT1G31300.1
OG0008549	As004G079200, As001G016210	AT1G31770.1
OG0008550	As001G016330	AT1G31817.1
OG0008551	As001G016460	AT1G31970.1
OG0008552	As001G016700	AT1G32190.1
OG0008553	As001G016930	AT1G32400.1
OG0008554	As001G017310	AT4G17070.1
OG0008555	As001G017370	AT4G17040.1
OG0008556	As001G017690	AT4G16660.2
OG0008557	As001G018270	AT1G12150.1
OG0008558	As001G018540	AT2G32910.1
OG0008559	As001G018570	AT1G54680.4
OG0008560	As001G019050	AT1G56440.1
OG0008561	As001G019300, As010G232740	AT4G33030.1
OG0008562	As001G019640	AT1G58215.1
OG0008563	As008G187600	AT1G09880.3
OG0008564	As001G020010	AT1G58420.1
OG0008565	As001G020510	AT1G60010.1
OG0008566	As001G020550	AT1G60060.1
OG0008567	As001G021060	AT1G60770.1
OG0008568	As001G021110	AT1G60670.2
OG0008569	As001G021120, As011G256100	AT3G24150.1
OG0008570	As001G021510	AT1G61150.1
OG0008571	As001G021610	AT1G61260.1
OG0008572	As001G021630	AT1G61340.1
OG0008573	As001G021750	AT1G61620.1
OG0008574	As001G021760	AT1G61630.1
OG0008575	As001G021800	AT1G61660.1
OG0008576	As008G185790, As001G021980	AT1G61850.2
OG0008577	As008G185580	AT1G11820.2
OG0008578	As001G022230	AT1G15190.1
OG0008579	As001G022750	AT2G01610.1
OG0008580	As001G022920	AT2G01810.1
OG0008581	As001G023070	AT2G01913.1
OG0008582	As001G023440	AT2G02370.1
OG0008583	As001G023730	AT2G02850.1
OG0008584	As001G024130	AT2G03500.1
OG0008585	As001G024350	AT2G03730.1
OG0008586	As001G024620	AT3G25600.1
OG0008587	As001G024880	AT3G25870.1
OG0008588	As001G024960	AT3G25920.1
OG0008589	As001G025100	AT3G26090.1
OG0008590	As001G025420	AT3G26510.7
OG0008591	As001G025540	AT3G26670.1
OG0008592	As001G025780	AT3G26890.1
OG0008593	As001G025800	AT3G26910.3
OG0008594	As001G026030	AT3G27160.2
OG0008595	As001G026150	AT3G27260.3
OG0008596	As001G026230	AT3G27325.2
OG0008597	As001G026720	AT3G27810.1
OG0008598	As001G026730	AT3G27820.1
OG0008599	As001G027020	AT3G28420.1
OG0008600	As001G027040	AT3G28450.1
OG0008601	As001G027250	AT3G28750.1
OG0008602	As001G027370	AT3G28850.1
OG0008603	As001G027390	AT3G28860.1
OG0008604	As001G027840	AT4G04404.1, AT3G29340.1
OG0008606	As001G028920	AT1G66330.1
OG0008607	As001G029150	AT2G03820.1
OG0008608	As001G029290	AT1G65700.3
OG0008609	As001G029480	AT1G65410.1
OG0008610	As001G030220	AT1G64680.1
OG0008611	As001G030290	AT1G64640.1
OG0008612	As001G030570	AT1G64390.1
OG0008613	As001G030600	AT1G64370.1
OG0008614	As001G030840	AT1G64090.2
OG0008615	As001G030950	AT1G64000.1
OG0008616	As001G031050	AT1G63855.4
OG0008617	As001G031420, As001G031440	AT1G63260.1
OG0008618	As001G031430	AT1G63270.1
OG0008619	As001G031660	AT1G63020.1
OG0008620	As001G031990	AT1G62640.1
OG0008621	As002G032320	AT3G12650.1
OG0008622	As002G049150, As002G032530	AT5G57460.1
OG0008623	As002G033140, As002G032960	AT2G41230.1
OG0008624	As002G033460	AT2G40990.1
OG0008625	As002G033520	AT2G41070.4
OG0008626	As002G034200	AT3G09320.1
OG0008627	As005G108520	AT5G03630.1
OG0008628	As002G035500	AT3G10260.3
OG0008629	As002G036150	AT3G10680.1
OG0008630	As002G036470	AT3G10870.1
OG0008631	As002G036760	AT3G10960.1
OG0008632	As002G037280	AT3G11490.1
OG0008633	As002G037390	AT3G11540.1
OG0008634	As002G037840	AT3G11890.2, AT3G11860.1
OG0008635	As002G038010	AT3G11960.1
OG0008636	As002G038040	AT3G11964.2
OG0008637	As002G038620	AT3G12150.1
OG0008638	As002G038930	AT3G12360.1
OG0008639	As002G040600	AT5G49920.1
OG0008640	As002G042000	AT5G50330.1
OG0008641	As002G042240	AT5G50380.1
OG0008642	As002G042340	AT5G50670.1, AT5G50570.1
OG0008643	As002G042670	AT5G50860.1
OG0008644	As002G042720	AT5G50900.1
OG0008645	As002G042820	AT5G51040.3
OG0008646	As002G043610	AT5G51700.1
OG0008647	As002G043710, As002G043700	AT5G51800.1
OG0008648	As002G044420	AT5G52660.2
OG0008649	As002G044670	AT5G52920.1
OG0008650	As002G044820	AT5G53170.1
OG0008651	As002G044940	AT5G53070.1
OG0008652	As002G045000	AT5G53030.1
OG0008653	As002G045240	AT5G53486.4
OG0008654	As002G045260	AT5G53500.1
OG0008655	As002G045340	AT5G53570.2
OG0008656	As002G045360	AT5G53590.1
OG0008657	As002G045520	AT5G54110.1
OG0008658	As002G045820	AT5G53770.1
OG0008659	As002G045910	AT5G54200.1
OG0008660	As002G046070	AT5G54280.2
OG0008661	As002G046130	AT5G54380.1
OG0008662	As002G046740	AT5G54980.1
OG0008663	As002G046970	AT5G55130.1
OG0008664	As002G047040	AT5G55210.1
OG0008665	As002G047300	AT5G55530.1
OG0008666	As002G047390	AT5G55610.1
OG0008667	As002G047400	AT5G55620.1
OG0008668	As002G047860	AT5G56110.1
OG0008669	As002G048090	AT5G56340.1
OG0008670	As002G048110	AT5G56360.1
OG0008671	As002G048250	AT5G56550.1
OG0008672	As002G048450	AT5G56740.1
OG0008673	As002G048470	AT5G56760.1
OG0008674	As002G048630	AT5G56970.1
OG0008675	As002G048800	AT5G57110.1
OG0008676	As002G048890	AT5G57180.2
OG0008677	As002G049000	AT5G57300.1
OG0008678	As002G049290	AT5G57625.1
OG0008679	As002G049560	AT5G57880.1
OG0008680	As002G049830	AT5G58030.1
OG0008681	As002G049840	AT5G58040.1
OG0008682	As002G049990	AT5G47830.1
OG0008683	As002G050190	AT5G47910.1
OG0008684	As002G050210	AT5G47920.1
OG0008685	As002G050350	AT5G13300.1
OG0008686	As002G050370	AT5G13280.1
OG0008687	As002G050560	AT5G13100.1
OG0008688	As002G050590	AT5G13070.1
OG0008689	As002G050610	AT5G13060.1
OG0008690	As002G050650	AT5G13000.1
OG0008691	As002G050920	AT5G12340.2
OG0008692	As002G050930	AT5G12330.4
OG0008693	As002G051080	AT5G12190.1
OG0008694	As002G051290	AT5G11960.1
OG0008695	As002G051380	AT5G11850.1
OG0008696	As002G051430	AT5G11820.1
OG0008698	As002G051930	AT5G11320.1
OG0008699	As002G052500	AT5G10730.1
OG0008700	As012G274060, As002G052790	AT5G10480.3
OG0008701	As002G052930	AT4G01020.1, AT5G10370.1
OG0008702	As002G053160	AT5G10150.1
OG0008703	As002G053450	AT5G09880.1
OG0008704	As002G053590	AT5G09680.3
OG0008705	As002G053670	AT4G32210.1, AT5G09600.1
OG0008706	As002G053930	AT5G09330.1
OG0008707	As002G054190	AT5G08620.1
OG0008708	As002G054210	AT5G08580.1
OG0008709	As002G054460	AT5G08415.1
OG0008710	As002G054660	AT5G08240.1
OG0008711	As002G054890	AT5G07950.1
OG0008712	As002G054920	AT5G07920.1
OG0008713	As002G055000	AT5G07820.1
OG0008714	As002G055200	AT5G07580.1
OG0008715	As003G055620	AT4G17220.1
OG0008716	As004G089690, As003G056010	AT4G17650.1
OG0008718	As003G056140	AT4G17785.1
OG0008719	As003G056170	AT4G17800.1
OG0008720	As003G056180	AT4G17810.1
OG0008721	As003G056340	AT4G17940.1
OG0008722	As003G056510	AT4G18150.1
OG0008723	As003G057220	AT4G18760.1
OG0008724	As004G087920	AT5G45410.1
OG0008725	As003G057580	AT4G19140.1
OG0008726	As003G057610	AT4G19170.1
OG0008727	As003G057770	AT4G19420.4
OG0008728	As003G057840	AT4G19490.1
OG0008729	As003G057860	AT4G19550.2
OG0008730	As003G058190	AT4G20000.1
OG0008731	As003G058220	AT4G20030.1
OG0008732	As003G058400	AT4G20190.1
OG0008733	As004G086690, As003G058690, As003G058650	AT4G20740.1
OG0008734	As003G058950	AT4G21020.1
OG0008735	As003G059090	AT4G21192.1
OG0008736	As003G059480	AT4G21450.3
OG0008737	As003G059850	AT4G21800.1
OG0008738	As003G060570	AT4G22600.1
OG0008739	As004G085080, As003G060630	AT4G12250.1
OG0008740	As003G060690	AT4G22750.1
OG0008741	As003G060880	AT4G22860.1
OG0008742	As003G060970	AT4G22980.1
OG0008743	As003G060990	AT4G23010.3
OG0008744	As003G061130	AT4G23100.1
OG0008745	As003G061490	AT4G23490.1
OG0008746	As003G061620	AT1G70505.1
OG0008747	As003G061970	AT4G23885.1
OG0008748	As004G083660, As003G062650	AT4G10360.1
OG0008749	As003G062840, As012G271210	AT1G33520.1
OG0008750	As003G063220	AT1G34110.1
OG0008751	As003G063300	AT1G34220.1
OG0008752	As003G063360	AT1G34340.1
OG0008753	As003G063500	AT1G34750.1
OG0008754	As003G063830	AT1G35470.2
OG0008755	As003G064530	AT1G44760.2
OG0008756	As003G064550	AT1G44575.1
OG0008757	As003G065960, As003G065970	AT1G27630.1
OG0008758	As003G066170	AT1G45180.1
OG0008759	As003G067890	AT1G27930.1
OG0008760	As003G068780	AT1G28280.1
OG0008761	As003G069490, As010G240240	AT1G73370.1
OG0008763	As003G069900	AT1G29280.1
OG0008764	As003G070230	AT1G29750.2
OG0008765	As003G071240	AT1G30650.1
OG0008766	As003G071410	AT1G30820.1
OG0008767	As003G071550	AT1G30860.1
OG0008768	As003G071640	AT1G30970.3
OG0008769	As003G072030	AT4G35730.1
OG0008770	As003G072060	AT4G35760.2
OG0008771	As003G072300	AT4G35987.1
OG0008772	As003G072670	AT4G36520.1
OG0008773	As003G072950	AT4G36750.1
OG0008774	As003G073260	AT4G37080.2
OG0008775	As003G073360	AT4G36970.1
OG0008776	As003G073420	AT4G36920.1
OG0008777	As003G073460	AT4G36880.1
OG0008778	As003G074110	AT4G37810.1
OG0008779	As003G074130	AT4G37830.3
OG0008780	As003G074410	AT4G38040.1
OG0008781	As003G074570	AT4G40090.1
OG0008782	As003G074590	AT4G40070.1
OG0008783	As003G074860	AT4G39840.1
OG0008784	As003G075590	AT4G39260.1
OG0008785	As004G076900	AT4G27640.1
OG0008786	As004G076920	AT5G36250.2
OG0008787	As004G077020	AT5G36890.1
OG0008788	As004G077640	AT5G38200.1
OG0008789	As004G077680	AT1G70250.1
OG0008790	As004G078190	AT5G39220.1
OG0008791	As004G078710	AT1G30960.1
OG0008792	As004G079270	AT5G05630.1
OG0008793	As004G079420	AT1G32130.1
OG0008794	As004G079970	AT2G35660.1, AT2G29720.1
OG0008795	As004G080160	AT4G09610.1, AT4G09600.1
OG0008796	As004G081320	AT2G33880.2
OG0008797	As004G081830	AT5G43290.1
OG0008798	As004G082140	AT5G42970.1
OG0008799	As004G082210	AT5G42900.1
OG0008800	As004G082550	AT2G45730.1
OG0008801	As004G082920	AT5G42180.1
OG0008802	As004G083670	AT4G10380.1
OG0008803	As004G084330	AT4G11160.2
OG0008804	As004G084900	AT4G12010.1
OG0008805	As004G085040	AT4G12130.1
OG0008806	As004G085140	AT4G12390.1
OG0008807	As004G085170	AT4G12420.1
OG0008808	As004G085340	AT4G12580.1
OG0008809	As004G085880	AT4G04850.2
OG0008810	As004G086170	AT4G05150.1
OG0008811	As004G086240	AT4G05210.1, AT4G21220.1
OG0008812	As004G086700	AT5G44480.1
OG0008813	As004G086750	AT5G44550.1
OG0008814	As004G087130	AT5G44730.1
OG0008815	As004G087430	AT5G45040.1
OG0008816	As004G087830	AT5G45330.1
OG0008817	As004G088310	AT5G45840.1
OG0008818	As004G088380	AT5G45900.1
OG0008819	As004G089190	AT5G46730.1
OG0008820	As004G089240	AT5G46780.1
OG0008821	As004G089610	AT5G47020.1
OG0008822	As004G090130	AT5G47680.1
OG0008823	As004G090140	AT5G47690.3
OG0008824	As004G092100	AT5G35630.1
OG0008825	As004G092980	AT4G12800.2
OG0008826	As004G093630	AT4G13160.1
OG0008827	As004G093740	AT4G13220.1
OG0008828	As004G094340	AT4G13460.1
OG0008829	As004G094420	AT3G23920.1
OG0008830	As004G095210	AT4G14200.1
OG0008831	As004G095280	AT4G14290.1
OG0008832	As004G095380	AT4G14340.1
OG0008833	As004G095860	AT4G14750.3
OG0008834	As004G096200	AT4G15140.1
OG0008835	As004G096230	AT4G15200.1
OG0008836	As004G096560	AT4G15475.1
OG0008837	As004G096600	AT4G15530.5
OG0008839	As004G097450, As004G097780	AT5G41020.1
OG0008840	As004G097470, As008G190170	AT5G40610.1
OG0008841	As004G097710	AT5G41100.1
OG0008842	As004G097730	AT5G41080.1
OG0008843	As004G098060	AT5G41580.1
OG0008844	As004G098280	AT5G41880.1
OG0008845	As004G098350	AT5G41970.1
OG0008846	As005G098680	AT2G48020.1
OG0008847	As005G098760	AT2G47940.1
OG0008848	As005G098810	AT2G47900.3
OG0008849	As005G100300	AT2G46710.1
OG0008850	As005G100380	AT2G46630.1
OG0008851	As005G100510	AT2G46510.1
OG0008852	As005G100930	AT2G46160.1
OG0008853	As005G101000	AT2G46080.1
OG0008854	As005G101330	AT2G45750.1
OG0008855	As005G101710	AT2G45420.1
OG0008856	As005G101930	AT2G45200.2
OG0008857	As005G102000	AT2G45130.1
OG0008858	As005G102080	AT2G45050.1
OG0008859	As012G286140, As005G102540	AT3G60220.1
OG0008860	As005G103010	AT2G44190.1
OG0008861	As005G103150	AT2G44060.1
OG0008862	As005G103190	AT2G44010.1
OG0008863	As005G103200	AT2G44000.1
OG0008864	As005G103400	AT2G43800.1
OG0008865	As005G104000	AT2G43320.1
OG0008866	As005G104260	AT2G43050.1
OG0008867	As005G104370	AT3G59090.2
OG0008869	As005G104890	AT2G42410.3
OG0008870	As005G104920	AT2G42390.1
OG0008871	As005G104960	AT2G42360.1
OG0008872	As005G105000	AT5G11720.1
OG0008873	As005G105460	AT2G41850.1
OG0008874	As005G105770	AT2G41710.4
OG0008875	As005G106130	AT2G41475.1
OG0008876	As005G106140	AT2G41460.1
OG0008877	As005G106690	AT5G01340.1
OG0008878	As005G106830	AT5G01260.2
OG0008879	As005G106880	AT5G01220.1
OG0008880	As005G106970, As005G106960	AT5G01100.1
OG0008881	As005G107490	AT5G02430.1
OG0008882	As005G107760	AT5G02750.1
OG0008883	As005G108060	AT5G03170.1
OG0008884	As005G108590	AT5G03670.1
OG0008885	As005G108710	AT5G03760.1
OG0008886	As005G108880	AT5G03900.2
OG0008887	As005G109250	AT5G04200.1
OG0008888	As005G109920	AT5G19390.1
OG0008889	As005G110230	AT5G19600.1
OG0008890	As005G110460	AT5G19650.1
OG0008891	As005G110610	AT5G19730.1
OG0008892	As005G111310	AT5G20130.2
OG0008893	As005G111360	AT5G20150.1
OG0008894	As005G111650	AT5G19750.1
OG0008895	As005G111820	AT5G20520.1
OG0008896	As008G192090	AT5G60870.2
OG0008897	As005G112420	AT5G20935.1
OG0008898	As005G112450	AT5G20950.3
OG0008899	As005G112710	AT5G21160.3
OG0008900	As005G112920	AT5G21482.1
OG0008901	As005G112950	AT5G21920.1
OG0008902	As005G113110	AT5G22030.2
OG0008903	As005G113320	AT5G22350.1
OG0008904	As005G113360	AT5G22390.1
OG0008905	As005G113710	AT5G22850.1
OG0008906	As005G113870	AT5G23000.1
OG0008907	As005G114030	AT5G60700.2
OG0008908	As005G114450	AT5G60210.3
OG0008909	As005G114520	AT5G63890.2
OG0008910	As005G114660	AT5G59960.1
OG0008911	As005G114670	AT5G59950.5
OG0008912	As005G114750	AT5G59865.1
OG0008913	As005G114820	AT5G59790.1
OG0008914	As005G114900	AT5G59760.1
OG0008915	As005G115290	AT5G59140.1
OG0008916	As010G224270, As005G115400	AT5G59220.1
OG0008917	As005G115610	AT5G59560.1
OG0008918	As005G115750	AT5G59040.1
OG0008919	As005G115810	AT5G59010.1
OG0008920	As005G115850	AT5G58970.1
OG0008921	As005G115890	AT5G58930.1
OG0008922	As005G116720	AT5G63780.1
OG0008923	As005G116780	AT5G63840.2
OG0008924	As005G116820	AT1G08220.1
OG0008925	As005G116880	AT5G63940.1
OG0008926	As005G117200	AT5G64210.1
OG0008927	As005G117330	AT5G64330.1
OG0008928	As005G117630	AT5G64640.1
OG0008929	As005G117790	AT5G64770.1
OG0008930	As005G118120	AT5G65020.1
OG0008931	As005G118210	AT5G65120.1
OG0008932	As005G118230	AT5G65140.1
OG0008933	As005G118980	AT5G65925.1
OG0008934	As005G119070	AT5G67550.1
OG0008935	As005G119240	AT5G67385.1
OG0008936	As005G119360	AT5G67270.1
OG0008937	As005G119710	AT5G66930.3
OG0008938	As005G119860	AT5G66800.1
OG0008939	As005G119870	AT5G66780.1
OG0008940	As005G120000	AT5G66680.1
OG0008941	As005G120250	AT5G66540.1
OG0008942	As005G120320	AT5G66460.1
OG0008943	As005G120350	AT5G66440.1
OG0008944	As005G120520	AT5G66310.1
OG0008945	As005G120660	AT5G66170.2
OG0008946	As005G120880	AT5G65980.1
OG0008947	As006G121320	AT4G00660.1
OG0008948	As006G121330	AT1G01780.1
OG0008949	As006G121570	AT4G00370.1
OG0008950	As006G121650	AT4G00305.1
OG0008951	As006G121670	AT4G00295.1
OG0008952	As006G121800	AT4G01310.1
OG0008953	As006G122120	AT4G00980.1
OG0008954	As006G122350	AT4G01410.1
OG0008955	As006G122870	AT4G02060.1
OG0008956	As006G122950	AT2G25920.1
OG0008957	As006G123090	AT4G02270.1
OG0008958	As006G123550	AT4G02725.1
OG0008959	As006G123680	AT4G02780.1
OG0008960	As006G123860	AT4G03090.1
OG0008961	As006G123880	AT4G03110.1
OG0008962	As006G124700, As006G125370	AT2G33350.5
OG0008963	As006G124740	AT5G43870.1
OG0008964	As006G124760	AT5G43850.1
OG0008965	As006G124970	AT5G43600.1
OG0008966	As006G125010	AT5G43540.1
OG0008967	As006G125410	AT2G33310.2
OG0008968	As006G125490	AT2G33180.1
OG0008969	As006G125560	AT2G33255.1
OG0008970	As006G125940	AT2G32850.2
OG0008971	As006G126000	AT2G32900.1
OG0008972	As006G126210	AT2G32600.1
OG0008973	As006G126240	AT2G32550.2
OG0008974	As006G126270	AT2G32510.1
OG0008975	As006G126750, As007G153780	AT5G48930.1
OG0008976	As006G126800	AT2G31957.1, AT2G31953.1
OG0008977	As006G127280	AT2G31410.1
OG0008978	As006G127390	AT2G31280.3
OG0008979	As006G127540	AT2G31110.2
OG0008980	As006G127750	AT2G30920.1
OG0008981	As006G127910	AT2G30690.1
OG0008982	As006G128240	AT2G30280.1
OG0008983	As006G128280	AT2G30240.1
OG0008984	As006G128900	AT2G29400.1
OG0008985	As006G129120	AT2G29060.1
OG0008986	As006G129140	AT2G29040.1
OG0008987	As006G129300	AT2G28910.1
OG0008988	As006G129340	AT2G28880.1
OG0008989	As006G129590	AT2G28630.1
OG0008990	As006G129630	AT2G28610.1
OG0008991	As006G129880	AT2G28380.1
OG0008992	As006G129950	AT2G28305.1
OG0008993	As006G130070	AT2G28120.1
OG0008994	As006G130350	AT2G27740.1
OG0008995	As006G130360	AT2G27730.1
OG0008996	As006G130760	AT2G27230.1
OG0008997	As006G130820	AT2G27300.1
OG0008998	As006G130860	AT2G27370.1
OG0008999	As006G130940	AT2G27500.1
OG0009000	As006G131400	AT2G27190.1
OG0009001	As006G131550	AT2G26490.1
OG0009002	As006G132080	AT2G25740.1
OG0009003	As006G132180	AT2G25737.1
OG0009004	As006G132280	AT4G27480.1
OG0009005	As006G132310	AT4G27450.1
OG0009006	As006G132590	AT4G27080.2
OG0009007	As006G132800	AT3G01440.1
OG0009008	As006G132820	AT3G01460.1
OG0009009	As006G132830	AT3G01470.1
OG0009010	As006G132920, As008G184190	AT3G01680.1
OG0009011	As006G132930	AT3G01670.2
OG0009012	As006G133240	AT3G01790.1
OG0009013	As006G134080	AT4G26370.1
OG0009014	As006G134370	AT4G26965.1
OG0009015	As006G134500	AT4G26810.1
OG0009016	As006G134920	AT3G01120.1
OG0009017	As006G135170	AT3G02170.1
OG0009018	As006G135550	AT3G02550.1
OG0009019	As006G135610	AT3G02600.1
OG0009020	As006G135840	AT3G02840.1
OG0009021	As006G135930	AT3G02910.1
OG0009022	As006G136080	AT3G03070.1
OG0009023	As006G136150	AT3G03140.1
OG0009024	As006G136160	AT3G03150.1
OG0009025	As006G136460	AT3G03420.1
OG0009026	As006G136720	AT3G03650.1
OG0009027	As006G137270	AT3G03990.1
OG0009028	As006G137330	AT3G04060.1
OG0009029	As006G137340	AT3G04070.1
OG0009030	As006G137480	AT3G04290.1
OG0009031	As006G137660	AT3G04480.1
OG0009032	As006G137830	AT3G04630.3
OG0009033	As009G207100, As006G137860	AT3G04670.1
OG0009034	As006G137910	AT3G04710.3
OG0009035	As006G138100	AT3G04890.4
OG0009036	As006G138400	AT3G05140.2
OG0009037	As006G138450	AT3G05180.1
OG0009038	As006G139040	AT3G05670.1
OG0009039	As006G139060	AT3G05680.1
OG0009040	As006G139590	AT3G06080.2
OG0009041	As006G139860	AT3G06290.1
OG0009042	As006G140160	AT3G06510.2
OG0009043	As006G140280	AT3G66654.1
OG0009044	As006G140540	AT3G06890.1
OG0009045	As006G140780, As009G208470	AT3G07090.1
OG0009046	As009G208490, As006G140790	AT5G48820.2
OG0009047	As006G141030	AT3G07300.3
OG0009048	As006G141060	AT3G07330.1
OG0009049	As006G141080	AT3G07350.1
OG0009050	As006G141670	AT3G07930.3
OG0009051	As006G141700	AT2G26350.1
OG0009052	As006G141800	AT3G23890.1
OG0009053	As006G141810	AT3G08030.1
OG0009054	As006G141880	AT3G08505.1
OG0009055	As006G142230	AT1G47200.1
OG0009056	As006G142280	AT2G40540.1
OG0009057	As006G142350	AT2G40480.1
OG0009058	As006G142450	AT2G40435.1
OG0009059	As006G142550	AT2G40370.1
OG0009060	As006G142590	AT2G40320.1
OG0009061	As006G142720	AT2G40220.1
OG0009062	As006G143340	AT2G39710.1
OG0009063	As006G143350	AT2G39705.1
OG0009064	As006G143520	AT2G39510.1
OG0009065	As006G143720	AT2G39220.1
OG0009066	As006G143920	AT2G39440.1
OG0009067	As006G143950	AT2G39130.1
OG0009068	As006G144360	AT2G38730.1
OG0009069	As006G144370	AT1G68110.1
OG0009070	As006G144400	AT2G38710.1
OG0009071	As006G144660	AT2G36130.1
OG0009072	As006G144720	AT2G36210.1
OG0009073	As006G144740	AT2G36230.1
OG0009074	As012G276230, As006G144760	AT3G52730.2
OG0009075	As006G145080	AT2G36470.1
OG0009076	As006G145190	AT2G36640.1
OG0009077	As006G145460	AT2G36910.1
OG0009078	As006G145720	AT2G37050.3
OG0009079	As006G146050	AT2G37370.1
OG0009080	As006G146930	AT2G37860.3
OG0009081	As006G146940	AT2G37870.1
OG0009082	As006G147260	AT2G38610.1
OG0009083	As006G147310	AT2G38600.1
OG0009084	As006G147940	AT2G38040.1
OG0009085	As006G148410	AT2G38480.1
OG0009086	As006G148420	AT2G38330.1
OG0009087	As006G148610	AT2G38320.1
OG0009088	As006G148830	AT2G35800.1
OG0009089	As007G151900	AT1G15240.2
OG0009090	As007G151920	AT1G15260.1
OG0009091	As007G152000	AT1G15390.1
OG0009092	As007G152060	AT1G15440.1
OG0009093	As007G152180	AT1G15550.1
OG0009094	As007G152210	AT1G15670.1
OG0009095	As007G152440	AT1G15970.1
OG0009096	As007G152660	AT1G16130.1
OG0009097	As007G152890, As007G162460	AT1G16420.1
OG0009098	As007G152980	AT1G16510.1
OG0009099	As007G153010	AT1G16530.1
OG0009100	As007G153290	AT1G16880.1
OG0009101	As007G153650, As010G241560	AT1G17220.1
OG0009102	As007G153810	AT1G17360.1
OG0009103	As007G153920	AT1G17380.1
OG0009104	As007G154080	AT1G17640.1
OG0009105	As007G154600	AT1G18190.1
OG0009106	As007G155010	AT1G18580.1
OG0009107	As007G155050	AT4G26190.1
OG0009108	As007G155070	AT1G18630.1
OG0009110	As007G155460	AT1G19050.1
OG0009111	As007G156120	AT1G19920.1
OG0009112	As007G156130	AT1G19940.1
OG0009113	As007G156360	AT1G20190.1
OG0009115	As007G157120	AT1G21090.1
OG0009116	As007G157770	AT3G54210.1
OG0009117	As007G157910	AT1G21900.1
OG0009118	As007G158070	AT1G22030.1
OG0009119	As007G158080	AT1G22040.1
OG0009120	As007G158720	AT1G22700.1
OG0009121	As007G158730	AT1G22710.1
OG0009122	As007G159220	AT1G23090.1
OG0009123	As007G159470	AT1G23330.1
OG0009124	As007G159600	AT1G23450.1
OG0009125	As007G159690	AT1G23730.1
OG0009126	As007G160210	AT1G27060.1
OG0009127	As007G160330	AT1G26940.1
OG0009128	As007G160560	AT1G26750.1
OG0009129	As007G160610	AT1G26660.2
OG0009130	As007G160660, As010G232420	AT1G69340.1
OG0009131	As007G160770	AT1G26470.1
OG0009132	As007G160920	AT1G26270.1
OG0009133	As007G161000	AT1G26200.3
OG0009134	As007G161010	AT1G26190.1
OG0009135	As007G161290	AT1G25440.1
OG0009136	As007G161320	AT1G25422.1
OG0009137	As007G161560	AT1G25240.2
OG0009138	As007G161590	AT1G25210.2, AT1G24793.1, AT1G25145.1, AT1G25054.1
OG0009139	As007G161860	AT1G24470.1
OG0009140	As007G162090, As007G162100	AT1G27340.1
OG0009141	As007G162760	AT4G24275.1
OG0009143	As007G162980	AT4G24500.1
OG0009144	As007G163550	AT4G24790.1
OG0009145	As007G163730	AT4G24910.1
OG0009146	As007G167100	AT2G25280.1
OG0009148	As007G176810, As007G176820	AT2G25070.1
OG0009149	As007G177640	AT2G25110.1
OG0009150	As007G177990	AT2G24500.1
OG0009151	As007G178310	AT2G24270.2
OG0009152	As007G178970	AT2G23990.2
OG0009153	As007G179130	AT2G23800.1
OG0009154	As007G179580	AT2G23350.1
OG0009155	As007G179720	AT2G23140.1
OG0009156	As007G179780	AT3G51490.2
OG0009157	As007G180150	AT2G22560.1
OG0009158	As007G180250	AT2G22470.1
OG0009159	As007G180660	AT2G21860.1
OG0009160	As007G181040	AT2G21385.1
OG0009161	As007G181950	AT2G21120.1
OG0009162	As008G182420	AT1G15010.1
OG0009163	As008G182670	AT1G14760.1
OG0009164	As008G182780	AT1G14630.1
OG0009165	As008G183180	AT1G14200.1
OG0009166	As008G183270	AT1G14180.1
OG0009167	As008G183440	AT1G13970.1
OG0009168	As008G183960	AT1G13270.1
OG0009169	As008G183980	AT1G13300.1
OG0009170	As008G184350	AT1G12980.1
OG0009171	As008G184880	AT1G12360.1
OG0009172	As008G185600	AT1G11790.1
OG0009173	As008G185680	AT1G11720.2
OG0009174	As008G186050	AT1G11400.1
OG0009175	As008G186790	AT1G10760.1
OG0009176	As008G186830	AT1G10740.1
OG0009177	As008G186930	AT1G10660.1
OG0009178	As008G187340	AT1G10280.1
OG0009179	As008G187540	AT1G09830.1
OG0009180	As008G187640	AT1G09920.1
OG0009181	As008G188250	AT1G09530.1
OG0009182	As008G188450	AT1G09320.1
OG0009183	As008G188540	AT1G51990.1
OG0009184	As008G188920	AT1G09130.3
OG0009185	As008G189090	AT1G08980.1
OG0009186	As008G189310	AT5G19890.1
OG0009187	As008G189380	AT1G08830.1
OG0009188	As008G189500	AT1G08780.1
OG0009189	As008G189850	AT1G08570.1
OG0009190	As008G189870	AT1G08580.1
OG0009191	As008G190010	AT1G08600.2
OG0009192	As008G190070	AT1G08620.3
OG0009193	As008G190600	AT1G08500.1
OG0009194	As008G190940	AT1G08450.1
OG0009195	As008G191250	AT1G08030.1
OG0009196	As008G191310	AT1G08320.1
OG0009197	As008G192130	AT1G07645.1
OG0009198	As008G192730	AT1G07430.1
OG0009199	As008G193010	AT1G07200.2
OG0009200	As008G193650	AT1G06470.1
OG0009201	As008G193700	AT1G06410.1
OG0009202	As008G193870	AT1G06280.1
OG0009203	As008G193910	AT1G06250.1
OG0009204	As008G194220	AT1G05990.1
OG0009205	As008G194430	AT1G05790.3
OG0009206	As008G194920	AT1G05370.1
OG0009207	As008G194930	AT1G05350.1
OG0009208	As008G195010	AT1G05260.1
OG0009209	As008G195110, As010G244040	AT1G80190.5
OG0009210	As008G195560	AT1G04950.1
OG0009211	As008G195710	AT1G04830.2
OG0009212	As008G195790	AT1G04780.1
OG0009213	As008G196040	AT1G04540.1
OG0009214	As008G196300	AT1G04310.1
OG0009215	As008G196590	AT1G04010.1
OG0009216	As008G197030	AT1G03470.1
OG0009217	As008G197410	AT1G03080.1
OG0009218	As008G197490	AT1G03020.1
OG0009219	As008G197680	AT1G02816.1
OG0009220	As008G197910, As008G198100	AT1G02575.1, AT1G02570.1
OG0009221	As008G198030	AT1G02460.1
OG0009222	As008G198230	AT1G02270.1
OG0009223	As008G198350	AT1G01030.1
OG0009224	As008G198410	AT1G01080.2
OG0009225	As008G198510	AT1G01190.2
OG0009226	As008G198580	AT1G01250.1
OG0009227	As008G198620	AT1G01310.1
OG0009228	As008G198690	AT1G01580.2
OG0009229	As008G199110	AT4G00530.1, AT1G01725.1
OG0009230	As008G199460	AT1G02065.1
OG0009231	As008G199630	AT1G02145.3
OG0009232	As009G199790	AT5G13960.1
OG0009233	As009G199840	AT5G14020.1
OG0009234	As009G200170	AT5G14230.1
OG0009235	As009G200290	AT5G14105.1
OG0009236	As009G200650	AT5G14910.1
OG0009237	As009G200690	AT5G14950.1
OG0009238	As009G200750	AT5G15020.1
OG0009239	As009G200890	AT5G15640.1
OG0009240	As009G201180	AT5G15400.1
OG0009241	As009G201350	AT5G15230.1
OG0009242	As009G201560	AT5G15780.1
OG0009243	As009G202040	AT5G16150.1
OG0009244	As009G202110	AT5G16220.1
OG0009245	As009G202630	AT5G16710.1
OG0009246	As009G202710	AT5G16760.1
OG0009247	As009G202960	AT5G17070.1
OG0009248	As009G203050	AT5G17210.1
OG0009249	As009G203530	AT5G17580.2
OG0009250	As009G204000	AT5G18120.1
OG0009251	As009G204710	AT5G18910.1
OG0009252	As009G204800	AT5G18970.1
OG0009253	As009G205120	AT5G19280.2
OG0009254	As009G205130	AT5G19290.1
OG0009255	As009G206510	AT5G27420.1
OG0009256	As009G207140	AT5G28750.1
OG0009257	As009G207300, As009G207960	AT5G49150.2
OG0009258	As009G207350	AT5G49540.1
OG0009259	As009G207900	AT5G49050.1
OG0009260	As009G208150	AT5G48960.1
OG0009261	As009G208170	AT5G48940.1
OG0009262	As009G210270	AT5G13640.1
OG0009263	As009G210410	AT5G13560.1
OG0009264	As009G210690	AT5G06820.1
OG0009265	As009G210710	AT5G06839.3
OG0009267	As009G211490	AT5G13820.1
OG0009268	As009G211750	AT5G06710.1
OG0009269	As009G211780	AT5G06680.1, AT1G37010.1
OG0009270	As009G212010	AT5G13340.1
OG0009272	As009G212460	AT5G06250.4
OG0009273	As009G212660	AT5G06070.1
OG0009274	As009G212700	AT5G05990.1
OG0009275	As009G212950	AT5G05830.1
OG0009276	As009G213350	AT5G05360.1
OG0009277	As009G213860	AT5G05240.1
OG0009278	As009G213890	AT5G05210.1
OG0009279	As009G214220	AT5G05000.1
OG0009280	As009G214270	AT5G04820.1
OG0009281	As009G215050	AT5G25490.1
OG0009282	As009G215100	AT5G25790.2
OG0009283	As009G215260	AT5G25530.1
OG0009284	As009G215360	AT5G25340.1
OG0009285	As009G215430	AT5G25265.1
OG0009286	As009G215500	AT5G25150.1
OG0009287	As009G215670	AT5G24970.2
OG0009288	As009G215690	AT5G24930.1
OG0009289	As009G215870	AT5G24710.1
OG0009290	As009G215930	AT5G24620.3
OG0009291	As009G215990	AT3G54770.1
OG0009292	As009G216000	AT5G24580.1
OG0009293	As009G216200	AT5G24400.1
OG0009294	As009G216710	AT5G23940.1
OG0009295	As009G217070	AT5G23490.2
OG0009296	As009G217120	AT5G23400.1
OG0009297	As009G217170	AT5G23340.1
OG0009298	As009G217190	AT5G23310.1
OG0009299	As009G217340	AT5G23150.1
OG0009300	As009G217800	AT5G61150.1
OG0009301	As009G218320	AT5G61770.2
OG0009302	As009G218440	AT5G61900.1, AT5G61910.4
OG0009303	As009G219260	AT5G62865.1
OG0009304	As009G219350, As010G223030	AT3G48160.2
OG0009305	As009G219410	AT5G63010.1
OG0009306	As009G219580	AT5G58770.1
OG0009307	As009G219970	AT5G58410.1
OG0009308	As010G220370	AT3G51290.2
OG0009309	As010G220390	AT3G51240.1
OG0009310	As010G220400	AT3G51220.1
OG0009311	As010G220520	AT3G51030.1
OG0009313	As010G220860	AT3G50660.1
OG0009314	As010G220970	AT3G50530.2
OG0009315	As010G221350	AT3G49930.1
OG0009316	As010G221380	AT3G49900.2
OG0009317	As010G221400	AT3G49880.1
OG0009318	As010G221660	AT3G49600.1
OG0009319	As010G222050	AT3G49260.3
OG0009320	As010G222170	AT3G49100.1
OG0009321	As010G222430	AT3G48760.1
OG0009322	As010G222580	AT3G48550.1
OG0009323	As010G222710	AT3G48460.1
OG0009324	As010G222780, As010G222770	AT3G48410.2
OG0009325	As010G223160	AT3G48000.1
OG0009326	As010G223290	AT3G47870.1
OG0009327	As010G223700	AT3G47380.1
OG0009328	As010G226210	AT3G44370.1
OG0009329	As010G226500	AT3G42960.1
OG0009330	As010G226860	AT4G33090.1
OG0009331	As010G227410	AT3G32930.1
OG0009332	As010G228440	AT1G67310.1
OG0009333	As010G230630	AT1G67325.2
OG0009334	As010G231180	AT1G68585.1
OG0009335	As010G231380	AT1G68810.1
OG0009336	As010G231550	AT1G68730.1
OG0009337	As010G232020	AT1G69040.2
OG0009338	As010G232270	AT1G69260.1
OG0009339	As010G232390	AT1G69325.1
OG0009340	As010G232590	AT1G69490.1
OG0009341	As010G232790	AT2G26670.1
OG0009342	As010G232850	AT1G69800.2
OG0009343	As010G232860	AT1G69810.1
OG0009344	As010G233030	AT1G70000.1
OG0009345	As010G233310	AT1G70410.2
OG0009346	As010G233620	AT1G70690.1
OG0009347	As010G234080	AT1G71160.1
OG0009348	As010G234210	AT5G24670.2
OG0009349	As010G234400	AT1G71691.2
OG0009350	As010G234680	AT1G71870.1
OG0009351	As010G234770	AT1G71930.1
OG0009352	As010G235040	AT1G72160.1
OG0009353	As010G235110	AT1G72220.1
OG0009354	As010G235120	AT1G72230.1
OG0009355	As010G235130	AT1G72240.1
OG0009356	As010G235220	AT1G78230.1
OG0009357	As010G236180	AT1G77280.1
OG0009358	As010G236250	AT1G77220.1
OG0009359	As010G236430	AT1G76990.1
OG0009360	As010G236460	AT3G21260.3
OG0009361	As010G236520	AT1G76950.1
OG0009362	As010G236590	AT1G76890.2
OG0009363	As010G237810	AT1G75690.1
OG0009364	As010G238360	AT1G75210.1
OG0009365	As010G238610	AT1G74950.1
OG0009366	As010G238630	AT1G74930.1
OG0009367	As010G239000	AT1G74520.1
OG0009368	As010G239030	AT1G74480.1
OG0009369	As010G239050	AT1G74460.1
OG0009370	As010G239700	AT1G73830.1
OG0009371	As010G240080	AT1G73590.1
OG0009372	As010G240120	AT1G18300.1
OG0009373	As010G240130	AT1G73530.1
OG0009374	As010G240160	AT1G73480.1
OG0009377	As010G240790	AT1G73010.1
OG0009378	As010G241100	AT1G72650.2
OG0009379	As010G241190	AT1G72610.1
OG0009381	As010G241310	AT1G72450.1
OG0009382	As010G241470	AT1G72300.1
OG0009383	As010G241610	AT1G78340.1
OG0009384	As010G241650	AT1G78390.1
OG0009385	As010G241670	AT1G78420.1
OG0009386	As010G241980	AT1G78590.2
OG0009387	As010G242010	AT1G78620.2
OG0009388	As010G242030	AT1G78650.1
OG0009389	As010G242110	AT1G78790.1
OG0009390	As010G242300	AT1G78940.2
OG0009391	As010G242490	AT1G79110.1
OG0009392	As010G243160	AT1G79720.1
OG0009393	As010G243180	AT1G80940.1
OG0009394	As010G243320	AT1G80850.1
OG0009395	As010G243620	AT1G80540.1
OG0009396	As010G243980	AT1G80240.1
OG0009397	As010G244080	AT1G80150.1
OG0009398	As010G244290	AT1G79985.1
OG0009399	As010G244310	AT1G79960.1
OG0009400	As010G244450	AT1G79850.1
OG0009401	As011G244680	AT3G12800.1, AT2G07640.1
OG0009402	As011G244840	AT3G12980.1
OG0009403	As011G244890	AT3G13060.2
OG0009404	As011G244900	AT3G13065.1
OG0009405	As011G245090	AT3G13227.1
OG0009406	As011G245260	AT3G13360.2
OG0009407	As011G245500	AT3G13540.1
OG0009408	As011G245700	AT3G13750.1
OG0009409	As011G246350	AT3G14240.1
OG0009410	As011G246370	AT3G14270.1
OG0009411	As011G246460	AT3G14350.1
OG0009412	As011G246510	AT3G14400.1
OG0009413	As011G246710	AT3G14560.1
OG0009414	As011G246840	AT3G14720.1
OG0009415	As011G246860	AT3G14740.2
OG0009416	As011G247180	AT3G15070.1
OG0009417	As011G247210	AT3G15095.1
OG0009418	As011G247230	AT3G15115.1
OG0009419	As011G247860	AT3G15680.1
OG0009420	As011G247980	AT3G15780.1
OG0009421	As011G248000	AT3G15800.1
OG0009422	As011G248030	AT3G15840.1
OG0009423	As011G248050	AT3G15860.1
OG0009424	As011G248300	AT3G16130.1
OG0009425	As011G248320	AT3G16170.1
OG0009426	As011G248370	AT3G16210.1
OG0009427	As011G249000	AT3G16800.1
OG0009428	As011G249040	AT3G16850.1
OG0009429	As011G249060	AT3G16857.2
OG0009430	As011G249350	AT3G17210.1
OG0009431	As011G249400	AT3G17300.1
OG0009432	As012G276930, As011G249410	AT3G17310.1
OG0009433	As011G249500	AT4G00740.1
OG0009434	As011G249700, As012G273820	AT3G17640.1
OG0009435	As011G250100	AT3G18050.1
OG0009436	As011G250330	AT3G18240.1, AT4G21460.2
OG0009437	As011G250440	AT3G18380.2
OG0009438	As011G250680	AT3G18580.1
OG0009439	As011G250720	AT3G18620.1
OG0009440	As011G251070	AT3G18940.1
OG0009442	As011G251590	AT3G19508.1
OG0009443	As011G251600	AT3G19510.1
OG0009444	As011G252010	AT3G19910.1
OG0009445	As011G252060	AT3G19970.1
OG0009446	As011G252580	AT3G20320.1
OG0009447	As011G252730	AT3G20450.1
OG0009448	As011G252750	AT3G20470.1
OG0009449	As011G252840	AT3G20550.1
OG0009450	As011G253130	AT3G20880.1
OG0009451	As011G253280	AT3G21150.1
OG0009452	As011G253770	AT3G21670.1
OG0009453	As011G254280	AT3G22275.1
OG0009454	As011G254450	AT3G22430.1
OG0009455	As011G254840	AT3G22910.1
OG0009456	As011G255370	AT3G23410.1
OG0009457	As011G255380	AT3G23430.1
OG0009458	As011G257650	AT3G25180.1
OG0009459	As011G259020	AT5G51430.1
OG0009460	As011G259660	AT2G07360.2
OG0009461	As011G259670	AT2G07050.1
OG0009462	As011G260590	AT2G11910.1
OG0009463	As011G260720	AT2G13350.1
OG0009464	As011G260730	AT2G13360.1
OG0009465	As011G260910	AT2G13570.1
OG0009466	As011G262610	AT5G11910.4
OG0009467	As011G262870	AT2G15690.1
OG0009468	As011G262880	AT2G15695.1
OG0009469	As011G262910	AT2G15760.1
OG0009470	As011G262920	AT2G15780.1
OG0009471	As011G264240	AT2G17220.1
OG0009472	As011G264430	AT2G17440.1
OG0009473	As011G264460	AT2G17500.1
OG0009474	As011G264840	AT2G17890.1
OG0009475	As011G265230	AT2G18500.1
OG0009476	As011G265820	AT2G19090.1
OG0009477	As011G266250	AT2G19540.1
OG0009478	As011G266970	AT2G20310.1
OG0009479	As011G266990	AT2G20320.1
OG0009480	As011G267060	AT2G20362.1
OG0009481	As011G267130	AT2G20470.1
OG0009482	As011G267450	AT2G20820.2
OG0009484	As012G268740	AT1G55280.2
OG0009485	As012G268870	AT1G55160.3
OG0009486	As012G269250	AT1G54070.1
OG0009487	As012G269450	AT1G53760.1
OG0009488	As012G269470	AT1G53730.2
OG0009489	As012G269690	AT1G53510.1
OG0009490	As012G269960	AT1G53160.1
OG0009491	As012G270110	AT1G53000.2
OG0009492	As012G270180	AT1G52900.1
OG0009493	As012G270670	AT1G52410.2
OG0009494	As012G271610	AT1G50910.1
OG0009495	As012G271760	AT1G51160.1
OG0009496	As012G272230	AT1G50380.2
OG0009497	As012G272380	AT1G50120.2
OG0009498	As012G272420	AT1G50030.1
OG0009500	As012G272670	AT1G49740.1
OG0009501	As012G272770	AT1G49590.1
OG0009502	As012G272800	AT1G49560.1
OG0009503	As012G273070	AT3G62670.1
OG0009504	As012G273290	AT1G49010.1
OG0009505	As012G273320	AT1G48990.1
OG0009506	As012G273350	AT1G48960.1
OG0009507	As012G275130	AT2G34650.1
OG0009508	As012G275230	AT2G34600.1
OG0009509	As012G275440	AT2G34400.1
OG0009510	As012G275450	AT3G51895.2
OG0009511	As012G275640	AT3G52100.1
OG0009512	As012G275710	AT3G52150.1
OG0009513	As012G276410	AT3G52870.1
OG0009514	As012G276710	AT3G53190.1
OG0009515	As012G276780	AT3G53150.1
OG0009516	As012G277230	AT3G53490.1
OG0009517	As012G277710	AT3G53850.1
OG0009518	As012G278120	AT3G54050.1
OG0009519	As012G278300	AT3G54130.1
OG0009520	As012G278580	AT3G54150.1
OG0009521	As012G279180, As012G279190	AT3G51680.1
OG0009522	As012G279430	AT3G54170.1
OG0009523	As012G279850	AT5G42250.1
OG0009524	As012G280040	AT3G54680.1
OG0009525	As012G280100	AT3G54670.1
OG0009526	As012G280400	AT2G38880.11
OG0009527	As012G280410	AT3G54790.1
OG0009528	As012G280980	AT3G54920.1
OG0009529	As012G281780	AT3G55370.3
OG0009530	As012G282470	AT3G55970.1
OG0009531	As012G282490	AT3G55990.1
OG0009532	As012G282690	AT3G56200.1
OG0009533	As012G282790	AT3G56290.1
OG0009534	As012G283440	AT3G56940.1
OG0009535	As012G283500	AT3G57000.1
OG0009536	As012G283600	AT3G57060.2
OG0009537	As012G284410	AT3G58000.1
OG0009538	As012G284550	AT3G58140.1
OG0009539	As012G284620	AT3G58190.1
OG0009540	As012G285050	AT3G58790.1
OG0009541	As012G285150	AT3G59020.2
OG0009542	As012G285350	AT3G59300.3
OG0009543	As012G285500	AT3G59470.2
OG0009544	As012G286210	AT5G23590.1
OG0009545	As012G286640	AT3G60520.1
OG0009546	As012G286650	AT3G60530.1
OG0009547	As012G286810	AT3G60690.1
OG0009548	As012G287120	AT3G61130.1
OG0009549	As012G287300	AT3G61250.1
OG0009550	As012G287320	AT3G61270.1
OG0009551	As012G287580	AT3G61610.1
OG0009552	As012G288340	AT3G62410.1
OG0009553	As012G288350	AT3G62420.1
OG0009554	As012G288980	AT3G63110.1
OG0009555	As012G289080	AT3G63200.1
OG0009556	As012G289170	AT3G63260.1
OG0009557	As012G289460	AT3G60830.1
OG0009635	As011G267520	AT2G20760.1
OG0009636	As001G000990, As003G056310	AT4G17910.4
OG0009637	As001G001220, As009G211040	AT4G29400.1
OG0009638	As001G001430	AT4G29660.1
OG0009639	As001G001670	AT4G29780.1
OG0009640	As001G001770	AT4G29890.1
OG0009641	As001G002120	AT4G30150.1
OG0009642	As001G002360	AT4G30350.1
OG0009643	As009G214200, As001G002400	AT4G30570.1
OG0009644	As001G002840	AT5G19910.2
OG0009645	As001G002950	AT4G30820.16
OG0009646	As001G003310	AT4G31060.1
OG0009647	As001G003360	AT1G47820.1, AT1G47813.1
OG0009649	As001G004990	AT4G32510.2
OG0009650	As001G005880	AT4G32880.1
OG0009651	As001G006070	AT4G32820.2
OG0009652	As001G006750	AT4G33140.1
OG0009653	As001G010190	AT4G33467.1
OG0009654	As001G012040, As001G012030	AT5G21900.1
OG0009655	As001G012270	AT4G33760.1
OG0009656	As001G012360	AT4G33800.1
OG0009657	As001G013740	AT4G34000.1
OG0009658	As011G262930	AT2G15790.1
OG0009659	As001G013920	AT4G34350.1
OG0009660	As001G014760	AT4G34960.1
OG0009661	As001G014840	AT4G35060.1
OG0009662	As001G015030	AT5G22800.2
OG0009663	As001G015490	AT4G35230.1
OG0009664	As001G015670	AT1G31010.1
OG0009665	As001G016100, As001G016130, As001G016150, As001G016080	AT1G31720.1
OG0009666	As001G016360	AT1G31850.1
OG0009667	As001G016380	AT1G31860.1
OG0009668	As001G016450	AT1G31940.1
OG0009669	As001G016810	AT1G32340.1
OG0009670	As001G016890	AT1G32360.1
OG0009671	As001G016980	AT1G32460.1
OG0009672	As001G017070	AT1G32550.2
OG0009673	As001G017110	AT4G22930.1
OG0009674	As001G017130, As004G079770	AT1G32640.1
OG0009675	As001G017170	AT1G32690.1
OG0009676	As001G017180	AT1G32700.1
OG0009677	As001G017200	AT1G32730.1
OG0009678	As001G017420	AT4G17000.1
OG0009679	As001G017450	AT4G16970.1
OG0009680	As001G018100	AT4G16430.1
OG0009681	As001G018310	AT4G16330.2
OG0009682	As001G018940	AT1G56290.1
OG0009683	As001G019220	AT1G57540.1
OG0009684	As001G019250	AT1G57590.1
OG0009685	As001G019270	AT1G57610.1
OG0009686	As001G019540	AT1G58025.2
OG0009687	As001G019710	AT1G58280.2
OG0009688	As008G187290, As001G020180	AT1G59750.1
OG0009689	As001G020190, As001G020200	AT1G59740.1
OG0009690	As001G020470	AT1G59980.1
OG0009691	As001G021370, As001G021300	AT1G60995.1
OG0009692	As009G211840, As001G021390	AT1G61010.1
OG0009693	As001G021930	AT1G61795.1
OG0009694	As001G022310	AT2G01180.3
OG0009695	As001G022480	AT2G01390.1, AT2G01360.1
OG0009696	As001G022500	AT2G01410.1
OG0009697	As001G022550	AT2G01440.1
OG0009698	As001G022560	AT1G14990.2
OG0009699	As001G022610	AT2G01490.1
OG0009700	As001G022760	AT2G01620.1
OG0009701	As008G182830, As001G023290	AT1G14570.1
OG0009702	As001G023360	AT2G02160.1
OG0009703	As001G023870	AT2G03090.1
OG0009704	As001G024330	AT2G03720.2
OG0009705	As001G024390	AT2G03780.1
OG0009706	As001G024410	AT2G03810.1
OG0009707	As001G024720	AT3G25700.1
OG0009708	As001G024730	AT3G25710.1
OG0009709	As001G024980	AT3G25930.1
OG0009710	As001G025370	AT3G26440.5
OG0009711	As001G025460	AT3G26570.1
OG0009712	As001G025650	AT3G26760.1
OG0009713	As001G025660	AT3G26770.1
OG0009714	As001G026360	AT3G27410.1
OG0009715	As001G026600	AT3G27660.1
OG0009716	As001G027450	AT3G28917.1
OG0009717	As001G027470	AT5G48600.2
OG0009718	As001G027540	AT3G28970.1
OG0009719	As001G027780	AT3G29280.2
OG0009720	As001G027960	AT3G29760.2
OG0009721	As001G027970	AT3G29770.1
OG0009722	As001G028070	AT5G38880.1
OG0009723	As001G028330	AT1G67170.1
OG0009724	As001G028340	AT1G67140.2
OG0009725	As001G028740	AT1G66520.1
OG0009726	As001G029100	AT1G66080.1
OG0009727	As001G029130	AT1G65960.2
OG0009728	As001G029400	AT1G65520.1
OG0009729	As001G029460	AT1G65440.1
OG0009730	As001G029470	AT1G65420.1
OG0009731	As001G029660	AT1G65080.1
OG0009732	As001G029700	AT1G65032.1
OG0009733	As001G029770	AT1G64970.1
OG0009734	As001G030310	AT5G24352.1, AT1G64625.1
OG0009735	As001G030340	AT1G64610.1
OG0009736	As001G030500	AT1G64460.1
OG0009737	As001G030590	AT1G64380.1
OG0009738	As001G030870	AT1G64065.1
OG0009739	As001G031020	AT1G63910.1
OG0009740	As001G031150	AT1G63720.1
OG0009741	As001G031560	AT1G63120.1
OG0009742	As001G031710	AT1G62980.1
OG0009743	As001G031730	AT1G12520.1
OG0009744	As001G032270	AT1G62300.1
OG0009745	As002G032450	AT2G21440.1
OG0009746	As002G032570	AT4G25880.4
OG0009747	As002G032640	AT4G26000.1
OG0009748	As002G032950, As002G033130	AT2G41240.1
OG0009749	As002G033160	AT2G41220.1
OG0009750	As002G033590	AT2G40880.1
OG0009751	As002G033610	AT2G40850.1
OG0009752	As002G033630	AT2G40830.1
OG0009753	As002G033650	AT2G40815.1
OG0009754	As002G033690	AT2G40780.1
OG0009755	As002G033700	AT2G40770.1
OG0009756	As002G034150, As002G034120	AT3G09280.1
OG0009757	As002G034470, As002G034560, As002G034630	AT3G09670.1
OG0009758	As002G035300	AT3G10130.1
OG0009759	As002G036030	AT1G66245.1
OG0009760	As002G036650	AT3G11030.1
OG0009761	As002G036850	AT3G11110.1
OG0009762	As002G037130	AT3G11330.1
OG0009763	As002G037850	AT3G11900.1
OG0009764	As002G038830	AT3G12270.1
OG0009765	As002G040280	AT2G17280.1
OG0009767	As002G041820	AT5G50210.1
OG0009768	As002G041860	AT5G50230.1
OG0009769	As002G041980	AT5G50320.1
OG0009770	As002G042120	AT5G50350.1
OG0009771	As002G042740	AT5G50930.1
OG0009772	As002G043120	AT5G51140.2
OG0009773	As002G043130	AT5G51150.1
OG0009774	As002G043360	AT5G51400.1
OG0009775	As002G043400	AT5G51460.1
OG0009776	As002G043420	AT5G13810.1
OG0009777	As002G043720	AT5G51810.1
OG0009778	As002G043920	AT5G52060.1
OG0009779	As002G044040	AT5G52210.1
OG0009780	As002G044130	AT5G52280.1
OG0009781	As002G044180	AT5G52380.1
OG0009782	As002G044290	AT5G52510.1
OG0009783	As002G044610	AT5G52880.1
OG0009784	As002G044660	AT5G52910.2
OG0009785	As002G044680	AT5G52950.1
OG0009786	As002G044700	AT5G53340.1
OG0009787	As002G044750	AT5G53280.1
OG0009788	As002G044800	AT5G53190.1
OG0009789	As002G045070	AT5G53370.2
OG0009790	As002G045320	AT5G53550.1
OG0009791	As002G045590	AT5G54010.1
OG0009792	As002G045710	AT5G53890.1
OG0009793	As002G045760	AT5G53830.1
OG0009794	As002G045840	AT5G53750.1
OG0009795	As002G046060	AT5G54270.1
OG0009796	As002G046380	AT5G54600.1
OG0009797	As002G046480	AT5G54750.2
OG0009798	As002G046850	AT5G55060.1
OG0009799	As002G046990	AT5G55135.1
OG0009800	As002G047380	AT5G55600.1
OG0009801	As002G047470	AT5G55700.1
OG0009802	As002G047580	AT5G55820.1
OG0009803	As002G048050	AT5G56290.1
OG0009804	As002G048190	AT5G56460.1
OG0009805	As002G048260	AT5G56580.1
OG0009806	As002G048460	AT5G56750.1
OG0009807	As002G048510	AT5G56840.1
OG0009808	As002G048640	AT5G56980.1
OG0009809	As002G049220	AT5G57550.1
OG0009810	As002G049380	AT5G57710.1
OG0009811	As002G049420	AT5G57770.1
OG0009812	As002G049450	AT5G57790.1
OG0009813	As002G049820	AT5G58020.1
OG0009814	As002G049900	AT5G58090.1
OG0009815	As002G049920	AT5G58110.1
OG0009816	As002G050040	AT3G58970.1
OG0009817	As002G050200	AT1G44900.1
OG0009818	As002G050470	AT5G13190.2
OG0009819	As002G050500	AT5G13160.1
OG0009820	As002G050970	AT5G12290.1
OG0009821	As002G050990	AT5G12260.1
OG0009822	As002G051010	AT5G12240.2
OG0009823	As002G051020	AT5G12235.1
OG0009824	As002G051130	AT5G12130.1
OG0009825	As002G051230	AT5G12010.1
OG0009826	As002G051260	AT5G11980.1
OG0009827	As002G051330	AT5G11900.1
OG0009828	As002G051720	AT5G11560.1
OG0009829	As002G051770	AT5G11510.1
OG0009830	As002G052170	AT5G11040.1
OG0009831	As002G052250	AT5G10960.1
OG0009832	As002G052330	AT5G10890.2
OG0009833	As002G052390	AT5G10810.1
OG0009834	As002G052900, As002G052890	AT5G10410.1
OG0009835	As002G053130	AT5G10180.1
OG0009836	As002G053750	AT5G09480.1
OG0009837	As002G053760	AT5G64350.1
OG0009838	As002G053960	AT5G09310.1
OG0009839	As002G054340	AT5G08470.1
OG0009840	As002G054480	AT5G08400.1
OG0009841	As002G054820	AT5G08040.1
OG0009842	As002G054900	AT5G07960.1
OG0009843	As002G055110	AT5G07680.1
OG0009844	As002G055280	AT5G07475.1
OG0009845	As003G055690	AT3G47650.1
OG0009846	As003G055840	AT4G17500.1
OG0009847	As003G056160	AT4G17790.1
OG0009848	As003G056710	AT4G18350.1
OG0009849	As003G056730	AT4G18370.1
OG0009850	As003G056890	AT4G18450.1
OG0009851	As003G057180	AT4G18700.1
OG0009852	As003G057380	AT4G18950.1
OG0009853	As003G057640	AT4G19185.1
OG0009855	As003G058110	AT4G19900.1
OG0009856	As003G059000	AT4G21070.1
OG0009857	As003G059080	AT4G21190.1
OG0009858	As003G059810	AT4G21770.1
OG0009859	As003G059980	AT4G21920.1
OG0009860	As003G061010	AT4G23050.2
OG0009861	As003G061030	AT4G23070.1
OG0009862	As003G061410	AT4G23410.1
OG0009863	As003G061500	AT4G23493.1
OG0009864	As003G061550, As003G061530, As003G061540	AT4G23510.1
OG0009865	As003G062180	AT4G24100.4
OG0009866	As003G062290	AT1G32770.1
OG0009867	As003G063000	AT1G33811.1
OG0009868	As003G063240	AT1G34130.1
OG0009869	As003G063330	AT1G34270.1
OG0009870	As003G063340	AT1G34300.1
OG0009871	As003G063380	AT1G34355.1
OG0009872	As003G063940	AT1G35660.1
OG0009873	As003G064790	AT1G43700.1
OG0009874	As003G065500	AT1G47560.1, AT1G47550.2
OG0009875	As003G066330	AT1G42470.1
OG0009876	As003G066780	AT1G47240.1
OG0009877	As003G068460	AT1G28150.1
OG0009879	As003G069930	AT2G32130.1, AT1G29300.1
OG0009880	As003G070130	AT1G29670.2
OG0009881	As003G070150	AT1G29690.1
OG0009882	As003G070330	AT1G29860.1
OG0009883	As003G070470	AT1G29990.1
OG0009884	As003G070480	AT1G30000.2
OG0009885	As003G070790	AT1G30260.1
OG0009886	As003G070840	AT1G30300.1
OG0009887	As003G070860	AT1G30330.2
OG0009888	As003G071070	AT1G30475.1
OG0009889	As003G071320	AT1G30750.1
OG0009890	As003G071540	AT1G30850.1
OG0009891	As003G071690	AT4G35420.1
OG0009892	As003G071730	AT4G35470.1
OG0009893	As003G072440	AT4G36160.2
OG0009894	As003G072550	AT4G36380.1
OG0009895	As003G072880	AT4G36680.1
OG0009896	As003G072900	AT4G36700.1
OG0009897	As003G072980	AT4G36780.1
OG0009898	As003G073060	AT4G36870.1
OG0009899	As003G073220	AT4G37110.1
OG0009900	As003G073240	AT4G37090.1
OG0009901	As007G179610	AT2G23310.1
OG0009902	As003G073540	AT4G37300.1
OG0009903	As003G073680, As007G179700	AT2G23150.1
OG0009904	As003G073760	AT4G37490.1
OG0009905	As003G073880	AT4G37590.1
OG0009906	As003G074070	AT4G37770.1
OG0009907	As003G074140	AT4G37840.1
OG0009908	As003G074260	AT4G37910.1
OG0009909	As003G074390	AT4G38020.1
OG0009910	As003G074440	AT4G38062.1
OG0009911	As003G074700	AT4G39980.1
OG0009912	As003G074970	AT4G39740.1
OG0009913	As003G075040	AT4G39680.1
OG0009914	As003G075460	AT4G39390.1
OG0009915	As003G075810	AT4G39050.1
OG0009916	As003G075910	AT4G38960.3
OG0009917	As003G076650	AT4G38120.3
OG0009918	As004G076730	AT5G35910.1
OG0009919	As004G076780	AT1G43310.1, AT5G33320.1
OG0009920	As004G077800	AT5G38510.1
OG0009921	As004G078320	AT5G39400.1
OG0009922	As004G078370	AT5G39500.1
OG0009923	As004G078480	AT5G39680.1
OG0009924	As004G078770	AT2G35035.1
OG0009925	As004G079050	AT2G35630.1
OG0009926	As004G079100	AT1G61590.1
OG0009928	As004G079450	AT2G35530.1
OG0009929	As004G079460	AT2G35510.1
OG0009930	As004G079540	AT2G35420.1
OG0009931	As004G079620	AT2G35350.1
OG0009932	As004G079690	AT2G35290.1
OG0009933	As004G080000	AT4G09830.1
OG0009934	As004G080050	AT4G09750.1
OG0009935	As004G080200	AT4G09560.1
OG0009936	As004G080940	AT5G52560.1
OG0009937	As004G081200	AT2G34100.1
OG0009938	As004G081590	AT2G33700.1
OG0009939	As004G081680	AT2G33585.1
OG0009940	As004G081700	AT2G33570.1
OG0009941	As004G082390	AT5G42740.1
OG0009942	As004G082500	AT5G42650.1
OG0009943	As004G082940	AT5G42150.1
OG0009944	As004G083330	AT4G10030.1
OG0009946	As004G083450	AT4G10150.1, AT4G10160.1
OG0009947	As004G083860	AT4G10600.1
OG0009948	As004G083900	AT4G10640.1
OG0009949	As004G084720	AT4G11790.1
OG0009950	As004G084790	AT4G11890.3
OG0009951	As004G085280	AT4G12540.1
OG0009952	As004G085560	AT4G04210.1
OG0009953	As004G085620	AT4G04360.1
OG0009954	As004G085720	AT4G04630.1
OG0009955	As004G085740	AT4G04670.1
OG0009956	As004G085750	AT4G04710.4
OG0009957	As004G086110	AT4G05070.1
OG0009958	As004G086680	AT5G44460.1
OG0009959	As004G087640	AT5G45160.1
OG0009960	As004G087760	AT5G45275.1
OG0009961	As004G087880	AT5G45370.2
OG0009962	As004G087890	AT5G45380.1
OG0009963	As004G088530	AT5G46100.1
OG0009964	As004G088870	AT5G46380.2
OG0009965	As004G089030	AT5G46560.1
OG0009967	As004G089600	AT5G47010.1
OG0009968	As004G090120, As005G098720	AT2G47980.1
OG0009969	As004G090320	AT5G47635.1
OG0009970	As004G090670	AT5G47660.1
OG0009971	As004G091000	AT5G47470.2
OG0009972	As004G092850	AT4G12740.1
OG0009973	As011G255290, As004G093540	AT3G23280.1
OG0009974	As004G093580	AT4G37040.1
OG0009975	As004G093990	AT4G13330.1
OG0009976	As004G094060	AT3G54220.1
OG0009977	As004G094460	AT4G13560.1
OG0009978	As004G094580	AT4G13700.1
OG0009979	As004G095220	AT4G14210.1
OG0009980	As004G095710	AT4G14590.1
OG0009981	As004G095890	AT4G14780.1
OG0009982	As004G096640	AT3G21490.1
OG0009983	As004G096780	AT5G39940.1
OG0009984	As004G096790	AT5G39950.1
OG0009985	As004G096800	AT5G39960.1
OG0009986	As004G096980	AT5G40200.1
OG0009987	As004G097010, As004G097000	AT5G40210.1
OG0009988	As004G097220	AT2G38920.1
OG0009989	As004G097960	AT5G41350.2
OG0009990	As004G098140	AT5G41680.1
OG0009991	As004G098340	AT5G41960.1
OG0009992	As005G098590	AT4G09820.1
OG0009993	As005G098670	AT2G48030.1
OG0009994	As005G099250	AT2G47620.1
OG0009995	As005G099550	AT2G47360.1
OG0009996	As005G099590	AT2G47330.1
OG0009997	As005G100260	AT2G46770.1
OG0009998	As005G100280	AT2G46735.1
OG0009999	As005G100360	AT2G46650.1
OG0010000	As009G210800	AT2G46250.1
OG0010001	As005G100870	AT2G46225.2
OG0010002	As005G101290	AT2G45770.1
OG0010003	As005G101640	AT2G45500.5
OG0010004	As005G101770	AT2G45360.1
OG0010005	As005G101870	AT2G45270.1
OG0010006	As005G101880	AT2G45260.1
OG0010007	As005G102230	AT2G44925.1
OG0010008	As005G102250	AT2G44910.1
OG0010009	As005G103180, As011G267580	AT2G20860.1
OG0010010	As005G103230	AT2G43970.1
OG0010011	As005G103440	AT2G43760.1
OG0010012	As005G103460	AT2G43750.1
OG0010013	As005G103590	AT2G43680.1
OG0010014	As005G103770	AT2G43550.1
OG0010015	As005G104190	AT2G43120.2
OG0010016	As005G104230	AT2G43080.1
OG0010017	As005G104250	AT2G43060.1
OG0010018	As005G104280	AT2G43040.1
OG0010019	As005G105100	AT2G42070.1
OG0010020	As005G105130	AT2G42120.1
OG0010021	As005G105320	AT3G57660.1
OG0010022	As005G105500	AT2G41820.1
OG0010023	As005G105750, As005G105730, As005G105760	AT2G41720.1
OG0010024	As005G106010	AT2G41530.1
OG0010025	As005G106120	AT2G41480.1
OG0010026	As005G107200	AT5G02130.1
OG0010027	As005G107210	AT5G02140.1
OG0010028	As005G107460	AT5G02410.1
OG0010029	As005G107630	AT5G02580.1
OG0010030	As005G107720	AT5G02710.1
OG0010031	As005G107830	AT5G02880.1
OG0010032	As005G108150	AT5G03260.1
OG0010033	As005G108220	AT5G03320.1
OG0010034	As005G108260	AT5G03370.1
OG0010035	As005G108290	AT5G03415.1
OG0010036	As005G108390	AT5G03530.1
OG0010037	As005G108410	AT5G03540.3
OG0010038	As005G108840	AT5G03870.1
OG0010039	As005G108910	AT5G03940.1
OG0010040	As005G109900	AT5G19370.1
OG0010041	As005G110190	AT5G19590.1
OG0010042	As005G110390	AT5G19560.4
OG0010043	As005G110520	AT5G20100.1
OG0010044	As005G110750	AT5G20110.1
OG0010045	As005G110780	AT5G20250.4
OG0010046	As005G110960	AT5G20200.1
OG0010047	As005G111720	AT5G20490.2
OG0010048	As005G111760	AT5G20500.1
OG0010049	As009G201830, As005G111840	AT5G16000.1
OG0010050	As005G112170	AT5G20700.1
OG0010051	As005G112340	AT5G20870.1
OG0010052	As005G112580	AT5G21070.1
OG0010053	As005G112610	AT5G21100.1
OG0010054	As005G112820	AT5G40940.1
OG0010055	As005G113540	AT5G22580.1
OG0010056	As005G113960	AT5G60760.1
OG0010057	As005G114140, As008G189680, As005G114150	AT5G60590.2
OG0010058	As005G114240	AT5G60460.1
OG0010059	As005G114560	AT5G60060.1
OG0010060	As005G115470	AT5G59610.3
OG0010061	As005G115770	AT1G27980.1
OG0010062	As005G115940	AT5G58890.1
OG0010063	As005G116160	AT5G63220.1
OG0010064	As005G116230	AT5G63310.1
OG0010065	As005G116250	AT5G63350.1
OG0010066	As005G116290	AT5G63400.1
OG0010067	As005G116320	AT5G55690.1
OG0010069	As005G117140	AT5G64180.1
OG0010070	As005G117290	AT5G64290.1
OG0010071	As005G117370	AT5G64370.1
OG0010072	As005G117970	AT5G64930.1
OG0010073	As005G118200	AT5G65110.1
OG0010074	As005G118220	AT5G65130.2
OG0010075	As005G118710	AT5G65670.1
OG0010076	As005G118740	AT5G65687.1
OG0010077	As005G119450	AT5G67190.1
OG0010079	As005G119670	AT5G66980.1
OG0010080	As005G119690	AT5G66950.1
OG0010081	As005G119700	AT5G66940.1
OG0010082	As005G119900	AT5G66750.1
OG0010083	As005G120330	AT3G47840.1
OG0010084	As005G120410	AT5G66390.1
OG0010085	As005G120820	AT3G51390.1
OG0010086	As005G120890	AT5G65960.1
OG0010087	As006G121090	AT4G00080.1
OG0010088	As006G121310	AT4G00670.1
OG0010089	As006G121360	AT4G00590.1
OG0010090	As007G154480	AT3G10113.1, AT1G18330.2
OG0010091	As006G121880	AT4G01250.1
OG0010092	As006G122400	AT4G01470.1
OG0010093	As006G122670	AT4G01880.1
OG0010094	As006G122990	AT4G02160.1
OG0010095	As006G123020	AT4G02195.1
OG0010096	As006G123150	AT4G02350.1
OG0010097	As006G123370	AT4G02560.1
OG0010098	As006G123510	AT4G02710.1
OG0010099	As006G123890	AT4G03115.3
OG0010100	As006G123960	AT4G03190.1
OG0010101	As006G124000	AT4G03220.1
OG0010102	As006G124030	AT4G03250.1
OG0010103	As006G124060	AT4G03280.1
OG0010104	As006G124240	AT4G03560.1
OG0010105	As006G124920	AT5G43650.1
OG0010106	As006G125320	AT2G33385.2
OG0010107	As006G125400	AT2G33320.1
OG0010108	As006G126150	AT2G32390.5
OG0010109	As006G126220	AT2G32590.1
OG0010110	As006G126790	AT2G31955.1
OG0010111	As006G126950	AT2G31800.1
OG0010112	As006G127450	AT2G31210.1
OG0010113	As006G127610	AT2G31060.3
OG0010114	As006G127890	AT2G30710.1
OG0010115	As006G128130	AT2G30380.1
OG0010116	As006G128510	AT2G30010.2
OG0010117	As006G128630	AT2G29750.1, AT2G29740.1
OG0010118	As006G129220	AT2G28950.1
OG0010119	As006G129640	AT2G28605.1
OG0010120	As006G129820	AT2G28430.1
OG0010121	As006G130000	AT2G28200.1
OG0010122	As006G130020	AT2G28180.1
OG0010123	As006G130080	AT2G28110.1
OG0010124	As006G130280	AT2G27810.4
OG0010125	As006G130290	AT2G27800.1, AT5G27300.1
OG0010126	As006G130300	AT2G27790.1
OG0010127	As006G130850	AT2G27350.3
OG0010128	As006G131100	AT2G26800.2
OG0010129	As006G131220	AT1G04870.2
OG0010130	As006G131260	AT2G26690.1
OG0010131	As006G131710	AT2G26280.1
OG0010132	As006G132330	AT4G27435.1
OG0010133	As006G133360	AT3G01910.1
OG0010134	As006G141930, As006G133720	AT3G08620.1
OG0010135	As006G133850	AT5G01900.1
OG0010136	As006G134020	AT2G41410.1
OG0010137	As006G134060	AT2G41350.2
OG0010138	As006G134100	AT4G26400.1
OG0010139	As006G134140	AT4G26450.1
OG0010140	As006G134790	AT3G01250.1
OG0010141	As006G135810	AT3G02810.1
OG0010142	As006G136220	AT3G03200.1
OG0010143	As006G136240	AT3G03220.1
OG0010144	As006G136670	AT3G03610.4
OG0010145	As006G136730	AT3G03660.3
OG0010146	As009G203880, As009G209970, As006G136840	AT3G03740.1
OG0010147	As006G136950	AT3G03800.1
OG0010148	As006G137520	AT3G04340.1
OG0010149	As006G137670	AT4G38092.1, AT3G04490.2
OG0010150	As006G138000	AT3G04780.1
OG0010151	As006G139110	AT3G05725.1
OG0010152	As006G140310	AT3G36659.1
OG0010153	As006G140320	AT3G06660.1
OG0010154	As006G140560	AT3G06920.2
OG0010155	As006G140620	AT3G06980.1
OG0010156	As006G140770	AT3G07080.1
OG0010157	As006G141510	AT3G07770.1
OG0010158	As006G141710	AT3G07960.1
OG0010159	As009G218570, As006G141740	AT5G62050.1
OG0010160	As006G142020	AT3G08760.1
OG0010161	As006G143000	AT2G39970.1
OG0010162	As006G143190	AT2G39840.1
OG0010163	As006G143220	AT2G39805.2
OG0010164	As006G143560	AT2G39470.1
OG0010165	As012G280990, As006G143680, As006G143700	AT3G54930.1
OG0010166	As006G144090, As006G144100	AT2G39020.1
OG0010167	As006G144320	AT2G38770.1
OG0010168	As006G145000	AT2G36390.1
OG0010169	As006G145200	AT2G36650.1
OG0010170	As006G145400	AT2G36850.1
OG0010171	As006G145760	AT2G37130.1
OG0010172	As006G145770	AT2G37150.3
OG0010173	As006G145920	AT2G37260.1
OG0010174	As006G146840	AT2G37780.1
OG0010175	As006G147430, As006G147420	AT2G38152.1
OG0010176	As006G147710	AT2G38080.1
OG0010178	As006G148550	AT1G06590.1
OG0010179	As006G148870	AT2G38695.3
OG0010180	As007G152030	AT1G15415.1
OG0010181	As007G152090	AT1G15470.1
OG0010182	As007G153220	AT1G16800.2
OG0010183	As007G153980	AT1G17540.1
OG0010184	As007G154120	AT1G17690.1
OG0010185	As007G154460	AT5G20060.1
OG0010186	As007G154670	AT1G18100.1
OG0010187	As007G155120	AT1G18670.3
OG0010189	As007G155600	AT1G19230.2
OG0010190	As007G155780	AT1G19400.1
OG0010191	As007G155840	AT1G19520.1
OG0010192	As007G156140	AT1G19950.1
OG0010193	As007G156180	AT1G19980.1
OG0010194	As007G156190	AT1G19990.1
OG0010195	As007G156200	AT1G20020.1
OG0010196	As007G156260	AT1G20080.1
OG0010197	As007G156610	AT1G20480.1
OG0010198	As007G156820	AT1G20770.1
OG0010199	As007G156830	AT1G20780.1
OG0010200	As007G156890	AT1G20850.1
OG0010201	As007G157090	AT1G21065.1
OG0010202	As007G157700	AT1G21690.3
OG0010203	As007G157720	AT1G21700.1
OG0010204	As007G158010	AT1G77720.1
OG0010205	As007G158690	AT1G22660.4
OG0010206	As007G158960, As010G234280	AT1G22850.1
OG0010207	As007G159060	AT1G22910.3
OG0010208	As007G159260, As007G159270	AT1G23120.2
OG0010209	As007G159380	AT1G23230.1
OG0010210	As007G159500, As010G233410	AT1G70520.1
OG0010211	As007G159820	AT1G23900.1
OG0010212	As007G160350	AT1G26930.1
OG0010213	As007G160650	AT1G26620.1
OG0010214	As007G160860	AT1G69230.1, AT1G26355.1
OG0010215	As007G160870	AT1G26340.1
OG0010216	As007G161100	AT1G26120.1
OG0010217	As007G161200	AT1G25530.1
OG0010218	As007G161450	AT1G68200.1
OG0010219	As007G161550	AT1G25250.3
OG0010220	As007G161760	AT1G24570.2, AT2G25905.1
OG0010222	As007G162070	AT1G27385.4
OG0010223	As007G163130	AT4G24660.2
OG0010224	As007G164330	AT4G25080.6
OG0010225	As007G164340	AT4G25100.1
OG0010226	As007G164470	AT4G25190.2
OG0010227	As007G164490	AT4G25200.1
OG0010228	As007G165860	AT4G25720.1
OG0010229	As007G166590	AT2G25320.3
OG0010230	As007G177810	AT2G24550.1
OG0010231	As007G177980	AT2G24490.1
OG0010232	As007G178400, As007G178410	AT2G24220.2
OG0010233	As007G178510	AT2G24150.1
OG0010234	As007G178860, As007G178850, As009G210030, As009G210040	AT3G29785.1
OG0010235	As007G179160	AT2G23770.1
OG0010236	As007G179180	AT2G23755.1
OG0010238	As007G179220	AT2G23690.1
OG0010239	As007G179850	AT2G22880.1
OG0010240	As007G180740	AT2G21660.1
OG0010241	As007G181900	AT2G21170.1
OG0010242	As008G182310	AT1G15130.1
OG0010243	As008G182390	AT1G15040.1
OG0010244	As008G182700	AT1G14730.1
OG0010245	As008G182980	AT1G14440.1
OG0010246	As008G183250	AT1G14270.1
OG0010247	As008G183470	AT1G13940.1
OG0010248	As008G184010	AT1G13330.1
OG0010249	As008G184020	AT1G13340.1
OG0010250	As008G184160	AT1G13180.1
OG0010251	As008G184890	AT1G12330.1
OG0010252	As008G186150	AT1G11320.1
OG0010253	As008G186370	AT1G11160.1
OG0010254	As008G186570	AT1G11020.1
OG0010255	As008G186650	AT1G10900.1
OG0010256	As008G186940	AT1G10657.1
OG0010257	As008G187130	AT1G10480.1
OG0010258	As008G188220	AT1G09570.3
OG0010259	As008G188320	AT1G09460.1
OG0010260	As008G188900	AT1G09150.1
OG0010261	As008G189060	AT1G08990.1
OG0010262	As008G189460	AT1G08810.1
OG0010263	As008G192180	AT1G07620.2
OG0010264	As008G193330	AT1G06790.1
OG0010265	As008G193660	AT1G06460.1
OG0010266	As008G194440	AT2G48130.1
OG0010267	As008G194480	AT1G05750.1
OG0010268	As008G194850	AT1G05450.2
OG0010269	As008G194880	AT1G05410.1
OG0010270	As008G195170	AT1G05205.1
OG0010271	As008G195180	AT1G05200.1
OG0010272	As008G195690	AT1G04850.1
OG0010273	As008G195780	AT1G04790.1
OG0010274	As008G196080	AT1G04500.1
OG0010275	As008G196250	AT1G04360.1
OG0010276	As008G196610	AT1G04000.1
OG0010277	As008G196660	AT1G03970.1
OG0010278	As008G196840	AT1G03620.12
OG0010279	As008G196970	AT1G03790.1
OG0010280	As008G197090	AT1G03840.1
OG0010281	As008G197160	AT1G03310.1
OG0010282	As008G197510	AT1G03000.1
OG0010283	As008G197840	AT1G02680.1
OG0010284	As008G197990	AT1G02420.1
OG0010285	As008G198040	AT1G02470.1
OG0010286	As008G198830	AT1G01460.1
OG0010287	As009G199780	AT5G13950.3
OG0010288	As009G200140	AT5G14260.1
OG0010289	As009G200470	AT5G14730.1
OG0010290	As009G200920	AT5G15600.1
OG0010291	As009G201090	AT5G15450.1
OG0010292	As009G202450	AT5G16500.1
OG0010293	As009G202650	AT5G16680.1
OG0010294	As009G202660	AT5G16660.1
OG0010295	As009G202700	AT5G16750.1
OG0010296	As009G203110	AT5G17220.1
OG0010297	As009G203190	AT5G17290.1
OG0010298	As009G203600	AT5G17650.1
OG0010299	As009G204090	AT3G03950.3
OG0010300	As009G204190	AT5G18310.2
OG0010301	As009G204840	AT5G19010.1
OG0010302	As009G205100	AT5G19260.1
OG0010303	As009G206800	AT4G33410.1
OG0010304	As009G206900	AT5G27970.2
OG0010305	As009G206990	AT5G28300.1
OG0010306	As009G207050	AT5G28590.1
OG0010307	As009G207130	AT5G28740.1
OG0010308	As009G207160	AT5G28770.2
OG0010309	As009G207540	AT5G49430.1
OG0010310	As009G207570	AT5G49400.1
OG0010311	As009G207930	AT5G49100.1
OG0010312	As009G208070	AT5G49320.1
OG0010314	As009G209820	AT3G07370.1
OG0010315	As009G210240	AT5G13670.1
OG0010316	As009G211290	AT5G07020.1
OG0010317	As009G211940	AT4G31500.1
OG0010318	As009G212200	AT5G06440.4
OG0010319	As009G212230	AT5G06380.1
OG0010320	As009G212390	AT5G06280.1
OG0010321	As009G213000	AT5G05770.1
OG0010322	As009G213070	AT5G05690.1
OG0010323	As009G213130	AT5G05570.1
OG0010324	As009G213300	AT5G05390.1
OG0010325	As009G213670	AT5G05330.1
OG0010326	As009G213790	AT5G05290.1
OG0010327	As009G213900	AT5G05200.1
OG0010328	As009G213910	AT5G05190.1
OG0010329	As009G214180	AT5G04980.2
OG0010330	As009G214210	AT5G04990.1
OG0010331	As009G214960	AT5G25890.1
OG0010332	As009G215490	AT5G25170.1
OG0010333	As009G216010	AT5G24570.1
OG0010334	As009G216250	AT5G24460.1
OG0010335	As009G216290	AT5G24530.1
OG0010336	As009G216520	AT5G24105.1
OG0010337	As009G216600	AT5G24030.1
OG0010338	As009G216770	AT5G23890.1
OG0010339	As009G217020	AT5G23550.1
OG0010340	As009G217450	AT5G23040.1
OG0010341	As009G217620	AT5G60930.2
OG0010342	As009G218050	AT5G61440.1
OG0010343	As009G218180	AT5G61560.3
OG0010345	As009G218910	AT5G62460.3
OG0010346	As009G218960	AT5G62490.1
OG0010347	As009G219130	AT5G62710.1
OG0010348	As009G220110	AT5G58270.1
OG0010349	As010G220270	AT3G51380.1
OG0010351	As010G220720	AT3G50810.1
OG0010352	As010G220730	AT3G50800.1
OG0010353	As010G221070	AT3G50390.1
OG0010354	As010G221620	AT3G49650.1
OG0010355	As010G222140	AT3G49142.1
OG0010356	As010G222200	AT3G49060.1
OG0010357	As010G222520	AT3G48610.1
OG0010358	As010G222600	AT3G48530.1
OG0010359	As010G222690	AT3G48480.1
OG0010360	As010G222910	AT3G48210.1
OG0010361	As010G223180	AT3G47980.1
OG0010362	As010G223370	AT3G47810.1
OG0010364	As010G225750	AT3G44990.1
OG0010365	As010G226040	AT3G44680.1
OG0010366	As010G226070	AT3G44600.1
OG0010367	As010G226440	AT3G44050.1
OG0010368	As010G226480	AT3G43920.2
OG0010369	As010G226660	AT3G43610.2
OG0010371	As010G228320	AT1G67540.2
OG0010372	As010G229630	AT1G68230.2
OG0010373	As010G230030	AT1G67970.1
OG0010374	As010G231170	AT1G68580.2
OG0010375	As010G231280	AT1G68630.1
OG0010376	As010G231480	AT1G68795.1
OG0010377	As010G231560	AT1G68725.1
OG0010378	As010G231840	AT1G68990.2
OG0010379	As010G232100	AT1G69170.1
OG0010380	As010G232230	AT1G69220.1
OG0010381	As010G232450	AT1G69370.1
OG0010382	As010G233210	AT1G70210.1
OG0010383	As010G233960	AT1G71030.1
OG0010384	As010G234110	AT1G71200.4
OG0010385	As010G234550	AT1G71770.1
OG0010386	As010G235080, As010G234880	AT1G72190.1
OG0010387	As010G235160	AT1G78290.2
OG0010388	As010G235420	AT1G78040.1
OG0010389	As010G235630	AT1G77790.1, AT1G77780.1
OG0010390	As010G235810	AT1G77620.1
OG0010391	As010G236050	AT1G77400.1
OG0010392	As010G236200	AT3G51500.1
OG0010393	As010G236290	AT1G77160.1, AT1G77145.1
OG0010394	As010G236350	AT1G77090.1
OG0010395	As010G237610	AT1G20110.1
OG0010396	As010G238400	AT1G75180.1
OG0010397	As010G239380	AT1G74110.1
OG0010398	As010G239410	AT1G74080.1
OG0010399	As010G239670	AT1G73860.1
OG0010400	As010G239720	AT1G73820.2
OG0010401	As010G239960	AT1G73650.3
OG0010402	As010G240110	AT1G73560.1
OG0010403	As010G240200	AT1G73410.1
OG0010404	As010G240690	AT1G73050.1
OG0010405	As010G240830	AT1G72970.1
OG0010407	As010G240880	AT1G72960.1
OG0010408	As010G241420	AT1G72340.2
OG0010409	As010G242470	AT1G79090.1
OG0010410	As010G242770	AT1G79400.1
OG0010411	As010G243110	AT1G79690.1
OG0010412	As010G243460	AT1G80690.2
OG0010413	As010G243520	AT1G80630.1
OG0010414	As010G243700	AT1G80480.1
OG0010415	As010G244030	AT1G80200.2
OG0010416	As010G244160	AT1G80110.1
OG0010417	As010G244370	AT5G55280.1
OG0010418	As011G244980	AT3G13140.1
OG0010419	As011G245160	AT3G13275.1
OG0010420	As011G245580	AT3G13620.1
OG0010421	As011G246380	AT3G14280.1
OG0010422	As011G246500	AT3G14395.1
OG0010423	As011G246540	AT3G14430.1
OG0010424	As011G246580	AT3G14470.1
OG0010425	As011G246930	AT3G14810.1
OG0010426	As011G247110	AT5G20070.1
OG0010427	As011G247360	AT3G15260.1
OG0010428	As011G247510	AT3G15353.1
OG0010429	As011G247710	AT3G15530.1
OG0010430	As011G247840	AT3G15660.1
OG0010431	As011G248540	AT3G16360.2
OG0010433	As011G249450	AT3G17350.1
OG0010434	As011G249660	AT3G17600.1
OG0010435	As011G249970	AT3G17910.1
OG0010436	As011G250340	AT3G18260.1
OG0010437	As011G250410	AT3G18350.1
OG0010438	As011G250450	AT3G18390.1
OG0010439	As011G250590	AT3G18510.1
OG0010440	As011G250730	AT3G18630.1, AT2G10550.1
OG0010441	As011G250910	AT3G18790.1
OG0010442	As011G251060	AT3G18930.1
OG0010443	As011G251090	AT3G18960.1, AT4G01580.1
OG0010444	As011G251170	AT3G19050.1
OG0010446	As011G251720	AT3G19650.1
OG0010447	As011G251770	AT3G19670.1
OG0010448	As011G251930	AT3G19840.1
OG0010449	As011G251940	AT3G19850.1
OG0010450	As012G272190, As011G252150	AT1G50430.1
OG0010451	As011G252440	AT3G20170.1
OG0010452	As011G252450	AT3G20190.1
OG0010453	As011G252460	AT3G20200.1
OG0010454	As011G252510	AT3G20250.2
OG0010455	As011G252520	AT3G20260.1
OG0010456	As011G252710	AT3G20440.2
OG0010457	As011G252820	AT3G20530.1
OG0010458	As011G252850	AT3G20557.1
OG0010459	As011G252930	AT3G20660.1
OG0010460	As011G253210	AT3G21060.1
OG0010461	As011G253460	AT3G21480.1
OG0010462	As011G253830	AT3G21720.1
OG0010463	As011G253970	AT3G21820.1
OG0010464	As011G254000	AT3G21890.1
OG0010465	As011G254080	AT3G22100.1
OG0010466	As011G254700	AT3G22780.1
OG0010467	As011G254860, As011G256360	AT3G24315.1
OG0010468	As011G254880	AT3G22942.1
OG0010469	As011G254900	AT3G22960.1
OG0010470	As011G254960	AT3G23020.1
OG0010471	As011G255070	AT3G23130.1
OG0010472	As011G255190	AT3G23210.1
OG0010473	As011G255410	AT3G23490.1
OG0010474	As011G255920	AT3G24250.1
OG0010475	As011G255980	AT3G24200.2
OG0010476	As011G256370	AT3G24320.1
OG0010477	As011G258600	AT3G25470.1
OG0010478	As011G259860	AT2G07180.1
OG0010479	As011G262350	AT2G14750.1
OG0010480	As011G262770	AT2G15560.1
OG0010482	As011G263050	AT2G15970.1
OG0010483	As011G263380	AT2G16405.1
OG0010484	As011G263730	AT2G16900.1
OG0010485	As011G263750	AT2G16920.1
OG0010486	As011G263880	AT2G17033.2
OG0010487	As011G264270	AT2G17250.1
OG0010488	As011G265340	AT2G18380.1
OG0010489	As011G266240	AT2G19530.1
OG0010490	As011G266260	AT2G19560.1
OG0010491	As011G266390	AT2G19690.2
OG0010492	As011G266480	AT2G19790.1
OG0010494	As011G266710	AT2G20080.1
OG0010495	As011G266730	AT4G28990.2
OG0010496	As011G266780	AT2G20190.1
OG0010497	As011G267070	AT2G20370.1
OG0010498	As011G267210	AT2G20562.1
OG0010499	As011G267220	AT2G20570.2
OG0010500	As012G267720	AT1G54330.1
OG0010501	As012G267800	AT1G56145.2
OG0010502	As012G268210	AT1G55690.1
OG0010503	As012G268910	AT4G13070.1
OG0010504	As012G271400	AT1G51640.1
OG0010505	As012G271570	AT3G51510.1
OG0010506	As012G271620	AT1G50930.1
OG0010507	As012G271800	AT1G51310.1
OG0010508	As012G271940	AT1G50710.1
OG0010509	As012G272110	AT1G50510.1
OG0010510	As012G272140	AT1G50480.1
OG0010511	As012G272270	AT1G50320.1
OG0010512	As012G272810	AT1G49540.2
OG0010513	As012G273160	AT1G48790.1
OG0010514	As012G273250	AT1G49050.1
OG0010515	As012G273640	AT1G48560.2
OG0010516	As012G273790	AT1G48405.1
OG0010517	As012G274010	AT1G48130.1
OG0010518	As012G274560, As012G274570	AT4G13992.1, AT4G16015.1
OG0010519	As012G274830	AT4G15733.1, AT4G15735.1, AT2G05117.1
OG0010520	As012G275260	AT2G34570.1
OG0010521	As012G275310	AT2G34530.3
OG0010522	As012G275550	AT3G52040.1
OG0010523	As012G275600	AT3G52070.1
OG0010524	As012G275620	AT3G52080.1
OG0010525	As012G275810	AT3G52240.1
OG0010526	As012G275830	AT3G52260.3
OG0010527	As012G275990	AT3G52460.1
OG0010528	As012G276450	AT3G52900.1
OG0010529	As012G276460	AT3G52905.1
OG0010530	As012G276480	AT5G19920.1
OG0010531	As012G276520	AT3G52940.1
OG0010533	As012G276690	AT3G53130.1
OG0010534	As012G276700	AT3G53200.1
OG0010535	As012G277240	AT3G53500.2
OG0010536	As012G277300	AT3G53570.1
OG0010537	As012G277980	AT3G53970.1
OG0010538	As012G278630	AT3G51880.2
OG0010539	As012G279860	AT3G54360.1
OG0010540	As012G280320	AT3G54650.1
OG0010541	As012G280550	AT3G54820.1
OG0010542	As012G281310	AT3G55050.1
OG0010543	As012G281330	AT3G55070.1
OG0010544	As012G281570	AT3G55250.1
OG0010545	As012G282160	AT3G55690.1
OG0010546	As012G283300	AT3G56870.1
OG0010547	As012G283310	AT3G56880.1
OG0010548	As012G283380	AT3G56930.1
OG0010549	As012G284820	AT3G58550.1
OG0010550	As012G284830	AT3G58570.1
OG0010551	As012G285010	AT3G58720.3
OG0010552	As012G285130	AT3G59010.1
OG0010553	As012G285560	AT3G54350.1
OG0010554	As012G285680	AT3G59660.1
OG0010555	As012G285750	AT3G59770.3
OG0010556	As012G286390	AT3G60460.1
OG0010557	As012G286710	AT3G60590.3
OG0010558	As012G287180	AT3G61190.1
OG0010559	As012G287230, As012G287210	AT3G61200.1
OG0010560	As012G287350	AT3G61300.1
OG0010561	As012G287390	AT3G61350.1
OG0010562	As012G287500	AT5G28370.1, AT5G28460.1, AT3G61520.1
OG0010563	As012G287830	AT3G61820.1
OG0010564	As012G287880	AT3G61880.2
OG0010565	As012G287890	AT3G61890.1
OG0010566	As012G287920	AT3G61920.1
OG0010567	As012G288380	AT3G62550.1
OG0010568	As012G288770	AT3G62920.1
OG0010569	As012G288920	AT1G30473.1
OG0010570	As012G289050	AT3G63170.1
OG0010571	As012G289120	AT3G63230.2
OG0010660	As001G000090	AT4G28210.1
OG0010661	As001G000220	AT4G28340.1, AT4G28330.1
OG0010662	As001G000530	AT4G28600.3
OG0010663	As001G001190	AT4G29360.2
OG0010664	As001G002270	AT4G30250.2
OG0010665	As001G002820	AT4G30700.1
OG0010666	As001G003090	AT4G38190.1
OG0010667	As001G003290	AT4G31040.1
OG0010668	As001G003470	AT4G31250.1
OG0010669	As001G003760	AT4G31460.1
OG0010670	As001G004030	AT4G31770.1
OG0010671	As001G004580	AT4G32140.1
OG0010672	As001G005310	AT4G32600.1
OG0010673	As001G006390	AT4G32750.1
OG0010674	As001G006700	AT4G33200.4
OG0010675	As001G006780	AT4G33060.1
OG0010676	As001G011020, As001G011010, As005G113230	AT5G22260.1
OG0010677	As001G012520	AT4G33910.1
OG0010678	As006G146350, As001G012560	AT2G37560.1
OG0010679	As001G013490, As011G262690	AT4G34190.1
OG0010680	As001G013650	AT4G34090.3
OG0010681	As001G013830	AT4G34412.1
OG0010683	As001G014640	AT4G34910.1
OG0010684	As001G015020	AT4G35190.1
OG0010685	As001G015060	AT5G13800.3
OG0010686	As001G016230	AT1G31750.1, AT2G04063.1
OG0010687	As001G016540	AT1G32070.2
OG0010688	As001G017250	AT4G17100.1
OG0010689	As004G079940, As001G017320	AT4G17060.1
OG0010690	As001G017360	AT4G17050.1
OG0010691	As001G017850, As004G083050	AT4G16580.1
OG0010692	As001G017900	AT4G16535.1
OG0010694	As001G018040	AT4G16460.1
OG0010695	As001G018110	AT4G16420.1
OG0010696	As001G018170	AT4G16390.1
OG0010697	As001G018900	AT1G56260.1
OG0010698	As001G018920	AT3G56510.1
OG0010699	As001G018960	AT1G56310.1
OG0010700	As001G019180	AT1G09410.1, AT1G56690.1
OG0010701	As001G019260	AT1G57600.1
OG0010702	As001G019560	AT1G58070.1
OG0010703	As001G019620	AT1G58200.1
OG0010704	As001G019820	AT1G58370.2
OG0010705	As001G020210	AT1G59730.1
OG0010706	As001G020300	AT1G59650.1
OG0010707	As001G020370	AT1G59850.1
OG0010708	As001G020400	AT1G59910.1
OG0010709	As001G020430	AT1G59970.1
OG0010710	As001G020490	AT1G59990.1
OG0010711	As001G020580	AT1G60140.1
OG0010712	As001G020590	AT1G60160.1
OG0010713	As001G020630	AT1G60200.1
OG0010714	As001G020740	AT1G60390.1
OG0010715	As001G020830	AT1G60450.1
OG0010716	As001G021130	AT1G60660.1
OG0010717	As001G021410	AT1G61040.1
OG0010718	As001G021580	AT1G61240.1
OG0010719	As001G021820	AT1G61667.2
OG0010720	As001G021910	AT1G61770.1
OG0010721	As001G022020	AT1G61900.1
OG0010722	As001G022270	AT2G01130.1
OG0010723	As001G022910	AT2G01770.1
OG0010724	As001G023350	AT2G02150.1
OG0010725	As001G023480	AT2G02400.1
OG0010726	As001G023530	AT2G02480.1
OG0010727	As001G023590	AT2G02590.1
OG0010728	As001G023640	AT2G02750.1
OG0010729	As001G023710	AT2G02820.2
OG0010730	As001G024040	AT2G03390.1
OG0010731	As001G024680	AT3G25660.1
OG0010733	As001G025050	AT3G26030.1
OG0010734	As001G025130, As008G184140	AT1G13190.1
OG0010735	As001G025150	AT3G26120.1
OG0010736	As001G025240	AT3G26210.1
OG0010737	As001G025290	AT3G26350.1
OG0010738	As001G026530	AT3G27570.1
OG0010739	As001G026580	AT3G27640.1
OG0010740	As001G026860	AT3G28030.3
OG0010741	As001G026960	AT3G28340.1
OG0010742	As001G027990	AT3G29810.1
OG0010743	As001G028710	AT1G66680.1
OG0010744	As001G029450	AT1G65450.1
OG0010745	As001G029820	AT1G64880.1
OG0010746	As001G029890, As006G137450	AT3G04240.1
OG0010747	As004G076740	AT5G32470.1
OG0010748	As001G030180	AT1G64710.1
OG0010749	As001G030200	AT1G64690.3
OG0010751	As001G030540	AT1G64405.1
OG0010752	As001G030550	AT1G64400.1
OG0010753	As001G030630	AT1G64350.1
OG0010754	As004G098100, As001G030760	AT1G64180.1
OG0010755	As001G031000	AT1G63940.2
OG0010756	As001G031170, As004G097930	AT1G63700.1
OG0010757	As001G031830	AT1G62840.1
OG0010758	As002G032440	AT3G12510.1
OG0010759	As002G032850	AT4G26200.1
OG0010760	As002G033120, As002G032940	AT2G41250.1
OG0010761	As002G033420	AT2G40935.1
OG0010762	As002G033450	AT2G40980.1
OG0010763	As002G033840	AT2G40620.1
OG0010764	As002G033890	AT3G09010.1
OG0010765	As002G033970	AT3G09085.1
OG0010766	As006G148740, As002G034280	AT3G09430.1
OG0010767	As002G035340	AT3G10160.1
OG0010768	As002G035440	AT3G10210.1
OG0010769	As002G035450	AT3G10220.1
OG0010771	As002G036380	AT3G10815.1
OG0010772	As002G036410	AT1G63810.1
OG0010773	As002G036640	AT3G61010.1, AT3G11040.3
OG0010774	As002G037340	AT4G33170.1
OG0010775	As002G037350	AT3G11520.1
OG0010776	As002G037920	AT3G11920.1
OG0010777	As002G038520	AT3G12090.1
OG0010778	As002G038600	AT3G12180.1
OG0010779	As002G038780	AT3G12200.2
OG0010780	As002G038940	AT3G12370.1
OG0010781	As002G038960	AT3G12380.2
OG0010782	As002G039490	AT4G07410.1
OG0010783	As002G040450, As002G040440, As002G040460, As002G040070	AT2G23390.1
OG0010784	As002G040150	AT5G49830.2
OG0010785	As002G040590	AT5G49900.1
OG0010786	As002G042010	AT5G50390.1
OG0010787	As002G042070	AT5G50340.1
OG0010788	As002G042190	AT5G50360.1
OG0010789	As002G042250	AT5G50410.1
OG0010790	As002G042460	AT5G50780.1
OG0010791	As002G042790	AT5G51020.1
OG0010792	As002G043190	AT5G51180.1
OG0010793	As002G043370	AT5G51410.1
OG0010794	As002G043430	AT5G51510.1
OG0010795	As002G043570	AT5G51660.1
OG0010796	As002G043770	AT5G51840.1
OG0010797	As002G044070	AT5G52240.1
OG0010798	As002G044730	AT5G53310.1
OG0010799	As002G044860	AT5G53150.2
OG0010800	As002G045210	AT5G53460.1
OG0010801	As002G045390	AT5G53660.1
OG0010802	As002G045420, As002G045880	AT5G54180.1
OG0010803	As002G045570	AT5G53910.1
OG0010804	As002G045800	AT5G53800.1
OG0010805	As002G046450	AT5G54690.1
OG0010806	As002G046550	AT4G27110.1
OG0010807	As002G046710, As006G132690	AT5G54940.1
OG0010808	As002G047310	AT5G55540.1
OG0010809	As002G047530	AT5G55750.1
OG0010810	As002G047710	AT5G55960.1
OG0010811	As002G047970	AT5G56220.1
OG0010812	As002G048730	AT5G57040.1
OG0010814	As002G048930	AT5G57220.1
OG0010815	As002G049260	AT5G57590.1
OG0010816	As002G049510	AT5G57830.1
OG0010817	As002G049800	AT5G58005.1
OG0010818	As002G050520	AT5G13140.1
OG0010819	As002G050850	AT5G12430.1
OG0010821	As002G051400	AT5G11830.1
OG0010822	As002G051520	AT5G11710.1
OG0010823	As002G051620	AT5G11640.1
OG0010824	As002G051660	AT5G11590.1
OG0010825	As002G051730	AT5G11550.1
OG0010826	As002G052080	AT5G11160.1
OG0010827	As002G052110	AT5G11130.1
OG0010828	As002G052210	AT5G11000.1
OG0010829	As002G052260	AT5G10950.1
OG0010830	As002G052480	AT5G10630.4
OG0010831	As002G052730	AT5G65540.1
OG0010832	As002G052740	AT5G10520.1
OG0010833	As002G053220	AT5G10090.1
OG0010834	As002G053230	AT5G10080.1
OG0010835	As002G053560	AT5G09750.1
OG0010836	As002G053680	AT5G09590.1
OG0010838	As002G054390	AT5G08430.1
OG0010839	As002G055210	AT2G48140.1
OG0010840	As002G055350	AT5G07390.1
OG0010841	As003G055640	AT4G17240.1
OG0010842	As003G056100	AT4G17750.1
OG0010843	As003G056380	AT4G17980.2
OG0010844	As003G056780	AT4G18400.1
OG0010845	As003G056990	AT4G18520.1
OG0010846	As003G057040	AT4G18580.1
OG0010847	As003G057110	AT4G18630.1
OG0010848	As003G057370	AT4G18930.1
OG0010849	As003G057530	AT4G19100.1
OG0010850	As003G057710	AT4G19350.1
OG0010851	As003G057870	AT4G19560.1
OG0010853	As003G058740	AT4G20790.1
OG0010854	As003G058810	AT4G20850.1
OG0010856	As003G059560	AT4G21530.1
OG0010857	As003G059600	AT4G21570.2
OG0010858	As003G059750	AT4G21720.1
OG0010860	As003G061600	AT4G23570.3
OG0010861	As003G062170	AT4G24090.1
OG0010862	As004G083570, As003G062720	AT1G33360.1
OG0010863	As003G062830	AT1G33500.1
OG0010864	As003G062870	AT1G33700.1
OG0010865	As003G062970, As004G083300	AT1G33780.1
OG0010866	As003G063530, As004G080460	AT1G34780.1
OG0010867	As003G063580	AT1G35180.1, AT1G35170.1
OG0010868	As003G064400	AT2G25720.1
OG0010869	As003G064560	AT1G44446.1
OG0010870	As003G064720	AT1G43790.1
OG0010871	As003G064840	AT1G43670.1
OG0010872	As003G065810	AT1G47278.2
OG0010873	As003G068400	AT1G28080.2
OG0010874	As003G068750	AT1G28250.1
OG0010875	As003G069110	AT1G28470.1
OG0010876	As003G069140	AT1G28480.1
OG0010877	As003G069210	AT1G28540.1
OG0010878	As003G069460	AT1G29040.1
OG0010879	As003G070740	AT1G30210.1
OG0010880	As003G071080	AT1G30480.1
OG0010881	As003G071200	AT1G30610.1
OG0010882	As003G071330	AT1G30755.1
OG0010883	As003G071600	AT1G30910.1
OG0010884	As011G264650, As003G071970	AT4G35660.1
OG0010885	As003G072360	AT4G36060.3
OG0010886	As003G072540	AT4G36360.1
OG0010887	As003G072700, As011G265440	AT2G18280.1
OG0010888	As003G072860	AT4G36660.1
OG0010889	As003G072910	AT4G36710.1
OG0010890	As003G073690	AT4G37440.1
OG0010891	As003G073800	AT4G37510.1
OG0010892	As003G074290	AT4G37925.1
OG0010893	As007G180360, As003G074730	AT4G39955.1
OG0010894	As003G074910	AT4G39795.1
OG0010895	As003G075510	AT4G39360.1
OG0010896	As003G075800	AT4G39070.1
OG0010897	As003G076190	AT4G38640.1
OG0010898	As003G076240	AT4G38580.1
OG0010900	As007G182150, As003G076320	AT2G20920.1
OG0010901	As003G076400	AT4G38250.1
OG0010902	As003G076460	AT4G38360.2
OG0010903	As003G076530	AT4G38430.1
OG0010904	As003G076540	AT4G38440.1
OG0010905	As003G076610	AT4G38160.3
OG0010906	As004G076860	AT5G36210.1
OG0010907	As004G076980	AT5G36700.1, AT5G36790.1
OG0010908	As004G077160	AT5G37310.1
OG0010909	As004G077190	AT3G22690.1
OG0010910	As004G077400	AT5G37790.1
OG0010911	As004G077890	AT5G38660.2
OG0010912	As004G077930	AT5G38730.1
OG0010913	As004G078020	AT5G38895.3
OG0010914	As004G078120	AT5G39040.1
OG0010915	As004G078460	AT5G39660.1
OG0010916	As004G078730	AT2G35000.1
OG0010917	As004G078780	AT2G35040.1
OG0010918	As004G079680	AT2G35300.1
OG0010919	As004G079750	AT1G32630.1
OG0010920	As004G080150	AT4G09620.1
OG0010921	As004G080170	AT1G65280.1
OG0010922	As004G080640	AT4G08540.1
OG0010923	As004G080780	AT4G08230.1
OG0010924	As004G080900	AT4G08390.1
OG0010925	As004G081090	AT2G34260.1
OG0010926	As004G081220	AT2G34080.1
OG0010927	As004G081390	AT2G33845.1
OG0010928	As004G081450	AT2G33800.1
OG0010929	As004G081820	AT5G43300.1
OG0010930	As004G082330	AT5G42780.1
OG0010931	As004G082400	AT5G42720.1
OG0010933	As004G082450	AT5G42660.1
OG0010934	As004G082610	AT5G42470.1
OG0010935	As004G083440	AT4G10140.1
OG0010936	As004G083960	AT4G10770.1
OG0010937	As004G084430	AT4G11280.1
OG0010939	As004G085630	AT4G04370.1
OG0010940	As004G085910	AT4G04880.2
OG0010941	As004G085960	AT4G04920.1
OG0010942	As004G086000	AT4G04955.1
OG0010943	As004G086050	AT4G04980.1
OG0010944	As004G086720	AT5G44520.2
OG0010945	As004G087070	AT1G68100.1
OG0010946	As004G088020	AT5G45530.1
OG0010947	As004G088180	AT5G45710.1
OG0010948	As004G088250	AT5G45790.2
OG0010949	As004G088940	AT5G46420.1
OG0010950	As004G089130	AT5G46690.1
OG0010951	As004G089710	AT5G47090.1
OG0010952	As004G090540	AT5G47760.1
OG0010953	As004G091130	AT5G47390.1
OG0010954	As004G091520, As009G211660	AT2G04400.1
OG0010955	As004G091830	AT2G04340.1
OG0010956	As004G092560	AT5G35870.1
OG0010957	As004G092690, As011G258260	AT2G04220.1
OG0010959	As004G092940	AT2G39780.1
OG0010960	As004G094080	AT4G13400.1
OG0010961	As004G094860	AT4G13840.1
OG0010962	As004G094880	AT2G34110.1, AT4G13885.1, AT4G13870.2
OG0010963	As004G094920, As004G094930	AT4G13970.1
OG0010964	As004G095060	AT4G14010.1
OG0010965	As004G095260	AT1G64810.2
OG0010966	As004G095770	AT4G14650.1
OG0010967	As004G096550	AT4G15470.1
OG0010968	As004G096810	AT5G39970.1
OG0010969	As004G096830	AT5G39990.1
OG0010970	As004G096880	AT2G04620.1
OG0010971	As004G096940	AT2G04690.5
OG0010972	As004G096950	AT2G04700.1
OG0010973	As004G096960	AT5G40140.1
OG0010974	As004G097260	AT5G40420.1
OG0010975	As004G097320	AT5G40480.1
OG0010976	As004G097430	AT5G40570.2
OG0010977	As004G097500	AT5G40640.1
OG0010978	As004G098180	AT5G41760.1
OG0010979	As004G098450	AT5G42070.1
OG0010980	As005G098830	AT2G47890.1
OG0010981	As005G098990	AT2G47820.1
OG0010982	As005G099000	AT2G47810.1
OG0010983	As005G099450	AT2G47470.1
OG0010984	As005G099520	AT2G47390.1
OG0010985	As005G099610	AT2G47300.2
OG0010986	As005G099770	AT2G47180.1
OG0010987	As005G100290	AT2G46720.1, AT3G10280.1
OG0010988	As005G100940	AT2G46150.1
OG0010989	As005G101350	AT2G45720.1
OG0010990	As005G101420	AT2G45650.1
OG0010991	As005G101430	AT2G45640.1
OG0010992	As005G101860	AT2G45280.2
OG0010993	As005G102100	AT2G45030.1, AT1G45332.1
OG0010994	As005G102550	AT2G44650.1
OG0010995	As005G102560	AT2G44640.1
OG0010996	As005G102630	AT2G44530.1
OG0010997	As005G102820	AT2G44420.2
OG0010999	As005G104380	AT1G68470.1
OG0011000	As005G104430	AT2G42910.1
OG0011001	As005G104550	AT2G42820.1
OG0011002	As005G104730	AT2G42620.1
OG0011003	As005G105280	AT2G42320.1
OG0011005	As005G105680	AT2G41750.1
OG0011006	As005G105800	AT2G41690.1
OG0011007	As005G105810	AT2G41680.1
OG0011008	As005G105960	AT2G41600.7
OG0011009	As005G106000	AT2G41540.1
OG0011010	As005G106200	AT5G01760.1
OG0011011	As005G106310	AT5G01710.1
OG0011012	As005G106320	AT5G01700.2
OG0011013	As005G106380	AT4G00005.1, AT5G01640.1
OG0011014	As005G106400	AT5G01620.3
OG0011015	As005G106440	AT5G01590.1
OG0011016	As005G106710	AT4G03430.1
OG0011018	As005G107570	AT5G02520.2
OG0011019	As005G107670	AT5G02600.1
OG0011020	As005G107700	AT5G02640.1
OG0011021	As005G107850	AT5G02850.1
OG0011022	As005G108190	AT5G03310.1
OG0011023	As005G108280	AT3G46100.1, AT5G03406.1
OG0011024	As005G108930	AT5G03970.1
OG0011026	As005G109690	AT5G26220.1
OG0011027	As005G111460	AT5G20165.3
OG0011028	As005G111930, As005G120870	AT5G65990.1
OG0011029	As005G111950	AT5G20600.1
OG0011030	As005G112240	AT5G20730.1
OG0011031	As005G112410	AT5G20930.1
OG0011032	As005G112630	AT5G21120.2
OG0011033	As005G113010, As005G113050, As005G113060	AT5G21970.1
OG0011034	As005G113070	AT5G22010.1
OG0011035	As005G113440	AT5G22500.1
OG0011036	As005G113450	AT5G22510.1
OG0011037	As005G114090	AT5G60650.1
OG0011038	As005G114120	AT5G60615.1
OG0011039	As005G114230	AT5G60490.1
OG0011041	As005G115080	AT5G59340.1
OG0011042	As005G115600	AT5G59480.1
OG0011043	As005G115880	AT5G58940.1
OG0011044	As005G116560	AT5G63620.1
OG0011045	As005G116810	AT5G63870.1
OG0011046	As005G117120	AT5G64160.1
OG0011047	As005G117130	AT5G64170.2
OG0011048	As005G117220	AT5G64230.1
OG0011049	As005G117620	AT5G64630.2
OG0011050	As010G220920, As005G119800	AT3G50590.1
OG0011051	As005G119940	AT5G66740.1
OG0011052	As005G119950	AT5G66730.1
OG0011053	As005G120280	AT5G66510.2
OG0011054	As005G120610	AT5G66210.1
OG0011055	As005G120790	AT5G66070.2
OG0011056	As005G120920	AT5G65930.3
OG0011057	As006G121390	AT4G00560.4
OG0011058	As006G121400	AT4G00550.1
OG0011059	As006G121590	AT4G00355.1
OG0011060	As006G121680	AT4G00290.1, AT4G00234.1
OG0011061	As006G122180	AT4G00895.1
OG0011062	As006G122390	AT4G01460.1
OG0011063	As006G122450	AT4G01560.1
OG0011064	As006G122460	AT4G01570.1
OG0011065	As006G122490	AT4G01600.1
OG0011066	As006G122560	AT4G01660.1
OG0011067	As006G122590	AT4G01690.1
OG0011068	As006G122680	AT4G01870.2
OG0011069	As006G122750	AT4G01800.2
OG0011070	As006G122860	AT4G02030.2
OG0011071	As006G123040	AT4G02210.1
OG0011072	As006G123220, As008G197650	AT4G02425.1
OG0011073	As006G123260	AT4G02460.1
OG0011074	As006G123340	AT4G02550.3
OG0011075	As006G123630	AT4G02830.1
OG0011076	As006G123670	AT4G02790.1
OG0011077	As006G124140	AT4G03400.1
OG0011078	As006G124730	AT5G43880.1
OG0011079	As006G125630	AT2G32990.1
OG0011080	As006G125890	AT4G31010.2
OG0011081	As006G125910	AT2G32810.1
OG0011082	As006G126030	AT2G32940.1
OG0011083	As006G126040	AT2G32950.1
OG0011084	As006G126390	AT2G32100.1
OG0011085	As006G127470	AT2G31190.1
OG0011086	As006G127690	AT2G30960.1
OG0011087	As006G128020	AT2G30530.1
OG0011088	As006G128620	AT2G29760.1
OG0011089	As006G128770	AT2G29560.1
OG0011090	As006G128890	AT2G29410.1
OG0011091	As006G129310	AT2G28900.1
OG0011092	As006G129650	AT2G28600.1
OG0011093	As006G129920	AT2G28330.1
OG0011094	As006G129970	AT2G28260.1
OG0011095	As006G130110	AT2G28090.1
OG0011096	As006G130430	AT2G27590.1
OG0011097	As006G130500	AT2G26970.1
OG0011098	As006G130810	AT2G27290.1
OG0011099	As006G130980	AT2G26910.1
OG0011100	As006G130990	AT2G26900.1
OG0011101	As006G131250	AT5G48340.1
OG0011102	As006G131430	AT5G09890.2
OG0011103	As007G161430, As006G131800	AT1G25330.1
OG0011104	As006G132190	AT2G25735.1
OG0011106	As006G132760	AT3G01380.2
OG0011107	As006G132840	AT3G01480.1
OG0011108	As006G133150	AT3G01710.3
OG0011109	As006G133270	AT2G30120.5
OG0011110	As006G133610	AT3G02070.1
OG0011111	As006G134030	AT2G41380.1
OG0011112	As006G134040	AT2G41370.1
OG0011113	As006G134530	AT4G26780.1
OG0011114	As006G134570	AT4G26740.1
OG0011115	As006G134580	AT4G26730.1, AT2G16030.1
OG0011117	As006G135680	AT3G02680.1
OG0011118	As006G135740	AT3G02740.1
OG0011119	As009G202720, As006G135960	AT3G02940.1
OG0011120	As006G136290	AT5G19570.1
OG0011121	As006G136860	AT3G03760.1
OG0011122	As006G137620	AT3G04460.2
OG0011123	As006G138220	AT3G05070.1
OG0011124	As006G138300	AT3G05000.1
OG0011125	As006G138420	AT3G05155.1
OG0011126	As006G138850	AT3G05440.1
OG0011127	As006G139240	AT3G05850.1
OG0011128	As006G139560	AT3G06050.1
OG0011129	As006G139610	AT3G06100.1
OG0011130	As006G139740	AT4G13500.1, AT2G05310.1
OG0011131	As006G140030	AT3G06420.1
OG0011132	As006G141170	AT5G48530.1, AT3G07440.1
OG0011133	As006G141720	AT3G07970.1
OG0011134	As006G141870	AT3G08550.1
OG0011135	As006G142220	AT3G08950.1
OG0011136	As006G142240	AT3G08960.1
OG0011137	As006G142340	AT2G40490.1
OG0011138	As006G142960	AT2G40000.1
OG0011139	As006G143320	AT2G39725.1
OG0011140	As006G144140	AT2G38970.1
OG0011141	As006G144310	AT2G38780.6
OG0011142	As006G144550	AT2G36000.1
OG0011143	As006G144750	AT2G36240.1
OG0011144	As006G145560	AT2G36990.1
OG0011145	As006G145970	AT2G37320.1
OG0011146	As006G146170	AT2G37420.1
OG0011147	As006G146670	AT2G37650.1
OG0011148	As006G146820	AT2G37760.1
OG0011149	As006G147010	AT2G37925.1
OG0011150	As006G147090	AT2G38270.1
OG0011151	As006G148150	AT2G38510.1
OG0011152	As006G148270	AT2G38500.1
OG0011153	As007G152420	AT1G15950.1
OG0011154	As007G152510	AT1G16022.1
OG0011155	As007G152560	AT1G16060.1
OG0011156	As007G152860	AT1G16380.1
OG0011157	As007G153620	AT1G17190.1
OG0011158	As007G153640, As010G241570	AT1G17210.1
OG0011159	As007G154100	AT1G17665.1
OG0011160	As007G154130	AT1G17700.1
OG0011161	As007G154370	AT1G17920.1
OG0011162	As007G155900	AT1G19620.1
OG0011163	As007G156020	AT1G19800.1
OG0011164	As007G156280	AT1G20100.1
OG0011165	As007G156530	AT1G20370.1
OG0011166	As007G157280	AT1G21360.1
OG0011167	As007G157980	AT1G21840.1
OG0011168	As007G159000	AT1G22882.1
OG0011169	As007G159710	AT1G23750.1
OG0011170	As007G160040	AT1G24160.1
OG0011171	As007G160190	AT1G27100.1
OG0011172	As007G160480	AT1G26800.1
OG0011173	As007G160730	AT1G26550.1
OG0011174	As007G160890	AT3G12775.1
OG0011175	As007G161310	AT1G25425.1
OG0011176	As007G161350	AT1G25390.1
OG0011177	As007G161480	AT1G25275.3
OG0011178	As007G161700	AT1G24625.1
OG0011179	As007G161730	AT1G24590.1
OG0011180	As007G161980	AT1G24340.1
OG0011181	As007G162040	AT1G27390.1
OG0011182	As010G228910, As007G162050	AT1G67360.1
OG0011183	As007G162290	AT1G01630.1
OG0011184	As007G162660	AT1G27470.1
OG0011185	As007G163420	AT5G33280.1
OG0011186	As007G164450	AT4G25170.2
OG0011187	As007G165170	AT4G25620.1
OG0011190	As007G177660	AT5G40010.1
OG0011191	As007G178530	AT2G24130.2
OG0011192	As007G179170	AT2G23760.4
OG0011193	As007G179200	AT2G23700.1
OG0011194	As007G179860	AT2G22870.1
OG0011195	As007G180510	AT2G22120.2
OG0011196	As007G180640	AT2G21880.1
OG0011197	As007G180780	AT2G21630.1
OG0011198	As007G181920	AT2G21160.1
OG0011199	As008G183070	AT1G14340.1
OG0011200	As008G183240	AT1G14260.1
OG0011201	As008G183300	AT1G14150.1
OG0011202	As008G183480	AT1G13920.4
OG0011203	As008G183680	AT1G13700.1
OG0011204	As008G184380	AT1G12940.1, AT4G14358.1
OG0011205	As008G184460	AT1G12845.1
OG0011206	As008G184710	AT1G12540.1
OG0011207	As008G185360	AT1G11950.1
OG0011208	As008G185590	AT1G11800.1
OG0011209	As008G185960	AT1G11530.1
OG0011211	As008G187100	AT1G10520.1
OG0011212	As008G187310	AT1G10320.1
OG0011213	As008G187780	AT1G10040.1
OG0011214	As008G188990	AT1G09060.3
OG0011215	As008G189180	AT4G16710.1
OG0011216	As008G189340	AT1G08845.2
OG0011217	As008G189970	AT1G08660.1
OG0011219	As008G190880	AT1G08110.4
OG0011220	As008G192890	AT1G07340.1
OG0011221	As008G192940	AT1G07260.1
OG0011222	As008G193220	AT1G06910.1
OG0011223	As008G193720	AT1G06380.1
OG0011224	As008G194140	AT1G06060.1
OG0011225	As008G194180	AT1G06010.1
OG0011226	As008G194230	AT1G05970.2
OG0011227	As008G194260	AT1G05910.1
OG0011228	As008G194730	AT1G05577.1
OG0011229	As008G194810	AT1G05490.1
OG0011230	As008G194890	AT1G05420.2
OG0011231	As008G195880	AT1G04700.1
OG0011232	As008G196000	AT1G04580.1
OG0011233	As008G196730	AT1G03950.1
OG0011234	As008G196770	AT1G03530.1
OG0011235	As008G196830	AT1G03610.1
OG0011236	As008G196960	AT1G03780.3
OG0011237	As008G197150	AT1G03360.1
OG0011238	As008G197210	AT1G03290.1
OG0011239	As008G197300	AT1G03190.1
OG0011240	As008G197340	AT1G03150.1
OG0011241	As008G197580	AT1G02910.1
OG0011242	As008G197780	AT1G02750.1
OG0011243	As008G197850	AT1G02660.1
OG0011244	As008G197920	AT1G02560.1
OG0011245	As008G198560	AT1G01230.1
OG0011246	As008G199400	AT1G02020.1
OG0011247	As009G199810	AT5G13980.1
OG0011248	As009G200100	AT5G14310.1
OG0011249	As009G200210	AT5G14180.1
OG0011251	As009G200440	AT5G14700.1
OG0011252	As009G201280	AT5G15290.1
OG0011253	As009G202350	AT5G16380.1
OG0011254	As009G202430	AT5G16480.1
OG0011255	As009G202640	AT5G16690.1
OG0011256	As009G203300	AT5G17400.1
OG0011257	As009G203350, As009G203340, As009G203330	AT5G17370.2
OG0011258	As009G203770	AT5G17840.1
OG0011259	As009G203940	AT1G68300.1
OG0011260	As009G204240	AT5G18400.2
OG0011261	As009G204340	AT5G18475.1
OG0011262	As009G204490	AT5G18610.1
OG0011263	As009G204920	AT5G19080.1
OG0011264	As009G205430	AT5G26731.1
OG0011265	As009G205630	AT5G26770.5
OG0011266	As009G205730	AT5G27000.1
OG0011267	As009G205780	AT5G26940.1
OG0011268	As009G205920	AT5G27860.1
OG0011269	As009G206720	AT5G27240.1
OG0011270	As009G207180	AT5G28830.1
OG0011271	As009G207220	AT5G29560.1
OG0011272	As009G207320	AT5G49580.1
OG0011273	As009G207560	AT5G49410.1
OG0011274	As009G207950	AT5G49130.1
OG0011275	As009G208020	AT5G49270.1
OG0011277	As009G210510	AT5G13520.1
OG0011278	As009G211130, As009G210980	AT5G06920.1
OG0011279	As009G212480	AT5G06240.1
OG0011280	As009G212800	AT5G05920.1
OG0011281	As009G213120	AT5G05590.1, AT1G07780.1, AT1G29410.2
OG0011282	As009G213220	AT5G05500.1
OG0011283	As009G213260	AT5G05460.1
OG0011284	As009G213310	AT5G05380.2
OG0011285	As009G213320	AT3G12210.2
OG0011286	As009G214610	AT5G04440.1
OG0011287	As009G214790	AT5G26090.2
OG0011288	As009G215210	AT5G25580.1
OG0011289	As009G215220	AT5G25590.1
OG0011290	As009G215320	AT5G25390.2
OG0011291	As009G215440	AT5G25240.1
OG0011292	As009G215760	AT5G24850.1
OG0011293	As009G215890	AT5G24680.1
OG0011294	As009G216400	AT5G24240.1
OG0011295	As009G216540	AT5G24090.1
OG0011296	As009G216740	AT5G23903.1, AT1G07680.1
OG0011297	As009G216830	AT5G23760.1
OG0011298	As009G217770	AT5G61120.1
OG0011299	As009G218210	AT5G61600.1
OG0011300	As009G219140	AT5G62720.1
OG0011301	As009G219480	AT5G58800.1
OG0011302	As009G219600	AT5G58750.1
OG0011303	As009G220010	AT5G58375.1
OG0011304	As009G220030	AT5G58360.1
OG0011305	As009G220130	AT5G58250.1
OG0011306	As010G220460	AT3G51100.1
OG0011307	As010G220900	AT3G50620.1
OG0011308	As010G220910	AT3G50610.2
OG0011309	As010G220940	AT3G50570.2
OG0011310	As010G221010	AT3G50440.1
OG0011311	As010G221030	AT3G50420.1
OG0011312	As010G221430	AT3G49845.1
OG0011313	As010G222220	AT3G49050.1
OG0011314	As010G222540	AT3G48580.1
OG0011315	As010G222570	AT3G48560.1
OG0011316	As010G222990	AT3G48187.1
OG0011317	As010G223720	AT1G13930.1
OG0011318	As010G224680	AT3G46220.2
OG0011319	As010G224700	AT3G46200.1
OG0011320	As010G225620, As010G224940	AT3G45110.1, AT3G45150.1
OG0011321	As010G225680	AT3G45050.2
OG0011322	As010G226180	AT3G44530.1
OG0011323	As010G227310	AT3G42660.1
OG0011324	As010G227500	AT3G33520.1
OG0011325	As010G228210	AT5G40850.1
OG0011326	As010G228580	AT1G68190.2
OG0011327	As010G230100	AT1G68150.1
OG0011328	As010G230390	AT1G67930.1
OG0011329	As010G231190	AT1G68590.1
OG0011330	As010G231300	AT1G68660.1
OG0011331	As010G232700	AT1G69600.1
OG0011332	As010G232770	AT1G69700.1
OG0011333	As010G233110	AT1G72030.1
OG0011334	As010G233360	AT1G70470.1
OG0011335	As010G233420	AT1G70530.1
OG0011336	As010G233490	AT1G70570.2
OG0011337	As010G233680	AT1G70760.1
OG0011338	As010G233900	AT1G71000.1
OG0011339	As010G234360	AT1G71520.1
OG0011340	As010G234420	AT1G71695.1
OG0011341	As010G234590	AT1G71800.1
OG0011342	As010G234910	AT1G72090.1
OG0011343	As010G235200	AT1G78260.1
OG0011344	As010G235230	AT1G78210.1
OG0011345	As010G235530	AT1G77920.1
OG0011346	As010G236040	AT1G77405.1
OG0011347	As010G236500	AT1G21326.1
OG0011348	As010G237130	AT1G76370.1
OG0011349	As010G237770	AT1G75720.1
OG0011350	As010G237800	AT1G75700.3
OG0011351	As010G237890	AT4G29860.1
OG0011352	As010G237970	AT1G45545.2
OG0011353	As010G238210	AT5G42120.1
OG0011354	As010G238230	AT1G75340.1
OG0011355	As010G238430	AT1G75160.1
OG0011356	As010G238700	AT1G74850.1
OG0011357	As010G239060	AT1G74458.1
OG0011358	As010G239140	AT1G74390.1
OG0011359	As010G239530	AT1G73970.1
OG0011360	As010G239590	AT1G73930.1
OG0011361	As010G241050	AT1G72710.1
OG0011362	As010G243580	AT1G80580.1
OG0011363	As010G243590	AT1G80570.2
OG0011364	As010G243790	AT1G80420.1
OG0011365	As010G244150	AT1G80120.1
OG0011366	As011G244760	AT3G12930.1
OG0011367	As011G244830	AT3G12977.1
OG0011368	As011G244970	AT3G13130.1
OG0011369	As011G245020	AT3G13175.1
OG0011370	As011G245040	AT3G13190.1
OG0011371	As011G245430	AT3G13490.1
OG0011372	As011G245690	AT3G13740.3
OG0011373	As011G245780	AT3G13800.1
OG0011374	As011G246050	AT3G13840.1
OG0011375	As011G246130	AT3G14075.1
OG0011376	As011G246320	AT3G14220.1
OG0011377	As011G246570	AT3G14460.1
OG0011378	As012G269660, As011G246750, As011G246760	AT1G53560.1
OG0011379	As011G247040	AT3G14910.1
OG0011380	As011G247120	AT3G14980.1
OG0011381	As011G247220	AT3G15110.1
OG0011382	As011G247380	AT3G15280.1
OG0011383	As011G247440	AT3G15354.3
OG0011384	As011G247540	AT3G15360.1
OG0011385	As011G247640	AT3G15470.1
OG0011386	As011G248390	AT3G16230.1
OG0011387	As011G248490	AT3G16320.1
OG0011388	As011G248510, As011G248520	AT3G16340.1
OG0011389	As011G248550	AT3G16370.1
OG0011390	As011G249460	AT3G17360.3
OG0011391	As011G249800	AT5G04395.1
OG0011392	As011G249980	AT3G17920.1
OG0011393	As011G250320	AT3G18230.1
OG0011394	As011G250660	AT3G18560.1
OG0011395	As011G250820	AT3G18750.1
OG0011396	As011G251130	AT3G19010.1
OG0011397	As011G251270	AT3G19184.2
OG0011398	As011G251380	AT3G19300.1
OG0011399	As011G251390	AT3G19310.1
OG0011400	As011G251420	AT3G19370.1
OG0011401	As011G251820	AT3G19710.1
OG0011403	As011G252690	AT3G20420.1
OG0011404	As011G252780	AT3G20475.1
OG0011405	As011G252970	AT3G20730.1
OG0011406	As011G253340	AT3G21215.1
OG0011407	As011G253940	AT3G21770.1
OG0011408	As011G253960	AT3G21810.1
OG0011409	As011G254100	AT3G22104.1
OG0011410	As011G254190	AT3G22190.1
OG0011411	As011G254500	AT3G22510.1
OG0011412	As011G254530	AT3G22540.1
OG0011414	As011G255270	AT3G23255.2
OG0011415	As011G256010	AT3G24180.1
OG0011416	As011G256340	AT1G48520.1
OG0011417	As011G256720	AT3G24570.1
OG0011418	As011G257350	AT3G25050.1
OG0011419	As011G257680	AT3G25190.1
OG0011420	As011G258410, As011G258370, As011G258360	AT2G04100.1, AT2G04090.1
OG0011421	As011G258770	AT2G04790.10
OG0011422	As011G259280	AT2G07690.1
OG0011423	As011G261000	AT2G06925.1
OG0011424	As011G261120	AT2G06530.1
OG0011425	As011G261280	AT2G06050.1
OG0011426	As011G261540	AT2G05830.1
OG0011427	As011G261630	AT2G05620.1
OG0011428	As011G261800	AT1G72275.1
OG0011429	As011G262810	AT2G15570.2
OG0011430	As011G263090	AT2G16070.2
OG0011431	As011G263210	AT2G16250.1
OG0011432	As011G264550	AT2G17580.1
OG0011433	As011G264940	AT2G18000.2
OG0011434	As011G265260	AT2G18470.1
OG0011435	As011G265370	AT2G18350.1
OG0011436	As011G265660	AT2G18890.1
OG0011437	As011G266070	AT2G19400.1
OG0011438	As011G266170	AT2G19500.1
OG0011439	As011G266490	AT2G19800.1
OG0011440	As011G266640	AT2G20020.1
OG0011441	As011G266790	AT2G20210.1
OG0011442	As011G267140	AT2G20480.1
OG0011443	As011G267430	AT2G20830.2
OG0011444	As011G267480	AT2G20800.1
OG0011445	As012G269270	AT1G54050.1
OG0011446	As012G269620	AT1G53620.1, AT1G53610.1
OG0011447	As012G269740	AT1G53460.1
OG0011448	As012G269800	AT1G53330.1
OG0011449	As012G271040	AT1G51960.1
OG0011450	As012G271090	AT1G51910.1
OG0011451	As012G271260	AT1G51800.1
OG0011452	As012G272000	AT3G20330.1
OG0011453	As012G272840	AT1G49500.1
OG0011454	As012G273620	AT1G48580.2
OG0011455	As012G274070	AT1G48040.1
OG0011457	As012G274410	AT4G16140.2
OG0011458	As012G275030	AT2G34730.1
OG0011459	As012G275040	AT2G34720.1
OG0011460	As012G275170	AT2G34620.1
OG0011461	As012G275380	AT2G34450.2
OG0011462	As012G275670	AT3G52115.1
OG0011463	As012G275750	AT3G52190.1
OG0011464	As012G276160	AT1G29940.1
OG0011465	As012G276390	AT3G52860.1
OG0011466	As012G276430	AT3G52880.2
OG0011467	As012G276540	AT3G52960.1
OG0011468	As012G276790	AT3G53140.1
OG0011469	As012G277160	AT4G28040.1
OG0011470	As012G277970	AT3G53980.1
OG0011471	As012G280340	AT3G54660.1
OG0011472	As012G280860	AT3G54840.1
OG0011473	As012G281560	AT3G55240.1
OG0011474	As012G282200	AT3G55720.1
OG0011475	As012G282410	AT3G55850.5
OG0011476	As012G283330	AT3G56891.1
OG0011477	As012G283590	AT3G57050.1
OG0011478	As012G283620	AT3G57070.1
OG0011479	As012G284010	AT3G57480.1
OG0011480	As012G284480	AT3G58070.1
OG0011481	As012G284590	AT3G58170.1
OG0011482	As012G285460	AT1G08700.1
OG0011483	As012G285520	AT3G59490.2
OG0011484	As012G285800	AT3G54450.1
OG0011485	As012G286350, As012G286340, As012G286360	AT3G60420.1
OG0011485	As012G286380	AT3G60450.2
OG0011486	As012G286780	AT3G60660.1
OG0011487	As012G287070	AT3G61060.2
OG0011488	As012G287370	AT2G45860.1
OG0011489	As012G287660	AT3G61670.1
OG0011490	As012G287750	AT3G61740.1
OG0011491	As012G287760	AT3G61750.1
OG0011492	As012G287800	AT3G61790.1
OG0011493	As012G287940	AT3G61950.1
OG0011494	As012G288220	AT3G62280.1
OG0011495	As012G288320	AT3G62390.1
OG0011496	As012G288370	AT5G14820.1, AT3G62540.1, AT3G62470.1
OG0011497	As012G288700	AT3G62710.1
OG0011498	As012G288870	AT3G63020.1
OG0011499	As012G289010	AT3G63130.1
OG0011500	As012G289230	AT3G63340.2
OG0011501	As012G289510	AT5G26880.1
OG0011603	As001G000620	AT4G28706.4
OG0011604	As001G000640	AT4G28710.1
OG0011605	As001G000750	AT4G29060.1
OG0011606	As001G000760	AT4G28840.1
OG0011607	As001G000770, As001G000780	AT4G28850.1
OG0011608	As001G001200	AT4G29380.1
OG0011609	As001G001680, As011G266060	AT4G29790.1
OG0011610	As001G002380, As011G265100	AT2G18670.1
OG0011611	As001G002390	AT4G30390.1
OG0011612	As001G002520	AT4G30490.1
OG0011613	As001G002550	AT4G30520.1
OG0011614	As001G002600	AT4G30550.1
OG0011615	As001G002620	AT4G30580.1
OG0011616	As001G002860	AT4G30720.1
OG0011617	As001G003110	AT4G30935.1
OG0011618	As001G003790	AT4G31530.2
OG0011619	As001G003900	AT1G08760.1
OG0011620	As001G004120	AT4G31820.1
OG0011621	As001G005270	AT4G32560.1
OG0011622	As001G005320	AT4G32605.1
OG0011623	As001G005480	AT2G34640.1
OG0011624	As001G005990	AT4G32850.8
OG0011625	As005G112960, As001G012020	AT5G21930.1
OG0011626	As001G012440	AT4G33870.1
OG0011627	As010G234230, As001G012570	AT1G71350.1
OG0011628	As001G012750	AT5G20090.1
OG0011629	As001G012800	AT4G34260.1
OG0011630	As001G014210, As011G263200	AT4G34500.1
OG0011631	As001G015240, As001G015480, As001G015160	AT4G35220.1
OG0011632	As001G015830	AT1G31190.1
OG0011633	As001G015850, As004G078950	AT1G31230.1
OG0011634	As001G015860	AT1G31240.1
OG0011635	As001G015970	AT1G31440.1
OG0011636	As001G016040	AT1G31600.1
OG0011637	As001G016570	AT1G32090.1
OG0011638	As001G016670	AT1G32160.1
OG0011639	As001G016690	AT1G32180.1
OG0011640	As001G016960	AT1G32440.1
OG0011641	As001G017080	AT1G32560.1
OG0011642	As001G017280	AT4G17085.1
OG0011643	As001G017510	AT4G16845.1
OG0011644	As001G017650	AT4G16695.1
OG0011645	As001G017680	AT4G16670.1
OG0011646	As001G017950	AT4G16510.1
OG0011647	As001G018260	AT2G22260.6
OG0011648	As001G018380	AT1G54500.1
OG0011649	As001G018410	AT2G26340.2
OG0011650	As001G018560	AT1G54650.3
OG0011651	As001G018700	AT1G54860.1
OG0011652	As001G018770	AT1G54990.1
OG0011653	As001G019090	AT1G56500.1
OG0011654	As001G019120	AT1G56560.1
OG0011655	As001G019320	AT1G57700.1
OG0011656	As001G019530	AT1G09812.1
OG0011657	As001G019630	AT1G58210.1
OG0011659	As001G020570	AT1G60080.1
OG0011660	As001G020620	AT1G60190.1
OG0011661	As001G020690	AT5G37010.1
OG0011662	As001G020930	AT1G60550.1
OG0011663	As001G020950	AT5G43750.1
OG0011664	As001G021420	AT1G61050.2
OG0011665	As001G021850	AT1G61690.1
OG0011666	As008G185670, As001G022070	AT1G11730.1
OG0011667	As001G022630	AT2G01505.1
OG0011668	As001G022840	AT2G01710.2
OG0011669	As001G022900	AT2G01755.2
OG0011670	As007G159130	AT1G22960.1
OG0011671	As001G022970	AT2G01830.2
OG0011672	As001G023110	AT2G01950.1
OG0011673	As001G023330	AT2G02148.1
OG0011674	As001G023540	AT2G02500.1
OG0011675	As001G023600, As012G281070	AT2G02710.1
OG0011676	As001G023900	AT2G03150.1
OG0011677	As001G024050	AT2G03420.1
OG0011678	As001G024640	AT3G25620.2
OG0011679	As001G024710	AT3G25690.5
OG0011680	As001G024780	AT3G25740.1
OG0011681	As001G024910	AT3G25890.1
OG0011682	As001G025400, As001G025410	AT3G26500.1
OG0011683	As001G025520	AT3G26630.1
OG0011684	As001G025990	AT3G27100.1
OG0011685	As001G026100	AT3G27220.1
OG0011686	As001G026550, As004G097360, As004G097350	AT5G40490.1
OG0011687	As001G027420	AT3G28880.1
OG0011688	As001G028050	AT3G30210.1
OG0011689	As001G028410	AT1G67070.1
OG0011690	As001G028470	AT1G66900.1
OG0011691	As001G028550	AT1G66840.1
OG0011692	As001G028720	AT1G66670.1
OG0011693	As001G028750	AT1G66510.1
OG0011694	As001G028830	AT1G66430.1
OG0011695	As001G028880	AT1G66360.1
OG0011696	As001G028990	AT1G66210.1
OG0011697	As001G029140	AT1G65950.1
OG0011698	As001G029230, As008G196310	AT1G04290.1
OG0011699	As001G029920	AT5G38890.1
OG0011700	As001G030100	AT1G28760.1
OG0011701	As001G030330	AT1G64620.1
OG0011702	As001G030400	AT1G64550.1
OG0011703	As001G030470	AT1G64500.1
OG0011704	As001G030520	AT1G64440.1
OG0011705	As001G030800	AT1G64150.1
OG0011706	As001G031060	AT1G63850.1
OG0011708	As001G031520	AT1G63170.1
OG0011709	As001G031700	AT1G62981.1
OG0011710	As001G031840	AT1G62830.1
OG0011711	As001G031940	AT1G62710.1
OG0011712	As002G032380	AT3G12590.1
OG0011713	As002G032700	AT4G26070.2
OG0011714	As002G033400	AT3G56640.1
OG0011715	As002G033440, As012G283120	AT2G40970.1
OG0011716	As002G033770	AT2G40690.1
OG0011717	As002G033830	AT2G40630.1
OG0011718	As002G033950	AT3G09070.1
OG0011719	As002G034210	AT3G09330.1, AT3G09340.1
OG0011720	As002G034330	AT3G09470.2
OG0011721	As002G034360	AT3G09540.1
OG0011722	As002G034390	AT3G09570.1
OG0011723	As002G034970	AT3G09890.1
OG0011724	As002G035260	AT5G53220.1
OG0011727	As002G035680	AT3G10440.1
OG0011728	As002G036120	AT3G10670.1
OG0011729	As002G036300	AT3G10730.1
OG0011730	As002G036360	AT3G10800.1
OG0011731	As002G036370	AT3G10810.1
OG0011732	As002G036450	AT3G10850.1
OG0011733	As002G036490	AT3G10910.1
OG0011734	As002G036750	AT3G10970.1
OG0011735	As002G037510	AT3G11670.1
OG0011736	As002G038350	AT3G12050.1
OG0011737	As002G040720	AT5G49950.1
OG0011738	As002G041710	AT5G50180.1
OG0011739	As002G041720	AT5G50175.1
OG0011740	As002G041880	AT5G50240.1
OG0011741	As002G042540	AT5G50790.1
OG0011742	As002G042680	AT5G50870.2
OG0011743	As002G042900	AT5G51100.1
OG0011744	As002G042950	AT5G51110.1
OG0011745	As002G043150	AT5G51170.1
OG0011746	As002G043330	AT5G51340.1
OG0011747	As002G043440	AT5G51520.1
OG0011748	As002G043450	AT5G51540.1
OG0011749	As002G043880	AT5G51990.1
OG0011750	As002G044160	AT5G52340.1
OG0011751	As002G044210	AT5G52400.1
OG0011752	As002G044260	AT5G52430.1
OG0011753	As002G044380	AT5G49650.1
OG0011754	As002G045290, As007G165960	AT4G27745.1
OG0011755	As002G045380	AT5G53650.1
OG0011756	As002G045500	AT5G54140.1
OG0011757	As002G045630	AT5G53980.1
OG0011758	As002G045660	AT5G53940.1
OG0011760	As002G046300	AT5G54530.1
OG0011761	As002G046330	AT5G54570.1
OG0011762	As002G046690	AT5G54910.1
OG0011763	As002G046870	AT4G26900.1
OG0011764	As002G047210	AT5G55390.1
OG0011765	As002G047350	AT5G55570.1
OG0011766	As002G047490	AT5G55720.1
OG0011767	As002G047540	AT5G55760.1
OG0011768	As002G047790	AT5G56050.1
OG0011769	As002G047880	AT5G56130.1
OG0011770	As002G047930	AT5G56180.1
OG0011772	As002G048820	AT5G57120.1
OG0011773	As002G048840	AT5G57130.1
OG0011774	As002G048920	AT5G57210.1
OG0011775	As002G049270	AT5G57610.1
OG0011776	As002G049400	AT5G57740.1
OG0011777	As002G049580	AT5G57900.1
OG0011778	As002G049600	AT5G57920.3
OG0011779	As002G049980, As002G049970	AT4G06744.1
OG0011780	As002G050060	AT4G06536.1, AT4G06534.1
OG0011781	As002G050460	AT5G13200.1
OG0011782	As002G051370	AT5G11860.1
OG0011783	As002G051450	AT5G11800.1
OG0011784	As002G051790	AT5G11490.2
OG0011785	As002G052300	AT5G10920.1
OG0011786	As002G052410	AT5G10790.1
OG0011787	As002G052640	AT5G10560.1
OG0011788	As002G052960	AT5G10320.1
OG0011789	As002G053490	AT5G09840.1
OG0011790	As005G117500, As002G053630	AT5G64500.1
OG0011791	As002G053690	AT5G09580.1
OG0011792	As002G053830	AT5G09420.1
OG0011793	As002G053870	AT5G09390.1
OG0011794	As002G054170	AT5G08640.1
OG0011795	As002G054250	AT5G08550.1
OG0011796	As002G054320	AT5G08490.1
OG0011797	As002G054360	AT5G08450.1
OG0011798	As002G054490	AT5G08390.1
OG0011799	As002G055030	AT5G07790.1
OG0011800	As002G055160	AT5G07610.1
OG0011801	As002G055370	AT5G07370.1
OG0011802	As002G055480	AT5G07280.1
OG0011803	As002G055490	AT5G07270.1
OG0011804	As003G055960	AT4G17610.1
OG0011805	As003G056200	AT4G17830.2
OG0011806	As003G056670	AT4G18290.2
OG0011807	As007G152950, As007G162560, As003G056840	AT1G16480.1
OG0011808	As003G056920	AT4G18470.1
OG0011809	As003G056930	AT4G18460.1
OG0011810	As003G057440	AT4G19003.1
OG0011811	As003G057630	AT4G19180.1
OG0011812	As003G057690	AT4G19220.1
OG0011813	As003G058090	AT4G19880.2
OG0011814	As003G058160	AT4G19985.4
OG0011815	As003G058170	AT4G19990.2
OG0011816	As003G058250	AT4G20050.5
OG0011817	As003G058270	AT4G20070.1
OG0011818	As003G058340	AT4G20130.1
OG0011819	As003G058510	AT4G20310.4
OG0011820	As003G058580	AT4G20390.1
OG0011821	As003G058590	AT4G20400.1
OG0011822	As003G058600	AT4G20410.2
OG0011823	As003G058860	AT4G20900.1
OG0011824	As003G058890	AT4G20930.1
OG0011825	As003G058910	AT4G20960.1
OG0011826	As003G059610	AT4G21580.1
OG0011827	As003G059720	AT4G21700.1
OG0011828	As003G059770	AT4G21745.1
OG0011829	As003G060030	AT4G22000.1
OG0011830	As003G060120	AT4G22070.1
OG0011831	As003G060250	AT4G22150.1
OG0011832	As003G060260	AT4G22190.1
OG0011833	As003G060320	AT4G22260.1
OG0011834	As008G189170, As003G060490	AT4G22490.1
OG0011835	As003G060950	AT4G22960.1
OG0011836	As003G061570	AT4G23540.1
OG0011837	As003G061840	AT4G23740.1
OG0011838	As003G061920	AT4G23840.1
OG0011839	As003G061940	AT4G23860.1
OG0011840	As003G062030	AT4G23940.1
OG0011841	As003G062280	AT1G32760.1
OG0011842	As003G062300	AT1G32780.1
OG0011843	As003G062420, As003G062400	AT1G32990.1
OG0011844	As003G062760	AT1G33330.1
OG0011845	As003G062800	AT1G33470.1
OG0011846	As003G062810	AT1G33480.1
OG0011847	As003G063390	AT1G34370.1
OG0011848	As003G063550	AT1G34790.1
OG0011849	As003G063790	AT1G35340.1
OG0011850	As003G063910	AT3G03776.2
OG0011851	As003G064390	AT1G60360.1
OG0011853	As003G064510, As005G106580	AT5G01450.1
OG0011854	As003G064710	AT1G43860.1
OG0011855	As003G065160	AT1G27620.1
OG0011856	As003G065240	AT1G45110.1
OG0011857	As003G065370	AT1G47720.1
OG0011858	As003G065380	AT1G47710.2
OG0011859	As003G066070	AT1G42480.1
OG0011860	As003G066250	AT1G45207.2
OG0011861	As003G066880	AT5G17530.4, AT5G17522.1
OG0011862	As003G068420	AT1G28090.1
OG0011863	As003G069040	AT1G28390.2
OG0011864	As003G069800	AT1G29170.1
OG0011866	As003G070290	AT1G29790.1
OG0011867	As003G070680	AT1G30100.1
OG0011868	As003G070700	AT1G30130.1
OG0011869	As003G071420	AT1G30825.1
OG0011870	As003G071810	AT4G35540.1
OG0011871	As003G072420	AT2G24470.1, AT4G36120.1
OG0011872	As003G072560	AT4G36390.1
OG0011873	As003G073120	AT4G37220.1
OG0011874	As003G073140	AT4G37200.1
OG0011875	As003G073300	AT4G37030.1
OG0011876	As003G073730	AT4G37460.1
OG0011877	As003G074520	AT4G38100.1
OG0011878	As003G074550	AT1G26290.1
OG0011879	As003G074710	AT4G39970.1
OG0011880	As003G074770	AT4G39920.1
OG0011881	As003G075070	AT4G39660.1
OG0011882	As003G075480	AT4G39370.3
OG0011883	As003G075760	AT4G39100.1
OG0011884	As003G075820	AT4G39040.1
OG0011885	As003G075890	AT4G38980.1
OG0011886	As003G075920	AT4G38950.1
OG0011887	As003G076030	AT4G38840.1
OG0011888	As003G076090	AT4G38760.1
OG0011889	As003G076180	AT4G38650.1
OG0011890	As003G076220	AT4G38600.1
OG0011891	As003G076410	AT4G38260.1
OG0011892	As003G076430	AT2G45250.2, AT4G38280.1
OG0011893	As003G076620	AT4G38150.1
OG0011894	As003G076630	AT4G38140.1
OG0011895	As004G076870	AT5G36170.1
OG0011896	As004G077060	AT5G36960.1
OG0011897	As004G077110	AT5G37180.1
OG0011898	As004G077130	AT5G37380.1
OG0011900	As004G077520	AT5G38070.1
OG0011901	As004G078000	AT5G38840.1
OG0011902	As004G078340	AT5G39420.1
OG0011903	As004G078760	AT2G35030.1
OG0011904	As004G078880	AT2G35140.6
OG0011905	As004G079030	AT1G31335.1
OG0011906	As004G079400	AT4G25330.1
OG0011907	As004G079490	AT2G35490.1
OG0011908	As004G079670	AT2G35320.1
OG0011909	As004G079900	AT5G41150.1
OG0011910	As004G079950	AT2G35650.1
OG0011911	As004G080060	AT4G09730.1
OG0011912	As004G080080	AT4G09680.1
OG0011913	As004G080250	AT4G09350.1
OG0011914	As004G080400	AT4G09010.3
OG0011915	As004G080420	AT4G08980.1
OG0011916	As004G080440	AT4G08950.1
OG0011917	As004G080450	AT4G08940.1
OG0011918	As004G080470	AT4G08920.1
OG0011919	As004G080550	AT4G10620.1
OG0011920	As004G080570	AT4G08685.1
OG0011921	As004G080790	AT4G08240.1
OG0011922	As004G080870	AT4G08320.2
OG0011923	As004G081210	AT2G34090.4
OG0011924	As004G081300	AT2G33990.1
OG0011925	As004G081360	AT2G33855.1
OG0011926	As004G081500	AT2G33775.1
OG0011927	As004G081520	AT2G33770.1
OG0011928	As004G081600	AT2G33690.1
OG0011929	As004G081710	AT2G33560.2
OG0011930	As004G081730	AT2G33540.1
OG0011931	As004G081860	AT5G43270.1
OG0011932	As004G082070	AT1G02740.1
OG0011933	As004G082090	AT5G43050.1
OG0011934	As004G082300	AT5G42800.1
OG0011935	As004G082340	AT5G42770.2
OG0011936	As004G082530	AT5G42620.2
OG0011937	As004G082560	AT5G42560.1
OG0011938	As004G082950	AT5G42200.1
OG0011939	As004G082980	AT5G42130.1
OG0011940	As004G083410	AT4G10110.1
OG0011941	As004G083940	AT4G10750.1
OG0011942	As004G083950	AT4G10760.1
OG0011943	As004G084000	AT4G10840.1
OG0011944	As004G084500	AT4G11400.1
OG0011945	As004G084660	AT4G11670.2
OG0011946	As004G084800	AT4G11910.1
OG0011947	As004G084870	AT4G11980.1
OG0011948	As004G084960	AT4G12060.1
OG0011949	As004G085070	AT4G12240.1
OG0011950	As004G085200	AT4G12450.1
OG0011951	As004G085270	AT4G12530.1
OG0011952	As004G085470	AT4G03820.4
OG0011953	As004G085900	AT4G04870.1
OG0011954	As004G085920	AT4G04885.1
OG0011955	As004G086390	AT4G05430.3
OG0011956	As004G086470	AT4G03620.1
OG0011957	As004G087650	AT5G45170.1
OG0011958	As004G087900	AT5G45390.1
OG0011959	As004G088160	AT5G45690.1
OG0011960	As004G088290	AT5G45820.1
OG0011961	As004G088420	AT5G45920.1
OG0011962	As004G088640	AT5G46150.1
OG0011963	As004G088670	AT5G46180.1
OG0011964	As004G089060	AT5G46580.1
OG0011965	As004G089310	AT5G46840.1
OG0011966	As004G090870	AT5G47500.1
OG0011967	As004G090940	AT5G33300.1
OG0011968	As004G091200	AT5G47360.1
OG0011969	As004G091630	AT5G57980.1
OG0011970	As004G091940	AT5G35410.1
OG0011971	As004G093290	AT5G33290.1
OG0011972	As004G093620	AT4G13150.1
OG0011973	As004G093700	AT4G13200.1
OG0011974	As004G093710	AT3G24740.1
OG0011975	As011G256650	AT3G24530.1
OG0011976	As004G094430	AT4G13530.1
OG0011977	As004G094440	AT4G13540.1
OG0011979	As004G094620	AT4G14147.2
OG0011980	As004G094910	AT4G13950.1
OG0011981	As004G095230	AT4G14220.1
OG0011982	As004G095270	AT4G14280.1
OG0011983	As011G255040, As004G095620, As004G095610	AT4G14480.1
OG0011984	As004G095720	AT4G14605.1
OG0011985	As004G095900	AT4G14790.1
OG0011986	As004G096050	AT4G14930.1
OG0011987	As004G096110	AT4G15010.1
OG0011988	As004G096510	AT4G15440.1
OG0011989	As004G096670	AT4G15610.1
OG0011990	As004G096930	AT2G04650.1
OG0011991	As004G097110	AT5G40270.1, AT5G40290.1
OG0011992	As004G097200	AT5G40370.2
OG0011993	As004G097240	AT5G40400.2
OG0011994	As004G097270	AT5G40440.1
OG0011995	As011G265190, As004G097380	AT5G40510.2
OG0011996	As004G097390	AT5G40530.3
OG0011997	As004G097760	AT5G41060.1
OG0011998	As004G097790	AT5G40950.1
OG0011999	As004G097920	AT5G41320.1
OG0012000	As004G097970	AT5G41380.1
OG0012001	As004G098000	AT5G41410.1
OG0012002	As004G098330	AT5G41950.1
OG0012004	As005G098770	AT2G47930.1
OG0012005	As005G098790	AT2G47910.1
OG0012006	As005G098870, As006G144260	AT2G47860.3
OG0012007	As005G099640	AT2G47310.1
OG0012008	As005G100020	AT2G46980.2
OG0012009	As005G100350	AT2G46660.1
OG0012010	As005G100430	AT2G46580.1
OG0012011	As005G100890	AT2G46210.1
OG0012012	As005G101020	AT3G61480.2, AT5G28350.1
OG0012014	As005G101190	AT2G45890.1
OG0012015	As005G101610	AT2G45520.1
OG0012016	As005G101680	AT2G45460.3
OG0012017	As012G278220, As005G102120	AT2G45000.1
OG0012018	As005G102150	AT2G44970.1
OG0012019	As005G102380	AT2G44760.1
OG0012020	As005G102600	AT2G44580.1
OG0012021	As005G102650	AT2G44520.1
OG0012022	As005G103540	AT5G19830.1
OG0012023	As005G104100	AT2G43210.1
OG0012024	As005G104110	AT2G43190.1
OG0012025	As005G104200	AT2G43110.1
OG0012026	As005G104310	AT2G43010.5
OG0012027	As005G104590	AT2G42780.1
OG0012028	As005G104600	AT2G42770.1
OG0012029	As005G104790	AT2G42560.1
OG0012030	As005G105140	AT2G42130.4
OG0012031	As005G105340, As005G105350	AT2G41900.1
OG0012032	As005G105670	AT2G41760.1
OG0012033	As005G105820	AT2G41670.1
OG0012034	As005G106460	AT5G01580.1
OG0012035	As005G106730, As005G106740, As005G106750	AT5G01310.1
OG0012036	As005G106820	AT5G01270.2
OG0012037	As005G107340	AT5G02240.1
OG0012038	As005G107950	AT5G02780.1
OG0012039	As005G108020	AT5G03120.2
OG0012040	As005G108700	AT5G03740.1
OG0012041	As005G108720	AT5G03770.1
OG0012042	As005G109840	AT5G19500.1
OG0012043	As005G109880	AT5G19485.1
OG0012044	As005G111120	AT5G20370.1
OG0012045	As005G111130	AT5G20380.2
OG0012046	As005G111200	AT5G20280.1
OG0012047	As005G111400	AT5G20170.1
OG0012048	As005G111470	AT5G20320.1
OG0012049	As005G112740	AT5G21170.2
OG0012050	As005G112840	AT5G21222.1
OG0012051	As005G112880	AT5G21326.1
OG0012053	As005G113280	AT5G22320.1
OG0012054	As005G113400	AT5G22430.1
OG0012055	As005G113550	AT5G22620.1
OG0012056	As005G113600	AT5G13610.1
OG0012057	As005G114320	AT5G60370.1, AT3G57110.1
OG0012058	As005G114590, As005G114580	AT5G60040.2
OG0012059	As005G115800	AT5G59020.1
OG0012060	As005G115860	AT5G58960.1
OG0012061	As005G115930	AT5G58900.1
OG0012062	As005G116200	AT5G63280.1
OG0012063	As005G116350	AT5G63460.4
OG0012064	As005G116750, As005G116770	AT5G63810.1
OG0012065	As005G116760	AT5G63830.1
OG0012066	As005G116870	AT5G63920.1
OG0012067	As005G117110	AT5G64150.1
OG0012068	As005G117390	AT5G64390.3
OG0012069	As005G117750	AT5G64720.1
OG0012070	As005G117890	AT5G64860.1
OG0012071	As005G118100	AT5G64970.1
OG0012072	As005G118340	AT5G65240.2
OG0012073	As005G118540	AT5G65460.3
OG0012074	As005G118580	AT5G65490.1
OG0012075	As005G118900	AT5G65840.1
OG0012076	As005G119380	AT5G67260.2
OG0012077	As005G119430	AT5G67210.1
OG0012078	As005G119440	AT5G67200.1
OG0012079	As005G119540	AT5G67140.1
OG0012080	As005G119560	AT5G67110.1
OG0012081	As005G119780	AT5G66850.1
OG0012082	As005G120650	AT5G66180.1
OG0012083	As005G120740	AT5G66120.2
OG0012084	As006G121120	AT1G73440.1, AT4G00140.1
OG0012085	As006G121200	AT4G00770.1
OG0012086	As006G121260, As008G199120	AT1G01730.1
OG0012087	As006G121460	AT4G00500.1
OG0012088	As008G198720, As006G121760	AT1G01550.1
OG0012089	As006G122100	AT1G01290.1
OG0012090	As006G122310	AT4G00800.1
OG0012091	As006G122620	AT4G01730.1
OG0012092	As006G122640	AT4G01897.1
OG0012093	As006G122660	AT4G01883.1
OG0012094	As006G122690	AT4G01840.1
OG0012095	As006G122710	AT4G01860.1
OG0012096	As006G122760	AT4G01790.1
OG0012097	As006G122770	AT4G01935.1
OG0012098	As006G122850	AT4G02020.1
OG0012099	As006G122960	AT4G02120.2
OG0012100	As006G122980	AT4G02140.1
OG0012101	As006G123050	AT4G02220.1
OG0012102	As006G123100	AT4G02280.1
OG0012103	As006G123190	AT4G02390.1
OG0012104	As006G123240	AT4G02440.1
OG0012105	As006G123480	AT4G02680.1
OG0012106	As006G123780	AT4G02990.1
OG0012107	As006G123910	AT4G03130.2
OG0012108	As006G123920	AT4G03140.1
OG0012109	As006G123930	AT4G03150.1
OG0012110	As006G124050	AT4G03270.1
OG0012111	As006G124090	AT4G03320.1
OG0012112	As006G124170	AT4G03420.1
OG0012113	As006G124190	AT4G03510.1
OG0012114	As006G124210	AT4G03540.1
OG0012115	As006G124230, As006G124220	AT4G03550.1
OG0012116	As006G124370	AT5G44170.1
OG0012117	As006G124530	AT5G44040.1
OG0012118	As006G124560	AT5G44010.4
OG0012119	As006G124570	AT5G44000.1
OG0012120	As009G201770, As006G124900	AT5G43680.1
OG0012121	As006G125030	AT5G43500.1
OG0012122	As006G125300	AT2G33400.1
OG0012123	As006G125900	AT2G32800.1
OG0012124	As006G126110	AT2G32350.1
OG0012125	As006G126190	AT2G32630.1
OG0012126	As006G126410	AT2G32080.1
OG0012127	As006G127020	AT2G31725.1
OG0012128	As006G127040	AT2G31690.1
OG0012129	As006G127140	AT2G31530.1
OG0012130	As006G127370	AT2G31310.1
OG0012131	As006G127410	AT2G31260.1
OG0012132	As006G127770	AT2G30900.1
OG0012133	As006G128070	AT2G30480.10
OG0012134	As006G128400	AT2G30105.1
OG0012135	As006G128430	AT2G30080.1
OG0012136	As006G128600	AT2G29940.1
OG0012137	As006G128610	AT2G29900.1
OG0012138	As006G128820	AT2G29510.1
OG0012139	As006G128990	AT2G29210.1
OG0012140	As006G129010	AT2G29180.1
OG0012141	As006G129070	AT2G29090.1
OG0012142	As006G129390, As007G160280	AT2G29630.1
OG0012143	As006G129420	AT2G28800.1
OG0012144	As006G129720	AT2G28510.1
OG0012145	As006G129800	AT2G28450.1
OG0012146	As006G129890	AT2G28370.1
OG0012147	As006G129900	AT2G28360.1
OG0012148	As006G130220	AT2G27930.5
OG0012149	As006G130270	AT2G27830.1
OG0012150	As006G130340	AT2G27760.1
OG0012151	As006G130400	AT2G27660.1
OG0012152	As006G130410	AT2G27610.1
OG0012153	As006G130490	AT3G54310.1
OG0012155	As006G130920	AT2G27470.1
OG0012156	As006G130950	AT2G26940.1
OG0012157	As006G131490	AT2G26550.1
OG0012158	As006G131580	AT2G26470.1
OG0012159	As006G131630	AT2G26430.1
OG0012160	As006G131670	AT2G26330.1
OG0012161	As006G131950	AT2G25970.1
OG0012162	As006G132070	AT2G25760.2
OG0012163	As006G132140	AT2G25810.1
OG0012165	As006G132740	AT3G01360.1
OG0012166	As006G132870	AT3G01500.2
OG0012167	As006G133230	AT3G01780.1
OG0012168	As006G133630	AT5G01010.2
OG0012169	As006G133690	AT5G01960.1
OG0012170	As006G133890	AT4G32010.1
OG0012171	As006G134230	AT4G26500.1
OG0012172	As006G134850	AT3G01180.1
OG0012173	As006G134880	AT3G01150.1
OG0012174	As006G135720	AT3G02720.1
OG0012175	As006G136140	AT3G03130.1
OG0012176	As006G136620	AT3G03570.1
OG0012177	As006G136690	AT3G03630.1
OG0012178	As006G136790	AT3G03680.1
OG0012179	As006G136800	AT3G03690.1
OG0012180	As006G137290	AT3G04020.1
OG0012182	As006G137420	AT3G04160.2
OG0012183	As006G137680	AT3G04500.1
OG0012184	As006G137750	AT3G04580.1
OG0012185	As006G137870	AT3G04680.1
OG0012186	As006G137930	AT3G04720.1
OG0012187	As006G138360	AT4G27980.2
OG0012188	As006G138440	AT3G05170.1
OG0012189	As006G138890	AT3G05390.1
OG0012190	As006G138950	AT3G05600.1
OG0012191	As012G287770, As006G139620	AT3G61760.1
OG0012193	As006G139940	AT3G06370.3
OG0012195	As006G140270	AT5G06410.1
OG0012196	As006G140450	AT3G06810.1
OG0012197	As006G140530	AT3G06880.4
OG0012198	As006G140550	AT3G06910.1
OG0012199	As006G140660	AT5G35730.1
OG0012200	As006G140870	AT3G07180.1
OG0012201	As006G140950	AT3G07210.1
OG0012202	As006G142050	AT3G08780.1
OG0012203	As006G142470	AT2G40420.1
OG0012204	As006G142510	AT2G40410.2
OG0012205	As006G142570, As006G142560	AT2G40340.6, AT2G40350.2
OG0012206	As006G142750	AT2G40190.1
OG0012207	As006G142940	AT2G40030.1
OG0012208	As006G143210	AT2G39810.1
OG0012209	As006G143740	AT2G39260.1
OG0012210	As006G144030	AT2G39060.1
OG0012211	As006G144120	AT2G39010.1
OG0012212	As006G144530	AT2G35980.1
OG0012213	As006G144930	AT2G36330.1
OG0012214	As006G145150	AT5G48430.1
OG0012215	As006G145180	AT2G36630.1
OG0012216	As006G145270	AT2G36720.1
OG0012217	As006G145380	AT2G36835.1
OG0012218	As006G145430	AT2G36885.1
OG0012219	As006G145640	AT2G37035.1
OG0012220	As006G147000	AT2G37920.1
OG0012221	As006G147070	AT2G38000.1
OG0012222	As006G148350	AT2G38420.1
OG0012223	As006G148640, As009G217760	AT5G61090.1
OG0012224	As012G275820, As006G148800	AT3G52250.1
OG0012225	As007G151880	AT1G15215.4
OG0012226	As007G152160	AT1G15530.1
OG0012227	As007G152190	AT1G15570.1
OG0012228	As007G152200, As007G181860	AT1G15660.1
OG0012229	As007G152240	AT1G15710.1
OG0012230	As007G152870	AT1G16390.1
OG0012231	As007G152960	AT1G16490.1
OG0012232	As007G153150	AT1G16720.2
OG0012233	As007G153180	AT1G16750.1
OG0012234	As007G153200	AT1G16770.1
OG0012235	As007G153280	AT1G16870.1
OG0012236	As007G153420	AT1G16970.1
OG0012237	As007G154320	AT1G17850.2
OG0012238	As007G154620	AT1G18170.1
OG0012239	As007G154830	AT1G18420.1
OG0012240	As007G154840	AT1G18440.1
OG0012241	As007G155420	AT1G19010.1
OG0012242	As007G155480	AT1G19100.1
OG0012243	As007G155570	AT1G19200.2
OG0012244	As007G155850	AT1G19530.1
OG0012245	As007G155950	AT1G19690.1
OG0012246	As007G156570	AT1G20430.1
OG0012247	As007G156690	AT1G20575.1
OG0012248	As007G156870	AT1G20830.1
OG0012249	As007G157300	AT1G21370.1
OG0012250	As007G157900	AT1G21890.1
OG0012251	As010G235610, As007G158040	AT1G77810.1
OG0012252	As007G158060	AT1G22020.1
OG0012253	As007G158160	AT1G22160.1
OG0012254	As007G158180	AT1G22180.2
OG0012255	As007G158220	AT1G22230.1
OG0012256	As007G159120	AT1G22950.1
OG0012257	As007G159140	AT1G22970.1
OG0012258	As007G159460	AT1G23320.1
OG0012259	As007G159550	AT1G23400.1
OG0012261	As007G159810	AT1G23890.2
OG0012262	As007G159850	AT1G24020.1
OG0012263	As007G160510	AT1G26780.2
OG0012264	As007G160700	AT1G26580.1
OG0012265	As007G160800	AT1G26450.1
OG0012266	As007G160880	AT1G26330.2
OG0012267	As007G160960	AT1G26230.1
OG0012268	As007G161080	AT1G26140.1
OG0012269	As007G161120	AT1G26100.1
OG0012270	As007G161460	AT1G25290.1
OG0012271	As007G161720	AT1G24610.1
OG0012272	As007G162320	AT1G10720.1
OG0012273	As007G162330	AT1G09220.1
OG0012274	As007G162390, As010G225840	AT3G44880.1
OG0012275	As007G162850	AT4G24400.1
OG0012276	As007G163110	AT4G24640.1
OG0012277	As007G163170	AT4G24700.1
OG0012278	As007G163200	AT3G42630.1
OG0012279	As007G163500	AT4G24760.1
OG0012280	As007G163760	AT4G24950.1
OG0012281	As007G165140	AT4G25600.1
OG0012282	As007G165790	AT4G25420.1
OG0012283	As007G166060	AT2G25460.2
OG0012284	As007G166780	AT5G53440.1
OG0012286	As007G177710	AT2G25420.4
OG0012287	As007G177850	AT3G47390.1
OG0012288	As007G178120	AT2G24390.1
OG0012289	As007G178590	AT2G24040.1
OG0012290	As007G178990	AT2G23970.1
OG0012291	As007G179050	AT2G23945.1
OG0012292	As007G179150	AT2G23780.1
OG0012293	As007G179210	AT5G19630.1
OG0012294	As007G179870	AT2G22860.1
OG0012295	As007G180380	AT2G22320.1
OG0012296	As007G180400	AT2G22300.1
OG0012297	As007G180500	AT2G22122.1
OG0012298	As007G180520	AT2G22100.1
OG0012299	As007G180530	AT2G22090.2
OG0012300	As007G180800	AT2G21610.2
OG0012301	As007G181070, As007G181420, As007G181120	AT2G21370.1
OG0012302	As007G181770	AT2G21290.1
OG0012303	As007G181780	AT2G21280.2
OG0012304	As007G181850	AT5G45600.1
OG0012305	As007G181970	AT2G21100.1
OG0012306	As007G181990	AT2G21070.3
OG0012307	As007G182090	AT2G21010.1, AT2G20990.3
OG0012308	As007G182110	AT2G20960.1
OG0012309	As007G182260	AT2G47450.1
OG0012310	As008G182370	AT1G15080.1
OG0012311	As008G183120	AT1G14290.1
OG0012312	As008G183200	AT1G14210.1
OG0012313	As008G183280	AT1G14170.3
OG0012314	As008G183700	AT1G13680.1
OG0012315	As008G183990	AT1G13310.1
OG0012316	As008G184390	AT1G12930.1
OG0012317	As008G184510	AT1G12805.1
OG0012318	As008G184520	AT1G12800.1
OG0012319	As008G185040	AT1G12230.2
OG0012321	As008G185270	AT1G12060.1
OG0012322	As008G185370	AT1G11930.1
OG0012323	As008G185400	AT1G11915.1
OG0012324	As008G186000	AT1G11480.1
OG0012325	As010G230500, As008G186490	AT1G11780.1
OG0012326	As008G186550	AT1G11050.1
OG0012327	As008G186640	AT1G10910.1
OG0012329	As008G186850	AT1G10710.1
OG0012330	As008G187090	AT1G10522.1
OG0012331	As008G187200	AT1G10380.1
OG0012332	As008G187480	AT1G09800.1
OG0012333	As008G187650	AT1G09930.1
OG0012334	As008G188020	AT1G09750.1
OG0012335	As008G188050	AT1G09720.1
OG0012336	As008G188500	AT1G09290.1
OG0012337	As008G188730	AT1G09195.10
OG0012338	As008G189120	AT4G27860.3
OG0012339	As008G189130, As012G282330	AT3G55950.1
OG0012340	As008G189160	AT1G08960.1
OG0012341	As008G189350	AT1G08840.3
OG0012342	As008G189830	AT1G08550.1
OG0012343	As008G189920	AT1G08680.4
OG0012344	As008G190310	AT1G08490.1
OG0012345	As008G190480	AT1G08710.2
OG0012346	As008G190970	AT1G08390.1
OG0012347	As008G191420	AT1G08315.1
OG0012348	As008G191490	AT1G07960.1
OG0012349	As008G191630	AT5G57280.1
OG0012350	As008G192220	AT3G62240.1
OG0012351	As008G192500	AT2G25560.1
OG0012352	As008G192680	AT1G07450.1
OG0012353	As008G192980	AT1G07230.1
OG0012354	As008G193200	AT1G06930.1
OG0012355	As008G193770	AT2G31040.1
OG0012356	As008G194400	AT2G25625.1
OG0012357	As008G194870	AT1G05430.1
OG0012358	As008G195620	AT1G04910.1
OG0012359	As008G195910	AT1G04670.1
OG0012360	As008G195930	AT1G04650.1
OG0012361	As008G196180	AT1G04420.1
OG0012362	As008G196440	AT1G04190.1
OG0012363	As008G196920	AT1G03740.1
OG0012364	As008G196940	AT1G03760.1
OG0012365	As008G197080	AT1G03890.1
OG0012366	As008G197390	AT1G03100.1
OG0012367	As008G197550	AT1G02960.2
OG0012368	As008G197630	AT1G02870.1
OG0012369	As008G197880	AT1G02610.1
OG0012370	As008G198250	AT1G02260.1
OG0012371	As008G198590	AT1G01260.1
OG0012372	As008G198630	AT1G01320.1
OG0012373	As008G198760	AT1G01500.1
OG0012374	As008G198780	AT1G01480.1
OG0012375	As008G198790	AT1G01470.1
OG0012376	As008G198800	AT1G01450.1
OG0012377	As008G199310	AT1G01930.1
OG0012378	As008G199600	AT1G02130.1
OG0012379	As009G199750	AT5G13900.1
OG0012380	As009G199860	AT5G14600.1
OG0012381	As009G200060	AT3G46610.1
OG0012382	As009G200640	AT3G01410.1
OG0012383	As009G200760	AT5G15050.1
OG0012384	As009G200800	AT5G15100.1
OG0012385	As009G200960	AT2G31290.1
OG0012386	As009G201170	AT5G15410.1
OG0012387	As009G201190	AT5G15390.1
OG0012388	As009G201510, As011G255540	AT5G15730.2
OG0012389	As009G201590	AT5G15802.1
OG0012390	As009G201680	AT5G15880.1
OG0012391	As009G201690	AT5G15890.1
OG0012392	As009G201950	AT5G16060.1
OG0012393	As009G202050	AT5G16160.1
OG0012394	As009G202230	AT5G16290.1
OG0012395	As009G202480	AT5G16520.1
OG0012396	As009G202560	AT5G16610.2
OG0012398	As009G203570	AT5G17620.1
OG0012399	As009G204280, As009G204390	AT5G18525.1
OG0012400	As009G204410	AT5G18540.1
OG0012401	As009G204470	AT5G18590.1
OG0012402	As009G204550	AT5G18680.1
OG0012403	As009G205080	AT5G19210.2
OG0012404	As009G205090	AT5G19220.1
OG0012405	As009G205240	AT5G16960.1
OG0012406	As009G206040	AT5G27730.1
OG0012407	As009G206100	AT5G27690.1
OG0012408	As009G206150	AT5G27650.1
OG0012409	As009G206690, As009G206640	AT5G27270.1
OG0012410	As009G207080	AT1G69740.1
OG0012411	As009G207640	AT5G49340.1
OG0012412	As009G207920	AT5G49070.1
OG0012413	As009G208320	AT5G48880.2
OG0012414	As009G208700	AT5G48730.1
OG0012416	As009G211370	AT5G06970.1
OG0012417	As009G211420	AT5G06930.1
OG0012418	As009G211590	AT5G06750.1
OG0012419	As009G211850	AT5G06590.1
OG0012420	As009G211890	AT5G06580.1
OG0012421	As009G212120	AT5G48020.1
OG0012422	As009G212170	AT5G13460.1
OG0012423	As009G212220	AT5G06400.1
OG0012424	As009G212240	AT5G06370.1
OG0012425	As009G212440	AT4G34070.1, AT5G06260.1
OG0012426	As009G213230	AT5G05490.1
OG0012427	As009G213980	AT5G56930.1
OG0012428	As009G214260	AT5G04830.1
OG0012429	As009G214290	AT5G04810.1
OG0012430	As009G214580	AT5G04480.1
OG0012431	As009G214950	AT5G25900.1
OG0012432	As009G215420	AT5G25270.1
OG0012433	As009G216450	AT5G24170.1
OG0012434	As009G216490	AT5G24130.1
OG0012435	As009G216610	AT5G24020.1
OG0012436	As009G217010	AT5G23570.1
OG0012437	As009G217130	AT5G23395.1
OG0012438	As009G217270	AT5G23240.1
OG0012439	As009G217280	AT5G23220.1, AT5G23230.1
OG0012440	As009G217290	AT5G23210.1
OG0012441	As009G217540	AT5G60820.1
OG0012442	As009G217740	AT5G61040.1
OG0012443	As009G218080	AT5G61470.1
OG0012444	As009G218460	AT5G61920.1
OG0012445	As009G218990	AT5G62530.1
OG0012446	As009G219010	AT5G62550.1
OG0012447	As009G219060	AT5G62610.1
OG0012448	As009G219360	AT5G62930.2
OG0012449	As009G219610	AT5G58740.1
OG0012450	As009G219660	AT5G58690.1
OG0012451	As009G220080	AT5G58310.1
OG0012452	As009G220120	AT5G58260.1
OG0012453	As010G220740	AT3G50780.1
OG0012454	As010G220840	AT3G50685.1
OG0012455	As010G220890	AT3G50630.1
OG0012456	As010G221110	AT3G50360.1
OG0012457	As010G221150	AT3G50330.1
OG0012458	As010G221290	AT3G50050.1
OG0012459	As010G221750	AT3G49500.1
OG0012460	As010G221900	AT3G49330.2
OG0012461	As010G222280	AT3G48970.1
OG0012462	As010G222320	AT3G48900.2
OG0012463	As010G222390	AT3G48820.1
OG0012464	As010G222420	AT3G48770.1
OG0012465	As010G222700	AT3G48470.1
OG0012466	As010G222830, As010G222820, As010G222840	AT3G48340.1
OG0012467	As010G223470	AT3G47670.1
OG0012468	As010G223480	AT3G47660.4
OG0012469	As010G223540	AT3G47550.3
OG0012470	As010G223570	AT3G47520.1
OG0012471	As010G224120	AT3G46930.2
OG0012472	As010G224260	AT5G59210.1
OG0012473	As010G224400	AT3G46630.1
OG0012474	As010G224510	AT3G46550.1
OG0012475	As010G224540	AT3G46510.1
OG0012476	As010G224900	AT3G45850.1
OG0012477	As010G225540	AT3G45190.1
OG0012478	As010G225830	AT3G44890.1
OG0012479	As010G226060	AT3G44610.1
OG0012480	As010G226420	AT3G44100.1
OG0012481	As010G226650	AT3G43720.1
OG0012482	As010G226840	AT3G43540.1
OG0012483	As010G226910	AT3G43270.1
OG0012484	As010G227930	AT1G67700.2
OG0012485	As010G228110	AT1G67620.1
OG0012486	As010G228800	AT1G67440.2
OG0012487	As010G228920	AT1G67350.1
OG0012488	As010G229020	AT2G24180.1
OG0012489	As010G229350	AT1G68040.1
OG0012490	As010G229460	AT1G67280.1
OG0012491	As010G230010	AT1G67950.2
OG0012492	As010G231440	AT1G68800.2
OG0012493	As010G231520	AT1G68765.1
OG0012494	As010G231530	AT1G68760.1
OG0012495	As010G232040	AT1G69060.1
OG0012496	As010G232510	AT1G69430.1
OG0012497	As010G232540	AT1G69440.1
OG0012498	As010G232550	AT1G69450.3
OG0012499	As010G240630, As010G232630	AT1G73080.1
OG0012500	As010G233190	AT1G70190.1
OG0012501	As010G233380	AT1G70480.2
OG0012502	As010G233480	AT1G70560.1
OG0012503	As010G233970	AT1G71040.1
OG0012504	As010G234100	AT1G71190.1
OG0012505	As010G234540	AT1G71760.2
OG0012506	As010G235170	AT1G78280.1
OG0012507	As010G235410	AT1G78060.1
OG0012508	As010G235570	AT1G77860.2
OG0012509	As010G235830	AT1G77600.3
OG0012510	As010G235840	AT1G77590.1
OG0012511	As010G236000	AT1G77480.1
OG0012512	As010G236160	AT1G77300.1
OG0012513	As010G236190	AT1G77270.1
OG0012514	As010G236410	AT1G77020.1
OG0012515	As010G236690	AT1G76760.1
OG0012516	As010G236760	AT1G76660.1
OG0012517	As010G236880	AT1G76580.1
OG0012518	As010G237230	AT1G76280.5
OG0012519	As010G237470	AT1G76050.2
OG0012520	As010G238390	AT1G75190.1
OG0012521	As010G238440	AT1G75150.3
OG0012522	As010G238470	AT1G75125.1
OG0012523	As010G238680	AT1G74870.1
OG0012524	As010G238690	AT1G74860.1
OG0012526	As010G239490	AT1G73990.1
OG0012527	As010G239660, As010G239630	AT1G73880.1
OG0012528	As010G239740	AT1G73810.1
OG0012529	As010G239940	AT1G73660.1
OG0012530	As010G240550	AT1G73160.1
OG0012531	As010G241330	AT1G72440.1
OG0012532	As010G241440	AT1G72320.1
OG0012533	As010G241920, As010G241930	AT1G78560.1
OG0012534	As010G242000	AT1G78610.1
OG0012535	As010G242090	AT1G78770.1
OG0012536	As010G242440	AT1G79060.1
OG0012537	As010G242450	AT1G79070.1
OG0012540	As010G242980	AT1G79570.1
OG0012541	As010G243050	AT1G79620.5
OG0012542	As010G243390	AT1G80790.1
OG0012543	As010G244220	AT1G80050.1
OG0012544	As010G244330	AT1G79940.1
OG0012545	As010G244360	AT1G79910.1
OG0012546	As010G244480	AT1G79830.4
OG0012547	As010G244490	AT1G79730.1
OG0012548	As010G244510	AT1G79760.2
OG0012549	As010G244530	AT1G79780.1
OG0012550	As011G244650	AT3G12720.1
OG0012551	As011G245080	AT3G13224.2
OG0012552	As011G245100	AT3G13225.2
OG0012553	As011G246120	AT1G54100.1
OG0012554	As012G269240, As011G246250	AT3G14180.1
OG0012555	As011G246470	AT3G14360.1
OG0012556	As011G246560	AT3G14450.1
OG0012557	As011G246870	AT3G14750.1
OG0012558	As011G247290	AT3G15180.2
OG0012559	As011G247310	AT3G15200.1
OG0012561	As011G247990	AT3G15790.1
OG0012562	As011G248200	AT3G16010.1
OG0012563	As011G248770	AT3G16510.1
OG0012564	As011G249030	AT3G16840.2
OG0012565	As011G249090	AT3G16890.1
OG0012566	As011G249200	AT3G17040.1
OG0012567	As011G249240	AT3G17070.1, AT3G42570.1
OG0012568	As011G249250	AT3G17090.1
OG0012570	As011G249730	AT3G17670.2
OG0012571	As011G249740	AT3G17675.1
OG0012572	As011G249750	AT3G17680.2
OG0012573	As011G249810	AT3G17740.1, AT3G17712.2
OG0012574	As011G250350	AT3G18270.1
OG0012575	As011G250420	AT3G18360.1
OG0012576	As011G250480	AT3G18420.1
OG0012577	As011G250630	AT3G18520.2
OG0012578	As011G250800	AT3G18730.1
OG0012579	As011G251020	AT3G18890.1
OG0012580	As011G257310, As011G251260	AT3G19180.1
OG0012581	As011G251330	AT3G19240.1
OG0012582	As011G251490	AT3G19440.1
OG0012583	As011G251950	AT3G19860.2
OG0012584	As011G252130	AT3G20015.1
OG0012585	As011G252350	AT3G20150.1
OG0012586	As011G252700	AT3G20430.1
OG0012587	As011G253060	AT3G20810.2
OG0012588	As012G271750, As011G253070	AT1G51140.1
OG0012589	As011G253190	AT3G20930.2
OG0012590	As011G253720	AT3G21600.1
OG0012591	As011G254350	AT4G14950.1
OG0012592	As011G254870	AT3G55760.1
OG0012593	As011G255000	AT3G23070.1
OG0012594	As011G255140	AT3G23175.1
OG0012595	As011G255460	AT3G23580.1
OG0012596	As011G255690	AT3G23740.1
OG0012597	As011G255720	AT3G23790.1
OG0012598	As011G255820	AT3G23900.1
OG0012599	As011G255850	AT3G24255.7, AT3G23910.1
OG0012600	As011G255960	AT1G08750.1
OG0012601	As011G255990	AT3G24190.1
OG0012602	As011G256290	AT3G23930.1
OG0012603	As011G256350	AT2G07340.1
OG0012604	As011G256860	AT3G24650.1
OG0012605	As011G258290	AT2G04160.1
OG0012606	As011G258460	AT3G25530.1
OG0012607	As011G259040, As011G258870	AT2G04540.1
OG0012608	As011G260580	AT2G11890.1
OG0012609	As011G260770	AT2G18240.1
OG0012610	As011G261240	AT2G06210.1
OG0012611	As011G261480	AT2G05920.1
OG0012612	As011G261570	AT2G05760.1
OG0012613	As011G261640	AT2G05590.2
OG0012614	As011G261890	AT2G10940.1
OG0012615	As011G261960	AT2G13620.1
OG0012616	As011G261970	AT1G53570.1
OG0012617	As011G262410	AT2G14825.1
OG0012618	As011G262520	AT2G14910.1
OG0012619	As011G262640	AT2G15270.1
OG0012620	As011G263000	AT2G15900.1
OG0012621	As011G263010	AT2G15910.1
OG0012622	As011G263080	AT2G16060.1
OG0012623	As011G263410	AT2G16460.1
OG0012624	As011G263610	AT2G16750.1
OG0012625	As011G263660	AT2G16790.3
OG0012626	As011G263690	AT2G38360.1
OG0012627	As011G263720	AT2G16880.1
OG0012628	As011G264290	AT2G17270.1
OG0012629	As011G264470	AT2G17510.2
OG0012630	As011G264480	AT2G17520.1
OG0012631	As011G264600	AT2G17650.1
OG0012632	As011G264900	AT2G17972.1
OG0012633	As011G264970	AT2G18030.1
OG0012634	As011G265020	AT2G18090.1
OG0012635	As011G265250, As011G265240	AT2G18480.1
OG0012636	As011G265470	AT2G18250.1
OG0012637	As011G265740	AT2G19010.2
OG0012638	As011G265970	AT2G19270.1
OG0012639	As011G266110	AT2G19460.2
OG0012640	As011G266330	AT2G19640.2
OG0012641	As011G266550	AT2G19950.2
OG0012642	As011G266770	AT2G20180.2
OG0012643	As011G267160	AT2G20495.3
OG0012644	As011G267460	AT2G20815.3
OG0012645	As012G267780	AT1G56160.1
OG0012646	As012G267830	AT1G56090.2
OG0012647	As012G268000	AT1G55865.1
OG0012648	As012G268010	AT1G55860.1, AT1G70320.1
OG0012649	As012G268450	AT1G55475.1
OG0012650	As012G269350	AT1G53910.1
OG0012651	As012G269580	AT1G53645.1
OG0012652	As012G269680	AT1G53520.1
OG0012653	As012G269730	AT1G53470.1
OG0012654	As012G269990	AT1G53120.1
OG0012655	As012G270220, As012G270210	AT1G52870.2
OG0012656	As012G270400	AT1G52800.1
OG0012657	As012G270720	AT1G52343.1
OG0012658	As012G270990	AT1G58160.1
OG0012659	As012G271330	AT1G51740.1
OG0012660	As012G271350	AT1G51720.1
OG0012661	As012G271450	AT1G51580.1
OG0012662	As012G271640	AT1G50960.1
OG0012663	As012G271690	AT1G51070.2
OG0012664	As012G271930	AT1G50730.1
OG0012665	As012G271970	AT1G50670.1
OG0012666	As012G271980	AT1G50660.1
OG0012667	As012G272170, As012G272160	AT1G50450.1
OG0012668	As012G272500	AT1G49970.1
OG0012669	As012G272560	AT1G49880.1
OG0012670	As012G272620	AT1G49800.1
OG0012671	As012G272900	AT1G49430.1
OG0012672	As012G272910	AT1G51090.1
OG0012673	As012G273180	AT1G48840.1
OG0012674	As012G273360	AT1G48950.1
OG0012676	As012G273660	AT1G48540.1
OG0012677	As012G273770	AT1G48420.1
OG0012678	As012G273890	AT1G48300.1
OG0012679	As012G273900	AT1G48280.1
OG0012680	As012G274280	AT4G16210.1
OG0012681	As012G274330	AT4G16160.2
OG0012682	As012G274510	AT4G16060.1
OG0012683	As012G274660	AT4G15890.1
OG0012684	As012G274690	AT4G15850.1
OG0012685	As012G274700	AT4G15820.1
OG0012686	As012G274870	AT2G34900.1
OG0012687	As012G275300	AT2G34540.2
OG0012688	As012G275360	AT2G34470.2
OG0012689	As012G275510	AT3G51960.2
OG0012690	As012G275520	AT3G51980.1
OG0012691	As012G275680	AT3G52120.3
OG0012692	As012G275880	AT3G52310.1
OG0012693	As012G275930	AT3G52390.2
OG0012694	As012G276010	AT3G52480.1
OG0012695	As012G276090	AT3G52570.1
OG0012696	As012G276350, As012G276340, As012G283430	AT3G52820.1
OG0012697	As012G276580	AT3G53010.1
OG0012698	As012G277030	AT3G53350.9
OG0012699	As012G277210	AT3G53470.2
OG0012700	As012G277380, As012G277220	AT5G24830.1
OG0012701	As012G277790	AT3G53920.1
OG0012702	As012G278050	AT3G54010.1
OG0012703	As012G279200	AT3G51710.1
OG0012704	As012G279920	AT3G54260.1
OG0012705	As012G280160	AT3G54480.1
OG0012706	As012G280920	AT3G54870.2
OG0012707	As012G281140	AT3G54970.1
OG0012708	As012G281800	AT3G55400.1
OG0012709	As012G282000	AT3G55520.1
OG0012710	As012G282040	AT3G55580.1
OG0012711	As012G282140	AT3G55660.1
OG0012712	As012G282210	AT3G55730.1
OG0012713	As012G282800	AT3G56310.1
OG0012714	As012G282820	AT3G56330.1
OG0012715	As012G283410, As012G283010	AT3G56570.2
OG0012716	As012G283020	AT3G56580.1
OG0012717	As012G283050	AT3G56600.1
OG0012718	As012G283260	AT3G56830.1
OG0012719	As012G283270	AT3G56840.1
OG0012720	As012G283400	AT5G35080.1
OG0012721	As012G283650	AT3G57120.1
OG0012722	As012G283710	AT3G57170.1
OG0012723	As012G283740	AT3G57190.1
OG0012724	As012G283830	AT3G57300.2
OG0012725	As012G284330	AT3G57920.1
OG0012726	As012G284850	AT3G58590.1
OG0012727	As012G284860	AT3G58600.1
OG0012728	As012G284970	AT2G42710.1
OG0012729	As012G285170	AT3G59040.2
OG0012730	As012G285190	AT3G59060.2
OG0012731	As012G285700	AT3G59680.2
OG0012732	As012G285760	AT3G59780.1
OG0012733	As012G286560, As012G286500	AT3G60480.3
OG0012734	As012G286590	AT3G60490.1
OG0012735	As012G286960	AT3G60840.1
OG0012736	As012G288030	AT3G62070.1
OG0012737	As012G288270	AT3G62330.1
OG0012738	As012G288400	AT3G62580.1
OG0012739	As012G288610	AT3G62810.1
OG0012740	As012G289060	AT3G63180.1
OG0012741	As012G289130	AT3G63240.1
OG0012836	As001G000020	AT4G28100.1
OG0012837	As001G000120	AT4G28230.1
OG0012838	As001G000230	AT4G28350.1
OG0012839	As001G000500	AT4G28570.1
OG0012840	As001G000690	AT4G28760.1
OG0012841	As001G000950	AT4G29120.1
OG0012842	As001G001240	AT4G29420.1
OG0012843	As001G001380	AT4G29530.1
OG0012844	As001G001450	AT2G41040.1
OG0012845	As001G001760	AT4G29880.1
OG0012846	As001G002370	AT4G30360.1
OG0012847	As001G002540	AT4G30510.1
OG0012848	As001G002650	AT4G30610.1
OG0012849	As001G002980	AT4G30840.1
OG0012850	As001G003010	AT4G30860.1
OG0012851	As001G003230	AT4G30993.2
OG0012852	As001G003330	AT4G31080.2
OG0012853	As001G003480	AT4G31270.1
OG0012854	As001G003750	AT4G31450.1
OG0012855	As001G004360	AT4G31930.1
OG0012856	As001G004490	AT4G32050.1
OG0012857	As001G004740, As006G131340	AT4G32285.1
OG0012858	As001G004800	AT4G32320.1
OG0012859	As001G004970	AT4G32430.1
OG0012860	As001G005080	AT4G29250.1
OG0012861	As001G005290	AT4G32590.3
OG0012862	As001G005410	AT4G32660.1, AT1G36627.1
OG0012863	As001G005620	AT4G32960.1
OG0012864	As001G005790	AT4G32910.1
OG0012865	As001G006360	AT4G32770.1
OG0012866	As001G006470	AT4G32710.1
OG0012867	As001G006730	AT4G33080.1
OG0012868	As001G010040, As001G015380	AT4G33495.1
OG0012869	As001G010180	AT4G33470.1
OG0012870	As001G010240	AT4G33460.1
OG0012871	As001G010370	AT4G33500.1
OG0012872	As001G010540	AT4G33560.1
OG0012873	As001G010710	AT4G33640.2
OG0012874	As209G297120, As001G011160	ATCG01250.1, ATCG00890.1
OG0012875	As001G012610	AT4G33925.1
OG0012876	As001G012780	AT4G34270.1
OG0012877	As001G013730	AT4G34020.1
OG0012878	As001G014090	AT4G34310.1
OG0012879	As001G014530	AT4G34810.1
OG0012880	As001G014540	AT4G34830.1
OG0012881	As001G014860	AT4G35080.3
OG0012882	As008G187250, As003G072380, As001G014950	AT4G36090.3
OG0012883	As001G015090	AT4G35140.2
OG0012884	As001G015140	AT2G04860.1
OG0012885	As001G015680	AT1G31020.1
OG0012886	As004G078740, As001G015700	AT1G31050.6
OG0012887	As004G078990, As001G015910	AT1G31320.1
OG0012888	As001G015960	AT1G31430.1
OG0012889	As001G016910	AT1G32370.2
OG0012890	As001G016940	AT1G32410.1
OG0012891	As001G017100	AT1G32583.1
OG0012892	As001G017610	AT4G16745.2
OG0012893	As001G017840	AT4G16590.1
OG0012894	As001G017870	AT4G16566.1
OG0012895	As001G017880	AT4G16563.1
OG0012896	As001G018010, As004G083020	AT4G16490.1
OG0012897	As001G018090	AT4G16440.1
OG0012898	As001G018230	AT4G16370.1
OG0012899	As001G018370	AT1G54490.1
OG0012900	As001G018490	AT1G54570.1
OG0012901	As001G018520	AT1G54610.1
OG0012902	As001G018680	AT1G54840.1
OG0012903	As001G018750	AT1G54940.1
OG0012904	As001G018780	AT1G55000.1
OG0012905	As001G018800	AT1G55020.1
OG0012906	As001G018970	AT1G56320.1
OG0012907	As001G019020	AT1G56350.1
OG0012908	As001G019030	AT1G56423.1
OG0012909	As001G019380	AT1G57770.1
OG0012910	As001G019390	AT2G13650.1
OG0012911	As001G019670	AT1G58230.1
OG0012912	As001G019760	AT1G58340.1
OG0012913	As001G019920	AT1G58470.1
OG0012914	As001G020050, As001G019940	AT1G59520.4
OG0012915	As001G020170	AT1G59760.1
OG0012916	As001G020240	AT1G59710.2
OG0012917	As001G020360	AT1G59840.1
OG0012918	As001G020390	AT1G59900.1
OG0012919	As001G020880	AT1G60490.1
OG0012920	As001G020940	AT1G60560.1
OG0012921	As001G020970	AT1G60600.2
OG0012922	As001G021020	AT1G60790.1
OG0012923	As001G021140	AT1G60640.1
OG0012924	As001G021180	AT1G60890.2
OG0012925	As001G021450	AT1G61100.1
OG0012926	As001G021460	AT1G61105.1
OG0012927	As001G021470	AT1G61110.1
OG0012928	As001G021520	AT1G11112.1
OG0012929	As001G021570	AT1G61215.1
OG0012930	As001G021600	AT1G61255.1
OG0012931	As001G021990	AT1G61860.1
OG0012932	As001G022280	AT2G01140.1
OG0012933	As001G022320	AT2G01190.1
OG0012934	As001G022340	AT2G01210.1
OG0012935	As001G022430	AT2G01320.3
OG0012936	As001G022730	AT2G01590.1
OG0012937	As001G022770	AT2G01630.1
OG0012938	As001G022790	AT2G01650.1
OG0012939	As001G022890	AT2G01750.2
OG0012940	As001G023060	AT2G01910.1
OG0012941	As001G023130	AT2G01980.1
OG0012942	As001G023500	AT2G02410.6
OG0012943	As001G023580	AT2G02570.1
OG0012944	As001G023810	AT2G02970.1
OG0012945	As001G023840	AT2G03050.2
OG0012946	As001G023980, As008G183430	AT1G13980.1
OG0012947	As001G023990	AT2G03310.1
OG0012948	As001G024290	AT2G03670.1
OG0012949	As001G024440	AT2G03890.1
OG0012950	As001G024540	AT3G25560.3
OG0012951	As001G024920	AT3G25900.1
OG0012952	As001G025000	AT3G25970.1
OG0012953	As001G025140	AT3G26115.1
OG0012954	As001G025180	AT3G26140.3
OG0012955	As001G025320	AT3G26380.1
OG0012956	As001G025440	AT3G26540.1
OG0012957	As001G025490	AT3G26600.1
OG0012958	As001G025600	AT3G26730.1
OG0012959	As001G025620, As001G025630	AT3G26744.1
OG0012960	As001G025860	AT3G26990.1
OG0012961	As001G025900	AT3G27010.1
OG0012962	As001G026010	AT3G27120.1
OG0012963	As001G026020, As005G112790	AT3G27150.1
OG0012964	As001G026050	AT3G27180.1
OG0012965	As001G026210	AT3G27310.1
OG0012966	As001G026300, As004G097540	AT5G40690.1
OG0012967	As001G026440	AT3G27475.2
OG0012968	As001G026690	AT3G27770.1
OG0012969	As001G026700	AT3G27785.1
OG0012970	As001G026790	AT3G27925.1
OG0012971	As001G026950	AT3G28210.1
OG0012972	As001G027170	AT3G28660.1, AT3G28640.1
OG0012973	As001G027180	AT3G28670.2
OG0012974	As001G027210	AT3G28700.1
OG0012975	As001G027410	AT3G55160.1
OG0012976	As001G027660	AT3G29130.2
OG0012977	As001G027710	AT3G29185.1
OG0012978	As001G028110	AT3G30380.1
OG0012979	As001G028130	AT3G30460.2
OG0012980	As001G028280, As004G077830	AT5G38560.1
OG0012981	As001G028310	AT1G67190.1
OG0012982	As001G028320	AT1G67180.1
OG0012983	As001G028420	AT1G67060.1
OG0012984	As001G028430, As004G077710	AT1G67050.1
OG0012985	As001G028490	AT1G66890.1
OG0012986	As001G028670	AT1G66750.1
OG0012987	As001G028970	AT1G66250.1
OG0012988	As001G029050	AT1G66160.1
OG0012989	As001G029060	AT1G66150.1
OG0012990	As001G029360	AT1G65580.1
OG0012991	As001G029440	AT1G65470.1
OG0012992	As001G029490	AT1G65380.1
OG0012993	As001G029500	AT1G65320.1
OG0012994	As001G029580	AT1G65230.1
OG0012995	As001G029970	AT1G54390.2
OG0012996	As001G030060	AT1G54400.1
OG0012997	As001G030140	AT2G26230.1
OG0012998	As001G030240	AT1G64670.2
OG0012999	As001G030390	AT1G64570.1
OG0013000	As001G030650	AT1G64320.1
OG0013001	As001G030670	AT1G64310.1
OG0013002	As001G030720	AT1G64210.1
OG0013003	As001G030730	AT1G64200.1
OG0013004	As001G030820, As001G030830	AT1G64110.2
OG0013005	As001G030860	AT1G64080.1
OG0013006	As001G030890	AT1G64060.1
OG0013007	As001G030920	AT1G64050.1
OG0013008	As001G030930	AT1G64040.1
OG0013009	As001G030960	AT1G63990.1
OG0013010	As001G031120	AT1G63780.1
OG0013011	As001G031190	AT1G63690.1
OG0013012	As001G031260	AT1G63520.1
OG0013013	As001G031360	AT1G63430.2
OG0013014	As001G031390	AT1G63300.1
OG0013015	As001G031500	AT1G12790.1
OG0013016	As001G031620	AT1G63060.1
OG0013017	As001G031720	AT1G62975.1
OG0013018	As001G031900	AT1G62760.1
OG0013019	As001G031930	AT1G62730.1
OG0013020	As001G032100	AT1G62430.1
OG0013021	As001G032130, As008G185320	AT1G62390.1
OG0013022	As001G032170	AT1G62360.1
OG0013023	As001G032180	AT1G62350.2
OG0013024	As002G032520	AT4G25830.1
OG0013025	As002G032630	AT4G25990.2
OG0013026	As002G032660	AT4G26020.2
OG0013027	As002G032690	AT4G26060.1
OG0013028	As002G032830	AT4G26170.1
OG0013029	As002G032870	AT5G36880.2
OG0013030	As002G033090, As002G038070	AT2G41300.1
OG0013031	As002G033220	AT2G41170.2
OG0013032	As002G033470	AT2G41000.2
OG0013033	As002G033480	AT2G41020.1
OG0013034	As002G033600	AT2G40860.1
OG0013035	As002G033820	AT2G40640.1
OG0013036	As002G033870	AT2G40570.1
OG0013037	As002G033910	AT3G09030.1
OG0013038	As002G034060, As002G034050	AT3G09220.1
OG0013039	As002G034100	AT3G09270.1
OG0013040	As002G034450	AT3G09650.1
OG0013041	As002G034460, As002G034620, As002G034550	AT3G09660.1
OG0013042	As002G035000	AT3G09920.1
OG0013043	As002G035180	AT3G10010.1
OG0013044	As002G035240	AT4G24320.1
OG0013045	As002G035270	AT3G10080.2
OG0013046	As002G035330	AT3G10150.2
OG0013047	As002G035350	AT3G10185.1
OG0013048	As002G035360	AT3G10180.1
OG0013049	As002G035640	AT3G10405.1
OG0013050	As002G035660	AT3G10420.2
OG0013051	As002G035730	AT5G19660.1
OG0013052	As002G036090	AT3G10630.1
OG0013053	As002G036100	AT3G10650.1
OG0013054	As002G036160	AT3G10690.1
OG0013055	As002G036430	AT3G10840.1
OG0013056	As008G186240, As002G036600	AT1G11240.1
OG0013057	As002G037040	AT3G11220.1
OG0013058	As002G037400	AT3G11560.2
OG0013059	As002G037430	AT3G11590.1
OG0013060	As002G038180	AT3G12010.1
OG0013061	As002G038190	AT3G12020.2
OG0013062	As002G038480	AT3G12080.1
OG0013063	As002G038730	AT3G12120.1
OG0013064	As007G177910, As002G038790	AT5G22370.1
OG0013065	As002G038880	AT3G12300.1
OG0013066	As002G039180	AT4G28030.1
OG0013067	As002G039600	AT2G38465.1
OG0013068	As002G040090	AT5G49820.1
OG0013069	As002G040170	AT5G49840.1
OG0013070	As002G040200	AT5G49880.1
OG0013071	As002G040650	AT5G49930.1
OG0013072	As002G040860	AT5G49970.1
OG0013073	As002G041340	AT5G50100.1
OG0013074	As002G041650	AT5G50150.1
OG0013075	As002G041750	AT5G50170.1
OG0013076	As002G041920	AT5G50280.1
OG0013077	As002G041970	AT5G50310.1
OG0013078	As002G042200	AT5G60160.1
OG0013079	As002G042400	AT5G50750.1
OG0013080	As002G042410, As011G257720	AT3G25210.1
OG0013081	As002G042880	AT5G51070.1
OG0013082	As002G043140	AT5G51160.1
OG0013083	As002G043260	AT5G51220.1
OG0013084	As002G043460	AT5G51545.1
OG0013085	As002G043590	AT5G51680.1
OG0013086	As002G043680	AT5G51780.2
OG0013087	As002G043830	AT5G51920.1
OG0013088	As002G043890	AT5G52030.2
OG0013089	As002G044050	AT5G52220.1
OG0013090	As002G044140	AT5G52290.1
OG0013091	As002G044460	AT5G52790.1
OG0013092	As002G044690	AT5G52960.1
OG0013093	As002G045230	AT5G53480.1
OG0013094	As002G045280	AT4G27750.1
OG0013095	As002G045550	AT5G54090.1
OG0013096	As002G045560	AT5G54080.1
OG0013097	As002G045580	AT5G54060.1
OG0013098	As002G045640	AT5G53970.1
OG0013099	As002G045670	AT5G53930.1
OG0013100	As002G045680	AT5G53920.1
OG0013101	As002G045690	AT5G53900.2
OG0013102	As002G046020	AT5G54230.1
OG0013103	As002G046080	AT5G54290.2
OG0013104	As002G046290	AT5G54520.1
OG0013105	As002G046320	AT2G13100.1
OG0013106	As002G046570	AT5G54790.1
OG0013107	As002G046610	AT5G54850.1
OG0013108	As002G046620	AT5G54855.1
OG0013109	As002G046630	AT5G54860.1
OG0013110	As002G046660	AT5G54880.1
OG0013111	As002G046670	AT5G54890.1
OG0013112	As002G046960, As004G086310, As002G046940, As002G046750	AT5G54990.1
OG0013113	As002G047050	AT5G55220.1
OG0013114	As002G047080, As006G134560	AT4G26750.1
OG0013115	As002G047100	AT5G55250.1
OG0013116	As002G047260	AT5G55500.1
OG0013117	As002G047420	AT5G55640.1
OG0013118	As002G047520	AT5G55740.1
OG0013119	As002G047700	AT5G55950.1
OG0013120	As002G047850	AT5G56100.1
OG0013121	As002G047910	AT5G56160.1
OG0013122	As002G048080	AT5G56320.3
OG0013123	As002G048180	AT5G56450.1
OG0013124	As002G048850	AT5G57140.1
OG0013125	As002G048940	AT5G57230.2
OG0013126	As002G048960	AT5G57250.1
OG0013127	As002G049040	AT5G57340.2
OG0013128	As002G049050	AT5G57345.1
OG0013129	As002G049190	AT5G57510.1
OG0013130	As002G049430	AT5G57780.1
OG0013131	As002G049550	AT5G57870.1
OG0013132	As002G049880	AT5G58080.1
OG0013133	As002G049910	AT5G58100.1
OG0013134	As002G050020	AT4G06599.1
OG0013135	As002G050090	AT5G23170.1
OG0013136	As002G050130	AT5G47860.1
OG0013137	As002G050340	AT5G13310.1
OG0013138	As002G050390	AT5G13260.1
OG0013139	As002G050410	AT5G13240.3
OG0013140	As002G050690	AT5G12970.1
OG0013141	As002G050790	AT5G12860.1
OG0013142	As002G050830	AT5G12460.1
OG0013143	As002G050940	AT5G12320.1
OG0013144	As002G051970, As002G050960	AT5G12300.1
OG0013145	As002G051050	AT5G12220.1
OG0013146	As002G051070	AT5G12200.1
OG0013147	As002G051110	AT5G12150.1
OG0013148	As002G051390	AT5G11840.1
OG0013149	As002G051490	AT5G11780.1
OG0013150	As002G051590	AT5G11680.1
OG0013151	As002G051610	AT5G11650.1
OG0013152	As002G051640	AT5G11620.1
OG0013153	As002G051760	AT5G11520.1
OG0013154	As002G051880	AT5G11390.1
OG0013155	As002G051890	AT5G11380.1
OG0013156	As002G051980	AT5G11280.1
OG0013157	As002G051990	AT5G11270.1
OG0013158	As002G052350	AT5G10860.1
OG0013159	As002G052370	AT5G10830.1
OG0013160	As002G053120	AT5G10190.1
OG0013161	As002G053500	AT5G09820.2
OG0013162	As002G053530	AT5G09790.2
OG0013163	As002G053770	AT5G09470.1
OG0013164	As002G053850	AT5G09400.1
OG0013165	As002G053880	AT5G09380.2
OG0013166	As002G053970	AT5G09300.1
OG0013167	As002G054090	AT5G08740.1
OG0013168	As002G054110	AT5G08720.1
OG0013169	As002G054120	AT5G08710.1
OG0013170	As002G054160	AT5G08650.1
OG0013171	As002G054380	AT5G08440.3
OG0013172	As009G217140, As002G054500	AT5G23390.1
OG0013173	As002G054580	AT5G08310.1
OG0013174	As002G054750	AT5G08120.1
OG0013175	As002G054760	AT5G08110.3
OG0013176	As002G055010	AT5G07810.1
OG0013177	As002G055060	AT5G07730.1
OG0013178	As002G055070	AT5G07710.1
OG0013179	As002G055460	AT5G07290.1
OG0013180	As002G055530	AT5G62090.1
OG0013182	As003G055720	AT4G17370.1
OG0013183	As003G055890	AT4G17540.1
OG0013184	As003G055980	AT4G17616.1
OG0013185	As003G056080	AT4G17730.2
OG0013186	As003G056090	AT4G17740.1
OG0013187	As003G056370	AT4G17970.1
OG0013188	As003G056610	AT4G18240.1
OG0013189	As003G056640	AT4G18260.1
OG0013190	As003G056650	AT4G18270.1
OG0013191	As003G056910	AT5G45960.1
OG0013192	As003G057010	AT4G18540.1
OG0013193	As003G057120	AT4G18640.1
OG0013194	As003G057200	AT4G18740.1
OG0013195	As003G057240	AT4G18780.1
OG0013196	As004G088190, As003G057280	AT4G18820.1
OG0013197	As003G057360	AT4G18920.1
OG0013198	As003G057470	AT4G19020.1
OG0013199	As003G057500	AT4G19050.1
OG0013200	As003G057510	AT4G19060.1
OG0013201	As003G057720	AT4G19370.1
OG0013202	As003G058300	AT4G20090.1
OG0013203	As003G058310	AT3G57430.1
OG0013204	As003G058330	AT4G20110.2
OG0013205	As003G058370	AT4G37420.1
OG0013206	As003G058700, As003G058660	AT4G20760.2
OG0013207	As003G059160	AT4G21300.1
OG0013208	As003G059390	AT4G21390.1
OG0013209	As003G059650	AT4G21610.1
OG0013210	As003G060040	AT4G22010.1
OG0013211	As003G060270	AT4G22200.1
OG0013212	As003G060300	AT1G69830.1
OG0013213	As003G060440	AT4G22370.2
OG0013214	As003G060600	AT4G22666.1
OG0013215	As003G061510	AT4G23496.1
OG0013216	As003G061820	AT4G23720.1
OG0013217	As003G061880	AT4G23790.1
OG0013218	As003G061990	AT4G23890.1
OG0013219	As003G062000	AT4G23895.3
OG0013220	As003G062190	AT4G24110.1
OG0013221	As003G062350	AT1G32860.1
OG0013222	As003G062450	AT1G33055.1
OG0013223	As003G062750	AT1G33340.1
OG0013224	As003G062780	AT1G33410.2
OG0013225	As003G062890	AT5G20080.1
OG0013226	As003G062900	AT4G25650.2
OG0013227	As003G062920	AT5G07080.1
OG0013228	As003G062990	AT1G33810.1
OG0013229	As003G063230	AT1G34120.2
OG0013230	As003G063250	AT1G34150.1
OG0013231	As003G063320	AT1G34260.1
OG0013232	As003G063400	AT1G34380.2
OG0013233	As003G063480	AT1G34640.1
OG0013234	As003G063610	AT1G35210.1
OG0013235	As003G063780	AT1G35330.1
OG0013236	As003G063860	AT1G35530.2
OG0013237	As003G063920, As004G080210	AT1G35620.1
OG0013238	As003G064220	AT1G36940.2
OG0013239	As003G064460	AT1G44790.1
OG0013240	As003G064740	AT3G09040.2
OG0013241	As003G064940	AT1G30845.1
OG0013242	As003G064950	AT1G43620.1
OG0013243	As003G065250	AT1G45130.1
OG0013244	As003G065350	AT5G28720.1
OG0013245	As003G065440	AT1G47655.1
OG0013246	As003G065510	AT1G47530.1
OG0013247	As003G066020	AT1G42960.1
OG0013248	As003G066040	AT1G42550.1
OG0013249	As003G066060	AT1G42540.1
OG0013250	As003G066370, As003G066380	AT1G45160.2
OG0013251	As003G066640	AT1G46480.1
OG0013252	As003G067320	AT1G27880.1
OG0013253	As003G067640	AT1G27840.3, AT1G19750.1
OG0013254	As003G068480	AT1G28140.1
OG0013255	As003G068580	AT1G28200.1
OG0013256	As003G068630	AT1G28220.1
OG0013257	As003G069200	AT1G28530.1
OG0013258	As003G069290	AT1G28680.1
OG0013259	As003G069500	AT1G29041.1
OG0013260	As003G069700	AT1G29100.2
OG0013261	As003G069710	AT3G24600.1
OG0013262	As003G069860	AT1G29220.2
OG0013263	As003G070010	AT1G29400.1
OG0013264	As003G070280	AT1G29830.3, AT1G29820.1
OG0013265	As003G070830	AT1G30290.2
OG0013266	As003G071670	AT4G35390.1
OG0013267	As005G105870, As003G071700	AT4G35440.2
OG0013268	As003G071940	AT4G35650.1
OG0013269	As003G072170	AT4G35880.1
OG0013270	As003G072210	AT4G35905.1
OG0013271	As003G072260	AT4G35970.1
OG0013272	As011G264800, As003G072280	AT2G17820.1
OG0013273	As003G072470	AT4G36210.3
OG0013274	As003G072570	AT4G36400.1
OG0013275	As003G072580	AT4G36410.1
OG0013276	As003G072610	AT4G36440.1
OG0013277	As003G072630	AT4G36480.1
OG0013278	As003G072690	AT4G36530.2
OG0013279	As003G072820	AT4G36630.1
OG0013280	As003G072850	AT4G36650.1
OG0013281	As003G073160	AT4G37190.1
OG0013282	As003G073310	AT4G37020.2
OG0013283	As003G073320	AT4G37010.2
OG0013284	As003G073380	AT4G36950.1
OG0013285	As003G073700	AT4G37445.1
OG0013286	As003G074200	AT4G37890.1
OG0013287	As003G074220	AT3G53440.1
OG0013288	As003G074610	AT4G40050.1
OG0013289	As003G074620	AT4G40045.1
OG0013290	As003G074660	AT4G40020.1
OG0013291	As003G074830	AT4G39870.1
OG0013292	As003G074840	AT4G39860.1
OG0013293	As003G074850	AT4G39850.3
OG0013294	As003G074870	AT1G27695.1
OG0013295	As003G074880	AT4G39820.2
OG0013296	As003G075400	AT4G39470.1
OG0013297	As003G075410	AT4G39460.1
OG0013298	As003G075420	AT4G39420.2
OG0013299	As003G075580, As003G075570	AT4G39270.1
OG0013300	As012G273680, As003G075610	AT4G39230.1
OG0013301	As003G075730	AT4G39120.2
OG0013302	As003G076060	AT4G38800.1
OG0013303	As003G076120	AT4G38710.2
OG0013304	As003G076170	AT4G38660.1
OG0013305	As003G076370	AT4G38495.1
OG0013306	As003G076380	AT4G38240.1
OG0013307	As003G076470	AT4G38370.1
OG0013308	As003G076510	AT4G38410.1
OG0013309	As003G076590	AT4G38210.1
OG0013310	As004G076720	AT2G21720.2
OG0013311	As004G076830	AT5G35970.1
OG0013312	As004G076950	AT5G36290.1
OG0013313	As004G076990	AT5G36800.2, AT5G36710.2
OG0013314	As004G077050	AT5G36950.1
OG0013315	As004G077120	AT5G37260.1
OG0013316	As004G077230	AT5G37500.2
OG0013317	As004G077280	AT5G37590.1
OG0013318	As004G077300	AT5G37630.1
OG0013319	As004G077330	AT5G37680.1
OG0013320	As004G077350	AT5G37710.1
OG0013321	As004G077460	AT5G37850.1
OG0013322	As004G077660	AT5G38220.1
OG0013323	As004G077730	AT5G38380.1
OG0013324	As004G077770	AT5G38460.1
OG0013325	As004G077840	AT5G38600.1
OG0013326	As004G077870	AT5G38630.1
OG0013327	As004G077880	AT5G38640.1
OG0013328	As004G078030	AT5G38900.2
OG0013329	As004G078180	AT5G39210.1
OG0013330	As004G078510	AT5G39710.1
OG0013331	As004G078590	AT5G39830.1
OG0013332	As004G078600	AT5G39840.1
OG0013333	As004G078850	AT5G18820.1
OG0013334	As004G079230	AT1G31790.1
OG0013335	As004G079250	AT3G45890.1
OG0013336	As004G079330	AT4G11290.1
OG0013337	As004G079410	AT5G48790.1
OG0013338	As004G079530	AT2G35430.1
OG0013339	As004G079570	AT2G35380.1
OG0013340	As004G079780	AT2G35210.1
OG0013341	As004G080070	AT4G09720.3
OG0013342	As004G080180	AT4G09580.1
OG0013343	As004G080290	AT4G09160.1
OG0013344	As004G080300	AT4G09150.2
OG0013345	As004G080310	AT4G09140.1
OG0013346	As004G080360	AT4G09040.1
OG0013347	As004G080380	AT4G09020.1
OG0013348	As004G080530	AT5G19840.2, AT3G26135.1
OG0013349	As004G080590	AT4G08620.1
OG0013350	As004G080720	AT2G17900.1
OG0013351	As004G080770	AT1G38131.1, AT1G38065.1
OG0013352	As004G080800	AT4G08250.1
OG0013353	As004G080820	AT4G08280.2
OG0013354	As004G080840	AT4G08300.1
OG0013355	As004G081160	AT2G34190.1
OG0013356	As004G081640	AT2G33620.1
OG0013357	As004G081650	AT2G33610.1
OG0013358	As004G081690	AT2G33580.1
OG0013359	As004G081850	AT2G35450.1
OG0013360	As004G081890	AT5G43250.1
OG0013361	As004G081930	AT5G43190.1
OG0013362	As004G081970	AT5G43155.1, AT5G43160.1
OG0013363	As004G082030	AT5G43100.1
OG0013364	As004G082100	AT5G43020.1
OG0013365	As004G082190	AT5G42920.2
OG0013366	As004G082200	AT1G45230.1
OG0013367	As004G082350	AT5G42765.1
OG0013368	As004G082440	AT5G42680.1
OG0013369	As004G082490	AT1G48460.1
OG0013370	As004G082520	AT5G42630.1
OG0013371	As004G082600	AT5G42480.1
OG0013372	As004G082660	AT5G25070.1
OG0013373	As004G082670	AT5G42400.1
OG0013374	As004G082700	AT5G42370.2
OG0013375	As004G082730	AT5G43820.1
OG0013376	As004G082770	AT5G42340.1
OG0013377	As004G082790	AT2G38025.1
OG0013378	As004G082800	AT5G42320.2
OG0013379	As004G082820	AT1G63610.1
OG0013380	As004G082870	AT5G42220.1
OG0013381	As004G083000	AT5G23070.1
OG0013382	As004G083060	AT2G35720.1
OG0013383	As004G083160	AT4G09890.1
OG0013384	As004G083260	AT4G09980.1
OG0013385	As004G083310	AT4G10010.2
OG0013386	As004G083390	AT4G10090.1
OG0013387	As004G083430	AT4G10130.1
OG0013388	As004G083500	AT1G33430.2
OG0013389	As004G083610	AT4G10300.1
OG0013390	As004G084170	AT4G10970.6
OG0013391	As004G084270	AT4G11110.1
OG0013392	As004G084440	AT4G11300.1
OG0013393	As004G084460	AT4G11330.1
OG0013394	As004G084510	AT4G11410.1
OG0013395	As004G084550	AT4G11450.1
OG0013396	As004G084600	AT4G11570.1
OG0013397	As004G084670	AT4G11680.2
OG0013398	As004G084700	AT4G11740.1
OG0013399	As004G084770	AT4G11860.1
OG0013400	As004G084890	AT4G12000.1
OG0013401	As004G085060	AT4G12230.1
OG0013402	As004G085540	AT4G04180.1
OG0013403	As004G085580	AT4G04320.1
OG0013404	As004G085980	AT4G04940.1
OG0013405	As004G086020	AT4G04960.1
OG0013406	As004G086130	AT4G05100.1
OG0013407	As004G086260	AT4G04970.1
OG0013408	As004G086490	AT5G44300.1
OG0013409	As004G086570, As006G134200	AT5G44370.1
OG0013410	As004G087060	AT5G44680.1
OG0013411	As004G087150	AT5G44750.2
OG0013412	As004G087190	AT5G44800.1
OG0013413	As004G087670	AT2G17060.1
OG0013414	As008G186220, As004G087770	AT5G45280.2
OG0013415	As004G087780, As004G093230	AT5G45290.2
OG0013416	As004G087810	AT5G45310.1
OG0013417	As004G088010	AT5G45520.1
OG0013418	As004G088060	AT5G45580.2
OG0013419	As004G088140	AT5G45660.1
OG0013420	As004G088170	AT5G45700.1
OG0013421	As004G088200	AT5G45740.1
OG0013422	As004G088240	AT5G45780.1
OG0013423	As004G088570	AT5G46060.1
OG0013425	As004G089300	AT5G19930.1
OG0013426	As004G091180	AT5G47380.1
OG0013427	As004G091190	AT5G47370.1
OG0013428	As004G091320	AT5G35090.1
OG0013429	As004G092310, As004G092410	AT2G04880.1
OG0013430	As006G141320, As004G092770	AT4G12650.1
OG0013431	As004G092870	AT4G12760.1
OG0013432	As004G092970, As011G258550	AT3G25500.1
OG0013433	As004G093000	AT4G12830.1
OG0013434	As004G093440, As011G257580	AT3G25130.1
OG0013435	As004G093750	AT4G13230.1
OG0013436	As004G094000, As011G256570	AT3G24490.1
OG0013437	As004G094530	AT4G13630.1
OG0013438	As004G094630	AT4G13750.1
OG0013439	As004G095050	AT4G13990.1
OG0013440	As004G095130	AT4G14090.1
OG0013441	As004G095200	AT4G14190.1
OG0013442	As004G095430	AT4G11060.1
OG0013443	As004G095480	AT4G14385.1
OG0013444	As004G095640	AT4G14520.1
OG0013445	As004G095980	AT4G14840.1
OG0013446	As004G096080	AT4G14965.1
OG0013447	As004G096120	AT4G15030.2
OG0013448	As004G096160	AT4G15090.1
OG0013449	As004G096170	AT4G15110.1
OG0013450	As004G096590	AT4G15520.1
OG0013451	As004G096610	AT4G15545.1
OG0013452	As004G096820	AT5G39980.1
OG0013453	As004G096970	AT5G40160.1
OG0013454	As004G097160	AT5G40340.1
OG0013455	As004G097490	AT5G40630.1
OG0013456	As004G097810	AT5G41140.1
OG0013457	As004G098010	AT5G41460.1
OG0013458	As004G098320	AT5G41920.1
OG0013459	As004G098410	AT5G42010.1
OG0013460	As004G098490	AT5G42100.1
OG0013461	As005G098690	AT2G48010.1
OG0013462	As005G098980	AT2G47830.1
OG0013463	As005G099040	AT2G47780.1
OG0013464	As005G099160	AT2G47700.1
OG0013465	As005G099180	AT2G47680.1
OG0013466	As005G099300	AT2G47580.1
OG0013467	As005G099400	AT2G47500.1
OG0013468	As005G099600	AT2G47320.1
OG0013469	As005G099960	AT2G47020.3
OG0013470	As005G099980	AT2G47010.1
OG0013471	As005G100080, As005G100050, As005G100070, As005G100060	AT2G46950.1
OG0013472	As005G100100	AT2G46930.1
OG0013473	As005G100440	AT2G46570.1
OG0013474	As005G100680	AT2G46430.1
OG0013475	As005G100740	AT2G46380.1
OG0013476	As005G100770	AT2G46340.1
OG0013477	As005G100790	AT2G46320.1
OG0013478	As005G100820	AT2G46270.1
OG0013479	As005G100980	AT2G46100.1
OG0013480	As005G101100	AT2G45990.1
OG0013481	As005G101120	AT2G45970.1
OG0013482	As005G101210	AT2G45870.1
OG0013483	As005G101220	AT2G45850.1
OG0013484	As005G101490	AT2G45600.1
OG0013485	As005G101830	AT2G45320.1
OG0013486	As005G102450	AT2G44730.1
OG0013487	As005G102500, As005G102510	AT3G60240.4
OG0013488	As005G102530	AT2G44660.1
OG0013489	As005G102590	AT2G44600.1
OG0013490	As005G102660	AT2G44500.1
OG0013491	As005G102810	AT2G44430.1
OG0013492	As005G102830	AT2G44410.1
OG0013493	As005G102910	AT2G44310.1
OG0013494	As005G103170	AT2G44020.1
OG0013495	As005G103320	AT2G43870.1
OG0013496	As005G103530	AT2G43720.1
OG0013497	As005G103790	AT2G43540.1
OG0013498	As005G103930	AT2G43400.1
OG0013499	As005G103990	AT2G43310.1
OG0013500	As005G104060	AT2G43250.1
OG0013501	As005G104270	AT2G43030.1
OG0013502	As005G104350	AT2G42975.1
OG0013503	As005G104400	AT2G42950.1
OG0013504	As005G104650	AT2G42700.2
OG0013505	As012G284770, As005G104860	AT3G58490.1
OG0013506	As005G105120	AT2G42110.1
OG0013507	As005G105200	AT2G42220.1
OG0013508	As005G105780	AT2G41705.1
OG0013509	As005G105790	AT2G41700.1
OG0013510	As005G106680, As006G142210	AT5G01350.1
OG0013511	As005G106770	AT5G01300.1
OG0013512	As005G106950	AT5G01160.1
OG0013513	As005G107000	AT5G01070.1
OG0013514	As005G107090	AT5G02010.1
OG0013515	As005G107170	AT5G02090.1
OG0013516	As005G107220	AT5G02160.1
OG0013517	As005G107320	AT5G02230.3
OG0013518	As005G107370	AT5G02270.2
OG0013519	As005G107660	AT5G02590.1
OG0013520	As005G107880	AT5G02830.1
OG0013521	As005G107890	AT5G02820.1
OG0013522	As005G108330	AT5G03450.1
OG0013523	As005G108350	AT5G03460.1
OG0013524	As005G108430	AT5G03555.1
OG0013525	As005G108530	AT5G03640.1
OG0013526	As005G108540	AT5G03650.1
OG0013527	As005G108670	AT5G03720.1
OG0013528	As005G108790	AT5G03820.2, AT5G03810.1
OG0013529	As005G108950	AT5G03990.1
OG0013530	As005G108960	AT5G04000.2
OG0013531	As005G109160	AT5G04140.2
OG0013532	As005G109240	AT5G04190.1
OG0013533	As005G109270	AT5G04220.2
OG0013534	As005G109320	AT5G04240.1
OG0013535	As005G109350	AT5G04260.1
OG0013536	As005G109360	AT5G04270.1
OG0013537	As005G110400	AT5G19970.1
OG0013539	As005G110580	AT5G19620.1
OG0013540	As005G111850	AT5G20580.1
OG0013541	As005G111940	AT5G20590.1
OG0013542	As005G112550	AT5G21040.1
OG0013543	As005G112980	AT5G21950.6
OG0013544	As005G113090	AT5G22020.1
OG0013545	As005G113100	AT5G22040.1
OG0013546	As005G113200	AT5G22130.2
OG0013547	As005G113690	AT5G22820.2
OG0013548	As005G113700	AT5G22830.1
OG0013549	As005G113760, As005G113740	AT5G22870.1
OG0013550	As005G113970	AT5G60750.1
OG0013551	As005G113990	AT5G60730.1
OG0013552	As005G114000	AT5G60720.1
OG0013553	As005G114110	AT5G60630.1
OG0013554	As005G114190	AT5G60540.1
OG0013555	As005G114550	AT5G60070.1
OG0013556	As005G115580	AT5G59500.1
OG0013557	As005G115640	AT5G59440.3
OG0013558	As005G115650	AT5G59420.1
OG0013559	As005G115780	AT1G27990.1
OG0013560	As005G115980	AT3G47080.1
OG0013561	As005G116140	AT5G63200.1
OG0013562	As005G116210	AT5G63290.1
OG0013563	As005G116470	AT5G63540.2
OG0013564	As005G116600	AT5G63640.1
OG0013565	As005G116710	AT5G63770.1
OG0013566	As005G116930	AT5G63990.1
OG0013567	As005G117020	AT5G64050.1
OG0013569	As005G117170	AT5G64190.2
OG0013570	As005G117240	AT5G64250.2
OG0013571	As005G117280	AT5G64280.1
OG0013572	As005G117380	AT5G64380.1
OG0013573	As005G117410	AT5G64410.1
OG0013574	As005G117480	AT5G64470.2
OG0013575	As005G117520	AT5G64520.4
OG0013576	As005G117580	AT5G64580.1
OG0013577	As005G117710	AT2G18465.1
OG0013578	As005G117760	AT5G64730.1
OG0013579	As005G117800	AT5G64780.1
OG0013580	As005G118140	AT5G65040.1
OG0013581	As005G118280	AT5G65200.1
OG0013582	As005G118530	AT5G65450.2
OG0013583	As005G118790	AT5G65720.1
OG0013584	As005G118800	AT5G65730.1
OG0013585	As005G118820	AT5G65760.1
OG0013586	As005G118910	AT5G65860.1
OG0013587	As005G118990	AT5G67640.1
OG0013588	As005G119100	AT5G67520.1
OG0013589	As005G119120	AT5G67490.1
OG0013590	As005G119150	AT5G67460.1
OG0013592	As005G119340	AT5G67290.1
OG0013593	As005G119410	AT5G67230.1
OG0013594	As005G119470	AT5G67170.1
OG0013595	As005G119530, As005G119920, As005G119520, As005G119510	AT5G67150.1
OG0013596	As005G119550	AT5G67130.1
OG0013597	As005G119660	AT5G66985.1
OG0013598	As005G119830	AT5G66815.1
OG0013599	As005G119840	AT5G66810.1
OG0013600	As005G119960	AT5G66720.1
OG0013601	As005G120100	AT5G66631.1
OG0013602	As005G120440	AT5G66350.1
OG0013603	As005G120560	AT5G66260.1
OG0013604	As005G120630	AT5G66190.1
OG0013605	As005G120730	AT5G66130.1
OG0013606	As005G120770	AT5G66090.1
OG0013607	As005G120830	AT5G66030.1
OG0013608	As005G120850, As005G120860	AT5G66010.1
OG0013609	As006G121110	AT4G00120.1
OG0013610	As006G121130	AT4G00150.1
OG0013611	As006G121150	AT4G00170.1
OG0013612	As006G121220	AT4G00752.1
OG0013613	As006G121410	AT4G00525.1
OG0013614	As006G121610	AT4G00340.1
OG0013615	As006G121630	AT4G00330.1
OG0013616	As006G121640	AT4G00310.1
OG0013617	As006G121970	AT4G01120.1
OG0013618	As006G122050	AT4G01040.1
OG0013619	As006G122060	AT4G01037.1
OG0013620	As006G122130	AT4G00950.1
OG0013621	As006G122160	AT4G00905.1
OG0013622	As006G122330	AT4G01395.1
OG0013623	As006G122580	AT4G01680.2
OG0013624	As006G122610	AT4G01720.1
OG0013625	As006G122630	AT4G01900.1
OG0013626	As006G122650	AT4G01895.1
OG0013627	As006G122780	AT4G01940.1
OG0013628	As006G122830	AT4G01995.1
OG0013629	As006G122840	AT4G02010.1
OG0013630	As006G122880	AT4G02070.1
OG0013631	As006G123010	AT1G02730.1
OG0013632	As006G123160	AT4G02360.1
OG0013633	As006G123470	AT4G02670.2
OG0013634	As006G123640	AT4G02820.1
OG0013635	As006G123650	AT4G02810.1
OG0013636	As006G123660	AT4G02800.1
OG0013637	As006G123740	AT4G02920.2
OG0013638	As006G123760	AT4G02940.1
OG0013639	As006G123820	AT4G03030.1
OG0013640	As006G123950	AT4G03180.1
OG0013641	As006G123970	AT4G03200.1
OG0013642	As006G124100	AT4G03330.1
OG0013643	As006G124150	AT4G03410.2
OG0013644	As006G124160	AT4G03415.1
OG0013645	As006G124340	AT5G44200.1
OG0013646	As006G124490	AT5G44080.1
OG0013647	As006G124510	AT5G44060.1
OG0013648	As006G124590	AT5G43980.1
OG0013649	As006G124830	AT5G43770.1
OG0013650	As006G124940	AT5G43630.1
OG0013651	As006G125060	AT5G43430.4
OG0013652	As006G125100	AT5G43380.1
OG0013653	As006G125480	AT2G33170.1
OG0013654	As006G125500	AT2G33205.5
OG0013655	As006G125550	AT2G33250.1
OG0013656	As006G125570	AT2G33260.2
OG0013657	As006G125640	AT2G32295.1
OG0013658	As006G126010	AT2G32920.1
OG0013659	As006G126280	AT2G32500.2
OG0013660	As006G126340	AT2G32415.3
OG0013661	As006G126370	AT2G32150.1
OG0013662	As006G126380	AT2G32120.1
OG0013663	As006G126480	AT2G32000.1
OG0013664	As006G126720	AT2G31970.1
OG0013665	As006G126820	AT2G31930.1
OG0013666	As006G126860	AT2G31890.1
OG0013667	As006G127000	AT2G31740.1
OG0013668	As006G127460	AT2G31200.1
OG0013669	As006G127490	AT2G31170.1
OG0013670	As006G127600	AT2G31070.1
OG0013671	As006G127720	AT2G30933.1
OG0013672	As006G127790	AT2G30880.1
OG0013673	As006G127850	AT2G30780.1
OG0013674	As006G127880	AT2G30720.1
OG0013675	As006G127950	AT2G30600.5
OG0013676	As006G128180	AT2G30330.1
OG0013677	As006G128250	AT2G30270.1
OG0013678	As006G128440	AT5G52010.1
OG0013679	As006G128590	AT2G29950.1
OG0013680	As006G128700	AT2G29650.1
OG0013681	As006G128730	AT2G29620.1
OG0013682	As006G129130	AT2G29050.1
OG0013683	As006G129380	AT2G28830.1
OG0013684	As006G129760	AT4G38490.1
OG0013685	As006G129910	AT2G28350.1
OG0013686	As006G129980	AT2G28250.1
OG0013687	As006G130140	AT2G28070.1
OG0013688	As006G130160	AT2G28060.1
OG0013689	As006G130210	AT2G27950.1
OG0013690	As006G130230	AT2G27920.1
OG0013691	As006G130390	AT2G27690.1
OG0013692	As006G130510	AT2G26980.4
OG0013694	As006G130770	AT2G27240.1
OG0013695	As006G130840	AT2G27330.1
OG0013696	As006G131150, As006G131120	AT2G26780.1
OG0013697	As006G131160, As006G131180	AT2G26770.1
OG0013698	As006G131210	AT2G26700.1
OG0013699	As006G131270	AT5G51200.2
OG0013700	As006G131320	AT2G26600.1
OG0013701	As006G131370	AT2G26650.1
OG0013702	As006G131390	AT2G30390.2
OG0013703	As006G131410	AT1G47570.1
OG0013704	As006G131450	AT2G26570.1
OG0013705	As006G131540	AT2G26500.1
OG0013706	As006G131620	AT2G26440.1
OG0013707	As006G131680	AT2G26310.1
OG0013708	As006G131750	AT2G26240.1
OG0013709	As006G137250, As006G131770	AT3G03970.1
OG0013710	As006G131850	AT2G26150.1
OG0013711	As006G131910	AT2G26070.2
OG0013712	As006G131960	AT2G25950.1
OG0013713	As006G131990	AT2G25910.2
OG0013714	As006G132200	AT2G25730.2
OG0013715	As006G132220	AT4G27540.1
OG0013716	As006G132700	AT4G26980.1
OG0013717	As006G132750	AT3G01370.1
OG0013718	As006G133210	AT1G61270.1
OG0013719	As006G133250	AT3G01800.1
OG0013720	As006G133290	AT3G01830.1
OG0013721	As006G133300	AT3G01840.1
OG0013722	As006G133370	AT3G01920.2
OG0013723	As006G133810	AT5G01930.1
OG0013724	As006G133910	AT5G01880.1
OG0013725	As006G133960	AT5G01830.1
OG0013726	As006G134010	AT5G01800.1
OG0013727	As006G134150	AT5G56230.1
OG0013728	As006G134450	AT5G55100.2
OG0013729	As006G134990	AT3G01080.2
OG0013730	As006G135010	AT3G01060.1
OG0013731	As006G135220	AT3G02220.1
OG0013733	As006G135420	AT3G02430.1
OG0013734	As006G135570	AT5G48220.1
OG0013735	As006G135700	AT3G02700.1
OG0013736	As006G135980	AT3G02960.1
OG0013737	As006G136230	AT3G03210.1
OG0013738	As006G136320	AT3G03280.1
OG0013739	As006G136370	AT3G03320.1
OG0013740	As006G136450	AT4G27250.1
OG0013741	As006G136610	AT3G03560.1
OG0013742	As006G136810	AT3G03700.1, AT3G04440.1
OG0013743	As006G136910	AT3G03773.2
OG0013744	As006G136930	AT3G03790.3
OG0013745	As006G137170	AT3G03890.1
OG0013746	As006G137180	AT3G03900.1
OG0013747	As006G137390	AT3G04130.1
OG0013748	As006G137500	AT3G04360.1
OG0013749	As006G137540	AT3G04310.1
OG0013750	As006G137720	AT3G04550.1
OG0013751	As006G137730	AT3G04560.1
OG0013752	As006G137810, As012G286990	AT3G04610.1
OG0013753	As006G137850	AT3G04650.1
OG0013754	As006G138020	AT3G04810.1
OG0013755	As006G138080	AT3G04870.1
OG0013756	As006G138190	AT3G04950.1
OG0013757	As006G138280	AT4G08630.1
OG0013758	As006G138480, As006G138520	AT3G05210.1
OG0013759	As006G138560	AT3G05350.1
OG0013760	As006G138670	AT3G05250.1
OG0013761	As006G139050	AT3G05675.1
OG0013762	As006G139120	AT3G05740.1
OG0013763	As006G139380	AT3G05936.1
OG0013764	As006G139400	AT3G05940.1
OG0013765	As006G139730	AT3G06170.1
OG0013766	As006G139990	AT3G06390.1
OG0013767	As006G140120	AT3G06480.1
OG0013768	As006G140300	AT3G66658.2
OG0013769	As006G140330	AT2G04395.1, AT2G05210.1
OG0013770	As006G140410	AT3G06770.5
OG0013771	As006G140830	AT3G07140.1
OG0013772	As006G141130	AT3G07400.1
OG0013773	As006G141310	AT4G11120.1
OG0013774	As006G141460	AT3G07720.1
OG0013775	As006G141480	AT3G07740.4
OG0013776	As006G141760	AT3G08000.1
OG0013777	As006G141830	AT3G08490.1
OG0013778	As006G141970	AT3G08680.1
OG0013779	As006G142170	AT3G08920.1
OG0013780	As006G142530	AT2G40390.1
OG0013781	As006G142790	AT2G40160.2
OG0013782	As006G142880	AT2G40100.1
OG0013783	As006G142970	AT3G55830.1
OG0013784	As006G143050	AT2G39930.1
OG0013785	As006G143300	AT2G39740.1
OG0013786	As006G143370	AT2G39690.5
OG0013787	As006G143470	AT2G39580.2
OG0013788	As006G143500	AT2G39550.1
OG0013789	As006G143750	AT2G39270.1
OG0013790	As006G143820	AT2G39170.1
OG0013791	As006G143940	AT2G39140.1
OG0013792	As006G144040	AT2G39050.1
OG0013793	As006G144060	AT2G28290.5
OG0013794	As006G144150	AT2G38960.3
OG0013795	As006G144240	AT2G38860.2
OG0013796	As006G144390	AT2G38720.1
OG0013797	As006G144540	AT2G35990.1
OG0013798	As006G144830	AT2G36290.1
OG0013799	As006G145130	AT2G36570.1
OG0013800	As006G145210	AT2G36670.1
OG0013801	As006G145300	AT2G36740.1
OG0013802	As006G145390	AT2G36840.1
OG0013803	As006G145450	AT2G36895.3
OG0013804	As006G145510	AT2G36960.3
OG0013805	As006G145590	AT2G37020.3
OG0013806	As006G145940	AT2G37290.2
OG0013807	As006G146360	AT2G37570.1
OG0013808	As006G146380	AT2G37585.1
OG0013809	As006G146730	AT2G37670.2
OG0013810	As006G147910	AT2G38060.2
OG0013811	As006G147930	AT2G38050.1
OG0013812	As006G147950	AT2G38020.1
OG0013813	As006G148390	AT5G34940.2
OG0013814	As006G148770	AT2G35770.1
OG0013816	As007G151890	AT1G15230.1
OG0013817	As007G152790	AT1G16290.2
OG0013818	As007G153000, As010G242510	AT1G16520.1
OG0013819	As007G153020	AT1G16540.3
OG0013820	As007G153080	AT1G16630.1
OG0013821	As007G153160	AT1G16730.1
OG0013822	As007G153240	AT1G16830.1
OG0013823	As007G153550	AT1G13630.4
OG0013824	As007G153600	AT1G17160.1
OG0013825	As007G153750	AT1G17310.2
OG0013826	As007G153760	AT1G17330.1
OG0013828	As007G153900	AT1G17410.1
OG0013829	As007G154180	AT1G17750.1
OG0013830	As007G154340	AT1G17870.1
OG0013831	As007G154520	AT1G18270.3
OG0013832	As007G154680	AT1G18090.1
OG0013833	As007G154740	AT1G18000.1, AT1G18010.1
OG0013834	As007G154770	AT1G17970.1
OG0013835	As007G154800	AT1G18400.1
OG0013836	As007G155030	AT1G18600.1
OG0013837	As007G155500	AT1G19115.4
OG0013838	As007G155540	AT1G19150.1
OG0013839	As007G155550	AT1G19170.1
OG0013840	As007G155610	AT1G19240.1
OG0013842	As007G155750	AT1G19380.1
OG0013843	As007G155890	AT1G19600.1
OG0013844	As007G155910	AT1G19630.1
OG0013845	As007G156030	AT1G19835.1
OG0013846	As007G156080	AT1G19880.1
OG0013847	As007G156230	AT1G20060.1
OG0013848	As007G156640	AT1G20510.1
OG0013849	As007G156850	AT1G20810.1
OG0013850	As007G157030	AT1G20980.1
OG0013851	As007G157270	AT1G21350.5
OG0013852	As007G157360	AT1G21430.1
OG0013853	As007G157370	AT1G21440.1
OG0013854	As007G157520	AT1G21550.1
OG0013855	As007G157600	AT1G21600.1
OG0013856	As007G157680, As009G209870	AT1G21670.1
OG0013857	As007G157760	AT1G21730.1
OG0013858	As007G158100	AT1G22060.1
OG0013859	As007G158820	AT1G22740.1
OG0013860	As007G158830	AT1G22750.4
OG0013861	As007G158850	AT1G22770.1
OG0013862	As007G158870, As010G234440	AT1G22790.1
OG0013863	As007G159510	AT1G23360.1
OG0013864	As007G159930, As007G159920	AT1G24100.1
OG0013865	As007G159940	AT1G24120.1
OG0013866	As007G160200, As007G163880	AT1G27070.1
OG0013867	As007G160450	AT1G26820.1
OG0013868	As007G160470	AT1G26810.1
OG0013869	As007G160500	AT1G26790.1
OG0013870	As007G160630	AT1G26640.1
OG0013871	As007G160740	AT1G26520.1
OG0013872	As007G161040	AT1G26180.1
OG0013873	As007G161060	AT1G26160.1
OG0013874	As007G161160	AT1G25570.1
OG0013875	As007G161790	AT1G24540.1
OG0013876	As007G161990	AT1G67580.1
OG0013877	As007G162020	AT1G24310.1
OG0013878	As007G162120	AT1G27320.1
OG0013879	As007G162340	AT1G44910.1
OG0013880	As007G162880	AT4G24430.1
OG0013881	As007G163020	AT4G24540.1
OG0013882	As007G163460	AT4G24730.1
OG0013883	As007G163480	AT4G24740.1
OG0013884	As007G163720	AT4G24900.1
OG0013885	As007G164350	AT4G25110.1
OG0013886	As007G164420	AT4G25160.1
OG0013887	As007G164460	AT4G25180.1
OG0013888	As007G166900	AT4G32620.2
OG0013889	As007G167130	AT2G25260.1
OG0013890	As007G176850	AT2G25090.1
OG0013891	As007G176860	AT2G25100.1
OG0013892	As007G176890	AT3G32410.1, AT2G25050.1
OG0013893	As007G176960	AT4G33130.3
OG0013894	As007G177050	AT2G24970.1
OG0013895	As007G177060	AT2G24960.1
OG0013896	As007G177140	AT1G37113.1
OG0013897	As007G177550	AT2G24830.1
OG0013898	As007G177690	AT2G25140.1
OG0013899	As007G177720	AT2G25180.1
OG0013900	As007G179250	AT2G23670.1
OG0013901	As007G179820	AT2G23030.1
OG0013902	As007G179990, As010G237370	AT1G76130.1
OG0013903	As010G237390, As007G180000	AT1G76120.1
OG0013904	As007G180040	AT2G22660.2
OG0013905	As007G180260	AT2G22460.1
OG0013906	As007G180410	AT2G22270.1
OG0013907	As007G180570	AT2G22010.2
OG0013908	As007G180590	AT2G21990.1
OG0013909	As007G180630	AT2G21940.4
OG0013910	As007G180700	AT2G21890.1, AT2G21730.1
OG0013912	As007G181750, As007G181400	AT2G21320.1
OG0013913	As007G181980	AT2G21090.1
OG0013914	As007G182270	AT1G16210.1
OG0013915	As008G182290	AT1G15200.3
OG0013916	As008G182730	AT1G14690.1
OG0013917	As008G182740	AT1G14687.1
OG0013918	As008G182840	AT1G14560.1
OG0013919	As008G183060	AT1G14345.1
OG0013920	As008G183170	AT1G14190.2, AT1G14185.1
OG0013921	As008G183550	AT1G13810.1
OG0013922	As008G183570	AT1G13770.1
OG0013923	As008G183690	AT1G13690.1
OG0013924	As008G183800	AT1G13635.1
OG0013925	As008G183900	AT1G13500.1, AT1G13490.2, AT1G13530.1
OG0013926	As008G183970	AT1G13290.1
OG0013927	As008G184330	AT1G13000.1
OG0013928	As008G184540	AT1G12770.1
OG0013929	As008G184570	AT1G12750.1
OG0013930	As008G185340	AT1G12000.1
OG0013931	As008G185470	AT1G11905.1
OG0013932	As008G185480	AT1G11900.1
OG0013933	As008G185630	AT1G11750.2
OG0013934	As008G185700	AT1G11700.1
OG0013935	As008G186520	AT1G11090.1
OG0013936	As008G186580	AT1G11000.1
OG0013937	As008G186770	AT1G10780.2
OG0013938	As008G186890	AT2G04850.1
OG0013939	As008G186900	AT2G04845.1
OG0013940	As008G187070	AT5G28530.1
OG0013941	As008G187580	AT1G09860.1
OG0013942	As008G187630	AT1G09910.1
OG0013943	As008G188160	AT1G09610.1
OG0013944	As008G188210	AT1G09575.1
OG0013945	As008G188310	AT1G09483.1, AT1G09470.1
OG0013946	As008G188350	AT1G09430.1
OG0013947	As008G188370	AT1G09390.1
OG0013948	As008G188420	AT1G09340.2
OG0013949	As008G188510	AT1G09280.1
OG0013950	As008G190280	AT1G08640.1
OG0013951	As008G190340	AT1G08520.1
OG0013952	As008G190650	AT1G08470.1
OG0013953	As008G190930	AT1G08410.1
OG0013954	As008G191740	AT3G57750.1
OG0013955	As008G191810	AT1G07850.1
OG0013956	As008G192690	AT1G07460.2
OG0013957	As008G192820	AT1G07380.2
OG0013958	As008G192950	AT1G07250.1
OG0013959	As008G193040	AT1G07120.1
OG0013960	As008G193150	AT1G07020.1
OG0013961	As008G193160	AT1G07010.3
OG0013962	As008G193390	AT1G06730.1
OG0013963	As008G193690	AT1G06440.1
OG0013964	As008G193880	AT1G06270.1
OG0013965	As008G194070	AT1G06143.1
OG0013966	As008G194420	AT1G05805.1
OG0013967	As008G194600	AT1G05670.1
OG0013968	As008G194700	AT1G05600.1
OG0013969	As008G194950	AT1G05310.1
OG0013970	As008G195380	AT1G05060.1
OG0013971	As008G195590	AT1G04940.1
OG0013972	As008G195630	AT1G04900.1
OG0013973	As008G195860	AT1G04730.1
OG0013974	As008G196050	AT1G04530.1
OG0013975	As008G196280	AT1G04330.1
OG0013976	As008G196360	AT1G04240.2
OG0013977	As008G196430	AT1G04200.1
OG0013978	As008G197020	AT1G03457.2
OG0013979	As008G197330	AT1G03160.1
OG0013980	As008G197450	AT1G03055.1
OG0013981	As008G197480	AT1G03030.1
OG0013982	As008G197830	AT5G61710.1
OG0013983	As008G198220	AT2G41610.1
OG0013984	As008G198360	AT1G01040.2
OG0013985	As008G198500	AT1G01180.1
OG0013986	As008G198520	AT1G01200.1
OG0013987	As008G198550	AT1G01225.1
OG0013988	As008G198570	AT1G01240.1
OG0013989	As008G198610	AT1G01300.1
OG0013990	As008G198710	AT1G01570.2
OG0013991	As008G198750	AT1G01510.1
OG0013992	As008G199020	AT1G01660.2
OG0013993	As008G199210	AT1G01830.1
OG0013994	As008G199240	AT1G01860.4
OG0013995	As008G199270	AT2G42010.2
OG0013996	As008G199300	AT1G01920.1
OG0013997	As008G199560	AT3G48110.1
OG0013998	As008G199670	AT1G02180.1
OG0013999	As009G199800	AT5G13970.1
OG0014000	As009G199870	AT5G14590.1
OG0014001	As009G199940	AT5G19130.1
OG0014002	As009G199970	AT5G14460.1
OG0014003	As009G200000	AT5G14430.1
OG0014004	As009G200300	AT5G14100.1
OG0014005	As009G200520	AT5G14760.1
OG0014006	As009G201060	AT5G15480.1
OG0014007	As009G201480	AT5G15700.2
OG0014008	As009G201490	AT5G15710.1
OG0014009	As009G201500	AT5G15720.1
OG0014010	As009G201540	AT5G15760.1
OG0014011	As009G201570	AT5G15790.4
OG0014012	As009G201730	AT5G15910.1
OG0014013	As009G201740	AT5G15920.1
OG0014014	As009G201970	AT5G16080.1
OG0014015	As009G202080	AT5G16180.1
OG0014016	As009G202100	AT5G16210.1
OG0014018	As009G202620	AT5G16715.1
OG0014019	As009G202730	AT5G16780.1
OG0014020	As009G203000	AT5G17010.1
OG0014021	As009G203030	AT5G17170.1
OG0014022	As009G203140	AT5G17250.1
OG0014023	As009G203270	AT5G17420.1
OG0014024	As009G203280	AT5G17410.2
OG0014025	As009G203560	AT5G17610.1
OG0014026	As009G204020	AT5G18140.1
OG0014027	As009G204070	AT1G77140.1
OG0014028	As009G204080	AT5G18200.1
OG0014029	As009G204290	AT5G18430.1
OG0014030	As009G204360	AT5G18490.1
OG0014031	As009G204450	AT5G18570.1
OG0014032	As009G204570	AT5G18690.1
OG0014033	As009G204750	AT5G18940.1
OG0014034	As009G205040	AT5G19160.1
OG0014035	As009G205160	AT5G19320.1
OG0014036	As009G205480	AT5G26680.1
OG0014037	As009G205580	AT5G26610.1
OG0014038	As009G205600	AT5G26749.2
OG0014039	As009G205620	AT5G26760.2
OG0014040	As009G205690	AT5G26820.1
OG0014041	As009G205770	AT5G26960.1
OG0014042	As009G205960	AT5G43670.1
OG0014043	As009G206140	AT5G27660.2
OG0014044	As009G206610	AT5G27290.1
OG0014045	As009G207020	AT5G28500.1
OG0014046	As009G208120	AT5G48950.1
OG0014047	As009G208180	AT5G48910.1
OG0014048	As009G208390	AT5G48840.1
OG0014049	As009G208670	AT5G48800.1
OG0014050	As009G209110	AT5G48360.1
OG0014051	As009G209440	AT5G48690.1
OG0014052	As009G210490	AT5G13530.1
OG0014053	As009G210740	AT5G06900.1
OG0014054	As009G211140	AT5G07040.1
OG0014055	As009G211410	AT5G06940.1
OG0014056	As009G211610	AT5G14850.1
OG0014058	As009G211800	AT5G06650.1
OG0014059	As009G211810	AT5G06610.1
OG0014060	As009G211920	AT5G06550.1
OG0014061	As009G212020	AT5G47940.1
OG0014062	As009G212520	AT5G06210.1
OG0014063	As009G212590	AT5G06140.1
OG0014064	As009G212680	AT5G06050.1
OG0014065	As009G212760	AT5G05950.1
OG0014067	As009G212940	AT5G05840.1
OG0014068	As009G213020	AT5G05760.1
OG0014069	As009G213090	AT5G05660.1
OG0014070	As009G213210	AT5G05510.1
OG0014071	As009G213240	AT5G05480.1
OG0014072	As009G213830	AT5G05270.1
OG0014073	As009G213880	AT5G05220.1
OG0014074	As009G214040	AT5G04840.1
OG0014075	As009G214060	AT5G04860.1
OG0014076	As009G214110	AT5G04910.1
OG0014077	As009G214120	AT5G04920.1
OG0014078	As009G214340	AT5G04750.1
OG0014079	As009G214370	AT5G04710.1
OG0014080	As009G214430	AT5G04670.1
OG0014081	As009G214460	AT5G04620.2
OG0014082	As009G214480	AT5G04560.2
OG0014083	As009G214660	AT5G04360.1
OG0014084	As009G214880	AT5G26030.1
OG0014085	As009G215130	AT5G25560.3
OG0014086	As009G215200	AT5G25570.3
OG0014087	As009G215380	AT5G25310.1
OG0014088	As009G216320, As009G216050	AT5G24314.2
OG0014089	As009G216160, As011G256820	AT5G24360.2
OG0014090	As009G216190	AT5G24390.1
OG0014091	As009G216350	AT5G24300.1
OG0014092	As009G216390	AT5G24260.1
OG0014093	As009G216720	AT5G23920.1
OG0014095	As010G222020, As009G216940	AT2G04350.1
OG0014096	As009G217430	AT5G23050.1
OG0014097	As009G217460	AT5G23030.1
OG0014098	As009G217720	AT5G61010.1
OG0014099	As009G218060	AT5G61450.1
OG0014100	As009G218110	AT5G61490.1
OG0014101	As009G218310	AT5G61760.1
OG0014102	As009G218330	AT4G28180.1
OG0014103	As009G218560	AT5G62040.1
OG0014104	As009G218610	AT5G62140.1
OG0014105	As009G218830	AT5G62370.1
OG0014106	As009G219100	AT5G62650.1
OG0014107	As009G219150	AT5G62730.1
OG0014108	As009G219180	AT5G62760.1
OG0014109	As009G219240	AT5G62840.1
OG0014110	As009G219340	AT5G62920.1
OG0014111	As009G219440	AT5G63050.1
OG0014112	As009G219450	AT5G63060.1
OG0014113	As009G219620	AT5G58730.1
OG0014114	As009G219750	AT5G58600.1
OG0014115	As009G220020	AT5G58370.2
OG0014116	As010G220230	AT3G51480.1
OG0014117	As010G220260	AT3G51410.1
OG0014118	As010G220300	AT3G51360.9
OG0014119	As010G220350	AT3G51310.1
OG0014120	As010G220510	AT3G51040.1
OG0014121	As010G220680	AT3G50860.1
OG0014122	As010G220820	AT3G50700.1
OG0014123	As010G220830	AT3G50690.1
OG0014124	As010G220980	AT3G50520.1
OG0014125	As010G221080	AT3G50380.2
OG0014126	As010G221390	AT3G49890.2
OG0014127	As010G221450	AT3G49800.1
OG0014128	As010G221520	AT3G49725.1
OG0014129	As010G221810	AT3G49400.1
OG0014130	As010G221890	AT3G49350.1
OG0014131	As010G222130	AT3G49160.1
OG0014132	As010G222180	AT3G49080.1
OG0014133	As010G222480	AT3G48710.1
OG0014134	As010G222590	AT3G48540.1
OG0014135	As010G222880	AT3G48250.1
OG0014136	As010G222980	AT3G48190.2
OG0014137	As010G223070	AT3G48100.1
OG0014138	As010G223130	AT4G11130.1
OG0014139	As010G223360	AT3G47820.1
OG0014140	As010G223450	AT3G47730.1
OG0014141	As010G223610	AT3G47480.1
OG0014142	As010G223670	AT3G47420.1
OG0014143	As010G223680	AT3G47410.1
OG0014144	As010G224070	AT3G46990.1
OG0014145	As010G224080	AT3G46980.4
OG0014146	As010G224430	AT3G46600.1
OG0014147	As010G224560	AT3G46450.2
OG0014148	As010G224690	AT3G46210.1
OG0014149	As010G224760, As010G239800	AT1G73750.2
OG0014150	As010G224910	AT3G45830.1
OG0014151	As010G224950	AT3G45780.1
OG0014152	As010G225130	AT3G45640.1
OG0014153	As010G225300	AT3G45300.1
OG0014154	As010G225330	AT3G45260.1
OG0014155	As010G225640	AT3G45090.1
OG0014156	As010G225710	AT3G45010.1
OG0014157	As010G225910	AT3G44820.1
OG0014158	As010G226360	AT3G44200.1
OG0014159	As010G226380	AT3G44160.1
OG0014160	As010G226390	AT3G48630.1, AT3G44150.1
OG0014161	As010G226450	AT3G44020.1
OG0014162	As010G226470	AT2G45700.1
OG0014163	As010G227120	AT4G08160.1
OG0014164	As010G227490	AT3G33530.3
OG0014165	As010G228100	AT1G67630.1
OG0014166	As010G228260	AT1G67550.1
OG0014167	As010G228610	AT1G67830.1
OG0014168	As010G229030	AT1G62940.1
OG0014169	As010G229940	AT1G67960.1
OG0014170	As010G230020	AT1G67940.1
OG0014171	As010G231210	AT1G68610.1
OG0014172	As010G231600	AT1G68680.1
OG0014173	As010G231660	AT1G80550.1
OG0014174	As010G232280	AT1G69270.1
OG0014175	As010G232400	AT1G69330.1
OG0014176	As010G232460	AT1G69380.1
OG0014177	As010G232480	AT1G69400.1
OG0014178	As010G232660	AT1G69560.2
OG0014179	As010G232980	AT1G69910.1
OG0014180	As010G233270	AT1G70330.1
OG0014181	As010G233520	AT1G70590.1
OG0014182	As010G233580	AT1G70640.1
OG0014183	As010G234030	AT1G71110.1
OG0014184	As010G234120	AT1G71210.1
OG0014185	As010G234200	AT1G71310.1
OG0014186	As010G234270	AT1G71420.1
OG0014187	As010G234310	AT1G71460.1
OG0014188	As010G234500	AT1G71720.1
OG0014189	As010G234660	AT1G71860.1
OG0014190	As010G234670	AT1G71850.1
OG0014191	As010G234830	AT1G71980.1
OG0014192	As010G234840	AT1G71990.1
OG0014193	As010G235250	AT1G78180.1
OG0014194	As010G235700	AT1G77730.1
OG0014195	As010G235750	AT1G77680.1
OG0014196	As010G235850	AT1G77580.2
OG0014197	As010G236170	AT1G77290.1
OG0014198	As010G236210	AT1G77260.1
OG0014199	As010G236330	AT1G77110.1
OG0014200	As010G236400	AT1G77030.1
OG0014201	As010G236510	AT1G76952.1
OG0014202	As010G236710	AT1G76740.1
OG0014203	As010G236900	AT1G76570.1
OG0014204	As010G237150	AT1G76350.1
OG0014205	As010G237430	AT1G76080.1
OG0014206	As010G237450	AT1G76065.1
OG0014207	As010G237480	AT1G76040.2
OG0014208	As010G237620	AT1G75870.1
OG0014209	As010G237720, As010G237730	AT1G75770.1
OG0014210	As010G237950	AT1G75550.2
OG0014211	As010G238240	AT1G75330.1
OG0014212	As010G238250	AT1G75310.2
OG0014213	As010G238460	AT1G75130.1
OG0014214	As010G238490	AT1G75100.1
OG0014215	As010G238660	AT1G74900.1
OG0014216	As010G238750	AT1G74790.1
OG0014217	As010G238840	AT1G74690.1
OG0014218	As010G239070	AT1G74450.1
OG0014219	As010G239120	AT1G74410.1
OG0014220	As010G239190	AT1G74340.1
OG0014221	As010G239250	AT1G74240.1
OG0014222	As010G239310	AT1G74160.1
OG0014223	As010G239370	AT1G74120.1
OG0014224	As010G239500	AT1G73980.1
OG0014225	As010G239550	AT1G73960.1
OG0014226	As010G239640	AT1G73875.1
OG0014227	As010G239680	AT1G73850.1
OG0014229	As010G239780	AT1G73770.1
OG0014230	As010G239840	AT1G73710.1
OG0014231	As010G240170	AT1G73470.3
OG0014232	As010G240460	AT1G73240.1
OG0014233	As010G240520	AT1G73180.1
OG0014234	As010G240910, As010G240870, As010G240930	AT1G72850.1, AT4G09420.1
OG0014237	As010G241110	AT1G72640.1
OG0014238	As010G241140	AT1G17440.1
OG0014239	As010G241290	AT1G72470.1
OG0014240	As010G241300	AT1G72460.1
OG0014241	As010G241360	AT1G72416.3
OG0014242	As010G241540	AT1G72280.1
OG0014243	As010G242280	AT1G78922.1
OG0014244	As010G242370	AT1G78995.1
OG0014245	As010G242460	AT1G79080.1
OG0014246	As010G242520	AT1G79150.1
OG0014247	As010G242700	AT1G79320.1
OG0014248	As010G242730	AT1G79350.1
OG0014249	As010G242740	AT1G79360.1
OG0014250	As010G242820	AT1G79440.1
OG0014251	As010G242840	AT1G79460.1
OG0014252	As010G243300	AT1G80860.1
OG0014253	As010G243500	AT1G80650.1
OG0014254	As010G243810	AT1G80400.1
OG0014255	As010G243820	AT1G80390.1
OG0014256	As010G243870	AT1G80340.1
OG0014257	As010G243880	AT1G80330.1
OG0014258	As010G243930	AT1G80290.2
OG0014259	As010G244260	AT1G80010.1
OG0014260	As010G244320	AT1G79950.1
OG0014261	As010G244350	AT1G79915.1
OG0014262	As010G244400	AT1G09995.1, AT1G79890.1
OG0014263	As010G244520	AT1G79770.1
OG0014264	As010G244540	AT1G79790.2
OG0014265	As011G244620	AT3G12680.1
OG0014266	As011G244770	AT3G12940.2
OG0014267	As011G245060	AT3G13220.1
OG0014268	As011G245830	AT3G13860.1
OG0014269	As011G245850	AT3G13880.1
OG0014270	As011G246030	AT5G53180.1
OG0014271	As011G246090	AT3G14060.1
OG0014272	As011G246100	AT3G14067.1
OG0014273	As011G246150	AT3G14090.1
OG0014274	As011G246740	AT3G14590.2
OG0014275	As011G247010	AT3G14880.1
OG0014276	As011G247030	AT3G14900.1
OG0014277	As011G247070	AT3G14930.1
OG0014278	As011G247260	AT3G15150.1
OG0014279	As011G247390	AT3G15290.1
OG0014280	As011G247780	AT3G15590.1
OG0014281	As011G247810	AT3G15620.1
OG0014282	As011G248110	AT3G15920.1
OG0014283	As011G248170	AT4G07390.1
OG0014284	As011G248250	AT3G16070.1
OG0014285	As011G248270	AT3G16090.1
OG0014286	As011G248530	AT3G16350.1
OG0014287	As011G248810	AT3G16560.1
OG0014288	As011G249010	AT3G16810.1
OG0014289	As011G249160	AT3G16990.1
OG0014290	As011G249310	AT3G17170.1
OG0014291	As011G249390	AT3G17250.1
OG0014292	As011G249690	AT3G17630.1
OG0014293	As011G249720	AT3G17668.1
OG0014294	As011G249890	AT3G17830.1
OG0014295	As011G250090	AT3G18040.3
OG0014296	As011G250310	AT3G18220.1
OG0014297	As011G250510	AT2G28420.1
OG0014298	As011G250580	AT3G18500.3
OG0014299	As011G250790	AT3G18715.1
OG0014301	As011G251000	AT3G18870.1
OG0014303	As011G251290	AT3G19200.1
OG0014304	As011G251300	AT3G19210.1
OG0014305	As011G251310	AT3G19220.1
OG0014306	As011G251430, As012G272630	AT1G49780.1
OG0014307	As011G251500	AT3G19450.1
OG0014308	As011G251560	AT3G19480.1
OG0014309	As011G251670, As012G272520	AT1G49950.1
OG0014310	As011G251870	AT3G19780.1
OG0014311	As011G251960	AT3G19870.2
OG0014312	As011G251990	AT3G19895.1
OG0014313	As011G252530	AT3G20270.1
OG0014314	As011G252540	AT3G20280.1
OG0014315	As011G252650	AT3G20390.2
OG0014316	As011G252760	AT3G20490.1
OG0014317	As011G252790	AT3G20500.1
OG0014318	As011G252810	AT3G20520.1
OG0014319	As011G253030	AT3G20780.1
OG0014320	As011G253090	AT3G20830.1
OG0014321	As011G253100	AT3G20860.1
OG0014322	As011G253120	AT3G20870.1
OG0014323	As011G253430	AT3G21510.1
OG0014324	As011G253560	AT3G21360.1
OG0014325	As011G253580	AT3G21350.2
OG0014326	As011G253640	AT3G21295.1
OG0014327	As011G253660	AT3G21290.1
OG0014328	As011G253780	AT3G21680.1
OG0014329	As011G253990	AT3G21870.1
OG0014330	As011G254550	AT3G22590.1
OG0014331	As011G254770	AT5G19950.1
OG0014332	As011G254790	AT3G22850.1
OG0014333	As011G254940	AT3G22990.1
OG0014334	As011G255360	AT3G23400.1
OG0014335	As011G255450	AT3G23570.1
OG0014336	As011G255470	AT3G23590.1
OG0014337	As011G255650	AT3G23700.1
OG0014338	As011G255740	AT4G14000.1
OG0014339	As011G256210, As011G256220	AT3G24050.1
OG0014340	As011G256380	AT3G24330.1
OG0014341	As011G256480	AT3G24430.1
OG0014342	As011G256500	AT3G24440.1
OG0014343	As011G256510	AT3G24450.1
OG0014344	As011G256810	AT3G24630.1
OG0014345	As011G256930	AT3G24760.1
OG0014346	As011G257740	AT3G25220.1
OG0014347	As011G257750	AT3G25230.2
OG0014348	As011G258100	AT3G25400.1
OG0014349	As011G258780	AT2G04780.1
OG0014350	As011G258790	AT2G04740.1
OG0014351	As011G258880	AT2G04570.1
OG0014352	As011G259220	AT2G13540.1
OG0014353	As011G260760	AT2G18245.1
OG0014354	As011G260990	AT2G06990.1
OG0014355	As011G261150	AT2G06510.1
OG0014356	As011G261300	AT2G06040.1
OG0014357	As011G261310	AT2G06025.1
OG0014358	As011G261430	AT2G05940.1
OG0014359	As011G261500	AT2G05910.1
OG0014360	As011G261560	AT2G05790.1
OG0014361	As011G261670	AT2G05320.1
OG0014362	As011G261790	AT2G12550.1
OG0014363	As011G261840	AT2G15580.1
OG0014364	As011G261870	AT2G11000.1
OG0014365	As011G262050	AT2G13820.3
OG0014366	As011G262170	AT2G14170.1
OG0014367	As011G262210	AT2G14255.1
OG0014368	As011G262330	AT2G14660.1
OG0014369	As011G262340	AT2G14680.2
OG0014370	As011G262390	AT4G33360.1
OG0014371	As011G262400	AT2G14820.1
OG0014372	As011G262460	AT5G02860.1
OG0014373	As011G262570	AT2G15020.1
OG0014374	As011G262660	AT1G07970.1
OG0014375	As011G262940	AT2G15820.1
OG0014376	As011G262990	AT2G15890.1
OG0014377	As011G263040	AT2G15960.1
OG0014378	As011G263350	AT2G16390.2
OG0014379	As011G263450	AT1G42430.1
OG0014380	As011G263560	AT2G16720.1
OG0014381	As011G263770	AT1G34360.1
OG0014382	As011G263860	AT2G17020.1
OG0014383	As011G264380	AT2G17370.1
OG0014384	As011G264520	AT2G17550.1
OG0014385	As011G264700	AT2G17705.1
OG0014386	As011G265310	AT2G18410.1
OG0014387	As011G265540	AT2G18700.1
OG0014388	As011G265550	AT2G18710.1
OG0014389	As011G265670	AT2G18900.1
OG0014390	As011G265700	AT2G18940.1
OG0014391	As011G265710	AT2G18950.1
OG0014392	As011G265990	AT2G19280.1
OG0014393	As011G266210	AT2G19820.1, AT2G19510.1, AT1G36000.1
OG0014394	As011G266320	AT2G19620.1
OG0014395	As011G266620	AT2G20000.1
OG0014396	As011G266670	AT2G20050.1
OG0014397	As011G266890	AT2G20240.1
OG0014398	As011G267190	AT2G20515.1
OG0014399	As011G267260	AT2G20590.1
OG0014400	As011G267370	AT2G20690.1
OG0014401	As011G267500	AT2G20780.1
OG0014402	As011G267530	AT2G20750.1
OG0014403	As012G267690	AT1G54350.1
OG0014404	As012G267740	AT1G54310.2
OG0014405	As012G268050	AT1G55820.1
OG0014406	As012G268070	AT1G55805.1
OG0014407	As012G268440	AT1G55480.1
OG0014408	As012G268600	AT1G55370.2
OG0014409	As012G268630	AT1G55350.5
OG0014410	As012G268670	AT5G47720.2
OG0014411	As012G268780	AT1G55250.1
OG0014412	As012G269440	AT1G53770.2
OG0014413	As012G269480	AT1G53710.1
OG0014414	As012G269640	AT1G53590.1
OG0014415	As012G269840	AT1G53280.1
OG0014416	As012G270260, As012G270320	AT1G52830.1
OG0014417	As012G270340, As012G270390	AT1G52820.1
OG0014418	As012G270480	AT1G52720.1
OG0014419	As012G270640	AT1G52520.1
OG0014420	As012G270650	AT1G52510.1
OG0014421	As012G270660	AT1G52500.2
OG0014422	As012G270730	AT1G52330.2
OG0014423	As012G270910	AT1G52155.1
OG0014424	As012G271270	AT1G51790.2
OG0014425	As012G271340	AT1G51730.1
OG0014426	As012G271480	AT1G51550.1
OG0014427	As012G271590	AT1G50890.1
OG0014428	As012G271700	AT1G51080.1
OG0014429	As012G271820	AT1G51350.1
OG0014430	As012G272040	AT1G68080.1
OG0014431	As012G272060	AT1G50600.2
OG0014432	As012G272090	AT1G50570.1
OG0014433	As012G272180	AT1G50440.1
OG0014434	As012G272330	AT1G50240.2
OG0014435	As012G272360	AT1G50170.1
OG0014436	As012G272610	AT1G49820.1
OG0014437	As012G272680	AT1G49730.1
OG0014438	As012G272790	AT1G49570.1
OG0014439	As012G272820	AT3G19080.3
OG0014440	As012G272940	AT1G49405.1
OG0014441	As012G272960	AT1G49380.1
OG0014442	As012G273210	AT1G49130.1
OG0014443	As012G273260	AT1G49040.1
OG0014444	As012G273390	AT1G48910.1
OG0014445	As012G273450	AT1G49170.1
OG0014446	As012G273650	AT1G48550.1
OG0014447	As012G273830	AT1G48360.2
OG0014448	As012G273910	AT1G48270.1
OG0014449	As012G274230	AT4G16260.1
OG0014450	As012G274370	AT4G16144.1
OG0014451	As012G277900, As012G274400	AT3G54230.2
OG0014452	As012G274430	AT4G16130.1
OG0014453	As012G274550	AT4G15980.2
OG0014454	As012G274640	AT4G15910.1
OG0014455	As012G274710	AT4G15810.1
OG0014456	As012G275090	AT2G34680.2
OG0014457	As012G275110	AT2G34670.2
OG0014458	As012G275250	AT2G34585.1
OG0014459	As012G275490	AT3G51940.2
OG0014460	As012G275530	AT3G51990.1
OG0014461	As012G275770	AT3G29290.1
OG0014462	As012G275780	AT3G52210.3
OG0014463	As012G275790	AT3G52220.1
OG0014464	As012G275800	AT3G52230.1
OG0014465	As012G275900	AT3G52290.1
OG0014466	As012G275960	AT3G52440.2
OG0014467	As012G276070	AT3G52540.1
OG0014468	As012G276200	AT5G28390.1, AT3G52660.1
OG0014469	As012G276210	AT3G52710.1
OG0014470	As012G276840	AT1G68030.1
OG0014471	As012G276970	AT3G53360.1
OG0014472	As012G277110	AT3G53400.1
OG0014473	As012G277720	AT3G53880.1
OG0014474	As012G278180	AT3G54090.1
OG0014475	As012G278600	AT3G51870.1
OG0014476	As012G278810	AT5G14870.1
OG0014477	As012G278870	AT3G51780.1
OG0014478	As012G278900	AT3G51760.1
OG0014479	As012G279510	AT3G51580.2
OG0014480	As012G280110	AT3G54460.1
OG0014481	As012G280250	AT3G54510.2
OG0014482	As012G280870	AT3G54850.1
OG0014483	As012G281500	AT3G55140.1
OG0014484	As012G281610	AT3G55260.1
OG0014485	As012G281620	AT3G55270.1
OG0014486	As012G281730	AT3G55340.1
OG0014487	As012G282010	AT3G55530.1
OG0014488	As012G282660	AT3G56170.1
OG0014489	As012G282700	AT3G56210.5
OG0014490	As012G282780	AT2G40550.1
OG0014491	As012G282970	AT3G56500.1
OG0014492	As012G283170	AT3G56720.3
OG0014493	As012G283230	AT3G56770.1
OG0014494	As012G283250	AT3G56820.1
OG0014495	As012G283690, As012G283730	AT3G57180.1
OG0014496	As012G284320	AT3G57910.1
OG0014497	As012G284520	AT3G58090.1
OG0014498	As012G284560	AT3G58150.1
OG0014499	As012G284750	AT3G58480.1
OG0014500	As012G284880	AT3G58620.1
OG0014501	As012G285220	AT3G59100.1
OG0014502	As012G285240	AT3G59140.1
OG0014503	As012G285250	AT3G59150.1
OG0014504	As012G285430	AT3G59390.1
OG0014505	As012G285450	AT3G59410.2
OG0014506	As012G285860	AT3G59880.1
OG0014507	As012G285900	AT3G59910.1
OG0014508	As012G286000	AT3G60080.1
OG0014509	As012G286230	AT3G60300.2
OG0014510	As012G286300	AT3G60390.1
OG0014511	As012G286620	AT3G56690.1
OG0014512	As012G286740	AT3G60620.1
OG0014513	As012G286800	AT3G60680.1
OG0014514	As012G286980, As012G287000	AT3G60860.1
OG0014515	As012G287090	AT3G61080.2
OG0014516	As012G287520	AT3G61540.1
OG0014517	As012G287690	AT3G61680.1
OG0014518	As012G287810	AT3G61800.1
OG0014519	As012G287910	AT3G61910.1
OG0014520	As012G287970	AT3G61980.1
OG0014521	As012G287980	AT3G62000.2
OG0014522	As012G287990	AT3G62010.1
OG0014523	As012G288090	AT3G62130.1
OG0014524	As012G288360	AT3G62450.1
OG0014525	As012G288530	AT3G62880.1
OG0014526	As012G289020	AT3G63140.1
OG0014527	As012G289030	AT3G63150.1
OG0014528	As012G289190	AT3G63280.4
OG0014529	As012G289290	AT3G63390.1
OG0014530	As012G289320	AT3G63420.3
OG0014531	As012G289440	AT3G63500.2
OG0014532	As012G289450	AT3G63510.1
OG0014637	As001G000280	AT4G28380.1
OG0014638	As001G000430	AT2G18760.3
OG0014639	As001G000490	AT4G28560.1
OG0014640	As001G000510	AT4G28590.1
OG0014641	As001G000560	AT4G28650.1
OG0014642	As001G000590	AT4G28680.5
OG0014643	As001G000670	AT4G28740.1
OG0014644	As001G000810	AT1G77150.1, AT1G77170.1
OG0014645	As001G000830	AT4G28950.1
OG0014646	As001G000840	AT4G28980.1
OG0014647	As001G000900	AT4G29080.1
OG0014648	As001G000980	AT4G29150.1
OG0014649	As001G001010	AT4G29170.1
OG0014650	As001G001150	AT4G29310.1
OG0014651	As001G001160	AT4G29330.1
OG0014652	As001G001250	AT4G29440.1
OG0014653	As001G001350	AT4G29490.1
OG0014654	As001G001390	AT4G29540.2
OG0014655	As001G001400	AT4G29590.1
OG0014656	As001G001530	AT1G77550.1
OG0014657	As001G001550	AT4G29740.2
OG0014658	As001G001630, As001G001590	AT2G25160.1
OG0014659	As001G001700	AT4G29810.2
OG0014660	As001G001710	AT4G29820.1
OG0014661	As001G002320	AT4G30310.2
OG0014662	As001G002960	AT4G30825.1
OG0014663	As001G002990	AT4G30845.1
OG0014664	As001G003040	AT2G24170.1
OG0014665	As001G003050	AT4G30900.1
OG0014666	As001G003100	AT4G38180.1
OG0014667	As001G003340	AT4G31115.2
OG0014668	As001G003420	AT4G31200.1
OG0014669	As001G003460	AT4G31240.1
OG0014670	As001G003670	AT4G31390.1
OG0014671	As001G003700	AT4G31420.2
OG0014672	As001G003910	AT1G08720.1
OG0014673	As001G003920	AT4G31600.1
OG0014674	As001G004060	AT4G31790.1
OG0014675	As001G004100	AT4G31805.1
OG0014676	As001G004110	AT4G31810.1
OG0014677	As001G004270	AT4G31890.1
OG0014678	As001G004290	AT4G31910.1
OG0014679	As001G004520	AT4G32060.1
OG0014680	As001G004830	AT4G32340.1
OG0014681	As001G004870	AT4G32350.1
OG0014682	As001G004960	AT4G32420.1
OG0014684	As001G005340	AT4G32630.2
OG0014685	As001G005800	AT4G32900.2
OG0014686	As001G006080	AT4G32810.2
OG0014687	As001G006240	AT4G32790.1
OG0014689	As001G009970	AT4G34240.1
OG0014690	As001G010050	AT4G33490.2
OG0014691	As001G010380	AT4G33510.1
OG0014692	As001G010460	AT4G33520.2
OG0014693	As001G010510	AT4G33540.1
OG0014695	As001G012190	AT4G33730.1
OG0014696	As001G012730	AT4G34280.1
OG0014697	As001G013580	AT4G34140.1
OG0014698	As001G013750	AT4G33990.1
OG0014699	As001G013810	AT4G33945.1
OG0014700	As001G013910	AT4G34360.1
OG0014701	As001G014070	AT4G34340.1
OG0014702	As001G014240	AT4G34540.1
OG0014703	As001G014330	AT4G34620.1
OG0014704	As001G014900, As001G014910, As011G263760	AT2G16940.2
OG0014705	As001G014940, As001G018320	AT2G20410.1
OG0014706	As001G015520	AT4G35250.1
OG0014707	As001G015610	AT4G35300.1
OG0014708	As001G015650	AT4G35350.1
OG0014709	As001G015790	AT1G31160.1
OG0014710	As001G015930	AT1G31360.3
OG0014711	As001G015990	AT1G31460.1
OG0014712	As001G016240	AT1G31780.1
OG0014713	As001G016250	AT1G31800.1
OG0014714	As001G016410	AT1G31910.1
OG0014715	As001G016420	AT1G31920.1
OG0014716	As001G016730	AT1G32220.1
OG0014717	As001G016770	AT1G32260.1
OG0014718	As001G016790	AT1G32310.1
OG0014719	As001G016800	AT1G32330.1
OG0014720	As001G016900	AT1G32361.1
OG0014721	As001G017020	AT1G32500.1
OG0014722	As001G017040	AT1G32520.1
OG0014723	As001G017390	AT4G17020.3
OG0014724	As001G017410	AT4G17010.1
OG0014725	As001G017480	AT4G16835.1
OG0014726	As001G017520	AT4G16807.1
OG0014727	As001G017530	AT4G16800.1
OG0014728	As001G017550	AT4G16780.1
OG0014729	As001G017640	AT4G16700.1
OG0014730	As001G017860	AT4G16570.1
OG0014731	As001G018120	AT4G16410.1
OG0014732	As001G018300	AT4G16340.1
OG0014733	As001G018350	AT1G54450.1
OG0014734	As001G018510	AT3G57620.1
OG0014735	As001G018640	AT1G54780.1
OG0014736	As001G018810	AT1G67500.2
OG0014737	As001G018820	AT1G55040.1
OG0014738	As001G018850	AT1G56230.1
OG0014739	As001G019070	AT1G56460.3
OG0014740	As001G019150	AT1G56590.1
OG0014741	As001G019190	AT1G56700.1
OG0014742	As001G019580	AT1G58100.1
OG0014743	As001G020150	AT1G59600.1
OG0014744	As001G020320, As001G020330	AT2G37820.1
OG0014745	As001G020460	AT4G29750.1
OG0014746	As001G020650	AT1G60230.1
OG0014747	As001G020860	AT1G60470.1
OG0014748	As001G021170	AT1G60870.1
OG0014749	As001G021290	AT1G60990.1
OG0014750	As001G021560	AT1G61210.1
OG0014751	As001G022030	AT1G61930.1
OG0014752	As001G022140	AT1G62180.1
OG0014753	As001G022210	AT2G01070.1
OG0014754	As001G022470	AT2G01350.1
OG0014755	As001G022490	AT2G01400.1
OG0014756	As001G022580	AT2G01460.1
OG0014757	As001G022720	AT2G01580.1
OG0014758	As001G022780	AT2G01640.1
OG0014759	As001G022800	AT2G01660.1
OG0014760	As001G022820	AT2G01680.1
OG0014761	As001G022860	AT2G01730.1
OG0014762	As001G022930	AT2G01818.1
OG0014763	As001G023000	AT2G01860.1
OG0014764	As001G023300	AT2G02090.1
OG0014765	As001G023660	AT2G02780.1
OG0014766	As001G023760	AT2G02880.1
OG0014767	As001G023770	AT2G02910.1
OG0014768	As001G023860	AT2G03070.1
OG0014769	As001G024060	AT2G03430.1
OG0014770	As001G024080	AT2G03450.1
OG0014771	As001G024230	AT2G03620.1
OG0014772	As001G024280	AT2G03667.1
OG0014773	As001G024430	AT2G03840.1
OG0014774	As001G024790	AT3G25780.1
OG0014775	As001G024990	AT3G25950.1
OG0014776	As001G025010	AT3G25980.1
OG0014777	As001G025070	AT3G26050.1
OG0014778	As001G025090	AT3G26085.2
OG0014779	As001G025170	AT3G26125.1
OG0014780	As001G025470	AT3G26580.1
OG0014781	As001G025590	AT3G26720.1
OG0014782	As001G025640	AT3G26750.1
OG0014783	As001G025790	AT3G26900.1
OG0014784	As001G025850	AT3G26950.1
OG0014785	As001G025950	AT3G27050.1
OG0014786	As001G026000	AT3G27110.1
OG0014787	As001G026160	AT3G27270.2
OG0014788	As001G026400	AT3G27440.1
OG0014789	As001G026540	AT3G27580.1
OG0014790	As001G026670	AT3G27730.2
OG0014791	As001G026820	AT3G27950.1
OG0014792	As001G026830	AT3G27960.1
OG0014793	As001G027070	AT3G28470.1
OG0014794	As001G027230	AT3G28720.2
OG0014795	As001G027260	AT3G28760.2
OG0014796	As001G027770, As004G078300	AT5G39380.1
OG0014797	As001G027890	AT3G29390.1
OG0014798	As001G028090	AT3G30300.1
OG0014799	As004G077960, As001G028170	AT5G38770.1
OG0014800	As001G028200	AT1G61600.1
OG0014801	As001G028270	AT1G67210.1
OG0014802	As001G028370	AT1G67110.1
OG0014803	As001G028400	AT1G67080.1
OG0014804	As001G028560	AT1G66830.1
OG0014805	As001G028800	AT1G66460.3
OG0014806	As001G028900	AT1G66345.1
OG0014807	As001G029010	AT1G66190.1
OG0014808	As001G029090	AT1G66130.1
OG0014809	As001G029190	AT1G65900.1
OG0014810	As001G029240	AT1G65840.1
OG0014811	As001G029270	AT1G65730.1
OG0014812	As001G029310	AT1G65650.1
OG0014813	As001G029390	AT1G65540.1
OG0014814	As001G029540	AT1G65260.1
OG0014815	As001G029640	AT2G44870.1
OG0014816	As001G029670	AT1G65070.2
OG0014817	As001G029780	AT1G64960.2
OG0014818	As001G029810	AT1G64890.1
OG0014819	As001G029830	AT1G64860.1
OG0014820	As001G029850	AT1G64850.1
OG0014821	As001G029900	AT5G63930.1
OG0014822	As001G029910	AT1G64790.2
OG0014823	As001G029960	AT2G23840.1
OG0014824	As001G029980	AT1G54385.1
OG0014825	As001G030030	AT1G64770.3
OG0014826	As001G030170	AT1G64720.1
OG0014827	As001G030260	AT3G50790.1
OG0014828	As001G030380	AT2G03880.1
OG0014829	As001G030440	AT1G64530.1
OG0014830	As001G030490	AT1G64480.1
OG0014831	As001G030510	AT1G64450.1
OG0014832	As001G030580	AT1G64385.1
OG0014833	As001G031010	AT1G63930.1
OG0014834	As001G031090	AT1G63820.1
OG0014835	As001G031200	AT1G63680.1
OG0014836	As001G031290	AT1G63490.4
OG0014837	As001G031320	AT1G63460.1
OG0014838	As001G031330, As001G031340	AT1G63450.1
OG0014839	As001G031370	AT1G63420.1
OG0014840	As001G031380	AT1G63410.2
OG0014841	As001G031530	AT1G63160.1
OG0014842	As001G031740	AT1G62970.1
OG0014843	As001G031820	AT1G62850.2
OG0014844	As001G031870	AT1G62790.1
OG0014845	As001G031890	AT1G62770.1
OG0014846	As001G031910	AT1G62750.1
OG0014847	As001G032040	AT1G62520.1
OG0014848	As002G032410	AT3G12550.1
OG0014849	As002G032480	AT4G28020.1
OG0014850	As002G032590	AT4G25910.1
OG0014851	As002G032680	AT4G26055.1
OG0014852	As002G032840	AT4G26180.1
OG0014853	As002G032880	AT4G26240.1
OG0014854	As002G033180	AT2G41200.1
OG0014855	As002G033260	AT5G36110.1, AT5G36140.1
OG0014856	As002G033290	AT2G41120.1
OG0014857	As002G033380	AT2G40930.1
OG0014858	As002G033490	AT2G41050.1
OG0014859	As002G033620	AT2G40840.1
OG0014860	As002G033760	AT2G40700.1
OG0014861	As002G033800	AT2G40660.1
OG0014862	As002G033940	AT3G09060.1
OG0014863	As002G033960	AT3G09080.3
OG0014864	As002G034040	AT3G09210.1
OG0014865	As002G034090	AT3G09250.2
OG0014866	As002G034180	AT3G09310.1
OG0014867	As002G034310	AT3G09450.1
OG0014868	As002G034400	AT3G09580.1
OG0014869	As002G034490	AT3G09690.1
OG0014870	As002G034670	AT3G09720.1
OG0014871	As002G034680	AT3G09730.2
OG0014872	As002G034930	AT3G09850.1
OG0014873	As002G034940	AT3G09860.1
OG0014874	As002G034990	AT3G09910.1
OG0014875	As002G035040, As005G108510	AT5G03620.1
OG0014876	As002G035230	AT3G10060.1
OG0014877	As002G035250	AT3G10070.1
OG0014878	As002G035460	AT3G10230.1
OG0014879	As002G035560	AT3G10320.1
OG0014880	As002G035590	AT3G10360.1
OG0014881	As002G035630	AT3G10400.1
OG0014883	As002G040530, As002G036390	AT5G56420.1
OG0014884	As002G036630	AT3G11050.1
OG0014885	As002G036780	AT3G10940.1
OG0014886	As002G036830	AT3G11090.1
OG0014887	As002G036930	AT3G11150.1
OG0014888	As002G037110, As002G037100	AT3G11340.1
OG0014889	As002G038310	AT3G12040.1
OG0014890	As002G038630	AT3G12145.1
OG0014891	As002G038750	AT3G12100.1
OG0014892	As002G038920	AT3G12345.1
OG0014893	As002G039340	AT4G08150.1
OG0014894	As002G039430	AT5G49660.1
OG0014895	As002G039440	AT4G07990.1
OG0014896	As002G039880	AT5G49810.1
OG0014897	As002G041360	AT3G21580.1
OG0014898	As002G041960	AT5G50300.2
OG0014899	As002G042150	AT1G08190.1
OG0014900	As002G042300	AT5G50520.1, AT5G50630.1
OG0014901	As002G042320	AT5G50530.1, AT5G50640.1
OG0014902	As002G042390	AT5G50740.3
OG0014903	As002G042600	AT5G50820.1
OG0014904	As002G042780	AT5G51010.1
OG0014905	As002G043290	AT5G51290.1
OG0014906	As002G043490	AT5G51560.1
OG0014907	As002G043500	AT5G51570.1
OG0014908	As002G043580	AT5G51670.1
OG0014909	As002G043600	AT5G51690.1
OG0014910	As002G043620	AT5G51710.1
OG0014911	As002G043860	AT5G51970.1
OG0014912	As002G043950	AT5G52100.1
OG0014913	As002G043960	AT5G52110.1
OG0014914	As002G043990	AT5G52160.1
OG0014915	As002G044010	AT5G52180.1
OG0014916	As002G044020	AT5G52190.1
OG0014917	As002G044190	AT5G52390.1
OG0014918	As006G143690, As002G044300	AT5G52520.1
OG0014919	As002G044330	AT5G52545.2
OG0014920	As002G044510	AT5G52830.1
OG0014921	As002G044720	AT5G53320.1
OG0014922	As002G044870	AT5G53140.1
OG0014923	As002G045010	AT5G53020.6
OG0014924	As002G045190	AT5G53450.1
OG0014925	As002G045220	AT5G53470.1
OG0014926	As002G045350	AT5G53580.1
OG0014927	As002G045740	AT5G53860.4
OG0014928	As002G046160	AT5G54400.1
OG0014929	As002G046600	AT5G54840.1
OG0014930	As002G046980	AT1G18790.1
OG0014931	As002G047140	AT5G55310.1
OG0014932	As002G047230	AT5G55470.1
OG0014933	As002G047290	AT5G55520.1
OG0014934	As002G047360	AT5G55580.1
OG0014935	As002G047870	AT5G56120.1
OG0014936	As002G047960	AT5G56210.1
OG0014937	As002G048060	AT5G56300.1
OG0014938	As002G048130	AT5G56380.1
OG0014939	As002G048270	AT5G56590.1
OG0014940	As002G048370	AT5G56720.1
OG0014941	As002G048380	AT5G56730.1
OG0014942	As002G048720	AT5G57035.1
OG0014943	As002G048740	AT5G57050.1
OG0014944	As002G048750	AT5G57060.3
OG0014945	As002G049100	AT5G57390.1
OG0014946	As002G049310	AT5G57655.2
OG0014947	As002G049340	AT5G57670.2
OG0014948	As002G049440	AT5G57785.1
OG0014949	As002G049530	AT5G57850.1
OG0014950	As002G049610	AT5G57930.2
OG0014951	As002G049930	AT5G58130.1
OG0014952	As002G049950	AT5G58150.1
OG0014953	As002G050010	AT4G06634.1
OG0014954	As002G050080	AT4G06676.1
OG0014955	As002G050250	AT5G13400.1
OG0014956	As002G050260	AT5G13410.1
OG0014957	As002G050540	AT5G13120.1
OG0014958	As002G050740	AT5G12920.2
OG0014959	As002G051100	AT5G12170.2
OG0014960	As002G051360	AT5G11870.2
OG0014961	As002G051710, As002G051690	AT5G11570.1
OG0014962	As002G051740	AT5G11540.1
OG0014963	As002G051850	AT5G11430.1
OG0014964	As002G051900	AT5G11350.4
OG0014965	As002G051920	AT5G11330.1
OG0014966	As002G052130	AT5G11100.1
OG0014967	As002G052180	AT5G11030.2
OG0014968	As002G052190	AT5G11020.1
OG0014969	As002G052220	AT2G38130.1
OG0014970	As002G052280	AT5G10940.1
OG0014971	As002G052310	AT5G10910.1
OG0014972	As002G052340	AT5G10870.1
OG0014973	As002G052540	AT5G10700.1
OG0014974	As002G052560	AT5G10690.1
OG0014975	As002G052760	AT5G10500.1
OG0014976	As002G052800	AT5G10470.2
OG0014977	As002G052830	AT5G10440.1
OG0014978	As002G052920	AT5G10380.1
OG0014979	As002G053100	AT5G10210.1
OG0014980	As002G053110	AT5G10200.1
OG0014981	As002G053320	AT5G09995.2
OG0014982	As002G053600	AT5G09670.1
OG0014983	As002G053650	AT5G09620.1
OG0014984	As002G053780	AT5G09460.1
OG0014985	As002G053790	AT5G09450.1
OG0014986	As002G054080	AT5G08750.10
OG0014987	As002G054540	AT5G08340.1
OG0014988	As002G054570	AT5G08320.1
OG0014989	As002G054810	AT5G08050.1
OG0014990	As002G055170	AT5G07590.1
OG0014991	As002G055260	AT5G07490.1
OG0014992	As002G055340	AT5G07400.1
OG0014993	As002G055420	AT5G07330.1
OG0014994	As003G055600	AT4G17180.1
OG0014995	As003G055730	AT4G17380.1
OG0014996	As003G055750	AT4G17410.2
OG0014997	As003G056110	AT4G17760.1
OG0014998	As003G056130	AT4G17770.1
OG0014999	As003G056770	AT4G18395.1
OG0015000	As003G056950	AT4G18465.1
OG0015001	As003G057060	AT4G18593.1
OG0015002	As003G057080	AT4G18600.1
OG0015003	As003G057130	AT4G18650.1
OG0015004	As003G057250	AT4G18790.1
OG0015005	As003G057270	AT4G18810.2
OG0015006	As003G057520	AT4G19070.1
OG0015007	As003G057590	AT4G19150.1
OG0015008	As003G057740	AT4G19390.1
OG0015009	As003G057950	AT4G19660.2
OG0015010	As003G057960	AT4G19670.1
OG0015011	As003G058020	AT4G19710.2
OG0015012	As003G058260	AT4G20060.1
OG0015013	As003G058670, As003G058710	AT4G20770.1
OG0015014	As003G058780	AT4G20820.1
OG0015015	As003G058830	AT4G20870.1
OG0015016	As003G058880	AT1G18060.1
OG0015017	As003G059070	AT4G21170.1
OG0015018	As003G059140	AT4G21260.1, AT4G21250.1
OG0015019	As003G059260, As009G200120	AT5G14285.1
OG0015020	As003G059280	AT4G21350.1
OG0015021	As003G059490	AT4G21470.1
OG0015022	As003G059550	AT4G21520.1
OG0015023	As003G059580	AT4G21550.1
OG0015024	As003G059700	AT4G21670.1
OG0015025	As003G059820	AT4G21780.1
OG0015026	As003G059870	AT4G21820.3
OG0015027	As003G059990	AT4G21960.1
OG0015028	As003G060500	AT4G22530.1
OG0015029	As003G060660	AT4G22730.1
OG0015030	As003G060860	AT4G22850.1
OG0015031	As003G060910	AT4G22900.1
OG0015033	As003G062040	AT4G23950.2
OG0015034	As003G062250	AT4G24140.1
OG0015035	As003G062320	AT1G32810.2
OG0015036	As003G062360	AT1G32900.1
OG0015037	As003G062390	AT1G32930.1
OG0015038	As003G062440	AT1G33050.1
OG0015039	As003G062460	AT1G33060.2
OG0015040	As003G062610	AT1G33250.1
OG0015041	As003G062630	AT1G33265.1
OG0015042	As003G062670	AT1G33290.1
OG0015043	As003G062730	AT1G33350.1
OG0015044	As003G063280	AT1G34200.1
OG0015045	As003G063310	AT1G34245.1
OG0015046	As003G063350	AT1G34320.1
OG0015047	As003G063460	AT1G34580.1
OG0015048	As003G063800	AT1G35420.2
OG0015049	As003G063840	AT1G35490.1
OG0015050	As003G063850	AT1G35510.1
OG0015051	As003G063960	AT1G35680.1
OG0015052	As003G064090	AT1G36060.1
OG0015053	As003G064180	AT1G36370.1
OG0015054	As003G064190	AT1G36380.1
OG0015055	As003G064200	AT1G36390.1
OG0015056	As003G064230	AT1G36980.1
OG0015057	As003G064580	AT1G44350.1
OG0015058	As003G064600	AT1G44120.2
OG0015059	As003G064650	AT1G44000.1
OG0015060	As003G064830	AT1G43690.1
OG0015061	As003G064890	AT1G43630.1
OG0015062	As003G064970	AT1G43580.1
OG0015063	As003G065040	AT1G43245.2
OG0015064	As003G065110	AT1G43020.1
OG0015065	As003G065220	AT1G44970.1
OG0015066	As003G065290	AT4G16310.1
OG0015067	As003G065400	AT1G47310.1
OG0015068	As003G065470	AT1G47610.1
OG0015069	As003G065560	AT1G47480.1
OG0015070	As003G065820	AT1G47271.1
OG0015071	As003G066010	AT1G42970.1
OG0015072	As003G066280	AT1G45231.2
OG0015073	As003G066290	AT1G45233.2
OG0015074	As003G066300	AT1G45249.6
OG0015075	As003G066550	AT5G42570.1
OG0015076	As003G066600	AT1G47870.1
OG0015077	As003G067310	AT1G27900.1
OG0015078	As003G067480	AT3G22670.1
OG0015079	As003G068120	AT1G27750.1
OG0015080	As003G068230	AT1G27752.1
OG0015081	As003G068390, As009G218090	AT5G61480.1
OG0015082	As003G068640	AT1G28210.2
OG0015083	As003G068970	AT1G28340.1
OG0015084	As003G069850	AT1G29230.1
OG0015085	As003G070140	AT1G29680.1
OG0015086	As003G070300	AT1G29800.1
OG0015087	As003G070450	AT1G29980.1
OG0015088	As003G070490	AT1G30010.1
OG0015089	As003G070650	AT1G30070.2
OG0015090	As003G070670	AT1G30090.1
OG0015091	As003G071110	AT1G30520.1
OG0015092	As003G071230	AT1G30640.1
OG0015093	As003G071250	AT1G30680.1
OG0015094	As003G071660	AT4G35380.1
OG0015095	As003G071880	AT4G35590.1
OG0015096	As003G072160	AT4G35870.1
OG0015097	As003G072230	AT4G35930.3
OG0015098	As003G072270	AT4G35980.1
OG0015099	As003G072330	AT4G36030.1
OG0015100	As003G072350	AT4G36050.2
OG0015101	As003G072450	AT4G36180.1
OG0015102	As003G072590	AT4G36420.1
OG0015103	As003G072990	AT4G36790.1
OG0015104	As003G073030	AT4G36830.2
OG0015105	As003G073040	AT4G36850.1
OG0015106	As003G073050	AT4G36860.3
OG0015107	As003G073080	AT4G35910.1
OG0015108	As003G073370	AT4G36960.1
OG0015109	As003G073430	AT4G36910.1
OG0015110	As003G073480	AT4G37250.1
OG0015111	As003G073510	AT4G37280.1
OG0015112	As003G073660	AT4G37430.1
OG0015113	As003G073820	AT5G35520.1
OG0015114	As003G073910	AT4G37630.1
OG0015115	As003G074100	AT4G37800.1
OG0015116	As003G074270	AT4G37920.1
OG0015117	As003G074340	AT4G37970.1
OG0015118	As003G074420	AT4G38050.1
OG0015119	As003G074450	AT4G38070.1
OG0015120	As003G074470	AT4G38090.1
OG0015121	As003G074680	AT4G40000.1
OG0015122	As003G075000	AT4G39710.1
OG0015123	As003G075030	AT4G39690.1
OG0015124	As003G075110	AT4G39610.1
OG0015125	As003G075470	AT4G39380.2
OG0015126	As003G075540	AT4G39330.1
OG0015127	As003G075720	AT4G39130.1
OG0015128	As003G075830	AT4G39030.1
OG0015129	As003G076000	AT4G38890.1
OG0015130	As003G076040	AT4G38830.1
OG0015131	As003G076110	AT4G38730.1
OG0015132	As003G076140	AT4G38690.1
OG0015133	As003G076160	AT4G38670.1
OG0015134	As003G076420	AT4G38270.1
OG0015135	As003G076440	AT4G38340.1
OG0015136	As003G076480	AT4G38380.1
OG0015137	As003G076490	AT4G38390.1
OG0015138	As003G076550	AT4G38460.1
OG0015139	As003G076570	AT4G38480.1
OG0015140	As003G076640	AT4G38130.1
OG0015141	As004G076680	AT5G32450.1
OG0015142	As004G076750	AT5G37360.1
OG0015143	As004G076850	AT5G36220.1
OG0015144	As004G076880	AT5G36120.1
OG0015145	As004G076960	AT5G36740.1, AT5G36670.1
OG0015146	As004G076970	AT1G65430.1
OG0015147	As004G077210	AT5G37480.1
OG0015148	As004G077240	AT5G37530.1
OG0015149	As004G077440	AT5G37830.1
OG0015150	As004G077470	AT5G37860.1
OG0015151	As004G077510	AT5G38060.1
OG0015152	As004G077810	AT5G38520.2
OG0015153	As004G077850	AT5G38610.1
OG0015154	As004G077910	AT5G38710.1
OG0015155	As004G078220	AT5G39250.1
OG0015156	As004G078420	AT5G39600.1
OG0015157	As004G078560	AT5G39785.4
OG0015158	As004G078570	AT5G39790.3
OG0015159	As004G078640	AT5G45680.1
OG0015160	As004G078700	AT1G30950.1
OG0015161	As004G078840	AT2G35110.1
OG0015162	As004G078870	AT2G35130.2
OG0015163	As004G078890	AT2G35150.1
OG0015164	As004G079220	AT3G45870.1
OG0015165	As004G079260	AT3G45900.1
OG0015166	As004G079310	AT1G31870.1
OG0015167	As004G079440	AT2G35540.1
OG0015168	As004G079470	AT2G35500.1
OG0015169	As004G079500	AT2G35480.1
OG0015170	As004G079550	AT2G35410.1
OG0015171	As004G079610	AT2G35360.1
OG0015172	As004G080130	AT1G34430.1
OG0015173	As004G080240	AT4G09460.1
OG0015174	As004G080520	AT4G08810.1
OG0015175	As004G080540	AT4G08790.1
OG0015176	As004G080560	AT4G08690.1
OG0015177	As004G080610	AT4G08555.1
OG0015178	As004G080620	AT4G08550.2
OG0015179	As004G080630	AT1G36320.1
OG0015180	As004G080830	AT4G08290.1
OG0015181	As004G081070	AT2G34330.1
OG0015182	As004G081120	AT2G34170.1
OG0015183	As004G081180	AT2G34150.2
OG0015184	As004G081380	AT2G33847.1
OG0015185	As004G081430	AT2G33820.3
OG0015186	As004G081550	AT2G33740.2
OG0015187	As004G081560	AT2G33735.1
OG0015188	As004G081670	AT2G33600.1, AT2G33590.1
OG0015189	As004G081800	AT2G33480.1
OG0015190	As004G081950	AT5G43180.1
OG0015191	As004G081980	AT5G43150.1
OG0015192	As004G081990	AT5G43140.1
OG0015193	As004G082160	AT5G42940.1
OG0015194	As004G082170	AT5G42950.1
OG0015195	As004G082230	AT5G42880.1
OG0015196	As004G082360	AT5G42760.2
OG0015197	As004G082380	AT5G42750.1
OG0015198	As004G082590	AT5G42490.1
OG0015199	As004G082680	AT5G42390.1
OG0015200	As004G082690	AT5G19850.1
OG0015201	As004G082720	AT5G43822.1
OG0015202	As004G082780	AT5G42330.1
OG0015203	As004G082810	AT5G42310.1
OG0015204	As004G083350	AT4G10050.1
OG0015205	As004G083420	AT4G10120.1
OG0015206	As004G083460	AT4G10170.1
OG0015207	As004G083540	AT4G10180.1
OG0015208	As004G083550	AT4G10240.1
OG0015209	As004G083630	AT4G10330.1
OG0015210	As004G083730	AT4G10465.1
OG0015211	As004G083890	AT4G10630.1
OG0015212	As004G083930	AT4G10730.1
OG0015213	As004G083980	AT4G10800.1
OG0015214	As004G084080	AT4G10920.1
OG0015215	As004G084100	AT4G10930.1
OG0015216	As004G084120	AT4G10955.1
OG0015217	As004G084220	AT4G11090.1
OG0015218	As004G084340	AT4G11175.1
OG0015219	As004G084390	AT4G11230.1
OG0015220	As004G084420	AT4G11270.1
OG0015221	As004G084620	AT4G11610.1
OG0015222	As004G084630	AT4G11640.1
OG0015223	As004G084780	AT4G11880.1
OG0015224	As004G084880	AT4G11990.1
OG0015225	As004G084990	AT4G12090.1
OG0015226	As004G085050	AT5G48120.1
OG0015227	As004G085210	AT4G22550.1
OG0015228	As004G085490	AT4G03965.1
OG0015229	As004G085520	AT4G04040.1
OG0015230	As004G085590	AT4G04330.1
OG0015231	As004G085610	AT4G04350.1
OG0015232	As004G085660	AT4G04470.1
OG0015233	As004G085700	AT4G04614.1
OG0015234	As004G085810	AT4G04790.1
OG0015235	As004G086060	AT4G04990.1
OG0015236	As004G086250	AT4G05220.1
OG0015237	As004G086640	AT5G44410.1
OG0015238	As004G087020	AT5G44635.2
OG0015239	As004G087030	AT5G44650.1
OG0015240	As004G087140	AT5G44740.2
OG0015241	As004G087800	AT5G45300.3
OG0015242	As004G088080	AT5G45610.1
OG0015243	As004G088220	AT5G45760.1
OG0015244	As004G088270	AT5G45800.1
OG0015245	As004G088320	AT5G45850.1
OG0015246	As004G088390, As010G240070	AT1G73600.2
OG0015247	As004G088450	AT5G45940.1
OG0015248	As004G088460	AT5G45950.1
OG0015249	As012G268470, As004G088490	AT1G55450.2
OG0015250	As004G088770	AT5G46295.1
OG0015251	As004G088800	AT5G46330.1
OG0015252	As004G088890	AT5G46400.1
OG0015253	As004G088920	AT1G03370.1
OG0015254	As004G089280	AT5G51350.1
OG0015255	As004G089630	AT5G47040.1
OG0015256	As004G090730	AT5G35220.1
OG0015257	As004G090770	AT5G35560.1
OG0015258	As004G091080	AT5G47430.6
OG0015259	As004G091110	AT5G47400.1
OG0015260	As004G092140	AT5G35670.1
OG0015261	As004G092160	AT2G04530.1
OG0015262	As004G092270	AT5G35735.1
OG0015263	As004G092440	AT2G04900.1
OG0015264	As004G092490	AT5G35770.1
OG0015265	As004G093010	AT4G12840.1
OG0015266	As004G093170	AT3G25410.1
OG0015267	As004G093410	AT4G24175.1
OG0015268	As004G093450	AT4G13040.3
OG0015269	As004G093670	AT3G24820.1
OG0015270	As004G093680	AT3G24810.1
OG0015271	As004G093890	AT4G13270.1
OG0015272	As004G094480	AT4G13590.1
OG0015273	As004G094560	AT4G13670.1
OG0015274	As004G094940	AT4G13980.1
OG0015275	As004G095070	AT4G14020.1
OG0015276	As004G095320	AT4G14310.2
OG0015277	As004G095580	AT4G14455.1
OG0015278	As004G095590	AT4G14465.1
OG0015279	As004G095600, As011G255090	AT3G23150.1
OG0015280	As004G096000	AT4G14860.1
OG0015281	As004G096480	AT4G15420.2
OG0015282	As004G096580	AT3G21540.1
OG0015283	As004G096760	AT5G39900.1
OG0015284	As004G096860	AT5G40030.1
OG0015285	As004G097120	AT5G40280.2
OG0015286	As004G097140	AT5G40300.1
OG0015288	As004G097670	AT5G40800.1
OG0015289	As004G097940	AT5G41330.1
OG0015290	As004G098470	AT2G05260.1
OG0015291	As005G098640	AT2G48070.3
OG0015293	As005G098740	AT2G47960.1
OG0015294	As005G098780	AT2G47920.1
OG0015295	As005G099030	AT2G47790.1
OG0015296	As005G099050	AT2G47770.1
OG0015297	As005G099060	AT2G47760.5
OG0015298	As005G099270	AT2G47600.1
OG0015299	As005G099280	AT2G47590.1
OG0015300	As005G099340	AT2G47540.1
OG0015301	As005G099370	AT2G40940.1
OG0015302	As005G099410	AT2G47490.1
OG0015303	As005G099890	AT3G15580.1
OG0015304	As005G099920	AT2G47070.1
OG0015305	As005G100120	AT2G46915.1
OG0015306	As005G100140	AT2G46900.1
OG0015307	As005G100310	AT2G46700.1
OG0015308	As005G100370	AT2G46640.4
OG0015309	As005G100490	AT2G46530.3
OG0015310	As005G100660	AT2G46470.1
OG0015311	As005G100760	AT2G46360.1
OG0015312	As005G101050	AT2G46050.1
OG0015313	As005G101200	AT2G45880.1
OG0015314	As005G101470	AT2G45620.1
OG0015315	As005G101480	AT2G45610.1
OG0015316	As005G101500	AT2G45590.1
OG0015317	As005G101760	AT2G45380.1
OG0015318	As005G101890	AT2G45240.1
OG0015319	As005G101920	AT2G45210.1
OG0015320	As005G101950	AT2G45180.1
OG0015321	As005G101980	AT2G45150.1
OG0015322	As005G102090	AT2G45040.1
OG0015323	As005G102110	AT2G45010.1
OG0015324	As005G102240	AT2G44920.2
OG0015325	As005G102290	AT2G44850.1
OG0015326	As005G102460	AT2G44710.1
OG0015327	As005G102870	AT2G44360.1
OG0015328	As005G103100	AT2G44110.2
OG0015329	As005G103210	AT2G43990.1
OG0015330	As005G103600	AT2G43650.1
OG0015331	As005G103760	AT2G43560.1
OG0015332	As005G103880	AT2G43465.1
OG0015333	As005G103910	AT2G43420.1
OG0015334	As005G104080	AT2G43235.1
OG0015335	As005G104240	AT2G43070.4
OG0015336	As005G104390	AT2G42960.1
OG0015337	As005G104440	AT2G42900.1
OG0015338	As005G104490	AT2G42850.1
OG0015339	As005G104620	AT2G42760.1
OG0015340	As005G104630	AT2G42750.1
OG0015341	As005G104690	AT2G42670.2
OG0015342	As005G104760	AT2G42590.3
OG0015343	As005G104910	AT2G42450.1
OG0015344	As005G105030	AT2G41950.1
OG0015345	As005G105230	AT2G42250.1
OG0015346	As005G106030	AT2G41520.1
OG0015347	As005G106520	AT5G01510.1
OG0015348	As005G106530	AT5G01500.1
OG0015349	As005G106850	AT5G01240.1
OG0015350	As005G106890	AT5G01210.1
OG0015351	As005G106990	AT5G01075.1
OG0015352	As005G107080	AT5G01030.1
OG0015353	As005G107130	AT5G02040.1
OG0015354	As005G107270	AT5G02180.1
OG0015355	As005G107350	AT5G02250.1
OG0015356	As005G107690	AT5G02620.2
OG0015357	As005G107750	AT5G02740.1
OG0015358	As005G107990	AT5G03070.1
OG0015359	As005G108010	AT5G03110.1
OG0015360	As005G108030	AT5G03140.1
OG0015361	As005G108160	AT5G03280.1
OG0015362	As005G108250	AT5G52970.1
OG0015363	As005G108300	AT5G03420.1
OG0015364	As005G108340	AT5G03455.1
OG0015365	As005G108560	AT5G03660.1
OG0015366	As005G108570	AT5G09860.1
OG0015367	As005G108650	AT5G03700.1
OG0015368	As005G108780	AT5G03800.1
OG0015369	As005G108830	AT5G03860.1
OG0015370	As005G108900	AT5G03910.1
OG0015371	As005G109080	AT5G04080.1
OG0015372	As005G109400	AT5G04280.1
OG0015373	As005G109420	AT5G04290.1
OG0015374	As005G109950	AT5G19380.2
OG0015375	As005G110890	AT5G20230.1
OG0015376	As005G111250	AT5G20120.1
OG0015377	As005G112330	AT5G20860.2
OG0015378	As005G112380	AT5G20910.1
OG0015379	As005G112440	AT4G27670.1
OG0015380	As005G112530	AT5G20990.1
OG0015381	As005G112560	AT5G21060.2
OG0015382	As005G112890	AT5G21430.1
OG0015383	As005G113120	AT5G22050.2
OG0015384	As005G113190	AT5G22120.1
OG0015385	As005G113260	AT5G22300.1
OG0015386	As005G113350	AT5G22410.1
OG0015387	As005G113430	AT5G22470.1
OG0015388	As005G113650	AT5G22750.1
OG0015389	As005G113980	AT5G60740.1
OG0015390	As005G114130	AT5G60600.1
OG0015391	As005G114170	AT5G60570.1
OG0015392	As005G114260	AT3G20935.1
OG0015393	As005G114530	AT1G67300.2
OG0015394	As005G114570	AT5G60050.1
OG0015395	As005G114780	AT5G59830.1
OG0015396	As005G114880	AT5G59770.1
OG0015397	As005G115170	AT5G59400.1
OG0015398	As005G115420	AT5G59250.1
OG0015399	As005G115630	AT5G59450.1
OG0015400	As005G115730	AT5G59070.1
OG0015401	As005G116010	AT5G63120.2
OG0015402	As005G116180	AT5G63260.2
OG0015403	As005G116220	AT5G63300.2
OG0015404	As005G116270	AT5G63380.1
OG0015405	As005G116280	AT5G63390.1
OG0015406	As005G116300	AT5G63410.1
OG0015407	As005G116310	AT5G63420.1
OG0015408	As005G116330	AT5G63440.2
OG0015409	As005G116590	AT5G63630.2
OG0015410	As005G116860	AT5G63910.1
OG0015411	As005G116890	AT5G63950.1
OG0015412	As005G116980	AT2G38410.1
OG0015413	As005G117210	AT5G64220.1
OG0015414	As005G117320	AT5G64320.1
OG0015415	As005G117340	AT5G64340.1
OG0015416	As005G117360	AT5G64360.2
OG0015417	As005G117420	AT5G64420.1
OG0015418	As005G117470	AT5G64460.1
OG0015419	As005G117510	AT5G64510.1
OG0015420	As005G117590	AT5G64600.1
OG0015421	As005G117660	AT5G64660.1
OG0015422	As005G117860	AT5G64830.1
OG0015423	As005G117910	AT5G64880.1
OG0015424	As005G118260	AT5G65165.1
OG0015425	As005G118390	AT5G65280.1
OG0015426	As005G118480	AT5G65400.2
OG0015427	As005G118610	AT5G65520.1
OG0015428	As005G118660	AT5G65613.1
OG0015429	As005G118750	AT5G65685.5
OG0015430	As005G118940	AT5G65890.1
OG0015431	As005G118960	AT5G65910.1
OG0015432	As005G119010	AT5G67610.2
OG0015433	As005G119090	AT5G67530.1
OG0015434	As005G119130	AT5G67480.2
OG0015435	As005G119190	AT5G67430.1
OG0015436	As005G119300	AT5G67330.1
OG0015437	As005G119310	AT5G67320.1
OG0015438	As005G119350	AT5G67280.1
OG0015439	As005G119620	AT5G67050.1
OG0015440	As005G119740	AT2G25490.1
OG0015441	As005G119770	AT5G66860.1
OG0015442	As005G119810	AT5G66820.1
OG0015443	As005G120010	AT5G66675.1
OG0015444	As005G120220	AT5G49555.1
OG0015445	As005G120260	AT5G66530.1
OG0015446	As005G120380	AT5G66420.2
OG0015447	As005G120530	AT5G66300.1
OG0015448	As005G120580	AT5G66240.2
OG0015449	As005G120620	AT5G66200.1
OG0015450	As005G120670	AT5G66160.1
OG0015451	As005G120800	AT5G66050.1
OG0015452	As005G120900	AT5G65950.1
OG0015453	As006G121080	AT4G00060.1
OG0015454	As006G121230	AT4G00750.1
OG0015455	As006G121470	AT4G00490.1
OG0015456	As006G121620	AT4G00335.1
OG0015457	As006G121890	AT4G01240.1
OG0015458	As006G121900	AT4G01230.2
OG0015459	As006G122010	AT4G01080.1
OG0015460	As006G122070	AT4G01030.1
OG0015461	As006G122140	AT4G00940.1
OG0015462	As006G122600	AT4G01700.1
OG0015463	As006G122740	AT4G01810.1
OG0015464	As006G122820	AT4G01990.1
OG0015465	As006G122890	AT4G02075.1
OG0015466	As006G123280	AT4G02485.1
OG0015467	As006G123420	AT4G02610.1
OG0015468	As006G123440	AT4G02630.1
OG0015469	As006G123450	AT4G02640.2
OG0015470	As006G123710	AT5G64980.1
OG0015471	As006G123730	AT4G02900.1
OG0015472	As006G124310	AT5G44240.1
OG0015473	As006G124360	AT5G44180.1
OG0015475	As006G124390	AT5G44150.1
OG0015476	As006G124540	AT5G44030.2
OG0015477	As006G124630	AT5G43950.1
OG0015478	As006G124660	AT5G43920.1
OG0015479	As006G124780	AT5G43830.1
OG0015480	As006G124800	AT5G43810.1
OG0015481	As006G124820	AT5G43780.1
OG0015482	As006G125070	AT5G43420.1
OG0015483	As006G125700	AT2G32250.1
OG0015484	As006G126020	AT2G32930.2
OG0015485	As006G126180	AT2G32640.1
OG0015486	As006G126400	AT2G32090.1
OG0015487	As006G126440	AT2G32040.1
OG0015488	As006G126450	AT2G32030.1
OG0015489	As006G126810	AT2G31940.1
OG0015490	As006G127190	AT2G31440.1
OG0015491	As006G127340	AT2G31340.1
OG0015492	As006G127360	AT2G31320.1
OG0015493	As006G127780	AT2G30890.1
OG0015494	As006G128200	AT2G30320.1
OG0015495	As006G128320	AT2G30170.1
OG0015496	As006G128570	AT2G29970.1
OG0015497	As006G129100	AT2G29070.2
OG0015498	As006G129410	AT2G28810.1
OG0015499	As006G129570	AT2G28660.1
OG0015500	As006G129620	AT2G28620.1
OG0015501	As006G129690	AT2G28570.1
OG0015502	As006G129930	AT2G28320.1
OG0015503	As006G129990	AT2G28190.1
OG0015504	As006G130040	AT2G28150.1
OG0015505	As006G130060	AT2G28130.1
OG0015506	As006G130100	AT2G28100.1
OG0015507	As006G130130	AT2G28080.1
OG0015508	As006G130260	AT2G27840.3
OG0015509	As006G130580	AT2G27060.1
OG0015510	As006G130600	AT2G27090.1
OG0015511	As006G130670	AT2G27150.1
OG0015512	As006G130730	AT2G27200.1
OG0015513	As006G130780	AT2G27250.3
OG0015514	As006G130870	AT2G27380.1
OG0015515	As006G131000	AT2G26890.1
OG0015516	As006G131010	AT2G26870.1
OG0015517	As006G131200	AT2G26710.1
OG0015518	As006G131230	AT2G26695.1
OG0015519	As006G131240	AT2G26830.1
OG0015520	As006G131310	AT2G26590.1
OG0015521	As006G131350	AT2G42160.1
OG0015522	As006G131440	AT1G07700.3
OG0015523	As006G131470	AT4G00090.1
OG0015524	As006G131500	AT2G26530.1
OG0015525	As006G131590	AT2G26460.1
OG0015526	As006G131690	AT2G26300.1
OG0015527	As006G131700	AT2G26290.1
OG0015528	As006G131730	AT2G26260.1
OG0015529	As006G131810	AT2G26200.1
OG0015530	As006G131840	AT2G26170.1
OG0015531	As006G131890	AT2G26100.1
OG0015532	As006G132010	AT2G25890.2
OG0015533	As006G132120	AT2G25800.1
OG0015534	As006G132340	AT4G27430.1
OG0015535	As006G132880	AT3G01510.1
OG0015536	As006G133040	AT3G01570.1
OG0015537	As006G133280	AT3G01820.1
OG0015538	As006G133320	AT3G01860.1
OG0015539	As006G133350	AT1G28120.1
OG0015540	As006G133410	AT3G01960.1
OG0015541	As006G133460	AT3G02000.1
OG0015542	As006G133530	AT3G02040.1
OG0015543	As006G133550	AT3G19340.1
OG0015544	As006G133590	AT3G02060.1
OG0015545	As006G133670	AT5G01980.1
OG0015546	As006G133760	AT3G08560.1
OG0015547	As006G133790	AT5G01950.7
OG0015548	As006G133820	AT5G01920.1
OG0015549	As006G133840	AT5G01910.1
OG0015550	As006G133860	AT2G30290.2
OG0015551	As006G133870	AT5G01890.1
OG0015552	As006G133950	AT5G01840.1
OG0015553	As006G133980	AT5G01820.1
OG0015554	As006G134000	AT5G01810.1
OG0015555	As006G134270	AT4G26555.1
OG0015556	As006G134520	AT4G26790.1
OG0015557	As006G134820	AT3G01210.1
OG0015558	As006G134860	AT3G01170.1
OG0015559	As006G135090	AT3G02110.1
OG0015560	As006G135100	AT3G02120.1
OG0015561	As006G135120	AT3G02130.1
OG0015562	As006G135180	AT3G02180.1
OG0015563	As006G135290	AT3G02290.5
OG0015564	As006G135300	AT3G02300.2
OG0015565	As006G135430	AT3G02450.1
OG0015566	As006G135650	AT3G02645.1
OG0015567	As006G135690	AT3G02690.1
OG0015568	As006G135710	AT3G02710.1
OG0015569	As006G135820	AT3G02820.2
OG0015570	As006G135940	AT3G02920.1
OG0015571	As006G136030	AT3G03000.1
OG0015572	As006G136040	AT3G03010.1
OG0015573	As006G136300	AT3G03270.1
OG0015574	As006G136580	AT3G03520.1
OG0015575	As006G136740	AT3G03670.1
OG0015576	As006G136850	AT3G03750.2
OG0015577	As006G137160	AT3G03880.1
OG0015578	As006G137400	AT3G04140.1
OG0015579	As006G137470	AT3G04260.1
OG0015580	As006G137510	AT3G04350.1
OG0015581	As006G137950	AT3G04740.1
OG0015582	As006G138030	AT3G04820.1
OG0015583	As006G138410	AT3G05150.2
OG0015584	As006G138660	AT3G05270.1
OG0015585	As006G138790	AT3G05510.1
OG0015586	As006G138880	AT3G05410.2
OG0015587	As006G138990	AT3G05625.1
OG0015588	As006G139000	AT3G05630.1
OG0015589	As006G139100	AT3G05720.1
OG0015590	As006G139140	AT3G05760.1
OG0015591	As012G286110	AT3G60961.1, AT3G60180.1
OG0015592	As006G139950	AT3G06380.1
OG0015593	As006G140040	AT3G06430.1
OG0015594	As006G140470	AT3G06840.1
OG0015595	As006G140600	AT3G06960.1
OG0015596	As012G267700, As006G140670	AT3G12685.1
OG0015597	As006G140700	AT3G07030.5
OG0015598	As006G140750	AT3G07060.1
OG0015599	As006G140820	AT3G07130.2
OG0015600	As006G140840	AT3G07150.1
OG0015601	As006G141040	AT3G07310.1
OG0015602	As006G141070	AT3G07340.1
OG0015603	As006G141190	AT3G07480.1
OG0015604	As006G141240	AT3G07550.1
OG0015605	As006G141380	AT3G07640.1
OG0015606	As006G141410	AT3G07670.1
OG0015607	As006G141440	AT3G07700.3
OG0015608	As006G141520	AT3G07780.2
OG0015609	As006G141610	AT3G07860.1
OG0015610	As006G141620	AT3G07870.1
OG0015611	As006G141770	AT3G08010.1
OG0015612	As006G142250	AT3G08970.1
OG0015613	As006G142270	AT3G08990.1
OG0015614	As006G142640	AT2G40280.1
OG0015615	As006G142660	AT2G40270.1
OG0015616	As006G142870	AT2G40110.1
OG0015617	As006G143020	AT2G39950.1
OG0015618	As006G143080	AT2G39910.1
OG0015619	As006G143380	AT2G39670.2
OG0015620	As006G143400	AT2G39650.1
OG0015621	As006G143660	AT2G39190.2
OG0015622	As006G143910	AT2G39435.1
OG0015623	As006G143990	AT2G39090.1
OG0015624	As006G144080, As007G166830	AT2G39040.1
OG0015625	As006G144130	AT2G39000.1
OG0015626	As006G144470	AT2G35920.3
OG0015627	As006G144860	AT2G36305.1
OG0015628	As006G144940	AT3G12350.1
OG0015629	As006G144980	AT2G36370.1
OG0015630	As006G145160	AT2G36610.1
OG0015631	As006G145360	AT2G36810.1
OG0015632	As006G145550	AT2G36980.1
OG0015633	As006G145580	AT2G37010.1
OG0015634	As006G145670	AT2G37100.1
OG0015635	As006G145680	AT2G37090.1
OG0015636	As006G145750, As011G258620	AT3G25440.1
OG0015637	As006G145830	AT2G37195.2
OG0015638	As006G145880	AT2G37230.1
OG0015639	As006G145890	AT2G37240.1
OG0015640	As006G146020	AT2G37340.1
OG0015641	As006G146320, As006G146310	AT2G37530.1
OG0015642	As006G146660	AT2G37640.1
OG0015643	As006G146680	AT2G37660.1
OG0015644	As006G147180	AT2G38660.1
OG0015645	As006G147330	AT2G38580.1
OG0015646	As006G147340	AT2G38550.1
OG0015647	As006G147490	AT2G38160.3
OG0015648	As006G147510	AT2G38140.1
OG0015649	As006G147890	AT2G38070.1
OG0015651	As006G148780	AT2G35780.1
OG0015652	As007G152230	AT1G15700.1
OG0015653	As007G152250	AT1G15740.1
OG0015654	As007G152570	AT1G16070.1
OG0015655	As007G152780, As012G282080	AT1G16280.1
OG0015656	As007G152920	AT1G16445.1
OG0015657	As007G153100	AT1G16650.3
OG0015658	As007G153410	AT1G16960.1
OG0015659	As007G153490	AT1G17080.1
OG0015660	As007G153690	AT1G17260.1
OG0015661	As007G153830	AT1G17490.1
OG0015662	As007G153840	AT1G17480.1
OG0015663	As007G153860	AT1G17460.2
OG0015664	As007G153890	AT1G17430.1
OG0015665	As007G153930	AT1G17370.1
OG0015666	As007G154000	AT1G17580.1
OG0015667	As007G154170	AT1G17745.2
OG0015668	As007G154530	AT1G18265.1
OG0015669	As007G154610	AT1G18180.1
OG0015670	As007G154630	AT1G18160.1
OG0015671	As007G154710	AT1G18030.1
OG0015672	As007G154720	AT1G73720.1
OG0015673	As007G155130	AT1G18680.1
OG0015674	As007G155240	AT1G18810.1
OG0015675	As007G155280	AT1G18850.1
OG0015676	As007G155380	AT1G18960.1
OG0015677	As007G155470	AT1G19090.1
OG0015678	As007G155510	AT1G19120.1
OG0015679	As007G155670	AT1G19310.1
OG0015680	As007G155710	AT1G19340.1
OG0015681	As007G155740	AT1G19370.1
OG0015682	As007G155770	AT1G19430.1
OG0015683	As007G156290	AT1G20120.1
OG0015684	As007G156650	AT1G20530.1
OG0015685	As007G156680	AT1G20560.1
OG0015686	As007G156750	AT1G20650.1
OG0015687	As007G156910	AT1G20870.1
OG0015688	As007G157080	AT1G21060.1
OG0015689	As007G157560	AT1G21560.2
OG0015690	As007G157630	AT1G21640.2
OG0015691	As007G157640	AT1G21650.3
OG0015692	As007G157750	AT1G21722.1
OG0015693	As007G157800	AT1G21760.1
OG0015694	As007G157820	AT1G21780.1
OG0015695	As007G157860, As007G157970, As007G157870	AT1G05330.1
OG0015696	As007G158140	AT1G22140.1
OG0015697	As007G158190	AT1G22190.1
OG0015698	As007G158520	AT1G22480.1
OG0015699	As007G158620	AT1G22610.1
OG0015700	As007G158710	AT1G22690.1
OG0015701	As007G158910	AT1G22800.1
OG0015702	As007G159100	AT1G22930.1
OG0015703	As007G159110	AT1G22940.1
OG0015704	As007G159170	AT1G23000.2
OG0015705	As007G159230	AT1G23100.1
OG0015706	As007G159320	AT1G23180.1
OG0015707	As007G159540	AT1G23390.1
OG0015708	As007G159780	AT1G23860.1
OG0015709	As007G159870	AT1G24040.1
OG0015710	As007G159950	AT1G24130.1
OG0015711	As007G160240	AT1G07040.1
OG0015712	As007G160550	AT1G26760.1
OG0015713	As007G160620	AT1G26650.1
OG0015714	As007G160780	AT1G26460.1
OG0015715	As007G160910	AT1G69070.2
OG0015716	As007G160970	AT1G26220.1
OG0015717	As007G161110	AT1G68780.1
OG0015718	As007G161130	AT1G26090.1
OG0015719	As007G161230	AT1G25500.2
OG0015720	As007G161330	AT1G25420.1
OG0015721	As007G161680	AT1G24706.2
OG0015722	As007G161870	AT1G24450.1
OG0015723	As007G161920	AT1G24420.1
OG0015724	As007G162300	AT1G20050.1
OG0015725	As007G162310	AT1G44960.1
OG0015726	As007G162360	AT1G44920.1
OG0015727	As007G162640	AT1G27460.1
OG0015728	As007G162690	AT4G24210.1
OG0015729	As007G162750	AT4G24270.2
OG0015730	As007G162830	AT4G24370.1
OG0015731	As007G162960	AT4G24480.1
OG0015732	As007G163010	AT4G24530.1
OG0015733	As007G163090	AT4G24610.2
OG0015734	As007G163190	AT2G25530.1
OG0015735	As007G163330	AT4G24710.3
OG0015736	As007G163490	AT4G24750.1
OG0015737	As007G163560	AT4G24800.1
OG0015738	As007G163570	AT4G24805.1
OG0015739	As007G163740	AT4G24930.1
OG0015740	As007G164320	AT4G25070.2
OG0015741	As007G164380	AT4G25120.1
OG0015742	As007G164660	AT4G25280.1
OG0015743	As007G164780	AT4G25370.1
OG0015744	As007G165360	AT4G25540.1
OG0015745	As007G165640	AT4G25450.1
OG0015746	As007G165700	AT4G25434.8
OG0015747	As007G165750	AT5G51880.1
OG0015748	As007G165970	AT1G08460.1
OG0015749	As007G166010	AT4G27790.1
OG0015750	As007G166990	AT4G27700.1
OG0015751	As009G207500, As007G167110	AT2G25270.1
OG0015752	As007G177490	AT2G24800.1
OG0015753	As007G177560	AT2G24860.1
OG0015754	As007G177840	AT2G24580.1
OG0015755	As007G179090	AT2G23890.2
OG0015756	As007G179260	AT2G23660.1
OG0015757	As007G179480	AT2G23460.1
OG0015758	As007G179550	AT2G23380.1
OG0015759	As007G179600	AT2G23320.1
OG0015760	As007G179710	AT4G27800.1
OG0015761	As007G179750	AT2G23093.1
OG0015762	As007G179890	AT2G22840.1
OG0015763	As007G180140	AT2G22570.1
OG0015764	As007G180180	AT3G54380.1
OG0015765	As007G180270	AT2G22450.1
OG0015766	As007G180540	AT2G22080.1
OG0015767	As007G180600	AT2G21970.1
OG0015768	As007G180610	AT2G21960.1
OG0015769	As007G180730	AT2G21710.1
OG0015770	As007G180790	AT2G21620.2
OG0015771	As007G180900	AT2G21520.2
OG0015772	As007G181930	AT2G21140.1
OG0015773	As007G182020	AT2G21045.1
OG0015774	As007G182100	AT2G20980.1
OG0015775	As007G182210	AT5G40820.2
OG0015776	As008G182870	AT1G14520.3
OG0015777	As008G183020	AT1G14390.1
OG0015778	As008G183100	AT1G14310.1
OG0015779	As008G183110	AT1G14300.2
OG0015780	As008G183130	AT1G14280.1
OG0015781	As008G183190	AT1G14205.1
OG0015782	As008G183380	AT1G14030.1
OG0015783	As008G183420	AT1G13990.3
OG0015784	As008G183540	AT1G13820.1
OG0015785	As008G183670	AT1G13890.1
OG0015786	As008G183710	AT1G13670.1
OG0015787	As008G183870	AT1G13570.1
OG0015788	As008G183920	AT1G13220.3
OG0015789	As008G184080	AT1G13400.1
OG0015790	As008G184170	AT1G13170.2
OG0015791	As008G184360	AT1G12970.1
OG0015792	As008G184620	AT1G12650.1
OG0015793	As008G184670	AT1G12570.1
OG0015794	As008G184740	AT1G12480.1
OG0015795	As008G184780	AT1G12430.2
OG0015796	As008G184870	AT1G12370.2
OG0015797	As008G185070	AT1G12244.1
OG0015798	As008G185080	AT1G12250.1
OG0015799	As008G185280	AT1G12050.1
OG0015800	As008G185610	AT1G11760.1
OG0015801	As008G185760	AT1G11660.1
OG0015802	As008G185930	AT1G11545.1
OG0015803	As008G185940	AT1G61780.1
OG0015804	As008G186070	AT1G11380.1
OG0015805	As008G186280	AT1G11200.1
OG0015806	As008G186670	AT1G10880.1
OG0015807	As008G186730	AT1G10830.1
OG0015808	As008G186750	AT1G10800.2
OG0015809	As008G186860	AT1G10700.1
OG0015810	As008G187050	AT1G10550.1
OG0015811	As008G187080	AT1G10530.1
OG0015812	As008G187210	AT1G10385.1
OG0015813	As008G187360	AT1G10240.1
OG0015814	As008G187500	AT1G09810.1
OG0015815	As008G187520	AT1G09815.1
OG0015816	As008G187570	AT1G09850.1
OG0015817	As008G187620	AT1G09900.1
OG0015818	As008G187790	AT1G10050.3
OG0015819	As008G188100	AT1G09680.1
OG0015820	As008G188330	AT1G09450.1
OG0015821	As008G188340	AT1G09440.1
OG0015822	As008G188490	AT1G09300.1
OG0015823	As008G188620	AT1G09250.1
OG0015824	As008G188700	AT1G09240.1
OG0015825	As008G188800	AT1G09160.1
OG0015826	As008G189010	AT1G09030.1
OG0015827	As008G189510	AT1G08770.1
OG0015828	As008G189900	AT1G08590.1
OG0015829	As008G189950	AT1G08670.1
OG0015830	As008G190890	AT1G08125.2
OG0015831	As008G191890	AT1G07710.1
OG0015832	As008G192030	AT1G07725.1
OG0015833	As008G192290	AT3G32940.1
OG0015834	As008G192560	AT1G07530.1
OG0015835	As008G192900	AT1G07320.1
OG0015836	As008G193090	AT1G07060.2
OG0015837	As008G193170	AT1G07000.1
OG0015838	As008G193190	AT1G06970.1
OG0015839	As008G193290	AT1G06550.1
OG0015840	As008G193310	AT1G06840.1
OG0015841	As008G193320	AT1G06820.1
OG0015842	As008G193420	AT1G06710.1
OG0015843	As008G193480	AT1G06690.1
OG0015844	As008G193580	AT1G06520.1
OG0015845	As008G193590	AT1G06510.1
OG0015846	As008G193610	AT1G06500.1
OG0015847	As008G193670	AT1G06450.1
OG0015848	As008G194250	AT1G05950.1
OG0015849	As008G194350	AT1G05840.1
OG0015850	As008G194360	AT5G48440.1
OG0015851	As008G194370	AT1G05835.1
OG0015852	As008G194390	AT1G05820.1
OG0015853	As008G194860	AT1G05440.1
OG0015854	As008G194910	AT1G05380.1
OG0015856	As008G195290	AT1G05100.1
OG0015857	As008G195430	AT1G05055.1
OG0015858	As008G195480	AT1G04990.1
OG0015859	As008G195540	AT1G04970.1
OG0015860	As008G195550	AT1G04960.2
OG0015861	As008G195640	AT1G04890.1
OG0015862	As008G196010	AT1G04570.1
OG0015863	As008G196120	AT5G20660.1
OG0015864	As008G196580	AT1G04020.1
OG0015865	As008G196620	AT1G03990.1
OG0015866	As008G196630	AT1G03982.1
OG0015867	As008G196800	AT1G03560.1
OG0015868	As008G197000	AT1G03830.2
OG0015869	As008G197110	AT1G03430.1
OG0015870	As008G197120	AT1G03390.1
OG0015871	As008G197130	AT1G03380.1
OG0015872	As008G197250	AT1G03250.2
OG0015873	As008G197400	AT1G03090.2
OG0015874	As008G197670	AT1G02820.1
OG0015875	As008G197810	AT1G02700.1
OG0015876	As008G197860	AT1G02640.1
OG0015877	As008G197960	AT1G02390.1
OG0015878	As008G198050	AT1G02475.1
OG0015879	As008G198150	AT1G02330.1
OG0015880	As008G198170	AT1G02310.2
OG0015881	As008G198600	AT1G01280.1
OG0015882	As008G198940	AT1G01430.1
OG0015883	As008G199100	AT1G01720.1
OG0015884	As008G199150	AT1G01770.1
OG0015885	As008G199250	AT1G01880.1
OG0015886	As008G199260	AT1G01900.1
OG0015887	As008G199280	AT1G01910.1
OG0015888	As008G199320	AT1G01940.1
OG0015889	As008G199360	AT1G01970.1
OG0015890	As008G199370	AT1G01990.1
OG0015891	As008G199440	AT1G02060.1
OG0015892	As008G199570	AT1G02120.1
OG0015893	As008G199660	AT1G02170.1
OG0015894	As009G199730	AT5G13890.1
OG0015895	As009G199900	AT5G14550.1
OG0015896	As009G200020	AT5G14410.2
OG0015897	As009G200180	AT5G14220.4
OG0015898	As009G200260	AT5G14140.1
OG0015899	As009G200320	AT5G14080.1
OG0015900	As009G200400	AT5G14660.1
OG0015901	As009G200500	AT5G14740.1
OG0015902	As009G200540	AT5G14770.1
OG0015903	As009G201040	AT5G15510.2
OG0015904	As009G201100	AT5G15440.1
OG0015905	As009G201220	AT5G15330.2
OG0015906	As009G201290	AT5G15280.1
OG0015907	As009G201430	AT5G15170.1
OG0015908	As009G201700	AT5G15900.2
OG0015909	As009G202160, As009G201880	AT5G16260.1
OG0015910	As009G201980	AT3G02540.1
OG0015911	As009G202030	AT5G16140.1
OG0015912	As009G202470	AT5G16510.1
OG0015913	As009G202580	AT5G16630.1
OG0015914	As009G202770	AT5G16810.1
OG0015915	As009G202830	AT5G16870.1
OG0015916	As009G202870	AT5G16920.1
OG0015917	As009G203130	AT5G17240.1
OG0015918	As009G203320	AT5G17380.1
OG0015919	As009G203360	AT5G17360.1
OG0015920	As009G203410	AT5G17460.1
OG0015921	As009G203510	AT5G17570.1
OG0015922	As009G203590	AT5G17640.1
OG0015923	As009G203610	AT5G17660.1
OG0015924	As009G203920	AT5G17930.1
OG0015925	As009G203950	AT5G17980.1
OG0015926	As009G204100	AT5G18210.2
OG0015927	As009G204110	AT5G18220.1
OG0015928	As009G204200	AT5G18390.1
OG0015929	As009G204250	AT5G18410.1
OG0015930	As009G204270	AT1G08610.1
OG0015931	As009G204530	AT5G18660.1
OG0015932	As009G204590	AT5G18750.1
OG0015933	As009G204610	AT5G18760.1
OG0015934	As009G204660	AT5G18840.1
OG0015935	As009G205030	AT5G19151.1
OG0015936	As009G205210	AT5G26240.1
OG0015937	As009G205590	AT5G26600.1
OG0015938	As009G205670, As009G205660	AT5G26805.1
OG0015939	As009G205680	AT5G26810.1
OG0015940	As009G206060	AT5G27710.1
OG0015941	As009G206200	AT5G27560.1
OG0015942	As009G206530	AT5G27390.2
OG0015943	As009G206540	AT5G27395.1
OG0015944	As009G206970	AT5G28080.2
OG0015945	As009G207240	AT5G49600.1
OG0015946	As009G207330	AT3G48810.1
OG0015947	As009G207340	AT5G49570.1
OG0015948	As009G207550	AT4G26310.2
OG0015949	As009G207910	AT5G49060.1
OG0015950	As009G208690	AT5G48740.1
OG0015951	As009G208910	AT5G48460.1
OG0015952	As009G209100	AT5G48310.1
OG0015953	As009G209240	AT5G48390.1
OG0015954	As009G210020	AT5G16850.1
OG0015955	As009G210720	AT5G06850.1
OG0015956	As009G210770	AT5G06905.1
OG0015957	As009G211440	AT5G13840.1
OG0015958	As009G211450	AT5G13830.1
OG0015959	As009G211510	AT5G06790.1
OG0015960	As009G211930	AT5G06540.1
OG0015961	As009G212040	AT5G47970.1
OG0015962	As009G212050	AT1G44750.1
OG0015963	As009G212070	AT5G48040.1
OG0015964	As009G212300	AT5G06340.1
OG0015965	As009G212430	AT5G06265.4, AT5G07175.1
OG0015966	As009G212600	AT5G06130.2
OG0015967	As009G212640	AT5G06090.1
OG0015968	As009G212750	AT5G05960.1
OG0015969	As009G212770	AT5G05940.1
OG0015970	As009G212790	AT5G05930.1
OG0015971	As009G212970	AT5G05810.1
OG0015972	As009G212990	AT5G05790.1
OG0015973	As009G213030	AT5G05740.1
OG0015974	As009G213060	AT5G05700.1
OG0015975	As009G213080	AT5G05680.1
OG0015976	As009G213340	AT5G05365.1
OG0015977	As009G213850	AT3G15130.1
OG0015978	As009G213870	AT5G05230.1
OG0015979	As009G213940	AT5G05160.1
OG0015980	As009G213990	AT5G05100.1
OG0015981	As009G214090	AT5G04895.1
OG0015982	As009G214280	AT1G17070.1
OG0015983	As009G214450	AT5G04610.1
OG0015984	As009G214540	AT5G04520.1
OG0015985	As009G214630	AT5G04420.1
OG0015986	As009G214840	AT5G26060.1
OG0015987	As009G214850	AT5G26040.2
OG0015988	As009G214870	AT5G26010.1
OG0015989	As009G214940	AT5G25940.1
OG0015990	As009G215370	AT5G25320.1
OG0015991	As009G215470	AT5G25210.2
OG0015992	As009G215700	AT5G24920.1
OG0015993	As009G215750	AT5G24870.1
OG0015994	As009G215780	AT5G24820.1
OG0015995	As009G215840	AT5G24760.1
OG0015996	As009G216100	AT5G24320.2
OG0015997	As009G216150	AT5G24350.2
OG0015998	As009G216270	AT5G24490.1
OG0015999	As009G216280	AT5G24500.1
OG0016000	As009G216480	AT5G24140.1
OG0016001	As009G216530	AT5G24100.1
OG0016002	As009G216780	AT5G23880.1
OG0016003	As009G216800	AT5G23850.1
OG0016004	As009G216870	AT5G23730.1
OG0016005	As009G216950	AT2G04360.2
OG0016006	As009G217060	AT5G23520.1
OG0016007	As009G217100	AT5G23430.1
OG0016009	As009G217420	AT5G23060.1
OG0016010	As009G217630	AT5G60940.1
OG0016011	As009G217650	AT5G60960.1
OG0016012	As009G217660	AT3G26850.1
OG0016013	As009G217790	AT5G61140.2
OG0016014	As009G217970	AT5G61370.1
OG0016015	As009G217990	AT5G61390.1
OG0016016	As009G218190	AT5G61580.1
OG0016017	As009G218260	AT5G61670.1
OG0016018	As009G218550	AT5G62030.1
OG0016019	As009G218590	AT5G62070.1
OG0016020	As009G218690	AT5G62220.1
OG0016021	As009G218790	AT5G62310.1
OG0016022	As009G218810	AT5G62320.1
OG0016023	As009G219030	AT5G62570.1
OG0016024	As009G219080	AT5G62630.1
OG0016025	As009G219170	AT5G62750.1
OG0016026	As009G219320	AT5G62900.1
OG0016027	As009G219400	AT5G62990.1
OG0016028	As009G219460	AT5G63080.1
OG0016029	As009G219590	AT5G58760.1
OG0016030	As009G219740	AT5G58610.3
OG0016031	As009G219820	AT5G58550.1
OG0016032	As009G219830	AT5G58540.1
OG0016033	As009G219890	AT5G58480.1
OG0016034	As009G219930	AT5G58450.1
OG0016035	As009G220140	AT5G58240.1
OG0016036	As009G220160	AT5G58220.1
OG0016037	As010G220340	AT3G51320.1
OG0016038	As010G220380	AT3G51250.1
OG0016039	As010G220500	AT3G51050.1
OG0016040	As010G220750	AT3G50770.1
OG0016041	As010G221020	AT3G50430.1
OG0016042	As010G221060	AT3G50400.1
OG0016043	As010G221100	AT3G50370.2
OG0016044	As010G221210	AT3G50240.1
OG0016045	As010G221260	AT3G50110.1
OG0016046	As010G221320	AT3G49990.1
OG0016047	As010G221540	AT3G49710.1
OG0016048	As010G221630	AT3G49640.1
OG0016049	As010G221670	AT3G49590.3
OG0016050	As010G221780	AT5G24520.1
OG0016051	As010G221910	AT3G49320.1
OG0016052	As010G222190	AT3G49070.1
OG0016053	As010G222250	AT3G48990.1
OG0016054	As010G222270	AT3G48980.2
OG0016055	As010G222470	AT1G29900.1
OG0016056	As010G222730	AT3G48440.1
OG0016057	As010G222750	AT3G48425.1
OG0016058	As010G222790	AT3G48380.3
OG0016059	As010G222850	AT3G48330.4
OG0016060	As010G222890	AT3G48240.1
OG0016061	As010G222950	AT3G48200.1
OG0016062	As010G222960	AT5G63000.1
OG0016063	As010G223020	AT3G48170.1
OG0016064	As010G223060	AT3G48120.1
OG0016065	As010G223150	AT3G48010.1
OG0016066	As010G223270	AT3G47930.1
OG0016067	As010G223330	AT3G47850.1
OG0016068	As010G223380	AT3G47800.1
OG0016069	As010G223460	AT3G47700.1
OG0016070	As010G223500	AT3G47620.1
OG0016071	As010G223510	AT3G47610.1
OG0016072	As010G223600	AT3G47490.4
OG0016073	As010G223640	AT3G47450.1
OG0016074	As010G223650	AT3G47440.1
OG0016075	As010G223660	AT3G47430.1
OG0016076	As010G223690	AT3G47400.1
OG0016077	As010G224090	AT3G46970.1
OG0016078	As010G224180	AT3G46870.2
OG0016079	As010G224280	AT3G46780.1
OG0016080	As010G224480	AT3G46580.1
OG0016081	As010G224980	AT3G45740.1
OG0016082	As010G225260	AT3G45400.1
OG0016083	As010G225320	AT3G45280.1
OG0016084	As010G226200	AT3G44380.1
OG0016085	As010G226850	AT3G43520.1
OG0016086	As010G226900	AT3G43300.1
OG0016087	As010G227020	AT3G43210.1
OG0016088	As010G227060	AT2G03140.12
OG0016089	As010G227080	AT3G26060.2
OG0016090	As010G227190	AT3G42950.1
OG0016091	As010G227480	AT1G02630.1
OG0016092	As010G228590	AT1G68185.2
OG0016093	As010G229120	AT1G67490.1
OG0016094	As010G229300	AT1G68090.1
OG0016095	As010G229620	AT1G68220.1
OG0016096	As010G229760	AT1G67900.1
OG0016097	As010G231290	AT1G68640.1
OG0016098	As010G231330	AT1G68820.4
OG0016099	As010G231500	AT3G12530.1
OG0016100	As010G231570	AT1G68720.1
OG0016101	As010G231710	AT1G68875.1
OG0016102	As010G231820	AT1G68930.1
OG0016103	As010G231830	AT1G68940.2
OG0016104	As010G231870	AT1G69020.2
OG0016105	As010G232010	AT1G69030.1
OG0016106	As010G232200	AT1G69200.1
OG0016107	As010G232430	AT1G69350.1
OG0016108	As010G232440	AT1G69360.1
OG0016109	As010G232610	AT1G69510.1
OG0016110	As010G232620	AT1G69520.2
OG0016111	As010G232710	AT1G69610.2
OG0016112	As010G232890	AT1G69860.1
OG0016113	As010G233020	AT1G69980.1
OG0016114	As010G233070	AT1G70070.1
OG0016115	As010G233150	AT1G70150.1
OG0016116	As010G233200	AT1G70200.1
OG0016117	As010G233370	AT5G26100.1
OG0016118	As010G233570	AT1G70630.3
OG0016119	As010G233590	AT1G70650.2
OG0016120	As010G233740	AT1G70820.1
OG0016121	As010G233820	AT1G70900.1
OG0016122	As010G234020	AT1G71100.1
OG0016123	As010G234040	AT1G71120.1
OG0016124	As010G234150	AT1G71240.1
OG0016125	As010G234170	AT1G71260.1
OG0016126	As010G234220	AT1G71340.1
OG0016127	As010G234290	AT1G71440.1
OG0016128	As010G234340	AT1G71500.1
OG0016129	As010G234390	AT1G71690.1
OG0016130	As010G234470	AT1G71696.2
OG0016131	As010G234480	AT1G71697.1
OG0016132	As010G234510	AT1G71730.1
OG0016133	As010G234530	AT1G71750.2
OG0016134	As010G234570	AT1G71790.1
OG0016135	As010G234600	AT1G71810.1
OG0016136	As010G234920	AT1G72100.1
OG0016137	As010G235300	AT1G78130.1
OG0016138	As010G235440	AT1G78010.1
OG0016139	As010G235470	AT1G77990.1
OG0016140	As010G235540	AT1G77890.1
OG0016141	As010G235760	AT1G77670.1
OG0016142	As010G235800	AT1G77630.1
OG0016143	As010G236030	AT1G77450.1
OG0016144	As010G236100	AT1G77380.1
OG0016145	As010G236230	AT1G77230.1
OG0016146	As010G236550	AT1G76920.1
OG0016147	As010G236650	AT1G76790.1
OG0016148	As010G236730	AT1G76710.3
OG0016149	As010G236830	AT1G76620.1
OG0016150	As010G236910	AT1G76560.1
OG0016151	As010G236960	AT2G05120.2
OG0016152	As010G237000	AT1G76470.1
OG0016153	As010G237020	AT1G76450.1
OG0016154	As010G237090	AT1G76400.1
OG0016155	As010G237100	AT1G76390.1
OG0016156	As010G237270	AT1G76240.1
OG0016157	As010G237300	AT1G76220.1
OG0016158	As010G237350	AT1G76150.1
OG0016159	As010G237400	AT1G76110.1
OG0016160	As010G237640	AT1G75850.1
OG0016161	As010G237840	AT1G75670.1
OG0016162	As010G237870	AT1G75640.1
OG0016163	As010G237940	AT1G75560.1
OG0016164	As010G237960	AT1G45474.1
OG0016165	As010G238130	AT1G75450.1
OG0016166	As010G238150	AT1G75430.1
OG0016167	As010G238180	AT1G75400.1
OG0016168	As010G238290	AT1G75260.1
OG0016169	As010G238500	AT1G75090.1
OG0016170	As010G238550	AT1G75010.1
OG0016171	As010G238640	AT1G74920.1
OG0016172	As010G238670	AT1G74880.1
OG0016173	As010G238760	AT1G74780.1
OG0016174	As010G238850	AT1G74680.1
OG0016175	As010G238890	AT1G74640.1
OG0016176	As010G238900	AT1G74630.2
OG0016177	As010G238960	AT1G74580.1
OG0016178	As010G238990	AT1G74530.3
OG0016179	As010G239200	AT1G74330.1
OG0016180	As010G239210	AT1G74320.1
OG0016181	As010G239240	AT1G74250.1
OG0016182	As010G239460	AT1G74030.1
OG0016183	As010G239540	AT1G73965.1
OG0016184	As010G239770	AT1G73780.1
OG0016185	As010G239950	AT1G73655.1
OG0016186	As010G240230	AT1G73380.1
OG0016187	As010G240270	AT1G73340.1
OG0016188	As010G240310	AT1G73320.1
OG0016189	As010G240540	AT1G73170.3
OG0016190	As010G240570	AT1G73140.1
OG0016191	As010G240600	AT1G73110.1
OG0016192	As010G240620	AT1G73090.2
OG0016193	As010G240680, As010G240660	AT1G73060.1
OG0016194	As010G240820	AT1G72990.1
OG0016195	As010G241080	AT1G72680.1
OG0016196	As010G241240	AT1G72520.1
OG0016197	As010G241260	AT1G72500.1
OG0016198	As010G241280	AT1G72480.1
OG0016199	As010G242130	AT1G78810.1
OG0016200	As010G242250	AT1G78910.1
OG0016201	As010G242260	AT1G78915.3
OG0016202	As010G242290	AT1G78930.1
OG0016203	As010G242350	AT1G78980.1
OG0016204	As010G242640, As010G242630	AT1G79260.2
OG0016205	As010G242970	AT1G79560.1
OG0016206	As010G243150	AT1G79710.1
OG0016207	As010G243250	AT1G80870.1
OG0016208	As010G244050	AT1G80180.1
OG0016209	As010G244060	AT1G80170.1
OG0016210	As010G244170	AT1G80100.3
OG0016211	As010G244200	AT1G80080.1
OG0016212	As010G244240	AT1G80030.1
OG0016213	As010G244390	AT1G79900.1
OG0016214	As010G244500	AT1G79750.1
OG0016215	As010G244550	AT1G79800.1
OG0016216	As010G244560	AT3G27750.1
OG0016217	As010G244570	AT1G79810.1
OG0016218	As011G244690	AT3G12810.1
OG0016219	As011G244780	AT3G12950.1
OG0016220	As011G244950	AT3G13110.1
OG0016221	As011G244990	AT3G13150.1
OG0016222	As011G245520	AT3G13550.1
OG0016223	As011G245620	AT3G13677.1
OG0016224	As011G245640	AT3G13682.1
OG0016225	As011G245730	AT3G13780.1
OG0016226	As011G246040	AT3G14010.5
OG0016228	As011G246880	AT3G14760.1
OG0016229	As011G246980	AT3G14860.2
OG0016230	As011G247190	AT3G15080.1
OG0016231	As011G247590	AT3G15410.2
OG0016232	As011G247700	AT3G15520.1
OG0016233	As011G247880	AT3G15700.1
OG0016234	As011G248100	AT3G15900.1
OG0016235	As011G248130	AT3G15940.1
OG0016236	As011G248350	AT3G16190.1
OG0016237	As011G248430	AT3G16260.1
OG0016238	As011G248440	AT3G16270.1
OG0016239	As011G248450	AT3G16280.2
OG0016240	As011G248480	AT3G16310.1
OG0016241	As011G248790, As011G248800	AT1G32600.1
OG0016242	As011G248820	AT3G16565.3
OG0016243	As011G248960	AT3G16760.1
OG0016244	As011G249100	AT3G16900.1
OG0016245	As011G249110	AT3G16910.1
OG0016246	As011G249130	AT3G16940.1
OG0016247	As011G249170	AT3G17000.1
OG0016248	As011G249190	AT3G17030.1
OG0016249	As011G249320	AT3G17180.1
OG0016250	As011G249480	AT3G17380.1
OG0016251	As011G249550	AT3G17450.1
OG0016252	As011G249580	AT3G17470.2
OG0016253	As011G249650	AT3G17590.2
OG0016254	As011G249940	AT3G17880.1
OG0016255	As011G249990	AT3G17930.1
OG0016256	As011G250060	AT3G18020.1
OG0016257	As011G250110	AT3G18060.1
OG0016258	As011G250160	AT3G18110.1
OG0016259	As011G250430	AT3G18370.1
OG0016260	As011G250640	AT3G18524.1
OG0016261	As011G250750	AT3G18670.2
OG0016262	As011G250960	AT3G18840.2
OG0016263	As011G251050	AT3G18900.4
OG0016264	As011G251210	AT3G19120.1
OG0016265	As011G257300, As011G251280	AT3G19190.2
OG0016266	As011G251680	AT3G19615.1
OG0016267	As011G251700	AT3G19630.1
OG0016268	As011G251810	AT3G19700.1
OG0016269	As011G251890	AT3G19800.1
OG0016270	As011G251900	AT3G19810.1
OG0016271	As011G252000	AT3G19900.1
OG0016272	As011G252770	AT3G20480.1
OG0016273	As011G252900	AT1G62260.1
OG0016274	As011G252940	AT3G20680.1
OG0016275	As011G252960	AT3G20720.2
OG0016276	As011G253040	AT3G20790.1
OG0016277	As011G253250	AT3G24730.1
OG0016278	As011G253380	AT3G21570.1
OG0016279	As011G253500	AT3G21430.2
OG0016280	As011G253540	AT3G21380.1
OG0016281	As011G254020	AT3G22060.1
OG0016282	As011G254210	AT3G22210.1
OG0016283	As011G254460	AT3G22440.1
OG0016284	As011G255100	AT3G23160.1
OG0016285	As011G255240	AT3G23240.1
OG0016286	As011G255390	AT3G23440.1
OG0016287	As011G255940	AT3G24220.1
OG0016288	As011G256190	AT3G24060.1
OG0016289	As011G256230	AT3G24040.1
OG0016290	As011G256250	AT3G24010.1
OG0016291	As011G256580	AT3G24495.1
OG0016292	As011G256710	AT3G24560.2
OG0016293	As011G256740	AT3G24590.2
OG0016294	As011G256790	AT2G25605.1
OG0016295	As011G257160	AT3G25060.1
OG0016296	As011G257500	AT3G24860.1
OG0016297	As011G257620	AT3G25150.2
OG0016298	As011G258430	AT2G04039.3
OG0016299	As011G258650	AT3G25430.1
OG0016300	As011G258660	AT2G04842.1
OG0016301	As011G258930	AT2G04560.1
OG0016302	As011G259270	AT2G22650.1
OG0016303	As011G260650	AT5G52580.2
OG0016304	As011G260930	AT2G13610.1
OG0016305	As011G261100	AT2G06850.1
OG0016306	As011G261580	AT2G05755.1
OG0016307	As011G261770	AT2G13560.1
OG0016308	As011G261860	AT2G10970.1
OG0016309	As011G262040	AT2G13810.1
OG0016310	As011G262060	AT2G13840.1
OG0016311	As011G262090	AT2G14045.1
OG0016312	As011G262100	AT2G14050.1
OG0016313	As011G262110	AT2G14095.1
OG0016314	As011G262120	AT2G14110.1
OG0016315	As011G262200	AT2G14247.1
OG0016316	As011G262220	AT2G14260.1
OG0016317	As011G262290	AT2G14530.1
OG0016318	As011G262300	AT2G14620.1
OG0016319	As011G262360	AT5G34850.1
OG0016320	As011G262580	AT2G15090.1
OG0016321	As011G262620	AT2G15230.1
OG0016322	As011G262650	AT2G15280.1
OG0016323	As011G262700	AT2G15310.1
OG0016324	As011G262710	AT2G15320.1
OG0016325	As011G262860	AT2G15680.1
OG0016326	As011G263400	AT2G16440.1
OG0016327	As011G263540	AT2G16700.1
OG0016328	As011G263680	AT2G16800.1
OG0016329	As011G263710	AT2G16860.1
OG0016330	As011G264160	AT2G17110.1
OG0016331	As011G264250	AT2G17230.1
OG0016332	As011G264640	AT2G17670.1
OG0016333	As011G264890	AT2G17970.1
OG0016334	As011G264910	AT2G17975.1
OG0016335	As011G265030	AT2G18100.1
OG0016336	As011G265180	AT2G18540.2
OG0016337	As011G265350	AT2G18370.1
OG0016338	As011G265400	AT2G18328.1
OG0016339	As011G265430	AT2G18290.1
OG0016340	As011G265480	AT2G18220.1
OG0016341	As011G265650	AT2G18876.1
OG0016342	As011G265850	AT2G19130.1
OG0016343	As011G266030	AT2G19330.1
OG0016344	As011G266050	AT2G19385.1
OG0016345	As011G266400	AT2G19710.1
OG0016346	As011G266530	AT2G19870.1
OG0016347	As011G266580	AT2G19900.1
OG0016348	As011G266630	AT2G20010.2
OG0016349	As011G266740	AT2G20110.2
OG0016350	As011G266750	AT2G20120.1, AT2G20130.1
OG0016351	As011G266940	AT2G20270.2
OG0016352	As011G267410	AT2G20835.1
OG0016353	As011G267550	AT2G20725.1
OG0016354	As011G267590	AT2G20870.1
OG0016355	As012G267940	AT1G55910.1
OG0016356	As012G267970	AT1G55880.1
OG0016357	As012G268040	AT1G55830.2
OG0016358	As012G268120	AT1G55760.1
OG0016359	As012G268290	AT1G55590.1
OG0016360	As012G268360	AT1G55540.2
OG0016361	As012G268710	AT1G55320.1
OG0016362	As012G268850	AT1G55180.1
OG0016363	As012G268920	AT1G55120.1
OG0016364	As012G268940	AT3G13845.1
OG0016365	As012G269190	AT1G54090.1
OG0016366	As012G269230	AT3G14170.2
OG0016367	As012G269420	AT1G53820.1
OG0016368	As012G269520	AT1G53670.1
OG0016369	As012G269850	AT1G53270.1
OG0016370	As012G269950	AT1G53163.1
OG0016371	As012G270100	AT1G53010.1
OG0016372	As012G270420	AT1G52780.1
OG0016373	As012G270430	AT1G52770.1
OG0016374	As012G270450	AT1G52750.1
OG0016375	As012G270530	AT1G52640.1
OG0016376	As012G270570	AT1G52590.1
OG0016377	As012G270630	AT1G52530.1
OG0016378	As012G270740	AT1G52320.2
OG0016379	As012G270770	AT1G52310.1
OG0016380	As012G270860	AT1G52220.1
OG0016381	As012G270880	AT1G52190.1
OG0016382	As012G270900	AT1G52160.1
OG0016383	As012G271630	AT1G50940.1
OG0016384	As012G271710	AT1G51100.1
OG0016385	As012G271720	AT1G51110.1
OG0016386	As012G271780	AT2G22410.1
OG0016387	As012G271850	AT1G51380.1
OG0016388	As012G271910	AT1G51450.1
OG0016389	As012G271920	AT1G51460.1
OG0016390	As012G271990	AT1G50650.1
OG0016391	As012G272030	AT1G50620.1
OG0016392	As012G272080	AT1G50575.1
OG0016393	As012G272370	AT1G50140.1
OG0016394	As012G272460	AT1G50000.1
OG0016395	As012G272480	AT1G49980.1
OG0016396	As012G272510	AT1G49960.1
OG0016397	As012G272580	AT1G49870.1
OG0016398	As012G272850	AT1G49490.2
OG0016399	As012G272870	AT1G49475.1
OG0016400	As012G272880	AT1G49470.1
OG0016401	As012G272890	AT1G49450.1
OG0016402	As012G272930	AT1G49410.1
OG0016403	As012G273040	AT1G49270.1
OG0016404	As012G273630	AT1G48570.1
OG0016405	As012G273740	AT1G48450.1
OG0016406	As012G273800	AT1G48380.2
OG0016407	As012G273880	AT1G48310.2
OG0016408	As012G273970, As022G292030	AT1G48170.1
OG0016409	As012G274020	AT1G48120.1
OG0016410	As012G274030	AT1G48100.1
OG0016411	As012G274050	AT1G48050.1
OG0016412	As012G274140	AT1G47990.1
OG0016413	As012G274220	AT4G16270.1
OG0016414	As012G274350	AT4G16150.1
OG0016415	As012G274500	AT4G16070.3
OG0016416	As012G274750	AT4G15780.1
OG0016417	As012G274770	AT4G15765.1
OG0016418	As012G274780	AT4G15760.2
OG0016419	As012G275010	AT2G34740.1
OG0016420	As012G275020	AT1G30540.1
OG0016421	As012G275370	AT2G34460.1
OG0016422	As012G275470	AT3G51920.1
OG0016423	As012G275560	AT3G52050.3
OG0016424	As012G275760	AT3G52200.2
OG0016425	As012G275910	AT3G52280.2
OG0016426	As012G276050	AT3G52520.1
OG0016427	As012G276170	AT3G52610.1
OG0016428	As012G276180	AT3G52620.1
OG0016429	As012G276190	AT3G52640.2
OG0016430	As012G276610	AT3G53090.1
OG0016431	As012G276810, As012G276650	AT3G07530.4
OG0016432	As012G277080	AT1G17760.1
OG0016433	As012G277100	AT3G53380.1
OG0016434	As012G277870	AT3G53940.1
OG0016435	As012G277890	AT3G53950.1
OG0016436	As012G278500	AT3G51830.1
OG0016437	As012G278550	AT3G51890.1
OG0016438	As012G278860	AT3G51790.1
OG0016439	As012G279010	AT3G51740.1
OG0016440	As012G279080	AT3G51630.1
OG0016441	As012G279420	AT1G23480.1
OG0016442	As012G279460	AT3G51610.1
OG0016443	As012G279750	AT3G51620.2
OG0016444	As012G280170	AT3G54500.3
OG0016445	As012G280290	AT3G54640.1
OG0016446	As012G280720	AT3G54830.1
OG0016447	As012G280880	AT3G54860.2
OG0016448	As012G280930	AT3G54880.1
OG0016449	As012G281720	AT3G55330.1
OG0016450	As012G281750	AT3G55360.1
OG0016451	As012G281790	AT3G55390.1
OG0016452	As012G282550	AT3G56040.1
OG0016453	As012G282640	AT3G56130.1
OG0016454	As012G282720	AT3G56230.1
OG0016455	As012G282750	AT3G56260.2
OG0016456	As012G282900	AT3G56410.2
OG0016457	As012G283090	AT3G56650.1
OG0016458	As012G283180	AT3G56740.1
OG0016459	As012G283340	AT3G56900.1
OG0016460	As012G283570	AT3G57030.1
OG0016461	As012G283660	AT3G57140.1
OG0016462	As012G284060	AT3G57540.1
OG0016463	As012G284080	AT3G57570.1
OG0016464	As012G284110	AT3G57630.1
OG0016465	As012G284210	AT3G57760.1
OG0016466	As012G284250	AT3G57810.2
OG0016467	As012G284260	AT3G57830.1
OG0016468	As012G284420	AT3G58010.1
OG0016469	As012G284710	AT3G54600.1
OG0016470	As012G284730	AT3G58460.2
OG0016471	As012G284740	AT3G58470.1
OG0016472	As012G284810	AT3G58530.1
OG0016473	As012G285070	AT3G58830.2
OG0016474	As012G285420	AT3G59380.1
OG0016475	As012G285570	AT3G59520.1
OG0016476	As012G285740	AT3G59760.1
OG0016477	As012G285780	AT2G04940.1
OG0016478	As012G285920	AT3G59940.1
OG0016479	As012G285950	AT3G59980.1
OG0016480	As012G286100	AT3G60160.1, AT3G60970.1
OG0016481	As012G286260	AT3G60340.1
OG0016482	As012G286610	AT3G60510.3
OG0016483	As012G286970	AT3G60850.1
OG0016484	As012G287160	AT3G61170.1
OG0016485	As012G287410	AT3G61410.3
OG0016486	As012G287470	AT3G61490.4
OG0016487	As012G287530	AT3G61550.1
OG0016488	As012G287650	AT3G61660.2
OG0016489	As012G287790	AT3G61780.1
OG0016490	As012G287870	AT3G61870.1
OG0016491	As012G288000	AT3G62020.1
OG0016492	As012G288110	AT3G62200.1
OG0016493	As012G288290	AT3G62360.1
OG0016494	As012G288300	AT3G62370.1
OG0016495	As012G288600	AT3G62820.1
OG0016496	As012G288620	AT3G62780.1
OG0016497	As012G288930	AT3G63060.1
OG0016498	As012G288960	AT3G63090.1
OG0016499	As012G289000	AT3G63120.1
OG0016500	As012G289180	AT3G63270.1
OG0016501	As012G289200	AT3G63290.1
OG0016502	As012G289210	AT3G63300.1
OG0016503	As012G289220	AT3G63310.1
OG0016504	As012G289300	AT3G63400.1
OG0016505	As012G289330	AT3G63430.1
OG0016506	As012G289410	AT3G63470.1
OG0016507	As012G289430	AT3G63490.1
OG0016508	As012G289480	AT3G63530.1
OG0016509	As012G289490	AT3G63540.1
OG0016657	As001G000110	AT4G28220.1
OG0016658	As001G000300	AT4G28405.1, AT1G52415.1
OG0016659	As001G000320	AT4G28430.1
OG0016660	As001G000340	AT4G28450.1
OG0016661	As001G000380	AT4G28490.1
OG0016662	As001G000710	AT4G28780.1
OG0016663	As001G000940	AT4G29110.1
OG0016664	As001G001060	AT4G29220.1
OG0016665	As001G001690	AT4G29800.2
OG0016666	As001G001910	AT4G30030.1
OG0016667	As001G002050	AT4G30090.1
OG0016668	As001G002060	AT4G30100.1
OG0016669	As001G003520	AT4G31310.2
OG0016670	As001G003610	AT4G31350.1
OG0016671	As001G004170	AT4G31860.1
OG0016672	As001G004980	AT4G32460.1
OG0016673	As001G006280	AT4G32780.2
OG0016675	As001G010140	AT4G33480.1
OG0016676	As001G010490	AT4G33530.1
OG0016677	As001G010550	AT4G33565.1
OG0016679	As001G012920	AT4G34215.1
OG0016680	As011G246940, As001G014100	AT3G14820.1
OG0016681	As001G014450	AT4G34750.1
OG0016682	As001G015800	AT1G31170.4
OG0016683	As001G015940	AT1G31410.1
OG0016684	As001G016000	AT1G31470.1
OG0016685	As001G016020	AT1G31490.1
OG0016686	As001G016760	AT1G32250.1
OG0016687	As001G016860	AT1G32350.1
OG0016688	As001G018340	AT5G35100.1
OG0016689	As001G018470	AT1G54540.1
OG0016690	As001G018650	AT1G54790.2
OG0016691	As001G018930	AT1G56280.2
OG0016692	As001G019010	AT1G56345.1
OG0016693	As001G019130	AT1G56570.1
OG0016694	As001G019610	AT1G58180.2
OG0016695	As001G019730	AT1G58320.1
OG0016696	As001G020000	AT1G58440.1
OG0016697	As001G020100	AT1G59530.1
OG0016698	As001G020540	AT1G60050.1
OG0016699	As001G020810	AT1G60430.1
OG0016700	As001G020820	AT1G60440.1
OG0016701	As001G020850	AT1G60460.1
OG0016702	As001G021010	AT1G60800.1
OG0016703	As001G021430	AT1G61065.1
OG0016704	As001G022100	AT1G62050.1
OG0016705	As001G022870	AT2G01735.1
OG0016706	As001G023040	AT2G01900.3
OG0016707	As001G023140	AT2G01990.2
OG0016708	As001G023560	AT2G02540.1
OG0016709	As001G023920	AT2G03210.2
OG0016710	As001G023930	AT2G03220.1
OG0016711	As001G024160	AT2G03520.1
OG0016712	As001G024530	AT3G25545.1
OG0016714	As001G025060	AT3G26040.1
OG0016715	As001G025390	AT3G26490.1
OG0016716	As001G025550	AT3G26680.1
OG0016717	As001G026610	AT3G27670.1
OG0016718	As001G026800	AT3G27930.1
OG0016720	As001G027060	AT3G28460.1
OG0016721	As001G027790	AT3G29300.2
OG0016722	As001G027830, As011G255950	AT3G24210.1
OG0016723	As001G027880	AT3G29385.1
OG0016724	As001G028160	AT3G30725.1
OG0016725	As001G028380	AT1G67100.1
OG0016726	As001G028460	AT1G67030.1
OG0016727	As001G028580	AT1G66810.1
OG0016728	As001G028770	AT1G66480.1
OG0016729	As001G028910	AT1G66340.1
OG0016730	As001G029170	AT1G65920.1
OG0016731	As001G029380	AT1G65560.1
OG0016732	As001G029410	AT1G65510.2
OG0016733	As001G029550	AT1G65240.1
OG0016734	As001G029680	AT1G65060.1
OG0016735	As001G029740	AT1G65000.1
OG0016736	As001G029860	AT1G64800.1
OG0016737	As001G030040	AT1G56660.1
OG0016738	As001G030070	AT1G54410.1
OG0016739	As001G030190	AT1G64700.1
OG0016740	As001G030250	AT1G64660.1
OG0016741	As001G030530	AT1G64430.1
OG0016742	As001G031810	AT1G62870.1
OG0016743	As001G031880	AT1G62780.1
OG0016744	As001G032150	AT1G62370.1
OG0016745	As001G032200	AT1G62305.1
OG0016746	As001G032240	AT1G62330.1
OG0016747	As002G032420	AT3G12540.1
OG0016748	As002G032490	AT4G25780.1
OG0016749	As002G032780	AT4G26090.1
OG0016750	As002G032790	AT4G26130.1
OG0016751	As002G032820	AT4G26160.1
OG0016752	As002G033750	AT2G40720.1
OG0016753	As002G033990	AT3G09100.2
OG0016754	As002G034370	AT3G09550.2
OG0016755	As002G034440	AT3G09640.1
OG0016756	As002G034800	AT3G09780.1
OG0016758	As002G034920	AT5G03345.2
OG0016759	As002G035200	AT3G10030.1
OG0016760	As002G035620	AT3G10390.3
OG0016761	As002G036080	AT3G10620.1
OG0016762	As002G036710, As002G036690	AT3G10986.1
OG0016763	As002G036790	AT5G09950.1
OG0016764	As002G037250	AT3G11460.1
OG0016766	As002G039210	AT5G63905.2
OG0016767	As002G039380	AT4G07960.1
OG0016768	As002G041330	AT5G50090.1
OG0016769	As002G041370	AT5G50110.1
OG0016770	As002G042210	AT5G50370.1
OG0016771	As002G042270	AT5G50450.1
OG0016772	As002G042760	AT5G50970.1
OG0016773	As002G042830	AT5G51050.1
OG0016774	As002G043650	AT5G51750.1
OG0016775	As002G043660	AT5G51760.1
OG0016776	As002G043750	AT5G51820.1
OG0016777	As002G043780	AT5G51850.1
OG0016778	As002G044000	AT5G52170.2
OG0016779	As002G044060	AT5G52230.1
OG0016780	As002G044450	AT5G52780.1
OG0016781	As002G044480	AT5G52800.3
OG0016782	As002G044930	AT5G53080.1
OG0016783	As002G045250	AT5G53490.4
OG0016784	As002G047030	AT5G55200.1
OG0016785	As002G047600	AT5G55840.1
OG0016786	As002G048070, As007G157400	AT5G56310.1
OG0016787	As002G048290	AT5G56610.1
OG0016788	As002G048520	AT5G56850.1
OG0016789	As002G048790	AT5G57100.1
OG0016790	As002G049120	AT5G57410.3
OG0016791	As002G049170	AT5G57490.1
OG0016792	As002G049630	AT5G57950.2
OG0016793	As002G050900	AT5G12360.1
OG0016794	As002G051670	AT5G11580.1
OG0016795	As002G051830	AT5G11450.2
OG0016796	As002G051940	AT5G11310.1
OG0016797	As002G052090	AT5G11150.2
OG0016798	As002G052240	AT5G10970.1
OG0016799	As002G052320	AT5G10900.2
OG0016800	As002G052380	AT5G10820.1
OG0016801	As002G052530	AT5G10710.1
OG0016802	As002G052810	AT5G10460.1
OG0016803	As002G052980	AT5G10300.1
OG0016804	As002G052990	AT5G10290.1
OG0016805	As002G053240	AT5G10070.2
OG0016806	As002G053390	AT5G09970.1
OG0016807	As002G053840	AT5G09410.3
OG0016808	As002G053950	AT5G09315.1
OG0016809	As002G054030	AT5G09230.7
OG0016810	As002G054060	AT5G08780.1
OG0016811	As002G054070	AT5G08770.1
OG0016812	As002G054590	AT5G08305.1
OG0016813	As002G054790	AT5G08070.1
OG0016814	As002G054850	AT5G08010.1
OG0016815	As002G054870	AT5G07990.1
OG0016816	As002G055360	AT5G07380.3
OG0016817	As003G056490	AT4G18130.1
OG0016818	As003G056540	AT4G18180.1
OG0016819	As003G056680	AT4G18335.1
OG0016820	As003G057100	AT4G18620.1
OG0016821	As003G057460	AT4G19010.1
OG0016822	As003G057650	AT4G19190.1
OG0016823	As003G057750	AT4G19400.1
OG0016824	As003G057940	AT4G19650.2
OG0016825	As004G087100, As003G058350	AT4G20140.1
OG0016826	As003G058380	AT4G20160.2
OG0016827	As003G058540	AT4G20350.2
OG0016828	As003G058620	AT4G20430.1
OG0016829	As003G058980	AT4G21060.1
OG0016830	As003G059110	AT4G21210.1
OG0016831	As003G059510	AT4G21500.1
OG0016832	As003G059730	AT4G21705.1
OG0016833	As003G059950	AT4G21890.1
OG0016834	As003G060410	AT4G22340.3
OG0016835	As003G062820	AT1G33490.1
OG0016836	As003G063200	AT1G34065.1
OG0016837	As003G063260	AT1G34160.1
OG0016838	As003G063490	AT1G34670.1
OG0016839	As003G063520	AT1G34770.4
OG0016840	As003G064010	AT1G35780.1
OG0016841	As003G064360	AT5G35370.1
OG0016842	As003G064420	AT1G44830.1
OG0016843	As003G065050	AT1G43190.1
OG0016844	As003G065100	AT1G42990.1
OG0016845	As003G065210	AT5G57960.1
OG0016846	As003G065490	AT1G47580.1
OG0016847	As003G065600	AT1G47410.1
OG0016848	As003G065610	AT1G47330.1
OG0016849	As003G065640	AT1G47280.1
OG0016850	As003G065890	AT1G27670.1
OG0016851	As003G065920	AT1G27660.1
OG0016852	As003G066400	AT1G45150.1
OG0016853	As003G066840	AT1G27920.1
OG0016854	As003G067950	AT1G27690.1
OG0016855	As003G068940	AT1G28320.1
OG0016856	As003G068960	AT1G28330.2
OG0016858	As003G069240	AT1G29000.1
OG0016859	As003G070080	AT1G29540.1
OG0016860	As003G070160	AT1G29700.1
OG0016861	As003G070180	AT2G25570.1
OG0016862	As003G070190	AT2G25580.1
OG0016863	As003G070260	AT1G29780.1
OG0016864	As003G070310	AT1G29810.1
OG0016865	As003G070780	AT1G30250.1
OG0016866	As003G071090	AT1G30510.2
OG0016867	As003G071180	AT1G30600.1
OG0016868	As003G071310	AT1G30740.2
OG0016869	As003G071830	AT4G35560.2
OG0016870	As003G072070	AT4G35770.1
OG0016871	As003G072140	AT4G35850.1
OG0016872	As003G072500	AT4G36240.1
OG0016873	As003G072970	AT4G36770.1
OG0016874	As003G073180	AT4G37170.1
OG0016875	As003G073390	AT4G36945.1
OG0016876	As007G180030, As003G074210	AT2G22670.4
OG0016877	As003G074360	AT4G38000.1
OG0016878	As003G074670	AT4G40010.1
OG0016879	As003G074920	AT4G39790.1
OG0016880	As003G075010	AT4G39700.1
OG0016881	As003G075100	AT4G39620.1
OG0016882	As003G075130	AT4G39540.3
OG0016883	As003G075680	AT4G39170.1
OG0016884	As003G075860	AT4G39010.1
OG0016885	As003G076050	AT4G38810.2
OG0016886	As003G076130	AT4G38700.1
OG0016887	As003G076300	AT4G38530.1
OG0016888	As003G076360	AT4G38500.1
OG0016889	As003G076450	AT4G38350.2
OG0016890	As003G076580	AT4G38225.3
OG0016891	As003G076600	AT4G38200.1
OG0016892	As004G076760	AT5G33370.1
OG0016893	As004G076810	AT5G35930.4
OG0016894	As004G077030	AT5G36920.1, AT5G36925.1
OG0016895	As004G077310	AT5G37660.2
OG0016896	As004G077340	AT5G37690.1
OG0016897	As004G078250	AT5G39350.1
OG0016898	As004G078270	AT5G39360.1
OG0016899	As004G078330	AT5G39410.1
OG0016900	As004G078580	AT5G39820.1
OG0016901	As004G078620	AT5G39865.1
OG0016902	As004G078630	AT2G34925.1
OG0016903	As004G078930	AT1G10180.1
OG0016904	As004G079110	AT3G01630.2
OG0016905	As004G079240	AT3G45880.1
OG0016906	As004G079290	AT1G31830.1
OG0016907	As004G080760	AT4G08210.1
OG0016908	As004G080880	AT4G08330.1
OG0016909	As004G080930	AT3G47180.1
OG0016910	As004G081060	AT2G34340.1
OG0016911	As004G081530	AT2G33760.1
OG0016912	As004G081630	AT2G33630.1
OG0016913	As004G081840	AT5G43280.1
OG0016914	As004G081940	AT5G43185.1
OG0016915	As004G082290	AT5G42810.1
OG0016916	As004G082880	AT5G27280.1
OG0016917	As004G082900	AT5G42146.1
OG0016918	As004G083250	AT4G09970.1
OG0016919	As004G083320	AT4G10020.1
OG0016920	As004G084090	AT4G10925.1
OG0016921	As004G084540	AT4G11440.1
OG0016922	As004G085150	AT4G12400.2
OG0016923	As004G085430	AT4G05520.1
OG0016924	As004G085510	AT4G04025.1
OG0016925	As004G086040	AT4G04972.1
OG0016926	As004G086190	AT4G05170.1
OG0016927	As004G086340	AT4G05390.1
OG0016928	As004G086540	AT1G08350.2
OG0016929	As004G086730	AT5G44530.2
OG0016930	As004G088100	AT5G45630.1
OG0016931	As004G089800	AT3G14330.1
OG0016932	As004G090060	AT5G35200.1
OG0016933	As004G090220	AT5G47580.1
OG0016934	As004G090310	AT5G47630.1
OG0016935	As004G090330	AT5G47240.2
OG0016936	As004G090560	AT5G47790.1
OG0016937	As004G090790	AT5G35570.1
OG0016938	As004G091010	AT5G47460.1
OG0016939	As004G091450	AT5G35550.2
OG0016940	As004G091660	AT5G35330.1
OG0016941	As004G091720	AT2G04270.5
OG0016942	As004G091820	AT2G04305.1
OG0016943	As004G091880	AT5G35460.1
OG0016944	As004G092110	AT2G05580.1
OG0016945	As004G092170	AT5G35690.1
OG0016946	As004G092800	AT5G35170.1
OG0016947	As004G093420	AT4G13030.3
OG0016948	As004G093610	AT4G13110.1
OG0016949	As004G094450	AT4G13550.2
OG0016950	As004G094570	AT4G13690.1
OG0016951	As004G095120	AT4G14100.1
OG0016952	As004G095190	AT4G14180.1
OG0016953	As004G095990	AT4G14850.1
OG0016954	As004G096010	AT4G14870.1
OG0016955	As004G096030	AT4G14890.1
OG0016956	As004G096060	AT4G14940.1
OG0016957	As004G096180	AT4G15120.1
OG0016958	As004G096530	AT4G15450.1
OG0016959	As004G096750	AT5G39890.1
OG0016960	As004G096770	AT5G39910.1
OG0016961	As004G097130	AT5G66055.1
OG0016962	As004G097300	AT5G40470.1
OG0016963	As004G097520	AT5G40660.1
OG0016964	As004G098020	AT5G41470.1
OG0016965	As004G098050	AT5G41560.1
OG0016966	As004G098090	AT5G41610.1
OG0016967	As004G098190	AT5G41761.1
OG0016968	As004G098240	AT5G41850.1
OG0016969	As004G098250	AT5G41860.1
OG0016970	As004G098460	AT4G01420.1
OG0016971	As005G098600, As005G103060	AT2G48100.1
OG0016972	As005G098630	AT2G48080.1
OG0016973	As005G098950	AT2G47840.1
OG0016974	As005G099350	AT2G47530.1
OG0016975	As005G099500	AT2G47410.5
OG0016976	As005G100110	AT2G46920.1
OG0016977	As005G100180	AT2G46850.1
OG0016978	As005G100450	AT2G46560.1
OG0016979	As005G100850	AT2G46240.1
OG0016980	As005G101660	AT2G45480.3
OG0016981	As005G102130	AT2G44990.2
OG0016983	As005G103120	AT2G44090.1
OG0016984	As005G103220	AT2G43980.1
OG0016985	As005G103290	AT2G43900.2
OG0016986	As012G285470, As005G103980	AT3G59420.1
OG0016987	As005G104030	AT2G43350.1
OG0016988	As005G104130	AT2G43180.1
OG0016989	As005G104480	AT2G42860.1
OG0016990	As005G105390	AT2G41890.1
OG0016991	As005G105990	AT2G41550.1
OG0016992	As005G106160	AT2G41450.1
OG0016993	As005G106290	AT5G01730.1
OG0016994	As005G106300	AT5G01720.1
OG0016995	As005G106370	AT5G01650.2
OG0016996	As005G106560	AT5G01470.6
OG0016997	As005G106600	AT5G01420.1
OG0016998	As005G106630	AT5G01400.1
OG0016999	As005G106660	AT5G01370.1
OG0017000	As005G106900	AT5G01200.1
OG0017001	As005G106940	AT5G01170.1
OG0017002	As005G107150	AT5G02060.1
OG0017003	As005G107290	AT5G02190.1
OG0017004	As005G107300	AT5G02200.2
OG0017005	As005G107450	AT5G02400.1
OG0017006	As005G107940	AT5G02790.1
OG0017007	As005G108320	AT5G03440.1
OG0017008	As005G109050	AT5G04050.2
OG0017009	As005G110420	AT5G19640.1
OG0017010	As005G110920	AT5G20220.4
OG0017011	As005G111080	AT5G20360.1
OG0017012	As005G111590	AT5G20300.1
OG0017013	As005G112430	AT5G20940.1
OG0017014	As005G112590	AT5G21080.1
OG0017015	As005G113310	AT5G22340.2
OG0017016	As005G113580	AT5G22640.1
OG0017017	As005G113680	AT5G22810.1
OG0017018	As005G114710	AT5G59900.1
OG0017019	As005G115540	AT5G59520.1
OG0017020	As005G115990	AT5G63100.1
OG0017021	As010G225570, As005G116530	AT5G63610.1
OG0017022	As005G116680	AT5G63710.3
OG0017023	As005G116960	AT5G64010.1
OG0017024	As005G117050	AT5G64090.1
OG0017025	As005G117840	AT5G64816.1
OG0017026	As005G117980	AT5G64940.1
OG0017027	As005G118130	AT5G65030.1
OG0017028	As005G118240	AT5G65158.1
OG0017029	As005G118250	AT5G65160.1
OG0017030	As005G118590	AT5G65495.1
OG0017031	As005G118640	AT5G65570.1
OG0017032	As005G118780	AT5G65710.1
OG0017033	As005G118880	AT5G65820.1
OG0017034	As005G118950	AT5G65900.1
OG0017035	As005G119050	AT5G67570.1
OG0017036	As005G119080	AT5G67540.3
OG0017037	As005G119460	AT5G67180.1
OG0017038	As005G119680	AT5G66960.1
OG0017039	As005G119930	AT5G65650.1
OG0017040	As005G120160	AT5G66590.1
OG0017041	As005G120460	AT1G77370.2
OG0017042	As005G120750	AT5G66110.1
OG0017043	As005G120810	AT5G66040.1
OG0017044	As006G121000	AT1G05940.1
OG0017045	As006G121600	AT4G00350.1
OG0017046	As006G121950	AT4G01140.1
OG0017047	As006G122170	AT4G00900.1
OG0017048	As006G122190	AT4G00890.1
OG0017049	As006G122270, As008G198440	AT4G00820.1
OG0017050	As006G122360	AT4G01430.1
OG0017051	As006G122510	AT1G27680.1
OG0017052	As006G122910	AT4G02090.1
OG0017053	As006G123320	AT4G02530.2
OG0017054	As006G124300	AT5G44250.1
OG0017055	As006G124810	AT5G43790.1
OG0017056	As006G124870	AT5G43710.1
OG0017057	As006G124880	AT5G43700.1
OG0017058	As006G125020	AT5G43530.1
OG0017059	As006G125850	AT2G32770.3
OG0017060	As006G126890	AT2G31870.1
OG0017061	As006G126910	AT2G31840.1
OG0017062	As006G127170	AT2G31480.1
OG0017063	As006G127560	AT2G31090.1
OG0017064	As006G127800	AT2G30870.1
OG0017065	As006G128000	AT2G30550.2
OG0017066	As006G128410	AT2G30100.1
OG0017067	As006G128920	AT2G29380.1
OG0017068	As006G129230	AT2G28940.2
OG0017069	As006G129540	AT2G28690.1
OG0017070	As006G129580	AT2G28640.1
OG0017071	As006G129860	AT2G28400.1
OG0017072	As006G130050	AT2G28140.1
OG0017073	As006G130090	AT2G28105.1
OG0017074	As006G130330	AT2G27770.1
OG0017075	As006G130620	AT2G27110.1
OG0017076	As006G130960	AT2G26930.1
OG0017077	As006G131280	AT2G26680.1
OG0017078	As006G131290	AT2G26660.1
OG0017079	As006G131300	AT2G26580.1
OG0017080	As006G131530	AT2G26510.1
OG0017081	As006G131570	AT2G26480.1
OG0017082	As006G131660	AT2G26360.1
OG0017083	As006G131760	AT2G26210.1
OG0017084	As006G131830	AT2G26180.1
OG0017085	As006G131880	AT2G26110.1
OG0017086	As006G132150	AT5G40405.1
OG0017087	As006G132170	AT2G25830.1
OG0017088	As006G132240	AT4G27510.1
OG0017089	As006G132270	AT4G27490.1
OG0017090	As006G132300	AT4G27460.1
OG0017091	As006G132390	AT4G27390.1
OG0017092	As006G132400	AT4G27380.1
OG0017093	As006G132430	AT4G27340.1
OG0017094	As006G132940	AT3G01660.1
OG0017095	As006G132960	AT3G01640.2
OG0017096	As006G133190	AT3G01750.1
OG0017097	As006G133260	AT3G01810.1
OG0017098	As006G133440	AT3G01980.3
OG0017099	As006G133580	AT3G02050.1
OG0017100	As006G134120	AT4G26415.1
OG0017101	As006G134220	AT4G26490.1
OG0017102	As006G134340	AT4G26620.1
OG0017103	As006G134470	AT4G26860.2
OG0017104	As006G134650	AT4G26680.1
OG0017105	As006G135110	AT3G02125.1
OG0017106	As006G135210	AT3G02210.1
OG0017107	As006G135790	AT3G02790.1
OG0017108	As006G135870	AT3G02875.1
OG0017109	As006G135900	AT3G02890.1
OG0017110	As006G136210	AT3G03190.1
OG0017111	As006G136350	AT3G03305.1
OG0017112	As006G136490	AT3G03450.1
OG0017113	As006G136710	AT3G03640.1
OG0017114	As006G137280	AT3G04010.1
OG0017115	As006G137840	AT3G04640.1
OG0017116	As006G137980	AT3G04760.1
OG0017117	As006G138060	AT3G04850.1
OG0017118	As006G138690	AT3G05240.1
OG0017119	As006G138820	AT3G05480.3
OG0017120	As006G139210	AT3G05820.2
OG0017121	As006G139220	AT3G05830.2
OG0017122	As006G139430	AT3G05950.1
OG0017123	As006G139530	AT3G06030.1
OG0017124	As006G139550	AT3G06040.1
OG0017125	As006G140100	AT3G06450.1
OG0017126	As006G140150	AT3G06500.1
OG0017127	As006G140210	AT3G06560.1, AT5G02670.1
OG0017128	As006G140480	AT3G06850.1
OG0017129	As006G140590	AT3G06950.1
OG0017130	As006G141020	AT3G07290.1
OG0017131	As006G141140	AT3G07410.1
OG0017132	As006G141270	AT3G07568.1
OG0017133	As006G141430	AT3G07690.1
OG0017134	As006G141730	AT3G07990.1
OG0017135	As006G141780	AT3G08020.1
OG0017136	As006G142130	AT3G08870.2
OG0017137	As006G142600	AT2G40316.1
OG0017138	As006G143060	AT2G39920.1
OG0017139	As006G143460	AT2G39620.1
OG0017140	As006G143480	AT2G39570.1
OG0017141	As006G143530	AT2G39500.1
OG0017142	As006G143650	AT2G39180.1
OG0017143	As006G143960	AT2G39120.1
OG0017144	As006G144180	AT2G38910.1
OG0017145	As006G144200	AT2G38890.3
OG0017146	As006G144670	AT2G36145.1
OG0017147	As006G145290	AT2G36730.1
OG0017148	As006G145620	AT2G37025.1
OG0017149	As006G146250	AT2G37510.2
OG0017150	As006G146750	AT2G37680.2
OG0017151	As006G146790	AT2G37730.1
OG0017152	As006G148310	AT2G38440.1
OG0017153	As007G151960	AT1G15330.1
OG0017154	As007G152150	AT1G15520.1
OG0017155	As007G152450	AT1G15980.1
OG0017156	As007G152990	AT1G16515.2
OG0017157	As007G153060	AT1G16590.1
OG0017159	As007G153540	AT1G17120.1
OG0017160	As007G153660	AT1G17230.2
OG0017161	As007G154060	AT1G17630.1
OG0017162	As007G154440	AT1G18360.1
OG0017163	As007G154650	AT1G18140.1
OG0017164	As007G154900	AT1G18490.1
OG0017165	As007G154960	AT1G18550.1
OG0017166	As007G155020	AT1G18590.1
OG0017167	As007G155150	AT1G18700.5
OG0017168	As007G155520	AT1G19130.1
OG0017169	As007G155810	AT1G19490.1
OG0017170	As007G155880	AT1G19580.1
OG0017171	As007G156220	AT1G50732.1
OG0017172	As007G156980	AT1G20925.1
OG0017173	As007G157450	AT1G21510.1
OG0017174	As007G157650	AT1G21651.1
OG0017175	As007G157690	AT1G21680.1
OG0017176	As007G157730	AT1G21710.1
OG0017177	As007G157830	AT1G21790.1
OG0017178	As007G158320	AT1G22310.2
OG0017179	As007G158570	AT1G22540.1
OG0017180	As007G158640	AT1G22630.1
OG0017181	As007G158790	AT1G32870.3
OG0017182	As007G158810	AT1G22730.1
OG0017183	As007G158970	AT1G22860.1
OG0017184	As007G159180	AT1G23010.1
OG0017185	As007G159240	AT1G23110.1
OG0017186	As007G159860	AT1G24030.1
OG0017187	As007G159910	AT1G24095.1
OG0017188	As007G160220	AT1G27050.1
OG0017189	As007G160540	AT1G26761.1
OG0017190	As007G161050	AT1G26170.1
OG0017191	As007G161370	AT1G25375.1
OG0017192	As007G161690	AT1G24650.1
OG0017193	As007G162600	AT1G27510.1
OG0017194	As007G162610	AT1G27500.2
OG0017195	As007G162620	AT1G27480.1
OG0017196	As007G162930	AT4G24450.1
OG0017197	As007G164370	AT2G41080.1
OG0017198	As007G164650	AT4G25270.1
OG0017199	As007G165210	AT4G25580.1
OG0017200	As007G166030	AT4G27780.1
OG0017202	As007G177070	AT2G24940.1
OG0017203	As007G177680	AT2G25130.1
OG0017204	As007G178110	AT2G24395.1
OG0017205	As007G178390	AT2G24230.1
OG0017206	As007G179560	AT2G23370.1
OG0017207	As007G179810	AT2G23050.1
OG0017208	As007G180050	AT2G22640.1
OG0017209	As007G180170	AT2G22530.1
OG0017210	As007G180550	AT2G22070.1
OG0017211	As007G180620	AT2G21950.1
OG0017212	As007G180890	AT2G21530.1
OG0017213	As007G180940	AT2G21490.1
OG0017214	As007G181050	AT2G21380.1
OG0017215	As007G181870	AT2G21195.4
OG0017216	As007G181890	AT2G21180.1
OG0017217	As008G182750	AT1G14686.1
OG0017218	As008G183290	AT1G14160.1
OG0017219	As008G183810	AT1G13610.1
OG0017220	As008G184090	AT1G13410.1
OG0017221	As008G184430	AT1G12890.1
OG0017222	As008G184450	AT1G12850.1
OG0017223	As008G184650	AT1G12600.1
OG0017224	As008G185990	AT1G11490.1
OG0017225	As008G186100	AT1G11360.1
OG0017226	As008G186700	AT1G10865.1
OG0017227	As008G186760	AT1G10790.1
OG0017228	As008G186800	AT1G10750.1
OG0017229	As008G187320	AT1G10310.1
OG0017230	As008G187530	AT1G09820.1
OG0017231	As008G187610	AT1G09890.3
OG0017232	As008G188360	AT1G09420.2
OG0017233	As008G188680	AT1G09230.1
OG0017234	As008G188690	AT1G56420.1
OG0017235	As008G188720	AT1G09190.1
OG0017237	As008G188910	AT1G09140.1
OG0017238	As008G189080	AT5G07110.1
OG0017239	As008G190440	AT1G08530.1
OG0017240	As008G192960	AT1G07240.1
OG0017241	As008G193710	AT1G06400.1
OG0017242	As008G193920	AT1G06240.1
OG0017243	As008G194300	AT1G05894.1
OG0017244	As008G194670	AT1G05610.2
OG0017245	As008G194900	AT1G05385.1
OG0017246	As008G195450	AT1G05010.1
OG0017247	As008G195490	AT1G04985.1
OG0017248	As008G195960	AT1G04620.1
OG0017249	As008G196200	AT1G04390.1
OG0017250	As008G196510	AT1G04100.1
OG0017251	As008G196570	AT1G04030.1
OG0017252	As008G196860	AT1G03650.1
OG0017253	As008G196880	AT1G03687.1
OG0017254	As008G196890	AT1G03700.1
OG0017255	As008G196930	AT1G03750.1
OG0017256	As008G196980	AT1G03810.1
OG0017257	As008G197170	AT1G03320.1
OG0017258	As008G197310	AT1G03180.1
OG0017259	As008G197940	AT1G02370.1
OG0017260	As008G198140	AT1G02335.1
OG0017261	As008G199140	AT1G01760.3
OG0017262	As008G199230	AT1G01840.1
OG0017263	As008G199590	AT1G02100.1
OG0017264	As008G199640	AT1G02150.1
OG0017265	As009G199890	AT5G14570.1
OG0017266	As009G199920	AT5G14530.1
OG0017267	As009G199950	AT5G14510.1
OG0017268	As009G199980	AT5G14450.1
OG0017269	As009G200720	AT5G14980.1
OG0017270	As009G200730	AT5G14990.1
OG0017271	As009G200740	AT5G15010.1
OG0017272	As009G201210	AT5G15340.1
OG0017273	As009G201340	AT5G15240.1
OG0017274	As009G202090	AT5G16200.1
OG0017275	As009G202380	AT5G16420.1
OG0017276	As009G202690	AT5G16740.1
OG0017277	As009G203580	AT5G17630.1
OG0017278	As009G203620	AT5G17670.1
OG0017279	As009G203730	AT5G17780.2
OG0017280	As009G203930	AT1G68290.1
OG0017281	As009G204720	AT5G18920.2
OG0017282	As009G204850	AT5G19020.1
OG0017283	As009G204870	AT5G19030.1
OG0017284	As009G205140	AT5G19300.1
OG0017285	As009G206520	AT5G27400.1
OG0017286	As009G206880	AT5G27950.1
OG0017287	As009G207120	AT5G28690.1
OG0017288	As009G207250	AT5G49610.1
OG0017289	As009G207400	AT5G49480.1
OG0017290	As009G207980	AT5G49190.1
OG0017291	As009G209130	AT5G48370.1
OG0017292	As009G210070	AT5G48540.1
OG0017293	As009G210230	AT5G13680.1
OG0017294	As009G210260	AT5G13630.1
OG0017295	As009G210700	AT5G06830.1
OG0017296	As009G211790	AT2G03270.1
OG0017297	As009G211880	AT1G56050.1
OG0017298	As009G212130	AT5G47960.1
OG0017299	As009G213680	AT5G05310.3
OG0017300	As009G213800	AT5G05280.1
OG0017301	As009G213840	AT5G05250.1
OG0017302	As009G213950	AT5G05150.1
OG0017303	As009G214100	AT5G04900.1
OG0017304	As009G215040	AT5G25480.1
OG0017305	As009G215250	AT5G25550.1
OG0017306	As009G215290	AT5G25430.1
OG0017307	As009G215540	AT1G17930.1
OG0017308	As009G215770	AT5G24840.1
OG0017309	As009G215860	AT5G24740.3
OG0017310	As009G216090	AT5G24318.1
OG0017311	As009G216180	AT5G24380.1
OG0017312	As009G216360	AT5G24290.1
OG0017313	As009G216550	AT5G24080.2
OG0017314	As009G216620	AT5G24010.1
OG0017315	As009G216630	AT5G24000.1
OG0017316	As009G217330	AT5G23160.1
OG0017317	As009G217380	AT5G23110.1
OG0017318	As009G217920	AT5G61280.1
OG0017319	As009G218100	AT5G54830.1
OG0017320	As009G218130	AT5G61510.1
OG0017321	As009G218420	AT5G61865.1
OG0017322	As009G218470	AT5G61930.1
OG0017323	As009G218520	AT5G61990.1
OG0017324	As009G218580	AT5G62065.1
OG0017325	As009G218650	AT5G62170.1
OG0017326	As009G219430	AT5G63040.1
OG0017327	As009G219790	AT5G58575.1
OG0017328	As009G219850	AT5G58520.1
OG0017329	As009G219880	AT5G58490.1
OG0017330	As010G220330	AT3G51325.1
OG0017331	As010G220570	AT3G50980.1
OG0017332	As010G220660	AT3G50880.1
OG0017333	As010G220760	AT3G50760.1
OG0017334	As010G220880	AT3G50640.1
OG0017335	As010G221220	AT3G50230.2
OG0017336	As010G221300	AT3G50030.1
OG0017337	As010G221680	AT5G19540.1
OG0017338	As010G222310	AT3G48920.1
OG0017339	As010G222380	AT3G48850.1
OG0017340	As010G222650	AT3G48500.2
OG0017341	As010G222870	AT3G48260.1
OG0017342	As010G222970	AT3G48195.1
OG0017343	As010G223300	AT3G47860.1
OG0017344	As010G223390	AT3G47790.1
OG0017345	As010G223590	AT3G47500.1
OG0017346	As010G224100	AT3G46960.1
OG0017347	As010G224250	AT3G46790.1
OG0017348	As010G224520	AT3G46540.1
OG0017349	As010G224840	AT4G14170.1
OG0017350	As010G225360	AT3G45230.1
OG0017351	As010G226160	AT3G44460.1
OG0017352	As010G226190	AT3G44510.2
OG0017353	As010G226300	AT3G44290.1
OG0017354	As010G226990	AT3G43230.1
OG0017355	As010G227400	AT5G20140.2
OG0017356	As010G227670	AT1G67770.1
OG0017357	As010G227870	AT1G67720.1
OG0017358	As010G229080	AT5G13770.1
OG0017359	As010G229700	AT1G67880.1
OG0017360	As010G230590	AT1G67840.1
OG0017361	As010G231350	AT1G68830.1
OG0017362	As010G232110	AT1G69180.1
OG0017363	As010G232210	AT1G69210.1
OG0017364	As010G232530	AT5G49680.2
OG0017365	As010G232580	AT1G69480.1
OG0017366	As010G232600	AT1G69500.1
OG0017367	As010G232780	AT1G69710.1
OG0017368	As010G233550	AT1G70610.1
OG0017369	As010G233560	AT1G70620.3
OG0017370	As010G233670	AT1G70750.1
OG0017371	As010G233870	AT1G70950.1
OG0017372	As010G233990	AT1G71060.1
OG0017373	As010G234010	AT1G71080.1
OG0017374	As010G234330	AT1G71490.1
OG0017375	As010G235480	AT1G77980.1
OG0017376	As010G235520	AT1G77930.1
OG0017377	As010G235990	AT1G77490.1
OG0017378	As010G236020	AT1G77460.1
OG0017379	As010G236110	AT1G77360.1
OG0017380	As010G236440	AT1G77010.1
OG0017381	As010G236720	AT1G76730.1
OG0017382	As010G236820	AT1G76630.2
OG0017383	As010G236840	AT1G76610.1
OG0017384	As010G237310	AT1G76210.1
OG0017385	As010G237630	AT1G75860.2
OG0017386	As010G237700	AT1G75790.1
OG0017387	As010G238070	AT1G19730.1
OG0017388	As010G238560	AT1G75000.1
OG0017389	As010G238860	AT1G74670.1
OG0017390	As010G239180	AT1G74350.1
OG0017391	As010G239320	AT5G19410.2
OG0017392	As010G239420	AT1G74070.1
OG0017393	As010G239520	AT5G35160.2
OG0017394	As010G239810	AT1G73740.1
OG0017395	As010G239930	AT1G73670.1
OG0017396	As010G240210	AT1G73400.1
OG0017397	As010G240300	AT1G73325.1
OG0017398	As010G240530	AT1G73177.1
OG0017399	As010G240810	AT1G73000.1
OG0017400	As010G241210	AT1G72560.1
OG0017401	As010G241910	AT1G78550.1
OG0017402	As010G242120	AT1G78800.1
OG0017403	As010G242500	AT1G79120.1
OG0017404	As010G242890	AT1G79490.1
OG0017405	As010G242950	AT1G79540.1
OG0017406	As010G243120	AT1G79700.2
OG0017407	As010G243240	AT1G80880.1
OG0017408	As010G243360	AT1G80810.3
OG0017409	As010G244090	AT1G80140.1
OG0017410	As010G244270	AT1G80000.1
OG0017411	As010G244440	AT1G79860.1
OG0017412	As010G244460	AT1G79840.2
OG0017413	As010G244580	AT1G79820.1
OG0017414	As011G244800	AT3G12960.1
OG0017415	As011G245010	AT3G13170.1
OG0017416	As011G245220	AT3G13330.1
OG0017417	As011G245530	AT3G13560.1
OG0017418	As011G245660	AT3G13700.1
OG0017419	As011G245740	AT3G13782.1
OG0017420	As011G246720	AT3G14570.1
OG0017421	As011G246730	AT3G14580.1
OG0017422	As011G247160	AT3G15050.1
OG0017423	As011G247250	AT3G15140.1
OG0017424	As011G247270	AT3G15160.1
OG0017426	As011G247820	AT3G15630.1
OG0017427	As011G248460	AT3G16290.1
OG0017428	As011G248670	AT3G16470.1
OG0017429	As011G248990	AT3G16785.4
OG0017430	As011G249950	AT3G17890.1
OG0017431	As011G250500	AT3G18440.1
OG0017432	As011G250530	AT3G18470.1
OG0017433	As011G251100	AT3G18970.1
OG0017434	As011G251320, As011G257260	AT3G19230.1
OG0017435	As011G251690	AT3G19620.1
OG0017436	As011G251730	AT3G19660.1
OG0017437	As011G251800	AT3G19690.1
OG0017438	As011G251830	AT3G19720.1
OG0017439	As011G251850	AT3G19740.1
OG0017440	As011G253410	AT3G21530.1
OG0017441	As011G253620	AT3G21300.1
OG0017442	As011G253630	AT3G21305.1
OG0017443	As011G253740	AT3G21620.1
OG0017444	As011G253750	AT3G21630.1
OG0017445	As011G254470	AT3G22450.1
OG0017446	As011G254660	AT5G51585.1
OG0017447	As011G254670	AT3G22740.1
OG0017448	As011G255200	AT3G23220.1
OG0017449	As011G255660	AT3G23710.1
OG0017451	As011G256600	AT3G24503.1
OG0017452	As011G256900	AT3G24715.1
OG0017453	As011G257510	AT3G24840.3
OG0017454	As011G258860	AT2G25660.1
OG0017455	As011G259390	AT2G05170.1
OG0017456	As011G259850	AT2G07170.1
OG0017457	As011G260710	AT2G13290.1
OG0017458	As011G260920	AT2G13600.1
OG0017459	As011G261410	AT2G06000.1
OG0017460	As011G262020	AT2G13690.1
OG0017461	As011G262190	AT2G14210.2
OG0017462	As011G263070	AT2G16050.1
OG0017463	As011G263370	AT2G16400.1
OG0017464	As011G264230	AT2G17210.1
OG0017465	As011G264420	AT2G17430.1
OG0017466	As011G264660	AT2G17695.3
OG0017467	As011G264750	AT2G17790.1
OG0017468	As011G265270	AT2G18460.1
OG0017469	As011G265620	AT2G18850.1
OG0017470	As011G266090	AT2G19430.1
OG0017471	As011G266720	AT2G20100.3
OG0017472	As011G267000	AT2G20330.1
OG0017473	As011G267080	AT2G20390.1
OG0017474	As011G267310	AT4G28390.1
OG0017475	As011G267470	AT2G20810.1
OG0017476	As011G267490	AT2G20790.1
OG0017477	As011G267540	AT2G20740.1
OG0017478	As011G267600	AT2G20875.1
OG0017479	As011G267610	AT2G20890.1
OG0017480	As012G267760	AT1G56200.1
OG0017481	As012G267990	AT1G55870.1
OG0017482	As012G268170	AT1G55740.1
OG0017483	As012G268300	AT1G55580.1
OG0017484	As012G268760	AT1G55265.1
OG0017485	As012G268860	AT1G55170.1
OG0017486	As012G268880	AT1G55150.2
OG0017487	As012G268890	AT1G55140.1
OG0017488	As012G269090	AT1G54215.1
OG0017489	As012G269340	AT1G53920.1
OG0017490	As012G269510	AT1G53680.1
OG0017491	As012G270000	AT1G53110.1
OG0017492	As012G270020	AT1G53090.1
OG0017493	As012G270550	AT1G52620.1
OG0017494	As012G270610	AT1G52560.1
OG0017495	As012G272020	AT1G50630.1
OG0017496	As012G272070	AT1G50590.1
OG0017497	As012G272300	AT1G50280.1
OG0017498	As012G272490	AT1G49975.1
OG0017499	As012G273340	AT1G48970.1
OG0017500	As012G273400	AT1G48880.1
OG0017501	As012G273420	AT1G48870.1
OG0017502	As012G273520	AT1G48650.2
OG0017503	As012G273580	AT4G02750.1
OG0017504	As012G273840	AT1G48350.1
OG0017505	As012G274210	AT4G16280.2
OG0017507	As012G274740	AT4G15790.2
OG0017508	As012G274840	AT4G15730.1
OG0017509	As012G274850	AT4G15720.1
OG0017510	As012G275060	AT1G30460.1
OG0017511	As012G275330	AT2G34510.1
OG0017512	As012G275390	AT2G34440.1
OG0017513	As012G275720	AT3G52155.1
OG0017514	As012G275730	AT3G52170.1
OG0017515	As012G276220	AT3G52720.1
OG0017516	As012G276290	AT3G52790.1
OG0017517	As012G276550	AT3G52970.2
OG0017518	As012G276570	AT3G53000.1
OG0017519	As012G277530	AT3G53700.1
OG0017520	As012G277590	AT3G53760.1
OG0017521	As012G277600	AT3G53770.1
OG0017522	As012G277660	AT3G53830.4
OG0017523	As012G278100	AT3G54030.1
OG0017524	As012G279520	AT3G54440.3
OG0017525	As012G279810	AT3G54240.1
OG0017526	As012G280000	AT3G54280.2
OG0017527	As012G281010	AT3G54940.2
OG0017528	As012G281300	AT3G55040.1
OG0017529	As012G281340	AT3G55080.1
OG0017530	As012G281740	AT3G55350.1
OG0017531	As012G281930	AT3G55460.1
OG0017532	As012G281950	AT3G55480.2
OG0017533	As012G282090	AT3G55630.3
OG0017534	As012G282370	AT3G55920.1
OG0017535	As012G282420	AT3G55820.1
OG0017536	As012G282570	AT3G56080.1
OG0017537	As012G282840	AT3G56350.1
OG0017538	As012G283060	AT3G56610.1
OG0017539	As012G283850	AT3G57320.2
OG0017540	As012G284040	AT3G57520.1
OG0017541	As012G284930	AT3G58650.1
OG0017542	As012G285060	AT3G58800.1
OG0017543	As012G285160	AT3G59030.1
OG0017544	As012G285820	AT3G59840.1
OG0017545	As012G285830	AT3G59850.2
OG0017546	As012G286320	AT3G60410.1
OG0017547	As012G286730	AT3G52030.1
OG0017548	As012G286890	AT3G60780.1
OG0017549	As012G286940	AT3G60810.1
OG0017550	As012G287820	AT3G61810.1
OG0017551	As012G288120	AT3G62190.1
OG0017552	As012G288460	AT3G62640.1
OG0017553	As012G288680	AT3G62730.1
OG0017554	As012G289260	AT3G63350.1
OG0017555	As012G289360	AT3G63440.1
OG0017556	As012G289400	AT3G60910.1
OG0017751	As001G000580	AT4G28670.1
OG0017752	As001G000610	AT4G28703.1
OG0017753	As001G001420	AT4G29658.2
OG0017754	As001G003390	AT4G31150.1
OG0017755	As001G004160	AT4G31850.1
OG0017756	As001G004690	AT4G32260.1
OG0017757	As209G297110	ATCG01240.1, ATCG00900.1
OG0017758	As001G013660	AT1G50990.1
OG0017759	As001G014550	AT4G34840.1
OG0017760	As001G015100	AT4G35130.1
OG0017761	As001G016170	AT4G33020.2
OG0017763	As001G016950	AT1G32415.1
OG0017764	As001G017030	AT1G32510.1
OG0017765	As001G017220	AT4G17140.3
OG0017766	As001G018460	AT1G54530.1
OG0017767	As001G019040	AT1G56430.1
OG0017768	As001G020500	AT1G60000.1
OG0017769	As001G020560	AT1G60070.2
OG0017770	As001G020980	AT1G60610.1
OG0017771	As001G022000	AT1G61870.1
OG0017772	As001G022330	AT2G01200.1
OG0017773	As001G022390	AT2G01270.1
OG0017774	As001G022440	AT2G01330.1
OG0017775	As001G022510	AT2G01420.2
OG0017776	As001G022640	AT2G01510.1
OG0017777	As001G022880	AT2G01740.1
OG0017778	As001G023820	AT2G02980.1
OG0017781	As001G024030	AT2G03380.1
OG0017782	As001G025500	AT3G26610.1
OG0017783	As001G025670	AT3G26780.1
OG0017784	As001G026190	AT3G27290.1
OG0017785	As001G026220	AT3G27320.1
OG0017786	As001G026760	AT3G27870.1
OG0017787	As001G027160	AT3G28630.1
OG0017788	As001G027740	AT3G29230.1
OG0017789	As001G028890	AT1G66350.1
OG0017790	As001G028930	AT2G01918.1
OG0017791	As001G029180	AT1G65910.1
OG0017792	As001G029340	AT1G65610.1
OG0017793	As001G029350	AT1G65590.1
OG0017794	As001G030080	AT5G55000.2
OG0017795	As001G030620	AT1G64355.1
OG0017796	As001G031410	AT1G63295.2
OG0017797	As002G034690	AT3G09735.1
OG0017798	As002G035490	AT4G27760.1
OG0017799	As002G037590	AT3G11760.1
OG0017800	As002G039270	AT4G08040.1
OG0017801	As002G041910	AT5G50260.1
OG0017802	As002G042770	AT5G50990.1
OG0017803	As002G043470	AT5G51550.1
OG0017804	As002G044490	AT5G52810.1
OG0017805	As002G044580	AT5G52860.1
OG0017806	As003G057210, As002G045270	AT4G18750.1
OG0017807	As002G045440	AT5G54165.1
OG0017808	As002G045720	AT5G53880.1
OG0017809	As002G048870	AT5G57160.1
OG0017810	As002G049360	AT5G57690.1
OG0017811	As002G050380	AT5G13270.1
OG0017812	As002G050620	AT5G13050.1
OG0017814	As002G053060	AT5G10250.2
OG0017815	As002G053360, As002G053380	AT5G09980.1
OG0017816	As002G053910	AT5G09360.1
OG0017817	As002G054300	AT5G08510.1
OG0017818	As002G054350	AT5G08460.1
OG0017820	As002G054830	AT5G08030.2
OG0017821	As002G055250	AT5G07500.1
OG0017822	As002G055270	AT5G07480.1
OG0017823	As003G056020	AT4G17660.1
OG0017824	As003G056300	AT4G17905.2
OG0017825	As003G056940	AT3G23330.1
OG0017826	As003G057310	AT4G18840.1
OG0017827	As003G057790	AT4G19440.1
OG0017828	As003G059180	AT4G21320.1
OG0017829	As003G060560	AT4G22580.1
OG0017830	As003G061150	AT2G34700.1
OG0017831	As003G061670	AT4G23610.1
OG0017832	As003G062790	AT1G33440.1
OG0017833	As003G063560	AT1G35140.1
OG0017834	As003G063980	AT1G35220.1
OG0017835	As003G064210	AT1G36730.1
OG0017836	As003G064280	AT1G37140.1
OG0017837	As003G064570	AT1G44414.1
OG0017838	As003G064660	AT1G43980.1
OG0017839	As003G064880	AT1G43650.1
OG0017840	As003G069280	AT1G28690.1
OG0017842	As003G070610	AT1G30020.1
OG0017843	As003G071100	AT1G30515.1
OG0017844	As003G071150	AT1G30570.1
OG0017845	As003G071800	AT4G35520.2
OG0017846	As003G071980	AT4G35680.1
OG0017847	As003G073350	AT4G36980.4
OG0017848	As003G073450	AT4G36890.1
OG0017849	As003G073610	AT4G37380.1
OG0017850	As003G073750	AT4G37480.1
OG0017851	As003G074080	AT4G37780.1
OG0017852	As003G074370	AT4G38010.1
OG0017853	As003G074740	AT4G39952.1
OG0017854	As003G075140	AT4G39530.1
OG0017855	As004G077270	AT5G37550.1
OG0017856	As004G077320	AT5G37670.1
OG0017857	As004G077760	AT5G38450.1
OG0017858	As004G078410	AT5G39590.1
OG0017859	As004G078680	AT2G34960.1
OG0017860	As004G079810	AT2G35200.1
OG0017861	As004G080340	AT4G09100.1
OG0017862	As004G080510	AT4G08840.1
OG0017863	As004G081010	AT2G34380.1
OG0017864	As004G081610	AT2G33680.5
OG0017865	As004G082460	AT5G42655.2
OG0017866	As004G082620	AT5G42450.1
OG0017867	As004G082640	AT5G42440.1
OG0017868	As004G083290	AT4G10000.1
OG0017869	As004G083560	AT4G10250.1
OG0017870	As004G083580	AT4G10260.1
OG0017871	As004G083910	AT4G10650.1
OG0017872	As004G084070	AT4G10910.1
OG0017873	As004G084110	AT4G10950.2
OG0017874	As004G084470	AT4G11350.1
OG0017875	As004G084840	AT4G11950.1
OG0017876	As004G085320	AT4G12560.1
OG0017877	As004G087610	AT5G45120.1
OG0017878	As004G088030	AT5G45540.1
OG0017879	As004G088280	AT5G45810.1
OG0017880	As004G088820	AT5G46340.1
OG0017881	As004G089080	AT5G46610.1
OG0017882	As004G089160	AT5G46720.1
OG0017883	As004G089540	AT5G46920.1
OG0017884	As004G090170	AT5G35580.2
OG0017885	As004G090570	AT5G47800.2
OG0017886	As007G161930, As004G093870, As004G093880, As004G091090, As007G161910, As007G161890	AT1G24430.1
OG0017887	As004G092010	AT5G35180.4
OG0017888	As004G092540	AT5G35840.1
OG0017889	As004G092760	AT4G12640.1
OG0017891	As004G093400	AT4G13020.3
OG0017892	As004G093470	AT4G13050.1
OG0017893	As004G093760	AT4G13235.1
OG0017894	As004G094490	AT4G13600.1
OG0017895	As004G094830	AT4G13790.1
OG0017896	As004G095090	AT4G14050.1
OG0017897	As004G095100	AT4G14070.1
OG0017898	As004G095250	AT4G14270.1
OG0017899	As004G095310	AT4G14305.1
OG0017900	As004G095630	AT4G14510.1
OG0017901	As004G096650	AT4G15563.7
OG0017902	As004G096840	AT3G58310.1
OG0017903	As004G097370	AT5G40500.1
OG0017904	As004G097740	AT5G41070.1
OG0017905	As005G099870	AT2G47115.1
OG0017906	As005G100150	AT2G46890.1
OG0017907	As005G100470	AT2G46540.1
OG0017908	As005G101690	AT2G45450.1
OG0017909	As005G101780	AT2G45350.1
OG0017911	As005G102970	AT2G44230.1
OG0017912	As005G104210	AT2G43100.1
OG0017913	As005G104340	AT2G42980.1
OG0017914	As005G104420	AT2G42920.1
OG0017915	As005G104570	AT2G42800.1
OG0017916	As005G105090	AT2G42060.1
OG0017917	As005G105220	AT2G42240.4
OG0017918	As005G106330	AT5G01690.1
OG0017919	As005G106350	AT5G01670.2
OG0017920	As005G106360	AT5G01660.1
OG0017921	As005G106510	AT5G01520.1
OG0017922	As005G106910	AT5G01190.1
OG0017923	As005G108240	AT3G60400.1
OG0017924	As005G108460	AT5G03580.1
OG0017925	As005G110150	AT5G19670.1
OG0017926	As005G112220	AT5G20710.1
OG0017927	As005G114540	AT5G60100.2
OG0017928	As005G115480	AT5G59600.1
OG0017929	As005G115920	AT5G58910.2
OG0017930	As005G117490	AT5G64480.2
OG0017931	As005G117740	AT5G64710.1
OG0017932	As005G120290	AT5G66500.1
OG0017933	As005G120430	AT5G66360.2
OG0017934	As005G120600	AT5G66230.2
OG0017935	As005G120760, As010G220320	AT5G66100.1
OG0017936	As006G121040	AT4G00030.1
OG0017937	As006G121050	AT4G00040.1
OG0017938	As006G121160	AT4G00200.1
OG0017939	As006G121500	AT4G00467.1
OG0017940	As006G121930	AT4G01200.1
OG0017941	As006G121960	AT4G01130.1
OG0017942	As006G122340	AT4G01400.1
OG0017943	As006G123210	AT4G02405.1
OG0017944	As006G125580	AT2G33290.1
OG0017945	As006G126920	AT2G31830.2
OG0017946	As006G128580	AT2G29960.1
OG0017947	As006G128660	AT2G29690.1
OG0017948	As006G129660	AT1G07860.1
OG0017949	As006G130630	AT2G27130.1
OG0017950	As006G131380	AT1G52340.1
OG0017951	As006G131640	AT2G26420.2
OG0017952	As006G132110	AT2G25790.1
OG0017953	As006G132850	AT3G01490.1
OG0017954	As006G133060	AT3G01550.1
OG0017955	As006G133140, As006G139910	AT3G06340.1
OG0017956	As006G133160	AT3G01720.1
OG0017957	As006G133450	AT3G01990.5
OG0017958	As006G133510	AT3G02030.2
OG0017959	As006G133620	AT5G01020.1
OG0017960	As006G133770	AT3G08570.1
OG0017961	As006G133800	AT5G01940.3
OG0017962	As006G133940	AT5G01850.2
OG0017963	As006G134390	AT4G26950.1
OG0017964	As006G134440	AT4G26890.1
OG0017965	As006G134540	AT4G26770.1
OG0017966	As006G135860	AT3G02860.2
OG0017967	As006G136360	AT3G03310.1
OG0017968	As006G136520	AT3G03470.1
OG0017969	As006G136570	AT3G03510.1
OG0017970	As006G136640	AT3G03580.1
OG0017971	As006G136650	AT3G03590.1
OG0017972	As006G137710	AT3G04530.1
OG0017974	As006G137970	AT3G04750.1
OG0017975	As006G138490	AT5G48330.1
OG0017976	As006G138570	AT3G05340.1
OG0017977	As006G138580	AT3G05345.1
OG0017978	As006G138980	AT3G05620.1
OG0017979	As006G139130	AT3G05750.1
OG0017980	As006G139930	AT3G06360.1
OG0017981	As006G141210	AT3G07525.2
OG0017982	As006G141370	AT3G07620.1
OG0017983	As006G141650	AT3G07900.1
OG0017984	As006G142070	AT3G08800.1
OG0017985	As006G142090	AT3G08820.1
OG0017986	As006G143810	AT2G39360.1
OG0017987	As006G144840	AT2G36295.1
OG0017988	As006G144910, As006G144920	AT2G36325.1
OG0017989	As006G144960	AT2G36350.1
OG0017990	As006G145960	AT2G37310.1
OG0017991	As006G147540	AT2G38100.3
OG0017992	As039G293900	AT1G33860.2
OG0017993	As007G151950	AT1G15320.1
OG0017994	As007G152140	AT1G15510.1
OG0017995	As007G152170	AT1G15540.3
OG0017996	As007G153340	AT1G16916.2
OG0017997	As007G154090	AT1G17650.1
OG0017998	As007G154470	AT1G18335.2
OG0017999	As007G154980	AT1G18560.1
OG0018000	As007G155450	AT1G19025.1
OG0018001	As007G156340	AT1G20160.1
OG0018002	As007G156420	AT1G20225.1
OG0018003	As007G156430	AT1G20230.1
OG0018004	As007G156470	AT1G20300.1
OG0018005	As007G157500	AT1G21528.1
OG0018006	As007G158510	AT1G22470.1
OG0018007	As007G158780	AT5G48100.1
OG0018008	As007G158940	AT1G22830.1
OG0018009	As007G159340	AT1G23200.1
OG0018010	As007G159680	AT1G23710.1
OG0018011	As007G160230	AT1G27045.4
OG0018012	As007G160750	AT1G26500.1
OG0018013	As007G161410	AT1G25360.1
OG0018014	As007G162210	AT1G24290.1
OG0018015	As007G162950	AT4G24460.1
OG0018016	As007G164020	AT4G24972.1
OG0018017	As007G164800	AT4G25390.1
OG0018018	As007G176790	AT2G25060.1
OG0018019	As007G176910	AT2G25010.1
OG0018020	As007G177340	AT2G24790.1
OG0018021	As007G178230	AT2G24330.1
OG0018022	As007G178520	AT2G24140.2
OG0018023	As007G179040	AT2G23950.1
OG0018024	As007G179270	AT2G23640.1
OG0018025	As007G179410	AT2G23530.1
OG0018026	As007G179640	AT2G23300.1
OG0018027	As007G180020	AT2G22680.1
OG0018028	As007G180350	AT2G22370.1
OG0018029	As007G181000, As007G181010	AT2G21400.2
OG0018030	As008G183940	AT1G13250.1
OG0018031	As008G186130	AT1G11290.1
OG0018032	As008G186990	AT1G10600.1
OG0018033	As008G188140	AT1G09630.1
OG0018034	As008G189190	AT1G08940.1
OG0018035	As008G192070	AT1G07740.1
OG0018036	As008G192850	AT1G07350.1
OG0018037	As008G194020	AT1G06140.1
OG0018038	As008G194150	AT1G06050.1
OG0018039	As008G194710	AT1G05590.1
OG0018040	As008G194840	AT1G05460.1
OG0018041	As008G195610	AT1G04920.1
OG0018042	As008G195700	AT1G04840.1
OG0018043	As008G196480	AT1G04130.1
OG0018044	As008G196500	AT1G04110.1
OG0018045	As008G196780	AT1G03540.1
OG0018046	As008G197700	AT1G02800.1
OG0018047	As008G198540	AT1G01220.1
OG0018048	As008G198840	AT1G01453.2
OG0018049	As008G199330	AT1G01950.3
OG0018050	As008G199350	AT1G01960.1
OG0018051	As008G199390	AT1G02010.4
OG0018052	As009G200080	AT5G14330.1
OG0018053	As009G200250	AT5G14150.1
OG0018054	As009G200390	AT5G14650.1
OG0018055	As009G200710	AT5G14970.1
OG0018056	As009G201270	AT5G15300.1
OG0018057	As009G203700, As009G203690	AT5G17720.1
OG0018058	As009G203980	AT5G18100.1
OG0018059	As009G204180	AT5G18290.1
OG0018060	As009G204760	AT5G18950.1
OG0018061	As009G205810	AT5G26910.1
OG0018062	As009G206300	AT3G04990.1
OG0018064	As009G207090	AT5G28646.1
OG0018065	As009G207770	AT5G49015.1
OG0018066	As009G210250	AT5G13660.2
OG0018067	As009G212080	AT5G48060.1
OG0018068	As009G212550	AT5G06180.1
OG0018069	As009G212930	AT5G05850.1
OG0018070	As009G213970	AT5G05110.1
OG0018071	As009G214310	AT5G04780.1
OG0018072	As009G216120	AT5G24340.2
OG0018073	As009G216330	AT5G24313.1
OG0018074	As009G217960	AT5G61350.1
OG0018075	As009G218000	AT5G61400.1
OG0018077	As009G218160	AT5G61540.1
OG0018078	As009G218390	AT5G61830.1
OG0018079	As009G219730	AT5G58620.1
OG0018080	As010G221500	AT3G49740.1
OG0018081	As010G222210	AT3G49055.1
OG0018082	As010G222290	AT3G48940.1
OG0018083	As010G224160	AT3G46890.1
OG0018084	As010G226600	AT3G43800.1
OG0018085	As010G226980	AT3G43240.1
OG0018086	As010G227230	AT1G23070.1
OG0018087	As010G227260	AT3G42860.1
OG0018088	As010G227610	AT3G42180.1
OG0018089	As010G228620	AT1G67820.1
OG0018090	As010G231490	AT1G68790.1
OG0018091	As010G231730	AT1G68890.1
OG0018092	As010G232060	AT1G69085.1
OG0018093	As010G232300	AT1G69280.1
OG0018094	As010G234130	AT1G71220.3
OG0018095	As010G234520	AT1G71740.1
OG0018096	As010G236140	AT1G77320.3
OG0018097	As010G236260	AT1G77210.1
OG0018098	As010G236310	AT1G77122.1
OG0018099	As010G237120	AT1G76380.2
OG0018100	As010G237670	AT1G75820.1
OG0018102	As010G238410	AT1G75170.1
OG0018103	As010G238450	AT1G75140.1
OG0018104	As010G238810	AT1G74720.1
OG0018105	As010G238830	AT1G74700.1
OG0018106	As010G238930	AT1G74600.1
OG0018107	As010G239440	AT1G74055.1
OG0018108	As010G240700	AT1G73040.1
OG0018109	As010G240760	AT2G48110.1
OG0018110	As010G241180	AT1G72620.1
OG0018111	As010G242560	AT1G79200.1
OG0018112	As010G242690	AT1G79310.1
OG0018113	As010G242790	AT1G79420.1
OG0018114	As010G244420	AT1G79880.1
OG0018115	As011G244670	AT3G12770.1
OG0018116	As011G244790	AT3G12955.1
OG0018117	As011G245030	AT3G13180.1
OG0018118	As011G245110	AT3G13226.1
OG0018119	As011G245120	AT3G13229.1
OG0018120	As011G245130	AT3G44730.2
OG0018121	As011G245710	AT3G13770.1
OG0018122	As011G247240	AT3G15120.2
OG0018123	As011G247500	AT3G15352.4
OG0018124	As011G250080	AT3G18035.1
OG0018125	As011G250520	AT3G18460.1, AT3G18450.1
OG0018126	As011G254150	AT3G22150.1
OG0018127	As011G254250	AT3G22250.1
OG0018128	As011G254920	AT3G22980.1
OG0018129	As011G255840	AT3G23880.1
OG0018130	As011G255930	AT3G24240.1
OG0018131	As011G255970	AT5G35400.2
OG0018132	As011G258240	AT2G04235.1
OG0018133	As011G259010	AT2G04865.1
OG0018134	As011G259190	AT2G13370.1
OG0018135	As011G260510	AT2G11810.1
OG0018136	As011G261360	AT2G06010.1
OG0018137	As011G261390	AT2G06005.1
OG0018138	As011G261810	AT2G12462.1
OG0018139	As011G261980	AT2G13680.1
OG0018140	As011G262530	AT2G14960.1
OG0018141	As011G262840	AT2G15630.1
OG0018142	As011G263060	AT2G15980.1
OG0018143	As011G263490	AT2G16595.1
OG0018144	As011G264490	AT2G17525.1
OG0018145	As011G265210	AT2G18520.1
OG0018146	As011G266010	AT2G19310.1
OG0018147	As011G267300	AT2G20635.1
OG0018148	As011G267390	AT2G20710.1
OG0018149	As012G269630	AT1G53600.1
OG0018150	As012G270410	AT1G52790.1
OG0018151	As012G270870	AT1G52200.1
OG0018152	As012G271030	AT1G51965.1
OG0018154	As012G273460	AT1G49180.1
OG0018155	As012G273710	AT1G48480.1
OG0018156	As012G273720	AT5G48920.1
OG0018157	As012G275200	AT1G04635.1
OG0018158	As012G276280	AT3G52780.1
OG0018159	As012G276620	AT3G53100.1
OG0018160	As012G276830	AT3G53235.1
OG0018161	As012G281120	AT3G54960.1
OG0018162	As012G282860	AT3G56370.1
OG0018163	As012G282880	AT3G56390.1
OG0018164	As012G282940	AT3G56460.1
OG0018165	As012G282980	AT3G56550.1
OG0018166	As012G283960	AT3G57440.1
OG0018168	As012G284800	AT3G58520.1
OG0018169	As012G285210	AT3G59080.1
OG0018170	As012G286280	AT3G60370.2
OG0018171	As012G287480	AT3G61510.1
OG0018172	As012G288410	AT3G62590.1
OG0018337	As001G017620	AT4G16740.1
OG0018338	As001G018130	AT3G24000.1
OG0018339	As001G018720	AT1G54890.1
OG0018340	As001G018730	AT1G54920.3
OG0018341	As001G019210	AT1G56720.1
OG0018342	As001G020230	AT1G59720.1
OG0018343	As001G023050	AT2G01905.1
OG0018344	As001G024240	AT2G03630.1
OG0018345	As001G024670	AT3G25655.1
OG0018346	As001G027920	AT3G29590.1
OG0018347	As001G028690	AT1G66730.1
OG0018348	As001G028980	AT1G66230.1
OG0018349	As001G029330	AT1G65620.1
OG0018350	As001G029690	AT1G65040.2
OG0018351	As001G031790	AT1G62935.1
OG0018352	As002G033900, As005G106840	AT5G01250.1
OG0018353	As002G034590, As002G034520, As002G034780, As005G108090, As005G108080	AT5G03190.2
OG0018354	As002G036440	AT1G56180.1
OG0018355	As002G036970	AT5G05580.1
OG0018356	As002G040870	AT5G50000.1
OG0018357	As002G041380	AT5G50120.1
OG0018358	As002G041600	AT5G50130.1
OG0018359	As002G042080	AT5G50335.1
OG0018360	As002G042330	AT5G50660.1, AT5G50560.1
OG0018361	As002G042810	AT5G51030.1
OG0018362	As002G043240	AT5G51210.1
OG0018363	As002G043670	AT5G51770.1
OG0018364	As002G043820	AT5G51910.1
OG0018365	As002G044390	AT5G52630.1
OG0018366	As002G047620	AT5G55856.1, AT5G55855.2
OG0018367	As002G048570	AT5G56900.2
OG0018368	As002G050180	AT5G47900.1
OG0018369	As002G050420	AT5G13230.1
OG0018370	As002G054530	AT5G08350.1
OG0018371	As002G055380	AT5G07360.1
OG0018372	As003G056460	AT4G18060.1
OG0018374	As003G057660	AT4G19191.1
OG0018375	As003G058100	AT4G19890.1
OG0018376	As003G058990	AT4G21065.1
OG0018377	As003G061650	AT1G65342.1
OG0018379	As003G065080	AT1G43130.1
OG0018380	As003G069890	AT1G29270.1
OG0018381	As003G073100	AT4G37235.1
OG0018382	As003G074010	AT4G37720.1
OG0018384	As004G076690	AT4G21865.1
OG0018385	As004G077700	AT5G38310.1
OG0018386	As004G078170	AT5G39200.1, AT5G39140.1, AT5G39170.1
OG0018387	As004G081270	AT2G34020.2
OG0018388	As004G081280	AT2G34010.1
OG0018389	As004G082320	AT5G42785.1
OG0018390	As004G083040	AT2G03410.1
OG0018391	As004G083510	AT1G33420.1
OG0018392	As004G084040	AT4G10890.1
OG0018393	As004G084200	AT4G11070.1
OG0018394	As004G085940	AT4G04900.1
OG0018395	As004G085970	AT4G04930.1
OG0018396	As004G086820, As004G086860	AT5G44572.1, AT5G44574.1
OG0018397	As004G087420	AT5G45030.1
OG0018398	As004G087930	AT5G45420.1
OG0018399	As004G090840	AT5G47530.1
OG0018400	As004G091510	AT2G04410.1
OG0018401	As004G092510	AT5G35790.1
OG0018402	As004G094190	AT4G13440.2
OG0018403	As004G094610	AT4G13730.1
OG0018404	As004G096040	AT4G14920.3
OG0018405	As004G096850	AT5G40020.1
OG0018406	As004G097250	AT5G40410.1
OG0018407	As004G097480	AT5G40620.1
OG0018408	As004G097570	AT5G40730.1
OG0018409	As004G097630	AT5G40790.1
OG0018410	As004G097910	AT5G41315.2
OG0018411	As004G098080	AT5G41590.1
OG0018412	As004G098360	AT5G41980.1
OG0018413	As005G098890, As005G098900	AT5G07900.1
OG0018414	As005G099070	AT2G47750.1
OG0018415	As005G100200	AT2G46830.1
OG0018416	As005G102340	AT2G44810.2
OG0018417	As005G102470	AT2G44690.1
OG0018418	As005G104540	AT4G13650.1
OG0018419	As005G105480	AT2G41835.1
OG0018420	As005G106760	AT5G01305.1
OG0018421	As005G107730	AT5G02720.2
OG0018423	As005G112770	AT5G40900.1
OG0018424	As005G114210	AT5G60520.1
OG0018425	As005G116490	AT5G63560.1
OG0018426	As005G120570	AT5G66250.4
OG0018427	As005G120680	AT5G66150.1
OG0018428	As006G121140	AT4G00165.1
OG0018429	As006G123460	AT4G02650.1
OG0018430	As006G124770	AT5G43840.1
OG0018432	As006G129040	AT2G29130.1
OG0018433	As006G129110	AT2G29065.1
OG0018434	As006G130180	AT2G28050.1
OG0018435	As006G131060	AT2G26840.2
OG0018436	As006G131090	AT2G26810.1
OG0018437	As006G133030	AT3G01580.1
OG0018438	As006G133390	AT3G01940.1
OG0018439	As006G133470	AT3G02010.1
OG0018440	As006G133600	AT3G02065.2
OG0018441	As006G133780	AT5G37450.2
OG0018442	As006G134730	AT3G01311.1
OG0018443	As006G135080	AT3G02100.1
OG0018444	As006G135330	AT3G02330.1
OG0018445	As006G135500	AT3G02500.3
OG0018446	As006G136340	AT3G03300.1
OG0018447	As006G137580	AT3G04450.1
OG0018448	As006G138680	AT5G27440.1
OG0018449	As006G139710	AT3G06145.1
OG0018450	As007G160390	AT1G26900.1
OG0018451	As007G160810	AT1G26440.2
OG0018452	As007G161270	AT1G25470.1
OG0018453	As007G162990	AT4G24510.1
OG0018454	As007G163580	AT4G24810.2
OG0018455	As007G164820	AT4G25400.2
OG0018456	As007G177260	AT2G24762.1
OG0018458	As007G179520	AT2G23430.1
OG0018459	As007G180970	AT2G21450.2
OG0018460	As007G181960	AT2G21110.1
OG0018461	As008G185690	AT1G11710.1
OG0018462	As008G186190	AT1G11280.1
OG0018463	As008G188790	AT1G09170.5
OG0018464	As008G188930	AT1G09080.1
OG0018465	As008G188940	AT5G44230.1
OG0018466	As008G192210	AT1G07590.1
OG0018467	As008G194450	AT1G05785.6
OG0018468	As008G196520	AT1G04090.1
OG0018469	As008G196760	AT1G03510.1
OG0018470	As008G199430	AT1G02050.1
OG0018471	As008G199470	AT1G02070.1
OG0018472	As009G199770	AT5G13940.1
OG0018473	As009G200620	AT5G14890.1
OG0018474	As009G201370	AT5G15210.1
OG0018475	As009G202810	AT1G35435.1
OG0018476	As009G202940	AT5G16940.1
OG0018477	As009G204670	AT5G18850.1
OG0018478	As009G205650	AT5G26790.1
OG0018479	As009G206110	AT5G27680.1
OG0018480	As009G207630	AT5G49350.1
OG0018481	As009G209590	AT5G48570.1
OG0018483	As009G215280	AT5G25500.1
OG0018484	As009G216310, As009G216060, As009G216070	AT5G24316.1
OG0018485	As009G218360	AT5G61800.1
OG0018486	As010G220560	AT3G50990.1
OG0018487	As010G220770	AT3G50750.1
OG0018488	As010G222120	AT3G49170.1
OG0018489	As010G222640	AT3G48510.1
OG0018490	As010G222680	AT3G48490.1
OG0018491	As010G222800	AT3G48360.1
OG0018492	As010G222810	AT3G48350.1
OG0018493	As010G223140	AT3G48020.1
OG0018494	As010G223790	AT3G47190.1
OG0018495	As010G225150	AT3G45620.2
OG0018497	As010G226310	AT1G08070.1
OG0018498	As010G228360	AT1G67510.1
OG0018499	As010G231720	AT1G68880.1
OG0018500	As010G233810	AT1G70895.1
OG0018501	As010G236390	AT1G77060.1
OG0018502	As010G237180	AT1G76320.1
OG0018503	As010G240090	AT1G73580.1
OG0018504	As010G240980	AT1G72810.1
OG0018505	As010G241070	AT1G72690.1
OG0018506	As010G241890	AT1G78530.1
OG0018507	As010G242580	AT1G79220.1
OG0018508	As010G243750	AT1G80440.1
OG0018509	As011G245070	AT3G13222.1
OG0018510	As011G245750	AT3G13784.2
OG0018511	As011G246490	AT3G14380.1
OG0018512	As011G256750	AT3G24605.1
OG0018513	As011G259580	AT2G07680.3
OG0018514	As011G260960	AT2G13440.1
OG0018515	As011G263230	AT2G16270.1
OG0018516	As011G265600	AT2G18800.1
OG0018517	As011G265630, As012G281660	AT2G18860.1
OG0018518	As011G267400	AT2G20840.1
OG0018519	As012G270800	AT1G52290.1
OG0018520	As012G271770	AT1G51170.1
OG0018522	As012G286830	AT3G60730.1
OG0018523	As012G288280	AT3G62340.1
OG0018524	As012G288520	AT3G62890.1
OG0018525	As012G289270	AT3G63370.1
OG0018526	As012G289420	AT3G63480.1
OG0018673	As001G006530	AT4G32690.1
OG0018675	As001G012080	AT4G33666.1
OG0018676	As001G015820	AT1G31175.1
OG0018677	As001G017190	AT1G32710.1
OG0018678	As001G018150	AT4G16400.1
OG0018679	As001G018830	AT1G56210.1
OG0018680	As001G023010	AT2G01870.1
OG0018681	As001G025680	AT3G26782.1
OG0018683	As001G029930	AT1G64780.1
OG0018684	As001G031950	AT1G62700.1
OG0018685	As002G032500	AT4G25790.1
OG0018686	As002G033710	AT2G40765.1
OG0018687	As002G040380	AT5G49665.1
OG0018689	As002G041010	AT5G50030.1
OG0018690	As002G041780	AT5G50160.1
OG0018691	As002G043970	AT5G52120.1
OG0018692	As002G044080	AT5G52250.1
OG0018693	As002G044540	AT5G52850.1
OG0018694	As002G047430	AT5G55650.1
OG0018695	As002G047590	AT5G55830.1
OG0018696	As002G050120	AT5G47850.1
OG0018697	As003G055650	AT4G17245.1
OG0018698	As003G059190	AT4G21326.1
OG0018701	As003G060820	AT4G25380.1
OG0018702	As003G064540	AT1G44608.1
OG0018703	As003G065000	AT1G43560.1
OG0018705	As003G070750	AT1G30220.1
OG0018706	As003G072490	AT4G36230.1
OG0018707	As004G077220	AT5G37490.1
OG0018708	As004G080220	AT4G09530.1
OG0018709	As004G081240	AT2G34060.1
OG0018710	As004G081920	AT5G43210.1
OG0018711	As004G082020	AT5G43120.2
OG0018712	As004G082060, As004G082050, As007G162680	AT5G43080.1
OG0018713	As004G082840	AT5G42290.1
OG0018714	As012G288640	AT3G62760.1
OG0018715	As004G083820	AT4G10530.1, AT4G10520.1
OG0018717	As004G092740	AT4G12680.1
OG0018718	As004G092750	AT4G12670.2
OG0018719	As004G095290	AT4G14300.1
OG0018720	As004G095970	AT4G14820.1
OG0018721	As004G097210	AT5G40380.1
OG0018722	As004G098230	AT5G41810.1
OG0018723	As004G098260	AT5G41870.1
OG0018724	As005G100130	AT2G46910.1
OG0018725	As005G102140	AT2G44980.2
OG0018726	As005G102690	AT2G44490.1
OG0018727	As005G103950	AT2G43280.1
OG0018728	As005G104330	AT2G42990.1
OG0018729	As005G106280	AT5G01740.1
OG0018730	As005G106540	AT5G01490.1
OG0018731	As005G107160	AT5G02070.1
OG0018732	As005G109460	AT5G04330.1
OG0018733	As005G119580	AT5G67090.1
OG0018734	As005G120270	AT5G66520.1
OG0018735	As005G120300	AT5G66490.1
OG0018737	As006G123030	AT4G02200.3
OG0018738	As006G123500	AT4G02700.1
OG0018739	As006G126200	AT1G05065.1
OG0018740	As006G131110	AT2G26790.1
OG0018741	As006G131330	AT2G26610.1
OG0018742	As006G132410	AT4G27360.1
OG0018743	As006G133340	AT3G01900.1
OG0018744	As006G133430	AT3G01970.1
OG0018745	As006G135050	AT3G01015.1
OG0018746	As006G136560	AT3G03500.1
OG0018747	As006G137490	AT3G04370.1
OG0018748	As006G138090	AT3G04880.1
OG0018749	As006G142120	AT3G08860.1
OG0018750	As006G147300	AT2G20540.1
OG0018752	As007G160710	AT1G26570.1
OG0018753	As007G178100	AT2G24400.1
OG0018754	As007G179240	AT2G23680.1
OG0018755	As008G185920	AT1G11570.3
OG0018756	As008G187040	AT1G10560.1
OG0018757	As008G187960	AT1G09794.1
OG0018758	As008G198110	AT1G02360.3
OG0018759	As008G198200	AT1G02290.1
OG0018760	As008G199420	AT1G02040.1
OG0018761	As009G202820	AT5G16860.1
OG0018762	As009G218680	AT5G62210.1
OG0018763	As009G218870	AT5G62400.1
OG0018764	As009G219720	AT5G58630.1
OG0018765	As009G219800	AT5G58570.1
OG0018766	As010G223560	AT3G47530.1
OG0018767	As010G224330	AT3G46760.1
OG0018768	As010G224990	AT3G45730.1
OG0018769	As010G225020	AT3G46770.1
OG0018770	As010G225580	AT3G45160.1
OG0018771	As010G227070	AT3G43120.1
OG0018772	As010G232830	AT1G68380.1
OG0018773	As010G233130	AT1G70130.1
OG0018775	As010G235260	AT1G78172.1
OG0018776	As010G238100	AT1G19720.1
OG0018777	As010G239130	AT1G74400.1
OG0018778	As010G241200	AT1G72600.1
OG0018779	As010G244180	AT1G80090.1
OG0018780	As011G245610	AT3G13672.2
OG0018781	As011G246850	AT3G14730.1
OG0018783	As011G248910	AT3G16610.1
OG0018784	As011G252610	AT3G20350.1
OG0018785	As011G252660	AT3G20395.1
OG0018786	As011G253550	AT3G21370.1
OG0018787	As011G255110	AT4G30040.1
OG0018788	As011G261250	AT2G06200.2
OG0018789	As011G264190	AT2G17140.1
OG0018790	As011G264690	AT3G09950.1
OG0018791	As011G266020	AT2G19320.1
OG0018792	As012G267710	AT1G54340.1
OG0018793	As012G271010	AT1G52040.1
OG0018794	As012G272350	AT1G50180.1
OG0018795	As012G272650	AT1G49760.1
OG0018796	As012G273530	AT1G48640.1
OG0018797	As012G283370	AT3G56920.1
OG0018798	As012G284230	AT3G57790.1
OG0018799	As012G285340	AT3G59290.1
OG0018800	As012G287260, As012G287250	AT3G61210.1
OG0018801	As012G289040	AT3G63160.1
OG0018802	As012G289280	AT3G63380.1
OG0018940	As001G000440	AT1G69770.1
OG0018941	As001G003320	AT4G31070.1
OG0018942	As001G015780	AT1G31140.2
OG0018943	As001G016320	AT1G31814.1
OG0018945	As001G018950	AT1G56300.1
OG0018948	As001G024370	AT2G03770.1
OG0018949	As001G024460	AT2G04025.1
OG0018950	As001G025810	AT3G26934.1
OG0018952	As002G033060	AT4G26330.1
OG0018953	As002G039580	AT5G49630.1
OG0018954	As002G041110	AT5G50080.2
OG0018955	As002G044230	AT5G52410.2
OG0018957	As002G052550	AT5G10695.1
OG0018958	As002G053460	AT5G09876.1
OG0018959	As002G054470	AT5G08410.2
OG0018961	As003G062410	AT1G32970.1
OG0018963	As003G064680	AT1G43900.1
OG0018964	As003G074000	AT4G37700.1
OG0018965	As003G075350	AT1G66030.1
OG0018966	As003G076230	AT4G38590.2
OG0018967	As004G079360	AT2G35550.1
OG0018968	As004G079830	AT1G32740.1
OG0018969	As004G081760	AT2G33520.1
OG0018970	As004G082970	AT5G42140.1
OG0018971	As004G084190	AT4G11050.1
OG0018972	As004G086650	AT5G44440.2
OG0018973	As004G093840	AT4G13260.1
OG0018974	As005G102840	AT2G44400.1
OG0018975	As005G119320	AT4G23882.1
OG0018976	As005G120140	AT5G66595.1
OG0018977	As006G121190	AT4G00240.1
OG0018978	As006G129510	AT5G02560.2
OG0018979	As006G129600	AT2G28625.1
OG0018980	As006G130970	AT2G26920.1
OG0018981	As006G132890	AT3G01513.1
OG0018982	As006G143980	AT2G39100.1
OG0018983	As006G144230	AT4G33660.1
OG0018984	As007G152370	AT1G15900.1
OG0018985	As007G158840	AT1G24320.1
OG0018986	As007G161570	AT1G25230.3
OG0018987	As007G181610, As007G181270	AT2G07671.1, ATMG01080.1
OG0018988	As008G185560	AT1G11850.2
OG0018989	As008G187150	AT1G10460.1
OG0018990	As008G195510	AT1G04980.1
OG0018991	As008G197360	AT1G03120.1
OG0018992	As008G197800	AT1G02705.1
OG0018993	As009G204630	AT5G18810.1
OG0018995	As009G218300	AT5G61750.1
OG0018996	As010G222460	AT3G48720.1
OG0018997	As010G223580	AT3G47510.1
OG0018998	As010G225770	AT3G44960.2
OG0018999	As010G226020	AT3G44735.1
OG0019000	As010G232570	AT1G69470.1
OG0019001	As010G234640	AT1G71866.1
OG0019002	As010G241590	AT1G78320.1
OG0019003	As011G248120	AT3G15930.1
OG0019004	As011G249120	AT3G16920.2
OG0019006	As011G255080	AT3G23140.1
OG0019007	As011G255570	AT2G13295.1
OG0019008	As011G265070	AT2G18120.1
OG0019009	As012G268060	AT1G55810.4
OG0019012	As012G273220	AT1G49120.1
OG0019013	As012G274530	AT4G16008.1
OG0019014	As012G277120	AT3G53410.1
OG0019016	As205G296980, As249G297460, As260G297520, As160G296680, As061G295250, As323G297920, As384G298060	ATCG00470.1
OG0019129	As001G006880	ATMG00640.1
OG0019130	As001G016370	AT1G31840.1
OG0019131	As001G019100	AT1G56555.1
OG0019132	As001G021400	AT1G61030.1
OG0019133	As001G031160	AT1G63710.1
OG0019134	As002G044350	AT5G52550.1
OG0019135	As002G046770	AT5G55040.1
OG0019136	As002G047090	AT5G55240.1
OG0019137	As002G052100	AT5G11140.1
OG0019138	As003G058070	AT4G19850.2
OG0019139	As003G059500	AT4G21480.1
OG0019140	As003G062660	AT1G33280.1
OG0019142	As003G064020	AT1G35830.1
OG0019143	As003G064070	AT1G35910.1
OG0019144	As003G064260	AT1G37130.1
OG0019145	As003G065540	AT1G47485.1
OG0019146	As003G073550	AT4G37310.1
OG0019147	As004G080600	AT4G08570.1
OG0019148	As004G082420	AT5G42700.1
OG0019149	As004G086560	AT5G44360.2
OG0019150	As004G087080	AT5G44690.1
OG0019151	As004G087720	AT5G45200.1
OG0019153	As004G092290	AT4G13180.1
OG0019155	As005G102270	AT2G44880.2
OG0019157	As005G106340	AT5G01680.1
OG0019160	As005G115160	AT5G59410.1
OG0019161	As006G127580	AT2G31082.1
OG0019162	As006G131930	AT2G26040.1
OG0019163	As006G133680	AT5G01970.1
OG0019164	As006G135890	AT3G02885.1
OG0019167	As006G143180	AT2G39850.1
OG0019168	As007G155360	AT1G18940.1
OG0019169	As007G157460	AT1G21520.1
OG0019171	As007G179920	AT2G22810.1
OG0019172	As007G181880	AT2G21185.1
OG0019173	As008G192610	AT1G07500.1
OG0019174	As008G199190	AT1G01820.1
OG0019176	As009G218940, As009G218950	AT5G62480.1
OG0019177	As010G224450, As010G224440	AT1G09260.1
OG0019178	As010G224470, As010G224460	AT3G46590.2
OG0019179	As010G226080	AT3G44590.1
OG0019180	As010G226170	AT3G44450.1
OG0019181	As010G227350	AT3G45130.2
OG0019182	As010G237220	AT1G76290.1
OG0019185	As010G244300	AT1G79970.1
OG0019186	As011G246800	AT3G14620.1
OG0019187	As011G246820	AT3G14700.1
OG0019188	As011G252480	AT3G20220.1
OG0019189	As011G267170	AT2G20500.1
OG0019190	As012G269600	AT1G53635.1
OG0019192	As012G289150	AT1G56170.1
OG0019305	As001G004020	AT4G31760.1
OG0019306	As001G006950	ATMG00180.1
OG0019306	As001G006940	AT2G07815.1
OG0019308	As001G017440	AT4G16980.1
OG0019309	As001G018670	AT1G54820.1
OG0019311	As002G043350	AT5G51390.1
OG0019312	As002G047730	AT5G55980.1
OG0019313	As002G048160, As002G054970, As002G054980	AT5G07850.1
OG0019314	As002G053980	AT5G09290.1
OG0019316	As003G063930	AT1G35625.1, AT1G35630.1
OG0019320	As004G077600	AT5G38150.1
OG0019322	As004G089340	AT2G07689.1
OG0019323	As004G096310	AT4G15248.1
OG0019324	As004G097990	AT5G41400.1
OG0019325	As005G099360	AT2G47520.1
OG0019326	As005G100730	AT2G46390.1
OG0019327	As005G105150	AT2G42140.1
OG0019328	As006G128810	AT2G29525.1
OG0019329	As006G132000	AT2G25900.1
OG0019330	As006G134670	AT5G55507.1
OG0019332	As006G141450	AT3G07710.1
OG0019333	As007G154890	AT1G18485.1
OG0019334	As007G156210	AT1G20030.2
OG0019335	As007G179510	AT2G23445.1
OG0019336	As007G181330, As007G181670	ATMG01360.1
OG0019337	As008G196460	AT1G04150.1
OG0019338	As009G205720	AT5G27020.1
OG0019339	As009G206870	AT5G27110.1
OG0019340	As010G223530	AT3G47600.1
OG0019343	As010G244120	AT1G80133.1
OG0019344	As011G246330	AT3G14225.1
OG0019345	As011G255160, As011G255170	AT3G23190.1
OG0019347	As011G264990	AT2G18060.1
OG0019348	As012G269370	AT1G53880.1
OG0019349	As012G269890	AT1G53230.1
OG0019350	As012G288430	AT3G62610.1
OG0019447	As001G002590	AT4G30540.1
OG0019450	As001G018620	AT1G54730.2
OG0019451	As001G018740	AT1G54930.2
OG0019452	As001G021840	AT1G61680.1
OG0019453	As001G028000	AT3G29970.1
OG0019454	As001G028080	AT5G38860.1
OG0019456	As002G043560	AT5G51640.1
OG0019457	As002G054650	AT5G08250.2
OG0019459	As003G071380, As003G071300	AT1G30780.1
OG0019461	As004G092670	AT4G12710.1
OG0019462	As005G099430	AT2G47480.1
OG0019464	As005G113220	AT5G22240.1
OG0019465	As005G116520	AT5G43935.1
OG0019466	As006G124010	AT4G03230.1
OG0019467	As006G134690	AT4G26660.1
OG0019468	As006G139960	AT1G68050.1
OG0019469	As006G140730	AT3G07040.1
OG0019470	As006G144510	AT2G35950.2
OG0019471	As006G148710	AT4G26485.1
OG0019472	As007G181200, As007G181500	ATMG00160.1
OG0019473	As008G185950	AT1G11540.2
OG0019474	As009G206790	AT5G27200.1
OG0019477	As010G221770	AT3G49470.2
OG0019478	As010G225140	AT3G45630.1
OG0019479	As010G225160	AT3G45610.1
OG0019480	As010G226270	AT3G44326.1
OG0019481	As010G240290	AT1G73330.1
OG0019482	As010G240670	AT1G73066.1
OG0019483	As010G244210	AT1G80060.1
OG0019484	As011G246830	AT3G14710.1
OG0019485	As011G249630	AT1G48325.1
OG0019486	As011G261550	AT2G05810.1
OG0019487	As011G261880	AT2G10950.1
OG0019490	As011G265840	AT2G19120.1
OG0019491	As012G267670	AT1G54360.6
OG0019494	As012G273440	AT1G49160.5
OG0019495	As012G288900	AT2G48075.1
OG0019618	As001G017120	AT1G32610.1
OG0019619	As001G019240	AT1G57560.1
OG0019620	As002G035140	AT3G09990.1
OG0019621	As002G043690	AT5G51790.3
OG0019622	As002G049640	AT5G57970.1
OG0019623	As002G050030	AT4G06598.1
OG0019624	As002G052720, As002G052680, As002G052710	AT5G65550.1
OG0019625	As003G073670	AT4G37435.1
OG0019626	As003G076010	AT4G38880.1
OG0019627	As004G077740	AT5G38400.1
OG0019628	As004G089500	AT5G46873.1, AT5G46877.1
OG0019629	As005G117440	AT5G09610.1
OG0019630	As006G122210	AT4G00870.1
OG0019632	As006G131520	AT2G26520.1
OG0019633	As007G154940	AT1G18530.1
OG0019634	As007G179730	AT2G23110.1
OG0019635	As008G187060	AT5G54070.1
OG0019638	As010G221510	AT3G49730.1
OG0019639	As010G225930	AT5G35210.1
OG0019642	As010G234900	AT1G72060.1
OG0019645	As011G247970	AT3G15770.1
OG0019649	As012G267790	AT1G56150.1
OG0019650	As012G274090	AT1G48000.1
OG0019651	As012G276060	AT3G52525.1
OG0019652	As012G285120	AT3G58990.1
OG0019653	As012G289370	AT3G63450.3
OG0019776	As001G018500	AT1G54575.2
OG0019777	As001G018630	AT1G54740.1
OG0019778	As001G025740	AT1G28306.1, AT1G28305.1
OG0019782	As003G059130	AT4G21230.1
OG0019784	As003G076260	AT4G38560.2
OG0019785	As004G078970	AT5G46820.1, AT5G46810.1
OG0019786	As004G087570	AT1G33920.1
OG0019788	As004G093770	AT4G13240.1
OG0019789	As005G101440, As005G101460, As005G101450	AT2G45630.2, AT5G28310.1
OG0019790	As005G102720, As005G102700	AT2G44480.3
OG0019795	As008G194190	AT1G06000.1
OG0019797	As010G225900	AT3G44830.1
OG0019798	As010G239650	AT1G73870.1
OG0019799	As010G241370	AT1G72410.1
OG0019800	As011G247720	AT1G52857.1
OG0019801	As011G255550	AT3G23635.1
OG0019802	As011G256200	AT3G24065.1, AT3G24068.1
OG0019803	As011G259550	AT3G46920.2
OG0019804	As012G285980	AT3G60030.1
OG0019930	As419G298090, As289G297800, As160G296630, As001G011540, As240G297410, As205G296940	ATCG00710.1
OG0019933	As001G030770	AT1G64170.1
OG0019934	As002G039950	AT5G49800.1
OG0019937	As002G046510	AT5G54740.1
OG0019938	As002G047810, As002G048140	AT5G56400.1
OG0019941	As004G077450	AT5G37840.1
OG0019943	As004G083360	AT4G10060.1
OG0019944	As004G083740	AT4G10470.1
OG0019946	As004G085130	AT4G12350.1
OG0019947	As004G086840, As004G086900	AT5G44575.1
OG0019948	As004G094070	AT4G13395.1
OG0019949	As004G098530	AT4G35580.2
OG0019950	As005G099580	AT2G47340.1
OG0019951	As005G107560	AT5G02510.2
OG0019954	As006G134410	AT4G26930.1
OG0019955	As006G145570, As009G217220	AT2G37000.1
OG0019956	As007G153330	AT1G16905.1
OG0019957	As007G160260	AT1G27008.1
OG0019963	As010G243990	AT1G80230.1
OG0019964	As011G246670, As011G246620, As011G246590	AT3G14480.1
OG0020096	As001G024570, As007G161020	AT3G25570.1
OG0020097	As002G045990	AT5G54225.1
OG0020100	As003G063870	AT1G35560.1
OG0020101	As003G066420	AT1G47130.1
OG0020102	As004G077500	AT5G38050.1
OG0020103	As004G081780	AT2G33500.1
OG0020104	As004G082930	AT5G42170.1
OG0020105	As005G118020, As005G118040, As005G118050, As005G118080, As005G118070	AT5G64950.1
OG0020107	As006G133640	AT5G01015.1
OG0020108	As006G139370	AT3G05935.2
OG0020109	As006G146720	AT3G46860.1
OG0020111	As007G181230, As007G181540	AT2G07727.1, ATMG00220.1
OG0020114	As009G206700	AT3G12190.1
OG0020115	As009G212690	AT5G06010.1
OG0020116	As010G224790	AT3G46110.1
OG0020118	As011G253530	AT3G21390.2
OG0020119	As012G287110	AT3G61120.1
OG0020269	As001G026370	AT3G27416.1
OG0020270	As001G027820	AT3G29330.2
OG0020272	As001G028810	AT1G66465.1
OG0020276	As002G040930	AT5G50010.1
OG0020278	As003G061050	AT4G23090.2
OG0020281	As004G097550	AT5G40710.1
OG0020284	As006G132810	AT3G18530.1, AT3G01450.1
OG0020285	As006G133900	AT5G01881.1
OG0020288	As007G158700	AT1G22680.1
OG0020290	As007G181240, As007G181560	AT2G07725.1, ATMG00210.1
OG0020292	As008G197930	AT1G02550.1
OG0020294	As008G199410	AT1G02030.1
OG0020295	As009G200240, As009G200230	AT5G14160.1
OG0020299	As010G224490	AT3G46570.1
OG0020300	As010G227280	AT3G42800.1
OG0020304	As011G260950	AT2G14695.1
OG0020305	As419G298070, As160G296650, As240G297390, As289G297780	ATCG00670.1
OG0020470	As001G022150	AT1G62210.1
OG0020471	As001G029420	AT1G65481.1
OG0020473	As002G041890	AT5G50250.1
OG0020478	As004G093980	AT4G13320.1
OG0020480	As005G098700	AT2G48000.1
OG0020483	As006G132100	AT2G25780.1
OG0020484	As006G135910	AT3G02900.2
OG0020489	As311G297880	ATCG00720.1
OG0020669	As001G018390	AT1G54510.1
OG0020671	As002G035050	AT3G09940.1
OG0020672	As002G049410	AT5G57750.1
OG0020674	As003G070770	AT2G30790.1
OG0020677	As006G140290	AT3G23245.1
OG0020683	As009G200950	AT5G15560.1
OG0020687	As010G235740	AT1G77682.1
OG0020884	As001G030370	AT1G64584.1
OG0020889	As004G085220	AT4G22463.1
OG0020895	As010G227290	AT3G42725.1
OG0021220	As003G065200	AT5G35490.1
OG0021221	As004G085450, As006G146100	AT2G15325.1
OG0021224	As005G100540	AT2G46493.1
OG0021233	As008G197380	AT1G03103.1
OG0021562	As001G006870	ATMG00650.1
OG0021569	As004G093050	AT4G12850.1
OG0021583	As009G213560	AT3G16930.1
OG0021590	As012G288150	AT3G62160.1
OG0022060	As001G006910	AT2G07641.1
OG0022696	As006G124280	AT5G44270.1
OG0024916	As004G089770	AT5G20447.1
OG0024922	As005G099970	AT4G09965.1
OG0024926	As005G113500	AT3G44695.1
